horodate_locale;puissance_W;couverture;origine
2025-01-01 00:00:00+01:00;4672,000;1,000;MESURE
2025-01-01 01:00:00+01:00;4776,000;1,000;MESURE
2025-01-01 02:00:00+01:00;4751,000;1,000;MESURE
2025-01-01 03:00:00+01:00;4768,000;1,000;MESURE
2025-01-01 04:00:00+01:00;4769,000;1,000;MESURE
2025-01-01 05:00:00+01:00;5223,000;1,000;MESURE
2025-01-01 06:00:00+01:00;5207,000;1,000;MESURE
2025-01-01 07:00:00+01:00;5147,000;1,000;MESURE
2025-01-01 08:00:00+01:00;0,000;1,000;MESURE
2025-01-01 09:00:00+01:00;0,000;1,000;MESURE
2025-01-01 10:00:00+01:00;0,000;1,000;MESURE
2025-01-01 11:00:00+01:00;0,000;1,000;MESURE
2025-01-01 12:00:00+01:00;0,000;1,000;MESURE
2025-01-01 13:00:00+01:00;0,000;1,000;MESURE
2025-01-01 14:00:00+01:00;0,000;1,000;MESURE
2025-01-01 15:00:00+01:00;4694,000;1,000;MESURE
2025-01-01 16:00:00+01:00;5093,000;1,000;MESURE
2025-01-01 17:00:00+01:00;5099,000;1,000;MESURE
2025-01-01 18:00:00+01:00;5110,000;1,000;MESURE
2025-01-01 19:00:00+01:00;5155,000;1,000;MESURE
2025-01-01 20:00:00+01:00;4959,000;1,000;MESURE
2025-01-01 21:00:00+01:00;4699,000;1,000;MESURE
2025-01-01 22:00:00+01:00;4639,000;0,500;INTERP_COURTE
2025-01-01 23:00:00+01:00;4579,000;0,000;INTERP_COURTE
2025-01-02 00:00:00+01:00;4519,000;1,000;MESURE
2025-01-02 01:00:00+01:00;4494,000;1,000;MESURE
2025-01-02 02:00:00+01:00;4520,000;1,000;MESURE
2025-01-02 03:00:00+01:00;4535,000;1,000;MESURE
2025-01-02 04:00:00+01:00;4511,000;1,000;MESURE
2025-01-02 05:00:00+01:00;4961,000;1,000;MESURE
2025-01-02 06:00:00+01:00;5214,000;1,000;MESURE
2025-01-02 07:00:00+01:00;5169,000;1,000;MESURE
2025-01-02 08:00:00+01:00;0,000;1,000;MESURE
2025-01-02 09:00:00+01:00;0,000;1,000;MESURE
2025-01-02 10:00:00+01:00;0,000;1,000;MESURE
2025-01-02 11:00:00+01:00;0,000;1,000;MESURE
2025-01-02 12:00:00+01:00;0,000;1,000;MESURE
2025-01-02 13:00:00+01:00;0,000;1,000;MESURE
2025-01-02 14:00:00+01:00;0,000;1,000;MESURE
2025-01-02 15:00:00+01:00;0,000;1,000;MESURE
2025-01-02 16:00:00+01:00;2065,000;1,000;MESURE
2025-01-02 17:00:00+01:00;5059,000;1,000;MESURE
2025-01-02 18:00:00+01:00;5068,000;1,000;MESURE
2025-01-02 19:00:00+01:00;5100,000;1,000;MESURE
2025-01-02 20:00:00+01:00;5165,000;1,000;MESURE
2025-01-02 21:00:00+01:00;5247,000;1,000;MESURE
2025-01-02 22:00:00+01:00;4824,000;1,000;MESURE
2025-01-02 23:00:00+01:00;4790,000;1,000;MESURE
2025-01-03 00:00:00+01:00;4630,000;1,000;MESURE
2025-01-03 01:00:00+01:00;4660,000;1,000;MESURE
2025-01-03 02:00:00+01:00;4637,000;1,000;MESURE
2025-01-03 03:00:00+01:00;4673,000;1,000;MESURE
2025-01-03 04:00:00+01:00;4675,000;1,000;MESURE
2025-01-03 05:00:00+01:00;5115,000;1,000;MESURE
2025-01-03 06:00:00+01:00;5313,000;1,000;MESURE
2025-01-03 07:00:00+01:00;5199,000;1,000;MESURE
2025-01-03 08:00:00+01:00;0,000;1,000;MESURE
2025-01-03 09:00:00+01:00;0,000;1,000;MESURE
2025-01-03 10:00:00+01:00;0,000;1,000;MESURE
2025-01-03 11:00:00+01:00;0,000;1,000;MESURE
2025-01-03 12:00:00+01:00;0,000;1,000;MESURE
2025-01-03 13:00:00+01:00;0,000;1,000;MESURE
2025-01-03 14:00:00+01:00;0,000;1,000;MESURE
2025-01-03 15:00:00+01:00;0,000;1,000;MESURE
2025-01-03 16:00:00+01:00;2022,000;1,000;MESURE
2025-01-03 17:00:00+01:00;5185,000;1,000;MESURE
2025-01-03 18:00:00+01:00;5242,000;1,000;MESURE
2025-01-03 19:00:00+01:00;5254,000;1,000;MESURE
2025-01-03 20:00:00+01:00;5298,000;1,000;MESURE
2025-01-03 21:00:00+01:00;5229,000;1,000;MESURE
2025-01-03 22:00:00+01:00;4750,000;1,000;MESURE
2025-01-03 23:00:00+01:00;4705,000;1,000;MESURE
2025-01-04 00:00:00+01:00;4620,000;1,000;MESURE
2025-01-04 01:00:00+01:00;4651,000;1,000;MESURE
2025-01-04 02:00:00+01:00;4618,000;1,000;MESURE
2025-01-04 03:00:00+01:00;4608,000;1,000;MESURE
2025-01-04 04:00:00+01:00;4599,000;1,000;MESURE
2025-01-04 05:00:00+01:00;5053,000;1,000;MESURE
2025-01-04 06:00:00+01:00;5215,000;1,000;MESURE
2025-01-04 07:00:00+01:00;5241,000;1,000;MESURE
2025-01-04 08:00:00+01:00;0,000;1,000;MESURE
2025-01-04 09:00:00+01:00;0,000;1,000;MESURE
2025-01-04 10:00:00+01:00;0,000;1,000;MESURE
2025-01-04 11:00:00+01:00;0,000;1,000;MESURE
2025-01-04 12:00:00+01:00;0,000;1,000;MESURE
2025-01-04 13:00:00+01:00;0,000;1,000;MESURE
2025-01-04 14:00:00+01:00;0,000;1,000;MESURE
2025-01-04 15:00:00+01:00;0,000;1,000;MESURE
2025-01-04 16:00:00+01:00;1953,000;1,000;MESURE
2025-01-04 17:00:00+01:00;5210,000;1,000;MESURE
2025-01-04 18:00:00+01:00;5218,000;1,000;MESURE
2025-01-04 19:00:00+01:00;5232,000;1,000;MESURE
2025-01-04 20:00:00+01:00;5269,000;1,000;MESURE
2025-01-04 21:00:00+01:00;5203,000;1,000;MESURE
2025-01-04 22:00:00+01:00;4810,000;1,000;MESURE
2025-01-04 23:00:00+01:00;4808,000;1,000;MESURE
2025-01-05 00:00:00+01:00;4740,000;1,000;MESURE
2025-01-05 01:00:00+01:00;4717,000;1,000;MESURE
2025-01-05 02:00:00+01:00;4800,000;1,000;MESURE
2025-01-05 03:00:00+01:00;4770,000;1,000;MESURE
2025-01-05 04:00:00+01:00;4744,000;1,000;MESURE
2025-01-05 05:00:00+01:00;5228,000;1,000;MESURE
2025-01-05 06:00:00+01:00;5378,000;1,000;MESURE
2025-01-05 07:00:00+01:00;5333,000;1,000;MESURE
2025-01-05 08:00:00+01:00;0,000;1,000;MESURE
2025-01-05 09:00:00+01:00;0,000;1,000;MESURE
2025-01-05 10:00:00+01:00;0,000;1,000;MESURE
2025-01-05 11:00:00+01:00;0,000;1,000;MESURE
2025-01-05 12:00:00+01:00;0,000;1,000;MESURE
2025-01-05 13:00:00+01:00;0,000;1,000;MESURE
2025-01-05 14:00:00+01:00;0,000;1,000;MESURE
2025-01-05 15:00:00+01:00;0,000;1,000;MESURE
2025-01-05 16:00:00+01:00;1897,000;1,000;MESURE
2025-01-05 17:00:00+01:00;5278,000;1,000;MESURE
2025-01-05 18:00:00+01:00;5276,000;1,000;MESURE
2025-01-05 19:00:00+01:00;5309,000;1,000;MESURE
2025-01-05 20:00:00+01:00;5340,000;1,000;MESURE
2025-01-05 21:00:00+01:00;5377,000;1,000;MESURE
2025-01-05 22:00:00+01:00;4963,000;1,000;MESURE
2025-01-05 23:00:00+01:00;4903,000;1,000;MESURE
2025-01-06 00:00:00+01:00;4783,000;1,000;MESURE
2025-01-06 01:00:00+01:00;4785,000;1,000;MESURE
2025-01-06 02:00:00+01:00;4779,000;1,000;MESURE
2025-01-06 03:00:00+01:00;4810,000;1,000;MESURE
2025-01-06 04:00:00+01:00;4812,000;1,000;MESURE
2025-01-06 05:00:00+01:00;5229,000;1,000;MESURE
2025-01-06 06:00:00+01:00;5371,000;1,000;MESURE
2025-01-06 07:00:00+01:00;5306,000;1,000;MESURE
2025-01-06 08:00:00+01:00;0,000;1,000;MESURE
2025-01-06 09:00:00+01:00;0,000;1,000;MESURE
2025-01-06 10:00:00+01:00;0,000;1,000;MESURE
2025-01-06 11:00:00+01:00;0,000;1,000;MESURE
2025-01-06 12:00:00+01:00;0,000;1,000;MESURE
2025-01-06 13:00:00+01:00;0,000;1,000;MESURE
2025-01-06 14:00:00+01:00;0,000;1,000;MESURE
2025-01-06 15:00:00+01:00;0,000;1,000;MESURE
2025-01-06 16:00:00+01:00;1798,000;1,000;MESURE
2025-01-06 17:00:00+01:00;5293,000;1,000;MESURE
2025-01-06 18:00:00+01:00;5307,000;1,000;MESURE
2025-01-06 19:00:00+01:00;5334,000;1,000;MESURE
2025-01-06 20:00:00+01:00;5434,000;1,000;MESURE
2025-01-06 21:00:00+01:00;5514,000;1,000;MESURE
2025-01-06 22:00:00+01:00;5040,000;1,000;MESURE
2025-01-06 23:00:00+01:00;5003,000;1,000;MESURE
2025-01-07 00:00:00+01:00;4877,000;1,000;MESURE
2025-01-07 01:00:00+01:00;4962,000;1,000;MESURE
2025-01-07 02:00:00+01:00;4902,000;1,000;MESURE
2025-01-07 03:00:00+01:00;4934,000;1,000;MESURE
2025-01-07 04:00:00+01:00;4944,000;1,000;MESURE
2025-01-07 05:00:00+01:00;5350,000;1,000;MESURE
2025-01-07 06:00:00+01:00;5493,000;1,000;MESURE
2025-01-07 07:00:00+01:00;5367,000;1,000;MESURE
2025-01-07 08:00:00+01:00;0,000;1,000;MESURE
2025-01-07 09:00:00+01:00;0,000;1,000;MESURE
2025-01-07 10:00:00+01:00;0,000;1,000;MESURE
2025-01-07 11:00:00+01:00;0,000;1,000;MESURE
2025-01-07 12:00:00+01:00;0,000;1,000;MESURE
2025-01-07 13:00:00+01:00;0,000;1,000;MESURE
2025-01-07 14:00:00+01:00;0,000;1,000;MESURE
2025-01-07 15:00:00+01:00;0,000;1,000;MESURE
2025-01-07 16:00:00+01:00;1718,000;1,000;MESURE
2025-01-07 17:00:00+01:00;5421,000;1,000;MESURE
2025-01-07 18:00:00+01:00;5458,000;1,000;MESURE
2025-01-07 19:00:00+01:00;5462,000;1,000;MESURE
2025-01-07 20:00:00+01:00;5456,000;1,000;MESURE
2025-01-07 21:00:00+01:00;5415,000;1,000;MESURE
2025-01-07 22:00:00+01:00;5055,000;1,000;MESURE
2025-01-07 23:00:00+01:00;5016,000;1,000;MESURE
2025-01-08 00:00:00+01:00;4892,000;1,000;MESURE
2025-01-08 01:00:00+01:00;4875,000;1,000;MESURE
2025-01-08 02:00:00+01:00;4847,000;1,000;MESURE
2025-01-08 03:00:00+01:00;4866,000;1,000;MESURE
2025-01-08 04:00:00+01:00;4876,000;1,000;MESURE
2025-01-08 05:00:00+01:00;5330,000;1,000;MESURE
2025-01-08 06:00:00+01:00;5482,000;1,000;MESURE
2025-01-08 07:00:00+01:00;5412,000;1,000;MESURE
2025-01-08 08:00:00+01:00;0,000;1,000;MESURE
2025-01-08 09:00:00+01:00;0,000;1,000;MESURE
2025-01-08 10:00:00+01:00;0,000;1,000;MESURE
2025-01-08 11:00:00+01:00;0,000;1,000;MESURE
2025-01-08 12:00:00+01:00;0,000;1,000;MESURE
2025-01-08 13:00:00+01:00;0,000;1,000;MESURE
2025-01-08 14:00:00+01:00;0,000;1,000;MESURE
2025-01-08 15:00:00+01:00;0,000;1,000;MESURE
2025-01-08 16:00:00+01:00;1664,000;1,000;MESURE
2025-01-08 17:00:00+01:00;5419,000;1,000;MESURE
2025-01-08 18:00:00+01:00;5475,000;1,000;MESURE
2025-01-08 19:00:00+01:00;5470,000;1,000;MESURE
2025-01-08 20:00:00+01:00;5483,000;1,000;MESURE
2025-01-08 21:00:00+01:00;5454,000;1,000;MESURE
2025-01-08 22:00:00+01:00;5031,000;1,000;MESURE
2025-01-08 23:00:00+01:00;5049,000;1,000;MESURE
2025-01-09 00:00:00+01:00;4925,000;1,000;MESURE
2025-01-09 01:00:00+01:00;4923,000;1,000;MESURE
2025-01-09 02:00:00+01:00;4974,000;1,000;MESURE
2025-01-09 03:00:00+01:00;4940,000;1,000;MESURE
2025-01-09 04:00:00+01:00;4908,000;1,000;MESURE
2025-01-09 05:00:00+01:00;5381,000;1,000;MESURE
2025-01-09 06:00:00+01:00;5552,000;1,000;MESURE
2025-01-09 07:00:00+01:00;5379,000;1,000;MESURE
2025-01-09 08:00:00+01:00;0,000;1,000;MESURE
2025-01-09 09:00:00+01:00;0,000;1,000;MESURE
2025-01-09 10:00:00+01:00;0,000;1,000;MESURE
2025-01-09 11:00:00+01:00;0,000;1,000;MESURE
2025-01-09 12:00:00+01:00;0,000;1,000;MESURE
2025-01-09 13:00:00+01:00;0,000;1,000;MESURE
2025-01-09 14:00:00+01:00;0,000;1,000;MESURE
2025-01-09 15:00:00+01:00;0,000;1,000;MESURE
2025-01-09 16:00:00+01:00;1499,000;1,000;MESURE
2025-01-09 17:00:00+01:00;5488,000;1,000;MESURE
2025-01-09 18:00:00+01:00;5574,000;1,000;MESURE
2025-01-09 19:00:00+01:00;5555,000;1,000;MESURE
2025-01-09 20:00:00+01:00;5539,000;1,000;MESURE
2025-01-09 21:00:00+01:00;5573,000;1,000;MESURE
2025-01-09 22:00:00+01:00;5149,000;1,000;MESURE
2025-01-09 23:00:00+01:00;5111,000;1,000;MESURE
2025-01-10 00:00:00+01:00;5039,000;1,000;MESURE
2025-01-10 01:00:00+01:00;5005,000;1,000;MESURE
2025-01-10 02:00:00+01:00;4987,000;1,000;MESURE
2025-01-10 03:00:00+01:00;5018,000;1,000;MESURE
2025-01-10 04:00:00+01:00;5008,000;1,000;MESURE
2025-01-10 05:00:00+01:00;5444,000;1,000;MESURE
2025-01-10 06:00:00+01:00;5594,000;1,000;MESURE
2025-01-10 07:00:00+01:00;5485,000;1,000;MESURE
2025-01-10 08:00:00+01:00;0,000;1,000;MESURE
2025-01-10 09:00:00+01:00;0,000;1,000;MESURE
2025-01-10 10:00:00+01:00;0,000;1,000;MESURE
2025-01-10 11:00:00+01:00;0,000;1,000;MESURE
2025-01-10 12:00:00+01:00;0,000;1,000;MESURE
2025-01-10 13:00:00+01:00;0,000;1,000;MESURE
2025-01-10 14:00:00+01:00;0,000;1,000;MESURE
2025-01-10 15:00:00+01:00;0,000;1,000;MESURE
2025-01-10 16:00:00+01:00;1409,000;1,000;MESURE
2025-01-10 17:00:00+01:00;5530,000;1,000;MESURE
2025-01-10 18:00:00+01:00;5561,000;1,000;MESURE
2025-01-10 19:00:00+01:00;5552,000;1,000;MESURE
2025-01-10 20:00:00+01:00;5536,000;1,000;MESURE
2025-01-10 21:00:00+01:00;5590,000;1,000;MESURE
2025-01-10 22:00:00+01:00;5135,000;1,000;MESURE
2025-01-10 23:00:00+01:00;5097,000;1,000;MESURE
2025-01-11 00:00:00+01:00;4996,000;1,000;MESURE
2025-01-11 01:00:00+01:00;5025,000;1,000;MESURE
2025-01-11 02:00:00+01:00;5015,000;1,000;MESURE
2025-01-11 03:00:00+01:00;5050,000;1,000;MESURE
2025-01-11 04:00:00+01:00;5086,000;1,000;MESURE
2025-01-11 05:00:00+01:00;5490,000;1,000;MESURE
2025-01-11 06:00:00+01:00;5658,000;1,000;MESURE
2025-01-11 07:00:00+01:00;5475,000;1,000;MESURE
2025-01-11 08:00:00+01:00;0,000;1,000;MESURE
2025-01-11 09:00:00+01:00;0,000;1,000;MESURE
2025-01-11 10:00:00+01:00;0,000;1,000;MESURE
2025-01-11 11:00:00+01:00;0,000;1,000;MESURE
2025-01-11 12:00:00+01:00;0,000;1,000;MESURE
2025-01-11 13:00:00+01:00;0,000;1,000;MESURE
2025-01-11 14:00:00+01:00;0,000;1,000;MESURE
2025-01-11 15:00:00+01:00;0,000;1,000;MESURE
2025-01-11 16:00:00+01:00;1334,000;1,000;MESURE
2025-01-11 17:00:00+01:00;5515,000;1,000;MESURE
2025-01-11 18:00:00+01:00;5457,000;1,000;MESURE
2025-01-11 19:00:00+01:00;5585,000;1,000;MESURE
2025-01-11 20:00:00+01:00;5505,000;1,000;MESURE
2025-01-11 21:00:00+01:00;5518,000;1,000;MESURE
2025-01-11 22:00:00+01:00;5079,000;1,000;MESURE
2025-01-11 23:00:00+01:00;5043,000;1,000;MESURE
2025-01-12 00:00:00+01:00;4960,000;1,000;MESURE
2025-01-12 01:00:00+01:00;4966,000;1,000;MESURE
2025-01-12 02:00:00+01:00;4932,000;1,000;MESURE
2025-01-12 03:00:00+01:00;4961,000;1,000;MESURE
2025-01-12 04:00:00+01:00;4953,000;1,000;MESURE
2025-01-12 05:00:00+01:00;5405,000;1,000;MESURE
2025-01-12 06:00:00+01:00;5534,000;1,000;MESURE
2025-01-12 07:00:00+01:00;5356,000;1,000;MESURE
2025-01-12 08:00:00+01:00;0,000;1,000;MESURE
2025-01-12 09:00:00+01:00;0,000;1,000;MESURE
2025-01-12 10:00:00+01:00;0,000;1,000;MESURE
2025-01-12 11:00:00+01:00;0,000;1,000;MESURE
2025-01-12 12:00:00+01:00;0,000;1,000;MESURE
2025-01-12 13:00:00+01:00;0,000;1,000;MESURE
2025-01-12 14:00:00+01:00;0,000;1,000;MESURE
2025-01-12 15:00:00+01:00;0,000;1,000;MESURE
2025-01-12 16:00:00+01:00;1217,000;1,000;MESURE
2025-01-12 17:00:00+01:00;5471,000;1,000;MESURE
2025-01-12 18:00:00+01:00;5479,000;1,000;MESURE
2025-01-12 19:00:00+01:00;5485,000;1,000;MESURE
2025-01-12 20:00:00+01:00;5505,000;1,000;MESURE
2025-01-12 21:00:00+01:00;5545,000;1,000;MESURE
2025-01-12 22:00:00+01:00;4967,000;1,000;MESURE
2025-01-12 23:00:00+01:00;5052,000;1,000;MESURE
2025-01-13 00:00:00+01:00;4835,000;1,000;MESURE
2025-01-13 01:00:00+01:00;4843,000;1,000;MESURE
2025-01-13 02:00:00+01:00;4848,000;1,000;MESURE
2025-01-13 03:00:00+01:00;4836,000;1,000;MESURE
2025-01-13 04:00:00+01:00;4818,000;1,000;MESURE
2025-01-13 05:00:00+01:00;5258,000;1,000;MESURE
2025-01-13 06:00:00+01:00;5437,000;1,000;MESURE
2025-01-13 07:00:00+01:00;5279,000;1,000;MESURE
2025-01-13 08:00:00+01:00;0,000;1,000;MESURE
2025-01-13 09:00:00+01:00;0,000;1,000;MESURE
2025-01-13 10:00:00+01:00;0,000;1,000;MESURE
2025-01-13 11:00:00+01:00;0,000;1,000;MESURE
2025-01-13 12:00:00+01:00;0,000;1,000;MESURE
2025-01-13 13:00:00+01:00;0,000;1,000;MESURE
2025-01-13 14:00:00+01:00;0,000;1,000;MESURE
2025-01-13 15:00:00+01:00;0,000;1,000;MESURE
2025-01-13 16:00:00+01:00;1106,000;1,000;MESURE
2025-01-13 17:00:00+01:00;5307,000;1,000;MESURE
2025-01-13 18:00:00+01:00;5290,000;1,000;MESURE
2025-01-13 19:00:00+01:00;5294,000;1,000;MESURE
2025-01-13 20:00:00+01:00;5362,000;1,000;MESURE
2025-01-13 21:00:00+01:00;5380,000;1,000;MESURE
2025-01-13 22:00:00+01:00;4954,000;1,000;MESURE
2025-01-13 23:00:00+01:00;4899,000;1,000;MESURE
2025-01-14 00:00:00+01:00;4803,000;1,000;MESURE
2025-01-14 01:00:00+01:00;4814,000;1,000;MESURE
2025-01-14 02:00:00+01:00;4787,000;1,000;MESURE
2025-01-14 03:00:00+01:00;4811,000;1,000;MESURE
2025-01-14 04:00:00+01:00;4830,000;1,000;MESURE
2025-01-14 05:00:00+01:00;5257,000;1,000;MESURE
2025-01-14 06:00:00+01:00;5343,000;1,000;MESURE
2025-01-14 07:00:00+01:00;5058,000;1,000;MESURE
2025-01-14 08:00:00+01:00;0,000;1,000;MESURE
2025-01-14 09:00:00+01:00;0,000;1,000;MESURE
2025-01-14 10:00:00+01:00;0,000;1,000;MESURE
2025-01-14 11:00:00+01:00;0,000;1,000;MESURE
2025-01-14 12:00:00+01:00;0,000;1,000;MESURE
2025-01-14 13:00:00+01:00;0,000;1,000;MESURE
2025-01-14 14:00:00+01:00;0,000;1,000;MESURE
2025-01-14 15:00:00+01:00;0,000;1,000;MESURE
2025-01-14 16:00:00+01:00;975,000;1,000;MESURE
2025-01-14 17:00:00+01:00;5088,000;1,000;MESURE
2025-01-14 18:00:00+01:00;5133,000;1,000;MESURE
2025-01-14 19:00:00+01:00;5202,000;1,000;MESURE
2025-01-14 20:00:00+01:00;5219,000;1,000;MESURE
2025-01-14 21:00:00+01:00;5166,000;1,000;MESURE
2025-01-14 22:00:00+01:00;4721,000;1,000;MESURE
2025-01-14 23:00:00+01:00;4684,000;1,000;MESURE
2025-01-15 00:00:00+01:00;4714,000;1,000;MESURE
2025-01-15 01:00:00+01:00;4716,000;1,000;MESURE
2025-01-15 02:00:00+01:00;4696,000;1,000;MESURE
2025-01-15 03:00:00+01:00;4717,000;1,000;MESURE
2025-01-15 04:00:00+01:00;4718,000;1,000;MESURE
2025-01-15 05:00:00+01:00;5154,000;1,000;MESURE
2025-01-15 06:00:00+01:00;5136,000;1,000;MESURE
2025-01-15 07:00:00+01:00;4885,000;1,000;MESURE
2025-01-15 08:00:00+01:00;0,000;1,000;MESURE
2025-01-15 09:00:00+01:00;0,000;1,000;MESURE
2025-01-15 10:00:00+01:00;0,000;1,000;MESURE
2025-01-15 11:00:00+01:00;0,000;1,000;MESURE
2025-01-15 12:00:00+01:00;0,000;1,000;MESURE
2025-01-15 13:00:00+01:00;0,000;1,000;MESURE
2025-01-15 14:00:00+01:00;0,000;1,000;MESURE
2025-01-15 15:00:00+01:00;0,000;1,000;MESURE
2025-01-15 16:00:00+01:00;798,000;1,000;MESURE
2025-01-15 17:00:00+01:00;5064,000;1,000;MESURE
2025-01-15 18:00:00+01:00;5054,000;1,000;MESURE
2025-01-15 19:00:00+01:00;5191,000;1,000;MESURE
2025-01-15 20:00:00+01:00;5100,000;1,000;MESURE
2025-01-15 21:00:00+01:00;5126,000;1,000;MESURE
2025-01-15 22:00:00+01:00;4674,000;1,000;MESURE
2025-01-15 23:00:00+01:00;4621,000;1,000;MESURE
2025-01-16 00:00:00+01:00;4646,000;1,000;MESURE
2025-01-16 01:00:00+01:00;4653,000;1,000;MESURE
2025-01-16 02:00:00+01:00;4751,000;1,000;MESURE
2025-01-16 03:00:00+01:00;4654,000;1,000;MESURE
2025-01-16 04:00:00+01:00;4666,000;1,000;MESURE
2025-01-16 05:00:00+01:00;5109,000;1,000;MESURE
2025-01-16 06:00:00+01:00;5132,000;1,000;MESURE
2025-01-16 07:00:00+01:00;4713,000;1,000;MESURE
2025-01-16 08:00:00+01:00;0,000;1,000;MESURE
2025-01-16 09:00:00+01:00;0,000;1,000;MESURE
2025-01-16 10:00:00+01:00;0,000;1,000;MESURE
2025-01-16 11:00:00+01:00;0,000;1,000;MESURE
2025-01-16 12:00:00+01:00;0,000;1,000;MESURE
2025-01-16 13:00:00+01:00;0,000;1,000;MESURE
2025-01-16 14:00:00+01:00;0,000;1,000;MESURE
2025-01-16 15:00:00+01:00;0,000;1,000;MESURE
2025-01-16 16:00:00+01:00;713,000;1,000;MESURE
2025-01-16 17:00:00+01:00;5023,000;1,000;MESURE
2025-01-16 18:00:00+01:00;5027,000;1,000;MESURE
2025-01-16 19:00:00+01:00;5031,000;1,000;MESURE
2025-01-16 20:00:00+01:00;5069,000;1,000;MESURE
2025-01-16 21:00:00+01:00;5114,000;1,000;MESURE
2025-01-16 22:00:00+01:00;4693,000;1,000;MESURE
2025-01-16 23:00:00+01:00;4631,000;1,000;MESURE
2025-01-17 00:00:00+01:00;4693,000;1,000;MESURE
2025-01-17 01:00:00+01:00;4653,000;1,000;MESURE
2025-01-17 02:00:00+01:00;4647,000;1,000;MESURE
2025-01-17 03:00:00+01:00;4668,000;1,000;MESURE
2025-01-17 04:00:00+01:00;4660,000;1,000;MESURE
2025-01-17 05:00:00+01:00;5078,000;1,000;MESURE
2025-01-17 06:00:00+01:00;5087,000;1,000;MESURE
2025-01-17 07:00:00+01:00;4656,000;1,000;MESURE
2025-01-17 08:00:00+01:00;0,000;1,000;MESURE
2025-01-17 09:00:00+01:00;0,000;1,000;MESURE
2025-01-17 10:00:00+01:00;0,000;1,000;MESURE
2025-01-17 11:00:00+01:00;0,000;1,000;MESURE
2025-01-17 12:00:00+01:00;0,000;1,000;MESURE
2025-01-17 13:00:00+01:00;0,000;1,000;MESURE
2025-01-17 14:00:00+01:00;0,000;1,000;MESURE
2025-01-17 15:00:00+01:00;0,000;1,000;MESURE
2025-01-17 16:00:00+01:00;621,000;1,000;MESURE
2025-01-17 17:00:00+01:00;5024,000;1,000;MESURE
2025-01-17 18:00:00+01:00;5089,000;1,000;MESURE
2025-01-17 19:00:00+01:00;5111,000;1,000;MESURE
2025-01-17 20:00:00+01:00;5075,000;1,000;MESURE
2025-01-17 21:00:00+01:00;5067,000;1,000;MESURE
2025-01-17 22:00:00+01:00;4640,000;1,000;MESURE
2025-01-17 23:00:00+01:00;4606,000;1,000;MESURE
2025-01-18 00:00:00+01:00;4628,000;1,000;MESURE
2025-01-18 01:00:00+01:00;4650,000;1,000;MESURE
2025-01-18 02:00:00+01:00;4633,000;1,000;MESURE
2025-01-18 03:00:00+01:00;4634,000;1,000;MESURE
2025-01-18 04:00:00+01:00;4628,000;1,000;MESURE
2025-01-18 05:00:00+01:00;5096,000;1,000;MESURE
2025-01-18 06:00:00+01:00;5113,000;1,000;MESURE
2025-01-18 07:00:00+01:00;4642,000;1,000;MESURE
2025-01-18 08:00:00+01:00;0,000;1,000;MESURE
2025-01-18 09:00:00+01:00;0,000;1,000;MESURE
2025-01-18 10:00:00+01:00;0,000;1,000;MESURE
2025-01-18 11:00:00+01:00;0,000;1,000;MESURE
2025-01-18 12:00:00+01:00;0,000;1,000;MESURE
2025-01-18 13:00:00+01:00;0,000;1,000;MESURE
2025-01-18 14:00:00+01:00;0,000;1,000;MESURE
2025-01-18 15:00:00+01:00;0,000;1,000;MESURE
2025-01-18 16:00:00+01:00;438,000;1,000;MESURE
2025-01-18 17:00:00+01:00;4956,000;1,000;MESURE
2025-01-18 18:00:00+01:00;5075,000;1,000;MESURE
2025-01-18 19:00:00+01:00;5093,000;1,000;MESURE
2025-01-18 20:00:00+01:00;5044,000;1,000;MESURE
2025-01-18 21:00:00+01:00;5041,000;1,000;MESURE
2025-01-18 22:00:00+01:00;4602,000;1,000;MESURE
2025-01-18 23:00:00+01:00;4578,000;1,000;MESURE
2025-01-19 00:00:00+01:00;4628,000;1,000;MESURE
2025-01-19 01:00:00+01:00;4637,000;1,000;MESURE
2025-01-19 02:00:00+01:00;4605,000;1,000;MESURE
2025-01-19 03:00:00+01:00;4615,000;1,000;MESURE
2025-01-19 04:00:00+01:00;4590,000;1,000;MESURE
2025-01-19 05:00:00+01:00;5037,000;1,000;MESURE
2025-01-19 06:00:00+01:00;5024,000;1,000;MESURE
2025-01-19 07:00:00+01:00;4501,000;1,000;MESURE
2025-01-19 08:00:00+01:00;0,000;1,000;MESURE
2025-01-19 09:00:00+01:00;0,000;1,000;MESURE
2025-01-19 10:00:00+01:00;0,000;1,000;MESURE
2025-01-19 11:00:00+01:00;0,000;1,000;MESURE
2025-01-19 12:00:00+01:00;0,000;1,000;MESURE
2025-01-19 13:00:00+01:00;0,000;1,000;MESURE
2025-01-19 14:00:00+01:00;0,000;1,000;MESURE
2025-01-19 15:00:00+01:00;0,000;1,000;MESURE
2025-01-19 16:00:00+01:00;371,000;1,000;MESURE
2025-01-19 17:00:00+01:00;4980,000;1,000;MESURE
2025-01-19 18:00:00+01:00;5044,000;1,000;MESURE
2025-01-19 19:00:00+01:00;5058,000;1,000;MESURE
2025-01-19 20:00:00+01:00;5089,000;1,000;MESURE
2025-01-19 21:00:00+01:00;4997,000;1,000;MESURE
2025-01-19 22:00:00+01:00;4570,000;1,000;MESURE
2025-01-19 23:00:00+01:00;4573,000;1,000;MESURE
2025-01-20 00:00:00+01:00;4564,000;1,000;MESURE
2025-01-20 01:00:00+01:00;4530,000;1,000;MESURE
2025-01-20 02:00:00+01:00;4522,000;1,000;MESURE
2025-01-20 03:00:00+01:00;4546,000;1,000;MESURE
2025-01-20 04:00:00+01:00;4546,000;1,000;MESURE
2025-01-20 05:00:00+01:00;4986,000;1,000;MESURE
2025-01-20 06:00:00+01:00;5079,000;1,000;MESURE
2025-01-20 07:00:00+01:00;4448,000;1,000;MESURE
2025-01-20 08:00:00+01:00;0,000;1,000;MESURE
2025-01-20 09:00:00+01:00;0,000;1,000;MESURE
2025-01-20 10:00:00+01:00;0,000;1,000;MESURE
2025-01-20 11:00:00+01:00;0,000;1,000;MESURE
2025-01-20 12:00:00+01:00;0,000;1,000;MESURE
2025-01-20 13:00:00+01:00;0,000;1,000;MESURE
2025-01-20 14:00:00+01:00;0,000;1,000;MESURE
2025-01-20 15:00:00+01:00;0,000;1,000;MESURE
2025-01-20 16:00:00+01:00;277,000;1,000;MESURE
2025-01-20 17:00:00+01:00;4939,000;1,000;MESURE
2025-01-20 18:00:00+01:00;4994,000;1,000;MESURE
2025-01-20 19:00:00+01:00;5011,000;1,000;MESURE
2025-01-20 20:00:00+01:00;5028,000;1,000;MESURE
2025-01-20 21:00:00+01:00;4979,000;1,000;MESURE
2025-01-20 22:00:00+01:00;4566,000;1,000;MESURE
2025-01-20 23:00:00+01:00;4552,000;1,000;MESURE
2025-01-21 00:00:00+01:00;4571,000;1,000;MESURE
2025-01-21 01:00:00+01:00;4579,000;1,000;MESURE
2025-01-21 02:00:00+01:00;4519,000;1,000;MESURE
2025-01-21 03:00:00+01:00;4537,000;1,000;MESURE
2025-01-21 04:00:00+01:00;4548,000;1,000;MESURE
2025-01-21 05:00:00+01:00;4978,000;1,000;MESURE
2025-01-21 06:00:00+01:00;5018,000;1,000;MESURE
2025-01-21 07:00:00+01:00;4320,000;1,000;MESURE
2025-01-21 08:00:00+01:00;0,000;1,000;MESURE
2025-01-21 09:00:00+01:00;0,000;1,000;MESURE
2025-01-21 10:00:00+01:00;0,000;1,000;MESURE
2025-01-21 11:00:00+01:00;0,000;1,000;MESURE
2025-01-21 12:00:00+01:00;0,000;1,000;MESURE
2025-01-21 13:00:00+01:00;0,000;1,000;MESURE
2025-01-21 14:00:00+01:00;0,000;1,000;MESURE
2025-01-21 15:00:00+01:00;0,000;1,000;MESURE
2025-01-21 16:00:00+01:00;120,000;1,000;MESURE
2025-01-21 17:00:00+01:00;4935,000;1,000;MESURE
2025-01-21 18:00:00+01:00;4965,000;1,000;MESURE
2025-01-21 19:00:00+01:00;4985,000;1,000;MESURE
2025-01-21 20:00:00+01:00;5007,000;1,000;MESURE
2025-01-21 21:00:00+01:00;4970,000;1,000;MESURE
2025-01-21 22:00:00+01:00;4499,000;1,000;MESURE
2025-01-21 23:00:00+01:00;4561,000;1,000;MESURE
2025-01-22 00:00:00+01:00;4500,000;1,000;MESURE
2025-01-22 01:00:00+01:00;4483,000;1,000;MESURE
2025-01-22 02:00:00+01:00;4543,000;1,000;MESURE
2025-01-22 03:00:00+01:00;4505,000;1,000;MESURE
2025-01-22 04:00:00+01:00;4525,000;1,000;MESURE
2025-01-22 05:00:00+01:00;4969,000;1,000;MESURE
2025-01-22 06:00:00+01:00;4958,000;1,000;MESURE
2025-01-22 07:00:00+01:00;4233,000;1,000;MESURE
2025-01-22 08:00:00+01:00;0,000;1,000;MESURE
2025-01-22 09:00:00+01:00;0,000;1,000;MESURE
2025-01-22 10:00:00+01:00;0,000;1,000;MESURE
2025-01-22 11:00:00+01:00;0,000;1,000;MESURE
2025-01-22 12:00:00+01:00;0,000;1,000;MESURE
2025-01-22 13:00:00+01:00;0,000;1,000;MESURE
2025-01-22 14:00:00+01:00;0,000;1,000;MESURE
2025-01-22 15:00:00+01:00;0,000;1,000;MESURE
2025-01-22 16:00:00+01:00;35,000;1,000;MESURE
2025-01-22 17:00:00+01:00;4899,000;1,000;MESURE
2025-01-22 18:00:00+01:00;4979,000;1,000;MESURE
2025-01-22 19:00:00+01:00;4994,000;1,000;MESURE
2025-01-22 20:00:00+01:00;4935,000;1,000;MESURE
2025-01-22 21:00:00+01:00;4954,000;1,000;MESURE
2025-01-22 22:00:00+01:00;4533,000;1,000;MESURE
2025-01-22 23:00:00+01:00;4497,000;1,000;MESURE
2025-01-23 00:00:00+01:00;4536,000;1,000;MESURE
2025-01-23 01:00:00+01:00;4540,000;1,000;MESURE
2025-01-23 02:00:00+01:00;4533,000;1,000;MESURE
2025-01-23 03:00:00+01:00;4564,000;1,000;MESURE
2025-01-23 04:00:00+01:00;4581,000;1,000;MESURE
2025-01-23 05:00:00+01:00;5026,000;1,000;MESURE
2025-01-23 06:00:00+01:00;5046,000;1,000;MESURE
2025-01-23 07:00:00+01:00;4257,000;1,000;MESURE
2025-01-23 08:00:00+01:00;0,000;1,000;MESURE
2025-01-23 09:00:00+01:00;0,000;1,000;MESURE
2025-01-23 10:00:00+01:00;0,000;1,000;MESURE
2025-01-23 11:00:00+01:00;0,000;1,000;MESURE
2025-01-23 12:00:00+01:00;0,000;1,000;MESURE
2025-01-23 13:00:00+01:00;0,000;1,000;MESURE
2025-01-23 14:00:00+01:00;0,000;1,000;MESURE
2025-01-23 15:00:00+01:00;0,000;1,000;MESURE
2025-01-23 16:00:00+01:00;0,000;1,000;MESURE
2025-01-23 17:00:00+01:00;4977,000;1,000;MESURE
2025-01-23 18:00:00+01:00;5022,000;1,000;MESURE
2025-01-23 19:00:00+01:00;5025,000;1,000;MESURE
2025-01-23 20:00:00+01:00;5056,000;1,000;MESURE
2025-01-23 21:00:00+01:00;5078,000;1,000;MESURE
2025-01-23 22:00:00+01:00;4626,000;1,000;MESURE
2025-01-23 23:00:00+01:00;4562,000;1,000;MESURE
2025-01-24 00:00:00+01:00;4578,000;1,000;MESURE
2025-01-24 01:00:00+01:00;4694,000;1,000;MESURE
2025-01-24 02:00:00+01:00;4684,000;1,000;MESURE
2025-01-24 03:00:00+01:00;4699,000;1,000;MESURE
2025-01-24 04:00:00+01:00;4657,000;1,000;MESURE
2025-01-24 05:00:00+01:00;5115,000;1,000;MESURE
2025-01-24 06:00:00+01:00;5119,000;1,000;MESURE
2025-01-24 07:00:00+01:00;4139,000;1,000;MESURE
2025-01-24 08:00:00+01:00;0,000;1,000;MESURE
2025-01-24 09:00:00+01:00;0,000;1,000;MESURE
2025-01-24 10:00:00+01:00;0,000;1,000;MESURE
2025-01-24 11:00:00+01:00;0,000;1,000;MESURE
2025-01-24 12:00:00+01:00;0,000;1,000;MESURE
2025-01-24 13:00:00+01:00;0,000;1,000;MESURE
2025-01-24 14:00:00+01:00;0,000;1,000;MESURE
2025-01-24 15:00:00+01:00;0,000;1,000;MESURE
2025-01-24 16:00:00+01:00;0,000;1,000;MESURE
2025-01-24 17:00:00+01:00;4787,000;1,000;MESURE
2025-01-24 18:00:00+01:00;5022,000;1,000;MESURE
2025-01-24 19:00:00+01:00;5041,000;1,000;MESURE
2025-01-24 20:00:00+01:00;5074,000;1,000;MESURE
2025-01-24 21:00:00+01:00;5073,000;1,000;MESURE
2025-01-24 22:00:00+01:00;4626,000;1,000;MESURE
2025-01-24 23:00:00+01:00;4575,000;1,000;MESURE
2025-01-25 00:00:00+01:00;4626,000;1,000;MESURE
2025-01-25 01:00:00+01:00;4630,000;1,000;MESURE
2025-01-25 02:00:00+01:00;4600,000;1,000;MESURE
2025-01-25 03:00:00+01:00;4631,000;1,000;MESURE
2025-01-25 04:00:00+01:00;4625,000;1,000;MESURE
2025-01-25 05:00:00+01:00;5089,000;1,000;MESURE
2025-01-25 06:00:00+01:00;5085,000;1,000;MESURE
2025-01-25 07:00:00+01:00;4077,000;1,000;MESURE
2025-01-25 08:00:00+01:00;0,000;1,000;MESURE
2025-01-25 09:00:00+01:00;0,000;1,000;MESURE
2025-01-25 10:00:00+01:00;0,000;1,000;MESURE
2025-01-25 11:00:00+01:00;0,000;1,000;MESURE
2025-01-25 12:00:00+01:00;0,000;1,000;MESURE
2025-01-25 13:00:00+01:00;0,000;1,000;MESURE
2025-01-25 14:00:00+01:00;0,000;1,000;MESURE
2025-01-25 15:00:00+01:00;0,000;1,000;MESURE
2025-01-25 16:00:00+01:00;0,000;1,000;MESURE
2025-01-25 17:00:00+01:00;4653,000;1,000;MESURE
2025-01-25 18:00:00+01:00;4964,000;1,000;MESURE
2025-01-25 19:00:00+01:00;4967,000;1,000;MESURE
2025-01-25 20:00:00+01:00;4997,000;1,000;MESURE
2025-01-25 21:00:00+01:00;5018,000;1,000;MESURE
2025-01-25 22:00:00+01:00;4572,000;1,000;MESURE
2025-01-25 23:00:00+01:00;4532,000;1,000;MESURE
2025-01-26 00:00:00+01:00;4550,000;1,000;MESURE
2025-01-26 01:00:00+01:00;4579,000;1,000;MESURE
2025-01-26 02:00:00+01:00;4561,000;1,000;MESURE
2025-01-26 03:00:00+01:00;4577,000;1,000;MESURE
2025-01-26 04:00:00+01:00;4580,000;1,000;MESURE
2025-01-26 05:00:00+01:00;5048,000;1,000;MESURE
2025-01-26 06:00:00+01:00;5051,000;1,000;MESURE
2025-01-26 07:00:00+01:00;3972,000;1,000;MESURE
2025-01-26 08:00:00+01:00;0,000;1,000;MESURE
2025-01-26 09:00:00+01:00;0,000;1,000;MESURE
2025-01-26 10:00:00+01:00;0,000;1,000;MESURE
2025-01-26 11:00:00+01:00;0,000;1,000;MESURE
2025-01-26 12:00:00+01:00;0,000;1,000;MESURE
2025-01-26 13:00:00+01:00;0,000;1,000;MESURE
2025-01-26 14:00:00+01:00;0,000;1,000;MESURE
2025-01-26 15:00:00+01:00;0,000;1,000;MESURE
2025-01-26 16:00:00+01:00;0,000;1,000;MESURE
2025-01-26 17:00:00+01:00;4601,000;1,000;MESURE
2025-01-26 18:00:00+01:00;5024,000;1,000;MESURE
2025-01-26 19:00:00+01:00;5013,000;1,000;MESURE
2025-01-26 20:00:00+01:00;5057,000;1,000;MESURE
2025-01-26 21:00:00+01:00;4973,000;1,000;MESURE
2025-01-26 22:00:00+01:00;4546,000;1,000;MESURE
2025-01-26 23:00:00+01:00;4569,000;1,000;MESURE
2025-01-27 00:00:00+01:00;4547,000;1,000;MESURE
2025-01-27 01:00:00+01:00;4551,000;1,000;MESURE
2025-01-27 02:00:00+01:00;4542,000;1,000;MESURE
2025-01-27 03:00:00+01:00;4551,000;1,000;MESURE
2025-01-27 04:00:00+01:00;4559,000;1,000;MESURE
2025-01-27 05:00:00+01:00;5003,000;1,000;MESURE
2025-01-27 06:00:00+01:00;5020,000;1,000;MESURE
2025-01-27 07:00:00+01:00;3864,000;1,000;MESURE
2025-01-27 08:00:00+01:00;0,000;1,000;MESURE
2025-01-27 09:00:00+01:00;0,000;1,000;MESURE
2025-01-27 10:00:00+01:00;0,000;1,000;MESURE
2025-01-27 11:00:00+01:00;0,000;1,000;MESURE
2025-01-27 12:00:00+01:00;0,000;1,000;MESURE
2025-01-27 13:00:00+01:00;0,000;1,000;MESURE
2025-01-27 14:00:00+01:00;0,000;1,000;MESURE
2025-01-27 15:00:00+01:00;0,000;1,000;MESURE
2025-01-27 16:00:00+01:00;0,000;1,000;MESURE
2025-01-27 17:00:00+01:00;4574,000;1,000;MESURE
2025-01-27 18:00:00+01:00;5155,000;1,000;MESURE
2025-01-27 19:00:00+01:00;5209,000;1,000;MESURE
2025-01-27 20:00:00+01:00;5282,000;1,000;MESURE
2025-01-27 21:00:00+01:00;5321,000;1,000;MESURE
2025-01-27 22:00:00+01:00;4890,000;1,000;MESURE
2025-01-27 23:00:00+01:00;4840,000;1,000;MESURE
2025-01-28 00:00:00+01:00;4883,000;1,000;MESURE
2025-01-28 01:00:00+01:00;4924,000;1,000;MESURE
2025-01-28 02:00:00+01:00;5051,000;1,000;MESURE
2025-01-28 03:00:00+01:00;4993,000;1,000;MESURE
2025-01-28 04:00:00+01:00;4987,000;1,000;MESURE
2025-01-28 05:00:00+01:00;5482,000;1,000;MESURE
2025-01-28 06:00:00+01:00;5500,000;1,000;MESURE
2025-01-28 07:00:00+01:00;4166,000;1,000;MESURE
2025-01-28 08:00:00+01:00;0,000;1,000;MESURE
2025-01-28 09:00:00+01:00;0,000;1,000;MESURE
2025-01-28 10:00:00+01:00;0,000;1,000;MESURE
2025-01-28 11:00:00+01:00;0,000;1,000;MESURE
2025-01-28 12:00:00+01:00;0,000;1,000;MESURE
2025-01-28 13:00:00+01:00;0,000;1,000;MESURE
2025-01-28 14:00:00+01:00;0,000;1,000;MESURE
2025-01-28 15:00:00+01:00;0,000;1,000;MESURE
2025-01-28 16:00:00+01:00;0,000;1,000;MESURE
2025-01-28 17:00:00+01:00;4600,000;1,000;MESURE
2025-01-28 18:00:00+01:00;5406,000;1,000;MESURE
2025-01-28 19:00:00+01:00;5434,000;1,000;MESURE
2025-01-28 20:00:00+01:00;5426,000;1,000;MESURE
2025-01-28 21:00:00+01:00;5365,000;1,000;MESURE
2025-01-28 22:00:00+01:00;4963,000;1,000;MESURE
2025-01-28 23:00:00+01:00;5039,000;1,000;MESURE
2025-01-29 00:00:00+01:00;5073,000;1,000;MESURE
2025-01-29 01:00:00+01:00;5099,000;1,000;MESURE
2025-01-29 02:00:00+01:00;5098,000;1,000;MESURE
2025-01-29 03:00:00+01:00;5073,000;1,000;MESURE
2025-01-29 04:00:00+01:00;5065,000;1,000;MESURE
2025-01-29 05:00:00+01:00;5499,000;1,000;MESURE
2025-01-29 06:00:00+01:00;5528,000;1,000;MESURE
2025-01-29 07:00:00+01:00;4018,000;1,000;MESURE
2025-01-29 08:00:00+01:00;0,000;1,000;MESURE
2025-01-29 09:00:00+01:00;0,000;1,000;MESURE
2025-01-29 10:00:00+01:00;0,000;1,000;MESURE
2025-01-29 11:00:00+01:00;0,000;1,000;MESURE
2025-01-29 12:00:00+01:00;0,000;1,000;MESURE
2025-01-29 13:00:00+01:00;0,000;1,000;MESURE
2025-01-29 14:00:00+01:00;0,000;1,000;MESURE
2025-01-29 15:00:00+01:00;0,000;1,000;MESURE
2025-01-29 16:00:00+01:00;0,000;1,000;MESURE
2025-01-29 17:00:00+01:00;4502,000;1,000;MESURE
2025-01-29 18:00:00+01:00;5378,000;1,000;MESURE
2025-01-29 19:00:00+01:00;5393,000;1,000;MESURE
2025-01-29 20:00:00+01:00;5422,000;1,000;MESURE
2025-01-29 21:00:00+01:00;5430,000;1,000;MESURE
2025-01-29 22:00:00+01:00;5028,000;1,000;MESURE
2025-01-29 23:00:00+01:00;4999,000;1,000;MESURE
2025-01-30 00:00:00+01:00;4970,000;1,000;MESURE
2025-01-30 01:00:00+01:00;4981,000;1,000;MESURE
2025-01-30 02:00:00+01:00;4980,000;1,000;MESURE
2025-01-30 03:00:00+01:00;4989,000;1,000;MESURE
2025-01-30 04:00:00+01:00;4993,000;1,000;MESURE
2025-01-30 05:00:00+01:00;5446,000;1,000;MESURE
2025-01-30 06:00:00+01:00;5452,000;1,000;MESURE
2025-01-30 07:00:00+01:00;3925,000;1,000;MESURE
2025-01-30 08:00:00+01:00;0,000;1,000;MESURE
2025-01-30 09:00:00+01:00;0,000;1,000;MESURE
2025-01-30 10:00:00+01:00;0,000;1,000;MESURE
2025-01-30 11:00:00+01:00;0,000;1,000;MESURE
2025-01-30 12:00:00+01:00;0,000;1,000;MESURE
2025-01-30 13:00:00+01:00;0,000;1,000;MESURE
2025-01-30 14:00:00+01:00;0,000;1,000;MESURE
2025-01-30 15:00:00+01:00;0,000;1,000;MESURE
2025-01-30 16:00:00+01:00;0,000;1,000;MESURE
2025-01-30 17:00:00+01:00;4340,000;1,000;MESURE
2025-01-30 18:00:00+01:00;5373,000;1,000;MESURE
2025-01-30 19:00:00+01:00;5358,000;1,000;MESURE
2025-01-30 20:00:00+01:00;5334,000;1,000;MESURE
2025-01-30 21:00:00+01:00;5367,000;1,000;MESURE
2025-01-30 22:00:00+01:00;4909,000;1,000;MESURE
2025-01-30 23:00:00+01:00;4871,000;1,000;MESURE
2025-01-31 00:00:00+01:00;4924,000;1,000;MESURE
2025-01-31 01:00:00+01:00;4919,000;1,000;MESURE
2025-01-31 02:00:00+01:00;4940,000;1,000;MESURE
2025-01-31 03:00:00+01:00;4945,000;1,000;MESURE
2025-01-31 04:00:00+01:00;4934,000;1,000;MESURE
2025-01-31 05:00:00+01:00;5376,000;1,000;MESURE
2025-01-31 06:00:00+01:00;5378,000;1,000;MESURE
2025-01-31 07:00:00+01:00;3809,000;1,000;MESURE
2025-01-31 08:00:00+01:00;0,000;1,000;MESURE
2025-01-31 09:00:00+01:00;0,000;1,000;MESURE
2025-01-31 10:00:00+01:00;0,000;1,000;MESURE
2025-01-31 11:00:00+01:00;0,000;1,000;MESURE
2025-01-31 12:00:00+01:00;0,000;1,000;MESURE
2025-01-31 13:00:00+01:00;0,000;1,000;MESURE
2025-01-31 14:00:00+01:00;0,000;1,000;MESURE
2025-01-31 15:00:00+01:00;0,000;1,000;MESURE
2025-01-31 16:00:00+01:00;0,000;1,000;MESURE
2025-01-31 17:00:00+01:00;4133,000;1,000;MESURE
2025-01-31 18:00:00+01:00;5300,000;1,000;MESURE
2025-01-31 19:00:00+01:00;5330,000;1,000;MESURE
2025-01-31 20:00:00+01:00;5283,000;1,000;MESURE
2025-01-31 21:00:00+01:00;5321,000;1,000;MESURE
2025-01-31 22:00:00+01:00;4883,000;1,000;MESURE
2025-01-31 23:00:00+01:00;4844,000;1,000;MESURE
2025-02-01 00:00:00+01:00;4888,000;1,000;MESURE
2025-02-01 01:00:00+01:00;4892,000;1,000;MESURE
2025-02-01 02:00:00+01:00;4888,000;1,000;MESURE
2025-02-01 03:00:00+01:00;4906,000;1,000;MESURE
2025-02-01 04:00:00+01:00;4900,000;1,000;MESURE
2025-02-01 05:00:00+01:00;5332,000;1,000;MESURE
2025-02-01 06:00:00+01:00;5351,000;1,000;MESURE
2025-02-01 07:00:00+01:00;3602,000;1,000;MESURE
2025-02-01 08:00:00+01:00;0,000;1,000;MESURE
2025-02-01 09:00:00+01:00;0,000;1,000;MESURE
2025-02-01 10:00:00+01:00;0,000;1,000;MESURE
2025-02-01 11:00:00+01:00;0,000;1,000;MESURE
2025-02-01 12:00:00+01:00;0,000;1,000;MESURE
2025-02-01 13:00:00+01:00;0,000;1,000;MESURE
2025-02-01 14:00:00+01:00;0,000;1,000;MESURE
2025-02-01 15:00:00+01:00;0,000;1,000;MESURE
2025-02-01 16:00:00+01:00;0,000;1,000;MESURE
2025-02-01 17:00:00+01:00;4047,000;1,000;MESURE
2025-02-01 18:00:00+01:00;5312,000;1,000;MESURE
2025-02-01 19:00:00+01:00;5333,000;1,000;MESURE
2025-02-01 20:00:00+01:00;5277,000;1,000;MESURE
2025-02-01 21:00:00+01:00;5244,000;1,000;MESURE
2025-02-01 22:00:00+01:00;4810,000;1,000;MESURE
2025-02-01 23:00:00+01:00;4885,000;1,000;MESURE
2025-02-02 00:00:00+01:00;4832,000;1,000;MESURE
2025-02-02 01:00:00+01:00;4818,000;1,000;MESURE
2025-02-02 02:00:00+01:00;4906,000;1,000;MESURE
2025-02-02 03:00:00+01:00;4916,000;1,000;MESURE
2025-02-02 04:00:00+01:00;4819,000;1,000;MESURE
2025-02-02 05:00:00+01:00;5287,000;1,000;MESURE
2025-02-02 06:00:00+01:00;5264,000;1,000;MESURE
2025-02-02 07:00:00+01:00;3438,000;1,000;MESURE
2025-02-02 08:00:00+01:00;0,000;1,000;MESURE
2025-02-02 09:00:00+01:00;0,000;1,000;MESURE
2025-02-02 10:00:00+01:00;0,000;1,000;MESURE
2025-02-02 11:00:00+01:00;0,000;1,000;MESURE
2025-02-02 12:00:00+01:00;0,000;1,000;MESURE
2025-02-02 13:00:00+01:00;0,000;1,000;MESURE
2025-02-02 14:00:00+01:00;0,000;1,000;MESURE
2025-02-02 15:00:00+01:00;0,000;1,000;MESURE
2025-02-02 16:00:00+01:00;0,000;1,000;MESURE
2025-02-02 17:00:00+01:00;3947,000;1,000;MESURE
2025-02-02 18:00:00+01:00;5192,000;1,000;MESURE
2025-02-02 19:00:00+01:00;5219,000;1,000;MESURE
2025-02-02 20:00:00+01:00;5279,000;1,000;MESURE
2025-02-02 21:00:00+01:00;5277,000;1,000;MESURE
2025-02-02 22:00:00+01:00;4814,000;1,000;MESURE
2025-02-02 23:00:00+01:00;4726,000;1,000;MESURE
2025-02-03 00:00:00+01:00;4790,000;1,000;MESURE
2025-02-03 01:00:00+01:00;4736,000;1,000;MESURE
2025-02-03 02:00:00+01:00;4807,000;1,000;MESURE
2025-02-03 03:00:00+01:00;4845,000;1,000;MESURE
2025-02-03 04:00:00+01:00;4848,000;1,000;MESURE
2025-02-03 05:00:00+01:00;5280,000;1,000;MESURE
2025-02-03 06:00:00+01:00;5310,000;1,000;MESURE
2025-02-03 07:00:00+01:00;3391,000;1,000;MESURE
2025-02-03 08:00:00+01:00;0,000;1,000;MESURE
2025-02-03 09:00:00+01:00;0,000;1,000;MESURE
2025-02-03 10:00:00+01:00;0,000;1,000;MESURE
2025-02-03 11:00:00+01:00;0,000;1,000;MESURE
2025-02-03 12:00:00+01:00;0,000;1,000;MESURE
2025-02-03 13:00:00+01:00;0,000;1,000;MESURE
2025-02-03 14:00:00+01:00;0,000;1,000;MESURE
2025-02-03 15:00:00+01:00;0,000;1,000;MESURE
2025-02-03 16:00:00+01:00;0,000;1,000;MESURE
2025-02-03 17:00:00+01:00;3675,000;1,000;MESURE
2025-02-03 18:00:00+01:00;5084,000;1,000;MESURE
2025-02-03 19:00:00+01:00;5108,000;1,000;MESURE
2025-02-03 20:00:00+01:00;5145,000;1,000;MESURE
2025-02-03 21:00:00+01:00;5192,000;1,000;MESURE
2025-02-03 22:00:00+01:00;4770,000;1,000;MESURE
2025-02-03 23:00:00+01:00;4711,000;1,000;MESURE
2025-02-04 00:00:00+01:00;4729,000;1,000;MESURE
2025-02-04 01:00:00+01:00;4721,000;1,000;MESURE
2025-02-04 02:00:00+01:00;4706,000;1,000;MESURE
2025-02-04 03:00:00+01:00;4714,000;1,000;MESURE
2025-02-04 04:00:00+01:00;4704,000;1,000;MESURE
2025-02-04 05:00:00+01:00;5153,000;1,000;MESURE
2025-02-04 06:00:00+01:00;5143,000;1,000;MESURE
2025-02-04 07:00:00+01:00;3199,000;1,000;MESURE
2025-02-04 08:00:00+01:00;0,000;1,000;MESURE
2025-02-04 09:00:00+01:00;0,000;1,000;MESURE
2025-02-04 10:00:00+01:00;0,000;1,000;MESURE
2025-02-04 11:00:00+01:00;0,000;1,000;MESURE
2025-02-04 12:00:00+01:00;0,000;1,000;MESURE
2025-02-04 13:00:00+01:00;0,000;1,000;MESURE
2025-02-04 14:00:00+01:00;0,000;1,000;MESURE
2025-02-04 15:00:00+01:00;0,000;1,000;MESURE
2025-02-04 16:00:00+01:00;0,000;1,000;MESURE
2025-02-04 17:00:00+01:00;3600,000;1,000;MESURE
2025-02-04 18:00:00+01:00;5111,000;1,000;MESURE
2025-02-04 19:00:00+01:00;5150,000;1,000;MESURE
2025-02-04 20:00:00+01:00;5181,000;1,000;MESURE
2025-02-04 21:00:00+01:00;5126,000;1,000;MESURE
2025-02-04 22:00:00+01:00;4630,000;1,000;MESURE
2025-02-04 23:00:00+01:00;4616,000;1,000;MESURE
2025-02-05 00:00:00+01:00;4640,000;1,000;MESURE
2025-02-05 01:00:00+01:00;4649,000;1,000;MESURE
2025-02-05 02:00:00+01:00;4681,000;1,000;MESURE
2025-02-05 03:00:00+01:00;4639,000;1,000;MESURE
2025-02-05 04:00:00+01:00;4645,000;1,000;MESURE
2025-02-05 05:00:00+01:00;5133,000;1,000;MESURE
2025-02-05 06:00:00+01:00;5184,000;1,000;MESURE
2025-02-05 07:00:00+01:00;3056,000;1,000;MESURE
2025-02-05 08:00:00+01:00;0,000;1,000;MESURE
2025-02-05 09:00:00+01:00;0,000;1,000;MESURE
2025-02-05 10:00:00+01:00;0,000;1,000;MESURE
2025-02-05 11:00:00+01:00;0,000;1,000;MESURE
2025-02-05 12:00:00+01:00;0,000;1,000;MESURE
2025-02-05 13:00:00+01:00;0,000;1,000;MESURE
2025-02-05 14:00:00+01:00;0,000;1,000;MESURE
2025-02-05 15:00:00+01:00;0,000;1,000;MESURE
2025-02-05 16:00:00+01:00;0,000;1,000;MESURE
2025-02-05 17:00:00+01:00;3377,000;1,000;MESURE
2025-02-05 18:00:00+01:00;5094,000;1,000;MESURE
2025-02-05 19:00:00+01:00;5108,000;1,000;MESURE
2025-02-05 20:00:00+01:00;5152,000;1,000;MESURE
2025-02-05 21:00:00+01:00;5057,000;1,000;MESURE
2025-02-05 22:00:00+01:00;4609,000;1,000;MESURE
2025-02-05 23:00:00+01:00;4562,000;1,000;MESURE
2025-02-06 00:00:00+01:00;4615,000;1,000;MESURE
2025-02-06 01:00:00+01:00;4630,000;1,000;MESURE
2025-02-06 02:00:00+01:00;4676,000;1,000;MESURE
2025-02-06 03:00:00+01:00;4702,000;1,000;MESURE
2025-02-06 04:00:00+01:00;4709,000;1,000;MESURE
2025-02-06 05:00:00+01:00;5139,000;1,000;MESURE
2025-02-06 06:00:00+01:00;5146,000;1,000;MESURE
2025-02-06 07:00:00+01:00;2933,000;1,000;MESURE
2025-02-06 08:00:00+01:00;0,000;1,000;MESURE
2025-02-06 09:00:00+01:00;0,000;1,000;MESURE
2025-02-06 10:00:00+01:00;0,000;1,000;MESURE
2025-02-06 11:00:00+01:00;0,000;1,000;MESURE
2025-02-06 12:00:00+01:00;0,000;1,000;MESURE
2025-02-06 13:00:00+01:00;0,000;1,000;MESURE
2025-02-06 14:00:00+01:00;0,000;1,000;MESURE
2025-02-06 15:00:00+01:00;0,000;1,000;MESURE
2025-02-06 16:00:00+01:00;0,000;1,000;MESURE
2025-02-06 17:00:00+01:00;3283,000;1,000;MESURE
2025-02-06 18:00:00+01:00;4981,000;1,000;MESURE
2025-02-06 19:00:00+01:00;5024,000;1,000;MESURE
2025-02-06 20:00:00+01:00;5061,000;1,000;MESURE
2025-02-06 21:00:00+01:00;5100,000;1,000;MESURE
2025-02-06 22:00:00+01:00;4670,000;1,000;MESURE
2025-02-06 23:00:00+01:00;4604,000;1,000;MESURE
2025-02-07 00:00:00+01:00;4622,000;1,000;MESURE
2025-02-07 01:00:00+01:00;4669,000;1,000;MESURE
2025-02-07 02:00:00+01:00;4634,000;1,000;MESURE
2025-02-07 03:00:00+01:00;4650,000;1,000;MESURE
2025-02-07 04:00:00+01:00;4653,000;1,000;MESURE
2025-02-07 05:00:00+01:00;5103,000;1,000;MESURE
2025-02-07 06:00:00+01:00;5052,000;1,000;MESURE
2025-02-07 07:00:00+01:00;2797,000;1,000;MESURE
2025-02-07 08:00:00+01:00;0,000;1,000;MESURE
2025-02-07 09:00:00+01:00;0,000;1,000;MESURE
2025-02-07 10:00:00+01:00;0,000;1,000;MESURE
2025-02-07 11:00:00+01:00;0,000;1,000;MESURE
2025-02-07 12:00:00+01:00;0,000;1,000;MESURE
2025-02-07 13:00:00+01:00;0,000;1,000;MESURE
2025-02-07 14:00:00+01:00;0,000;1,000;MESURE
2025-02-07 15:00:00+01:00;0,000;1,000;MESURE
2025-02-07 16:00:00+01:00;0,000;1,000;MESURE
2025-02-07 17:00:00+01:00;3090,000;1,000;MESURE
2025-02-07 18:00:00+01:00;4942,000;1,000;MESURE
2025-02-07 19:00:00+01:00;4957,000;1,000;MESURE
2025-02-07 20:00:00+01:00;4985,000;1,000;MESURE
2025-02-07 21:00:00+01:00;5028,000;1,000;MESURE
2025-02-07 22:00:00+01:00;4591,000;1,000;MESURE
2025-02-07 23:00:00+01:00;4560,000;1,000;MESURE
2025-02-08 00:00:00+01:00;4609,000;1,000;MESURE
2025-02-08 01:00:00+01:00;4645,000;1,000;MESURE
2025-02-08 02:00:00+01:00;4630,000;1,000;MESURE
2025-02-08 03:00:00+01:00;4651,000;1,000;MESURE
2025-02-08 04:00:00+01:00;4640,000;1,000;MESURE
2025-02-08 05:00:00+01:00;5075,000;1,000;MESURE
2025-02-08 06:00:00+01:00;5085,000;1,000;MESURE
2025-02-08 07:00:00+01:00;2637,000;1,000;MESURE
2025-02-08 08:00:00+01:00;0,000;1,000;MESURE
2025-02-08 09:00:00+01:00;0,000;1,000;MESURE
2025-02-08 10:00:00+01:00;0,000;1,000;MESURE
2025-02-08 11:00:00+01:00;0,000;1,000;MESURE
2025-02-08 12:00:00+01:00;0,000;1,000;MESURE
2025-02-08 13:00:00+01:00;0,000;1,000;MESURE
2025-02-08 14:00:00+01:00;0,000;1,000;MESURE
2025-02-08 15:00:00+01:00;0,000;1,000;MESURE
2025-02-08 16:00:00+01:00;0,000;1,000;MESURE
2025-02-08 17:00:00+01:00;2997,000;1,000;MESURE
2025-02-08 18:00:00+01:00;4933,000;1,000;MESURE
2025-02-08 19:00:00+01:00;4952,000;1,000;MESURE
2025-02-08 20:00:00+01:00;4991,000;1,000;MESURE
2025-02-08 21:00:00+01:00;5034,000;1,000;MESURE
2025-02-08 22:00:00+01:00;4596,000;1,000;MESURE
2025-02-08 23:00:00+01:00;4580,000;1,000;MESURE
2025-02-09 00:00:00+01:00;4600,000;1,000;MESURE
2025-02-09 01:00:00+01:00;4612,000;1,000;MESURE
2025-02-09 02:00:00+01:00;4617,000;1,000;MESURE
2025-02-09 03:00:00+01:00;4644,000;1,000;MESURE
2025-02-09 04:00:00+01:00;4662,000;1,000;MESURE
2025-02-09 05:00:00+01:00;5094,000;1,000;MESURE
2025-02-09 06:00:00+01:00;5074,000;1,000;MESURE
2025-02-09 07:00:00+01:00;2560,000;1,000;MESURE
2025-02-09 08:00:00+01:00;0,000;1,000;MESURE
2025-02-09 09:00:00+01:00;0,000;1,000;MESURE
2025-02-09 10:00:00+01:00;0,000;1,000;MESURE
2025-02-09 11:00:00+01:00;0,000;1,000;MESURE
2025-02-09 12:00:00+01:00;0,000;1,000;MESURE
2025-02-09 13:00:00+01:00;0,000;1,000;MESURE
2025-02-09 14:00:00+01:00;0,000;1,000;MESURE
2025-02-09 15:00:00+01:00;0,000;1,000;MESURE
2025-02-09 16:00:00+01:00;0,000;1,000;MESURE
2025-02-09 17:00:00+01:00;2802,000;1,000;MESURE
2025-02-09 18:00:00+01:00;5004,000;1,000;MESURE
2025-02-09 19:00:00+01:00;5049,000;1,000;MESURE
2025-02-09 20:00:00+01:00;4954,000;1,000;MESURE
2025-02-09 21:00:00+01:00;4989,000;1,000;MESURE
2025-02-09 22:00:00+01:00;4573,000;1,000;MESURE
2025-02-09 23:00:00+01:00;4536,000;1,000;MESURE
2025-02-10 00:00:00+01:00;4564,000;1,000;MESURE
2025-02-10 01:00:00+01:00;4583,000;1,000;MESURE
2025-02-10 02:00:00+01:00;4582,000;1,000;MESURE
2025-02-10 03:00:00+01:00;4615,000;1,000;MESURE
2025-02-10 04:00:00+01:00;4595,000;1,000;MESURE
2025-02-10 05:00:00+01:00;4992,000;1,000;MESURE
2025-02-10 06:00:00+01:00;5024,000;1,000;MESURE
2025-02-10 07:00:00+01:00;2434,000;1,000;MESURE
2025-02-10 08:00:00+01:00;0,000;1,000;MESURE
2025-02-10 09:00:00+01:00;0,000;1,000;MESURE
2025-02-10 10:00:00+01:00;0,000;1,000;MESURE
2025-02-10 11:00:00+01:00;0,000;1,000;MESURE
2025-02-10 12:00:00+01:00;0,000;1,000;MESURE
2025-02-10 13:00:00+01:00;0,000;1,000;MESURE
2025-02-10 14:00:00+01:00;0,000;1,000;MESURE
2025-02-10 15:00:00+01:00;0,000;1,000;MESURE
2025-02-10 16:00:00+01:00;0,000;1,000;MESURE
2025-02-10 17:00:00+01:00;2713,000;1,000;MESURE
2025-02-10 18:00:00+01:00;4895,000;1,000;MESURE
2025-02-10 19:00:00+01:00;4917,000;1,000;MESURE
2025-02-10 20:00:00+01:00;4971,000;1,000;MESURE
2025-02-10 21:00:00+01:00;5003,000;1,000;MESURE
2025-02-10 22:00:00+01:00;4584,000;1,000;MESURE
2025-02-10 23:00:00+01:00;4561,000;1,000;MESURE
2025-02-11 00:00:00+01:00;4609,000;1,000;MESURE
2025-02-11 01:00:00+01:00;4644,000;1,000;MESURE
2025-02-11 02:00:00+01:00;4602,000;1,000;MESURE
2025-02-11 03:00:00+01:00;4530,000;1,000;MESURE
2025-02-11 04:00:00+01:00;4658,000;1,000;MESURE
2025-02-11 05:00:00+01:00;5058,000;1,000;MESURE
2025-02-11 06:00:00+01:00;5018,000;1,000;MESURE
2025-02-11 07:00:00+01:00;2280,000;1,000;MESURE
2025-02-11 08:00:00+01:00;0,000;1,000;MESURE
2025-02-11 09:00:00+01:00;0,000;1,000;MESURE
2025-02-11 10:00:00+01:00;0,000;1,000;MESURE
2025-02-11 11:00:00+01:00;0,000;1,000;MESURE
2025-02-11 12:00:00+01:00;0,000;1,000;MESURE
2025-02-11 13:00:00+01:00;0,000;1,000;MESURE
2025-02-11 14:00:00+01:00;0,000;1,000;MESURE
2025-02-11 15:00:00+01:00;0,000;1,000;MESURE
2025-02-11 16:00:00+01:00;0,000;1,000;MESURE
2025-02-11 17:00:00+01:00;2659,000;1,000;MESURE
2025-02-11 18:00:00+01:00;4931,000;1,000;MESURE
2025-02-11 19:00:00+01:00;4935,000;1,000;MESURE
2025-02-11 20:00:00+01:00;4975,000;1,000;MESURE
2025-02-11 21:00:00+01:00;5043,000;1,000;MESURE
2025-02-11 22:00:00+01:00;4595,000;1,000;MESURE
2025-02-11 23:00:00+01:00;4573,000;1,000;MESURE
2025-02-12 00:00:00+01:00;4614,000;1,000;MESURE
2025-02-12 01:00:00+01:00;4642,000;1,000;MESURE
2025-02-12 02:00:00+01:00;4632,000;1,000;MESURE
2025-02-12 03:00:00+01:00;4629,000;1,000;MESURE
2025-02-12 04:00:00+01:00;4629,000;1,000;MESURE
2025-02-12 05:00:00+01:00;5057,000;1,000;MESURE
2025-02-12 06:00:00+01:00;5003,000;1,000;MESURE
2025-02-12 07:00:00+01:00;2186,000;1,000;MESURE
2025-02-12 08:00:00+01:00;0,000;1,000;MESURE
2025-02-12 09:00:00+01:00;0,000;1,000;MESURE
2025-02-12 10:00:00+01:00;0,000;1,000;MESURE
2025-02-12 11:00:00+01:00;0,000;1,000;MESURE
2025-02-12 12:00:00+01:00;0,000;1,000;MESURE
2025-02-12 13:00:00+01:00;0,000;1,000;MESURE
2025-02-12 14:00:00+01:00;0,000;1,000;MESURE
2025-02-12 15:00:00+01:00;0,000;1,000;MESURE
2025-02-12 16:00:00+01:00;0,000;1,000;MESURE
2025-02-12 17:00:00+01:00;2469,000;1,000;MESURE
2025-02-12 18:00:00+01:00;4985,000;1,000;MESURE
2025-02-12 19:00:00+01:00;5024,000;1,000;MESURE
2025-02-12 20:00:00+01:00;4948,000;1,000;MESURE
2025-02-12 21:00:00+01:00;5001,000;1,000;MESURE
2025-02-12 22:00:00+01:00;4573,000;1,000;MESURE
2025-02-12 23:00:00+01:00;4525,000;1,000;MESURE
2025-02-13 00:00:00+01:00;4569,000;1,000;MESURE
2025-02-13 01:00:00+01:00;4563,000;1,000;MESURE
2025-02-13 02:00:00+01:00;4548,000;1,000;MESURE
2025-02-13 03:00:00+01:00;4569,000;1,000;MESURE
2025-02-13 04:00:00+01:00;4582,000;1,000;MESURE
2025-02-13 05:00:00+01:00;5017,000;1,000;MESURE
2025-02-13 06:00:00+01:00;5000,000;1,000;MESURE
2025-02-13 07:00:00+01:00;2023,000;1,000;MESURE
2025-02-13 08:00:00+01:00;0,000;1,000;MESURE
2025-02-13 09:00:00+01:00;0,000;1,000;MESURE
2025-02-13 10:00:00+01:00;0,000;1,000;MESURE
2025-02-13 11:00:00+01:00;0,000;1,000;MESURE
2025-02-13 12:00:00+01:00;0,000;1,000;MESURE
2025-02-13 13:00:00+01:00;0,000;1,000;MESURE
2025-02-13 14:00:00+01:00;0,000;1,000;MESURE
2025-02-13 15:00:00+01:00;0,000;1,000;MESURE
2025-02-13 16:00:00+01:00;0,000;1,000;MESURE
2025-02-13 17:00:00+01:00;2394,000;1,000;MESURE
2025-02-13 18:00:00+01:00;4961,000;1,000;MESURE
2025-02-13 19:00:00+01:00;5028,000;1,000;MESURE
2025-02-13 20:00:00+01:00;4981,000;1,000;MESURE
2025-02-13 21:00:00+01:00;4998,000;1,000;MESURE
2025-02-13 22:00:00+01:00;4563,000;1,000;MESURE
2025-02-13 23:00:00+01:00;4520,000;1,000;MESURE
2025-02-14 00:00:00+01:00;4579,000;1,000;MESURE
2025-02-14 01:00:00+01:00;4572,000;1,000;MESURE
2025-02-14 02:00:00+01:00;4557,000;1,000;MESURE
2025-02-14 03:00:00+01:00;4581,000;1,000;MESURE
2025-02-14 04:00:00+01:00;4570,000;1,000;MESURE
2025-02-14 05:00:00+01:00;4979,000;1,000;MESURE
2025-02-14 06:00:00+01:00;4975,000;1,000;MESURE
2025-02-14 07:00:00+01:00;1918,000;1,000;MESURE
2025-02-14 08:00:00+01:00;0,000;1,000;MESURE
2025-02-14 09:00:00+01:00;0,000;1,000;MESURE
2025-02-14 10:00:00+01:00;0,000;1,000;MESURE
2025-02-14 11:00:00+01:00;0,000;1,000;MESURE
2025-02-14 12:00:00+01:00;0,000;1,000;MESURE
2025-02-14 13:00:00+01:00;0,000;1,000;MESURE
2025-02-14 14:00:00+01:00;0,000;1,000;MESURE
2025-02-14 15:00:00+01:00;0,000;1,000;MESURE
2025-02-14 16:00:00+01:00;0,000;1,000;MESURE
2025-02-14 17:00:00+01:00;2233,000;1,000;MESURE
2025-02-14 18:00:00+01:00;4958,000;1,000;MESURE
2025-02-14 19:00:00+01:00;5008,000;1,000;MESURE
2025-02-14 20:00:00+01:00;4972,000;1,000;MESURE
2025-02-14 21:00:00+01:00;4936,000;1,000;MESURE
2025-02-14 22:00:00+01:00;4508,000;1,000;MESURE
2025-02-14 23:00:00+01:00;4540,000;1,000;MESURE
2025-02-15 00:00:00+01:00;4496,000;1,000;MESURE
2025-02-15 01:00:00+01:00;4496,000;1,000;MESURE
2025-02-15 02:00:00+01:00;4507,000;1,000;MESURE
2025-02-15 03:00:00+01:00;4515,000;1,000;MESURE
2025-02-15 04:00:00+01:00;4500,000;1,000;MESURE
2025-02-15 05:00:00+01:00;4985,000;1,000;MESURE
2025-02-15 06:00:00+01:00;4989,000;1,000;MESURE
2025-02-15 07:00:00+01:00;1767,000;1,000;MESURE
2025-02-15 08:00:00+01:00;0,000;1,000;MESURE
2025-02-15 09:00:00+01:00;0,000;1,000;MESURE
2025-02-15 10:00:00+01:00;0,000;1,000;MESURE
2025-02-15 11:00:00+01:00;0,000;1,000;MESURE
2025-02-15 12:00:00+01:00;0,000;1,000;MESURE
2025-02-15 13:00:00+01:00;0,000;1,000;MESURE
2025-02-15 14:00:00+01:00;0,000;1,000;MESURE
2025-02-15 15:00:00+01:00;0,000;1,000;MESURE
2025-02-15 16:00:00+01:00;0,000;1,000;MESURE
2025-02-15 17:00:00+01:00;2142,000;1,000;MESURE
2025-02-15 18:00:00+01:00;4923,000;1,000;MESURE
2025-02-15 19:00:00+01:00;5002,000;1,000;MESURE
2025-02-15 20:00:00+01:00;4904,000;1,000;MESURE
2025-02-15 21:00:00+01:00;4930,000;1,000;MESURE
2025-02-15 22:00:00+01:00;4490,000;1,000;MESURE
2025-02-15 23:00:00+01:00;4460,000;1,000;MESURE
2025-02-16 00:00:00+01:00;4464,000;1,000;MESURE
2025-02-16 01:00:00+01:00;4522,000;1,000;MESURE
2025-02-16 02:00:00+01:00;4515,000;1,000;MESURE
2025-02-16 03:00:00+01:00;4520,000;1,000;MESURE
2025-02-16 04:00:00+01:00;4506,000;1,000;MESURE
2025-02-16 05:00:00+01:00;4928,000;1,000;MESURE
2025-02-16 06:00:00+01:00;4982,000;1,000;MESURE
2025-02-16 07:00:00+01:00;1681,000;1,000;MESURE
2025-02-16 08:00:00+01:00;0,000;1,000;MESURE
2025-02-16 09:00:00+01:00;0,000;1,000;MESURE
2025-02-16 10:00:00+01:00;0,000;1,000;MESURE
2025-02-16 11:00:00+01:00;0,000;1,000;MESURE
2025-02-16 12:00:00+01:00;0,000;1,000;MESURE
2025-02-16 13:00:00+01:00;0,000;1,000;MESURE
2025-02-16 14:00:00+01:00;0,000;1,000;MESURE
2025-02-16 15:00:00+01:00;0,000;1,000;MESURE
2025-02-16 16:00:00+01:00;0,000;1,000;MESURE
2025-02-16 17:00:00+01:00;1979,000;1,000;MESURE
2025-02-16 18:00:00+01:00;4937,000;1,000;MESURE
2025-02-16 19:00:00+01:00;4966,000;1,000;MESURE
2025-02-16 20:00:00+01:00;4981,000;1,000;MESURE
2025-02-16 21:00:00+01:00;4905,000;1,000;MESURE
2025-02-16 22:00:00+01:00;4498,000;1,000;MESURE
2025-02-16 23:00:00+01:00;4511,000;1,000;MESURE
2025-02-17 00:00:00+01:00;4449,000;1,000;MESURE
2025-02-17 01:00:00+01:00;4468,000;1,000;MESURE
2025-02-17 02:00:00+01:00;4500,000;1,000;MESURE
2025-02-17 03:00:00+01:00;4461,000;1,000;MESURE
2025-02-17 04:00:00+01:00;4471,000;1,000;MESURE
2025-02-17 05:00:00+01:00;5002,000;1,000;MESURE
2025-02-17 06:00:00+01:00;5015,000;1,000;MESURE
2025-02-17 07:00:00+01:00;1535,000;1,000;MESURE
2025-02-17 08:00:00+01:00;0,000;1,000;MESURE
2025-02-17 09:00:00+01:00;0,000;1,000;MESURE
2025-02-17 10:00:00+01:00;0,000;1,000;MESURE
2025-02-17 11:00:00+01:00;0,000;1,000;MESURE
2025-02-17 12:00:00+01:00;0,000;1,000;MESURE
2025-02-17 13:00:00+01:00;0,000;1,000;MESURE
2025-02-17 14:00:00+01:00;0,000;1,000;MESURE
2025-02-17 15:00:00+01:00;0,000;1,000;MESURE
2025-02-17 16:00:00+01:00;0,000;1,000;MESURE
2025-02-17 17:00:00+01:00;1920,000;1,000;MESURE
2025-02-17 18:00:00+01:00;4895,000;1,000;MESURE
2025-02-17 19:00:00+01:00;4931,000;1,000;MESURE
2025-02-17 20:00:00+01:00;4945,000;1,000;MESURE
2025-02-17 21:00:00+01:00;4893,000;1,000;MESURE
2025-02-17 22:00:00+01:00;4446,000;1,000;MESURE
2025-02-17 23:00:00+01:00;4428,000;1,000;MESURE
2025-02-18 00:00:00+01:00;4438,000;1,000;MESURE
2025-02-18 01:00:00+01:00;4437,000;1,000;MESURE
2025-02-18 02:00:00+01:00;4452,000;1,000;MESURE
2025-02-18 03:00:00+01:00;4481,000;1,000;MESURE
2025-02-18 04:00:00+01:00;4474,000;1,000;MESURE
2025-02-18 05:00:00+01:00;4912,000;1,000;MESURE
2025-02-18 06:00:00+01:00;4892,000;1,000;MESURE
2025-02-18 07:00:00+01:00;1344,000;1,000;MESURE
2025-02-18 08:00:00+01:00;0,000;1,000;MESURE
2025-02-18 09:00:00+01:00;0,000;1,000;MESURE
2025-02-18 10:00:00+01:00;0,000;1,000;MESURE
2025-02-18 11:00:00+01:00;0,000;1,000;MESURE
2025-02-18 12:00:00+01:00;0,000;1,000;MESURE
2025-02-18 13:00:00+01:00;0,000;1,000;MESURE
2025-02-18 14:00:00+01:00;0,000;1,000;MESURE
2025-02-18 15:00:00+01:00;0,000;1,000;MESURE
2025-02-18 16:00:00+01:00;0,000;1,000;MESURE
2025-02-18 17:00:00+01:00;1715,000;1,000;MESURE
2025-02-18 18:00:00+01:00;4879,000;1,000;MESURE
2025-02-18 19:00:00+01:00;4919,000;1,000;MESURE
2025-02-18 20:00:00+01:00;4899,000;1,000;MESURE
2025-02-18 21:00:00+01:00;4920,000;1,000;MESURE
2025-02-18 22:00:00+01:00;4494,000;1,000;MESURE
2025-02-18 23:00:00+01:00;4438,000;1,000;MESURE
2025-02-19 00:00:00+01:00;4489,000;1,000;MESURE
2025-02-19 01:00:00+01:00;4515,000;1,000;MESURE
2025-02-19 02:00:00+01:00;4509,000;1,000;MESURE
2025-02-19 03:00:00+01:00;4544,000;1,000;MESURE
2025-02-19 04:00:00+01:00;4535,000;1,000;MESURE
2025-02-19 05:00:00+01:00;4953,000;1,000;MESURE
2025-02-19 06:00:00+01:00;4936,000;1,000;MESURE
2025-02-19 07:00:00+01:00;1254,000;1,000;MESURE
2025-02-19 08:00:00+01:00;0,000;1,000;MESURE
2025-02-19 09:00:00+01:00;0,000;1,000;MESURE
2025-02-19 10:00:00+01:00;0,000;1,000;MESURE
2025-02-19 11:00:00+01:00;0,000;1,000;MESURE
2025-02-19 12:00:00+01:00;0,000;1,000;MESURE
2025-02-19 13:00:00+01:00;0,000;1,000;MESURE
2025-02-19 14:00:00+01:00;0,000;1,000;MESURE
2025-02-19 15:00:00+01:00;0,000;1,000;MESURE
2025-02-19 16:00:00+01:00;0,000;1,000;MESURE
2025-02-19 17:00:00+01:00;1656,000;1,000;MESURE
2025-02-19 18:00:00+01:00;4852,000;1,000;MESURE
2025-02-19 19:00:00+01:00;4897,000;1,000;MESURE
2025-02-19 20:00:00+01:00;4873,000;1,000;MESURE
2025-02-19 21:00:00+01:00;4920,000;1,000;MESURE
2025-02-19 22:00:00+01:00;4495,000;1,000;MESURE
2025-02-19 23:00:00+01:00;4460,000;1,000;MESURE
2025-02-20 00:00:00+01:00;4470,000;1,000;MESURE
2025-02-20 01:00:00+01:00;4516,000;1,000;MESURE
2025-02-20 02:00:00+01:00;4502,000;1,000;MESURE
2025-02-20 03:00:00+01:00;4475,000;1,000;MESURE
2025-02-20 04:00:00+01:00;4488,000;1,000;MESURE
2025-02-20 05:00:00+01:00;4939,000;1,000;MESURE
2025-02-20 06:00:00+01:00;4940,000;1,000;MESURE
2025-02-20 07:00:00+01:00;1106,000;1,000;MESURE
2025-02-20 08:00:00+01:00;0,000;1,000;MESURE
2025-02-20 09:00:00+01:00;0,000;1,000;MESURE
2025-02-20 10:00:00+01:00;0,000;1,000;MESURE
2025-02-20 11:00:00+01:00;0,000;1,000;MESURE
2025-02-20 12:00:00+01:00;0,000;1,000;MESURE
2025-02-20 13:00:00+01:00;0,000;1,000;MESURE
2025-02-20 14:00:00+01:00;0,000;1,000;MESURE
2025-02-20 15:00:00+01:00;0,000;1,000;MESURE
2025-02-20 16:00:00+01:00;0,000;1,000;MESURE
2025-02-20 17:00:00+01:00;1575,000;1,000;MESURE
2025-02-20 18:00:00+01:00;4854,000;1,000;MESURE
2025-02-20 19:00:00+01:00;4866,000;1,000;MESURE
2025-02-20 20:00:00+01:00;4896,000;1,000;MESURE
2025-02-20 21:00:00+01:00;4933,000;1,000;MESURE
2025-02-20 22:00:00+01:00;4498,000;1,000;MESURE
2025-02-20 23:00:00+01:00;4438,000;1,000;MESURE
2025-02-21 00:00:00+01:00;4491,000;1,000;MESURE
2025-02-21 01:00:00+01:00;4479,000;1,000;MESURE
2025-02-21 02:00:00+01:00;4475,000;1,000;MESURE
2025-02-21 03:00:00+01:00;4490,000;1,000;MESURE
2025-02-21 04:00:00+01:00;4460,000;1,000;MESURE
2025-02-21 05:00:00+01:00;4895,000;1,000;MESURE
2025-02-21 06:00:00+01:00;4928,000;1,000;MESURE
2025-02-21 07:00:00+01:00;940,000;1,000;MESURE
2025-02-21 08:00:00+01:00;0,000;1,000;MESURE
2025-02-21 09:00:00+01:00;0,000;1,000;MESURE
2025-02-21 10:00:00+01:00;0,000;1,000;MESURE
2025-02-21 11:00:00+01:00;0,000;1,000;MESURE
2025-02-21 12:00:00+01:00;0,000;1,000;MESURE
2025-02-21 13:00:00+01:00;0,000;1,000;MESURE
2025-02-21 14:00:00+01:00;0,000;1,000;MESURE
2025-02-21 15:00:00+01:00;0,000;1,000;MESURE
2025-02-21 16:00:00+01:00;0,000;1,000;MESURE
2025-02-21 17:00:00+01:00;1420,000;1,000;MESURE
2025-02-21 18:00:00+01:00;4867,000;1,000;MESURE
2025-02-21 19:00:00+01:00;4874,000;1,000;MESURE
2025-02-21 20:00:00+01:00;4908,000;1,000;MESURE
2025-02-21 21:00:00+01:00;4923,000;1,000;MESURE
2025-02-21 22:00:00+01:00;4484,000;1,000;MESURE
2025-02-21 23:00:00+01:00;4426,000;1,000;MESURE
2025-02-22 00:00:00+01:00;4465,000;1,000;MESURE
2025-02-22 01:00:00+01:00;4463,000;1,000;MESURE
2025-02-22 02:00:00+01:00;4449,000;1,000;MESURE
2025-02-22 03:00:00+01:00;4498,000;1,000;MESURE
2025-02-22 04:00:00+01:00;4497,000;1,000;MESURE
2025-02-22 05:00:00+01:00;4963,000;1,000;MESURE
2025-02-22 06:00:00+01:00;5000,000;1,000;MESURE
2025-02-22 07:00:00+01:00;855,000;1,000;MESURE
2025-02-22 08:00:00+01:00;0,000;1,000;MESURE
2025-02-22 09:00:00+01:00;0,000;1,000;MESURE
2025-02-22 10:00:00+01:00;0,000;1,000;MESURE
2025-02-22 11:00:00+01:00;0,000;1,000;MESURE
2025-02-22 12:00:00+01:00;0,000;1,000;MESURE
2025-02-22 13:00:00+01:00;0,000;1,000;MESURE
2025-02-22 14:00:00+01:00;0,000;1,000;MESURE
2025-02-22 15:00:00+01:00;0,000;1,000;MESURE
2025-02-22 16:00:00+01:00;0,000;1,000;MESURE
2025-02-22 17:00:00+01:00;1323,000;1,000;MESURE
2025-02-22 18:00:00+01:00;4912,000;1,000;MESURE
2025-02-22 19:00:00+01:00;4951,000;1,000;MESURE
2025-02-22 20:00:00+01:00;4893,000;1,000;MESURE
2025-02-22 21:00:00+01:00;4932,000;1,000;MESURE
2025-02-22 22:00:00+01:00;4464,000;1,000;MESURE
2025-02-22 23:00:00+01:00;4448,000;1,000;MESURE
2025-02-23 00:00:00+01:00;4493,000;1,000;MESURE
2025-02-23 01:00:00+01:00;4451,000;1,000;MESURE
2025-02-23 02:00:00+01:00;4459,000;1,000;MESURE
2025-02-23 03:00:00+01:00;4465,000;1,000;MESURE
2025-02-23 04:00:00+01:00;4455,000;1,000;MESURE
2025-02-23 05:00:00+01:00;4914,000;1,000;MESURE
2025-02-23 06:00:00+01:00;4913,000;1,000;MESURE
2025-02-23 07:00:00+01:00;681,000;1,000;MESURE
2025-02-23 08:00:00+01:00;0,000;1,000;MESURE
2025-02-23 09:00:00+01:00;0,000;1,000;MESURE
2025-02-23 10:00:00+01:00;0,000;1,000;MESURE
2025-02-23 11:00:00+01:00;0,000;1,000;MESURE
2025-02-23 12:00:00+01:00;0,000;1,000;MESURE
2025-02-23 13:00:00+01:00;0,000;1,000;MESURE
2025-02-23 14:00:00+01:00;0,000;1,000;MESURE
2025-02-23 15:00:00+01:00;0,000;1,000;MESURE
2025-02-23 16:00:00+01:00;0,000;1,000;MESURE
2025-02-23 17:00:00+01:00;1162,000;1,000;MESURE
2025-02-23 18:00:00+01:00;4940,000;1,000;MESURE
2025-02-23 19:00:00+01:00;4948,000;1,000;MESURE
2025-02-23 20:00:00+01:00;4945,000;1,000;MESURE
2025-02-23 21:00:00+01:00;4931,000;1,000;MESURE
2025-02-23 22:00:00+01:00;4449,000;1,000;MESURE
2025-02-23 23:00:00+01:00;4489,000;1,000;MESURE
2025-02-24 00:00:00+01:00;4489,000;1,000;MESURE
2025-02-24 01:00:00+01:00;4512,000;1,000;MESURE
2025-02-24 02:00:00+01:00;4527,000;1,000;MESURE
2025-02-24 03:00:00+01:00;4538,000;1,000;MESURE
2025-02-24 04:00:00+01:00;4531,000;1,000;MESURE
2025-02-24 05:00:00+01:00;4942,000;1,000;MESURE
2025-02-24 06:00:00+01:00;4973,000;1,000;MESURE
2025-02-24 07:00:00+01:00;531,000;1,000;MESURE
2025-02-24 08:00:00+01:00;0,000;1,000;MESURE
2025-02-24 09:00:00+01:00;0,000;1,000;MESURE
2025-02-24 10:00:00+01:00;0,000;1,000;MESURE
2025-02-24 11:00:00+01:00;0,000;1,000;MESURE
2025-02-24 12:00:00+01:00;0,000;1,000;MESURE
2025-02-24 13:00:00+01:00;0,000;1,000;MESURE
2025-02-24 14:00:00+01:00;0,000;1,000;MESURE
2025-02-24 15:00:00+01:00;0,000;1,000;MESURE
2025-02-24 16:00:00+01:00;0,000;1,000;MESURE
2025-02-24 17:00:00+01:00;1094,000;1,000;MESURE
2025-02-24 18:00:00+01:00;4875,000;1,000;MESURE
2025-02-24 19:00:00+01:00;4890,000;1,000;MESURE
2025-02-24 20:00:00+01:00;4932,000;1,000;MESURE
2025-02-24 21:00:00+01:00;4963,000;1,000;MESURE
2025-02-24 22:00:00+01:00;4530,000;1,000;MESURE
2025-02-24 23:00:00+01:00;4494,000;1,000;MESURE
2025-02-25 00:00:00+01:00;4514,000;1,000;MESURE
2025-02-25 01:00:00+01:00;4550,000;1,000;MESURE
2025-02-25 02:00:00+01:00;4531,000;1,000;MESURE
2025-02-25 03:00:00+01:00;4561,000;1,000;MESURE
2025-02-25 04:00:00+01:00;4573,000;1,000;MESURE
2025-02-25 05:00:00+01:00;5005,000;1,000;MESURE
2025-02-25 06:00:00+01:00;4976,000;1,000;MESURE
2025-02-25 07:00:00+01:00;441,000;1,000;MESURE
2025-02-25 08:00:00+01:00;0,000;1,000;MESURE
2025-02-25 09:00:00+01:00;0,000;1,000;MESURE
2025-02-25 10:00:00+01:00;0,000;1,000;MESURE
2025-02-25 11:00:00+01:00;0,000;1,000;MESURE
2025-02-25 12:00:00+01:00;0,000;1,000;MESURE
2025-02-25 13:00:00+01:00;0,000;1,000;MESURE
2025-02-25 14:00:00+01:00;0,000;1,000;MESURE
2025-02-25 15:00:00+01:00;0,000;1,000;MESURE
2025-02-25 16:00:00+01:00;0,000;1,000;MESURE
2025-02-25 17:00:00+01:00;916,000;1,000;MESURE
2025-02-25 18:00:00+01:00;4846,000;1,000;MESURE
2025-02-25 19:00:00+01:00;4897,000;1,000;MESURE
2025-02-25 20:00:00+01:00;4886,000;1,000;MESURE
2025-02-25 21:00:00+01:00;4937,000;1,000;MESURE
2025-02-25 22:00:00+01:00;4494,000;1,000;MESURE
2025-02-25 23:00:00+01:00;4458,000;1,000;MESURE
2025-02-26 00:00:00+01:00;4458,000;1,000;MESURE
2025-02-26 01:00:00+01:00;4444,000;1,000;MESURE
2025-02-26 02:00:00+01:00;4426,000;1,000;MESURE
2025-02-26 03:00:00+01:00;4445,000;1,000;MESURE
2025-02-26 04:00:00+01:00;4445,000;1,000;MESURE
2025-02-26 05:00:00+01:00;4889,000;1,000;MESURE
2025-02-26 06:00:00+01:00;4902,000;1,000;MESURE
2025-02-26 07:00:00+01:00;270,000;1,000;MESURE
2025-02-26 08:00:00+01:00;0,000;1,000;MESURE
2025-02-26 09:00:00+01:00;0,000;1,000;MESURE
2025-02-26 10:00:00+01:00;0,000;1,000;MESURE
2025-02-26 11:00:00+01:00;0,000;1,000;MESURE
2025-02-26 12:00:00+01:00;0,000;1,000;MESURE
2025-02-26 13:00:00+01:00;0,000;1,000;MESURE
2025-02-26 14:00:00+01:00;0,000;1,000;MESURE
2025-02-26 15:00:00+01:00;0,000;1,000;MESURE
2025-02-26 16:00:00+01:00;0,000;1,000;MESURE
2025-02-26 17:00:00+01:00;841,000;1,000;MESURE
2025-02-26 18:00:00+01:00;4846,000;1,000;MESURE
2025-02-26 19:00:00+01:00;4857,000;1,000;MESURE
2025-02-26 20:00:00+01:00;4871,000;1,000;MESURE
2025-02-26 21:00:00+01:00;4878,000;1,000;MESURE
2025-02-26 22:00:00+01:00;4442,000;1,000;MESURE
2025-02-26 23:00:00+01:00;4423,000;1,000;MESURE
2025-02-27 00:00:00+01:00;4468,000;1,000;MESURE
2025-02-27 01:00:00+01:00;4448,000;1,000;MESURE
2025-02-27 02:00:00+01:00;4415,000;1,000;MESURE
2025-02-27 03:00:00+01:00;4455,000;1,000;MESURE
2025-02-27 04:00:00+01:00;4456,000;1,000;MESURE
2025-02-27 05:00:00+01:00;4915,000;1,000;MESURE
2025-02-27 06:00:00+01:00;4909,000;1,000;MESURE
2025-02-27 07:00:00+01:00;111,000;1,000;MESURE
2025-02-27 08:00:00+01:00;0,000;1,000;MESURE
2025-02-27 09:00:00+01:00;0,000;1,000;MESURE
2025-02-27 10:00:00+01:00;0,000;1,000;MESURE
2025-02-27 11:00:00+01:00;0,000;1,000;MESURE
2025-02-27 12:00:00+01:00;0,000;1,000;MESURE
2025-02-27 13:00:00+01:00;0,000;1,000;MESURE
2025-02-27 14:00:00+01:00;0,000;1,000;MESURE
2025-02-27 15:00:00+01:00;0,000;1,000;MESURE
2025-02-27 16:00:00+01:00;0,000;1,000;MESURE
2025-02-27 17:00:00+01:00;762,000;1,000;MESURE
2025-02-27 18:00:00+01:00;4838,000;1,000;MESURE
2025-02-27 19:00:00+01:00;4845,000;1,000;MESURE
2025-02-27 20:00:00+01:00;4870,000;1,000;MESURE
2025-02-27 21:00:00+01:00;4874,000;1,000;MESURE
2025-02-27 22:00:00+01:00;4451,000;1,000;MESURE
2025-02-27 23:00:00+01:00;4422,000;1,000;MESURE
2025-02-28 00:00:00+01:00;4459,000;1,000;MESURE
2025-02-28 01:00:00+01:00;4445,000;1,000;MESURE
2025-02-28 02:00:00+01:00;4461,000;1,000;MESURE
2025-02-28 03:00:00+01:00;4470,000;1,000;MESURE
2025-02-28 04:00:00+01:00;4451,000;1,000;MESURE
2025-02-28 05:00:00+01:00;4864,000;1,000;MESURE
2025-02-28 06:00:00+01:00;4927,000;1,000;MESURE
2025-02-28 07:00:00+01:00;0,000;1,000;MESURE
2025-02-28 08:00:00+01:00;0,000;1,000;MESURE
2025-02-28 09:00:00+01:00;0,000;1,000;MESURE
2025-02-28 10:00:00+01:00;0,000;1,000;MESURE
2025-02-28 11:00:00+01:00;0,000;1,000;MESURE
2025-02-28 12:00:00+01:00;0,000;1,000;MESURE
2025-02-28 13:00:00+01:00;0,000;1,000;MESURE
2025-02-28 14:00:00+01:00;0,000;1,000;MESURE
2025-02-28 15:00:00+01:00;0,000;1,000;MESURE
2025-02-28 16:00:00+01:00;0,000;1,000;MESURE
2025-02-28 17:00:00+01:00;584,000;1,000;MESURE
2025-02-28 18:00:00+01:00;4825,000;1,000;MESURE
2025-02-28 19:00:00+01:00;4845,000;1,000;MESURE
2025-02-28 20:00:00+01:00;4861,000;1,000;MESURE
2025-02-28 21:00:00+01:00;4867,000;1,000;MESURE
2025-02-28 22:00:00+01:00;4433,000;1,000;MESURE
2025-02-28 23:00:00+01:00;4410,000;1,000;MESURE
2025-03-01 00:00:00+01:00;4458,000;1,000;MESURE
2025-03-01 01:00:00+01:00;4480,000;1,000;MESURE
2025-03-01 02:00:00+01:00;4458,000;1,000;MESURE
2025-03-01 03:00:00+01:00;4492,000;1,000;MESURE
2025-03-01 04:00:00+01:00;4494,000;1,000;MESURE
2025-03-01 05:00:00+01:00;4949,000;1,000;MESURE
2025-03-01 06:00:00+01:00;4739,000;1,000;MESURE
2025-03-01 07:00:00+01:00;0,000;1,000;MESURE
2025-03-01 08:00:00+01:00;0,000;1,000;MESURE
2025-03-01 09:00:00+01:00;0,000;1,000;MESURE
2025-03-01 10:00:00+01:00;0,000;1,000;MESURE
2025-03-01 11:00:00+01:00;0,000;1,000;MESURE
2025-03-01 12:00:00+01:00;0,000;1,000;MESURE
2025-03-01 13:00:00+01:00;0,000;1,000;MESURE
2025-03-01 14:00:00+01:00;0,000;1,000;MESURE
2025-03-01 15:00:00+01:00;0,000;1,000;MESURE
2025-03-01 16:00:00+01:00;0,000;1,000;MESURE
2025-03-01 17:00:00+01:00;508,000;1,000;MESURE
2025-03-01 18:00:00+01:00;4859,000;1,000;MESURE
2025-03-01 19:00:00+01:00;4907,000;1,000;MESURE
2025-03-01 20:00:00+01:00;4940,000;1,000;MESURE
2025-03-01 21:00:00+01:00;4867,000;1,000;MESURE
2025-03-01 22:00:00+01:00;4398,000;1,000;MESURE
2025-03-01 23:00:00+01:00;4392,000;1,000;MESURE
2025-03-02 00:00:00+01:00;4426,000;1,000;MESURE
2025-03-02 01:00:00+01:00;4429,000;1,000;MESURE
2025-03-02 02:00:00+01:00;4426,000;1,000;MESURE
2025-03-02 03:00:00+01:00;4434,000;1,000;MESURE
2025-03-02 04:00:00+01:00;4445,000;1,000;MESURE
2025-03-02 05:00:00+01:00;4926,000;1,000;MESURE
2025-03-02 06:00:00+01:00;4608,000;1,000;MESURE
2025-03-02 07:00:00+01:00;0,000;1,000;MESURE
2025-03-02 08:00:00+01:00;0,000;1,000;MESURE
2025-03-02 09:00:00+01:00;0,000;1,000;MESURE
2025-03-02 10:00:00+01:00;0,000;1,000;MESURE
2025-03-02 11:00:00+01:00;0,000;1,000;MESURE
2025-03-02 12:00:00+01:00;0,000;1,000;MESURE
2025-03-02 13:00:00+01:00;0,000;1,000;MESURE
2025-03-02 14:00:00+01:00;0,000;1,000;MESURE
2025-03-02 15:00:00+01:00;0,000;1,000;MESURE
2025-03-02 16:00:00+01:00;0,000;1,000;MESURE
2025-03-02 17:00:00+01:00;343,000;1,000;MESURE
2025-03-02 18:00:00+01:00;4899,000;1,000;MESURE
2025-03-02 19:00:00+01:00;4918,000;1,000;MESURE
2025-03-02 20:00:00+01:00;4931,000;1,000;MESURE
2025-03-02 21:00:00+01:00;4865,000;1,000;MESURE
2025-03-02 22:00:00+01:00;4442,000;1,000;MESURE
2025-03-02 23:00:00+01:00;4466,000;1,000;MESURE
2025-03-03 00:00:00+01:00;4436,000;1,000;MESURE
2025-03-03 01:00:00+01:00;4464,000;1,000;MESURE
2025-03-03 02:00:00+01:00;4434,000;1,000;MESURE
2025-03-03 03:00:00+01:00;4448,000;1,000;MESURE
2025-03-03 04:00:00+01:00;4434,000;1,000;MESURE
2025-03-03 05:00:00+01:00;4924,000;1,000;MESURE
2025-03-03 06:00:00+01:00;4458,000;1,000;MESURE
2025-03-03 07:00:00+01:00;0,000;1,000;MESURE
2025-03-03 08:00:00+01:00;0,000;1,000;MESURE
2025-03-03 09:00:00+01:00;0,000;1,000;MESURE
2025-03-03 10:00:00+01:00;0,000;1,000;MESURE
2025-03-03 11:00:00+01:00;0,000;1,000;MESURE
2025-03-03 12:00:00+01:00;0,000;1,000;MESURE
2025-03-03 13:00:00+01:00;0,000;1,000;MESURE
2025-03-03 14:00:00+01:00;0,000;1,000;MESURE
2025-03-03 15:00:00+01:00;0,000;1,000;MESURE
2025-03-03 16:00:00+01:00;0,000;1,000;MESURE
2025-03-03 17:00:00+01:00;263,000;1,000;MESURE
2025-03-03 18:00:00+01:00;4862,000;1,000;MESURE
2025-03-03 19:00:00+01:00;4887,000;1,000;MESURE
2025-03-03 20:00:00+01:00;4929,000;1,000;MESURE
2025-03-03 21:00:00+01:00;4960,000;1,000;MESURE
2025-03-03 22:00:00+01:00;4475,000;1,000;MESURE
2025-03-03 23:00:00+01:00;4474,000;1,000;MESURE
2025-03-04 00:00:00+01:00;4497,000;1,000;MESURE
2025-03-04 01:00:00+01:00;4472,000;1,000;MESURE
2025-03-04 02:00:00+01:00;4495,000;1,000;MESURE
2025-03-04 03:00:00+01:00;4482,000;1,000;MESURE
2025-03-04 04:00:00+01:00;4476,000;1,000;MESURE
2025-03-04 05:00:00+01:00;4923,000;1,000;MESURE
2025-03-04 06:00:00+01:00;4301,000;1,000;MESURE
2025-03-04 07:00:00+01:00;0,000;1,000;MESURE
2025-03-04 08:00:00+01:00;0,000;1,000;MESURE
2025-03-04 09:00:00+01:00;0,000;1,000;MESURE
2025-03-04 10:00:00+01:00;0,000;1,000;MESURE
2025-03-04 11:00:00+01:00;0,000;1,000;MESURE
2025-03-04 12:00:00+01:00;0,000;1,000;MESURE
2025-03-04 13:00:00+01:00;0,000;1,000;MESURE
2025-03-04 14:00:00+01:00;0,000;1,000;MESURE
2025-03-04 15:00:00+01:00;0,000;1,000;MESURE
2025-03-04 16:00:00+01:00;0,000;1,000;MESURE
2025-03-04 17:00:00+01:00;190,000;1,000;MESURE
2025-03-04 18:00:00+01:00;4850,000;1,000;MESURE
2025-03-04 19:00:00+01:00;4941,000;1,000;MESURE
2025-03-04 20:00:00+01:00;4946,000;1,000;MESURE
2025-03-04 21:00:00+01:00;4858,000;1,000;MESURE
2025-03-04 22:00:00+01:00;4420,000;1,000;MESURE
2025-03-04 23:00:00+01:00;4422,000;1,000;MESURE
2025-03-05 00:00:00+01:00;4471,000;1,000;MESURE
2025-03-05 01:00:00+01:00;4469,000;1,000;MESURE
2025-03-05 02:00:00+01:00;4489,000;1,000;MESURE
2025-03-05 03:00:00+01:00;4488,000;1,000;MESURE
2025-03-05 04:00:00+01:00;4435,000;1,000;MESURE
2025-03-05 05:00:00+01:00;4950,000;1,000;MESURE
2025-03-05 06:00:00+01:00;4109,000;1,000;MESURE
2025-03-05 07:00:00+01:00;0,000;1,000;MESURE
2025-03-05 08:00:00+01:00;0,000;1,000;MESURE
2025-03-05 09:00:00+01:00;0,000;1,000;MESURE
2025-03-05 10:00:00+01:00;0,000;1,000;MESURE
2025-03-05 11:00:00+01:00;0,000;1,000;MESURE
2025-03-05 12:00:00+01:00;0,000;1,000;MESURE
2025-03-05 13:00:00+01:00;0,000;1,000;MESURE
2025-03-05 14:00:00+01:00;0,000;1,000;MESURE
2025-03-05 15:00:00+01:00;0,000;1,000;MESURE
2025-03-05 16:00:00+01:00;0,000;1,000;MESURE
2025-03-05 17:00:00+01:00;30,000;1,000;MESURE
2025-03-05 18:00:00+01:00;4799,000;1,000;MESURE
2025-03-05 19:00:00+01:00;4808,000;1,000;MESURE
2025-03-05 20:00:00+01:00;4866,000;1,000;MESURE
2025-03-05 21:00:00+01:00;4851,000;1,000;MESURE
2025-03-05 22:00:00+01:00;4415,000;1,000;MESURE
2025-03-05 23:00:00+01:00;4416,000;1,000;MESURE
2025-03-06 00:00:00+01:00;4409,000;1,000;MESURE
2025-03-06 01:00:00+01:00;4418,000;1,000;MESURE
2025-03-06 02:00:00+01:00;4418,000;1,000;MESURE
2025-03-06 03:00:00+01:00;4420,000;1,000;MESURE
2025-03-06 04:00:00+01:00;4456,000;1,000;MESURE
2025-03-06 05:00:00+01:00;4945,000;1,000;MESURE
2025-03-06 06:00:00+01:00;3999,000;1,000;MESURE
2025-03-06 07:00:00+01:00;0,000;1,000;MESURE
2025-03-06 08:00:00+01:00;0,000;1,000;MESURE
2025-03-06 09:00:00+01:00;0,000;1,000;MESURE
2025-03-06 10:00:00+01:00;0,000;1,000;MESURE
2025-03-06 11:00:00+01:00;0,000;1,000;MESURE
2025-03-06 12:00:00+01:00;0,000;1,000;MESURE
2025-03-06 13:00:00+01:00;0,000;1,000;MESURE
2025-03-06 14:00:00+01:00;0,000;1,000;MESURE
2025-03-06 15:00:00+01:00;0,000;1,000;MESURE
2025-03-06 16:00:00+01:00;0,000;1,000;MESURE
2025-03-06 17:00:00+01:00;0,000;1,000;MESURE
2025-03-06 18:00:00+01:00;4746,000;1,000;MESURE
2025-03-06 19:00:00+01:00;4836,000;1,000;MESURE
2025-03-06 20:00:00+01:00;4844,000;1,000;MESURE
2025-03-06 21:00:00+01:00;4856,000;1,000;MESURE
2025-03-06 22:00:00+01:00;4428,000;1,000;MESURE
2025-03-06 23:00:00+01:00;4483,000;1,000;MESURE
2025-03-07 00:00:00+01:00;4446,000;1,000;MESURE
2025-03-07 01:00:00+01:00;4472,000;1,000;MESURE
2025-03-07 02:00:00+01:00;4439,000;1,000;MESURE
2025-03-07 03:00:00+01:00;4443,000;1,000;MESURE
2025-03-07 04:00:00+01:00;4434,000;1,000;MESURE
2025-03-07 05:00:00+01:00;4889,000;1,000;MESURE
2025-03-07 06:00:00+01:00;3789,000;1,000;MESURE
2025-03-07 07:00:00+01:00;0,000;1,000;MESURE
2025-03-07 08:00:00+01:00;0,000;1,000;MESURE
2025-03-07 09:00:00+01:00;0,000;1,000;MESURE
2025-03-07 10:00:00+01:00;0,000;1,000;MESURE
2025-03-07 11:00:00+01:00;0,000;1,000;MESURE
2025-03-07 12:00:00+01:00;0,000;1,000;MESURE
2025-03-07 13:00:00+01:00;0,000;1,000;MESURE
2025-03-07 14:00:00+01:00;0,000;1,000;MESURE
2025-03-07 15:00:00+01:00;0,000;1,000;MESURE
2025-03-07 16:00:00+01:00;0,000;1,000;MESURE
2025-03-07 17:00:00+01:00;0,000;1,000;MESURE
2025-03-07 18:00:00+01:00;4631,000;1,000;MESURE
2025-03-07 19:00:00+01:00;4849,000;1,000;MESURE
2025-03-07 20:00:00+01:00;4887,000;1,000;MESURE
2025-03-07 21:00:00+01:00;4903,000;1,000;MESURE
2025-03-07 22:00:00+01:00;4468,000;1,000;MESURE
2025-03-07 23:00:00+01:00;4414,000;1,000;MESURE
2025-03-08 00:00:00+01:00;4421,000;1,000;MESURE
2025-03-08 01:00:00+01:00;4418,000;1,000;MESURE
2025-03-08 02:00:00+01:00;4409,000;1,000;MESURE
2025-03-08 03:00:00+01:00;4412,000;1,000;MESURE
2025-03-08 04:00:00+01:00;4461,000;1,000;MESURE
2025-03-08 05:00:00+01:00;4903,000;1,000;MESURE
2025-03-08 06:00:00+01:00;3691,000;1,000;MESURE
2025-03-08 07:00:00+01:00;0,000;1,000;MESURE
2025-03-08 08:00:00+01:00;0,000;1,000;MESURE
2025-03-08 09:00:00+01:00;0,000;1,000;MESURE
2025-03-08 10:00:00+01:00;0,000;1,000;MESURE
2025-03-08 11:00:00+01:00;0,000;1,000;MESURE
2025-03-08 12:00:00+01:00;0,000;1,000;MESURE
2025-03-08 13:00:00+01:00;0,000;1,000;MESURE
2025-03-08 14:00:00+01:00;0,000;1,000;MESURE
2025-03-08 15:00:00+01:00;0,000;1,000;MESURE
2025-03-08 16:00:00+01:00;0,000;1,000;MESURE
2025-03-08 17:00:00+01:00;0,000;1,000;MESURE
2025-03-08 18:00:00+01:00;4523,000;1,000;MESURE
2025-03-08 19:00:00+01:00;4839,000;1,000;MESURE
2025-03-08 20:00:00+01:00;4833,000;1,000;MESURE
2025-03-08 21:00:00+01:00;4856,000;1,000;MESURE
2025-03-08 22:00:00+01:00;4413,000;1,000;MESURE
2025-03-08 23:00:00+01:00;4467,000;1,000;MESURE
2025-03-09 00:00:00+01:00;4408,000;1,000;MESURE
2025-03-09 01:00:00+01:00;4415,000;1,000;MESURE
2025-03-09 02:00:00+01:00;4406,000;1,000;MESURE
2025-03-09 03:00:00+01:00;4426,000;1,000;MESURE
2025-03-09 04:00:00+01:00;4431,000;1,000;MESURE
2025-03-09 05:00:00+01:00;4872,000;1,000;MESURE
2025-03-09 06:00:00+01:00;3501,000;1,000;MESURE
2025-03-09 07:00:00+01:00;0,000;1,000;MESURE
2025-03-09 08:00:00+01:00;0,000;1,000;MESURE
2025-03-09 09:00:00+01:00;0,000;1,000;MESURE
2025-03-09 10:00:00+01:00;0,000;1,000;MESURE
2025-03-09 11:00:00+01:00;0,000;1,000;MESURE
2025-03-09 12:00:00+01:00;0,000;1,000;MESURE
2025-03-09 13:00:00+01:00;0,000;1,000;MESURE
2025-03-09 14:00:00+01:00;0,000;1,000;MESURE
2025-03-09 15:00:00+01:00;0,000;1,000;MESURE
2025-03-09 16:00:00+01:00;0,000;1,000;MESURE
2025-03-09 17:00:00+01:00;0,000;1,000;MESURE
2025-03-09 18:00:00+01:00;4473,000;1,000;MESURE
2025-03-09 19:00:00+01:00;4831,000;1,000;MESURE
2025-03-09 20:00:00+01:00;4887,000;1,000;MESURE
2025-03-09 21:00:00+01:00;4927,000;1,000;MESURE
2025-03-09 22:00:00+01:00;4480,000;1,000;MESURE
2025-03-09 23:00:00+01:00;4451,000;1,000;MESURE
2025-03-10 00:00:00+01:00;4461,000;1,000;MESURE
2025-03-10 01:00:00+01:00;4474,000;1,000;MESURE
2025-03-10 02:00:00+01:00;4451,000;1,000;MESURE
2025-03-10 03:00:00+01:00;4469,000;1,000;MESURE
2025-03-10 04:00:00+01:00;4488,000;1,000;MESURE
2025-03-10 05:00:00+01:00;4908,000;1,000;MESURE
2025-03-10 06:00:00+01:00;3358,000;1,000;MESURE
2025-03-10 07:00:00+01:00;0,000;1,000;MESURE
2025-03-10 08:00:00+01:00;0,000;1,000;MESURE
2025-03-10 09:00:00+01:00;0,000;1,000;MESURE
2025-03-10 10:00:00+01:00;0,000;1,000;MESURE
2025-03-10 11:00:00+01:00;0,000;1,000;MESURE
2025-03-10 12:00:00+01:00;0,000;1,000;MESURE
2025-03-10 13:00:00+01:00;0,000;1,000;MESURE
2025-03-10 14:00:00+01:00;0,000;1,000;MESURE
2025-03-10 15:00:00+01:00;0,000;1,000;MESURE
2025-03-10 16:00:00+01:00;0,000;1,000;MESURE
2025-03-10 17:00:00+01:00;0,000;1,000;MESURE
2025-03-10 18:00:00+01:00;4371,000;1,000;MESURE
2025-03-10 19:00:00+01:00;4932,000;1,000;MESURE
2025-03-10 20:00:00+01:00;4933,000;1,000;MESURE
2025-03-10 21:00:00+01:00;4900,000;1,000;MESURE
2025-03-10 22:00:00+01:00;4428,000;1,000;MESURE
2025-03-10 23:00:00+01:00;4401,000;1,000;MESURE
2025-03-11 00:00:00+01:00;4454,000;1,000;MESURE
2025-03-11 01:00:00+01:00;4473,000;1,000;MESURE
2025-03-11 02:00:00+01:00;4465,000;1,000;MESURE
2025-03-11 03:00:00+01:00;4486,000;1,000;MESURE
2025-03-11 04:00:00+01:00;4472,000;1,000;MESURE
2025-03-11 05:00:00+01:00;4883,000;1,000;MESURE
2025-03-11 06:00:00+01:00;3175,000;1,000;MESURE
2025-03-11 07:00:00+01:00;0,000;1,000;MESURE
2025-03-11 08:00:00+01:00;0,000;1,000;MESURE
2025-03-11 09:00:00+01:00;0,000;1,000;MESURE
2025-03-11 10:00:00+01:00;0,000;1,000;MESURE
2025-03-11 11:00:00+01:00;0,000;1,000;MESURE
2025-03-11 12:00:00+01:00;0,000;1,000;MESURE
2025-03-11 13:00:00+01:00;0,000;1,000;MESURE
2025-03-11 14:00:00+01:00;0,000;1,000;MESURE
2025-03-11 15:00:00+01:00;0,000;1,000;MESURE
2025-03-11 16:00:00+01:00;0,000;1,000;MESURE
2025-03-11 17:00:00+01:00;0,000;1,000;MESURE
2025-03-11 18:00:00+01:00;4283,000;1,000;MESURE
2025-03-11 19:00:00+01:00;4918,000;1,000;MESURE
2025-03-11 20:00:00+01:00;4908,000;1,000;MESURE
2025-03-11 21:00:00+01:00;4866,000;1,000;MESURE
2025-03-11 22:00:00+01:00;4428,000;1,000;MESURE
2025-03-11 23:00:00+01:00;4429,000;1,000;MESURE
2025-03-12 00:00:00+01:00;4437,000;1,000;MESURE
2025-03-12 01:00:00+01:00;4450,000;1,000;MESURE
2025-03-12 02:00:00+01:00;4443,000;1,000;MESURE
2025-03-12 03:00:00+01:00;4457,000;1,000;MESURE
2025-03-12 04:00:00+01:00;4465,000;1,000;MESURE
2025-03-12 05:00:00+01:00;4887,000;1,000;MESURE
2025-03-12 06:00:00+01:00;3020,000;1,000;MESURE
2025-03-12 07:00:00+01:00;0,000;1,000;MESURE
2025-03-12 08:00:00+01:00;0,000;1,000;MESURE
2025-03-12 09:00:00+01:00;0,000;1,000;MESURE
2025-03-12 10:00:00+01:00;0,000;1,000;MESURE
2025-03-12 11:00:00+01:00;0,000;1,000;MESURE
2025-03-12 12:00:00+01:00;0,000;1,000;MESURE
2025-03-12 13:00:00+01:00;0,000;1,000;MESURE
2025-03-12 14:00:00+01:00;0,000;1,000;MESURE
2025-03-12 15:00:00+01:00;0,000;1,000;MESURE
2025-03-12 16:00:00+01:00;0,000;1,000;MESURE
2025-03-12 17:00:00+01:00;0,000;1,000;MESURE
2025-03-12 18:00:00+01:00;4203,000;1,000;MESURE
2025-03-12 19:00:00+01:00;4925,000;1,000;MESURE
2025-03-12 20:00:00+01:00;4903,000;1,000;MESURE
2025-03-12 21:00:00+01:00;4887,000;1,000;MESURE
2025-03-12 22:00:00+01:00;4431,000;1,000;MESURE
2025-03-12 23:00:00+01:00;4402,000;1,000;MESURE
2025-03-13 00:00:00+01:00;4436,000;1,000;MESURE
2025-03-13 01:00:00+01:00;4445,000;1,000;MESURE
2025-03-13 02:00:00+01:00;4424,000;1,000;MESURE
2025-03-13 03:00:00+01:00;4434,000;1,000;MESURE
2025-03-13 04:00:00+01:00;4444,000;1,000;MESURE
2025-03-13 05:00:00+01:00;4873,000;1,000;MESURE
2025-03-13 06:00:00+01:00;2901,000;1,000;MESURE
2025-03-13 07:00:00+01:00;0,000;1,000;MESURE
2025-03-13 08:00:00+01:00;0,000;1,000;MESURE
2025-03-13 09:00:00+01:00;0,000;1,000;MESURE
2025-03-13 10:00:00+01:00;0,000;1,000;MESURE
2025-03-13 11:00:00+01:00;0,000;1,000;MESURE
2025-03-13 12:00:00+01:00;0,000;1,000;MESURE
2025-03-13 13:00:00+01:00;0,000;1,000;MESURE
2025-03-13 14:00:00+01:00;0,000;1,000;MESURE
2025-03-13 15:00:00+01:00;0,000;1,000;MESURE
2025-03-13 16:00:00+01:00;0,000;1,000;MESURE
2025-03-13 17:00:00+01:00;0,000;1,000;MESURE
2025-03-13 18:00:00+01:00;4015,000;1,000;MESURE
2025-03-13 19:00:00+01:00;4899,000;1,000;MESURE
2025-03-13 20:00:00+01:00;4938,000;1,000;MESURE
2025-03-13 21:00:00+01:00;4857,000;1,000;MESURE
2025-03-13 22:00:00+01:00;4441,000;1,000;MESURE
2025-03-13 23:00:00+01:00;4427,000;1,000;MESURE
2025-03-14 00:00:00+01:00;4422,000;1,000;MESURE
2025-03-14 01:00:00+01:00;4428,000;1,000;MESURE
2025-03-14 02:00:00+01:00;4427,000;1,000;MESURE
2025-03-14 03:00:00+01:00;4411,000;1,000;MESURE
2025-03-14 04:00:00+01:00;4432,000;1,000;MESURE
2025-03-14 05:00:00+01:00;4872,000;1,000;MESURE
2025-03-14 06:00:00+01:00;2739,000;1,000;MESURE
2025-03-14 07:00:00+01:00;0,000;1,000;MESURE
2025-03-14 08:00:00+01:00;0,000;1,000;MESURE
2025-03-14 09:00:00+01:00;0,000;1,000;MESURE
2025-03-14 10:00:00+01:00;0,000;1,000;MESURE
2025-03-14 11:00:00+01:00;0,000;1,000;MESURE
2025-03-14 12:00:00+01:00;0,000;1,000;MESURE
2025-03-14 13:00:00+01:00;0,000;1,000;MESURE
2025-03-14 14:00:00+01:00;0,000;1,000;MESURE
2025-03-14 15:00:00+01:00;0,000;1,000;MESURE
2025-03-14 16:00:00+01:00;0,000;1,000;MESURE
2025-03-14 17:00:00+01:00;0,000;1,000;MESURE
2025-03-14 18:00:00+01:00;3954,000;1,000;MESURE
2025-03-14 19:00:00+01:00;4902,000;1,000;MESURE
2025-03-14 20:00:00+01:00;4876,000;1,000;MESURE
2025-03-14 21:00:00+01:00;4875,000;1,000;MESURE
2025-03-14 22:00:00+01:00;4410,000;1,000;MESURE
2025-03-14 23:00:00+01:00;4442,000;1,000;MESURE
2025-03-15 00:00:00+01:00;4414,000;1,000;MESURE
2025-03-15 01:00:00+01:00;4436,000;1,000;MESURE
2025-03-15 02:00:00+01:00;4454,000;1,000;MESURE
2025-03-15 03:00:00+01:00;4457,000;1,000;MESURE
2025-03-15 04:00:00+01:00;4470,000;1,000;MESURE
2025-03-15 05:00:00+01:00;4913,000;1,000;MESURE
2025-03-15 06:00:00+01:00;2559,000;1,000;MESURE
2025-03-15 07:00:00+01:00;0,000;1,000;MESURE
2025-03-15 08:00:00+01:00;0,000;1,000;MESURE
2025-03-15 09:00:00+01:00;0,000;1,000;MESURE
2025-03-15 10:00:00+01:00;0,000;1,000;MESURE
2025-03-15 11:00:00+01:00;0,000;1,000;MESURE
2025-03-15 12:00:00+01:00;0,000;1,000;MESURE
2025-03-15 13:00:00+01:00;0,000;1,000;MESURE
2025-03-15 14:00:00+01:00;0,000;1,000;MESURE
2025-03-15 15:00:00+01:00;0,000;1,000;MESURE
2025-03-15 16:00:00+01:00;0,000;1,000;MESURE
2025-03-15 17:00:00+01:00;0,000;1,000;MESURE
2025-03-15 18:00:00+01:00;3785,000;1,000;MESURE
2025-03-15 19:00:00+01:00;4932,000;1,000;MESURE
2025-03-15 20:00:00+01:00;4967,000;1,000;MESURE
2025-03-15 21:00:00+01:00;4971,000;1,000;MESURE
2025-03-15 22:00:00+01:00;4513,000;1,000;MESURE
2025-03-15 23:00:00+01:00;4480,000;1,000;MESURE
2025-03-16 00:00:00+01:00;4512,000;1,000;MESURE
2025-03-16 01:00:00+01:00;4537,000;1,000;MESURE
2025-03-16 02:00:00+01:00;4545,000;1,000;MESURE
2025-03-16 03:00:00+01:00;4571,000;1,000;MESURE
2025-03-16 04:00:00+01:00;4584,000;1,000;MESURE
2025-03-16 05:00:00+01:00;5053,000;1,000;MESURE
2025-03-16 06:00:00+01:00;2463,000;1,000;MESURE
2025-03-16 07:00:00+01:00;0,000;1,000;MESURE
2025-03-16 08:00:00+01:00;0,000;1,000;MESURE
2025-03-16 09:00:00+01:00;0,000;1,000;MESURE
2025-03-16 10:00:00+01:00;0,000;1,000;MESURE
2025-03-16 11:00:00+01:00;0,000;1,000;MESURE
2025-03-16 12:00:00+01:00;0,000;1,000;MESURE
2025-03-16 13:00:00+01:00;0,000;1,000;MESURE
2025-03-16 14:00:00+01:00;0,000;1,000;MESURE
2025-03-16 15:00:00+01:00;0,000;1,000;MESURE
2025-03-16 16:00:00+01:00;0,000;1,000;MESURE
2025-03-16 17:00:00+01:00;0,000;1,000;MESURE
2025-03-16 18:00:00+01:00;3721,000;1,000;MESURE
2025-03-16 19:00:00+01:00;4968,000;1,000;MESURE
2025-03-16 20:00:00+01:00;5014,000;1,000;MESURE
2025-03-16 21:00:00+01:00;5050,000;1,000;MESURE
2025-03-16 22:00:00+01:00;4637,000;1,000;MESURE
2025-03-16 23:00:00+01:00;4635,000;1,000;MESURE
2025-03-17 00:00:00+01:00;4576,000;1,000;MESURE
2025-03-17 01:00:00+01:00;4646,000;1,000;MESURE
2025-03-17 02:00:00+01:00;4653,000;1,000;MESURE
2025-03-17 03:00:00+01:00;4671,000;1,000;MESURE
2025-03-17 04:00:00+01:00;4656,000;1,000;MESURE
2025-03-17 05:00:00+01:00;5065,000;1,000;MESURE
2025-03-17 06:00:00+01:00;2288,000;1,000;MESURE
2025-03-17 07:00:00+01:00;0,000;1,000;MESURE
2025-03-17 08:00:00+01:00;0,000;1,000;MESURE
2025-03-17 09:00:00+01:00;0,000;1,000;MESURE
2025-03-17 10:00:00+01:00;0,000;1,000;MESURE
2025-03-17 11:00:00+01:00;0,000;1,000;MESURE
2025-03-17 12:00:00+01:00;0,000;1,000;MESURE
2025-03-17 13:00:00+01:00;0,000;1,000;MESURE
2025-03-17 14:00:00+01:00;0,000;1,000;MESURE
2025-03-17 15:00:00+01:00;0,000;1,000;MESURE
2025-03-17 16:00:00+01:00;0,000;1,000;MESURE
2025-03-17 17:00:00+01:00;0,000;1,000;MESURE
2025-03-17 18:00:00+01:00;3676,000;1,000;MESURE
2025-03-17 19:00:00+01:00;4984,000;1,000;MESURE
2025-03-17 20:00:00+01:00;5013,000;1,000;MESURE
2025-03-17 21:00:00+01:00;5054,000;1,000;MESURE
2025-03-17 22:00:00+01:00;4613,000;1,000;MESURE
2025-03-17 23:00:00+01:00;4600,000;1,000;MESURE
2025-03-18 00:00:00+01:00;4639,000;1,000;MESURE
2025-03-18 01:00:00+01:00;4615,000;1,000;MESURE
2025-03-18 02:00:00+01:00;4604,000;1,000;MESURE
2025-03-18 03:00:00+01:00;4623,000;1,000;MESURE
2025-03-18 04:00:00+01:00;4631,000;1,000;MESURE
2025-03-18 05:00:00+01:00;5070,000;1,000;MESURE
2025-03-18 06:00:00+01:00;2117,000;1,000;MESURE
2025-03-18 07:00:00+01:00;0,000;1,000;MESURE
2025-03-18 08:00:00+01:00;0,000;1,000;MESURE
2025-03-18 09:00:00+01:00;0,000;1,000;MESURE
2025-03-18 10:00:00+01:00;0,000;1,000;MESURE
2025-03-18 11:00:00+01:00;0,000;1,000;MESURE
2025-03-18 12:00:00+01:00;0,000;1,000;MESURE
2025-03-18 13:00:00+01:00;0,000;1,000;MESURE
2025-03-18 14:00:00+01:00;0,000;1,000;MESURE
2025-03-18 15:00:00+01:00;0,000;1,000;MESURE
2025-03-18 16:00:00+01:00;0,000;1,000;MESURE
2025-03-18 17:00:00+01:00;0,000;1,000;MESURE
2025-03-18 18:00:00+01:00;3547,000;1,000;MESURE
2025-03-18 19:00:00+01:00;5034,000;1,000;MESURE
2025-03-18 20:00:00+01:00;5007,000;1,000;MESURE
2025-03-18 21:00:00+01:00;5006,000;1,000;MESURE
2025-03-18 22:00:00+01:00;4567,000;1,000;MESURE
2025-03-18 23:00:00+01:00;4580,000;1,000;MESURE
2025-03-19 00:00:00+01:00;4594,000;1,000;MESURE
2025-03-19 01:00:00+01:00;4597,000;1,000;MESURE
2025-03-19 02:00:00+01:00;4620,000;1,000;MESURE
2025-03-19 03:00:00+01:00;4530,000;1,000;MESURE
2025-03-19 04:00:00+01:00;4546,000;1,000;MESURE
2025-03-19 05:00:00+01:00;5064,000;1,000;MESURE
2025-03-19 06:00:00+01:00;1937,000;1,000;MESURE
2025-03-19 07:00:00+01:00;0,000;1,000;MESURE
2025-03-19 08:00:00+01:00;0,000;1,000;MESURE
2025-03-19 09:00:00+01:00;0,000;1,000;MESURE
2025-03-19 10:00:00+01:00;0,000;1,000;MESURE
2025-03-19 11:00:00+01:00;0,000;1,000;MESURE
2025-03-19 12:00:00+01:00;0,000;1,000;MESURE
2025-03-19 13:00:00+01:00;0,000;1,000;MESURE
2025-03-19 14:00:00+01:00;0,000;1,000;MESURE
2025-03-19 15:00:00+01:00;0,000;1,000;MESURE
2025-03-19 16:00:00+01:00;0,000;1,000;MESURE
2025-03-19 17:00:00+01:00;0,000;1,000;MESURE
2025-03-19 18:00:00+01:00;3423,000;1,000;MESURE
2025-03-19 19:00:00+01:00;5029,000;1,000;MESURE
2025-03-19 20:00:00+01:00;5018,000;1,000;MESURE
2025-03-19 21:00:00+01:00;4968,000;1,000;MESURE
2025-03-19 22:00:00+01:00;4528,000;1,000;MESURE
2025-03-19 23:00:00+01:00;4547,000;1,000;MESURE
2025-03-20 00:00:00+01:00;4599,000;1,000;MESURE
2025-03-20 01:00:00+01:00;4603,000;1,000;MESURE
2025-03-20 02:00:00+01:00;4604,000;1,000;MESURE
2025-03-20 03:00:00+01:00;4616,000;1,000;MESURE
2025-03-20 04:00:00+01:00;4622,000;1,000;MESURE
2025-03-20 05:00:00+01:00;5040,000;1,000;MESURE
2025-03-20 06:00:00+01:00;1762,000;1,000;MESURE
2025-03-20 07:00:00+01:00;0,000;1,000;MESURE
2025-03-20 08:00:00+01:00;0,000;1,000;MESURE
2025-03-20 09:00:00+01:00;0,000;1,000;MESURE
2025-03-20 10:00:00+01:00;0,000;1,000;MESURE
2025-03-20 11:00:00+01:00;0,000;1,000;MESURE
2025-03-20 12:00:00+01:00;0,000;1,000;MESURE
2025-03-20 13:00:00+01:00;0,000;1,000;MESURE
2025-03-20 14:00:00+01:00;0,000;1,000;MESURE
2025-03-20 15:00:00+01:00;0,000;1,000;MESURE
2025-03-20 16:00:00+01:00;0,000;1,000;MESURE
2025-03-20 17:00:00+01:00;0,000;1,000;MESURE
2025-03-20 18:00:00+01:00;3355,000;1,000;MESURE
2025-03-20 19:00:00+01:00;4999,000;1,000;MESURE
2025-03-20 20:00:00+01:00;5016,000;1,000;MESURE
2025-03-20 21:00:00+01:00;5004,000;1,000;MESURE
2025-03-20 22:00:00+01:00;4510,000;1,000;MESURE
2025-03-20 23:00:00+01:00;4542,000;1,000;MESURE
2025-03-21 00:00:00+01:00;4527,000;1,000;MESURE
2025-03-21 01:00:00+01:00;4536,000;1,000;MESURE
2025-03-21 02:00:00+01:00;4538,000;1,000;MESURE
2025-03-21 03:00:00+01:00;4557,000;1,000;MESURE
2025-03-21 04:00:00+01:00;4602,000;1,000;MESURE
2025-03-21 05:00:00+01:00;5017,000;1,000;MESURE
2025-03-21 06:00:00+01:00;1691,000;1,000;MESURE
2025-03-21 07:00:00+01:00;0,000;1,000;MESURE
2025-03-21 08:00:00+01:00;0,000;1,000;MESURE
2025-03-21 09:00:00+01:00;0,000;1,000;MESURE
2025-03-21 10:00:00+01:00;0,000;1,000;MESURE
2025-03-21 11:00:00+01:00;0,000;1,000;MESURE
2025-03-21 12:00:00+01:00;0,000;1,000;MESURE
2025-03-21 13:00:00+01:00;0,000;1,000;MESURE
2025-03-21 14:00:00+01:00;0,000;1,000;MESURE
2025-03-21 15:00:00+01:00;0,000;1,000;MESURE
2025-03-21 16:00:00+01:00;0,000;1,000;MESURE
2025-03-21 17:00:00+01:00;0,000;1,000;MESURE
2025-03-21 18:00:00+01:00;3153,000;1,000;MESURE
2025-03-21 19:00:00+01:00;4932,000;1,000;MESURE
2025-03-21 20:00:00+01:00;4932,000;1,000;MESURE
2025-03-21 21:00:00+01:00;4947,000;1,000;MESURE
2025-03-21 22:00:00+01:00;4530,000;1,000;MESURE
2025-03-21 23:00:00+01:00;4512,000;1,000;MESURE
2025-03-22 00:00:00+01:00;4575,000;1,000;MESURE
2025-03-22 01:00:00+01:00;4573,000;1,000;MESURE
2025-03-22 02:00:00+01:00;4557,000;1,000;MESURE
2025-03-22 03:00:00+01:00;4589,000;1,000;MESURE
2025-03-22 04:00:00+01:00;4593,000;1,000;MESURE
2025-03-22 05:00:00+01:00;5047,000;1,000;MESURE
2025-03-22 06:00:00+01:00;1532,000;1,000;MESURE
2025-03-22 07:00:00+01:00;0,000;1,000;MESURE
2025-03-22 08:00:00+01:00;0,000;1,000;MESURE
2025-03-22 09:00:00+01:00;0,000;1,000;MESURE
2025-03-22 10:00:00+01:00;0,000;1,000;MESURE
2025-03-22 11:00:00+01:00;0,000;1,000;MESURE
2025-03-22 12:00:00+01:00;0,000;1,000;MESURE
2025-03-22 13:00:00+01:00;0,000;1,000;MESURE
2025-03-22 14:00:00+01:00;0,000;1,000;MESURE
2025-03-22 15:00:00+01:00;0,000;1,000;MESURE
2025-03-22 16:00:00+01:00;0,000;1,000;MESURE
2025-03-22 17:00:00+01:00;0,000;1,000;MESURE
2025-03-22 18:00:00+01:00;3088,000;1,000;MESURE
2025-03-22 19:00:00+01:00;5005,000;1,000;MESURE
2025-03-22 20:00:00+01:00;4976,000;1,000;MESURE
2025-03-22 21:00:00+01:00;4932,000;1,000;MESURE
2025-03-22 22:00:00+01:00;4508,000;1,000;MESURE
2025-03-22 23:00:00+01:00;4585,000;1,000;MESURE
2025-03-23 00:00:00+01:00;4520,000;1,000;MESURE
2025-03-23 01:00:00+01:00;4511,000;1,000;MESURE
2025-03-23 02:00:00+01:00;4505,000;1,000;MESURE
2025-03-23 03:00:00+01:00;4504,000;1,000;MESURE
2025-03-23 04:00:00+01:00;4543,000;1,000;MESURE
2025-03-23 05:00:00+01:00;5010,000;1,000;MESURE
2025-03-23 06:00:00+01:00;1356,000;1,000;MESURE
2025-03-23 07:00:00+01:00;0,000;1,000;MESURE
2025-03-23 08:00:00+01:00;0,000;1,000;MESURE
2025-03-23 09:00:00+01:00;0,000;1,000;MESURE
2025-03-23 10:00:00+01:00;0,000;1,000;MESURE
2025-03-23 11:00:00+01:00;0,000;1,000;MESURE
2025-03-23 12:00:00+01:00;0,000;1,000;MESURE
2025-03-23 13:00:00+01:00;0,000;1,000;MESURE
2025-03-23 14:00:00+01:00;0,000;1,000;MESURE
2025-03-23 15:00:00+01:00;0,000;1,000;MESURE
2025-03-23 16:00:00+01:00;0,000;1,000;MESURE
2025-03-23 17:00:00+01:00;0,000;1,000;MESURE
2025-03-23 18:00:00+01:00;3006,000;1,000;MESURE
2025-03-23 19:00:00+01:00;4972,000;1,000;MESURE
2025-03-23 20:00:00+01:00;5016,000;1,000;MESURE
2025-03-23 21:00:00+01:00;5020,000;1,000;MESURE
2025-03-23 22:00:00+01:00;4562,000;1,000;MESURE
2025-03-23 23:00:00+01:00;4584,000;1,000;MESURE
2025-03-24 00:00:00+01:00;4563,000;1,000;MESURE
2025-03-24 01:00:00+01:00;4513,000;1,000;MESURE
2025-03-24 02:00:00+01:00;4578,000;1,000;MESURE
2025-03-24 03:00:00+01:00;4600,000;1,000;MESURE
2025-03-24 04:00:00+01:00;4602,000;1,000;MESURE
2025-03-24 05:00:00+01:00;5053,000;1,000;MESURE
2025-03-24 06:00:00+01:00;1174,000;1,000;MESURE
2025-03-24 07:00:00+01:00;0,000;1,000;MESURE
2025-03-24 08:00:00+01:00;0,000;1,000;MESURE
2025-03-24 09:00:00+01:00;0,000;1,000;MESURE
2025-03-24 10:00:00+01:00;0,000;1,000;MESURE
2025-03-24 11:00:00+01:00;0,000;1,000;MESURE
2025-03-24 12:00:00+01:00;0,000;1,000;MESURE
2025-03-24 13:00:00+01:00;0,000;1,000;MESURE
2025-03-24 14:00:00+01:00;0,000;1,000;MESURE
2025-03-24 15:00:00+01:00;0,000;1,000;MESURE
2025-03-24 16:00:00+01:00;0,000;1,000;MESURE
2025-03-24 17:00:00+01:00;0,000;1,000;MESURE
2025-03-24 18:00:00+01:00;2789,000;1,000;MESURE
2025-03-24 19:00:00+01:00;4951,000;1,000;MESURE
2025-03-24 20:00:00+01:00;4926,000;1,000;MESURE
2025-03-24 21:00:00+01:00;4977,000;1,000;MESURE
2025-03-24 22:00:00+01:00;4524,000;1,000;MESURE
2025-03-24 23:00:00+01:00;4538,000;1,000;MESURE
2025-03-25 00:00:00+01:00;4518,000;1,000;MESURE
2025-03-25 01:00:00+01:00;4514,000;1,000;MESURE
2025-03-25 02:00:00+01:00;4502,000;1,000;MESURE
2025-03-25 03:00:00+01:00;4519,000;1,000;MESURE
2025-03-25 04:00:00+01:00;4492,000;1,000;MESURE
2025-03-25 05:00:00+01:00;5009,000;1,000;MESURE
2025-03-25 06:00:00+01:00;1023,000;1,000;MESURE
2025-03-25 07:00:00+01:00;0,000;1,000;MESURE
2025-03-25 08:00:00+01:00;0,000;1,000;MESURE
2025-03-25 09:00:00+01:00;0,000;1,000;MESURE
2025-03-25 10:00:00+01:00;0,000;1,000;MESURE
2025-03-25 11:00:00+01:00;0,000;1,000;MESURE
2025-03-25 12:00:00+01:00;0,000;1,000;MESURE
2025-03-25 13:00:00+01:00;0,000;1,000;MESURE
2025-03-25 14:00:00+01:00;0,000;1,000;MESURE
2025-03-25 15:00:00+01:00;0,000;1,000;MESURE
2025-03-25 16:00:00+01:00;0,000;1,000;MESURE
2025-03-25 17:00:00+01:00;0,000;1,000;MESURE
2025-03-25 18:00:00+01:00;2716,000;1,000;MESURE
2025-03-25 19:00:00+01:00;4890,000;1,000;MESURE
2025-03-25 20:00:00+01:00;4932,000;1,000;MESURE
2025-03-25 21:00:00+01:00;4975,000;1,000;MESURE
2025-03-25 22:00:00+01:00;4551,000;1,000;MESURE
2025-03-25 23:00:00+01:00;4544,000;1,000;MESURE
2025-03-26 00:00:00+01:00;4556,000;1,000;MESURE
2025-03-26 01:00:00+01:00;4559,000;1,000;MESURE
2025-03-26 02:00:00+01:00;4529,000;1,000;MESURE
2025-03-26 03:00:00+01:00;4544,000;1,000;MESURE
2025-03-26 04:00:00+01:00;4534,000;1,000;MESURE
2025-03-26 05:00:00+01:00;4989,000;1,000;MESURE
2025-03-26 06:00:00+01:00;846,000;1,000;MESURE
2025-03-26 07:00:00+01:00;0,000;1,000;MESURE
2025-03-26 08:00:00+01:00;0,000;1,000;MESURE
2025-03-26 09:00:00+01:00;0,000;1,000;MESURE
2025-03-26 10:00:00+01:00;0,000;1,000;MESURE
2025-03-26 11:00:00+01:00;0,000;1,000;MESURE
2025-03-26 12:00:00+01:00;0,000;1,000;MESURE
2025-03-26 13:00:00+01:00;0,000;1,000;MESURE
2025-03-26 14:00:00+01:00;0,000;1,000;MESURE
2025-03-26 15:00:00+01:00;0,000;1,000;MESURE
2025-03-26 16:00:00+01:00;0,000;1,000;MESURE
2025-03-26 17:00:00+01:00;0,000;1,000;MESURE
2025-03-26 18:00:00+01:00;2560,000;1,000;MESURE
2025-03-26 19:00:00+01:00;4898,000;1,000;MESURE
2025-03-26 20:00:00+01:00;4944,000;1,000;MESURE
2025-03-26 21:00:00+01:00;4986,000;1,000;MESURE
2025-03-26 22:00:00+01:00;4543,000;1,000;MESURE
2025-03-26 23:00:00+01:00;4542,000;1,000;MESURE
2025-03-27 00:00:00+01:00;4552,000;1,000;MESURE
2025-03-27 01:00:00+01:00;4502,000;1,000;MESURE
2025-03-27 02:00:00+01:00;4491,000;1,000;MESURE
2025-03-27 03:00:00+01:00;4586,000;1,000;MESURE
2025-03-27 04:00:00+01:00;4569,000;1,000;MESURE
2025-03-27 05:00:00+01:00;4967,000;1,000;MESURE
2025-03-27 06:00:00+01:00;679,000;1,000;MESURE
2025-03-27 07:00:00+01:00;0,000;1,000;MESURE
2025-03-27 08:00:00+01:00;0,000;1,000;MESURE
2025-03-27 09:00:00+01:00;0,000;1,000;MESURE
2025-03-27 10:00:00+01:00;0,000;1,000;MESURE
2025-03-27 11:00:00+01:00;0,000;1,000;MESURE
2025-03-27 12:00:00+01:00;0,000;1,000;MESURE
2025-03-27 13:00:00+01:00;0,000;1,000;MESURE
2025-03-27 14:00:00+01:00;0,000;1,000;MESURE
2025-03-27 15:00:00+01:00;0,000;1,000;MESURE
2025-03-27 16:00:00+01:00;0,000;1,000;MESURE
2025-03-27 17:00:00+01:00;0,000;1,000;MESURE
2025-03-27 18:00:00+01:00;2452,000;1,000;MESURE
2025-03-27 19:00:00+01:00;4910,000;1,000;MESURE
2025-03-27 20:00:00+01:00;4918,000;1,000;MESURE
2025-03-27 21:00:00+01:00;4938,000;1,000;MESURE
2025-03-27 22:00:00+01:00;4490,000;1,000;MESURE
2025-03-27 23:00:00+01:00;4518,000;1,000;MESURE
2025-03-28 00:00:00+01:00;4526,000;1,000;MESURE
2025-03-28 01:00:00+01:00;4528,000;1,000;MESURE
2025-03-28 02:00:00+01:00;4526,000;1,000;MESURE
2025-03-28 03:00:00+01:00;4549,000;1,000;MESURE
2025-03-28 04:00:00+01:00;4539,000;1,000;MESURE
2025-03-28 05:00:00+01:00;4938,000;1,000;MESURE
2025-03-28 06:00:00+01:00;511,000;1,000;MESURE
2025-03-28 07:00:00+01:00;0,000;1,000;MESURE
2025-03-28 08:00:00+01:00;0,000;1,000;MESURE
2025-03-28 09:00:00+01:00;0,000;1,000;MESURE
2025-03-28 10:00:00+01:00;0,000;1,000;MESURE
2025-03-28 11:00:00+01:00;0,000;1,000;MESURE
2025-03-28 12:00:00+01:00;0,000;1,000;MESURE
2025-03-28 13:00:00+01:00;0,000;1,000;MESURE
2025-03-28 14:00:00+01:00;0,000;1,000;MESURE
2025-03-28 15:00:00+01:00;0,000;1,000;MESURE
2025-03-28 16:00:00+01:00;0,000;1,000;MESURE
2025-03-28 17:00:00+01:00;0,000;1,000;MESURE
2025-03-28 18:00:00+01:00;2392,000;1,000;MESURE
2025-03-28 19:00:00+01:00;4907,000;1,000;MESURE
2025-03-28 20:00:00+01:00;4885,000;1,000;MESURE
2025-03-28 21:00:00+01:00;4914,000;1,000;MESURE
2025-03-28 22:00:00+01:00;4490,000;1,000;MESURE
2025-03-28 23:00:00+01:00;4495,000;1,000;MESURE
2025-03-29 00:00:00+01:00;4543,000;1,000;MESURE
2025-03-29 01:00:00+01:00;4515,000;1,000;MESURE
2025-03-29 02:00:00+01:00;4488,000;1,000;MESURE
2025-03-29 03:00:00+01:00;4502,000;1,000;MESURE
2025-03-29 04:00:00+01:00;4523,000;1,000;MESURE
2025-03-29 05:00:00+01:00;4994,000;1,000;MESURE
2025-03-29 06:00:00+01:00;357,000;1,000;MESURE
2025-03-29 07:00:00+01:00;0,000;1,000;MESURE
2025-03-29 08:00:00+01:00;0,000;1,000;MESURE
2025-03-29 09:00:00+01:00;0,000;1,000;MESURE
2025-03-29 10:00:00+01:00;0,000;1,000;MESURE
2025-03-29 11:00:00+01:00;0,000;1,000;MESURE
2025-03-29 12:00:00+01:00;0,000;1,000;MESURE
2025-03-29 13:00:00+01:00;0,000;1,000;MESURE
2025-03-29 14:00:00+01:00;0,000;1,000;MESURE
2025-03-29 15:00:00+01:00;0,000;1,000;MESURE
2025-03-29 16:00:00+01:00;0,000;1,000;MESURE
2025-03-29 17:00:00+01:00;0,000;1,000;MESURE
2025-03-29 18:00:00+01:00;2205,000;1,000;MESURE
2025-03-29 19:00:00+01:00;4840,000;1,000;MESURE
2025-03-29 20:00:00+01:00;4900,000;1,000;MESURE
2025-03-29 21:00:00+01:00;4920,000;1,000;MESURE
2025-03-29 22:00:00+01:00;4465,000;1,000;MESURE
2025-03-29 23:00:00+01:00;4426,000;1,000;MESURE
2025-03-30 00:00:00+01:00;4464,000;1,000;MESURE
2025-03-30 01:00:00+01:00;4512,000;1,000;MESURE
2025-03-30 03:00:00+02:00;4514,000;1,000;MESURE
2025-03-30 04:00:00+02:00;4550,000;1,000;MESURE
2025-03-30 05:00:00+02:00;4964,000;1,000;MESURE
2025-03-30 06:00:00+02:00;4971,000;1,000;MESURE
2025-03-30 07:00:00+02:00;178,000;1,000;MESURE
2025-03-30 08:00:00+02:00;0,000;1,000;MESURE
2025-03-30 09:00:00+02:00;0,000;1,000;MESURE
2025-03-30 10:00:00+02:00;0,000;1,000;MESURE
2025-03-30 11:00:00+02:00;0,000;1,000;MESURE
2025-03-30 12:00:00+02:00;0,000;1,000;MESURE
2025-03-30 13:00:00+02:00;0,000;1,000;MESURE
2025-03-30 14:00:00+02:00;0,000;1,000;MESURE
2025-03-30 15:00:00+02:00;0,000;1,000;MESURE
2025-03-30 16:00:00+02:00;0,000;1,000;MESURE
2025-03-30 17:00:00+02:00;0,000;1,000;MESURE
2025-03-30 18:00:00+02:00;0,000;1,000;MESURE
2025-03-30 19:00:00+02:00;2130,000;1,000;MESURE
2025-03-30 20:00:00+02:00;4844,000;1,000;MESURE
2025-03-30 21:00:00+02:00;4880,000;1,000;MESURE
2025-03-30 22:00:00+02:00;4444,000;1,000;MESURE
2025-03-30 23:00:00+02:00;4422,000;1,000;MESURE
2025-03-31 00:00:00+02:00;4480,000;1,000;MESURE
2025-03-31 01:00:00+02:00;4457,000;1,000;MESURE
2025-03-31 02:00:00+02:00;4447,000;1,000;MESURE
2025-03-31 03:00:00+02:00;4447,000;1,000;MESURE
2025-03-31 04:00:00+02:00;4512,000;1,000;MESURE
2025-03-31 05:00:00+02:00;4932,000;1,000;MESURE
2025-03-31 06:00:00+02:00;5003,000;1,000;MESURE
2025-03-31 07:00:00+02:00;16,000;1,000;MESURE
2025-03-31 08:00:00+02:00;0,000;1,000;MESURE
2025-03-31 09:00:00+02:00;0,000;1,000;MESURE
2025-03-31 10:00:00+02:00;0,000;1,000;MESURE
2025-03-31 11:00:00+02:00;0,000;1,000;MESURE
2025-03-31 12:00:00+02:00;0,000;1,000;MESURE
2025-03-31 13:00:00+02:00;0,000;1,000;MESURE
2025-03-31 14:00:00+02:00;0,000;1,000;MESURE
2025-03-31 15:00:00+02:00;0,000;1,000;MESURE
2025-03-31 16:00:00+02:00;0,000;1,000;MESURE
2025-03-31 17:00:00+02:00;0,000;1,000;MESURE
2025-03-31 18:00:00+02:00;0,000;1,000;MESURE
2025-03-31 19:00:00+02:00;2042,000;1,000;MESURE
2025-03-31 20:00:00+02:00;4855,000;1,000;MESURE
2025-03-31 21:00:00+02:00;4867,000;1,000;MESURE
2025-03-31 22:00:00+02:00;4434,000;1,000;MESURE
2025-03-31 23:00:00+02:00;4461,000;1,000;MESURE
2025-04-01 00:00:00+02:00;4458,000;1,000;MESURE
2025-04-01 01:00:00+02:00;4463,000;1,000;MESURE
2025-04-01 02:00:00+02:00;4540,000;1,000;MESURE
2025-04-01 03:00:00+02:00;4449,000;1,000;MESURE
2025-04-01 04:00:00+02:00;4485,000;1,000;MESURE
2025-04-01 05:00:00+02:00;4971,000;1,000;MESURE
2025-04-01 06:00:00+02:00;4721,000;1,000;MESURE
2025-04-01 07:00:00+02:00;0,000;1,000;MESURE
2025-04-01 08:00:00+02:00;0,000;1,000;MESURE
2025-04-01 09:00:00+02:00;0,000;1,000;MESURE
2025-04-01 10:00:00+02:00;0,000;1,000;MESURE
2025-04-01 11:00:00+02:00;0,000;1,000;MESURE
2025-04-01 12:00:00+02:00;0,000;1,000;MESURE
2025-04-01 13:00:00+02:00;0,000;1,000;MESURE
2025-04-01 14:00:00+02:00;0,000;1,000;MESURE
2025-04-01 15:00:00+02:00;0,000;1,000;MESURE
2025-04-01 16:00:00+02:00;0,000;1,000;MESURE
2025-04-01 17:00:00+02:00;0,000;1,000;MESURE
2025-04-01 18:00:00+02:00;0,000;1,000;MESURE
2025-04-01 19:00:00+02:00;1897,000;1,000;MESURE
2025-04-01 20:00:00+02:00;4861,000;1,000;MESURE
2025-04-01 21:00:00+02:00;4891,000;1,000;MESURE
2025-04-01 22:00:00+02:00;4476,000;1,000;MESURE
2025-04-01 23:00:00+02:00;4421,000;1,000;MESURE
2025-04-02 00:00:00+02:00;4463,000;1,000;MESURE
2025-04-02 01:00:00+02:00;4482,000;1,000;MESURE
2025-04-02 02:00:00+02:00;4450,000;1,000;MESURE
2025-04-02 03:00:00+02:00;4470,000;1,000;MESURE
2025-04-02 04:00:00+02:00;4483,000;1,000;MESURE
2025-04-02 05:00:00+02:00;4902,000;1,000;MESURE
2025-04-02 06:00:00+02:00;4577,000;1,000;MESURE
2025-04-02 07:00:00+02:00;0,000;1,000;MESURE
2025-04-02 08:00:00+02:00;0,000;1,000;MESURE
2025-04-02 09:00:00+02:00;0,000;1,000;MESURE
2025-04-02 10:00:00+02:00;0,000;1,000;MESURE
2025-04-02 11:00:00+02:00;0,000;1,000;MESURE
2025-04-02 12:00:00+02:00;0,000;1,000;MESURE
2025-04-02 13:00:00+02:00;0,000;1,000;MESURE
2025-04-02 14:00:00+02:00;0,000;1,000;MESURE
2025-04-02 15:00:00+02:00;0,000;1,000;MESURE
2025-04-02 16:00:00+02:00;0,000;1,000;MESURE
2025-04-02 17:00:00+02:00;0,000;1,000;MESURE
2025-04-02 18:00:00+02:00;0,000;1,000;MESURE
2025-04-02 19:00:00+02:00;1819,000;1,000;MESURE
2025-04-02 20:00:00+02:00;4850,000;1,000;MESURE
2025-04-02 21:00:00+02:00;4882,000;1,000;MESURE
2025-04-02 22:00:00+02:00;4444,000;1,000;MESURE
2025-04-02 23:00:00+02:00;4421,000;1,000;MESURE
2025-04-03 00:00:00+02:00;4427,000;1,000;MESURE
2025-04-03 01:00:00+02:00;4464,000;1,000;MESURE
2025-04-03 02:00:00+02:00;4451,000;1,000;MESURE
2025-04-03 03:00:00+02:00;4464,000;1,000;MESURE
2025-04-03 04:00:00+02:00;4450,000;1,000;MESURE
2025-04-03 05:00:00+02:00;4895,000;1,000;MESURE
2025-04-03 06:00:00+02:00;4445,000;1,000;MESURE
2025-04-03 07:00:00+02:00;0,000;1,000;MESURE
2025-04-03 08:00:00+02:00;0,000;1,000;MESURE
2025-04-03 09:00:00+02:00;0,000;1,000;MESURE
2025-04-03 10:00:00+02:00;0,000;1,000;MESURE
2025-04-03 11:00:00+02:00;0,000;1,000;MESURE
2025-04-03 12:00:00+02:00;0,000;1,000;MESURE
2025-04-03 13:00:00+02:00;0,000;1,000;MESURE
2025-04-03 14:00:00+02:00;0,000;1,000;MESURE
2025-04-03 15:00:00+02:00;0,000;1,000;MESURE
2025-04-03 16:00:00+02:00;0,000;1,000;MESURE
2025-04-03 17:00:00+02:00;0,000;1,000;MESURE
2025-04-03 18:00:00+02:00;0,000;1,000;MESURE
2025-04-03 19:00:00+02:00;1760,000;1,000;MESURE
2025-04-03 20:00:00+02:00;4937,000;1,000;MESURE
2025-04-03 21:00:00+02:00;4930,000;1,000;MESURE
2025-04-03 22:00:00+02:00;4457,000;1,000;MESURE
2025-04-03 23:00:00+02:00;4511,000;1,000;MESURE
2025-04-04 00:00:00+02:00;4490,000;1,000;MESURE
2025-04-04 01:00:00+02:00;4512,000;1,000;MESURE
2025-04-04 02:00:00+02:00;4470,000;1,000;MESURE
2025-04-04 03:00:00+02:00;4494,000;1,000;MESURE
2025-04-04 04:00:00+02:00;4466,000;1,000;MESURE
2025-04-04 05:00:00+02:00;4959,000;1,000;MESURE
2025-04-04 06:00:00+02:00;4335,000;1,000;MESURE
2025-04-04 07:00:00+02:00;0,000;1,000;MESURE
2025-04-04 08:00:00+02:00;0,000;1,000;MESURE
2025-04-04 09:00:00+02:00;0,000;1,000;MESURE
2025-04-04 10:00:00+02:00;0,000;1,000;MESURE
2025-04-04 11:00:00+02:00;0,000;1,000;MESURE
2025-04-04 12:00:00+02:00;0,000;1,000;MESURE
2025-04-04 13:00:00+02:00;0,000;1,000;MESURE
2025-04-04 14:00:00+02:00;0,000;1,000;MESURE
2025-04-04 15:00:00+02:00;0,000;1,000;MESURE
2025-04-04 16:00:00+02:00;0,000;1,000;MESURE
2025-04-04 17:00:00+02:00;0,000;1,000;MESURE
2025-04-04 18:00:00+02:00;0,000;1,000;MESURE
2025-04-04 19:00:00+02:00;1592,000;1,000;MESURE
2025-04-04 20:00:00+02:00;4885,000;1,000;MESURE
2025-04-04 21:00:00+02:00;4902,000;1,000;MESURE
2025-04-04 22:00:00+02:00;4435,000;1,000;MESURE
2025-04-04 23:00:00+02:00;4425,000;1,000;MESURE
2025-04-05 00:00:00+02:00;4448,000;1,000;MESURE
2025-04-05 01:00:00+02:00;4462,000;1,000;MESURE
2025-04-05 02:00:00+02:00;4446,000;1,000;MESURE
2025-04-05 03:00:00+02:00;4459,000;1,000;MESURE
2025-04-05 04:00:00+02:00;4463,000;1,000;MESURE
2025-04-05 05:00:00+02:00;4913,000;1,000;MESURE
2025-04-05 06:00:00+02:00;4134,000;1,000;MESURE
2025-04-05 07:00:00+02:00;0,000;1,000;MESURE
2025-04-05 08:00:00+02:00;0,000;1,000;MESURE
2025-04-05 09:00:00+02:00;0,000;1,000;MESURE
2025-04-05 10:00:00+02:00;0,000;1,000;MESURE
2025-04-05 11:00:00+02:00;0,000;1,000;MESURE
2025-04-05 12:00:00+02:00;0,000;1,000;MESURE
2025-04-05 13:00:00+02:00;0,000;1,000;MESURE
2025-04-05 14:00:00+02:00;0,000;1,000;MESURE
2025-04-05 15:00:00+02:00;0,000;1,000;MESURE
2025-04-05 16:00:00+02:00;0,000;1,000;MESURE
2025-04-05 17:00:00+02:00;0,000;1,000;MESURE
2025-04-05 18:00:00+02:00;0,000;1,000;MESURE
2025-04-05 19:00:00+02:00;1516,000;1,000;MESURE
2025-04-05 20:00:00+02:00;4834,000;1,000;MESURE
2025-04-05 21:00:00+02:00;4878,000;1,000;MESURE
2025-04-05 22:00:00+02:00;4461,000;1,000;MESURE
2025-04-05 23:00:00+02:00;4432,000;1,000;MESURE
2025-04-06 00:00:00+02:00;4457,000;1,000;MESURE
2025-04-06 01:00:00+02:00;4513,000;1,000;MESURE
2025-04-06 02:00:00+02:00;4499,000;1,000;MESURE
2025-04-06 03:00:00+02:00;4469,000;1,000;MESURE
2025-04-06 04:00:00+02:00;4482,000;1,000;MESURE
2025-04-06 05:00:00+02:00;4921,000;1,000;MESURE
2025-04-06 06:00:00+02:00;3937,000;1,000;MESURE
2025-04-06 07:00:00+02:00;0,000;1,000;MESURE
2025-04-06 08:00:00+02:00;0,000;1,000;MESURE
2025-04-06 09:00:00+02:00;0,000;1,000;MESURE
2025-04-06 10:00:00+02:00;0,000;1,000;MESURE
2025-04-06 11:00:00+02:00;0,000;1,000;MESURE
2025-04-06 12:00:00+02:00;0,000;1,000;MESURE
2025-04-06 13:00:00+02:00;0,000;1,000;MESURE
2025-04-06 14:00:00+02:00;0,000;1,000;MESURE
2025-04-06 15:00:00+02:00;0,000;1,000;MESURE
2025-04-06 16:00:00+02:00;0,000;1,000;MESURE
2025-04-06 17:00:00+02:00;0,000;1,000;MESURE
2025-04-06 18:00:00+02:00;0,000;1,000;MESURE
2025-04-06 19:00:00+02:00;1343,000;1,000;MESURE
2025-04-06 20:00:00+02:00;4907,000;1,000;MESURE
2025-04-06 21:00:00+02:00;4877,000;1,000;MESURE
2025-04-06 22:00:00+02:00;4418,000;1,000;MESURE
2025-04-06 23:00:00+02:00;4505,000;1,000;MESURE
2025-04-07 00:00:00+02:00;4505,000;1,000;MESURE
2025-04-07 01:00:00+02:00;4525,000;1,000;MESURE
2025-04-07 02:00:00+02:00;4519,000;1,000;MESURE
2025-04-07 03:00:00+02:00;4495,000;1,000;MESURE
2025-04-07 04:00:00+02:00;4529,000;1,000;MESURE
2025-04-07 05:00:00+02:00;4975,000;1,000;MESURE
2025-04-07 06:00:00+02:00;3825,000;1,000;MESURE
2025-04-07 07:00:00+02:00;0,000;1,000;MESURE
2025-04-07 08:00:00+02:00;0,000;1,000;MESURE
2025-04-07 09:00:00+02:00;0,000;1,000;MESURE
2025-04-07 10:00:00+02:00;0,000;1,000;MESURE
2025-04-07 11:00:00+02:00;0,000;1,000;MESURE
2025-04-07 12:00:00+02:00;0,000;1,000;MESURE
2025-04-07 13:00:00+02:00;0,000;1,000;MESURE
2025-04-07 14:00:00+02:00;0,000;1,000;MESURE
2025-04-07 15:00:00+02:00;0,000;1,000;MESURE
2025-04-07 16:00:00+02:00;0,000;1,000;MESURE
2025-04-07 17:00:00+02:00;0,000;1,000;MESURE
2025-04-07 18:00:00+02:00;0,000;1,000;MESURE
2025-04-07 19:00:00+02:00;1243,000;1,000;MESURE
2025-04-07 20:00:00+02:00;4828,000;1,000;MESURE
2025-04-07 21:00:00+02:00;4859,000;1,000;MESURE
2025-04-07 22:00:00+02:00;4430,000;1,000;MESURE
2025-04-07 23:00:00+02:00;4414,000;1,000;MESURE
2025-04-08 00:00:00+02:00;4457,000;1,000;MESURE
2025-04-08 01:00:00+02:00;4467,000;1,000;MESURE
2025-04-08 02:00:00+02:00;4446,000;1,000;MESURE
2025-04-08 03:00:00+02:00;4443,000;1,000;MESURE
2025-04-08 04:00:00+02:00;4444,000;1,000;MESURE
2025-04-08 05:00:00+02:00;4912,000;1,000;MESURE
2025-04-08 06:00:00+02:00;3664,000;1,000;MESURE
2025-04-08 07:00:00+02:00;0,000;1,000;MESURE
2025-04-08 08:00:00+02:00;0,000;1,000;MESURE
2025-04-08 09:00:00+02:00;0,000;1,000;MESURE
2025-04-08 10:00:00+02:00;0,000;1,000;MESURE
2025-04-08 11:00:00+02:00;0,000;1,000;MESURE
2025-04-08 12:00:00+02:00;0,000;1,000;MESURE
2025-04-08 13:00:00+02:00;0,000;1,000;MESURE
2025-04-08 14:00:00+02:00;0,000;1,000;MESURE
2025-04-08 15:00:00+02:00;0,000;1,000;MESURE
2025-04-08 16:00:00+02:00;0,000;1,000;MESURE
2025-04-08 17:00:00+02:00;0,000;1,000;MESURE
2025-04-08 18:00:00+02:00;0,000;1,000;MESURE
2025-04-08 19:00:00+02:00;1172,000;1,000;MESURE
2025-04-08 20:00:00+02:00;4912,000;1,000;MESURE
2025-04-08 21:00:00+02:00;4923,000;1,000;MESURE
2025-04-08 22:00:00+02:00;4435,000;1,000;MESURE
2025-04-08 23:00:00+02:00;4431,000;1,000;MESURE
2025-04-09 00:00:00+02:00;4480,000;1,000;MESURE
2025-04-09 01:00:00+02:00;4478,000;1,000;MESURE
2025-04-09 02:00:00+02:00;4485,000;1,000;MESURE
2025-04-09 03:00:00+02:00;4438,000;1,000;MESURE
2025-04-09 04:00:00+02:00;4536,000;1,000;MESURE
2025-04-09 05:00:00+02:00;4978,000;1,000;MESURE
2025-04-09 06:00:00+02:00;3511,000;1,000;MESURE
2025-04-09 07:00:00+02:00;0,000;1,000;MESURE
2025-04-09 08:00:00+02:00;0,000;1,000;MESURE
2025-04-09 09:00:00+02:00;0,000;1,000;MESURE
2025-04-09 10:00:00+02:00;0,000;1,000;MESURE
2025-04-09 11:00:00+02:00;0,000;1,000;MESURE
2025-04-09 12:00:00+02:00;0,000;1,000;MESURE
2025-04-09 13:00:00+02:00;0,000;1,000;MESURE
2025-04-09 14:00:00+02:00;0,000;1,000;MESURE
2025-04-09 15:00:00+02:00;0,000;1,000;MESURE
2025-04-09 16:00:00+02:00;0,000;1,000;MESURE
2025-04-09 17:00:00+02:00;0,000;1,000;MESURE
2025-04-09 18:00:00+02:00;0,000;1,000;MESURE
2025-04-09 19:00:00+02:00;1005,000;1,000;MESURE
2025-04-09 20:00:00+02:00;4835,000;1,000;MESURE
2025-04-09 21:00:00+02:00;4860,000;1,000;MESURE
2025-04-09 22:00:00+02:00;4427,000;1,000;MESURE
2025-04-09 23:00:00+02:00;4421,000;1,000;MESURE
2025-04-10 00:00:00+02:00;4480,000;1,000;MESURE
2025-04-10 01:00:00+02:00;4464,000;1,000;MESURE
2025-04-10 02:00:00+02:00;4464,000;1,000;MESURE
2025-04-10 03:00:00+02:00;4478,000;1,000;MESURE
2025-04-10 04:00:00+02:00;4490,000;1,000;MESURE
2025-04-10 05:00:00+02:00;4912,000;1,000;MESURE
2025-04-10 06:00:00+02:00;3351,000;1,000;MESURE
2025-04-10 07:00:00+02:00;0,000;1,000;MESURE
2025-04-10 08:00:00+02:00;0,000;1,000;MESURE
2025-04-10 09:00:00+02:00;0,000;1,000;MESURE
2025-04-10 10:00:00+02:00;0,000;1,000;MESURE
2025-04-10 11:00:00+02:00;0,000;1,000;MESURE
2025-04-10 12:00:00+02:00;0,000;1,000;MESURE
2025-04-10 13:00:00+02:00;0,000;1,000;MESURE
2025-04-10 14:00:00+02:00;0,000;1,000;MESURE
2025-04-10 15:00:00+02:00;0,000;1,000;MESURE
2025-04-10 16:00:00+02:00;0,000;1,000;MESURE
2025-04-10 17:00:00+02:00;0,000;1,000;MESURE
2025-04-10 18:00:00+02:00;0,000;1,000;MESURE
2025-04-10 19:00:00+02:00;921,000;1,000;MESURE
2025-04-10 20:00:00+02:00;4814,000;1,000;MESURE
2025-04-10 21:00:00+02:00;4853,000;1,000;MESURE
2025-04-10 22:00:00+02:00;4450,000;1,000;MESURE
2025-04-10 23:00:00+02:00;4424,000;1,000;MESURE
2025-04-11 00:00:00+02:00;4456,000;1,000;MESURE
2025-04-11 01:00:00+02:00;4473,000;1,000;MESURE
2025-04-11 02:00:00+02:00;4460,000;1,000;MESURE
2025-04-11 03:00:00+02:00;4451,000;1,000;MESURE
2025-04-11 04:00:00+02:00;4445,000;1,000;MESURE
2025-04-11 05:00:00+02:00;4909,000;1,000;MESURE
2025-04-11 06:00:00+02:00;3244,000;1,000;MESURE
2025-04-11 07:00:00+02:00;0,000;1,000;MESURE
2025-04-11 08:00:00+02:00;0,000;1,000;MESURE
2025-04-11 09:00:00+02:00;0,000;1,000;MESURE
2025-04-11 10:00:00+02:00;0,000;1,000;MESURE
2025-04-11 11:00:00+02:00;0,000;1,000;MESURE
2025-04-11 12:00:00+02:00;0,000;1,000;MESURE
2025-04-11 13:00:00+02:00;0,000;1,000;MESURE
2025-04-11 14:00:00+02:00;0,000;1,000;MESURE
2025-04-11 15:00:00+02:00;0,000;1,000;MESURE
2025-04-11 16:00:00+02:00;0,000;1,000;MESURE
2025-04-11 17:00:00+02:00;0,000;1,000;MESURE
2025-04-11 18:00:00+02:00;0,000;1,000;MESURE
2025-04-11 19:00:00+02:00;0,000;1,000;MESURE
2025-04-11 20:00:00+02:00;0,000;1,000;MESURE
2025-04-11 21:00:00+02:00;0,000;1,000;MESURE
2025-04-11 22:00:00+02:00;0,000;1,000;MESURE
2025-04-11 23:00:00+02:00;0,000;1,000;MESURE
2025-04-12 00:00:00+02:00;0,000;1,000;MESURE
2025-04-12 01:00:00+02:00;0,000;1,000;MESURE
2025-04-12 02:00:00+02:00;0,000;1,000;MESURE
2025-04-12 03:00:00+02:00;0,000;1,000;MESURE
2025-04-12 04:00:00+02:00;0,000;1,000;MESURE
2025-04-12 05:00:00+02:00;0,000;1,000;MESURE
2025-04-12 06:00:00+02:00;0,000;1,000;MESURE
2025-04-12 07:00:00+02:00;0,000;1,000;MESURE
2025-04-12 08:00:00+02:00;0,000;1,000;MESURE
2025-04-12 09:00:00+02:00;0,000;1,000;MESURE
2025-04-12 10:00:00+02:00;0,000;1,000;MESURE
2025-04-12 11:00:00+02:00;0,000;1,000;MESURE
2025-04-12 12:00:00+02:00;0,000;1,000;MESURE
2025-04-12 13:00:00+02:00;0,000;1,000;MESURE
2025-04-12 14:00:00+02:00;0,000;1,000;MESURE
2025-04-12 15:00:00+02:00;0,000;1,000;MESURE
2025-04-12 16:00:00+02:00;0,000;1,000;MESURE
2025-04-12 17:00:00+02:00;0,000;1,000;MESURE
2025-04-12 18:00:00+02:00;0,000;1,000;MESURE
2025-04-12 19:00:00+02:00;673,000;1,000;MESURE
2025-04-12 20:00:00+02:00;4775,000;1,000;MESURE
2025-04-12 21:00:00+02:00;4820,000;1,000;MESURE
2025-04-12 22:00:00+02:00;4384,000;1,000;MESURE
2025-04-12 23:00:00+02:00;4372,000;1,000;MESURE
2025-04-13 00:00:00+02:00;4403,000;1,000;MESURE
2025-04-13 01:00:00+02:00;4417,000;1,000;MESURE
2025-04-13 02:00:00+02:00;4411,000;1,000;MESURE
2025-04-13 03:00:00+02:00;4424,000;1,000;MESURE
2025-04-13 04:00:00+02:00;4425,000;1,000;MESURE
2025-04-13 05:00:00+02:00;4883,000;1,000;MESURE
2025-04-13 06:00:00+02:00;2862,000;1,000;MESURE
2025-04-13 07:00:00+02:00;0,000;1,000;MESURE
2025-04-13 08:00:00+02:00;0,000;1,000;MESURE
2025-04-13 09:00:00+02:00;0,000;1,000;MESURE
2025-04-13 10:00:00+02:00;0,000;1,000;MESURE
2025-04-13 11:00:00+02:00;0,000;1,000;MESURE
2025-04-13 12:00:00+02:00;0,000;1,000;MESURE
2025-04-13 13:00:00+02:00;0,000;1,000;MESURE
2025-04-13 14:00:00+02:00;0,000;1,000;MESURE
2025-04-13 15:00:00+02:00;0,000;1,000;MESURE
2025-04-13 16:00:00+02:00;0,000;1,000;MESURE
2025-04-13 17:00:00+02:00;0,000;1,000;MESURE
2025-04-13 18:00:00+02:00;0,000;1,000;MESURE
2025-04-13 19:00:00+02:00;611,000;1,000;MESURE
2025-04-13 20:00:00+02:00;4800,000;1,000;MESURE
2025-04-13 21:00:00+02:00;4836,000;1,000;MESURE
2025-04-13 22:00:00+02:00;4420,000;1,000;MESURE
2025-04-13 23:00:00+02:00;4421,000;1,000;MESURE
2025-04-14 00:00:00+02:00;4449,000;1,000;MESURE
2025-04-14 01:00:00+02:00;4467,000;1,000;MESURE
2025-04-14 02:00:00+02:00;4477,000;1,000;MESURE
2025-04-14 03:00:00+02:00;4497,000;1,000;MESURE
2025-04-14 04:00:00+02:00;4486,000;1,000;MESURE
2025-04-14 05:00:00+02:00;4913,000;1,000;MESURE
2025-04-14 06:00:00+02:00;2735,000;1,000;MESURE
2025-04-14 07:00:00+02:00;0,000;1,000;MESURE
2025-04-14 08:00:00+02:00;0,000;1,000;MESURE
2025-04-14 09:00:00+02:00;0,000;1,000;MESURE
2025-04-14 10:00:00+02:00;0,000;1,000;MESURE
2025-04-14 11:00:00+02:00;0,000;1,000;MESURE
2025-04-14 12:00:00+02:00;0,000;1,000;MESURE
2025-04-14 13:00:00+02:00;0,000;1,000;MESURE
2025-04-14 14:00:00+02:00;0,000;1,000;MESURE
2025-04-14 15:00:00+02:00;0,000;1,000;MESURE
2025-04-14 16:00:00+02:00;0,000;1,000;MESURE
2025-04-14 17:00:00+02:00;0,000;1,000;MESURE
2025-04-14 18:00:00+02:00;0,000;1,000;MESURE
2025-04-14 19:00:00+02:00;447,000;1,000;MESURE
2025-04-14 20:00:00+02:00;4843,000;1,000;MESURE
2025-04-14 21:00:00+02:00;4894,000;1,000;MESURE
2025-04-14 22:00:00+02:00;4460,000;1,000;MESURE
2025-04-14 23:00:00+02:00;4455,000;1,000;MESURE
2025-04-15 00:00:00+02:00;4466,000;1,000;MESURE
2025-04-15 01:00:00+02:00;4487,000;1,000;MESURE
2025-04-15 02:00:00+02:00;4481,000;1,000;MESURE
2025-04-15 03:00:00+02:00;4513,000;1,000;MESURE
2025-04-15 04:00:00+02:00;4517,000;1,000;MESURE
2025-04-15 05:00:00+02:00;4941,000;1,000;MESURE
2025-04-15 06:00:00+02:00;2553,000;1,000;MESURE
2025-04-15 07:00:00+02:00;0,000;1,000;MESURE
2025-04-15 08:00:00+02:00;0,000;1,000;MESURE
2025-04-15 09:00:00+02:00;0,000;1,000;MESURE
2025-04-15 10:00:00+02:00;0,000;1,000;MESURE
2025-04-15 11:00:00+02:00;0,000;1,000;MESURE
2025-04-15 12:00:00+02:00;0,000;1,000;MESURE
2025-04-15 13:00:00+02:00;0,000;1,000;MESURE
2025-04-15 14:00:00+02:00;0,000;1,000;MESURE
2025-04-15 15:00:00+02:00;0,000;1,000;MESURE
2025-04-15 16:00:00+02:00;0,000;1,000;MESURE
2025-04-15 17:00:00+02:00;0,000;1,000;MESURE
2025-04-15 18:00:00+02:00;0,000;1,000;MESURE
2025-04-15 19:00:00+02:00;377,000;1,000;MESURE
2025-04-15 20:00:00+02:00;4899,000;1,000;MESURE
2025-04-15 21:00:00+02:00;4934,000;1,000;MESURE
2025-04-15 22:00:00+02:00;4508,000;1,000;MESURE
2025-04-15 23:00:00+02:00;4492,000;1,000;MESURE
2025-04-16 00:00:00+02:00;4513,000;1,000;MESURE
2025-04-16 01:00:00+02:00;4525,000;1,000;MESURE
2025-04-16 02:00:00+02:00;4533,000;1,000;MESURE
2025-04-16 03:00:00+02:00;4550,000;1,000;MESURE
2025-04-16 04:00:00+02:00;4561,000;1,000;MESURE
2025-04-16 05:00:00+02:00;4990,000;1,000;MESURE
2025-04-16 06:00:00+02:00;2417,000;1,000;MESURE
2025-04-16 07:00:00+02:00;0,000;1,000;MESURE
2025-04-16 08:00:00+02:00;0,000;1,000;MESURE
2025-04-16 09:00:00+02:00;0,000;1,000;MESURE
2025-04-16 10:00:00+02:00;0,000;1,000;MESURE
2025-04-16 11:00:00+02:00;0,000;1,000;MESURE
2025-04-16 12:00:00+02:00;0,000;1,000;MESURE
2025-04-16 13:00:00+02:00;0,000;1,000;MESURE
2025-04-16 14:00:00+02:00;0,000;1,000;MESURE
2025-04-16 15:00:00+02:00;0,000;1,000;MESURE
2025-04-16 16:00:00+02:00;0,000;1,000;MESURE
2025-04-16 17:00:00+02:00;0,000;1,000;MESURE
2025-04-16 18:00:00+02:00;0,000;1,000;MESURE
2025-04-16 19:00:00+02:00;291,000;1,000;MESURE
2025-04-16 20:00:00+02:00;5024,000;1,000;MESURE
2025-04-16 21:00:00+02:00;5104,000;1,000;MESURE
2025-04-16 22:00:00+02:00;4707,000;1,000;MESURE
2025-04-16 23:00:00+02:00;4705,000;1,000;MESURE
2025-04-17 00:00:00+02:00;4726,000;1,000;MESURE
2025-04-17 01:00:00+02:00;4784,000;1,000;MESURE
2025-04-17 02:00:00+02:00;4797,000;1,000;MESURE
2025-04-17 03:00:00+02:00;4830,000;1,000;MESURE
2025-04-17 04:00:00+02:00;4859,000;1,000;MESURE
2025-04-17 05:00:00+02:00;5278,000;1,000;MESURE
2025-04-17 06:00:00+02:00;2393,000;1,000;MESURE
2025-04-17 07:00:00+02:00;0,000;1,000;MESURE
2025-04-17 08:00:00+02:00;0,000;1,000;MESURE
2025-04-17 09:00:00+02:00;0,000;1,000;MESURE
2025-04-17 10:00:00+02:00;0,000;1,000;MESURE
2025-04-17 11:00:00+02:00;0,000;1,000;MESURE
2025-04-17 12:00:00+02:00;0,000;1,000;MESURE
2025-04-17 13:00:00+02:00;0,000;1,000;MESURE
2025-04-17 14:00:00+02:00;0,000;1,000;MESURE
2025-04-17 15:00:00+02:00;0,000;1,000;MESURE
2025-04-17 16:00:00+02:00;0,000;1,000;MESURE
2025-04-17 17:00:00+02:00;0,000;1,000;MESURE
2025-04-17 18:00:00+02:00;0,000;1,000;MESURE
2025-04-17 19:00:00+02:00;134,000;1,000;MESURE
2025-04-17 20:00:00+02:00;5046,000;1,000;MESURE
2025-04-17 21:00:00+02:00;5119,000;1,000;MESURE
2025-04-17 22:00:00+02:00;4709,000;1,000;MESURE
2025-04-17 23:00:00+02:00;4707,000;1,000;MESURE
2025-04-18 00:00:00+02:00;4746,000;1,000;MESURE
2025-04-18 01:00:00+02:00;4789,000;1,000;MESURE
2025-04-18 02:00:00+02:00;4777,000;1,000;MESURE
2025-04-18 03:00:00+02:00;4786,000;1,000;MESURE
2025-04-18 04:00:00+02:00;4795,000;1,000;MESURE
2025-04-18 05:00:00+02:00;5215,000;1,000;MESURE
2025-04-18 06:00:00+02:00;2276,000;1,000;MESURE
2025-04-18 07:00:00+02:00;0,000;1,000;MESURE
2025-04-18 08:00:00+02:00;0,000;1,000;MESURE
2025-04-18 09:00:00+02:00;0,000;1,000;MESURE
2025-04-18 10:00:00+02:00;0,000;1,000;MESURE
2025-04-18 11:00:00+02:00;0,000;1,000;MESURE
2025-04-18 12:00:00+02:00;0,000;1,000;MESURE
2025-04-18 13:00:00+02:00;0,000;1,000;MESURE
2025-04-18 14:00:00+02:00;0,000;1,000;MESURE
2025-04-18 15:00:00+02:00;0,000;1,000;MESURE
2025-04-18 16:00:00+02:00;0,000;1,000;MESURE
2025-04-18 17:00:00+02:00;0,000;1,000;MESURE
2025-04-18 18:00:00+02:00;0,000;1,000;MESURE
2025-04-18 19:00:00+02:00;40,000;1,000;MESURE
2025-04-18 20:00:00+02:00;5233,000;1,000;MESURE
2025-04-18 21:00:00+02:00;5299,000;1,000;MESURE
2025-04-18 22:00:00+02:00;4890,000;1,000;MESURE
2025-04-18 23:00:00+02:00;4872,000;1,000;MESURE
2025-04-19 00:00:00+02:00;4868,000;1,000;MESURE
2025-04-19 01:00:00+02:00;4907,000;1,000;MESURE
2025-04-19 02:00:00+02:00;4921,000;1,000;MESURE
2025-04-19 03:00:00+02:00;4935,000;1,000;MESURE
2025-04-19 04:00:00+02:00;4944,000;1,000;MESURE
2025-04-19 05:00:00+02:00;5401,000;1,000;MESURE
2025-04-19 06:00:00+02:00;2175,000;1,000;MESURE
2025-04-19 07:00:00+02:00;0,000;1,000;MESURE
2025-04-19 08:00:00+02:00;0,000;1,000;MESURE
2025-04-19 09:00:00+02:00;0,000;1,000;MESURE
2025-04-19 10:00:00+02:00;0,000;1,000;MESURE
2025-04-19 11:00:00+02:00;0,000;1,000;MESURE
2025-04-19 12:00:00+02:00;0,000;1,000;MESURE
2025-04-19 13:00:00+02:00;0,000;1,000;MESURE
2025-04-19 14:00:00+02:00;0,000;1,000;MESURE
2025-04-19 15:00:00+02:00;0,000;1,000;MESURE
2025-04-19 16:00:00+02:00;0,000;1,000;MESURE
2025-04-19 17:00:00+02:00;0,000;1,000;MESURE
2025-04-19 18:00:00+02:00;0,000;1,000;MESURE
2025-04-19 19:00:00+02:00;0,000;1,000;MESURE
2025-04-19 20:00:00+02:00;5126,000;1,000;MESURE
2025-04-19 21:00:00+02:00;5216,000;1,000;MESURE
2025-04-19 22:00:00+02:00;4793,000;1,000;MESURE
2025-04-19 23:00:00+02:00;4799,000;1,000;MESURE
2025-04-20 00:00:00+02:00;4871,000;1,000;MESURE
2025-04-20 01:00:00+02:00;4903,000;1,000;MESURE
2025-04-20 02:00:00+02:00;4906,000;1,000;MESURE
2025-04-20 03:00:00+02:00;4917,000;1,000;MESURE
2025-04-20 04:00:00+02:00;4937,000;1,000;MESURE
2025-04-20 05:00:00+02:00;5382,000;1,000;MESURE
2025-04-20 06:00:00+02:00;2005,000;1,000;MESURE
2025-04-20 07:00:00+02:00;0,000;1,000;MESURE
2025-04-20 08:00:00+02:00;0,000;1,000;MESURE
2025-04-20 09:00:00+02:00;0,000;1,000;MESURE
2025-04-20 10:00:00+02:00;0,000;1,000;MESURE
2025-04-20 11:00:00+02:00;0,000;1,000;MESURE
2025-04-20 12:00:00+02:00;0,000;1,000;MESURE
2025-04-20 13:00:00+02:00;0,000;1,000;MESURE
2025-04-20 14:00:00+02:00;0,000;1,000;MESURE
2025-04-20 15:00:00+02:00;0,000;1,000;MESURE
2025-04-20 16:00:00+02:00;0,000;1,000;MESURE
2025-04-20 17:00:00+02:00;0,000;1,000;MESURE
2025-04-20 18:00:00+02:00;0,000;1,000;MESURE
2025-04-20 19:00:00+02:00;0,000;1,000;MESURE
2025-04-20 20:00:00+02:00;4901,000;1,000;MESURE
2025-04-20 21:00:00+02:00;5169,000;1,000;MESURE
2025-04-20 22:00:00+02:00;4780,000;1,000;MESURE
2025-04-20 23:00:00+02:00;4775,000;1,000;MESURE
2025-04-21 00:00:00+02:00;4780,000;1,000;MESURE
2025-04-21 01:00:00+02:00;4806,000;1,000;MESURE
2025-04-21 02:00:00+02:00;4852,000;1,000;MESURE
2025-04-21 03:00:00+02:00;4850,000;1,000;MESURE
2025-04-21 04:00:00+02:00;4799,000;1,000;MESURE
2025-04-21 05:00:00+02:00;5237,000;1,000;MESURE
2025-04-21 06:00:00+02:00;1759,000;1,000;MESURE
2025-04-21 07:00:00+02:00;0,000;1,000;MESURE
2025-04-21 08:00:00+02:00;0,000;1,000;MESURE
2025-04-21 09:00:00+02:00;0,000;1,000;MESURE
2025-04-21 10:00:00+02:00;0,000;1,000;MESURE
2025-04-21 11:00:00+02:00;0,000;1,000;MESURE
2025-04-21 12:00:00+02:00;0,000;1,000;MESURE
2025-04-21 13:00:00+02:00;0,000;1,000;MESURE
2025-04-21 14:00:00+02:00;0,000;1,000;MESURE
2025-04-21 15:00:00+02:00;0,000;1,000;MESURE
2025-04-21 16:00:00+02:00;0,000;1,000;MESURE
2025-04-21 17:00:00+02:00;0,000;1,000;MESURE
2025-04-21 18:00:00+02:00;0,000;1,000;MESURE
2025-04-21 19:00:00+02:00;0,000;1,000;MESURE
2025-04-21 20:00:00+02:00;4805,000;1,000;MESURE
2025-04-21 21:00:00+02:00;5142,000;1,000;MESURE
2025-04-21 22:00:00+02:00;4747,000;1,000;MESURE
2025-04-21 23:00:00+02:00;4749,000;1,000;MESURE
2025-04-22 00:00:00+02:00;4763,000;1,000;MESURE
2025-04-22 01:00:00+02:00;4777,000;1,000;MESURE
2025-04-22 02:00:00+02:00;4767,000;1,000;MESURE
2025-04-22 03:00:00+02:00;4773,000;1,000;MESURE
2025-04-22 04:00:00+02:00;4776,000;1,000;MESURE
2025-04-22 05:00:00+02:00;5210,000;1,000;MESURE
2025-04-22 06:00:00+02:00;1570,000;1,000;MESURE
2025-04-22 07:00:00+02:00;0,000;1,000;MESURE
2025-04-22 08:00:00+02:00;0,000;1,000;MESURE
2025-04-22 09:00:00+02:00;0,000;1,000;MESURE
2025-04-22 10:00:00+02:00;0,000;1,000;MESURE
2025-04-22 11:00:00+02:00;0,000;1,000;MESURE
2025-04-22 12:00:00+02:00;0,000;1,000;MESURE
2025-04-22 13:00:00+02:00;0,000;1,000;MESURE
2025-04-22 14:00:00+02:00;0,000;1,000;MESURE
2025-04-22 15:00:00+02:00;0,000;1,000;MESURE
2025-04-22 16:00:00+02:00;0,000;1,000;MESURE
2025-04-22 17:00:00+02:00;0,000;1,000;MESURE
2025-04-22 18:00:00+02:00;0,000;1,000;MESURE
2025-04-22 19:00:00+02:00;0,000;1,000;MESURE
2025-04-22 20:00:00+02:00;4594,000;1,000;MESURE
2025-04-22 21:00:00+02:00;5126,000;1,000;MESURE
2025-04-22 22:00:00+02:00;4704,000;1,000;MESURE
2025-04-22 23:00:00+02:00;4696,000;1,000;MESURE
2025-04-23 00:00:00+02:00;4722,000;0,000;PROFIL_JOUR_TYPE
2025-04-23 01:00:00+02:00;4755,000;0,000;PROFIL_JOUR_TYPE
2025-04-23 02:00:00+02:00;4745,500;0,000;PROFIL_JOUR_TYPE
2025-04-23 03:00:00+02:00;4741,500;0,000;PROFIL_JOUR_TYPE
2025-04-23 04:00:00+02:00;4777,000;0,000;PROFIL_JOUR_TYPE
2025-04-23 05:00:00+02:00;5212,500;0,000;PROFIL_JOUR_TYPE
2025-04-23 06:00:00+02:00;1449,000;0,000;PROFIL_JOUR_TYPE
2025-04-23 07:00:00+02:00;0,000;0,000;PROFIL_JOUR_TYPE
2025-04-23 08:00:00+02:00;0,000;0,000;PROFIL_JOUR_TYPE
2025-04-23 09:00:00+02:00;0,000;0,000;PROFIL_JOUR_TYPE
2025-04-23 10:00:00+02:00;0,000;0,000;PROFIL_JOUR_TYPE
2025-04-23 11:00:00+02:00;0,000;0,000;PROFIL_JOUR_TYPE
2025-04-23 12:00:00+02:00;0,000;0,000;PROFIL_JOUR_TYPE
2025-04-23 13:00:00+02:00;0,000;0,000;PROFIL_JOUR_TYPE
2025-04-23 14:00:00+02:00;0,000;0,000;PROFIL_JOUR_TYPE
2025-04-23 15:00:00+02:00;0,000;0,000;PROFIL_JOUR_TYPE
2025-04-23 16:00:00+02:00;0,000;0,000;PROFIL_JOUR_TYPE
2025-04-23 17:00:00+02:00;0,000;0,000;PROFIL_JOUR_TYPE
2025-04-23 18:00:00+02:00;0,000;0,000;PROFIL_JOUR_TYPE
2025-04-23 19:00:00+02:00;0,000;0,000;PROFIL_JOUR_TYPE
2025-04-23 20:00:00+02:00;4535,500;0,000;PROFIL_JOUR_TYPE
2025-04-23 21:00:00+02:00;5098,000;0,000;PROFIL_JOUR_TYPE
2025-04-23 22:00:00+02:00;4697,500;0,000;PROFIL_JOUR_TYPE
2025-04-23 23:00:00+02:00;4704,000;0,000;PROFIL_JOUR_TYPE
2025-04-24 00:00:00+02:00;4698,000;1,000;MESURE
2025-04-24 01:00:00+02:00;4672,000;1,000;MESURE
2025-04-24 02:00:00+02:00;4724,000;1,000;MESURE
2025-04-24 03:00:00+02:00;4710,000;1,000;MESURE
2025-04-24 04:00:00+02:00;4778,000;1,000;MESURE
2025-04-24 05:00:00+02:00;5230,000;1,000;MESURE
2025-04-24 06:00:00+02:00;1328,000;1,000;MESURE
2025-04-24 07:00:00+02:00;0,000;1,000;MESURE
2025-04-24 08:00:00+02:00;0,000;1,000;MESURE
2025-04-24 09:00:00+02:00;0,000;1,000;MESURE
2025-04-24 10:00:00+02:00;0,000;1,000;MESURE
2025-04-24 11:00:00+02:00;0,000;1,000;MESURE
2025-04-24 12:00:00+02:00;0,000;1,000;MESURE
2025-04-24 13:00:00+02:00;0,000;1,000;MESURE
2025-04-24 14:00:00+02:00;0,000;1,000;MESURE
2025-04-24 15:00:00+02:00;0,000;1,000;MESURE
2025-04-24 16:00:00+02:00;0,000;1,000;MESURE
2025-04-24 17:00:00+02:00;0,000;1,000;MESURE
2025-04-24 18:00:00+02:00;0,000;1,000;MESURE
2025-04-24 19:00:00+02:00;0,000;1,000;MESURE
2025-04-24 20:00:00+02:00;4477,000;1,000;MESURE
2025-04-24 21:00:00+02:00;5070,000;1,000;MESURE
2025-04-24 22:00:00+02:00;4691,000;1,000;MESURE
2025-04-24 23:00:00+02:00;4712,000;1,000;MESURE
2025-04-25 00:00:00+02:00;4678,000;1,000;MESURE
2025-04-25 01:00:00+02:00;4733,000;1,000;MESURE
2025-04-25 02:00:00+02:00;4722,000;1,000;MESURE
2025-04-25 03:00:00+02:00;4660,000;1,000;MESURE
2025-04-25 04:00:00+02:00;4667,000;1,000;MESURE
2025-04-25 05:00:00+02:00;5200,000;1,000;MESURE
2025-04-25 06:00:00+02:00;1143,000;1,000;MESURE
2025-04-25 07:00:00+02:00;0,000;1,000;MESURE
2025-04-25 08:00:00+02:00;0,000;1,000;MESURE
2025-04-25 09:00:00+02:00;0,000;1,000;MESURE
2025-04-25 10:00:00+02:00;0,000;1,000;MESURE
2025-04-25 11:00:00+02:00;0,000;1,000;MESURE
2025-04-25 12:00:00+02:00;0,000;1,000;MESURE
2025-04-25 13:00:00+02:00;0,000;1,000;MESURE
2025-04-25 14:00:00+02:00;0,000;1,000;MESURE
2025-04-25 15:00:00+02:00;0,000;1,000;MESURE
2025-04-25 16:00:00+02:00;0,000;1,000;MESURE
2025-04-25 17:00:00+02:00;0,000;1,000;MESURE
2025-04-25 18:00:00+02:00;0,000;1,000;MESURE
2025-04-25 19:00:00+02:00;0,000;1,000;MESURE
2025-04-25 20:00:00+02:00;4066,000;1,000;MESURE
2025-04-25 21:00:00+02:00;4886,000;1,000;MESURE
2025-04-25 22:00:00+02:00;4483,000;1,000;MESURE
2025-04-25 23:00:00+02:00;4484,000;1,000;MESURE
2025-04-26 00:00:00+02:00;4503,000;1,000;MESURE
2025-04-26 01:00:00+02:00;4502,000;1,000;MESURE
2025-04-26 02:00:00+02:00;4514,000;1,000;MESURE
2025-04-26 03:00:00+02:00;4508,000;1,000;MESURE
2025-04-26 04:00:00+02:00;4489,000;1,000;MESURE
2025-04-26 05:00:00+02:00;4962,000;1,000;MESURE
2025-04-26 06:00:00+02:00;940,000;1,000;MESURE
2025-04-26 07:00:00+02:00;0,000;1,000;MESURE
2025-04-26 08:00:00+02:00;0,000;1,000;MESURE
2025-04-26 09:00:00+02:00;0,000;1,000;MESURE
2025-04-26 10:00:00+02:00;0,000;1,000;MESURE
2025-04-26 11:00:00+02:00;0,000;1,000;MESURE
2025-04-26 12:00:00+02:00;0,000;1,000;MESURE
2025-04-26 13:00:00+02:00;0,000;1,000;MESURE
2025-04-26 14:00:00+02:00;0,000;1,000;MESURE
2025-04-26 15:00:00+02:00;0,000;1,000;MESURE
2025-04-26 16:00:00+02:00;0,000;1,000;MESURE
2025-04-26 17:00:00+02:00;0,000;1,000;MESURE
2025-04-26 18:00:00+02:00;0,000;1,000;MESURE
2025-04-26 19:00:00+02:00;0,000;1,000;MESURE
2025-04-26 20:00:00+02:00;4038,000;1,000;MESURE
2025-04-26 21:00:00+02:00;5020,000;1,000;MESURE
2025-04-26 22:00:00+02:00;4588,000;1,000;MESURE
2025-04-26 23:00:00+02:00;4627,000;1,000;MESURE
2025-04-27 00:00:00+02:00;4600,000;1,000;MESURE
2025-04-27 01:00:00+02:00;4625,000;1,000;MESURE
2025-04-27 02:00:00+02:00;4629,000;1,000;MESURE
2025-04-27 03:00:00+02:00;4657,000;1,000;MESURE
2025-04-27 04:00:00+02:00;4671,000;1,000;MESURE
2025-04-27 05:00:00+02:00;5110,000;1,000;MESURE
2025-04-27 06:00:00+02:00;865,000;1,000;MESURE
2025-04-27 07:00:00+02:00;0,000;1,000;MESURE
2025-04-27 08:00:00+02:00;0,000;1,000;MESURE
2025-04-27 09:00:00+02:00;0,000;1,000;MESURE
2025-04-27 10:00:00+02:00;0,000;1,000;MESURE
2025-04-27 11:00:00+02:00;0,000;1,000;MESURE
2025-04-27 12:00:00+02:00;0,000;1,000;MESURE
2025-04-27 13:00:00+02:00;0,000;1,000;MESURE
2025-04-27 14:00:00+02:00;0,000;1,000;MESURE
2025-04-27 15:00:00+02:00;0,000;1,000;MESURE
2025-04-27 16:00:00+02:00;0,000;1,000;MESURE
2025-04-27 17:00:00+02:00;0,000;1,000;MESURE
2025-04-27 18:00:00+02:00;0,000;1,000;MESURE
2025-04-27 19:00:00+02:00;0,000;1,000;MESURE
2025-04-27 20:00:00+02:00;3817,000;1,000;MESURE
2025-04-27 21:00:00+02:00;4878,000;1,000;MESURE
2025-04-27 22:00:00+02:00;4455,000;1,000;MESURE
2025-04-27 23:00:00+02:00;4441,000;1,000;MESURE
2025-04-28 00:00:00+02:00;4461,000;1,000;MESURE
2025-04-28 01:00:00+02:00;4453,000;1,000;MESURE
2025-04-28 02:00:00+02:00;4449,000;1,000;MESURE
2025-04-28 03:00:00+02:00;4471,000;1,000;MESURE
2025-04-28 04:00:00+02:00;4487,000;1,000;MESURE
2025-04-28 05:00:00+02:00;4914,000;1,000;MESURE
2025-04-28 06:00:00+02:00;672,000;1,000;MESURE
2025-04-28 07:00:00+02:00;0,000;1,000;MESURE
2025-04-28 08:00:00+02:00;0,000;1,000;MESURE
2025-04-28 09:00:00+02:00;0,000;1,000;MESURE
2025-04-28 10:00:00+02:00;0,000;1,000;MESURE
2025-04-28 11:00:00+02:00;0,000;1,000;MESURE
2025-04-28 12:00:00+02:00;0,000;1,000;MESURE
2025-04-28 13:00:00+02:00;0,000;1,000;MESURE
2025-04-28 14:00:00+02:00;0,000;1,000;MESURE
2025-04-28 15:00:00+02:00;0,000;1,000;MESURE
2025-04-28 16:00:00+02:00;0,000;1,000;MESURE
2025-04-28 17:00:00+02:00;0,000;1,000;MESURE
2025-04-28 18:00:00+02:00;0,000;1,000;MESURE
2025-04-28 19:00:00+02:00;0,000;1,000;MESURE
2025-04-28 20:00:00+02:00;3757,000;1,000;MESURE
2025-04-28 21:00:00+02:00;4825,000;1,000;MESURE
2025-04-28 22:00:00+02:00;4348,000;1,000;MESURE
2025-04-28 23:00:00+02:00;4352,000;1,000;MESURE
2025-04-29 00:00:00+02:00;4386,000;1,000;MESURE
2025-04-29 01:00:00+02:00;4392,000;1,000;MESURE
2025-04-29 02:00:00+02:00;4396,000;1,000;MESURE
2025-04-29 03:00:00+02:00;4464,000;1,000;MESURE
2025-04-29 04:00:00+02:00;4418,000;1,000;MESURE
2025-04-29 05:00:00+02:00;4898,000;1,000;MESURE
2025-04-29 06:00:00+02:00;490,000;1,000;MESURE
2025-04-29 07:00:00+02:00;0,000;1,000;MESURE
2025-04-29 08:00:00+02:00;0,000;1,000;MESURE
2025-04-29 09:00:00+02:00;0,000;1,000;MESURE
2025-04-29 10:00:00+02:00;0,000;1,000;MESURE
2025-04-29 11:00:00+02:00;0,000;1,000;MESURE
2025-04-29 12:00:00+02:00;0,000;1,000;MESURE
2025-04-29 13:00:00+02:00;0,000;1,000;MESURE
2025-04-29 14:00:00+02:00;0,000;1,000;MESURE
2025-04-29 15:00:00+02:00;0,000;1,000;MESURE
2025-04-29 16:00:00+02:00;0,000;1,000;MESURE
2025-04-29 17:00:00+02:00;0,000;1,000;MESURE
2025-04-29 18:00:00+02:00;0,000;1,000;MESURE
2025-04-29 19:00:00+02:00;0,000;1,000;MESURE
2025-04-29 20:00:00+02:00;3648,000;1,000;MESURE
2025-04-29 21:00:00+02:00;4851,000;1,000;MESURE
2025-04-29 22:00:00+02:00;4425,000;1,000;MESURE
2025-04-29 23:00:00+02:00;4427,000;1,000;MESURE
2025-04-30 00:00:00+02:00;4449,000;1,000;MESURE
2025-04-30 01:00:00+02:00;4385,000;1,000;MESURE
2025-04-30 02:00:00+02:00;4359,000;1,000;MESURE
2025-04-30 03:00:00+02:00;4373,000;1,000;MESURE
2025-04-30 04:00:00+02:00;4374,000;1,000;MESURE
2025-04-30 05:00:00+02:00;4908,000;1,000;MESURE
2025-04-30 06:00:00+02:00;427,000;1,000;MESURE
2025-04-30 07:00:00+02:00;0,000;1,000;MESURE
2025-04-30 08:00:00+02:00;0,000;1,000;MESURE
2025-04-30 09:00:00+02:00;0,000;1,000;MESURE
2025-04-30 10:00:00+02:00;0,000;1,000;MESURE
2025-04-30 11:00:00+02:00;0,000;1,000;MESURE
2025-04-30 12:00:00+02:00;0,000;1,000;MESURE
2025-04-30 13:00:00+02:00;0,000;1,000;MESURE
2025-04-30 14:00:00+02:00;0,000;1,000;MESURE
2025-04-30 15:00:00+02:00;0,000;1,000;MESURE
2025-04-30 16:00:00+02:00;0,000;1,000;MESURE
2025-04-30 17:00:00+02:00;0,000;1,000;MESURE
2025-04-30 18:00:00+02:00;0,000;1,000;MESURE
2025-04-30 19:00:00+02:00;0,000;1,000;MESURE
2025-04-30 20:00:00+02:00;3586,000;1,000;MESURE
2025-04-30 21:00:00+02:00;5015,000;1,000;MESURE
2025-04-30 22:00:00+02:00;4587,000;1,000;MESURE
2025-04-30 23:00:00+02:00;4570,000;1,000;MESURE
2025-05-01 00:00:00+02:00;4607,000;1,000;MESURE
2025-05-01 01:00:00+02:00;4552,000;1,000;MESURE
2025-05-01 02:00:00+02:00;4537,000;1,000;MESURE
2025-05-01 03:00:00+02:00;4558,000;1,000;MESURE
2025-05-01 04:00:00+02:00;4574,000;1,000;MESURE
2025-05-01 05:00:00+02:00;5034,000;1,000;MESURE
2025-05-01 06:00:00+02:00;276,000;1,000;MESURE
2025-05-01 07:00:00+02:00;0,000;1,000;MESURE
2025-05-01 08:00:00+02:00;0,000;1,000;MESURE
2025-05-01 09:00:00+02:00;0,000;1,000;MESURE
2025-05-01 10:00:00+02:00;0,000;1,000;MESURE
2025-05-01 11:00:00+02:00;0,000;1,000;MESURE
2025-05-01 12:00:00+02:00;0,000;1,000;MESURE
2025-05-01 13:00:00+02:00;0,000;1,000;MESURE
2025-05-01 14:00:00+02:00;0,000;1,000;MESURE
2025-05-01 15:00:00+02:00;0,000;1,000;MESURE
2025-05-01 16:00:00+02:00;0,000;1,000;MESURE
2025-05-01 17:00:00+02:00;0,000;1,000;MESURE
2025-05-01 18:00:00+02:00;0,000;1,000;MESURE
2025-05-01 19:00:00+02:00;0,000;1,000;MESURE
2025-05-01 20:00:00+02:00;3519,000;1,000;MESURE
2025-05-01 21:00:00+02:00;5004,000;1,000;MESURE
2025-05-01 22:00:00+02:00;4573,000;1,000;MESURE
2025-05-01 23:00:00+02:00;4557,000;1,000;MESURE
2025-05-02 00:00:00+02:00;4590,000;1,000;MESURE
2025-05-02 01:00:00+02:00;4626,000;1,000;MESURE
2025-05-02 02:00:00+02:00;4609,000;1,000;MESURE
2025-05-02 03:00:00+02:00;4613,000;1,000;MESURE
2025-05-02 04:00:00+02:00;4638,000;1,000;MESURE
2025-05-02 05:00:00+02:00;5083,000;1,000;MESURE
2025-05-02 06:00:00+02:00;186,000;1,000;MESURE
2025-05-02 07:00:00+02:00;0,000;1,000;MESURE
2025-05-02 08:00:00+02:00;0,000;1,000;MESURE
2025-05-02 09:00:00+02:00;0,000;1,000;MESURE
2025-05-02 10:00:00+02:00;0,000;1,000;MESURE
2025-05-02 11:00:00+02:00;0,000;1,000;MESURE
2025-05-02 12:00:00+02:00;0,000;1,000;MESURE
2025-05-02 13:00:00+02:00;0,000;1,000;MESURE
2025-05-02 14:00:00+02:00;0,000;1,000;MESURE
2025-05-02 15:00:00+02:00;0,000;1,000;MESURE
2025-05-02 16:00:00+02:00;0,000;1,000;MESURE
2025-05-02 17:00:00+02:00;0,000;1,000;MESURE
2025-05-02 18:00:00+02:00;0,000;1,000;MESURE
2025-05-02 19:00:00+02:00;0,000;1,000;MESURE
2025-05-02 20:00:00+02:00;3378,000;1,000;MESURE
2025-05-02 21:00:00+02:00;4947,000;1,000;MESURE
2025-05-02 22:00:00+02:00;4512,000;1,000;MESURE
2025-05-02 23:00:00+02:00;4524,000;1,000;MESURE
2025-05-03 00:00:00+02:00;4563,000;1,000;MESURE
2025-05-03 01:00:00+02:00;4588,000;1,000;MESURE
2025-05-03 02:00:00+02:00;4570,000;1,000;MESURE
2025-05-03 03:00:00+02:00;4517,000;1,000;MESURE
2025-05-03 04:00:00+02:00;4526,000;1,000;MESURE
2025-05-03 05:00:00+02:00;5081,000;1,000;MESURE
2025-05-03 06:00:00+02:00;20,000;1,000;MESURE
2025-05-03 07:00:00+02:00;0,000;1,000;MESURE
2025-05-03 08:00:00+02:00;0,000;1,000;MESURE
2025-05-03 09:00:00+02:00;0,000;1,000;MESURE
2025-05-03 10:00:00+02:00;0,000;1,000;MESURE
2025-05-03 11:00:00+02:00;0,000;1,000;MESURE
2025-05-03 12:00:00+02:00;0,000;1,000;MESURE
2025-05-03 13:00:00+02:00;0,000;1,000;MESURE
2025-05-03 14:00:00+02:00;0,000;1,000;MESURE
2025-05-03 15:00:00+02:00;0,000;1,000;MESURE
2025-05-03 16:00:00+02:00;0,000;1,000;MESURE
2025-05-03 17:00:00+02:00;0,000;1,000;MESURE
2025-05-03 18:00:00+02:00;0,000;1,000;MESURE
2025-05-03 19:00:00+02:00;0,000;1,000;MESURE
2025-05-03 20:00:00+02:00;3249,000;1,000;MESURE
2025-05-03 21:00:00+02:00;4969,000;1,000;MESURE
2025-05-03 22:00:00+02:00;4535,000;1,000;MESURE
2025-05-03 23:00:00+02:00;4500,000;1,000;MESURE
2025-05-04 00:00:00+02:00;4506,000;1,000;MESURE
2025-05-04 01:00:00+02:00;4534,000;1,000;MESURE
2025-05-04 02:00:00+02:00;4551,000;1,000;MESURE
2025-05-04 03:00:00+02:00;4534,000;1,000;MESURE
2025-05-04 04:00:00+02:00;4534,000;1,000;MESURE
2025-05-04 05:00:00+02:00;4841,000;1,000;MESURE
2025-05-04 06:00:00+02:00;0,000;1,000;MESURE
2025-05-04 07:00:00+02:00;0,000;1,000;MESURE
2025-05-04 08:00:00+02:00;0,000;1,000;MESURE
2025-05-04 09:00:00+02:00;0,000;1,000;MESURE
2025-05-04 10:00:00+02:00;0,000;1,000;MESURE
2025-05-04 11:00:00+02:00;0,000;1,000;MESURE
2025-05-04 12:00:00+02:00;0,000;1,000;MESURE
2025-05-04 13:00:00+02:00;0,000;1,000;MESURE
2025-05-04 14:00:00+02:00;0,000;1,000;MESURE
2025-05-04 15:00:00+02:00;0,000;1,000;MESURE
2025-05-04 16:00:00+02:00;0,000;1,000;MESURE
2025-05-04 17:00:00+02:00;0,000;1,000;MESURE
2025-05-04 18:00:00+02:00;0,000;1,000;MESURE
2025-05-04 19:00:00+02:00;0,000;1,000;MESURE
2025-05-04 20:00:00+02:00;3064,000;1,000;MESURE
2025-05-04 21:00:00+02:00;4838,000;1,000;MESURE
2025-05-04 22:00:00+02:00;4419,000;1,000;MESURE
2025-05-04 23:00:00+02:00;4467,000;1,000;MESURE
2025-05-05 00:00:00+02:00;4441,000;1,000;MESURE
2025-05-05 01:00:00+02:00;4541,000;1,000;MESURE
2025-05-05 02:00:00+02:00;4505,000;1,000;MESURE
2025-05-05 03:00:00+02:00;4477,000;1,000;MESURE
2025-05-05 04:00:00+02:00;4484,000;1,000;MESURE
2025-05-05 05:00:00+02:00;4730,000;1,000;MESURE
2025-05-05 06:00:00+02:00;0,000;1,000;MESURE
2025-05-05 07:00:00+02:00;0,000;1,000;MESURE
2025-05-05 08:00:00+02:00;0,000;1,000;MESURE
2025-05-05 09:00:00+02:00;0,000;1,000;MESURE
2025-05-05 10:00:00+02:00;0,000;1,000;MESURE
2025-05-05 11:00:00+02:00;0,000;1,000;MESURE
2025-05-05 12:00:00+02:00;0,000;1,000;MESURE
2025-05-05 13:00:00+02:00;0,000;1,000;MESURE
2025-05-05 14:00:00+02:00;0,000;1,000;MESURE
2025-05-05 15:00:00+02:00;0,000;1,000;MESURE
2025-05-05 16:00:00+02:00;0,000;1,000;MESURE
2025-05-05 17:00:00+02:00;0,000;1,000;MESURE
2025-05-05 18:00:00+02:00;0,000;1,000;MESURE
2025-05-05 19:00:00+02:00;0,000;1,000;MESURE
2025-05-05 20:00:00+02:00;3201,000;1,000;MESURE
2025-05-05 21:00:00+02:00;5169,000;1,000;MESURE
2025-05-05 22:00:00+02:00;4752,000;1,000;MESURE
2025-05-05 23:00:00+02:00;4686,000;1,000;MESURE
2025-05-06 00:00:00+02:00;4667,000;1,000;MESURE
2025-05-06 01:00:00+02:00;4684,000;1,000;MESURE
2025-05-06 02:00:00+02:00;4698,000;1,000;MESURE
2025-05-06 03:00:00+02:00;4717,000;1,000;MESURE
2025-05-06 04:00:00+02:00;4747,000;1,000;MESURE
2025-05-06 05:00:00+02:00;4742,000;1,000;MESURE
2025-05-06 06:00:00+02:00;0,000;1,000;MESURE
2025-05-06 07:00:00+02:00;0,000;1,000;MESURE
2025-05-06 08:00:00+02:00;0,000;1,000;MESURE
2025-05-06 09:00:00+02:00;0,000;1,000;MESURE
2025-05-06 10:00:00+02:00;0,000;1,000;MESURE
2025-05-06 11:00:00+02:00;0,000;1,000;MESURE
2025-05-06 12:00:00+02:00;0,000;1,000;MESURE
2025-05-06 13:00:00+02:00;0,000;1,000;MESURE
2025-05-06 14:00:00+02:00;0,000;1,000;MESURE
2025-05-06 15:00:00+02:00;0,000;1,000;MESURE
2025-05-06 16:00:00+02:00;0,000;1,000;MESURE
2025-05-06 17:00:00+02:00;0,000;1,000;MESURE
2025-05-06 18:00:00+02:00;0,000;1,000;MESURE
2025-05-06 19:00:00+02:00;0,000;1,000;MESURE
2025-05-06 20:00:00+02:00;2922,000;1,000;MESURE
2025-05-06 21:00:00+02:00;4853,000;1,000;MESURE
2025-05-06 22:00:00+02:00;4438,000;1,000;MESURE
2025-05-06 23:00:00+02:00;4456,000;1,000;MESURE
2025-05-07 00:00:00+02:00;4448,000;1,000;MESURE
2025-05-07 01:00:00+02:00;4468,000;1,000;MESURE
2025-05-07 02:00:00+02:00;4470,000;1,000;MESURE
2025-05-07 03:00:00+02:00;4496,000;1,000;MESURE
2025-05-07 04:00:00+02:00;4497,000;1,000;MESURE
2025-05-07 05:00:00+02:00;4439,000;1,000;MESURE
2025-05-07 06:00:00+02:00;0,000;1,000;MESURE
2025-05-07 07:00:00+02:00;0,000;1,000;MESURE
2025-05-07 08:00:00+02:00;0,000;1,000;MESURE
2025-05-07 09:00:00+02:00;0,000;1,000;MESURE
2025-05-07 10:00:00+02:00;0,000;1,000;MESURE
2025-05-07 11:00:00+02:00;0,000;1,000;MESURE
2025-05-07 12:00:00+02:00;0,000;1,000;MESURE
2025-05-07 13:00:00+02:00;0,000;1,000;MESURE
2025-05-07 14:00:00+02:00;0,000;1,000;MESURE
2025-05-07 15:00:00+02:00;0,000;1,000;MESURE
2025-05-07 16:00:00+02:00;0,000;1,000;MESURE
2025-05-07 17:00:00+02:00;0,000;1,000;MESURE
2025-05-07 18:00:00+02:00;0,000;1,000;MESURE
2025-05-07 19:00:00+02:00;0,000;1,000;MESURE
2025-05-07 20:00:00+02:00;2931,000;1,000;MESURE
2025-05-07 21:00:00+02:00;5095,000;1,000;MESURE
2025-05-07 22:00:00+02:00;4612,000;1,000;MESURE
2025-05-07 23:00:00+02:00;4624,000;1,000;MESURE
2025-05-08 00:00:00+02:00;4627,000;1,000;MESURE
2025-05-08 01:00:00+02:00;4611,000;1,000;MESURE
2025-05-08 02:00:00+02:00;4631,000;1,000;MESURE
2025-05-08 03:00:00+02:00;4674,000;1,000;MESURE
2025-05-08 04:00:00+02:00;4687,000;1,000;MESURE
2025-05-08 05:00:00+02:00;4526,000;1,000;MESURE
2025-05-08 06:00:00+02:00;0,000;1,000;MESURE
2025-05-08 07:00:00+02:00;0,000;1,000;MESURE
2025-05-08 08:00:00+02:00;0,000;1,000;MESURE
2025-05-08 09:00:00+02:00;0,000;1,000;MESURE
2025-05-08 10:00:00+02:00;0,000;1,000;MESURE
2025-05-08 11:00:00+02:00;0,000;1,000;MESURE
2025-05-08 12:00:00+02:00;0,000;1,000;MESURE
2025-05-08 13:00:00+02:00;0,000;1,000;MESURE
2025-05-08 14:00:00+02:00;0,000;1,000;MESURE
2025-05-08 15:00:00+02:00;0,000;1,000;MESURE
2025-05-08 16:00:00+02:00;0,000;1,000;MESURE
2025-05-08 17:00:00+02:00;0,000;1,000;MESURE
2025-05-08 18:00:00+02:00;0,000;1,000;MESURE
2025-05-08 19:00:00+02:00;0,000;1,000;MESURE
2025-05-08 20:00:00+02:00;2646,000;1,000;MESURE
2025-05-08 21:00:00+02:00;4888,000;1,000;MESURE
2025-05-08 22:00:00+02:00;4398,000;1,000;MESURE
2025-05-08 23:00:00+02:00;4375,000;1,000;MESURE
2025-05-09 00:00:00+02:00;4407,000;1,000;MESURE
2025-05-09 01:00:00+02:00;4433,000;1,000;MESURE
2025-05-09 02:00:00+02:00;4415,000;1,000;MESURE
2025-05-09 03:00:00+02:00;4438,000;1,000;MESURE
2025-05-09 04:00:00+02:00;4458,000;1,000;MESURE
2025-05-09 05:00:00+02:00;4169,000;1,000;MESURE
2025-05-09 06:00:00+02:00;0,000;1,000;MESURE
2025-05-09 07:00:00+02:00;0,000;1,000;MESURE
2025-05-09 08:00:00+02:00;0,000;1,000;MESURE
2025-05-09 09:00:00+02:00;0,000;1,000;MESURE
2025-05-09 10:00:00+02:00;0,000;1,000;MESURE
2025-05-09 11:00:00+02:00;0,000;1,000;MESURE
2025-05-09 12:00:00+02:00;0,000;1,000;MESURE
2025-05-09 13:00:00+02:00;0,000;1,000;MESURE
2025-05-09 14:00:00+02:00;0,000;1,000;MESURE
2025-05-09 15:00:00+02:00;0,000;1,000;MESURE
2025-05-09 16:00:00+02:00;0,000;1,000;MESURE
2025-05-09 17:00:00+02:00;0,000;1,000;MESURE
2025-05-09 18:00:00+02:00;0,000;1,000;MESURE
2025-05-09 19:00:00+02:00;0,000;1,000;MESURE
2025-05-09 20:00:00+02:00;2545,000;1,000;MESURE
2025-05-09 21:00:00+02:00;4862,000;1,000;MESURE
2025-05-09 22:00:00+02:00;4439,000;1,000;MESURE
2025-05-09 23:00:00+02:00;4433,000;1,000;MESURE
2025-05-10 00:00:00+02:00;4397,000;1,000;MESURE
2025-05-10 01:00:00+02:00;4402,000;1,000;MESURE
2025-05-10 02:00:00+02:00;4394,000;1,000;MESURE
2025-05-10 03:00:00+02:00;4397,000;1,000;MESURE
2025-05-10 04:00:00+02:00;4415,000;1,000;MESURE
2025-05-10 05:00:00+02:00;4064,000;1,000;MESURE
2025-05-10 06:00:00+02:00;0,000;1,000;MESURE
2025-05-10 07:00:00+02:00;0,000;1,000;MESURE
2025-05-10 08:00:00+02:00;0,000;1,000;MESURE
2025-05-10 09:00:00+02:00;0,000;1,000;MESURE
2025-05-10 10:00:00+02:00;0,000;1,000;MESURE
2025-05-10 11:00:00+02:00;0,000;1,000;MESURE
2025-05-10 12:00:00+02:00;0,000;1,000;MESURE
2025-05-10 13:00:00+02:00;0,000;1,000;MESURE
2025-05-10 14:00:00+02:00;0,000;1,000;MESURE
2025-05-10 15:00:00+02:00;0,000;1,000;MESURE
2025-05-10 16:00:00+02:00;0,000;1,000;MESURE
2025-05-10 17:00:00+02:00;0,000;1,000;MESURE
2025-05-10 18:00:00+02:00;0,000;1,000;MESURE
2025-05-10 19:00:00+02:00;0,000;1,000;MESURE
2025-05-10 20:00:00+02:00;2536,000;1,000;MESURE
2025-05-10 21:00:00+02:00;5037,000;1,000;MESURE
2025-05-10 22:00:00+02:00;4576,000;1,000;MESURE
2025-05-10 23:00:00+02:00;4506,000;1,000;MESURE
2025-05-11 00:00:00+02:00;4526,000;1,000;MESURE
2025-05-11 01:00:00+02:00;4553,000;1,000;MESURE
2025-05-11 02:00:00+02:00;4558,000;1,000;MESURE
2025-05-11 03:00:00+02:00;4583,000;1,000;MESURE
2025-05-11 04:00:00+02:00;4601,000;1,000;MESURE
2025-05-11 05:00:00+02:00;4069,000;1,000;MESURE
2025-05-11 06:00:00+02:00;0,000;1,000;MESURE
2025-05-11 07:00:00+02:00;0,000;1,000;MESURE
2025-05-11 08:00:00+02:00;0,000;1,000;MESURE
2025-05-11 09:00:00+02:00;0,000;1,000;MESURE
2025-05-11 10:00:00+02:00;0,000;1,000;MESURE
2025-05-11 11:00:00+02:00;0,000;1,000;MESURE
2025-05-11 12:00:00+02:00;0,000;1,000;MESURE
2025-05-11 13:00:00+02:00;0,000;1,000;MESURE
2025-05-11 14:00:00+02:00;0,000;1,000;MESURE
2025-05-11 15:00:00+02:00;0,000;1,000;MESURE
2025-05-11 16:00:00+02:00;0,000;1,000;MESURE
2025-05-11 17:00:00+02:00;0,000;1,000;MESURE
2025-05-11 18:00:00+02:00;0,000;1,000;MESURE
2025-05-11 19:00:00+02:00;0,000;1,000;MESURE
2025-05-11 20:00:00+02:00;2231,000;1,000;MESURE
2025-05-11 21:00:00+02:00;4748,000;1,000;MESURE
2025-05-11 22:00:00+02:00;4330,000;1,000;MESURE
2025-05-11 23:00:00+02:00;4323,000;1,000;MESURE
2025-05-12 00:00:00+02:00;4351,000;1,000;MESURE
2025-05-12 01:00:00+02:00;4367,000;1,000;MESURE
2025-05-12 02:00:00+02:00;4368,000;1,000;MESURE
2025-05-12 03:00:00+02:00;4375,000;1,000;MESURE
2025-05-12 04:00:00+02:00;4384,000;1,000;MESURE
2025-05-12 05:00:00+02:00;3839,000;1,000;MESURE
2025-05-12 06:00:00+02:00;0,000;1,000;MESURE
2025-05-12 07:00:00+02:00;0,000;1,000;MESURE
2025-05-12 08:00:00+02:00;0,000;1,000;MESURE
2025-05-12 09:00:00+02:00;0,000;1,000;MESURE
2025-05-12 10:00:00+02:00;0,000;1,000;MESURE
2025-05-12 11:00:00+02:00;0,000;1,000;MESURE
2025-05-12 12:00:00+02:00;0,000;1,000;MESURE
2025-05-12 13:00:00+02:00;0,000;1,000;MESURE
2025-05-12 14:00:00+02:00;0,000;1,000;MESURE
2025-05-12 15:00:00+02:00;0,000;1,000;MESURE
2025-05-12 16:00:00+02:00;0,000;1,000;MESURE
2025-05-12 17:00:00+02:00;0,000;1,000;MESURE
2025-05-12 18:00:00+02:00;0,000;1,000;MESURE
2025-05-12 19:00:00+02:00;0,000;1,000;MESURE
2025-05-12 20:00:00+02:00;2160,000;1,000;MESURE
2025-05-12 21:00:00+02:00;4771,000;1,000;MESURE
2025-05-12 22:00:00+02:00;4353,000;1,000;MESURE
2025-05-12 23:00:00+02:00;4329,000;1,000;MESURE
2025-05-13 00:00:00+02:00;4365,000;1,000;MESURE
2025-05-13 01:00:00+02:00;4381,000;1,000;MESURE
2025-05-13 02:00:00+02:00;4380,000;1,000;MESURE
2025-05-13 03:00:00+02:00;4421,000;1,000;MESURE
2025-05-13 04:00:00+02:00;4414,000;1,000;MESURE
2025-05-13 05:00:00+02:00;3721,000;1,000;MESURE
2025-05-13 06:00:00+02:00;0,000;1,000;MESURE
2025-05-13 07:00:00+02:00;0,000;1,000;MESURE
2025-05-13 08:00:00+02:00;0,000;1,000;MESURE
2025-05-13 09:00:00+02:00;0,000;1,000;MESURE
2025-05-13 10:00:00+02:00;0,000;1,000;MESURE
2025-05-13 11:00:00+02:00;0,000;1,000;MESURE
2025-05-13 12:00:00+02:00;0,000;1,000;MESURE
2025-05-13 13:00:00+02:00;0,000;1,000;MESURE
2025-05-13 14:00:00+02:00;0,000;1,000;MESURE
2025-05-13 15:00:00+02:00;0,000;1,000;MESURE
2025-05-13 16:00:00+02:00;0,000;1,000;MESURE
2025-05-13 17:00:00+02:00;0,000;1,000;MESURE
2025-05-13 18:00:00+02:00;0,000;1,000;MESURE
2025-05-13 19:00:00+02:00;0,000;1,000;MESURE
2025-05-13 20:00:00+02:00;2110,000;1,000;MESURE
2025-05-13 21:00:00+02:00;4749,000;1,000;MESURE
2025-05-13 22:00:00+02:00;4336,000;1,000;MESURE
2025-05-13 23:00:00+02:00;4383,000;1,000;MESURE
2025-05-14 00:00:00+02:00;4330,000;1,000;MESURE
2025-05-14 01:00:00+02:00;4331,000;1,000;MESURE
2025-05-14 02:00:00+02:00;4324,000;1,000;MESURE
2025-05-14 03:00:00+02:00;4358,000;1,000;MESURE
2025-05-14 04:00:00+02:00;4331,000;1,000;MESURE
2025-05-14 05:00:00+02:00;3597,000;1,000;MESURE
2025-05-14 06:00:00+02:00;0,000;1,000;MESURE
2025-05-14 07:00:00+02:00;0,000;1,000;MESURE
2025-05-14 08:00:00+02:00;0,000;1,000;MESURE
2025-05-14 09:00:00+02:00;0,000;1,000;MESURE
2025-05-14 10:00:00+02:00;0,000;1,000;MESURE
2025-05-14 11:00:00+02:00;0,000;1,000;MESURE
2025-05-14 12:00:00+02:00;0,000;1,000;MESURE
2025-05-14 13:00:00+02:00;0,000;1,000;MESURE
2025-05-14 14:00:00+02:00;0,000;1,000;MESURE
2025-05-14 15:00:00+02:00;0,000;1,000;MESURE
2025-05-14 16:00:00+02:00;0,000;1,000;MESURE
2025-05-14 17:00:00+02:00;0,000;1,000;MESURE
2025-05-14 18:00:00+02:00;0,000;1,000;MESURE
2025-05-14 19:00:00+02:00;0,000;1,000;MESURE
2025-05-14 20:00:00+02:00;1984,000;1,000;MESURE
2025-05-14 21:00:00+02:00;4710,000;1,000;MESURE
2025-05-14 22:00:00+02:00;4297,000;1,000;MESURE
2025-05-14 23:00:00+02:00;4285,000;1,000;MESURE
2025-05-15 00:00:00+02:00;4319,000;1,000;MESURE
2025-05-15 01:00:00+02:00;4343,000;1,000;MESURE
2025-05-15 02:00:00+02:00;4341,000;1,000;MESURE
2025-05-15 03:00:00+02:00;4356,000;1,000;MESURE
2025-05-15 04:00:00+02:00;4348,000;1,000;MESURE
2025-05-15 05:00:00+02:00;3440,000;1,000;MESURE
2025-05-15 06:00:00+02:00;0,000;1,000;MESURE
2025-05-15 07:00:00+02:00;0,000;1,000;MESURE
2025-05-15 08:00:00+02:00;0,000;1,000;MESURE
2025-05-15 09:00:00+02:00;0,000;1,000;MESURE
2025-05-15 10:00:00+02:00;0,000;1,000;MESURE
2025-05-15 11:00:00+02:00;0,000;1,000;MESURE
2025-05-15 12:00:00+02:00;0,000;1,000;MESURE
2025-05-15 13:00:00+02:00;0,000;1,000;MESURE
2025-05-15 14:00:00+02:00;0,000;1,000;MESURE
2025-05-15 15:00:00+02:00;0,000;1,000;MESURE
2025-05-15 16:00:00+02:00;0,000;1,000;MESURE
2025-05-15 17:00:00+02:00;0,000;1,000;MESURE
2025-05-15 18:00:00+02:00;0,000;1,000;MESURE
2025-05-15 19:00:00+02:00;0,000;1,000;MESURE
2025-05-15 20:00:00+02:00;1827,000;1,000;MESURE
2025-05-15 21:00:00+02:00;4690,000;1,000;MESURE
2025-05-15 22:00:00+02:00;4273,000;1,000;MESURE
2025-05-15 23:00:00+02:00;4251,000;1,000;MESURE
2025-05-16 00:00:00+02:00;4299,000;1,000;MESURE
2025-05-16 01:00:00+02:00;4307,000;1,000;MESURE
2025-05-16 02:00:00+02:00;4293,000;1,000;MESURE
2025-05-16 03:00:00+02:00;4331,000;1,000;MESURE
2025-05-16 04:00:00+02:00;4331,000;1,000;MESURE
2025-05-16 05:00:00+02:00;3353,000;1,000;MESURE
2025-05-16 06:00:00+02:00;0,000;1,000;MESURE
2025-05-16 07:00:00+02:00;0,000;1,000;MESURE
2025-05-16 08:00:00+02:00;0,000;1,000;MESURE
2025-05-16 09:00:00+02:00;0,000;1,000;MESURE
2025-05-16 10:00:00+02:00;0,000;1,000;MESURE
2025-05-16 11:00:00+02:00;0,000;1,000;MESURE
2025-05-16 12:00:00+02:00;0,000;1,000;MESURE
2025-05-16 13:00:00+02:00;0,000;1,000;MESURE
2025-05-16 14:00:00+02:00;0,000;1,000;MESURE
2025-05-16 15:00:00+02:00;0,000;1,000;MESURE
2025-05-16 16:00:00+02:00;0,000;1,000;MESURE
2025-05-16 17:00:00+02:00;0,000;1,000;MESURE
2025-05-16 18:00:00+02:00;0,000;1,000;MESURE
2025-05-16 19:00:00+02:00;0,000;1,000;MESURE
2025-05-16 20:00:00+02:00;1745,000;1,000;MESURE
2025-05-16 21:00:00+02:00;4680,000;1,000;MESURE
2025-05-16 22:00:00+02:00;4259,000;1,000;MESURE
2025-05-16 23:00:00+02:00;4268,000;1,000;MESURE
2025-05-17 00:00:00+02:00;4305,000;1,000;MESURE
2025-05-17 01:00:00+02:00;4297,000;1,000;MESURE
2025-05-17 02:00:00+02:00;4315,000;1,000;MESURE
2025-05-17 03:00:00+02:00;4334,000;1,000;MESURE
2025-05-17 04:00:00+02:00;4340,000;1,000;MESURE
2025-05-17 05:00:00+02:00;3285,000;1,000;MESURE
2025-05-17 06:00:00+02:00;0,000;1,000;MESURE
2025-05-17 07:00:00+02:00;0,000;1,000;MESURE
2025-05-17 08:00:00+02:00;0,000;1,000;MESURE
2025-05-17 09:00:00+02:00;0,000;1,000;MESURE
2025-05-17 10:00:00+02:00;0,000;1,000;MESURE
2025-05-17 11:00:00+02:00;0,000;1,000;MESURE
2025-05-17 12:00:00+02:00;0,000;1,000;MESURE
2025-05-17 13:00:00+02:00;0,000;1,000;MESURE
2025-05-17 14:00:00+02:00;0,000;1,000;MESURE
2025-05-17 15:00:00+02:00;0,000;1,000;MESURE
2025-05-17 16:00:00+02:00;0,000;1,000;MESURE
2025-05-17 17:00:00+02:00;0,000;1,000;MESURE
2025-05-17 18:00:00+02:00;0,000;1,000;MESURE
2025-05-17 19:00:00+02:00;0,000;1,000;MESURE
2025-05-17 20:00:00+02:00;1676,000;1,000;MESURE
2025-05-17 21:00:00+02:00;4754,000;1,000;MESURE
2025-05-17 22:00:00+02:00;4261,000;1,000;MESURE
2025-05-17 23:00:00+02:00;4326,000;1,000;MESURE
2025-05-18 00:00:00+02:00;4295,000;1,000;MESURE
2025-05-18 01:00:00+02:00;4270,000;1,000;MESURE
2025-05-18 02:00:00+02:00;4283,000;1,000;MESURE
2025-05-18 03:00:00+02:00;4280,000;1,000;MESURE
2025-05-18 04:00:00+02:00;4310,000;1,000;MESURE
2025-05-18 05:00:00+02:00;3106,000;1,000;MESURE
2025-05-18 06:00:00+02:00;0,000;1,000;MESURE
2025-05-18 07:00:00+02:00;0,000;1,000;MESURE
2025-05-18 08:00:00+02:00;0,000;1,000;MESURE
2025-05-18 09:00:00+02:00;0,000;1,000;MESURE
2025-05-18 10:00:00+02:00;0,000;1,000;MESURE
2025-05-18 11:00:00+02:00;0,000;1,000;MESURE
2025-05-18 12:00:00+02:00;0,000;1,000;MESURE
2025-05-18 13:00:00+02:00;0,000;1,000;MESURE
2025-05-18 14:00:00+02:00;0,000;1,000;MESURE
2025-05-18 15:00:00+02:00;0,000;1,000;MESURE
2025-05-18 16:00:00+02:00;0,000;1,000;MESURE
2025-05-18 17:00:00+02:00;0,000;1,000;MESURE
2025-05-18 18:00:00+02:00;0,000;1,000;MESURE
2025-05-18 19:00:00+02:00;0,000;1,000;MESURE
2025-05-18 20:00:00+02:00;1610,000;1,000;MESURE
2025-05-18 21:00:00+02:00;4728,000;1,000;MESURE
2025-05-18 22:00:00+02:00;4307,000;1,000;MESURE
2025-05-18 23:00:00+02:00;4315,000;1,000;MESURE
2025-05-19 00:00:00+02:00;4277,000;1,000;MESURE
2025-05-19 01:00:00+02:00;4295,000;1,000;MESURE
2025-05-19 02:00:00+02:00;4298,000;1,000;MESURE
2025-05-19 03:00:00+02:00;4304,000;1,000;MESURE
2025-05-19 04:00:00+02:00;4301,000;1,000;MESURE
2025-05-19 05:00:00+02:00;3013,000;1,000;MESURE
2025-05-19 06:00:00+02:00;0,000;1,000;MESURE
2025-05-19 07:00:00+02:00;0,000;1,000;MESURE
2025-05-19 08:00:00+02:00;0,000;1,000;MESURE
2025-05-19 09:00:00+02:00;0,000;1,000;MESURE
2025-05-19 10:00:00+02:00;0,000;1,000;MESURE
2025-05-19 11:00:00+02:00;0,000;1,000;MESURE
2025-05-19 12:00:00+02:00;0,000;1,000;MESURE
2025-05-19 13:00:00+02:00;0,000;1,000;MESURE
2025-05-19 14:00:00+02:00;0,000;1,000;MESURE
2025-05-19 15:00:00+02:00;0,000;1,000;MESURE
2025-05-19 16:00:00+02:00;0,000;1,000;MESURE
2025-05-19 17:00:00+02:00;0,000;1,000;MESURE
2025-05-19 18:00:00+02:00;0,000;1,000;MESURE
2025-05-19 19:00:00+02:00;0,000;1,000;MESURE
2025-05-19 20:00:00+02:00;1438,000;1,000;MESURE
2025-05-19 21:00:00+02:00;4695,000;1,000;MESURE
2025-05-19 22:00:00+02:00;4280,000;1,000;MESURE
2025-05-19 23:00:00+02:00;4278,000;1,000;MESURE
2025-05-20 00:00:00+02:00;4335,000;1,000;MESURE
2025-05-20 01:00:00+02:00;4332,000;1,000;MESURE
2025-05-20 02:00:00+02:00;4322,000;1,000;MESURE
2025-05-20 03:00:00+02:00;4358,000;1,000;MESURE
2025-05-20 04:00:00+02:00;4345,000;1,000;MESURE
2025-05-20 05:00:00+02:00;2960,000;1,000;MESURE
2025-05-20 06:00:00+02:00;0,000;1,000;MESURE
2025-05-20 07:00:00+02:00;0,000;1,000;MESURE
2025-05-20 08:00:00+02:00;0,000;1,000;MESURE
2025-05-20 09:00:00+02:00;0,000;1,000;MESURE
2025-05-20 10:00:00+02:00;0,000;1,000;MESURE
2025-05-20 11:00:00+02:00;0,000;1,000;MESURE
2025-05-20 12:00:00+02:00;0,000;1,000;MESURE
2025-05-20 13:00:00+02:00;0,000;1,000;MESURE
2025-05-20 14:00:00+02:00;0,000;1,000;MESURE
2025-05-20 15:00:00+02:00;0,000;1,000;MESURE
2025-05-20 16:00:00+02:00;0,000;1,000;MESURE
2025-05-20 17:00:00+02:00;0,000;1,000;MESURE
2025-05-20 18:00:00+02:00;0,000;1,000;MESURE
2025-05-20 19:00:00+02:00;0,000;1,000;MESURE
2025-05-20 20:00:00+02:00;1360,000;1,000;MESURE
2025-05-20 21:00:00+02:00;4691,000;1,000;MESURE
2025-05-20 22:00:00+02:00;4278,000;1,000;MESURE
2025-05-20 23:00:00+02:00;4306,000;1,000;MESURE
2025-05-21 00:00:00+02:00;4341,000;1,000;MESURE
2025-05-21 01:00:00+02:00;4344,000;1,000;MESURE
2025-05-21 02:00:00+02:00;4342,000;1,000;MESURE
2025-05-21 03:00:00+02:00;4371,000;1,000;MESURE
2025-05-21 04:00:00+02:00;4372,000;1,000;MESURE
2025-05-21 05:00:00+02:00;2894,000;1,000;MESURE
2025-05-21 06:00:00+02:00;0,000;1,000;MESURE
2025-05-21 07:00:00+02:00;0,000;1,000;MESURE
2025-05-21 08:00:00+02:00;0,000;1,000;MESURE
2025-05-21 09:00:00+02:00;0,000;1,000;MESURE
2025-05-21 10:00:00+02:00;0,000;1,000;MESURE
2025-05-21 11:00:00+02:00;0,000;1,000;MESURE
2025-05-21 12:00:00+02:00;0,000;1,000;MESURE
2025-05-21 13:00:00+02:00;0,000;1,000;MESURE
2025-05-21 14:00:00+02:00;0,000;1,000;MESURE
2025-05-21 15:00:00+02:00;0,000;1,000;MESURE
2025-05-21 16:00:00+02:00;0,000;1,000;MESURE
2025-05-21 17:00:00+02:00;0,000;1,000;MESURE
2025-05-21 18:00:00+02:00;0,000;1,000;MESURE
2025-05-21 19:00:00+02:00;0,000;1,000;MESURE
2025-05-21 20:00:00+02:00;1287,000;1,000;MESURE
2025-05-21 21:00:00+02:00;4717,000;1,000;MESURE
2025-05-21 22:00:00+02:00;4289,000;1,000;MESURE
2025-05-21 23:00:00+02:00;4272,000;1,000;MESURE
2025-05-22 00:00:00+02:00;4313,000;1,000;MESURE
2025-05-22 01:00:00+02:00;4342,000;1,000;MESURE
2025-05-22 02:00:00+02:00;4328,000;1,000;MESURE
2025-05-22 03:00:00+02:00;4281,000;1,000;MESURE
2025-05-22 04:00:00+02:00;4364,000;1,000;MESURE
2025-05-22 05:00:00+02:00;2843,000;1,000;MESURE
2025-05-22 06:00:00+02:00;0,000;1,000;MESURE
2025-05-22 07:00:00+02:00;0,000;1,000;MESURE
2025-05-22 08:00:00+02:00;0,000;1,000;MESURE
2025-05-22 09:00:00+02:00;0,000;1,000;MESURE
2025-05-22 10:00:00+02:00;0,000;1,000;MESURE
2025-05-22 11:00:00+02:00;0,000;1,000;MESURE
2025-05-22 12:00:00+02:00;0,000;1,000;MESURE
2025-05-22 13:00:00+02:00;0,000;1,000;MESURE
2025-05-22 14:00:00+02:00;0,000;1,000;MESURE
2025-05-22 15:00:00+02:00;0,000;1,000;MESURE
2025-05-22 16:00:00+02:00;0,000;1,000;MESURE
2025-05-22 17:00:00+02:00;0,000;1,000;MESURE
2025-05-22 18:00:00+02:00;0,000;1,000;MESURE
2025-05-22 19:00:00+02:00;0,000;1,000;MESURE
2025-05-22 20:00:00+02:00;1259,000;1,000;MESURE
2025-05-22 21:00:00+02:00;4867,000;1,000;MESURE
2025-05-22 22:00:00+02:00;4442,000;1,000;MESURE
2025-05-22 23:00:00+02:00;4484,000;1,000;MESURE
2025-05-23 00:00:00+02:00;4495,000;1,000;MESURE
2025-05-23 01:00:00+02:00;4504,000;1,000;MESURE
2025-05-23 02:00:00+02:00;4501,000;1,000;MESURE
2025-05-23 03:00:00+02:00;4538,000;1,000;MESURE
2025-05-23 04:00:00+02:00;4525,000;1,000;MESURE
2025-05-23 05:00:00+02:00;2823,000;1,000;MESURE
2025-05-23 06:00:00+02:00;0,000;1,000;MESURE
2025-05-23 07:00:00+02:00;0,000;1,000;MESURE
2025-05-23 08:00:00+02:00;0,000;1,000;MESURE
2025-05-23 09:00:00+02:00;0,000;1,000;MESURE
2025-05-23 10:00:00+02:00;0,000;1,000;MESURE
2025-05-23 11:00:00+02:00;0,000;1,000;MESURE
2025-05-23 12:00:00+02:00;0,000;1,000;MESURE
2025-05-23 13:00:00+02:00;0,000;1,000;MESURE
2025-05-23 14:00:00+02:00;0,000;1,000;MESURE
2025-05-23 15:00:00+02:00;0,000;1,000;MESURE
2025-05-23 16:00:00+02:00;0,000;1,000;MESURE
2025-05-23 17:00:00+02:00;0,000;1,000;MESURE
2025-05-23 18:00:00+02:00;0,000;1,000;MESURE
2025-05-23 19:00:00+02:00;0,000;1,000;MESURE
2025-05-23 20:00:00+02:00;1139,000;1,000;MESURE
2025-05-23 21:00:00+02:00;4890,000;1,000;MESURE
2025-05-23 22:00:00+02:00;4450,000;1,000;MESURE
2025-05-23 23:00:00+02:00;4436,000;1,000;MESURE
2025-05-24 00:00:00+02:00;4409,000;1,000;MESURE
2025-05-24 01:00:00+02:00;4421,000;1,000;MESURE
2025-05-24 02:00:00+02:00;4433,000;1,000;MESURE
2025-05-24 03:00:00+02:00;4470,000;1,000;MESURE
2025-05-24 04:00:00+02:00;4467,000;1,000;MESURE
2025-05-24 05:00:00+02:00;2708,000;1,000;MESURE
2025-05-24 06:00:00+02:00;0,000;1,000;MESURE
2025-05-24 07:00:00+02:00;0,000;1,000;MESURE
2025-05-24 08:00:00+02:00;0,000;1,000;MESURE
2025-05-24 09:00:00+02:00;0,000;1,000;MESURE
2025-05-24 10:00:00+02:00;0,000;1,000;MESURE
2025-05-24 11:00:00+02:00;0,000;1,000;MESURE
2025-05-24 12:00:00+02:00;0,000;1,000;MESURE
2025-05-24 13:00:00+02:00;0,000;1,000;MESURE
2025-05-24 14:00:00+02:00;0,000;1,000;MESURE
2025-05-24 15:00:00+02:00;0,000;1,000;MESURE
2025-05-24 16:00:00+02:00;0,000;1,000;MESURE
2025-05-24 17:00:00+02:00;0,000;1,000;MESURE
2025-05-24 18:00:00+02:00;0,000;1,000;MESURE
2025-05-24 19:00:00+02:00;0,000;1,000;MESURE
2025-05-24 20:00:00+02:00;1013,000;1,000;MESURE
2025-05-24 21:00:00+02:00;4846,000;1,000;MESURE
2025-05-24 22:00:00+02:00;4419,000;1,000;MESURE
2025-05-24 23:00:00+02:00;4390,000;1,000;MESURE
2025-05-25 00:00:00+02:00;4374,000;1,000;MESURE
2025-05-25 01:00:00+02:00;4422,000;1,000;MESURE
2025-05-25 02:00:00+02:00;4442,000;1,000;MESURE
2025-05-25 03:00:00+02:00;4465,000;1,000;MESURE
2025-05-25 04:00:00+02:00;4474,000;1,000;MESURE
2025-05-25 05:00:00+02:00;2638,000;1,000;MESURE
2025-05-25 06:00:00+02:00;0,000;1,000;MESURE
2025-05-25 07:00:00+02:00;0,000;1,000;MESURE
2025-05-25 08:00:00+02:00;0,000;1,000;MESURE
2025-05-25 09:00:00+02:00;0,000;1,000;MESURE
2025-05-25 10:00:00+02:00;0,000;1,000;MESURE
2025-05-25 11:00:00+02:00;0,000;1,000;MESURE
2025-05-25 12:00:00+02:00;0,000;1,000;MESURE
2025-05-25 13:00:00+02:00;0,000;1,000;MESURE
2025-05-25 14:00:00+02:00;0,000;1,000;MESURE
2025-05-25 15:00:00+02:00;0,000;1,000;MESURE
2025-05-25 16:00:00+02:00;0,000;1,000;MESURE
2025-05-25 17:00:00+02:00;0,000;1,000;MESURE
2025-05-25 18:00:00+02:00;0,000;1,000;MESURE
2025-05-25 19:00:00+02:00;0,000;1,000;MESURE
2025-05-25 20:00:00+02:00;921,000;1,000;MESURE
2025-05-25 21:00:00+02:00;4811,000;1,000;MESURE
2025-05-25 22:00:00+02:00;4377,000;1,000;MESURE
2025-05-25 23:00:00+02:00;4361,000;1,000;MESURE
2025-05-26 00:00:00+02:00;4403,000;1,000;MESURE
2025-05-26 01:00:00+02:00;4440,000;1,000;MESURE
2025-05-26 02:00:00+02:00;4444,000;1,000;MESURE
2025-05-26 03:00:00+02:00;4463,000;1,000;MESURE
2025-05-26 04:00:00+02:00;4477,000;1,000;MESURE
2025-05-26 05:00:00+02:00;2539,000;1,000;MESURE
2025-05-26 06:00:00+02:00;0,000;1,000;MESURE
2025-05-26 07:00:00+02:00;0,000;1,000;MESURE
2025-05-26 08:00:00+02:00;0,000;1,000;MESURE
2025-05-26 09:00:00+02:00;0,000;1,000;MESURE
2025-05-26 10:00:00+02:00;0,000;1,000;MESURE
2025-05-26 11:00:00+02:00;0,000;1,000;MESURE
2025-05-26 12:00:00+02:00;0,000;1,000;MESURE
2025-05-26 13:00:00+02:00;0,000;1,000;MESURE
2025-05-26 14:00:00+02:00;0,000;1,000;MESURE
2025-05-26 15:00:00+02:00;0,000;1,000;MESURE
2025-05-26 16:00:00+02:00;0,000;1,000;MESURE
2025-05-26 17:00:00+02:00;0,000;1,000;MESURE
2025-05-26 18:00:00+02:00;0,000;1,000;MESURE
2025-05-26 19:00:00+02:00;0,000;1,000;MESURE
2025-05-26 20:00:00+02:00;849,000;1,000;MESURE
2025-05-26 21:00:00+02:00;4786,000;1,000;MESURE
2025-05-26 22:00:00+02:00;4425,000;1,000;MESURE
2025-05-26 23:00:00+02:00;4413,000;1,000;MESURE
2025-05-27 00:00:00+02:00;4371,000;1,000;MESURE
2025-05-27 01:00:00+02:00;4399,000;1,000;MESURE
2025-05-27 02:00:00+02:00;4452,000;1,000;MESURE
2025-05-27 03:00:00+02:00;4397,000;1,000;MESURE
2025-05-27 04:00:00+02:00;4361,000;1,000;MESURE
2025-05-27 05:00:00+02:00;2548,000;1,000;MESURE
2025-05-27 06:00:00+02:00;0,000;1,000;MESURE
2025-05-27 07:00:00+02:00;0,000;1,000;MESURE
2025-05-27 08:00:00+02:00;0,000;1,000;MESURE
2025-05-27 09:00:00+02:00;0,000;1,000;MESURE
2025-05-27 10:00:00+02:00;0,000;1,000;MESURE
2025-05-27 11:00:00+02:00;0,000;1,000;MESURE
2025-05-27 12:00:00+02:00;0,000;1,000;MESURE
2025-05-27 13:00:00+02:00;0,000;1,000;MESURE
2025-05-27 14:00:00+02:00;0,000;1,000;MESURE
2025-05-27 15:00:00+02:00;0,000;1,000;MESURE
2025-05-27 16:00:00+02:00;0,000;1,000;MESURE
2025-05-27 17:00:00+02:00;0,000;1,000;MESURE
2025-05-27 18:00:00+02:00;0,000;1,000;MESURE
2025-05-27 19:00:00+02:00;0,000;1,000;MESURE
2025-05-27 20:00:00+02:00;750,000;1,000;MESURE
2025-05-27 21:00:00+02:00;4806,000;1,000;MESURE
2025-05-27 22:00:00+02:00;4378,000;1,000;MESURE
2025-05-27 23:00:00+02:00;4400,000;1,000;MESURE
2025-05-28 00:00:00+02:00;4340,000;1,000;MESURE
2025-05-28 01:00:00+02:00;4419,000;1,000;MESURE
2025-05-28 02:00:00+02:00;4435,000;1,000;MESURE
2025-05-28 03:00:00+02:00;4362,000;1,000;MESURE
2025-05-28 04:00:00+02:00;4347,000;1,000;MESURE
2025-05-28 05:00:00+02:00;2447,000;1,000;MESURE
2025-05-28 06:00:00+02:00;0,000;1,000;MESURE
2025-05-28 07:00:00+02:00;0,000;1,000;MESURE
2025-05-28 08:00:00+02:00;0,000;1,000;MESURE
2025-05-28 09:00:00+02:00;0,000;1,000;MESURE
2025-05-28 10:00:00+02:00;0,000;1,000;MESURE
2025-05-28 11:00:00+02:00;0,000;1,000;MESURE
2025-05-28 12:00:00+02:00;0,000;1,000;MESURE
2025-05-28 13:00:00+02:00;0,000;1,000;MESURE
2025-05-28 14:00:00+02:00;0,000;1,000;MESURE
2025-05-28 15:00:00+02:00;0,000;1,000;MESURE
2025-05-28 16:00:00+02:00;0,000;1,000;MESURE
2025-05-28 17:00:00+02:00;0,000;1,000;MESURE
2025-05-28 18:00:00+02:00;0,000;1,000;MESURE
2025-05-28 19:00:00+02:00;0,000;1,000;MESURE
2025-05-28 20:00:00+02:00;671,000;1,000;MESURE
2025-05-28 21:00:00+02:00;4721,000;1,000;MESURE
2025-05-28 22:00:00+02:00;4380,000;1,000;MESURE
2025-05-28 23:00:00+02:00;4397,000;1,000;MESURE
2025-05-29 00:00:00+02:00;4354,000;1,000;MESURE
2025-05-29 01:00:00+02:00;4337,000;1,000;MESURE
2025-05-29 02:00:00+02:00;4338,000;1,000;MESURE
2025-05-29 03:00:00+02:00;4350,000;1,000;MESURE
2025-05-29 04:00:00+02:00;4354,000;1,000;MESURE
2025-05-29 05:00:00+02:00;2340,000;1,000;MESURE
2025-05-29 06:00:00+02:00;0,000;1,000;MESURE
2025-05-29 07:00:00+02:00;0,000;1,000;MESURE
2025-05-29 08:00:00+02:00;0,000;1,000;MESURE
2025-05-29 09:00:00+02:00;0,000;1,000;MESURE
2025-05-29 10:00:00+02:00;0,000;1,000;MESURE
2025-05-29 11:00:00+02:00;0,000;1,000;MESURE
2025-05-29 12:00:00+02:00;0,000;1,000;MESURE
2025-05-29 13:00:00+02:00;0,000;1,000;MESURE
2025-05-29 14:00:00+02:00;0,000;1,000;MESURE
2025-05-29 15:00:00+02:00;0,000;1,000;MESURE
2025-05-29 16:00:00+02:00;0,000;1,000;MESURE
2025-05-29 17:00:00+02:00;0,000;1,000;MESURE
2025-05-29 18:00:00+02:00;0,000;1,000;MESURE
2025-05-29 19:00:00+02:00;0,000;1,000;MESURE
2025-05-29 20:00:00+02:00;621,000;1,000;MESURE
2025-05-29 21:00:00+02:00;4965,000;1,000;MESURE
2025-05-29 22:00:00+02:00;4493,000;1,000;MESURE
2025-05-29 23:00:00+02:00;4534,000;1,000;MESURE
2025-05-30 00:00:00+02:00;4539,000;1,000;MESURE
2025-05-30 01:00:00+02:00;4571,000;1,000;MESURE
2025-05-30 02:00:00+02:00;4535,000;1,000;MESURE
2025-05-30 03:00:00+02:00;4490,000;1,000;MESURE
2025-05-30 04:00:00+02:00;4550,000;1,000;MESURE
2025-05-30 05:00:00+02:00;2352,000;1,000;MESURE
2025-05-30 06:00:00+02:00;0,000;1,000;MESURE
2025-05-30 07:00:00+02:00;0,000;1,000;MESURE
2025-05-30 08:00:00+02:00;0,000;1,000;MESURE
2025-05-30 09:00:00+02:00;0,000;1,000;MESURE
2025-05-30 10:00:00+02:00;0,000;1,000;MESURE
2025-05-30 11:00:00+02:00;0,000;1,000;MESURE
2025-05-30 12:00:00+02:00;0,000;1,000;MESURE
2025-05-30 13:00:00+02:00;0,000;1,000;MESURE
2025-05-30 14:00:00+02:00;0,000;1,000;MESURE
2025-05-30 15:00:00+02:00;0,000;1,000;MESURE
2025-05-30 16:00:00+02:00;0,000;1,000;MESURE
2025-05-30 17:00:00+02:00;0,000;1,000;MESURE
2025-05-30 18:00:00+02:00;0,000;1,000;MESURE
2025-05-30 19:00:00+02:00;0,000;1,000;MESURE
2025-05-30 20:00:00+02:00;534,000;1,000;MESURE
2025-05-30 21:00:00+02:00;4949,000;1,000;MESURE
2025-05-30 22:00:00+02:00;4531,000;1,000;MESURE
2025-05-30 23:00:00+02:00;4519,000;1,000;MESURE
2025-05-31 00:00:00+02:00;4522,000;1,000;MESURE
2025-05-31 01:00:00+02:00;4552,000;1,000;MESURE
2025-05-31 02:00:00+02:00;4563,000;1,000;MESURE
2025-05-31 03:00:00+02:00;4590,000;1,000;MESURE
2025-05-31 04:00:00+02:00;4585,000;1,000;MESURE
2025-05-31 05:00:00+02:00;2362,000;1,000;MESURE
2025-05-31 06:00:00+02:00;0,000;1,000;MESURE
2025-05-31 07:00:00+02:00;0,000;1,000;MESURE
2025-05-31 08:00:00+02:00;0,000;1,000;MESURE
2025-05-31 09:00:00+02:00;0,000;1,000;MESURE
2025-05-31 10:00:00+02:00;0,000;1,000;MESURE
2025-05-31 11:00:00+02:00;0,000;1,000;MESURE
2025-05-31 12:00:00+02:00;0,000;1,000;MESURE
2025-05-31 13:00:00+02:00;0,000;1,000;MESURE
2025-05-31 14:00:00+02:00;0,000;1,000;MESURE
2025-05-31 15:00:00+02:00;0,000;1,000;MESURE
2025-05-31 16:00:00+02:00;0,000;1,000;MESURE
2025-05-31 17:00:00+02:00;0,000;1,000;MESURE
2025-05-31 18:00:00+02:00;0,000;1,000;MESURE
2025-05-31 19:00:00+02:00;0,000;1,000;MESURE
2025-05-31 20:00:00+02:00;443,000;1,000;MESURE
2025-05-31 21:00:00+02:00;4932,000;1,000;MESURE
2025-05-31 22:00:00+02:00;4497,000;1,000;MESURE
2025-05-31 23:00:00+02:00;4503,000;1,000;MESURE
2025-06-01 00:00:00+02:00;4544,000;1,000;MESURE
2025-06-01 01:00:00+02:00;4574,000;1,000;MESURE
2025-06-01 02:00:00+02:00;4581,000;1,000;MESURE
2025-06-01 03:00:00+02:00;4582,000;1,000;MESURE
2025-06-01 04:00:00+02:00;4583,000;1,000;MESURE
2025-06-01 05:00:00+02:00;2279,000;1,000;MESURE
2025-06-01 06:00:00+02:00;0,000;1,000;MESURE
2025-06-01 07:00:00+02:00;0,000;1,000;MESURE
2025-06-01 08:00:00+02:00;0,000;1,000;MESURE
2025-06-01 09:00:00+02:00;0,000;1,000;MESURE
2025-06-01 10:00:00+02:00;0,000;1,000;MESURE
2025-06-01 11:00:00+02:00;0,000;1,000;MESURE
2025-06-01 12:00:00+02:00;0,000;1,000;MESURE
2025-06-01 13:00:00+02:00;0,000;1,000;MESURE
2025-06-01 14:00:00+02:00;0,000;1,000;MESURE
2025-06-01 15:00:00+02:00;0,000;1,000;MESURE
2025-06-01 16:00:00+02:00;0,000;1,000;MESURE
2025-06-01 17:00:00+02:00;0,000;1,000;MESURE
2025-06-01 18:00:00+02:00;0,000;1,000;MESURE
2025-06-01 19:00:00+02:00;0,000;1,000;MESURE
2025-06-01 20:00:00+02:00;364,000;1,000;MESURE
2025-06-01 21:00:00+02:00;4947,000;1,000;MESURE
2025-06-01 22:00:00+02:00;4505,000;1,000;MESURE
2025-06-01 23:00:00+02:00;4490,000;1,000;MESURE
2025-06-02 00:00:00+02:00;4548,000;1,000;MESURE
2025-06-02 01:00:00+02:00;4527,000;1,000;MESURE
2025-06-02 02:00:00+02:00;4483,000;1,000;MESURE
2025-06-02 03:00:00+02:00;4477,000;1,000;MESURE
2025-06-02 04:00:00+02:00;4497,000;1,000;MESURE
2025-06-02 05:00:00+02:00;2188,000;1,000;MESURE
2025-06-02 06:00:00+02:00;0,000;1,000;MESURE
2025-06-02 07:00:00+02:00;0,000;1,000;MESURE
2025-06-02 08:00:00+02:00;0,000;1,000;MESURE
2025-06-02 09:00:00+02:00;0,000;1,000;MESURE
2025-06-02 10:00:00+02:00;0,000;1,000;MESURE
2025-06-02 11:00:00+02:00;0,000;1,000;MESURE
2025-06-02 12:00:00+02:00;0,000;1,000;MESURE
2025-06-02 13:00:00+02:00;0,000;1,000;MESURE
2025-06-02 14:00:00+02:00;0,000;1,000;MESURE
2025-06-02 15:00:00+02:00;0,000;1,000;MESURE
2025-06-02 16:00:00+02:00;0,000;1,000;MESURE
2025-06-02 17:00:00+02:00;0,000;1,000;MESURE
2025-06-02 18:00:00+02:00;0,000;1,000;MESURE
2025-06-02 19:00:00+02:00;0,000;1,000;MESURE
2025-06-02 20:00:00+02:00;284,000;1,000;MESURE
2025-06-02 21:00:00+02:00;5055,000;1,000;MESURE
2025-06-02 22:00:00+02:00;4625,000;1,000;MESURE
2025-06-02 23:00:00+02:00;4635,000;1,000;MESURE
2025-06-03 00:00:00+02:00;4677,000;1,000;MESURE
2025-06-03 01:00:00+02:00;4628,000;1,000;MESURE
2025-06-03 02:00:00+02:00;4597,000;1,000;MESURE
2025-06-03 03:00:00+02:00;4599,000;1,000;MESURE
2025-06-03 04:00:00+02:00;4598,000;1,000;MESURE
2025-06-03 05:00:00+02:00;2191,000;1,000;MESURE
2025-06-03 06:00:00+02:00;0,000;1,000;MESURE
2025-06-03 07:00:00+02:00;0,000;1,000;MESURE
2025-06-03 08:00:00+02:00;0,000;1,000;MESURE
2025-06-03 09:00:00+02:00;0,000;1,000;MESURE
2025-06-03 10:00:00+02:00;0,000;1,000;MESURE
2025-06-03 11:00:00+02:00;0,000;1,000;MESURE
2025-06-03 12:00:00+02:00;0,000;1,000;MESURE
2025-06-03 13:00:00+02:00;0,000;1,000;MESURE
2025-06-03 14:00:00+02:00;0,000;1,000;MESURE
2025-06-03 15:00:00+02:00;0,000;1,000;MESURE
2025-06-03 16:00:00+02:00;0,000;1,000;MESURE
2025-06-03 17:00:00+02:00;0,000;1,000;MESURE
2025-06-03 18:00:00+02:00;0,000;1,000;MESURE
2025-06-03 19:00:00+02:00;0,000;1,000;MESURE
2025-06-03 20:00:00+02:00;211,000;1,000;MESURE
2025-06-03 21:00:00+02:00;5043,000;1,000;MESURE
2025-06-03 22:00:00+02:00;4543,000;1,000;MESURE
2025-06-03 23:00:00+02:00;4568,000;1,000;MESURE
2025-06-04 00:00:00+02:00;4550,000;1,000;MESURE
2025-06-04 01:00:00+02:00;4564,000;1,000;MESURE
2025-06-04 02:00:00+02:00;4558,000;1,000;MESURE
2025-06-04 03:00:00+02:00;4592,000;1,000;MESURE
2025-06-04 04:00:00+02:00;4588,000;1,000;MESURE
2025-06-04 05:00:00+02:00;2096,000;1,000;MESURE
2025-06-04 06:00:00+02:00;0,000;1,000;MESURE
2025-06-04 07:00:00+02:00;0,000;1,000;MESURE
2025-06-04 08:00:00+02:00;0,000;1,000;MESURE
2025-06-04 09:00:00+02:00;0,000;1,000;MESURE
2025-06-04 10:00:00+02:00;0,000;1,000;MESURE
2025-06-04 11:00:00+02:00;0,000;1,000;MESURE
2025-06-04 12:00:00+02:00;0,000;1,000;MESURE
2025-06-04 13:00:00+02:00;0,000;1,000;MESURE
2025-06-04 14:00:00+02:00;0,000;1,000;MESURE
2025-06-04 15:00:00+02:00;0,000;1,000;MESURE
2025-06-04 16:00:00+02:00;0,000;1,000;MESURE
2025-06-04 17:00:00+02:00;0,000;1,000;MESURE
2025-06-04 18:00:00+02:00;0,000;1,000;MESURE
2025-06-04 19:00:00+02:00;0,000;1,000;MESURE
2025-06-04 20:00:00+02:00;121,000;1,000;MESURE
2025-06-04 21:00:00+02:00;5060,000;1,000;MESURE
2025-06-04 22:00:00+02:00;4625,000;1,000;MESURE
2025-06-04 23:00:00+02:00;4625,000;1,000;MESURE
2025-06-05 00:00:00+02:00;4593,000;1,000;MESURE
2025-06-05 01:00:00+02:00;4575,000;1,000;MESURE
2025-06-05 02:00:00+02:00;4578,000;1,000;MESURE
2025-06-05 03:00:00+02:00;4611,000;1,000;MESURE
2025-06-05 04:00:00+02:00;4619,000;1,000;MESURE
2025-06-05 05:00:00+02:00;2113,000;1,000;MESURE
2025-06-05 06:00:00+02:00;0,000;1,000;MESURE
2025-06-05 07:00:00+02:00;0,000;1,000;MESURE
2025-06-05 08:00:00+02:00;0,000;1,000;MESURE
2025-06-05 09:00:00+02:00;0,000;1,000;MESURE
2025-06-05 10:00:00+02:00;0,000;1,000;MESURE
2025-06-05 11:00:00+02:00;0,000;1,000;MESURE
2025-06-05 12:00:00+02:00;0,000;1,000;MESURE
2025-06-05 13:00:00+02:00;0,000;1,000;MESURE
2025-06-05 14:00:00+02:00;0,000;1,000;MESURE
2025-06-05 15:00:00+02:00;0,000;1,000;MESURE
2025-06-05 16:00:00+02:00;0,000;1,000;MESURE
2025-06-05 17:00:00+02:00;0,000;1,000;MESURE
2025-06-05 18:00:00+02:00;0,000;1,000;MESURE
2025-06-05 19:00:00+02:00;0,000;1,000;MESURE
2025-06-05 20:00:00+02:00;129,000;1,000;MESURE
2025-06-05 21:00:00+02:00;4991,000;1,000;MESURE
2025-06-05 22:00:00+02:00;4518,000;1,000;MESURE
2025-06-05 23:00:00+02:00;4575,000;1,000;MESURE
2025-06-06 00:00:00+02:00;4515,000;1,000;MESURE
2025-06-06 01:00:00+02:00;4520,000;1,000;MESURE
2025-06-06 02:00:00+02:00;4516,000;1,000;MESURE
2025-06-06 03:00:00+02:00;4540,000;1,000;MESURE
2025-06-06 04:00:00+02:00;4538,000;1,000;MESURE
2025-06-06 05:00:00+02:00;2011,000;1,000;MESURE
2025-06-06 06:00:00+02:00;0,000;1,000;MESURE
2025-06-06 07:00:00+02:00;0,000;1,000;MESURE
2025-06-06 08:00:00+02:00;0,000;1,000;MESURE
2025-06-06 09:00:00+02:00;0,000;1,000;MESURE
2025-06-06 10:00:00+02:00;0,000;1,000;MESURE
2025-06-06 11:00:00+02:00;0,000;1,000;MESURE
2025-06-06 12:00:00+02:00;0,000;1,000;MESURE
2025-06-06 13:00:00+02:00;0,000;1,000;MESURE
2025-06-06 14:00:00+02:00;0,000;1,000;MESURE
2025-06-06 15:00:00+02:00;0,000;1,000;MESURE
2025-06-06 16:00:00+02:00;0,000;1,000;MESURE
2025-06-06 17:00:00+02:00;0,000;1,000;MESURE
2025-06-06 18:00:00+02:00;0,000;1,000;MESURE
2025-06-06 19:00:00+02:00;0,000;1,000;MESURE
2025-06-06 20:00:00+02:00;40,000;1,000;MESURE
2025-06-06 21:00:00+02:00;4976,000;1,000;MESURE
2025-06-06 22:00:00+02:00;4567,000;1,000;MESURE
2025-06-06 23:00:00+02:00;4566,000;1,000;MESURE
2025-06-07 00:00:00+02:00;4520,000;1,000;MESURE
2025-06-07 01:00:00+02:00;4545,000;1,000;MESURE
2025-06-07 02:00:00+02:00;4528,000;1,000;MESURE
2025-06-07 03:00:00+02:00;4578,000;1,000;MESURE
2025-06-07 04:00:00+02:00;4580,000;1,000;MESURE
2025-06-07 05:00:00+02:00;2037,000;1,000;MESURE
2025-06-07 06:00:00+02:00;0,000;1,000;MESURE
2025-06-07 07:00:00+02:00;0,000;1,000;MESURE
2025-06-07 08:00:00+02:00;0,000;1,000;MESURE
2025-06-07 09:00:00+02:00;0,000;1,000;MESURE
2025-06-07 10:00:00+02:00;0,000;1,000;MESURE
2025-06-07 11:00:00+02:00;0,000;1,000;MESURE
2025-06-07 12:00:00+02:00;0,000;1,000;MESURE
2025-06-07 13:00:00+02:00;0,000;1,000;MESURE
2025-06-07 14:00:00+02:00;0,000;1,000;MESURE
2025-06-07 15:00:00+02:00;0,000;1,000;MESURE
2025-06-07 16:00:00+02:00;0,000;1,000;MESURE
2025-06-07 17:00:00+02:00;0,000;1,000;MESURE
2025-06-07 18:00:00+02:00;0,000;1,000;MESURE
2025-06-07 19:00:00+02:00;0,000;1,000;MESURE
2025-06-07 20:00:00+02:00;0,000;1,000;MESURE
2025-06-07 21:00:00+02:00;4882,000;1,000;MESURE
2025-06-07 22:00:00+02:00;4496,000;1,000;MESURE
2025-06-07 23:00:00+02:00;4581,000;1,000;MESURE
2025-06-08 00:00:00+02:00;4555,000;1,000;MESURE
2025-06-08 01:00:00+02:00;4531,000;1,000;MESURE
2025-06-08 02:00:00+02:00;4512,000;1,000;MESURE
2025-06-08 03:00:00+02:00;4520,000;1,000;MESURE
2025-06-08 04:00:00+02:00;4505,000;1,000;MESURE
2025-06-08 05:00:00+02:00;2037,000;1,000;MESURE
2025-06-08 06:00:00+02:00;0,000;1,000;MESURE
2025-06-08 07:00:00+02:00;0,000;1,000;MESURE
2025-06-08 08:00:00+02:00;0,000;1,000;MESURE
2025-06-08 09:00:00+02:00;0,000;1,000;MESURE
2025-06-08 10:00:00+02:00;0,000;1,000;MESURE
2025-06-08 11:00:00+02:00;0,000;1,000;MESURE
2025-06-08 12:00:00+02:00;0,000;1,000;MESURE
2025-06-08 13:00:00+02:00;0,000;1,000;MESURE
2025-06-08 14:00:00+02:00;0,000;1,000;MESURE
2025-06-08 15:00:00+02:00;0,000;1,000;MESURE
2025-06-08 16:00:00+02:00;0,000;1,000;MESURE
2025-06-08 17:00:00+02:00;0,000;1,000;MESURE
2025-06-08 18:00:00+02:00;0,000;1,000;MESURE
2025-06-08 19:00:00+02:00;0,000;1,000;MESURE
2025-06-08 20:00:00+02:00;0,000;1,000;MESURE
2025-06-08 21:00:00+02:00;4793,000;1,000;MESURE
2025-06-08 22:00:00+02:00;4577,000;1,000;MESURE
2025-06-08 23:00:00+02:00;4570,000;1,000;MESURE
2025-06-09 00:00:00+02:00;4589,000;1,000;MESURE
2025-06-09 01:00:00+02:00;4601,000;1,000;MESURE
2025-06-09 02:00:00+02:00;4603,000;1,000;MESURE
2025-06-09 03:00:00+02:00;4613,000;1,000;MESURE
2025-06-09 04:00:00+02:00;4625,000;1,000;MESURE
2025-06-09 05:00:00+02:00;1960,000;1,000;MESURE
2025-06-09 06:00:00+02:00;0,000;1,000;MESURE
2025-06-09 07:00:00+02:00;0,000;1,000;MESURE
2025-06-09 08:00:00+02:00;0,000;1,000;MESURE
2025-06-09 09:00:00+02:00;0,000;1,000;MESURE
2025-06-09 10:00:00+02:00;0,000;1,000;MESURE
2025-06-09 11:00:00+02:00;0,000;1,000;MESURE
2025-06-09 12:00:00+02:00;0,000;1,000;MESURE
2025-06-09 13:00:00+02:00;0,000;1,000;MESURE
2025-06-09 14:00:00+02:00;0,000;1,000;MESURE
2025-06-09 15:00:00+02:00;0,000;1,000;MESURE
2025-06-09 16:00:00+02:00;0,000;1,000;MESURE
2025-06-09 17:00:00+02:00;0,000;1,000;MESURE
2025-06-09 18:00:00+02:00;0,000;1,000;MESURE
2025-06-09 19:00:00+02:00;0,000;1,000;MESURE
2025-06-09 20:00:00+02:00;0,000;1,000;MESURE
2025-06-09 21:00:00+02:00;4869,000;1,000;MESURE
2025-06-09 22:00:00+02:00;4575,000;1,000;MESURE
2025-06-09 23:00:00+02:00;4576,000;1,000;MESURE
2025-06-10 00:00:00+02:00;4567,000;1,000;MESURE
2025-06-10 01:00:00+02:00;4481,000;1,000;MESURE
2025-06-10 02:00:00+02:00;4554,000;1,000;MESURE
2025-06-10 03:00:00+02:00;4483,000;1,000;MESURE
2025-06-10 04:00:00+02:00;4497,000;1,000;MESURE
2025-06-10 05:00:00+02:00;1907,000;1,000;MESURE
2025-06-10 06:00:00+02:00;0,000;1,000;MESURE
2025-06-10 07:00:00+02:00;0,000;1,000;MESURE
2025-06-10 08:00:00+02:00;0,000;1,000;MESURE
2025-06-10 09:00:00+02:00;0,000;1,000;MESURE
2025-06-10 10:00:00+02:00;0,000;1,000;MESURE
2025-06-10 11:00:00+02:00;0,000;1,000;MESURE
2025-06-10 12:00:00+02:00;0,000;1,000;MESURE
2025-06-10 13:00:00+02:00;0,000;1,000;MESURE
2025-06-10 14:00:00+02:00;0,000;1,000;MESURE
2025-06-10 15:00:00+02:00;0,000;1,000;MESURE
2025-06-10 16:00:00+02:00;0,000;1,000;MESURE
2025-06-10 17:00:00+02:00;0,000;1,000;MESURE
2025-06-10 18:00:00+02:00;0,000;1,000;MESURE
2025-06-10 19:00:00+02:00;0,000;1,000;MESURE
2025-06-10 20:00:00+02:00;0,000;1,000;MESURE
2025-06-10 21:00:00+02:00;4680,000;1,000;MESURE
2025-06-10 22:00:00+02:00;4506,000;1,000;MESURE
2025-06-10 23:00:00+02:00;4452,000;1,000;MESURE
2025-06-11 00:00:00+02:00;4481,000;1,000;MESURE
2025-06-11 01:00:00+02:00;4519,000;1,000;MESURE
2025-06-11 02:00:00+02:00;4471,000;1,000;MESURE
2025-06-11 03:00:00+02:00;4495,000;1,000;MESURE
2025-06-11 04:00:00+02:00;4497,000;1,000;MESURE
2025-06-11 05:00:00+02:00;1903,000;1,000;MESURE
2025-06-11 06:00:00+02:00;0,000;1,000;MESURE
2025-06-11 07:00:00+02:00;0,000;1,000;MESURE
2025-06-11 08:00:00+02:00;0,000;1,000;MESURE
2025-06-11 09:00:00+02:00;0,000;1,000;MESURE
2025-06-11 10:00:00+02:00;0,000;1,000;MESURE
2025-06-11 11:00:00+02:00;0,000;1,000;MESURE
2025-06-11 12:00:00+02:00;0,000;1,000;MESURE
2025-06-11 13:00:00+02:00;0,000;1,000;MESURE
2025-06-11 14:00:00+02:00;0,000;1,000;MESURE
2025-06-11 15:00:00+02:00;0,000;1,000;MESURE
2025-06-11 16:00:00+02:00;0,000;1,000;MESURE
2025-06-11 17:00:00+02:00;0,000;1,000;MESURE
2025-06-11 18:00:00+02:00;0,000;1,000;MESURE
2025-06-11 19:00:00+02:00;0,000;1,000;MESURE
2025-06-11 20:00:00+02:00;0,000;1,000;MESURE
2025-06-11 21:00:00+02:00;4491,000;1,000;MESURE
2025-06-11 22:00:00+02:00;4344,000;1,000;MESURE
2025-06-11 23:00:00+02:00;4347,000;1,000;MESURE
2025-06-12 00:00:00+02:00;4298,000;1,000;MESURE
2025-06-12 01:00:00+02:00;4271,000;1,000;MESURE
2025-06-12 02:00:00+02:00;4272,000;1,000;MESURE
2025-06-12 03:00:00+02:00;4289,000;1,000;MESURE
2025-06-12 04:00:00+02:00;4297,000;1,000;MESURE
2025-06-12 05:00:00+02:00;1856,000;1,000;MESURE
2025-06-12 06:00:00+02:00;0,000;1,000;MESURE
2025-06-12 07:00:00+02:00;0,000;1,000;MESURE
2025-06-12 08:00:00+02:00;0,000;1,000;MESURE
2025-06-12 09:00:00+02:00;0,000;1,000;MESURE
2025-06-12 10:00:00+02:00;0,000;1,000;MESURE
2025-06-12 11:00:00+02:00;0,000;1,000;MESURE
2025-06-12 12:00:00+02:00;0,000;1,000;MESURE
2025-06-12 13:00:00+02:00;0,000;1,000;MESURE
2025-06-12 14:00:00+02:00;0,000;1,000;MESURE
2025-06-12 15:00:00+02:00;0,000;1,000;MESURE
2025-06-12 16:00:00+02:00;0,000;1,000;MESURE
2025-06-12 17:00:00+02:00;0,000;1,000;MESURE
2025-06-12 18:00:00+02:00;0,000;1,000;MESURE
2025-06-12 19:00:00+02:00;0,000;1,000;MESURE
2025-06-12 20:00:00+02:00;0,000;1,000;MESURE
2025-06-12 21:00:00+02:00;4446,000;1,000;MESURE
2025-06-12 22:00:00+02:00;4316,000;1,000;MESURE
2025-06-12 23:00:00+02:00;4321,000;1,000;MESURE
2025-06-13 00:00:00+02:00;4348,000;1,000;MESURE
2025-06-13 01:00:00+02:00;4310,000;1,000;MESURE
2025-06-13 02:00:00+02:00;4257,000;1,000;MESURE
2025-06-13 03:00:00+02:00;4250,000;1,000;MESURE
2025-06-13 04:00:00+02:00;4254,000;1,000;MESURE
2025-06-13 05:00:00+02:00;1825,000;1,000;MESURE
2025-06-13 06:00:00+02:00;0,000;1,000;MESURE
2025-06-13 07:00:00+02:00;0,000;1,000;MESURE
2025-06-13 08:00:00+02:00;0,000;1,000;MESURE
2025-06-13 09:00:00+02:00;0,000;1,000;MESURE
2025-06-13 10:00:00+02:00;0,000;1,000;MESURE
2025-06-13 11:00:00+02:00;0,000;1,000;MESURE
2025-06-13 12:00:00+02:00;0,000;1,000;MESURE
2025-06-13 13:00:00+02:00;0,000;1,000;MESURE
2025-06-13 14:00:00+02:00;0,000;1,000;MESURE
2025-06-13 15:00:00+02:00;0,000;1,000;MESURE
2025-06-13 16:00:00+02:00;0,000;1,000;MESURE
2025-06-13 17:00:00+02:00;0,000;1,000;MESURE
2025-06-13 18:00:00+02:00;0,000;1,000;MESURE
2025-06-13 19:00:00+02:00;0,000;1,000;MESURE
2025-06-13 20:00:00+02:00;0,000;1,000;MESURE
2025-06-13 21:00:00+02:00;4387,000;1,000;MESURE
2025-06-13 22:00:00+02:00;4333,000;1,000;MESURE
2025-06-13 23:00:00+02:00;4331,000;1,000;MESURE
2025-06-14 00:00:00+02:00;4260,000;1,000;MESURE
2025-06-14 01:00:00+02:00;4263,000;1,000;MESURE
2025-06-14 02:00:00+02:00;4264,000;1,000;MESURE
2025-06-14 03:00:00+02:00;4285,000;1,000;MESURE
2025-06-14 04:00:00+02:00;4301,000;1,000;MESURE
2025-06-14 05:00:00+02:00;1753,000;1,000;MESURE
2025-06-14 06:00:00+02:00;0,000;1,000;MESURE
2025-06-14 07:00:00+02:00;0,000;1,000;MESURE
2025-06-14 08:00:00+02:00;0,000;1,000;MESURE
2025-06-14 09:00:00+02:00;0,000;1,000;MESURE
2025-06-14 10:00:00+02:00;0,000;1,000;MESURE
2025-06-14 11:00:00+02:00;0,000;1,000;MESURE
2025-06-14 12:00:00+02:00;0,000;1,000;MESURE
2025-06-14 13:00:00+02:00;0,000;1,000;MESURE
2025-06-14 14:00:00+02:00;0,000;1,000;MESURE
2025-06-14 15:00:00+02:00;0,000;1,000;MESURE
2025-06-14 16:00:00+02:00;0,000;1,000;MESURE
2025-06-14 17:00:00+02:00;0,000;1,000;MESURE
2025-06-14 18:00:00+02:00;0,000;1,000;MESURE
2025-06-14 19:00:00+02:00;0,000;1,000;MESURE
2025-06-14 20:00:00+02:00;0,000;1,000;MESURE
2025-06-14 21:00:00+02:00;4566,000;1,000;MESURE
2025-06-14 22:00:00+02:00;4502,000;1,000;MESURE
2025-06-14 23:00:00+02:00;4498,000;1,000;MESURE
2025-06-15 00:00:00+02:00;4440,000;1,000;MESURE
2025-06-15 01:00:00+02:00;4447,000;1,000;MESURE
2025-06-15 02:00:00+02:00;4447,000;1,000;MESURE
2025-06-15 03:00:00+02:00;4479,000;1,000;MESURE
2025-06-15 04:00:00+02:00;4499,000;1,000;MESURE
2025-06-15 05:00:00+02:00;1824,000;1,000;MESURE
2025-06-15 06:00:00+02:00;0,000;1,000;MESURE
2025-06-15 07:00:00+02:00;0,000;1,000;MESURE
2025-06-15 08:00:00+02:00;0,000;1,000;MESURE
2025-06-15 09:00:00+02:00;0,000;1,000;MESURE
2025-06-15 10:00:00+02:00;0,000;1,000;MESURE
2025-06-15 11:00:00+02:00;0,000;1,000;MESURE
2025-06-15 12:00:00+02:00;0,000;1,000;MESURE
2025-06-15 13:00:00+02:00;0,000;1,000;MESURE
2025-06-15 14:00:00+02:00;0,000;1,000;MESURE
2025-06-15 15:00:00+02:00;0,000;1,000;MESURE
2025-06-15 16:00:00+02:00;0,000;1,000;MESURE
2025-06-15 17:00:00+02:00;0,000;1,000;MESURE
2025-06-15 18:00:00+02:00;0,000;1,000;MESURE
2025-06-15 19:00:00+02:00;0,000;1,000;MESURE
2025-06-15 20:00:00+02:00;0,000;1,000;MESURE
2025-06-15 21:00:00+02:00;4325,000;1,000;MESURE
2025-06-15 22:00:00+02:00;4330,000;1,000;MESURE
2025-06-15 23:00:00+02:00;4325,000;1,000;MESURE
2025-06-16 00:00:00+02:00;4290,000;1,000;MESURE
2025-06-16 01:00:00+02:00;4288,000;1,000;MESURE
2025-06-16 02:00:00+02:00;4300,000;1,000;MESURE
2025-06-16 03:00:00+02:00;4316,000;1,000;MESURE
2025-06-16 04:00:00+02:00;4309,000;1,000;MESURE
2025-06-16 05:00:00+02:00;1751,000;1,000;MESURE
2025-06-16 06:00:00+02:00;0,000;1,000;MESURE
2025-06-16 07:00:00+02:00;0,000;1,000;MESURE
2025-06-16 08:00:00+02:00;0,000;1,000;MESURE
2025-06-16 09:00:00+02:00;0,000;1,000;MESURE
2025-06-16 10:00:00+02:00;0,000;1,000;MESURE
2025-06-16 11:00:00+02:00;0,000;1,000;MESURE
2025-06-16 12:00:00+02:00;0,000;1,000;MESURE
2025-06-16 13:00:00+02:00;0,000;1,000;MESURE
2025-06-16 14:00:00+02:00;0,000;1,000;MESURE
2025-06-16 15:00:00+02:00;0,000;1,000;MESURE
2025-06-16 16:00:00+02:00;0,000;1,000;MESURE
2025-06-16 17:00:00+02:00;0,000;1,000;MESURE
2025-06-16 18:00:00+02:00;0,000;1,000;MESURE
2025-06-16 19:00:00+02:00;0,000;1,000;MESURE
2025-06-16 20:00:00+02:00;0,000;1,000;MESURE
2025-06-16 21:00:00+02:00;4223,000;1,000;MESURE
2025-06-16 22:00:00+02:00;4284,000;1,000;MESURE
2025-06-16 23:00:00+02:00;4311,000;1,000;MESURE
2025-06-17 00:00:00+02:00;4286,000;1,000;MESURE
2025-06-17 01:00:00+02:00;4261,000;1,000;MESURE
2025-06-17 02:00:00+02:00;4272,000;1,000;MESURE
2025-06-17 03:00:00+02:00;4280,000;1,000;MESURE
2025-06-17 04:00:00+02:00;4275,000;1,000;MESURE
2025-06-17 05:00:00+02:00;1763,000;1,000;MESURE
2025-06-17 06:00:00+02:00;0,000;1,000;MESURE
2025-06-17 07:00:00+02:00;0,000;1,000;MESURE
2025-06-17 08:00:00+02:00;0,000;1,000;MESURE
2025-06-17 09:00:00+02:00;0,000;1,000;MESURE
2025-06-17 10:00:00+02:00;0,000;1,000;MESURE
2025-06-17 11:00:00+02:00;0,000;1,000;MESURE
2025-06-17 12:00:00+02:00;0,000;1,000;MESURE
2025-06-17 13:00:00+02:00;0,000;1,000;MESURE
2025-06-17 14:00:00+02:00;0,000;1,000;MESURE
2025-06-17 15:00:00+02:00;0,000;1,000;MESURE
2025-06-17 16:00:00+02:00;0,000;1,000;MESURE
2025-06-17 17:00:00+02:00;0,000;1,000;MESURE
2025-06-17 18:00:00+02:00;0,000;1,000;MESURE
2025-06-17 19:00:00+02:00;0,000;1,000;MESURE
2025-06-17 20:00:00+02:00;0,000;1,000;MESURE
2025-06-17 21:00:00+02:00;4223,000;1,000;MESURE
2025-06-17 22:00:00+02:00;4323,000;1,000;MESURE
2025-06-17 23:00:00+02:00;4293,000;1,000;MESURE
2025-06-18 00:00:00+02:00;4232,000;1,000;MESURE
2025-06-18 01:00:00+02:00;4244,000;1,000;MESURE
2025-06-18 02:00:00+02:00;4255,000;1,000;MESURE
2025-06-18 03:00:00+02:00;4266,000;1,000;MESURE
2025-06-18 04:00:00+02:00;4272,000;1,000;MESURE
2025-06-18 05:00:00+02:00;1816,000;1,000;MESURE
2025-06-18 06:00:00+02:00;0,000;1,000;MESURE
2025-06-18 07:00:00+02:00;0,000;1,000;MESURE
2025-06-18 08:00:00+02:00;0,000;1,000;MESURE
2025-06-18 09:00:00+02:00;0,000;1,000;MESURE
2025-06-18 10:00:00+02:00;0,000;1,000;MESURE
2025-06-18 11:00:00+02:00;0,000;1,000;MESURE
2025-06-18 12:00:00+02:00;0,000;1,000;MESURE
2025-06-18 13:00:00+02:00;0,000;1,000;MESURE
2025-06-18 14:00:00+02:00;0,000;1,000;MESURE
2025-06-18 15:00:00+02:00;0,000;1,000;MESURE
2025-06-18 16:00:00+02:00;0,000;1,000;MESURE
2025-06-18 17:00:00+02:00;0,000;1,000;MESURE
2025-06-18 18:00:00+02:00;0,000;1,000;MESURE
2025-06-18 19:00:00+02:00;0,000;1,000;MESURE
2025-06-18 20:00:00+02:00;0,000;1,000;MESURE
2025-06-18 21:00:00+02:00;4203,000;1,000;MESURE
2025-06-18 22:00:00+02:00;4303,000;1,000;MESURE
2025-06-18 23:00:00+02:00;4304,000;1,000;MESURE
2025-06-19 00:00:00+02:00;4318,000;1,000;MESURE
2025-06-19 01:00:00+02:00;4252,000;1,000;MESURE
2025-06-19 02:00:00+02:00;4245,000;1,000;MESURE
2025-06-19 03:00:00+02:00;4257,000;1,000;MESURE
2025-06-19 04:00:00+02:00;4261,000;1,000;MESURE
2025-06-19 05:00:00+02:00;1808,000;1,000;MESURE
2025-06-19 06:00:00+02:00;0,000;1,000;MESURE
2025-06-19 07:00:00+02:00;0,000;1,000;MESURE
2025-06-19 08:00:00+02:00;0,000;1,000;MESURE
2025-06-19 09:00:00+02:00;0,000;1,000;MESURE
2025-06-19 10:00:00+02:00;0,000;1,000;MESURE
2025-06-19 11:00:00+02:00;0,000;1,000;MESURE
2025-06-19 12:00:00+02:00;0,000;1,000;MESURE
2025-06-19 13:00:00+02:00;0,000;1,000;MESURE
2025-06-19 14:00:00+02:00;0,000;1,000;MESURE
2025-06-19 15:00:00+02:00;0,000;1,000;MESURE
2025-06-19 16:00:00+02:00;0,000;1,000;MESURE
2025-06-19 17:00:00+02:00;0,000;1,000;MESURE
2025-06-19 18:00:00+02:00;0,000;1,000;MESURE
2025-06-19 19:00:00+02:00;0,000;1,000;MESURE
2025-06-19 20:00:00+02:00;0,000;1,000;MESURE
2025-06-19 21:00:00+02:00;4195,000;1,000;MESURE
2025-06-19 22:00:00+02:00;4288,000;1,000;MESURE
2025-06-19 23:00:00+02:00;4297,000;1,000;MESURE
2025-06-20 00:00:00+02:00;4277,000;1,000;MESURE
2025-06-20 01:00:00+02:00;4244,000;1,000;MESURE
2025-06-20 02:00:00+02:00;4243,000;1,000;MESURE
2025-06-20 03:00:00+02:00;4262,000;1,000;MESURE
2025-06-20 04:00:00+02:00;4272,000;1,000;MESURE
2025-06-20 05:00:00+02:00;1821,000;1,000;MESURE
2025-06-20 06:00:00+02:00;0,000;1,000;MESURE
2025-06-20 07:00:00+02:00;0,000;1,000;MESURE
2025-06-20 08:00:00+02:00;0,000;1,000;MESURE
2025-06-20 09:00:00+02:00;0,000;1,000;MESURE
2025-06-20 10:00:00+02:00;24,000;1,000;MESURE
2025-06-20 11:00:00+02:00;0,000;1,000;MESURE
2025-06-20 12:00:00+02:00;0,000;1,000;MESURE
2025-06-20 13:00:00+02:00;0,000;1,000;MESURE
2025-06-20 14:00:00+02:00;0,000;1,000;MESURE
2025-06-20 15:00:00+02:00;0,000;1,000;MESURE
2025-06-20 16:00:00+02:00;0,000;1,000;MESURE
2025-06-20 17:00:00+02:00;0,000;1,000;MESURE
2025-06-20 18:00:00+02:00;0,000;1,000;MESURE
2025-06-20 19:00:00+02:00;0,000;1,000;MESURE
2025-06-20 20:00:00+02:00;0,000;1,000;MESURE
2025-06-20 21:00:00+02:00;4183,000;1,000;MESURE
2025-06-20 22:00:00+02:00;4288,000;1,000;MESURE
2025-06-20 23:00:00+02:00;4290,000;1,000;MESURE
2025-06-21 00:00:00+02:00;4225,000;1,000;MESURE
2025-06-21 01:00:00+02:00;4244,000;1,000;MESURE
2025-06-21 02:00:00+02:00;4246,000;1,000;MESURE
2025-06-21 03:00:00+02:00;4247,000;1,000;MESURE
2025-06-21 04:00:00+02:00;4258,000;1,000;MESURE
2025-06-21 05:00:00+02:00;1820,000;1,000;MESURE
2025-06-21 06:00:00+02:00;0,000;1,000;MESURE
2025-06-21 07:00:00+02:00;0,000;1,000;MESURE
2025-06-21 08:00:00+02:00;0,000;1,000;MESURE
2025-06-21 09:00:00+02:00;0,000;1,000;MESURE
2025-06-21 10:00:00+02:00;0,000;1,000;MESURE
2025-06-21 11:00:00+02:00;0,000;1,000;MESURE
2025-06-21 12:00:00+02:00;234,000;1,000;MESURE
2025-06-21 13:00:00+02:00;302,000;1,000;MESURE
2025-06-21 14:00:00+02:00;210,000;1,000;MESURE
2025-06-21 15:00:00+02:00;1717,000;1,000;MESURE
2025-06-21 16:00:00+02:00;9438,000;1,000;MESURE
2025-06-21 17:00:00+02:00;5248,000;1,000;MESURE
2025-06-21 18:00:00+02:00;9951,000;1,000;MESURE
2025-06-21 19:00:00+02:00;13295,000;1,000;MESURE
2025-06-21 20:00:00+02:00;11411,000;1,000;MESURE
2025-06-21 21:00:00+02:00;17357,000;1,000;MESURE
2025-06-21 22:00:00+02:00;17133,000;1,000;MESURE
2025-06-21 23:00:00+02:00;11112,000;1,000;MESURE
2025-06-22 00:00:00+02:00;4522,000;1,000;MESURE
2025-06-22 01:00:00+02:00;4234,000;1,000;MESURE
2025-06-22 02:00:00+02:00;4263,000;1,000;MESURE
2025-06-22 03:00:00+02:00;4278,000;1,000;MESURE
2025-06-22 04:00:00+02:00;4270,000;1,000;MESURE
2025-06-22 05:00:00+02:00;1822,000;1,000;MESURE
2025-06-22 06:00:00+02:00;0,000;1,000;MESURE
2025-06-22 07:00:00+02:00;0,000;1,000;MESURE
2025-06-22 08:00:00+02:00;0,000;1,000;MESURE
2025-06-22 09:00:00+02:00;0,000;1,000;MESURE
2025-06-22 10:00:00+02:00;0,000;1,000;MESURE
2025-06-22 11:00:00+02:00;0,000;1,000;MESURE
2025-06-22 12:00:00+02:00;0,000;1,000;MESURE
2025-06-22 13:00:00+02:00;0,000;1,000;MESURE
2025-06-22 14:00:00+02:00;0,000;1,000;MESURE
2025-06-22 15:00:00+02:00;0,000;1,000;MESURE
2025-06-22 16:00:00+02:00;0,000;1,000;MESURE
2025-06-22 17:00:00+02:00;0,000;1,000;MESURE
2025-06-22 18:00:00+02:00;0,000;1,000;MESURE
2025-06-22 19:00:00+02:00;0,000;1,000;MESURE
2025-06-22 20:00:00+02:00;0,000;1,000;MESURE
2025-06-22 21:00:00+02:00;4113,000;1,000;MESURE
2025-06-22 22:00:00+02:00;4282,000;1,000;MESURE
2025-06-22 23:00:00+02:00;4296,000;1,000;MESURE
2025-06-23 00:00:00+02:00;4231,000;1,000;MESURE
2025-06-23 01:00:00+02:00;4228,000;1,000;MESURE
2025-06-23 02:00:00+02:00;4201,000;1,000;MESURE
2025-06-23 03:00:00+02:00;4221,000;1,000;MESURE
2025-06-23 04:00:00+02:00;4219,000;1,000;MESURE
2025-06-23 05:00:00+02:00;1882,000;1,000;MESURE
2025-06-23 06:00:00+02:00;0,000;1,000;MESURE
2025-06-23 07:00:00+02:00;0,000;1,000;MESURE
2025-06-23 08:00:00+02:00;0,000;1,000;MESURE
2025-06-23 09:00:00+02:00;0,000;1,000;MESURE
2025-06-23 10:00:00+02:00;0,000;1,000;MESURE
2025-06-23 11:00:00+02:00;0,000;1,000;MESURE
2025-06-23 12:00:00+02:00;0,000;1,000;MESURE
2025-06-23 13:00:00+02:00;0,000;1,000;MESURE
2025-06-23 14:00:00+02:00;0,000;1,000;MESURE
2025-06-23 15:00:00+02:00;0,000;1,000;MESURE
2025-06-23 16:00:00+02:00;0,000;1,000;MESURE
2025-06-23 17:00:00+02:00;0,000;1,000;MESURE
2025-06-23 18:00:00+02:00;0,000;1,000;MESURE
2025-06-23 19:00:00+02:00;0,000;1,000;MESURE
2025-06-23 20:00:00+02:00;0,000;1,000;MESURE
2025-06-23 21:00:00+02:00;4119,000;1,000;MESURE
2025-06-23 22:00:00+02:00;4299,000;1,000;MESURE
2025-06-23 23:00:00+02:00;4215,000;1,000;MESURE
2025-06-24 00:00:00+02:00;4221,000;1,000;MESURE
2025-06-24 01:00:00+02:00;4205,000;1,000;MESURE
2025-06-24 02:00:00+02:00;4199,000;1,000;MESURE
2025-06-24 03:00:00+02:00;4218,000;1,000;MESURE
2025-06-24 04:00:00+02:00;4224,000;1,000;MESURE
2025-06-24 05:00:00+02:00;1887,000;1,000;MESURE
2025-06-24 06:00:00+02:00;0,000;1,000;MESURE
2025-06-24 07:00:00+02:00;0,000;1,000;MESURE
2025-06-24 08:00:00+02:00;0,000;1,000;MESURE
2025-06-24 09:00:00+02:00;0,000;1,000;MESURE
2025-06-24 10:00:00+02:00;0,000;1,000;MESURE
2025-06-24 11:00:00+02:00;0,000;1,000;MESURE
2025-06-24 12:00:00+02:00;0,000;1,000;MESURE
2025-06-24 13:00:00+02:00;0,000;1,000;MESURE
2025-06-24 14:00:00+02:00;0,000;1,000;MESURE
2025-06-24 15:00:00+02:00;0,000;1,000;MESURE
2025-06-24 16:00:00+02:00;0,000;1,000;MESURE
2025-06-24 17:00:00+02:00;0,000;1,000;MESURE
2025-06-24 18:00:00+02:00;0,000;1,000;MESURE
2025-06-24 19:00:00+02:00;0,000;1,000;MESURE
2025-06-24 20:00:00+02:00;0,000;1,000;MESURE
2025-06-24 21:00:00+02:00;4271,000;1,000;MESURE
2025-06-24 22:00:00+02:00;4475,000;1,000;MESURE
2025-06-24 23:00:00+02:00;4459,000;1,000;MESURE
2025-06-25 00:00:00+02:00;4432,000;1,000;MESURE
2025-06-25 01:00:00+02:00;4455,000;1,000;MESURE
2025-06-25 02:00:00+02:00;4429,000;1,000;MESURE
2025-06-25 03:00:00+02:00;4437,000;1,000;MESURE
2025-06-25 04:00:00+02:00;4445,000;1,000;MESURE
2025-06-25 05:00:00+02:00;1964,000;1,000;MESURE
2025-06-25 06:00:00+02:00;0,000;1,000;MESURE
2025-06-25 07:00:00+02:00;0,000;1,000;MESURE
2025-06-25 08:00:00+02:00;0,000;1,000;MESURE
2025-06-25 09:00:00+02:00;0,000;1,000;MESURE
2025-06-25 10:00:00+02:00;0,000;1,000;MESURE
2025-06-25 11:00:00+02:00;0,000;1,000;MESURE
2025-06-25 12:00:00+02:00;0,000;1,000;MESURE
2025-06-25 13:00:00+02:00;0,000;1,000;MESURE
2025-06-25 14:00:00+02:00;0,000;1,000;MESURE
2025-06-25 15:00:00+02:00;0,000;1,000;MESURE
2025-06-25 16:00:00+02:00;0,000;1,000;MESURE
2025-06-25 17:00:00+02:00;0,000;1,000;MESURE
2025-06-25 18:00:00+02:00;0,000;1,000;MESURE
2025-06-25 19:00:00+02:00;0,000;1,000;MESURE
2025-06-25 20:00:00+02:00;0,000;1,000;MESURE
2025-06-25 21:00:00+02:00;4247,000;1,000;MESURE
2025-06-25 22:00:00+02:00;4448,000;1,000;MESURE
2025-06-25 23:00:00+02:00;4462,000;1,000;MESURE
2025-06-26 00:00:00+02:00;4386,000;1,000;MESURE
2025-06-26 01:00:00+02:00;4399,000;1,000;MESURE
2025-06-26 02:00:00+02:00;4391,000;1,000;MESURE
2025-06-26 03:00:00+02:00;4403,000;1,000;MESURE
2025-06-26 04:00:00+02:00;4407,000;1,000;MESURE
2025-06-26 05:00:00+02:00;2031,000;1,000;MESURE
2025-06-26 06:00:00+02:00;0,000;1,000;MESURE
2025-06-26 07:00:00+02:00;0,000;1,000;MESURE
2025-06-26 08:00:00+02:00;1533,000;1,000;MESURE
2025-06-26 09:00:00+02:00;0,000;1,000;MESURE
2025-06-26 10:00:00+02:00;0,000;1,000;MESURE
2025-06-26 11:00:00+02:00;0,000;1,000;MESURE
2025-06-26 12:00:00+02:00;0,000;1,000;MESURE
2025-06-26 13:00:00+02:00;0,000;1,000;MESURE
2025-06-26 14:00:00+02:00;0,000;1,000;MESURE
2025-06-26 15:00:00+02:00;0,000;1,000;MESURE
2025-06-26 16:00:00+02:00;0,000;1,000;MESURE
2025-06-26 17:00:00+02:00;0,000;1,000;MESURE
2025-06-26 18:00:00+02:00;0,000;1,000;MESURE
2025-06-26 19:00:00+02:00;0,000;1,000;MESURE
2025-06-26 20:00:00+02:00;0,000;1,000;MESURE
2025-06-26 21:00:00+02:00;4257,000;1,000;MESURE
2025-06-26 22:00:00+02:00;4386,000;1,000;MESURE
2025-06-26 23:00:00+02:00;4350,000;1,000;MESURE
2025-06-27 00:00:00+02:00;4396,000;1,000;MESURE
2025-06-27 01:00:00+02:00;4411,000;1,000;MESURE
2025-06-27 02:00:00+02:00;4409,000;1,000;MESURE
2025-06-27 03:00:00+02:00;4414,000;1,000;MESURE
2025-06-27 04:00:00+02:00;4416,000;1,000;MESURE
2025-06-27 05:00:00+02:00;2043,000;1,000;MESURE
2025-06-27 06:00:00+02:00;0,000;1,000;MESURE
2025-06-27 07:00:00+02:00;0,000;1,000;MESURE
2025-06-27 08:00:00+02:00;0,000;1,000;MESURE
2025-06-27 09:00:00+02:00;0,000;1,000;MESURE
2025-06-27 10:00:00+02:00;0,000;1,000;MESURE
2025-06-27 11:00:00+02:00;0,000;1,000;MESURE
2025-06-27 12:00:00+02:00;0,000;1,000;MESURE
2025-06-27 13:00:00+02:00;0,000;1,000;MESURE
2025-06-27 14:00:00+02:00;0,000;1,000;MESURE
2025-06-27 15:00:00+02:00;0,000;1,000;MESURE
2025-06-27 16:00:00+02:00;14,000;1,000;MESURE
2025-06-27 17:00:00+02:00;24,000;1,000;MESURE
2025-06-27 18:00:00+02:00;23,000;1,000;MESURE
2025-06-27 19:00:00+02:00;24,000;1,000;MESURE
2025-06-27 20:00:00+02:00;24,000;1,000;MESURE
2025-06-27 21:00:00+02:00;4276,000;1,000;MESURE
2025-06-27 22:00:00+02:00;525,000;1,000;MESURE
2025-06-27 23:00:00+02:00;24,000;1,000;MESURE
2025-06-28 00:00:00+02:00;23,000;1,000;MESURE
2025-06-28 01:00:00+02:00;24,000;1,000;MESURE
2025-06-28 02:00:00+02:00;24,000;1,000;MESURE
2025-06-28 03:00:00+02:00;24,000;1,000;MESURE
2025-06-28 04:00:00+02:00;24,000;1,000;MESURE
2025-06-28 05:00:00+02:00;24,000;1,000;MESURE
2025-06-28 06:00:00+02:00;24,000;1,000;MESURE
2025-06-28 07:00:00+02:00;23,000;1,000;MESURE
2025-06-28 08:00:00+02:00;24,000;1,000;MESURE
2025-06-28 09:00:00+02:00;23,000;1,000;MESURE
2025-06-28 10:00:00+02:00;24,000;1,000;MESURE
2025-06-28 11:00:00+02:00;23,000;1,000;MESURE
2025-06-28 12:00:00+02:00;24,000;1,000;MESURE
2025-06-28 13:00:00+02:00;23,000;1,000;MESURE
2025-06-28 14:00:00+02:00;24,000;1,000;MESURE
2025-06-28 15:00:00+02:00;23,000;1,000;MESURE
2025-06-28 16:00:00+02:00;25,000;1,000;MESURE
2025-06-28 17:00:00+02:00;1772,000;1,000;MESURE
2025-06-28 18:00:00+02:00;5386,000;1,000;MESURE
2025-06-28 19:00:00+02:00;6263,000;1,000;MESURE
2025-06-28 20:00:00+02:00;6590,000;1,000;MESURE
2025-06-28 21:00:00+02:00;4952,000;1,000;MESURE
2025-06-28 22:00:00+02:00;2129,000;1,000;MESURE
2025-06-28 23:00:00+02:00;51,000;1,000;MESURE
2025-06-29 00:00:00+02:00;24,000;1,000;MESURE
2025-06-29 01:00:00+02:00;1,000;1,000;MESURE
2025-06-29 02:00:00+02:00;0,000;1,000;MESURE
2025-06-29 03:00:00+02:00;2695,000;1,000;MESURE
2025-06-29 04:00:00+02:00;4636,000;1,000;MESURE
2025-06-29 05:00:00+02:00;2044,000;1,000;MESURE
2025-06-29 06:00:00+02:00;0,000;1,000;MESURE
2025-06-29 07:00:00+02:00;0,000;1,000;MESURE
2025-06-29 08:00:00+02:00;0,000;1,000;MESURE
2025-06-29 09:00:00+02:00;0,000;1,000;MESURE
2025-06-29 10:00:00+02:00;0,000;1,000;MESURE
2025-06-29 11:00:00+02:00;0,000;1,000;MESURE
2025-06-29 12:00:00+02:00;0,000;1,000;MESURE
2025-06-29 13:00:00+02:00;0,000;1,000;MESURE
2025-06-29 14:00:00+02:00;0,000;1,000;MESURE
2025-06-29 15:00:00+02:00;0,000;1,000;MESURE
2025-06-29 16:00:00+02:00;0,000;1,000;MESURE
2025-06-29 17:00:00+02:00;0,000;1,000;MESURE
2025-06-29 18:00:00+02:00;0,000;1,000;MESURE
2025-06-29 19:00:00+02:00;0,000;1,000;MESURE
2025-06-29 20:00:00+02:00;0,000;1,000;MESURE
2025-06-29 21:00:00+02:00;4070,000;1,000;MESURE
2025-06-29 22:00:00+02:00;4245,000;1,000;MESURE
2025-06-29 23:00:00+02:00;4199,000;1,000;MESURE
2025-06-30 00:00:00+02:00;4161,000;1,000;MESURE
2025-06-30 01:00:00+02:00;4181,000;1,000;MESURE
2025-06-30 02:00:00+02:00;4196,000;1,000;MESURE
2025-06-30 03:00:00+02:00;4203,000;1,000;MESURE
2025-06-30 04:00:00+02:00;4213,000;1,000;MESURE
2025-06-30 05:00:00+02:00;2092,000;1,000;MESURE
2025-06-30 06:00:00+02:00;0,000;1,000;MESURE
2025-06-30 07:00:00+02:00;0,000;1,000;MESURE
2025-06-30 08:00:00+02:00;0,000;1,000;MESURE
2025-06-30 09:00:00+02:00;0,000;1,000;MESURE
2025-06-30 10:00:00+02:00;0,000;1,000;MESURE
2025-06-30 11:00:00+02:00;0,000;1,000;MESURE
2025-06-30 12:00:00+02:00;0,000;1,000;MESURE
2025-06-30 13:00:00+02:00;0,000;1,000;MESURE
2025-06-30 14:00:00+02:00;0,000;1,000;MESURE
2025-06-30 15:00:00+02:00;0,000;1,000;MESURE
2025-06-30 16:00:00+02:00;0,000;1,000;MESURE
2025-06-30 17:00:00+02:00;0,000;1,000;MESURE
2025-06-30 18:00:00+02:00;0,000;1,000;MESURE
2025-06-30 19:00:00+02:00;0,000;1,000;MESURE
2025-06-30 20:00:00+02:00;0,000;1,000;MESURE
2025-06-30 21:00:00+02:00;4063,000;1,000;MESURE
2025-06-30 22:00:00+02:00;4198,000;1,000;MESURE
2025-06-30 23:00:00+02:00;4206,000;1,000;MESURE
2025-07-01 00:00:00+02:00;4232,000;1,000;MESURE
2025-07-01 01:00:00+02:00;4161,000;1,000;MESURE
2025-07-01 02:00:00+02:00;4162,000;1,000;MESURE
2025-07-01 03:00:00+02:00;4177,000;1,000;MESURE
2025-07-01 04:00:00+02:00;4181,000;1,000;MESURE
2025-07-01 05:00:00+02:00;2099,000;1,000;MESURE
2025-07-01 06:00:00+02:00;0,000;1,000;MESURE
2025-07-01 07:00:00+02:00;0,000;1,000;MESURE
2025-07-01 08:00:00+02:00;0,000;1,000;MESURE
2025-07-01 09:00:00+02:00;0,000;1,000;MESURE
2025-07-01 10:00:00+02:00;0,000;1,000;MESURE
2025-07-01 11:00:00+02:00;0,000;1,000;MESURE
2025-07-01 12:00:00+02:00;0,000;1,000;MESURE
2025-07-01 13:00:00+02:00;0,000;1,000;MESURE
2025-07-01 14:00:00+02:00;0,000;1,000;MESURE
2025-07-01 15:00:00+02:00;0,000;1,000;MESURE
2025-07-01 16:00:00+02:00;0,000;1,000;MESURE
2025-07-01 17:00:00+02:00;0,000;1,000;MESURE
2025-07-01 18:00:00+02:00;0,000;1,000;MESURE
2025-07-01 19:00:00+02:00;0,000;1,000;MESURE
2025-07-01 20:00:00+02:00;0,000;1,000;MESURE
2025-07-01 21:00:00+02:00;4038,000;1,000;MESURE
2025-07-01 22:00:00+02:00;4206,000;1,000;MESURE
2025-07-01 23:00:00+02:00;4236,000;1,000;MESURE
2025-07-02 00:00:00+02:00;4204,000;1,000;MESURE
2025-07-02 01:00:00+02:00;4180,000;1,000;MESURE
2025-07-02 02:00:00+02:00;4175,000;1,000;MESURE
2025-07-02 03:00:00+02:00;4186,000;1,000;MESURE
2025-07-02 04:00:00+02:00;4192,000;1,000;MESURE
2025-07-02 05:00:00+02:00;2188,000;1,000;MESURE
2025-07-02 06:00:00+02:00;0,000;1,000;MESURE
2025-07-02 07:00:00+02:00;0,000;1,000;MESURE
2025-07-02 08:00:00+02:00;0,000;1,000;MESURE
2025-07-02 09:00:00+02:00;0,000;1,000;MESURE
2025-07-02 10:00:00+02:00;0,000;1,000;MESURE
2025-07-02 11:00:00+02:00;0,000;1,000;MESURE
2025-07-02 12:00:00+02:00;0,000;1,000;MESURE
2025-07-02 13:00:00+02:00;0,000;1,000;MESURE
2025-07-02 14:00:00+02:00;0,000;1,000;MESURE
2025-07-02 15:00:00+02:00;0,000;1,000;MESURE
2025-07-02 16:00:00+02:00;0,000;1,000;MESURE
2025-07-02 17:00:00+02:00;0,000;1,000;MESURE
2025-07-02 18:00:00+02:00;0,000;1,000;MESURE
2025-07-02 19:00:00+02:00;0,000;1,000;MESURE
2025-07-02 20:00:00+02:00;0,000;1,000;MESURE
2025-07-02 21:00:00+02:00;4132,000;1,000;MESURE
2025-07-02 22:00:00+02:00;4232,000;1,000;MESURE
2025-07-02 23:00:00+02:00;4239,000;1,000;MESURE
2025-07-03 00:00:00+02:00;4268,000;1,000;MESURE
2025-07-03 01:00:00+02:00;4175,000;1,000;MESURE
2025-07-03 02:00:00+02:00;4187,000;1,000;MESURE
2025-07-03 03:00:00+02:00;4187,000;1,000;MESURE
2025-07-03 04:00:00+02:00;4172,000;1,000;MESURE
2025-07-03 05:00:00+02:00;2304,000;1,000;MESURE
2025-07-03 06:00:00+02:00;0,000;1,000;MESURE
2025-07-03 07:00:00+02:00;0,000;1,000;MESURE
2025-07-03 08:00:00+02:00;0,000;1,000;MESURE
2025-07-03 09:00:00+02:00;0,000;1,000;MESURE
2025-07-03 10:00:00+02:00;0,000;1,000;MESURE
2025-07-03 11:00:00+02:00;0,000;1,000;MESURE
2025-07-03 12:00:00+02:00;0,000;1,000;MESURE
2025-07-03 13:00:00+02:00;0,000;1,000;MESURE
2025-07-03 14:00:00+02:00;0,000;1,000;MESURE
2025-07-03 15:00:00+02:00;0,000;1,000;MESURE
2025-07-03 16:00:00+02:00;0,000;1,000;MESURE
2025-07-03 17:00:00+02:00;0,000;1,000;MESURE
2025-07-03 18:00:00+02:00;0,000;1,000;MESURE
2025-07-03 19:00:00+02:00;0,000;1,000;MESURE
2025-07-03 20:00:00+02:00;0,000;1,000;MESURE
2025-07-03 21:00:00+02:00;4138,000;1,000;MESURE
2025-07-03 22:00:00+02:00;4233,000;1,000;MESURE
2025-07-03 23:00:00+02:00;4228,000;1,000;MESURE
2025-07-04 00:00:00+02:00;4261,000;1,000;MESURE
2025-07-04 01:00:00+02:00;4295,000;1,000;MESURE
2025-07-04 02:00:00+02:00;4201,000;1,000;MESURE
2025-07-04 03:00:00+02:00;4213,000;1,000;MESURE
2025-07-04 04:00:00+02:00;4204,000;1,000;MESURE
2025-07-04 05:00:00+02:00;2289,000;1,000;MESURE
2025-07-04 06:00:00+02:00;0,000;1,000;MESURE
2025-07-04 07:00:00+02:00;0,000;1,000;MESURE
2025-07-04 08:00:00+02:00;0,000;1,000;MESURE
2025-07-04 09:00:00+02:00;0,000;1,000;MESURE
2025-07-04 10:00:00+02:00;0,000;1,000;MESURE
2025-07-04 11:00:00+02:00;0,000;1,000;MESURE
2025-07-04 12:00:00+02:00;0,000;1,000;MESURE
2025-07-04 13:00:00+02:00;0,000;1,000;MESURE
2025-07-04 14:00:00+02:00;0,000;1,000;MESURE
2025-07-04 15:00:00+02:00;0,000;1,000;MESURE
2025-07-04 16:00:00+02:00;0,000;1,000;MESURE
2025-07-04 17:00:00+02:00;0,000;1,000;MESURE
2025-07-04 18:00:00+02:00;0,000;1,000;MESURE
2025-07-04 19:00:00+02:00;0,000;1,000;MESURE
2025-07-04 20:00:00+02:00;0,000;1,000;MESURE
2025-07-04 21:00:00+02:00;4143,000;1,000;MESURE
2025-07-04 22:00:00+02:00;4226,000;1,000;MESURE
2025-07-04 23:00:00+02:00;4216,000;1,000;MESURE
2025-07-05 00:00:00+02:00;4230,000;1,000;MESURE
2025-07-05 01:00:00+02:00;4226,000;1,000;MESURE
2025-07-05 02:00:00+02:00;4240,000;1,000;MESURE
2025-07-05 03:00:00+02:00;4225,000;1,000;MESURE
2025-07-05 04:00:00+02:00;4229,000;1,000;MESURE
2025-07-05 05:00:00+02:00;2341,000;1,000;MESURE
2025-07-05 06:00:00+02:00;0,000;1,000;MESURE
2025-07-05 07:00:00+02:00;0,000;1,000;MESURE
2025-07-05 08:00:00+02:00;0,000;1,000;MESURE
2025-07-05 09:00:00+02:00;0,000;1,000;MESURE
2025-07-05 10:00:00+02:00;0,000;1,000;MESURE
2025-07-05 11:00:00+02:00;0,000;1,000;MESURE
2025-07-05 12:00:00+02:00;0,000;1,000;MESURE
2025-07-05 13:00:00+02:00;0,000;1,000;MESURE
2025-07-05 14:00:00+02:00;0,000;1,000;MESURE
2025-07-05 15:00:00+02:00;0,000;1,000;MESURE
2025-07-05 16:00:00+02:00;0,000;1,000;MESURE
2025-07-05 17:00:00+02:00;0,000;1,000;MESURE
2025-07-05 18:00:00+02:00;0,000;1,000;MESURE
2025-07-05 19:00:00+02:00;0,000;1,000;MESURE
2025-07-05 20:00:00+02:00;0,000;1,000;MESURE
2025-07-05 21:00:00+02:00;4205,000;1,000;MESURE
2025-07-05 22:00:00+02:00;4192,000;1,000;MESURE
2025-07-05 23:00:00+02:00;4194,000;1,000;MESURE
2025-07-06 00:00:00+02:00;4245,000;1,000;MESURE
2025-07-06 01:00:00+02:00;4242,000;1,000;MESURE
2025-07-06 02:00:00+02:00;4234,000;1,000;MESURE
2025-07-06 03:00:00+02:00;4241,000;1,000;MESURE
2025-07-06 04:00:00+02:00;4238,000;1,000;MESURE
2025-07-06 05:00:00+02:00;2443,000;1,000;MESURE
2025-07-06 06:00:00+02:00;0,000;1,000;MESURE
2025-07-06 07:00:00+02:00;0,000;1,000;MESURE
2025-07-06 08:00:00+02:00;0,000;1,000;MESURE
2025-07-06 09:00:00+02:00;0,000;1,000;MESURE
2025-07-06 10:00:00+02:00;0,000;1,000;MESURE
2025-07-06 11:00:00+02:00;0,000;1,000;MESURE
2025-07-06 12:00:00+02:00;0,000;1,000;MESURE
2025-07-06 13:00:00+02:00;0,000;1,000;MESURE
2025-07-06 14:00:00+02:00;0,000;1,000;MESURE
2025-07-06 15:00:00+02:00;0,000;1,000;MESURE
2025-07-06 16:00:00+02:00;0,000;1,000;MESURE
2025-07-06 17:00:00+02:00;0,000;1,000;MESURE
2025-07-06 18:00:00+02:00;0,000;1,000;MESURE
2025-07-06 19:00:00+02:00;0,000;1,000;MESURE
2025-07-06 20:00:00+02:00;0,000;1,000;MESURE
2025-07-06 21:00:00+02:00;4218,000;1,000;MESURE
2025-07-06 22:00:00+02:00;4224,000;1,000;MESURE
2025-07-06 23:00:00+02:00;4209,000;1,000;MESURE
2025-07-07 00:00:00+02:00;4165,000;1,000;MESURE
2025-07-07 01:00:00+02:00;4193,000;1,000;MESURE
2025-07-07 02:00:00+02:00;4151,000;1,000;MESURE
2025-07-07 03:00:00+02:00;4247,000;1,000;MESURE
2025-07-07 04:00:00+02:00;4274,000;1,000;MESURE
2025-07-07 05:00:00+02:00;2537,000;1,000;MESURE
2025-07-07 06:00:00+02:00;0,000;1,000;MESURE
2025-07-07 07:00:00+02:00;0,000;1,000;MESURE
2025-07-07 08:00:00+02:00;0,000;1,000;MESURE
2025-07-07 09:00:00+02:00;0,000;1,000;MESURE
2025-07-07 10:00:00+02:00;0,000;1,000;MESURE
2025-07-07 11:00:00+02:00;0,000;1,000;MESURE
2025-07-07 12:00:00+02:00;0,000;1,000;MESURE
2025-07-07 13:00:00+02:00;0,000;1,000;MESURE
2025-07-07 14:00:00+02:00;0,000;1,000;MESURE
2025-07-07 15:00:00+02:00;0,000;1,000;MESURE
2025-07-07 16:00:00+02:00;0,000;1,000;MESURE
2025-07-07 17:00:00+02:00;0,000;1,000;MESURE
2025-07-07 18:00:00+02:00;0,000;1,000;MESURE
2025-07-07 19:00:00+02:00;0,000;1,000;MESURE
2025-07-07 20:00:00+02:00;0,000;1,000;MESURE
2025-07-07 21:00:00+02:00;4284,000;1,000;MESURE
2025-07-07 22:00:00+02:00;4220,000;1,000;MESURE
2025-07-07 23:00:00+02:00;4236,000;1,000;MESURE
2025-07-08 00:00:00+02:00;4243,000;1,000;MESURE
2025-07-08 01:00:00+02:00;4237,000;1,000;MESURE
2025-07-08 02:00:00+02:00;4237,000;1,000;MESURE
2025-07-08 03:00:00+02:00;4266,000;1,000;MESURE
2025-07-08 04:00:00+02:00;4261,000;1,000;MESURE
2025-07-08 05:00:00+02:00;2605,000;1,000;MESURE
2025-07-08 06:00:00+02:00;0,000;1,000;MESURE
2025-07-08 07:00:00+02:00;0,000;1,000;MESURE
2025-07-08 08:00:00+02:00;0,000;1,000;MESURE
2025-07-08 09:00:00+02:00;0,000;1,000;MESURE
2025-07-08 10:00:00+02:00;0,000;1,000;MESURE
2025-07-08 11:00:00+02:00;0,000;1,000;MESURE
2025-07-08 12:00:00+02:00;0,000;1,000;MESURE
2025-07-08 13:00:00+02:00;0,000;1,000;MESURE
2025-07-08 14:00:00+02:00;0,000;1,000;MESURE
2025-07-08 15:00:00+02:00;0,000;1,000;MESURE
2025-07-08 16:00:00+02:00;0,000;1,000;MESURE
2025-07-08 17:00:00+02:00;0,000;1,000;MESURE
2025-07-08 18:00:00+02:00;0,000;1,000;MESURE
2025-07-08 19:00:00+02:00;0,000;1,000;MESURE
2025-07-08 20:00:00+02:00;0,000;1,000;MESURE
2025-07-08 21:00:00+02:00;4068,000;1,000;MESURE
2025-07-08 22:00:00+02:00;4022,000;1,000;MESURE
2025-07-08 23:00:00+02:00;3956,000;1,000;MESURE
2025-07-09 00:00:00+02:00;3973,000;1,000;MESURE
2025-07-09 01:00:00+02:00;3988,000;1,000;MESURE
2025-07-09 02:00:00+02:00;4062,000;1,000;MESURE
2025-07-09 03:00:00+02:00;4002,000;1,000;MESURE
2025-07-09 04:00:00+02:00;4018,000;1,000;MESURE
2025-07-09 05:00:00+02:00;2521,000;1,000;MESURE
2025-07-09 06:00:00+02:00;0,000;1,000;MESURE
2025-07-09 07:00:00+02:00;0,000;1,000;MESURE
2025-07-09 08:00:00+02:00;0,000;1,000;MESURE
2025-07-09 09:00:00+02:00;0,000;1,000;MESURE
2025-07-09 10:00:00+02:00;0,000;1,000;MESURE
2025-07-09 11:00:00+02:00;0,000;1,000;MESURE
2025-07-09 12:00:00+02:00;0,000;1,000;MESURE
2025-07-09 13:00:00+02:00;0,000;1,000;MESURE
2025-07-09 14:00:00+02:00;0,000;1,000;MESURE
2025-07-09 15:00:00+02:00;0,000;1,000;MESURE
2025-07-09 16:00:00+02:00;0,000;1,000;MESURE
2025-07-09 17:00:00+02:00;0,000;1,000;MESURE
2025-07-09 18:00:00+02:00;0,000;1,000;MESURE
2025-07-09 19:00:00+02:00;0,000;1,000;MESURE
2025-07-09 20:00:00+02:00;0,000;1,000;MESURE
2025-07-09 21:00:00+02:00;4393,000;1,000;MESURE
2025-07-09 22:00:00+02:00;4244,000;1,000;MESURE
2025-07-09 23:00:00+02:00;4143,000;1,000;MESURE
2025-07-10 00:00:00+02:00;4146,000;1,000;MESURE
2025-07-10 01:00:00+02:00;4226,000;1,000;MESURE
2025-07-10 02:00:00+02:00;4235,000;1,000;MESURE
2025-07-10 03:00:00+02:00;4221,000;1,000;MESURE
2025-07-10 04:00:00+02:00;4244,000;1,000;MESURE
2025-07-10 05:00:00+02:00;2681,000;1,000;MESURE
2025-07-10 06:00:00+02:00;0,000;1,000;MESURE
2025-07-10 07:00:00+02:00;0,000;1,000;MESURE
2025-07-10 08:00:00+02:00;0,000;1,000;MESURE
2025-07-10 09:00:00+02:00;0,000;1,000;MESURE
2025-07-10 10:00:00+02:00;0,000;1,000;MESURE
2025-07-10 11:00:00+02:00;0,000;1,000;MESURE
2025-07-10 12:00:00+02:00;0,000;1,000;MESURE
2025-07-10 13:00:00+02:00;0,000;1,000;MESURE
2025-07-10 14:00:00+02:00;0,000;1,000;MESURE
2025-07-10 15:00:00+02:00;0,000;1,000;MESURE
2025-07-10 16:00:00+02:00;0,000;1,000;MESURE
2025-07-10 17:00:00+02:00;0,000;1,000;MESURE
2025-07-10 18:00:00+02:00;0,000;1,000;MESURE
2025-07-10 19:00:00+02:00;0,000;1,000;MESURE
2025-07-10 20:00:00+02:00;0,000;1,000;MESURE
2025-07-10 21:00:00+02:00;4348,000;1,000;MESURE
2025-07-10 22:00:00+02:00;4197,000;1,000;MESURE
2025-07-10 23:00:00+02:00;4202,000;1,000;MESURE
2025-07-11 00:00:00+02:00;4231,000;1,000;MESURE
2025-07-11 01:00:00+02:00;4236,000;1,000;MESURE
2025-07-11 02:00:00+02:00;4154,000;1,000;MESURE
2025-07-11 03:00:00+02:00;4162,000;1,000;MESURE
2025-07-11 04:00:00+02:00;4212,000;1,000;MESURE
2025-07-11 05:00:00+02:00;2761,000;1,000;MESURE
2025-07-11 06:00:00+02:00;0,000;1,000;MESURE
2025-07-11 07:00:00+02:00;0,000;1,000;MESURE
2025-07-11 08:00:00+02:00;0,000;1,000;MESURE
2025-07-11 09:00:00+02:00;0,000;1,000;MESURE
2025-07-11 10:00:00+02:00;0,000;1,000;MESURE
2025-07-11 11:00:00+02:00;0,000;1,000;MESURE
2025-07-11 12:00:00+02:00;0,000;1,000;MESURE
2025-07-11 13:00:00+02:00;0,000;1,000;MESURE
2025-07-11 14:00:00+02:00;0,000;1,000;MESURE
2025-07-11 15:00:00+02:00;0,000;1,000;MESURE
2025-07-11 16:00:00+02:00;0,000;1,000;MESURE
2025-07-11 17:00:00+02:00;0,000;1,000;MESURE
2025-07-11 18:00:00+02:00;0,000;1,000;MESURE
2025-07-11 19:00:00+02:00;0,000;1,000;MESURE
2025-07-11 20:00:00+02:00;0,000;1,000;MESURE
2025-07-11 21:00:00+02:00;4432,000;1,000;MESURE
2025-07-11 22:00:00+02:00;4218,000;1,000;MESURE
2025-07-11 23:00:00+02:00;4233,000;1,000;MESURE
2025-07-12 00:00:00+02:00;4237,000;1,000;MESURE
2025-07-12 01:00:00+02:00;4166,000;1,000;MESURE
2025-07-12 02:00:00+02:00;4175,000;1,000;MESURE
2025-07-12 03:00:00+02:00;4185,000;1,000;MESURE
2025-07-12 04:00:00+02:00;4198,000;1,000;MESURE
2025-07-12 05:00:00+02:00;2784,000;1,000;MESURE
2025-07-12 06:00:00+02:00;0,000;1,000;MESURE
2025-07-12 07:00:00+02:00;0,000;1,000;MESURE
2025-07-12 08:00:00+02:00;0,000;1,000;MESURE
2025-07-12 09:00:00+02:00;0,000;1,000;MESURE
2025-07-12 10:00:00+02:00;0,000;1,000;MESURE
2025-07-12 11:00:00+02:00;0,000;1,000;MESURE
2025-07-12 12:00:00+02:00;0,000;1,000;MESURE
2025-07-12 13:00:00+02:00;0,000;1,000;MESURE
2025-07-12 14:00:00+02:00;0,000;1,000;MESURE
2025-07-12 15:00:00+02:00;0,000;1,000;MESURE
2025-07-12 16:00:00+02:00;0,000;1,000;MESURE
2025-07-12 17:00:00+02:00;0,000;1,000;MESURE
2025-07-12 18:00:00+02:00;0,000;1,000;MESURE
2025-07-12 19:00:00+02:00;0,000;1,000;MESURE
2025-07-12 20:00:00+02:00;0,000;1,000;MESURE
2025-07-12 21:00:00+02:00;4532,000;1,000;MESURE
2025-07-12 22:00:00+02:00;4217,000;1,000;MESURE
2025-07-12 23:00:00+02:00;4227,000;1,000;MESURE
2025-07-13 00:00:00+02:00;4193,000;1,000;MESURE
2025-07-13 01:00:00+02:00;4170,000;1,000;MESURE
2025-07-13 02:00:00+02:00;4181,000;1,000;MESURE
2025-07-13 03:00:00+02:00;4197,000;1,000;MESURE
2025-07-13 04:00:00+02:00;4198,000;1,000;MESURE
2025-07-13 05:00:00+02:00;2875,000;1,000;MESURE
2025-07-13 06:00:00+02:00;0,000;1,000;MESURE
2025-07-13 07:00:00+02:00;0,000;1,000;MESURE
2025-07-13 08:00:00+02:00;0,000;1,000;MESURE
2025-07-13 09:00:00+02:00;0,000;1,000;MESURE
2025-07-13 10:00:00+02:00;0,000;1,000;MESURE
2025-07-13 11:00:00+02:00;0,000;1,000;MESURE
2025-07-13 12:00:00+02:00;0,000;1,000;MESURE
2025-07-13 13:00:00+02:00;0,000;1,000;MESURE
2025-07-13 14:00:00+02:00;0,000;1,000;MESURE
2025-07-13 15:00:00+02:00;0,000;1,000;MESURE
2025-07-13 16:00:00+02:00;0,000;1,000;MESURE
2025-07-13 17:00:00+02:00;0,000;1,000;MESURE
2025-07-13 18:00:00+02:00;0,000;1,000;MESURE
2025-07-13 19:00:00+02:00;0,000;1,000;MESURE
2025-07-13 20:00:00+02:00;0,000;1,000;MESURE
2025-07-13 21:00:00+02:00;4595,000;1,000;MESURE
2025-07-13 22:00:00+02:00;4206,000;1,000;MESURE
2025-07-13 23:00:00+02:00;4223,000;1,000;MESURE
2025-07-14 00:00:00+02:00;4211,000;1,000;MESURE
2025-07-14 01:00:00+02:00;4185,000;1,000;MESURE
2025-07-14 02:00:00+02:00;4167,000;1,000;MESURE
2025-07-14 03:00:00+02:00;4158,000;1,000;MESURE
2025-07-14 04:00:00+02:00;4158,000;1,000;MESURE
2025-07-14 05:00:00+02:00;2991,000;1,000;MESURE
2025-07-14 06:00:00+02:00;0,000;1,000;MESURE
2025-07-14 07:00:00+02:00;0,000;1,000;MESURE
2025-07-14 08:00:00+02:00;0,000;1,000;MESURE
2025-07-14 09:00:00+02:00;0,000;1,000;MESURE
2025-07-14 10:00:00+02:00;0,000;1,000;MESURE
2025-07-14 11:00:00+02:00;0,000;1,000;MESURE
2025-07-14 12:00:00+02:00;0,000;1,000;MESURE
2025-07-14 13:00:00+02:00;0,000;1,000;MESURE
2025-07-14 14:00:00+02:00;0,000;1,000;MESURE
2025-07-14 15:00:00+02:00;0,000;1,000;MESURE
2025-07-14 16:00:00+02:00;0,000;1,000;MESURE
2025-07-14 17:00:00+02:00;0,000;1,000;MESURE
2025-07-14 18:00:00+02:00;0,000;1,000;MESURE
2025-07-14 19:00:00+02:00;0,000;1,000;MESURE
2025-07-14 20:00:00+02:00;0,000;1,000;MESURE
2025-07-14 21:00:00+02:00;4624,000;1,000;MESURE
2025-07-14 22:00:00+02:00;4237,000;1,000;MESURE
2025-07-14 23:00:00+02:00;4243,000;1,000;MESURE
2025-07-15 00:00:00+02:00;4264,000;1,000;MESURE
2025-07-15 01:00:00+02:00;4273,000;1,000;MESURE
2025-07-15 02:00:00+02:00;4269,000;1,000;MESURE
2025-07-15 03:00:00+02:00;4278,000;1,000;MESURE
2025-07-15 04:00:00+02:00;4265,000;1,000;MESURE
2025-07-15 05:00:00+02:00;3073,000;1,000;MESURE
2025-07-15 06:00:00+02:00;0,000;1,000;MESURE
2025-07-15 07:00:00+02:00;0,000;1,000;MESURE
2025-07-15 08:00:00+02:00;0,000;1,000;MESURE
2025-07-15 09:00:00+02:00;0,000;1,000;MESURE
2025-07-15 10:00:00+02:00;0,000;1,000;MESURE
2025-07-15 11:00:00+02:00;0,000;1,000;MESURE
2025-07-15 12:00:00+02:00;0,000;1,000;MESURE
2025-07-15 13:00:00+02:00;0,000;1,000;MESURE
2025-07-15 14:00:00+02:00;0,000;1,000;MESURE
2025-07-15 15:00:00+02:00;0,000;1,000;MESURE
2025-07-15 16:00:00+02:00;0,000;1,000;MESURE
2025-07-15 17:00:00+02:00;0,000;1,000;MESURE
2025-07-15 18:00:00+02:00;0,000;1,000;MESURE
2025-07-15 19:00:00+02:00;0,000;1,000;MESURE
2025-07-15 20:00:00+02:00;33,000;1,000;MESURE
2025-07-15 21:00:00+02:00;4680,000;1,000;MESURE
2025-07-15 22:00:00+02:00;4258,000;1,000;MESURE
2025-07-15 23:00:00+02:00;4195,000;1,000;MESURE
2025-07-16 00:00:00+02:00;4261,000;1,000;MESURE
2025-07-16 01:00:00+02:00;4257,000;1,000;MESURE
2025-07-16 02:00:00+02:00;4236,000;1,000;MESURE
2025-07-16 03:00:00+02:00;4249,000;1,000;MESURE
2025-07-16 04:00:00+02:00;4249,000;1,000;MESURE
2025-07-16 05:00:00+02:00;3123,000;1,000;MESURE
2025-07-16 06:00:00+02:00;0,000;1,000;MESURE
2025-07-16 07:00:00+02:00;0,000;1,000;MESURE
2025-07-16 08:00:00+02:00;0,000;1,000;MESURE
2025-07-16 09:00:00+02:00;0,000;1,000;MESURE
2025-07-16 10:00:00+02:00;0,000;1,000;MESURE
2025-07-16 11:00:00+02:00;0,000;1,000;MESURE
2025-07-16 12:00:00+02:00;0,000;1,000;MESURE
2025-07-16 13:00:00+02:00;0,000;1,000;MESURE
2025-07-16 14:00:00+02:00;0,000;1,000;MESURE
2025-07-16 15:00:00+02:00;0,000;1,000;MESURE
2025-07-16 16:00:00+02:00;0,000;1,000;MESURE
2025-07-16 17:00:00+02:00;0,000;1,000;MESURE
2025-07-16 18:00:00+02:00;0,000;1,000;MESURE
2025-07-16 19:00:00+02:00;0,000;1,000;MESURE
2025-07-16 20:00:00+02:00;102,000;1,000;MESURE
2025-07-16 21:00:00+02:00;4644,000;1,000;MESURE
2025-07-16 22:00:00+02:00;4215,000;1,000;MESURE
2025-07-16 23:00:00+02:00;4224,000;1,000;MESURE
2025-07-17 00:00:00+02:00;4254,000;1,000;MESURE
2025-07-17 01:00:00+02:00;4253,000;1,000;MESURE
2025-07-17 02:00:00+02:00;4148,000;1,000;MESURE
2025-07-17 03:00:00+02:00;4189,000;1,000;MESURE
2025-07-17 04:00:00+02:00;4251,000;1,000;MESURE
2025-07-17 05:00:00+02:00;3237,000;1,000;MESURE
2025-07-17 06:00:00+02:00;0,000;1,000;MESURE
2025-07-17 07:00:00+02:00;0,000;1,000;MESURE
2025-07-17 08:00:00+02:00;0,000;1,000;MESURE
2025-07-17 09:00:00+02:00;0,000;1,000;MESURE
2025-07-17 10:00:00+02:00;0,000;1,000;MESURE
2025-07-17 11:00:00+02:00;0,000;1,000;MESURE
2025-07-17 12:00:00+02:00;0,000;1,000;MESURE
2025-07-17 13:00:00+02:00;0,000;1,000;MESURE
2025-07-17 14:00:00+02:00;0,000;1,000;MESURE
2025-07-17 15:00:00+02:00;0,000;1,000;MESURE
2025-07-17 16:00:00+02:00;0,000;1,000;MESURE
2025-07-17 17:00:00+02:00;0,000;1,000;MESURE
2025-07-17 18:00:00+02:00;0,000;1,000;MESURE
2025-07-17 19:00:00+02:00;0,000;1,000;MESURE
2025-07-17 20:00:00+02:00;183,000;1,000;MESURE
2025-07-17 21:00:00+02:00;4602,000;1,000;MESURE
2025-07-17 22:00:00+02:00;4185,000;1,000;MESURE
2025-07-17 23:00:00+02:00;4208,000;1,000;MESURE
2025-07-18 00:00:00+02:00;4244,000;1,000;MESURE
2025-07-18 01:00:00+02:00;4241,000;1,000;MESURE
2025-07-18 02:00:00+02:00;4244,000;1,000;MESURE
2025-07-18 03:00:00+02:00;4165,000;1,000;MESURE
2025-07-18 04:00:00+02:00;4157,000;1,000;MESURE
2025-07-18 05:00:00+02:00;3254,000;1,000;MESURE
2025-07-18 06:00:00+02:00;0,000;1,000;MESURE
2025-07-18 07:00:00+02:00;0,000;1,000;MESURE
2025-07-18 08:00:00+02:00;0,000;1,000;MESURE
2025-07-18 09:00:00+02:00;0,000;1,000;MESURE
2025-07-18 10:00:00+02:00;0,000;1,000;MESURE
2025-07-18 11:00:00+02:00;0,000;1,000;MESURE
2025-07-18 12:00:00+02:00;0,000;1,000;MESURE
2025-07-18 13:00:00+02:00;0,000;1,000;MESURE
2025-07-18 14:00:00+02:00;0,000;1,000;MESURE
2025-07-18 15:00:00+02:00;0,000;1,000;MESURE
2025-07-18 16:00:00+02:00;0,000;1,000;MESURE
2025-07-18 17:00:00+02:00;0,000;1,000;MESURE
2025-07-18 18:00:00+02:00;0,000;1,000;MESURE
2025-07-18 19:00:00+02:00;0,000;1,000;MESURE
2025-07-18 20:00:00+02:00;254,000;1,000;MESURE
2025-07-18 21:00:00+02:00;4626,000;1,000;MESURE
2025-07-18 22:00:00+02:00;4206,000;1,000;MESURE
2025-07-18 23:00:00+02:00;4211,000;1,000;MESURE
2025-07-19 00:00:00+02:00;4248,000;1,000;MESURE
2025-07-19 01:00:00+02:00;4263,000;1,000;MESURE
2025-07-19 02:00:00+02:00;4263,000;1,000;MESURE
2025-07-19 03:00:00+02:00;4189,000;1,000;MESURE
2025-07-19 04:00:00+02:00;4246,000;1,000;MESURE
2025-07-19 05:00:00+02:00;3437,000;1,000;MESURE
2025-07-19 06:00:00+02:00;0,000;1,000;MESURE
2025-07-19 07:00:00+02:00;0,000;1,000;MESURE
2025-07-19 08:00:00+02:00;0,000;1,000;MESURE
2025-07-19 09:00:00+02:00;0,000;1,000;MESURE
2025-07-19 10:00:00+02:00;0,000;1,000;MESURE
2025-07-19 11:00:00+02:00;0,000;1,000;MESURE
2025-07-19 12:00:00+02:00;0,000;1,000;MESURE
2025-07-19 13:00:00+02:00;0,000;1,000;MESURE
2025-07-19 14:00:00+02:00;0,000;1,000;MESURE
2025-07-19 15:00:00+02:00;0,000;1,000;MESURE
2025-07-19 16:00:00+02:00;0,000;1,000;MESURE
2025-07-19 17:00:00+02:00;0,000;1,000;MESURE
2025-07-19 18:00:00+02:00;0,000;1,000;MESURE
2025-07-19 19:00:00+02:00;0,000;1,000;MESURE
2025-07-19 20:00:00+02:00;344,000;1,000;MESURE
2025-07-19 21:00:00+02:00;4660,000;1,000;MESURE
2025-07-19 22:00:00+02:00;4234,000;1,000;MESURE
2025-07-19 23:00:00+02:00;4203,000;1,000;MESURE
2025-07-20 00:00:00+02:00;4153,000;1,000;MESURE
2025-07-20 01:00:00+02:00;4258,000;1,000;MESURE
2025-07-20 02:00:00+02:00;4229,000;1,000;MESURE
2025-07-20 03:00:00+02:00;4184,000;1,000;MESURE
2025-07-20 04:00:00+02:00;4188,000;1,000;MESURE
2025-07-20 05:00:00+02:00;3505,000;1,000;MESURE
2025-07-20 06:00:00+02:00;0,000;1,000;MESURE
2025-07-20 07:00:00+02:00;0,000;1,000;MESURE
2025-07-20 08:00:00+02:00;0,000;1,000;MESURE
2025-07-20 09:00:00+02:00;0,000;1,000;MESURE
2025-07-20 10:00:00+02:00;0,000;1,000;MESURE
2025-07-20 11:00:00+02:00;0,000;1,000;MESURE
2025-07-20 12:00:00+02:00;0,000;1,000;MESURE
2025-07-20 13:00:00+02:00;0,000;1,000;MESURE
2025-07-20 14:00:00+02:00;0,000;1,000;MESURE
2025-07-20 15:00:00+02:00;0,000;1,000;MESURE
2025-07-20 16:00:00+02:00;0,000;1,000;MESURE
2025-07-20 17:00:00+02:00;0,000;1,000;MESURE
2025-07-20 18:00:00+02:00;0,000;1,000;MESURE
2025-07-20 19:00:00+02:00;0,000;1,000;MESURE
2025-07-20 20:00:00+02:00;413,000;1,000;MESURE
2025-07-20 21:00:00+02:00;4650,000;1,000;MESURE
2025-07-20 22:00:00+02:00;4230,000;1,000;MESURE
2025-07-20 23:00:00+02:00;4236,000;1,000;MESURE
2025-07-21 00:00:00+02:00;4232,000;1,000;MESURE
2025-07-21 01:00:00+02:00;4251,000;1,000;MESURE
2025-07-21 02:00:00+02:00;4256,000;1,000;MESURE
2025-07-21 03:00:00+02:00;4270,000;1,000;MESURE
2025-07-21 04:00:00+02:00;4259,000;1,000;MESURE
2025-07-21 05:00:00+02:00;3631,000;1,000;MESURE
2025-07-21 06:00:00+02:00;0,000;1,000;MESURE
2025-07-21 07:00:00+02:00;0,000;1,000;MESURE
2025-07-21 08:00:00+02:00;0,000;1,000;MESURE
2025-07-21 09:00:00+02:00;0,000;1,000;MESURE
2025-07-21 10:00:00+02:00;0,000;1,000;MESURE
2025-07-21 11:00:00+02:00;0,000;1,000;MESURE
2025-07-21 12:00:00+02:00;0,000;1,000;MESURE
2025-07-21 13:00:00+02:00;0,000;1,000;MESURE
2025-07-21 14:00:00+02:00;0,000;1,000;MESURE
2025-07-21 15:00:00+02:00;0,000;1,000;MESURE
2025-07-21 16:00:00+02:00;0,000;1,000;MESURE
2025-07-21 17:00:00+02:00;0,000;1,000;MESURE
2025-07-21 18:00:00+02:00;0,000;1,000;MESURE
2025-07-21 19:00:00+02:00;0,000;1,000;MESURE
2025-07-21 20:00:00+02:00;504,000;1,000;MESURE
2025-07-21 21:00:00+02:00;4684,000;1,000;MESURE
2025-07-21 22:00:00+02:00;4270,000;1,000;MESURE
2025-07-21 23:00:00+02:00;4151,000;1,000;MESURE
2025-07-22 00:00:00+02:00;4212,000;1,000;MESURE
2025-07-22 01:00:00+02:00;4174,000;1,000;MESURE
2025-07-22 02:00:00+02:00;4266,000;1,000;MESURE
2025-07-22 03:00:00+02:00;4266,000;1,000;MESURE
2025-07-22 04:00:00+02:00;4175,000;1,000;MESURE
2025-07-22 05:00:00+02:00;3635,000;1,000;MESURE
2025-07-22 06:00:00+02:00;0,000;1,000;MESURE
2025-07-22 07:00:00+02:00;0,000;1,000;MESURE
2025-07-22 08:00:00+02:00;0,000;1,000;MESURE
2025-07-22 09:00:00+02:00;0,000;1,000;MESURE
2025-07-22 10:00:00+02:00;0,000;1,000;MESURE
2025-07-22 11:00:00+02:00;0,000;1,000;MESURE
2025-07-22 12:00:00+02:00;0,000;1,000;MESURE
2025-07-22 13:00:00+02:00;0,000;1,000;MESURE
2025-07-22 14:00:00+02:00;0,000;1,000;MESURE
2025-07-22 15:00:00+02:00;0,000;1,000;MESURE
2025-07-22 16:00:00+02:00;0,000;1,000;MESURE
2025-07-22 17:00:00+02:00;0,000;1,000;MESURE
2025-07-22 18:00:00+02:00;0,000;1,000;MESURE
2025-07-22 19:00:00+02:00;0,000;1,000;MESURE
2025-07-22 20:00:00+02:00;577,000;1,000;MESURE
2025-07-22 21:00:00+02:00;4677,000;1,000;MESURE
2025-07-22 22:00:00+02:00;4171,000;1,000;MESURE
2025-07-22 23:00:00+02:00;4220,000;1,000;MESURE
2025-07-23 00:00:00+02:00;4182,000;1,000;MESURE
2025-07-23 01:00:00+02:00;4172,000;1,000;MESURE
2025-07-23 02:00:00+02:00;4153,000;1,000;MESURE
2025-07-23 03:00:00+02:00;4162,000;1,000;MESURE
2025-07-23 04:00:00+02:00;4184,000;1,000;MESURE
2025-07-23 05:00:00+02:00;3718,000;1,000;MESURE
2025-07-23 06:00:00+02:00;0,000;1,000;MESURE
2025-07-23 07:00:00+02:00;0,000;1,000;MESURE
2025-07-23 08:00:00+02:00;0,000;1,000;MESURE
2025-07-23 09:00:00+02:00;0,000;1,000;MESURE
2025-07-23 10:00:00+02:00;0,000;1,000;MESURE
2025-07-23 11:00:00+02:00;0,000;1,000;MESURE
2025-07-23 12:00:00+02:00;0,000;1,000;MESURE
2025-07-23 13:00:00+02:00;0,000;1,000;MESURE
2025-07-23 14:00:00+02:00;0,000;1,000;MESURE
2025-07-23 15:00:00+02:00;0,000;1,000;MESURE
2025-07-23 16:00:00+02:00;0,000;1,000;MESURE
2025-07-23 17:00:00+02:00;0,000;1,000;MESURE
2025-07-23 18:00:00+02:00;0,000;1,000;MESURE
2025-07-23 19:00:00+02:00;0,000;1,000;MESURE
2025-07-23 20:00:00+02:00;644,000;1,000;MESURE
2025-07-23 21:00:00+02:00;4663,000;1,000;MESURE
2025-07-23 22:00:00+02:00;4235,000;1,000;MESURE
2025-07-23 23:00:00+02:00;4235,000;1,000;MESURE
2025-07-24 00:00:00+02:00;4242,000;1,000;MESURE
2025-07-24 01:00:00+02:00;4250,000;1,000;MESURE
2025-07-24 02:00:00+02:00;4253,000;1,000;MESURE
2025-07-24 03:00:00+02:00;4265,000;1,000;MESURE
2025-07-24 04:00:00+02:00;4189,000;1,000;MESURE
2025-07-24 05:00:00+02:00;3864,000;1,000;MESURE
2025-07-24 06:00:00+02:00;0,000;1,000;MESURE
2025-07-24 07:00:00+02:00;0,000;1,000;MESURE
2025-07-24 08:00:00+02:00;0,000;1,000;MESURE
2025-07-24 09:00:00+02:00;0,000;1,000;MESURE
2025-07-24 10:00:00+02:00;0,000;1,000;MESURE
2025-07-24 11:00:00+02:00;0,000;1,000;MESURE
2025-07-24 12:00:00+02:00;0,000;1,000;MESURE
2025-07-24 13:00:00+02:00;0,000;1,000;MESURE
2025-07-24 14:00:00+02:00;0,000;1,000;MESURE
2025-07-24 15:00:00+02:00;0,000;1,000;MESURE
2025-07-24 16:00:00+02:00;0,000;1,000;MESURE
2025-07-24 17:00:00+02:00;0,000;1,000;MESURE
2025-07-24 18:00:00+02:00;0,000;1,000;MESURE
2025-07-24 19:00:00+02:00;0,000;1,000;MESURE
2025-07-24 20:00:00+02:00;732,000;1,000;MESURE
2025-07-24 21:00:00+02:00;4656,000;1,000;MESURE
2025-07-24 22:00:00+02:00;4226,000;1,000;MESURE
2025-07-24 23:00:00+02:00;4236,000;1,000;MESURE
2025-07-25 00:00:00+02:00;4230,000;1,000;MESURE
2025-07-25 01:00:00+02:00;4160,000;1,000;MESURE
2025-07-25 02:00:00+02:00;4154,000;1,000;MESURE
2025-07-25 03:00:00+02:00;4184,000;1,000;MESURE
2025-07-25 04:00:00+02:00;4173,000;1,000;MESURE
2025-07-25 05:00:00+02:00;3880,000;1,000;MESURE
2025-07-25 06:00:00+02:00;0,000;1,000;MESURE
2025-07-25 07:00:00+02:00;0,000;1,000;MESURE
2025-07-25 08:00:00+02:00;0,000;1,000;MESURE
2025-07-25 09:00:00+02:00;0,000;1,000;MESURE
2025-07-25 10:00:00+02:00;0,000;1,000;MESURE
2025-07-25 11:00:00+02:00;0,000;1,000;MESURE
2025-07-25 12:00:00+02:00;0,000;1,000;MESURE
2025-07-25 13:00:00+02:00;0,000;1,000;MESURE
2025-07-25 14:00:00+02:00;0,000;1,000;MESURE
2025-07-25 15:00:00+02:00;0,000;1,000;MESURE
2025-07-25 16:00:00+02:00;0,000;1,000;MESURE
2025-07-25 17:00:00+02:00;0,000;1,000;MESURE
2025-07-25 18:00:00+02:00;0,000;1,000;MESURE
2025-07-25 19:00:00+02:00;0,000;1,000;MESURE
2025-07-25 20:00:00+02:00;794,000;1,000;MESURE
2025-07-25 21:00:00+02:00;4663,000;1,000;MESURE
2025-07-25 22:00:00+02:00;4236,000;1,000;MESURE
2025-07-25 23:00:00+02:00;4229,000;1,000;MESURE
2025-07-26 00:00:00+02:00;4254,000;1,000;MESURE
2025-07-26 01:00:00+02:00;4154,000;1,000;MESURE
2025-07-26 02:00:00+02:00;4171,000;1,000;MESURE
2025-07-26 03:00:00+02:00;4217,000;1,000;MESURE
2025-07-26 04:00:00+02:00;4227,000;1,000;MESURE
2025-07-26 05:00:00+02:00;4074,000;1,000;MESURE
2025-07-26 06:00:00+02:00;0,000;1,000;MESURE
2025-07-26 07:00:00+02:00;0,000;1,000;MESURE
2025-07-26 08:00:00+02:00;0,000;1,000;MESURE
2025-07-26 09:00:00+02:00;0,000;1,000;MESURE
2025-07-26 10:00:00+02:00;0,000;1,000;MESURE
2025-07-26 11:00:00+02:00;0,000;1,000;MESURE
2025-07-26 12:00:00+02:00;0,000;1,000;MESURE
2025-07-26 13:00:00+02:00;0,000;1,000;MESURE
2025-07-26 14:00:00+02:00;0,000;1,000;MESURE
2025-07-26 15:00:00+02:00;0,000;1,000;MESURE
2025-07-26 16:00:00+02:00;0,000;1,000;MESURE
2025-07-26 17:00:00+02:00;0,000;1,000;MESURE
2025-07-26 18:00:00+02:00;0,000;1,000;MESURE
2025-07-26 19:00:00+02:00;0,000;1,000;MESURE
2025-07-26 20:00:00+02:00;966,000;1,000;MESURE
2025-07-26 21:00:00+02:00;4777,000;1,000;MESURE
2025-07-26 22:00:00+02:00;4333,000;1,000;MESURE
2025-07-26 23:00:00+02:00;4302,000;1,000;MESURE
2025-07-27 00:00:00+02:00;4353,000;1,000;MESURE
2025-07-27 01:00:00+02:00;4357,000;1,000;MESURE
2025-07-27 02:00:00+02:00;4368,000;1,000;MESURE
2025-07-27 03:00:00+02:00;4380,000;1,000;MESURE
2025-07-27 04:00:00+02:00;4390,000;1,000;MESURE
2025-07-27 05:00:00+02:00;4295,000;1,000;MESURE
2025-07-27 06:00:00+02:00;0,000;1,000;MESURE
2025-07-27 07:00:00+02:00;0,000;1,000;MESURE
2025-07-27 08:00:00+02:00;0,000;1,000;MESURE
2025-07-27 09:00:00+02:00;0,000;1,000;MESURE
2025-07-27 10:00:00+02:00;0,000;1,000;MESURE
2025-07-27 11:00:00+02:00;0,000;1,000;MESURE
2025-07-27 12:00:00+02:00;0,000;1,000;MESURE
2025-07-27 13:00:00+02:00;0,000;1,000;MESURE
2025-07-27 14:00:00+02:00;0,000;1,000;MESURE
2025-07-27 15:00:00+02:00;0,000;1,000;MESURE
2025-07-27 16:00:00+02:00;0,000;1,000;MESURE
2025-07-27 17:00:00+02:00;0,000;1,000;MESURE
2025-07-27 18:00:00+02:00;0,000;1,000;MESURE
2025-07-27 19:00:00+02:00;0,000;1,000;MESURE
2025-07-27 20:00:00+02:00;1060,000;1,000;MESURE
2025-07-27 21:00:00+02:00;4747,000;1,000;MESURE
2025-07-27 22:00:00+02:00;4334,000;1,000;MESURE
2025-07-27 23:00:00+02:00;4325,000;1,000;MESURE
2025-07-28 00:00:00+02:00;4359,000;1,000;MESURE
2025-07-28 01:00:00+02:00;4374,000;1,000;MESURE
2025-07-28 02:00:00+02:00;4348,000;1,000;MESURE
2025-07-28 03:00:00+02:00;4392,000;1,000;MESURE
2025-07-28 04:00:00+02:00;4384,000;1,000;MESURE
2025-07-28 05:00:00+02:00;4393,000;1,000;MESURE
2025-07-28 06:00:00+02:00;0,000;1,000;MESURE
2025-07-28 07:00:00+02:00;0,000;1,000;MESURE
2025-07-28 08:00:00+02:00;0,000;1,000;MESURE
2025-07-28 09:00:00+02:00;0,000;1,000;MESURE
2025-07-28 10:00:00+02:00;0,000;1,000;MESURE
2025-07-28 11:00:00+02:00;0,000;1,000;MESURE
2025-07-28 12:00:00+02:00;0,000;1,000;MESURE
2025-07-28 13:00:00+02:00;0,000;1,000;MESURE
2025-07-28 14:00:00+02:00;0,000;1,000;MESURE
2025-07-28 15:00:00+02:00;0,000;1,000;MESURE
2025-07-28 16:00:00+02:00;0,000;1,000;MESURE
2025-07-28 17:00:00+02:00;0,000;1,000;MESURE
2025-07-28 18:00:00+02:00;0,000;1,000;MESURE
2025-07-28 19:00:00+02:00;0,000;1,000;MESURE
2025-07-28 20:00:00+02:00;1110,000;1,000;MESURE
2025-07-28 21:00:00+02:00;4652,000;1,000;MESURE
2025-07-28 22:00:00+02:00;4218,000;1,000;MESURE
2025-07-28 23:00:00+02:00;4197,000;1,000;MESURE
2025-07-29 00:00:00+02:00;4201,000;1,000;MESURE
2025-07-29 01:00:00+02:00;4204,000;1,000;MESURE
2025-07-29 02:00:00+02:00;4205,000;1,000;MESURE
2025-07-29 03:00:00+02:00;4217,000;1,000;MESURE
2025-07-29 04:00:00+02:00;4229,000;1,000;MESURE
2025-07-29 05:00:00+02:00;4332,000;1,000;MESURE
2025-07-29 06:00:00+02:00;0,000;1,000;MESURE
2025-07-29 07:00:00+02:00;0,000;1,000;MESURE
2025-07-29 08:00:00+02:00;0,000;1,000;MESURE
2025-07-29 09:00:00+02:00;0,000;1,000;MESURE
2025-07-29 10:00:00+02:00;0,000;1,000;MESURE
2025-07-29 11:00:00+02:00;0,000;1,000;MESURE
2025-07-29 12:00:00+02:00;0,000;1,000;MESURE
2025-07-29 13:00:00+02:00;0,000;1,000;MESURE
2025-07-29 14:00:00+02:00;0,000;1,000;MESURE
2025-07-29 15:00:00+02:00;0,000;1,000;MESURE
2025-07-29 16:00:00+02:00;0,000;1,000;MESURE
2025-07-29 17:00:00+02:00;0,000;1,000;MESURE
2025-07-29 18:00:00+02:00;0,000;1,000;MESURE
2025-07-29 19:00:00+02:00;0,000;1,000;MESURE
2025-07-29 20:00:00+02:00;1213,000;1,000;MESURE
2025-07-29 21:00:00+02:00;4762,000;1,000;MESURE
2025-07-29 22:00:00+02:00;4344,000;1,000;MESURE
2025-07-29 23:00:00+02:00;4356,000;1,000;MESURE
2025-07-30 00:00:00+02:00;4401,000;1,000;MESURE
2025-07-30 01:00:00+02:00;4420,000;1,000;MESURE
2025-07-30 02:00:00+02:00;4395,000;1,000;MESURE
2025-07-30 03:00:00+02:00;4401,000;1,000;MESURE
2025-07-30 04:00:00+02:00;4400,000;1,000;MESURE
2025-07-30 05:00:00+02:00;4625,000;1,000;MESURE
2025-07-30 06:00:00+02:00;0,000;1,000;MESURE
2025-07-30 07:00:00+02:00;0,000;1,000;MESURE
2025-07-30 08:00:00+02:00;0,000;1,000;MESURE
2025-07-30 09:00:00+02:00;0,000;1,000;MESURE
2025-07-30 10:00:00+02:00;0,000;1,000;MESURE
2025-07-30 11:00:00+02:00;0,000;1,000;MESURE
2025-07-30 12:00:00+02:00;0,000;1,000;MESURE
2025-07-30 13:00:00+02:00;0,000;1,000;MESURE
2025-07-30 14:00:00+02:00;0,000;1,000;MESURE
2025-07-30 15:00:00+02:00;0,000;1,000;MESURE
2025-07-30 16:00:00+02:00;0,000;1,000;MESURE
2025-07-30 17:00:00+02:00;0,000;1,000;MESURE
2025-07-30 18:00:00+02:00;0,000;1,000;MESURE
2025-07-30 19:00:00+02:00;0,000;1,000;MESURE
2025-07-30 20:00:00+02:00;1377,000;1,000;MESURE
2025-07-30 21:00:00+02:00;4719,000;1,000;MESURE
2025-07-30 22:00:00+02:00;4283,000;1,000;MESURE
2025-07-30 23:00:00+02:00;4317,000;1,000;MESURE
2025-07-31 00:00:00+02:00;4329,000;1,000;MESURE
2025-07-31 01:00:00+02:00;4320,000;1,000;MESURE
2025-07-31 02:00:00+02:00;4302,000;1,000;MESURE
2025-07-31 03:00:00+02:00;4326,000;1,000;MESURE
2025-07-31 04:00:00+02:00;4345,000;1,000;MESURE
2025-07-31 05:00:00+02:00;4653,000;1,000;MESURE
2025-07-31 06:00:00+02:00;0,000;1,000;MESURE
2025-07-31 07:00:00+02:00;0,000;1,000;MESURE
2025-07-31 08:00:00+02:00;0,000;1,000;MESURE
2025-07-31 09:00:00+02:00;0,000;1,000;MESURE
2025-07-31 10:00:00+02:00;0,000;1,000;MESURE
2025-07-31 11:00:00+02:00;0,000;1,000;MESURE
2025-07-31 12:00:00+02:00;0,000;1,000;MESURE
2025-07-31 13:00:00+02:00;0,000;1,000;MESURE
2025-07-31 14:00:00+02:00;0,000;1,000;MESURE
2025-07-31 15:00:00+02:00;0,000;1,000;MESURE
2025-07-31 16:00:00+02:00;0,000;1,000;MESURE
2025-07-31 17:00:00+02:00;0,000;1,000;MESURE
2025-07-31 18:00:00+02:00;0,000;1,000;MESURE
2025-07-31 19:00:00+02:00;0,000;1,000;MESURE
2025-07-31 20:00:00+02:00;1471,000;1,000;MESURE
2025-07-31 21:00:00+02:00;4813,000;1,000;MESURE
2025-07-31 22:00:00+02:00;4273,000;1,000;MESURE
2025-07-31 23:00:00+02:00;4297,000;1,000;MESURE
2025-08-01 00:00:00+02:00;4313,000;1,000;MESURE
2025-08-01 01:00:00+02:00;4328,000;1,000;MESURE
2025-08-01 02:00:00+02:00;4326,000;1,000;MESURE
2025-08-01 03:00:00+02:00;4345,000;1,000;MESURE
2025-08-01 04:00:00+02:00;4350,000;1,000;MESURE
2025-08-01 05:00:00+02:00;4725,000;1,000;MESURE
2025-08-01 06:00:00+02:00;0,000;1,000;MESURE
2025-08-01 07:00:00+02:00;0,000;1,000;MESURE
2025-08-01 08:00:00+02:00;0,000;1,000;MESURE
2025-08-01 09:00:00+02:00;0,000;1,000;MESURE
2025-08-01 10:00:00+02:00;0,000;1,000;MESURE
2025-08-01 11:00:00+02:00;0,000;1,000;MESURE
2025-08-01 12:00:00+02:00;0,000;1,000;MESURE
2025-08-01 13:00:00+02:00;0,000;1,000;MESURE
2025-08-01 14:00:00+02:00;0,000;1,000;MESURE
2025-08-01 15:00:00+02:00;0,000;1,000;MESURE
2025-08-01 16:00:00+02:00;0,000;1,000;MESURE
2025-08-01 17:00:00+02:00;0,000;1,000;MESURE
2025-08-01 18:00:00+02:00;0,000;1,000;MESURE
2025-08-01 19:00:00+02:00;0,000;1,000;MESURE
2025-08-01 20:00:00+02:00;1510,000;1,000;MESURE
2025-08-01 21:00:00+02:00;4698,000;1,000;MESURE
2025-08-01 22:00:00+02:00;4275,000;1,000;MESURE
2025-08-01 23:00:00+02:00;4265,000;1,000;MESURE
2025-08-02 00:00:00+02:00;4278,000;1,000;MESURE
2025-08-02 01:00:00+02:00;4292,000;1,000;MESURE
2025-08-02 02:00:00+02:00;4304,000;1,000;MESURE
2025-08-02 03:00:00+02:00;4333,000;1,000;MESURE
2025-08-02 04:00:00+02:00;4326,000;1,000;MESURE
2025-08-02 05:00:00+02:00;4747,000;1,000;MESURE
2025-08-02 06:00:00+02:00;28,000;1,000;MESURE
2025-08-02 07:00:00+02:00;0,000;1,000;MESURE
2025-08-02 08:00:00+02:00;0,000;1,000;MESURE
2025-08-02 09:00:00+02:00;0,000;1,000;MESURE
2025-08-02 10:00:00+02:00;0,000;1,000;MESURE
2025-08-02 11:00:00+02:00;0,000;1,000;MESURE
2025-08-02 12:00:00+02:00;0,000;1,000;MESURE
2025-08-02 13:00:00+02:00;0,000;1,000;MESURE
2025-08-02 14:00:00+02:00;0,000;1,000;MESURE
2025-08-02 15:00:00+02:00;0,000;1,000;MESURE
2025-08-02 16:00:00+02:00;0,000;1,000;MESURE
2025-08-02 17:00:00+02:00;0,000;1,000;MESURE
2025-08-02 18:00:00+02:00;0,000;1,000;MESURE
2025-08-02 19:00:00+02:00;0,000;1,000;MESURE
2025-08-02 20:00:00+02:00;1653,000;1,000;MESURE
2025-08-02 21:00:00+02:00;4670,000;1,000;MESURE
2025-08-02 22:00:00+02:00;4241,000;1,000;MESURE
2025-08-02 23:00:00+02:00;4242,000;1,000;MESURE
2025-08-03 00:00:00+02:00;4268,000;1,000;MESURE
2025-08-03 01:00:00+02:00;4260,000;1,000;MESURE
2025-08-03 02:00:00+02:00;4249,000;1,000;MESURE
2025-08-03 03:00:00+02:00;4263,000;1,000;MESURE
2025-08-03 04:00:00+02:00;4270,000;1,000;MESURE
2025-08-03 05:00:00+02:00;4717,000;1,000;MESURE
2025-08-03 06:00:00+02:00;182,000;1,000;MESURE
2025-08-03 07:00:00+02:00;0,000;1,000;MESURE
2025-08-03 08:00:00+02:00;0,000;1,000;MESURE
2025-08-03 09:00:00+02:00;0,000;1,000;MESURE
2025-08-03 10:00:00+02:00;0,000;1,000;MESURE
2025-08-03 11:00:00+02:00;0,000;1,000;MESURE
2025-08-03 12:00:00+02:00;0,000;1,000;MESURE
2025-08-03 13:00:00+02:00;0,000;1,000;MESURE
2025-08-03 14:00:00+02:00;0,000;1,000;MESURE
2025-08-03 15:00:00+02:00;0,000;1,000;MESURE
2025-08-03 16:00:00+02:00;0,000;1,000;MESURE
2025-08-03 17:00:00+02:00;0,000;1,000;MESURE
2025-08-03 18:00:00+02:00;0,000;1,000;MESURE
2025-08-03 19:00:00+02:00;0,000;1,000;MESURE
2025-08-03 20:00:00+02:00;1743,000;1,000;MESURE
2025-08-03 21:00:00+02:00;4656,000;1,000;MESURE
2025-08-03 22:00:00+02:00;4225,000;1,000;MESURE
2025-08-03 23:00:00+02:00;4216,000;1,000;MESURE
2025-08-04 00:00:00+02:00;4238,000;1,000;MESURE
2025-08-04 01:00:00+02:00;4235,000;1,000;MESURE
2025-08-04 02:00:00+02:00;4338,000;1,000;MESURE
2025-08-04 03:00:00+02:00;4296,000;1,000;MESURE
2025-08-04 04:00:00+02:00;4243,000;1,000;MESURE
2025-08-04 05:00:00+02:00;4768,000;1,000;MESURE
2025-08-04 06:00:00+02:00;258,000;1,000;MESURE
2025-08-04 07:00:00+02:00;0,000;1,000;MESURE
2025-08-04 08:00:00+02:00;0,000;1,000;MESURE
2025-08-04 09:00:00+02:00;0,000;1,000;MESURE
2025-08-04 10:00:00+02:00;0,000;1,000;MESURE
2025-08-04 11:00:00+02:00;0,000;1,000;MESURE
2025-08-04 12:00:00+02:00;0,000;1,000;MESURE
2025-08-04 13:00:00+02:00;0,000;1,000;MESURE
2025-08-04 14:00:00+02:00;0,000;1,000;MESURE
2025-08-04 15:00:00+02:00;0,000;1,000;MESURE
2025-08-04 16:00:00+02:00;0,000;1,000;MESURE
2025-08-04 17:00:00+02:00;0,000;1,000;MESURE
2025-08-04 18:00:00+02:00;0,000;1,000;MESURE
2025-08-04 19:00:00+02:00;0,000;1,000;MESURE
2025-08-04 20:00:00+02:00;1980,000;1,000;MESURE
2025-08-04 21:00:00+02:00;4940,000;1,000;MESURE
2025-08-04 22:00:00+02:00;4510,000;1,000;MESURE
2025-08-04 23:00:00+02:00;4501,000;1,000;MESURE
2025-08-05 00:00:00+02:00;4520,000;1,000;MESURE
2025-08-05 01:00:00+02:00;4409,000;1,000;MESURE
2025-08-05 02:00:00+02:00;4422,000;1,000;MESURE
2025-08-05 03:00:00+02:00;4416,000;1,000;MESURE
2025-08-05 04:00:00+02:00;4418,000;1,000;MESURE
2025-08-05 05:00:00+02:00;4868,000;1,000;MESURE
2025-08-05 06:00:00+02:00;357,000;1,000;MESURE
2025-08-05 07:00:00+02:00;0,000;1,000;MESURE
2025-08-05 08:00:00+02:00;0,000;1,000;MESURE
2025-08-05 09:00:00+02:00;0,000;1,000;MESURE
2025-08-05 10:00:00+02:00;0,000;1,000;MESURE
2025-08-05 11:00:00+02:00;0,000;1,000;MESURE
2025-08-05 12:00:00+02:00;0,000;1,000;MESURE
2025-08-05 13:00:00+02:00;0,000;1,000;MESURE
2025-08-05 14:00:00+02:00;0,000;1,000;MESURE
2025-08-05 15:00:00+02:00;0,000;1,000;MESURE
2025-08-05 16:00:00+02:00;0,000;1,000;MESURE
2025-08-05 17:00:00+02:00;0,000;1,000;MESURE
2025-08-05 18:00:00+02:00;0,000;1,000;MESURE
2025-08-05 19:00:00+02:00;0,000;1,000;MESURE
2025-08-05 20:00:00+02:00;2026,000;1,000;MESURE
2025-08-05 21:00:00+02:00;4843,000;1,000;MESURE
2025-08-05 22:00:00+02:00;4409,000;1,000;MESURE
2025-08-05 23:00:00+02:00;4391,000;1,000;MESURE
2025-08-06 00:00:00+02:00;4430,000;1,000;MESURE
2025-08-06 01:00:00+02:00;4428,000;1,000;MESURE
2025-08-06 02:00:00+02:00;4436,000;1,000;MESURE
2025-08-06 03:00:00+02:00;4456,000;1,000;MESURE
2025-08-06 04:00:00+02:00;4477,000;1,000;MESURE
2025-08-06 05:00:00+02:00;4919,000;1,000;MESURE
2025-08-06 06:00:00+02:00;507,000;1,000;MESURE
2025-08-06 07:00:00+02:00;0,000;1,000;MESURE
2025-08-06 08:00:00+02:00;0,000;1,000;MESURE
2025-08-06 09:00:00+02:00;0,000;1,000;MESURE
2025-08-06 10:00:00+02:00;0,000;1,000;MESURE
2025-08-06 11:00:00+02:00;0,000;1,000;MESURE
2025-08-06 12:00:00+02:00;0,000;1,000;MESURE
2025-08-06 13:00:00+02:00;0,000;1,000;MESURE
2025-08-06 14:00:00+02:00;0,000;1,000;MESURE
2025-08-06 15:00:00+02:00;0,000;1,000;MESURE
2025-08-06 16:00:00+02:00;0,000;1,000;MESURE
2025-08-06 17:00:00+02:00;0,000;1,000;MESURE
2025-08-06 18:00:00+02:00;0,000;1,000;MESURE
2025-08-06 19:00:00+02:00;0,000;1,000;MESURE
2025-08-06 20:00:00+02:00;2240,000;1,000;MESURE
2025-08-06 21:00:00+02:00;4924,000;1,000;MESURE
2025-08-06 22:00:00+02:00;4501,000;1,000;MESURE
2025-08-06 23:00:00+02:00;4400,000;1,000;MESURE
2025-08-07 00:00:00+02:00;4428,000;1,000;MESURE
2025-08-07 01:00:00+02:00;4418,000;1,000;MESURE
2025-08-07 02:00:00+02:00;4405,000;1,000;MESURE
2025-08-07 03:00:00+02:00;4432,000;1,000;MESURE
2025-08-07 04:00:00+02:00;4457,000;1,000;MESURE
2025-08-07 05:00:00+02:00;4899,000;1,000;MESURE
2025-08-07 06:00:00+02:00;600,000;1,000;MESURE
2025-08-07 07:00:00+02:00;0,000;1,000;MESURE
2025-08-07 08:00:00+02:00;0,000;1,000;MESURE
2025-08-07 09:00:00+02:00;0,000;1,000;MESURE
2025-08-07 10:00:00+02:00;0,000;1,000;MESURE
2025-08-07 11:00:00+02:00;0,000;1,000;MESURE
2025-08-07 12:00:00+02:00;0,000;1,000;MESURE
2025-08-07 13:00:00+02:00;0,000;1,000;MESURE
2025-08-07 14:00:00+02:00;0,000;1,000;MESURE
2025-08-07 15:00:00+02:00;0,000;1,000;MESURE
2025-08-07 16:00:00+02:00;0,000;1,000;MESURE
2025-08-07 17:00:00+02:00;0,000;1,000;MESURE
2025-08-07 18:00:00+02:00;0,000;1,000;MESURE
2025-08-07 19:00:00+02:00;0,000;1,000;MESURE
2025-08-07 20:00:00+02:00;2305,000;1,000;MESURE
2025-08-07 21:00:00+02:00;4933,000;1,000;MESURE
2025-08-07 22:00:00+02:00;4494,000;1,000;MESURE
2025-08-07 23:00:00+02:00;4390,000;1,000;MESURE
2025-08-08 00:00:00+02:00;4414,000;1,000;MESURE
2025-08-08 01:00:00+02:00;4430,000;1,000;MESURE
2025-08-08 02:00:00+02:00;4454,000;1,000;MESURE
2025-08-08 03:00:00+02:00;4468,000;1,000;MESURE
2025-08-08 04:00:00+02:00;4451,000;1,000;MESURE
2025-08-08 05:00:00+02:00;4873,000;1,000;MESURE
2025-08-08 06:00:00+02:00;688,000;1,000;MESURE
2025-08-08 07:00:00+02:00;0,000;1,000;MESURE
2025-08-08 08:00:00+02:00;0,000;1,000;MESURE
2025-08-08 09:00:00+02:00;0,000;1,000;MESURE
2025-08-08 10:00:00+02:00;0,000;1,000;MESURE
2025-08-08 11:00:00+02:00;0,000;1,000;MESURE
2025-08-08 12:00:00+02:00;0,000;1,000;MESURE
2025-08-08 13:00:00+02:00;0,000;1,000;MESURE
2025-08-08 14:00:00+02:00;0,000;1,000;MESURE
2025-08-08 15:00:00+02:00;0,000;1,000;MESURE
2025-08-08 16:00:00+02:00;0,000;1,000;MESURE
2025-08-08 17:00:00+02:00;0,000;1,000;MESURE
2025-08-08 18:00:00+02:00;0,000;1,000;MESURE
2025-08-08 19:00:00+02:00;0,000;1,000;MESURE
2025-08-08 20:00:00+02:00;2434,000;1,000;MESURE
2025-08-08 21:00:00+02:00;4797,000;1,000;MESURE
2025-08-08 22:00:00+02:00;4379,000;1,000;MESURE
2025-08-08 23:00:00+02:00;4380,000;1,000;MESURE
2025-08-09 00:00:00+02:00;4430,000;1,000;MESURE
2025-08-09 01:00:00+02:00;4448,000;1,000;MESURE
2025-08-09 02:00:00+02:00;4448,000;1,000;MESURE
2025-08-09 03:00:00+02:00;4473,000;1,000;MESURE
2025-08-09 04:00:00+02:00;4490,000;1,000;MESURE
2025-08-09 05:00:00+02:00;4922,000;1,000;MESURE
2025-08-09 06:00:00+02:00;764,000;1,000;MESURE
2025-08-09 07:00:00+02:00;0,000;1,000;MESURE
2025-08-09 08:00:00+02:00;0,000;1,000;MESURE
2025-08-09 09:00:00+02:00;0,000;1,000;MESURE
2025-08-09 10:00:00+02:00;0,000;1,000;MESURE
2025-08-09 11:00:00+02:00;0,000;1,000;MESURE
2025-08-09 12:00:00+02:00;0,000;1,000;MESURE
2025-08-09 13:00:00+02:00;0,000;1,000;MESURE
2025-08-09 14:00:00+02:00;0,000;1,000;MESURE
2025-08-09 15:00:00+02:00;0,000;1,000;MESURE
2025-08-09 16:00:00+02:00;0,000;1,000;MESURE
2025-08-09 17:00:00+02:00;0,000;1,000;MESURE
2025-08-09 18:00:00+02:00;0,000;1,000;MESURE
2025-08-09 19:00:00+02:00;0,000;1,000;MESURE
2025-08-09 20:00:00+02:00;2395,000;1,000;MESURE
2025-08-09 21:00:00+02:00;4618,000;1,000;MESURE
2025-08-09 22:00:00+02:00;4178,000;1,000;MESURE
2025-08-09 23:00:00+02:00;4190,000;1,000;MESURE
2025-08-10 00:00:00+02:00;4212,000;1,000;MESURE
2025-08-10 01:00:00+02:00;4215,000;1,000;MESURE
2025-08-10 02:00:00+02:00;4235,000;1,000;MESURE
2025-08-10 03:00:00+02:00;4252,000;1,000;MESURE
2025-08-10 04:00:00+02:00;4257,000;1,000;MESURE
2025-08-10 05:00:00+02:00;4712,000;1,000;MESURE
2025-08-10 06:00:00+02:00;900,000;1,000;MESURE
2025-08-10 07:00:00+02:00;0,000;1,000;MESURE
2025-08-10 08:00:00+02:00;0,000;1,000;MESURE
2025-08-10 09:00:00+02:00;0,000;1,000;MESURE
2025-08-10 10:00:00+02:00;0,000;1,000;MESURE
2025-08-10 11:00:00+02:00;0,000;1,000;MESURE
2025-08-10 12:00:00+02:00;0,000;1,000;MESURE
2025-08-10 13:00:00+02:00;0,000;1,000;MESURE
2025-08-10 14:00:00+02:00;0,000;1,000;MESURE
2025-08-10 15:00:00+02:00;0,000;1,000;MESURE
2025-08-10 16:00:00+02:00;0,000;1,000;MESURE
2025-08-10 17:00:00+02:00;0,000;1,000;MESURE
2025-08-10 18:00:00+02:00;0,000;1,000;MESURE
2025-08-10 19:00:00+02:00;0,000;1,000;MESURE
2025-08-10 20:00:00+02:00;2538,000;1,000;MESURE
2025-08-10 21:00:00+02:00;4583,000;1,000;MESURE
2025-08-10 22:00:00+02:00;4165,000;1,000;MESURE
2025-08-10 23:00:00+02:00;4181,000;1,000;MESURE
2025-08-11 00:00:00+02:00;4217,000;1,000;MESURE
2025-08-11 01:00:00+02:00;4244,000;1,000;MESURE
2025-08-11 02:00:00+02:00;4237,000;1,000;MESURE
2025-08-11 03:00:00+02:00;4232,000;1,000;MESURE
2025-08-11 04:00:00+02:00;4248,000;1,000;MESURE
2025-08-11 05:00:00+02:00;4686,000;1,000;MESURE
2025-08-11 06:00:00+02:00;949,000;1,000;MESURE
2025-08-11 07:00:00+02:00;0,000;1,000;MESURE
2025-08-11 08:00:00+02:00;0,000;1,000;MESURE
2025-08-11 09:00:00+02:00;0,000;1,000;MESURE
2025-08-11 10:00:00+02:00;0,000;1,000;MESURE
2025-08-11 11:00:00+02:00;0,000;1,000;MESURE
2025-08-11 12:00:00+02:00;0,000;1,000;MESURE
2025-08-11 13:00:00+02:00;0,000;1,000;MESURE
2025-08-11 14:00:00+02:00;0,000;1,000;MESURE
2025-08-11 15:00:00+02:00;0,000;1,000;MESURE
2025-08-11 16:00:00+02:00;0,000;1,000;MESURE
2025-08-11 17:00:00+02:00;0,000;1,000;MESURE
2025-08-11 18:00:00+02:00;0,000;1,000;MESURE
2025-08-11 19:00:00+02:00;0,000;1,000;MESURE
2025-08-11 20:00:00+02:00;2763,000;1,000;MESURE
2025-08-11 21:00:00+02:00;4661,000;1,000;MESURE
2025-08-11 22:00:00+02:00;4175,000;1,000;MESURE
2025-08-11 23:00:00+02:00;4186,000;1,000;MESURE
2025-08-12 00:00:00+02:00;4225,000;1,000;MESURE
2025-08-12 01:00:00+02:00;4246,000;1,000;MESURE
2025-08-12 02:00:00+02:00;4230,000;1,000;MESURE
2025-08-12 03:00:00+02:00;4247,000;1,000;MESURE
2025-08-12 04:00:00+02:00;4239,000;1,000;MESURE
2025-08-12 05:00:00+02:00;4674,000;1,000;MESURE
2025-08-12 06:00:00+02:00;1022,000;1,000;MESURE
2025-08-12 07:00:00+02:00;0,000;1,000;MESURE
2025-08-12 08:00:00+02:00;0,000;1,000;MESURE
2025-08-12 09:00:00+02:00;0,000;1,000;MESURE
2025-08-12 10:00:00+02:00;0,000;1,000;MESURE
2025-08-12 11:00:00+02:00;0,000;1,000;MESURE
2025-08-12 12:00:00+02:00;0,000;1,000;MESURE
2025-08-12 13:00:00+02:00;0,000;1,000;MESURE
2025-08-12 14:00:00+02:00;0,000;1,000;MESURE
2025-08-12 15:00:00+02:00;0,000;1,000;MESURE
2025-08-12 16:00:00+02:00;0,000;1,000;MESURE
2025-08-12 17:00:00+02:00;0,000;1,000;MESURE
2025-08-12 18:00:00+02:00;2055,000;1,000;MESURE
2025-08-12 19:00:00+02:00;4673,000;1,000;MESURE
2025-08-12 20:00:00+02:00;4243,000;1,000;MESURE
2025-08-12 21:00:00+02:00;4158,000;1,000;MESURE
2025-08-12 22:00:00+02:00;4174,667;0,167;INTERP_COURTE
2025-08-12 23:00:00+02:00;4191,333;0,000;INTERP_COURTE
2025-08-13 00:00:00+02:00;4208,000;1,000;MESURE
2025-08-13 01:00:00+02:00;4228,000;1,000;MESURE
2025-08-13 02:00:00+02:00;4239,000;1,000;MESURE
2025-08-13 03:00:00+02:00;4229,000;1,000;MESURE
2025-08-13 04:00:00+02:00;4240,000;1,000;MESURE
2025-08-13 05:00:00+02:00;4677,000;1,000;MESURE
2025-08-13 06:00:00+02:00;1192,000;1,000;MESURE
2025-08-13 07:00:00+02:00;0,000;1,000;MESURE
2025-08-13 08:00:00+02:00;0,000;1,000;MESURE
2025-08-13 09:00:00+02:00;0,000;1,000;MESURE
2025-08-13 10:00:00+02:00;0,000;1,000;MESURE
2025-08-13 11:00:00+02:00;0,000;1,000;MESURE
2025-08-13 12:00:00+02:00;0,000;1,000;MESURE
2025-08-13 13:00:00+02:00;0,000;1,000;MESURE
2025-08-13 14:00:00+02:00;0,000;1,000;MESURE
2025-08-13 15:00:00+02:00;0,000;1,000;MESURE
2025-08-13 16:00:00+02:00;0,000;1,000;MESURE
2025-08-13 17:00:00+02:00;0,000;1,000;MESURE
2025-08-13 18:00:00+02:00;0,000;1,000;MESURE
2025-08-13 19:00:00+02:00;0,000;1,000;MESURE
2025-08-13 20:00:00+02:00;2976,000;1,000;MESURE
2025-08-13 21:00:00+02:00;4668,000;1,000;MESURE
2025-08-13 22:00:00+02:00;4257,000;1,000;MESURE
2025-08-13 23:00:00+02:00;4237,000;1,000;MESURE
2025-08-14 00:00:00+02:00;4163,000;1,000;MESURE
2025-08-14 01:00:00+02:00;3480,000;1,000;MESURE
2025-08-14 02:00:00+02:00;4174,000;1,000;MESURE
2025-08-14 03:00:00+02:00;4189,000;1,000;MESURE
2025-08-14 04:00:00+02:00;4194,000;1,000;MESURE
2025-08-14 05:00:00+02:00;4650,000;1,000;MESURE
2025-08-14 06:00:00+02:00;1248,000;1,000;MESURE
2025-08-14 07:00:00+02:00;0,000;1,000;MESURE
2025-08-14 08:00:00+02:00;0,000;1,000;MESURE
2025-08-14 09:00:00+02:00;0,000;1,000;MESURE
2025-08-14 10:00:00+02:00;0,000;1,000;MESURE
2025-08-14 11:00:00+02:00;0,000;1,000;MESURE
2025-08-14 12:00:00+02:00;0,000;1,000;MESURE
2025-08-14 13:00:00+02:00;0,000;1,000;MESURE
2025-08-14 14:00:00+02:00;0,000;1,000;MESURE
2025-08-14 15:00:00+02:00;0,000;1,000;MESURE
2025-08-14 16:00:00+02:00;0,000;1,000;MESURE
2025-08-14 17:00:00+02:00;0,000;1,000;MESURE
2025-08-14 18:00:00+02:00;0,000;1,000;MESURE
2025-08-14 19:00:00+02:00;0,000;1,000;MESURE
2025-08-14 20:00:00+02:00;3212,000;1,000;MESURE
2025-08-14 21:00:00+02:00;4860,000;1,000;MESURE
2025-08-14 22:00:00+02:00;4389,000;1,000;MESURE
2025-08-14 23:00:00+02:00;4327,000;1,000;MESURE
2025-08-15 00:00:00+02:00;4349,000;1,000;MESURE
2025-08-15 01:00:00+02:00;4387,000;1,000;MESURE
2025-08-15 02:00:00+02:00;4402,000;1,000;MESURE
2025-08-15 03:00:00+02:00;4423,000;1,000;MESURE
2025-08-15 04:00:00+02:00;4445,000;1,000;MESURE
2025-08-15 05:00:00+02:00;4895,000;1,000;MESURE
2025-08-15 06:00:00+02:00;1396,000;1,000;MESURE
2025-08-15 07:00:00+02:00;0,000;1,000;MESURE
2025-08-15 08:00:00+02:00;0,000;1,000;MESURE
2025-08-15 09:00:00+02:00;0,000;1,000;MESURE
2025-08-15 10:00:00+02:00;0,000;1,000;MESURE
2025-08-15 11:00:00+02:00;0,000;1,000;MESURE
2025-08-15 12:00:00+02:00;0,000;1,000;MESURE
2025-08-15 13:00:00+02:00;0,000;1,000;MESURE
2025-08-15 14:00:00+02:00;0,000;1,000;MESURE
2025-08-15 15:00:00+02:00;0,000;1,000;MESURE
2025-08-15 16:00:00+02:00;0,000;1,000;MESURE
2025-08-15 17:00:00+02:00;0,000;1,000;MESURE
2025-08-15 18:00:00+02:00;0,000;1,000;MESURE
2025-08-15 19:00:00+02:00;0,000;1,000;MESURE
2025-08-15 20:00:00+02:00;3349,000;1,000;MESURE
2025-08-15 21:00:00+02:00;4885,000;1,000;MESURE
2025-08-15 22:00:00+02:00;4400,000;1,000;MESURE
2025-08-15 23:00:00+02:00;4343,000;1,000;MESURE
2025-08-16 00:00:00+02:00;4364,000;1,000;MESURE
2025-08-16 01:00:00+02:00;4369,000;1,000;MESURE
2025-08-16 02:00:00+02:00;4407,000;1,000;MESURE
2025-08-16 03:00:00+02:00;4421,000;1,000;MESURE
2025-08-16 04:00:00+02:00;4424,000;1,000;MESURE
2025-08-16 05:00:00+02:00;4868,000;1,000;MESURE
2025-08-16 06:00:00+02:00;1564,000;1,000;MESURE
2025-08-16 07:00:00+02:00;0,000;1,000;MESURE
2025-08-16 08:00:00+02:00;0,000;1,000;MESURE
2025-08-16 09:00:00+02:00;0,000;1,000;MESURE
2025-08-16 10:00:00+02:00;0,000;1,000;MESURE
2025-08-16 11:00:00+02:00;0,000;1,000;MESURE
2025-08-16 12:00:00+02:00;0,000;1,000;MESURE
2025-08-16 13:00:00+02:00;0,000;1,000;MESURE
2025-08-16 14:00:00+02:00;0,000;1,000;MESURE
2025-08-16 15:00:00+02:00;0,000;1,000;MESURE
2025-08-16 16:00:00+02:00;0,000;1,000;MESURE
2025-08-16 17:00:00+02:00;0,000;1,000;MESURE
2025-08-16 18:00:00+02:00;0,000;1,000;MESURE
2025-08-16 19:00:00+02:00;0,000;1,000;MESURE
2025-08-16 20:00:00+02:00;3318,000;1,000;MESURE
2025-08-16 21:00:00+02:00;4573,000;1,000;MESURE
2025-08-16 22:00:00+02:00;4156,000;1,000;MESURE
2025-08-16 23:00:00+02:00;4146,000;1,000;MESURE
2025-08-17 00:00:00+02:00;4183,000;1,000;MESURE
2025-08-17 01:00:00+02:00;4219,000;1,000;MESURE
2025-08-17 02:00:00+02:00;4214,000;1,000;MESURE
2025-08-17 03:00:00+02:00;4228,000;1,000;MESURE
2025-08-17 04:00:00+02:00;4245,000;1,000;MESURE
2025-08-17 05:00:00+02:00;4709,000;1,000;MESURE
2025-08-17 06:00:00+02:00;1578,000;1,000;MESURE
2025-08-17 07:00:00+02:00;0,000;1,000;MESURE
2025-08-17 08:00:00+02:00;0,000;1,000;MESURE
2025-08-17 09:00:00+02:00;0,000;1,000;MESURE
2025-08-17 10:00:00+02:00;0,000;1,000;MESURE
2025-08-17 11:00:00+02:00;0,000;1,000;MESURE
2025-08-17 12:00:00+02:00;0,000;1,000;MESURE
2025-08-17 13:00:00+02:00;0,000;1,000;MESURE
2025-08-17 14:00:00+02:00;0,000;1,000;MESURE
2025-08-17 15:00:00+02:00;0,000;1,000;MESURE
2025-08-17 16:00:00+02:00;0,000;1,000;MESURE
2025-08-17 17:00:00+02:00;0,000;1,000;MESURE
2025-08-17 18:00:00+02:00;0,000;1,000;MESURE
2025-08-17 19:00:00+02:00;0,000;1,000;MESURE
2025-08-17 20:00:00+02:00;3454,000;1,000;MESURE
2025-08-17 21:00:00+02:00;4596,000;1,000;MESURE
2025-08-17 22:00:00+02:00;4164,000;1,000;MESURE
2025-08-17 23:00:00+02:00;4167,000;1,000;MESURE
2025-08-18 00:00:00+02:00;4194,000;1,000;MESURE
2025-08-18 01:00:00+02:00;4238,000;1,000;MESURE
2025-08-18 02:00:00+02:00;4243,000;1,000;MESURE
2025-08-18 03:00:00+02:00;4246,000;1,000;MESURE
2025-08-18 04:00:00+02:00;4252,000;1,000;MESURE
2025-08-18 05:00:00+02:00;4697,000;1,000;MESURE
2025-08-18 06:00:00+02:00;1655,000;1,000;MESURE
2025-08-18 07:00:00+02:00;0,000;1,000;MESURE
2025-08-18 08:00:00+02:00;0,000;1,000;MESURE
2025-08-18 09:00:00+02:00;0,000;1,000;MESURE
2025-08-18 10:00:00+02:00;0,000;1,000;MESURE
2025-08-18 11:00:00+02:00;0,000;1,000;MESURE
2025-08-18 12:00:00+02:00;0,000;1,000;MESURE
2025-08-18 13:00:00+02:00;0,000;1,000;MESURE
2025-08-18 14:00:00+02:00;0,000;1,000;MESURE
2025-08-18 15:00:00+02:00;0,000;1,000;MESURE
2025-08-18 16:00:00+02:00;0,000;1,000;MESURE
2025-08-18 17:00:00+02:00;0,000;1,000;MESURE
2025-08-18 18:00:00+02:00;0,000;1,000;MESURE
2025-08-18 19:00:00+02:00;0,000;1,000;MESURE
2025-08-18 20:00:00+02:00;3696,000;1,000;MESURE
2025-08-18 21:00:00+02:00;4600,000;1,000;MESURE
2025-08-18 22:00:00+02:00;4162,000;1,000;MESURE
2025-08-18 23:00:00+02:00;4155,000;1,000;MESURE
2025-08-19 00:00:00+02:00;4213,000;1,000;MESURE
2025-08-19 01:00:00+02:00;4228,000;1,000;MESURE
2025-08-19 02:00:00+02:00;4230,000;1,000;MESURE
2025-08-19 03:00:00+02:00;4242,000;1,000;MESURE
2025-08-19 04:00:00+02:00;4224,000;1,000;MESURE
2025-08-19 05:00:00+02:00;4658,000;1,000;MESURE
2025-08-19 06:00:00+02:00;1800,000;1,000;MESURE
2025-08-19 07:00:00+02:00;0,000;1,000;MESURE
2025-08-19 08:00:00+02:00;0,000;1,000;MESURE
2025-08-19 09:00:00+02:00;0,000;1,000;MESURE
2025-08-19 10:00:00+02:00;0,000;1,000;MESURE
2025-08-19 11:00:00+02:00;0,000;1,000;MESURE
2025-08-19 12:00:00+02:00;0,000;1,000;MESURE
2025-08-19 13:00:00+02:00;0,000;1,000;MESURE
2025-08-19 14:00:00+02:00;0,000;1,000;MESURE
2025-08-19 15:00:00+02:00;0,000;1,000;MESURE
2025-08-19 16:00:00+02:00;0,000;1,000;MESURE
2025-08-19 17:00:00+02:00;0,000;1,000;MESURE
2025-08-19 18:00:00+02:00;0,000;1,000;MESURE
2025-08-19 19:00:00+02:00;0,000;1,000;MESURE
2025-08-19 20:00:00+02:00;3688,000;1,000;MESURE
2025-08-19 21:00:00+02:00;4609,000;1,000;MESURE
2025-08-19 22:00:00+02:00;4188,000;1,000;MESURE
2025-08-19 23:00:00+02:00;4170,000;1,000;MESURE
2025-08-20 00:00:00+02:00;4197,000;1,000;MESURE
2025-08-20 01:00:00+02:00;4217,000;1,000;MESURE
2025-08-20 02:00:00+02:00;4211,000;1,000;MESURE
2025-08-20 03:00:00+02:00;4217,000;1,000;MESURE
2025-08-20 04:00:00+02:00;4221,000;1,000;MESURE
2025-08-20 05:00:00+02:00;4678,000;1,000;MESURE
2025-08-20 06:00:00+02:00;1883,000;1,000;MESURE
2025-08-20 07:00:00+02:00;0,000;1,000;MESURE
2025-08-20 08:00:00+02:00;0,000;1,000;MESURE
2025-08-20 09:00:00+02:00;0,000;1,000;MESURE
2025-08-20 10:00:00+02:00;0,000;1,000;MESURE
2025-08-20 11:00:00+02:00;0,000;1,000;MESURE
2025-08-20 12:00:00+02:00;0,000;1,000;MESURE
2025-08-20 13:00:00+02:00;0,000;1,000;MESURE
2025-08-20 14:00:00+02:00;0,000;1,000;MESURE
2025-08-20 15:00:00+02:00;0,000;1,000;MESURE
2025-08-20 16:00:00+02:00;0,000;1,000;MESURE
2025-08-20 17:00:00+02:00;0,000;1,000;MESURE
2025-08-20 18:00:00+02:00;0,000;1,000;MESURE
2025-08-20 19:00:00+02:00;0,000;1,000;MESURE
2025-08-20 20:00:00+02:00;3873,000;1,000;MESURE
2025-08-20 21:00:00+02:00;4645,000;1,000;MESURE
2025-08-20 22:00:00+02:00;4209,000;1,000;MESURE
2025-08-20 23:00:00+02:00;4192,000;1,000;MESURE
2025-08-21 00:00:00+02:00;4205,000;1,000;MESURE
2025-08-21 01:00:00+02:00;4211,000;1,000;MESURE
2025-08-21 02:00:00+02:00;4206,000;1,000;MESURE
2025-08-21 03:00:00+02:00;4212,000;1,000;MESURE
2025-08-21 04:00:00+02:00;4224,000;1,000;MESURE
2025-08-21 05:00:00+02:00;4680,000;1,000;MESURE
2025-08-21 06:00:00+02:00;1966,000;1,000;MESURE
2025-08-21 07:00:00+02:00;0,000;1,000;MESURE
2025-08-21 08:00:00+02:00;0,000;1,000;MESURE
2025-08-21 09:00:00+02:00;0,000;1,000;MESURE
2025-08-21 10:00:00+02:00;0,000;1,000;MESURE
2025-08-21 11:00:00+02:00;0,000;1,000;MESURE
2025-08-21 12:00:00+02:00;0,000;1,000;MESURE
2025-08-21 13:00:00+02:00;0,000;1,000;MESURE
2025-08-21 14:00:00+02:00;0,000;1,000;MESURE
2025-08-21 15:00:00+02:00;0,000;1,000;MESURE
2025-08-21 16:00:00+02:00;0,000;1,000;MESURE
2025-08-21 17:00:00+02:00;0,000;1,000;MESURE
2025-08-21 18:00:00+02:00;0,000;1,000;MESURE
2025-08-21 19:00:00+02:00;0,000;1,000;MESURE
2025-08-21 20:00:00+02:00;4001,000;1,000;MESURE
2025-08-21 21:00:00+02:00;4596,000;1,000;MESURE
2025-08-21 22:00:00+02:00;4149,000;1,000;MESURE
2025-08-21 23:00:00+02:00;4229,000;1,000;MESURE
2025-08-22 00:00:00+02:00;4183,000;1,000;MESURE
2025-08-22 01:00:00+02:00;4198,000;1,000;MESURE
2025-08-22 02:00:00+02:00;4200,000;1,000;MESURE
2025-08-22 03:00:00+02:00;4226,000;1,000;MESURE
2025-08-22 04:00:00+02:00;4223,000;1,000;MESURE
2025-08-22 05:00:00+02:00;4674,000;1,000;MESURE
2025-08-22 06:00:00+02:00;2131,000;1,000;MESURE
2025-08-22 07:00:00+02:00;0,000;1,000;MESURE
2025-08-22 08:00:00+02:00;0,000;1,000;MESURE
2025-08-22 09:00:00+02:00;0,000;1,000;MESURE
2025-08-22 10:00:00+02:00;0,000;1,000;MESURE
2025-08-22 11:00:00+02:00;0,000;1,000;MESURE
2025-08-22 12:00:00+02:00;0,000;1,000;MESURE
2025-08-22 13:00:00+02:00;0,000;1,000;MESURE
2025-08-22 14:00:00+02:00;0,000;1,000;MESURE
2025-08-22 15:00:00+02:00;0,000;1,000;MESURE
2025-08-22 16:00:00+02:00;0,000;1,000;MESURE
2025-08-22 17:00:00+02:00;0,000;1,000;MESURE
2025-08-22 18:00:00+02:00;0,000;1,000;MESURE
2025-08-22 19:00:00+02:00;0,000;1,000;MESURE
2025-08-22 20:00:00+02:00;4256,000;1,000;MESURE
2025-08-22 21:00:00+02:00;4674,000;1,000;MESURE
2025-08-22 22:00:00+02:00;4158,000;1,000;MESURE
2025-08-22 23:00:00+02:00;4177,000;1,000;MESURE
2025-08-23 00:00:00+02:00;4204,000;1,000;MESURE
2025-08-23 01:00:00+02:00;4209,000;1,000;MESURE
2025-08-23 02:00:00+02:00;4229,000;1,000;MESURE
2025-08-23 03:00:00+02:00;4255,000;1,000;MESURE
2025-08-23 04:00:00+02:00;4267,000;1,000;MESURE
2025-08-23 05:00:00+02:00;4713,000;1,000;MESURE
2025-08-23 06:00:00+02:00;2217,000;1,000;MESURE
2025-08-23 07:00:00+02:00;0,000;1,000;MESURE
2025-08-23 08:00:00+02:00;0,000;1,000;MESURE
2025-08-23 09:00:00+02:00;0,000;1,000;MESURE
2025-08-23 10:00:00+02:00;0,000;1,000;MESURE
2025-08-23 11:00:00+02:00;0,000;1,000;MESURE
2025-08-23 12:00:00+02:00;0,000;1,000;MESURE
2025-08-23 13:00:00+02:00;0,000;1,000;MESURE
2025-08-23 14:00:00+02:00;0,000;1,000;MESURE
2025-08-23 15:00:00+02:00;0,000;1,000;MESURE
2025-08-23 16:00:00+02:00;0,000;1,000;MESURE
2025-08-23 17:00:00+02:00;0,000;1,000;MESURE
2025-08-23 18:00:00+02:00;0,000;1,000;MESURE
2025-08-23 19:00:00+02:00;0,000;1,000;MESURE
2025-08-23 20:00:00+02:00;4289,000;1,000;MESURE
2025-08-23 21:00:00+02:00;4583,000;1,000;MESURE
2025-08-23 22:00:00+02:00;4156,000;1,000;MESURE
2025-08-23 23:00:00+02:00;4141,000;1,000;MESURE
2025-08-24 00:00:00+02:00;4196,000;1,000;MESURE
2025-08-24 01:00:00+02:00;4204,000;1,000;MESURE
2025-08-24 02:00:00+02:00;4216,000;1,000;MESURE
2025-08-24 03:00:00+02:00;4242,000;1,000;MESURE
2025-08-24 04:00:00+02:00;4269,000;1,000;MESURE
2025-08-24 05:00:00+02:00;4717,000;1,000;MESURE
2025-08-24 06:00:00+02:00;2310,000;1,000;MESURE
2025-08-24 07:00:00+02:00;0,000;1,000;MESURE
2025-08-24 08:00:00+02:00;0,000;1,000;MESURE
2025-08-24 09:00:00+02:00;0,000;1,000;MESURE
2025-08-24 10:00:00+02:00;0,000;1,000;MESURE
2025-08-24 11:00:00+02:00;0,000;1,000;MESURE
2025-08-24 12:00:00+02:00;0,000;1,000;MESURE
2025-08-24 13:00:00+02:00;0,000;1,000;MESURE
2025-08-24 14:00:00+02:00;0,000;1,000;MESURE
2025-08-24 15:00:00+02:00;0,000;1,000;MESURE
2025-08-24 16:00:00+02:00;0,000;1,000;MESURE
2025-08-24 17:00:00+02:00;0,000;1,000;MESURE
2025-08-24 18:00:00+02:00;0,000;1,000;MESURE
2025-08-24 19:00:00+02:00;0,000;1,000;MESURE
2025-08-24 20:00:00+02:00;4437,000;1,000;MESURE
2025-08-24 21:00:00+02:00;4585,000;1,000;MESURE
2025-08-24 22:00:00+02:00;4163,000;1,000;MESURE
2025-08-24 23:00:00+02:00;4156,000;1,000;MESURE
2025-08-25 00:00:00+02:00;4187,000;1,000;MESURE
2025-08-25 01:00:00+02:00;4210,000;1,000;MESURE
2025-08-25 02:00:00+02:00;4188,000;1,000;MESURE
2025-08-25 03:00:00+02:00;4187,000;1,000;MESURE
2025-08-25 04:00:00+02:00;4185,000;1,000;MESURE
2025-08-25 05:00:00+02:00;4638,000;1,000;MESURE
2025-08-25 06:00:00+02:00;2422,000;1,000;MESURE
2025-08-25 07:00:00+02:00;0,000;1,000;MESURE
2025-08-25 08:00:00+02:00;0,000;1,000;MESURE
2025-08-25 09:00:00+02:00;0,000;1,000;MESURE
2025-08-25 10:00:00+02:00;0,000;1,000;MESURE
2025-08-25 11:00:00+02:00;0,000;1,000;MESURE
2025-08-25 12:00:00+02:00;0,000;1,000;MESURE
2025-08-25 13:00:00+02:00;0,000;1,000;MESURE
2025-08-25 14:00:00+02:00;0,000;1,000;MESURE
2025-08-25 15:00:00+02:00;0,000;1,000;MESURE
2025-08-25 16:00:00+02:00;0,000;1,000;MESURE
2025-08-25 17:00:00+02:00;0,000;1,000;MESURE
2025-08-25 18:00:00+02:00;0,000;1,000;MESURE
2025-08-25 19:00:00+02:00;0,000;1,000;MESURE
2025-08-25 20:00:00+02:00;4532,000;1,000;MESURE
2025-08-25 21:00:00+02:00;4591,000;1,000;MESURE
2025-08-25 22:00:00+02:00;4171,000;1,000;MESURE
2025-08-25 23:00:00+02:00;4162,000;1,000;MESURE
2025-08-26 00:00:00+02:00;4202,000;1,000;MESURE
2025-08-26 01:00:00+02:00;4217,000;1,000;MESURE
2025-08-26 02:00:00+02:00;4219,000;1,000;MESURE
2025-08-26 03:00:00+02:00;4240,000;1,000;MESURE
2025-08-26 04:00:00+02:00;4240,000;1,000;MESURE
2025-08-26 05:00:00+02:00;4663,000;1,000;MESURE
2025-08-26 06:00:00+02:00;2503,000;1,000;MESURE
2025-08-26 07:00:00+02:00;0,000;1,000;MESURE
2025-08-26 08:00:00+02:00;0,000;1,000;MESURE
2025-08-26 09:00:00+02:00;0,000;1,000;MESURE
2025-08-26 10:00:00+02:00;0,000;1,000;MESURE
2025-08-26 11:00:00+02:00;0,000;1,000;MESURE
2025-08-26 12:00:00+02:00;0,000;1,000;MESURE
2025-08-26 13:00:00+02:00;0,000;1,000;MESURE
2025-08-26 14:00:00+02:00;0,000;1,000;MESURE
2025-08-26 15:00:00+02:00;0,000;1,000;MESURE
2025-08-26 16:00:00+02:00;0,000;1,000;MESURE
2025-08-26 17:00:00+02:00;0,000;1,000;MESURE
2025-08-26 18:00:00+02:00;0,000;1,000;MESURE
2025-08-26 19:00:00+02:00;114,000;1,000;MESURE
2025-08-26 20:00:00+02:00;4578,000;1,000;MESURE
2025-08-26 21:00:00+02:00;4579,000;1,000;MESURE
2025-08-26 22:00:00+02:00;4144,000;1,000;MESURE
2025-08-26 23:00:00+02:00;4146,000;1,000;MESURE
2025-08-27 00:00:00+02:00;4171,000;1,000;MESURE
2025-08-27 01:00:00+02:00;4196,000;1,000;MESURE
2025-08-27 02:00:00+02:00;4192,000;1,000;MESURE
2025-08-27 03:00:00+02:00;4213,000;1,000;MESURE
2025-08-27 04:00:00+02:00;4220,000;1,000;MESURE
2025-08-27 05:00:00+02:00;4658,000;1,000;MESURE
2025-08-27 06:00:00+02:00;2573,000;1,000;MESURE
2025-08-27 07:00:00+02:00;0,000;1,000;MESURE
2025-08-27 08:00:00+02:00;0,000;1,000;MESURE
2025-08-27 09:00:00+02:00;0,000;1,000;MESURE
2025-08-27 10:00:00+02:00;0,000;1,000;MESURE
2025-08-27 11:00:00+02:00;0,000;1,000;MESURE
2025-08-27 12:00:00+02:00;0,000;1,000;MESURE
2025-08-27 13:00:00+02:00;0,000;1,000;MESURE
2025-08-27 14:00:00+02:00;0,000;1,000;MESURE
2025-08-27 15:00:00+02:00;0,000;1,000;MESURE
2025-08-27 16:00:00+02:00;0,000;1,000;MESURE
2025-08-27 17:00:00+02:00;0,000;1,000;MESURE
2025-08-27 18:00:00+02:00;0,000;1,000;MESURE
2025-08-27 19:00:00+02:00;267,000;1,000;MESURE
2025-08-27 20:00:00+02:00;4654,000;1,000;MESURE
2025-08-27 21:00:00+02:00;4613,000;1,000;MESURE
2025-08-27 22:00:00+02:00;4152,000;1,000;MESURE
2025-08-27 23:00:00+02:00;4160,000;1,000;MESURE
2025-08-28 00:00:00+02:00;4181,000;1,000;MESURE
2025-08-28 01:00:00+02:00;4182,000;1,000;MESURE
2025-08-28 02:00:00+02:00;4182,000;1,000;MESURE
2025-08-28 03:00:00+02:00;4194,000;1,000;MESURE
2025-08-28 04:00:00+02:00;4208,000;1,000;MESURE
2025-08-28 05:00:00+02:00;4646,000;1,000;MESURE
2025-08-28 06:00:00+02:00;2645,000;1,000;MESURE
2025-08-28 07:00:00+02:00;0,000;1,000;MESURE
2025-08-28 08:00:00+02:00;0,000;1,000;MESURE
2025-08-28 09:00:00+02:00;0,000;1,000;MESURE
2025-08-28 10:00:00+02:00;0,000;1,000;MESURE
2025-08-28 11:00:00+02:00;0,000;1,000;MESURE
2025-08-28 12:00:00+02:00;0,000;1,000;MESURE
2025-08-28 13:00:00+02:00;0,000;1,000;MESURE
2025-08-28 14:00:00+02:00;0,000;1,000;MESURE
2025-08-28 15:00:00+02:00;0,000;1,000;MESURE
2025-08-28 16:00:00+02:00;0,000;1,000;MESURE
2025-08-28 17:00:00+02:00;0,000;1,000;MESURE
2025-08-28 18:00:00+02:00;0,000;1,000;MESURE
2025-08-28 19:00:00+02:00;423,000;1,000;MESURE
2025-08-28 20:00:00+02:00;4674,000;1,000;MESURE
2025-08-28 21:00:00+02:00;4725,000;1,000;MESURE
2025-08-28 22:00:00+02:00;4266,000;1,000;MESURE
2025-08-28 23:00:00+02:00;4296,000;1,000;MESURE
2025-08-29 00:00:00+02:00;4305,000;1,000;MESURE
2025-08-29 01:00:00+02:00;4328,000;1,000;MESURE
2025-08-29 02:00:00+02:00;4338,000;1,000;MESURE
2025-08-29 03:00:00+02:00;4355,000;1,000;MESURE
2025-08-29 04:00:00+02:00;4359,000;1,000;MESURE
2025-08-29 05:00:00+02:00;4804,000;1,000;MESURE
2025-08-29 06:00:00+02:00;2891,000;1,000;MESURE
2025-08-29 07:00:00+02:00;0,000;1,000;MESURE
2025-08-29 08:00:00+02:00;0,000;1,000;MESURE
2025-08-29 09:00:00+02:00;0,000;1,000;MESURE
2025-08-29 10:00:00+02:00;0,000;1,000;MESURE
2025-08-29 11:00:00+02:00;0,000;1,000;MESURE
2025-08-29 12:00:00+02:00;0,000;1,000;MESURE
2025-08-29 13:00:00+02:00;0,000;1,000;MESURE
2025-08-29 14:00:00+02:00;0,000;1,000;MESURE
2025-08-29 15:00:00+02:00;0,000;1,000;MESURE
2025-08-29 16:00:00+02:00;0,000;1,000;MESURE
2025-08-29 17:00:00+02:00;0,000;1,000;MESURE
2025-08-29 18:00:00+02:00;0,000;1,000;MESURE
2025-08-29 19:00:00+02:00;593,000;1,000;MESURE
2025-08-29 20:00:00+02:00;4686,000;1,000;MESURE
2025-08-29 21:00:00+02:00;4730,000;1,000;MESURE
2025-08-29 22:00:00+02:00;4297,000;1,000;MESURE
2025-08-29 23:00:00+02:00;4277,000;1,000;MESURE
2025-08-30 00:00:00+02:00;4319,000;1,000;MESURE
2025-08-30 01:00:00+02:00;4322,000;1,000;MESURE
2025-08-30 02:00:00+02:00;4307,000;1,000;MESURE
2025-08-30 03:00:00+02:00;4332,000;1,000;MESURE
2025-08-30 04:00:00+02:00;4356,000;1,000;MESURE
2025-08-30 05:00:00+02:00;4817,000;1,000;MESURE
2025-08-30 06:00:00+02:00;3001,000;1,000;MESURE
2025-08-30 07:00:00+02:00;0,000;1,000;MESURE
2025-08-30 08:00:00+02:00;0,000;1,000;MESURE
2025-08-30 09:00:00+02:00;0,000;1,000;MESURE
2025-08-30 10:00:00+02:00;0,000;1,000;MESURE
2025-08-30 11:00:00+02:00;0,000;1,000;MESURE
2025-08-30 12:00:00+02:00;0,000;1,000;MESURE
2025-08-30 13:00:00+02:00;0,000;1,000;MESURE
2025-08-30 14:00:00+02:00;0,000;1,000;MESURE
2025-08-30 15:00:00+02:00;0,000;1,000;MESURE
2025-08-30 16:00:00+02:00;0,000;1,000;MESURE
2025-08-30 17:00:00+02:00;0,000;1,000;MESURE
2025-08-30 18:00:00+02:00;0,000;1,000;MESURE
2025-08-30 19:00:00+02:00;753,000;1,000;MESURE
2025-08-30 20:00:00+02:00;4713,000;1,000;MESURE
2025-08-30 21:00:00+02:00;4749,000;1,000;MESURE
2025-08-30 22:00:00+02:00;4330,000;1,000;MESURE
2025-08-30 23:00:00+02:00;4302,000;1,000;MESURE
2025-08-31 00:00:00+02:00;4301,000;1,000;MESURE
2025-08-31 01:00:00+02:00;4287,000;1,000;MESURE
2025-08-31 02:00:00+02:00;4298,000;1,000;MESURE
2025-08-31 03:00:00+02:00;4318,000;1,000;MESURE
2025-08-31 04:00:00+02:00;4330,000;1,000;MESURE
2025-08-31 05:00:00+02:00;4786,000;1,000;MESURE
2025-08-31 06:00:00+02:00;3060,000;1,000;MESURE
2025-08-31 07:00:00+02:00;0,000;1,000;MESURE
2025-08-31 08:00:00+02:00;0,000;1,000;MESURE
2025-08-31 09:00:00+02:00;0,000;1,000;MESURE
2025-08-31 10:00:00+02:00;0,000;1,000;MESURE
2025-08-31 11:00:00+02:00;0,000;1,000;MESURE
2025-08-31 12:00:00+02:00;0,000;1,000;MESURE
2025-08-31 13:00:00+02:00;0,000;1,000;MESURE
2025-08-31 14:00:00+02:00;0,000;1,000;MESURE
2025-08-31 15:00:00+02:00;0,000;1,000;MESURE
2025-08-31 16:00:00+02:00;0,000;1,000;MESURE
2025-08-31 17:00:00+02:00;0,000;1,000;MESURE
2025-08-31 18:00:00+02:00;0,000;1,000;MESURE
2025-08-31 19:00:00+02:00;894,000;1,000;MESURE
2025-08-31 20:00:00+02:00;4697,000;1,000;MESURE
2025-08-31 21:00:00+02:00;4719,000;1,000;MESURE
2025-08-31 22:00:00+02:00;4294,000;1,000;MESURE
2025-08-31 23:00:00+02:00;4281,000;1,000;MESURE
2025-09-01 00:00:00+02:00;4300,000;1,000;MESURE
2025-09-01 01:00:00+02:00;4293,000;1,000;MESURE
2025-09-01 02:00:00+02:00;4295,000;1,000;MESURE
2025-09-01 03:00:00+02:00;4309,000;1,000;MESURE
2025-09-01 04:00:00+02:00;4325,000;1,000;MESURE
2025-09-01 05:00:00+02:00;4829,000;1,000;MESURE
2025-09-01 06:00:00+02:00;3256,000;1,000;MESURE
2025-09-01 07:00:00+02:00;0,000;1,000;MESURE
2025-09-01 08:00:00+02:00;0,000;1,000;MESURE
2025-09-01 09:00:00+02:00;0,000;1,000;MESURE
2025-09-01 10:00:00+02:00;0,000;1,000;MESURE
2025-09-01 11:00:00+02:00;0,000;1,000;MESURE
2025-09-01 12:00:00+02:00;0,000;1,000;MESURE
2025-09-01 13:00:00+02:00;0,000;1,000;MESURE
2025-09-01 14:00:00+02:00;0,000;1,000;MESURE
2025-09-01 15:00:00+02:00;0,000;1,000;MESURE
2025-09-01 16:00:00+02:00;0,000;1,000;MESURE
2025-09-01 17:00:00+02:00;0,000;1,000;MESURE
2025-09-01 18:00:00+02:00;0,000;1,000;MESURE
2025-09-01 19:00:00+02:00;1065,000;1,000;MESURE
2025-09-01 20:00:00+02:00;4710,000;1,000;MESURE
2025-09-01 21:00:00+02:00;4742,000;1,000;MESURE
2025-09-01 22:00:00+02:00;4311,000;1,000;MESURE
2025-09-01 23:00:00+02:00;4302,000;1,000;MESURE
2025-09-02 00:00:00+02:00;4350,000;1,000;MESURE
2025-09-02 01:00:00+02:00;4353,000;1,000;MESURE
2025-09-02 02:00:00+02:00;4376,000;1,000;MESURE
2025-09-02 03:00:00+02:00;4396,000;1,000;MESURE
2025-09-02 04:00:00+02:00;4390,000;1,000;MESURE
2025-09-02 05:00:00+02:00;4822,000;1,000;MESURE
2025-09-02 06:00:00+02:00;3307,000;1,000;MESURE
2025-09-02 07:00:00+02:00;0,000;1,000;MESURE
2025-09-02 08:00:00+02:00;0,000;1,000;MESURE
2025-09-02 09:00:00+02:00;0,000;1,000;MESURE
2025-09-02 10:00:00+02:00;0,000;1,000;MESURE
2025-09-02 11:00:00+02:00;0,000;1,000;MESURE
2025-09-02 12:00:00+02:00;0,000;1,000;MESURE
2025-09-02 13:00:00+02:00;0,000;1,000;MESURE
2025-09-02 14:00:00+02:00;0,000;1,000;MESURE
2025-09-02 15:00:00+02:00;0,000;1,000;MESURE
2025-09-02 16:00:00+02:00;0,000;1,000;MESURE
2025-09-02 17:00:00+02:00;0,000;1,000;MESURE
2025-09-02 18:00:00+02:00;0,000;1,000;MESURE
2025-09-02 19:00:00+02:00;1249,000;1,000;MESURE
2025-09-02 20:00:00+02:00;4863,000;1,000;MESURE
2025-09-02 21:00:00+02:00;4907,000;1,000;MESURE
2025-09-02 22:00:00+02:00;4481,000;1,000;MESURE
2025-09-02 23:00:00+02:00;4475,000;1,000;MESURE
2025-09-03 00:00:00+02:00;4495,000;1,000;MESURE
2025-09-03 01:00:00+02:00;4496,000;1,000;MESURE
2025-09-03 02:00:00+02:00;4498,000;1,000;MESURE
2025-09-03 03:00:00+02:00;4511,000;1,000;MESURE
2025-09-03 04:00:00+02:00;4519,000;1,000;MESURE
2025-09-03 05:00:00+02:00;4947,000;1,000;MESURE
2025-09-03 06:00:00+02:00;3476,000;1,000;MESURE
2025-09-03 07:00:00+02:00;0,000;1,000;MESURE
2025-09-03 08:00:00+02:00;0,000;1,000;MESURE
2025-09-03 09:00:00+02:00;0,000;1,000;MESURE
2025-09-03 10:00:00+02:00;0,000;1,000;MESURE
2025-09-03 11:00:00+02:00;0,000;1,000;MESURE
2025-09-03 12:00:00+02:00;0,000;1,000;MESURE
2025-09-03 13:00:00+02:00;0,000;1,000;MESURE
2025-09-03 14:00:00+02:00;0,000;1,000;MESURE
2025-09-03 15:00:00+02:00;0,000;1,000;MESURE
2025-09-03 16:00:00+02:00;0,000;1,000;MESURE
2025-09-03 17:00:00+02:00;0,000;1,000;MESURE
2025-09-03 18:00:00+02:00;0,000;1,000;MESURE
2025-09-03 19:00:00+02:00;1379,000;1,000;MESURE
2025-09-03 20:00:00+02:00;4792,000;1,000;MESURE
2025-09-03 21:00:00+02:00;4836,000;1,000;MESURE
2025-09-03 22:00:00+02:00;4405,000;1,000;MESURE
2025-09-03 23:00:00+02:00;4414,000;1,000;MESURE
2025-09-04 00:00:00+02:00;4419,000;1,000;MESURE
2025-09-04 01:00:00+02:00;4425,000;1,000;MESURE
2025-09-04 02:00:00+02:00;4426,000;1,000;MESURE
2025-09-04 03:00:00+02:00;4447,000;1,000;MESURE
2025-09-04 04:00:00+02:00;4461,000;1,000;MESURE
2025-09-04 05:00:00+02:00;4903,000;1,000;MESURE
2025-09-04 06:00:00+02:00;3602,000;1,000;MESURE
2025-09-04 07:00:00+02:00;0,000;1,000;MESURE
2025-09-04 08:00:00+02:00;0,000;1,000;MESURE
2025-09-04 09:00:00+02:00;0,000;1,000;MESURE
2025-09-04 10:00:00+02:00;0,000;1,000;MESURE
2025-09-04 11:00:00+02:00;0,000;1,000;MESURE
2025-09-04 12:00:00+02:00;0,000;1,000;MESURE
2025-09-04 13:00:00+02:00;0,000;1,000;MESURE
2025-09-04 14:00:00+02:00;0,000;1,000;MESURE
2025-09-04 15:00:00+02:00;0,000;1,000;MESURE
2025-09-04 16:00:00+02:00;0,000;1,000;MESURE
2025-09-04 17:00:00+02:00;0,000;1,000;MESURE
2025-09-04 18:00:00+02:00;0,000;1,000;MESURE
2025-09-04 19:00:00+02:00;1523,000;1,000;MESURE
2025-09-04 20:00:00+02:00;4732,000;1,000;MESURE
2025-09-04 21:00:00+02:00;4766,000;1,000;MESURE
2025-09-04 22:00:00+02:00;4341,000;1,000;MESURE
2025-09-04 23:00:00+02:00;4334,000;1,000;MESURE
2025-09-05 00:00:00+02:00;4370,000;1,000;MESURE
2025-09-05 01:00:00+02:00;4362,000;1,000;MESURE
2025-09-05 02:00:00+02:00;4335,000;1,000;MESURE
2025-09-05 03:00:00+02:00;4357,000;1,000;MESURE
2025-09-05 04:00:00+02:00;4373,000;1,000;MESURE
2025-09-05 05:00:00+02:00;4826,000;1,000;MESURE
2025-09-05 06:00:00+02:00;3632,000;1,000;MESURE
2025-09-05 07:00:00+02:00;0,000;1,000;MESURE
2025-09-05 08:00:00+02:00;0,000;1,000;MESURE
2025-09-05 09:00:00+02:00;0,000;1,000;MESURE
2025-09-05 10:00:00+02:00;0,000;1,000;MESURE
2025-09-05 11:00:00+02:00;0,000;1,000;MESURE
2025-09-05 12:00:00+02:00;0,000;1,000;MESURE
2025-09-05 13:00:00+02:00;0,000;1,000;MESURE
2025-09-05 14:00:00+02:00;0,000;1,000;MESURE
2025-09-05 15:00:00+02:00;0,000;1,000;MESURE
2025-09-05 16:00:00+02:00;0,000;1,000;MESURE
2025-09-05 17:00:00+02:00;0,000;1,000;MESURE
2025-09-05 18:00:00+02:00;0,000;1,000;MESURE
2025-09-05 19:00:00+02:00;1727,000;1,000;MESURE
2025-09-05 20:00:00+02:00;4855,000;1,000;MESURE
2025-09-05 21:00:00+02:00;4897,000;1,000;MESURE
2025-09-05 22:00:00+02:00;4465,000;1,000;MESURE
2025-09-05 23:00:00+02:00;4449,000;1,000;MESURE
2025-09-06 00:00:00+02:00;4464,000;1,000;MESURE
2025-09-06 01:00:00+02:00;4508,000;1,000;MESURE
2025-09-06 02:00:00+02:00;4533,000;1,000;MESURE
2025-09-06 03:00:00+02:00;4553,000;1,000;MESURE
2025-09-06 04:00:00+02:00;4568,000;1,000;MESURE
2025-09-06 05:00:00+02:00;4997,000;1,000;MESURE
2025-09-06 06:00:00+02:00;3850,000;1,000;MESURE
2025-09-06 07:00:00+02:00;0,000;1,000;MESURE
2025-09-06 08:00:00+02:00;0,000;1,000;MESURE
2025-09-06 09:00:00+02:00;0,000;1,000;MESURE
2025-09-06 10:00:00+02:00;0,000;1,000;MESURE
2025-09-06 11:00:00+02:00;0,000;1,000;MESURE
2025-09-06 12:00:00+02:00;0,000;1,000;MESURE
2025-09-06 13:00:00+02:00;0,000;1,000;MESURE
2025-09-06 14:00:00+02:00;0,000;1,000;MESURE
2025-09-06 15:00:00+02:00;0,000;1,000;MESURE
2025-09-06 16:00:00+02:00;0,000;1,000;MESURE
2025-09-06 17:00:00+02:00;0,000;1,000;MESURE
2025-09-06 18:00:00+02:00;0,000;1,000;MESURE
2025-09-06 19:00:00+02:00;1868,000;1,000;MESURE
2025-09-06 20:00:00+02:00;4796,000;1,000;MESURE
2025-09-06 21:00:00+02:00;4837,000;1,000;MESURE
2025-09-06 22:00:00+02:00;4390,000;1,000;MESURE
2025-09-06 23:00:00+02:00;4430,000;1,000;MESURE
2025-09-07 00:00:00+02:00;4437,000;1,000;MESURE
2025-09-07 01:00:00+02:00;4399,000;1,000;MESURE
2025-09-07 02:00:00+02:00;4445,000;1,000;MESURE
2025-09-07 03:00:00+02:00;4408,000;1,000;MESURE
2025-09-07 04:00:00+02:00;4439,000;1,000;MESURE
2025-09-07 05:00:00+02:00;4889,000;1,000;MESURE
2025-09-07 06:00:00+02:00;3833,000;1,000;MESURE
2025-09-07 07:00:00+02:00;0,000;1,000;MESURE
2025-09-07 08:00:00+02:00;0,000;1,000;MESURE
2025-09-07 09:00:00+02:00;0,000;1,000;MESURE
2025-09-07 10:00:00+02:00;0,000;1,000;MESURE
2025-09-07 11:00:00+02:00;0,000;1,000;MESURE
2025-09-07 12:00:00+02:00;0,000;1,000;MESURE
2025-09-07 13:00:00+02:00;0,000;1,000;MESURE
2025-09-07 14:00:00+02:00;0,000;1,000;MESURE
2025-09-07 15:00:00+02:00;0,000;1,000;MESURE
2025-09-07 16:00:00+02:00;0,000;1,000;MESURE
2025-09-07 17:00:00+02:00;0,000;1,000;MESURE
2025-09-07 18:00:00+02:00;0,000;1,000;MESURE
2025-09-07 19:00:00+02:00;2023,000;1,000;MESURE
2025-09-07 20:00:00+02:00;4805,000;1,000;MESURE
2025-09-07 21:00:00+02:00;4831,000;1,000;MESURE
2025-09-07 22:00:00+02:00;4381,000;1,000;MESURE
2025-09-07 23:00:00+02:00;4419,000;1,000;MESURE
2025-09-08 00:00:00+02:00;4403,000;1,000;MESURE
2025-09-08 01:00:00+02:00;4376,000;1,000;MESURE
2025-09-08 02:00:00+02:00;4434,000;1,000;MESURE
2025-09-08 03:00:00+02:00;4461,000;1,000;MESURE
2025-09-08 04:00:00+02:00;4459,000;1,000;MESURE
2025-09-08 05:00:00+02:00;4911,000;1,000;MESURE
2025-09-08 06:00:00+02:00;4016,000;1,000;MESURE
2025-09-08 07:00:00+02:00;0,000;1,000;MESURE
2025-09-08 08:00:00+02:00;0,000;1,000;MESURE
2025-09-08 09:00:00+02:00;0,000;1,000;MESURE
2025-09-08 10:00:00+02:00;0,000;1,000;MESURE
2025-09-08 11:00:00+02:00;0,000;1,000;MESURE
2025-09-08 12:00:00+02:00;0,000;1,000;MESURE
2025-09-08 13:00:00+02:00;0,000;1,000;MESURE
2025-09-08 14:00:00+02:00;0,000;1,000;MESURE
2025-09-08 15:00:00+02:00;0,000;1,000;MESURE
2025-09-08 16:00:00+02:00;0,000;1,000;MESURE
2025-09-08 17:00:00+02:00;0,000;1,000;MESURE
2025-09-08 18:00:00+02:00;0,000;1,000;MESURE
2025-09-08 19:00:00+02:00;2165,000;1,000;MESURE
2025-09-08 20:00:00+02:00;4765,000;1,000;MESURE
2025-09-08 21:00:00+02:00;4804,000;1,000;MESURE
2025-09-08 22:00:00+02:00;4364,000;1,000;MESURE
2025-09-08 23:00:00+02:00;4363,000;1,000;MESURE
2025-09-09 00:00:00+02:00;4412,000;1,000;MESURE
2025-09-09 01:00:00+02:00;4430,000;1,000;MESURE
2025-09-09 02:00:00+02:00;4460,000;1,000;MESURE
2025-09-09 03:00:00+02:00;4489,000;1,000;MESURE
2025-09-09 04:00:00+02:00;4505,000;1,000;MESURE
2025-09-09 05:00:00+02:00;4935,000;1,000;MESURE
2025-09-09 06:00:00+02:00;4133,000;1,000;MESURE
2025-09-09 07:00:00+02:00;0,000;1,000;MESURE
2025-09-09 08:00:00+02:00;0,000;1,000;MESURE
2025-09-09 09:00:00+02:00;0,000;1,000;MESURE
2025-09-09 10:00:00+02:00;0,000;1,000;MESURE
2025-09-09 11:00:00+02:00;0,000;1,000;MESURE
2025-09-09 12:00:00+02:00;0,000;1,000;MESURE
2025-09-09 13:00:00+02:00;0,000;1,000;MESURE
2025-09-09 14:00:00+02:00;0,000;1,000;MESURE
2025-09-09 15:00:00+02:00;0,000;1,000;MESURE
2025-09-09 16:00:00+02:00;0,000;1,000;MESURE
2025-09-09 17:00:00+02:00;0,000;1,000;MESURE
2025-09-09 18:00:00+02:00;0,000;1,000;MESURE
2025-09-09 19:00:00+02:00;2269,000;1,000;MESURE
2025-09-09 20:00:00+02:00;4820,000;1,000;MESURE
2025-09-09 21:00:00+02:00;4863,000;1,000;MESURE
2025-09-09 22:00:00+02:00;4451,000;1,000;MESURE
2025-09-09 23:00:00+02:00;4436,000;1,000;MESURE
2025-09-10 00:00:00+02:00;4446,000;1,000;MESURE
2025-09-10 01:00:00+02:00;4452,000;1,000;MESURE
2025-09-10 02:00:00+02:00;4435,000;1,000;MESURE
2025-09-10 03:00:00+02:00;4451,000;1,000;MESURE
2025-09-10 04:00:00+02:00;4461,000;1,000;MESURE
2025-09-10 05:00:00+02:00;4910,000;1,000;MESURE
2025-09-10 06:00:00+02:00;4178,000;1,000;MESURE
2025-09-10 07:00:00+02:00;0,000;1,000;MESURE
2025-09-10 08:00:00+02:00;0,000;1,000;MESURE
2025-09-10 09:00:00+02:00;0,000;1,000;MESURE
2025-09-10 10:00:00+02:00;0,000;1,000;MESURE
2025-09-10 11:00:00+02:00;0,000;1,000;MESURE
2025-09-10 12:00:00+02:00;0,000;1,000;MESURE
2025-09-10 13:00:00+02:00;0,000;1,000;MESURE
2025-09-10 14:00:00+02:00;0,000;1,000;MESURE
2025-09-10 15:00:00+02:00;0,000;1,000;MESURE
2025-09-10 16:00:00+02:00;0,000;1,000;MESURE
2025-09-10 17:00:00+02:00;0,000;1,000;MESURE
2025-09-10 18:00:00+02:00;0,000;1,000;MESURE
2025-09-10 19:00:00+02:00;2399,000;1,000;MESURE
2025-09-10 20:00:00+02:00;4793,000;1,000;MESURE
2025-09-10 21:00:00+02:00;4822,000;1,000;MESURE
2025-09-10 22:00:00+02:00;4384,000;1,000;MESURE
2025-09-10 23:00:00+02:00;4331,000;1,000;MESURE
2025-09-11 00:00:00+02:00;4353,000;1,000;MESURE
2025-09-11 01:00:00+02:00;4377,000;1,000;MESURE
2025-09-11 02:00:00+02:00;4379,000;1,000;MESURE
2025-09-11 03:00:00+02:00;4390,000;1,000;MESURE
2025-09-11 04:00:00+02:00;4390,000;1,000;MESURE
2025-09-11 05:00:00+02:00;4825,000;1,000;MESURE
2025-09-11 06:00:00+02:00;4294,000;1,000;MESURE
2025-09-11 07:00:00+02:00;0,000;1,000;MESURE
2025-09-11 08:00:00+02:00;0,000;1,000;MESURE
2025-09-11 09:00:00+02:00;0,000;1,000;MESURE
2025-09-11 10:00:00+02:00;0,000;1,000;MESURE
2025-09-11 11:00:00+02:00;0,000;1,000;MESURE
2025-09-11 12:00:00+02:00;0,000;1,000;MESURE
2025-09-11 13:00:00+02:00;0,000;1,000;MESURE
2025-09-11 14:00:00+02:00;0,000;1,000;MESURE
2025-09-11 15:00:00+02:00;0,000;1,000;MESURE
2025-09-11 16:00:00+02:00;0,000;1,000;MESURE
2025-09-11 17:00:00+02:00;0,000;1,000;MESURE
2025-09-11 18:00:00+02:00;0,000;1,000;MESURE
2025-09-11 19:00:00+02:00;2576,000;1,000;MESURE
2025-09-11 20:00:00+02:00;4697,000;1,000;MESURE
2025-09-11 21:00:00+02:00;4717,000;1,000;MESURE
2025-09-11 22:00:00+02:00;4278,000;1,000;MESURE
2025-09-11 23:00:00+02:00;4292,000;1,000;MESURE
2025-09-12 00:00:00+02:00;4392,000;1,000;MESURE
2025-09-12 01:00:00+02:00;4377,000;1,000;MESURE
2025-09-12 02:00:00+02:00;4386,000;1,000;MESURE
2025-09-12 03:00:00+02:00;4329,000;1,000;MESURE
2025-09-12 04:00:00+02:00;4317,000;1,000;MESURE
2025-09-12 05:00:00+02:00;4747,000;1,000;MESURE
2025-09-12 06:00:00+02:00;4288,000;1,000;MESURE
2025-09-12 07:00:00+02:00;0,000;1,000;MESURE
2025-09-12 08:00:00+02:00;0,000;1,000;MESURE
2025-09-12 09:00:00+02:00;0,000;1,000;MESURE
2025-09-12 10:00:00+02:00;411,000;1,000;MESURE
2025-09-12 11:00:00+02:00;0,000;1,000;MESURE
2025-09-12 12:00:00+02:00;0,000;1,000;MESURE
2025-09-12 13:00:00+02:00;0,000;1,000;MESURE
2025-09-12 14:00:00+02:00;0,000;1,000;MESURE
2025-09-12 15:00:00+02:00;0,000;1,000;MESURE
2025-09-12 16:00:00+02:00;0,000;1,000;MESURE
2025-09-12 17:00:00+02:00;0,000;1,000;MESURE
2025-09-12 18:00:00+02:00;0,000;1,000;MESURE
2025-09-12 19:00:00+02:00;2677,000;1,000;MESURE
2025-09-12 20:00:00+02:00;4702,000;1,000;MESURE
2025-09-12 21:00:00+02:00;4733,000;1,000;MESURE
2025-09-12 22:00:00+02:00;4294,000;1,000;MESURE
2025-09-12 23:00:00+02:00;4258,000;1,000;MESURE
2025-09-13 00:00:00+02:00;4348,000;1,000;MESURE
2025-09-13 01:00:00+02:00;4375,000;1,000;MESURE
2025-09-13 02:00:00+02:00;4357,000;1,000;MESURE
2025-09-13 03:00:00+02:00;4353,000;1,000;MESURE
2025-09-13 04:00:00+02:00;4281,000;1,000;MESURE
2025-09-13 05:00:00+02:00;4737,000;1,000;MESURE
2025-09-13 06:00:00+02:00;4392,000;1,000;MESURE
2025-09-13 07:00:00+02:00;0,000;1,000;MESURE
2025-09-13 08:00:00+02:00;0,000;1,000;MESURE
2025-09-13 09:00:00+02:00;0,000;1,000;MESURE
2025-09-13 10:00:00+02:00;0,000;1,000;MESURE
2025-09-13 11:00:00+02:00;0,000;1,000;MESURE
2025-09-13 12:00:00+02:00;0,000;1,000;MESURE
2025-09-13 13:00:00+02:00;0,000;1,000;MESURE
2025-09-13 14:00:00+02:00;0,000;1,000;MESURE
2025-09-13 15:00:00+02:00;0,000;1,000;MESURE
2025-09-13 16:00:00+02:00;0,000;1,000;MESURE
2025-09-13 17:00:00+02:00;0,000;1,000;MESURE
2025-09-13 18:00:00+02:00;0,000;1,000;MESURE
2025-09-13 19:00:00+02:00;2905,000;1,000;MESURE
2025-09-13 20:00:00+02:00;4797,000;1,000;MESURE
2025-09-13 21:00:00+02:00;4746,000;1,000;MESURE
2025-09-13 22:00:00+02:00;4354,000;1,000;MESURE
2025-09-13 23:00:00+02:00;4352,000;1,000;MESURE
2025-09-14 00:00:00+02:00;4286,000;1,000;MESURE
2025-09-14 01:00:00+02:00;4308,000;1,000;MESURE
2025-09-14 02:00:00+02:00;4289,000;1,000;MESURE
2025-09-14 03:00:00+02:00;4330,000;1,000;MESURE
2025-09-14 04:00:00+02:00;4331,000;1,000;MESURE
2025-09-14 05:00:00+02:00;4794,000;1,000;MESURE
2025-09-14 06:00:00+02:00;4511,000;1,000;MESURE
2025-09-14 07:00:00+02:00;0,000;1,000;MESURE
2025-09-14 08:00:00+02:00;0,000;1,000;MESURE
2025-09-14 09:00:00+02:00;0,000;1,000;MESURE
2025-09-14 10:00:00+02:00;0,000;1,000;MESURE
2025-09-14 11:00:00+02:00;0,000;1,000;MESURE
2025-09-14 12:00:00+02:00;0,000;1,000;MESURE
2025-09-14 13:00:00+02:00;0,000;1,000;MESURE
2025-09-14 14:00:00+02:00;0,000;1,000;MESURE
2025-09-14 15:00:00+02:00;0,000;1,000;MESURE
2025-09-14 16:00:00+02:00;0,000;1,000;MESURE
2025-09-14 17:00:00+02:00;0,000;1,000;MESURE
2025-09-14 18:00:00+02:00;0,000;1,000;MESURE
2025-09-14 19:00:00+02:00;2992,000;1,000;MESURE
2025-09-14 20:00:00+02:00;4697,000;1,000;MESURE
2025-09-14 21:00:00+02:00;4746,000;1,000;MESURE
2025-09-14 22:00:00+02:00;4287,000;1,000;MESURE
2025-09-14 23:00:00+02:00;4338,000;1,000;MESURE
2025-09-15 00:00:00+02:00;4326,000;1,000;MESURE
2025-09-15 01:00:00+02:00;4380,000;1,000;MESURE
2025-09-15 02:00:00+02:00;4371,000;1,000;MESURE
2025-09-15 03:00:00+02:00;4394,000;1,000;MESURE
2025-09-15 04:00:00+02:00;4312,000;1,000;MESURE
2025-09-15 05:00:00+02:00;4839,000;1,000;MESURE
2025-09-15 06:00:00+02:00;4692,000;1,000;MESURE
2025-09-15 07:00:00+02:00;0,000;1,000;MESURE
2025-09-15 08:00:00+02:00;0,000;1,000;MESURE
2025-09-15 09:00:00+02:00;0,000;1,000;MESURE
2025-09-15 10:00:00+02:00;0,000;1,000;MESURE
2025-09-15 11:00:00+02:00;0,000;1,000;MESURE
2025-09-15 12:00:00+02:00;0,000;1,000;MESURE
2025-09-15 13:00:00+02:00;0,000;1,000;MESURE
2025-09-15 14:00:00+02:00;0,000;1,000;MESURE
2025-09-15 15:00:00+02:00;0,000;1,000;MESURE
2025-09-15 16:00:00+02:00;0,000;1,000;MESURE
2025-09-15 17:00:00+02:00;0,000;1,000;MESURE
2025-09-15 18:00:00+02:00;0,000;1,000;MESURE
2025-09-15 19:00:00+02:00;3128,000;1,000;MESURE
2025-09-15 20:00:00+02:00;4675,000;1,000;MESURE
2025-09-15 21:00:00+02:00;4704,000;1,000;MESURE
2025-09-15 22:00:00+02:00;4278,000;1,000;MESURE
2025-09-15 23:00:00+02:00;4237,000;1,000;MESURE
2025-09-16 00:00:00+02:00;4276,000;1,000;MESURE
2025-09-16 01:00:00+02:00;4295,000;1,000;MESURE
2025-09-16 02:00:00+02:00;4283,000;1,000;MESURE
2025-09-16 03:00:00+02:00;4312,000;1,000;MESURE
2025-09-16 04:00:00+02:00;4285,000;1,000;MESURE
2025-09-16 05:00:00+02:00;4724,000;1,000;MESURE
2025-09-16 06:00:00+02:00;4653,000;1,000;MESURE
2025-09-16 07:00:00+02:00;0,000;1,000;MESURE
2025-09-16 08:00:00+02:00;0,000;1,000;MESURE
2025-09-16 09:00:00+02:00;0,000;1,000;MESURE
2025-09-16 10:00:00+02:00;0,000;1,000;MESURE
2025-09-16 11:00:00+02:00;0,000;1,000;MESURE
2025-09-16 12:00:00+02:00;0,000;1,000;MESURE
2025-09-16 13:00:00+02:00;0,000;1,000;MESURE
2025-09-16 14:00:00+02:00;0,000;1,000;MESURE
2025-09-16 15:00:00+02:00;0,000;1,000;MESURE
2025-09-16 16:00:00+02:00;0,000;1,000;MESURE
2025-09-16 17:00:00+02:00;0,000;1,000;MESURE
2025-09-16 18:00:00+02:00;0,000;1,000;MESURE
2025-09-16 19:00:00+02:00;3159,000;1,000;MESURE
2025-09-16 20:00:00+02:00;4480,000;1,000;MESURE
2025-09-16 21:00:00+02:00;4523,000;1,000;MESURE
2025-09-16 22:00:00+02:00;4076,000;1,000;MESURE
2025-09-16 23:00:00+02:00;4081,000;1,000;MESURE
2025-09-17 00:00:00+02:00;4062,000;1,000;MESURE
2025-09-17 01:00:00+02:00;4065,000;1,000;MESURE
2025-09-17 02:00:00+02:00;4065,000;1,000;MESURE
2025-09-17 03:00:00+02:00;4080,000;1,000;MESURE
2025-09-17 04:00:00+02:00;4074,000;1,000;MESURE
2025-09-17 05:00:00+02:00;4543,000;1,000;MESURE
2025-09-17 06:00:00+02:00;4539,000;1,000;MESURE
2025-09-17 07:00:00+02:00;8,000;1,000;MESURE
2025-09-17 08:00:00+02:00;0,000;1,000;MESURE
2025-09-17 09:00:00+02:00;0,000;1,000;MESURE
2025-09-17 10:00:00+02:00;0,000;1,000;MESURE
2025-09-17 11:00:00+02:00;0,000;1,000;MESURE
2025-09-17 12:00:00+02:00;0,000;1,000;MESURE
2025-09-17 13:00:00+02:00;0,000;1,000;MESURE
2025-09-17 14:00:00+02:00;0,000;1,000;MESURE
2025-09-17 15:00:00+02:00;0,000;1,000;MESURE
2025-09-17 16:00:00+02:00;0,000;1,000;MESURE
2025-09-17 17:00:00+02:00;0,000;1,000;MESURE
2025-09-17 18:00:00+02:00;0,000;1,000;MESURE
2025-09-17 19:00:00+02:00;3478,000;1,000;MESURE
2025-09-17 20:00:00+02:00;4684,000;1,000;MESURE
2025-09-17 21:00:00+02:00;4683,000;1,000;MESURE
2025-09-17 22:00:00+02:00;4229,000;1,000;MESURE
2025-09-17 23:00:00+02:00;4206,000;1,000;MESURE
2025-09-18 00:00:00+02:00;4221,000;1,000;MESURE
2025-09-18 01:00:00+02:00;4233,000;1,000;MESURE
2025-09-18 02:00:00+02:00;4234,000;1,000;MESURE
2025-09-18 03:00:00+02:00;4262,000;1,000;MESURE
2025-09-18 04:00:00+02:00;4264,000;1,000;MESURE
2025-09-18 05:00:00+02:00;4701,000;1,000;MESURE
2025-09-18 06:00:00+02:00;4713,000;1,000;MESURE
2025-09-18 07:00:00+02:00;177,000;1,000;MESURE
2025-09-18 08:00:00+02:00;0,000;1,000;MESURE
2025-09-18 09:00:00+02:00;0,000;1,000;MESURE
2025-09-18 10:00:00+02:00;0,000;1,000;MESURE
2025-09-18 11:00:00+02:00;0,000;1,000;MESURE
2025-09-18 12:00:00+02:00;0,000;1,000;MESURE
2025-09-18 13:00:00+02:00;0,000;1,000;MESURE
2025-09-18 14:00:00+02:00;0,000;1,000;MESURE
2025-09-18 15:00:00+02:00;0,000;1,000;MESURE
2025-09-18 16:00:00+02:00;0,000;1,000;MESURE
2025-09-18 17:00:00+02:00;0,000;1,000;MESURE
2025-09-18 18:00:00+02:00;0,000;1,000;MESURE
2025-09-18 19:00:00+02:00;3647,000;1,000;MESURE
2025-09-18 20:00:00+02:00;4704,000;1,000;MESURE
2025-09-18 21:00:00+02:00;4671,000;1,000;MESURE
2025-09-18 22:00:00+02:00;4226,000;1,000;MESURE
2025-09-18 23:00:00+02:00;4209,000;1,000;MESURE
2025-09-19 00:00:00+02:00;4228,000;1,000;MESURE
2025-09-19 01:00:00+02:00;4220,000;1,000;MESURE
2025-09-19 02:00:00+02:00;4311,000;1,000;MESURE
2025-09-19 03:00:00+02:00;4282,000;1,000;MESURE
2025-09-19 04:00:00+02:00;4256,000;1,000;MESURE
2025-09-19 05:00:00+02:00;4714,000;1,000;MESURE
2025-09-19 06:00:00+02:00;4731,000;1,000;MESURE
2025-09-19 07:00:00+02:00;261,000;1,000;MESURE
2025-09-19 08:00:00+02:00;0,000;1,000;MESURE
2025-09-19 09:00:00+02:00;0,000;1,000;MESURE
2025-09-19 10:00:00+02:00;0,000;1,000;MESURE
2025-09-19 11:00:00+02:00;0,000;1,000;MESURE
2025-09-19 12:00:00+02:00;0,000;1,000;MESURE
2025-09-19 13:00:00+02:00;0,000;1,000;MESURE
2025-09-19 14:00:00+02:00;0,000;1,000;MESURE
2025-09-19 15:00:00+02:00;0,000;1,000;MESURE
2025-09-19 16:00:00+02:00;23,000;1,000;MESURE
2025-09-19 17:00:00+02:00;17,000;1,000;MESURE
2025-09-19 18:00:00+02:00;12,000;1,000;MESURE
2025-09-19 19:00:00+02:00;3816,000;1,000;MESURE
2025-09-19 20:00:00+02:00;4740,000;1,000;MESURE
2025-09-19 21:00:00+02:00;4757,000;1,000;MESURE
2025-09-19 22:00:00+02:00;4320,000;1,000;MESURE
2025-09-19 23:00:00+02:00;4300,000;1,000;MESURE
2025-09-20 00:00:00+02:00;4218,000;1,000;MESURE
2025-09-20 01:00:00+02:00;4258,000;1,000;MESURE
2025-09-20 02:00:00+02:00;4240,000;1,000;MESURE
2025-09-20 03:00:00+02:00;4260,000;1,000;MESURE
2025-09-20 04:00:00+02:00;4252,000;1,000;MESURE
2025-09-20 05:00:00+02:00;4719,000;1,000;MESURE
2025-09-20 06:00:00+02:00;4747,000;1,000;MESURE
2025-09-20 07:00:00+02:00;479,000;1,000;MESURE
2025-09-20 08:00:00+02:00;403,000;1,000;MESURE
2025-09-20 09:00:00+02:00;497,000;1,000;MESURE
2025-09-20 10:00:00+02:00;10,000;1,000;MESURE
2025-09-20 11:00:00+02:00;9,000;1,000;MESURE
2025-09-20 12:00:00+02:00;71,000;1,000;MESURE
2025-09-20 13:00:00+02:00;26,000;1,000;MESURE
2025-09-20 14:00:00+02:00;36,000;1,000;MESURE
2025-09-20 15:00:00+02:00;10,000;1,000;MESURE
2025-09-20 16:00:00+02:00;14,000;1,000;MESURE
2025-09-20 17:00:00+02:00;15,000;1,000;MESURE
2025-09-20 18:00:00+02:00;15,000;1,000;MESURE
2025-09-20 19:00:00+02:00;3962,000;1,000;MESURE
2025-09-20 20:00:00+02:00;4746,000;1,000;MESURE
2025-09-20 21:00:00+02:00;4671,000;1,000;MESURE
2025-09-20 22:00:00+02:00;4195,000;1,000;MESURE
2025-09-20 23:00:00+02:00;4298,000;1,000;MESURE
2025-09-21 00:00:00+02:00;4302,000;1,000;MESURE
2025-09-21 01:00:00+02:00;4233,000;1,000;MESURE
2025-09-21 02:00:00+02:00;4252,000;1,000;MESURE
2025-09-21 03:00:00+02:00;4253,000;1,000;MESURE
2025-09-21 04:00:00+02:00;4258,000;1,000;MESURE
2025-09-21 05:00:00+02:00;4701,000;1,000;MESURE
2025-09-21 06:00:00+02:00;4715,000;1,000;MESURE
2025-09-21 07:00:00+02:00;429,000;1,000;MESURE
2025-09-21 08:00:00+02:00;59,000;1,000;MESURE
2025-09-21 09:00:00+02:00;441,000;1,000;MESURE
2025-09-21 10:00:00+02:00;307,000;1,000;MESURE
2025-09-21 11:00:00+02:00;1555,000;1,000;MESURE
2025-09-21 12:00:00+02:00;590,000;1,000;MESURE
2025-09-21 13:00:00+02:00;741,000;1,000;MESURE
2025-09-21 14:00:00+02:00;722,000;1,000;MESURE
2025-09-21 15:00:00+02:00;333,000;1,000;MESURE
2025-09-21 16:00:00+02:00;492,000;1,000;MESURE
2025-09-21 17:00:00+02:00;45,000;1,000;MESURE
2025-09-21 18:00:00+02:00;0,000;1,000;MESURE
2025-09-21 19:00:00+02:00;4131,000;1,000;MESURE
2025-09-21 20:00:00+02:00;4760,000;1,000;MESURE
2025-09-21 21:00:00+02:00;4719,000;1,000;MESURE
2025-09-21 22:00:00+02:00;4260,000;1,000;MESURE
2025-09-21 23:00:00+02:00;4333,000;1,000;MESURE
2025-09-22 00:00:00+02:00;4336,000;1,000;MESURE
2025-09-22 01:00:00+02:00;4344,000;1,000;MESURE
2025-09-22 02:00:00+02:00;4345,000;1,000;MESURE
2025-09-22 03:00:00+02:00;4452,000;1,000;MESURE
2025-09-22 04:00:00+02:00;4432,000;1,000;MESURE
2025-09-22 05:00:00+02:00;4849,000;1,000;MESURE
2025-09-22 06:00:00+02:00;4936,000;1,000;MESURE
2025-09-22 07:00:00+02:00;594,000;1,000;MESURE
2025-09-22 08:00:00+02:00;0,000;1,000;MESURE
2025-09-22 09:00:00+02:00;0,000;1,000;MESURE
2025-09-22 10:00:00+02:00;0,000;1,000;MESURE
2025-09-22 11:00:00+02:00;0,000;1,000;MESURE
2025-09-22 12:00:00+02:00;0,000;1,000;MESURE
2025-09-22 13:00:00+02:00;0,000;1,000;MESURE
2025-09-22 14:00:00+02:00;0,000;1,000;MESURE
2025-09-22 15:00:00+02:00;0,000;1,000;MESURE
2025-09-22 16:00:00+02:00;0,000;1,000;MESURE
2025-09-22 17:00:00+02:00;0,000;1,000;MESURE
2025-09-22 18:00:00+02:00;0,000;1,000;MESURE
2025-09-22 19:00:00+02:00;4454,000;1,000;MESURE
2025-09-22 20:00:00+02:00;4885,000;1,000;MESURE
2025-09-22 21:00:00+02:00;4821,000;1,000;MESURE
2025-09-22 22:00:00+02:00;4385,000;1,000;MESURE
2025-09-22 23:00:00+02:00;4424,000;1,000;MESURE
2025-09-23 00:00:00+02:00;4406,000;1,000;MESURE
2025-09-23 01:00:00+02:00;4424,000;1,000;MESURE
2025-09-23 02:00:00+02:00;4426,000;1,000;MESURE
2025-09-23 03:00:00+02:00;4446,000;1,000;MESURE
2025-09-23 04:00:00+02:00;4461,000;1,000;MESURE
2025-09-23 05:00:00+02:00;4880,000;1,000;MESURE
2025-09-23 06:00:00+02:00;4948,000;1,000;MESURE
2025-09-23 07:00:00+02:00;681,000;1,000;MESURE
2025-09-23 08:00:00+02:00;0,000;1,000;MESURE
2025-09-23 09:00:00+02:00;0,000;1,000;MESURE
2025-09-23 10:00:00+02:00;0,000;1,000;MESURE
2025-09-23 11:00:00+02:00;0,000;1,000;MESURE
2025-09-23 12:00:00+02:00;0,000;1,000;MESURE
2025-09-23 13:00:00+02:00;0,000;1,000;MESURE
2025-09-23 14:00:00+02:00;0,000;1,000;MESURE
2025-09-23 15:00:00+02:00;0,000;1,000;MESURE
2025-09-23 16:00:00+02:00;0,000;1,000;MESURE
2025-09-23 17:00:00+02:00;0,000;1,000;MESURE
2025-09-23 18:00:00+02:00;0,000;1,000;MESURE
2025-09-23 19:00:00+02:00;4349,000;1,000;MESURE
2025-09-23 20:00:00+02:00;4640,000;1,000;MESURE
2025-09-23 21:00:00+02:00;4670,000;1,000;MESURE
2025-09-23 22:00:00+02:00;4235,000;1,000;MESURE
2025-09-23 23:00:00+02:00;4199,000;1,000;MESURE
2025-09-24 00:00:00+02:00;4232,000;1,000;MESURE
2025-09-24 01:00:00+02:00;4259,000;1,000;MESURE
2025-09-24 02:00:00+02:00;4272,000;1,000;MESURE
2025-09-24 03:00:00+02:00;4285,000;1,000;MESURE
2025-09-24 04:00:00+02:00;4289,000;1,000;MESURE
2025-09-24 05:00:00+02:00;4750,000;1,000;MESURE
2025-09-24 06:00:00+02:00;4728,000;1,000;MESURE
2025-09-24 07:00:00+02:00;733,000;1,000;MESURE
2025-09-24 08:00:00+02:00;0,000;1,000;MESURE
2025-09-24 09:00:00+02:00;0,000;1,000;MESURE
2025-09-24 10:00:00+02:00;0,000;1,000;MESURE
2025-09-24 11:00:00+02:00;0,000;1,000;MESURE
2025-09-24 12:00:00+02:00;0,000;1,000;MESURE
2025-09-24 13:00:00+02:00;0,000;1,000;MESURE
2025-09-24 14:00:00+02:00;0,000;1,000;MESURE
2025-09-24 15:00:00+02:00;0,000;1,000;MESURE
2025-09-24 16:00:00+02:00;0,000;1,000;MESURE
2025-09-24 17:00:00+02:00;0,000;1,000;MESURE
2025-09-24 18:00:00+02:00;0,000;1,000;MESURE
2025-09-24 19:00:00+02:00;4688,000;1,000;MESURE
2025-09-24 20:00:00+02:00;4865,000;1,000;MESURE
2025-09-24 21:00:00+02:00;4803,000;1,000;MESURE
2025-09-24 22:00:00+02:00;4341,000;1,000;MESURE
2025-09-24 23:00:00+02:00;4354,000;1,000;MESURE
2025-09-25 00:00:00+02:00;4348,000;1,000;MESURE
2025-09-25 01:00:00+02:00;4410,000;1,000;MESURE
2025-09-25 02:00:00+02:00;4433,000;1,000;MESURE
2025-09-25 03:00:00+02:00;4363,000;1,000;MESURE
2025-09-25 04:00:00+02:00;4370,000;1,000;MESURE
2025-09-25 05:00:00+02:00;4834,000;1,000;MESURE
2025-09-25 06:00:00+02:00;4822,000;1,000;MESURE
2025-09-25 07:00:00+02:00;906,000;1,000;MESURE
2025-09-25 08:00:00+02:00;0,000;1,000;MESURE
2025-09-25 09:00:00+02:00;0,000;1,000;MESURE
2025-09-25 10:00:00+02:00;0,000;1,000;MESURE
2025-09-25 11:00:00+02:00;0,000;1,000;MESURE
2025-09-25 12:00:00+02:00;0,000;1,000;MESURE
2025-09-25 13:00:00+02:00;0,000;1,000;MESURE
2025-09-25 14:00:00+02:00;0,000;1,000;MESURE
2025-09-25 15:00:00+02:00;0,000;1,000;MESURE
2025-09-25 16:00:00+02:00;0,000;1,000;MESURE
2025-09-25 17:00:00+02:00;0,000;1,000;MESURE
2025-09-25 18:00:00+02:00;46,000;1,000;MESURE
2025-09-25 19:00:00+02:00;4601,000;1,000;MESURE
2025-09-25 20:00:00+02:00;4639,000;1,000;MESURE
2025-09-25 21:00:00+02:00;4625,000;1,000;MESURE
2025-09-25 22:00:00+02:00;4152,000;1,000;MESURE
2025-09-25 23:00:00+02:00;4115,000;1,000;MESURE
2025-09-26 00:00:00+02:00;4132,000;1,000;MESURE
2025-09-26 01:00:00+02:00;4126,000;1,000;MESURE
2025-09-26 02:00:00+02:00;4139,000;1,000;MESURE
2025-09-26 03:00:00+02:00;4145,000;1,000;MESURE
2025-09-26 04:00:00+02:00;4156,000;1,000;MESURE
2025-09-26 05:00:00+02:00;4638,000;1,000;MESURE
2025-09-26 06:00:00+02:00;4647,000;1,000;MESURE
2025-09-26 07:00:00+02:00;954,000;1,000;MESURE
2025-09-26 08:00:00+02:00;0,000;1,000;MESURE
2025-09-26 09:00:00+02:00;0,000;1,000;MESURE
2025-09-26 10:00:00+02:00;0,000;1,000;MESURE
2025-09-26 11:00:00+02:00;0,000;1,000;MESURE
2025-09-26 12:00:00+02:00;0,000;1,000;MESURE
2025-09-26 13:00:00+02:00;0,000;1,000;MESURE
2025-09-26 14:00:00+02:00;0,000;1,000;MESURE
2025-09-26 15:00:00+02:00;0,000;1,000;MESURE
2025-09-26 16:00:00+02:00;0,000;1,000;MESURE
2025-09-26 17:00:00+02:00;0,000;1,000;MESURE
2025-09-26 18:00:00+02:00;197,000;1,000;MESURE
2025-09-26 19:00:00+02:00;4795,000;1,000;MESURE
2025-09-26 20:00:00+02:00;4851,000;1,000;MESURE
2025-09-26 21:00:00+02:00;4881,000;1,000;MESURE
2025-09-26 22:00:00+02:00;4359,000;1,000;MESURE
2025-09-26 23:00:00+02:00;4443,000;1,000;MESURE
2025-09-27 00:00:00+02:00;4383,000;1,000;MESURE
2025-09-27 01:00:00+02:00;4366,000;1,000;MESURE
2025-09-27 02:00:00+02:00;4373,000;1,000;MESURE
2025-09-27 03:00:00+02:00;4399,000;1,000;MESURE
2025-09-27 04:00:00+02:00;4380,000;1,000;MESURE
2025-09-27 05:00:00+02:00;4837,000;1,000;MESURE
2025-09-27 06:00:00+02:00;4842,000;1,000;MESURE
2025-09-27 07:00:00+02:00;1065,000;1,000;MESURE
2025-09-27 08:00:00+02:00;0,000;1,000;MESURE
2025-09-27 09:00:00+02:00;0,000;1,000;MESURE
2025-09-27 10:00:00+02:00;0,000;1,000;MESURE
2025-09-27 11:00:00+02:00;0,000;1,000;MESURE
2025-09-27 12:00:00+02:00;0,000;1,000;MESURE
2025-09-27 13:00:00+02:00;0,000;1,000;MESURE
2025-09-27 14:00:00+02:00;0,000;1,000;MESURE
2025-09-27 15:00:00+02:00;0,000;1,000;MESURE
2025-09-27 16:00:00+02:00;0,000;1,000;MESURE
2025-09-27 17:00:00+02:00;0,000;1,000;MESURE
2025-09-27 18:00:00+02:00;351,000;1,000;MESURE
2025-09-27 19:00:00+02:00;4805,000;1,000;MESURE
2025-09-27 20:00:00+02:00;4811,000;1,000;MESURE
2025-09-27 21:00:00+02:00;4760,000;1,000;MESURE
2025-09-27 22:00:00+02:00;4304,000;1,000;MESURE
2025-09-27 23:00:00+02:00;4304,000;1,000;MESURE
2025-09-28 00:00:00+02:00;4316,000;1,000;MESURE
2025-09-28 01:00:00+02:00;4338,000;1,000;MESURE
2025-09-28 02:00:00+02:00;4320,000;1,000;MESURE
2025-09-28 03:00:00+02:00;4336,000;1,000;MESURE
2025-09-28 04:00:00+02:00;4334,000;1,000;MESURE
2025-09-28 05:00:00+02:00;4780,000;1,000;MESURE
2025-09-28 06:00:00+02:00;4770,000;1,000;MESURE
2025-09-28 07:00:00+02:00;1137,000;1,000;MESURE
2025-09-28 08:00:00+02:00;0,000;1,000;MESURE
2025-09-28 09:00:00+02:00;0,000;1,000;MESURE
2025-09-28 10:00:00+02:00;0,000;1,000;MESURE
2025-09-28 11:00:00+02:00;0,000;1,000;MESURE
2025-09-28 12:00:00+02:00;0,000;1,000;MESURE
2025-09-28 13:00:00+02:00;0,000;1,000;MESURE
2025-09-28 14:00:00+02:00;0,000;1,000;MESURE
2025-09-28 15:00:00+02:00;0,000;1,000;MESURE
2025-09-28 16:00:00+02:00;0,000;1,000;MESURE
2025-09-28 17:00:00+02:00;0,000;1,000;MESURE
2025-09-28 18:00:00+02:00;500,000;1,000;MESURE
2025-09-28 19:00:00+02:00;4771,000;1,000;MESURE
2025-09-28 20:00:00+02:00;4718,000;1,000;MESURE
2025-09-28 21:00:00+02:00;4718,000;1,000;MESURE
2025-09-28 22:00:00+02:00;4280,000;1,000;MESURE
2025-09-28 23:00:00+02:00;4270,000;1,000;MESURE
2025-09-29 00:00:00+02:00;4292,000;1,000;MESURE
2025-09-29 01:00:00+02:00;4295,000;1,000;MESURE
2025-09-29 02:00:00+02:00;4291,000;1,000;MESURE
2025-09-29 03:00:00+02:00;4303,000;1,000;MESURE
2025-09-29 04:00:00+02:00;4293,000;1,000;MESURE
2025-09-29 05:00:00+02:00;4768,000;1,000;MESURE
2025-09-29 06:00:00+02:00;4815,000;1,000;MESURE
2025-09-29 07:00:00+02:00;1302,000;1,000;MESURE
2025-09-29 08:00:00+02:00;0,000;1,000;MESURE
2025-09-29 09:00:00+02:00;0,000;1,000;MESURE
2025-09-29 10:00:00+02:00;0,000;1,000;MESURE
2025-09-29 11:00:00+02:00;0,000;1,000;MESURE
2025-09-29 12:00:00+02:00;0,000;1,000;MESURE
2025-09-29 13:00:00+02:00;0,000;1,000;MESURE
2025-09-29 14:00:00+02:00;0,000;1,000;MESURE
2025-09-29 15:00:00+02:00;0,000;1,000;MESURE
2025-09-29 16:00:00+02:00;0,000;1,000;MESURE
2025-09-29 17:00:00+02:00;0,000;1,000;MESURE
2025-09-29 18:00:00+02:00;675,000;1,000;MESURE
2025-09-29 19:00:00+02:00;4741,000;1,000;MESURE
2025-09-29 20:00:00+02:00;4765,000;1,000;MESURE
2025-09-29 21:00:00+02:00;4715,000;1,000;MESURE
2025-09-29 22:00:00+02:00;4302,000;1,000;MESURE
2025-09-29 23:00:00+02:00;4340,000;1,000;MESURE
2025-09-30 00:00:00+02:00;4275,000;1,000;MESURE
2025-09-30 01:00:00+02:00;4263,000;1,000;MESURE
2025-09-30 02:00:00+02:00;4257,000;1,000;MESURE
2025-09-30 03:00:00+02:00;4282,000;1,000;MESURE
2025-09-30 04:00:00+02:00;4287,000;1,000;MESURE
2025-09-30 05:00:00+02:00;4726,000;1,000;MESURE
2025-09-30 06:00:00+02:00;4805,000;1,000;MESURE
2025-09-30 07:00:00+02:00;1374,000;1,000;MESURE
2025-09-30 08:00:00+02:00;0,000;1,000;MESURE
2025-09-30 09:00:00+02:00;0,000;1,000;MESURE
2025-09-30 10:00:00+02:00;0,000;1,000;MESURE
2025-09-30 11:00:00+02:00;0,000;1,000;MESURE
2025-09-30 12:00:00+02:00;0,000;1,000;MESURE
2025-09-30 13:00:00+02:00;0,000;1,000;MESURE
2025-09-30 14:00:00+02:00;0,000;1,000;MESURE
2025-09-30 15:00:00+02:00;0,000;1,000;MESURE
2025-09-30 16:00:00+02:00;0,000;1,000;MESURE
2025-09-30 17:00:00+02:00;0,000;1,000;MESURE
2025-09-30 18:00:00+02:00;810,000;1,000;MESURE
2025-09-30 19:00:00+02:00;4724,000;1,000;MESURE
2025-09-30 20:00:00+02:00;4763,000;1,000;MESURE
2025-09-30 21:00:00+02:00;4783,000;1,000;MESURE
2025-09-30 22:00:00+02:00;4326,000;1,000;MESURE
2025-09-30 23:00:00+02:00;4306,000;1,000;MESURE
2025-10-01 00:00:00+02:00;4323,000;1,000;MESURE
2025-10-01 01:00:00+02:00;4324,000;1,000;MESURE
2025-10-01 02:00:00+02:00;4351,000;1,000;MESURE
2025-10-01 03:00:00+02:00;4263,000;1,000;MESURE
2025-10-01 04:00:00+02:00;4268,000;1,000;MESURE
2025-10-01 05:00:00+02:00;4710,000;1,000;MESURE
2025-10-01 06:00:00+02:00;4734,000;1,000;MESURE
2025-10-01 07:00:00+02:00;1456,000;1,000;MESURE
2025-10-01 08:00:00+02:00;0,000;1,000;MESURE
2025-10-01 09:00:00+02:00;0,000;1,000;MESURE
2025-10-01 10:00:00+02:00;0,000;1,000;MESURE
2025-10-01 11:00:00+02:00;0,000;1,000;MESURE
2025-10-01 12:00:00+02:00;0,000;1,000;MESURE
2025-10-01 13:00:00+02:00;0,000;1,000;MESURE
2025-10-01 14:00:00+02:00;0,000;1,000;MESURE
2025-10-01 15:00:00+02:00;0,000;1,000;MESURE
2025-10-01 16:00:00+02:00;0,000;1,000;MESURE
2025-10-01 17:00:00+02:00;0,000;1,000;MESURE
2025-10-01 18:00:00+02:00;975,000;1,000;MESURE
2025-10-01 19:00:00+02:00;4714,000;1,000;MESURE
2025-10-01 20:00:00+02:00;4754,000;1,000;MESURE
2025-10-01 21:00:00+02:00;4776,000;1,000;MESURE
2025-10-01 22:00:00+02:00;4327,000;1,000;MESURE
2025-10-01 23:00:00+02:00;4316,000;1,000;MESURE
2025-10-02 00:00:00+02:00;4334,000;1,000;MESURE
2025-10-02 01:00:00+02:00;4335,000;1,000;MESURE
2025-10-02 02:00:00+02:00;4326,000;1,000;MESURE
2025-10-02 03:00:00+02:00;4317,000;1,000;MESURE
2025-10-02 04:00:00+02:00;4334,000;1,000;MESURE
2025-10-02 05:00:00+02:00;4788,000;1,000;MESURE
2025-10-02 06:00:00+02:00;4787,000;1,000;MESURE
2025-10-02 07:00:00+02:00;1607,000;1,000;MESURE
2025-10-02 08:00:00+02:00;0,000;1,000;MESURE
2025-10-02 09:00:00+02:00;0,000;1,000;MESURE
2025-10-02 10:00:00+02:00;0,000;1,000;MESURE
2025-10-02 11:00:00+02:00;0,000;1,000;MESURE
2025-10-02 12:00:00+02:00;0,000;1,000;MESURE
2025-10-02 13:00:00+02:00;0,000;1,000;MESURE
2025-10-02 14:00:00+02:00;0,000;1,000;MESURE
2025-10-02 15:00:00+02:00;0,000;1,000;MESURE
2025-10-02 16:00:00+02:00;0,000;1,000;MESURE
2025-10-02 17:00:00+02:00;0,000;1,000;MESURE
2025-10-02 18:00:00+02:00;1089,000;1,000;MESURE
2025-10-02 19:00:00+02:00;4531,000;1,000;MESURE
2025-10-02 20:00:00+02:00;4571,000;1,000;MESURE
2025-10-02 21:00:00+02:00;4575,000;1,000;MESURE
2025-10-02 22:00:00+02:00;4135,000;1,000;MESURE
2025-10-02 23:00:00+02:00;4103,000;1,000;MESURE
2025-10-03 00:00:00+02:00;4126,000;1,000;MESURE
2025-10-03 01:00:00+02:00;4146,000;1,000;MESURE
2025-10-03 02:00:00+02:00;4141,000;1,000;MESURE
2025-10-03 03:00:00+02:00;4136,000;1,000;MESURE
2025-10-03 04:00:00+02:00;4155,000;1,000;MESURE
2025-10-03 05:00:00+02:00;4585,000;1,000;MESURE
2025-10-03 06:00:00+02:00;4573,000;1,000;MESURE
2025-10-03 07:00:00+02:00;1619,000;1,000;MESURE
2025-10-03 08:00:00+02:00;0,000;1,000;MESURE
2025-10-03 09:00:00+02:00;0,000;1,000;MESURE
2025-10-03 10:00:00+02:00;0,000;1,000;MESURE
2025-10-03 11:00:00+02:00;0,000;1,000;MESURE
2025-10-03 12:00:00+02:00;0,000;1,000;MESURE
2025-10-03 13:00:00+02:00;0,000;1,000;MESURE
2025-10-03 14:00:00+02:00;0,000;1,000;MESURE
2025-10-03 15:00:00+02:00;0,000;1,000;MESURE
2025-10-03 16:00:00+02:00;0,000;1,000;MESURE
2025-10-03 17:00:00+02:00;0,000;1,000;MESURE
2025-10-03 18:00:00+02:00;1291,000;1,000;MESURE
2025-10-03 19:00:00+02:00;4682,000;1,000;MESURE
2025-10-03 20:00:00+02:00;4724,000;1,000;MESURE
2025-10-03 21:00:00+02:00;4743,000;1,000;MESURE
2025-10-03 22:00:00+02:00;4291,000;1,000;MESURE
2025-10-03 23:00:00+02:00;4266,000;1,000;MESURE
2025-10-04 00:00:00+02:00;4318,000;1,000;MESURE
2025-10-04 01:00:00+02:00;4256,000;1,000;MESURE
2025-10-04 02:00:00+02:00;4253,000;1,000;MESURE
2025-10-04 03:00:00+02:00;4277,000;1,000;MESURE
2025-10-04 04:00:00+02:00;4324,000;1,000;MESURE
2025-10-04 05:00:00+02:00;4756,000;1,000;MESURE
2025-10-04 06:00:00+02:00;4752,000;1,000;MESURE
2025-10-04 07:00:00+02:00;1743,000;1,000;MESURE
2025-10-04 08:00:00+02:00;0,000;1,000;MESURE
2025-10-04 09:00:00+02:00;0,000;1,000;MESURE
2025-10-04 10:00:00+02:00;0,000;1,000;MESURE
2025-10-04 11:00:00+02:00;0,000;1,000;MESURE
2025-10-04 12:00:00+02:00;0,000;1,000;MESURE
2025-10-04 13:00:00+02:00;0,000;1,000;MESURE
2025-10-04 14:00:00+02:00;0,000;1,000;MESURE
2025-10-04 15:00:00+02:00;0,000;1,000;MESURE
2025-10-04 16:00:00+02:00;0,000;1,000;MESURE
2025-10-04 17:00:00+02:00;0,000;1,000;MESURE
2025-10-04 18:00:00+02:00;1386,000;1,000;MESURE
2025-10-04 19:00:00+02:00;4524,000;1,000;MESURE
2025-10-04 20:00:00+02:00;4542,000;1,000;MESURE
2025-10-04 21:00:00+02:00;4468,000;1,000;MESURE
2025-10-04 22:00:00+02:00;4099,000;1,000;MESURE
2025-10-04 23:00:00+02:00;4086,000;1,000;MESURE
2025-10-05 00:00:00+02:00;4061,000;1,000;MESURE
2025-10-05 01:00:00+02:00;4114,000;1,000;MESURE
2025-10-05 02:00:00+02:00;4123,000;1,000;MESURE
2025-10-05 03:00:00+02:00;4029,000;1,000;MESURE
2025-10-05 04:00:00+02:00;4046,000;1,000;MESURE
2025-10-05 05:00:00+02:00;4483,000;1,000;MESURE
2025-10-05 06:00:00+02:00;4576,000;1,000;MESURE
2025-10-05 07:00:00+02:00;1790,000;1,000;MESURE
2025-10-05 08:00:00+02:00;0,000;1,000;MESURE
2025-10-05 09:00:00+02:00;0,000;1,000;MESURE
2025-10-05 10:00:00+02:00;0,000;1,000;MESURE
2025-10-05 11:00:00+02:00;0,000;1,000;MESURE
2025-10-05 12:00:00+02:00;0,000;1,000;MESURE
2025-10-05 13:00:00+02:00;0,000;1,000;MESURE
2025-10-05 14:00:00+02:00;0,000;1,000;MESURE
2025-10-05 15:00:00+02:00;0,000;1,000;MESURE
2025-10-05 16:00:00+02:00;0,000;1,000;MESURE
2025-10-05 17:00:00+02:00;0,000;1,000;MESURE
2025-10-05 18:00:00+02:00;1587,000;1,000;MESURE
2025-10-05 19:00:00+02:00;4705,000;1,000;MESURE
2025-10-05 20:00:00+02:00;4667,000;1,000;MESURE
2025-10-05 21:00:00+02:00;4671,000;1,000;MESURE
2025-10-05 22:00:00+02:00;4226,000;1,000;MESURE
2025-10-05 23:00:00+02:00;4208,000;1,000;MESURE
2025-10-06 00:00:00+02:00;4298,000;1,000;MESURE
2025-10-06 01:00:00+02:00;4297,000;1,000;MESURE
2025-10-06 02:00:00+02:00;4301,000;1,000;MESURE
2025-10-06 03:00:00+02:00;4326,000;1,000;MESURE
2025-10-06 04:00:00+02:00;4319,000;1,000;MESURE
2025-10-06 05:00:00+02:00;4751,000;1,000;MESURE
2025-10-06 06:00:00+02:00;4732,000;1,000;MESURE
2025-10-06 07:00:00+02:00;1986,000;1,000;MESURE
2025-10-06 08:00:00+02:00;0,000;1,000;MESURE
2025-10-06 09:00:00+02:00;0,000;1,000;MESURE
2025-10-06 10:00:00+02:00;0,000;1,000;MESURE
2025-10-06 11:00:00+02:00;0,000;1,000;MESURE
2025-10-06 12:00:00+02:00;0,000;1,000;MESURE
2025-10-06 13:00:00+02:00;0,000;1,000;MESURE
2025-10-06 14:00:00+02:00;0,000;1,000;MESURE
2025-10-06 15:00:00+02:00;0,000;1,000;MESURE
2025-10-06 16:00:00+02:00;0,000;1,000;MESURE
2025-10-06 17:00:00+02:00;0,000;1,000;MESURE
2025-10-06 18:00:00+02:00;1743,000;1,000;MESURE
2025-10-06 19:00:00+02:00;4689,000;1,000;MESURE
2025-10-06 20:00:00+02:00;4737,000;1,000;MESURE
2025-10-06 21:00:00+02:00;4752,000;1,000;MESURE
2025-10-06 22:00:00+02:00;4235,000;1,000;MESURE
2025-10-06 23:00:00+02:00;4285,000;1,000;MESURE
2025-10-07 00:00:00+02:00;4304,000;1,000;MESURE
2025-10-07 01:00:00+02:00;4303,000;1,000;MESURE
2025-10-07 02:00:00+02:00;4289,000;1,000;MESURE
2025-10-07 03:00:00+02:00;4304,000;1,000;MESURE
2025-10-07 04:00:00+02:00;4309,000;1,000;MESURE
2025-10-07 05:00:00+02:00;4743,000;1,000;MESURE
2025-10-07 06:00:00+02:00;4723,000;1,000;MESURE
2025-10-07 07:00:00+02:00;2065,000;1,000;MESURE
2025-10-07 08:00:00+02:00;0,000;1,000;MESURE
2025-10-07 09:00:00+02:00;0,000;1,000;MESURE
2025-10-07 10:00:00+02:00;0,000;1,000;MESURE
2025-10-07 11:00:00+02:00;0,000;1,000;MESURE
2025-10-07 12:00:00+02:00;0,000;1,000;MESURE
2025-10-07 13:00:00+02:00;0,000;1,000;MESURE
2025-10-07 14:00:00+02:00;0,000;1,000;MESURE
2025-10-07 15:00:00+02:00;0,000;1,000;MESURE
2025-10-07 16:00:00+02:00;0,000;1,000;MESURE
2025-10-07 17:00:00+02:00;0,000;1,000;MESURE
2025-10-07 18:00:00+02:00;1896,000;1,000;MESURE
2025-10-07 19:00:00+02:00;4683,000;1,000;MESURE
2025-10-07 20:00:00+02:00;4724,000;1,000;MESURE
2025-10-07 21:00:00+02:00;4748,000;1,000;MESURE
2025-10-07 22:00:00+02:00;4282,000;1,000;MESURE
2025-10-07 23:00:00+02:00;4272,000;1,000;MESURE
2025-10-08 00:00:00+02:00;4300,000;1,000;MESURE
2025-10-08 01:00:00+02:00;4300,000;1,000;MESURE
2025-10-08 02:00:00+02:00;4311,000;1,000;MESURE
2025-10-08 03:00:00+02:00;4314,000;1,000;MESURE
2025-10-08 04:00:00+02:00;4297,000;1,000;MESURE
2025-10-08 05:00:00+02:00;4753,000;1,000;MESURE
2025-10-08 06:00:00+02:00;4708,000;1,000;MESURE
2025-10-08 07:00:00+02:00;2141,000;1,000;MESURE
2025-10-08 08:00:00+02:00;0,000;1,000;MESURE
2025-10-08 09:00:00+02:00;0,000;1,000;MESURE
2025-10-08 10:00:00+02:00;0,000;1,000;MESURE
2025-10-08 11:00:00+02:00;0,000;1,000;MESURE
2025-10-08 12:00:00+02:00;0,000;1,000;MESURE
2025-10-08 13:00:00+02:00;0,000;1,000;MESURE
2025-10-08 14:00:00+02:00;0,000;1,000;MESURE
2025-10-08 15:00:00+02:00;0,000;1,000;MESURE
2025-10-08 16:00:00+02:00;0,000;1,000;MESURE
2025-10-08 17:00:00+02:00;0,000;1,000;MESURE
2025-10-08 18:00:00+02:00;1976,000;1,000;MESURE
2025-10-08 19:00:00+02:00;4634,000;1,000;MESURE
2025-10-08 20:00:00+02:00;4677,000;1,000;MESURE
2025-10-08 21:00:00+02:00;4705,000;1,000;MESURE
2025-10-08 22:00:00+02:00;4272,000;1,000;MESURE
2025-10-08 23:00:00+02:00;4276,000;1,000;MESURE
2025-10-09 00:00:00+02:00;4293,000;1,000;MESURE
2025-10-09 01:00:00+02:00;4230,000;1,000;MESURE
2025-10-09 02:00:00+02:00;4222,000;1,000;MESURE
2025-10-09 03:00:00+02:00;4211,000;1,000;MESURE
2025-10-09 04:00:00+02:00;4258,000;1,000;MESURE
2025-10-09 05:00:00+02:00;4757,000;1,000;MESURE
2025-10-09 06:00:00+02:00;4713,000;1,000;MESURE
2025-10-09 07:00:00+02:00;2278,000;1,000;MESURE
2025-10-09 08:00:00+02:00;0,000;1,000;MESURE
2025-10-09 09:00:00+02:00;0,000;1,000;MESURE
2025-10-09 10:00:00+02:00;0,000;1,000;MESURE
2025-10-09 11:00:00+02:00;0,000;1,000;MESURE
2025-10-09 12:00:00+02:00;0,000;1,000;MESURE
2025-10-09 13:00:00+02:00;0,000;1,000;MESURE
2025-10-09 14:00:00+02:00;0,000;1,000;MESURE
2025-10-09 15:00:00+02:00;0,000;1,000;MESURE
2025-10-09 16:00:00+02:00;0,000;1,000;MESURE
2025-10-09 17:00:00+02:00;0,000;1,000;MESURE
2025-10-09 18:00:00+02:00;2039,000;1,000;MESURE
2025-10-09 19:00:00+02:00;4468,000;1,000;MESURE
2025-10-09 20:00:00+02:00;4500,000;1,000;MESURE
2025-10-09 21:00:00+02:00;4522,000;1,000;MESURE
2025-10-09 22:00:00+02:00;4098,000;1,000;MESURE
2025-10-09 23:00:00+02:00;4089,000;1,000;MESURE
2025-10-10 00:00:00+02:00;4043,000;1,000;MESURE
2025-10-10 01:00:00+02:00;4092,000;1,000;MESURE
2025-10-10 02:00:00+02:00;4052,000;1,000;MESURE
2025-10-10 03:00:00+02:00;4066,000;1,000;MESURE
2025-10-10 04:00:00+02:00;4046,000;1,000;MESURE
2025-10-10 05:00:00+02:00;4541,000;1,000;MESURE
2025-10-10 06:00:00+02:00;4583,000;1,000;MESURE
2025-10-10 07:00:00+02:00;2303,000;1,000;MESURE
2025-10-10 08:00:00+02:00;0,000;1,000;MESURE
2025-10-10 09:00:00+02:00;0,000;1,000;MESURE
2025-10-10 10:00:00+02:00;0,000;1,000;MESURE
2025-10-10 11:00:00+02:00;0,000;1,000;MESURE
2025-10-10 12:00:00+02:00;0,000;1,000;MESURE
2025-10-10 13:00:00+02:00;0,000;1,000;MESURE
2025-10-10 14:00:00+02:00;0,000;1,000;MESURE
2025-10-10 15:00:00+02:00;0,000;1,000;MESURE
2025-10-10 16:00:00+02:00;0,000;1,000;MESURE
2025-10-10 17:00:00+02:00;0,000;1,000;MESURE
2025-10-10 18:00:00+02:00;2297,000;1,000;MESURE
2025-10-10 19:00:00+02:00;4695,000;1,000;MESURE
2025-10-10 20:00:00+02:00;4731,000;1,000;MESURE
2025-10-10 21:00:00+02:00;4752,000;1,000;MESURE
2025-10-10 22:00:00+02:00;4298,000;1,000;MESURE
2025-10-10 23:00:00+02:00;4248,000;1,000;MESURE
2025-10-11 00:00:00+02:00;4228,000;1,000;MESURE
2025-10-11 01:00:00+02:00;4234,000;1,000;MESURE
2025-10-11 02:00:00+02:00;4240,000;1,000;MESURE
2025-10-11 03:00:00+02:00;4223,000;1,000;MESURE
2025-10-11 04:00:00+02:00;4241,000;1,000;MESURE
2025-10-11 05:00:00+02:00;4686,000;1,000;MESURE
2025-10-11 06:00:00+02:00;4687,000;1,000;MESURE
2025-10-11 07:00:00+02:00;2434,000;1,000;MESURE
2025-10-11 08:00:00+02:00;0,000;1,000;MESURE
2025-10-11 09:00:00+02:00;0,000;1,000;MESURE
2025-10-11 10:00:00+02:00;0,000;1,000;MESURE
2025-10-11 11:00:00+02:00;0,000;1,000;MESURE
2025-10-11 12:00:00+02:00;0,000;1,000;MESURE
2025-10-11 13:00:00+02:00;0,000;1,000;MESURE
2025-10-11 14:00:00+02:00;0,000;1,000;MESURE
2025-10-11 15:00:00+02:00;0,000;1,000;MESURE
2025-10-11 16:00:00+02:00;0,000;1,000;MESURE
2025-10-11 17:00:00+02:00;0,000;1,000;MESURE
2025-10-11 18:00:00+02:00;2350,000;1,000;MESURE
2025-10-11 19:00:00+02:00;4491,000;1,000;MESURE
2025-10-11 20:00:00+02:00;4507,000;1,000;MESURE
2025-10-11 21:00:00+02:00;4521,000;1,000;MESURE
2025-10-11 22:00:00+02:00;4082,000;1,000;MESURE
2025-10-11 23:00:00+02:00;4064,000;1,000;MESURE
2025-10-12 00:00:00+02:00;4088,000;1,000;MESURE
2025-10-12 01:00:00+02:00;4028,000;1,000;MESURE
2025-10-12 02:00:00+02:00;4120,000;1,000;MESURE
2025-10-12 03:00:00+02:00;4085,000;1,000;MESURE
2025-10-12 04:00:00+02:00;4113,000;1,000;MESURE
2025-10-12 05:00:00+02:00;4556,000;1,000;MESURE
2025-10-12 06:00:00+02:00;4538,000;1,000;MESURE
2025-10-12 07:00:00+02:00;2507,000;1,000;MESURE
2025-10-12 08:00:00+02:00;0,000;1,000;MESURE
2025-10-12 09:00:00+02:00;0,000;1,000;MESURE
2025-10-12 10:00:00+02:00;0,000;1,000;MESURE
2025-10-12 11:00:00+02:00;0,000;1,000;MESURE
2025-10-12 12:00:00+02:00;0,000;1,000;MESURE
2025-10-12 13:00:00+02:00;0,000;1,000;MESURE
2025-10-12 14:00:00+02:00;0,000;1,000;MESURE
2025-10-12 15:00:00+02:00;0,000;1,000;MESURE
2025-10-12 16:00:00+02:00;0,000;1,000;MESURE
2025-10-12 17:00:00+02:00;0,000;1,000;MESURE
2025-10-12 18:00:00+02:00;2597,000;1,000;MESURE
2025-10-12 19:00:00+02:00;4659,000;1,000;MESURE
2025-10-12 20:00:00+02:00;4679,000;1,000;MESURE
2025-10-12 21:00:00+02:00;4703,000;1,000;MESURE
2025-10-12 22:00:00+02:00;4243,000;1,000;MESURE
2025-10-12 23:00:00+02:00;4223,000;1,000;MESURE
2025-10-13 00:00:00+02:00;4272,000;1,000;MESURE
2025-10-13 01:00:00+02:00;4293,000;1,000;MESURE
2025-10-13 02:00:00+02:00;4290,000;1,000;MESURE
2025-10-13 03:00:00+02:00;4296,000;1,000;MESURE
2025-10-13 04:00:00+02:00;4287,000;1,000;MESURE
2025-10-13 05:00:00+02:00;4735,000;1,000;MESURE
2025-10-13 06:00:00+02:00;4717,000;1,000;MESURE
2025-10-13 07:00:00+02:00;2668,000;1,000;MESURE
2025-10-13 08:00:00+02:00;0,000;1,000;MESURE
2025-10-13 09:00:00+02:00;0,000;1,000;MESURE
2025-10-13 10:00:00+02:00;0,000;1,000;MESURE
2025-10-13 11:00:00+02:00;0,000;1,000;MESURE
2025-10-13 12:00:00+02:00;0,000;1,000;MESURE
2025-10-13 13:00:00+02:00;0,000;1,000;MESURE
2025-10-13 14:00:00+02:00;0,000;1,000;MESURE
2025-10-13 15:00:00+02:00;0,000;1,000;MESURE
2025-10-13 16:00:00+02:00;0,000;1,000;MESURE
2025-10-13 17:00:00+02:00;0,000;1,000;MESURE
2025-10-13 18:00:00+02:00;2634,000;1,000;MESURE
2025-10-13 19:00:00+02:00;4450,000;1,000;MESURE
2025-10-13 20:00:00+02:00;4493,000;1,000;MESURE
2025-10-13 21:00:00+02:00;4515,000;1,000;MESURE
2025-10-13 22:00:00+02:00;4061,000;1,000;MESURE
2025-10-13 23:00:00+02:00;4042,000;1,000;MESURE
2025-10-14 00:00:00+02:00;4069,000;1,000;MESURE
2025-10-14 01:00:00+02:00;4075,000;1,000;MESURE
2025-10-14 02:00:00+02:00;4077,000;1,000;MESURE
2025-10-14 03:00:00+02:00;4088,000;1,000;MESURE
2025-10-14 04:00:00+02:00;4095,000;1,000;MESURE
2025-10-14 05:00:00+02:00;4516,000;1,000;MESURE
2025-10-14 06:00:00+02:00;4522,000;1,000;MESURE
2025-10-14 07:00:00+02:00;2652,000;1,000;MESURE
2025-10-14 08:00:00+02:00;0,000;1,000;MESURE
2025-10-14 09:00:00+02:00;0,000;1,000;MESURE
2025-10-14 10:00:00+02:00;0,000;1,000;MESURE
2025-10-14 11:00:00+02:00;0,000;1,000;MESURE
2025-10-14 12:00:00+02:00;0,000;1,000;MESURE
2025-10-14 13:00:00+02:00;0,000;1,000;MESURE
2025-10-14 14:00:00+02:00;0,000;1,000;MESURE
2025-10-14 15:00:00+02:00;0,000;1,000;MESURE
2025-10-14 16:00:00+02:00;0,000;1,000;MESURE
2025-10-14 17:00:00+02:00;0,000;1,000;MESURE
2025-10-14 18:00:00+02:00;2789,000;1,000;MESURE
2025-10-14 19:00:00+02:00;4621,000;1,000;MESURE
2025-10-14 20:00:00+02:00;4654,000;1,000;MESURE
2025-10-14 21:00:00+02:00;4684,000;1,000;MESURE
2025-10-14 22:00:00+02:00;4240,000;1,000;MESURE
2025-10-14 23:00:00+02:00;4215,000;1,000;MESURE
2025-10-15 00:00:00+02:00;4233,000;1,000;MESURE
2025-10-15 01:00:00+02:00;4262,000;1,000;MESURE
2025-10-15 02:00:00+02:00;4263,000;1,000;MESURE
2025-10-15 03:00:00+02:00;4255,000;1,000;MESURE
2025-10-15 04:00:00+02:00;4257,000;1,000;MESURE
2025-10-15 05:00:00+02:00;4696,000;1,000;MESURE
2025-10-15 06:00:00+02:00;4683,000;1,000;MESURE
2025-10-15 07:00:00+02:00;2895,000;1,000;MESURE
2025-10-15 08:00:00+02:00;0,000;1,000;MESURE
2025-10-15 09:00:00+02:00;0,000;1,000;MESURE
2025-10-15 10:00:00+02:00;0,000;1,000;MESURE
2025-10-15 11:00:00+02:00;0,000;1,000;MESURE
2025-10-15 12:00:00+02:00;0,000;1,000;MESURE
2025-10-15 13:00:00+02:00;0,000;1,000;MESURE
2025-10-15 14:00:00+02:00;0,000;1,000;MESURE
2025-10-15 15:00:00+02:00;0,000;1,000;MESURE
2025-10-15 16:00:00+02:00;0,000;1,000;MESURE
2025-10-15 17:00:00+02:00;0,000;1,000;MESURE
2025-10-15 18:00:00+02:00;2823,000;1,000;MESURE
2025-10-15 19:00:00+02:00;4413,000;1,000;MESURE
2025-10-15 20:00:00+02:00;4458,000;1,000;MESURE
2025-10-15 21:00:00+02:00;4484,000;1,000;MESURE
2025-10-15 22:00:00+02:00;4044,000;1,000;MESURE
2025-10-15 23:00:00+02:00;4027,000;1,000;MESURE
2025-10-16 00:00:00+02:00;4051,000;1,000;MESURE
2025-10-16 01:00:00+02:00;4051,000;1,000;MESURE
2025-10-16 02:00:00+02:00;4042,000;1,000;MESURE
2025-10-16 03:00:00+02:00;4059,000;1,000;MESURE
2025-10-16 04:00:00+02:00;4070,000;1,000;MESURE
2025-10-16 05:00:00+02:00;4510,000;1,000;MESURE
2025-10-16 06:00:00+02:00;4504,000;1,000;MESURE
2025-10-16 07:00:00+02:00;2848,000;1,000;MESURE
2025-10-16 08:00:00+02:00;0,000;1,000;MESURE
2025-10-16 09:00:00+02:00;0,000;1,000;MESURE
2025-10-16 10:00:00+02:00;0,000;1,000;MESURE
2025-10-16 11:00:00+02:00;0,000;1,000;MESURE
2025-10-16 12:00:00+02:00;0,000;1,000;MESURE
2025-10-16 13:00:00+02:00;0,000;1,000;MESURE
2025-10-16 14:00:00+02:00;0,000;1,000;MESURE
2025-10-16 15:00:00+02:00;0,000;1,000;MESURE
2025-10-16 16:00:00+02:00;0,000;1,000;MESURE
2025-10-16 17:00:00+02:00;0,000;1,000;MESURE
2025-10-16 18:00:00+02:00;2992,000;1,000;MESURE
2025-10-16 19:00:00+02:00;4461,000;1,000;MESURE
2025-10-16 20:00:00+02:00;4490,000;1,000;MESURE
2025-10-16 21:00:00+02:00;4510,000;1,000;MESURE
2025-10-16 22:00:00+02:00;4048,000;1,000;MESURE
2025-10-16 23:00:00+02:00;4055,000;1,000;MESURE
2025-10-17 00:00:00+02:00;4037,000;1,000;MESURE
2025-10-17 01:00:00+02:00;4004,000;1,000;MESURE
2025-10-17 02:00:00+02:00;3998,000;1,000;MESURE
2025-10-17 03:00:00+02:00;4010,000;1,000;MESURE
2025-10-17 04:00:00+02:00;4000,000;1,000;MESURE
2025-10-17 05:00:00+02:00;4455,000;1,000;MESURE
2025-10-17 06:00:00+02:00;4491,000;1,000;MESURE
2025-10-17 07:00:00+02:00;2952,000;1,000;MESURE
2025-10-17 08:00:00+02:00;0,000;1,000;MESURE
2025-10-17 09:00:00+02:00;0,000;1,000;MESURE
2025-10-17 10:00:00+02:00;0,000;1,000;MESURE
2025-10-17 11:00:00+02:00;0,000;1,000;MESURE
2025-10-17 12:00:00+02:00;0,000;1,000;MESURE
2025-10-17 13:00:00+02:00;0,000;1,000;MESURE
2025-10-17 14:00:00+02:00;0,000;1,000;MESURE
2025-10-17 15:00:00+02:00;0,000;1,000;MESURE
2025-10-17 16:00:00+02:00;0,000;1,000;MESURE
2025-10-17 17:00:00+02:00;0,000;1,000;MESURE
2025-10-17 18:00:00+02:00;3167,000;1,000;MESURE
2025-10-17 19:00:00+02:00;4478,000;1,000;MESURE
2025-10-17 20:00:00+02:00;4504,000;1,000;MESURE
2025-10-17 21:00:00+02:00;4416,000;1,000;MESURE
2025-10-17 22:00:00+02:00;3966,000;1,000;MESURE
2025-10-17 23:00:00+02:00;4007,000;1,000;MESURE
2025-10-18 00:00:00+02:00;4003,000;1,000;MESURE
2025-10-18 01:00:00+02:00;3967,000;1,000;MESURE
2025-10-18 02:00:00+02:00;3984,000;1,000;MESURE
2025-10-18 03:00:00+02:00;4025,000;1,000;MESURE
2025-10-18 04:00:00+02:00;4050,000;1,000;MESURE
2025-10-18 05:00:00+02:00;4462,000;1,000;MESURE
2025-10-18 06:00:00+02:00;4524,000;1,000;MESURE
2025-10-18 07:00:00+02:00;3059,000;1,000;MESURE
2025-10-18 08:00:00+02:00;0,000;1,000;MESURE
2025-10-18 09:00:00+02:00;0,000;1,000;MESURE
2025-10-18 10:00:00+02:00;0,000;1,000;MESURE
2025-10-18 11:00:00+02:00;0,000;1,000;MESURE
2025-10-18 12:00:00+02:00;0,000;1,000;MESURE
2025-10-18 13:00:00+02:00;0,000;1,000;MESURE
2025-10-18 14:00:00+02:00;0,000;1,000;MESURE
2025-10-18 15:00:00+02:00;0,000;1,000;MESURE
2025-10-18 16:00:00+02:00;0,000;1,000;MESURE
2025-10-18 17:00:00+02:00;0,000;1,000;MESURE
2025-10-18 18:00:00+02:00;3213,000;1,000;MESURE
2025-10-18 19:00:00+02:00;4451,000;1,000;MESURE
2025-10-18 20:00:00+02:00;4464,000;1,000;MESURE
2025-10-18 21:00:00+02:00;4489,000;1,000;MESURE
2025-10-18 22:00:00+02:00;4052,000;1,000;MESURE
2025-10-18 23:00:00+02:00;4041,000;1,000;MESURE
2025-10-19 00:00:00+02:00;4052,000;1,000;MESURE
2025-10-19 01:00:00+02:00;3993,000;1,000;MESURE
2025-10-19 02:00:00+02:00;4055,000;1,000;MESURE
2025-10-19 03:00:00+02:00;4036,000;1,000;MESURE
2025-10-19 04:00:00+02:00;4078,000;1,000;MESURE
2025-10-19 05:00:00+02:00;4518,000;1,000;MESURE
2025-10-19 06:00:00+02:00;4516,000;1,000;MESURE
2025-10-19 07:00:00+02:00;3177,000;1,000;MESURE
2025-10-19 08:00:00+02:00;0,000;1,000;MESURE
2025-10-19 09:00:00+02:00;0,000;1,000;MESURE
2025-10-19 10:00:00+02:00;0,000;1,000;MESURE
2025-10-19 11:00:00+02:00;0,000;1,000;MESURE
2025-10-19 12:00:00+02:00;0,000;1,000;MESURE
2025-10-19 13:00:00+02:00;0,000;1,000;MESURE
2025-10-19 14:00:00+02:00;0,000;1,000;MESURE
2025-10-19 15:00:00+02:00;0,000;1,000;MESURE
2025-10-19 16:00:00+02:00;0,000;1,000;MESURE
2025-10-19 17:00:00+02:00;0,000;1,000;MESURE
2025-10-19 18:00:00+02:00;3508,000;1,000;MESURE
2025-10-19 19:00:00+02:00;4635,000;1,000;MESURE
2025-10-19 20:00:00+02:00;4654,000;1,000;MESURE
2025-10-19 21:00:00+02:00;4677,000;1,000;MESURE
2025-10-19 22:00:00+02:00;4229,000;1,000;MESURE
2025-10-19 23:00:00+02:00;4218,000;1,000;MESURE
2025-10-20 00:00:00+02:00;4239,000;1,000;MESURE
2025-10-20 01:00:00+02:00;4255,000;1,000;MESURE
2025-10-20 02:00:00+02:00;4245,000;1,000;MESURE
2025-10-20 03:00:00+02:00;4184,000;1,000;MESURE
2025-10-20 04:00:00+02:00;4158,000;1,000;MESURE
2025-10-20 05:00:00+02:00;4632,000;1,000;MESURE
2025-10-20 06:00:00+02:00;4691,000;1,000;MESURE
2025-10-20 07:00:00+02:00;3395,000;1,000;MESURE
2025-10-20 08:00:00+02:00;0,000;1,000;MESURE
2025-10-20 09:00:00+02:00;0,000;1,000;MESURE
2025-10-20 10:00:00+02:00;0,000;1,000;MESURE
2025-10-20 11:00:00+02:00;0,000;1,000;MESURE
2025-10-20 12:00:00+02:00;0,000;1,000;MESURE
2025-10-20 13:00:00+02:00;0,000;1,000;MESURE
2025-10-20 14:00:00+02:00;0,000;1,000;MESURE
2025-10-20 15:00:00+02:00;0,000;1,000;MESURE
2025-10-20 16:00:00+02:00;0,000;1,000;MESURE
2025-10-20 17:00:00+02:00;0,000;1,000;MESURE
2025-10-20 18:00:00+02:00;3583,000;1,000;MESURE
2025-10-20 19:00:00+02:00;4573,000;1,000;MESURE
2025-10-20 20:00:00+02:00;4564,000;1,000;MESURE
2025-10-20 21:00:00+02:00;4570,000;1,000;MESURE
2025-10-20 22:00:00+02:00;4125,000;1,000;MESURE
2025-10-20 23:00:00+02:00;4100,000;1,000;MESURE
2025-10-21 00:00:00+02:00;4126,000;1,000;MESURE
2025-10-21 01:00:00+02:00;4131,000;1,000;MESURE
2025-10-21 02:00:00+02:00;4127,000;1,000;MESURE
2025-10-21 03:00:00+02:00;4153,000;1,000;MESURE
2025-10-21 04:00:00+02:00;4167,000;1,000;MESURE
2025-10-21 05:00:00+02:00;4610,000;1,000;MESURE
2025-10-21 06:00:00+02:00;4598,000;1,000;MESURE
2025-10-21 07:00:00+02:00;3462,000;1,000;MESURE
2025-10-21 08:00:00+02:00;0,000;1,000;MESURE
2025-10-21 09:00:00+02:00;0,000;1,000;MESURE
2025-10-21 10:00:00+02:00;0,000;1,000;MESURE
2025-10-21 11:00:00+02:00;0,000;1,000;MESURE
2025-10-21 12:00:00+02:00;0,000;1,000;MESURE
2025-10-21 13:00:00+02:00;0,000;1,000;MESURE
2025-10-21 14:00:00+02:00;0,000;1,000;MESURE
2025-10-21 15:00:00+02:00;0,000;1,000;MESURE
2025-10-21 16:00:00+02:00;0,000;1,000;MESURE
2025-10-21 17:00:00+02:00;0,000;1,000;MESURE
2025-10-21 18:00:00+02:00;3875,000;1,000;MESURE
2025-10-21 19:00:00+02:00;4725,000;1,000;MESURE
2025-10-21 20:00:00+02:00;4742,000;1,000;MESURE
2025-10-21 21:00:00+02:00;4769,000;1,000;MESURE
2025-10-21 22:00:00+02:00;4283,000;1,000;MESURE
2025-10-21 23:00:00+02:00;4289,000;1,000;MESURE
2025-10-22 00:00:00+02:00;4308,000;1,000;MESURE
2025-10-22 01:00:00+02:00;4224,000;1,000;MESURE
2025-10-22 02:00:00+02:00;4250,000;1,000;MESURE
2025-10-22 03:00:00+02:00;4253,000;1,000;MESURE
2025-10-22 04:00:00+02:00;4263,000;1,000;MESURE
2025-10-22 05:00:00+02:00;4784,000;1,000;MESURE
2025-10-22 06:00:00+02:00;4790,000;1,000;MESURE
2025-10-22 07:00:00+02:00;3686,000;1,000;MESURE
2025-10-22 08:00:00+02:00;0,000;1,000;MESURE
2025-10-22 09:00:00+02:00;0,000;1,000;MESURE
2025-10-22 10:00:00+02:00;0,000;1,000;MESURE
2025-10-22 11:00:00+02:00;0,000;1,000;MESURE
2025-10-22 12:00:00+02:00;0,000;1,000;MESURE
2025-10-22 13:00:00+02:00;0,000;1,000;MESURE
2025-10-22 14:00:00+02:00;0,000;1,000;MESURE
2025-10-22 15:00:00+02:00;0,000;1,000;MESURE
2025-10-22 16:00:00+02:00;0,000;1,000;MESURE
2025-10-22 17:00:00+02:00;0,000;1,000;MESURE
2025-10-22 18:00:00+02:00;3899,000;1,000;MESURE
2025-10-22 19:00:00+02:00;4658,000;1,000;MESURE
2025-10-22 20:00:00+02:00;4703,000;1,000;MESURE
2025-10-22 21:00:00+02:00;4727,000;1,000;MESURE
2025-10-22 22:00:00+02:00;4265,000;1,000;MESURE
2025-10-22 23:00:00+02:00;4269,000;1,000;MESURE
2025-10-23 00:00:00+02:00;4328,000;1,000;MESURE
2025-10-23 01:00:00+02:00;4320,000;1,000;MESURE
2025-10-23 02:00:00+02:00;4324,000;1,000;MESURE
2025-10-23 03:00:00+02:00;4352,000;1,000;MESURE
2025-10-23 04:00:00+02:00;4368,000;1,000;MESURE
2025-10-23 05:00:00+02:00;4809,000;1,000;MESURE
2025-10-23 06:00:00+02:00;4813,000;1,000;MESURE
2025-10-23 07:00:00+02:00;3850,000;1,000;MESURE
2025-10-23 08:00:00+02:00;0,000;1,000;MESURE
2025-10-23 09:00:00+02:00;0,000;1,000;MESURE
2025-10-23 10:00:00+02:00;0,000;1,000;MESURE
2025-10-23 11:00:00+02:00;0,000;1,000;MESURE
2025-10-23 12:00:00+02:00;0,000;1,000;MESURE
2025-10-23 13:00:00+02:00;0,000;1,000;MESURE
2025-10-23 14:00:00+02:00;0,000;1,000;MESURE
2025-10-23 15:00:00+02:00;0,000;1,000;MESURE
2025-10-23 16:00:00+02:00;0,000;1,000;MESURE
2025-10-23 17:00:00+02:00;0,000;1,000;MESURE
2025-10-23 18:00:00+02:00;4152,000;1,000;MESURE
2025-10-23 19:00:00+02:00;4733,000;1,000;MESURE
2025-10-23 20:00:00+02:00;4775,000;1,000;MESURE
2025-10-23 21:00:00+02:00;4789,000;1,000;MESURE
2025-10-23 22:00:00+02:00;4358,000;1,000;MESURE
2025-10-23 23:00:00+02:00;4336,000;1,000;MESURE
2025-10-24 00:00:00+02:00;4344,000;1,000;MESURE
2025-10-24 01:00:00+02:00;4377,000;1,000;MESURE
2025-10-24 02:00:00+02:00;4374,000;1,000;MESURE
2025-10-24 03:00:00+02:00;4393,000;1,000;MESURE
2025-10-24 04:00:00+02:00;4392,000;1,000;MESURE
2025-10-24 05:00:00+02:00;4830,000;1,000;MESURE
2025-10-24 06:00:00+02:00;4815,000;1,000;MESURE
2025-10-24 07:00:00+02:00;3942,000;1,000;MESURE
2025-10-24 08:00:00+02:00;0,000;1,000;MESURE
2025-10-24 09:00:00+02:00;0,000;1,000;MESURE
2025-10-24 10:00:00+02:00;0,000;1,000;MESURE
2025-10-24 11:00:00+02:00;0,000;1,000;MESURE
2025-10-24 12:00:00+02:00;0,000;1,000;MESURE
2025-10-24 13:00:00+02:00;0,000;1,000;MESURE
2025-10-24 14:00:00+02:00;0,000;1,000;MESURE
2025-10-24 15:00:00+02:00;0,000;1,000;MESURE
2025-10-24 16:00:00+02:00;0,000;1,000;MESURE
2025-10-24 17:00:00+02:00;0,000;1,000;MESURE
2025-10-24 18:00:00+02:00;4220,000;1,000;MESURE
2025-10-24 19:00:00+02:00;4756,000;1,000;MESURE
2025-10-24 20:00:00+02:00;4782,000;1,000;MESURE
2025-10-24 21:00:00+02:00;4806,000;1,000;MESURE
2025-10-24 22:00:00+02:00;4365,000;1,000;MESURE
2025-10-24 23:00:00+02:00;4345,000;1,000;MESURE
2025-10-25 00:00:00+02:00;4387,000;1,000;MESURE
2025-10-25 01:00:00+02:00;4380,000;1,000;MESURE
2025-10-25 02:00:00+02:00;4389,000;1,000;MESURE
2025-10-25 03:00:00+02:00;4398,000;1,000;MESURE
2025-10-25 04:00:00+02:00;4410,000;1,000;MESURE
2025-10-25 05:00:00+02:00;4863,000;1,000;MESURE
2025-10-25 06:00:00+02:00;4868,000;1,000;MESURE
2025-10-25 07:00:00+02:00;4064,000;1,000;MESURE
2025-10-25 08:00:00+02:00;0,000;1,000;MESURE
2025-10-25 09:00:00+02:00;0,000;1,000;MESURE
2025-10-25 10:00:00+02:00;0,000;1,000;MESURE
2025-10-25 11:00:00+02:00;0,000;1,000;MESURE
2025-10-25 12:00:00+02:00;0,000;1,000;MESURE
2025-10-25 13:00:00+02:00;0,000;1,000;MESURE
2025-10-25 14:00:00+02:00;0,000;1,000;MESURE
2025-10-25 15:00:00+02:00;0,000;1,000;MESURE
2025-10-25 16:00:00+02:00;0,000;1,000;MESURE
2025-10-25 17:00:00+02:00;0,000;1,000;MESURE
2025-10-25 18:00:00+02:00;4589,000;1,000;MESURE
2025-10-25 19:00:00+02:00;5006,000;1,000;MESURE
2025-10-25 20:00:00+02:00;5036,000;1,000;MESURE
2025-10-25 21:00:00+02:00;5061,000;1,000;MESURE
2025-10-25 22:00:00+02:00;4622,000;1,000;MESURE
2025-10-25 23:00:00+02:00;4595,000;1,000;MESURE
2025-10-26 00:00:00+02:00;4629,000;1,000;MESURE
2025-10-26 01:00:00+02:00;4651,000;1,000;MESURE
2025-10-26 02:00:00+02:00;4649,000;1,000;MESURE
2025-10-26 02:00:00+01:00;4658,000;1,000;MESURE
2025-10-26 03:00:00+01:00;4640,000;1,000;MESURE
2025-10-26 04:00:00+01:00;4692,000;1,000;MESURE
2025-10-26 05:00:00+01:00;5120,000;1,000;MESURE
2025-10-26 06:00:00+01:00;4443,000;1,000;MESURE
2025-10-26 07:00:00+01:00;0,000;1,000;MESURE
2025-10-26 08:00:00+01:00;0,000;1,000;MESURE
2025-10-26 09:00:00+01:00;0,000;1,000;MESURE
2025-10-26 10:00:00+01:00;0,000;1,000;MESURE
2025-10-26 11:00:00+01:00;0,000;1,000;MESURE
2025-10-26 12:00:00+01:00;0,000;1,000;MESURE
2025-10-26 13:00:00+01:00;0,000;1,000;MESURE
2025-10-26 14:00:00+01:00;0,000;1,000;MESURE
2025-10-26 15:00:00+01:00;0,000;1,000;MESURE
2025-10-26 16:00:00+01:00;0,000;1,000;MESURE
2025-10-26 17:00:00+01:00;4580,000;1,000;MESURE
2025-10-26 18:00:00+01:00;4791,000;1,000;MESURE
2025-10-26 19:00:00+01:00;4799,000;1,000;MESURE
2025-10-26 20:00:00+01:00;4825,000;1,000;MESURE
2025-10-26 21:00:00+01:00;4842,000;1,000;MESURE
2025-10-26 22:00:00+01:00;4388,000;1,000;MESURE
2025-10-26 23:00:00+01:00;4352,000;1,000;MESURE
2025-10-27 00:00:00+01:00;4386,000;1,000;MESURE
2025-10-27 01:00:00+01:00;4404,000;1,000;MESURE
2025-10-27 02:00:00+01:00;4385,000;1,000;MESURE
2025-10-27 03:00:00+01:00;4394,000;1,000;MESURE
2025-10-27 04:00:00+01:00;4386,000;1,000;MESURE
2025-10-27 05:00:00+01:00;4817,000;1,000;MESURE
2025-10-27 06:00:00+01:00;4296,000;1,000;MESURE
2025-10-27 07:00:00+01:00;0,000;1,000;MESURE
2025-10-27 08:00:00+01:00;0,000;1,000;MESURE
2025-10-27 09:00:00+01:00;0,000;1,000;MESURE
2025-10-27 10:00:00+01:00;0,000;1,000;MESURE
2025-10-27 11:00:00+01:00;0,000;1,000;MESURE
2025-10-27 12:00:00+01:00;0,000;1,000;MESURE
2025-10-27 13:00:00+01:00;0,000;1,000;MESURE
2025-10-27 14:00:00+01:00;0,000;1,000;MESURE
2025-10-27 15:00:00+01:00;0,000;1,000;MESURE
2025-10-27 16:00:00+01:00;0,000;1,000;MESURE
2025-10-27 17:00:00+01:00;4934,000;1,000;MESURE
2025-10-27 18:00:00+01:00;5061,000;1,000;MESURE
2025-10-27 19:00:00+01:00;5089,000;1,000;MESURE
2025-10-27 20:00:00+01:00;5123,000;1,000;MESURE
2025-10-27 21:00:00+01:00;5128,000;1,000;MESURE
2025-10-27 22:00:00+01:00;4640,000;1,000;MESURE
2025-10-27 23:00:00+01:00;4682,000;1,000;MESURE
2025-10-28 00:00:00+01:00;4702,000;1,000;MESURE
2025-10-28 01:00:00+01:00;4700,000;1,000;MESURE
2025-10-28 02:00:00+01:00;4693,000;1,000;MESURE
2025-10-28 03:00:00+01:00;4710,000;1,000;MESURE
2025-10-28 04:00:00+01:00;4715,000;1,000;MESURE
2025-10-28 05:00:00+01:00;5133,000;1,000;MESURE
2025-10-28 06:00:00+01:00;4653,000;1,000;MESURE
2025-10-28 07:00:00+01:00;0,000;1,000;MESURE
2025-10-28 08:00:00+01:00;0,000;1,000;MESURE
2025-10-28 09:00:00+01:00;0,000;1,000;MESURE
2025-10-28 10:00:00+01:00;0,000;1,000;MESURE
2025-10-28 11:00:00+01:00;0,000;1,000;MESURE
2025-10-28 12:00:00+01:00;0,000;1,000;MESURE
2025-10-28 13:00:00+01:00;0,000;1,000;MESURE
2025-10-28 14:00:00+01:00;0,000;1,000;MESURE
2025-10-28 15:00:00+01:00;0,000;1,000;MESURE
2025-10-28 16:00:00+01:00;46,000;1,000;MESURE
2025-10-28 17:00:00+01:00;4879,000;1,000;MESURE
2025-10-28 18:00:00+01:00;4887,000;1,000;MESURE
2025-10-28 19:00:00+01:00;4896,000;1,000;MESURE
2025-10-28 20:00:00+01:00;4918,000;1,000;MESURE
2025-10-28 21:00:00+01:00;4896,000;1,000;MESURE
2025-10-28 22:00:00+01:00;4503,000;1,000;MESURE
2025-10-28 23:00:00+01:00;4476,000;1,000;MESURE
2025-10-29 00:00:00+01:00;4490,000;1,000;MESURE
2025-10-29 01:00:00+01:00;4496,000;1,000;MESURE
2025-10-29 02:00:00+01:00;4490,000;1,000;MESURE
2025-10-29 03:00:00+01:00;4497,000;1,000;MESURE
2025-10-29 04:00:00+01:00;4500,000;1,000;MESURE
2025-10-29 05:00:00+01:00;4912,000;1,000;MESURE
2025-10-29 06:00:00+01:00;4588,000;1,000;MESURE
2025-10-29 07:00:00+01:00;0,000;1,000;MESURE
2025-10-29 08:00:00+01:00;0,000;1,000;MESURE
2025-10-29 09:00:00+01:00;0,000;1,000;MESURE
2025-10-29 10:00:00+01:00;0,000;1,000;MESURE
2025-10-29 11:00:00+01:00;0,000;1,000;MESURE
2025-10-29 12:00:00+01:00;0,000;1,000;MESURE
2025-10-29 13:00:00+01:00;0,000;1,000;MESURE
2025-10-29 14:00:00+01:00;0,000;1,000;MESURE
2025-10-29 15:00:00+01:00;0,000;1,000;MESURE
2025-10-29 16:00:00+01:00;125,000;1,000;MESURE
2025-10-29 17:00:00+01:00;5009,000;1,000;MESURE
2025-10-29 18:00:00+01:00;5031,000;1,000;MESURE
2025-10-29 19:00:00+01:00;5031,000;1,000;MESURE
2025-10-29 20:00:00+01:00;5068,000;1,000;MESURE
2025-10-29 21:00:00+01:00;5103,000;1,000;MESURE
2025-10-29 22:00:00+01:00;4620,000;1,000;MESURE
2025-10-29 23:00:00+01:00;4724,000;1,000;MESURE
2025-10-30 00:00:00+01:00;4776,000;1,000;MESURE
2025-10-30 01:00:00+01:00;4701,000;1,000;MESURE
2025-10-30 02:00:00+01:00;4800,000;1,000;MESURE
2025-10-30 03:00:00+01:00;4763,000;1,000;MESURE
2025-10-30 04:00:00+01:00;4725,000;1,000;MESURE
2025-10-30 05:00:00+01:00;5284,000;1,000;MESURE
2025-10-30 06:00:00+01:00;5030,000;1,000;MESURE
2025-10-30 07:00:00+01:00;0,000;1,000;MESURE
2025-10-30 08:00:00+01:00;0,000;1,000;MESURE
2025-10-30 09:00:00+01:00;0,000;1,000;MESURE
2025-10-30 10:00:00+01:00;0,000;1,000;MESURE
2025-10-30 11:00:00+01:00;0,000;1,000;MESURE
2025-10-30 12:00:00+01:00;0,000;1,000;MESURE
2025-10-30 13:00:00+01:00;0,000;1,000;MESURE
2025-10-30 14:00:00+01:00;0,000;1,000;MESURE
2025-10-30 15:00:00+01:00;0,000;1,000;MESURE
2025-10-30 16:00:00+01:00;290,000;1,000;MESURE
2025-10-30 17:00:00+01:00;4992,000;1,000;MESURE
2025-10-30 18:00:00+01:00;5002,000;1,000;MESURE
2025-10-30 19:00:00+01:00;5009,000;1,000;MESURE
2025-10-30 20:00:00+01:00;5036,000;1,000;MESURE
2025-10-30 21:00:00+01:00;4968,000;1,000;MESURE
2025-10-30 22:00:00+01:00;4503,000;1,000;MESURE
2025-10-30 23:00:00+01:00;4594,000;1,000;MESURE
2025-10-31 00:00:00+01:00;4546,000;1,000;MESURE
2025-10-31 01:00:00+01:00;4511,000;1,000;MESURE
2025-10-31 02:00:00+01:00;4581,000;1,000;MESURE
2025-10-31 03:00:00+01:00;4586,000;1,000;MESURE
2025-10-31 04:00:00+01:00;4538,000;1,000;MESURE
2025-10-31 05:00:00+01:00;4976,000;1,000;MESURE
2025-10-31 06:00:00+01:00;4960,000;1,000;MESURE
2025-10-31 07:00:00+01:00;0,000;1,000;MESURE
2025-10-31 08:00:00+01:00;0,000;1,000;MESURE
2025-10-31 09:00:00+01:00;0,000;1,000;MESURE
2025-10-31 10:00:00+01:00;0,000;1,000;MESURE
2025-10-31 11:00:00+01:00;0,000;1,000;MESURE
2025-10-31 12:00:00+01:00;0,000;1,000;MESURE
2025-10-31 13:00:00+01:00;0,000;1,000;MESURE
2025-10-31 14:00:00+01:00;0,000;1,000;MESURE
2025-10-31 15:00:00+01:00;0,000;1,000;MESURE
2025-10-31 16:00:00+01:00;367,000;1,000;MESURE
2025-10-31 17:00:00+01:00;4947,000;1,000;MESURE
2025-10-31 18:00:00+01:00;4958,000;1,000;MESURE
2025-10-31 19:00:00+01:00;4976,000;1,000;MESURE
2025-10-31 20:00:00+01:00;4984,000;1,000;MESURE
2025-10-31 21:00:00+01:00;4993,000;1,000;MESURE
2025-10-31 22:00:00+01:00;4547,000;1,000;MESURE
2025-10-31 23:00:00+01:00;4518,000;1,000;MESURE
2025-11-01 00:00:00+01:00;4538,000;1,000;MESURE
2025-11-01 01:00:00+01:00;4549,000;1,000;MESURE
2025-11-01 02:00:00+01:00;4524,000;1,000;MESURE
2025-11-01 03:00:00+01:00;4551,000;1,000;MESURE
2025-11-01 04:00:00+01:00;4555,000;1,000;MESURE
2025-11-01 05:00:00+01:00;4966,000;1,000;MESURE
2025-11-01 06:00:00+01:00;4954,000;1,000;MESURE
2025-11-01 07:00:00+01:00;13,000;1,000;MESURE
2025-11-01 08:00:00+01:00;0,000;1,000;MESURE
2025-11-01 09:00:00+01:00;0,000;1,000;MESURE
2025-11-01 10:00:00+01:00;0,000;1,000;MESURE
2025-11-01 11:00:00+01:00;0,000;1,000;MESURE
2025-11-01 12:00:00+01:00;0,000;1,000;MESURE
2025-11-01 13:00:00+01:00;0,000;1,000;MESURE
2025-11-01 14:00:00+01:00;0,000;1,000;MESURE
2025-11-01 15:00:00+01:00;0,000;1,000;MESURE
2025-11-01 16:00:00+01:00;528,000;1,000;MESURE
2025-11-01 17:00:00+01:00;4860,000;1,000;MESURE
2025-11-01 18:00:00+01:00;4883,000;1,000;MESURE
2025-11-01 19:00:00+01:00;4896,000;1,000;MESURE
2025-11-01 20:00:00+01:00;4935,000;1,000;MESURE
2025-11-01 21:00:00+01:00;4970,000;1,000;MESURE
2025-11-01 22:00:00+01:00;4555,000;1,000;MESURE
2025-11-01 23:00:00+01:00;4560,000;1,000;MESURE
2025-11-02 00:00:00+01:00;4665,000;1,000;MESURE
2025-11-02 01:00:00+01:00;4720,000;1,000;MESURE
2025-11-02 02:00:00+01:00;4756,000;1,000;MESURE
2025-11-02 03:00:00+01:00;4775,000;1,000;MESURE
2025-11-02 04:00:00+01:00;4807,000;1,000;MESURE
2025-11-02 05:00:00+01:00;5270,000;1,000;MESURE
2025-11-02 06:00:00+01:00;5298,000;1,000;MESURE
2025-11-02 07:00:00+01:00;108,000;1,000;MESURE
2025-11-02 08:00:00+01:00;0,000;1,000;MESURE
2025-11-02 09:00:00+01:00;0,000;1,000;MESURE
2025-11-02 10:00:00+01:00;0,000;1,000;MESURE
2025-11-02 11:00:00+01:00;0,000;1,000;MESURE
2025-11-02 12:00:00+01:00;0,000;1,000;MESURE
2025-11-02 13:00:00+01:00;0,000;1,000;MESURE
2025-11-02 14:00:00+01:00;0,000;1,000;MESURE
2025-11-02 15:00:00+01:00;0,000;1,000;MESURE
2025-11-02 16:00:00+01:00;642,000;1,000;MESURE
2025-11-02 17:00:00+01:00;5100,000;1,000;MESURE
2025-11-02 18:00:00+01:00;5190,000;1,000;MESURE
2025-11-02 19:00:00+01:00;5214,000;1,000;MESURE
2025-11-02 20:00:00+01:00;5241,000;1,000;MESURE
2025-11-02 21:00:00+01:00;5140,000;1,000;MESURE
2025-11-02 22:00:00+01:00;4706,000;1,000;MESURE
2025-11-02 23:00:00+01:00;4802,000;1,000;MESURE
2025-11-03 00:00:00+01:00;4804,000;1,000;MESURE
2025-11-03 01:00:00+01:00;4837,000;1,000;MESURE
2025-11-03 02:00:00+01:00;4826,000;1,000;MESURE
2025-11-03 03:00:00+01:00;4825,000;1,000;MESURE
2025-11-03 04:00:00+01:00;4850,000;1,000;MESURE
2025-11-03 05:00:00+01:00;5283,000;1,000;MESURE
2025-11-03 06:00:00+01:00;5255,000;1,000;MESURE
2025-11-03 07:00:00+01:00;279,000;1,000;MESURE
2025-11-03 08:00:00+01:00;0,000;1,000;MESURE
2025-11-03 09:00:00+01:00;0,000;1,000;MESURE
2025-11-03 10:00:00+01:00;0,000;1,000;MESURE
2025-11-03 11:00:00+01:00;0,000;1,000;MESURE
2025-11-03 12:00:00+01:00;0,000;1,000;MESURE
2025-11-03 13:00:00+01:00;0,000;1,000;MESURE
2025-11-03 14:00:00+01:00;0,000;1,000;MESURE
2025-11-03 15:00:00+01:00;0,000;1,000;MESURE
2025-11-03 16:00:00+01:00;720,000;1,000;MESURE
2025-11-03 17:00:00+01:00;5107,000;1,000;MESURE
2025-11-03 18:00:00+01:00;5124,000;1,000;MESURE
2025-11-03 19:00:00+01:00;5151,000;1,000;MESURE
2025-11-03 20:00:00+01:00;5176,000;1,000;MESURE
2025-11-03 21:00:00+01:00;5139,000;1,000;MESURE
2025-11-03 22:00:00+01:00;4695,000;1,000;MESURE
2025-11-03 23:00:00+01:00;4726,000;1,000;MESURE
2025-11-04 00:00:00+01:00;4729,000;1,000;MESURE
2025-11-04 01:00:00+01:00;4739,000;1,000;MESURE
2025-11-04 02:00:00+01:00;4715,000;1,000;MESURE
2025-11-04 03:00:00+01:00;4732,000;1,000;MESURE
2025-11-04 04:00:00+01:00;4740,000;1,000;MESURE
2025-11-04 05:00:00+01:00;5170,000;1,000;MESURE
2025-11-04 06:00:00+01:00;5159,000;1,000;MESURE
2025-11-04 07:00:00+01:00;353,000;1,000;MESURE
2025-11-04 08:00:00+01:00;0,000;1,000;MESURE
2025-11-04 09:00:00+01:00;0,000;1,000;MESURE
2025-11-04 10:00:00+01:00;0,000;1,000;MESURE
2025-11-04 11:00:00+01:00;0,000;1,000;MESURE
2025-11-04 12:00:00+01:00;0,000;1,000;MESURE
2025-11-04 13:00:00+01:00;0,000;1,000;MESURE
2025-11-04 14:00:00+01:00;0,000;1,000;MESURE
2025-11-04 15:00:00+01:00;0,000;1,000;MESURE
2025-11-04 16:00:00+01:00;872,000;1,000;MESURE
2025-11-04 17:00:00+01:00;4978,000;1,000;MESURE
2025-11-04 18:00:00+01:00;4975,000;1,000;MESURE
2025-11-04 19:00:00+01:00;4989,000;1,000;MESURE
2025-11-04 20:00:00+01:00;4996,000;1,000;MESURE
2025-11-04 21:00:00+01:00;5028,000;1,000;MESURE
2025-11-04 22:00:00+01:00;4655,000;1,000;MESURE
2025-11-04 23:00:00+01:00;4621,000;1,000;MESURE
2025-11-05 00:00:00+01:00;4653,000;1,000;MESURE
2025-11-05 01:00:00+01:00;4660,000;1,000;MESURE
2025-11-05 02:00:00+01:00;4649,000;1,000;MESURE
2025-11-05 03:00:00+01:00;4673,000;1,000;MESURE
2025-11-05 04:00:00+01:00;4666,000;1,000;MESURE
2025-11-05 05:00:00+01:00;5096,000;1,000;MESURE
2025-11-05 06:00:00+01:00;5091,000;1,000;MESURE
2025-11-05 07:00:00+01:00;514,000;1,000;MESURE
2025-11-05 08:00:00+01:00;0,000;1,000;MESURE
2025-11-05 09:00:00+01:00;0,000;1,000;MESURE
2025-11-05 10:00:00+01:00;0,000;1,000;MESURE
2025-11-05 11:00:00+01:00;0,000;1,000;MESURE
2025-11-05 12:00:00+01:00;0,000;1,000;MESURE
2025-11-05 13:00:00+01:00;0,000;1,000;MESURE
2025-11-05 14:00:00+01:00;0,000;1,000;MESURE
2025-11-05 15:00:00+01:00;0,000;1,000;MESURE
2025-11-05 16:00:00+01:00;954,000;1,000;MESURE
2025-11-05 17:00:00+01:00;4915,000;1,000;MESURE
2025-11-05 18:00:00+01:00;4918,000;1,000;MESURE
2025-11-05 19:00:00+01:00;4913,000;1,000;MESURE
2025-11-05 20:00:00+01:00;4930,000;1,000;MESURE
2025-11-05 21:00:00+01:00;4938,000;1,000;MESURE
2025-11-05 22:00:00+01:00;4516,000;1,000;MESURE
2025-11-05 23:00:00+01:00;4491,000;1,000;MESURE
2025-11-06 00:00:00+01:00;4537,000;1,000;MESURE
2025-11-06 01:00:00+01:00;4520,000;1,000;MESURE
2025-11-06 02:00:00+01:00;4524,000;1,000;MESURE
2025-11-06 03:00:00+01:00;4543,000;1,000;MESURE
2025-11-06 04:00:00+01:00;4534,000;1,000;MESURE
2025-11-06 05:00:00+01:00;4953,000;1,000;MESURE
2025-11-06 06:00:00+01:00;4940,000;1,000;MESURE
2025-11-06 07:00:00+01:00;593,000;1,000;MESURE
2025-11-06 08:00:00+01:00;0,000;1,000;MESURE
2025-11-06 09:00:00+01:00;0,000;1,000;MESURE
2025-11-06 10:00:00+01:00;0,000;1,000;MESURE
2025-11-06 11:00:00+01:00;0,000;1,000;MESURE
2025-11-06 12:00:00+01:00;0,000;1,000;MESURE
2025-11-06 13:00:00+01:00;0,000;1,000;MESURE
2025-11-06 14:00:00+01:00;0,000;1,000;MESURE
2025-11-06 15:00:00+01:00;0,000;1,000;MESURE
2025-11-06 16:00:00+01:00;1048,000;1,000;MESURE
2025-11-06 17:00:00+01:00;5032,000;1,000;MESURE
2025-11-06 18:00:00+01:00;5036,000;1,000;MESURE
2025-11-06 19:00:00+01:00;5050,000;1,000;MESURE
2025-11-06 20:00:00+01:00;5069,000;1,000;MESURE
2025-11-06 21:00:00+01:00;5083,000;1,000;MESURE
2025-11-06 22:00:00+01:00;4647,000;1,000;MESURE
2025-11-06 23:00:00+01:00;4668,000;1,000;MESURE
2025-11-07 00:00:00+01:00;4624,000;1,000;MESURE
2025-11-07 01:00:00+01:00;4641,000;1,000;MESURE
2025-11-07 02:00:00+01:00;4637,000;1,000;MESURE
2025-11-07 03:00:00+01:00;4643,000;1,000;MESURE
2025-11-07 04:00:00+01:00;4633,000;1,000;MESURE
2025-11-07 05:00:00+01:00;5065,000;1,000;MESURE
2025-11-07 06:00:00+01:00;5154,000;1,000;MESURE
2025-11-07 07:00:00+01:00;686,000;1,000;MESURE
2025-11-07 08:00:00+01:00;0,000;1,000;MESURE
2025-11-07 09:00:00+01:00;0,000;1,000;MESURE
2025-11-07 10:00:00+01:00;0,000;1,000;MESURE
2025-11-07 11:00:00+01:00;0,000;1,000;MESURE
2025-11-07 12:00:00+01:00;0,000;1,000;MESURE
2025-11-07 13:00:00+01:00;0,000;1,000;MESURE
2025-11-07 14:00:00+01:00;0,000;1,000;MESURE
2025-11-07 15:00:00+01:00;0,000;1,000;MESURE
2025-11-07 16:00:00+01:00;1158,000;1,000;MESURE
2025-11-07 17:00:00+01:00;4809,000;1,000;MESURE
2025-11-07 18:00:00+01:00;4802,000;1,000;MESURE
2025-11-07 19:00:00+01:00;4815,000;1,000;MESURE
2025-11-07 20:00:00+01:00;4811,000;1,000;MESURE
2025-11-07 21:00:00+01:00;4841,000;1,000;MESURE
2025-11-07 22:00:00+01:00;4384,000;1,000;MESURE
2025-11-07 23:00:00+01:00;4424,000;1,000;MESURE
2025-11-08 00:00:00+01:00;4420,000;1,000;MESURE
2025-11-08 01:00:00+01:00;4433,000;1,000;MESURE
2025-11-08 02:00:00+01:00;4425,000;1,000;MESURE
2025-11-08 03:00:00+01:00;4474,000;1,000;MESURE
2025-11-08 04:00:00+01:00;4458,000;1,000;MESURE
2025-11-08 05:00:00+01:00;4890,000;1,000;MESURE
2025-11-08 06:00:00+01:00;4847,000;1,000;MESURE
2025-11-08 07:00:00+01:00;832,000;1,000;MESURE
2025-11-08 08:00:00+01:00;0,000;1,000;MESURE
2025-11-08 09:00:00+01:00;0,000;1,000;MESURE
2025-11-08 10:00:00+01:00;0,000;1,000;MESURE
2025-11-08 11:00:00+01:00;0,000;1,000;MESURE
2025-11-08 12:00:00+01:00;0,000;1,000;MESURE
2025-11-08 13:00:00+01:00;0,000;1,000;MESURE
2025-11-08 14:00:00+01:00;0,000;1,000;MESURE
2025-11-08 15:00:00+01:00;0,000;1,000;MESURE
2025-11-08 16:00:00+01:00;1256,000;1,000;MESURE
2025-11-08 17:00:00+01:00;4937,000;1,000;MESURE
2025-11-08 18:00:00+01:00;4989,000;1,000;MESURE
2025-11-08 19:00:00+01:00;4929,000;1,000;MESURE
2025-11-08 20:00:00+01:00;4947,000;1,000;MESURE
2025-11-08 21:00:00+01:00;4952,000;1,000;MESURE
2025-11-08 22:00:00+01:00;4501,000;1,000;MESURE
2025-11-08 23:00:00+01:00;4570,000;1,000;MESURE
2025-11-09 00:00:00+01:00;4529,000;1,000;MESURE
2025-11-09 01:00:00+01:00;4556,000;1,000;MESURE
2025-11-09 02:00:00+01:00;4543,000;1,000;MESURE
2025-11-09 03:00:00+01:00;4566,000;1,000;MESURE
2025-11-09 04:00:00+01:00;4563,000;1,000;MESURE
2025-11-09 05:00:00+01:00;4995,000;1,000;MESURE
2025-11-09 06:00:00+01:00;4974,000;1,000;MESURE
2025-11-09 07:00:00+01:00;935,000;1,000;MESURE
2025-11-09 08:00:00+01:00;0,000;1,000;MESURE
2025-11-09 09:00:00+01:00;0,000;1,000;MESURE
2025-11-09 10:00:00+01:00;0,000;1,000;MESURE
2025-11-09 11:00:00+01:00;0,000;1,000;MESURE
2025-11-09 12:00:00+01:00;0,000;1,000;MESURE
2025-11-09 13:00:00+01:00;0,000;1,000;MESURE
2025-11-09 14:00:00+01:00;0,000;1,000;MESURE
2025-11-09 15:00:00+01:00;0,000;1,000;MESURE
2025-11-09 16:00:00+01:00;1332,000;1,000;MESURE
2025-11-09 17:00:00+01:00;4928,000;1,000;MESURE
2025-11-09 18:00:00+01:00;4984,000;1,000;MESURE
2025-11-09 19:00:00+01:00;4987,000;1,000;MESURE
2025-11-09 20:00:00+01:00;4925,000;1,000;MESURE
2025-11-09 21:00:00+01:00;4902,000;1,000;MESURE
2025-11-09 22:00:00+01:00;4471,000;1,000;MESURE
2025-11-09 23:00:00+01:00;4505,000;1,000;MESURE
2025-11-10 00:00:00+01:00;4457,000;1,000;MESURE
2025-11-10 01:00:00+01:00;4465,000;1,000;MESURE
2025-11-10 02:00:00+01:00;4464,000;1,000;MESURE
2025-11-10 03:00:00+01:00;4485,000;1,000;MESURE
2025-11-10 04:00:00+01:00;4498,000;1,000;MESURE
2025-11-10 05:00:00+01:00;4933,000;1,000;MESURE
2025-11-10 06:00:00+01:00;4967,000;1,000;MESURE
2025-11-10 07:00:00+01:00;993,000;1,000;MESURE
2025-11-10 08:00:00+01:00;0,000;1,000;MESURE
2025-11-10 09:00:00+01:00;0,000;1,000;MESURE
2025-11-10 10:00:00+01:00;0,000;1,000;MESURE
2025-11-10 11:00:00+01:00;0,000;1,000;MESURE
2025-11-10 12:00:00+01:00;0,000;1,000;MESURE
2025-11-10 13:00:00+01:00;0,000;1,000;MESURE
2025-11-10 14:00:00+01:00;0,000;1,000;MESURE
2025-11-10 15:00:00+01:00;0,000;1,000;MESURE
2025-11-10 16:00:00+01:00;1360,000;1,000;MESURE
2025-11-10 17:00:00+01:00;4648,000;1,000;MESURE
2025-11-10 18:00:00+01:00;4762,000;1,000;MESURE
2025-11-10 19:00:00+01:00;4770,000;1,000;MESURE
2025-11-10 20:00:00+01:00;4787,000;1,000;MESURE
2025-11-10 21:00:00+01:00;4700,000;1,000;MESURE
2025-11-10 22:00:00+01:00;4264,000;1,000;MESURE
2025-11-10 23:00:00+01:00;4338,000;1,000;MESURE
2025-11-11 00:00:00+01:00;4273,000;1,000;MESURE
2025-11-11 01:00:00+01:00;4261,000;1,000;MESURE
2025-11-11 02:00:00+01:00;4260,000;1,000;MESURE
2025-11-11 03:00:00+01:00;4276,000;1,000;MESURE
2025-11-11 04:00:00+01:00;4269,000;1,000;MESURE
2025-11-11 05:00:00+01:00;4705,000;1,000;MESURE
2025-11-11 06:00:00+01:00;4744,000;1,000;MESURE
2025-11-11 07:00:00+01:00;1103,000;1,000;MESURE
2025-11-11 08:00:00+01:00;0,000;1,000;MESURE
2025-11-11 09:00:00+01:00;0,000;1,000;MESURE
2025-11-11 10:00:00+01:00;0,000;1,000;MESURE
2025-11-11 11:00:00+01:00;0,000;1,000;MESURE
2025-11-11 12:00:00+01:00;0,000;1,000;MESURE
2025-11-11 13:00:00+01:00;0,000;1,000;MESURE
2025-11-11 14:00:00+01:00;0,000;1,000;MESURE
2025-11-11 15:00:00+01:00;0,000;1,000;MESURE
2025-11-11 16:00:00+01:00;1500,000;1,000;MESURE
2025-11-11 17:00:00+01:00;4619,000;1,000;MESURE
2025-11-11 18:00:00+01:00;4700,000;1,000;MESURE
2025-11-11 19:00:00+01:00;4695,000;1,000;MESURE
2025-11-11 20:00:00+01:00;4704,000;1,000;MESURE
2025-11-11 21:00:00+01:00;4729,000;1,000;MESURE
2025-11-11 22:00:00+01:00;4287,000;1,000;MESURE
2025-11-11 23:00:00+01:00;4253,000;1,000;MESURE
2025-11-12 00:00:00+01:00;4264,000;1,000;MESURE
2025-11-12 01:00:00+01:00;4282,000;1,000;MESURE
2025-11-12 02:00:00+01:00;4275,000;1,000;MESURE
2025-11-12 03:00:00+01:00;4291,000;1,000;MESURE
2025-11-12 04:00:00+01:00;4301,000;1,000;MESURE
2025-11-12 05:00:00+01:00;4738,000;1,000;MESURE
2025-11-12 06:00:00+01:00;4692,000;1,000;MESURE
2025-11-12 07:00:00+01:00;1182,000;1,000;MESURE
2025-11-12 08:00:00+01:00;0,000;1,000;MESURE
2025-11-12 09:00:00+01:00;0,000;1,000;MESURE
2025-11-12 10:00:00+01:00;0,000;1,000;MESURE
2025-11-12 11:00:00+01:00;0,000;1,000;MESURE
2025-11-12 12:00:00+01:00;0,000;1,000;MESURE
2025-11-12 13:00:00+01:00;0,000;1,000;MESURE
2025-11-12 14:00:00+01:00;0,000;1,000;MESURE
2025-11-12 15:00:00+01:00;0,000;1,000;MESURE
2025-11-12 16:00:00+01:00;1639,000;1,000;MESURE
2025-11-12 17:00:00+01:00;4779,000;1,000;MESURE
2025-11-12 18:00:00+01:00;4759,000;1,000;MESURE
2025-11-12 19:00:00+01:00;4771,000;1,000;MESURE
2025-11-12 20:00:00+01:00;4787,000;1,000;MESURE
2025-11-12 21:00:00+01:00;4815,000;1,000;MESURE
2025-11-12 22:00:00+01:00;4378,000;1,000;MESURE
2025-11-12 23:00:00+01:00;4347,000;1,000;MESURE
2025-11-13 00:00:00+01:00;4370,000;1,000;MESURE
2025-11-13 01:00:00+01:00;4376,000;1,000;MESURE
2025-11-13 02:00:00+01:00;4374,000;1,000;MESURE
2025-11-13 03:00:00+01:00;4391,000;1,000;MESURE
2025-11-13 04:00:00+01:00;4388,000;1,000;MESURE
2025-11-13 05:00:00+01:00;4840,000;1,000;MESURE
2025-11-13 06:00:00+01:00;4800,000;1,000;MESURE
2025-11-13 07:00:00+01:00;1371,000;1,000;MESURE
2025-11-13 08:00:00+01:00;0,000;1,000;MESURE
2025-11-13 09:00:00+01:00;0,000;1,000;MESURE
2025-11-13 10:00:00+01:00;0,000;1,000;MESURE
2025-11-13 11:00:00+01:00;0,000;1,000;MESURE
2025-11-13 12:00:00+01:00;0,000;1,000;MESURE
2025-11-13 13:00:00+01:00;0,000;1,000;MESURE
2025-11-13 14:00:00+01:00;0,000;1,000;MESURE
2025-11-13 15:00:00+01:00;0,000;1,000;MESURE
2025-11-13 16:00:00+01:00;1633,000;1,000;MESURE
2025-11-13 17:00:00+01:00;4584,000;1,000;MESURE
2025-11-13 18:00:00+01:00;4580,000;1,000;MESURE
2025-11-13 19:00:00+01:00;4590,000;1,000;MESURE
2025-11-13 20:00:00+01:00;4610,000;1,000;MESURE
2025-11-13 21:00:00+01:00;4646,000;1,000;MESURE
2025-11-13 22:00:00+01:00;4201,000;1,000;MESURE
2025-11-13 23:00:00+01:00;4163,000;1,000;MESURE
2025-11-14 00:00:00+01:00;4190,000;1,000;MESURE
2025-11-14 01:00:00+01:00;4191,000;1,000;MESURE
2025-11-14 02:00:00+01:00;4179,000;1,000;MESURE
2025-11-14 03:00:00+01:00;4182,000;1,000;MESURE
2025-11-14 04:00:00+01:00;4175,000;1,000;MESURE
2025-11-14 05:00:00+01:00;4692,000;1,000;MESURE
2025-11-14 06:00:00+01:00;4623,000;1,000;MESURE
2025-11-14 07:00:00+01:00;1417,000;1,000;MESURE
2025-11-14 08:00:00+01:00;0,000;1,000;MESURE
2025-11-14 09:00:00+01:00;0,000;1,000;MESURE
2025-11-14 10:00:00+01:00;0,000;1,000;MESURE
2025-11-14 11:00:00+01:00;0,000;1,000;MESURE
2025-11-14 12:00:00+01:00;0,000;1,000;MESURE
2025-11-14 13:00:00+01:00;0,000;1,000;MESURE
2025-11-14 14:00:00+01:00;0,000;1,000;MESURE
2025-11-14 15:00:00+01:00;0,000;1,000;MESURE
2025-11-14 16:00:00+01:00;1702,000;1,000;MESURE
2025-11-14 17:00:00+01:00;4544,000;1,000;MESURE
2025-11-14 18:00:00+01:00;4647,000;1,000;MESURE
2025-11-14 19:00:00+01:00;4653,000;1,000;MESURE
2025-11-14 20:00:00+01:00;4668,000;1,000;MESURE
2025-11-14 21:00:00+01:00;4580,000;1,000;MESURE
2025-11-14 22:00:00+01:00;4138,000;1,000;MESURE
2025-11-14 23:00:00+01:00;4176,000;1,000;MESURE
2025-11-15 00:00:00+01:00;4153,000;1,000;MESURE
2025-11-15 01:00:00+01:00;4172,000;1,000;MESURE
2025-11-15 02:00:00+01:00;4168,000;1,000;MESURE
2025-11-15 03:00:00+01:00;4188,000;1,000;MESURE
2025-11-15 04:00:00+01:00;4201,000;1,000;MESURE
2025-11-15 05:00:00+01:00;4644,000;1,000;MESURE
2025-11-15 06:00:00+01:00;4623,000;1,000;MESURE
2025-11-15 07:00:00+01:00;1483,000;1,000;MESURE
2025-11-15 08:00:00+01:00;0,000;1,000;MESURE
2025-11-15 09:00:00+01:00;0,000;1,000;MESURE
2025-11-15 10:00:00+01:00;0,000;1,000;MESURE
2025-11-15 11:00:00+01:00;0,000;1,000;MESURE
2025-11-15 12:00:00+01:00;0,000;1,000;MESURE
2025-11-15 13:00:00+01:00;0,000;1,000;MESURE
2025-11-15 14:00:00+01:00;0,000;1,000;MESURE
2025-11-15 15:00:00+01:00;0,000;1,000;MESURE
2025-11-15 16:00:00+01:00;1772,000;1,000;MESURE
2025-11-15 17:00:00+01:00;4556,000;1,000;MESURE
2025-11-15 18:00:00+01:00;4644,000;1,000;MESURE
2025-11-15 19:00:00+01:00;4634,000;1,000;MESURE
2025-11-15 20:00:00+01:00;4608,000;1,000;MESURE
2025-11-15 21:00:00+01:00;4622,000;1,000;MESURE
2025-11-15 22:00:00+01:00;4168,000;1,000;MESURE
2025-11-15 23:00:00+01:00;4144,000;1,000;MESURE
2025-11-16 00:00:00+01:00;4165,000;1,000;MESURE
2025-11-16 01:00:00+01:00;4211,000;1,000;MESURE
2025-11-16 02:00:00+01:00;4180,000;1,000;MESURE
2025-11-16 03:00:00+01:00;4172,000;1,000;MESURE
2025-11-16 04:00:00+01:00;4188,000;1,000;MESURE
2025-11-16 05:00:00+01:00;4639,000;1,000;MESURE
2025-11-16 06:00:00+01:00;4634,000;1,000;MESURE
2025-11-16 07:00:00+01:00;1638,000;1,000;MESURE
2025-11-16 08:00:00+01:00;0,000;1,000;MESURE
2025-11-16 09:00:00+01:00;0,000;1,000;MESURE
2025-11-16 10:00:00+01:00;0,000;1,000;MESURE
2025-11-16 11:00:00+01:00;0,000;1,000;MESURE
2025-11-16 12:00:00+01:00;0,000;1,000;MESURE
2025-11-16 13:00:00+01:00;0,000;1,000;MESURE
2025-11-16 14:00:00+01:00;0,000;1,000;MESURE
2025-11-16 15:00:00+01:00;0,000;1,000;MESURE
2025-11-16 16:00:00+01:00;1987,000;1,000;MESURE
2025-11-16 17:00:00+01:00;4879,000;1,000;MESURE
2025-11-16 18:00:00+01:00;4947,000;1,000;MESURE
2025-11-16 19:00:00+01:00;4926,000;1,000;MESURE
2025-11-16 20:00:00+01:00;4930,000;1,000;MESURE
2025-11-16 21:00:00+01:00;4953,000;1,000;MESURE
2025-11-16 22:00:00+01:00;4510,000;1,000;MESURE
2025-11-16 23:00:00+01:00;4576,000;1,000;MESURE
2025-11-17 00:00:00+01:00;4521,000;1,000;MESURE
2025-11-17 01:00:00+01:00;4531,000;1,000;MESURE
2025-11-17 02:00:00+01:00;4563,000;1,000;MESURE
2025-11-17 03:00:00+01:00;4562,000;1,000;MESURE
2025-11-17 04:00:00+01:00;4561,000;1,000;MESURE
2025-11-17 05:00:00+01:00;5002,000;1,000;MESURE
2025-11-17 06:00:00+01:00;5043,000;1,000;MESURE
2025-11-17 07:00:00+01:00;1868,000;1,000;MESURE
2025-11-17 08:00:00+01:00;0,000;1,000;MESURE
2025-11-17 09:00:00+01:00;0,000;1,000;MESURE
2025-11-17 10:00:00+01:00;0,000;1,000;MESURE
2025-11-17 11:00:00+01:00;0,000;1,000;MESURE
2025-11-17 12:00:00+01:00;0,000;1,000;MESURE
2025-11-17 13:00:00+01:00;0,000;1,000;MESURE
2025-11-17 14:00:00+01:00;0,000;1,000;MESURE
2025-11-17 15:00:00+01:00;0,000;1,000;MESURE
2025-11-17 16:00:00+01:00;2063,000;1,000;MESURE
2025-11-17 17:00:00+01:00;4870,000;1,000;MESURE
2025-11-17 18:00:00+01:00;4972,000;1,000;MESURE
2025-11-17 19:00:00+01:00;4991,000;1,000;MESURE
2025-11-17 20:00:00+01:00;4925,000;1,000;MESURE
2025-11-17 21:00:00+01:00;4915,000;1,000;MESURE
2025-11-17 22:00:00+01:00;4476,000;1,000;MESURE
2025-11-17 23:00:00+01:00;4525,000;1,000;MESURE
2025-11-18 00:00:00+01:00;4494,000;1,000;MESURE
2025-11-18 01:00:00+01:00;4465,000;1,000;MESURE
2025-11-18 02:00:00+01:00;4525,000;1,000;MESURE
2025-11-18 03:00:00+01:00;4473,000;1,000;MESURE
2025-11-18 04:00:00+01:00;4472,000;1,000;MESURE
2025-11-18 05:00:00+01:00;4997,000;1,000;MESURE
2025-11-18 06:00:00+01:00;4989,000;1,000;MESURE
2025-11-18 07:00:00+01:00;1916,000;1,000;MESURE
2025-11-18 08:00:00+01:00;0,000;1,000;MESURE
2025-11-18 09:00:00+01:00;0,000;1,000;MESURE
2025-11-18 10:00:00+01:00;0,000;1,000;MESURE
2025-11-18 11:00:00+01:00;0,000;1,000;MESURE
2025-11-18 12:00:00+01:00;0,000;1,000;MESURE
2025-11-18 13:00:00+01:00;0,000;1,000;MESURE
2025-11-18 14:00:00+01:00;0,000;1,000;MESURE
2025-11-18 15:00:00+01:00;0,000;1,000;MESURE
2025-11-18 16:00:00+01:00;2129,000;1,000;MESURE
2025-11-18 17:00:00+01:00;4793,000;1,000;MESURE
2025-11-18 18:00:00+01:00;4864,000;1,000;MESURE
2025-11-18 19:00:00+01:00;4934,000;1,000;MESURE
2025-11-18 20:00:00+01:00;4940,000;1,000;MESURE
2025-11-18 21:00:00+01:00;4844,000;1,000;MESURE
2025-11-18 22:00:00+01:00;4407,000;1,000;MESURE
2025-11-18 23:00:00+01:00;4465,000;1,000;MESURE
2025-11-19 00:00:00+01:00;4433,000;1,000;MESURE
2025-11-19 01:00:00+01:00;4447,000;1,000;MESURE
2025-11-19 02:00:00+01:00;4441,000;1,000;MESURE
2025-11-19 03:00:00+01:00;4467,000;1,000;MESURE
2025-11-19 04:00:00+01:00;4449,000;1,000;MESURE
2025-11-19 05:00:00+01:00;4880,000;1,000;MESURE
2025-11-19 06:00:00+01:00;4948,000;1,000;MESURE
2025-11-19 07:00:00+01:00;2072,000;1,000;MESURE
2025-11-19 08:00:00+01:00;0,000;1,000;MESURE
2025-11-19 09:00:00+01:00;0,000;1,000;MESURE
2025-11-19 10:00:00+01:00;0,000;1,000;MESURE
2025-11-19 11:00:00+01:00;0,000;1,000;MESURE
2025-11-19 12:00:00+01:00;0,000;1,000;MESURE
2025-11-19 13:00:00+01:00;0,000;1,000;MESURE
2025-11-19 14:00:00+01:00;0,000;1,000;MESURE
2025-11-19 15:00:00+01:00;0,000;1,000;MESURE
2025-11-19 16:00:00+01:00;2276,000;1,000;MESURE
2025-11-19 17:00:00+01:00;4939,000;1,000;MESURE
2025-11-19 18:00:00+01:00;5049,000;1,000;MESURE
2025-11-19 19:00:00+01:00;4997,000;1,000;MESURE
2025-11-19 20:00:00+01:00;4984,000;1,000;MESURE
2025-11-19 21:00:00+01:00;5039,000;1,000;MESURE
2025-11-19 22:00:00+01:00;4591,000;1,000;MESURE
2025-11-19 23:00:00+01:00;4546,000;1,000;MESURE
2025-11-20 00:00:00+01:00;4556,000;1,000;MESURE
2025-11-20 01:00:00+01:00;4571,000;1,000;MESURE
2025-11-20 02:00:00+01:00;4574,000;1,000;MESURE
2025-11-20 03:00:00+01:00;4607,000;1,000;MESURE
2025-11-20 04:00:00+01:00;4604,000;1,000;MESURE
2025-11-20 05:00:00+01:00;5010,000;1,000;MESURE
2025-11-20 06:00:00+01:00;4991,000;1,000;MESURE
2025-11-20 07:00:00+01:00;2194,000;1,000;MESURE
2025-11-20 08:00:00+01:00;0,000;1,000;MESURE
2025-11-20 09:00:00+01:00;0,000;1,000;MESURE
2025-11-20 10:00:00+01:00;0,000;1,000;MESURE
2025-11-20 11:00:00+01:00;0,000;1,000;MESURE
2025-11-20 12:00:00+01:00;0,000;1,000;MESURE
2025-11-20 13:00:00+01:00;0,000;1,000;MESURE
2025-11-20 14:00:00+01:00;0,000;1,000;MESURE
2025-11-20 15:00:00+01:00;0,000;1,000;MESURE
2025-11-20 16:00:00+01:00;2154,000;1,000;MESURE
2025-11-20 17:00:00+01:00;4707,000;1,000;MESURE
2025-11-20 18:00:00+01:00;4736,000;1,000;MESURE
2025-11-20 19:00:00+01:00;4749,000;1,000;MESURE
2025-11-20 20:00:00+01:00;4758,000;1,000;MESURE
2025-11-20 21:00:00+01:00;4770,000;1,000;MESURE
2025-11-20 22:00:00+01:00;4326,000;1,000;MESURE
2025-11-20 23:00:00+01:00;4307,000;1,000;MESURE
2025-11-21 00:00:00+01:00;4359,000;1,000;MESURE
2025-11-21 01:00:00+01:00;4365,000;1,000;MESURE
2025-11-21 02:00:00+01:00;4368,000;1,000;MESURE
2025-11-21 03:00:00+01:00;4384,000;1,000;MESURE
2025-11-21 04:00:00+01:00;4372,000;1,000;MESURE
2025-11-21 05:00:00+01:00;4787,000;1,000;MESURE
2025-11-21 06:00:00+01:00;4839,000;1,000;MESURE
2025-11-21 07:00:00+01:00;2163,000;1,000;MESURE
2025-11-21 08:00:00+01:00;0,000;1,000;MESURE
2025-11-21 09:00:00+01:00;0,000;1,000;MESURE
2025-11-21 10:00:00+01:00;0,000;1,000;MESURE
2025-11-21 11:00:00+01:00;0,000;1,000;MESURE
2025-11-21 12:00:00+01:00;0,000;1,000;MESURE
2025-11-21 13:00:00+01:00;0,000;1,000;MESURE
2025-11-21 14:00:00+01:00;0,000;1,000;MESURE
2025-11-21 15:00:00+01:00;0,000;1,000;MESURE
2025-11-21 16:00:00+01:00;2292,000;1,000;MESURE
2025-11-21 17:00:00+01:00;4903,000;1,000;MESURE
2025-11-21 18:00:00+01:00;4948,000;1,000;MESURE
2025-11-21 19:00:00+01:00;4970,000;1,000;MESURE
2025-11-21 20:00:00+01:00;4948,000;1,000;MESURE
2025-11-21 21:00:00+01:00;4891,000;1,000;MESURE
2025-11-21 22:00:00+01:00;4444,000;1,000;MESURE
2025-11-21 23:00:00+01:00;4464,000;1,000;MESURE
2025-11-22 00:00:00+01:00;4454,000;1,000;MESURE
2025-11-22 01:00:00+01:00;4480,000;1,000;MESURE
2025-11-22 02:00:00+01:00;4454,000;1,000;MESURE
2025-11-22 03:00:00+01:00;4484,000;1,000;MESURE
2025-11-22 04:00:00+01:00;4485,000;1,000;MESURE
2025-11-22 05:00:00+01:00;4926,000;1,000;MESURE
2025-11-22 06:00:00+01:00;4929,000;1,000;MESURE
2025-11-22 07:00:00+01:00;2380,000;1,000;MESURE
2025-11-22 08:00:00+01:00;0,000;1,000;MESURE
2025-11-22 09:00:00+01:00;0,000;1,000;MESURE
2025-11-22 10:00:00+01:00;0,000;1,000;MESURE
2025-11-22 11:00:00+01:00;0,000;1,000;MESURE
2025-11-22 12:00:00+01:00;0,000;1,000;MESURE
2025-11-22 13:00:00+01:00;0,000;1,000;MESURE
2025-11-22 14:00:00+01:00;0,000;1,000;MESURE
2025-11-22 15:00:00+01:00;0,000;1,000;MESURE
2025-11-22 16:00:00+01:00;2284,000;1,000;MESURE
2025-11-22 17:00:00+01:00;4724,000;1,000;MESURE
2025-11-22 18:00:00+01:00;4726,000;1,000;MESURE
2025-11-22 19:00:00+01:00;4724,000;1,000;MESURE
2025-11-22 20:00:00+01:00;4743,000;1,000;MESURE
2025-11-22 21:00:00+01:00;4706,000;1,000;MESURE
2025-11-22 22:00:00+01:00;4258,000;1,000;MESURE
2025-11-22 23:00:00+01:00;4300,000;1,000;MESURE
2025-11-23 00:00:00+01:00;4220,000;1,000;MESURE
2025-11-23 01:00:00+01:00;4299,000;1,000;MESURE
2025-11-23 02:00:00+01:00;4315,000;1,000;MESURE
2025-11-23 03:00:00+01:00;4341,000;1,000;MESURE
2025-11-23 04:00:00+01:00;4335,000;1,000;MESURE
2025-11-23 05:00:00+01:00;4762,000;1,000;MESURE
2025-11-23 06:00:00+01:00;4764,000;1,000;MESURE
2025-11-23 07:00:00+01:00;2416,000;1,000;MESURE
2025-11-23 08:00:00+01:00;0,000;1,000;MESURE
2025-11-23 09:00:00+01:00;0,000;1,000;MESURE
2025-11-23 10:00:00+01:00;0,000;1,000;MESURE
2025-11-23 11:00:00+01:00;0,000;1,000;MESURE
2025-11-23 12:00:00+01:00;0,000;1,000;MESURE
2025-11-23 13:00:00+01:00;0,000;1,000;MESURE
2025-11-23 14:00:00+01:00;0,000;1,000;MESURE
2025-11-23 15:00:00+01:00;0,000;1,000;MESURE
2025-11-23 16:00:00+01:00;2322,000;1,000;MESURE
2025-11-23 17:00:00+01:00;4597,000;1,000;MESURE
2025-11-23 18:00:00+01:00;4662,000;1,000;MESURE
2025-11-23 19:00:00+01:00;4622,000;1,000;MESURE
2025-11-23 20:00:00+01:00;4640,000;1,000;MESURE
2025-11-23 21:00:00+01:00;4670,000;1,000;MESURE
2025-11-23 22:00:00+01:00;4241,000;1,000;MESURE
2025-11-23 23:00:00+01:00;4216,000;1,000;MESURE
2025-11-24 00:00:00+01:00;4275,000;1,000;MESURE
2025-11-24 01:00:00+01:00;4346,000;1,000;MESURE
2025-11-24 02:00:00+01:00;4397,000;1,000;MESURE
2025-11-24 03:00:00+01:00;4462,000;1,000;MESURE
2025-11-24 04:00:00+01:00;4505,000;1,000;MESURE
2025-11-24 05:00:00+01:00;4984,000;1,000;MESURE
2025-11-24 06:00:00+01:00;5020,000;1,000;MESURE
2025-11-24 07:00:00+01:00;2629,000;1,000;MESURE
2025-11-24 08:00:00+01:00;0,000;1,000;MESURE
2025-11-24 09:00:00+01:00;0,000;1,000;MESURE
2025-11-24 10:00:00+01:00;0,000;1,000;MESURE
2025-11-24 11:00:00+01:00;0,000;1,000;MESURE
2025-11-24 12:00:00+01:00;0,000;1,000;MESURE
2025-11-24 13:00:00+01:00;0,000;1,000;MESURE
2025-11-24 14:00:00+01:00;0,000;1,000;MESURE
2025-11-24 15:00:00+01:00;338,000;1,000;MESURE
2025-11-24 16:00:00+01:00;2532,000;1,000;MESURE
2025-11-24 17:00:00+01:00;5029,000;1,000;MESURE
2025-11-24 18:00:00+01:00;5047,000;1,000;MESURE
2025-11-24 19:00:00+01:00;5069,000;1,000;MESURE
2025-11-24 20:00:00+01:00;5096,000;1,000;MESURE
2025-11-24 21:00:00+01:00;5123,000;1,000;MESURE
2025-11-24 22:00:00+01:00;4695,000;1,000;MESURE
2025-11-24 23:00:00+01:00;4659,000;1,000;MESURE
2025-11-25 00:00:00+01:00;4685,000;1,000;MESURE
2025-11-25 01:00:00+01:00;4694,000;1,000;MESURE
2025-11-25 02:00:00+01:00;4695,000;1,000;MESURE
2025-11-25 03:00:00+01:00;4717,000;1,000;MESURE
2025-11-25 04:00:00+01:00;4747,000;1,000;MESURE
2025-11-25 05:00:00+01:00;5199,000;1,000;MESURE
2025-11-25 06:00:00+01:00;5204,000;1,000;MESURE
2025-11-25 07:00:00+01:00;2799,000;1,000;MESURE
2025-11-25 08:00:00+01:00;0,000;1,000;MESURE
2025-11-25 09:00:00+01:00;0,000;1,000;MESURE
2025-11-25 10:00:00+01:00;0,000;1,000;MESURE
2025-11-25 11:00:00+01:00;0,000;1,000;MESURE
2025-11-25 12:00:00+01:00;0,000;1,000;MESURE
2025-11-25 13:00:00+01:00;0,000;1,000;MESURE
2025-11-25 14:00:00+01:00;0,000;1,000;MESURE
2025-11-25 15:00:00+01:00;879,000;1,000;MESURE
2025-11-25 16:00:00+01:00;2683,000;1,000;MESURE
2025-11-25 17:00:00+01:00;5058,000;1,000;MESURE
2025-11-25 18:00:00+01:00;5070,000;1,000;MESURE
2025-11-25 19:00:00+01:00;5080,000;1,000;MESURE
2025-11-25 20:00:00+01:00;5137,000;1,000;MESURE
2025-11-25 21:00:00+01:00;5156,000;1,000;MESURE
2025-11-25 22:00:00+01:00;4683,000;1,000;MESURE
2025-11-25 23:00:00+01:00;4659,000;1,000;MESURE
2025-11-26 00:00:00+01:00;4692,000;1,000;MESURE
2025-11-26 01:00:00+01:00;4709,000;1,000;MESURE
2025-11-26 02:00:00+01:00;4705,000;1,000;MESURE
2025-11-26 03:00:00+01:00;4723,000;1,000;MESURE
2025-11-26 04:00:00+01:00;4724,000;1,000;MESURE
2025-11-26 05:00:00+01:00;5167,000;1,000;MESURE
2025-11-26 06:00:00+01:00;5148,000;1,000;MESURE
2025-11-26 07:00:00+01:00;2947,000;1,000;MESURE
2025-11-26 08:00:00+01:00;0,000;1,000;MESURE
2025-11-26 09:00:00+01:00;709,000;1,000;MESURE
2025-11-26 10:00:00+01:00;0,000;1,000;MESURE
2025-11-26 11:00:00+01:00;0,000;1,000;MESURE
2025-11-26 12:00:00+01:00;0,000;1,000;MESURE
2025-11-26 13:00:00+01:00;0,000;1,000;MESURE
2025-11-26 14:00:00+01:00;0,000;1,000;MESURE
2025-11-26 15:00:00+01:00;0,000;1,000;MESURE
2025-11-26 16:00:00+01:00;2699,000;1,000;MESURE
2025-11-26 17:00:00+01:00;4999,000;1,000;MESURE
2025-11-26 18:00:00+01:00;5023,000;1,000;MESURE
2025-11-26 19:00:00+01:00;5120,000;1,000;MESURE
2025-11-26 20:00:00+01:00;5046,000;1,000;MESURE
2025-11-26 21:00:00+01:00;5058,000;1,000;MESURE
2025-11-26 22:00:00+01:00;4602,000;1,000;MESURE
2025-11-26 23:00:00+01:00;4587,000;1,000;MESURE
2025-11-27 00:00:00+01:00;4611,000;1,000;MESURE
2025-11-27 01:00:00+01:00;4614,000;1,000;MESURE
2025-11-27 02:00:00+01:00;4647,000;1,000;MESURE
2025-11-27 03:00:00+01:00;4617,000;1,000;MESURE
2025-11-27 04:00:00+01:00;4619,000;1,000;MESURE
2025-11-27 05:00:00+01:00;5071,000;1,000;MESURE
2025-11-27 06:00:00+01:00;5137,000;1,000;MESURE
2025-11-27 07:00:00+01:00;2967,000;1,000;MESURE
2025-11-27 08:00:00+01:00;0,000;1,000;MESURE
2025-11-27 09:00:00+01:00;0,000;1,000;MESURE
2025-11-27 10:00:00+01:00;0,000;1,000;MESURE
2025-11-27 11:00:00+01:00;0,000;1,000;MESURE
2025-11-27 12:00:00+01:00;0,000;1,000;MESURE
2025-11-27 13:00:00+01:00;0,000;1,000;MESURE
2025-11-27 14:00:00+01:00;0,000;1,000;MESURE
2025-11-27 15:00:00+01:00;0,000;1,000;MESURE
2025-11-27 16:00:00+01:00;2651,000;1,000;MESURE
2025-11-27 17:00:00+01:00;4939,000;1,000;MESURE
2025-11-27 18:00:00+01:00;5042,000;1,000;MESURE
2025-11-27 19:00:00+01:00;5042,000;1,000;MESURE
2025-11-27 20:00:00+01:00;5051,000;1,000;MESURE
2025-11-27 21:00:00+01:00;4981,000;1,000;MESURE
2025-11-27 22:00:00+01:00;4536,000;1,000;MESURE
2025-11-27 23:00:00+01:00;4603,000;1,000;MESURE
2025-11-28 00:00:00+01:00;4540,000;1,000;MESURE
2025-11-28 01:00:00+01:00;4561,000;1,000;MESURE
2025-11-28 02:00:00+01:00;4615,000;1,000;MESURE
2025-11-28 03:00:00+01:00;4640,000;1,000;MESURE
2025-11-28 04:00:00+01:00;4616,000;1,000;MESURE
2025-11-28 05:00:00+01:00;5062,000;1,000;MESURE
2025-11-28 06:00:00+01:00;5069,000;1,000;MESURE
2025-11-28 07:00:00+01:00;3057,000;1,000;MESURE
2025-11-28 08:00:00+01:00;0,000;1,000;MESURE
2025-11-28 09:00:00+01:00;0,000;1,000;MESURE
2025-11-28 10:00:00+01:00;0,000;1,000;MESURE
2025-11-28 11:00:00+01:00;3443,000;1,000;MESURE
2025-11-28 12:00:00+01:00;0,000;1,000;MESURE
2025-11-28 13:00:00+01:00;0,000;1,000;MESURE
2025-11-28 14:00:00+01:00;0,000;1,000;MESURE
2025-11-28 15:00:00+01:00;0,000;1,000;MESURE
2025-11-28 16:00:00+01:00;2733,000;1,000;MESURE
2025-11-28 17:00:00+01:00;4886,000;1,000;MESURE
2025-11-28 18:00:00+01:00;4872,000;1,000;MESURE
2025-11-28 19:00:00+01:00;4890,000;1,000;MESURE
2025-11-28 20:00:00+01:00;4914,000;1,000;MESURE
2025-11-28 21:00:00+01:00;4940,000;1,000;MESURE
2025-11-28 22:00:00+01:00;4511,000;1,000;MESURE
2025-11-28 23:00:00+01:00;4467,000;1,000;MESURE
2025-11-29 00:00:00+01:00;4491,000;1,000;MESURE
2025-11-29 01:00:00+01:00;4501,000;1,000;MESURE
2025-11-29 02:00:00+01:00;4490,000;1,000;MESURE
2025-11-29 03:00:00+01:00;4505,000;1,000;MESURE
2025-11-29 04:00:00+01:00;4497,000;1,000;MESURE
2025-11-29 05:00:00+01:00;4959,000;1,000;MESURE
2025-11-29 06:00:00+01:00;4949,000;1,000;MESURE
2025-11-29 07:00:00+01:00;3057,000;1,000;MESURE
2025-11-29 08:00:00+01:00;0,000;1,000;MESURE
2025-11-29 09:00:00+01:00;0,000;1,000;MESURE
2025-11-29 10:00:00+01:00;0,000;1,000;MESURE
2025-11-29 11:00:00+01:00;0,000;1,000;MESURE
2025-11-29 12:00:00+01:00;0,000;1,000;MESURE
2025-11-29 13:00:00+01:00;0,000;1,000;MESURE
2025-11-29 14:00:00+01:00;0,000;1,000;MESURE
2025-11-29 15:00:00+01:00;0,000;1,000;MESURE
2025-11-29 16:00:00+01:00;2702,000;1,000;MESURE
2025-11-29 17:00:00+01:00;4837,000;1,000;MESURE
2025-11-29 18:00:00+01:00;4837,000;1,000;MESURE
2025-11-29 19:00:00+01:00;4836,000;1,000;MESURE
2025-11-29 20:00:00+01:00;4851,000;1,000;MESURE
2025-11-29 21:00:00+01:00;4884,000;1,000;MESURE
2025-11-29 22:00:00+01:00;4448,000;1,000;MESURE
2025-11-29 23:00:00+01:00;4418,000;1,000;MESURE
2025-11-30 00:00:00+01:00;4454,000;1,000;MESURE
2025-11-30 01:00:00+01:00;4506,000;1,000;MESURE
2025-11-30 02:00:00+01:00;4453,000;1,000;MESURE
2025-11-30 03:00:00+01:00;4432,000;1,000;MESURE
2025-11-30 04:00:00+01:00;4432,000;1,000;MESURE
2025-11-30 05:00:00+01:00;4870,000;1,000;MESURE
2025-11-30 06:00:00+01:00;4881,000;1,000;MESURE
2025-11-30 07:00:00+01:00;3136,000;1,000;MESURE
2025-11-30 08:00:00+01:00;0,000;1,000;MESURE
2025-11-30 09:00:00+01:00;0,000;1,000;MESURE
2025-11-30 10:00:00+01:00;0,000;1,000;MESURE
2025-11-30 11:00:00+01:00;0,000;1,000;MESURE
2025-11-30 12:00:00+01:00;0,000;1,000;MESURE
2025-11-30 13:00:00+01:00;0,000;1,000;MESURE
2025-11-30 14:00:00+01:00;0,000;1,000;MESURE
2025-11-30 15:00:00+01:00;0,000;1,000;MESURE
2025-11-30 16:00:00+01:00;2831,000;1,000;MESURE
2025-11-30 17:00:00+01:00;5033,000;1,000;MESURE
2025-11-30 18:00:00+01:00;5069,000;1,000;MESURE
2025-11-30 19:00:00+01:00;5082,000;1,000;MESURE
2025-11-30 20:00:00+01:00;5033,000;1,000;MESURE
2025-11-30 21:00:00+01:00;4998,000;1,000;MESURE
2025-11-30 22:00:00+01:00;4560,000;1,000;MESURE
2025-11-30 23:00:00+01:00;4597,000;1,000;MESURE
2025-12-01 00:00:00+01:00;4557,000;1,000;MESURE
2025-12-01 01:00:00+01:00;4553,000;1,000;MESURE
2025-12-01 02:00:00+01:00;4593,000;1,000;MESURE
2025-12-01 03:00:00+01:00;4554,000;1,000;MESURE
2025-12-01 04:00:00+01:00;4547,000;1,000;MESURE
2025-12-01 05:00:00+01:00;5006,000;1,000;MESURE
2025-12-01 06:00:00+01:00;5001,000;1,000;MESURE
2025-12-01 07:00:00+01:00;3366,000;1,000;MESURE
2025-12-01 08:00:00+01:00;0,000;1,000;MESURE
2025-12-01 09:00:00+01:00;0,000;1,000;MESURE
2025-12-01 10:00:00+01:00;0,000;1,000;MESURE
2025-12-01 11:00:00+01:00;0,000;1,000;MESURE
2025-12-01 12:00:00+01:00;0,000;1,000;MESURE
2025-12-01 13:00:00+01:00;0,000;1,000;MESURE
2025-12-01 14:00:00+01:00;0,000;1,000;MESURE
2025-12-01 15:00:00+01:00;0,000;1,000;MESURE
2025-12-01 16:00:00+01:00;2713,000;1,000;MESURE
2025-12-01 17:00:00+01:00;4865,000;1,000;MESURE
2025-12-01 18:00:00+01:00;5037,000;1,000;MESURE
2025-12-01 19:00:00+01:00;5045,000;1,000;MESURE
2025-12-01 20:00:00+01:00;4184,000;1,000;MESURE
2025-12-01 21:00:00+01:00;4328,000;1,000;MESURE
2025-12-01 22:00:00+01:00;4331,333;0,167;INTERP_COURTE
2025-12-01 23:00:00+01:00;4334,667;0,000;INTERP_COURTE
2025-12-02 00:00:00+01:00;4338,000;1,000;MESURE
2025-12-02 01:00:00+01:00;4373,000;1,000;MESURE
2025-12-02 02:00:00+01:00;4392,000;1,000;MESURE
2025-12-02 03:00:00+01:00;4317,000;1,000;MESURE
2025-12-02 04:00:00+01:00;4325,000;1,000;MESURE
2025-12-02 05:00:00+01:00;5026,000;1,000;MESURE
2025-12-02 06:00:00+01:00;5119,000;1,000;MESURE
2025-12-02 07:00:00+01:00;3541,000;1,000;MESURE
2025-12-02 08:00:00+01:00;0,000;1,000;MESURE
2025-12-02 09:00:00+01:00;0,000;1,000;MESURE
2025-12-02 10:00:00+01:00;0,000;1,000;MESURE
2025-12-02 11:00:00+01:00;36,000;1,000;MESURE
2025-12-02 12:00:00+01:00;57,000;1,000;MESURE
2025-12-02 13:00:00+01:00;57,000;1,000;MESURE
2025-12-02 14:00:00+01:00;60,000;1,000;MESURE
2025-12-02 15:00:00+01:00;56,000;1,000;MESURE
2025-12-02 16:00:00+01:00;2676,000;1,000;MESURE
2025-12-02 17:00:00+01:00;4817,000;1,000;MESURE
2025-12-02 18:00:00+01:00;5081,000;1,000;MESURE
2025-12-02 19:00:00+01:00;5107,000;1,000;MESURE
2025-12-02 20:00:00+01:00;5029,000;1,000;MESURE
2025-12-02 21:00:00+01:00;5025,000;1,000;MESURE
2025-12-02 22:00:00+01:00;4313,000;1,000;MESURE
2025-12-02 23:00:00+01:00;4273,000;1,000;MESURE
2025-12-03 00:00:00+01:00;4288,000;1,000;MESURE
2025-12-03 01:00:00+01:00;4285,000;1,000;MESURE
2025-12-03 02:00:00+01:00;4365,000;1,000;MESURE
2025-12-03 03:00:00+01:00;4325,000;1,000;MESURE
2025-12-03 04:00:00+01:00;4320,000;1,000;MESURE
2025-12-03 05:00:00+01:00;5023,000;1,000;MESURE
2025-12-03 06:00:00+01:00;5017,000;1,000;MESURE
2025-12-03 07:00:00+01:00;3598,000;1,000;MESURE
2025-12-03 08:00:00+01:00;0,000;1,000;MESURE
2025-12-03 09:00:00+01:00;29,000;1,000;MESURE
2025-12-03 10:00:00+01:00;123,000;1,000;MESURE
2025-12-03 11:00:00+01:00;128,000;1,000;MESURE
2025-12-03 12:00:00+01:00;127,000;1,000;MESURE
2025-12-03 13:00:00+01:00;127,000;1,000;MESURE
2025-12-03 14:00:00+01:00;126,000;1,000;MESURE
2025-12-03 15:00:00+01:00;121,000;1,000;MESURE
2025-12-03 16:00:00+01:00;2834,000;1,000;MESURE
2025-12-03 17:00:00+01:00;5024,000;1,000;MESURE
2025-12-03 18:00:00+01:00;5163,000;1,000;MESURE
2025-12-03 19:00:00+01:00;5180,000;1,000;MESURE
2025-12-03 20:00:00+01:00;5119,000;1,000;MESURE
2025-12-03 21:00:00+01:00;5123,000;1,000;MESURE
2025-12-03 22:00:00+01:00;4417,000;1,000;MESURE
2025-12-03 23:00:00+01:00;4372,000;1,000;MESURE
2025-12-04 00:00:00+01:00;4392,000;1,000;MESURE
2025-12-04 01:00:00+01:00;4387,000;1,000;MESURE
2025-12-04 02:00:00+01:00;4399,000;1,000;MESURE
2025-12-04 03:00:00+01:00;4407,000;1,000;MESURE
2025-12-04 04:00:00+01:00;4423,000;1,000;MESURE
2025-12-04 05:00:00+01:00;5119,000;1,000;MESURE
2025-12-04 06:00:00+01:00;5134,000;1,000;MESURE
2025-12-04 07:00:00+01:00;3708,000;1,000;MESURE
2025-12-04 08:00:00+01:00;4,000;1,000;MESURE
2025-12-04 09:00:00+01:00;12,000;1,000;MESURE
2025-12-04 10:00:00+01:00;13,000;1,000;MESURE
2025-12-04 11:00:00+01:00;676,000;1,000;MESURE
2025-12-04 12:00:00+01:00;43,000;1,000;MESURE
2025-12-04 13:00:00+01:00;43,000;1,000;MESURE
2025-12-04 14:00:00+01:00;44,000;1,000;MESURE
2025-12-04 15:00:00+01:00;27,000;1,000;MESURE
2025-12-04 16:00:00+01:00;2959,000;1,000;MESURE
2025-12-04 17:00:00+01:00;5220,000;1,000;MESURE
2025-12-04 18:00:00+01:00;5624,000;1,000;MESURE
2025-12-04 19:00:00+01:00;7293,000;1,000;MESURE
2025-12-04 20:00:00+01:00;7455,000;1,000;MESURE
2025-12-04 21:00:00+01:00;7416,000;1,000;MESURE
2025-12-04 22:00:00+01:00;6643,000;1,000;MESURE
2025-12-04 23:00:00+01:00;6724,000;1,000;MESURE
2025-12-05 00:00:00+01:00;4742,000;1,000;MESURE
2025-12-05 01:00:00+01:00;4760,000;1,000;MESURE
2025-12-05 02:00:00+01:00;4699,000;1,000;MESURE
2025-12-05 03:00:00+01:00;4671,000;1,000;MESURE
2025-12-05 04:00:00+01:00;4666,000;1,000;MESURE
2025-12-05 05:00:00+01:00;5364,000;1,000;MESURE
2025-12-05 06:00:00+01:00;5451,000;1,000;MESURE
2025-12-05 07:00:00+01:00;5009,000;1,000;MESURE
2025-12-05 08:00:00+01:00;335,000;1,000;MESURE
2025-12-05 09:00:00+01:00;434,000;1,000;MESURE
2025-12-05 10:00:00+01:00;1884,000;1,000;MESURE
2025-12-05 11:00:00+01:00;3832,000;1,000;MESURE
2025-12-05 12:00:00+01:00;3691,000;1,000;MESURE
2025-12-05 13:00:00+01:00;3005,000;1,000;MESURE
2025-12-05 14:00:00+01:00;2434,000;1,000;MESURE
2025-12-05 15:00:00+01:00;3047,000;1,000;MESURE
2025-12-05 16:00:00+01:00;5573,000;1,000;MESURE
2025-12-05 17:00:00+01:00;8144,000;1,000;MESURE
2025-12-05 18:00:00+01:00;10089,000;1,000;MESURE
2025-12-05 19:00:00+01:00;8666,000;1,000;MESURE
2025-12-05 20:00:00+01:00;6380,000;1,000;MESURE
2025-12-05 21:00:00+01:00;6116,000;1,000;MESURE
2025-12-05 22:00:00+01:00;5205,000;1,000;MESURE
2025-12-05 23:00:00+01:00;5955,000;1,000;MESURE
2025-12-06 00:00:00+01:00;5448,000;1,000;MESURE
2025-12-06 01:00:00+01:00;5187,000;1,000;MESURE
2025-12-06 02:00:00+01:00;5350,000;1,000;MESURE
2025-12-06 03:00:00+01:00;5147,000;1,000;MESURE
2025-12-06 04:00:00+01:00;5047,000;1,000;MESURE
2025-12-06 05:00:00+01:00;5848,000;1,000;MESURE
2025-12-06 06:00:00+01:00;6780,000;1,000;MESURE
2025-12-06 07:00:00+01:00;5060,000;1,000;MESURE
2025-12-06 08:00:00+01:00;714,000;1,000;MESURE
2025-12-06 09:00:00+01:00;2273,000;1,000;MESURE
2025-12-06 10:00:00+01:00;3372,000;1,000;MESURE
2025-12-06 11:00:00+01:00;3031,000;1,000;MESURE
2025-12-06 12:00:00+01:00;3006,000;1,000;MESURE
2025-12-06 13:00:00+01:00;2643,000;1,000;MESURE
2025-12-06 14:00:00+01:00;3203,000;1,000;MESURE
2025-12-06 15:00:00+01:00;3903,000;1,000;MESURE
2025-12-06 16:00:00+01:00;7155,000;1,000;MESURE
2025-12-06 17:00:00+01:00;9161,000;1,000;MESURE
2025-12-06 18:00:00+01:00;9857,000;1,000;MESURE
2025-12-06 19:00:00+01:00;8970,000;1,000;MESURE
2025-12-06 20:00:00+01:00;8078,000;1,000;MESURE
2025-12-06 21:00:00+01:00;7778,000;1,000;MESURE
2025-12-06 22:00:00+01:00;5313,000;1,000;MESURE
2025-12-06 23:00:00+01:00;4967,000;1,000;MESURE
2025-12-07 00:00:00+01:00;5035,000;1,000;MESURE
2025-12-07 01:00:00+01:00;4951,000;1,000;MESURE
2025-12-07 02:00:00+01:00;6108,000;1,000;MESURE
2025-12-07 03:00:00+01:00;5263,000;1,000;MESURE
2025-12-07 04:00:00+01:00;5520,000;1,000;MESURE
2025-12-07 05:00:00+01:00;5724,000;1,000;MESURE
2025-12-07 06:00:00+01:00;5816,000;1,000;MESURE
2025-12-07 07:00:00+01:00;4621,000;1,000;MESURE
2025-12-07 08:00:00+01:00;726,000;1,000;MESURE
2025-12-07 09:00:00+01:00;2618,000;1,000;MESURE
2025-12-07 10:00:00+01:00;4455,000;1,000;MESURE
2025-12-07 11:00:00+01:00;3904,000;1,000;MESURE
2025-12-07 12:00:00+01:00;3329,000;1,000;MESURE
2025-12-07 13:00:00+01:00;3211,000;1,000;MESURE
2025-12-07 14:00:00+01:00;2860,000;1,000;MESURE
2025-12-07 15:00:00+01:00;4469,000;1,000;MESURE
2025-12-07 16:00:00+01:00;6886,000;1,000;MESURE
2025-12-07 17:00:00+01:00;8232,000;1,000;MESURE
2025-12-07 18:00:00+01:00;5734,000;1,000;MESURE
2025-12-07 19:00:00+01:00;5504,000;1,000;MESURE
2025-12-07 20:00:00+01:00;5355,000;1,000;MESURE
2025-12-07 21:00:00+01:00;5312,000;1,000;MESURE
2025-12-07 22:00:00+01:00;4600,000;1,000;MESURE
2025-12-07 23:00:00+01:00;4700,000;1,000;MESURE
2025-12-08 00:00:00+01:00;4625,000;1,000;MESURE
2025-12-08 01:00:00+01:00;4640,000;1,000;MESURE
2025-12-08 02:00:00+01:00;4648,000;1,000;MESURE
2025-12-08 03:00:00+01:00;4664,000;1,000;MESURE
2025-12-08 04:00:00+01:00;4665,000;1,000;MESURE
2025-12-08 05:00:00+01:00;5371,000;1,000;MESURE
2025-12-08 06:00:00+01:00;5349,000;1,000;MESURE
2025-12-08 07:00:00+01:00;4233,000;1,000;MESURE
2025-12-08 08:00:00+01:00;0,000;1,000;MESURE
2025-12-08 09:00:00+01:00;0,000;1,000;MESURE
2025-12-08 10:00:00+01:00;0,000;1,000;MESURE
2025-12-08 11:00:00+01:00;0,000;1,000;MESURE
2025-12-08 12:00:00+01:00;0,000;1,000;MESURE
2025-12-08 13:00:00+01:00;0,000;1,000;MESURE
2025-12-08 14:00:00+01:00;0,000;1,000;MESURE
2025-12-08 15:00:00+01:00;0,000;1,000;MESURE
2025-12-08 16:00:00+01:00;3038,000;1,000;MESURE
2025-12-08 17:00:00+01:00;5155,000;1,000;MESURE
2025-12-08 18:00:00+01:00;5284,000;1,000;MESURE
2025-12-08 19:00:00+01:00;5295,000;1,000;MESURE
2025-12-08 20:00:00+01:00;5311,000;1,000;MESURE
2025-12-08 21:00:00+01:00;5324,000;1,000;MESURE
2025-12-08 22:00:00+01:00;4632,000;1,000;MESURE
2025-12-08 23:00:00+01:00;4600,000;1,000;MESURE
2025-12-09 00:00:00+01:00;4640,000;1,000;MESURE
2025-12-09 01:00:00+01:00;4626,000;1,000;MESURE
2025-12-09 02:00:00+01:00;4627,000;1,000;MESURE
2025-12-09 03:00:00+01:00;4650,000;1,000;MESURE
2025-12-09 04:00:00+01:00;4642,000;1,000;MESURE
2025-12-09 05:00:00+01:00;5348,000;1,000;MESURE
2025-12-09 06:00:00+01:00;5313,000;1,000;MESURE
2025-12-09 07:00:00+01:00;4254,000;1,000;MESURE
2025-12-09 08:00:00+01:00;0,000;1,000;MESURE
2025-12-09 09:00:00+01:00;0,000;1,000;MESURE
2025-12-09 10:00:00+01:00;0,000;1,000;MESURE
2025-12-09 11:00:00+01:00;0,000;1,000;MESURE
2025-12-09 12:00:00+01:00;0,000;1,000;MESURE
2025-12-09 13:00:00+01:00;0,000;1,000;MESURE
2025-12-09 14:00:00+01:00;0,000;1,000;MESURE
2025-12-09 15:00:00+01:00;0,000;1,000;MESURE
2025-12-09 16:00:00+01:00;3019,000;1,000;MESURE
2025-12-09 17:00:00+01:00;5118,000;1,000;MESURE
2025-12-09 18:00:00+01:00;5238,000;1,000;MESURE
2025-12-09 19:00:00+01:00;5246,000;1,000;MESURE
2025-12-09 20:00:00+01:00;5257,000;1,000;MESURE
2025-12-09 21:00:00+01:00;5276,000;1,000;MESURE
2025-12-09 22:00:00+01:00;4548,000;1,000;MESURE
2025-12-09 23:00:00+01:00;4596,000;1,000;MESURE
2025-12-10 00:00:00+01:00;4569,000;1,000;MESURE
2025-12-10 01:00:00+01:00;4543,000;1,000;MESURE
2025-12-10 02:00:00+01:00;4557,000;1,000;MESURE
2025-12-10 03:00:00+01:00;4569,000;1,000;MESURE
2025-12-10 04:00:00+01:00;4567,000;1,000;MESURE
2025-12-10 05:00:00+01:00;5265,000;1,000;MESURE
2025-12-10 06:00:00+01:00;5257,000;1,000;MESURE
2025-12-10 07:00:00+01:00;4314,000;1,000;MESURE
2025-12-10 08:00:00+01:00;0,000;1,000;MESURE
2025-12-10 09:00:00+01:00;0,000;1,000;MESURE
2025-12-10 10:00:00+01:00;0,000;1,000;MESURE
2025-12-10 11:00:00+01:00;0,000;1,000;MESURE
2025-12-10 12:00:00+01:00;0,000;1,000;MESURE
2025-12-10 13:00:00+01:00;0,000;1,000;MESURE
2025-12-10 14:00:00+01:00;0,000;1,000;MESURE
2025-12-10 15:00:00+01:00;0,000;1,000;MESURE
2025-12-10 16:00:00+01:00;2977,000;1,000;MESURE
2025-12-10 17:00:00+01:00;5042,000;1,000;MESURE
2025-12-10 18:00:00+01:00;5225,000;1,000;MESURE
2025-12-10 19:00:00+01:00;5183,000;1,000;MESURE
2025-12-10 20:00:00+01:00;5211,000;1,000;MESURE
2025-12-10 21:00:00+01:00;5234,000;1,000;MESURE
2025-12-10 22:00:00+01:00;4538,000;1,000;MESURE
2025-12-10 23:00:00+01:00;4502,000;1,000;MESURE
2025-12-11 00:00:00+01:00;4519,000;1,000;MESURE
2025-12-11 01:00:00+01:00;4537,000;1,000;MESURE
2025-12-11 02:00:00+01:00;4532,000;1,000;MESURE
2025-12-11 03:00:00+01:00;4555,000;1,000;MESURE
2025-12-11 04:00:00+01:00;4558,000;1,000;MESURE
2025-12-11 05:00:00+01:00;5253,000;1,000;MESURE
2025-12-11 06:00:00+01:00;5222,000;1,000;MESURE
2025-12-11 07:00:00+01:00;4364,000;1,000;MESURE
2025-12-11 08:00:00+01:00;0,000;1,000;MESURE
2025-12-11 09:00:00+01:00;0,000;1,000;MESURE
2025-12-11 10:00:00+01:00;9,000;1,000;MESURE
2025-12-11 11:00:00+01:00;0,000;1,000;MESURE
2025-12-11 12:00:00+01:00;0,000;1,000;MESURE
2025-12-11 13:00:00+01:00;0,000;1,000;MESURE
2025-12-11 14:00:00+01:00;0,000;1,000;MESURE
2025-12-11 15:00:00+01:00;0,000;1,000;MESURE
2025-12-11 16:00:00+01:00;2957,000;1,000;MESURE
2025-12-11 17:00:00+01:00;5038,000;1,000;MESURE
2025-12-11 18:00:00+01:00;5167,000;1,000;MESURE
2025-12-11 19:00:00+01:00;5163,000;1,000;MESURE
2025-12-11 20:00:00+01:00;5195,000;1,000;MESURE
2025-12-11 21:00:00+01:00;5221,000;1,000;MESURE
2025-12-11 22:00:00+01:00;4520,000;1,000;MESURE
2025-12-11 23:00:00+01:00;4483,000;1,000;MESURE
2025-12-12 00:00:00+01:00;4517,000;1,000;MESURE
2025-12-12 01:00:00+01:00;4518,000;1,000;MESURE
2025-12-12 02:00:00+01:00;4504,000;1,000;MESURE
2025-12-12 03:00:00+01:00;4510,000;1,000;MESURE
2025-12-12 04:00:00+01:00;4514,000;1,000;MESURE
2025-12-12 05:00:00+01:00;5221,000;1,000;MESURE
2025-12-12 06:00:00+01:00;5191,000;1,000;MESURE
2025-12-12 07:00:00+01:00;4341,000;1,000;MESURE
2025-12-12 08:00:00+01:00;0,000;1,000;MESURE
2025-12-12 09:00:00+01:00;0,000;1,000;MESURE
2025-12-12 10:00:00+01:00;0,000;1,000;MESURE
2025-12-12 11:00:00+01:00;0,000;1,000;MESURE
2025-12-12 12:00:00+01:00;0,000;1,000;MESURE
2025-12-12 13:00:00+01:00;1455,000;1,000;MESURE
2025-12-12 14:00:00+01:00;0,000;1,000;MESURE
2025-12-12 15:00:00+01:00;0,000;1,000;MESURE
2025-12-12 16:00:00+01:00;2983,000;1,000;MESURE
2025-12-12 17:00:00+01:00;5197,000;1,000;MESURE
2025-12-12 18:00:00+01:00;5323,000;1,000;MESURE
2025-12-12 19:00:00+01:00;5337,000;1,000;MESURE
2025-12-12 20:00:00+01:00;5355,000;1,000;MESURE
2025-12-12 21:00:00+01:00;5372,000;1,000;MESURE
2025-12-12 22:00:00+01:00;4661,000;1,000;MESURE
2025-12-12 23:00:00+01:00;4618,000;1,000;MESURE
2025-12-13 00:00:00+01:00;4657,000;1,000;MESURE
2025-12-13 01:00:00+01:00;4673,000;1,000;MESURE
2025-12-13 02:00:00+01:00;4677,000;1,000;MESURE
2025-12-13 03:00:00+01:00;4681,000;1,000;MESURE
2025-12-13 04:00:00+01:00;4686,000;1,000;MESURE
2025-12-13 05:00:00+01:00;5422,000;1,000;MESURE
2025-12-13 06:00:00+01:00;5413,000;1,000;MESURE
2025-12-13 07:00:00+01:00;4633,000;1,000;MESURE
2025-12-13 08:00:00+01:00;0,000;1,000;MESURE
2025-12-13 09:00:00+01:00;0,000;1,000;MESURE
2025-12-13 10:00:00+01:00;0,000;1,000;MESURE
2025-12-13 11:00:00+01:00;0,000;1,000;MESURE
2025-12-13 12:00:00+01:00;0,000;1,000;MESURE
2025-12-13 13:00:00+01:00;0,000;1,000;MESURE
2025-12-13 14:00:00+01:00;0,000;1,000;MESURE
2025-12-13 15:00:00+01:00;0,000;1,000;MESURE
2025-12-13 16:00:00+01:00;2951,000;1,000;MESURE
2025-12-13 17:00:00+01:00;5145,000;1,000;MESURE
2025-12-13 18:00:00+01:00;5286,000;1,000;MESURE
2025-12-13 19:00:00+01:00;5294,000;1,000;MESURE
2025-12-13 20:00:00+01:00;5321,000;1,000;MESURE
2025-12-13 21:00:00+01:00;5364,000;1,000;MESURE
2025-12-13 22:00:00+01:00;4640,000;1,000;MESURE
2025-12-13 23:00:00+01:00;4613,000;1,000;MESURE
2025-12-14 00:00:00+01:00;4633,000;1,000;MESURE
2025-12-14 01:00:00+01:00;4632,000;1,000;MESURE
2025-12-14 02:00:00+01:00;4641,000;1,000;MESURE
2025-12-14 03:00:00+01:00;4664,000;1,000;MESURE
2025-12-14 04:00:00+01:00;4654,000;1,000;MESURE
2025-12-14 05:00:00+01:00;5368,000;1,000;MESURE
2025-12-14 06:00:00+01:00;5388,000;1,000;MESURE
2025-12-14 07:00:00+01:00;4711,000;1,000;MESURE
2025-12-14 08:00:00+01:00;0,000;1,000;MESURE
2025-12-14 09:00:00+01:00;0,000;1,000;MESURE
2025-12-14 10:00:00+01:00;0,000;1,000;MESURE
2025-12-14 11:00:00+01:00;0,000;1,000;MESURE
2025-12-14 12:00:00+01:00;0,000;1,000;MESURE
2025-12-14 13:00:00+01:00;0,000;1,000;MESURE
2025-12-14 14:00:00+01:00;0,000;1,000;MESURE
2025-12-14 15:00:00+01:00;0,000;1,000;MESURE
2025-12-14 16:00:00+01:00;2946,000;1,000;MESURE
2025-12-14 17:00:00+01:00;5140,000;1,000;MESURE
2025-12-14 18:00:00+01:00;5263,000;1,000;MESURE
2025-12-14 19:00:00+01:00;5283,000;1,000;MESURE
2025-12-14 20:00:00+01:00;5301,000;1,000;MESURE
2025-12-14 21:00:00+01:00;5310,000;1,000;MESURE
2025-12-14 22:00:00+01:00;4605,000;1,000;MESURE
2025-12-14 23:00:00+01:00;4556,000;1,000;MESURE
2025-12-15 00:00:00+01:00;4590,000;1,000;MESURE
2025-12-15 01:00:00+01:00;4593,000;1,000;MESURE
2025-12-15 02:00:00+01:00;4568,000;1,000;MESURE
2025-12-15 03:00:00+01:00;4571,000;1,000;MESURE
2025-12-15 04:00:00+01:00;4579,000;1,000;MESURE
2025-12-15 05:00:00+01:00;5296,000;1,000;MESURE
2025-12-15 06:00:00+01:00;5303,000;1,000;MESURE
2025-12-15 07:00:00+01:00;4794,000;1,000;MESURE
2025-12-15 08:00:00+01:00;0,000;1,000;MESURE
2025-12-15 09:00:00+01:00;0,000;1,000;MESURE
2025-12-15 10:00:00+01:00;0,000;1,000;MESURE
2025-12-15 11:00:00+01:00;0,000;1,000;MESURE
2025-12-15 12:00:00+01:00;0,000;1,000;MESURE
2025-12-15 13:00:00+01:00;0,000;1,000;MESURE
2025-12-15 14:00:00+01:00;0,000;1,000;MESURE
2025-12-15 15:00:00+01:00;0,000;1,000;MESURE
2025-12-15 16:00:00+01:00;2904,000;1,000;MESURE
2025-12-15 17:00:00+01:00;5183,000;1,000;MESURE
2025-12-15 18:00:00+01:00;5345,000;1,000;MESURE
2025-12-15 19:00:00+01:00;5356,000;1,000;MESURE
2025-12-15 20:00:00+01:00;5309,000;1,000;MESURE
2025-12-15 21:00:00+01:00;5252,000;1,000;MESURE
2025-12-15 22:00:00+01:00;4552,000;1,000;MESURE
2025-12-15 23:00:00+01:00;4585,000;1,000;MESURE
2025-12-16 00:00:00+01:00;4553,000;1,000;MESURE
2025-12-16 01:00:00+01:00;4575,000;1,000;MESURE
2025-12-16 02:00:00+01:00;4562,000;1,000;MESURE
2025-12-16 03:00:00+01:00;4571,000;1,000;MESURE
2025-12-16 04:00:00+01:00;4568,000;1,000;MESURE
2025-12-16 05:00:00+01:00;5308,000;1,000;MESURE
2025-12-16 06:00:00+01:00;5295,000;1,000;MESURE
2025-12-16 07:00:00+01:00;4704,000;1,000;MESURE
2025-12-16 08:00:00+01:00;0,000;1,000;MESURE
2025-12-16 09:00:00+01:00;0,000;1,000;MESURE
2025-12-16 10:00:00+01:00;0,000;1,000;MESURE
2025-12-16 11:00:00+01:00;0,000;1,000;MESURE
2025-12-16 12:00:00+01:00;0,000;1,000;MESURE
2025-12-16 13:00:00+01:00;0,000;1,000;MESURE
2025-12-16 14:00:00+01:00;0,000;1,000;MESURE
2025-12-16 15:00:00+01:00;0,000;1,000;MESURE
2025-12-16 16:00:00+01:00;2909,000;1,000;MESURE
2025-12-16 17:00:00+01:00;5072,000;1,000;MESURE
2025-12-16 18:00:00+01:00;5202,000;1,000;MESURE
2025-12-16 19:00:00+01:00;5297,000;1,000;MESURE
2025-12-16 20:00:00+01:00;5252,000;1,000;MESURE
2025-12-16 21:00:00+01:00;5287,000;1,000;MESURE
2025-12-16 22:00:00+01:00;4566,000;1,000;MESURE
2025-12-16 23:00:00+01:00;4524,000;1,000;MESURE
2025-12-17 00:00:00+01:00;4551,000;1,000;MESURE
2025-12-17 01:00:00+01:00;4568,000;1,000;MESURE
2025-12-17 02:00:00+01:00;4554,000;1,000;MESURE
2025-12-17 03:00:00+01:00;4574,000;1,000;MESURE
2025-12-17 04:00:00+01:00;4580,000;1,000;MESURE
2025-12-17 05:00:00+01:00;5261,000;1,000;MESURE
2025-12-17 06:00:00+01:00;5272,000;1,000;MESURE
2025-12-17 07:00:00+01:00;4814,000;1,000;MESURE
2025-12-17 08:00:00+01:00;0,000;1,000;MESURE
2025-12-17 09:00:00+01:00;0,000;1,000;MESURE
2025-12-17 10:00:00+01:00;0,000;1,000;MESURE
2025-12-17 11:00:00+01:00;0,000;1,000;MESURE
2025-12-17 12:00:00+01:00;0,000;1,000;MESURE
2025-12-17 13:00:00+01:00;0,000;1,000;MESURE
2025-12-17 14:00:00+01:00;0,000;1,000;MESURE
2025-12-17 15:00:00+01:00;0,000;1,000;MESURE
2025-12-17 16:00:00+01:00;2827,000;1,000;MESURE
2025-12-17 17:00:00+01:00;5077,000;1,000;MESURE
2025-12-17 18:00:00+01:00;5197,000;1,000;MESURE
2025-12-17 19:00:00+01:00;5201,000;1,000;MESURE
2025-12-17 20:00:00+01:00;5233,000;1,000;MESURE
2025-12-17 21:00:00+01:00;5249,000;1,000;MESURE
2025-12-17 22:00:00+01:00;4553,000;1,000;MESURE
2025-12-17 23:00:00+01:00;4512,000;1,000;MESURE
2025-12-18 00:00:00+01:00;4553,000;1,000;MESURE
2025-12-18 01:00:00+01:00;4548,000;1,000;MESURE
2025-12-18 02:00:00+01:00;4511,000;1,000;MESURE
2025-12-18 03:00:00+01:00;4529,000;1,000;MESURE
2025-12-18 04:00:00+01:00;4605,000;1,000;MESURE
2025-12-18 05:00:00+01:00;5322,000;1,000;MESURE
2025-12-18 06:00:00+01:00;5264,000;1,000;MESURE
2025-12-18 07:00:00+01:00;4832,000;1,000;MESURE
2025-12-18 08:00:00+01:00;0,000;1,000;MESURE
2025-12-18 09:00:00+01:00;0,000;1,000;MESURE
2025-12-18 10:00:00+01:00;0,000;1,000;MESURE
2025-12-18 11:00:00+01:00;0,000;1,000;MESURE
2025-12-18 12:00:00+01:00;0,000;1,000;MESURE
2025-12-18 13:00:00+01:00;0,000;1,000;MESURE
2025-12-18 14:00:00+01:00;0,000;1,000;MESURE
2025-12-18 15:00:00+01:00;0,000;1,000;MESURE
2025-12-18 16:00:00+01:00;2791,000;1,000;MESURE
2025-12-18 17:00:00+01:00;5023,000;1,000;MESURE
2025-12-18 18:00:00+01:00;5163,000;1,000;MESURE
2025-12-18 19:00:00+01:00;5219,000;1,000;MESURE
2025-12-18 20:00:00+01:00;5194,000;1,000;MESURE
2025-12-18 21:00:00+01:00;5192,000;1,000;MESURE
2025-12-18 22:00:00+01:00;4501,000;1,000;MESURE
2025-12-18 23:00:00+01:00;4481,000;1,000;MESURE
2025-12-19 00:00:00+01:00;4524,000;1,000;MESURE
2025-12-19 01:00:00+01:00;4511,000;1,000;MESURE
2025-12-19 02:00:00+01:00;4547,000;1,000;MESURE
2025-12-19 03:00:00+01:00;4560,000;1,000;MESURE
2025-12-19 04:00:00+01:00;4589,000;1,000;MESURE
2025-12-19 05:00:00+01:00;5293,000;1,000;MESURE
2025-12-19 06:00:00+01:00;5238,000;1,000;MESURE
2025-12-19 07:00:00+01:00;4799,000;1,000;MESURE
2025-12-19 08:00:00+01:00;0,000;1,000;MESURE
2025-12-19 09:00:00+01:00;0,000;1,000;MESURE
2025-12-19 10:00:00+01:00;0,000;1,000;MESURE
2025-12-19 11:00:00+01:00;0,000;1,000;MESURE
2025-12-19 12:00:00+01:00;0,000;1,000;MESURE
2025-12-19 13:00:00+01:00;0,000;1,000;MESURE
2025-12-19 14:00:00+01:00;0,000;1,000;MESURE
2025-12-19 15:00:00+01:00;0,000;1,000;MESURE
2025-12-19 16:00:00+01:00;2811,000;1,000;MESURE
2025-12-19 17:00:00+01:00;5049,000;1,000;MESURE
2025-12-19 18:00:00+01:00;5187,000;1,000;MESURE
2025-12-19 19:00:00+01:00;5203,000;1,000;MESURE
2025-12-19 20:00:00+01:00;5230,000;1,000;MESURE
2025-12-19 21:00:00+01:00;5261,000;1,000;MESURE
2025-12-19 22:00:00+01:00;4555,000;1,000;MESURE
2025-12-19 23:00:00+01:00;4519,000;1,000;MESURE
2025-12-20 00:00:00+01:00;4562,000;1,000;MESURE
2025-12-20 01:00:00+01:00;4565,000;1,000;MESURE
2025-12-20 02:00:00+01:00;4554,000;1,000;MESURE
2025-12-20 03:00:00+01:00;4600,000;1,000;MESURE
2025-12-20 04:00:00+01:00;4602,000;1,000;MESURE
2025-12-20 05:00:00+01:00;5338,000;1,000;MESURE
2025-12-20 06:00:00+01:00;5306,000;1,000;MESURE
2025-12-20 07:00:00+01:00;5012,000;1,000;MESURE
2025-12-20 08:00:00+01:00;0,000;1,000;MESURE
2025-12-20 09:00:00+01:00;0,000;1,000;MESURE
2025-12-20 10:00:00+01:00;0,000;1,000;MESURE
2025-12-20 11:00:00+01:00;0,000;1,000;MESURE
2025-12-20 12:00:00+01:00;0,000;1,000;MESURE
2025-12-20 13:00:00+01:00;0,000;1,000;MESURE
2025-12-20 14:00:00+01:00;0,000;1,000;MESURE
2025-12-20 15:00:00+01:00;0,000;1,000;MESURE
2025-12-20 16:00:00+01:00;2752,000;1,000;MESURE
2025-12-20 17:00:00+01:00;5125,000;1,000;MESURE
2025-12-20 18:00:00+01:00;5237,000;1,000;MESURE
2025-12-20 19:00:00+01:00;5237,000;1,000;MESURE
2025-12-20 20:00:00+01:00;5255,000;1,000;MESURE
2025-12-20 21:00:00+01:00;5264,000;1,000;MESURE
2025-12-20 22:00:00+01:00;4554,000;1,000;MESURE
2025-12-20 23:00:00+01:00;4531,000;1,000;MESURE
2025-12-21 00:00:00+01:00;4547,000;1,000;MESURE
2025-12-21 01:00:00+01:00;4547,000;1,000;MESURE
2025-12-21 02:00:00+01:00;4536,000;1,000;MESURE
2025-12-21 03:00:00+01:00;4546,000;1,000;MESURE
2025-12-21 04:00:00+01:00;4549,000;1,000;MESURE
2025-12-21 05:00:00+01:00;5254,000;1,000;MESURE
2025-12-21 06:00:00+01:00;5267,000;1,000;MESURE
2025-12-21 07:00:00+01:00;4954,000;1,000;MESURE
2025-12-21 08:00:00+01:00;0,000;1,000;MESURE
2025-12-21 09:00:00+01:00;0,000;1,000;MESURE
2025-12-21 10:00:00+01:00;0,000;1,000;MESURE
2025-12-21 11:00:00+01:00;0,000;1,000;MESURE
2025-12-21 12:00:00+01:00;0,000;1,000;MESURE
2025-12-21 13:00:00+01:00;0,000;1,000;MESURE
2025-12-21 14:00:00+01:00;0,000;1,000;MESURE
2025-12-21 15:00:00+01:00;0,000;1,000;MESURE
2025-12-21 16:00:00+01:00;2727,000;1,000;MESURE
2025-12-21 17:00:00+01:00;5053,000;1,000;MESURE
2025-12-21 18:00:00+01:00;5172,000;1,000;MESURE
2025-12-21 19:00:00+01:00;5177,000;1,000;MESURE
2025-12-21 20:00:00+01:00;5214,000;1,000;MESURE
2025-12-21 21:00:00+01:00;5232,000;1,000;MESURE
2025-12-21 22:00:00+01:00;4530,000;1,000;MESURE
2025-12-21 23:00:00+01:00;4502,000;1,000;MESURE
2025-12-22 00:00:00+01:00;4520,000;1,000;MESURE
2025-12-22 01:00:00+01:00;4512,000;1,000;MESURE
2025-12-22 02:00:00+01:00;4508,000;1,000;MESURE
2025-12-22 03:00:00+01:00;4529,000;1,000;MESURE
2025-12-22 04:00:00+01:00;4554,000;1,000;MESURE
2025-12-22 05:00:00+01:00;5263,000;1,000;MESURE
2025-12-22 06:00:00+01:00;5236,000;1,000;MESURE
2025-12-22 07:00:00+01:00;5012,000;1,000;MESURE
2025-12-22 08:00:00+01:00;0,000;1,000;MESURE
2025-12-22 09:00:00+01:00;0,000;1,000;MESURE
2025-12-22 10:00:00+01:00;0,000;1,000;MESURE
2025-12-22 11:00:00+01:00;0,000;1,000;MESURE
2025-12-22 12:00:00+01:00;0,000;1,000;MESURE
2025-12-22 13:00:00+01:00;0,000;1,000;MESURE
2025-12-22 14:00:00+01:00;0,000;1,000;MESURE
2025-12-22 15:00:00+01:00;0,000;1,000;MESURE
2025-12-22 16:00:00+01:00;2614,000;1,000;MESURE
2025-12-22 17:00:00+01:00;5032,000;1,000;MESURE
2025-12-22 18:00:00+01:00;5276,000;1,000;MESURE
2025-12-22 19:00:00+01:00;5187,000;1,000;MESURE
2025-12-22 20:00:00+01:00;5194,000;1,000;MESURE
2025-12-22 21:00:00+01:00;5218,000;1,000;MESURE
2025-12-22 22:00:00+01:00;4523,000;1,000;MESURE
2025-12-22 23:00:00+01:00;4481,000;1,000;MESURE
2025-12-23 00:00:00+01:00;4505,000;1,000;MESURE
2025-12-23 01:00:00+01:00;4508,000;1,000;MESURE
2025-12-23 02:00:00+01:00;4514,000;1,000;MESURE
2025-12-23 03:00:00+01:00;4501,000;1,000;MESURE
2025-12-23 04:00:00+01:00;4527,000;1,000;MESURE
2025-12-23 05:00:00+01:00;5234,000;1,000;MESURE
2025-12-23 06:00:00+01:00;5218,000;1,000;MESURE
2025-12-23 07:00:00+01:00;4973,000;1,000;MESURE
2025-12-23 08:00:00+01:00;0,000;1,000;MESURE
2025-12-23 09:00:00+01:00;0,000;1,000;MESURE
2025-12-23 10:00:00+01:00;0,000;1,000;MESURE
2025-12-23 11:00:00+01:00;0,000;1,000;MESURE
2025-12-23 12:00:00+01:00;0,000;1,000;MESURE
2025-12-23 13:00:00+01:00;0,000;1,000;MESURE
2025-12-23 14:00:00+01:00;0,000;1,000;MESURE
2025-12-23 15:00:00+01:00;0,000;1,000;MESURE
2025-12-23 16:00:00+01:00;2606,000;1,000;MESURE
2025-12-23 17:00:00+01:00;5001,000;1,000;MESURE
2025-12-23 18:00:00+01:00;5155,000;1,000;MESURE
2025-12-23 19:00:00+01:00;5185,000;1,000;MESURE
2025-12-23 20:00:00+01:00;5210,000;1,000;MESURE
2025-12-23 21:00:00+01:00;5221,000;1,000;MESURE
2025-12-23 22:00:00+01:00;4498,000;1,000;MESURE
2025-12-23 23:00:00+01:00;4443,000;1,000;MESURE
2025-12-24 00:00:00+01:00;4454,000;1,000;MESURE
2025-12-24 01:00:00+01:00;4468,000;1,000;MESURE
2025-12-24 02:00:00+01:00;4546,000;1,000;MESURE
2025-12-24 03:00:00+01:00;4455,000;1,000;MESURE
2025-12-24 04:00:00+01:00;4463,000;1,000;MESURE
2025-12-24 05:00:00+01:00;5288,000;1,000;MESURE
2025-12-24 06:00:00+01:00;5187,000;1,000;MESURE
2025-12-24 07:00:00+01:00;5030,000;1,000;MESURE
2025-12-24 08:00:00+01:00;0,000;1,000;MESURE
2025-12-24 09:00:00+01:00;0,000;1,000;MESURE
2025-12-24 10:00:00+01:00;0,000;1,000;MESURE
2025-12-24 11:00:00+01:00;0,000;1,000;MESURE
2025-12-24 12:00:00+01:00;0,000;1,000;MESURE
2025-12-24 13:00:00+01:00;0,000;1,000;MESURE
2025-12-24 14:00:00+01:00;0,000;1,000;MESURE
2025-12-24 15:00:00+01:00;0,000;1,000;MESURE
2025-12-24 16:00:00+01:00;2527,000;1,000;MESURE
2025-12-24 17:00:00+01:00;4981,000;1,000;MESURE
2025-12-24 18:00:00+01:00;5112,000;1,000;MESURE
2025-12-24 19:00:00+01:00;5163,000;1,000;MESURE
2025-12-24 20:00:00+01:00;5210,000;1,000;MESURE
2025-12-24 21:00:00+01:00;5212,000;1,000;MESURE
2025-12-24 22:00:00+01:00;4765,000;1,000;MESURE
2025-12-24 23:00:00+01:00;4704,000;1,000;MESURE
2025-12-25 00:00:00+01:00;4755,000;1,000;MESURE
2025-12-25 01:00:00+01:00;4751,000;1,000;MESURE
2025-12-25 02:00:00+01:00;4716,000;1,000;MESURE
2025-12-25 03:00:00+01:00;4735,000;1,000;MESURE
2025-12-25 04:00:00+01:00;4732,000;1,000;MESURE
2025-12-25 05:00:00+01:00;5185,000;1,000;MESURE
2025-12-25 06:00:00+01:00;5216,000;1,000;MESURE
2025-12-25 07:00:00+01:00;5093,000;1,000;MESURE
2025-12-25 08:00:00+01:00;0,000;1,000;MESURE
2025-12-25 09:00:00+01:00;0,000;1,000;MESURE
2025-12-25 10:00:00+01:00;0,000;1,000;MESURE
2025-12-25 11:00:00+01:00;0,000;1,000;MESURE
2025-12-25 12:00:00+01:00;0,000;1,000;MESURE
2025-12-25 13:00:00+01:00;0,000;1,000;MESURE
2025-12-25 14:00:00+01:00;0,000;1,000;MESURE
2025-12-25 15:00:00+01:00;0,000;1,000;MESURE
2025-12-25 16:00:00+01:00;2459,000;1,000;MESURE
2025-12-25 17:00:00+01:00;5012,000;1,000;MESURE
2025-12-25 18:00:00+01:00;5137,000;1,000;MESURE
2025-12-25 19:00:00+01:00;5135,000;1,000;MESURE
2025-12-25 20:00:00+01:00;5145,000;1,000;MESURE
2025-12-25 21:00:00+01:00;5158,000;1,000;MESURE
2025-12-25 22:00:00+01:00;4432,000;1,000;MESURE
2025-12-25 23:00:00+01:00;4469,000;1,000;MESURE
2025-12-26 00:00:00+01:00;4457,000;1,000;MESURE
2025-12-26 01:00:00+01:00;4474,000;1,000;MESURE
2025-12-26 02:00:00+01:00;4456,000;1,000;MESURE
2025-12-26 03:00:00+01:00;4486,000;1,000;MESURE
2025-12-26 04:00:00+01:00;4495,000;1,000;MESURE
2025-12-26 05:00:00+01:00;5188,000;1,000;MESURE
2025-12-26 06:00:00+01:00;5180,000;1,000;MESURE
2025-12-26 07:00:00+01:00;5021,000;1,000;MESURE
2025-12-26 08:00:00+01:00;0,000;1,000;MESURE
2025-12-26 09:00:00+01:00;0,000;1,000;MESURE
2025-12-26 10:00:00+01:00;0,000;1,000;MESURE
2025-12-26 11:00:00+01:00;0,000;1,000;MESURE
2025-12-26 12:00:00+01:00;0,000;1,000;MESURE
2025-12-26 13:00:00+01:00;0,000;1,000;MESURE
2025-12-26 14:00:00+01:00;0,000;1,000;MESURE
2025-12-26 15:00:00+01:00;0,000;1,000;MESURE
2025-12-26 16:00:00+01:00;2453,000;1,000;MESURE
2025-12-26 17:00:00+01:00;4977,000;1,000;MESURE
2025-12-26 18:00:00+01:00;5109,000;1,000;MESURE
2025-12-26 19:00:00+01:00;5121,000;1,000;MESURE
2025-12-26 20:00:00+01:00;5158,000;1,000;MESURE
2025-12-26 21:00:00+01:00;5175,000;1,000;MESURE
2025-12-26 22:00:00+01:00;4454,000;1,000;MESURE
2025-12-26 23:00:00+01:00;4421,000;1,000;MESURE
2025-12-27 00:00:00+01:00;4467,000;1,000;MESURE
2025-12-27 01:00:00+01:00;4472,000;1,000;MESURE
2025-12-27 02:00:00+01:00;4442,000;1,000;MESURE
2025-12-27 03:00:00+01:00;4458,000;1,000;MESURE
2025-12-27 04:00:00+01:00;4456,000;1,000;MESURE
2025-12-27 05:00:00+01:00;5174,000;1,000;MESURE
2025-12-27 06:00:00+01:00;5174,000;1,000;MESURE
2025-12-27 07:00:00+01:00;5141,000;1,000;MESURE
2025-12-27 08:00:00+01:00;0,000;1,000;MESURE
2025-12-27 09:00:00+01:00;0,000;1,000;MESURE
2025-12-27 10:00:00+01:00;0,000;1,000;MESURE
2025-12-27 11:00:00+01:00;0,000;1,000;MESURE
2025-12-27 12:00:00+01:00;0,000;1,000;MESURE
2025-12-27 13:00:00+01:00;0,000;1,000;MESURE
2025-12-27 14:00:00+01:00;0,000;1,000;MESURE
2025-12-27 15:00:00+01:00;0,000;1,000;MESURE
2025-12-27 16:00:00+01:00;2355,000;1,000;MESURE
2025-12-27 17:00:00+01:00;4959,000;1,000;MESURE
2025-12-27 18:00:00+01:00;5095,000;1,000;MESURE
2025-12-27 19:00:00+01:00;5113,000;1,000;MESURE
2025-12-27 20:00:00+01:00;5135,000;1,000;MESURE
2025-12-27 21:00:00+01:00;5178,000;1,000;MESURE
2025-12-27 22:00:00+01:00;4468,000;1,000;MESURE
2025-12-27 23:00:00+01:00;4426,000;1,000;MESURE
2025-12-28 00:00:00+01:00;4474,000;1,000;MESURE
2025-12-28 01:00:00+01:00;4473,000;1,000;MESURE
2025-12-28 02:00:00+01:00;4424,000;1,000;MESURE
2025-12-28 03:00:00+01:00;4455,000;1,000;MESURE
2025-12-28 04:00:00+01:00;4479,000;1,000;MESURE
2025-12-28 05:00:00+01:00;5190,000;1,000;MESURE
2025-12-28 06:00:00+01:00;5189,000;1,000;MESURE
2025-12-28 07:00:00+01:00;5140,000;1,000;MESURE
2025-12-28 08:00:00+01:00;0,000;1,000;MESURE
2025-12-28 09:00:00+01:00;0,000;1,000;MESURE
2025-12-28 10:00:00+01:00;0,000;1,000;MESURE
2025-12-28 11:00:00+01:00;0,000;1,000;MESURE
2025-12-28 12:00:00+01:00;0,000;1,000;MESURE
2025-12-28 13:00:00+01:00;0,000;1,000;MESURE
2025-12-28 14:00:00+01:00;0,000;1,000;MESURE
2025-12-28 15:00:00+01:00;0,000;1,000;MESURE
2025-12-28 16:00:00+01:00;2286,000;1,000;MESURE
2025-12-28 17:00:00+01:00;4978,000;1,000;MESURE
2025-12-28 18:00:00+01:00;5091,000;1,000;MESURE
2025-12-28 19:00:00+01:00;5109,000;1,000;MESURE
2025-12-28 20:00:00+01:00;5136,000;1,000;MESURE
2025-12-28 21:00:00+01:00;5196,000;1,000;MESURE
2025-12-28 22:00:00+01:00;4490,000;1,000;MESURE
2025-12-28 23:00:00+01:00;4453,000;1,000;MESURE
2025-12-29 00:00:00+01:00;4484,000;1,000;MESURE
2025-12-29 01:00:00+01:00;4489,000;1,000;MESURE
2025-12-29 02:00:00+01:00;4474,000;1,000;MESURE
2025-12-29 03:00:00+01:00;4476,000;1,000;MESURE
2025-12-29 04:00:00+01:00;4470,000;1,000;MESURE
2025-12-29 05:00:00+01:00;5163,000;1,000;MESURE
2025-12-29 06:00:00+01:00;5124,000;1,000;MESURE
2025-12-29 07:00:00+01:00;5124,000;1,000;MESURE
2025-12-29 08:00:00+01:00;0,000;1,000;MESURE
2025-12-29 09:00:00+01:00;0,000;1,000;MESURE
2025-12-29 10:00:00+01:00;0,000;1,000;MESURE
2025-12-29 11:00:00+01:00;0,000;1,000;MESURE
2025-12-29 12:00:00+01:00;0,000;1,000;MESURE
2025-12-29 13:00:00+01:00;0,000;1,000;MESURE
2025-12-29 14:00:00+01:00;0,000;1,000;MESURE
2025-12-29 15:00:00+01:00;0,000;1,000;MESURE
2025-12-29 16:00:00+01:00;2186,000;1,000;MESURE
2025-12-29 17:00:00+01:00;4921,000;1,000;MESURE
2025-12-29 18:00:00+01:00;5101,000;1,000;MESURE
2025-12-29 19:00:00+01:00;5139,000;1,000;MESURE
2025-12-29 20:00:00+01:00;5098,000;1,000;MESURE
2025-12-29 21:00:00+01:00;5148,000;1,000;MESURE
2025-12-29 22:00:00+01:00;4450,000;1,000;MESURE
2025-12-29 23:00:00+01:00;4390,000;1,000;MESURE
2025-12-30 00:00:00+01:00;4431,000;1,000;MESURE
2025-12-30 01:00:00+01:00;4424,000;1,000;MESURE
2025-12-30 02:00:00+01:00;4409,000;1,000;MESURE
2025-12-30 03:00:00+01:00;4419,000;1,000;MESURE
2025-12-30 04:00:00+01:00;4423,000;1,000;MESURE
2025-12-30 05:00:00+01:00;5108,000;1,000;MESURE
2025-12-30 06:00:00+01:00;5100,000;1,000;MESURE
2025-12-30 07:00:00+01:00;5049,000;1,000;MESURE
2025-12-30 08:00:00+01:00;0,000;1,000;MESURE
2025-12-30 09:00:00+01:00;0,000;1,000;MESURE
2025-12-30 10:00:00+01:00;0,000;1,000;MESURE
2025-12-30 11:00:00+01:00;0,000;1,000;MESURE
2025-12-30 12:00:00+01:00;0,000;1,000;MESURE
2025-12-30 13:00:00+01:00;0,000;1,000;MESURE
2025-12-30 14:00:00+01:00;0,000;1,000;MESURE
2025-12-30 15:00:00+01:00;0,000;1,000;MESURE
2025-12-30 16:00:00+01:00;2188,000;1,000;MESURE
2025-12-30 17:00:00+01:00;4994,000;1,000;MESURE
2025-12-30 18:00:00+01:00;5157,000;1,000;MESURE
2025-12-30 19:00:00+01:00;5165,000;1,000;MESURE
2025-12-30 20:00:00+01:00;5164,000;1,000;MESURE
2025-12-30 21:00:00+01:00;5169,000;1,000;MESURE
2025-12-30 22:00:00+01:00;4409,000;1,000;MESURE
2025-12-30 23:00:00+01:00;4398,000;1,000;MESURE
2025-12-31 00:00:00+01:00;4406,000;1,000;MESURE
2025-12-31 01:00:00+01:00;4420,000;1,000;MESURE
2025-12-31 02:00:00+01:00;4402,000;1,000;MESURE
2025-12-31 03:00:00+01:00;4409,000;1,000;MESURE
2025-12-31 04:00:00+01:00;4415,000;1,000;MESURE
2025-12-31 05:00:00+01:00;5108,000;1,000;MESURE
2025-12-31 06:00:00+01:00;5102,000;1,000;MESURE
2025-12-31 07:00:00+01:00;5064,000;1,000;MESURE
2025-12-31 08:00:00+01:00;0,000;1,000;MESURE
2025-12-31 09:00:00+01:00;0,000;1,000;MESURE
2025-12-31 10:00:00+01:00;0,000;1,000;MESURE
2025-12-31 11:00:00+01:00;0,000;1,000;MESURE
2025-12-31 12:00:00+01:00;0,000;1,000;MESURE
2025-12-31 13:00:00+01:00;0,000;1,000;MESURE
2025-12-31 14:00:00+01:00;0,000;1,000;MESURE
2025-12-31 15:00:00+01:00;0,000;1,000;MESURE
2025-12-31 16:00:00+01:00;2083,000;1,000;MESURE
2025-12-31 17:00:00+01:00;4999,000;1,000;MESURE
2025-12-31 18:00:00+01:00;5146,000;1,000;MESURE
2025-12-31 19:00:00+01:00;5148,000;1,000;MESURE
2025-12-31 20:00:00+01:00;5101,000;1,000;MESURE
2025-12-31 21:00:00+01:00;5138,000;1,000;MESURE
2025-12-31 22:00:00+01:00;4686,000;1,000;MESURE
2025-12-31 23:00:00+01:00;4623,000;1,000;MESURE
