horodate_locale;puissance_W;couverture;origine
2025-01-01 00:00:00+01:00;137,000;1,000;MESURE
2025-01-01 01:00:00+01:00;138,000;1,000;MESURE
2025-01-01 02:00:00+01:00;138,000;1,000;MESURE
2025-01-01 03:00:00+01:00;138,000;1,000;MESURE
2025-01-01 04:00:00+01:00;137,000;1,000;MESURE
2025-01-01 05:00:00+01:00;137,000;1,000;MESURE
2025-01-01 06:00:00+01:00;145,000;1,000;MESURE
2025-01-01 07:00:00+01:00;157,000;1,000;MESURE
2025-01-01 08:00:00+01:00;158,000;1,000;MESURE
2025-01-01 09:00:00+01:00;8153,000;1,000;MESURE
2025-01-01 10:00:00+01:00;4661,000;1,000;MESURE
2025-01-01 11:00:00+01:00;17064,000;1,000;MESURE
2025-01-01 12:00:00+01:00;17131,000;1,000;MESURE
2025-01-01 13:00:00+01:00;6823,000;1,000;MESURE
2025-01-01 14:00:00+01:00;1279,000;1,000;MESURE
2025-01-01 15:00:00+01:00;10577,000;1,000;MESURE
2025-01-01 16:00:00+01:00;12667,000;1,000;MESURE
2025-01-01 17:00:00+01:00;22058,000;1,000;MESURE
2025-01-01 18:00:00+01:00;16287,000;1,000;MESURE
2025-01-01 19:00:00+01:00;11398,000;1,000;MESURE
2025-01-01 20:00:00+01:00;11393,000;1,000;MESURE
2025-01-01 21:00:00+01:00;11545,000;1,000;MESURE
2025-01-01 22:00:00+01:00;11239,000;1,000;MESURE
2025-01-01 23:00:00+01:00;1064,000;1,000;MESURE
2025-01-02 00:00:00+01:00;100,000;1,000;MESURE
2025-01-02 01:00:00+01:00;99,000;1,000;MESURE
2025-01-02 02:00:00+01:00;126,000;1,000;MESURE
2025-01-02 03:00:00+01:00;106,000;1,000;MESURE
2025-01-02 04:00:00+01:00;99,000;1,000;MESURE
2025-01-02 05:00:00+01:00;113,000;1,000;MESURE
2025-01-02 06:00:00+01:00;128,000;1,000;MESURE
2025-01-02 07:00:00+01:00;121,000;1,000;MESURE
2025-01-02 08:00:00+01:00;120,000;1,000;MESURE
2025-01-02 09:00:00+01:00;121,000;1,000;MESURE
2025-01-02 10:00:00+01:00;121,000;1,000;MESURE
2025-01-02 11:00:00+01:00;123,000;1,000;MESURE
2025-01-02 12:00:00+01:00;121,000;1,000;MESURE
2025-01-02 13:00:00+01:00;111,000;1,000;MESURE
2025-01-02 14:00:00+01:00;101,000;1,000;MESURE
2025-01-02 15:00:00+01:00;11961,000;1,000;MESURE
2025-01-02 16:00:00+01:00;23531,000;1,000;MESURE
2025-01-02 17:00:00+01:00;28949,000;1,000;MESURE
2025-01-02 18:00:00+01:00;12058,000;1,000;MESURE
2025-01-02 19:00:00+01:00;10948,000;1,000;MESURE
2025-01-02 20:00:00+01:00;1813,000;1,000;MESURE
2025-01-02 21:00:00+01:00;104,000;1,000;MESURE
2025-01-02 22:00:00+01:00;104,000;1,000;MESURE
2025-01-02 23:00:00+01:00;3829,000;1,000;MESURE
2025-01-03 00:00:00+01:00;7213,000;1,000;MESURE
2025-01-03 01:00:00+01:00;7229,000;1,000;MESURE
2025-01-03 02:00:00+01:00;7188,000;1,000;MESURE
2025-01-03 03:00:00+01:00;7235,000;1,000;MESURE
2025-01-03 04:00:00+01:00;7226,000;1,000;MESURE
2025-01-03 05:00:00+01:00;4224,000;1,000;MESURE
2025-01-03 06:00:00+01:00;1191,000;1,000;MESURE
2025-01-03 07:00:00+01:00;147,000;1,000;MESURE
2025-01-03 08:00:00+01:00;4069,000;1,000;MESURE
2025-01-03 09:00:00+01:00;7621,000;1,000;MESURE
2025-01-03 10:00:00+01:00;7613,000;1,000;MESURE
2025-01-03 11:00:00+01:00;8343,000;1,000;MESURE
2025-01-03 12:00:00+01:00;7498,000;1,000;MESURE
2025-01-03 13:00:00+01:00;6782,000;1,000;MESURE
2025-01-03 14:00:00+01:00;10856,000;1,000;MESURE
2025-01-03 15:00:00+01:00;11002,000;1,000;MESURE
2025-01-03 16:00:00+01:00;10830,000;1,000;MESURE
2025-01-03 17:00:00+01:00;10944,000;1,000;MESURE
2025-01-03 18:00:00+01:00;19867,000;1,000;MESURE
2025-01-03 19:00:00+01:00;28313,000;1,000;MESURE
2025-01-03 20:00:00+01:00;26902,000;1,000;MESURE
2025-01-03 21:00:00+01:00;12858,000;1,000;MESURE
2025-01-03 22:00:00+01:00;133,000;1,000;MESURE
2025-01-03 23:00:00+01:00;133,500;0,000;INTERP_COURTE
2025-01-04 00:00:00+01:00;134,000;1,000;MESURE
2025-01-04 01:00:00+01:00;133,000;1,000;MESURE
2025-01-04 02:00:00+01:00;133,000;1,000;MESURE
2025-01-04 03:00:00+01:00;135,000;1,000;MESURE
2025-01-04 04:00:00+01:00;136,000;1,000;MESURE
2025-01-04 05:00:00+01:00;137,000;1,000;MESURE
2025-01-04 06:00:00+01:00;136,000;1,000;MESURE
2025-01-04 07:00:00+01:00;5278,000;1,000;MESURE
2025-01-04 08:00:00+01:00;7337,000;1,000;MESURE
2025-01-04 09:00:00+01:00;7344,000;1,000;MESURE
2025-01-04 10:00:00+01:00;7254,000;1,000;MESURE
2025-01-04 11:00:00+01:00;8554,000;1,000;MESURE
2025-01-04 12:00:00+01:00;9455,000;1,000;MESURE
2025-01-04 13:00:00+01:00;6465,000;1,000;MESURE
2025-01-04 14:00:00+01:00;1869,000;1,000;MESURE
2025-01-04 15:00:00+01:00;1346,000;1,000;MESURE
2025-01-04 16:00:00+01:00;7307,000;1,000;MESURE
2025-01-04 17:00:00+01:00;7293,000;1,000;MESURE
2025-01-04 18:00:00+01:00;3512,000;1,000;MESURE
2025-01-04 19:00:00+01:00;3173,000;1,000;MESURE
2025-01-04 20:00:00+01:00;17312,000;1,000;MESURE
2025-01-04 21:00:00+01:00;1753,000;1,000;MESURE
2025-01-04 22:00:00+01:00;132,000;1,000;MESURE
2025-01-04 23:00:00+01:00;99,000;1,000;MESURE
2025-01-05 00:00:00+01:00;102,000;1,000;MESURE
2025-01-05 01:00:00+01:00;101,000;1,000;MESURE
2025-01-05 02:00:00+01:00;102,000;1,000;MESURE
2025-01-05 03:00:00+01:00;101,000;1,000;MESURE
2025-01-05 04:00:00+01:00;101,000;1,000;MESURE
2025-01-05 05:00:00+01:00;101,000;1,000;MESURE
2025-01-05 06:00:00+01:00;101,000;1,000;MESURE
2025-01-05 07:00:00+01:00;101,000;1,000;MESURE
2025-01-05 08:00:00+01:00;100,000;1,000;MESURE
2025-01-05 09:00:00+01:00;3031,000;1,000;MESURE
2025-01-05 10:00:00+01:00;11472,000;1,000;MESURE
2025-01-05 11:00:00+01:00;8230,000;1,000;MESURE
2025-01-05 12:00:00+01:00;99,000;1,000;MESURE
2025-01-05 13:00:00+01:00;88,000;1,000;MESURE
2025-01-05 14:00:00+01:00;5226,000;1,000;MESURE
2025-01-05 15:00:00+01:00;7515,000;1,000;MESURE
2025-01-05 16:00:00+01:00;7695,000;1,000;MESURE
2025-01-05 17:00:00+01:00;18605,000;1,000;MESURE
2025-01-05 18:00:00+01:00;21030,000;1,000;MESURE
2025-01-05 19:00:00+01:00;20442,000;1,000;MESURE
2025-01-05 20:00:00+01:00;8804,000;1,000;MESURE
2025-01-05 21:00:00+01:00;11488,000;1,000;MESURE
2025-01-05 22:00:00+01:00;3457,000;1,000;MESURE
2025-01-05 23:00:00+01:00;99,000;1,000;MESURE
2025-01-06 00:00:00+01:00;99,000;1,000;MESURE
2025-01-06 01:00:00+01:00;98,000;1,000;MESURE
2025-01-06 02:00:00+01:00;99,000;1,000;MESURE
2025-01-06 03:00:00+01:00;98,000;1,000;MESURE
2025-01-06 04:00:00+01:00;98,000;1,000;MESURE
2025-01-06 05:00:00+01:00;99,000;1,000;MESURE
2025-01-06 06:00:00+01:00;107,000;1,000;MESURE
2025-01-06 07:00:00+01:00;121,000;1,000;MESURE
2025-01-06 08:00:00+01:00;534,000;1,000;MESURE
2025-01-06 09:00:00+01:00;3685,000;1,000;MESURE
2025-01-06 10:00:00+01:00;439,000;1,000;MESURE
2025-01-06 11:00:00+01:00;101,000;1,000;MESURE
2025-01-06 12:00:00+01:00;123,000;1,000;MESURE
2025-01-06 13:00:00+01:00;94,000;1,000;MESURE
2025-01-06 14:00:00+01:00;106,000;1,000;MESURE
2025-01-06 15:00:00+01:00;124,000;1,000;MESURE
2025-01-06 16:00:00+01:00;6515,000;1,000;MESURE
2025-01-06 17:00:00+01:00;15118,000;1,000;MESURE
2025-01-06 18:00:00+01:00;9443,000;1,000;MESURE
2025-01-06 19:00:00+01:00;7224,000;1,000;MESURE
2025-01-06 20:00:00+01:00;5753,000;1,000;MESURE
2025-01-06 21:00:00+01:00;2521,000;1,000;MESURE
2025-01-06 22:00:00+01:00;108,000;1,000;MESURE
2025-01-06 23:00:00+01:00;108,000;1,000;MESURE
2025-01-07 00:00:00+01:00;108,000;1,000;MESURE
2025-01-07 01:00:00+01:00;108,000;1,000;MESURE
2025-01-07 02:00:00+01:00;108,000;1,000;MESURE
2025-01-07 03:00:00+01:00;108,000;1,000;MESURE
2025-01-07 04:00:00+01:00;108,000;1,000;MESURE
2025-01-07 05:00:00+01:00;108,000;1,000;MESURE
2025-01-07 06:00:00+01:00;116,000;1,000;MESURE
2025-01-07 07:00:00+01:00;130,000;1,000;MESURE
2025-01-07 08:00:00+01:00;4593,000;1,000;MESURE
2025-01-07 09:00:00+01:00;7449,000;1,000;MESURE
2025-01-07 10:00:00+01:00;2243,000;1,000;MESURE
2025-01-07 11:00:00+01:00;122,000;1,000;MESURE
2025-01-07 12:00:00+01:00;124,000;1,000;MESURE
2025-01-07 13:00:00+01:00;251,000;1,000;MESURE
2025-01-07 14:00:00+01:00;1454,000;1,000;MESURE
2025-01-07 15:00:00+01:00;122,000;1,000;MESURE
2025-01-07 16:00:00+01:00;10521,000;1,000;MESURE
2025-01-07 17:00:00+01:00;14870,000;1,000;MESURE
2025-01-07 18:00:00+01:00;18612,000;1,000;MESURE
2025-01-07 19:00:00+01:00;17164,000;1,000;MESURE
2025-01-07 20:00:00+01:00;17188,000;1,000;MESURE
2025-01-07 21:00:00+01:00;17108,000;1,000;MESURE
2025-01-07 22:00:00+01:00;6026,000;1,000;MESURE
2025-01-07 23:00:00+01:00;99,000;1,000;MESURE
2025-01-08 00:00:00+01:00;99,000;1,000;MESURE
2025-01-08 01:00:00+01:00;99,000;1,000;MESURE
2025-01-08 02:00:00+01:00;98,000;1,000;MESURE
2025-01-08 03:00:00+01:00;101,000;1,000;MESURE
2025-01-08 04:00:00+01:00;102,000;1,000;MESURE
2025-01-08 05:00:00+01:00;101,000;1,000;MESURE
2025-01-08 06:00:00+01:00;110,000;1,000;MESURE
2025-01-08 07:00:00+01:00;123,000;1,000;MESURE
2025-01-08 08:00:00+01:00;123,000;1,000;MESURE
2025-01-08 09:00:00+01:00;122,000;1,000;MESURE
2025-01-08 10:00:00+01:00;124,000;1,000;MESURE
2025-01-08 11:00:00+01:00;121,000;1,000;MESURE
2025-01-08 12:00:00+01:00;123,000;1,000;MESURE
2025-01-08 13:00:00+01:00;104,000;1,000;MESURE
2025-01-08 14:00:00+01:00;95,000;1,000;MESURE
2025-01-08 15:00:00+01:00;4453,000;1,000;MESURE
2025-01-08 16:00:00+01:00;7296,000;1,000;MESURE
2025-01-08 17:00:00+01:00;15598,000;1,000;MESURE
2025-01-08 18:00:00+01:00;18586,000;1,000;MESURE
2025-01-08 19:00:00+01:00;12986,000;1,000;MESURE
2025-01-08 20:00:00+01:00;7721,000;1,000;MESURE
2025-01-08 21:00:00+01:00;7701,000;1,000;MESURE
2025-01-08 22:00:00+01:00;14310,000;1,000;MESURE
2025-01-08 23:00:00+01:00;7511,000;1,000;MESURE
2025-01-09 00:00:00+01:00;7139,000;1,000;MESURE
2025-01-09 01:00:00+01:00;7112,000;1,000;MESURE
2025-01-09 02:00:00+01:00;7179,000;1,000;MESURE
2025-01-09 03:00:00+01:00;4925,000;1,000;MESURE
2025-01-09 04:00:00+01:00;1990,000;1,000;MESURE
2025-01-09 05:00:00+01:00;102,000;1,000;MESURE
2025-01-09 06:00:00+01:00;112,000;1,000;MESURE
2025-01-09 07:00:00+01:00;126,000;1,000;MESURE
2025-01-09 08:00:00+01:00;123,000;1,000;MESURE
2025-01-09 09:00:00+01:00;122,000;1,000;MESURE
2025-01-09 10:00:00+01:00;543,000;1,000;MESURE
2025-01-09 11:00:00+01:00;124,000;1,000;MESURE
2025-01-09 12:00:00+01:00;124,000;1,000;MESURE
2025-01-09 13:00:00+01:00;121,000;1,000;MESURE
2025-01-09 14:00:00+01:00;122,000;1,000;MESURE
2025-01-09 15:00:00+01:00;122,000;1,000;MESURE
2025-01-09 16:00:00+01:00;4945,000;1,000;MESURE
2025-01-09 17:00:00+01:00;11441,000;1,000;MESURE
2025-01-09 18:00:00+01:00;15666,000;1,000;MESURE
2025-01-09 19:00:00+01:00;22507,000;1,000;MESURE
2025-01-09 20:00:00+01:00;14388,000;1,000;MESURE
2025-01-09 21:00:00+01:00;8315,000;1,000;MESURE
2025-01-09 22:00:00+01:00;103,000;1,000;MESURE
2025-01-09 23:00:00+01:00;103,000;1,000;MESURE
2025-01-10 00:00:00+01:00;104,000;1,000;MESURE
2025-01-10 01:00:00+01:00;103,000;1,000;MESURE
2025-01-10 02:00:00+01:00;103,000;1,000;MESURE
2025-01-10 03:00:00+01:00;104,000;1,000;MESURE
2025-01-10 04:00:00+01:00;103,000;1,000;MESURE
2025-01-10 05:00:00+01:00;103,000;1,000;MESURE
2025-01-10 06:00:00+01:00;112,000;1,000;MESURE
2025-01-10 07:00:00+01:00;125,000;1,000;MESURE
2025-01-10 08:00:00+01:00;9102,000;1,000;MESURE
2025-01-10 09:00:00+01:00;10425,000;1,000;MESURE
2025-01-10 10:00:00+01:00;5035,000;1,000;MESURE
2025-01-10 11:00:00+01:00;212,000;1,000;MESURE
2025-01-10 12:00:00+01:00;5593,000;1,000;MESURE
2025-01-10 13:00:00+01:00;123,000;1,000;MESURE
2025-01-10 14:00:00+01:00;124,000;1,000;MESURE
2025-01-10 15:00:00+01:00;5889,000;1,000;MESURE
2025-01-10 16:00:00+01:00;4569,000;1,000;MESURE
2025-01-10 17:00:00+01:00;4379,000;1,000;MESURE
2025-01-10 18:00:00+01:00;1395,000;1,000;MESURE
2025-01-10 19:00:00+01:00;131,000;1,000;MESURE
2025-01-10 20:00:00+01:00;5762,000;1,000;MESURE
2025-01-10 21:00:00+01:00;9863,000;1,000;MESURE
2025-01-10 22:00:00+01:00;17873,000;1,000;MESURE
2025-01-10 23:00:00+01:00;13309,000;1,000;MESURE
2025-01-11 00:00:00+01:00;10534,000;1,000;MESURE
2025-01-11 01:00:00+01:00;10557,000;1,000;MESURE
2025-01-11 02:00:00+01:00;223,000;1,000;MESURE
2025-01-11 03:00:00+01:00;103,000;1,000;MESURE
2025-01-11 04:00:00+01:00;119,000;1,000;MESURE
2025-01-11 05:00:00+01:00;123,000;1,000;MESURE
2025-01-11 06:00:00+01:00;103,000;1,000;MESURE
2025-01-11 07:00:00+01:00;104,000;1,000;MESURE
2025-01-11 08:00:00+01:00;102,000;1,000;MESURE
2025-01-11 09:00:00+01:00;100,000;1,000;MESURE
2025-01-11 10:00:00+01:00;7284,000;1,000;MESURE
2025-01-11 11:00:00+01:00;1470,000;1,000;MESURE
2025-01-11 12:00:00+01:00;100,000;1,000;MESURE
2025-01-11 13:00:00+01:00;99,000;1,000;MESURE
2025-01-11 14:00:00+01:00;99,000;1,000;MESURE
2025-01-11 15:00:00+01:00;101,000;1,000;MESURE
2025-01-11 16:00:00+01:00;7434,000;1,000;MESURE
2025-01-11 17:00:00+01:00;14061,000;1,000;MESURE
2025-01-11 18:00:00+01:00;6937,000;1,000;MESURE
2025-01-11 19:00:00+01:00;102,000;1,000;MESURE
2025-01-11 20:00:00+01:00;138,000;1,000;MESURE
2025-01-11 21:00:00+01:00;136,000;1,000;MESURE
2025-01-11 22:00:00+01:00;2236,000;1,000;MESURE
2025-01-11 23:00:00+01:00;3536,000;1,000;MESURE
2025-01-12 00:00:00+01:00;10379,000;1,000;MESURE
2025-01-12 01:00:00+01:00;10333,000;1,000;MESURE
2025-01-12 02:00:00+01:00;10343,000;1,000;MESURE
2025-01-12 03:00:00+01:00;9646,000;1,000;MESURE
2025-01-12 04:00:00+01:00;8744,000;1,000;MESURE
2025-01-12 05:00:00+01:00;8678,000;1,000;MESURE
2025-01-12 06:00:00+01:00;8134,000;1,000;MESURE
2025-01-12 07:00:00+01:00;1960,000;1,000;MESURE
2025-01-12 08:00:00+01:00;2036,000;1,000;MESURE
2025-01-12 09:00:00+01:00;3269,000;1,000;MESURE
2025-01-12 10:00:00+01:00;500,000;1,000;MESURE
2025-01-12 11:00:00+01:00;137,000;1,000;MESURE
2025-01-12 12:00:00+01:00;121,000;1,000;MESURE
2025-01-12 13:00:00+01:00;7044,000;1,000;MESURE
2025-01-12 14:00:00+01:00;11746,000;1,000;MESURE
2025-01-12 15:00:00+01:00;12536,000;1,000;MESURE
2025-01-12 16:00:00+01:00;13261,000;1,000;MESURE
2025-01-12 17:00:00+01:00;12627,000;1,000;MESURE
2025-01-12 18:00:00+01:00;13382,000;1,000;MESURE
2025-01-12 19:00:00+01:00;10629,000;1,000;MESURE
2025-01-12 20:00:00+01:00;7572,000;1,000;MESURE
2025-01-12 21:00:00+01:00;4861,000;1,000;MESURE
2025-01-12 22:00:00+01:00;137,000;1,000;MESURE
2025-01-12 23:00:00+01:00;136,000;1,000;MESURE
2025-01-13 00:00:00+01:00;137,000;1,000;MESURE
2025-01-13 01:00:00+01:00;136,000;1,000;MESURE
2025-01-13 02:00:00+01:00;136,000;1,000;MESURE
2025-01-13 03:00:00+01:00;137,000;1,000;MESURE
2025-01-13 04:00:00+01:00;136,000;1,000;MESURE
2025-01-13 05:00:00+01:00;137,000;1,000;MESURE
2025-01-13 06:00:00+01:00;145,000;1,000;MESURE
2025-01-13 07:00:00+01:00;157,000;1,000;MESURE
2025-01-13 08:00:00+01:00;4006,000;1,000;MESURE
2025-01-13 09:00:00+01:00;7652,000;1,000;MESURE
2025-01-13 10:00:00+01:00;7637,000;1,000;MESURE
2025-01-13 11:00:00+01:00;7125,000;1,000;MESURE
2025-01-13 12:00:00+01:00;1531,000;1,000;MESURE
2025-01-13 13:00:00+01:00;10640,000;1,000;MESURE
2025-01-13 14:00:00+01:00;14847,000;1,000;MESURE
2025-01-13 15:00:00+01:00;141,000;1,000;MESURE
2025-01-13 16:00:00+01:00;130,000;1,000;MESURE
2025-01-13 17:00:00+01:00;4755,000;1,000;MESURE
2025-01-13 18:00:00+01:00;13743,000;1,000;MESURE
2025-01-13 19:00:00+01:00;13854,000;1,000;MESURE
2025-01-13 20:00:00+01:00;9608,000;1,000;MESURE
2025-01-13 21:00:00+01:00;6172,000;1,000;MESURE
2025-01-13 22:00:00+01:00;136,000;1,000;MESURE
2025-01-13 23:00:00+01:00;136,000;1,000;MESURE
2025-01-14 00:00:00+01:00;137,000;1,000;MESURE
2025-01-14 01:00:00+01:00;137,000;1,000;MESURE
2025-01-14 02:00:00+01:00;136,000;1,000;MESURE
2025-01-14 03:00:00+01:00;137,000;1,000;MESURE
2025-01-14 04:00:00+01:00;137,000;1,000;MESURE
2025-01-14 05:00:00+01:00;136,000;1,000;MESURE
2025-01-14 06:00:00+01:00;145,000;1,000;MESURE
2025-01-14 07:00:00+01:00;157,000;1,000;MESURE
2025-01-14 08:00:00+01:00;159,000;1,000;MESURE
2025-01-14 09:00:00+01:00;160,000;1,000;MESURE
2025-01-14 10:00:00+01:00;158,000;1,000;MESURE
2025-01-14 11:00:00+01:00;5449,000;1,000;MESURE
2025-01-14 12:00:00+01:00;10773,000;1,000;MESURE
2025-01-14 13:00:00+01:00;10951,000;1,000;MESURE
2025-01-14 14:00:00+01:00;1640,000;1,000;MESURE
2025-01-14 15:00:00+01:00;138,000;1,000;MESURE
2025-01-14 16:00:00+01:00;156,000;1,000;MESURE
2025-01-14 17:00:00+01:00;4796,000;1,000;MESURE
2025-01-14 18:00:00+01:00;8582,000;1,000;MESURE
2025-01-14 19:00:00+01:00;14226,000;1,000;MESURE
2025-01-14 20:00:00+01:00;5883,000;1,000;MESURE
2025-01-14 21:00:00+01:00;136,000;1,000;MESURE
2025-01-14 22:00:00+01:00;136,000;1,000;MESURE
2025-01-14 23:00:00+01:00;137,000;1,000;MESURE
2025-01-15 00:00:00+01:00;136,000;1,000;MESURE
2025-01-15 01:00:00+01:00;137,000;1,000;MESURE
2025-01-15 02:00:00+01:00;136,000;1,000;MESURE
2025-01-15 03:00:00+01:00;137,000;1,000;MESURE
2025-01-15 04:00:00+01:00;137,000;1,000;MESURE
2025-01-15 05:00:00+01:00;137,000;1,000;MESURE
2025-01-15 06:00:00+01:00;144,000;1,000;MESURE
2025-01-15 07:00:00+01:00;158,000;1,000;MESURE
2025-01-15 08:00:00+01:00;159,000;1,000;MESURE
2025-01-15 09:00:00+01:00;159,000;1,000;MESURE
2025-01-15 10:00:00+01:00;131,000;1,000;MESURE
2025-01-15 11:00:00+01:00;2436,000;1,000;MESURE
2025-01-15 12:00:00+01:00;16778,000;1,000;MESURE
2025-01-15 13:00:00+01:00;8362,000;1,000;MESURE
2025-01-15 14:00:00+01:00;121,000;1,000;MESURE
2025-01-15 15:00:00+01:00;120,000;1,000;MESURE
2025-01-15 16:00:00+01:00;120,000;1,000;MESURE
2025-01-15 17:00:00+01:00;121,000;1,000;MESURE
2025-01-15 18:00:00+01:00;114,000;1,000;MESURE
2025-01-15 19:00:00+01:00;2280,000;1,000;MESURE
2025-01-15 20:00:00+01:00;7689,000;1,000;MESURE
2025-01-15 21:00:00+01:00;7658,000;1,000;MESURE
2025-01-15 22:00:00+01:00;7395,000;1,000;MESURE
2025-01-15 23:00:00+01:00;115,000;1,000;MESURE
2025-01-16 00:00:00+01:00;121,000;1,000;MESURE
2025-01-16 01:00:00+01:00;99,000;1,000;MESURE
2025-01-16 02:00:00+01:00;124,000;1,000;MESURE
2025-01-16 03:00:00+01:00;113,000;1,000;MESURE
2025-01-16 04:00:00+01:00;99,000;1,000;MESURE
2025-01-16 05:00:00+01:00;129,000;1,000;MESURE
2025-01-16 06:00:00+01:00;116,000;1,000;MESURE
2025-01-16 07:00:00+01:00;120,000;1,000;MESURE
2025-01-16 08:00:00+01:00;5372,000;1,000;MESURE
2025-01-16 09:00:00+01:00;8807,000;1,000;MESURE
2025-01-16 10:00:00+01:00;16929,000;1,000;MESURE
2025-01-16 11:00:00+01:00;11287,000;1,000;MESURE
2025-01-16 12:00:00+01:00;11010,000;1,000;MESURE
2025-01-16 13:00:00+01:00;21010,000;1,000;MESURE
2025-01-16 14:00:00+01:00;21779,000;1,000;MESURE
2025-01-16 15:00:00+01:00;20499,000;1,000;MESURE
2025-01-16 16:00:00+01:00;9108,000;1,000;MESURE
2025-01-16 17:00:00+01:00;123,000;1,000;MESURE
2025-01-16 18:00:00+01:00;114,000;1,000;MESURE
2025-01-16 19:00:00+01:00;11976,000;1,000;MESURE
2025-01-16 20:00:00+01:00;16981,000;1,000;MESURE
2025-01-16 21:00:00+01:00;10956,000;1,000;MESURE
2025-01-16 22:00:00+01:00;369,000;1,000;MESURE
2025-01-16 23:00:00+01:00;114,000;1,000;MESURE
2025-01-17 00:00:00+01:00;119,000;1,000;MESURE
2025-01-17 01:00:00+01:00;99,000;1,000;MESURE
2025-01-17 02:00:00+01:00;117,000;1,000;MESURE
2025-01-17 03:00:00+01:00;118,000;1,000;MESURE
2025-01-17 04:00:00+01:00;99,000;1,000;MESURE
2025-01-17 05:00:00+01:00;123,000;1,000;MESURE
2025-01-17 06:00:00+01:00;142,000;1,000;MESURE
2025-01-17 07:00:00+01:00;2637,000;1,000;MESURE
2025-01-17 08:00:00+01:00;7131,000;1,000;MESURE
2025-01-17 09:00:00+01:00;7069,000;1,000;MESURE
2025-01-17 10:00:00+01:00;6974,000;1,000;MESURE
2025-01-17 11:00:00+01:00;6972,000;1,000;MESURE
2025-01-17 12:00:00+01:00;4183,000;1,000;MESURE
2025-01-17 13:00:00+01:00;121,000;1,000;MESURE
2025-01-17 14:00:00+01:00;121,000;1,000;MESURE
2025-01-17 15:00:00+01:00;231,000;1,000;MESURE
2025-01-17 16:00:00+01:00;7057,000;1,000;MESURE
2025-01-17 17:00:00+01:00;5717,000;1,000;MESURE
2025-01-17 18:00:00+01:00;6199,000;1,000;MESURE
2025-01-17 19:00:00+01:00;9462,000;1,000;MESURE
2025-01-17 20:00:00+01:00;14331,000;1,000;MESURE
2025-01-17 21:00:00+01:00;5011,000;1,000;MESURE
2025-01-17 22:00:00+01:00;100,000;1,000;MESURE
2025-01-17 23:00:00+01:00;117,000;1,000;MESURE
2025-01-18 00:00:00+01:00;126,000;1,000;MESURE
2025-01-18 01:00:00+01:00;101,000;1,000;MESURE
2025-01-18 02:00:00+01:00;130,000;1,000;MESURE
2025-01-18 03:00:00+01:00;117,000;1,000;MESURE
2025-01-18 04:00:00+01:00;109,000;1,000;MESURE
2025-01-18 05:00:00+01:00;135,000;1,000;MESURE
2025-01-18 06:00:00+01:00;110,000;1,000;MESURE
2025-01-18 07:00:00+01:00;118,000;1,000;MESURE
2025-01-18 08:00:00+01:00;133,000;1,000;MESURE
2025-01-18 09:00:00+01:00;423,000;1,000;MESURE
2025-01-18 10:00:00+01:00;15251,000;1,000;MESURE
2025-01-18 11:00:00+01:00;126,000;1,000;MESURE
2025-01-18 12:00:00+01:00;100,000;1,000;MESURE
2025-01-18 13:00:00+01:00;5918,000;1,000;MESURE
2025-01-18 14:00:00+01:00;10704,000;1,000;MESURE
2025-01-18 15:00:00+01:00;10525,000;1,000;MESURE
2025-01-18 16:00:00+01:00;17971,000;1,000;MESURE
2025-01-18 17:00:00+01:00;17905,000;1,000;MESURE
2025-01-18 18:00:00+01:00;17991,000;1,000;MESURE
2025-01-18 19:00:00+01:00;17978,000;1,000;MESURE
2025-01-18 20:00:00+01:00;10040,000;1,000;MESURE
2025-01-18 21:00:00+01:00;7493,000;1,000;MESURE
2025-01-18 22:00:00+01:00;7468,000;1,000;MESURE
2025-01-18 23:00:00+01:00;1442,000;1,000;MESURE
2025-01-19 00:00:00+01:00;133,000;1,000;MESURE
2025-01-19 01:00:00+01:00;108,000;1,000;MESURE
2025-01-19 02:00:00+01:00;116,000;1,000;MESURE
2025-01-19 03:00:00+01:00;130,000;1,000;MESURE
2025-01-19 04:00:00+01:00;98,000;1,000;MESURE
2025-01-19 05:00:00+01:00;124,000;1,000;MESURE
2025-01-19 06:00:00+01:00;121,000;1,000;MESURE
2025-01-19 07:00:00+01:00;101,000;1,000;MESURE
2025-01-19 08:00:00+01:00;134,000;1,000;MESURE
2025-01-19 09:00:00+01:00;114,000;1,000;MESURE
2025-01-19 10:00:00+01:00;108,000;1,000;MESURE
2025-01-19 11:00:00+01:00;1481,000;1,000;MESURE
2025-01-19 12:00:00+01:00;15243,000;1,000;MESURE
2025-01-19 13:00:00+01:00;18313,000;1,000;MESURE
2025-01-19 14:00:00+01:00;17057,000;1,000;MESURE
2025-01-19 15:00:00+01:00;12144,000;1,000;MESURE
2025-01-19 16:00:00+01:00;17040,000;1,000;MESURE
2025-01-19 17:00:00+01:00;17095,000;1,000;MESURE
2025-01-19 18:00:00+01:00;22029,000;1,000;MESURE
2025-01-19 19:00:00+01:00;20610,000;1,000;MESURE
2025-01-19 20:00:00+01:00;3027,000;1,000;MESURE
2025-01-19 21:00:00+01:00;129,000;1,000;MESURE
2025-01-19 22:00:00+01:00;100,000;1,000;MESURE
2025-01-19 23:00:00+01:00;126,000;1,000;MESURE
2025-01-20 00:00:00+01:00;123,000;1,000;MESURE
2025-01-20 01:00:00+01:00;99,000;1,000;MESURE
2025-01-20 02:00:00+01:00;134,000;1,000;MESURE
2025-01-20 03:00:00+01:00;121,000;1,000;MESURE
2025-01-20 04:00:00+01:00;105,000;1,000;MESURE
2025-01-20 05:00:00+01:00;133,000;1,000;MESURE
2025-01-20 06:00:00+01:00;124,000;1,000;MESURE
2025-01-20 07:00:00+01:00;131,000;1,000;MESURE
2025-01-20 08:00:00+01:00;4320,000;1,000;MESURE
2025-01-20 09:00:00+01:00;7672,000;1,000;MESURE
2025-01-20 10:00:00+01:00;7725,000;1,000;MESURE
2025-01-20 11:00:00+01:00;3380,000;1,000;MESURE
2025-01-20 12:00:00+01:00;4100,000;1,000;MESURE
2025-01-20 13:00:00+01:00;11104,000;1,000;MESURE
2025-01-20 14:00:00+01:00;11001,000;1,000;MESURE
2025-01-20 15:00:00+01:00;10946,000;1,000;MESURE
2025-01-20 16:00:00+01:00;9216,000;1,000;MESURE
2025-01-20 17:00:00+01:00;3230,000;1,000;MESURE
2025-01-20 18:00:00+01:00;9301,000;1,000;MESURE
2025-01-20 19:00:00+01:00;7635,000;1,000;MESURE
2025-01-20 20:00:00+01:00;99,000;1,000;MESURE
2025-01-20 21:00:00+01:00;124,000;1,000;MESURE
2025-01-20 22:00:00+01:00;111,000;1,000;MESURE
2025-01-20 23:00:00+01:00;3180,000;1,000;MESURE
2025-01-21 00:00:00+01:00;7158,000;1,000;MESURE
2025-01-21 01:00:00+01:00;7131,000;1,000;MESURE
2025-01-21 02:00:00+01:00;7081,000;1,000;MESURE
2025-01-21 03:00:00+01:00;6388,000;1,000;MESURE
2025-01-21 04:00:00+01:00;3209,000;1,000;MESURE
2025-01-21 05:00:00+01:00;518,000;1,000;MESURE
2025-01-21 06:00:00+01:00;140,000;1,000;MESURE
2025-01-21 07:00:00+01:00;121,000;1,000;MESURE
2025-01-21 08:00:00+01:00;5290,000;1,000;MESURE
2025-01-21 09:00:00+01:00;6472,000;1,000;MESURE
2025-01-21 10:00:00+01:00;8558,000;1,000;MESURE
2025-01-21 11:00:00+01:00;4972,000;1,000;MESURE
2025-01-21 12:00:00+01:00;126,000;1,000;MESURE
2025-01-21 13:00:00+01:00;124,000;1,000;MESURE
2025-01-21 14:00:00+01:00;4514,000;1,000;MESURE
2025-01-21 15:00:00+01:00;6893,000;1,000;MESURE
2025-01-21 16:00:00+01:00;2540,000;1,000;MESURE
2025-01-21 17:00:00+01:00;133,000;1,000;MESURE
2025-01-21 18:00:00+01:00;2122,000;1,000;MESURE
2025-01-21 19:00:00+01:00;15916,000;1,000;MESURE
2025-01-21 20:00:00+01:00;11235,000;1,000;MESURE
2025-01-21 21:00:00+01:00;2247,000;1,000;MESURE
2025-01-21 22:00:00+01:00;103,000;1,000;MESURE
2025-01-21 23:00:00+01:00;118,000;1,000;MESURE
2025-01-22 00:00:00+01:00;132,000;1,000;MESURE
2025-01-22 01:00:00+01:00;99,000;1,000;MESURE
2025-01-22 02:00:00+01:00;121,000;1,000;MESURE
2025-01-22 03:00:00+01:00;118,000;1,000;MESURE
2025-01-22 04:00:00+01:00;99,000;1,000;MESURE
2025-01-22 05:00:00+01:00;126,000;1,000;MESURE
2025-01-22 06:00:00+01:00;125,000;1,000;MESURE
2025-01-22 07:00:00+01:00;120,000;1,000;MESURE
2025-01-22 08:00:00+01:00;154,000;1,000;MESURE
2025-01-22 09:00:00+01:00;128,000;1,000;MESURE
2025-01-22 10:00:00+01:00;121,000;1,000;MESURE
2025-01-22 11:00:00+01:00;7972,000;1,000;MESURE
2025-01-22 12:00:00+01:00;18467,000;1,000;MESURE
2025-01-22 13:00:00+01:00;17173,000;1,000;MESURE
2025-01-22 14:00:00+01:00;11719,000;1,000;MESURE
2025-01-22 15:00:00+01:00;7296,000;1,000;MESURE
2025-01-22 16:00:00+01:00;121,000;1,000;MESURE
2025-01-22 17:00:00+01:00;121,000;1,000;MESURE
2025-01-22 18:00:00+01:00;10528,000;1,000;MESURE
2025-01-22 19:00:00+01:00;28341,000;1,000;MESURE
2025-01-22 20:00:00+01:00;23525,000;1,000;MESURE
2025-01-22 21:00:00+01:00;11379,000;1,000;MESURE
2025-01-22 22:00:00+01:00;11501,000;1,000;MESURE
2025-01-22 23:00:00+01:00;5982,000;1,000;MESURE
2025-01-23 00:00:00+01:00;101,000;1,000;MESURE
2025-01-23 01:00:00+01:00;102,000;1,000;MESURE
2025-01-23 02:00:00+01:00;102,000;1,000;MESURE
2025-01-23 03:00:00+01:00;102,000;1,000;MESURE
2025-01-23 04:00:00+01:00;102,000;1,000;MESURE
2025-01-23 05:00:00+01:00;101,000;1,000;MESURE
2025-01-23 06:00:00+01:00;110,000;1,000;MESURE
2025-01-23 07:00:00+01:00;124,000;1,000;MESURE
2025-01-23 08:00:00+01:00;121,000;1,000;MESURE
2025-01-23 09:00:00+01:00;123,000;1,000;MESURE
2025-01-23 10:00:00+01:00;124,000;1,000;MESURE
2025-01-23 11:00:00+01:00;2265,000;1,000;MESURE
2025-01-23 12:00:00+01:00;94,000;1,000;MESURE
2025-01-23 13:00:00+01:00;122,000;1,000;MESURE
2025-01-23 14:00:00+01:00;125,000;1,000;MESURE
2025-01-23 15:00:00+01:00;95,000;1,000;MESURE
2025-01-23 16:00:00+01:00;118,000;1,000;MESURE
2025-01-23 17:00:00+01:00;1610,000;1,000;MESURE
2025-01-23 18:00:00+01:00;9949,000;1,000;MESURE
2025-01-23 19:00:00+01:00;19697,000;1,000;MESURE
2025-01-23 20:00:00+01:00;20583,000;1,000;MESURE
2025-01-23 21:00:00+01:00;11514,000;1,000;MESURE
2025-01-23 22:00:00+01:00;11550,000;1,000;MESURE
2025-01-23 23:00:00+01:00;11521,000;1,000;MESURE
2025-01-24 00:00:00+01:00;3942,000;1,000;MESURE
2025-01-24 01:00:00+01:00;115,000;1,000;MESURE
2025-01-24 02:00:00+01:00;132,000;1,000;MESURE
2025-01-24 03:00:00+01:00;99,000;1,000;MESURE
2025-01-24 04:00:00+01:00;119,000;1,000;MESURE
2025-01-24 05:00:00+01:00;118,000;1,000;MESURE
2025-01-24 06:00:00+01:00;108,000;1,000;MESURE
2025-01-24 07:00:00+01:00;131,000;1,000;MESURE
2025-01-24 08:00:00+01:00;8576,000;1,000;MESURE
2025-01-24 09:00:00+01:00;14803,000;1,000;MESURE
2025-01-24 10:00:00+01:00;12908,000;1,000;MESURE
2025-01-24 11:00:00+01:00;7424,000;1,000;MESURE
2025-01-24 12:00:00+01:00;7024,000;1,000;MESURE
2025-01-24 13:00:00+01:00;4585,000;1,000;MESURE
2025-01-24 14:00:00+01:00;7170,000;1,000;MESURE
2025-01-24 15:00:00+01:00;12396,000;1,000;MESURE
2025-01-24 16:00:00+01:00;20692,000;1,000;MESURE
2025-01-24 17:00:00+01:00;14137,000;1,000;MESURE
2025-01-24 18:00:00+01:00;346,000;1,000;MESURE
2025-01-24 19:00:00+01:00;89,000;1,000;MESURE
2025-01-24 20:00:00+01:00;99,000;1,000;MESURE
2025-01-24 21:00:00+01:00;72,000;1,000;MESURE
2025-01-24 22:00:00+01:00;96,000;1,000;MESURE
2025-01-24 23:00:00+01:00;99,000;1,000;MESURE
2025-01-25 00:00:00+01:00;98,000;1,000;MESURE
2025-01-25 01:00:00+01:00;99,000;1,000;MESURE
2025-01-25 02:00:00+01:00;98,000;1,000;MESURE
2025-01-25 03:00:00+01:00;98,000;1,000;MESURE
2025-01-25 04:00:00+01:00;99,000;1,000;MESURE
2025-01-25 05:00:00+01:00;98,000;1,000;MESURE
2025-01-25 06:00:00+01:00;99,000;1,000;MESURE
2025-01-25 07:00:00+01:00;99,000;1,000;MESURE
2025-01-25 08:00:00+01:00;71,000;1,000;MESURE
2025-01-25 09:00:00+01:00;93,000;1,000;MESURE
2025-01-25 10:00:00+01:00;82,000;1,000;MESURE
2025-01-25 11:00:00+01:00;70,000;1,000;MESURE
2025-01-25 12:00:00+01:00;69,000;1,000;MESURE
2025-01-25 13:00:00+01:00;68,000;1,000;MESURE
2025-01-25 14:00:00+01:00;69,000;1,000;MESURE
2025-01-25 15:00:00+01:00;70,000;1,000;MESURE
2025-01-25 16:00:00+01:00;71,000;1,000;MESURE
2025-01-25 17:00:00+01:00;70,000;1,000;MESURE
2025-01-25 18:00:00+01:00;4643,000;1,000;MESURE
2025-01-25 19:00:00+01:00;9046,000;1,000;MESURE
2025-01-25 20:00:00+01:00;69,000;1,000;MESURE
2025-01-25 21:00:00+01:00;70,000;1,000;MESURE
2025-01-25 22:00:00+01:00;91,000;1,000;MESURE
2025-01-25 23:00:00+01:00;99,000;1,000;MESURE
2025-01-26 00:00:00+01:00;98,000;1,000;MESURE
2025-01-26 01:00:00+01:00;101,000;1,000;MESURE
2025-01-26 02:00:00+01:00;101,000;1,000;MESURE
2025-01-26 03:00:00+01:00;101,000;1,000;MESURE
2025-01-26 04:00:00+01:00;101,000;1,000;MESURE
2025-01-26 05:00:00+01:00;101,000;1,000;MESURE
2025-01-26 06:00:00+01:00;101,000;1,000;MESURE
2025-01-26 07:00:00+01:00;101,000;1,000;MESURE
2025-01-26 08:00:00+01:00;99,000;1,000;MESURE
2025-01-26 09:00:00+01:00;98,000;1,000;MESURE
2025-01-26 10:00:00+01:00;6599,000;1,000;MESURE
2025-01-26 11:00:00+01:00;15629,000;1,000;MESURE
2025-01-26 12:00:00+01:00;18366,000;1,000;MESURE
2025-01-26 13:00:00+01:00;18349,000;1,000;MESURE
2025-01-26 14:00:00+01:00;13534,000;1,000;MESURE
2025-01-26 15:00:00+01:00;3286,000;1,000;MESURE
2025-01-26 16:00:00+01:00;4402,000;1,000;MESURE
2025-01-26 17:00:00+01:00;15736,000;1,000;MESURE
2025-01-26 18:00:00+01:00;5348,000;1,000;MESURE
2025-01-26 19:00:00+01:00;101,000;1,000;MESURE
2025-01-26 20:00:00+01:00;101,000;1,000;MESURE
2025-01-26 21:00:00+01:00;101,000;1,000;MESURE
2025-01-26 22:00:00+01:00;101,000;1,000;MESURE
2025-01-26 23:00:00+01:00;100,000;1,000;MESURE
2025-01-27 00:00:00+01:00;104,000;1,000;MESURE
2025-01-27 01:00:00+01:00;103,000;1,000;MESURE
2025-01-27 02:00:00+01:00;103,000;1,000;MESURE
2025-01-27 03:00:00+01:00;103,000;1,000;MESURE
2025-01-27 04:00:00+01:00;103,000;1,000;MESURE
2025-01-27 05:00:00+01:00;103,000;1,000;MESURE
2025-01-27 06:00:00+01:00;113,000;1,000;MESURE
2025-01-27 07:00:00+01:00;125,000;1,000;MESURE
2025-01-27 08:00:00+01:00;124,000;1,000;MESURE
2025-01-27 09:00:00+01:00;123,000;1,000;MESURE
2025-01-27 10:00:00+01:00;122,000;1,000;MESURE
2025-01-27 11:00:00+01:00;94,000;1,000;MESURE
2025-01-27 12:00:00+01:00;100,000;1,000;MESURE
2025-01-27 13:00:00+01:00;124,000;1,000;MESURE
2025-01-27 14:00:00+01:00;121,000;1,000;MESURE
2025-01-27 15:00:00+01:00;122,000;1,000;MESURE
2025-01-27 16:00:00+01:00;122,000;1,000;MESURE
2025-01-27 17:00:00+01:00;124,000;1,000;MESURE
2025-01-27 18:00:00+01:00;118,000;1,000;MESURE
2025-01-27 19:00:00+01:00;106,000;1,000;MESURE
2025-01-27 20:00:00+01:00;104,000;1,000;MESURE
2025-01-27 21:00:00+01:00;103,000;1,000;MESURE
2025-01-27 22:00:00+01:00;103,000;1,000;MESURE
2025-01-27 23:00:00+01:00;104,000;1,000;MESURE
2025-01-28 00:00:00+01:00;103,000;1,000;MESURE
2025-01-28 01:00:00+01:00;103,000;1,000;MESURE
2025-01-28 02:00:00+01:00;104,000;1,000;MESURE
2025-01-28 03:00:00+01:00;103,000;1,000;MESURE
2025-01-28 04:00:00+01:00;103,000;1,000;MESURE
2025-01-28 05:00:00+01:00;104,000;1,000;MESURE
2025-01-28 06:00:00+01:00;112,000;1,000;MESURE
2025-01-28 07:00:00+01:00;125,000;1,000;MESURE
2025-01-28 08:00:00+01:00;123,000;1,000;MESURE
2025-01-28 09:00:00+01:00;123,000;1,000;MESURE
2025-01-28 10:00:00+01:00;121,000;1,000;MESURE
2025-01-28 11:00:00+01:00;1100,000;1,000;MESURE
2025-01-28 12:00:00+01:00;8882,000;1,000;MESURE
2025-01-28 13:00:00+01:00;123,000;1,000;MESURE
2025-01-28 14:00:00+01:00;2573,000;1,000;MESURE
2025-01-28 15:00:00+01:00;11194,000;1,000;MESURE
2025-01-28 16:00:00+01:00;11173,000;1,000;MESURE
2025-01-28 17:00:00+01:00;4361,000;1,000;MESURE
2025-01-28 18:00:00+01:00;114,000;1,000;MESURE
2025-01-28 19:00:00+01:00;100,000;1,000;MESURE
2025-01-28 20:00:00+01:00;797,000;1,000;MESURE
2025-01-28 21:00:00+01:00;6993,000;1,000;MESURE
2025-01-28 22:00:00+01:00;7061,000;1,000;MESURE
2025-01-28 23:00:00+01:00;7176,000;1,000;MESURE
2025-01-29 00:00:00+01:00;7154,000;1,000;MESURE
2025-01-29 01:00:00+01:00;7203,000;1,000;MESURE
2025-01-29 02:00:00+01:00;5089,000;1,000;MESURE
2025-01-29 03:00:00+01:00;2323,000;1,000;MESURE
2025-01-29 04:00:00+01:00;103,000;1,000;MESURE
2025-01-29 05:00:00+01:00;103,000;1,000;MESURE
2025-01-29 06:00:00+01:00;112,000;1,000;MESURE
2025-01-29 07:00:00+01:00;126,000;1,000;MESURE
2025-01-29 08:00:00+01:00;4118,000;1,000;MESURE
2025-01-29 09:00:00+01:00;7592,000;1,000;MESURE
2025-01-29 10:00:00+01:00;6977,000;1,000;MESURE
2025-01-29 11:00:00+01:00;1395,000;1,000;MESURE
2025-01-29 12:00:00+01:00;123,000;1,000;MESURE
2025-01-29 13:00:00+01:00;1929,000;1,000;MESURE
2025-01-29 14:00:00+01:00;11336,000;1,000;MESURE
2025-01-29 15:00:00+01:00;4211,000;1,000;MESURE
2025-01-29 16:00:00+01:00;122,000;1,000;MESURE
2025-01-29 17:00:00+01:00;122,000;1,000;MESURE
2025-01-29 18:00:00+01:00;114,000;1,000;MESURE
2025-01-29 19:00:00+01:00;2031,000;1,000;MESURE
2025-01-29 20:00:00+01:00;13659,000;1,000;MESURE
2025-01-29 21:00:00+01:00;10021,000;1,000;MESURE
2025-01-29 22:00:00+01:00;100,000;1,000;MESURE
2025-01-29 23:00:00+01:00;98,000;1,000;MESURE
2025-01-30 00:00:00+01:00;99,000;1,000;MESURE
2025-01-30 01:00:00+01:00;99,000;1,000;MESURE
2025-01-30 02:00:00+01:00;99,000;1,000;MESURE
2025-01-30 03:00:00+01:00;98,000;1,000;MESURE
2025-01-30 04:00:00+01:00;99,000;1,000;MESURE
2025-01-30 05:00:00+01:00;99,000;1,000;MESURE
2025-01-30 06:00:00+01:00;108,000;1,000;MESURE
2025-01-30 07:00:00+01:00;120,000;1,000;MESURE
2025-01-30 08:00:00+01:00;123,000;1,000;MESURE
2025-01-30 09:00:00+01:00;2940,000;1,000;MESURE
2025-01-30 10:00:00+01:00;7231,000;1,000;MESURE
2025-01-30 11:00:00+01:00;7042,000;1,000;MESURE
2025-01-30 12:00:00+01:00;1612,000;1,000;MESURE
2025-01-30 13:00:00+01:00;126,000;1,000;MESURE
2025-01-30 14:00:00+01:00;94,000;1,000;MESURE
2025-01-30 15:00:00+01:00;124,000;1,000;MESURE
2025-01-30 16:00:00+01:00;121,000;1,000;MESURE
2025-01-30 17:00:00+01:00;8311,000;1,000;MESURE
2025-01-30 18:00:00+01:00;11390,000;1,000;MESURE
2025-01-30 19:00:00+01:00;11356,000;1,000;MESURE
2025-01-30 20:00:00+01:00;11377,000;1,000;MESURE
2025-01-30 21:00:00+01:00;4789,000;1,000;MESURE
2025-01-30 22:00:00+01:00;99,000;1,000;MESURE
2025-01-30 23:00:00+01:00;99,000;1,000;MESURE
2025-01-31 00:00:00+01:00;98,000;1,000;MESURE
2025-01-31 01:00:00+01:00;5438,000;1,000;MESURE
2025-01-31 02:00:00+01:00;7124,000;1,000;MESURE
2025-01-31 03:00:00+01:00;7183,000;1,000;MESURE
2025-01-31 04:00:00+01:00;4499,000;1,000;MESURE
2025-01-31 05:00:00+01:00;2069,000;1,000;MESURE
2025-01-31 06:00:00+01:00;111,000;1,000;MESURE
2025-01-31 07:00:00+01:00;124,000;1,000;MESURE
2025-01-31 08:00:00+01:00;4853,000;1,000;MESURE
2025-01-31 09:00:00+01:00;7555,000;1,000;MESURE
2025-01-31 10:00:00+01:00;2539,000;1,000;MESURE
2025-01-31 11:00:00+01:00;111,000;1,000;MESURE
2025-01-31 12:00:00+01:00;96,000;1,000;MESURE
2025-01-31 13:00:00+01:00;124,000;1,000;MESURE
2025-01-31 14:00:00+01:00;4049,000;1,000;MESURE
2025-01-31 15:00:00+01:00;7142,000;1,000;MESURE
2025-01-31 16:00:00+01:00;7293,000;1,000;MESURE
2025-01-31 17:00:00+01:00;7210,000;1,000;MESURE
2025-01-31 18:00:00+01:00;7270,000;1,000;MESURE
2025-01-31 19:00:00+01:00;7351,000;1,000;MESURE
2025-01-31 20:00:00+01:00;7189,000;1,000;MESURE
2025-01-31 21:00:00+01:00;7333,000;1,000;MESURE
2025-01-31 22:00:00+01:00;2834,000;1,000;MESURE
2025-01-31 23:00:00+01:00;99,000;1,000;MESURE
2025-02-01 00:00:00+01:00;99,000;1,000;MESURE
2025-02-01 01:00:00+01:00;99,000;1,000;MESURE
2025-02-01 02:00:00+01:00;99,000;1,000;MESURE
2025-02-01 03:00:00+01:00;99,000;1,000;MESURE
2025-02-01 04:00:00+01:00;98,000;1,000;MESURE
2025-02-01 05:00:00+01:00;99,000;1,000;MESURE
2025-02-01 06:00:00+01:00;99,000;1,000;MESURE
2025-02-01 07:00:00+01:00;100,000;1,000;MESURE
2025-02-01 08:00:00+01:00;99,000;1,000;MESURE
2025-02-01 09:00:00+01:00;100,000;1,000;MESURE
2025-02-01 10:00:00+01:00;99,000;1,000;MESURE
2025-02-01 11:00:00+01:00;99,000;1,000;MESURE
2025-02-01 12:00:00+01:00;2319,000;1,000;MESURE
2025-02-01 13:00:00+01:00;98,000;1,000;MESURE
2025-02-01 14:00:00+01:00;100,000;1,000;MESURE
2025-02-01 15:00:00+01:00;136,000;1,000;MESURE
2025-02-01 16:00:00+01:00;17099,000;1,000;MESURE
2025-02-01 17:00:00+01:00;17484,000;1,000;MESURE
2025-02-01 18:00:00+01:00;9891,000;1,000;MESURE
2025-02-01 19:00:00+01:00;16182,000;1,000;MESURE
2025-02-01 20:00:00+01:00;14126,000;1,000;MESURE
2025-02-01 21:00:00+01:00;9241,000;1,000;MESURE
2025-02-01 22:00:00+01:00;98,000;1,000;MESURE
2025-02-01 23:00:00+01:00;99,000;1,000;MESURE
2025-02-02 00:00:00+01:00;99,000;1,000;MESURE
2025-02-02 01:00:00+01:00;99,000;1,000;MESURE
2025-02-02 02:00:00+01:00;99,000;1,000;MESURE
2025-02-02 03:00:00+01:00;99,000;1,000;MESURE
2025-02-02 04:00:00+01:00;98,000;1,000;MESURE
2025-02-02 05:00:00+01:00;99,000;1,000;MESURE
2025-02-02 06:00:00+01:00;99,000;1,000;MESURE
2025-02-02 07:00:00+01:00;99,000;1,000;MESURE
2025-02-02 08:00:00+01:00;99,000;1,000;MESURE
2025-02-02 09:00:00+01:00;99,000;1,000;MESURE
2025-02-02 10:00:00+01:00;19154,000;1,000;MESURE
2025-02-02 11:00:00+01:00;20109,000;1,000;MESURE
2025-02-02 12:00:00+01:00;22574,000;1,000;MESURE
2025-02-02 13:00:00+01:00;14136,000;1,000;MESURE
2025-02-02 14:00:00+01:00;19120,000;1,000;MESURE
2025-02-02 15:00:00+01:00;17749,000;1,000;MESURE
2025-02-02 16:00:00+01:00;7266,000;1,000;MESURE
2025-02-02 17:00:00+01:00;10150,000;1,000;MESURE
2025-02-02 18:00:00+01:00;15005,000;1,000;MESURE
2025-02-02 19:00:00+01:00;8695,000;1,000;MESURE
2025-02-02 20:00:00+01:00;7188,000;1,000;MESURE
2025-02-02 21:00:00+01:00;4057,000;1,000;MESURE
2025-02-02 22:00:00+01:00;99,000;1,000;MESURE
2025-02-02 23:00:00+01:00;99,000;1,000;MESURE
2025-02-03 00:00:00+01:00;99,000;1,000;MESURE
2025-02-03 01:00:00+01:00;99,000;1,000;MESURE
2025-02-03 02:00:00+01:00;99,000;1,000;MESURE
2025-02-03 03:00:00+01:00;99,000;1,000;MESURE
2025-02-03 04:00:00+01:00;99,000;1,000;MESURE
2025-02-03 05:00:00+01:00;99,000;1,000;MESURE
2025-02-03 06:00:00+01:00;107,000;1,000;MESURE
2025-02-03 07:00:00+01:00;121,000;1,000;MESURE
2025-02-03 08:00:00+01:00;121,000;1,000;MESURE
2025-02-03 09:00:00+01:00;122,000;1,000;MESURE
2025-02-03 10:00:00+01:00;121,000;1,000;MESURE
2025-02-03 11:00:00+01:00;4730,000;1,000;MESURE
2025-02-03 12:00:00+01:00;7736,000;1,000;MESURE
2025-02-03 13:00:00+01:00;2676,000;1,000;MESURE
2025-02-03 14:00:00+01:00;122,000;1,000;MESURE
2025-02-03 15:00:00+01:00;122,000;1,000;MESURE
2025-02-03 16:00:00+01:00;122,000;1,000;MESURE
2025-02-03 17:00:00+01:00;4709,000;1,000;MESURE
2025-02-03 18:00:00+01:00;23932,000;1,000;MESURE
2025-02-03 19:00:00+01:00;13545,000;1,000;MESURE
2025-02-03 20:00:00+01:00;101,000;1,000;MESURE
2025-02-03 21:00:00+01:00;99,000;1,000;MESURE
2025-02-03 22:00:00+01:00;99,000;1,000;MESURE
2025-02-03 23:00:00+01:00;99,000;1,000;MESURE
2025-02-04 00:00:00+01:00;99,000;1,000;MESURE
2025-02-04 01:00:00+01:00;728,000;1,000;MESURE
2025-02-04 02:00:00+01:00;7101,000;1,000;MESURE
2025-02-04 03:00:00+01:00;7108,000;1,000;MESURE
2025-02-04 04:00:00+01:00;7120,000;1,000;MESURE
2025-02-04 05:00:00+01:00;6728,000;1,000;MESURE
2025-02-04 06:00:00+01:00;3188,000;1,000;MESURE
2025-02-04 07:00:00+01:00;904,000;1,000;MESURE
2025-02-04 08:00:00+01:00;3592,000;1,000;MESURE
2025-02-04 09:00:00+01:00;7613,000;1,000;MESURE
2025-02-04 10:00:00+01:00;7550,000;1,000;MESURE
2025-02-04 11:00:00+01:00;6374,000;1,000;MESURE
2025-02-04 12:00:00+01:00;725,000;1,000;MESURE
2025-02-04 13:00:00+01:00;125,000;1,000;MESURE
2025-02-04 14:00:00+01:00;121,000;1,000;MESURE
2025-02-04 15:00:00+01:00;121,000;1,000;MESURE
2025-02-04 16:00:00+01:00;19076,000;1,000;MESURE
2025-02-04 17:00:00+01:00;20559,000;1,000;MESURE
2025-02-04 18:00:00+01:00;16520,000;1,000;MESURE
2025-02-04 19:00:00+01:00;1857,000;1,000;MESURE
2025-02-04 20:00:00+01:00;134,000;1,000;MESURE
2025-02-04 21:00:00+01:00;110,000;1,000;MESURE
2025-02-04 22:00:00+01:00;115,000;1,000;MESURE
2025-02-04 23:00:00+01:00;134,000;1,000;MESURE
2025-02-05 00:00:00+01:00;133,000;1,000;MESURE
2025-02-05 01:00:00+01:00;133,000;1,000;MESURE
2025-02-05 02:00:00+01:00;133,000;1,000;MESURE
2025-02-05 03:00:00+01:00;118,000;1,000;MESURE
2025-02-05 04:00:00+01:00;105,000;1,000;MESURE
2025-02-05 05:00:00+01:00;133,000;1,000;MESURE
2025-02-05 06:00:00+01:00;113,000;1,000;MESURE
2025-02-05 07:00:00+01:00;3406,000;1,000;MESURE
2025-02-05 08:00:00+01:00;815,000;1,000;MESURE
2025-02-05 09:00:00+01:00;123,000;1,000;MESURE
2025-02-05 10:00:00+01:00;122,000;1,000;MESURE
2025-02-05 11:00:00+01:00;122,000;1,000;MESURE
2025-02-05 12:00:00+01:00;125,000;1,000;MESURE
2025-02-05 13:00:00+01:00;123,000;1,000;MESURE
2025-02-05 14:00:00+01:00;122,000;1,000;MESURE
2025-02-05 15:00:00+01:00;121,000;1,000;MESURE
2025-02-05 16:00:00+01:00;121,000;1,000;MESURE
2025-02-05 17:00:00+01:00;2956,000;1,000;MESURE
2025-02-05 18:00:00+01:00;9396,000;1,000;MESURE
2025-02-05 19:00:00+01:00;26620,000;1,000;MESURE
2025-02-05 20:00:00+01:00;24080,000;1,000;MESURE
2025-02-05 21:00:00+01:00;2383,000;1,000;MESURE
2025-02-05 22:00:00+01:00;99,000;1,000;MESURE
2025-02-05 23:00:00+01:00;133,000;1,000;MESURE
2025-02-06 00:00:00+01:00;134,000;1,000;MESURE
2025-02-06 01:00:00+01:00;133,000;1,000;MESURE
2025-02-06 02:00:00+01:00;133,000;1,000;MESURE
2025-02-06 03:00:00+01:00;133,000;1,000;MESURE
2025-02-06 04:00:00+01:00;137,000;1,000;MESURE
2025-02-06 05:00:00+01:00;134,000;1,000;MESURE
2025-02-06 06:00:00+01:00;110,000;1,000;MESURE
2025-02-06 07:00:00+01:00;5691,000;1,000;MESURE
2025-02-06 08:00:00+01:00;141,000;1,000;MESURE
2025-02-06 09:00:00+01:00;5728,000;1,000;MESURE
2025-02-06 10:00:00+01:00;143,000;1,000;MESURE
2025-02-06 11:00:00+01:00;1269,000;1,000;MESURE
2025-02-06 12:00:00+01:00;10219,000;1,000;MESURE
2025-02-06 13:00:00+01:00;15297,000;1,000;MESURE
2025-02-06 14:00:00+01:00;6783,000;1,000;MESURE
2025-02-06 15:00:00+01:00;982,000;1,000;MESURE
2025-02-06 16:00:00+01:00;10424,000;1,000;MESURE
2025-02-06 17:00:00+01:00;7973,000;1,000;MESURE
2025-02-06 18:00:00+01:00;13747,000;1,000;MESURE
2025-02-06 19:00:00+01:00;14904,000;1,000;MESURE
2025-02-06 20:00:00+01:00;18116,000;1,000;MESURE
2025-02-06 21:00:00+01:00;8591,000;1,000;MESURE
2025-02-06 22:00:00+01:00;99,000;1,000;MESURE
2025-02-06 23:00:00+01:00;117,000;1,000;MESURE
2025-02-07 00:00:00+01:00;118,000;1,000;MESURE
2025-02-07 01:00:00+01:00;100,000;1,000;MESURE
2025-02-07 02:00:00+01:00;114,000;1,000;MESURE
2025-02-07 03:00:00+01:00;121,000;1,000;MESURE
2025-02-07 04:00:00+01:00;100,000;1,000;MESURE
2025-02-07 05:00:00+01:00;126,000;1,000;MESURE
2025-02-07 06:00:00+01:00;119,000;1,000;MESURE
2025-02-07 07:00:00+01:00;122,000;1,000;MESURE
2025-02-07 08:00:00+01:00;16695,000;1,000;MESURE
2025-02-07 09:00:00+01:00;23078,000;1,000;MESURE
2025-02-07 10:00:00+01:00;4553,000;1,000;MESURE
2025-02-07 11:00:00+01:00;121,000;1,000;MESURE
2025-02-07 12:00:00+01:00;2210,000;1,000;MESURE
2025-02-07 13:00:00+01:00;130,000;1,000;MESURE
2025-02-07 14:00:00+01:00;122,000;1,000;MESURE
2025-02-07 15:00:00+01:00;123,000;1,000;MESURE
2025-02-07 16:00:00+01:00;607,000;1,000;MESURE
2025-02-07 17:00:00+01:00;12786,000;1,000;MESURE
2025-02-07 18:00:00+01:00;23446,000;1,000;MESURE
2025-02-07 19:00:00+01:00;12944,000;1,000;MESURE
2025-02-07 20:00:00+01:00;6619,000;1,000;MESURE
2025-02-07 21:00:00+01:00;2921,000;1,000;MESURE
2025-02-07 22:00:00+01:00;100,000;1,000;MESURE
2025-02-07 23:00:00+01:00;122,000;1,000;MESURE
2025-02-08 00:00:00+01:00;120,000;1,000;MESURE
2025-02-08 01:00:00+01:00;103,000;1,000;MESURE
2025-02-08 02:00:00+01:00;132,000;1,000;MESURE
2025-02-08 03:00:00+01:00;132,000;1,000;MESURE
2025-02-08 04:00:00+01:00;106,000;1,000;MESURE
2025-02-08 05:00:00+01:00;125,000;1,000;MESURE
2025-02-08 06:00:00+01:00;132,000;1,000;MESURE
2025-02-08 07:00:00+01:00;133,000;1,000;MESURE
2025-02-08 08:00:00+01:00;6064,000;1,000;MESURE
2025-02-08 09:00:00+01:00;13754,000;1,000;MESURE
2025-02-08 10:00:00+01:00;10471,000;1,000;MESURE
2025-02-08 11:00:00+01:00;10535,000;1,000;MESURE
2025-02-08 12:00:00+01:00;10530,000;1,000;MESURE
2025-02-08 13:00:00+01:00;11288,000;1,000;MESURE
2025-02-08 14:00:00+01:00;12898,000;1,000;MESURE
2025-02-08 15:00:00+01:00;11340,000;1,000;MESURE
2025-02-08 16:00:00+01:00;9163,000;1,000;MESURE
2025-02-08 17:00:00+01:00;101,000;1,000;MESURE
2025-02-08 18:00:00+01:00;100,000;1,000;MESURE
2025-02-08 19:00:00+01:00;98,000;1,000;MESURE
2025-02-08 20:00:00+01:00;98,000;1,000;MESURE
2025-02-08 21:00:00+01:00;98,000;1,000;MESURE
2025-02-08 22:00:00+01:00;97,000;1,000;MESURE
2025-02-08 23:00:00+01:00;96,000;1,000;MESURE
2025-02-09 00:00:00+01:00;97,000;1,000;MESURE
2025-02-09 01:00:00+01:00;96,000;1,000;MESURE
2025-02-09 02:00:00+01:00;97,000;1,000;MESURE
2025-02-09 03:00:00+01:00;96,000;1,000;MESURE
2025-02-09 04:00:00+01:00;97,000;1,000;MESURE
2025-02-09 05:00:00+01:00;97,000;1,000;MESURE
2025-02-09 06:00:00+01:00;96,000;1,000;MESURE
2025-02-09 07:00:00+01:00;3631,000;1,000;MESURE
2025-02-09 08:00:00+01:00;7752,000;1,000;MESURE
2025-02-09 09:00:00+01:00;4005,000;1,000;MESURE
2025-02-09 10:00:00+01:00;100,000;1,000;MESURE
2025-02-09 11:00:00+01:00;3413,000;1,000;MESURE
2025-02-09 12:00:00+01:00;9847,000;1,000;MESURE
2025-02-09 13:00:00+01:00;27857,000;1,000;MESURE
2025-02-09 14:00:00+01:00;24751,000;1,000;MESURE
2025-02-09 15:00:00+01:00;831,000;1,000;MESURE
2025-02-09 16:00:00+01:00;14116,000;1,000;MESURE
2025-02-09 17:00:00+01:00;16890,000;1,000;MESURE
2025-02-09 18:00:00+01:00;15851,000;1,000;MESURE
2025-02-09 19:00:00+01:00;9771,000;1,000;MESURE
2025-02-09 20:00:00+01:00;7618,000;1,000;MESURE
2025-02-09 21:00:00+01:00;2652,000;1,000;MESURE
2025-02-09 22:00:00+01:00;265,000;1,000;MESURE
2025-02-09 23:00:00+01:00;99,000;1,000;MESURE
2025-02-10 00:00:00+01:00;99,000;1,000;MESURE
2025-02-10 01:00:00+01:00;100,000;1,000;MESURE
2025-02-10 02:00:00+01:00;102,000;1,000;MESURE
2025-02-10 03:00:00+01:00;101,000;1,000;MESURE
2025-02-10 04:00:00+01:00;101,000;1,000;MESURE
2025-02-10 05:00:00+01:00;102,000;1,000;MESURE
2025-02-10 06:00:00+01:00;110,000;1,000;MESURE
2025-02-10 07:00:00+01:00;122,000;1,000;MESURE
2025-02-10 08:00:00+01:00;120,000;1,000;MESURE
2025-02-10 09:00:00+01:00;122,000;1,000;MESURE
2025-02-10 10:00:00+01:00;124,000;1,000;MESURE
2025-02-10 11:00:00+01:00;7693,000;1,000;MESURE
2025-02-10 12:00:00+01:00;11400,000;1,000;MESURE
2025-02-10 13:00:00+01:00;5207,000;1,000;MESURE
2025-02-10 14:00:00+01:00;933,000;1,000;MESURE
2025-02-10 15:00:00+01:00;7318,000;1,000;MESURE
2025-02-10 16:00:00+01:00;219,000;1,000;MESURE
2025-02-10 17:00:00+01:00;4709,000;1,000;MESURE
2025-02-10 18:00:00+01:00;6956,000;1,000;MESURE
2025-02-10 19:00:00+01:00;1007,000;1,000;MESURE
2025-02-10 20:00:00+01:00;10969,000;1,000;MESURE
2025-02-10 21:00:00+01:00;14414,000;1,000;MESURE
2025-02-10 22:00:00+01:00;8827,000;1,000;MESURE
2025-02-10 23:00:00+01:00;99,000;1,000;MESURE
2025-02-11 00:00:00+01:00;100,000;1,000;MESURE
2025-02-11 01:00:00+01:00;102,000;1,000;MESURE
2025-02-11 02:00:00+01:00;101,000;1,000;MESURE
2025-02-11 03:00:00+01:00;102,000;1,000;MESURE
2025-02-11 04:00:00+01:00;101,000;1,000;MESURE
2025-02-11 05:00:00+01:00;102,000;1,000;MESURE
2025-02-11 06:00:00+01:00;459,000;1,000;MESURE
2025-02-11 07:00:00+01:00;7235,000;1,000;MESURE
2025-02-11 08:00:00+01:00;1886,000;1,000;MESURE
2025-02-11 09:00:00+01:00;125,000;1,000;MESURE
2025-02-11 10:00:00+01:00;126,000;1,000;MESURE
2025-02-11 11:00:00+01:00;98,000;1,000;MESURE
2025-02-11 12:00:00+01:00;114,000;1,000;MESURE
2025-02-11 13:00:00+01:00;116,000;1,000;MESURE
2025-02-11 14:00:00+01:00;91,000;1,000;MESURE
2025-02-11 15:00:00+01:00;107,000;1,000;MESURE
2025-02-11 16:00:00+01:00;120,000;1,000;MESURE
2025-02-11 17:00:00+01:00;94,000;1,000;MESURE
2025-02-11 18:00:00+01:00;106,000;1,000;MESURE
2025-02-11 19:00:00+01:00;98,000;1,000;MESURE
2025-02-11 20:00:00+01:00;98,000;1,000;MESURE
2025-02-11 21:00:00+01:00;99,000;1,000;MESURE
2025-02-11 22:00:00+01:00;96,000;1,000;MESURE
2025-02-11 23:00:00+01:00;97,000;1,000;MESURE
2025-02-12 00:00:00+01:00;96,000;1,000;MESURE
2025-02-12 01:00:00+01:00;96,000;1,000;MESURE
2025-02-12 02:00:00+01:00;97,000;1,000;MESURE
2025-02-12 03:00:00+01:00;96,000;1,000;MESURE
2025-02-12 04:00:00+01:00;97,000;1,000;MESURE
2025-02-12 05:00:00+01:00;96,000;1,000;MESURE
2025-02-12 06:00:00+01:00;106,000;1,000;MESURE
2025-02-12 07:00:00+01:00;118,000;1,000;MESURE
2025-02-12 08:00:00+01:00;121,000;1,000;MESURE
2025-02-12 09:00:00+01:00;122,000;1,000;MESURE
2025-02-12 10:00:00+01:00;121,000;1,000;MESURE
2025-02-12 11:00:00+01:00;123,000;1,000;MESURE
2025-02-12 12:00:00+01:00;113,000;1,000;MESURE
2025-02-12 13:00:00+01:00;94,000;1,000;MESURE
2025-02-12 14:00:00+01:00;123,000;1,000;MESURE
2025-02-12 15:00:00+01:00;1453,000;1,000;MESURE
2025-02-12 16:00:00+01:00;4103,000;1,000;MESURE
2025-02-12 17:00:00+01:00;122,000;1,000;MESURE
2025-02-12 18:00:00+01:00;6704,000;1,000;MESURE
2025-02-12 19:00:00+01:00;21721,000;1,000;MESURE
2025-02-12 20:00:00+01:00;20800,000;1,000;MESURE
2025-02-12 21:00:00+01:00;281,000;1,000;MESURE
2025-02-12 22:00:00+01:00;98,000;1,000;MESURE
2025-02-12 23:00:00+01:00;99,000;1,000;MESURE
2025-02-13 00:00:00+01:00;101,000;1,000;MESURE
2025-02-13 01:00:00+01:00;101,000;1,000;MESURE
2025-02-13 02:00:00+01:00;101,000;1,000;MESURE
2025-02-13 03:00:00+01:00;101,000;1,000;MESURE
2025-02-13 04:00:00+01:00;101,000;1,000;MESURE
2025-02-13 05:00:00+01:00;101,000;1,000;MESURE
2025-02-13 06:00:00+01:00;110,000;1,000;MESURE
2025-02-13 07:00:00+01:00;124,000;1,000;MESURE
2025-02-13 08:00:00+01:00;3981,000;1,000;MESURE
2025-02-13 09:00:00+01:00;7640,000;1,000;MESURE
2025-02-13 10:00:00+01:00;7585,000;1,000;MESURE
2025-02-13 11:00:00+01:00;5057,000;1,000;MESURE
2025-02-13 12:00:00+01:00;109,000;1,000;MESURE
2025-02-13 13:00:00+01:00;123,000;1,000;MESURE
2025-02-13 14:00:00+01:00;110,000;1,000;MESURE
2025-02-13 15:00:00+01:00;111,000;1,000;MESURE
2025-02-13 16:00:00+01:00;122,000;1,000;MESURE
2025-02-13 17:00:00+01:00;2872,000;1,000;MESURE
2025-02-13 18:00:00+01:00;7442,000;1,000;MESURE
2025-02-13 19:00:00+01:00;13913,000;1,000;MESURE
2025-02-13 20:00:00+01:00;13475,000;1,000;MESURE
2025-02-13 21:00:00+01:00;1555,000;1,000;MESURE
2025-02-13 22:00:00+01:00;99,000;1,000;MESURE
2025-02-13 23:00:00+01:00;99,000;1,000;MESURE
2025-02-14 00:00:00+01:00;101,000;1,000;MESURE
2025-02-14 01:00:00+01:00;101,000;1,000;MESURE
2025-02-14 02:00:00+01:00;101,000;1,000;MESURE
2025-02-14 03:00:00+01:00;101,000;1,000;MESURE
2025-02-14 04:00:00+01:00;102,000;1,000;MESURE
2025-02-14 05:00:00+01:00;101,000;1,000;MESURE
2025-02-14 06:00:00+01:00;110,000;1,000;MESURE
2025-02-14 07:00:00+01:00;5241,000;1,000;MESURE
2025-02-14 08:00:00+01:00;10566,000;1,000;MESURE
2025-02-14 09:00:00+01:00;16229,000;1,000;MESURE
2025-02-14 10:00:00+01:00;6410,000;1,000;MESURE
2025-02-14 11:00:00+01:00;3211,000;1,000;MESURE
2025-02-14 12:00:00+01:00;283,000;1,000;MESURE
2025-02-14 13:00:00+01:00;123,000;1,000;MESURE
2025-02-14 14:00:00+01:00;124,000;1,000;MESURE
2025-02-14 15:00:00+01:00;120,000;1,000;MESURE
2025-02-14 16:00:00+01:00;333,000;1,000;MESURE
2025-02-14 17:00:00+01:00;4293,000;1,000;MESURE
2025-02-14 18:00:00+01:00;4384,000;1,000;MESURE
2025-02-14 19:00:00+01:00;3446,000;1,000;MESURE
2025-02-14 20:00:00+01:00;11656,000;1,000;MESURE
2025-02-14 21:00:00+01:00;17036,000;1,000;MESURE
2025-02-14 22:00:00+01:00;13940,000;1,000;MESURE
2025-02-14 23:00:00+01:00;8449,000;1,000;MESURE
2025-02-15 00:00:00+01:00;10186,000;1,000;MESURE
2025-02-15 01:00:00+01:00;7542,000;1,000;MESURE
2025-02-15 02:00:00+01:00;3187,000;1,000;MESURE
2025-02-15 03:00:00+01:00;134,000;1,000;MESURE
2025-02-15 04:00:00+01:00;135,000;1,000;MESURE
2025-02-15 05:00:00+01:00;135,000;1,000;MESURE
2025-02-15 06:00:00+01:00;135,000;1,000;MESURE
2025-02-15 07:00:00+01:00;136,000;1,000;MESURE
2025-02-15 08:00:00+01:00;108,000;1,000;MESURE
2025-02-15 09:00:00+01:00;1578,000;1,000;MESURE
2025-02-15 10:00:00+01:00;11110,000;1,000;MESURE
2025-02-15 11:00:00+01:00;11082,000;1,000;MESURE
2025-02-15 12:00:00+01:00;10954,000;1,000;MESURE
2025-02-15 13:00:00+01:00;6412,000;1,000;MESURE
2025-02-15 14:00:00+01:00;99,000;1,000;MESURE
2025-02-15 15:00:00+01:00;101,000;1,000;MESURE
2025-02-15 16:00:00+01:00;2859,000;1,000;MESURE
2025-02-15 17:00:00+01:00;5771,000;1,000;MESURE
2025-02-15 18:00:00+01:00;100,000;1,000;MESURE
2025-02-15 19:00:00+01:00;10088,000;1,000;MESURE
2025-02-15 20:00:00+01:00;9875,000;1,000;MESURE
2025-02-15 21:00:00+01:00;4148,000;1,000;MESURE
2025-02-15 22:00:00+01:00;133,000;1,000;MESURE
2025-02-15 23:00:00+01:00;120,000;1,000;MESURE
2025-02-16 00:00:00+01:00;111,000;1,000;MESURE
2025-02-16 01:00:00+01:00;133,000;1,000;MESURE
2025-02-16 02:00:00+01:00;132,000;1,000;MESURE
2025-02-16 03:00:00+01:00;132,000;1,000;MESURE
2025-02-16 04:00:00+01:00;132,000;1,000;MESURE
2025-02-16 05:00:00+01:00;132,000;1,000;MESURE
2025-02-16 06:00:00+01:00;133,000;1,000;MESURE
2025-02-16 07:00:00+01:00;132,000;1,000;MESURE
2025-02-16 08:00:00+01:00;132,000;1,000;MESURE
2025-02-16 09:00:00+01:00;104,000;1,000;MESURE
2025-02-16 10:00:00+01:00;11116,000;1,000;MESURE
2025-02-16 11:00:00+01:00;11291,000;1,000;MESURE
2025-02-16 12:00:00+01:00;7469,000;1,000;MESURE
2025-02-16 13:00:00+01:00;6995,000;1,000;MESURE
2025-02-16 14:00:00+01:00;7050,000;1,000;MESURE
2025-02-16 15:00:00+01:00;5081,000;1,000;MESURE
2025-02-16 16:00:00+01:00;7668,000;1,000;MESURE
2025-02-16 17:00:00+01:00;7681,000;1,000;MESURE
2025-02-16 18:00:00+01:00;7143,000;1,000;MESURE
2025-02-16 19:00:00+01:00;7790,000;1,000;MESURE
2025-02-16 20:00:00+01:00;11445,000;1,000;MESURE
2025-02-16 21:00:00+01:00;11379,000;1,000;MESURE
2025-02-16 22:00:00+01:00;11522,000;1,000;MESURE
2025-02-16 23:00:00+01:00;3670,000;1,000;MESURE
2025-02-17 00:00:00+01:00;133,000;1,000;MESURE
2025-02-17 01:00:00+01:00;121,000;1,000;MESURE
2025-02-17 02:00:00+01:00;108,000;1,000;MESURE
2025-02-17 03:00:00+01:00;133,000;1,000;MESURE
2025-02-17 04:00:00+01:00;133,000;1,000;MESURE
2025-02-17 05:00:00+01:00;102,000;1,000;MESURE
2025-02-17 06:00:00+01:00;125,000;1,000;MESURE
2025-02-17 07:00:00+01:00;143,000;1,000;MESURE
2025-02-17 08:00:00+01:00;120,000;1,000;MESURE
2025-02-17 09:00:00+01:00;123,000;1,000;MESURE
2025-02-17 10:00:00+01:00;122,000;1,000;MESURE
2025-02-17 11:00:00+01:00;6141,000;1,000;MESURE
2025-02-17 12:00:00+01:00;5167,000;1,000;MESURE
2025-02-17 13:00:00+01:00;4521,000;1,000;MESURE
2025-02-17 14:00:00+01:00;1410,000;1,000;MESURE
2025-02-17 15:00:00+01:00;126,000;1,000;MESURE
2025-02-17 16:00:00+01:00;121,000;1,000;MESURE
2025-02-17 17:00:00+01:00;121,000;1,000;MESURE
2025-02-17 18:00:00+01:00;5408,000;1,000;MESURE
2025-02-17 19:00:00+01:00;7210,000;1,000;MESURE
2025-02-17 20:00:00+01:00;2919,000;1,000;MESURE
2025-02-17 21:00:00+01:00;132,000;1,000;MESURE
2025-02-17 22:00:00+01:00;99,000;1,000;MESURE
2025-02-17 23:00:00+01:00;99,000;1,000;MESURE
2025-02-18 00:00:00+01:00;99,000;1,000;MESURE
2025-02-18 01:00:00+01:00;132,000;1,000;MESURE
2025-02-18 02:00:00+01:00;100,000;1,000;MESURE
2025-02-18 03:00:00+01:00;99,000;1,000;MESURE
2025-02-18 04:00:00+01:00;123,000;1,000;MESURE
2025-02-18 05:00:00+01:00;110,000;1,000;MESURE
2025-02-18 06:00:00+01:00;107,000;1,000;MESURE
2025-02-18 07:00:00+01:00;135,000;1,000;MESURE
2025-02-18 08:00:00+01:00;141,000;1,000;MESURE
2025-02-18 09:00:00+01:00;123,000;1,000;MESURE
2025-02-18 10:00:00+01:00;123,000;1,000;MESURE
2025-02-18 11:00:00+01:00;2885,000;1,000;MESURE
2025-02-18 12:00:00+01:00;124,000;1,000;MESURE
2025-02-18 13:00:00+01:00;124,000;1,000;MESURE
2025-02-18 14:00:00+01:00;123,000;1,000;MESURE
2025-02-18 15:00:00+01:00;123,000;1,000;MESURE
2025-02-18 16:00:00+01:00;6346,000;1,000;MESURE
2025-02-18 17:00:00+01:00;12489,000;1,000;MESURE
2025-02-18 18:00:00+01:00;13936,000;1,000;MESURE
2025-02-18 19:00:00+01:00;4813,000;1,000;MESURE
2025-02-18 20:00:00+01:00;1580,000;1,000;MESURE
2025-02-18 21:00:00+01:00;113,000;1,000;MESURE
2025-02-18 22:00:00+01:00;100,000;1,000;MESURE
2025-02-18 23:00:00+01:00;105,000;1,000;MESURE
2025-02-19 00:00:00+01:00;130,000;1,000;MESURE
2025-02-19 01:00:00+01:00;100,000;1,000;MESURE
2025-02-19 02:00:00+01:00;100,000;1,000;MESURE
2025-02-19 03:00:00+01:00;123,000;1,000;MESURE
2025-02-19 04:00:00+01:00;110,000;1,000;MESURE
2025-02-19 05:00:00+01:00;100,000;1,000;MESURE
2025-02-19 06:00:00+01:00;108,000;1,000;MESURE
2025-02-19 07:00:00+01:00;149,000;1,000;MESURE
2025-02-19 08:00:00+01:00;10079,000;1,000;MESURE
2025-02-19 09:00:00+01:00;3927,000;1,000;MESURE
2025-02-19 10:00:00+01:00;350,000;1,000;MESURE
2025-02-19 11:00:00+01:00;122,000;1,000;MESURE
2025-02-19 12:00:00+01:00;124,000;1,000;MESURE
2025-02-19 13:00:00+01:00;124,000;1,000;MESURE
2025-02-19 14:00:00+01:00;122,000;1,000;MESURE
2025-02-19 15:00:00+01:00;5276,000;1,000;MESURE
2025-02-19 16:00:00+01:00;11134,000;1,000;MESURE
2025-02-19 17:00:00+01:00;11141,000;1,000;MESURE
2025-02-19 18:00:00+01:00;10411,000;1,000;MESURE
2025-02-19 19:00:00+01:00;104,000;1,000;MESURE
2025-02-19 20:00:00+01:00;101,000;1,000;MESURE
2025-02-19 21:00:00+01:00;100,000;1,000;MESURE
2025-02-19 22:00:00+01:00;100,000;1,000;MESURE
2025-02-19 23:00:00+01:00;99,000;1,000;MESURE
2025-02-20 00:00:00+01:00;99,000;1,000;MESURE
2025-02-20 01:00:00+01:00;99,000;1,000;MESURE
2025-02-20 02:00:00+01:00;99,000;1,000;MESURE
2025-02-20 03:00:00+01:00;99,000;1,000;MESURE
2025-02-20 04:00:00+01:00;98,000;1,000;MESURE
2025-02-20 05:00:00+01:00;99,000;1,000;MESURE
2025-02-20 06:00:00+01:00;108,000;1,000;MESURE
2025-02-20 07:00:00+01:00;121,000;1,000;MESURE
2025-02-20 08:00:00+01:00;3564,000;1,000;MESURE
2025-02-20 09:00:00+01:00;7648,000;1,000;MESURE
2025-02-20 10:00:00+01:00;7596,000;1,000;MESURE
2025-02-20 11:00:00+01:00;9422,000;1,000;MESURE
2025-02-20 12:00:00+01:00;6781,000;1,000;MESURE
2025-02-20 13:00:00+01:00;6733,000;1,000;MESURE
2025-02-20 14:00:00+01:00;4939,000;1,000;MESURE
2025-02-20 15:00:00+01:00;765,000;1,000;MESURE
2025-02-20 16:00:00+01:00;92,000;1,000;MESURE
2025-02-20 17:00:00+01:00;9081,000;1,000;MESURE
2025-02-20 18:00:00+01:00;13217,000;1,000;MESURE
2025-02-20 19:00:00+01:00;9967,000;1,000;MESURE
2025-02-20 20:00:00+01:00;7966,000;1,000;MESURE
2025-02-20 21:00:00+01:00;7086,000;1,000;MESURE
2025-02-20 22:00:00+01:00;7138,000;1,000;MESURE
2025-02-20 23:00:00+01:00;7119,000;1,000;MESURE
2025-02-21 00:00:00+01:00;4483,000;1,000;MESURE
2025-02-21 01:00:00+01:00;641,000;1,000;MESURE
2025-02-21 02:00:00+01:00;97,000;1,000;MESURE
2025-02-21 03:00:00+01:00;97,000;1,000;MESURE
2025-02-21 04:00:00+01:00;99,000;1,000;MESURE
2025-02-21 05:00:00+01:00;131,000;1,000;MESURE
2025-02-21 06:00:00+01:00;105,000;1,000;MESURE
2025-02-21 07:00:00+01:00;119,000;1,000;MESURE
2025-02-21 08:00:00+01:00;122,000;1,000;MESURE
2025-02-21 09:00:00+01:00;122,000;1,000;MESURE
2025-02-21 10:00:00+01:00;125,000;1,000;MESURE
2025-02-21 11:00:00+01:00;105,000;1,000;MESURE
2025-02-21 12:00:00+01:00;96,000;1,000;MESURE
2025-02-21 13:00:00+01:00;1460,000;1,000;MESURE
2025-02-21 14:00:00+01:00;11349,000;1,000;MESURE
2025-02-21 15:00:00+01:00;11304,000;1,000;MESURE
2025-02-21 16:00:00+01:00;11385,000;1,000;MESURE
2025-02-21 17:00:00+01:00;11408,000;1,000;MESURE
2025-02-21 18:00:00+01:00;1378,000;1,000;MESURE
2025-02-21 19:00:00+01:00;16610,000;1,000;MESURE
2025-02-21 20:00:00+01:00;12711,000;1,000;MESURE
2025-02-21 21:00:00+01:00;13664,000;1,000;MESURE
2025-02-21 22:00:00+01:00;6499,000;1,000;MESURE
2025-02-21 23:00:00+01:00;294,000;1,000;MESURE
2025-02-22 00:00:00+01:00;98,000;1,000;MESURE
2025-02-22 01:00:00+01:00;97,000;1,000;MESURE
2025-02-22 02:00:00+01:00;98,000;1,000;MESURE
2025-02-22 03:00:00+01:00;97,000;1,000;MESURE
2025-02-22 04:00:00+01:00;98,000;1,000;MESURE
2025-02-22 05:00:00+01:00;98,000;1,000;MESURE
2025-02-22 06:00:00+01:00;98,000;1,000;MESURE
2025-02-22 07:00:00+01:00;97,000;1,000;MESURE
2025-02-22 08:00:00+01:00;99,000;1,000;MESURE
2025-02-22 09:00:00+01:00;100,000;1,000;MESURE
2025-02-22 10:00:00+01:00;100,000;1,000;MESURE
2025-02-22 11:00:00+01:00;1271,000;1,000;MESURE
2025-02-22 12:00:00+01:00;7053,000;1,000;MESURE
2025-02-22 13:00:00+01:00;3293,000;1,000;MESURE
2025-02-22 14:00:00+01:00;27777,000;1,000;MESURE
2025-02-22 15:00:00+01:00;32674,000;1,000;MESURE
2025-02-22 16:00:00+01:00;12078,000;1,000;MESURE
2025-02-22 17:00:00+01:00;9345,000;1,000;MESURE
2025-02-22 18:00:00+01:00;1752,000;1,000;MESURE
2025-02-22 19:00:00+01:00;4088,000;1,000;MESURE
2025-02-22 20:00:00+01:00;11367,000;1,000;MESURE
2025-02-22 21:00:00+01:00;11519,000;1,000;MESURE
2025-02-22 22:00:00+01:00;5693,000;1,000;MESURE
2025-02-22 23:00:00+01:00;5844,000;1,000;MESURE
2025-02-23 00:00:00+01:00;2676,000;1,000;MESURE
2025-02-23 01:00:00+01:00;99,000;1,000;MESURE
2025-02-23 02:00:00+01:00;100,000;1,000;MESURE
2025-02-23 03:00:00+01:00;100,000;1,000;MESURE
2025-02-23 04:00:00+01:00;100,000;1,000;MESURE
2025-02-23 05:00:00+01:00;100,000;1,000;MESURE
2025-02-23 06:00:00+01:00;100,000;1,000;MESURE
2025-02-23 07:00:00+01:00;100,000;1,000;MESURE
2025-02-23 08:00:00+01:00;97,000;1,000;MESURE
2025-02-23 09:00:00+01:00;5505,000;1,000;MESURE
2025-02-23 10:00:00+01:00;7110,000;1,000;MESURE
2025-02-23 11:00:00+01:00;7061,000;1,000;MESURE
2025-02-23 12:00:00+01:00;1313,000;1,000;MESURE
2025-02-23 13:00:00+01:00;163,000;1,000;MESURE
2025-02-23 14:00:00+01:00;5364,000;1,000;MESURE
2025-02-23 15:00:00+01:00;11257,000;1,000;MESURE
2025-02-23 16:00:00+01:00;10490,000;1,000;MESURE
2025-02-23 17:00:00+01:00;5379,000;1,000;MESURE
2025-02-23 18:00:00+01:00;97,000;1,000;MESURE
2025-02-23 19:00:00+01:00;85,000;1,000;MESURE
2025-02-23 20:00:00+01:00;4191,000;1,000;MESURE
2025-02-23 21:00:00+01:00;3039,000;1,000;MESURE
2025-02-23 22:00:00+01:00;301,000;1,000;MESURE
2025-02-23 23:00:00+01:00;98,000;1,000;MESURE
2025-02-24 00:00:00+01:00;97,000;1,000;MESURE
2025-02-24 01:00:00+01:00;98,000;1,000;MESURE
2025-02-24 02:00:00+01:00;97,000;1,000;MESURE
2025-02-24 03:00:00+01:00;98,000;1,000;MESURE
2025-02-24 04:00:00+01:00;98,000;1,000;MESURE
2025-02-24 05:00:00+01:00;97,000;1,000;MESURE
2025-02-24 06:00:00+01:00;107,000;1,000;MESURE
2025-02-24 07:00:00+01:00;120,000;1,000;MESURE
2025-02-24 08:00:00+01:00;122,000;1,000;MESURE
2025-02-24 09:00:00+01:00;124,000;1,000;MESURE
2025-02-24 10:00:00+01:00;93,000;1,000;MESURE
2025-02-24 11:00:00+01:00;10645,000;1,000;MESURE
2025-02-24 12:00:00+01:00;5128,000;1,000;MESURE
2025-02-24 13:00:00+01:00;7051,000;1,000;MESURE
2025-02-24 14:00:00+01:00;7081,000;1,000;MESURE
2025-02-24 15:00:00+01:00;8532,000;1,000;MESURE
2025-02-24 16:00:00+01:00;14765,000;1,000;MESURE
2025-02-24 17:00:00+01:00;7713,000;1,000;MESURE
2025-02-24 18:00:00+01:00;19847,000;1,000;MESURE
2025-02-24 19:00:00+01:00;3078,000;1,000;MESURE
2025-02-24 20:00:00+01:00;77,000;1,000;MESURE
2025-02-24 21:00:00+01:00;86,000;1,000;MESURE
2025-02-24 22:00:00+01:00;99,000;1,000;MESURE
2025-02-24 23:00:00+01:00;79,000;1,000;MESURE
2025-02-25 00:00:00+01:00;85,000;1,000;MESURE
2025-02-25 01:00:00+01:00;98,000;1,000;MESURE
2025-02-25 02:00:00+01:00;99,000;1,000;MESURE
2025-02-25 03:00:00+01:00;98,000;1,000;MESURE
2025-02-25 04:00:00+01:00;99,000;1,000;MESURE
2025-02-25 05:00:00+01:00;99,000;1,000;MESURE
2025-02-25 06:00:00+01:00;107,000;1,000;MESURE
2025-02-25 07:00:00+01:00;122,000;1,000;MESURE
2025-02-25 08:00:00+01:00;124,000;1,000;MESURE
2025-02-25 09:00:00+01:00;121,000;1,000;MESURE
2025-02-25 10:00:00+01:00;123,000;1,000;MESURE
2025-02-25 11:00:00+01:00;123,000;1,000;MESURE
2025-02-25 12:00:00+01:00;123,000;1,000;MESURE
2025-02-25 13:00:00+01:00;98,000;1,000;MESURE
2025-02-25 14:00:00+01:00;901,000;1,000;MESURE
2025-02-25 15:00:00+01:00;6788,000;1,000;MESURE
2025-02-25 16:00:00+01:00;16282,000;1,000;MESURE
2025-02-25 17:00:00+01:00;13917,000;1,000;MESURE
2025-02-25 18:00:00+01:00;13638,000;1,000;MESURE
2025-02-25 19:00:00+01:00;9072,000;1,000;MESURE
2025-02-25 20:00:00+01:00;6274,000;1,000;MESURE
2025-02-25 21:00:00+01:00;100,000;1,000;MESURE
2025-02-25 22:00:00+01:00;99,000;1,000;MESURE
2025-02-25 23:00:00+01:00;98,000;1,000;MESURE
2025-02-26 00:00:00+01:00;104,000;1,000;MESURE
2025-02-26 01:00:00+01:00;102,000;1,000;MESURE
2025-02-26 02:00:00+01:00;103,000;1,000;MESURE
2025-02-26 03:00:00+01:00;102,000;1,000;MESURE
2025-02-26 04:00:00+01:00;103,000;1,000;MESURE
2025-02-26 05:00:00+01:00;103,000;1,000;MESURE
2025-02-26 06:00:00+01:00;111,000;1,000;MESURE
2025-02-26 07:00:00+01:00;121,000;1,000;MESURE
2025-02-26 08:00:00+01:00;121,000;1,000;MESURE
2025-02-26 09:00:00+01:00;121,000;1,000;MESURE
2025-02-26 10:00:00+01:00;122,000;1,000;MESURE
2025-02-26 11:00:00+01:00;122,000;1,000;MESURE
2025-02-26 12:00:00+01:00;97,000;1,000;MESURE
2025-02-26 13:00:00+01:00;113,000;1,000;MESURE
2025-02-26 14:00:00+01:00;109,000;1,000;MESURE
2025-02-26 15:00:00+01:00;94,000;1,000;MESURE
2025-02-26 16:00:00+01:00;122,000;1,000;MESURE
2025-02-26 17:00:00+01:00;115,000;1,000;MESURE
2025-02-26 18:00:00+01:00;837,000;1,000;MESURE
2025-02-26 19:00:00+01:00;8209,000;1,000;MESURE
2025-02-26 20:00:00+01:00;2243,000;1,000;MESURE
2025-02-26 21:00:00+01:00;100,000;1,000;MESURE
2025-02-26 22:00:00+01:00;99,000;1,000;MESURE
2025-02-26 23:00:00+01:00;99,000;1,000;MESURE
2025-02-27 00:00:00+01:00;99,000;1,000;MESURE
2025-02-27 01:00:00+01:00;7754,000;1,000;MESURE
2025-02-27 02:00:00+01:00;3063,000;1,000;MESURE
2025-02-27 03:00:00+01:00;1014,000;1,000;MESURE
2025-02-27 04:00:00+01:00;98,000;1,000;MESURE
2025-02-27 05:00:00+01:00;98,000;1,000;MESURE
2025-02-27 06:00:00+01:00;107,000;1,000;MESURE
2025-02-27 07:00:00+01:00;120,000;1,000;MESURE
2025-02-27 08:00:00+01:00;123,000;1,000;MESURE
2025-02-27 09:00:00+01:00;121,000;1,000;MESURE
2025-02-27 10:00:00+01:00;125,000;1,000;MESURE
2025-02-27 11:00:00+01:00;101,000;1,000;MESURE
2025-02-27 12:00:00+01:00;94,000;1,000;MESURE
2025-02-27 13:00:00+01:00;93,000;1,000;MESURE
2025-02-27 14:00:00+01:00;92,000;1,000;MESURE
2025-02-27 15:00:00+01:00;108,000;1,000;MESURE
2025-02-27 16:00:00+01:00;5326,000;1,000;MESURE
2025-02-27 17:00:00+01:00;6558,000;1,000;MESURE
2025-02-27 18:00:00+01:00;608,000;1,000;MESURE
2025-02-27 19:00:00+01:00;100,000;1,000;MESURE
2025-02-27 20:00:00+01:00;100,000;1,000;MESURE
2025-02-27 21:00:00+01:00;100,000;1,000;MESURE
2025-02-27 22:00:00+01:00;99,000;1,000;MESURE
2025-02-27 23:00:00+01:00;98,000;1,000;MESURE
2025-02-28 00:00:00+01:00;99,000;1,000;MESURE
2025-02-28 01:00:00+01:00;121,000;1,000;MESURE
2025-02-28 02:00:00+01:00;115,000;1,000;MESURE
2025-02-28 03:00:00+01:00;99,000;1,000;MESURE
2025-02-28 04:00:00+01:00;133,000;1,000;MESURE
2025-02-28 05:00:00+01:00;113,000;1,000;MESURE
2025-02-28 06:00:00+01:00;122,000;1,000;MESURE
2025-02-28 07:00:00+01:00;155,000;1,000;MESURE
2025-02-28 08:00:00+01:00;7363,000;1,000;MESURE
2025-02-28 09:00:00+01:00;7635,000;1,000;MESURE
2025-02-28 10:00:00+01:00;5176,000;1,000;MESURE
2025-02-28 11:00:00+01:00;123,000;1,000;MESURE
2025-02-28 12:00:00+01:00;122,000;1,000;MESURE
2025-02-28 13:00:00+01:00;9030,000;1,000;MESURE
2025-02-28 14:00:00+01:00;10958,000;1,000;MESURE
2025-02-28 15:00:00+01:00;507,000;1,000;MESURE
2025-02-28 16:00:00+01:00;122,000;1,000;MESURE
2025-02-28 17:00:00+01:00;123,000;1,000;MESURE
2025-02-28 18:00:00+01:00;115,000;1,000;MESURE
2025-02-28 19:00:00+01:00;101,000;1,000;MESURE
2025-02-28 20:00:00+01:00;101,000;1,000;MESURE
2025-02-28 21:00:00+01:00;100,000;1,000;MESURE
2025-02-28 22:00:00+01:00;99,000;1,000;MESURE
2025-02-28 23:00:00+01:00;100,000;1,000;MESURE
2025-03-01 00:00:00+01:00;99,000;1,000;MESURE
2025-03-01 01:00:00+01:00;99,000;1,000;MESURE
2025-03-01 02:00:00+01:00;99,000;1,000;MESURE
2025-03-01 03:00:00+01:00;99,000;1,000;MESURE
2025-03-01 04:00:00+01:00;99,000;1,000;MESURE
2025-03-01 05:00:00+01:00;99,000;1,000;MESURE
2025-03-01 06:00:00+01:00;99,000;1,000;MESURE
2025-03-01 07:00:00+01:00;132,000;1,000;MESURE
2025-03-01 08:00:00+01:00;100,000;1,000;MESURE
2025-03-01 09:00:00+01:00;100,000;1,000;MESURE
2025-03-01 10:00:00+01:00;101,000;1,000;MESURE
2025-03-01 11:00:00+01:00;99,000;1,000;MESURE
2025-03-01 12:00:00+01:00;100,000;1,000;MESURE
2025-03-01 13:00:00+01:00;99,000;1,000;MESURE
2025-03-01 14:00:00+01:00;1762,000;1,000;MESURE
2025-03-01 15:00:00+01:00;11396,000;1,000;MESURE
2025-03-01 16:00:00+01:00;11429,000;1,000;MESURE
2025-03-01 17:00:00+01:00;3290,000;1,000;MESURE
2025-03-01 18:00:00+01:00;99,000;1,000;MESURE
2025-03-01 19:00:00+01:00;100,000;1,000;MESURE
2025-03-01 20:00:00+01:00;1821,000;1,000;MESURE
2025-03-01 21:00:00+01:00;10564,000;1,000;MESURE
2025-03-01 22:00:00+01:00;10618,000;1,000;MESURE
2025-03-01 23:00:00+01:00;10578,000;1,000;MESURE
2025-03-02 00:00:00+01:00;4035,000;1,000;MESURE
2025-03-02 01:00:00+01:00;2029,000;1,000;MESURE
2025-03-02 02:00:00+01:00;98,000;1,000;MESURE
2025-03-02 03:00:00+01:00;98,000;1,000;MESURE
2025-03-02 04:00:00+01:00;99,000;1,000;MESURE
2025-03-02 05:00:00+01:00;98,000;1,000;MESURE
2025-03-02 06:00:00+01:00;99,000;1,000;MESURE
2025-03-02 07:00:00+01:00;99,000;1,000;MESURE
2025-03-02 08:00:00+01:00;101,000;1,000;MESURE
2025-03-02 09:00:00+01:00;100,000;1,000;MESURE
2025-03-02 10:00:00+01:00;100,000;1,000;MESURE
2025-03-02 11:00:00+01:00;100,000;1,000;MESURE
2025-03-02 12:00:00+01:00;15968,000;1,000;MESURE
2025-03-02 13:00:00+01:00;18888,000;1,000;MESURE
2025-03-02 14:00:00+01:00;12668,000;1,000;MESURE
2025-03-02 15:00:00+01:00;13572,000;1,000;MESURE
2025-03-02 16:00:00+01:00;11573,000;1,000;MESURE
2025-03-02 17:00:00+01:00;11506,000;1,000;MESURE
2025-03-02 18:00:00+01:00;11212,000;1,000;MESURE
2025-03-02 19:00:00+01:00;855,000;1,000;MESURE
2025-03-02 20:00:00+01:00;100,000;1,000;MESURE
2025-03-02 21:00:00+01:00;99,000;1,000;MESURE
2025-03-02 22:00:00+01:00;113,000;1,000;MESURE
2025-03-02 23:00:00+01:00;125,000;1,000;MESURE
2025-03-03 00:00:00+01:00;98,000;1,000;MESURE
2025-03-03 01:00:00+01:00;126,000;1,000;MESURE
2025-03-03 02:00:00+01:00;126,000;1,000;MESURE
2025-03-03 03:00:00+01:00;99,000;1,000;MESURE
2025-03-03 04:00:00+01:00;133,000;1,000;MESURE
2025-03-03 05:00:00+01:00;132,000;1,000;MESURE
2025-03-03 06:00:00+01:00;141,000;1,000;MESURE
2025-03-03 07:00:00+01:00;133,000;1,000;MESURE
2025-03-03 08:00:00+01:00;1380,000;1,000;MESURE
2025-03-03 09:00:00+01:00;11575,000;1,000;MESURE
2025-03-03 10:00:00+01:00;11527,000;1,000;MESURE
2025-03-03 11:00:00+01:00;11539,000;1,000;MESURE
2025-03-03 12:00:00+01:00;11583,000;1,000;MESURE
2025-03-03 13:00:00+01:00;11590,000;1,000;MESURE
2025-03-03 14:00:00+01:00;8821,000;1,000;MESURE
2025-03-03 15:00:00+01:00;378,000;1,000;MESURE
2025-03-03 16:00:00+01:00;119,000;1,000;MESURE
2025-03-03 17:00:00+01:00;1352,000;1,000;MESURE
2025-03-03 18:00:00+01:00;11729,000;1,000;MESURE
2025-03-03 19:00:00+01:00;11492,000;1,000;MESURE
2025-03-03 20:00:00+01:00;4865,000;1,000;MESURE
2025-03-03 21:00:00+01:00;98,000;1,000;MESURE
2025-03-03 22:00:00+01:00;98,000;1,000;MESURE
2025-03-03 23:00:00+01:00;98,000;1,000;MESURE
2025-03-04 00:00:00+01:00;98,000;1,000;MESURE
2025-03-04 01:00:00+01:00;122,000;1,000;MESURE
2025-03-04 02:00:00+01:00;108,000;1,000;MESURE
2025-03-04 03:00:00+01:00;98,000;1,000;MESURE
2025-03-04 04:00:00+01:00;127,000;1,000;MESURE
2025-03-04 05:00:00+01:00;114,000;1,000;MESURE
2025-03-04 06:00:00+01:00;115,000;1,000;MESURE
2025-03-04 07:00:00+01:00;153,000;1,000;MESURE
2025-03-04 08:00:00+01:00;125,000;1,000;MESURE
2025-03-04 09:00:00+01:00;120,000;1,000;MESURE
2025-03-04 10:00:00+01:00;90,000;1,000;MESURE
2025-03-04 11:00:00+01:00;115,000;1,000;MESURE
2025-03-04 12:00:00+01:00;120,000;1,000;MESURE
2025-03-04 13:00:00+01:00;103,000;1,000;MESURE
2025-03-04 14:00:00+01:00;92,000;1,000;MESURE
2025-03-04 15:00:00+01:00;91,000;1,000;MESURE
2025-03-04 16:00:00+01:00;92,000;1,000;MESURE
2025-03-04 17:00:00+01:00;6658,000;1,000;MESURE
2025-03-04 18:00:00+01:00;2090,000;1,000;MESURE
2025-03-04 19:00:00+01:00;1877,000;1,000;MESURE
2025-03-04 20:00:00+01:00;10918,000;1,000;MESURE
2025-03-04 21:00:00+01:00;10958,000;1,000;MESURE
2025-03-04 22:00:00+01:00;3960,000;1,000;MESURE
2025-03-04 23:00:00+01:00;177,000;1,000;MESURE
2025-03-05 00:00:00+01:00;99,000;1,000;MESURE
2025-03-05 01:00:00+01:00;99,000;1,000;MESURE
2025-03-05 02:00:00+01:00;108,000;1,000;MESURE
2025-03-05 03:00:00+01:00;126,000;1,000;MESURE
2025-03-05 04:00:00+01:00;99,000;1,000;MESURE
2025-03-05 05:00:00+01:00;118,000;1,000;MESURE
2025-03-05 06:00:00+01:00;134,000;1,000;MESURE
2025-03-05 07:00:00+01:00;3007,000;1,000;MESURE
2025-03-05 08:00:00+01:00;7755,000;1,000;MESURE
2025-03-05 09:00:00+01:00;7799,000;1,000;MESURE
2025-03-05 10:00:00+01:00;829,000;1,000;MESURE
2025-03-05 11:00:00+01:00;107,000;1,000;MESURE
2025-03-05 12:00:00+01:00;118,000;1,000;MESURE
2025-03-05 13:00:00+01:00;92,000;1,000;MESURE
2025-03-05 14:00:00+01:00;92,000;1,000;MESURE
2025-03-05 15:00:00+01:00;92,000;1,000;MESURE
2025-03-05 16:00:00+01:00;92,000;1,000;MESURE
2025-03-05 17:00:00+01:00;92,000;1,000;MESURE
2025-03-05 18:00:00+01:00;95,000;1,000;MESURE
2025-03-05 19:00:00+01:00;98,000;1,000;MESURE
2025-03-05 20:00:00+01:00;98,000;1,000;MESURE
2025-03-05 21:00:00+01:00;97,000;1,000;MESURE
2025-03-05 22:00:00+01:00;97,000;1,000;MESURE
2025-03-05 23:00:00+01:00;97,000;1,000;MESURE
2025-03-06 00:00:00+01:00;96,000;1,000;MESURE
2025-03-06 01:00:00+01:00;97,000;1,000;MESURE
2025-03-06 02:00:00+01:00;96,000;1,000;MESURE
2025-03-06 03:00:00+01:00;112,000;1,000;MESURE
2025-03-06 04:00:00+01:00;116,000;1,000;MESURE
2025-03-06 05:00:00+01:00;97,000;1,000;MESURE
2025-03-06 06:00:00+01:00;132,000;1,000;MESURE
2025-03-06 07:00:00+01:00;132,000;1,000;MESURE
2025-03-06 08:00:00+01:00;118,000;1,000;MESURE
2025-03-06 09:00:00+01:00;116,000;1,000;MESURE
2025-03-06 10:00:00+01:00;91,000;1,000;MESURE
2025-03-06 11:00:00+01:00;92,000;1,000;MESURE
2025-03-06 12:00:00+01:00;91,000;1,000;MESURE
2025-03-06 13:00:00+01:00;91,000;1,000;MESURE
2025-03-06 14:00:00+01:00;95,000;1,000;MESURE
2025-03-06 15:00:00+01:00;93,000;1,000;MESURE
2025-03-06 16:00:00+01:00;91,000;1,000;MESURE
2025-03-06 17:00:00+01:00;92,000;1,000;MESURE
2025-03-06 18:00:00+01:00;83,000;1,000;MESURE
2025-03-06 19:00:00+01:00;93,000;1,000;MESURE
2025-03-06 20:00:00+01:00;98,000;1,000;MESURE
2025-03-06 21:00:00+01:00;97,000;1,000;MESURE
2025-03-06 22:00:00+01:00;99,000;1,000;MESURE
2025-03-06 23:00:00+01:00;11990,000;1,000;MESURE
2025-03-07 00:00:00+01:00;10150,000;1,000;MESURE
2025-03-07 01:00:00+01:00;7238,000;1,000;MESURE
2025-03-07 02:00:00+01:00;7197,000;1,000;MESURE
2025-03-07 03:00:00+01:00;7202,000;1,000;MESURE
2025-03-07 04:00:00+01:00;6465,000;1,000;MESURE
2025-03-07 05:00:00+01:00;3163,000;1,000;MESURE
2025-03-07 06:00:00+01:00;443,000;1,000;MESURE
2025-03-07 07:00:00+01:00;147,000;1,000;MESURE
2025-03-07 08:00:00+01:00;5155,000;1,000;MESURE
2025-03-07 09:00:00+01:00;7654,000;1,000;MESURE
2025-03-07 10:00:00+01:00;7624,000;1,000;MESURE
2025-03-07 11:00:00+01:00;6607,000;1,000;MESURE
2025-03-07 12:00:00+01:00;852,000;1,000;MESURE
2025-03-07 13:00:00+01:00;97,000;1,000;MESURE
2025-03-07 14:00:00+01:00;7693,000;1,000;MESURE
2025-03-07 15:00:00+01:00;11186,000;1,000;MESURE
2025-03-07 16:00:00+01:00;94,000;1,000;MESURE
2025-03-07 17:00:00+01:00;95,000;1,000;MESURE
2025-03-07 18:00:00+01:00;5635,000;1,000;MESURE
2025-03-07 19:00:00+01:00;10709,000;1,000;MESURE
2025-03-07 20:00:00+01:00;4490,000;1,000;MESURE
2025-03-07 21:00:00+01:00;11514,000;1,000;MESURE
2025-03-07 22:00:00+01:00;2166,000;1,000;MESURE
2025-03-07 23:00:00+01:00;100,000;1,000;MESURE
2025-03-08 00:00:00+01:00;99,000;1,000;MESURE
2025-03-08 01:00:00+01:00;99,000;1,000;MESURE
2025-03-08 02:00:00+01:00;98,000;1,000;MESURE
2025-03-08 03:00:00+01:00;99,000;1,000;MESURE
2025-03-08 04:00:00+01:00;99,000;1,000;MESURE
2025-03-08 05:00:00+01:00;99,000;1,000;MESURE
2025-03-08 06:00:00+01:00;99,000;1,000;MESURE
2025-03-08 07:00:00+01:00;1233,000;1,000;MESURE
2025-03-08 08:00:00+01:00;3903,000;1,000;MESURE
2025-03-08 09:00:00+01:00;3914,000;1,000;MESURE
2025-03-08 10:00:00+01:00;1618,000;1,000;MESURE
2025-03-08 11:00:00+01:00;69,000;1,000;MESURE
2025-03-08 12:00:00+01:00;7282,000;1,000;MESURE
2025-03-08 13:00:00+01:00;68,000;1,000;MESURE
2025-03-08 14:00:00+01:00;69,000;1,000;MESURE
2025-03-08 15:00:00+01:00;70,000;1,000;MESURE
2025-03-08 16:00:00+01:00;70,000;1,000;MESURE
2025-03-08 17:00:00+01:00;68,000;1,000;MESURE
2025-03-08 18:00:00+01:00;3815,000;1,000;MESURE
2025-03-08 19:00:00+01:00;7113,000;1,000;MESURE
2025-03-08 20:00:00+01:00;7164,000;1,000;MESURE
2025-03-08 21:00:00+01:00;10172,000;1,000;MESURE
2025-03-08 22:00:00+01:00;10649,000;1,000;MESURE
2025-03-08 23:00:00+01:00;5000,000;1,000;MESURE
2025-03-09 00:00:00+01:00;2350,000;1,000;MESURE
2025-03-09 01:00:00+01:00;97,000;1,000;MESURE
2025-03-09 02:00:00+01:00;98,000;1,000;MESURE
2025-03-09 03:00:00+01:00;97,000;1,000;MESURE
2025-03-09 04:00:00+01:00;98,000;1,000;MESURE
2025-03-09 05:00:00+01:00;98,000;1,000;MESURE
2025-03-09 06:00:00+01:00;98,000;1,000;MESURE
2025-03-09 07:00:00+01:00;97,000;1,000;MESURE
2025-03-09 08:00:00+01:00;98,000;1,000;MESURE
2025-03-09 09:00:00+01:00;89,000;1,000;MESURE
2025-03-09 10:00:00+01:00;69,000;1,000;MESURE
2025-03-09 11:00:00+01:00;9271,000;1,000;MESURE
2025-03-09 12:00:00+01:00;3144,000;1,000;MESURE
2025-03-09 13:00:00+01:00;68,000;1,000;MESURE
2025-03-09 14:00:00+01:00;3203,000;1,000;MESURE
2025-03-09 15:00:00+01:00;3882,000;1,000;MESURE
2025-03-09 16:00:00+01:00;3865,000;1,000;MESURE
2025-03-09 17:00:00+01:00;2909,000;1,000;MESURE
2025-03-09 18:00:00+01:00;843,000;1,000;MESURE
2025-03-09 19:00:00+01:00;4137,000;1,000;MESURE
2025-03-09 20:00:00+01:00;1781,000;1,000;MESURE
2025-03-09 21:00:00+01:00;70,000;1,000;MESURE
2025-03-09 22:00:00+01:00;68,000;1,000;MESURE
2025-03-09 23:00:00+01:00;76,000;1,000;MESURE
2025-03-10 00:00:00+01:00;94,000;1,000;MESURE
2025-03-10 01:00:00+01:00;69,000;1,000;MESURE
2025-03-10 02:00:00+01:00;99,000;1,000;MESURE
2025-03-10 03:00:00+01:00;99,000;1,000;MESURE
2025-03-10 04:00:00+01:00;100,000;1,000;MESURE
2025-03-10 05:00:00+01:00;100,000;1,000;MESURE
2025-03-10 06:00:00+01:00;109,000;1,000;MESURE
2025-03-10 07:00:00+01:00;120,000;1,000;MESURE
2025-03-10 08:00:00+01:00;115,000;1,000;MESURE
2025-03-10 09:00:00+01:00;93,000;1,000;MESURE
2025-03-10 10:00:00+01:00;95,000;1,000;MESURE
2025-03-10 11:00:00+01:00;96,000;1,000;MESURE
2025-03-10 12:00:00+01:00;94,000;1,000;MESURE
2025-03-10 13:00:00+01:00;2081,000;1,000;MESURE
2025-03-10 14:00:00+01:00;7767,000;1,000;MESURE
2025-03-10 15:00:00+01:00;7774,000;1,000;MESURE
2025-03-10 16:00:00+01:00;5948,000;1,000;MESURE
2025-03-10 17:00:00+01:00;1679,000;1,000;MESURE
2025-03-10 18:00:00+01:00;15112,000;1,000;MESURE
2025-03-10 19:00:00+01:00;2568,000;1,000;MESURE
2025-03-10 20:00:00+01:00;87,000;1,000;MESURE
2025-03-10 21:00:00+01:00;98,000;1,000;MESURE
2025-03-10 22:00:00+01:00;70,000;1,000;MESURE
2025-03-10 23:00:00+01:00;94,000;1,000;MESURE
2025-03-11 00:00:00+01:00;97,000;1,000;MESURE
2025-03-11 01:00:00+01:00;71,000;1,000;MESURE
2025-03-11 02:00:00+01:00;91,000;1,000;MESURE
2025-03-11 03:00:00+01:00;98,000;1,000;MESURE
2025-03-11 04:00:00+01:00;100,000;1,000;MESURE
2025-03-11 05:00:00+01:00;100,000;1,000;MESURE
2025-03-11 06:00:00+01:00;108,000;1,000;MESURE
2025-03-11 07:00:00+01:00;121,000;1,000;MESURE
2025-03-11 08:00:00+01:00;117,000;1,000;MESURE
2025-03-11 09:00:00+01:00;92,000;1,000;MESURE
2025-03-11 10:00:00+01:00;95,000;1,000;MESURE
2025-03-11 11:00:00+01:00;95,000;1,000;MESURE
2025-03-11 12:00:00+01:00;93,000;1,000;MESURE
2025-03-11 13:00:00+01:00;95,000;1,000;MESURE
2025-03-11 14:00:00+01:00;93,000;1,000;MESURE
2025-03-11 15:00:00+01:00;94,000;1,000;MESURE
2025-03-11 16:00:00+01:00;94,000;1,000;MESURE
2025-03-11 17:00:00+01:00;95,000;1,000;MESURE
2025-03-11 18:00:00+01:00;84,000;1,000;MESURE
2025-03-11 19:00:00+01:00;86,000;1,000;MESURE
2025-03-11 20:00:00+01:00;88,000;1,000;MESURE
2025-03-11 21:00:00+01:00;71,000;1,000;MESURE
2025-03-11 22:00:00+01:00;100,000;1,000;MESURE
2025-03-11 23:00:00+01:00;98,000;1,000;MESURE
2025-03-12 00:00:00+01:00;101,000;1,000;MESURE
2025-03-12 01:00:00+01:00;79,000;1,000;MESURE
2025-03-12 02:00:00+01:00;94,000;1,000;MESURE
2025-03-12 03:00:00+01:00;101,000;1,000;MESURE
2025-03-12 04:00:00+01:00;101,000;1,000;MESURE
2025-03-12 05:00:00+01:00;101,000;1,000;MESURE
2025-03-12 06:00:00+01:00;110,000;1,000;MESURE
2025-03-12 07:00:00+01:00;121,000;1,000;MESURE
2025-03-12 08:00:00+01:00;122,000;1,000;MESURE
2025-03-12 09:00:00+01:00;98,000;1,000;MESURE
2025-03-12 10:00:00+01:00;94,000;1,000;MESURE
2025-03-12 11:00:00+01:00;110,000;1,000;MESURE
2025-03-12 12:00:00+01:00;953,000;1,000;MESURE
2025-03-12 13:00:00+01:00;3387,000;1,000;MESURE
2025-03-12 14:00:00+01:00;92,000;1,000;MESURE
2025-03-12 15:00:00+01:00;3209,000;1,000;MESURE
2025-03-12 16:00:00+01:00;599,000;1,000;MESURE
2025-03-12 17:00:00+01:00;227,000;1,000;MESURE
2025-03-12 18:00:00+01:00;7054,000;1,000;MESURE
2025-03-12 19:00:00+01:00;669,000;1,000;MESURE
2025-03-12 20:00:00+01:00;5589,000;1,000;MESURE
2025-03-12 21:00:00+01:00;2517,000;1,000;MESURE
2025-03-12 22:00:00+01:00;97,000;1,000;MESURE
2025-03-12 23:00:00+01:00;98,000;1,000;MESURE
2025-03-13 00:00:00+01:00;6686,000;1,000;MESURE
2025-03-13 01:00:00+01:00;7256,000;1,000;MESURE
2025-03-13 02:00:00+01:00;7238,000;1,000;MESURE
2025-03-13 03:00:00+01:00;7229,000;1,000;MESURE
2025-03-13 04:00:00+01:00;5557,000;1,000;MESURE
2025-03-13 05:00:00+01:00;2827,000;1,000;MESURE
2025-03-13 06:00:00+01:00;107,000;1,000;MESURE
2025-03-13 07:00:00+01:00;120,000;1,000;MESURE
2025-03-13 08:00:00+01:00;4351,000;1,000;MESURE
2025-03-13 09:00:00+01:00;122,000;1,000;MESURE
2025-03-13 10:00:00+01:00;126,000;1,000;MESURE
2025-03-13 11:00:00+01:00;95,000;1,000;MESURE
2025-03-13 12:00:00+01:00;185,000;1,000;MESURE
2025-03-13 13:00:00+01:00;7636,000;1,000;MESURE
2025-03-13 14:00:00+01:00;4922,000;1,000;MESURE
2025-03-13 15:00:00+01:00;5356,000;1,000;MESURE
2025-03-13 16:00:00+01:00;117,000;1,000;MESURE
2025-03-13 17:00:00+01:00;120,000;1,000;MESURE
2025-03-13 18:00:00+01:00;106,000;1,000;MESURE
2025-03-13 19:00:00+01:00;95,000;1,000;MESURE
2025-03-13 20:00:00+01:00;94,000;1,000;MESURE
2025-03-13 21:00:00+01:00;94,000;1,000;MESURE
2025-03-13 22:00:00+01:00;95,000;1,000;MESURE
2025-03-13 23:00:00+01:00;93,000;1,000;MESURE
2025-03-14 00:00:00+01:00;93,000;1,000;MESURE
2025-03-14 01:00:00+01:00;93,000;1,000;MESURE
2025-03-14 02:00:00+01:00;94,000;1,000;MESURE
2025-03-14 03:00:00+01:00;93,000;1,000;MESURE
2025-03-14 04:00:00+01:00;93,000;1,000;MESURE
2025-03-14 05:00:00+01:00;94,000;1,000;MESURE
2025-03-14 06:00:00+01:00;102,000;1,000;MESURE
2025-03-14 07:00:00+01:00;117,000;1,000;MESURE
2025-03-14 08:00:00+01:00;118,000;1,000;MESURE
2025-03-14 09:00:00+01:00;117,000;1,000;MESURE
2025-03-14 10:00:00+01:00;116,000;1,000;MESURE
2025-03-14 11:00:00+01:00;118,000;1,000;MESURE
2025-03-14 12:00:00+01:00;119,000;1,000;MESURE
2025-03-14 13:00:00+01:00;90,000;1,000;MESURE
2025-03-14 14:00:00+01:00;111,000;1,000;MESURE
2025-03-14 15:00:00+01:00;116,000;1,000;MESURE
2025-03-14 16:00:00+01:00;118,000;1,000;MESURE
2025-03-14 17:00:00+01:00;117,000;1,000;MESURE
2025-03-14 18:00:00+01:00;107,000;1,000;MESURE
2025-03-14 19:00:00+01:00;96,000;1,000;MESURE
2025-03-14 20:00:00+01:00;96,000;1,000;MESURE
2025-03-14 21:00:00+01:00;95,000;1,000;MESURE
2025-03-14 22:00:00+01:00;94,000;1,000;MESURE
2025-03-14 23:00:00+01:00;94,000;1,000;MESURE
2025-03-15 00:00:00+01:00;96,000;1,000;MESURE
2025-03-15 01:00:00+01:00;96,000;1,000;MESURE
2025-03-15 02:00:00+01:00;96,000;1,000;MESURE
2025-03-15 03:00:00+01:00;96,000;1,000;MESURE
2025-03-15 04:00:00+01:00;96,000;1,000;MESURE
2025-03-15 05:00:00+01:00;96,000;1,000;MESURE
2025-03-15 06:00:00+01:00;96,000;1,000;MESURE
2025-03-15 07:00:00+01:00;94,000;1,000;MESURE
2025-03-15 08:00:00+01:00;95,000;1,000;MESURE
2025-03-15 09:00:00+01:00;96,000;1,000;MESURE
2025-03-15 10:00:00+01:00;94,000;1,000;MESURE
2025-03-15 11:00:00+01:00;95,000;1,000;MESURE
2025-03-15 12:00:00+01:00;94,000;1,000;MESURE
2025-03-15 13:00:00+01:00;94,000;1,000;MESURE
2025-03-15 14:00:00+01:00;94,000;1,000;MESURE
2025-03-15 15:00:00+01:00;95,000;1,000;MESURE
2025-03-15 16:00:00+01:00;96,000;1,000;MESURE
2025-03-15 17:00:00+01:00;96,000;1,000;MESURE
2025-03-15 18:00:00+01:00;96,000;1,000;MESURE
2025-03-15 19:00:00+01:00;95,000;1,000;MESURE
2025-03-15 20:00:00+01:00;95,000;1,000;MESURE
2025-03-15 21:00:00+01:00;96,000;1,000;MESURE
2025-03-15 22:00:00+01:00;93,000;1,000;MESURE
2025-03-15 23:00:00+01:00;113,000;1,000;MESURE
2025-03-16 00:00:00+01:00;119,000;1,000;MESURE
2025-03-16 01:00:00+01:00;97,000;1,000;MESURE
2025-03-16 02:00:00+01:00;129,000;1,000;MESURE
2025-03-16 03:00:00+01:00;118,000;1,000;MESURE
2025-03-16 04:00:00+01:00;98,000;1,000;MESURE
2025-03-16 05:00:00+01:00;132,000;1,000;MESURE
2025-03-16 06:00:00+01:00;100,000;1,000;MESURE
2025-03-16 07:00:00+01:00;94,000;1,000;MESURE
2025-03-16 08:00:00+01:00;94,000;1,000;MESURE
2025-03-16 09:00:00+01:00;95,000;1,000;MESURE
2025-03-16 10:00:00+01:00;94,000;1,000;MESURE
2025-03-16 11:00:00+01:00;78,000;1,000;MESURE
2025-03-16 12:00:00+01:00;65,000;1,000;MESURE
2025-03-16 13:00:00+01:00;65,000;1,000;MESURE
2025-03-16 14:00:00+01:00;86,000;1,000;MESURE
2025-03-16 15:00:00+01:00;89,000;1,000;MESURE
2025-03-16 16:00:00+01:00;71,000;1,000;MESURE
2025-03-16 17:00:00+01:00;96,000;1,000;MESURE
2025-03-16 18:00:00+01:00;95,000;1,000;MESURE
2025-03-16 19:00:00+01:00;96,000;1,000;MESURE
2025-03-16 20:00:00+01:00;94,000;1,000;MESURE
2025-03-16 21:00:00+01:00;94,000;1,000;MESURE
2025-03-16 22:00:00+01:00;95,000;1,000;MESURE
2025-03-16 23:00:00+01:00;94,000;1,000;MESURE
2025-03-17 00:00:00+01:00;98,000;1,000;MESURE
2025-03-17 01:00:00+01:00;98,000;1,000;MESURE
2025-03-17 02:00:00+01:00;98,000;1,000;MESURE
2025-03-17 03:00:00+01:00;99,000;1,000;MESURE
2025-03-17 04:00:00+01:00;98,000;1,000;MESURE
2025-03-17 05:00:00+01:00;98,000;1,000;MESURE
2025-03-17 06:00:00+01:00;106,000;1,000;MESURE
2025-03-17 07:00:00+01:00;115,000;1,000;MESURE
2025-03-17 08:00:00+01:00;119,000;1,000;MESURE
2025-03-17 09:00:00+01:00;118,000;1,000;MESURE
2025-03-17 10:00:00+01:00;117,000;1,000;MESURE
2025-03-17 11:00:00+01:00;117,000;1,000;MESURE
2025-03-17 12:00:00+01:00;117,000;1,000;MESURE
2025-03-17 13:00:00+01:00;118,000;1,000;MESURE
2025-03-17 14:00:00+01:00;116,000;1,000;MESURE
2025-03-17 15:00:00+01:00;116,000;1,000;MESURE
2025-03-17 16:00:00+01:00;116,000;1,000;MESURE
2025-03-17 17:00:00+01:00;116,000;1,000;MESURE
2025-03-17 18:00:00+01:00;108,000;1,000;MESURE
2025-03-17 19:00:00+01:00;95,000;1,000;MESURE
2025-03-17 20:00:00+01:00;94,000;1,000;MESURE
2025-03-17 21:00:00+01:00;94,000;1,000;MESURE
2025-03-17 22:00:00+01:00;95,000;1,000;MESURE
2025-03-17 23:00:00+01:00;94,000;1,000;MESURE
2025-03-18 00:00:00+01:00;94,000;1,000;MESURE
2025-03-18 01:00:00+01:00;95,000;1,000;MESURE
2025-03-18 02:00:00+01:00;94,000;1,000;MESURE
2025-03-18 03:00:00+01:00;127,000;1,000;MESURE
2025-03-18 04:00:00+01:00;96,000;1,000;MESURE
2025-03-18 05:00:00+01:00;94,000;1,000;MESURE
2025-03-18 06:00:00+01:00;102,000;1,000;MESURE
2025-03-18 07:00:00+01:00;117,000;1,000;MESURE
2025-03-18 08:00:00+01:00;119,000;1,000;MESURE
2025-03-18 09:00:00+01:00;117,000;1,000;MESURE
2025-03-18 10:00:00+01:00;116,000;1,000;MESURE
2025-03-18 11:00:00+01:00;102,000;1,000;MESURE
2025-03-18 12:00:00+01:00;105,000;1,000;MESURE
2025-03-18 13:00:00+01:00;118,000;1,000;MESURE
2025-03-18 14:00:00+01:00;117,000;1,000;MESURE
2025-03-18 15:00:00+01:00;102,000;1,000;MESURE
2025-03-18 16:00:00+01:00;95,000;1,000;MESURE
2025-03-18 17:00:00+01:00;117,000;1,000;MESURE
2025-03-18 18:00:00+01:00;85,000;1,000;MESURE
2025-03-18 19:00:00+01:00;86,000;1,000;MESURE
2025-03-18 20:00:00+01:00;95,000;1,000;MESURE
2025-03-18 21:00:00+01:00;94,000;1,000;MESURE
2025-03-18 22:00:00+01:00;94,000;1,000;MESURE
2025-03-18 23:00:00+01:00;94,000;1,000;MESURE
2025-03-19 00:00:00+01:00;93,000;1,000;MESURE
2025-03-19 01:00:00+01:00;94,000;1,000;MESURE
2025-03-19 02:00:00+01:00;94,000;1,000;MESURE
2025-03-19 03:00:00+01:00;98,000;1,000;MESURE
2025-03-19 04:00:00+01:00;125,000;1,000;MESURE
2025-03-19 05:00:00+01:00;94,000;1,000;MESURE
2025-03-19 06:00:00+01:00;113,000;1,000;MESURE
2025-03-19 07:00:00+01:00;142,000;1,000;MESURE
2025-03-19 08:00:00+01:00;117,000;1,000;MESURE
2025-03-19 09:00:00+01:00;115,000;1,000;MESURE
2025-03-19 10:00:00+01:00;89,000;1,000;MESURE
2025-03-19 11:00:00+01:00;90,000;1,000;MESURE
2025-03-19 12:00:00+01:00;90,000;1,000;MESURE
2025-03-19 13:00:00+01:00;88,000;1,000;MESURE
2025-03-19 14:00:00+01:00;90,000;1,000;MESURE
2025-03-19 15:00:00+01:00;92,000;1,000;MESURE
2025-03-19 16:00:00+01:00;89,000;1,000;MESURE
2025-03-19 17:00:00+01:00;88,000;1,000;MESURE
2025-03-19 18:00:00+01:00;79,000;1,000;MESURE
2025-03-19 19:00:00+01:00;65,000;1,000;MESURE
2025-03-19 20:00:00+01:00;93,000;1,000;MESURE
2025-03-19 21:00:00+01:00;80,000;1,000;MESURE
2025-03-19 22:00:00+01:00;74,000;1,000;MESURE
2025-03-19 23:00:00+01:00;94,000;1,000;MESURE
2025-03-20 00:00:00+01:00;93,000;1,000;MESURE
2025-03-20 01:00:00+01:00;93,000;1,000;MESURE
2025-03-20 02:00:00+01:00;94,000;1,000;MESURE
2025-03-20 03:00:00+01:00;93,000;1,000;MESURE
2025-03-20 04:00:00+01:00;94,000;1,000;MESURE
2025-03-20 05:00:00+01:00;94,000;1,000;MESURE
2025-03-20 06:00:00+01:00;103,000;1,000;MESURE
2025-03-20 07:00:00+01:00;117,000;1,000;MESURE
2025-03-20 08:00:00+01:00;116,000;1,000;MESURE
2025-03-20 09:00:00+01:00;103,000;1,000;MESURE
2025-03-20 10:00:00+01:00;91,000;1,000;MESURE
2025-03-20 11:00:00+01:00;91,000;1,000;MESURE
2025-03-20 12:00:00+01:00;93,000;1,000;MESURE
2025-03-20 13:00:00+01:00;89,000;1,000;MESURE
2025-03-20 14:00:00+01:00;91,000;1,000;MESURE
2025-03-20 15:00:00+01:00;90,000;1,000;MESURE
2025-03-20 16:00:00+01:00;91,000;1,000;MESURE
2025-03-20 17:00:00+01:00;88,000;1,000;MESURE
2025-03-20 18:00:00+01:00;78,000;1,000;MESURE
2025-03-20 19:00:00+01:00;66,000;1,000;MESURE
2025-03-20 20:00:00+01:00;65,000;1,000;MESURE
2025-03-20 21:00:00+01:00;90,000;1,000;MESURE
2025-03-20 22:00:00+01:00;84,000;1,000;MESURE
2025-03-20 23:00:00+01:00;72,000;1,000;MESURE
2025-03-21 00:00:00+01:00;94,000;1,000;MESURE
2025-03-21 01:00:00+01:00;93,000;1,000;MESURE
2025-03-21 02:00:00+01:00;93,000;1,000;MESURE
2025-03-21 03:00:00+01:00;93,000;1,000;MESURE
2025-03-21 04:00:00+01:00;94,000;1,000;MESURE
2025-03-21 05:00:00+01:00;93,000;1,000;MESURE
2025-03-21 06:00:00+01:00;103,000;1,000;MESURE
2025-03-21 07:00:00+01:00;116,000;1,000;MESURE
2025-03-21 08:00:00+01:00;116,000;1,000;MESURE
2025-03-21 09:00:00+01:00;88,000;1,000;MESURE
2025-03-21 10:00:00+01:00;89,000;1,000;MESURE
2025-03-21 11:00:00+01:00;91,000;1,000;MESURE
2025-03-21 12:00:00+01:00;90,000;1,000;MESURE
2025-03-21 13:00:00+01:00;91,000;1,000;MESURE
2025-03-21 14:00:00+01:00;89,000;1,000;MESURE
2025-03-21 15:00:00+01:00;90,000;1,000;MESURE
2025-03-21 16:00:00+01:00;90,000;1,000;MESURE
2025-03-21 17:00:00+01:00;91,000;1,000;MESURE
2025-03-21 18:00:00+01:00;79,000;1,000;MESURE
2025-03-21 19:00:00+01:00;66,000;1,000;MESURE
2025-03-21 20:00:00+01:00;66,000;1,000;MESURE
2025-03-21 21:00:00+01:00;65,000;1,000;MESURE
2025-03-21 22:00:00+01:00;65,000;1,000;MESURE
2025-03-21 23:00:00+01:00;63,000;1,000;MESURE
2025-03-22 00:00:00+01:00;64,000;1,000;MESURE
2025-03-22 01:00:00+01:00;64,000;1,000;MESURE
2025-03-22 02:00:00+01:00;64,000;1,000;MESURE
2025-03-22 03:00:00+01:00;63,000;1,000;MESURE
2025-03-22 04:00:00+01:00;80,000;1,000;MESURE
2025-03-22 05:00:00+01:00;81,000;1,000;MESURE
2025-03-22 06:00:00+01:00;63,000;1,000;MESURE
2025-03-22 07:00:00+01:00;89,000;1,000;MESURE
2025-03-22 08:00:00+01:00;72,000;1,000;MESURE
2025-03-22 09:00:00+01:00;64,000;1,000;MESURE
2025-03-22 10:00:00+01:00;65,000;1,000;MESURE
2025-03-22 11:00:00+01:00;65,000;1,000;MESURE
2025-03-22 12:00:00+01:00;65,000;1,000;MESURE
2025-03-22 13:00:00+01:00;65,000;1,000;MESURE
2025-03-22 14:00:00+01:00;65,000;1,000;MESURE
2025-03-22 15:00:00+01:00;65,000;1,000;MESURE
2025-03-22 16:00:00+01:00;66,000;1,000;MESURE
2025-03-22 17:00:00+01:00;66,000;1,000;MESURE
2025-03-22 18:00:00+01:00;65,000;1,000;MESURE
2025-03-22 19:00:00+01:00;64,000;1,000;MESURE
2025-03-22 20:00:00+01:00;66,000;1,000;MESURE
2025-03-22 21:00:00+01:00;64,000;1,000;MESURE
2025-03-22 22:00:00+01:00;64,000;1,000;MESURE
2025-03-22 23:00:00+01:00;72,000;1,000;MESURE
2025-03-23 00:00:00+01:00;92,000;1,000;MESURE
2025-03-23 01:00:00+01:00;63,000;1,000;MESURE
2025-03-23 02:00:00+01:00;92,000;1,000;MESURE
2025-03-23 03:00:00+01:00;93,000;1,000;MESURE
2025-03-23 04:00:00+01:00;95,000;1,000;MESURE
2025-03-23 05:00:00+01:00;95,000;1,000;MESURE
2025-03-23 06:00:00+01:00;95,000;1,000;MESURE
2025-03-23 07:00:00+01:00;93,000;1,000;MESURE
2025-03-23 08:00:00+01:00;94,000;1,000;MESURE
2025-03-23 09:00:00+01:00;68,000;1,000;MESURE
2025-03-23 10:00:00+01:00;65,000;1,000;MESURE
2025-03-23 11:00:00+01:00;65,000;1,000;MESURE
2025-03-23 12:00:00+01:00;65,000;1,000;MESURE
2025-03-23 13:00:00+01:00;66,000;1,000;MESURE
2025-03-23 14:00:00+01:00;65,000;1,000;MESURE
2025-03-23 15:00:00+01:00;66,000;1,000;MESURE
2025-03-23 16:00:00+01:00;66,000;1,000;MESURE
2025-03-23 17:00:00+01:00;65,000;1,000;MESURE
2025-03-23 18:00:00+01:00;64,000;1,000;MESURE
2025-03-23 19:00:00+01:00;65,000;1,000;MESURE
2025-03-23 20:00:00+01:00;67,000;1,000;MESURE
2025-03-23 21:00:00+01:00;75,000;1,000;MESURE
2025-03-23 22:00:00+01:00;85,000;1,000;MESURE
2025-03-23 23:00:00+01:00;64,000;1,000;MESURE
2025-03-24 00:00:00+01:00;80,000;1,000;MESURE
2025-03-24 01:00:00+01:00;87,000;1,000;MESURE
2025-03-24 02:00:00+01:00;63,000;1,000;MESURE
2025-03-24 03:00:00+01:00;94,000;1,000;MESURE
2025-03-24 04:00:00+01:00;94,000;1,000;MESURE
2025-03-24 05:00:00+01:00;93,000;1,000;MESURE
2025-03-24 06:00:00+01:00;103,000;1,000;MESURE
2025-03-24 07:00:00+01:00;111,000;1,000;MESURE
2025-03-24 08:00:00+01:00;87,000;1,000;MESURE
2025-03-24 09:00:00+01:00;88,000;1,000;MESURE
2025-03-24 10:00:00+01:00;89,000;1,000;MESURE
2025-03-24 11:00:00+01:00;88,000;1,000;MESURE
2025-03-24 12:00:00+01:00;85,000;1,000;MESURE
2025-03-24 13:00:00+01:00;87,000;1,000;MESURE
2025-03-24 14:00:00+01:00;89,000;1,000;MESURE
2025-03-24 15:00:00+01:00;88,000;1,000;MESURE
2025-03-24 16:00:00+01:00;89,000;1,000;MESURE
2025-03-24 17:00:00+01:00;89,000;1,000;MESURE
2025-03-24 18:00:00+01:00;78,000;1,000;MESURE
2025-03-24 19:00:00+01:00;66,000;1,000;MESURE
2025-03-24 20:00:00+01:00;66,000;1,000;MESURE
2025-03-24 21:00:00+01:00;65,000;1,000;MESURE
2025-03-24 22:00:00+01:00;65,000;1,000;MESURE
2025-03-24 23:00:00+01:00;86,000;1,000;MESURE
2025-03-25 00:00:00+01:00;93,000;1,000;MESURE
2025-03-25 01:00:00+01:00;93,000;1,000;MESURE
2025-03-25 02:00:00+01:00;94,000;1,000;MESURE
2025-03-25 03:00:00+01:00;93,000;1,000;MESURE
2025-03-25 04:00:00+01:00;93,000;1,000;MESURE
2025-03-25 05:00:00+01:00;93,000;1,000;MESURE
2025-03-25 06:00:00+01:00;104,000;1,000;MESURE
2025-03-25 07:00:00+01:00;118,000;1,000;MESURE
2025-03-25 08:00:00+01:00;91,000;1,000;MESURE
2025-03-25 09:00:00+01:00;88,000;1,000;MESURE
2025-03-25 10:00:00+01:00;91,000;1,000;MESURE
2025-03-25 11:00:00+01:00;91,000;1,000;MESURE
2025-03-25 12:00:00+01:00;92,000;1,000;MESURE
2025-03-25 13:00:00+01:00;91,000;1,000;MESURE
2025-03-25 14:00:00+01:00;90,000;1,000;MESURE
2025-03-25 15:00:00+01:00;90,000;1,000;MESURE
2025-03-25 16:00:00+01:00;89,000;1,000;MESURE
2025-03-25 17:00:00+01:00;91,000;1,000;MESURE
2025-03-25 18:00:00+01:00;81,000;1,000;MESURE
2025-03-25 19:00:00+01:00;65,000;1,000;MESURE
2025-03-25 20:00:00+01:00;66,000;1,000;MESURE
2025-03-25 21:00:00+01:00;65,000;1,000;MESURE
2025-03-25 22:00:00+01:00;89,000;1,000;MESURE
2025-03-25 23:00:00+01:00;72,000;1,000;MESURE
2025-03-26 00:00:00+01:00;64,000;1,000;MESURE
2025-03-26 01:00:00+01:00;87,000;1,000;MESURE
2025-03-26 02:00:00+01:00;89,000;1,000;MESURE
2025-03-26 03:00:00+01:00;64,000;1,000;MESURE
2025-03-26 04:00:00+01:00;93,000;1,000;MESURE
2025-03-26 05:00:00+01:00;94,000;1,000;MESURE
2025-03-26 06:00:00+01:00;103,000;1,000;MESURE
2025-03-26 07:00:00+01:00;103,000;1,000;MESURE
2025-03-26 08:00:00+01:00;88,000;1,000;MESURE
2025-03-26 09:00:00+01:00;88,000;1,000;MESURE
2025-03-26 10:00:00+01:00;89,000;1,000;MESURE
2025-03-26 11:00:00+01:00;91,000;1,000;MESURE
2025-03-26 12:00:00+01:00;91,000;1,000;MESURE
2025-03-26 13:00:00+01:00;92,000;1,000;MESURE
2025-03-26 14:00:00+01:00;91,000;1,000;MESURE
2025-03-26 15:00:00+01:00;91,000;1,000;MESURE
2025-03-26 16:00:00+01:00;90,000;1,000;MESURE
2025-03-26 17:00:00+01:00;89,000;1,000;MESURE
2025-03-26 18:00:00+01:00;79,000;1,000;MESURE
2025-03-26 19:00:00+01:00;65,000;1,000;MESURE
2025-03-26 20:00:00+01:00;65,000;1,000;MESURE
2025-03-26 21:00:00+01:00;86,000;1,000;MESURE
2025-03-26 22:00:00+01:00;94,000;1,000;MESURE
2025-03-26 23:00:00+01:00;93,000;1,000;MESURE
2025-03-27 00:00:00+01:00;93,000;1,000;MESURE
2025-03-27 01:00:00+01:00;94,000;1,000;MESURE
2025-03-27 02:00:00+01:00;93,000;1,000;MESURE
2025-03-27 03:00:00+01:00;93,000;1,000;MESURE
2025-03-27 04:00:00+01:00;93,000;1,000;MESURE
2025-03-27 05:00:00+01:00;94,000;1,000;MESURE
2025-03-27 06:00:00+01:00;103,000;1,000;MESURE
2025-03-27 07:00:00+01:00;119,000;1,000;MESURE
2025-03-27 08:00:00+01:00;100,000;1,000;MESURE
2025-03-27 09:00:00+01:00;90,000;1,000;MESURE
2025-03-27 10:00:00+01:00;88,000;1,000;MESURE
2025-03-27 11:00:00+01:00;87,000;1,000;MESURE
2025-03-27 12:00:00+01:00;89,000;1,000;MESURE
2025-03-27 13:00:00+01:00;89,000;1,000;MESURE
2025-03-27 14:00:00+01:00;90,000;1,000;MESURE
2025-03-27 15:00:00+01:00;91,000;1,000;MESURE
2025-03-27 16:00:00+01:00;89,000;1,000;MESURE
2025-03-27 17:00:00+01:00;89,000;1,000;MESURE
2025-03-27 18:00:00+01:00;80,000;1,000;MESURE
2025-03-27 19:00:00+01:00;84,000;1,000;MESURE
2025-03-27 20:00:00+01:00;93,000;1,000;MESURE
2025-03-27 21:00:00+01:00;65,000;1,000;MESURE
2025-03-27 22:00:00+01:00;93,000;1,000;MESURE
2025-03-27 23:00:00+01:00;95,000;1,000;MESURE
2025-03-28 00:00:00+01:00;66,000;1,000;MESURE
2025-03-28 01:00:00+01:00;87,000;1,000;MESURE
2025-03-28 02:00:00+01:00;93,000;1,000;MESURE
2025-03-28 03:00:00+01:00;93,000;1,000;MESURE
2025-03-28 04:00:00+01:00;94,000;1,000;MESURE
2025-03-28 05:00:00+01:00;93,000;1,000;MESURE
2025-03-28 06:00:00+01:00;103,000;1,000;MESURE
2025-03-28 07:00:00+01:00;120,000;1,000;MESURE
2025-03-28 08:00:00+01:00;97,000;1,000;MESURE
2025-03-28 09:00:00+01:00;87,000;1,000;MESURE
2025-03-28 10:00:00+01:00;89,000;1,000;MESURE
2025-03-28 11:00:00+01:00;87,000;1,000;MESURE
2025-03-28 12:00:00+01:00;91,000;1,000;MESURE
2025-03-28 13:00:00+01:00;90,000;1,000;MESURE
2025-03-28 14:00:00+01:00;89,000;1,000;MESURE
2025-03-28 15:00:00+01:00;89,000;1,000;MESURE
2025-03-28 16:00:00+01:00;91,000;1,000;MESURE
2025-03-28 17:00:00+01:00;91,000;1,000;MESURE
2025-03-28 18:00:00+01:00;80,000;1,000;MESURE
2025-03-28 19:00:00+01:00;67,000;1,000;MESURE
2025-03-28 20:00:00+01:00;65,000;1,000;MESURE
2025-03-28 21:00:00+01:00;66,000;1,000;MESURE
2025-03-28 22:00:00+01:00;65,000;1,000;MESURE
2025-03-28 23:00:00+01:00;86,000;1,000;MESURE
2025-03-29 00:00:00+01:00;75,000;1,000;MESURE
2025-03-29 01:00:00+01:00;63,000;1,000;MESURE
2025-03-29 02:00:00+01:00;93,000;1,000;MESURE
2025-03-29 03:00:00+01:00;93,000;1,000;MESURE
2025-03-29 04:00:00+01:00;93,000;1,000;MESURE
2025-03-29 05:00:00+01:00;93,000;1,000;MESURE
2025-03-29 06:00:00+01:00;93,000;1,000;MESURE
2025-03-29 07:00:00+01:00;92,000;1,000;MESURE
2025-03-29 08:00:00+01:00;64,000;1,000;MESURE
2025-03-29 09:00:00+01:00;64,000;1,000;MESURE
2025-03-29 10:00:00+01:00;65,000;1,000;MESURE
2025-03-29 11:00:00+01:00;65,000;1,000;MESURE
2025-03-29 12:00:00+01:00;64,000;1,000;MESURE
2025-03-29 13:00:00+01:00;65,000;1,000;MESURE
2025-03-29 14:00:00+01:00;64,000;1,000;MESURE
2025-03-29 15:00:00+01:00;65,000;1,000;MESURE
2025-03-29 16:00:00+01:00;65,000;1,000;MESURE
2025-03-29 17:00:00+01:00;66,000;1,000;MESURE
2025-03-29 18:00:00+01:00;74,000;1,000;MESURE
2025-03-29 19:00:00+01:00;95,000;1,000;MESURE
2025-03-29 20:00:00+01:00;70,000;1,000;MESURE
2025-03-29 21:00:00+01:00;77,000;1,000;MESURE
2025-03-29 22:00:00+01:00;95,000;1,000;MESURE
2025-03-29 23:00:00+01:00;73,000;1,000;MESURE
2025-03-30 00:00:00+01:00;82,000;1,000;MESURE
2025-03-30 01:00:00+01:00;94,000;1,000;MESURE
2025-03-30 03:00:00+02:00;94,000;1,000;MESURE
2025-03-30 04:00:00+02:00;93,000;1,000;MESURE
2025-03-30 05:00:00+02:00;94,000;1,000;MESURE
2025-03-30 06:00:00+02:00;94,000;1,000;MESURE
2025-03-30 07:00:00+02:00;94,000;1,000;MESURE
2025-03-30 08:00:00+02:00;94,000;1,000;MESURE
2025-03-30 09:00:00+02:00;94,000;1,000;MESURE
2025-03-30 10:00:00+02:00;65,000;1,000;MESURE
2025-03-30 11:00:00+02:00;65,000;1,000;MESURE
2025-03-30 12:00:00+02:00;65,000;1,000;MESURE
2025-03-30 13:00:00+02:00;66,000;1,000;MESURE
2025-03-30 14:00:00+02:00;66,000;1,000;MESURE
2025-03-30 15:00:00+02:00;66,000;1,000;MESURE
2025-03-30 16:00:00+02:00;67,000;1,000;MESURE
2025-03-30 17:00:00+02:00;67,000;1,000;MESURE
2025-03-30 18:00:00+02:00;66,000;1,000;MESURE
2025-03-30 19:00:00+02:00;66,000;1,000;MESURE
2025-03-30 20:00:00+02:00;66,000;1,000;MESURE
2025-03-30 21:00:00+02:00;65,000;1,000;MESURE
2025-03-30 22:00:00+02:00;64,000;1,000;MESURE
2025-03-30 23:00:00+02:00;77,000;1,000;MESURE
2025-03-31 00:00:00+02:00;92,000;1,000;MESURE
2025-03-31 01:00:00+02:00;64,000;1,000;MESURE
2025-03-31 02:00:00+02:00;92,000;1,000;MESURE
2025-03-31 03:00:00+02:00;93,000;1,000;MESURE
2025-03-31 04:00:00+02:00;93,000;1,000;MESURE
2025-03-31 05:00:00+02:00;93,000;1,000;MESURE
2025-03-31 06:00:00+02:00;103,000;1,000;MESURE
2025-03-31 07:00:00+02:00;117,000;1,000;MESURE
2025-03-31 08:00:00+02:00;118,000;1,000;MESURE
2025-03-31 09:00:00+02:00;114,000;1,000;MESURE
2025-03-31 10:00:00+02:00;88,000;1,000;MESURE
2025-03-31 11:00:00+02:00;86,000;1,000;MESURE
2025-03-31 12:00:00+02:00;89,000;1,000;MESURE
2025-03-31 13:00:00+02:00;90,000;1,000;MESURE
2025-03-31 14:00:00+02:00;92,000;1,000;MESURE
2025-03-31 15:00:00+02:00;89,000;1,000;MESURE
2025-03-31 16:00:00+02:00;90,000;1,000;MESURE
2025-03-31 17:00:00+02:00;92,000;1,000;MESURE
2025-03-31 18:00:00+02:00;80,000;1,000;MESURE
2025-03-31 19:00:00+02:00;65,000;1,000;MESURE
2025-03-31 20:00:00+02:00;79,000;1,000;MESURE
2025-03-31 21:00:00+02:00;94,000;1,000;MESURE
2025-03-31 22:00:00+02:00;94,000;1,000;MESURE
2025-03-31 23:00:00+02:00;93,000;1,000;MESURE
2025-04-01 00:00:00+02:00;93,000;1,000;MESURE
2025-04-01 01:00:00+02:00;93,000;1,000;MESURE
2025-04-01 02:00:00+02:00;93,000;1,000;MESURE
2025-04-01 03:00:00+02:00;94,000;1,000;MESURE
2025-04-01 04:00:00+02:00;93,000;1,000;MESURE
2025-04-01 05:00:00+02:00;94,000;1,000;MESURE
2025-04-01 06:00:00+02:00;102,000;1,000;MESURE
2025-04-01 07:00:00+02:00;116,000;1,000;MESURE
2025-04-01 08:00:00+02:00;119,000;1,000;MESURE
2025-04-01 09:00:00+02:00;118,000;1,000;MESURE
2025-04-01 10:00:00+02:00;118,000;1,000;MESURE
2025-04-01 11:00:00+02:00;98,000;1,000;MESURE
2025-04-01 12:00:00+02:00;87,000;1,000;MESURE
2025-04-01 13:00:00+02:00;85,000;1,000;MESURE
2025-04-01 14:00:00+02:00;87,000;1,000;MESURE
2025-04-01 15:00:00+02:00;88,000;1,000;MESURE
2025-04-01 16:00:00+02:00;89,000;1,000;MESURE
2025-04-01 17:00:00+02:00;88,000;1,000;MESURE
2025-04-01 18:00:00+02:00;82,000;1,000;MESURE
2025-04-01 19:00:00+02:00;96,000;1,000;MESURE
2025-04-01 20:00:00+02:00;95,000;1,000;MESURE
2025-04-01 21:00:00+02:00;96,000;1,000;MESURE
2025-04-01 22:00:00+02:00;95,000;1,000;MESURE
2025-04-01 23:00:00+02:00;93,000;1,000;MESURE
2025-04-02 00:00:00+02:00;93,000;1,000;MESURE
2025-04-02 01:00:00+02:00;93,000;1,000;MESURE
2025-04-02 02:00:00+02:00;94,000;1,000;MESURE
2025-04-02 03:00:00+02:00;93,000;1,000;MESURE
2025-04-02 04:00:00+02:00;93,000;1,000;MESURE
2025-04-02 05:00:00+02:00;94,000;1,000;MESURE
2025-04-02 06:00:00+02:00;102,000;1,000;MESURE
2025-04-02 07:00:00+02:00;116,000;1,000;MESURE
2025-04-02 08:00:00+02:00;117,000;1,000;MESURE
2025-04-02 09:00:00+02:00;117,000;1,000;MESURE
2025-04-02 10:00:00+02:00;91,000;1,000;MESURE
2025-04-02 11:00:00+02:00;88,000;1,000;MESURE
2025-04-02 12:00:00+02:00;91,000;1,000;MESURE
2025-04-02 13:00:00+02:00;90,000;1,000;MESURE
2025-04-02 14:00:00+02:00;87,000;1,000;MESURE
2025-04-02 15:00:00+02:00;91,000;1,000;MESURE
2025-04-02 16:00:00+02:00;90,000;1,000;MESURE
2025-04-02 17:00:00+02:00;90,000;1,000;MESURE
2025-04-02 18:00:00+02:00;80,000;1,000;MESURE
2025-04-02 19:00:00+02:00;66,000;1,000;MESURE
2025-04-02 20:00:00+02:00;67,000;1,000;MESURE
2025-04-02 21:00:00+02:00;65,000;1,000;MESURE
2025-04-02 22:00:00+02:00;89,000;1,000;MESURE
2025-04-02 23:00:00+02:00;93,000;1,000;MESURE
2025-04-03 00:00:00+02:00;93,000;1,000;MESURE
2025-04-03 01:00:00+02:00;93,000;1,000;MESURE
2025-04-03 02:00:00+02:00;94,000;1,000;MESURE
2025-04-03 03:00:00+02:00;93,000;1,000;MESURE
2025-04-03 04:00:00+02:00;93,000;1,000;MESURE
2025-04-03 05:00:00+02:00;93,000;1,000;MESURE
2025-04-03 06:00:00+02:00;103,000;1,000;MESURE
2025-04-03 07:00:00+02:00;116,000;1,000;MESURE
2025-04-03 08:00:00+02:00;118,000;1,000;MESURE
2025-04-03 09:00:00+02:00;111,000;1,000;MESURE
2025-04-03 10:00:00+02:00;90,000;1,000;MESURE
2025-04-03 11:00:00+02:00;89,000;1,000;MESURE
2025-04-03 12:00:00+02:00;90,000;1,000;MESURE
2025-04-03 13:00:00+02:00;89,000;1,000;MESURE
2025-04-03 14:00:00+02:00;89,000;1,000;MESURE
2025-04-03 15:00:00+02:00;90,000;1,000;MESURE
2025-04-03 16:00:00+02:00;92,000;1,000;MESURE
2025-04-03 17:00:00+02:00;91,000;1,000;MESURE
2025-04-03 18:00:00+02:00;81,000;1,000;MESURE
2025-04-03 19:00:00+02:00;67,000;1,000;MESURE
2025-04-03 20:00:00+02:00;66,000;1,000;MESURE
2025-04-03 21:00:00+02:00;65,000;1,000;MESURE
2025-04-03 22:00:00+02:00;66,000;1,000;MESURE
2025-04-03 23:00:00+02:00;65,000;1,000;MESURE
2025-04-04 00:00:00+02:00;85,000;1,000;MESURE
2025-04-04 01:00:00+02:00;91,000;1,000;MESURE
2025-04-04 02:00:00+02:00;64,000;1,000;MESURE
2025-04-04 03:00:00+02:00;93,000;1,000;MESURE
2025-04-04 04:00:00+02:00;93,000;1,000;MESURE
2025-04-04 05:00:00+02:00;94,000;1,000;MESURE
2025-04-04 06:00:00+02:00;102,000;1,000;MESURE
2025-04-04 07:00:00+02:00;118,000;1,000;MESURE
2025-04-04 08:00:00+02:00;105,000;1,000;MESURE
2025-04-04 09:00:00+02:00;87,000;1,000;MESURE
2025-04-04 10:00:00+02:00;86,000;1,000;MESURE
2025-04-04 11:00:00+02:00;88,000;1,000;MESURE
2025-04-04 12:00:00+02:00;91,000;1,000;MESURE
2025-04-04 13:00:00+02:00;88,000;1,000;MESURE
2025-04-04 14:00:00+02:00;88,000;1,000;MESURE
2025-04-04 15:00:00+02:00;89,000;1,000;MESURE
2025-04-04 16:00:00+02:00;92,000;1,000;MESURE
2025-04-04 17:00:00+02:00;92,000;1,000;MESURE
2025-04-04 18:00:00+02:00;82,000;1,000;MESURE
2025-04-04 19:00:00+02:00;67,000;1,000;MESURE
2025-04-04 20:00:00+02:00;66,000;1,000;MESURE
2025-04-04 21:00:00+02:00;65,000;1,000;MESURE
2025-04-04 22:00:00+02:00;65,000;1,000;MESURE
2025-04-04 23:00:00+02:00;64,000;1,000;MESURE
2025-04-05 00:00:00+02:00;64,000;1,000;MESURE
2025-04-05 01:00:00+02:00;64,000;1,000;MESURE
2025-04-05 02:00:00+02:00;95,000;1,000;MESURE
2025-04-05 03:00:00+02:00;71,000;1,000;MESURE
2025-04-05 04:00:00+02:00;77,000;1,000;MESURE
2025-04-05 05:00:00+02:00;93,000;1,000;MESURE
2025-04-05 06:00:00+02:00;93,000;1,000;MESURE
2025-04-05 07:00:00+02:00;94,000;1,000;MESURE
2025-04-05 08:00:00+02:00;75,000;1,000;MESURE
2025-04-05 09:00:00+02:00;65,000;1,000;MESURE
2025-04-05 10:00:00+02:00;65,000;1,000;MESURE
2025-04-05 11:00:00+02:00;65,000;1,000;MESURE
2025-04-05 12:00:00+02:00;65,000;1,000;MESURE
2025-04-05 13:00:00+02:00;66,000;1,000;MESURE
2025-04-05 14:00:00+02:00;65,000;1,000;MESURE
2025-04-05 15:00:00+02:00;67,000;1,000;MESURE
2025-04-05 16:00:00+02:00;66,000;1,000;MESURE
2025-04-05 17:00:00+02:00;68,000;1,000;MESURE
2025-04-05 18:00:00+02:00;66,000;1,000;MESURE
2025-04-05 19:00:00+02:00;66,000;1,000;MESURE
2025-04-05 20:00:00+02:00;65,000;1,000;MESURE
2025-04-05 21:00:00+02:00;65,000;1,000;MESURE
2025-04-05 22:00:00+02:00;65,000;1,000;MESURE
2025-04-05 23:00:00+02:00;65,000;1,000;MESURE
2025-04-06 00:00:00+02:00;64,000;1,000;MESURE
2025-04-06 01:00:00+02:00;64,000;1,000;MESURE
2025-04-06 02:00:00+02:00;83,000;1,000;MESURE
2025-04-06 03:00:00+02:00;88,000;1,000;MESURE
2025-04-06 04:00:00+02:00;63,000;1,000;MESURE
2025-04-06 05:00:00+02:00;90,000;1,000;MESURE
2025-04-06 06:00:00+02:00;88,000;1,000;MESURE
2025-04-06 07:00:00+02:00;63,000;1,000;MESURE
2025-04-06 08:00:00+02:00;83,000;1,000;MESURE
2025-04-06 09:00:00+02:00;77,000;1,000;MESURE
2025-04-06 10:00:00+02:00;64,000;1,000;MESURE
2025-04-06 11:00:00+02:00;64,000;1,000;MESURE
2025-04-06 12:00:00+02:00;65,000;1,000;MESURE
2025-04-06 13:00:00+02:00;66,000;1,000;MESURE
2025-04-06 14:00:00+02:00;67,000;1,000;MESURE
2025-04-06 15:00:00+02:00;66,000;1,000;MESURE
2025-04-06 16:00:00+02:00;67,000;1,000;MESURE
2025-04-06 17:00:00+02:00;66,000;1,000;MESURE
2025-04-06 18:00:00+02:00;67,000;1,000;MESURE
2025-04-06 19:00:00+02:00;66,000;1,000;MESURE
2025-04-06 20:00:00+02:00;65,000;1,000;MESURE
2025-04-06 21:00:00+02:00;66,000;1,000;MESURE
2025-04-06 22:00:00+02:00;92,000;1,000;MESURE
2025-04-06 23:00:00+02:00;94,000;1,000;MESURE
2025-04-07 00:00:00+02:00;94,000;1,000;MESURE
2025-04-07 01:00:00+02:00;94,000;1,000;MESURE
2025-04-07 02:00:00+02:00;93,000;1,000;MESURE
2025-04-07 03:00:00+02:00;94,000;1,000;MESURE
2025-04-07 04:00:00+02:00;94,000;1,000;MESURE
2025-04-07 05:00:00+02:00;95,000;1,000;MESURE
2025-04-07 06:00:00+02:00;103,000;1,000;MESURE
2025-04-07 07:00:00+02:00;118,000;1,000;MESURE
2025-04-07 08:00:00+02:00;116,000;1,000;MESURE
2025-04-07 09:00:00+02:00;120,000;1,000;MESURE
2025-04-07 10:00:00+02:00;97,000;1,000;MESURE
2025-04-07 11:00:00+02:00;88,000;1,000;MESURE
2025-04-07 12:00:00+02:00;88,000;1,000;MESURE
2025-04-07 13:00:00+02:00;87,000;1,000;MESURE
2025-04-07 14:00:00+02:00;88,000;1,000;MESURE
2025-04-07 15:00:00+02:00;88,000;1,000;MESURE
2025-04-07 16:00:00+02:00;89,000;1,000;MESURE
2025-04-07 17:00:00+02:00;90,000;1,000;MESURE
2025-04-07 18:00:00+02:00;80,000;1,000;MESURE
2025-04-07 19:00:00+02:00;66,000;1,000;MESURE
2025-04-07 20:00:00+02:00;66,000;1,000;MESURE
2025-04-07 21:00:00+02:00;66,000;1,000;MESURE
2025-04-07 22:00:00+02:00;66,000;1,000;MESURE
2025-04-07 23:00:00+02:00;94,000;1,000;MESURE
2025-04-08 00:00:00+02:00;93,000;1,000;MESURE
2025-04-08 01:00:00+02:00;93,000;1,000;MESURE
2025-04-08 02:00:00+02:00;94,000;1,000;MESURE
2025-04-08 03:00:00+02:00;93,000;1,000;MESURE
2025-04-08 04:00:00+02:00;93,000;1,000;MESURE
2025-04-08 05:00:00+02:00;94,000;1,000;MESURE
2025-04-08 06:00:00+02:00;103,000;1,000;MESURE
2025-04-08 07:00:00+02:00;115,000;1,000;MESURE
2025-04-08 08:00:00+02:00;118,000;1,000;MESURE
2025-04-08 09:00:00+02:00;117,000;1,000;MESURE
2025-04-08 10:00:00+02:00;91,000;1,000;MESURE
2025-04-08 11:00:00+02:00;91,000;1,000;MESURE
2025-04-08 12:00:00+02:00;93,000;1,000;MESURE
2025-04-08 13:00:00+02:00;90,000;1,000;MESURE
2025-04-08 14:00:00+02:00;87,000;1,000;MESURE
2025-04-08 15:00:00+02:00;88,000;1,000;MESURE
2025-04-08 16:00:00+02:00;88,000;1,000;MESURE
2025-04-08 17:00:00+02:00;90,000;1,000;MESURE
2025-04-08 18:00:00+02:00;81,000;1,000;MESURE
2025-04-08 19:00:00+02:00;66,000;1,000;MESURE
2025-04-08 20:00:00+02:00;65,000;1,000;MESURE
2025-04-08 21:00:00+02:00;65,000;1,000;MESURE
2025-04-08 22:00:00+02:00;64,000;1,000;MESURE
2025-04-08 23:00:00+02:00;79,000;1,000;MESURE
2025-04-09 00:00:00+02:00;88,000;1,000;MESURE
2025-04-09 01:00:00+02:00;63,000;1,000;MESURE
2025-04-09 02:00:00+02:00;95,000;1,000;MESURE
2025-04-09 03:00:00+02:00;93,000;1,000;MESURE
2025-04-09 04:00:00+02:00;93,000;1,000;MESURE
2025-04-09 05:00:00+02:00;93,000;1,000;MESURE
2025-04-09 06:00:00+02:00;103,000;1,000;MESURE
2025-04-09 07:00:00+02:00;116,000;1,000;MESURE
2025-04-09 08:00:00+02:00;118,000;1,000;MESURE
2025-04-09 09:00:00+02:00;96,000;1,000;MESURE
2025-04-09 10:00:00+02:00;89,000;1,000;MESURE
2025-04-09 11:00:00+02:00;89,000;1,000;MESURE
2025-04-09 12:00:00+02:00;91,000;1,000;MESURE
2025-04-09 13:00:00+02:00;92,000;1,000;MESURE
2025-04-09 14:00:00+02:00;87,000;1,000;MESURE
2025-04-09 15:00:00+02:00;88,000;1,000;MESURE
2025-04-09 16:00:00+02:00;90,000;1,000;MESURE
2025-04-09 17:00:00+02:00;92,000;1,000;MESURE
2025-04-09 18:00:00+02:00;80,000;1,000;MESURE
2025-04-09 19:00:00+02:00;66,000;1,000;MESURE
2025-04-09 20:00:00+02:00;65,000;1,000;MESURE
2025-04-09 21:00:00+02:00;66,000;1,000;MESURE
2025-04-09 22:00:00+02:00;65,000;1,000;MESURE
2025-04-09 23:00:00+02:00;64,000;1,000;MESURE
2025-04-10 00:00:00+02:00;63,000;1,000;MESURE
2025-04-10 01:00:00+02:00;84,000;1,000;MESURE
2025-04-10 02:00:00+02:00;93,000;1,000;MESURE
2025-04-10 03:00:00+02:00;93,000;1,000;MESURE
2025-04-10 04:00:00+02:00;94,000;1,000;MESURE
2025-04-10 05:00:00+02:00;93,000;1,000;MESURE
2025-04-10 06:00:00+02:00;103,000;1,000;MESURE
2025-04-10 07:00:00+02:00;116,000;1,000;MESURE
2025-04-10 08:00:00+02:00;118,000;1,000;MESURE
2025-04-10 09:00:00+02:00;93,000;1,000;MESURE
2025-04-10 10:00:00+02:00;87,000;1,000;MESURE
2025-04-10 11:00:00+02:00;90,000;1,000;MESURE
2025-04-10 12:00:00+02:00;91,000;1,000;MESURE
2025-04-10 13:00:00+02:00;89,000;1,000;MESURE
2025-04-10 14:00:00+02:00;90,000;1,000;MESURE
2025-04-10 15:00:00+02:00;91,000;1,000;MESURE
2025-04-10 16:00:00+02:00;90,000;1,000;MESURE
2025-04-10 17:00:00+02:00;94,000;1,000;MESURE
2025-04-10 18:00:00+02:00;80,000;1,000;MESURE
2025-04-10 19:00:00+02:00;66,000;1,000;MESURE
2025-04-10 20:00:00+02:00;65,000;1,000;MESURE
2025-04-10 21:00:00+02:00;67,000;1,000;MESURE
2025-04-10 22:00:00+02:00;65,000;1,000;MESURE
2025-04-10 23:00:00+02:00;64,000;1,000;MESURE
2025-04-11 00:00:00+02:00;70,000;1,000;MESURE
2025-04-11 01:00:00+02:00;94,000;1,000;MESURE
2025-04-11 02:00:00+02:00;72,000;1,000;MESURE
2025-04-11 03:00:00+02:00;81,000;1,000;MESURE
2025-04-11 04:00:00+02:00;94,000;1,000;MESURE
2025-04-11 05:00:00+02:00;93,000;1,000;MESURE
2025-04-11 06:00:00+02:00;102,000;1,000;MESURE
2025-04-11 07:00:00+02:00;116,000;1,000;MESURE
2025-04-11 08:00:00+02:00;116,000;1,000;MESURE
2025-04-11 09:00:00+02:00;90,000;1,000;MESURE
2025-04-11 10:00:00+02:00;90,000;1,000;MESURE
2025-04-11 11:00:00+02:00;89,000;1,000;MESURE
2025-04-11 12:00:00+02:00;93,000;1,000;MESURE
2025-04-11 13:00:00+02:00;91,000;1,000;MESURE
2025-04-11 14:00:00+02:00;91,000;1,000;MESURE
2025-04-11 15:00:00+02:00;93,000;1,000;MESURE
2025-04-11 16:00:00+02:00;93,000;1,000;MESURE
2025-04-11 17:00:00+02:00;90,000;1,000;MESURE
2025-04-11 18:00:00+02:00;81,000;1,000;MESURE
2025-04-11 19:00:00+02:00;68,000;1,000;MESURE
2025-04-11 20:00:00+02:00;68,000;1,000;MESURE
2025-04-11 21:00:00+02:00;75,000;1,000;MESURE
2025-04-11 22:00:00+02:00;75,000;1,000;MESURE
2025-04-11 23:00:00+02:00;73,000;1,000;MESURE
2025-04-12 00:00:00+02:00;73,000;1,000;MESURE
2025-04-12 01:00:00+02:00;73,000;1,000;MESURE
2025-04-12 02:00:00+02:00;101,000;1,000;MESURE
2025-04-12 03:00:00+02:00;87,000;1,000;MESURE
2025-04-12 04:00:00+02:00;83,000;1,000;MESURE
2025-04-12 05:00:00+02:00;102,000;1,000;MESURE
2025-04-12 06:00:00+02:00;100,000;1,000;MESURE
2025-04-12 07:00:00+02:00;93,000;1,000;MESURE
2025-04-12 08:00:00+02:00;83,000;1,000;MESURE
2025-04-12 09:00:00+02:00;65,000;1,000;MESURE
2025-04-12 10:00:00+02:00;64,000;1,000;MESURE
2025-04-12 11:00:00+02:00;65,000;1,000;MESURE
2025-04-12 12:00:00+02:00;65,000;1,000;MESURE
2025-04-12 13:00:00+02:00;65,000;1,000;MESURE
2025-04-12 14:00:00+02:00;65,000;1,000;MESURE
2025-04-12 15:00:00+02:00;66,000;1,000;MESURE
2025-04-12 16:00:00+02:00;66,000;1,000;MESURE
2025-04-12 17:00:00+02:00;67,000;1,000;MESURE
2025-04-12 18:00:00+02:00;66,000;1,000;MESURE
2025-04-12 19:00:00+02:00;67,000;1,000;MESURE
2025-04-12 20:00:00+02:00;65,000;1,000;MESURE
2025-04-12 21:00:00+02:00;66,000;1,000;MESURE
2025-04-12 22:00:00+02:00;65,000;1,000;MESURE
2025-04-12 23:00:00+02:00;66,000;1,000;MESURE
2025-04-13 00:00:00+02:00;65,000;1,000;MESURE
2025-04-13 01:00:00+02:00;64,000;1,000;MESURE
2025-04-13 02:00:00+02:00;65,000;1,000;MESURE
2025-04-13 03:00:00+02:00;66,000;1,000;MESURE
2025-04-13 04:00:00+02:00;67,000;1,000;MESURE
2025-04-13 05:00:00+02:00;67,000;1,000;MESURE
2025-04-13 06:00:00+02:00;68,000;1,000;MESURE
2025-04-13 07:00:00+02:00;65,000;1,000;MESURE
2025-04-13 08:00:00+02:00;92,000;1,000;MESURE
2025-04-13 09:00:00+02:00;71,000;1,000;MESURE
2025-04-13 10:00:00+02:00;65,000;1,000;MESURE
2025-04-13 11:00:00+02:00;66,000;1,000;MESURE
2025-04-13 12:00:00+02:00;32,000;1,000;MESURE
2025-04-13 13:00:00+02:00;66,000;1,000;MESURE
2025-04-13 14:00:00+02:00;66,000;1,000;MESURE
2025-04-13 15:00:00+02:00;66,000;1,000;MESURE
2025-04-13 16:00:00+02:00;66,000;1,000;MESURE
2025-04-13 17:00:00+02:00;66,000;1,000;MESURE
2025-04-13 18:00:00+02:00;65,000;1,000;MESURE
2025-04-13 19:00:00+02:00;65,000;1,000;MESURE
2025-04-13 20:00:00+02:00;64,000;1,000;MESURE
2025-04-13 21:00:00+02:00;64,000;1,000;MESURE
2025-04-13 22:00:00+02:00;65,333;0,500;INTERP_COURTE
2025-04-13 23:00:00+02:00;66,667;0,000;INTERP_COURTE
2025-04-14 00:00:00+02:00;68,000;1,000;MESURE
2025-04-14 01:00:00+02:00;69,000;1,000;MESURE
2025-04-14 02:00:00+02:00;68,000;1,000;MESURE
2025-04-14 03:00:00+02:00;68,000;1,000;MESURE
2025-04-14 04:00:00+02:00;69,000;1,000;MESURE
2025-04-14 05:00:00+02:00;68,000;1,000;MESURE
2025-04-14 06:00:00+02:00;77,000;1,000;MESURE
2025-04-14 07:00:00+02:00;87,000;1,000;MESURE
2025-04-14 08:00:00+02:00;88,000;1,000;MESURE
2025-04-14 09:00:00+02:00;89,000;1,000;MESURE
2025-04-14 10:00:00+02:00;90,000;1,000;MESURE
2025-04-14 11:00:00+02:00;92,000;1,000;MESURE
2025-04-14 12:00:00+02:00;91,000;1,000;MESURE
2025-04-14 13:00:00+02:00;90,000;1,000;MESURE
2025-04-14 14:00:00+02:00;92,000;1,000;MESURE
2025-04-14 15:00:00+02:00;91,000;1,000;MESURE
2025-04-14 16:00:00+02:00;91,000;1,000;MESURE
2025-04-14 17:00:00+02:00;93,000;1,000;MESURE
2025-04-14 18:00:00+02:00;81,000;1,000;MESURE
2025-04-14 19:00:00+02:00;67,000;1,000;MESURE
2025-04-14 20:00:00+02:00;66,000;1,000;MESURE
2025-04-14 21:00:00+02:00;65,000;1,000;MESURE
2025-04-14 22:00:00+02:00;66,000;1,000;MESURE
2025-04-14 23:00:00+02:00;64,000;1,000;MESURE
2025-04-15 00:00:00+02:00;67,000;1,000;MESURE
2025-04-15 01:00:00+02:00;67,000;1,000;MESURE
2025-04-15 02:00:00+02:00;66,000;1,000;MESURE
2025-04-15 03:00:00+02:00;66,000;1,000;MESURE
2025-04-15 04:00:00+02:00;67,000;1,000;MESURE
2025-04-15 05:00:00+02:00;66,000;1,000;MESURE
2025-04-15 06:00:00+02:00;77,000;1,000;MESURE
2025-04-15 07:00:00+02:00;87,000;1,000;MESURE
2025-04-15 08:00:00+02:00;90,000;1,000;MESURE
2025-04-15 09:00:00+02:00;90,000;1,000;MESURE
2025-04-15 10:00:00+02:00;91,000;1,000;MESURE
2025-04-15 11:00:00+02:00;88,000;1,000;MESURE
2025-04-15 12:00:00+02:00;88,000;1,000;MESURE
2025-04-15 13:00:00+02:00;89,000;1,000;MESURE
2025-04-15 14:00:00+02:00;91,000;1,000;MESURE
2025-04-15 15:00:00+02:00;89,000;1,000;MESURE
2025-04-15 16:00:00+02:00;96,000;1,000;MESURE
2025-04-15 17:00:00+02:00;88,000;1,000;MESURE
2025-04-15 18:00:00+02:00;78,000;1,000;MESURE
2025-04-15 19:00:00+02:00;67,000;1,000;MESURE
2025-04-15 20:00:00+02:00;67,000;1,000;MESURE
2025-04-15 21:00:00+02:00;66,000;1,000;MESURE
2025-04-15 22:00:00+02:00;65,000;1,000;MESURE
2025-04-15 23:00:00+02:00;64,000;1,000;MESURE
2025-04-16 00:00:00+02:00;68,000;1,000;MESURE
2025-04-16 01:00:00+02:00;69,000;1,000;MESURE
2025-04-16 02:00:00+02:00;69,000;1,000;MESURE
2025-04-16 03:00:00+02:00;68,000;1,000;MESURE
2025-04-16 04:00:00+02:00;69,000;1,000;MESURE
2025-04-16 05:00:00+02:00;68,000;1,000;MESURE
2025-04-16 06:00:00+02:00;78,000;1,000;MESURE
2025-04-16 07:00:00+02:00;87,000;1,000;MESURE
2025-04-16 08:00:00+02:00;90,000;1,000;MESURE
2025-04-16 09:00:00+02:00;120,000;1,000;MESURE
2025-04-16 10:00:00+02:00;101,000;1,000;MESURE
2025-04-16 11:00:00+02:00;90,000;1,000;MESURE
2025-04-16 12:00:00+02:00;109,000;1,000;MESURE
2025-04-16 13:00:00+02:00;115,000;1,000;MESURE
2025-04-16 14:00:00+02:00;116,000;1,000;MESURE
2025-04-16 15:00:00+02:00;116,000;1,000;MESURE
2025-04-16 16:00:00+02:00;115,000;1,000;MESURE
2025-04-16 17:00:00+02:00;87,000;1,000;MESURE
2025-04-16 18:00:00+02:00;106,000;1,000;MESURE
2025-04-16 19:00:00+02:00;95,000;1,000;MESURE
2025-04-16 20:00:00+02:00;96,000;1,000;MESURE
2025-04-16 21:00:00+02:00;99,000;1,000;MESURE
2025-04-16 22:00:00+02:00;98,000;1,000;MESURE
2025-04-16 23:00:00+02:00;98,000;1,000;MESURE
2025-04-17 00:00:00+02:00;98,000;1,000;MESURE
2025-04-17 01:00:00+02:00;98,000;1,000;MESURE
2025-04-17 02:00:00+02:00;98,000;1,000;MESURE
2025-04-17 03:00:00+02:00;97,000;1,000;MESURE
2025-04-17 04:00:00+02:00;98,000;1,000;MESURE
2025-04-17 05:00:00+02:00;98,000;1,000;MESURE
2025-04-17 06:00:00+02:00;107,000;1,000;MESURE
2025-04-17 07:00:00+02:00;116,000;1,000;MESURE
2025-04-17 08:00:00+02:00;119,000;1,000;MESURE
2025-04-17 09:00:00+02:00;117,000;1,000;MESURE
2025-04-17 10:00:00+02:00;117,000;1,000;MESURE
2025-04-17 11:00:00+02:00;117,000;1,000;MESURE
2025-04-17 12:00:00+02:00;89,000;1,000;MESURE
2025-04-17 13:00:00+02:00;88,000;1,000;MESURE
2025-04-17 14:00:00+02:00;89,000;1,000;MESURE
2025-04-17 15:00:00+02:00;89,000;1,000;MESURE
2025-04-17 16:00:00+02:00;87,000;1,000;MESURE
2025-04-17 17:00:00+02:00;87,000;1,000;MESURE
2025-04-17 18:00:00+02:00;100,000;1,000;MESURE
2025-04-17 19:00:00+02:00;85,000;1,000;MESURE
2025-04-17 20:00:00+02:00;66,000;1,000;MESURE
2025-04-17 21:00:00+02:00;94,000;1,000;MESURE
2025-04-17 22:00:00+02:00;95,000;1,000;MESURE
2025-04-17 23:00:00+02:00;93,000;1,000;MESURE
2025-04-18 00:00:00+02:00;93,000;1,000;MESURE
2025-04-18 01:00:00+02:00;93,000;1,000;MESURE
2025-04-18 02:00:00+02:00;93,000;1,000;MESURE
2025-04-18 03:00:00+02:00;94,000;1,000;MESURE
2025-04-18 04:00:00+02:00;93,000;1,000;MESURE
2025-04-18 05:00:00+02:00;93,000;1,000;MESURE
2025-04-18 06:00:00+02:00;103,000;1,000;MESURE
2025-04-18 07:00:00+02:00;115,000;1,000;MESURE
2025-04-18 08:00:00+02:00;116,000;1,000;MESURE
2025-04-18 09:00:00+02:00;115,000;1,000;MESURE
2025-04-18 10:00:00+02:00;87,000;1,000;MESURE
2025-04-18 11:00:00+02:00;89,000;1,000;MESURE
2025-04-18 12:00:00+02:00;92,000;1,000;MESURE
2025-04-18 13:00:00+02:00;94,000;1,000;MESURE
2025-04-18 14:00:00+02:00;89,000;1,000;MESURE
2025-04-18 15:00:00+02:00;90,000;1,000;MESURE
2025-04-18 16:00:00+02:00;92,000;1,000;MESURE
2025-04-18 17:00:00+02:00;89,000;1,000;MESURE
2025-04-18 18:00:00+02:00;79,000;1,000;MESURE
2025-04-18 19:00:00+02:00;67,000;1,000;MESURE
2025-04-18 20:00:00+02:00;65,000;1,000;MESURE
2025-04-18 21:00:00+02:00;68,000;1,000;MESURE
2025-04-18 22:00:00+02:00;94,000;1,000;MESURE
2025-04-18 23:00:00+02:00;77,000;1,000;MESURE
2025-04-19 00:00:00+02:00;78,000;1,000;MESURE
2025-04-19 01:00:00+02:00;93,000;1,000;MESURE
2025-04-19 02:00:00+02:00;94,000;1,000;MESURE
2025-04-19 03:00:00+02:00;93,000;1,000;MESURE
2025-04-19 04:00:00+02:00;93,000;1,000;MESURE
2025-04-19 05:00:00+02:00;93,000;1,000;MESURE
2025-04-19 06:00:00+02:00;94,000;1,000;MESURE
2025-04-19 07:00:00+02:00;94,000;1,000;MESURE
2025-04-19 08:00:00+02:00;93,000;1,000;MESURE
2025-04-19 09:00:00+02:00;83,000;1,000;MESURE
2025-04-19 10:00:00+02:00;63,000;1,000;MESURE
2025-04-19 11:00:00+02:00;64,000;1,000;MESURE
2025-04-19 12:00:00+02:00;64,000;1,000;MESURE
2025-04-19 13:00:00+02:00;64,000;1,000;MESURE
2025-04-19 14:00:00+02:00;65,000;1,000;MESURE
2025-04-19 15:00:00+02:00;67,000;1,000;MESURE
2025-04-19 16:00:00+02:00;65,000;1,000;MESURE
2025-04-19 17:00:00+02:00;67,000;1,000;MESURE
2025-04-19 18:00:00+02:00;66,000;1,000;MESURE
2025-04-19 19:00:00+02:00;66,000;1,000;MESURE
2025-04-19 20:00:00+02:00;65,000;1,000;MESURE
2025-04-19 21:00:00+02:00;64,000;1,000;MESURE
2025-04-19 22:00:00+02:00;64,000;1,000;MESURE
2025-04-19 23:00:00+02:00;64,000;1,000;MESURE
2025-04-20 00:00:00+02:00;64,000;1,000;MESURE
2025-04-20 01:00:00+02:00;83,000;1,000;MESURE
2025-04-20 02:00:00+02:00;81,000;1,000;MESURE
2025-04-20 03:00:00+02:00;63,000;1,000;MESURE
2025-04-20 04:00:00+02:00;94,000;1,000;MESURE
2025-04-20 05:00:00+02:00;78,000;1,000;MESURE
2025-04-20 06:00:00+02:00;64,000;1,000;MESURE
2025-04-20 07:00:00+02:00;87,000;1,000;MESURE
2025-04-20 08:00:00+02:00;90,000;1,000;MESURE
2025-04-20 09:00:00+02:00;66,000;1,000;MESURE
2025-04-20 10:00:00+02:00;65,000;1,000;MESURE
2025-04-20 11:00:00+02:00;65,000;1,000;MESURE
2025-04-20 12:00:00+02:00;67,000;1,000;MESURE
2025-04-20 13:00:00+02:00;65,000;1,000;MESURE
2025-04-20 14:00:00+02:00;66,000;1,000;MESURE
2025-04-20 15:00:00+02:00;67,000;1,000;MESURE
2025-04-20 16:00:00+02:00;66,000;1,000;MESURE
2025-04-20 17:00:00+02:00;66,000;1,000;MESURE
2025-04-20 18:00:00+02:00;65,000;1,000;MESURE
2025-04-20 19:00:00+02:00;67,000;1,000;MESURE
2025-04-20 20:00:00+02:00;65,000;1,000;MESURE
2025-04-20 21:00:00+02:00;66,000;1,000;MESURE
2025-04-20 22:00:00+02:00;66,000;1,000;MESURE
2025-04-20 23:00:00+02:00;68,000;1,000;MESURE
2025-04-21 00:00:00+02:00;95,000;1,000;MESURE
2025-04-21 01:00:00+02:00;78,000;1,000;MESURE
2025-04-21 02:00:00+02:00;73,000;1,000;MESURE
2025-04-21 03:00:00+02:00;93,000;1,000;MESURE
2025-04-21 04:00:00+02:00;85,000;1,000;MESURE
2025-04-21 05:00:00+02:00;64,000;1,000;MESURE
2025-04-21 06:00:00+02:00;104,000;1,000;MESURE
2025-04-21 07:00:00+02:00;118,000;1,000;MESURE
2025-04-21 08:00:00+02:00;115,000;1,000;MESURE
2025-04-21 09:00:00+02:00;91,000;1,000;MESURE
2025-04-21 10:00:00+02:00;87,000;1,000;MESURE
2025-04-21 11:00:00+02:00;91,000;1,000;MESURE
2025-04-21 12:00:00+02:00;90,000;1,000;MESURE
2025-04-21 13:00:00+02:00;89,000;1,000;MESURE
2025-04-21 14:00:00+02:00;88,000;1,000;MESURE
2025-04-21 15:00:00+02:00;88,000;1,000;MESURE
2025-04-21 16:00:00+02:00;88,000;1,000;MESURE
2025-04-21 17:00:00+02:00;89,000;1,000;MESURE
2025-04-21 18:00:00+02:00;80,000;1,000;MESURE
2025-04-21 19:00:00+02:00;65,000;1,000;MESURE
2025-04-21 20:00:00+02:00;66,000;1,000;MESURE
2025-04-21 21:00:00+02:00;67,000;1,000;MESURE
2025-04-21 22:00:00+02:00;65,000;1,000;MESURE
2025-04-21 23:00:00+02:00;64,000;1,000;MESURE
2025-04-22 00:00:00+02:00;74,000;1,000;MESURE
2025-04-22 01:00:00+02:00;94,000;1,000;MESURE
2025-04-22 02:00:00+02:00;72,000;1,000;MESURE
2025-04-22 03:00:00+02:00;83,000;1,000;MESURE
2025-04-22 04:00:00+02:00;94,000;1,000;MESURE
2025-04-22 05:00:00+02:00;94,000;1,000;MESURE
2025-04-22 06:00:00+02:00;104,000;1,000;MESURE
2025-04-22 07:00:00+02:00;118,000;1,000;MESURE
2025-04-22 08:00:00+02:00;111,000;1,000;MESURE
2025-04-22 09:00:00+02:00;91,000;1,000;MESURE
2025-04-22 10:00:00+02:00;87,000;1,000;MESURE
2025-04-22 11:00:00+02:00;87,000;1,000;MESURE
2025-04-22 12:00:00+02:00;89,000;1,000;MESURE
2025-04-22 13:00:00+02:00;89,000;1,000;MESURE
2025-04-22 14:00:00+02:00;90,000;1,000;MESURE
2025-04-22 15:00:00+02:00;89,000;1,000;MESURE
2025-04-22 16:00:00+02:00;91,000;1,000;MESURE
2025-04-22 17:00:00+02:00;93,000;1,000;MESURE
2025-04-22 18:00:00+02:00;82,000;1,000;MESURE
2025-04-22 19:00:00+02:00;66,000;1,000;MESURE
2025-04-22 20:00:00+02:00;66,000;1,000;MESURE
2025-04-22 21:00:00+02:00;65,000;1,000;MESURE
2025-04-22 22:00:00+02:00;65,000;1,000;MESURE
2025-04-22 23:00:00+02:00;65,000;1,000;MESURE
2025-04-23 00:00:00+02:00;65,000;1,000;MESURE
2025-04-23 01:00:00+02:00;64,000;1,000;MESURE
2025-04-23 02:00:00+02:00;80,000;1,000;MESURE
2025-04-23 03:00:00+02:00;92,000;1,000;MESURE
2025-04-23 04:00:00+02:00;63,000;1,000;MESURE
2025-04-23 05:00:00+02:00;83,000;1,000;MESURE
2025-04-23 06:00:00+02:00;97,000;1,000;MESURE
2025-04-23 07:00:00+02:00;87,000;1,000;MESURE
2025-04-23 08:00:00+02:00;87,000;1,000;MESURE
2025-04-23 09:00:00+02:00;88,000;1,000;MESURE
2025-04-23 10:00:00+02:00;88,000;1,000;MESURE
2025-04-23 11:00:00+02:00;92,000;1,000;MESURE
2025-04-23 12:00:00+02:00;89,000;1,000;MESURE
2025-04-23 13:00:00+02:00;91,000;1,000;MESURE
2025-04-23 14:00:00+02:00;90,000;1,000;MESURE
2025-04-23 15:00:00+02:00;91,000;1,000;MESURE
2025-04-23 16:00:00+02:00;89,000;1,000;MESURE
2025-04-23 17:00:00+02:00;86,000;1,000;MESURE
2025-04-23 18:00:00+02:00;103,000;1,000;MESURE
2025-04-23 19:00:00+02:00;79,000;1,000;MESURE
2025-04-23 20:00:00+02:00;66,000;1,000;MESURE
2025-04-23 21:00:00+02:00;82,000;1,000;MESURE
2025-04-23 22:00:00+02:00;89,000;1,000;MESURE
2025-04-23 23:00:00+02:00;64,000;1,000;MESURE
2025-04-24 00:00:00+02:00;85,000;1,000;MESURE
2025-04-24 01:00:00+02:00;95,000;1,000;MESURE
2025-04-24 02:00:00+02:00;96,000;1,000;MESURE
2025-04-24 03:00:00+02:00;95,000;1,000;MESURE
2025-04-24 04:00:00+02:00;96,000;1,000;MESURE
2025-04-24 05:00:00+02:00;96,000;1,000;MESURE
2025-04-24 06:00:00+02:00;104,000;1,000;MESURE
2025-04-24 07:00:00+02:00;115,000;1,000;MESURE
2025-04-24 08:00:00+02:00;87,000;1,000;MESURE
2025-04-24 09:00:00+02:00;88,000;1,000;MESURE
2025-04-24 10:00:00+02:00;89,000;1,000;MESURE
2025-04-24 11:00:00+02:00;92,000;1,000;MESURE
2025-04-24 12:00:00+02:00;89,000;1,000;MESURE
2025-04-24 13:00:00+02:00;91,000;1,000;MESURE
2025-04-24 14:00:00+02:00;92,000;1,000;MESURE
2025-04-24 15:00:00+02:00;90,000;1,000;MESURE
2025-04-24 16:00:00+02:00;91,000;1,000;MESURE
2025-04-24 17:00:00+02:00;92,000;1,000;MESURE
2025-04-24 18:00:00+02:00;81,000;1,000;MESURE
2025-04-24 19:00:00+02:00;66,000;1,000;MESURE
2025-04-24 20:00:00+02:00;65,000;1,000;MESURE
2025-04-24 21:00:00+02:00;65,000;1,000;MESURE
2025-04-24 22:00:00+02:00;65,000;1,000;MESURE
2025-04-24 23:00:00+02:00;64,000;1,000;MESURE
2025-04-25 00:00:00+02:00;68,000;1,000;MESURE
2025-04-25 01:00:00+02:00;94,000;1,000;MESURE
2025-04-25 02:00:00+02:00;64,000;1,000;MESURE
2025-04-25 03:00:00+02:00;72,000;1,000;MESURE
2025-04-25 04:00:00+02:00;94,000;1,000;MESURE
2025-04-25 05:00:00+02:00;83,000;1,000;MESURE
2025-04-25 06:00:00+02:00;87,000;1,000;MESURE
2025-04-25 07:00:00+02:00;116,000;1,000;MESURE
2025-04-25 08:00:00+02:00;110,000;1,000;MESURE
2025-04-25 09:00:00+02:00;89,000;1,000;MESURE
2025-04-25 10:00:00+02:00;89,000;1,000;MESURE
2025-04-25 11:00:00+02:00;90,000;1,000;MESURE
2025-04-25 12:00:00+02:00;91,000;1,000;MESURE
2025-04-25 13:00:00+02:00;91,000;1,000;MESURE
2025-04-25 14:00:00+02:00;91,000;1,000;MESURE
2025-04-25 15:00:00+02:00;91,000;1,000;MESURE
2025-04-25 16:00:00+02:00;93,000;1,000;MESURE
2025-04-25 17:00:00+02:00;90,000;1,000;MESURE
2025-04-25 18:00:00+02:00;80,000;1,000;MESURE
2025-04-25 19:00:00+02:00;67,000;1,000;MESURE
2025-04-25 20:00:00+02:00;67,000;1,000;MESURE
2025-04-25 21:00:00+02:00;66,000;1,000;MESURE
2025-04-25 22:00:00+02:00;66,000;1,000;MESURE
2025-04-25 23:00:00+02:00;64,000;1,000;MESURE
2025-04-26 00:00:00+02:00;87,000;1,000;MESURE
2025-04-26 01:00:00+02:00;86,000;1,000;MESURE
2025-04-26 02:00:00+02:00;64,000;1,000;MESURE
2025-04-26 03:00:00+02:00;89,000;1,000;MESURE
2025-04-26 04:00:00+02:00;93,000;1,000;MESURE
2025-04-26 05:00:00+02:00;93,000;1,000;MESURE
2025-04-26 06:00:00+02:00;93,000;1,000;MESURE
2025-04-26 07:00:00+02:00;85,000;1,000;MESURE
2025-04-26 08:00:00+02:00;64,000;1,000;MESURE
2025-04-26 09:00:00+02:00;63,000;1,000;MESURE
2025-04-26 10:00:00+02:00;64,000;1,000;MESURE
2025-04-26 11:00:00+02:00;65,000;1,000;MESURE
2025-04-26 12:00:00+02:00;64,000;1,000;MESURE
2025-04-26 13:00:00+02:00;65,000;1,000;MESURE
2025-04-26 14:00:00+02:00;65,000;1,000;MESURE
2025-04-26 15:00:00+02:00;65,000;1,000;MESURE
2025-04-26 16:00:00+02:00;67,000;1,000;MESURE
2025-04-26 17:00:00+02:00;65,000;1,000;MESURE
2025-04-26 18:00:00+02:00;65,000;1,000;MESURE
2025-04-26 19:00:00+02:00;65,000;1,000;MESURE
2025-04-26 20:00:00+02:00;64,000;1,000;MESURE
2025-04-26 21:00:00+02:00;65,000;1,000;MESURE
2025-04-26 22:00:00+02:00;64,000;1,000;MESURE
2025-04-26 23:00:00+02:00;64,000;1,000;MESURE
2025-04-27 00:00:00+02:00;64,000;1,000;MESURE
2025-04-27 01:00:00+02:00;64,000;1,000;MESURE
2025-04-27 02:00:00+02:00;64,000;1,000;MESURE
2025-04-27 03:00:00+02:00;65,000;1,000;MESURE
2025-04-27 04:00:00+02:00;67,000;1,000;MESURE
2025-04-27 05:00:00+02:00;66,000;1,000;MESURE
2025-04-27 06:00:00+02:00;66,000;1,000;MESURE
2025-04-27 07:00:00+02:00;64,000;1,000;MESURE
2025-04-27 08:00:00+02:00;64,000;1,000;MESURE
2025-04-27 09:00:00+02:00;64,000;1,000;MESURE
2025-04-27 10:00:00+02:00;64,000;1,000;MESURE
2025-04-27 11:00:00+02:00;65,000;1,000;MESURE
2025-04-27 12:00:00+02:00;64,000;1,000;MESURE
2025-04-27 13:00:00+02:00;65,000;1,000;MESURE
2025-04-27 14:00:00+02:00;65,000;1,000;MESURE
2025-04-27 15:00:00+02:00;65,000;1,000;MESURE
2025-04-27 16:00:00+02:00;66,000;1,000;MESURE
2025-04-27 17:00:00+02:00;65,000;1,000;MESURE
2025-04-27 18:00:00+02:00;65,000;1,000;MESURE
2025-04-27 19:00:00+02:00;64,000;1,000;MESURE
2025-04-27 20:00:00+02:00;65,000;1,000;MESURE
2025-04-27 21:00:00+02:00;64,000;1,000;MESURE
2025-04-27 22:00:00+02:00;64,000;1,000;MESURE
2025-04-27 23:00:00+02:00;64,000;1,000;MESURE
2025-04-28 00:00:00+02:00;64,000;1,000;MESURE
2025-04-28 01:00:00+02:00;64,000;1,000;MESURE
2025-04-28 02:00:00+02:00;64,000;1,000;MESURE
2025-04-28 03:00:00+02:00;71,000;1,000;MESURE
2025-04-28 04:00:00+02:00;94,000;1,000;MESURE
2025-04-28 05:00:00+02:00;64,000;1,000;MESURE
2025-04-28 06:00:00+02:00;88,000;1,000;MESURE
2025-04-28 07:00:00+02:00;113,000;1,000;MESURE
2025-04-28 08:00:00+02:00;88,000;1,000;MESURE
2025-04-28 09:00:00+02:00;90,000;1,000;MESURE
2025-04-28 10:00:00+02:00;90,000;1,000;MESURE
2025-04-28 11:00:00+02:00;89,000;1,000;MESURE
2025-04-28 12:00:00+02:00;94,000;1,000;MESURE
2025-04-28 13:00:00+02:00;92,000;1,000;MESURE
2025-04-28 14:00:00+02:00;89,000;1,000;MESURE
2025-04-28 15:00:00+02:00;90,000;1,000;MESURE
2025-04-28 16:00:00+02:00;91,000;1,000;MESURE
2025-04-28 17:00:00+02:00;91,000;1,000;MESURE
2025-04-28 18:00:00+02:00;80,000;1,000;MESURE
2025-04-28 19:00:00+02:00;66,000;1,000;MESURE
2025-04-28 20:00:00+02:00;65,000;1,000;MESURE
2025-04-28 21:00:00+02:00;65,000;1,000;MESURE
2025-04-28 22:00:00+02:00;64,000;1,000;MESURE
2025-04-28 23:00:00+02:00;64,000;1,000;MESURE
2025-04-29 00:00:00+02:00;64,000;1,000;MESURE
2025-04-29 01:00:00+02:00;64,000;1,000;MESURE
2025-04-29 02:00:00+02:00;64,000;1,000;MESURE
2025-04-29 03:00:00+02:00;64,000;1,000;MESURE
2025-04-29 04:00:00+02:00;64,000;1,000;MESURE
2025-04-29 05:00:00+02:00;64,000;1,000;MESURE
2025-04-29 06:00:00+02:00;73,000;1,000;MESURE
2025-04-29 07:00:00+02:00;87,000;1,000;MESURE
2025-04-29 08:00:00+02:00;88,000;1,000;MESURE
2025-04-29 09:00:00+02:00;90,000;1,000;MESURE
2025-04-29 10:00:00+02:00;89,000;1,000;MESURE
2025-04-29 11:00:00+02:00;91,000;1,000;MESURE
2025-04-29 12:00:00+02:00;91,000;1,000;MESURE
2025-04-29 13:00:00+02:00;91,000;1,000;MESURE
2025-04-29 14:00:00+02:00;91,000;1,000;MESURE
2025-04-29 15:00:00+02:00;94,000;1,000;MESURE
2025-04-29 16:00:00+02:00;91,000;1,000;MESURE
2025-04-29 17:00:00+02:00;93,000;1,000;MESURE
2025-04-29 18:00:00+02:00;81,000;1,000;MESURE
2025-04-29 19:00:00+02:00;66,000;1,000;MESURE
2025-04-29 20:00:00+02:00;65,000;1,000;MESURE
2025-04-29 21:00:00+02:00;65,000;1,000;MESURE
2025-04-29 22:00:00+02:00;65,000;1,000;MESURE
2025-04-29 23:00:00+02:00;64,000;1,000;MESURE
2025-04-30 00:00:00+02:00;64,000;1,000;MESURE
2025-04-30 01:00:00+02:00;65,000;1,000;MESURE
2025-04-30 02:00:00+02:00;63,000;1,000;MESURE
2025-04-30 03:00:00+02:00;64,000;1,000;MESURE
2025-04-30 04:00:00+02:00;64,000;1,000;MESURE
2025-04-30 05:00:00+02:00;64,000;1,000;MESURE
2025-04-30 06:00:00+02:00;74,000;1,000;MESURE
2025-04-30 07:00:00+02:00;87,000;1,000;MESURE
2025-04-30 08:00:00+02:00;89,000;1,000;MESURE
2025-04-30 09:00:00+02:00;91,000;1,000;MESURE
2025-04-30 10:00:00+02:00;92,000;1,000;MESURE
2025-04-30 11:00:00+02:00;92,000;1,000;MESURE
2025-04-30 12:00:00+02:00;93,000;1,000;MESURE
2025-04-30 13:00:00+02:00;94,000;1,000;MESURE
2025-04-30 14:00:00+02:00;95,000;1,000;MESURE
2025-04-30 15:00:00+02:00;91,000;1,000;MESURE
2025-04-30 16:00:00+02:00;95,000;1,000;MESURE
2025-04-30 17:00:00+02:00;93,000;1,000;MESURE
2025-04-30 18:00:00+02:00;79,000;1,000;MESURE
2025-04-30 19:00:00+02:00;66,000;1,000;MESURE
2025-04-30 20:00:00+02:00;66,000;1,000;MESURE
2025-04-30 21:00:00+02:00;65,000;1,000;MESURE
2025-04-30 22:00:00+02:00;65,000;1,000;MESURE
2025-04-30 23:00:00+02:00;65,000;1,000;MESURE
2025-05-01 00:00:00+02:00;64,000;1,000;MESURE
2025-05-01 01:00:00+02:00;64,000;1,000;MESURE
2025-05-01 02:00:00+02:00;64,000;1,000;MESURE
2025-05-01 03:00:00+02:00;64,000;1,000;MESURE
2025-05-01 04:00:00+02:00;64,000;1,000;MESURE
2025-05-01 05:00:00+02:00;64,000;1,000;MESURE
2025-05-01 06:00:00+02:00;73,000;1,000;MESURE
2025-05-01 07:00:00+02:00;88,000;1,000;MESURE
2025-05-01 08:00:00+02:00;87,000;1,000;MESURE
2025-05-01 09:00:00+02:00;91,000;1,000;MESURE
2025-05-01 10:00:00+02:00;93,000;1,000;MESURE
2025-05-01 11:00:00+02:00;94,000;1,000;MESURE
2025-05-01 12:00:00+02:00;93,000;1,000;MESURE
2025-05-01 13:00:00+02:00;93,000;1,000;MESURE
2025-05-01 14:00:00+02:00;93,000;1,000;MESURE
2025-05-01 15:00:00+02:00;93,000;1,000;MESURE
2025-05-01 16:00:00+02:00;94,000;1,000;MESURE
2025-05-01 17:00:00+02:00;92,000;1,000;MESURE
2025-05-01 18:00:00+02:00;80,000;1,000;MESURE
2025-05-01 19:00:00+02:00;66,000;1,000;MESURE
2025-05-01 20:00:00+02:00;66,000;1,000;MESURE
2025-05-01 21:00:00+02:00;66,000;1,000;MESURE
2025-05-01 22:00:00+02:00;65,000;1,000;MESURE
2025-05-01 23:00:00+02:00;64,000;1,000;MESURE
2025-05-02 00:00:00+02:00;64,000;1,000;MESURE
2025-05-02 01:00:00+02:00;65,000;1,000;MESURE
2025-05-02 02:00:00+02:00;64,000;1,000;MESURE
2025-05-02 03:00:00+02:00;64,000;1,000;MESURE
2025-05-02 04:00:00+02:00;64,000;1,000;MESURE
2025-05-02 05:00:00+02:00;64,000;1,000;MESURE
2025-05-02 06:00:00+02:00;74,000;1,000;MESURE
2025-05-02 07:00:00+02:00;88,000;1,000;MESURE
2025-05-02 08:00:00+02:00;88,000;1,000;MESURE
2025-05-02 09:00:00+02:00;90,000;1,000;MESURE
2025-05-02 10:00:00+02:00;91,000;1,000;MESURE
2025-05-02 11:00:00+02:00;92,000;1,000;MESURE
2025-05-02 12:00:00+02:00;96,000;1,000;MESURE
2025-05-02 13:00:00+02:00;94,000;1,000;MESURE
2025-05-02 14:00:00+02:00;96,000;1,000;MESURE
2025-05-02 15:00:00+02:00;93,000;1,000;MESURE
2025-05-02 16:00:00+02:00;94,000;1,000;MESURE
2025-05-02 17:00:00+02:00;93,000;1,000;MESURE
2025-05-02 18:00:00+02:00;81,000;1,000;MESURE
2025-05-02 19:00:00+02:00;66,000;1,000;MESURE
2025-05-02 20:00:00+02:00;65,000;1,000;MESURE
2025-05-02 21:00:00+02:00;65,000;1,000;MESURE
2025-05-02 22:00:00+02:00;64,000;1,000;MESURE
2025-05-02 23:00:00+02:00;65,000;1,000;MESURE
2025-05-03 00:00:00+02:00;65,000;1,000;MESURE
2025-05-03 01:00:00+02:00;66,000;1,000;MESURE
2025-05-03 02:00:00+02:00;67,000;1,000;MESURE
2025-05-03 03:00:00+02:00;67,000;1,000;MESURE
2025-05-03 04:00:00+02:00;69,000;1,000;MESURE
2025-05-03 05:00:00+02:00;68,000;1,000;MESURE
2025-05-03 06:00:00+02:00;68,000;1,000;MESURE
2025-05-03 07:00:00+02:00;64,000;1,000;MESURE
2025-05-03 08:00:00+02:00;65,000;1,000;MESURE
2025-05-03 09:00:00+02:00;65,000;1,000;MESURE
2025-05-03 10:00:00+02:00;66,000;1,000;MESURE
2025-05-03 11:00:00+02:00;65,000;1,000;MESURE
2025-05-03 12:00:00+02:00;65,000;1,000;MESURE
2025-05-03 13:00:00+02:00;65,000;1,000;MESURE
2025-05-03 14:00:00+02:00;65,000;1,000;MESURE
2025-05-03 15:00:00+02:00;66,000;1,000;MESURE
2025-05-03 16:00:00+02:00;66,000;1,000;MESURE
2025-05-03 17:00:00+02:00;68,000;1,000;MESURE
2025-05-03 18:00:00+02:00;66,000;1,000;MESURE
2025-05-03 19:00:00+02:00;66,000;1,000;MESURE
2025-05-03 20:00:00+02:00;65,000;1,000;MESURE
2025-05-03 21:00:00+02:00;65,000;1,000;MESURE
2025-05-03 22:00:00+02:00;64,000;1,000;MESURE
2025-05-03 23:00:00+02:00;65,000;1,000;MESURE
2025-05-04 00:00:00+02:00;68,000;1,000;MESURE
2025-05-04 01:00:00+02:00;69,000;1,000;MESURE
2025-05-04 02:00:00+02:00;69,000;1,000;MESURE
2025-05-04 03:00:00+02:00;68,000;1,000;MESURE
2025-05-04 04:00:00+02:00;69,000;1,000;MESURE
2025-05-04 05:00:00+02:00;69,000;1,000;MESURE
2025-05-04 06:00:00+02:00;65,000;1,000;MESURE
2025-05-04 07:00:00+02:00;64,000;1,000;MESURE
2025-05-04 08:00:00+02:00;65,000;1,000;MESURE
2025-05-04 09:00:00+02:00;64,000;1,000;MESURE
2025-05-04 10:00:00+02:00;64,000;1,000;MESURE
2025-05-04 11:00:00+02:00;65,000;1,000;MESURE
2025-05-04 12:00:00+02:00;65,000;1,000;MESURE
2025-05-04 13:00:00+02:00;64,000;1,000;MESURE
2025-05-04 14:00:00+02:00;65,000;1,000;MESURE
2025-05-04 15:00:00+02:00;64,000;1,000;MESURE
2025-05-04 16:00:00+02:00;65,000;1,000;MESURE
2025-05-04 17:00:00+02:00;65,000;1,000;MESURE
2025-05-04 18:00:00+02:00;64,000;1,000;MESURE
2025-05-04 19:00:00+02:00;65,000;1,000;MESURE
2025-05-04 20:00:00+02:00;64,000;1,000;MESURE
2025-05-04 21:00:00+02:00;64,000;1,000;MESURE
2025-05-04 22:00:00+02:00;64,000;1,000;MESURE
2025-05-04 23:00:00+02:00;63,000;1,000;MESURE
2025-05-05 00:00:00+02:00;67,000;1,000;MESURE
2025-05-05 01:00:00+02:00;66,000;1,000;MESURE
2025-05-05 02:00:00+02:00;66,000;1,000;MESURE
2025-05-05 03:00:00+02:00;66,000;1,000;MESURE
2025-05-05 04:00:00+02:00;88,000;1,000;MESURE
2025-05-05 05:00:00+02:00;95,000;1,000;MESURE
2025-05-05 06:00:00+02:00;85,000;1,000;MESURE
2025-05-05 07:00:00+02:00;100,000;1,000;MESURE
2025-05-05 08:00:00+02:00;117,000;1,000;MESURE
2025-05-05 09:00:00+02:00;109,000;1,000;MESURE
2025-05-05 10:00:00+02:00;88,000;1,000;MESURE
2025-05-05 11:00:00+02:00;89,000;1,000;MESURE
2025-05-05 12:00:00+02:00;90,000;1,000;MESURE
2025-05-05 13:00:00+02:00;90,000;1,000;MESURE
2025-05-05 14:00:00+02:00;89,000;1,000;MESURE
2025-05-05 15:00:00+02:00;87,000;1,000;MESURE
2025-05-05 16:00:00+02:00;88,000;1,000;MESURE
2025-05-05 17:00:00+02:00;88,000;1,000;MESURE
2025-05-05 18:00:00+02:00;80,000;1,000;MESURE
2025-05-05 19:00:00+02:00;66,000;1,000;MESURE
2025-05-05 20:00:00+02:00;77,000;1,000;MESURE
2025-05-05 21:00:00+02:00;93,000;1,000;MESURE
2025-05-05 22:00:00+02:00;93,000;1,000;MESURE
2025-05-05 23:00:00+02:00;93,000;1,000;MESURE
2025-05-06 00:00:00+02:00;93,000;1,000;MESURE
2025-05-06 01:00:00+02:00;94,000;1,000;MESURE
2025-05-06 02:00:00+02:00;93,000;1,000;MESURE
2025-05-06 03:00:00+02:00;93,000;1,000;MESURE
2025-05-06 04:00:00+02:00;93,000;1,000;MESURE
2025-05-06 05:00:00+02:00;94,000;1,000;MESURE
2025-05-06 06:00:00+02:00;103,000;1,000;MESURE
2025-05-06 07:00:00+02:00;116,000;1,000;MESURE
2025-05-06 08:00:00+02:00;100,000;1,000;MESURE
2025-05-06 09:00:00+02:00;88,000;1,000;MESURE
2025-05-06 10:00:00+02:00;113,000;1,000;MESURE
2025-05-06 11:00:00+02:00;92,000;1,000;MESURE
2025-05-06 12:00:00+02:00;89,000;1,000;MESURE
2025-05-06 13:00:00+02:00;89,000;1,000;MESURE
2025-05-06 14:00:00+02:00;89,000;1,000;MESURE
2025-05-06 15:00:00+02:00;89,000;1,000;MESURE
2025-05-06 16:00:00+02:00;88,000;1,000;MESURE
2025-05-06 17:00:00+02:00;91,000;1,000;MESURE
2025-05-06 18:00:00+02:00;80,000;1,000;MESURE
2025-05-06 19:00:00+02:00;66,000;1,000;MESURE
2025-05-06 20:00:00+02:00;64,000;1,000;MESURE
2025-05-06 21:00:00+02:00;92,000;1,000;MESURE
2025-05-06 22:00:00+02:00;78,000;1,000;MESURE
2025-05-06 23:00:00+02:00;64,000;1,000;MESURE
2025-05-07 00:00:00+02:00;93,000;1,000;MESURE
2025-05-07 01:00:00+02:00;79,000;1,000;MESURE
2025-05-07 02:00:00+02:00;63,000;1,000;MESURE
2025-05-07 03:00:00+02:00;94,000;1,000;MESURE
2025-05-07 04:00:00+02:00;76,000;1,000;MESURE
2025-05-07 05:00:00+02:00;70,000;1,000;MESURE
2025-05-07 06:00:00+02:00;103,000;1,000;MESURE
2025-05-07 07:00:00+02:00;93,000;1,000;MESURE
2025-05-07 08:00:00+02:00;101,000;1,000;MESURE
2025-05-07 09:00:00+02:00;116,000;1,000;MESURE
2025-05-07 10:00:00+02:00;92,000;1,000;MESURE
2025-05-07 11:00:00+02:00;87,000;1,000;MESURE
2025-05-07 12:00:00+02:00;89,000;1,000;MESURE
2025-05-07 13:00:00+02:00;91,000;1,000;MESURE
2025-05-07 14:00:00+02:00;91,000;1,000;MESURE
2025-05-07 15:00:00+02:00;90,000;1,000;MESURE
2025-05-07 16:00:00+02:00;89,000;1,000;MESURE
2025-05-07 17:00:00+02:00;89,000;1,000;MESURE
2025-05-07 18:00:00+02:00;80,000;1,000;MESURE
2025-05-07 19:00:00+02:00;72,000;1,000;MESURE
2025-05-07 20:00:00+02:00;95,000;1,000;MESURE
2025-05-07 21:00:00+02:00;65,000;1,000;MESURE
2025-05-07 22:00:00+02:00;76,000;1,000;MESURE
2025-05-07 23:00:00+02:00;93,000;1,000;MESURE
2025-05-08 00:00:00+02:00;66,000;1,000;MESURE
2025-05-08 01:00:00+02:00;89,000;1,000;MESURE
2025-05-08 02:00:00+02:00;96,000;1,000;MESURE
2025-05-08 03:00:00+02:00;95,000;1,000;MESURE
2025-05-08 04:00:00+02:00;96,000;1,000;MESURE
2025-05-08 05:00:00+02:00;70,000;1,000;MESURE
2025-05-08 06:00:00+02:00;97,000;1,000;MESURE
2025-05-08 07:00:00+02:00;116,000;1,000;MESURE
2025-05-08 08:00:00+02:00;90,000;1,000;MESURE
2025-05-08 09:00:00+02:00;88,000;1,000;MESURE
2025-05-08 10:00:00+02:00;89,000;1,000;MESURE
2025-05-08 11:00:00+02:00;93,000;1,000;MESURE
2025-05-08 12:00:00+02:00;90,000;1,000;MESURE
2025-05-08 13:00:00+02:00;91,000;1,000;MESURE
2025-05-08 14:00:00+02:00;92,000;1,000;MESURE
2025-05-08 15:00:00+02:00;90,000;1,000;MESURE
2025-05-08 16:00:00+02:00;93,000;1,000;MESURE
2025-05-08 17:00:00+02:00;90,000;1,000;MESURE
2025-05-08 18:00:00+02:00;79,000;1,000;MESURE
2025-05-08 19:00:00+02:00;64,000;1,000;MESURE
2025-05-08 20:00:00+02:00;65,000;1,000;MESURE
2025-05-08 21:00:00+02:00;63,000;1,000;MESURE
2025-05-08 22:00:00+02:00;64,000;1,000;MESURE
2025-05-08 23:00:00+02:00;64,000;1,000;MESURE
2025-05-09 00:00:00+02:00;63,000;1,000;MESURE
2025-05-09 01:00:00+02:00;64,000;1,000;MESURE
2025-05-09 02:00:00+02:00;63,000;1,000;MESURE
2025-05-09 03:00:00+02:00;67,000;1,000;MESURE
2025-05-09 04:00:00+02:00;92,000;1,000;MESURE
2025-05-09 05:00:00+02:00;64,000;1,000;MESURE
2025-05-09 06:00:00+02:00;73,000;1,000;MESURE
2025-05-09 07:00:00+02:00;98,000;1,000;MESURE
2025-05-09 08:00:00+02:00;105,000;1,000;MESURE
2025-05-09 09:00:00+02:00;88,000;1,000;MESURE
2025-05-09 10:00:00+02:00;91,000;1,000;MESURE
2025-05-09 11:00:00+02:00;92,000;1,000;MESURE
2025-05-09 12:00:00+02:00;91,000;1,000;MESURE
2025-05-09 13:00:00+02:00;91,000;1,000;MESURE
2025-05-09 14:00:00+02:00;91,000;1,000;MESURE
2025-05-09 15:00:00+02:00;90,000;1,000;MESURE
2025-05-09 16:00:00+02:00;91,000;1,000;MESURE
2025-05-09 17:00:00+02:00;92,000;1,000;MESURE
2025-05-09 18:00:00+02:00;79,000;1,000;MESURE
2025-05-09 19:00:00+02:00;65,000;1,000;MESURE
2025-05-09 20:00:00+02:00;65,000;1,000;MESURE
2025-05-09 21:00:00+02:00;64,000;1,000;MESURE
2025-05-09 22:00:00+02:00;64,000;1,000;MESURE
2025-05-09 23:00:00+02:00;64,000;1,000;MESURE
2025-05-10 00:00:00+02:00;63,000;1,000;MESURE
2025-05-10 01:00:00+02:00;64,000;1,000;MESURE
2025-05-10 02:00:00+02:00;84,000;1,000;MESURE
2025-05-10 03:00:00+02:00;85,000;1,000;MESURE
2025-05-10 04:00:00+02:00;63,000;1,000;MESURE
2025-05-10 05:00:00+02:00;95,000;1,000;MESURE
2025-05-10 06:00:00+02:00;93,000;1,000;MESURE
2025-05-10 07:00:00+02:00;75,000;1,000;MESURE
2025-05-10 08:00:00+02:00;65,000;1,000;MESURE
2025-05-10 09:00:00+02:00;65,000;1,000;MESURE
2025-05-10 10:00:00+02:00;65,000;1,000;MESURE
2025-05-10 11:00:00+02:00;65,000;1,000;MESURE
2025-05-10 12:00:00+02:00;65,000;1,000;MESURE
2025-05-10 13:00:00+02:00;66,000;1,000;MESURE
2025-05-10 14:00:00+02:00;65,000;1,000;MESURE
2025-05-10 15:00:00+02:00;66,000;1,000;MESURE
2025-05-10 16:00:00+02:00;67,000;1,000;MESURE
2025-05-10 17:00:00+02:00;67,000;1,000;MESURE
2025-05-10 18:00:00+02:00;65,000;1,000;MESURE
2025-05-10 19:00:00+02:00;66,000;1,000;MESURE
2025-05-10 20:00:00+02:00;65,000;1,000;MESURE
2025-05-10 21:00:00+02:00;65,000;1,000;MESURE
2025-05-10 22:00:00+02:00;64,000;1,000;MESURE
2025-05-10 23:00:00+02:00;64,000;1,000;MESURE
2025-05-11 00:00:00+02:00;64,000;1,000;MESURE
2025-05-11 01:00:00+02:00;64,000;1,000;MESURE
2025-05-11 02:00:00+02:00;63,000;1,000;MESURE
2025-05-11 03:00:00+02:00;64,000;1,000;MESURE
2025-05-11 04:00:00+02:00;64,000;1,000;MESURE
2025-05-11 05:00:00+02:00;63,000;1,000;MESURE
2025-05-11 06:00:00+02:00;93,000;1,000;MESURE
2025-05-11 07:00:00+02:00;67,000;1,000;MESURE
2025-05-11 08:00:00+02:00;64,000;1,000;MESURE
2025-05-11 09:00:00+02:00;63,000;1,000;MESURE
2025-05-11 10:00:00+02:00;64,000;1,000;MESURE
2025-05-11 11:00:00+02:00;64,000;1,000;MESURE
2025-05-11 12:00:00+02:00;65,000;1,000;MESURE
2025-05-11 13:00:00+02:00;64,000;1,000;MESURE
2025-05-11 14:00:00+02:00;65,000;1,000;MESURE
2025-05-11 15:00:00+02:00;65,000;1,000;MESURE
2025-05-11 16:00:00+02:00;66,000;1,000;MESURE
2025-05-11 17:00:00+02:00;66,000;1,000;MESURE
2025-05-11 18:00:00+02:00;65,000;1,000;MESURE
2025-05-11 19:00:00+02:00;65,000;1,000;MESURE
2025-05-11 20:00:00+02:00;64,000;1,000;MESURE
2025-05-11 21:00:00+02:00;72,000;1,000;MESURE
2025-05-11 22:00:00+02:00;73,000;1,000;MESURE
2025-05-11 23:00:00+02:00;72,000;1,000;MESURE
2025-05-12 00:00:00+02:00;73,000;1,000;MESURE
2025-05-12 01:00:00+02:00;73,000;1,000;MESURE
2025-05-12 02:00:00+02:00;73,000;1,000;MESURE
2025-05-12 03:00:00+02:00;73,000;1,000;MESURE
2025-05-12 04:00:00+02:00;73,000;1,000;MESURE
2025-05-12 05:00:00+02:00;73,000;1,000;MESURE
2025-05-12 06:00:00+02:00;75,000;1,000;MESURE
2025-05-12 07:00:00+02:00;87,000;1,000;MESURE
2025-05-12 08:00:00+02:00;88,000;1,000;MESURE
2025-05-12 09:00:00+02:00;92,000;1,000;MESURE
2025-05-12 10:00:00+02:00;90,000;1,000;MESURE
2025-05-12 11:00:00+02:00;90,000;1,000;MESURE
2025-05-12 12:00:00+02:00;92,000;1,000;MESURE
2025-05-12 13:00:00+02:00;92,000;1,000;MESURE
2025-05-12 14:00:00+02:00;89,000;1,000;MESURE
2025-05-12 15:00:00+02:00;91,000;1,000;MESURE
2025-05-12 16:00:00+02:00;89,000;1,000;MESURE
2025-05-12 17:00:00+02:00;90,000;1,000;MESURE
2025-05-12 18:00:00+02:00;80,000;1,000;MESURE
2025-05-12 19:00:00+02:00;66,000;1,000;MESURE
2025-05-12 20:00:00+02:00;64,000;1,000;MESURE
2025-05-12 21:00:00+02:00;65,000;1,000;MESURE
2025-05-12 22:00:00+02:00;64,000;1,000;MESURE
2025-05-12 23:00:00+02:00;64,000;1,000;MESURE
2025-05-13 00:00:00+02:00;63,000;1,000;MESURE
2025-05-13 01:00:00+02:00;64,000;1,000;MESURE
2025-05-13 02:00:00+02:00;83,000;1,000;MESURE
2025-05-13 03:00:00+02:00;85,000;1,000;MESURE
2025-05-13 04:00:00+02:00;64,000;1,000;MESURE
2025-05-13 05:00:00+02:00;89,000;1,000;MESURE
2025-05-13 06:00:00+02:00;91,000;1,000;MESURE
2025-05-13 07:00:00+02:00;87,000;1,000;MESURE
2025-05-13 08:00:00+02:00;88,000;1,000;MESURE
2025-05-13 09:00:00+02:00;89,000;1,000;MESURE
2025-05-13 10:00:00+02:00;89,000;1,000;MESURE
2025-05-13 11:00:00+02:00;91,000;1,000;MESURE
2025-05-13 12:00:00+02:00;93,000;1,000;MESURE
2025-05-13 13:00:00+02:00;90,000;1,000;MESURE
2025-05-13 14:00:00+02:00;90,000;1,000;MESURE
2025-05-13 15:00:00+02:00;92,000;1,000;MESURE
2025-05-13 16:00:00+02:00;92,000;1,000;MESURE
2025-05-13 17:00:00+02:00;91,000;1,000;MESURE
2025-05-13 18:00:00+02:00;79,000;1,000;MESURE
2025-05-13 19:00:00+02:00;66,000;1,000;MESURE
2025-05-13 20:00:00+02:00;66,000;1,000;MESURE
2025-05-13 21:00:00+02:00;64,000;1,000;MESURE
2025-05-13 22:00:00+02:00;64,000;1,000;MESURE
2025-05-13 23:00:00+02:00;64,000;1,000;MESURE
2025-05-14 00:00:00+02:00;64,000;1,000;MESURE
2025-05-14 01:00:00+02:00;64,000;1,000;MESURE
2025-05-14 02:00:00+02:00;64,000;1,000;MESURE
2025-05-14 03:00:00+02:00;63,000;1,000;MESURE
2025-05-14 04:00:00+02:00;75,000;1,000;MESURE
2025-05-14 05:00:00+02:00;89,000;1,000;MESURE
2025-05-14 06:00:00+02:00;74,000;1,000;MESURE
2025-05-14 07:00:00+02:00;87,000;1,000;MESURE
2025-05-14 08:00:00+02:00;87,000;1,000;MESURE
2025-05-14 09:00:00+02:00;91,000;1,000;MESURE
2025-05-14 10:00:00+02:00;90,000;1,000;MESURE
2025-05-14 11:00:00+02:00;94,000;1,000;MESURE
2025-05-14 12:00:00+02:00;92,000;1,000;MESURE
2025-05-14 13:00:00+02:00;93,000;1,000;MESURE
2025-05-14 14:00:00+02:00;91,000;1,000;MESURE
2025-05-14 15:00:00+02:00;92,000;1,000;MESURE
2025-05-14 16:00:00+02:00;94,000;1,000;MESURE
2025-05-14 17:00:00+02:00;93,000;1,000;MESURE
2025-05-14 18:00:00+02:00;80,000;1,000;MESURE
2025-05-14 19:00:00+02:00;66,000;1,000;MESURE
2025-05-14 20:00:00+02:00;65,000;1,000;MESURE
2025-05-14 21:00:00+02:00;65,000;1,000;MESURE
2025-05-14 22:00:00+02:00;64,000;1,000;MESURE
2025-05-14 23:00:00+02:00;65,000;1,000;MESURE
2025-05-15 00:00:00+02:00;64,000;1,000;MESURE
2025-05-15 01:00:00+02:00;64,000;1,000;MESURE
2025-05-15 02:00:00+02:00;64,000;1,000;MESURE
2025-05-15 03:00:00+02:00;64,000;1,000;MESURE
2025-05-15 04:00:00+02:00;63,000;1,000;MESURE
2025-05-15 05:00:00+02:00;64,000;1,000;MESURE
2025-05-15 06:00:00+02:00;74,000;1,000;MESURE
2025-05-15 07:00:00+02:00;87,000;1,000;MESURE
2025-05-15 08:00:00+02:00;88,000;1,000;MESURE
2025-05-15 09:00:00+02:00;93,000;1,000;MESURE
2025-05-15 10:00:00+02:00;91,000;1,000;MESURE
2025-05-15 11:00:00+02:00;92,000;1,000;MESURE
2025-05-15 12:00:00+02:00;93,000;1,000;MESURE
2025-05-15 13:00:00+02:00;93,000;1,000;MESURE
2025-05-15 14:00:00+02:00;92,000;1,000;MESURE
2025-05-15 15:00:00+02:00;92,000;1,000;MESURE
2025-05-15 16:00:00+02:00;94,000;1,000;MESURE
2025-05-15 17:00:00+02:00;91,000;1,000;MESURE
2025-05-15 18:00:00+02:00;80,000;1,000;MESURE
2025-05-15 19:00:00+02:00;66,000;1,000;MESURE
2025-05-15 20:00:00+02:00;65,000;1,000;MESURE
2025-05-15 21:00:00+02:00;65,000;1,000;MESURE
2025-05-15 22:00:00+02:00;64,000;1,000;MESURE
2025-05-15 23:00:00+02:00;64,000;1,000;MESURE
2025-05-16 00:00:00+02:00;67,000;1,000;MESURE
2025-05-16 01:00:00+02:00;66,000;1,000;MESURE
2025-05-16 02:00:00+02:00;66,000;1,000;MESURE
2025-05-16 03:00:00+02:00;66,000;1,000;MESURE
2025-05-16 04:00:00+02:00;66,000;1,000;MESURE
2025-05-16 05:00:00+02:00;65,000;1,000;MESURE
2025-05-16 06:00:00+02:00;74,000;1,000;MESURE
2025-05-16 07:00:00+02:00;87,000;1,000;MESURE
2025-05-16 08:00:00+02:00;88,000;1,000;MESURE
2025-05-16 09:00:00+02:00;89,000;1,000;MESURE
2025-05-16 10:00:00+02:00;91,000;1,000;MESURE
2025-05-16 11:00:00+02:00;92,000;1,000;MESURE
2025-05-16 12:00:00+02:00;92,000;1,000;MESURE
2025-05-16 13:00:00+02:00;90,000;1,000;MESURE
2025-05-16 14:00:00+02:00;90,000;1,000;MESURE
2025-05-16 15:00:00+02:00;92,000;1,000;MESURE
2025-05-16 16:00:00+02:00;91,000;1,000;MESURE
2025-05-16 17:00:00+02:00;92,000;1,000;MESURE
2025-05-16 18:00:00+02:00;79,000;1,000;MESURE
2025-05-16 19:00:00+02:00;66,000;1,000;MESURE
2025-05-16 20:00:00+02:00;65,000;1,000;MESURE
2025-05-16 21:00:00+02:00;64,000;1,000;MESURE
2025-05-16 22:00:00+02:00;65,000;1,000;MESURE
2025-05-16 23:00:00+02:00;63,000;1,000;MESURE
2025-05-17 00:00:00+02:00;64,000;1,000;MESURE
2025-05-17 01:00:00+02:00;64,000;1,000;MESURE
2025-05-17 02:00:00+02:00;64,000;1,000;MESURE
2025-05-17 03:00:00+02:00;65,000;1,000;MESURE
2025-05-17 04:00:00+02:00;94,000;1,000;MESURE
2025-05-17 05:00:00+02:00;75,000;1,000;MESURE
2025-05-17 06:00:00+02:00;78,000;1,000;MESURE
2025-05-17 07:00:00+02:00;91,000;1,000;MESURE
2025-05-17 08:00:00+02:00;64,000;1,000;MESURE
2025-05-17 09:00:00+02:00;64,000;1,000;MESURE
2025-05-17 10:00:00+02:00;64,000;1,000;MESURE
2025-05-17 11:00:00+02:00;64,000;1,000;MESURE
2025-05-17 12:00:00+02:00;64,000;1,000;MESURE
2025-05-17 13:00:00+02:00;65,000;1,000;MESURE
2025-05-17 14:00:00+02:00;65,000;1,000;MESURE
2025-05-17 15:00:00+02:00;66,000;1,000;MESURE
2025-05-17 16:00:00+02:00;67,000;1,000;MESURE
2025-05-17 17:00:00+02:00;67,000;1,000;MESURE
2025-05-17 18:00:00+02:00;65,000;1,000;MESURE
2025-05-17 19:00:00+02:00;65,000;1,000;MESURE
2025-05-17 20:00:00+02:00;65,000;1,000;MESURE
2025-05-17 21:00:00+02:00;65,000;1,000;MESURE
2025-05-17 22:00:00+02:00;64,000;1,000;MESURE
2025-05-17 23:00:00+02:00;64,000;1,000;MESURE
2025-05-18 00:00:00+02:00;64,000;1,000;MESURE
2025-05-18 01:00:00+02:00;64,000;1,000;MESURE
2025-05-18 02:00:00+02:00;64,000;1,000;MESURE
2025-05-18 03:00:00+02:00;63,000;1,000;MESURE
2025-05-18 04:00:00+02:00;64,000;1,000;MESURE
2025-05-18 05:00:00+02:00;66,000;1,000;MESURE
2025-05-18 06:00:00+02:00;93,000;1,000;MESURE
2025-05-18 07:00:00+02:00;69,000;1,000;MESURE
2025-05-18 08:00:00+02:00;64,000;1,000;MESURE
2025-05-18 09:00:00+02:00;63,000;1,000;MESURE
2025-05-18 10:00:00+02:00;64,000;1,000;MESURE
2025-05-18 11:00:00+02:00;64,000;1,000;MESURE
2025-05-18 12:00:00+02:00;65,000;1,000;MESURE
2025-05-18 13:00:00+02:00;64,000;1,000;MESURE
2025-05-18 14:00:00+02:00;65,000;1,000;MESURE
2025-05-18 15:00:00+02:00;65,000;1,000;MESURE
2025-05-18 16:00:00+02:00;66,000;1,000;MESURE
2025-05-18 17:00:00+02:00;65,000;1,000;MESURE
2025-05-18 18:00:00+02:00;66,000;1,000;MESURE
2025-05-18 19:00:00+02:00;65,000;1,000;MESURE
2025-05-18 20:00:00+02:00;66,000;1,000;MESURE
2025-05-18 21:00:00+02:00;64,000;1,000;MESURE
2025-05-18 22:00:00+02:00;65,000;1,000;MESURE
2025-05-18 23:00:00+02:00;64,000;1,000;MESURE
2025-05-19 00:00:00+02:00;66,000;1,000;MESURE
2025-05-19 01:00:00+02:00;66,000;1,000;MESURE
2025-05-19 02:00:00+02:00;66,000;1,000;MESURE
2025-05-19 03:00:00+02:00;66,000;1,000;MESURE
2025-05-19 04:00:00+02:00;66,000;1,000;MESURE
2025-05-19 05:00:00+02:00;66,000;1,000;MESURE
2025-05-19 06:00:00+02:00;74,000;1,000;MESURE
2025-05-19 07:00:00+02:00;87,000;1,000;MESURE
2025-05-19 08:00:00+02:00;88,000;1,000;MESURE
2025-05-19 09:00:00+02:00;90,000;1,000;MESURE
2025-05-19 10:00:00+02:00;92,000;1,000;MESURE
2025-05-19 11:00:00+02:00;93,000;1,000;MESURE
2025-05-19 12:00:00+02:00;94,000;1,000;MESURE
2025-05-19 13:00:00+02:00;95,000;1,000;MESURE
2025-05-19 14:00:00+02:00;94,000;1,000;MESURE
2025-05-19 15:00:00+02:00;92,000;1,000;MESURE
2025-05-19 16:00:00+02:00;91,000;1,000;MESURE
2025-05-19 17:00:00+02:00;91,000;1,000;MESURE
2025-05-19 18:00:00+02:00;80,000;1,000;MESURE
2025-05-19 19:00:00+02:00;64,000;1,000;MESURE
2025-05-19 20:00:00+02:00;65,000;1,000;MESURE
2025-05-19 21:00:00+02:00;64,000;1,000;MESURE
2025-05-19 22:00:00+02:00;64,000;1,000;MESURE
2025-05-19 23:00:00+02:00;64,000;1,000;MESURE
2025-05-20 00:00:00+02:00;66,000;1,000;MESURE
2025-05-20 01:00:00+02:00;66,000;1,000;MESURE
2025-05-20 02:00:00+02:00;67,000;1,000;MESURE
2025-05-20 03:00:00+02:00;66,000;1,000;MESURE
2025-05-20 04:00:00+02:00;66,000;1,000;MESURE
2025-05-20 05:00:00+02:00;66,000;1,000;MESURE
2025-05-20 06:00:00+02:00;74,000;1,000;MESURE
2025-05-20 07:00:00+02:00;88,000;1,000;MESURE
2025-05-20 08:00:00+02:00;88,000;1,000;MESURE
2025-05-20 09:00:00+02:00;90,000;1,000;MESURE
2025-05-20 10:00:00+02:00;90,000;1,000;MESURE
2025-05-20 11:00:00+02:00;88,000;1,000;MESURE
2025-05-20 12:00:00+02:00;90,000;1,000;MESURE
2025-05-20 13:00:00+02:00;92,000;1,000;MESURE
2025-05-20 14:00:00+02:00;88,000;1,000;MESURE
2025-05-20 15:00:00+02:00;89,000;1,000;MESURE
2025-05-20 16:00:00+02:00;93,000;1,000;MESURE
2025-05-20 17:00:00+02:00;92,000;1,000;MESURE
2025-05-20 18:00:00+02:00;79,000;1,000;MESURE
2025-05-20 19:00:00+02:00;65,000;1,000;MESURE
2025-05-20 20:00:00+02:00;65,000;1,000;MESURE
2025-05-20 21:00:00+02:00;66,000;1,000;MESURE
2025-05-20 22:00:00+02:00;69,000;1,000;MESURE
2025-05-20 23:00:00+02:00;68,000;1,000;MESURE
2025-05-21 00:00:00+02:00;71,000;1,000;MESURE
2025-05-21 01:00:00+02:00;70,000;1,000;MESURE
2025-05-21 02:00:00+02:00;71,000;1,000;MESURE
2025-05-21 03:00:00+02:00;70,000;1,000;MESURE
2025-05-21 04:00:00+02:00;71,000;1,000;MESURE
2025-05-21 05:00:00+02:00;71,000;1,000;MESURE
2025-05-21 06:00:00+02:00;75,000;1,000;MESURE
2025-05-21 07:00:00+02:00;87,000;1,000;MESURE
2025-05-21 08:00:00+02:00;89,000;1,000;MESURE
2025-05-21 09:00:00+02:00;90,000;1,000;MESURE
2025-05-21 10:00:00+02:00;92,000;1,000;MESURE
2025-05-21 11:00:00+02:00;91,000;1,000;MESURE
2025-05-21 12:00:00+02:00;90,000;1,000;MESURE
2025-05-21 13:00:00+02:00;92,000;1,000;MESURE
2025-05-21 14:00:00+02:00;93,000;1,000;MESURE
2025-05-21 15:00:00+02:00;91,000;1,000;MESURE
2025-05-21 16:00:00+02:00;90,000;1,000;MESURE
2025-05-21 17:00:00+02:00;91,000;1,000;MESURE
2025-05-21 18:00:00+02:00;79,000;1,000;MESURE
2025-05-21 19:00:00+02:00;65,000;1,000;MESURE
2025-05-21 20:00:00+02:00;64,000;1,000;MESURE
2025-05-21 21:00:00+02:00;65,000;1,000;MESURE
2025-05-21 22:00:00+02:00;64,000;1,000;MESURE
2025-05-21 23:00:00+02:00;64,000;1,000;MESURE
2025-05-22 00:00:00+02:00;67,000;1,000;MESURE
2025-05-22 01:00:00+02:00;66,000;1,000;MESURE
2025-05-22 02:00:00+02:00;66,000;1,000;MESURE
2025-05-22 03:00:00+02:00;66,000;1,000;MESURE
2025-05-22 04:00:00+02:00;67,000;1,000;MESURE
2025-05-22 05:00:00+02:00;69,000;1,000;MESURE
2025-05-22 06:00:00+02:00;92,000;1,000;MESURE
2025-05-22 07:00:00+02:00;116,000;1,000;MESURE
2025-05-22 08:00:00+02:00;88,000;1,000;MESURE
2025-05-22 09:00:00+02:00;89,000;1,000;MESURE
2025-05-22 10:00:00+02:00;89,000;1,000;MESURE
2025-05-22 11:00:00+02:00;90,000;1,000;MESURE
2025-05-22 12:00:00+02:00;93,000;1,000;MESURE
2025-05-22 13:00:00+02:00;90,000;1,000;MESURE
2025-05-22 14:00:00+02:00;89,000;1,000;MESURE
2025-05-22 15:00:00+02:00;89,000;1,000;MESURE
2025-05-22 16:00:00+02:00;89,000;1,000;MESURE
2025-05-22 17:00:00+02:00;89,000;1,000;MESURE
2025-05-22 18:00:00+02:00;79,000;1,000;MESURE
2025-05-22 19:00:00+02:00;64,000;1,000;MESURE
2025-05-22 20:00:00+02:00;64,000;1,000;MESURE
2025-05-22 21:00:00+02:00;64,000;1,000;MESURE
2025-05-22 22:00:00+02:00;64,000;1,000;MESURE
2025-05-22 23:00:00+02:00;63,000;1,000;MESURE
2025-05-23 00:00:00+02:00;82,000;1,000;MESURE
2025-05-23 01:00:00+02:00;90,000;1,000;MESURE
2025-05-23 02:00:00+02:00;65,000;1,000;MESURE
2025-05-23 03:00:00+02:00;91,000;1,000;MESURE
2025-05-23 04:00:00+02:00;95,000;1,000;MESURE
2025-05-23 05:00:00+02:00;95,000;1,000;MESURE
2025-05-23 06:00:00+02:00;104,000;1,000;MESURE
2025-05-23 07:00:00+02:00;94,000;1,000;MESURE
2025-05-23 08:00:00+02:00;88,000;1,000;MESURE
2025-05-23 09:00:00+02:00;89,000;1,000;MESURE
2025-05-23 10:00:00+02:00;89,000;1,000;MESURE
2025-05-23 11:00:00+02:00;89,000;1,000;MESURE
2025-05-23 12:00:00+02:00;91,000;1,000;MESURE
2025-05-23 13:00:00+02:00;92,000;1,000;MESURE
2025-05-23 14:00:00+02:00;91,000;1,000;MESURE
2025-05-23 15:00:00+02:00;89,000;1,000;MESURE
2025-05-23 16:00:00+02:00;89,000;1,000;MESURE
2025-05-23 17:00:00+02:00;92,000;1,000;MESURE
2025-05-23 18:00:00+02:00;78,000;1,000;MESURE
2025-05-23 19:00:00+02:00;65,000;1,000;MESURE
2025-05-23 20:00:00+02:00;64,000;1,000;MESURE
2025-05-23 21:00:00+02:00;64,000;1,000;MESURE
2025-05-23 22:00:00+02:00;64,000;1,000;MESURE
2025-05-23 23:00:00+02:00;64,000;1,000;MESURE
2025-05-24 00:00:00+02:00;64,000;1,000;MESURE
2025-05-24 01:00:00+02:00;74,000;1,000;MESURE
2025-05-24 02:00:00+02:00;93,000;1,000;MESURE
2025-05-24 03:00:00+02:00;71,000;1,000;MESURE
2025-05-24 04:00:00+02:00;84,000;1,000;MESURE
2025-05-24 05:00:00+02:00;93,000;1,000;MESURE
2025-05-24 06:00:00+02:00;94,000;1,000;MESURE
2025-05-24 07:00:00+02:00;92,000;1,000;MESURE
2025-05-24 08:00:00+02:00;64,000;1,000;MESURE
2025-05-24 09:00:00+02:00;63,000;1,000;MESURE
2025-05-24 10:00:00+02:00;64,000;1,000;MESURE
2025-05-24 11:00:00+02:00;63,000;1,000;MESURE
2025-05-24 12:00:00+02:00;65,000;1,000;MESURE
2025-05-24 13:00:00+02:00;64,000;1,000;MESURE
2025-05-24 14:00:00+02:00;65,000;1,000;MESURE
2025-05-24 15:00:00+02:00;65,000;1,000;MESURE
2025-05-24 16:00:00+02:00;66,000;1,000;MESURE
2025-05-24 17:00:00+02:00;65,000;1,000;MESURE
2025-05-24 18:00:00+02:00;66,000;1,000;MESURE
2025-05-24 19:00:00+02:00;65,000;1,000;MESURE
2025-05-24 20:00:00+02:00;65,000;1,000;MESURE
2025-05-24 21:00:00+02:00;64,000;1,000;MESURE
2025-05-24 22:00:00+02:00;64,000;1,000;MESURE
2025-05-24 23:00:00+02:00;65,000;1,000;MESURE
2025-05-25 00:00:00+02:00;64,000;1,000;MESURE
2025-05-25 01:00:00+02:00;64,000;1,000;MESURE
2025-05-25 02:00:00+02:00;66,000;1,000;MESURE
2025-05-25 03:00:00+02:00;66,000;1,000;MESURE
2025-05-25 04:00:00+02:00;66,000;1,000;MESURE
2025-05-25 05:00:00+02:00;66,000;1,000;MESURE
2025-05-25 06:00:00+02:00;64,000;1,000;MESURE
2025-05-25 07:00:00+02:00;64,000;1,000;MESURE
2025-05-25 08:00:00+02:00;64,000;1,000;MESURE
2025-05-25 09:00:00+02:00;64,000;1,000;MESURE
2025-05-25 10:00:00+02:00;64,000;1,000;MESURE
2025-05-25 11:00:00+02:00;64,000;1,000;MESURE
2025-05-25 12:00:00+02:00;65,000;1,000;MESURE
2025-05-25 13:00:00+02:00;65,000;1,000;MESURE
2025-05-25 14:00:00+02:00;64,000;1,000;MESURE
2025-05-25 15:00:00+02:00;65,000;1,000;MESURE
2025-05-25 16:00:00+02:00;65,000;1,000;MESURE
2025-05-25 17:00:00+02:00;65,000;1,000;MESURE
2025-05-25 18:00:00+02:00;65,000;1,000;MESURE
2025-05-25 19:00:00+02:00;65,000;1,000;MESURE
2025-05-25 20:00:00+02:00;64,000;1,000;MESURE
2025-05-25 21:00:00+02:00;65,000;1,000;MESURE
2025-05-25 22:00:00+02:00;64,000;1,000;MESURE
2025-05-25 23:00:00+02:00;64,000;1,000;MESURE
2025-05-26 00:00:00+02:00;65,000;1,000;MESURE
2025-05-26 01:00:00+02:00;64,000;1,000;MESURE
2025-05-26 02:00:00+02:00;69,000;1,000;MESURE
2025-05-26 03:00:00+02:00;68,000;1,000;MESURE
2025-05-26 04:00:00+02:00;69,000;1,000;MESURE
2025-05-26 05:00:00+02:00;67,000;1,000;MESURE
2025-05-26 06:00:00+02:00;75,000;1,000;MESURE
2025-05-26 07:00:00+02:00;88,000;1,000;MESURE
2025-05-26 08:00:00+02:00;89,000;1,000;MESURE
2025-05-26 09:00:00+02:00;90,000;1,000;MESURE
2025-05-26 10:00:00+02:00;91,000;1,000;MESURE
2025-05-26 11:00:00+02:00;91,000;1,000;MESURE
2025-05-26 12:00:00+02:00;91,000;1,000;MESURE
2025-05-26 13:00:00+02:00;94,000;1,000;MESURE
2025-05-26 14:00:00+02:00;93,000;1,000;MESURE
2025-05-26 15:00:00+02:00;94,000;1,000;MESURE
2025-05-26 16:00:00+02:00;90,000;1,000;MESURE
2025-05-26 17:00:00+02:00;91,000;1,000;MESURE
2025-05-26 18:00:00+02:00;80,000;1,000;MESURE
2025-05-26 19:00:00+02:00;65,000;1,000;MESURE
2025-05-26 20:00:00+02:00;65,000;1,000;MESURE
2025-05-26 21:00:00+02:00;65,000;1,000;MESURE
2025-05-26 22:00:00+02:00;64,000;1,000;MESURE
2025-05-26 23:00:00+02:00;65,000;1,000;MESURE
2025-05-27 00:00:00+02:00;66,000;1,000;MESURE
2025-05-27 01:00:00+02:00;67,000;1,000;MESURE
2025-05-27 02:00:00+02:00;66,000;1,000;MESURE
2025-05-27 03:00:00+02:00;67,000;1,000;MESURE
2025-05-27 04:00:00+02:00;66,000;1,000;MESURE
2025-05-27 05:00:00+02:00;66,000;1,000;MESURE
2025-05-27 06:00:00+02:00;75,000;1,000;MESURE
2025-05-27 07:00:00+02:00;88,000;1,000;MESURE
2025-05-27 08:00:00+02:00;88,000;1,000;MESURE
2025-05-27 09:00:00+02:00;92,000;1,000;MESURE
2025-05-27 10:00:00+02:00;93,000;1,000;MESURE
2025-05-27 11:00:00+02:00;93,000;1,000;MESURE
2025-05-27 12:00:00+02:00;94,000;1,000;MESURE
2025-05-27 13:00:00+02:00;93,000;1,000;MESURE
2025-05-27 14:00:00+02:00;92,000;1,000;MESURE
2025-05-27 15:00:00+02:00;91,000;1,000;MESURE
2025-05-27 16:00:00+02:00;93,000;1,000;MESURE
2025-05-27 17:00:00+02:00;92,000;1,000;MESURE
2025-05-27 18:00:00+02:00;79,000;1,000;MESURE
2025-05-27 19:00:00+02:00;66,000;1,000;MESURE
2025-05-27 20:00:00+02:00;66,000;1,000;MESURE
2025-05-27 21:00:00+02:00;65,000;1,000;MESURE
2025-05-27 22:00:00+02:00;64,000;1,000;MESURE
2025-05-27 23:00:00+02:00;64,000;1,000;MESURE
2025-05-28 00:00:00+02:00;67,000;1,000;MESURE
2025-05-28 01:00:00+02:00;66,000;1,000;MESURE
2025-05-28 02:00:00+02:00;66,000;1,000;MESURE
2025-05-28 03:00:00+02:00;66,000;1,000;MESURE
2025-05-28 04:00:00+02:00;66,000;1,000;MESURE
2025-05-28 05:00:00+02:00;66,000;1,000;MESURE
2025-05-28 06:00:00+02:00;74,000;1,000;MESURE
2025-05-28 07:00:00+02:00;87,000;1,000;MESURE
2025-05-28 08:00:00+02:00;90,000;1,000;MESURE
2025-05-28 09:00:00+02:00;89,000;1,000;MESURE
2025-05-28 10:00:00+02:00;93,000;1,000;MESURE
2025-05-28 11:00:00+02:00;92,000;1,000;MESURE
2025-05-28 12:00:00+02:00;93,000;1,000;MESURE
2025-05-28 13:00:00+02:00;92,000;1,000;MESURE
2025-05-28 14:00:00+02:00;91,000;1,000;MESURE
2025-05-28 15:00:00+02:00;90,000;1,000;MESURE
2025-05-28 16:00:00+02:00;90,000;1,000;MESURE
2025-05-28 17:00:00+02:00;91,000;1,000;MESURE
2025-05-28 18:00:00+02:00;79,000;1,000;MESURE
2025-05-28 19:00:00+02:00;64,000;1,000;MESURE
2025-05-28 20:00:00+02:00;65,000;1,000;MESURE
2025-05-28 21:00:00+02:00;64,000;1,000;MESURE
2025-05-28 22:00:00+02:00;64,000;1,000;MESURE
2025-05-28 23:00:00+02:00;64,000;1,000;MESURE
2025-05-29 00:00:00+02:00;69,000;1,000;MESURE
2025-05-29 01:00:00+02:00;68,000;1,000;MESURE
2025-05-29 02:00:00+02:00;69,000;1,000;MESURE
2025-05-29 03:00:00+02:00;68,000;1,000;MESURE
2025-05-29 04:00:00+02:00;68,000;1,000;MESURE
2025-05-29 05:00:00+02:00;67,000;1,000;MESURE
2025-05-29 06:00:00+02:00;74,000;1,000;MESURE
2025-05-29 07:00:00+02:00;87,000;1,000;MESURE
2025-05-29 08:00:00+02:00;89,000;1,000;MESURE
2025-05-29 09:00:00+02:00;90,000;1,000;MESURE
2025-05-29 10:00:00+02:00;93,000;1,000;MESURE
2025-05-29 11:00:00+02:00;93,000;1,000;MESURE
2025-05-29 12:00:00+02:00;92,000;1,000;MESURE
2025-05-29 13:00:00+02:00;94,000;1,000;MESURE
2025-05-29 14:00:00+02:00;96,000;1,000;MESURE
2025-05-29 15:00:00+02:00;91,000;1,000;MESURE
2025-05-29 16:00:00+02:00;92,000;1,000;MESURE
2025-05-29 17:00:00+02:00;91,000;1,000;MESURE
2025-05-29 18:00:00+02:00;80,000;1,000;MESURE
2025-05-29 19:00:00+02:00;65,000;1,000;MESURE
2025-05-29 20:00:00+02:00;66,000;1,000;MESURE
2025-05-29 21:00:00+02:00;66,000;1,000;MESURE
2025-05-29 22:00:00+02:00;65,000;1,000;MESURE
2025-05-29 23:00:00+02:00;64,000;1,000;MESURE
2025-05-30 00:00:00+02:00;67,000;1,000;MESURE
2025-05-30 01:00:00+02:00;66,000;1,000;MESURE
2025-05-30 02:00:00+02:00;67,000;1,000;MESURE
2025-05-30 03:00:00+02:00;66,000;1,000;MESURE
2025-05-30 04:00:00+02:00;67,000;1,000;MESURE
2025-05-30 05:00:00+02:00;65,000;1,000;MESURE
2025-05-30 06:00:00+02:00;74,000;1,000;MESURE
2025-05-30 07:00:00+02:00;88,000;1,000;MESURE
2025-05-30 08:00:00+02:00;88,000;1,000;MESURE
2025-05-30 09:00:00+02:00;91,000;1,000;MESURE
2025-05-30 10:00:00+02:00;93,000;1,000;MESURE
2025-05-30 11:00:00+02:00;93,000;1,000;MESURE
2025-05-30 12:00:00+02:00;95,000;1,000;MESURE
2025-05-30 13:00:00+02:00;95,000;1,000;MESURE
2025-05-30 14:00:00+02:00;94,000;1,000;MESURE
2025-05-30 15:00:00+02:00;93,000;1,000;MESURE
2025-05-30 16:00:00+02:00;94,000;1,000;MESURE
2025-05-30 17:00:00+02:00;93,000;1,000;MESURE
2025-05-30 18:00:00+02:00;80,000;1,000;MESURE
2025-05-30 19:00:00+02:00;66,000;1,000;MESURE
2025-05-30 20:00:00+02:00;65,000;1,000;MESURE
2025-05-30 21:00:00+02:00;66,000;1,000;MESURE
2025-05-30 22:00:00+02:00;66,000;1,000;MESURE
2025-05-30 23:00:00+02:00;65,000;1,000;MESURE
2025-05-31 00:00:00+02:00;65,000;1,000;MESURE
2025-05-31 01:00:00+02:00;64,000;1,000;MESURE
2025-05-31 02:00:00+02:00;64,000;1,000;MESURE
2025-05-31 03:00:00+02:00;65,000;1,000;MESURE
2025-05-31 04:00:00+02:00;64,000;1,000;MESURE
2025-05-31 05:00:00+02:00;64,000;1,000;MESURE
2025-05-31 06:00:00+02:00;64,000;1,000;MESURE
2025-05-31 07:00:00+02:00;65,000;1,000;MESURE
2025-05-31 08:00:00+02:00;64,000;1,000;MESURE
2025-05-31 09:00:00+02:00;65,000;1,000;MESURE
2025-05-31 10:00:00+02:00;64,000;1,000;MESURE
2025-05-31 11:00:00+02:00;66,000;1,000;MESURE
2025-05-31 12:00:00+02:00;65,000;1,000;MESURE
2025-05-31 13:00:00+02:00;66,000;1,000;MESURE
2025-05-31 14:00:00+02:00;65,000;1,000;MESURE
2025-05-31 15:00:00+02:00;68,000;1,000;MESURE
2025-05-31 16:00:00+02:00;65,000;1,000;MESURE
2025-05-31 17:00:00+02:00;66,000;1,000;MESURE
2025-05-31 18:00:00+02:00;65,000;1,000;MESURE
2025-05-31 19:00:00+02:00;66,000;1,000;MESURE
2025-05-31 20:00:00+02:00;66,000;1,000;MESURE
2025-05-31 21:00:00+02:00;66,000;1,000;MESURE
2025-05-31 22:00:00+02:00;65,000;1,000;MESURE
2025-05-31 23:00:00+02:00;65,000;1,000;MESURE
2025-06-01 00:00:00+02:00;65,000;1,000;MESURE
2025-06-01 01:00:00+02:00;64,000;1,000;MESURE
2025-06-01 02:00:00+02:00;65,000;1,000;MESURE
2025-06-01 03:00:00+02:00;65,000;1,000;MESURE
2025-06-01 04:00:00+02:00;64,000;1,000;MESURE
2025-06-01 05:00:00+02:00;64,000;1,000;MESURE
2025-06-01 06:00:00+02:00;65,000;1,000;MESURE
2025-06-01 07:00:00+02:00;65,000;1,000;MESURE
2025-06-01 08:00:00+02:00;64,000;1,000;MESURE
2025-06-01 09:00:00+02:00;65,000;1,000;MESURE
2025-06-01 10:00:00+02:00;65,000;1,000;MESURE
2025-06-01 11:00:00+02:00;64,000;1,000;MESURE
2025-06-01 12:00:00+02:00;66,000;1,000;MESURE
2025-06-01 13:00:00+02:00;66,000;1,000;MESURE
2025-06-01 14:00:00+02:00;65,000;1,000;MESURE
2025-06-01 15:00:00+02:00;66,000;1,000;MESURE
2025-06-01 16:00:00+02:00;65,000;1,000;MESURE
2025-06-01 17:00:00+02:00;66,000;1,000;MESURE
2025-06-01 18:00:00+02:00;66,000;1,000;MESURE
2025-06-01 19:00:00+02:00;66,000;1,000;MESURE
2025-06-01 20:00:00+02:00;65,000;1,000;MESURE
2025-06-01 21:00:00+02:00;65,000;1,000;MESURE
2025-06-01 22:00:00+02:00;65,000;1,000;MESURE
2025-06-01 23:00:00+02:00;65,000;1,000;MESURE
2025-06-02 00:00:00+02:00;69,000;1,000;MESURE
2025-06-02 01:00:00+02:00;69,000;1,000;MESURE
2025-06-02 02:00:00+02:00;69,000;1,000;MESURE
2025-06-02 03:00:00+02:00;69,000;1,000;MESURE
2025-06-02 04:00:00+02:00;69,000;1,000;MESURE
2025-06-02 05:00:00+02:00;69,000;1,000;MESURE
2025-06-02 06:00:00+02:00;75,000;1,000;MESURE
2025-06-02 07:00:00+02:00;89,000;1,000;MESURE
2025-06-02 08:00:00+02:00;90,000;1,000;MESURE
2025-06-02 09:00:00+02:00;90,000;1,000;MESURE
2025-06-02 10:00:00+02:00;91,000;1,000;MESURE
2025-06-02 11:00:00+02:00;92,000;1,000;MESURE
2025-06-02 12:00:00+02:00;94,000;1,000;MESURE
2025-06-02 13:00:00+02:00;91,000;1,000;MESURE
2025-06-02 14:00:00+02:00;92,000;1,000;MESURE
2025-06-02 15:00:00+02:00;92,000;1,000;MESURE
2025-06-02 16:00:00+02:00;92,000;1,000;MESURE
2025-06-02 17:00:00+02:00;91,000;1,000;MESURE
2025-06-02 18:00:00+02:00;79,000;1,000;MESURE
2025-06-02 19:00:00+02:00;65,000;1,000;MESURE
2025-06-02 20:00:00+02:00;64,000;1,000;MESURE
2025-06-02 21:00:00+02:00;64,000;1,000;MESURE
2025-06-02 22:00:00+02:00;65,000;1,000;MESURE
2025-06-02 23:00:00+02:00;64,000;1,000;MESURE
2025-06-03 00:00:00+02:00;69,000;1,000;MESURE
2025-06-03 01:00:00+02:00;69,000;1,000;MESURE
2025-06-03 02:00:00+02:00;69,000;1,000;MESURE
2025-06-03 03:00:00+02:00;69,000;1,000;MESURE
2025-06-03 04:00:00+02:00;69,000;1,000;MESURE
2025-06-03 05:00:00+02:00;67,000;1,000;MESURE
2025-06-03 06:00:00+02:00;74,000;1,000;MESURE
2025-06-03 07:00:00+02:00;89,000;1,000;MESURE
2025-06-03 08:00:00+02:00;90,000;1,000;MESURE
2025-06-03 09:00:00+02:00;91,000;1,000;MESURE
2025-06-03 10:00:00+02:00;94,000;1,000;MESURE
2025-06-03 11:00:00+02:00;92,000;1,000;MESURE
2025-06-03 12:00:00+02:00;93,000;1,000;MESURE
2025-06-03 13:00:00+02:00;94,000;1,000;MESURE
2025-06-03 14:00:00+02:00;92,000;1,000;MESURE
2025-06-03 15:00:00+02:00;93,000;1,000;MESURE
2025-06-03 16:00:00+02:00;93,000;1,000;MESURE
2025-06-03 17:00:00+02:00;94,000;1,000;MESURE
2025-06-03 18:00:00+02:00;81,000;1,000;MESURE
2025-06-03 19:00:00+02:00;66,000;1,000;MESURE
2025-06-03 20:00:00+02:00;65,000;1,000;MESURE
2025-06-03 21:00:00+02:00;65,000;1,000;MESURE
2025-06-03 22:00:00+02:00;64,000;1,000;MESURE
2025-06-03 23:00:00+02:00;65,000;1,000;MESURE
2025-06-04 00:00:00+02:00;64,000;1,000;MESURE
2025-06-04 01:00:00+02:00;65,000;1,000;MESURE
2025-06-04 02:00:00+02:00;64,000;1,000;MESURE
2025-06-04 03:00:00+02:00;64,000;1,000;MESURE
2025-06-04 04:00:00+02:00;67,000;1,000;MESURE
2025-06-04 05:00:00+02:00;71,000;1,000;MESURE
2025-06-04 06:00:00+02:00;76,000;1,000;MESURE
2025-06-04 07:00:00+02:00;88,000;1,000;MESURE
2025-06-04 08:00:00+02:00;90,000;1,000;MESURE
2025-06-04 09:00:00+02:00;89,000;1,000;MESURE
2025-06-04 10:00:00+02:00;91,000;1,000;MESURE
2025-06-04 11:00:00+02:00;92,000;1,000;MESURE
2025-06-04 12:00:00+02:00;94,000;1,000;MESURE
2025-06-04 13:00:00+02:00;94,000;1,000;MESURE
2025-06-04 14:00:00+02:00;91,000;1,000;MESURE
2025-06-04 15:00:00+02:00;91,000;1,000;MESURE
2025-06-04 16:00:00+02:00;89,000;1,000;MESURE
2025-06-04 17:00:00+02:00;92,000;1,000;MESURE
2025-06-04 18:00:00+02:00;78,000;1,000;MESURE
2025-06-04 19:00:00+02:00;65,000;1,000;MESURE
2025-06-04 20:00:00+02:00;65,000;1,000;MESURE
2025-06-04 21:00:00+02:00;64,000;1,000;MESURE
2025-06-04 22:00:00+02:00;64,000;1,000;MESURE
2025-06-04 23:00:00+02:00;64,000;1,000;MESURE
2025-06-05 00:00:00+02:00;69,000;1,000;MESURE
2025-06-05 01:00:00+02:00;69,000;1,000;MESURE
2025-06-05 02:00:00+02:00;68,000;1,000;MESURE
2025-06-05 03:00:00+02:00;69,000;1,000;MESURE
2025-06-05 04:00:00+02:00;69,000;1,000;MESURE
2025-06-05 05:00:00+02:00;67,000;1,000;MESURE
2025-06-05 06:00:00+02:00;74,000;1,000;MESURE
2025-06-05 07:00:00+02:00;89,000;1,000;MESURE
2025-06-05 08:00:00+02:00;89,000;1,000;MESURE
2025-06-05 09:00:00+02:00;91,000;1,000;MESURE
2025-06-05 10:00:00+02:00;91,000;1,000;MESURE
2025-06-05 11:00:00+02:00;93,000;1,000;MESURE
2025-06-05 12:00:00+02:00;94,000;1,000;MESURE
2025-06-05 13:00:00+02:00;94,000;1,000;MESURE
2025-06-05 14:00:00+02:00;91,000;1,000;MESURE
2025-06-05 15:00:00+02:00;91,000;1,000;MESURE
2025-06-05 16:00:00+02:00;93,000;1,000;MESURE
2025-06-05 17:00:00+02:00;93,000;1,000;MESURE
2025-06-05 18:00:00+02:00;79,000;1,000;MESURE
2025-06-05 19:00:00+02:00;65,000;1,000;MESURE
2025-06-05 20:00:00+02:00;64,000;1,000;MESURE
2025-06-05 21:00:00+02:00;65,000;1,000;MESURE
2025-06-05 22:00:00+02:00;64,000;1,000;MESURE
2025-06-05 23:00:00+02:00;64,000;1,000;MESURE
2025-06-06 00:00:00+02:00;65,000;1,000;MESURE
2025-06-06 01:00:00+02:00;64,000;1,000;MESURE
2025-06-06 02:00:00+02:00;64,000;1,000;MESURE
2025-06-06 03:00:00+02:00;64,000;1,000;MESURE
2025-06-06 04:00:00+02:00;65,000;1,000;MESURE
2025-06-06 05:00:00+02:00;66,000;1,000;MESURE
2025-06-06 06:00:00+02:00;75,000;1,000;MESURE
2025-06-06 07:00:00+02:00;89,000;1,000;MESURE
2025-06-06 08:00:00+02:00;90,000;1,000;MESURE
2025-06-06 09:00:00+02:00;92,000;1,000;MESURE
2025-06-06 10:00:00+02:00;92,000;1,000;MESURE
2025-06-06 11:00:00+02:00;90,000;1,000;MESURE
2025-06-06 12:00:00+02:00;91,000;1,000;MESURE
2025-06-06 13:00:00+02:00;92,000;1,000;MESURE
2025-06-06 14:00:00+02:00;90,000;1,000;MESURE
2025-06-06 15:00:00+02:00;94,000;1,000;MESURE
2025-06-06 16:00:00+02:00;95,000;1,000;MESURE
2025-06-06 17:00:00+02:00;96,000;1,000;MESURE
2025-06-06 18:00:00+02:00;80,000;1,000;MESURE
2025-06-06 19:00:00+02:00;66,000;1,000;MESURE
2025-06-06 20:00:00+02:00;65,000;1,000;MESURE
2025-06-06 21:00:00+02:00;64,000;1,000;MESURE
2025-06-06 22:00:00+02:00;65,000;1,000;MESURE
2025-06-06 23:00:00+02:00;64,000;1,000;MESURE
2025-06-07 00:00:00+02:00;65,000;1,000;MESURE
2025-06-07 01:00:00+02:00;64,000;1,000;MESURE
2025-06-07 02:00:00+02:00;65,000;1,000;MESURE
2025-06-07 03:00:00+02:00;66,000;1,000;MESURE
2025-06-07 04:00:00+02:00;67,000;1,000;MESURE
2025-06-07 05:00:00+02:00;67,000;1,000;MESURE
2025-06-07 06:00:00+02:00;64,000;1,000;MESURE
2025-06-07 07:00:00+02:00;64,000;1,000;MESURE
2025-06-07 08:00:00+02:00;64,000;1,000;MESURE
2025-06-07 09:00:00+02:00;65,000;1,000;MESURE
2025-06-07 10:00:00+02:00;64,000;1,000;MESURE
2025-06-07 11:00:00+02:00;64,000;1,000;MESURE
2025-06-07 12:00:00+02:00;65,000;1,000;MESURE
2025-06-07 13:00:00+02:00;64,000;1,000;MESURE
2025-06-07 14:00:00+02:00;65,000;1,000;MESURE
2025-06-07 15:00:00+02:00;67,000;1,000;MESURE
2025-06-07 16:00:00+02:00;65,000;1,000;MESURE
2025-06-07 17:00:00+02:00;66,000;1,000;MESURE
2025-06-07 18:00:00+02:00;65,000;1,000;MESURE
2025-06-07 19:00:00+02:00;65,000;1,000;MESURE
2025-06-07 20:00:00+02:00;65,000;1,000;MESURE
2025-06-07 21:00:00+02:00;64,000;1,000;MESURE
2025-06-07 22:00:00+02:00;64,000;1,000;MESURE
2025-06-07 23:00:00+02:00;65,000;1,000;MESURE
2025-06-08 00:00:00+02:00;64,000;1,000;MESURE
2025-06-08 01:00:00+02:00;64,000;1,000;MESURE
2025-06-08 02:00:00+02:00;64,000;1,000;MESURE
2025-06-08 03:00:00+02:00;64,000;1,000;MESURE
2025-06-08 04:00:00+02:00;65,000;1,000;MESURE
2025-06-08 05:00:00+02:00;64,000;1,000;MESURE
2025-06-08 06:00:00+02:00;64,000;1,000;MESURE
2025-06-08 07:00:00+02:00;65,000;1,000;MESURE
2025-06-08 08:00:00+02:00;64,000;1,000;MESURE
2025-06-08 09:00:00+02:00;64,000;1,000;MESURE
2025-06-08 10:00:00+02:00;65,000;1,000;MESURE
2025-06-08 11:00:00+02:00;64,000;1,000;MESURE
2025-06-08 12:00:00+02:00;65,000;1,000;MESURE
2025-06-08 13:00:00+02:00;65,000;1,000;MESURE
2025-06-08 14:00:00+02:00;65,000;1,000;MESURE
2025-06-08 15:00:00+02:00;65,000;1,000;MESURE
2025-06-08 16:00:00+02:00;65,000;1,000;MESURE
2025-06-08 17:00:00+02:00;65,000;1,000;MESURE
2025-06-08 18:00:00+02:00;66,000;1,000;MESURE
2025-06-08 19:00:00+02:00;65,000;1,000;MESURE
2025-06-08 20:00:00+02:00;65,000;1,000;MESURE
2025-06-08 21:00:00+02:00;65,000;1,000;MESURE
2025-06-08 22:00:00+02:00;64,000;1,000;MESURE
2025-06-08 23:00:00+02:00;64,000;1,000;MESURE
2025-06-09 00:00:00+02:00;64,000;1,000;MESURE
2025-06-09 01:00:00+02:00;64,000;1,000;MESURE
2025-06-09 02:00:00+02:00;64,000;1,000;MESURE
2025-06-09 03:00:00+02:00;64,000;1,000;MESURE
2025-06-09 04:00:00+02:00;63,000;1,000;MESURE
2025-06-09 05:00:00+02:00;64,000;1,000;MESURE
2025-06-09 06:00:00+02:00;74,000;1,000;MESURE
2025-06-09 07:00:00+02:00;88,000;1,000;MESURE
2025-06-09 08:00:00+02:00;88,000;1,000;MESURE
2025-06-09 09:00:00+02:00;91,000;1,000;MESURE
2025-06-09 10:00:00+02:00;91,000;1,000;MESURE
2025-06-09 11:00:00+02:00;91,000;1,000;MESURE
2025-06-09 12:00:00+02:00;92,000;1,000;MESURE
2025-06-09 13:00:00+02:00;93,000;1,000;MESURE
2025-06-09 14:00:00+02:00;94,000;1,000;MESURE
2025-06-09 15:00:00+02:00;90,000;1,000;MESURE
2025-06-09 16:00:00+02:00;92,000;1,000;MESURE
2025-06-09 17:00:00+02:00;92,000;1,000;MESURE
2025-06-09 18:00:00+02:00;80,000;1,000;MESURE
2025-06-09 19:00:00+02:00;66,000;1,000;MESURE
2025-06-09 20:00:00+02:00;66,000;1,000;MESURE
2025-06-09 21:00:00+02:00;65,000;1,000;MESURE
2025-06-09 22:00:00+02:00;65,000;1,000;MESURE
2025-06-09 23:00:00+02:00;65,000;1,000;MESURE
2025-06-10 00:00:00+02:00;64,000;1,000;MESURE
2025-06-10 01:00:00+02:00;64,000;1,000;MESURE
2025-06-10 02:00:00+02:00;64,000;1,000;MESURE
2025-06-10 03:00:00+02:00;64,000;1,000;MESURE
2025-06-10 04:00:00+02:00;64,000;1,000;MESURE
2025-06-10 05:00:00+02:00;64,000;1,000;MESURE
2025-06-10 06:00:00+02:00;74,000;1,000;MESURE
2025-06-10 07:00:00+02:00;88,000;1,000;MESURE
2025-06-10 08:00:00+02:00;89,000;1,000;MESURE
2025-06-10 09:00:00+02:00;92,000;1,000;MESURE
2025-06-10 10:00:00+02:00;92,000;1,000;MESURE
2025-06-10 11:00:00+02:00;93,000;1,000;MESURE
2025-06-10 12:00:00+02:00;94,000;1,000;MESURE
2025-06-10 13:00:00+02:00;93,000;1,000;MESURE
2025-06-10 14:00:00+02:00;92,000;1,000;MESURE
2025-06-10 15:00:00+02:00;95,000;1,000;MESURE
2025-06-10 16:00:00+02:00;96,000;1,000;MESURE
2025-06-10 17:00:00+02:00;94,000;1,000;MESURE
2025-06-10 18:00:00+02:00;81,000;1,000;MESURE
2025-06-10 19:00:00+02:00;66,000;1,000;MESURE
2025-06-10 20:00:00+02:00;65,000;1,000;MESURE
2025-06-10 21:00:00+02:00;66,000;1,000;MESURE
2025-06-10 22:00:00+02:00;64,000;1,000;MESURE
2025-06-10 23:00:00+02:00;65,000;1,000;MESURE
2025-06-11 00:00:00+02:00;65,000;1,000;MESURE
2025-06-11 01:00:00+02:00;64,000;1,000;MESURE
2025-06-11 02:00:00+02:00;64,000;1,000;MESURE
2025-06-11 03:00:00+02:00;64,000;1,000;MESURE
2025-06-11 04:00:00+02:00;64,000;1,000;MESURE
2025-06-11 05:00:00+02:00;65,000;1,000;MESURE
2025-06-11 06:00:00+02:00;74,000;1,000;MESURE
2025-06-11 07:00:00+02:00;88,000;1,000;MESURE
2025-06-11 08:00:00+02:00;91,000;1,000;MESURE
2025-06-11 09:00:00+02:00;91,000;1,000;MESURE
2025-06-11 10:00:00+02:00;93,000;1,000;MESURE
2025-06-11 11:00:00+02:00;95,000;1,000;MESURE
2025-06-11 12:00:00+02:00;93,000;1,000;MESURE
2025-06-11 13:00:00+02:00;94,000;1,000;MESURE
2025-06-11 14:00:00+02:00;93,000;1,000;MESURE
2025-06-11 15:00:00+02:00;96,000;1,000;MESURE
2025-06-11 16:00:00+02:00;94,000;1,000;MESURE
2025-06-11 17:00:00+02:00;96,000;1,000;MESURE
2025-06-11 18:00:00+02:00;80,000;1,000;MESURE
2025-06-11 19:00:00+02:00;66,000;1,000;MESURE
2025-06-11 20:00:00+02:00;66,000;1,000;MESURE
2025-06-11 21:00:00+02:00;66,000;1,000;MESURE
2025-06-11 22:00:00+02:00;66,000;1,000;MESURE
2025-06-11 23:00:00+02:00;64,000;1,000;MESURE
2025-06-12 00:00:00+02:00;65,000;1,000;MESURE
2025-06-12 01:00:00+02:00;64,000;1,000;MESURE
2025-06-12 02:00:00+02:00;65,000;1,000;MESURE
2025-06-12 03:00:00+02:00;64,000;1,000;MESURE
2025-06-12 04:00:00+02:00;65,000;1,000;MESURE
2025-06-12 05:00:00+02:00;64,000;1,000;MESURE
2025-06-12 06:00:00+02:00;75,000;1,000;MESURE
2025-06-12 07:00:00+02:00;90,000;1,000;MESURE
2025-06-12 08:00:00+02:00;90,000;1,000;MESURE
2025-06-12 09:00:00+02:00;92,000;1,000;MESURE
2025-06-12 10:00:00+02:00;94,000;1,000;MESURE
2025-06-12 11:00:00+02:00;95,000;1,000;MESURE
2025-06-12 12:00:00+02:00;96,000;1,000;MESURE
2025-06-12 13:00:00+02:00;95,000;1,000;MESURE
2025-06-12 14:00:00+02:00;96,000;1,000;MESURE
2025-06-12 15:00:00+02:00;93,000;1,000;MESURE
2025-06-12 16:00:00+02:00;96,000;1,000;MESURE
2025-06-12 17:00:00+02:00;92,000;1,000;MESURE
2025-06-12 18:00:00+02:00;81,000;1,000;MESURE
2025-06-12 19:00:00+02:00;65,000;1,000;MESURE
2025-06-12 20:00:00+02:00;66,000;1,000;MESURE
2025-06-12 21:00:00+02:00;66,000;1,000;MESURE
2025-06-12 22:00:00+02:00;66,000;1,000;MESURE
2025-06-12 23:00:00+02:00;65,000;1,000;MESURE
2025-06-13 00:00:00+02:00;65,000;1,000;MESURE
2025-06-13 01:00:00+02:00;65,000;1,000;MESURE
2025-06-13 02:00:00+02:00;65,000;1,000;MESURE
2025-06-13 03:00:00+02:00;64,000;1,000;MESURE
2025-06-13 04:00:00+02:00;65,000;1,000;MESURE
2025-06-13 05:00:00+02:00;64,000;1,000;MESURE
2025-06-13 06:00:00+02:00;76,000;1,000;MESURE
2025-06-13 07:00:00+02:00;90,000;1,000;MESURE
2025-06-13 08:00:00+02:00;91,000;1,000;MESURE
2025-06-13 09:00:00+02:00;94,000;1,000;MESURE
2025-06-13 10:00:00+02:00;93,000;1,000;MESURE
2025-06-13 11:00:00+02:00;96,000;1,000;MESURE
2025-06-13 12:00:00+02:00;94,000;1,000;MESURE
2025-06-13 13:00:00+02:00;96,000;1,000;MESURE
2025-06-13 14:00:00+02:00;92,000;1,000;MESURE
2025-06-13 15:00:00+02:00;91,000;1,000;MESURE
2025-06-13 16:00:00+02:00;90,000;1,000;MESURE
2025-06-13 17:00:00+02:00;92,000;1,000;MESURE
2025-06-13 18:00:00+02:00;81,000;1,000;MESURE
2025-06-13 19:00:00+02:00;65,000;1,000;MESURE
2025-06-13 20:00:00+02:00;66,000;1,000;MESURE
2025-06-13 21:00:00+02:00;65,000;1,000;MESURE
2025-06-13 22:00:00+02:00;66,000;1,000;MESURE
2025-06-13 23:00:00+02:00;66,000;1,000;MESURE
2025-06-14 00:00:00+02:00;67,000;1,000;MESURE
2025-06-14 01:00:00+02:00;66,000;1,000;MESURE
2025-06-14 02:00:00+02:00;67,000;1,000;MESURE
2025-06-14 03:00:00+02:00;67,000;1,000;MESURE
2025-06-14 04:00:00+02:00;67,000;1,000;MESURE
2025-06-14 05:00:00+02:00;66,000;1,000;MESURE
2025-06-14 06:00:00+02:00;64,000;1,000;MESURE
2025-06-14 07:00:00+02:00;65,000;1,000;MESURE
2025-06-14 08:00:00+02:00;65,000;1,000;MESURE
2025-06-14 09:00:00+02:00;65,000;1,000;MESURE
2025-06-14 10:00:00+02:00;65,000;1,000;MESURE
2025-06-14 11:00:00+02:00;66,000;1,000;MESURE
2025-06-14 12:00:00+02:00;65,000;1,000;MESURE
2025-06-14 13:00:00+02:00;65,000;1,000;MESURE
2025-06-14 14:00:00+02:00;66,000;1,000;MESURE
2025-06-14 15:00:00+02:00;65,000;1,000;MESURE
2025-06-14 16:00:00+02:00;66,000;1,000;MESURE
2025-06-14 17:00:00+02:00;65,000;1,000;MESURE
2025-06-14 18:00:00+02:00;65,000;1,000;MESURE
2025-06-14 19:00:00+02:00;65,000;1,000;MESURE
2025-06-14 20:00:00+02:00;66,000;1,000;MESURE
2025-06-14 21:00:00+02:00;66,000;1,000;MESURE
2025-06-14 22:00:00+02:00;66,000;1,000;MESURE
2025-06-14 23:00:00+02:00;66,000;1,000;MESURE
2025-06-15 00:00:00+02:00;65,000;1,000;MESURE
2025-06-15 01:00:00+02:00;65,000;1,000;MESURE
2025-06-15 02:00:00+02:00;65,000;1,000;MESURE
2025-06-15 03:00:00+02:00;65,000;1,000;MESURE
2025-06-15 04:00:00+02:00;65,000;1,000;MESURE
2025-06-15 05:00:00+02:00;65,000;1,000;MESURE
2025-06-15 06:00:00+02:00;65,000;1,000;MESURE
2025-06-15 07:00:00+02:00;65,000;1,000;MESURE
2025-06-15 08:00:00+02:00;65,000;1,000;MESURE
2025-06-15 09:00:00+02:00;65,000;1,000;MESURE
2025-06-15 10:00:00+02:00;65,000;1,000;MESURE
2025-06-15 11:00:00+02:00;65,000;1,000;MESURE
2025-06-15 12:00:00+02:00;66,000;1,000;MESURE
2025-06-15 13:00:00+02:00;65,000;1,000;MESURE
2025-06-15 14:00:00+02:00;65,000;1,000;MESURE
2025-06-15 15:00:00+02:00;65,000;1,000;MESURE
2025-06-15 16:00:00+02:00;66,000;1,000;MESURE
2025-06-15 17:00:00+02:00;65,000;1,000;MESURE
2025-06-15 18:00:00+02:00;66,000;1,000;MESURE
2025-06-15 19:00:00+02:00;66,000;1,000;MESURE
2025-06-15 20:00:00+02:00;66,000;1,000;MESURE
2025-06-15 21:00:00+02:00;65,000;1,000;MESURE
2025-06-15 22:00:00+02:00;65,000;1,000;MESURE
2025-06-15 23:00:00+02:00;64,000;1,000;MESURE
2025-06-16 00:00:00+02:00;65,000;1,000;MESURE
2025-06-16 01:00:00+02:00;64,000;1,000;MESURE
2025-06-16 02:00:00+02:00;65,000;1,000;MESURE
2025-06-16 03:00:00+02:00;64,000;1,000;MESURE
2025-06-16 04:00:00+02:00;65,000;1,000;MESURE
2025-06-16 05:00:00+02:00;64,000;1,000;MESURE
2025-06-16 06:00:00+02:00;76,000;1,000;MESURE
2025-06-16 07:00:00+02:00;89,000;1,000;MESURE
2025-06-16 08:00:00+02:00;90,000;1,000;MESURE
2025-06-16 09:00:00+02:00;91,000;1,000;MESURE
2025-06-16 10:00:00+02:00;94,000;1,000;MESURE
2025-06-16 11:00:00+02:00;93,000;1,000;MESURE
2025-06-16 12:00:00+02:00;94,000;1,000;MESURE
2025-06-16 13:00:00+02:00;92,000;1,000;MESURE
2025-06-16 14:00:00+02:00;94,000;1,000;MESURE
2025-06-16 15:00:00+02:00;93,000;1,000;MESURE
2025-06-16 16:00:00+02:00;92,000;1,000;MESURE
2025-06-16 17:00:00+02:00;94,000;1,000;MESURE
2025-06-16 18:00:00+02:00;80,000;1,000;MESURE
2025-06-16 19:00:00+02:00;66,000;1,000;MESURE
2025-06-16 20:00:00+02:00;66,000;1,000;MESURE
2025-06-16 21:00:00+02:00;65,000;1,000;MESURE
2025-06-16 22:00:00+02:00;65,000;1,000;MESURE
2025-06-16 23:00:00+02:00;65,000;1,000;MESURE
2025-06-17 00:00:00+02:00;64,000;1,000;MESURE
2025-06-17 01:00:00+02:00;65,000;1,000;MESURE
2025-06-17 02:00:00+02:00;64,000;1,000;MESURE
2025-06-17 03:00:00+02:00;64,000;1,000;MESURE
2025-06-17 04:00:00+02:00;65,000;1,000;MESURE
2025-06-17 05:00:00+02:00;64,000;1,000;MESURE
2025-06-17 06:00:00+02:00;75,000;1,000;MESURE
2025-06-17 07:00:00+02:00;89,000;1,000;MESURE
2025-06-17 08:00:00+02:00;90,000;1,000;MESURE
2025-06-17 09:00:00+02:00;92,000;1,000;MESURE
2025-06-17 10:00:00+02:00;94,000;1,000;MESURE
2025-06-17 11:00:00+02:00;94,000;1,000;MESURE
2025-06-17 12:00:00+02:00;95,000;1,000;MESURE
2025-06-17 13:00:00+02:00;94,000;1,000;MESURE
2025-06-17 14:00:00+02:00;92,000;1,000;MESURE
2025-06-17 15:00:00+02:00;92,000;1,000;MESURE
2025-06-17 16:00:00+02:00;94,000;1,000;MESURE
2025-06-17 17:00:00+02:00;92,000;1,000;MESURE
2025-06-17 18:00:00+02:00;80,000;1,000;MESURE
2025-06-17 19:00:00+02:00;65,000;1,000;MESURE
2025-06-17 20:00:00+02:00;66,000;1,000;MESURE
2025-06-17 21:00:00+02:00;66,000;1,000;MESURE
2025-06-17 22:00:00+02:00;65,000;1,000;MESURE
2025-06-17 23:00:00+02:00;65,000;1,000;MESURE
2025-06-18 00:00:00+02:00;65,000;1,000;MESURE
2025-06-18 01:00:00+02:00;64,000;1,000;MESURE
2025-06-18 02:00:00+02:00;65,000;1,000;MESURE
2025-06-18 03:00:00+02:00;64,000;1,000;MESURE
2025-06-18 04:00:00+02:00;64,000;1,000;MESURE
2025-06-18 05:00:00+02:00;65,000;1,000;MESURE
2025-06-18 06:00:00+02:00;75,000;1,000;MESURE
2025-06-18 07:00:00+02:00;89,000;1,000;MESURE
2025-06-18 08:00:00+02:00;91,000;1,000;MESURE
2025-06-18 09:00:00+02:00;92,000;1,000;MESURE
2025-06-18 10:00:00+02:00;93,000;1,000;MESURE
2025-06-18 11:00:00+02:00;94,000;1,000;MESURE
2025-06-18 12:00:00+02:00;94,000;1,000;MESURE
2025-06-18 13:00:00+02:00;95,000;1,000;MESURE
2025-06-18 14:00:00+02:00;95,000;1,000;MESURE
2025-06-18 15:00:00+02:00;94,000;1,000;MESURE
2025-06-18 16:00:00+02:00;95,000;1,000;MESURE
2025-06-18 17:00:00+02:00;93,000;1,000;MESURE
2025-06-18 18:00:00+02:00;80,000;1,000;MESURE
2025-06-18 19:00:00+02:00;65,000;1,000;MESURE
2025-06-18 20:00:00+02:00;66,000;1,000;MESURE
2025-06-18 21:00:00+02:00;66,000;1,000;MESURE
2025-06-18 22:00:00+02:00;66,000;1,000;MESURE
2025-06-18 23:00:00+02:00;65,000;1,000;MESURE
2025-06-19 00:00:00+02:00;67,000;1,000;MESURE
2025-06-19 01:00:00+02:00;66,000;1,000;MESURE
2025-06-19 02:00:00+02:00;67,000;1,000;MESURE
2025-06-19 03:00:00+02:00;67,000;1,000;MESURE
2025-06-19 04:00:00+02:00;67,000;1,000;MESURE
2025-06-19 05:00:00+02:00;65,000;1,000;MESURE
2025-06-19 06:00:00+02:00;76,000;1,000;MESURE
2025-06-19 07:00:00+02:00;89,000;1,000;MESURE
2025-06-19 08:00:00+02:00;91,000;1,000;MESURE
2025-06-19 09:00:00+02:00;94,000;1,000;MESURE
2025-06-19 10:00:00+02:00;95,000;1,000;MESURE
2025-06-19 11:00:00+02:00;94,000;1,000;MESURE
2025-06-19 12:00:00+02:00;95,000;1,000;MESURE
2025-06-19 13:00:00+02:00;97,000;1,000;MESURE
2025-06-19 14:00:00+02:00;96,000;1,000;MESURE
2025-06-19 15:00:00+02:00;93,000;1,000;MESURE
2025-06-19 16:00:00+02:00;94,000;1,000;MESURE
2025-06-19 17:00:00+02:00;93,000;1,000;MESURE
2025-06-19 18:00:00+02:00;80,000;1,000;MESURE
2025-06-19 19:00:00+02:00;66,000;1,000;MESURE
2025-06-19 20:00:00+02:00;65,000;1,000;MESURE
2025-06-19 21:00:00+02:00;66,000;1,000;MESURE
2025-06-19 22:00:00+02:00;66,000;1,000;MESURE
2025-06-19 23:00:00+02:00;65,000;1,000;MESURE
2025-06-20 00:00:00+02:00;67,000;1,000;MESURE
2025-06-20 01:00:00+02:00;67,000;1,000;MESURE
2025-06-20 02:00:00+02:00;67,000;1,000;MESURE
2025-06-20 03:00:00+02:00;67,000;1,000;MESURE
2025-06-20 04:00:00+02:00;66,000;1,000;MESURE
2025-06-20 05:00:00+02:00;66,000;1,000;MESURE
2025-06-20 06:00:00+02:00;76,000;1,000;MESURE
2025-06-20 07:00:00+02:00;89,000;1,000;MESURE
2025-06-20 08:00:00+02:00;91,000;1,000;MESURE
2025-06-20 09:00:00+02:00;93,000;1,000;MESURE
2025-06-20 10:00:00+02:00;93,000;1,000;MESURE
2025-06-20 11:00:00+02:00;96,000;1,000;MESURE
2025-06-20 12:00:00+02:00;95,000;1,000;MESURE
2025-06-20 13:00:00+02:00;96,000;1,000;MESURE
2025-06-20 14:00:00+02:00;94,000;1,000;MESURE
2025-06-20 15:00:00+02:00;94,000;1,000;MESURE
2025-06-20 16:00:00+02:00;95,000;1,000;MESURE
2025-06-20 17:00:00+02:00;92,000;1,000;MESURE
2025-06-20 18:00:00+02:00;80,000;1,000;MESURE
2025-06-20 19:00:00+02:00;66,000;1,000;MESURE
2025-06-20 20:00:00+02:00;66,000;1,000;MESURE
2025-06-20 21:00:00+02:00;65,000;1,000;MESURE
2025-06-20 22:00:00+02:00;66,000;1,000;MESURE
2025-06-20 23:00:00+02:00;65,000;1,000;MESURE
2025-06-21 00:00:00+02:00;65,000;1,000;MESURE
2025-06-21 01:00:00+02:00;65,000;1,000;MESURE
2025-06-21 02:00:00+02:00;65,000;1,000;MESURE
2025-06-21 03:00:00+02:00;64,000;1,000;MESURE
2025-06-21 04:00:00+02:00;65,000;1,000;MESURE
2025-06-21 05:00:00+02:00;64,000;1,000;MESURE
2025-06-21 06:00:00+02:00;65,000;1,000;MESURE
2025-06-21 07:00:00+02:00;64,000;1,000;MESURE
2025-06-21 08:00:00+02:00;65,000;1,000;MESURE
2025-06-21 09:00:00+02:00;65,000;1,000;MESURE
2025-06-21 10:00:00+02:00;65,000;1,000;MESURE
2025-06-21 11:00:00+02:00;65,000;1,000;MESURE
2025-06-21 12:00:00+02:00;65,000;1,000;MESURE
2025-06-21 13:00:00+02:00;66,000;1,000;MESURE
2025-06-21 14:00:00+02:00;65,000;1,000;MESURE
2025-06-21 15:00:00+02:00;67,000;1,000;MESURE
2025-06-21 16:00:00+02:00;65,000;1,000;MESURE
2025-06-21 17:00:00+02:00;66,000;1,000;MESURE
2025-06-21 18:00:00+02:00;65,000;1,000;MESURE
2025-06-21 19:00:00+02:00;65,000;1,000;MESURE
2025-06-21 20:00:00+02:00;66,000;1,000;MESURE
2025-06-21 21:00:00+02:00;66,000;1,000;MESURE
2025-06-21 22:00:00+02:00;65,000;1,000;MESURE
2025-06-21 23:00:00+02:00;66,000;1,000;MESURE
2025-06-22 00:00:00+02:00;64,000;1,000;MESURE
2025-06-22 01:00:00+02:00;65,000;1,000;MESURE
2025-06-22 02:00:00+02:00;64,000;1,000;MESURE
2025-06-22 03:00:00+02:00;65,000;1,000;MESURE
2025-06-22 04:00:00+02:00;64,000;1,000;MESURE
2025-06-22 05:00:00+02:00;64,000;1,000;MESURE
2025-06-22 06:00:00+02:00;65,000;1,000;MESURE
2025-06-22 07:00:00+02:00;65,000;1,000;MESURE
2025-06-22 08:00:00+02:00;64,000;1,000;MESURE
2025-06-22 09:00:00+02:00;65,000;1,000;MESURE
2025-06-22 10:00:00+02:00;64,000;1,000;MESURE
2025-06-22 11:00:00+02:00;65,000;1,000;MESURE
2025-06-22 12:00:00+02:00;66,000;1,000;MESURE
2025-06-22 13:00:00+02:00;65,000;1,000;MESURE
2025-06-22 14:00:00+02:00;65,000;1,000;MESURE
2025-06-22 15:00:00+02:00;65,000;1,000;MESURE
2025-06-22 16:00:00+02:00;66,000;1,000;MESURE
2025-06-22 17:00:00+02:00;65,000;1,000;MESURE
2025-06-22 18:00:00+02:00;65,000;1,000;MESURE
2025-06-22 19:00:00+02:00;65,000;1,000;MESURE
2025-06-22 20:00:00+02:00;66,000;1,000;MESURE
2025-06-22 21:00:00+02:00;65,000;1,000;MESURE
2025-06-22 22:00:00+02:00;66,000;1,000;MESURE
2025-06-22 23:00:00+02:00;66,000;1,000;MESURE
2025-06-23 00:00:00+02:00;67,000;1,000;MESURE
2025-06-23 01:00:00+02:00;67,000;1,000;MESURE
2025-06-23 02:00:00+02:00;66,000;1,000;MESURE
2025-06-23 03:00:00+02:00;67,000;1,000;MESURE
2025-06-23 04:00:00+02:00;67,000;1,000;MESURE
2025-06-23 05:00:00+02:00;66,000;1,000;MESURE
2025-06-23 06:00:00+02:00;76,000;1,000;MESURE
2025-06-23 07:00:00+02:00;91,000;1,000;MESURE
2025-06-23 08:00:00+02:00;92,000;1,000;MESURE
2025-06-23 09:00:00+02:00;94,000;1,000;MESURE
2025-06-23 10:00:00+02:00;94,000;1,000;MESURE
2025-06-23 11:00:00+02:00;93,000;1,000;MESURE
2025-06-23 12:00:00+02:00;95,000;1,000;MESURE
2025-06-23 13:00:00+02:00;95,000;1,000;MESURE
2025-06-23 14:00:00+02:00;95,000;1,000;MESURE
2025-06-23 15:00:00+02:00;97,000;1,000;MESURE
2025-06-23 16:00:00+02:00;94,000;1,000;MESURE
2025-06-23 17:00:00+02:00;93,000;1,000;MESURE
2025-06-23 18:00:00+02:00;81,000;1,000;MESURE
2025-06-23 19:00:00+02:00;65,000;1,000;MESURE
2025-06-23 20:00:00+02:00;66,000;1,000;MESURE
2025-06-23 21:00:00+02:00;66,000;1,000;MESURE
2025-06-23 22:00:00+02:00;66,000;1,000;MESURE
2025-06-23 23:00:00+02:00;65,000;1,000;MESURE
2025-06-24 00:00:00+02:00;67,000;1,000;MESURE
2025-06-24 01:00:00+02:00;67,000;1,000;MESURE
2025-06-24 02:00:00+02:00;66,000;1,000;MESURE
2025-06-24 03:00:00+02:00;67,000;1,000;MESURE
2025-06-24 04:00:00+02:00;67,000;1,000;MESURE
2025-06-24 05:00:00+02:00;65,000;1,000;MESURE
2025-06-24 06:00:00+02:00;76,000;1,000;MESURE
2025-06-24 07:00:00+02:00;89,000;1,000;MESURE
2025-06-24 08:00:00+02:00;91,000;1,000;MESURE
2025-06-24 09:00:00+02:00;94,000;1,000;MESURE
2025-06-24 10:00:00+02:00;94,000;1,000;MESURE
2025-06-24 11:00:00+02:00;95,000;1,000;MESURE
2025-06-24 12:00:00+02:00;96,000;1,000;MESURE
2025-06-24 13:00:00+02:00;94,000;1,000;MESURE
2025-06-24 14:00:00+02:00;93,000;1,000;MESURE
2025-06-24 15:00:00+02:00;93,000;1,000;MESURE
2025-06-24 16:00:00+02:00;93,000;1,000;MESURE
2025-06-24 17:00:00+02:00;94,000;1,000;MESURE
2025-06-24 18:00:00+02:00;81,000;1,000;MESURE
2025-06-24 19:00:00+02:00;66,000;1,000;MESURE
2025-06-24 20:00:00+02:00;65,000;1,000;MESURE
2025-06-24 21:00:00+02:00;66,000;1,000;MESURE
2025-06-24 22:00:00+02:00;66,000;1,000;MESURE
2025-06-24 23:00:00+02:00;65,000;1,000;MESURE
2025-06-25 00:00:00+02:00;65,000;1,000;MESURE
2025-06-25 01:00:00+02:00;65,000;1,000;MESURE
2025-06-25 02:00:00+02:00;64,000;1,000;MESURE
2025-06-25 03:00:00+02:00;64,000;1,000;MESURE
2025-06-25 04:00:00+02:00;65,000;1,000;MESURE
2025-06-25 05:00:00+02:00;64,000;1,000;MESURE
2025-06-25 06:00:00+02:00;76,000;1,000;MESURE
2025-06-25 07:00:00+02:00;89,000;1,000;MESURE
2025-06-25 08:00:00+02:00;92,000;1,000;MESURE
2025-06-25 09:00:00+02:00;95,000;1,000;MESURE
2025-06-25 10:00:00+02:00;95,000;1,000;MESURE
2025-06-25 11:00:00+02:00;93,000;1,000;MESURE
2025-06-25 12:00:00+02:00;92,000;1,000;MESURE
2025-06-25 13:00:00+02:00;93,000;1,000;MESURE
2025-06-25 14:00:00+02:00;92,000;1,000;MESURE
2025-06-25 15:00:00+02:00;93,000;1,000;MESURE
2025-06-25 16:00:00+02:00;93,000;1,000;MESURE
2025-06-25 17:00:00+02:00;93,000;1,000;MESURE
2025-06-25 18:00:00+02:00;81,000;1,000;MESURE
2025-06-25 19:00:00+02:00;65,000;1,000;MESURE
2025-06-25 20:00:00+02:00;65,000;1,000;MESURE
2025-06-25 21:00:00+02:00;66,000;1,000;MESURE
2025-06-25 22:00:00+02:00;66,000;1,000;MESURE
2025-06-25 23:00:00+02:00;66,000;1,000;MESURE
2025-06-26 00:00:00+02:00;66,000;1,000;MESURE
2025-06-26 01:00:00+02:00;69,000;1,000;MESURE
2025-06-26 02:00:00+02:00;69,000;1,000;MESURE
2025-06-26 03:00:00+02:00;69,000;1,000;MESURE
2025-06-26 04:00:00+02:00;69,000;1,000;MESURE
2025-06-26 05:00:00+02:00;68,000;1,000;MESURE
2025-06-26 06:00:00+02:00;76,000;1,000;MESURE
2025-06-26 07:00:00+02:00;90,000;1,000;MESURE
2025-06-26 08:00:00+02:00;93,000;1,000;MESURE
2025-06-26 09:00:00+02:00;94,000;1,000;MESURE
2025-06-26 10:00:00+02:00;95,000;1,000;MESURE
2025-06-26 11:00:00+02:00;93,000;1,000;MESURE
2025-06-26 12:00:00+02:00;91,000;1,000;MESURE
2025-06-26 13:00:00+02:00;93,000;1,000;MESURE
2025-06-26 14:00:00+02:00;93,000;1,000;MESURE
2025-06-26 15:00:00+02:00;94,000;1,000;MESURE
2025-06-26 16:00:00+02:00;94,000;1,000;MESURE
2025-06-26 17:00:00+02:00;94,000;1,000;MESURE
2025-06-26 18:00:00+02:00;81,000;1,000;MESURE
2025-06-26 19:00:00+02:00;66,000;1,000;MESURE
2025-06-26 20:00:00+02:00;65,000;1,000;MESURE
2025-06-26 21:00:00+02:00;66,000;1,000;MESURE
2025-06-26 22:00:00+02:00;65,000;1,000;MESURE
2025-06-26 23:00:00+02:00;65,000;1,000;MESURE
2025-06-27 00:00:00+02:00;65,000;1,000;MESURE
2025-06-27 01:00:00+02:00;64,000;1,000;MESURE
2025-06-27 02:00:00+02:00;65,000;1,000;MESURE
2025-06-27 03:00:00+02:00;64,000;1,000;MESURE
2025-06-27 04:00:00+02:00;65,000;1,000;MESURE
2025-06-27 05:00:00+02:00;64,000;1,000;MESURE
2025-06-27 06:00:00+02:00;76,000;1,000;MESURE
2025-06-27 07:00:00+02:00;90,000;1,000;MESURE
2025-06-27 08:00:00+02:00;90,000;1,000;MESURE
2025-06-27 09:00:00+02:00;94,000;1,000;MESURE
2025-06-27 10:00:00+02:00;94,000;1,000;MESURE
2025-06-27 11:00:00+02:00;93,000;1,000;MESURE
2025-06-27 12:00:00+02:00;94,000;1,000;MESURE
2025-06-27 13:00:00+02:00;95,000;1,000;MESURE
2025-06-27 14:00:00+02:00;93,000;1,000;MESURE
2025-06-27 15:00:00+02:00;94,000;1,000;MESURE
2025-06-27 16:00:00+02:00;92,000;1,000;MESURE
2025-06-27 17:00:00+02:00;93,000;1,000;MESURE
2025-06-27 18:00:00+02:00;80,000;1,000;MESURE
2025-06-27 19:00:00+02:00;65,000;1,000;MESURE
2025-06-27 20:00:00+02:00;66,000;1,000;MESURE
2025-06-27 21:00:00+02:00;66,000;1,000;MESURE
2025-06-27 22:00:00+02:00;65,000;1,000;MESURE
2025-06-27 23:00:00+02:00;66,000;1,000;MESURE
2025-06-28 00:00:00+02:00;67,000;1,000;MESURE
2025-06-28 01:00:00+02:00;66,000;1,000;MESURE
2025-06-28 02:00:00+02:00;67,000;1,000;MESURE
2025-06-28 03:00:00+02:00;67,000;1,000;MESURE
2025-06-28 04:00:00+02:00;66,000;1,000;MESURE
2025-06-28 05:00:00+02:00;66,000;1,000;MESURE
2025-06-28 06:00:00+02:00;65,000;1,000;MESURE
2025-06-28 07:00:00+02:00;65,000;1,000;MESURE
2025-06-28 08:00:00+02:00;64,000;1,000;MESURE
2025-06-28 09:00:00+02:00;65,000;1,000;MESURE
2025-06-28 10:00:00+02:00;64,000;1,000;MESURE
2025-06-28 11:00:00+02:00;65,000;1,000;MESURE
2025-06-28 12:00:00+02:00;66,000;1,000;MESURE
2025-06-28 13:00:00+02:00;65,000;1,000;MESURE
2025-06-28 14:00:00+02:00;65,000;1,000;MESURE
2025-06-28 15:00:00+02:00;65,000;1,000;MESURE
2025-06-28 16:00:00+02:00;65,000;1,000;MESURE
2025-06-28 17:00:00+02:00;65,000;1,000;MESURE
2025-06-28 18:00:00+02:00;64,000;1,000;MESURE
2025-06-28 19:00:00+02:00;65,000;1,000;MESURE
2025-06-28 20:00:00+02:00;66,000;1,000;MESURE
2025-06-28 21:00:00+02:00;66,000;1,000;MESURE
2025-06-28 22:00:00+02:00;65,000;1,000;MESURE
2025-06-28 23:00:00+02:00;66,000;1,000;MESURE
2025-06-29 00:00:00+02:00;67,000;1,000;MESURE
2025-06-29 01:00:00+02:00;66,000;1,000;MESURE
2025-06-29 02:00:00+02:00;67,000;1,000;MESURE
2025-06-29 03:00:00+02:00;67,000;1,000;MESURE
2025-06-29 04:00:00+02:00;67,000;1,000;MESURE
2025-06-29 05:00:00+02:00;65,000;1,000;MESURE
2025-06-29 06:00:00+02:00;65,000;1,000;MESURE
2025-06-29 07:00:00+02:00;65,000;1,000;MESURE
2025-06-29 08:00:00+02:00;64,000;1,000;MESURE
2025-06-29 09:00:00+02:00;65,000;1,000;MESURE
2025-06-29 10:00:00+02:00;65,000;1,000;MESURE
2025-06-29 11:00:00+02:00;66,000;1,000;MESURE
2025-06-29 12:00:00+02:00;65,000;1,000;MESURE
2025-06-29 13:00:00+02:00;66,000;1,000;MESURE
2025-06-29 14:00:00+02:00;65,000;1,000;MESURE
2025-06-29 15:00:00+02:00;65,000;1,000;MESURE
2025-06-29 16:00:00+02:00;65,000;1,000;MESURE
2025-06-29 17:00:00+02:00;65,000;1,000;MESURE
2025-06-29 18:00:00+02:00;65,000;1,000;MESURE
2025-06-29 19:00:00+02:00;65,000;1,000;MESURE
2025-06-29 20:00:00+02:00;65,000;1,000;MESURE
2025-06-29 21:00:00+02:00;66,000;1,000;MESURE
2025-06-29 22:00:00+02:00;66,000;1,000;MESURE
2025-06-29 23:00:00+02:00;65,000;1,000;MESURE
2025-06-30 00:00:00+02:00;67,000;1,000;MESURE
2025-06-30 01:00:00+02:00;67,000;1,000;MESURE
2025-06-30 02:00:00+02:00;67,000;1,000;MESURE
2025-06-30 03:00:00+02:00;66,000;1,000;MESURE
2025-06-30 04:00:00+02:00;67,000;1,000;MESURE
2025-06-30 05:00:00+02:00;66,000;1,000;MESURE
2025-06-30 06:00:00+02:00;76,000;1,000;MESURE
2025-06-30 07:00:00+02:00;91,000;1,000;MESURE
2025-06-30 08:00:00+02:00;92,000;1,000;MESURE
2025-06-30 09:00:00+02:00;94,000;1,000;MESURE
2025-06-30 10:00:00+02:00;95,000;1,000;MESURE
2025-06-30 11:00:00+02:00;93,000;1,000;MESURE
2025-06-30 12:00:00+02:00;94,000;1,000;MESURE
2025-06-30 13:00:00+02:00;94,000;1,000;MESURE
2025-06-30 14:00:00+02:00;94,000;1,000;MESURE
2025-06-30 15:00:00+02:00;96,000;1,000;MESURE
2025-06-30 16:00:00+02:00;96,000;1,000;MESURE
2025-06-30 17:00:00+02:00;96,000;1,000;MESURE
2025-06-30 18:00:00+02:00;81,000;1,000;MESURE
2025-06-30 19:00:00+02:00;65,000;1,000;MESURE
2025-06-30 20:00:00+02:00;65,000;1,000;MESURE
2025-06-30 21:00:00+02:00;65,000;1,000;MESURE
2025-06-30 22:00:00+02:00;65,000;1,000;MESURE
2025-06-30 23:00:00+02:00;65,000;1,000;MESURE
2025-07-01 00:00:00+02:00;66,000;1,000;MESURE
2025-07-01 01:00:00+02:00;66,000;1,000;MESURE
2025-07-01 02:00:00+02:00;66,000;1,000;MESURE
2025-07-01 03:00:00+02:00;66,000;1,000;MESURE
2025-07-01 04:00:00+02:00;67,000;1,000;MESURE
2025-07-01 05:00:00+02:00;65,000;1,000;MESURE
2025-07-01 06:00:00+02:00;75,000;1,000;MESURE
2025-07-01 07:00:00+02:00;90,000;1,000;MESURE
2025-07-01 08:00:00+02:00;91,000;1,000;MESURE
2025-07-01 09:00:00+02:00;94,000;1,000;MESURE
2025-07-01 10:00:00+02:00;95,000;1,000;MESURE
2025-07-01 11:00:00+02:00;95,000;1,000;MESURE
2025-07-01 12:00:00+02:00;95,000;1,000;MESURE
2025-07-01 13:00:00+02:00;96,000;1,000;MESURE
2025-07-01 14:00:00+02:00;96,000;1,000;MESURE
2025-07-01 15:00:00+02:00;95,000;1,000;MESURE
2025-07-01 16:00:00+02:00;93,000;1,000;MESURE
2025-07-01 17:00:00+02:00;95,000;1,000;MESURE
2025-07-01 18:00:00+02:00;81,000;1,000;MESURE
2025-07-01 19:00:00+02:00;64,000;1,000;MESURE
2025-07-01 20:00:00+02:00;66,000;1,000;MESURE
2025-07-01 21:00:00+02:00;65,000;1,000;MESURE
2025-07-01 22:00:00+02:00;66,000;1,000;MESURE
2025-07-01 23:00:00+02:00;66,000;1,000;MESURE
2025-07-02 00:00:00+02:00;67,000;1,000;MESURE
2025-07-02 01:00:00+02:00;67,000;1,000;MESURE
2025-07-02 02:00:00+02:00;66,000;1,000;MESURE
2025-07-02 03:00:00+02:00;67,000;1,000;MESURE
2025-07-02 04:00:00+02:00;66,000;1,000;MESURE
2025-07-02 05:00:00+02:00;66,000;1,000;MESURE
2025-07-02 06:00:00+02:00;76,000;1,000;MESURE
2025-07-02 07:00:00+02:00;90,000;1,000;MESURE
2025-07-02 08:00:00+02:00;91,000;1,000;MESURE
2025-07-02 09:00:00+02:00;95,000;1,000;MESURE
2025-07-02 10:00:00+02:00;94,000;1,000;MESURE
2025-07-02 11:00:00+02:00;95,000;1,000;MESURE
2025-07-02 12:00:00+02:00;95,000;1,000;MESURE
2025-07-02 13:00:00+02:00;96,000;1,000;MESURE
2025-07-02 14:00:00+02:00;96,000;1,000;MESURE
2025-07-02 15:00:00+02:00;95,000;1,000;MESURE
2025-07-02 16:00:00+02:00;94,000;1,000;MESURE
2025-07-02 17:00:00+02:00;93,000;1,000;MESURE
2025-07-02 18:00:00+02:00;81,000;1,000;MESURE
2025-07-02 19:00:00+02:00;65,000;1,000;MESURE
2025-07-02 20:00:00+02:00;65,000;1,000;MESURE
2025-07-02 21:00:00+02:00;66,000;1,000;MESURE
2025-07-02 22:00:00+02:00;66,000;1,000;MESURE
2025-07-02 23:00:00+02:00;66,000;1,000;MESURE
2025-07-03 00:00:00+02:00;65,000;1,000;MESURE
2025-07-03 01:00:00+02:00;65,000;1,000;MESURE
2025-07-03 02:00:00+02:00;66,000;1,000;MESURE
2025-07-03 03:00:00+02:00;65,000;1,000;MESURE
2025-07-03 04:00:00+02:00;65,000;1,000;MESURE
2025-07-03 05:00:00+02:00;65,000;1,000;MESURE
2025-07-03 06:00:00+02:00;76,000;1,000;MESURE
2025-07-03 07:00:00+02:00;91,000;1,000;MESURE
2025-07-03 08:00:00+02:00;92,000;1,000;MESURE
2025-07-03 09:00:00+02:00;95,000;1,000;MESURE
2025-07-03 10:00:00+02:00;97,000;1,000;MESURE
2025-07-03 11:00:00+02:00;93,000;1,000;MESURE
2025-07-03 12:00:00+02:00;93,000;1,000;MESURE
2025-07-03 13:00:00+02:00;92,000;1,000;MESURE
2025-07-03 14:00:00+02:00;90,000;1,000;MESURE
2025-07-03 15:00:00+02:00;91,000;1,000;MESURE
2025-07-03 16:00:00+02:00;90,000;1,000;MESURE
2025-07-03 17:00:00+02:00;93,000;1,000;MESURE
2025-07-03 18:00:00+02:00;81,000;1,000;MESURE
2025-07-03 19:00:00+02:00;65,000;1,000;MESURE
2025-07-03 20:00:00+02:00;66,000;1,000;MESURE
2025-07-03 21:00:00+02:00;66,000;1,000;MESURE
2025-07-03 22:00:00+02:00;65,000;1,000;MESURE
2025-07-03 23:00:00+02:00;66,000;1,000;MESURE
2025-07-04 00:00:00+02:00;69,000;1,000;MESURE
2025-07-04 01:00:00+02:00;69,000;1,000;MESURE
2025-07-04 02:00:00+02:00;69,000;1,000;MESURE
2025-07-04 03:00:00+02:00;69,000;1,000;MESURE
2025-07-04 04:00:00+02:00;69,000;1,000;MESURE
2025-07-04 05:00:00+02:00;68,000;1,000;MESURE
2025-07-04 06:00:00+02:00;76,000;1,000;MESURE
2025-07-04 07:00:00+02:00;90,000;1,000;MESURE
2025-07-04 08:00:00+02:00;92,000;1,000;MESURE
2025-07-04 09:00:00+02:00;93,000;1,000;MESURE
2025-07-04 10:00:00+02:00;94,000;1,000;MESURE
2025-07-04 11:00:00+02:00;95,000;1,000;MESURE
2025-07-04 12:00:00+02:00;96,000;1,000;MESURE
2025-07-04 13:00:00+02:00;96,000;1,000;MESURE
2025-07-04 14:00:00+02:00;95,000;1,000;MESURE
2025-07-04 15:00:00+02:00;92,000;1,000;MESURE
2025-07-04 16:00:00+02:00;95,000;1,000;MESURE
2025-07-04 17:00:00+02:00;93,000;1,000;MESURE
2025-07-04 18:00:00+02:00;80,000;1,000;MESURE
2025-07-04 19:00:00+02:00;64,000;1,000;MESURE
2025-07-04 20:00:00+02:00;66,000;1,000;MESURE
2025-07-04 21:00:00+02:00;66,000;1,000;MESURE
2025-07-04 22:00:00+02:00;65,000;1,000;MESURE
2025-07-04 23:00:00+02:00;66,000;1,000;MESURE
2025-07-05 00:00:00+02:00;69,000;1,000;MESURE
2025-07-05 01:00:00+02:00;69,000;1,000;MESURE
2025-07-05 02:00:00+02:00;69,000;1,000;MESURE
2025-07-05 03:00:00+02:00;68,000;1,000;MESURE
2025-07-05 04:00:00+02:00;69,000;1,000;MESURE
2025-07-05 05:00:00+02:00;67,000;1,000;MESURE
2025-07-05 06:00:00+02:00;65,000;1,000;MESURE
2025-07-05 07:00:00+02:00;65,000;1,000;MESURE
2025-07-05 08:00:00+02:00;64,000;1,000;MESURE
2025-07-05 09:00:00+02:00;65,000;1,000;MESURE
2025-07-05 10:00:00+02:00;65,000;1,000;MESURE
2025-07-05 11:00:00+02:00;65,000;1,000;MESURE
2025-07-05 12:00:00+02:00;65,000;1,000;MESURE
2025-07-05 13:00:00+02:00;65,000;1,000;MESURE
2025-07-05 14:00:00+02:00;65,000;1,000;MESURE
2025-07-05 15:00:00+02:00;66,000;1,000;MESURE
2025-07-05 16:00:00+02:00;65,000;1,000;MESURE
2025-07-05 17:00:00+02:00;65,000;1,000;MESURE
2025-07-05 18:00:00+02:00;65,000;1,000;MESURE
2025-07-05 19:00:00+02:00;65,000;1,000;MESURE
2025-07-05 20:00:00+02:00;65,000;1,000;MESURE
2025-07-05 21:00:00+02:00;66,000;1,000;MESURE
2025-07-05 22:00:00+02:00;65,000;1,000;MESURE
2025-07-05 23:00:00+02:00;65,000;1,000;MESURE
2025-07-06 00:00:00+02:00;67,000;1,000;MESURE
2025-07-06 01:00:00+02:00;67,000;1,000;MESURE
2025-07-06 02:00:00+02:00;66,000;1,000;MESURE
2025-07-06 03:00:00+02:00;67,000;1,000;MESURE
2025-07-06 04:00:00+02:00;66,000;1,000;MESURE
2025-07-06 05:00:00+02:00;66,000;1,000;MESURE
2025-07-06 06:00:00+02:00;65,000;1,000;MESURE
2025-07-06 07:00:00+02:00;64,000;1,000;MESURE
2025-07-06 08:00:00+02:00;65,000;1,000;MESURE
2025-07-06 09:00:00+02:00;65,000;1,000;MESURE
2025-07-06 10:00:00+02:00;65,000;1,000;MESURE
2025-07-06 11:00:00+02:00;65,000;1,000;MESURE
2025-07-06 12:00:00+02:00;65,000;1,000;MESURE
2025-07-06 13:00:00+02:00;65,000;1,000;MESURE
2025-07-06 14:00:00+02:00;64,000;1,000;MESURE
2025-07-06 15:00:00+02:00;65,000;1,000;MESURE
2025-07-06 16:00:00+02:00;65,000;1,000;MESURE
2025-07-06 17:00:00+02:00;65,000;1,000;MESURE
2025-07-06 18:00:00+02:00;65,000;1,000;MESURE
2025-07-06 19:00:00+02:00;65,000;1,000;MESURE
2025-07-06 20:00:00+02:00;65,000;1,000;MESURE
2025-07-06 21:00:00+02:00;64,000;1,000;MESURE
2025-07-06 22:00:00+02:00;65,000;1,000;MESURE
2025-07-06 23:00:00+02:00;64,000;1,000;MESURE
2025-07-07 00:00:00+02:00;69,000;1,000;MESURE
2025-07-07 01:00:00+02:00;69,000;1,000;MESURE
2025-07-07 02:00:00+02:00;69,000;1,000;MESURE
2025-07-07 03:00:00+02:00;69,000;1,000;MESURE
2025-07-07 04:00:00+02:00;69,000;1,000;MESURE
2025-07-07 05:00:00+02:00;67,000;1,000;MESURE
2025-07-07 06:00:00+02:00;76,000;1,000;MESURE
2025-07-07 07:00:00+02:00;89,000;1,000;MESURE
2025-07-07 08:00:00+02:00;90,000;1,000;MESURE
2025-07-07 09:00:00+02:00;92,000;1,000;MESURE
2025-07-07 10:00:00+02:00;92,000;1,000;MESURE
2025-07-07 11:00:00+02:00;90,000;1,000;MESURE
2025-07-07 12:00:00+02:00;93,000;1,000;MESURE
2025-07-07 13:00:00+02:00;93,000;1,000;MESURE
2025-07-07 14:00:00+02:00;92,000;1,000;MESURE
2025-07-07 15:00:00+02:00;91,000;1,000;MESURE
2025-07-07 16:00:00+02:00;90,000;1,000;MESURE
2025-07-07 17:00:00+02:00;91,000;1,000;MESURE
2025-07-07 18:00:00+02:00;78,000;1,000;MESURE
2025-07-07 19:00:00+02:00;65,000;1,000;MESURE
2025-07-07 20:00:00+02:00;65,000;1,000;MESURE
2025-07-07 21:00:00+02:00;64,000;1,000;MESURE
2025-07-07 22:00:00+02:00;64,000;1,000;MESURE
2025-07-07 23:00:00+02:00;64,000;1,000;MESURE
2025-07-08 00:00:00+02:00;68,000;1,000;MESURE
2025-07-08 01:00:00+02:00;69,000;1,000;MESURE
2025-07-08 02:00:00+02:00;68,000;1,000;MESURE
2025-07-08 03:00:00+02:00;69,000;1,000;MESURE
2025-07-08 04:00:00+02:00;68,000;1,000;MESURE
2025-07-08 05:00:00+02:00;68,000;1,000;MESURE
2025-07-08 06:00:00+02:00;75,000;1,000;MESURE
2025-07-08 07:00:00+02:00;89,000;1,000;MESURE
2025-07-08 08:00:00+02:00;89,000;1,000;MESURE
2025-07-08 09:00:00+02:00;89,000;1,000;MESURE
2025-07-08 10:00:00+02:00;91,000;1,000;MESURE
2025-07-08 11:00:00+02:00;93,000;1,000;MESURE
2025-07-08 12:00:00+02:00;93,000;1,000;MESURE
2025-07-08 13:00:00+02:00;92,000;1,000;MESURE
2025-07-08 14:00:00+02:00;96,000;1,000;MESURE
2025-07-08 15:00:00+02:00;96,000;1,000;MESURE
2025-07-08 16:00:00+02:00;95,000;1,000;MESURE
2025-07-08 17:00:00+02:00;96,000;1,000;MESURE
2025-07-08 18:00:00+02:00;82,000;1,000;MESURE
2025-07-08 19:00:00+02:00;69,000;1,000;MESURE
2025-07-08 20:00:00+02:00;68,000;1,000;MESURE
2025-07-08 21:00:00+02:00;69,000;1,000;MESURE
2025-07-08 22:00:00+02:00;69,000;1,000;MESURE
2025-07-08 23:00:00+02:00;69,000;1,000;MESURE
2025-07-09 00:00:00+02:00;68,000;1,000;MESURE
2025-07-09 01:00:00+02:00;69,000;1,000;MESURE
2025-07-09 02:00:00+02:00;69,000;1,000;MESURE
2025-07-09 03:00:00+02:00;69,000;1,000;MESURE
2025-07-09 04:00:00+02:00;69,000;1,000;MESURE
2025-07-09 05:00:00+02:00;69,000;1,000;MESURE
2025-07-09 06:00:00+02:00;101,000;1,000;MESURE
2025-07-09 07:00:00+02:00;103,000;1,000;MESURE
2025-07-09 08:00:00+02:00;93,000;1,000;MESURE
2025-07-09 09:00:00+02:00;96,000;1,000;MESURE
2025-07-09 10:00:00+02:00;98,000;1,000;MESURE
2025-07-09 11:00:00+02:00;96,000;1,000;MESURE
2025-07-09 12:00:00+02:00;97,000;1,000;MESURE
2025-07-09 13:00:00+02:00;99,000;1,000;MESURE
2025-07-09 14:00:00+02:00;97,000;1,000;MESURE
2025-07-09 15:00:00+02:00;95,000;1,000;MESURE
2025-07-09 16:00:00+02:00;2742,000;1,000;MESURE
2025-07-09 17:00:00+02:00;7067,000;1,000;MESURE
2025-07-09 18:00:00+02:00;7295,000;1,000;MESURE
2025-07-09 19:00:00+02:00;4397,000;1,000;MESURE
2025-07-09 20:00:00+02:00;70,000;1,000;MESURE
2025-07-09 21:00:00+02:00;70,000;1,000;MESURE
2025-07-09 22:00:00+02:00;69,000;1,000;MESURE
2025-07-09 23:00:00+02:00;69,000;1,000;MESURE
2025-07-10 00:00:00+02:00;72,000;1,000;MESURE
2025-07-10 01:00:00+02:00;71,000;1,000;MESURE
2025-07-10 02:00:00+02:00;72,000;1,000;MESURE
2025-07-10 03:00:00+02:00;71,000;1,000;MESURE
2025-07-10 04:00:00+02:00;72,000;1,000;MESURE
2025-07-10 05:00:00+02:00;71,000;1,000;MESURE
2025-07-10 06:00:00+02:00;80,000;1,000;MESURE
2025-07-10 07:00:00+02:00;94,000;1,000;MESURE
2025-07-10 08:00:00+02:00;94,000;1,000;MESURE
2025-07-10 09:00:00+02:00;95,000;1,000;MESURE
2025-07-10 10:00:00+02:00;98,000;1,000;MESURE
2025-07-10 11:00:00+02:00;5000,000;1,000;MESURE
2025-07-10 12:00:00+02:00;6752,000;1,000;MESURE
2025-07-10 13:00:00+02:00;2443,000;1,000;MESURE
2025-07-10 14:00:00+02:00;96,000;1,000;MESURE
2025-07-10 15:00:00+02:00;97,000;1,000;MESURE
2025-07-10 16:00:00+02:00;96,000;1,000;MESURE
2025-07-10 17:00:00+02:00;97,000;1,000;MESURE
2025-07-10 18:00:00+02:00;84,000;1,000;MESURE
2025-07-10 19:00:00+02:00;69,000;1,000;MESURE
2025-07-10 20:00:00+02:00;69,000;1,000;MESURE
2025-07-10 21:00:00+02:00;69,000;1,000;MESURE
2025-07-10 22:00:00+02:00;69,000;1,000;MESURE
2025-07-10 23:00:00+02:00;69,000;1,000;MESURE
2025-07-11 00:00:00+02:00;71,000;1,000;MESURE
2025-07-11 01:00:00+02:00;71,000;1,000;MESURE
2025-07-11 02:00:00+02:00;71,000;1,000;MESURE
2025-07-11 03:00:00+02:00;71,000;1,000;MESURE
2025-07-11 04:00:00+02:00;71,000;1,000;MESURE
2025-07-11 05:00:00+02:00;70,000;1,000;MESURE
2025-07-11 06:00:00+02:00;80,000;1,000;MESURE
2025-07-11 07:00:00+02:00;93,000;1,000;MESURE
2025-07-11 08:00:00+02:00;94,000;1,000;MESURE
2025-07-11 09:00:00+02:00;96,000;1,000;MESURE
2025-07-11 10:00:00+02:00;99,000;1,000;MESURE
2025-07-11 11:00:00+02:00;98,000;1,000;MESURE
2025-07-11 12:00:00+02:00;96,000;1,000;MESURE
2025-07-11 13:00:00+02:00;97,000;1,000;MESURE
2025-07-11 14:00:00+02:00;97,000;1,000;MESURE
2025-07-11 15:00:00+02:00;96,000;1,000;MESURE
2025-07-11 16:00:00+02:00;99,000;1,000;MESURE
2025-07-11 17:00:00+02:00;99,000;1,000;MESURE
2025-07-11 18:00:00+02:00;84,000;1,000;MESURE
2025-07-11 19:00:00+02:00;69,000;1,000;MESURE
2025-07-11 20:00:00+02:00;69,000;1,000;MESURE
2025-07-11 21:00:00+02:00;69,000;1,000;MESURE
2025-07-11 22:00:00+02:00;6990,000;1,000;MESURE
2025-07-11 23:00:00+02:00;11649,000;1,000;MESURE
2025-07-12 00:00:00+02:00;11610,000;1,000;MESURE
2025-07-12 01:00:00+02:00;11617,000;1,000;MESURE
2025-07-12 02:00:00+02:00;11664,000;1,000;MESURE
2025-07-12 03:00:00+02:00;11596,000;1,000;MESURE
2025-07-12 04:00:00+02:00;2656,000;1,000;MESURE
2025-07-12 05:00:00+02:00;69,000;1,000;MESURE
2025-07-12 06:00:00+02:00;68,000;1,000;MESURE
2025-07-12 07:00:00+02:00;69,000;1,000;MESURE
2025-07-12 08:00:00+02:00;69,000;1,000;MESURE
2025-07-12 09:00:00+02:00;68,000;1,000;MESURE
2025-07-12 10:00:00+02:00;69,000;1,000;MESURE
2025-07-12 11:00:00+02:00;68,000;1,000;MESURE
2025-07-12 12:00:00+02:00;6156,000;1,000;MESURE
2025-07-12 13:00:00+02:00;21579,000;1,000;MESURE
2025-07-12 14:00:00+02:00;12989,000;1,000;MESURE
2025-07-12 15:00:00+02:00;69,000;1,000;MESURE
2025-07-12 16:00:00+02:00;70,000;1,000;MESURE
2025-07-12 17:00:00+02:00;69,000;1,000;MESURE
2025-07-12 18:00:00+02:00;69,000;1,000;MESURE
2025-07-12 19:00:00+02:00;69,000;1,000;MESURE
2025-07-12 20:00:00+02:00;69,000;1,000;MESURE
2025-07-12 21:00:00+02:00;69,000;1,000;MESURE
2025-07-12 22:00:00+02:00;70,000;1,000;MESURE
2025-07-12 23:00:00+02:00;69,000;1,000;MESURE
2025-07-13 00:00:00+02:00;70,000;1,000;MESURE
2025-07-13 01:00:00+02:00;71,000;1,000;MESURE
2025-07-13 02:00:00+02:00;71,000;1,000;MESURE
2025-07-13 03:00:00+02:00;70,000;1,000;MESURE
2025-07-13 04:00:00+02:00;71,000;1,000;MESURE
2025-07-13 05:00:00+02:00;70,000;1,000;MESURE
2025-07-13 06:00:00+02:00;69,000;1,000;MESURE
2025-07-13 07:00:00+02:00;69,000;1,000;MESURE
2025-07-13 08:00:00+02:00;69,000;1,000;MESURE
2025-07-13 09:00:00+02:00;68,000;1,000;MESURE
2025-07-13 10:00:00+02:00;69,000;1,000;MESURE
2025-07-13 11:00:00+02:00;68,000;1,000;MESURE
2025-07-13 12:00:00+02:00;69,000;1,000;MESURE
2025-07-13 13:00:00+02:00;69,000;1,000;MESURE
2025-07-13 14:00:00+02:00;69,000;1,000;MESURE
2025-07-13 15:00:00+02:00;69,000;1,000;MESURE
2025-07-13 16:00:00+02:00;69,000;1,000;MESURE
2025-07-13 17:00:00+02:00;69,000;1,000;MESURE
2025-07-13 18:00:00+02:00;70,000;1,000;MESURE
2025-07-13 19:00:00+02:00;69,000;1,000;MESURE
2025-07-13 20:00:00+02:00;69,000;1,000;MESURE
2025-07-13 21:00:00+02:00;69,000;1,000;MESURE
2025-07-13 22:00:00+02:00;69,000;1,000;MESURE
2025-07-13 23:00:00+02:00;69,000;1,000;MESURE
2025-07-14 00:00:00+02:00;73,000;1,000;MESURE
2025-07-14 01:00:00+02:00;73,000;1,000;MESURE
2025-07-14 02:00:00+02:00;73,000;1,000;MESURE
2025-07-14 03:00:00+02:00;73,000;1,000;MESURE
2025-07-14 04:00:00+02:00;74,000;1,000;MESURE
2025-07-14 05:00:00+02:00;75,000;1,000;MESURE
2025-07-14 06:00:00+02:00;80,000;1,000;MESURE
2025-07-14 07:00:00+02:00;94,000;1,000;MESURE
2025-07-14 08:00:00+02:00;94,000;1,000;MESURE
2025-07-14 09:00:00+02:00;97,000;1,000;MESURE
2025-07-14 10:00:00+02:00;98,000;1,000;MESURE
2025-07-14 11:00:00+02:00;97,000;1,000;MESURE
2025-07-14 12:00:00+02:00;98,000;1,000;MESURE
2025-07-14 13:00:00+02:00;96,000;1,000;MESURE
2025-07-14 14:00:00+02:00;96,000;1,000;MESURE
2025-07-14 15:00:00+02:00;97,000;1,000;MESURE
2025-07-14 16:00:00+02:00;98,000;1,000;MESURE
2025-07-14 17:00:00+02:00;97,000;1,000;MESURE
2025-07-14 18:00:00+02:00;84,000;1,000;MESURE
2025-07-14 19:00:00+02:00;69,000;1,000;MESURE
2025-07-14 20:00:00+02:00;69,000;1,000;MESURE
2025-07-14 21:00:00+02:00;69,000;1,000;MESURE
2025-07-14 22:00:00+02:00;70,000;1,000;MESURE
2025-07-14 23:00:00+02:00;68,000;1,000;MESURE
2025-07-15 00:00:00+02:00;74,000;1,000;MESURE
2025-07-15 01:00:00+02:00;73,000;1,000;MESURE
2025-07-15 02:00:00+02:00;73,000;1,000;MESURE
2025-07-15 03:00:00+02:00;74,000;1,000;MESURE
2025-07-15 04:00:00+02:00;73,000;1,000;MESURE
2025-07-15 05:00:00+02:00;73,000;1,000;MESURE
2025-07-15 06:00:00+02:00;79,000;1,000;MESURE
2025-07-15 07:00:00+02:00;95,000;1,000;MESURE
2025-07-15 08:00:00+02:00;94,000;1,000;MESURE
2025-07-15 09:00:00+02:00;97,000;1,000;MESURE
2025-07-15 10:00:00+02:00;97,000;1,000;MESURE
2025-07-15 11:00:00+02:00;99,000;1,000;MESURE
2025-07-15 12:00:00+02:00;99,000;1,000;MESURE
2025-07-15 13:00:00+02:00;99,000;1,000;MESURE
2025-07-15 14:00:00+02:00;95,000;1,000;MESURE
2025-07-15 15:00:00+02:00;98,000;1,000;MESURE
2025-07-15 16:00:00+02:00;98,000;1,000;MESURE
2025-07-15 17:00:00+02:00;4755,000;1,000;MESURE
2025-07-15 18:00:00+02:00;7495,000;1,000;MESURE
2025-07-15 19:00:00+02:00;11595,000;1,000;MESURE
2025-07-15 20:00:00+02:00;11629,000;1,000;MESURE
2025-07-15 21:00:00+02:00;8813,000;1,000;MESURE
2025-07-15 22:00:00+02:00;69,000;1,000;MESURE
2025-07-15 23:00:00+02:00;68,000;1,000;MESURE
2025-07-16 00:00:00+02:00;71,000;1,000;MESURE
2025-07-16 01:00:00+02:00;71,000;1,000;MESURE
2025-07-16 02:00:00+02:00;71,000;1,000;MESURE
2025-07-16 03:00:00+02:00;71,000;1,000;MESURE
2025-07-16 04:00:00+02:00;71,000;1,000;MESURE
2025-07-16 05:00:00+02:00;71,000;1,000;MESURE
2025-07-16 06:00:00+02:00;79,000;1,000;MESURE
2025-07-16 07:00:00+02:00;94,000;1,000;MESURE
2025-07-16 08:00:00+02:00;94,000;1,000;MESURE
2025-07-16 09:00:00+02:00;95,000;1,000;MESURE
2025-07-16 10:00:00+02:00;99,000;1,000;MESURE
2025-07-16 11:00:00+02:00;96,000;1,000;MESURE
2025-07-16 12:00:00+02:00;8933,000;1,000;MESURE
2025-07-16 13:00:00+02:00;11488,000;1,000;MESURE
2025-07-16 14:00:00+02:00;11485,000;1,000;MESURE
2025-07-16 15:00:00+02:00;11495,000;1,000;MESURE
2025-07-16 16:00:00+02:00;8191,000;1,000;MESURE
2025-07-16 17:00:00+02:00;98,000;1,000;MESURE
2025-07-16 18:00:00+02:00;84,000;1,000;MESURE
2025-07-16 19:00:00+02:00;69,000;1,000;MESURE
2025-07-16 20:00:00+02:00;69,000;1,000;MESURE
2025-07-16 21:00:00+02:00;69,000;1,000;MESURE
2025-07-16 22:00:00+02:00;68,000;1,000;MESURE
2025-07-16 23:00:00+02:00;68,000;1,000;MESURE
2025-07-17 00:00:00+02:00;69,000;1,000;MESURE
2025-07-17 01:00:00+02:00;68,000;1,000;MESURE
2025-07-17 02:00:00+02:00;68,000;1,000;MESURE
2025-07-17 03:00:00+02:00;69,000;1,000;MESURE
2025-07-17 04:00:00+02:00;68,000;1,000;MESURE
2025-07-17 05:00:00+02:00;69,000;1,000;MESURE
2025-07-17 06:00:00+02:00;80,000;1,000;MESURE
2025-07-17 07:00:00+02:00;94,000;1,000;MESURE
2025-07-17 08:00:00+02:00;96,000;1,000;MESURE
2025-07-17 09:00:00+02:00;95,000;1,000;MESURE
2025-07-17 10:00:00+02:00;98,000;1,000;MESURE
2025-07-17 11:00:00+02:00;97,000;1,000;MESURE
2025-07-17 12:00:00+02:00;100,000;1,000;MESURE
2025-07-17 13:00:00+02:00;100,000;1,000;MESURE
2025-07-17 14:00:00+02:00;98,000;1,000;MESURE
2025-07-17 15:00:00+02:00;97,000;1,000;MESURE
2025-07-17 16:00:00+02:00;98,000;1,000;MESURE
2025-07-17 17:00:00+02:00;98,000;1,000;MESURE
2025-07-17 18:00:00+02:00;9865,000;1,000;MESURE
2025-07-17 19:00:00+02:00;664,000;1,000;MESURE
2025-07-17 20:00:00+02:00;6441,000;1,000;MESURE
2025-07-17 21:00:00+02:00;5898,000;1,000;MESURE
2025-07-17 22:00:00+02:00;69,000;1,000;MESURE
2025-07-17 23:00:00+02:00;69,000;1,000;MESURE
2025-07-18 00:00:00+02:00;71,000;1,000;MESURE
2025-07-18 01:00:00+02:00;70,000;1,000;MESURE
2025-07-18 02:00:00+02:00;71,000;1,000;MESURE
2025-07-18 03:00:00+02:00;71,000;1,000;MESURE
2025-07-18 04:00:00+02:00;71,000;1,000;MESURE
2025-07-18 05:00:00+02:00;70,000;1,000;MESURE
2025-07-18 06:00:00+02:00;80,000;1,000;MESURE
2025-07-18 07:00:00+02:00;93,000;1,000;MESURE
2025-07-18 08:00:00+02:00;95,000;1,000;MESURE
2025-07-18 09:00:00+02:00;95,000;1,000;MESURE
2025-07-18 10:00:00+02:00;98,000;1,000;MESURE
2025-07-18 11:00:00+02:00;99,000;1,000;MESURE
2025-07-18 12:00:00+02:00;98,000;1,000;MESURE
2025-07-18 13:00:00+02:00;98,000;1,000;MESURE
2025-07-18 14:00:00+02:00;98,000;1,000;MESURE
2025-07-18 15:00:00+02:00;97,000;1,000;MESURE
2025-07-18 16:00:00+02:00;99,000;1,000;MESURE
2025-07-18 17:00:00+02:00;98,000;1,000;MESURE
2025-07-18 18:00:00+02:00;85,000;1,000;MESURE
2025-07-18 19:00:00+02:00;69,000;1,000;MESURE
2025-07-18 20:00:00+02:00;69,000;1,000;MESURE
2025-07-18 21:00:00+02:00;68,000;1,000;MESURE
2025-07-18 22:00:00+02:00;69,000;1,000;MESURE
2025-07-18 23:00:00+02:00;69,000;1,000;MESURE
2025-07-19 00:00:00+02:00;73,000;1,000;MESURE
2025-07-19 01:00:00+02:00;73,000;1,000;MESURE
2025-07-19 02:00:00+02:00;73,000;1,000;MESURE
2025-07-19 03:00:00+02:00;73,000;1,000;MESURE
2025-07-19 04:00:00+02:00;73,000;1,000;MESURE
2025-07-19 05:00:00+02:00;73,000;1,000;MESURE
2025-07-19 06:00:00+02:00;69,000;1,000;MESURE
2025-07-19 07:00:00+02:00;68,000;1,000;MESURE
2025-07-19 08:00:00+02:00;69,000;1,000;MESURE
2025-07-19 09:00:00+02:00;68,000;1,000;MESURE
2025-07-19 10:00:00+02:00;69,000;1,000;MESURE
2025-07-19 11:00:00+02:00;68,000;1,000;MESURE
2025-07-19 12:00:00+02:00;69,000;1,000;MESURE
2025-07-19 13:00:00+02:00;70,000;1,000;MESURE
2025-07-19 14:00:00+02:00;69,000;1,000;MESURE
2025-07-19 15:00:00+02:00;69,000;1,000;MESURE
2025-07-19 16:00:00+02:00;69,000;1,000;MESURE
2025-07-19 17:00:00+02:00;69,000;1,000;MESURE
2025-07-19 18:00:00+02:00;69,000;1,000;MESURE
2025-07-19 19:00:00+02:00;69,000;1,000;MESURE
2025-07-19 20:00:00+02:00;69,000;1,000;MESURE
2025-07-19 21:00:00+02:00;69,000;1,000;MESURE
2025-07-19 22:00:00+02:00;69,000;1,000;MESURE
2025-07-19 23:00:00+02:00;69,000;1,000;MESURE
2025-07-20 00:00:00+02:00;68,000;1,000;MESURE
2025-07-20 01:00:00+02:00;69,000;1,000;MESURE
2025-07-20 02:00:00+02:00;69,000;1,000;MESURE
2025-07-20 03:00:00+02:00;68,000;1,000;MESURE
2025-07-20 04:00:00+02:00;69,000;1,000;MESURE
2025-07-20 05:00:00+02:00;69,000;1,000;MESURE
2025-07-20 06:00:00+02:00;69,000;1,000;MESURE
2025-07-20 07:00:00+02:00;69,000;1,000;MESURE
2025-07-20 08:00:00+02:00;69,000;1,000;MESURE
2025-07-20 09:00:00+02:00;69,000;1,000;MESURE
2025-07-20 10:00:00+02:00;68,000;1,000;MESURE
2025-07-20 11:00:00+02:00;69,000;1,000;MESURE
2025-07-20 12:00:00+02:00;69,000;1,000;MESURE
2025-07-20 13:00:00+02:00;68,000;1,000;MESURE
2025-07-20 14:00:00+02:00;70,000;1,000;MESURE
2025-07-20 15:00:00+02:00;69,000;1,000;MESURE
2025-07-20 16:00:00+02:00;69,000;1,000;MESURE
2025-07-20 17:00:00+02:00;69,000;1,000;MESURE
2025-07-20 18:00:00+02:00;69,000;1,000;MESURE
2025-07-20 19:00:00+02:00;68,000;1,000;MESURE
2025-07-20 20:00:00+02:00;69,000;1,000;MESURE
2025-07-20 21:00:00+02:00;70,000;1,000;MESURE
2025-07-20 22:00:00+02:00;71,000;1,000;MESURE
2025-07-20 23:00:00+02:00;71,000;1,000;MESURE
2025-07-21 00:00:00+02:00;75,000;1,000;MESURE
2025-07-21 01:00:00+02:00;76,000;1,000;MESURE
2025-07-21 02:00:00+02:00;76,000;1,000;MESURE
2025-07-21 03:00:00+02:00;75,000;1,000;MESURE
2025-07-21 04:00:00+02:00;76,000;1,000;MESURE
2025-07-21 05:00:00+02:00;76,000;1,000;MESURE
2025-07-21 06:00:00+02:00;81,000;1,000;MESURE
2025-07-21 07:00:00+02:00;93,000;1,000;MESURE
2025-07-21 08:00:00+02:00;95,000;1,000;MESURE
2025-07-21 09:00:00+02:00;95,000;1,000;MESURE
2025-07-21 10:00:00+02:00;96,000;1,000;MESURE
2025-07-21 11:00:00+02:00;97,000;1,000;MESURE
2025-07-21 12:00:00+02:00;99,000;1,000;MESURE
2025-07-21 13:00:00+02:00;98,000;1,000;MESURE
2025-07-21 14:00:00+02:00;95,000;1,000;MESURE
2025-07-21 15:00:00+02:00;95,000;1,000;MESURE
2025-07-21 16:00:00+02:00;96,000;1,000;MESURE
2025-07-21 17:00:00+02:00;97,000;1,000;MESURE
2025-07-21 18:00:00+02:00;83,000;1,000;MESURE
2025-07-21 19:00:00+02:00;69,000;1,000;MESURE
2025-07-21 20:00:00+02:00;69,000;1,000;MESURE
2025-07-21 21:00:00+02:00;68,000;1,000;MESURE
2025-07-21 22:00:00+02:00;69,000;1,000;MESURE
2025-07-21 23:00:00+02:00;68,000;1,000;MESURE
2025-07-22 00:00:00+02:00;69,000;1,000;MESURE
2025-07-22 01:00:00+02:00;69,000;1,000;MESURE
2025-07-22 02:00:00+02:00;68,000;1,000;MESURE
2025-07-22 03:00:00+02:00;69,000;1,000;MESURE
2025-07-22 04:00:00+02:00;69,000;1,000;MESURE
2025-07-22 05:00:00+02:00;68,000;1,000;MESURE
2025-07-22 06:00:00+02:00;80,000;1,000;MESURE
2025-07-22 07:00:00+02:00;94,000;1,000;MESURE
2025-07-22 08:00:00+02:00;97,000;1,000;MESURE
2025-07-22 09:00:00+02:00;96,000;1,000;MESURE
2025-07-22 10:00:00+02:00;97,000;1,000;MESURE
2025-07-22 11:00:00+02:00;98,000;1,000;MESURE
2025-07-22 12:00:00+02:00;96,000;1,000;MESURE
2025-07-22 13:00:00+02:00;97,000;1,000;MESURE
2025-07-22 14:00:00+02:00;96,000;1,000;MESURE
2025-07-22 15:00:00+02:00;97,000;1,000;MESURE
2025-07-22 16:00:00+02:00;97,000;1,000;MESURE
2025-07-22 17:00:00+02:00;96,000;1,000;MESURE
2025-07-22 18:00:00+02:00;84,000;1,000;MESURE
2025-07-22 19:00:00+02:00;69,000;1,000;MESURE
2025-07-22 20:00:00+02:00;69,000;1,000;MESURE
2025-07-22 21:00:00+02:00;69,000;1,000;MESURE
2025-07-22 22:00:00+02:00;69,000;1,000;MESURE
2025-07-22 23:00:00+02:00;68,000;1,000;MESURE
2025-07-23 00:00:00+02:00;69,000;1,000;MESURE
2025-07-23 01:00:00+02:00;68,000;1,000;MESURE
2025-07-23 02:00:00+02:00;69,000;1,000;MESURE
2025-07-23 03:00:00+02:00;69,000;1,000;MESURE
2025-07-23 04:00:00+02:00;68,000;1,000;MESURE
2025-07-23 05:00:00+02:00;69,000;1,000;MESURE
2025-07-23 06:00:00+02:00;79,000;1,000;MESURE
2025-07-23 07:00:00+02:00;94,000;1,000;MESURE
2025-07-23 08:00:00+02:00;95,000;1,000;MESURE
2025-07-23 09:00:00+02:00;95,000;1,000;MESURE
2025-07-23 10:00:00+02:00;89,000;1,000;MESURE
2025-07-23 11:00:00+02:00;96,000;1,000;MESURE
2025-07-23 12:00:00+02:00;98,000;1,000;MESURE
2025-07-23 13:00:00+02:00;98,000;1,000;MESURE
2025-07-23 14:00:00+02:00;96,000;1,000;MESURE
2025-07-23 15:00:00+02:00;96,000;1,000;MESURE
2025-07-23 16:00:00+02:00;98,000;1,000;MESURE
2025-07-23 17:00:00+02:00;95,000;1,000;MESURE
2025-07-23 18:00:00+02:00;84,000;1,000;MESURE
2025-07-23 19:00:00+02:00;69,000;1,000;MESURE
2025-07-23 20:00:00+02:00;68,000;1,000;MESURE
2025-07-23 21:00:00+02:00;69,000;1,000;MESURE
2025-07-23 22:00:00+02:00;69,000;1,000;MESURE
2025-07-23 23:00:00+02:00;68,000;1,000;MESURE
2025-07-24 00:00:00+02:00;69,000;1,000;MESURE
2025-07-24 01:00:00+02:00;69,000;1,000;MESURE
2025-07-24 02:00:00+02:00;68,000;1,000;MESURE
2025-07-24 03:00:00+02:00;69,000;1,000;MESURE
2025-07-24 04:00:00+02:00;69,000;1,000;MESURE
2025-07-24 05:00:00+02:00;69,000;1,000;MESURE
2025-07-24 06:00:00+02:00;80,000;1,000;MESURE
2025-07-24 07:00:00+02:00;96,000;1,000;MESURE
2025-07-24 08:00:00+02:00;94,000;1,000;MESURE
2025-07-24 09:00:00+02:00;95,000;1,000;MESURE
2025-07-24 10:00:00+02:00;97,000;1,000;MESURE
2025-07-24 11:00:00+02:00;96,000;1,000;MESURE
2025-07-24 12:00:00+02:00;97,000;1,000;MESURE
2025-07-24 13:00:00+02:00;96,000;1,000;MESURE
2025-07-24 14:00:00+02:00;95,000;1,000;MESURE
2025-07-24 15:00:00+02:00;98,000;1,000;MESURE
2025-07-24 16:00:00+02:00;96,000;1,000;MESURE
2025-07-24 17:00:00+02:00;98,000;1,000;MESURE
2025-07-24 18:00:00+02:00;83,000;1,000;MESURE
2025-07-24 19:00:00+02:00;69,000;1,000;MESURE
2025-07-24 20:00:00+02:00;69,000;1,000;MESURE
2025-07-24 21:00:00+02:00;70,000;1,000;MESURE
2025-07-24 22:00:00+02:00;68,000;1,000;MESURE
2025-07-24 23:00:00+02:00;69,000;1,000;MESURE
2025-07-25 00:00:00+02:00;69,000;1,000;MESURE
2025-07-25 01:00:00+02:00;69,000;1,000;MESURE
2025-07-25 02:00:00+02:00;68,000;1,000;MESURE
2025-07-25 03:00:00+02:00;69,000;1,000;MESURE
2025-07-25 04:00:00+02:00;69,000;1,000;MESURE
2025-07-25 05:00:00+02:00;69,000;1,000;MESURE
2025-07-25 06:00:00+02:00;80,000;1,000;MESURE
2025-07-25 07:00:00+02:00;94,000;1,000;MESURE
2025-07-25 08:00:00+02:00;96,000;1,000;MESURE
2025-07-25 09:00:00+02:00;95,000;1,000;MESURE
2025-07-25 10:00:00+02:00;98,000;1,000;MESURE
2025-07-25 11:00:00+02:00;96,000;1,000;MESURE
2025-07-25 12:00:00+02:00;96,000;1,000;MESURE
2025-07-25 13:00:00+02:00;97,000;1,000;MESURE
2025-07-25 14:00:00+02:00;95,000;1,000;MESURE
2025-07-25 15:00:00+02:00;95,000;1,000;MESURE
2025-07-25 16:00:00+02:00;96,000;1,000;MESURE
2025-07-25 17:00:00+02:00;95,000;1,000;MESURE
2025-07-25 18:00:00+02:00;84,000;1,000;MESURE
2025-07-25 19:00:00+02:00;69,000;1,000;MESURE
2025-07-25 20:00:00+02:00;5698,000;1,000;MESURE
2025-07-25 21:00:00+02:00;5914,000;1,000;MESURE
2025-07-25 22:00:00+02:00;68,000;1,000;MESURE
2025-07-25 23:00:00+02:00;69,000;1,000;MESURE
2025-07-26 00:00:00+02:00;71,000;1,000;MESURE
2025-07-26 01:00:00+02:00;71,000;1,000;MESURE
2025-07-26 02:00:00+02:00;71,000;1,000;MESURE
2025-07-26 03:00:00+02:00;71,000;1,000;MESURE
2025-07-26 04:00:00+02:00;71,000;1,000;MESURE
2025-07-26 05:00:00+02:00;71,000;1,000;MESURE
2025-07-26 06:00:00+02:00;69,000;1,000;MESURE
2025-07-26 07:00:00+02:00;69,000;1,000;MESURE
2025-07-26 08:00:00+02:00;69,000;1,000;MESURE
2025-07-26 09:00:00+02:00;69,000;1,000;MESURE
2025-07-26 10:00:00+02:00;3813,000;1,000;MESURE
2025-07-26 11:00:00+02:00;7183,000;1,000;MESURE
2025-07-26 12:00:00+02:00;7205,000;1,000;MESURE
2025-07-26 13:00:00+02:00;7215,000;1,000;MESURE
2025-07-26 14:00:00+02:00;5429,000;1,000;MESURE
2025-07-26 15:00:00+02:00;2172,000;1,000;MESURE
2025-07-26 16:00:00+02:00;6734,000;1,000;MESURE
2025-07-26 17:00:00+02:00;4501,000;1,000;MESURE
2025-07-26 18:00:00+02:00;69,000;1,000;MESURE
2025-07-26 19:00:00+02:00;68,000;1,000;MESURE
2025-07-26 20:00:00+02:00;69,000;1,000;MESURE
2025-07-26 21:00:00+02:00;69,000;1,000;MESURE
2025-07-26 22:00:00+02:00;69,000;1,000;MESURE
2025-07-26 23:00:00+02:00;69,000;1,000;MESURE
2025-07-27 00:00:00+02:00;73,000;1,000;MESURE
2025-07-27 01:00:00+02:00;73,000;1,000;MESURE
2025-07-27 02:00:00+02:00;74,000;1,000;MESURE
2025-07-27 03:00:00+02:00;73,000;1,000;MESURE
2025-07-27 04:00:00+02:00;74,000;1,000;MESURE
2025-07-27 05:00:00+02:00;73,000;1,000;MESURE
2025-07-27 06:00:00+02:00;70,000;1,000;MESURE
2025-07-27 07:00:00+02:00;69,000;1,000;MESURE
2025-07-27 08:00:00+02:00;69,000;1,000;MESURE
2025-07-27 09:00:00+02:00;69,000;1,000;MESURE
2025-07-27 10:00:00+02:00;68,000;1,000;MESURE
2025-07-27 11:00:00+02:00;69,000;1,000;MESURE
2025-07-27 12:00:00+02:00;68,000;1,000;MESURE
2025-07-27 13:00:00+02:00;69,000;1,000;MESURE
2025-07-27 14:00:00+02:00;69,000;1,000;MESURE
2025-07-27 15:00:00+02:00;70,000;1,000;MESURE
2025-07-27 16:00:00+02:00;69,000;1,000;MESURE
2025-07-27 17:00:00+02:00;70,000;1,000;MESURE
2025-07-27 18:00:00+02:00;69,000;1,000;MESURE
2025-07-27 19:00:00+02:00;70,000;1,000;MESURE
2025-07-27 20:00:00+02:00;69,000;1,000;MESURE
2025-07-27 21:00:00+02:00;68,000;1,000;MESURE
2025-07-27 22:00:00+02:00;69,000;1,000;MESURE
2025-07-27 23:00:00+02:00;69,000;1,000;MESURE
2025-07-28 00:00:00+02:00;74,000;1,000;MESURE
2025-07-28 01:00:00+02:00;73,000;1,000;MESURE
2025-07-28 02:00:00+02:00;73,000;1,000;MESURE
2025-07-28 03:00:00+02:00;74,000;1,000;MESURE
2025-07-28 04:00:00+02:00;73,000;1,000;MESURE
2025-07-28 05:00:00+02:00;74,000;1,000;MESURE
2025-07-28 06:00:00+02:00;80,000;1,000;MESURE
2025-07-28 07:00:00+02:00;93,000;1,000;MESURE
2025-07-28 08:00:00+02:00;94,000;1,000;MESURE
2025-07-28 09:00:00+02:00;95,000;1,000;MESURE
2025-07-28 10:00:00+02:00;95,000;1,000;MESURE
2025-07-28 11:00:00+02:00;95,000;1,000;MESURE
2025-07-28 12:00:00+02:00;97,000;1,000;MESURE
2025-07-28 13:00:00+02:00;98,000;1,000;MESURE
2025-07-28 14:00:00+02:00;95,000;1,000;MESURE
2025-07-28 15:00:00+02:00;94,000;1,000;MESURE
2025-07-28 16:00:00+02:00;94,000;1,000;MESURE
2025-07-28 17:00:00+02:00;94,000;1,000;MESURE
2025-07-28 18:00:00+02:00;82,000;1,000;MESURE
2025-07-28 19:00:00+02:00;69,000;1,000;MESURE
2025-07-28 20:00:00+02:00;69,000;1,000;MESURE
2025-07-28 21:00:00+02:00;69,000;1,000;MESURE
2025-07-28 22:00:00+02:00;69,000;1,000;MESURE
2025-07-28 23:00:00+02:00;68,000;1,000;MESURE
2025-07-29 00:00:00+02:00;71,000;1,000;MESURE
2025-07-29 01:00:00+02:00;71,000;1,000;MESURE
2025-07-29 02:00:00+02:00;72,000;1,000;MESURE
2025-07-29 03:00:00+02:00;71,000;1,000;MESURE
2025-07-29 04:00:00+02:00;71,000;1,000;MESURE
2025-07-29 05:00:00+02:00;71,000;1,000;MESURE
2025-07-29 06:00:00+02:00;79,000;1,000;MESURE
2025-07-29 07:00:00+02:00;93,000;1,000;MESURE
2025-07-29 08:00:00+02:00;94,000;1,000;MESURE
2025-07-29 09:00:00+02:00;96,000;1,000;MESURE
2025-07-29 10:00:00+02:00;97,000;1,000;MESURE
2025-07-29 11:00:00+02:00;97,000;1,000;MESURE
2025-07-29 12:00:00+02:00;95,000;1,000;MESURE
2025-07-29 13:00:00+02:00;98,000;1,000;MESURE
2025-07-29 14:00:00+02:00;96,000;1,000;MESURE
2025-07-29 15:00:00+02:00;95,000;1,000;MESURE
2025-07-29 16:00:00+02:00;98,000;1,000;MESURE
2025-07-29 17:00:00+02:00;96,000;1,000;MESURE
2025-07-29 18:00:00+02:00;83,000;1,000;MESURE
2025-07-29 19:00:00+02:00;69,000;1,000;MESURE
2025-07-29 20:00:00+02:00;69,000;1,000;MESURE
2025-07-29 21:00:00+02:00;69,000;1,000;MESURE
2025-07-29 22:00:00+02:00;69,000;1,000;MESURE
2025-07-29 23:00:00+02:00;68,000;1,000;MESURE
2025-07-30 00:00:00+02:00;69,000;1,000;MESURE
2025-07-30 01:00:00+02:00;69,000;1,000;MESURE
2025-07-30 02:00:00+02:00;69,000;1,000;MESURE
2025-07-30 03:00:00+02:00;68,000;1,000;MESURE
2025-07-30 04:00:00+02:00;69,000;1,000;MESURE
2025-07-30 05:00:00+02:00;69,000;1,000;MESURE
2025-07-30 06:00:00+02:00;80,000;1,000;MESURE
2025-07-30 07:00:00+02:00;92,000;1,000;MESURE
2025-07-30 08:00:00+02:00;94,000;1,000;MESURE
2025-07-30 09:00:00+02:00;96,000;1,000;MESURE
2025-07-30 10:00:00+02:00;97,000;1,000;MESURE
2025-07-30 11:00:00+02:00;97,000;1,000;MESURE
2025-07-30 12:00:00+02:00;98,000;1,000;MESURE
2025-07-30 13:00:00+02:00;98,000;1,000;MESURE
2025-07-30 14:00:00+02:00;96,000;1,000;MESURE
2025-07-30 15:00:00+02:00;96,000;1,000;MESURE
2025-07-30 16:00:00+02:00;94,000;1,000;MESURE
2025-07-30 17:00:00+02:00;94,000;1,000;MESURE
2025-07-30 18:00:00+02:00;84,000;1,000;MESURE
2025-07-30 19:00:00+02:00;69,000;1,000;MESURE
2025-07-30 20:00:00+02:00;70,000;1,000;MESURE
2025-07-30 21:00:00+02:00;68,000;1,000;MESURE
2025-07-30 22:00:00+02:00;68,000;1,000;MESURE
2025-07-30 23:00:00+02:00;69,000;1,000;MESURE
2025-07-31 00:00:00+02:00;69,000;1,000;MESURE
2025-07-31 01:00:00+02:00;69,000;1,000;MESURE
2025-07-31 02:00:00+02:00;71,000;1,000;MESURE
2025-07-31 03:00:00+02:00;74,000;1,000;MESURE
2025-07-31 04:00:00+02:00;73,000;1,000;MESURE
2025-07-31 05:00:00+02:00;74,000;1,000;MESURE
2025-07-31 06:00:00+02:00;79,000;1,000;MESURE
2025-07-31 07:00:00+02:00;94,000;1,000;MESURE
2025-07-31 08:00:00+02:00;95,000;1,000;MESURE
2025-07-31 09:00:00+02:00;95,000;1,000;MESURE
2025-07-31 10:00:00+02:00;98,000;1,000;MESURE
2025-07-31 11:00:00+02:00;97,000;1,000;MESURE
2025-07-31 12:00:00+02:00;98,000;1,000;MESURE
2025-07-31 13:00:00+02:00;98,000;1,000;MESURE
2025-07-31 14:00:00+02:00;98,000;1,000;MESURE
2025-07-31 15:00:00+02:00;96,000;1,000;MESURE
2025-07-31 16:00:00+02:00;96,000;1,000;MESURE
2025-07-31 17:00:00+02:00;96,000;1,000;MESURE
2025-07-31 18:00:00+02:00;6638,000;1,000;MESURE
2025-07-31 19:00:00+02:00;10508,000;1,000;MESURE
2025-07-31 20:00:00+02:00;10503,000;1,000;MESURE
2025-07-31 21:00:00+02:00;107,000;1,000;MESURE
2025-07-31 22:00:00+02:00;69,000;1,000;MESURE
2025-07-31 23:00:00+02:00;69,000;1,000;MESURE
2025-08-01 00:00:00+02:00;68,000;1,000;MESURE
2025-08-01 01:00:00+02:00;69,000;1,000;MESURE
2025-08-01 02:00:00+02:00;69,000;1,000;MESURE
2025-08-01 03:00:00+02:00;69,000;1,000;MESURE
2025-08-01 04:00:00+02:00;69,000;1,000;MESURE
2025-08-01 05:00:00+02:00;69,000;1,000;MESURE
2025-08-01 06:00:00+02:00;80,000;1,000;MESURE
2025-08-01 07:00:00+02:00;93,000;1,000;MESURE
2025-08-01 08:00:00+02:00;95,000;1,000;MESURE
2025-08-01 09:00:00+02:00;3358,000;1,000;MESURE
2025-08-01 10:00:00+02:00;96,000;1,000;MESURE
2025-08-01 11:00:00+02:00;131,000;1,000;MESURE
2025-08-01 12:00:00+02:00;8962,000;1,000;MESURE
2025-08-01 13:00:00+02:00;98,000;1,000;MESURE
2025-08-01 14:00:00+02:00;96,000;1,000;MESURE
2025-08-01 15:00:00+02:00;99,000;1,000;MESURE
2025-08-01 16:00:00+02:00;3692,000;1,000;MESURE
2025-08-01 17:00:00+02:00;7013,000;1,000;MESURE
2025-08-01 18:00:00+02:00;7104,000;1,000;MESURE
2025-08-01 19:00:00+02:00;7062,000;1,000;MESURE
2025-08-01 20:00:00+02:00;7037,000;1,000;MESURE
2025-08-01 21:00:00+02:00;7107,000;1,000;MESURE
2025-08-01 22:00:00+02:00;4592,000;1,000;MESURE
2025-08-01 23:00:00+02:00;1627,000;1,000;MESURE
2025-08-02 00:00:00+02:00;69,000;1,000;MESURE
2025-08-02 01:00:00+02:00;68,000;1,000;MESURE
2025-08-02 02:00:00+02:00;69,000;1,000;MESURE
2025-08-02 03:00:00+02:00;68,000;1,000;MESURE
2025-08-02 04:00:00+02:00;69,000;1,000;MESURE
2025-08-02 05:00:00+02:00;69,000;1,000;MESURE
2025-08-02 06:00:00+02:00;68,000;1,000;MESURE
2025-08-02 07:00:00+02:00;69,000;1,000;MESURE
2025-08-02 08:00:00+02:00;69,000;1,000;MESURE
2025-08-02 09:00:00+02:00;69,000;1,000;MESURE
2025-08-02 10:00:00+02:00;69,000;1,000;MESURE
2025-08-02 11:00:00+02:00;68,000;1,000;MESURE
2025-08-02 12:00:00+02:00;68,000;1,000;MESURE
2025-08-02 13:00:00+02:00;68,000;1,000;MESURE
2025-08-02 14:00:00+02:00;68,000;1,000;MESURE
2025-08-02 15:00:00+02:00;70,000;1,000;MESURE
2025-08-02 16:00:00+02:00;189,000;1,000;MESURE
2025-08-02 17:00:00+02:00;11578,000;1,000;MESURE
2025-08-02 18:00:00+02:00;6059,000;1,000;MESURE
2025-08-02 19:00:00+02:00;19233,000;1,000;MESURE
2025-08-02 20:00:00+02:00;15823,000;1,000;MESURE
2025-08-02 21:00:00+02:00;6807,000;1,000;MESURE
2025-08-02 22:00:00+02:00;835,000;1,000;MESURE
2025-08-02 23:00:00+02:00;69,000;1,000;MESURE
2025-08-03 00:00:00+02:00;71,000;1,000;MESURE
2025-08-03 01:00:00+02:00;71,000;1,000;MESURE
2025-08-03 02:00:00+02:00;47,000;1,000;MESURE
2025-08-03 03:00:00+02:00;59,000;1,000;MESURE
2025-08-03 04:00:00+02:00;70,000;1,000;MESURE
2025-08-03 05:00:00+02:00;70,000;1,000;MESURE
2025-08-03 06:00:00+02:00;69,000;1,000;MESURE
2025-08-03 07:00:00+02:00;69,000;1,000;MESURE
2025-08-03 08:00:00+02:00;69,000;1,000;MESURE
2025-08-03 09:00:00+02:00;68,000;1,000;MESURE
2025-08-03 10:00:00+02:00;69,000;1,000;MESURE
2025-08-03 11:00:00+02:00;68,000;1,000;MESURE
2025-08-03 12:00:00+02:00;68,000;1,000;MESURE
2025-08-03 13:00:00+02:00;68,000;1,000;MESURE
2025-08-03 14:00:00+02:00;69,000;1,000;MESURE
2025-08-03 15:00:00+02:00;16049,000;1,000;MESURE
2025-08-03 16:00:00+02:00;23166,000;1,000;MESURE
2025-08-03 17:00:00+02:00;11634,000;1,000;MESURE
2025-08-03 18:00:00+02:00;11638,000;1,000;MESURE
2025-08-03 19:00:00+02:00;4242,000;1,000;MESURE
2025-08-03 20:00:00+02:00;69,000;1,000;MESURE
2025-08-03 21:00:00+02:00;68,000;1,000;MESURE
2025-08-03 22:00:00+02:00;2197,000;0,500;INTERP_COURTE
2025-08-03 23:00:00+02:00;4326,000;0,000;INTERP_COURTE
2025-08-04 00:00:00+02:00;6455,000;1,000;MESURE
2025-08-04 01:00:00+02:00;11064,000;1,000;MESURE
2025-08-04 02:00:00+02:00;11063,000;1,000;MESURE
2025-08-04 03:00:00+02:00;11072,000;1,000;MESURE
2025-08-04 04:00:00+02:00;3566,000;1,000;MESURE
2025-08-04 05:00:00+02:00;68,000;1,000;MESURE
2025-08-04 06:00:00+02:00;78,000;1,000;MESURE
2025-08-04 07:00:00+02:00;93,000;1,000;MESURE
2025-08-04 08:00:00+02:00;93,000;1,000;MESURE
2025-08-04 09:00:00+02:00;96,000;1,000;MESURE
2025-08-04 10:00:00+02:00;95,000;1,000;MESURE
2025-08-04 11:00:00+02:00;97,000;1,000;MESURE
2025-08-04 12:00:00+02:00;97,000;1,000;MESURE
2025-08-04 13:00:00+02:00;97,000;1,000;MESURE
2025-08-04 14:00:00+02:00;98,000;1,000;MESURE
2025-08-04 15:00:00+02:00;97,000;1,000;MESURE
2025-08-04 16:00:00+02:00;97,000;1,000;MESURE
2025-08-04 17:00:00+02:00;96,000;1,000;MESURE
2025-08-04 18:00:00+02:00;84,000;1,000;MESURE
2025-08-04 19:00:00+02:00;69,000;1,000;MESURE
2025-08-04 20:00:00+02:00;69,000;1,000;MESURE
2025-08-04 21:00:00+02:00;70,000;1,000;MESURE
2025-08-04 22:00:00+02:00;69,000;1,000;MESURE
2025-08-04 23:00:00+02:00;2604,000;1,000;MESURE
2025-08-05 00:00:00+02:00;7272,000;1,000;MESURE
2025-08-05 01:00:00+02:00;7158,000;1,000;MESURE
2025-08-05 02:00:00+02:00;7167,000;1,000;MESURE
2025-08-05 03:00:00+02:00;7159,000;1,000;MESURE
2025-08-05 04:00:00+02:00;7173,000;1,000;MESURE
2025-08-05 05:00:00+02:00;3600,000;1,000;MESURE
2025-08-05 06:00:00+02:00;988,000;1,000;MESURE
2025-08-05 07:00:00+02:00;93,000;1,000;MESURE
2025-08-05 08:00:00+02:00;93,000;1,000;MESURE
2025-08-05 09:00:00+02:00;95,000;1,000;MESURE
2025-08-05 10:00:00+02:00;97,000;1,000;MESURE
2025-08-05 11:00:00+02:00;97,000;1,000;MESURE
2025-08-05 12:00:00+02:00;99,000;1,000;MESURE
2025-08-05 13:00:00+02:00;99,000;1,000;MESURE
2025-08-05 14:00:00+02:00;97,000;1,000;MESURE
2025-08-05 15:00:00+02:00;96,000;1,000;MESURE
2025-08-05 16:00:00+02:00;96,000;1,000;MESURE
2025-08-05 17:00:00+02:00;96,000;1,000;MESURE
2025-08-05 18:00:00+02:00;84,000;1,000;MESURE
2025-08-05 19:00:00+02:00;69,000;1,000;MESURE
2025-08-05 20:00:00+02:00;69,000;1,000;MESURE
2025-08-05 21:00:00+02:00;69,000;1,000;MESURE
2025-08-05 22:00:00+02:00;68,000;1,000;MESURE
2025-08-05 23:00:00+02:00;704,000;1,000;MESURE
2025-08-06 00:00:00+02:00;2390,000;1,000;MESURE
2025-08-06 01:00:00+02:00;2386,000;1,000;MESURE
2025-08-06 02:00:00+02:00;2396,000;1,000;MESURE
2025-08-06 03:00:00+02:00;2391,000;1,000;MESURE
2025-08-06 04:00:00+02:00;2390,000;1,000;MESURE
2025-08-06 05:00:00+02:00;2391,000;1,000;MESURE
2025-08-06 06:00:00+02:00;2404,000;1,000;MESURE
2025-08-06 07:00:00+02:00;2418,000;1,000;MESURE
2025-08-06 08:00:00+02:00;2419,000;1,000;MESURE
2025-08-06 09:00:00+02:00;2425,000;1,000;MESURE
2025-08-06 10:00:00+02:00;2348,000;1,000;MESURE
2025-08-06 11:00:00+02:00;100,000;1,000;MESURE
2025-08-06 12:00:00+02:00;96,000;1,000;MESURE
2025-08-06 13:00:00+02:00;98,000;1,000;MESURE
2025-08-06 14:00:00+02:00;96,000;1,000;MESURE
2025-08-06 15:00:00+02:00;95,000;1,000;MESURE
2025-08-06 16:00:00+02:00;95,000;1,000;MESURE
2025-08-06 17:00:00+02:00;96,000;1,000;MESURE
2025-08-06 18:00:00+02:00;83,000;1,000;MESURE
2025-08-06 19:00:00+02:00;69,000;1,000;MESURE
2025-08-06 20:00:00+02:00;70,000;1,000;MESURE
2025-08-06 21:00:00+02:00;69,000;1,000;MESURE
2025-08-06 22:00:00+02:00;69,000;1,000;MESURE
2025-08-06 23:00:00+02:00;68,000;1,000;MESURE
2025-08-07 00:00:00+02:00;69,000;1,000;MESURE
2025-08-07 01:00:00+02:00;69,000;1,000;MESURE
2025-08-07 02:00:00+02:00;68,000;1,000;MESURE
2025-08-07 03:00:00+02:00;69,000;1,000;MESURE
2025-08-07 04:00:00+02:00;69,000;1,000;MESURE
2025-08-07 05:00:00+02:00;69,000;1,000;MESURE
2025-08-07 06:00:00+02:00;80,000;1,000;MESURE
2025-08-07 07:00:00+02:00;93,000;1,000;MESURE
2025-08-07 08:00:00+02:00;93,000;1,000;MESURE
2025-08-07 09:00:00+02:00;95,000;1,000;MESURE
2025-08-07 10:00:00+02:00;96,000;1,000;MESURE
2025-08-07 11:00:00+02:00;97,000;1,000;MESURE
2025-08-07 12:00:00+02:00;99,000;1,000;MESURE
2025-08-07 13:00:00+02:00;97,000;1,000;MESURE
2025-08-07 14:00:00+02:00;96,000;1,000;MESURE
2025-08-07 15:00:00+02:00;11246,000;1,000;MESURE
2025-08-07 16:00:00+02:00;11393,000;1,000;MESURE
2025-08-07 17:00:00+02:00;6469,000;1,000;MESURE
2025-08-07 18:00:00+02:00;84,000;1,000;MESURE
2025-08-07 19:00:00+02:00;69,000;1,000;MESURE
2025-08-07 20:00:00+02:00;69,000;1,000;MESURE
2025-08-07 21:00:00+02:00;69,000;1,000;MESURE
2025-08-07 22:00:00+02:00;69,000;1,000;MESURE
2025-08-07 23:00:00+02:00;69,000;1,000;MESURE
2025-08-08 00:00:00+02:00;68,000;1,000;MESURE
2025-08-08 01:00:00+02:00;69,000;1,000;MESURE
2025-08-08 02:00:00+02:00;69,000;1,000;MESURE
2025-08-08 03:00:00+02:00;69,000;1,000;MESURE
2025-08-08 04:00:00+02:00;68,000;1,000;MESURE
2025-08-08 05:00:00+02:00;69,000;1,000;MESURE
2025-08-08 06:00:00+02:00;80,000;1,000;MESURE
2025-08-08 07:00:00+02:00;94,000;1,000;MESURE
2025-08-08 08:00:00+02:00;94,000;1,000;MESURE
2025-08-08 09:00:00+02:00;97,000;1,000;MESURE
2025-08-08 10:00:00+02:00;98,000;1,000;MESURE
2025-08-08 11:00:00+02:00;98,000;1,000;MESURE
2025-08-08 12:00:00+02:00;97,000;1,000;MESURE
2025-08-08 13:00:00+02:00;99,000;1,000;MESURE
2025-08-08 14:00:00+02:00;99,000;1,000;MESURE
2025-08-08 15:00:00+02:00;7796,000;1,000;MESURE
2025-08-08 16:00:00+02:00;10548,000;1,000;MESURE
2025-08-08 17:00:00+02:00;9745,000;1,000;MESURE
2025-08-08 18:00:00+02:00;85,000;1,000;MESURE
2025-08-08 19:00:00+02:00;69,000;1,000;MESURE
2025-08-08 20:00:00+02:00;69,000;1,000;MESURE
2025-08-08 21:00:00+02:00;69,000;1,000;MESURE
2025-08-08 22:00:00+02:00;69,000;1,000;MESURE
2025-08-08 23:00:00+02:00;69,000;1,000;MESURE
2025-08-09 00:00:00+02:00;69,000;1,000;MESURE
2025-08-09 01:00:00+02:00;68,000;1,000;MESURE
2025-08-09 02:00:00+02:00;69,000;1,000;MESURE
2025-08-09 03:00:00+02:00;68,000;1,000;MESURE
2025-08-09 04:00:00+02:00;69,000;1,000;MESURE
2025-08-09 05:00:00+02:00;69,000;1,000;MESURE
2025-08-09 06:00:00+02:00;69,000;1,000;MESURE
2025-08-09 07:00:00+02:00;69,000;1,000;MESURE
2025-08-09 08:00:00+02:00;68,000;1,000;MESURE
2025-08-09 09:00:00+02:00;69,000;1,000;MESURE
2025-08-09 10:00:00+02:00;69,000;1,000;MESURE
2025-08-09 11:00:00+02:00;70,000;1,000;MESURE
2025-08-09 12:00:00+02:00;2366,000;1,000;MESURE
2025-08-09 13:00:00+02:00;69,000;1,000;MESURE
2025-08-09 14:00:00+02:00;69,000;1,000;MESURE
2025-08-09 15:00:00+02:00;70,000;1,000;MESURE
2025-08-09 16:00:00+02:00;70,000;1,000;MESURE
2025-08-09 17:00:00+02:00;69,000;1,000;MESURE
2025-08-09 18:00:00+02:00;70,000;1,000;MESURE
2025-08-09 19:00:00+02:00;69,000;1,000;MESURE
2025-08-09 20:00:00+02:00;69,000;1,000;MESURE
2025-08-09 21:00:00+02:00;69,000;1,000;MESURE
2025-08-09 22:00:00+02:00;69,000;1,000;MESURE
2025-08-09 23:00:00+02:00;69,000;1,000;MESURE
2025-08-10 00:00:00+02:00;69,000;1,000;MESURE
2025-08-10 01:00:00+02:00;69,000;1,000;MESURE
2025-08-10 02:00:00+02:00;69,000;1,000;MESURE
2025-08-10 03:00:00+02:00;68,000;1,000;MESURE
2025-08-10 04:00:00+02:00;69,000;1,000;MESURE
2025-08-10 05:00:00+02:00;69,000;1,000;MESURE
2025-08-10 06:00:00+02:00;68,000;1,000;MESURE
2025-08-10 07:00:00+02:00;69,000;1,000;MESURE
2025-08-10 08:00:00+02:00;69,000;1,000;MESURE
2025-08-10 09:00:00+02:00;68,000;1,000;MESURE
2025-08-10 10:00:00+02:00;69,000;1,000;MESURE
2025-08-10 11:00:00+02:00;69,000;1,000;MESURE
2025-08-10 12:00:00+02:00;7559,000;1,000;MESURE
2025-08-10 13:00:00+02:00;2598,000;1,000;MESURE
2025-08-10 14:00:00+02:00;69,000;1,000;MESURE
2025-08-10 15:00:00+02:00;70,000;1,000;MESURE
2025-08-10 16:00:00+02:00;4346,000;1,000;MESURE
2025-08-10 17:00:00+02:00;12022,000;1,000;MESURE
2025-08-10 18:00:00+02:00;17931,000;1,000;MESURE
2025-08-10 19:00:00+02:00;14679,000;1,000;MESURE
2025-08-10 20:00:00+02:00;10228,000;1,000;MESURE
2025-08-10 21:00:00+02:00;69,000;1,000;MESURE
2025-08-10 22:00:00+02:00;69,000;1,000;MESURE
2025-08-10 23:00:00+02:00;69,000;1,000;MESURE
2025-08-11 00:00:00+02:00;69,000;1,000;MESURE
2025-08-11 01:00:00+02:00;69,000;1,000;MESURE
2025-08-11 02:00:00+02:00;68,000;1,000;MESURE
2025-08-11 03:00:00+02:00;69,000;1,000;MESURE
2025-08-11 04:00:00+02:00;68,000;1,000;MESURE
2025-08-11 05:00:00+02:00;69,000;1,000;MESURE
2025-08-11 06:00:00+02:00;80,000;1,000;MESURE
2025-08-11 07:00:00+02:00;94,000;1,000;MESURE
2025-08-11 08:00:00+02:00;95,000;1,000;MESURE
2025-08-11 09:00:00+02:00;96,000;1,000;MESURE
2025-08-11 10:00:00+02:00;96,000;1,000;MESURE
2025-08-11 11:00:00+02:00;98,000;1,000;MESURE
2025-08-11 12:00:00+02:00;99,000;1,000;MESURE
2025-08-11 13:00:00+02:00;99,000;1,000;MESURE
2025-08-11 14:00:00+02:00;97,000;1,000;MESURE
2025-08-11 15:00:00+02:00;96,000;1,000;MESURE
2025-08-11 16:00:00+02:00;98,000;1,000;MESURE
2025-08-11 17:00:00+02:00;96,000;1,000;MESURE
2025-08-11 18:00:00+02:00;84,000;1,000;MESURE
2025-08-11 19:00:00+02:00;9275,000;1,000;MESURE
2025-08-11 20:00:00+02:00;10534,000;1,000;MESURE
2025-08-11 21:00:00+02:00;10518,000;1,000;MESURE
2025-08-11 22:00:00+02:00;11750,000;1,000;MESURE
2025-08-11 23:00:00+02:00;5254,000;1,000;MESURE
2025-08-12 00:00:00+02:00;68,000;1,000;MESURE
2025-08-12 01:00:00+02:00;68,000;1,000;MESURE
2025-08-12 02:00:00+02:00;68,000;1,000;MESURE
2025-08-12 03:00:00+02:00;68,000;1,000;MESURE
2025-08-12 04:00:00+02:00;68,000;1,000;MESURE
2025-08-12 05:00:00+02:00;68,000;1,000;MESURE
2025-08-12 06:00:00+02:00;78,000;1,000;MESURE
2025-08-12 07:00:00+02:00;94,000;1,000;MESURE
2025-08-12 08:00:00+02:00;94,000;1,000;MESURE
2025-08-12 09:00:00+02:00;96,000;1,000;MESURE
2025-08-12 10:00:00+02:00;99,000;1,000;MESURE
2025-08-12 11:00:00+02:00;97,000;1,000;MESURE
2025-08-12 12:00:00+02:00;102,000;1,000;MESURE
2025-08-12 13:00:00+02:00;97,000;1,000;MESURE
2025-08-12 14:00:00+02:00;97,000;1,000;MESURE
2025-08-12 15:00:00+02:00;97,000;1,000;MESURE
2025-08-12 16:00:00+02:00;98,000;1,000;MESURE
2025-08-12 17:00:00+02:00;97,000;1,000;MESURE
2025-08-12 18:00:00+02:00;85,000;1,000;MESURE
2025-08-12 19:00:00+02:00;70,000;1,000;MESURE
2025-08-12 20:00:00+02:00;69,000;1,000;MESURE
2025-08-12 21:00:00+02:00;69,000;1,000;MESURE
2025-08-12 22:00:00+02:00;68,000;1,000;MESURE
2025-08-12 23:00:00+02:00;69,000;1,000;MESURE
2025-08-13 00:00:00+02:00;70,000;1,000;MESURE
2025-08-13 01:00:00+02:00;69,000;1,000;MESURE
2025-08-13 02:00:00+02:00;68,000;1,000;MESURE
2025-08-13 03:00:00+02:00;69,000;1,000;MESURE
2025-08-13 04:00:00+02:00;69,000;1,000;MESURE
2025-08-13 05:00:00+02:00;68,000;1,000;MESURE
2025-08-13 06:00:00+02:00;80,000;1,000;MESURE
2025-08-13 07:00:00+02:00;94,000;1,000;MESURE
2025-08-13 08:00:00+02:00;94,000;1,000;MESURE
2025-08-13 09:00:00+02:00;99,000;1,000;MESURE
2025-08-13 10:00:00+02:00;98,000;1,000;MESURE
2025-08-13 11:00:00+02:00;98,000;1,000;MESURE
2025-08-13 12:00:00+02:00;101,000;1,000;MESURE
2025-08-13 13:00:00+02:00;99,000;1,000;MESURE
2025-08-13 14:00:00+02:00;98,000;1,000;MESURE
2025-08-13 15:00:00+02:00;100,000;1,000;MESURE
2025-08-13 16:00:00+02:00;99,000;1,000;MESURE
2025-08-13 17:00:00+02:00;97,000;1,000;MESURE
2025-08-13 18:00:00+02:00;85,000;1,000;MESURE
2025-08-13 19:00:00+02:00;69,000;1,000;MESURE
2025-08-13 20:00:00+02:00;69,000;1,000;MESURE
2025-08-13 21:00:00+02:00;69,000;1,000;MESURE
2025-08-13 22:00:00+02:00;69,000;1,000;MESURE
2025-08-13 23:00:00+02:00;69,000;1,000;MESURE
2025-08-14 00:00:00+02:00;71,000;1,000;MESURE
2025-08-14 01:00:00+02:00;73,000;1,000;MESURE
2025-08-14 02:00:00+02:00;73,000;1,000;MESURE
2025-08-14 03:00:00+02:00;73,000;1,000;MESURE
2025-08-14 04:00:00+02:00;72,000;1,000;MESURE
2025-08-14 05:00:00+02:00;73,000;1,000;MESURE
2025-08-14 06:00:00+02:00;82,000;1,000;MESURE
2025-08-14 07:00:00+02:00;94,000;1,000;MESURE
2025-08-14 08:00:00+02:00;95,000;1,000;MESURE
2025-08-14 09:00:00+02:00;96,000;1,000;MESURE
2025-08-14 10:00:00+02:00;97,000;1,000;MESURE
2025-08-14 11:00:00+02:00;98,000;1,000;MESURE
2025-08-14 12:00:00+02:00;100,000;1,000;MESURE
2025-08-14 13:00:00+02:00;97,000;1,000;MESURE
2025-08-14 14:00:00+02:00;98,000;1,000;MESURE
2025-08-14 15:00:00+02:00;99,000;1,000;MESURE
2025-08-14 16:00:00+02:00;100,000;1,000;MESURE
2025-08-14 17:00:00+02:00;99,000;1,000;MESURE
2025-08-14 18:00:00+02:00;83,000;1,000;MESURE
2025-08-14 19:00:00+02:00;69,000;1,000;MESURE
2025-08-14 20:00:00+02:00;69,000;1,000;MESURE
2025-08-14 21:00:00+02:00;69,000;1,000;MESURE
2025-08-14 22:00:00+02:00;69,000;1,000;MESURE
2025-08-14 23:00:00+02:00;69,000;1,000;MESURE
2025-08-15 00:00:00+02:00;68,000;1,000;MESURE
2025-08-15 01:00:00+02:00;69,000;1,000;MESURE
2025-08-15 02:00:00+02:00;69,000;1,000;MESURE
2025-08-15 03:00:00+02:00;68,000;1,000;MESURE
2025-08-15 04:00:00+02:00;69,000;1,000;MESURE
2025-08-15 05:00:00+02:00;68,000;1,000;MESURE
2025-08-15 06:00:00+02:00;80,000;1,000;MESURE
2025-08-15 07:00:00+02:00;94,000;1,000;MESURE
2025-08-15 08:00:00+02:00;94,000;1,000;MESURE
2025-08-15 09:00:00+02:00;96,000;1,000;MESURE
2025-08-15 10:00:00+02:00;8138,000;1,000;MESURE
2025-08-15 11:00:00+02:00;11484,000;1,000;MESURE
2025-08-15 12:00:00+02:00;11433,000;1,000;MESURE
2025-08-15 13:00:00+02:00;12869,000;1,000;MESURE
2025-08-15 14:00:00+02:00;6815,000;1,000;MESURE
2025-08-15 15:00:00+02:00;4237,000;1,000;MESURE
2025-08-15 16:00:00+02:00;3694,000;1,000;MESURE
2025-08-15 17:00:00+02:00;3867,000;1,000;MESURE
2025-08-15 18:00:00+02:00;2684,000;1,000;MESURE
2025-08-15 19:00:00+02:00;7743,000;1,000;MESURE
2025-08-15 20:00:00+02:00;7764,000;1,000;MESURE
2025-08-15 21:00:00+02:00;11857,000;1,000;MESURE
2025-08-15 22:00:00+02:00;11563,000;1,000;MESURE
2025-08-15 23:00:00+02:00;9477,000;1,000;MESURE
2025-08-16 00:00:00+02:00;69,000;1,000;MESURE
2025-08-16 01:00:00+02:00;68,000;1,000;MESURE
2025-08-16 02:00:00+02:00;69,000;1,000;MESURE
2025-08-16 03:00:00+02:00;68,000;1,000;MESURE
2025-08-16 04:00:00+02:00;69,000;1,000;MESURE
2025-08-16 05:00:00+02:00;69,000;1,000;MESURE
2025-08-16 06:00:00+02:00;68,000;1,000;MESURE
2025-08-16 07:00:00+02:00;69,000;1,000;MESURE
2025-08-16 08:00:00+02:00;69,000;1,000;MESURE
2025-08-16 09:00:00+02:00;2481,000;1,000;MESURE
2025-08-16 10:00:00+02:00;1232,000;1,000;MESURE
2025-08-16 11:00:00+02:00;68,000;1,000;MESURE
2025-08-16 12:00:00+02:00;69,000;1,000;MESURE
2025-08-16 13:00:00+02:00;69,000;1,000;MESURE
2025-08-16 14:00:00+02:00;70,000;1,000;MESURE
2025-08-16 15:00:00+02:00;70,000;1,000;MESURE
2025-08-16 16:00:00+02:00;69,000;1,000;MESURE
2025-08-16 17:00:00+02:00;70,000;1,000;MESURE
2025-08-16 18:00:00+02:00;70,000;1,000;MESURE
2025-08-16 19:00:00+02:00;69,000;1,000;MESURE
2025-08-16 20:00:00+02:00;69,000;1,000;MESURE
2025-08-16 21:00:00+02:00;68,000;1,000;MESURE
2025-08-16 22:00:00+02:00;69,000;1,000;MESURE
2025-08-16 23:00:00+02:00;69,000;1,000;MESURE
2025-08-17 00:00:00+02:00;69,000;1,000;MESURE
2025-08-17 01:00:00+02:00;69,000;1,000;MESURE
2025-08-17 02:00:00+02:00;68,000;1,000;MESURE
2025-08-17 03:00:00+02:00;69,000;1,000;MESURE
2025-08-17 04:00:00+02:00;69,000;1,000;MESURE
2025-08-17 05:00:00+02:00;68,000;1,000;MESURE
2025-08-17 06:00:00+02:00;69,000;1,000;MESURE
2025-08-17 07:00:00+02:00;69,000;1,000;MESURE
2025-08-17 08:00:00+02:00;69,000;1,000;MESURE
2025-08-17 09:00:00+02:00;68,000;1,000;MESURE
2025-08-17 10:00:00+02:00;68,000;1,000;MESURE
2025-08-17 11:00:00+02:00;69,000;1,000;MESURE
2025-08-17 12:00:00+02:00;69,000;1,000;MESURE
2025-08-17 13:00:00+02:00;69,000;1,000;MESURE
2025-08-17 14:00:00+02:00;69,000;1,000;MESURE
2025-08-17 15:00:00+02:00;69,000;1,000;MESURE
2025-08-17 16:00:00+02:00;69,000;1,000;MESURE
2025-08-17 17:00:00+02:00;70,000;1,000;MESURE
2025-08-17 18:00:00+02:00;69,000;1,000;MESURE
2025-08-17 19:00:00+02:00;69,000;1,000;MESURE
2025-08-17 20:00:00+02:00;69,000;1,000;MESURE
2025-08-17 21:00:00+02:00;69,000;1,000;MESURE
2025-08-17 22:00:00+02:00;69,000;1,000;MESURE
2025-08-17 23:00:00+02:00;68,000;1,000;MESURE
2025-08-18 00:00:00+02:00;4833,000;1,000;MESURE
2025-08-18 01:00:00+02:00;7144,000;1,000;MESURE
2025-08-18 02:00:00+02:00;7164,000;1,000;MESURE
2025-08-18 03:00:00+02:00;7174,000;1,000;MESURE
2025-08-18 04:00:00+02:00;7201,000;1,000;MESURE
2025-08-18 05:00:00+02:00;4740,000;1,000;MESURE
2025-08-18 06:00:00+02:00;1778,000;1,000;MESURE
2025-08-18 07:00:00+02:00;93,000;1,000;MESURE
2025-08-18 08:00:00+02:00;94,000;1,000;MESURE
2025-08-18 09:00:00+02:00;95,000;1,000;MESURE
2025-08-18 10:00:00+02:00;94,000;1,000;MESURE
2025-08-18 11:00:00+02:00;95,000;1,000;MESURE
2025-08-18 12:00:00+02:00;97,000;1,000;MESURE
2025-08-18 13:00:00+02:00;97,000;1,000;MESURE
2025-08-18 14:00:00+02:00;97,000;1,000;MESURE
2025-08-18 15:00:00+02:00;95,000;1,000;MESURE
2025-08-18 16:00:00+02:00;95,000;1,000;MESURE
2025-08-18 17:00:00+02:00;97,000;1,000;MESURE
2025-08-18 18:00:00+02:00;1184,000;1,000;MESURE
2025-08-18 19:00:00+02:00;23687,000;1,000;MESURE
2025-08-18 20:00:00+02:00;33249,000;1,000;MESURE
2025-08-18 21:00:00+02:00;15542,000;1,000;MESURE
2025-08-18 22:00:00+02:00;70,000;1,000;MESURE
2025-08-18 23:00:00+02:00;69,000;1,000;MESURE
2025-08-19 00:00:00+02:00;69,000;1,000;MESURE
2025-08-19 01:00:00+02:00;68,000;1,000;MESURE
2025-08-19 02:00:00+02:00;69,000;1,000;MESURE
2025-08-19 03:00:00+02:00;68,000;1,000;MESURE
2025-08-19 04:00:00+02:00;69,000;1,000;MESURE
2025-08-19 05:00:00+02:00;69,000;1,000;MESURE
2025-08-19 06:00:00+02:00;79,000;1,000;MESURE
2025-08-19 07:00:00+02:00;94,000;1,000;MESURE
2025-08-19 08:00:00+02:00;94,000;1,000;MESURE
2025-08-19 09:00:00+02:00;95,000;1,000;MESURE
2025-08-19 10:00:00+02:00;98,000;1,000;MESURE
2025-08-19 11:00:00+02:00;95,000;1,000;MESURE
2025-08-19 12:00:00+02:00;98,000;1,000;MESURE
2025-08-19 13:00:00+02:00;96,000;1,000;MESURE
2025-08-19 14:00:00+02:00;96,000;1,000;MESURE
2025-08-19 15:00:00+02:00;95,000;1,000;MESURE
2025-08-19 16:00:00+02:00;97,000;1,000;MESURE
2025-08-19 17:00:00+02:00;97,000;1,000;MESURE
2025-08-19 18:00:00+02:00;83,000;1,000;MESURE
2025-08-19 19:00:00+02:00;569,000;1,000;MESURE
2025-08-19 20:00:00+02:00;22151,000;1,000;MESURE
2025-08-19 21:00:00+02:00;15876,000;1,000;MESURE
2025-08-19 22:00:00+02:00;68,000;1,000;MESURE
2025-08-19 23:00:00+02:00;68,000;1,000;MESURE
2025-08-20 00:00:00+02:00;69,000;1,000;MESURE
2025-08-20 01:00:00+02:00;69,000;1,000;MESURE
2025-08-20 02:00:00+02:00;68,000;1,000;MESURE
2025-08-20 03:00:00+02:00;69,000;1,000;MESURE
2025-08-20 04:00:00+02:00;69,000;1,000;MESURE
2025-08-20 05:00:00+02:00;74,000;1,000;MESURE
2025-08-20 06:00:00+02:00;82,000;1,000;MESURE
2025-08-20 07:00:00+02:00;2388,000;1,000;MESURE
2025-08-20 08:00:00+02:00;11147,000;1,000;MESURE
2025-08-20 09:00:00+02:00;11174,000;1,000;MESURE
2025-08-20 10:00:00+02:00;9487,000;1,000;MESURE
2025-08-20 11:00:00+02:00;96,000;1,000;MESURE
2025-08-20 12:00:00+02:00;96,000;1,000;MESURE
2025-08-20 13:00:00+02:00;96,000;1,000;MESURE
2025-08-20 14:00:00+02:00;95,000;1,000;MESURE
2025-08-20 15:00:00+02:00;1962,000;1,000;MESURE
2025-08-20 16:00:00+02:00;9126,000;1,000;MESURE
2025-08-20 17:00:00+02:00;96,000;1,000;MESURE
2025-08-20 18:00:00+02:00;83,000;1,000;MESURE
2025-08-20 19:00:00+02:00;69,000;1,000;MESURE
2025-08-20 20:00:00+02:00;69,000;1,000;MESURE
2025-08-20 21:00:00+02:00;69,000;1,000;MESURE
2025-08-20 22:00:00+02:00;68,000;1,000;MESURE
2025-08-20 23:00:00+02:00;69,000;1,000;MESURE
2025-08-21 00:00:00+02:00;71,000;1,000;MESURE
2025-08-21 01:00:00+02:00;71,000;1,000;MESURE
2025-08-21 02:00:00+02:00;72,000;1,000;MESURE
2025-08-21 03:00:00+02:00;71,000;1,000;MESURE
2025-08-21 04:00:00+02:00;71,000;1,000;MESURE
2025-08-21 05:00:00+02:00;71,000;1,000;MESURE
2025-08-21 06:00:00+02:00;81,000;1,000;MESURE
2025-08-21 07:00:00+02:00;94,000;1,000;MESURE
2025-08-21 08:00:00+02:00;93,000;1,000;MESURE
2025-08-21 09:00:00+02:00;16298,000;1,000;MESURE
2025-08-21 10:00:00+02:00;95,000;1,000;MESURE
2025-08-21 11:00:00+02:00;95,000;1,000;MESURE
2025-08-21 12:00:00+02:00;96,000;1,000;MESURE
2025-08-21 13:00:00+02:00;98,000;1,000;MESURE
2025-08-21 14:00:00+02:00;96,000;1,000;MESURE
2025-08-21 15:00:00+02:00;97,000;1,000;MESURE
2025-08-21 16:00:00+02:00;96,000;1,000;MESURE
2025-08-21 17:00:00+02:00;96,000;1,000;MESURE
2025-08-21 18:00:00+02:00;84,000;1,000;MESURE
2025-08-21 19:00:00+02:00;68,000;1,000;MESURE
2025-08-21 20:00:00+02:00;69,000;1,000;MESURE
2025-08-21 21:00:00+02:00;68,000;1,000;MESURE
2025-08-21 22:00:00+02:00;69,000;1,000;MESURE
2025-08-21 23:00:00+02:00;69,000;1,000;MESURE
2025-08-22 00:00:00+02:00;72,000;1,000;MESURE
2025-08-22 01:00:00+02:00;74,000;1,000;MESURE
2025-08-22 02:00:00+02:00;73,000;1,000;MESURE
2025-08-22 03:00:00+02:00;73,000;1,000;MESURE
2025-08-22 04:00:00+02:00;74,000;1,000;MESURE
2025-08-22 05:00:00+02:00;74,000;1,000;MESURE
2025-08-22 06:00:00+02:00;82,000;1,000;MESURE
2025-08-22 07:00:00+02:00;93,000;1,000;MESURE
2025-08-22 08:00:00+02:00;93,000;1,000;MESURE
2025-08-22 09:00:00+02:00;95,000;1,000;MESURE
2025-08-22 10:00:00+02:00;7307,000;1,000;MESURE
2025-08-22 11:00:00+02:00;11264,000;1,000;MESURE
2025-08-22 12:00:00+02:00;1728,000;1,000;MESURE
2025-08-22 13:00:00+02:00;97,000;1,000;MESURE
2025-08-22 14:00:00+02:00;97,000;1,000;MESURE
2025-08-22 15:00:00+02:00;97,000;1,000;MESURE
2025-08-22 16:00:00+02:00;97,000;1,000;MESURE
2025-08-22 17:00:00+02:00;13863,000;1,000;MESURE
2025-08-22 18:00:00+02:00;17966,000;1,000;MESURE
2025-08-22 19:00:00+02:00;2048,000;1,000;MESURE
2025-08-22 20:00:00+02:00;69,000;1,000;MESURE
2025-08-22 21:00:00+02:00;7304,000;1,000;MESURE
2025-08-22 22:00:00+02:00;11500,000;1,000;MESURE
2025-08-22 23:00:00+02:00;11534,000;1,000;MESURE
2025-08-23 00:00:00+02:00;1199,000;1,000;MESURE
2025-08-23 01:00:00+02:00;73,000;1,000;MESURE
2025-08-23 02:00:00+02:00;74,000;1,000;MESURE
2025-08-23 03:00:00+02:00;73,000;1,000;MESURE
2025-08-23 04:00:00+02:00;74,000;1,000;MESURE
2025-08-23 05:00:00+02:00;73,000;1,000;MESURE
2025-08-23 06:00:00+02:00;72,000;1,000;MESURE
2025-08-23 07:00:00+02:00;70,000;1,000;MESURE
2025-08-23 08:00:00+02:00;70,000;1,000;MESURE
2025-08-23 09:00:00+02:00;70,000;1,000;MESURE
2025-08-23 10:00:00+02:00;70,000;1,000;MESURE
2025-08-23 11:00:00+02:00;70,000;1,000;MESURE
2025-08-23 12:00:00+02:00;69,000;1,000;MESURE
2025-08-23 13:00:00+02:00;69,000;1,000;MESURE
2025-08-23 14:00:00+02:00;69,000;1,000;MESURE
2025-08-23 15:00:00+02:00;70,000;1,000;MESURE
2025-08-23 16:00:00+02:00;69,000;1,000;MESURE
2025-08-23 17:00:00+02:00;69,000;1,000;MESURE
2025-08-23 18:00:00+02:00;1380,000;1,000;MESURE
2025-08-23 19:00:00+02:00;10503,000;1,000;MESURE
2025-08-23 20:00:00+02:00;2220,000;1,000;MESURE
2025-08-23 21:00:00+02:00;69,000;1,000;MESURE
2025-08-23 22:00:00+02:00;68,000;1,000;MESURE
2025-08-23 23:00:00+02:00;69,000;1,000;MESURE
2025-08-24 00:00:00+02:00;68,000;1,000;MESURE
2025-08-24 01:00:00+02:00;69,000;1,000;MESURE
2025-08-24 02:00:00+02:00;69,000;1,000;MESURE
2025-08-24 03:00:00+02:00;69,000;1,000;MESURE
2025-08-24 04:00:00+02:00;69,000;1,000;MESURE
2025-08-24 05:00:00+02:00;69,000;1,000;MESURE
2025-08-24 06:00:00+02:00;69,000;1,000;MESURE
2025-08-24 07:00:00+02:00;69,000;1,000;MESURE
2025-08-24 08:00:00+02:00;70,000;1,000;MESURE
2025-08-24 09:00:00+02:00;69,000;1,000;MESURE
2025-08-24 10:00:00+02:00;2455,000;1,000;MESURE
2025-08-24 11:00:00+02:00;7425,000;1,000;MESURE
2025-08-24 12:00:00+02:00;68,000;1,000;MESURE
2025-08-24 13:00:00+02:00;69,000;1,000;MESURE
2025-08-24 14:00:00+02:00;69,000;1,000;MESURE
2025-08-24 15:00:00+02:00;69,000;1,000;MESURE
2025-08-24 16:00:00+02:00;69,000;1,000;MESURE
2025-08-24 17:00:00+02:00;69,000;1,000;MESURE
2025-08-24 18:00:00+02:00;69,000;1,000;MESURE
2025-08-24 19:00:00+02:00;69,000;1,000;MESURE
2025-08-24 20:00:00+02:00;69,000;1,000;MESURE
2025-08-24 21:00:00+02:00;70,000;1,000;MESURE
2025-08-24 22:00:00+02:00;68,000;1,000;MESURE
2025-08-24 23:00:00+02:00;69,000;1,000;MESURE
2025-08-25 00:00:00+02:00;69,000;1,000;MESURE
2025-08-25 01:00:00+02:00;69,000;1,000;MESURE
2025-08-25 02:00:00+02:00;68,000;1,000;MESURE
2025-08-25 03:00:00+02:00;69,000;1,000;MESURE
2025-08-25 04:00:00+02:00;69,000;1,000;MESURE
2025-08-25 05:00:00+02:00;69,000;1,000;MESURE
2025-08-25 06:00:00+02:00;79,000;1,000;MESURE
2025-08-25 07:00:00+02:00;93,000;1,000;MESURE
2025-08-25 08:00:00+02:00;93,000;1,000;MESURE
2025-08-25 09:00:00+02:00;96,000;1,000;MESURE
2025-08-25 10:00:00+02:00;95,000;1,000;MESURE
2025-08-25 11:00:00+02:00;2893,000;1,000;MESURE
2025-08-25 12:00:00+02:00;97,000;1,000;MESURE
2025-08-25 13:00:00+02:00;98,000;1,000;MESURE
2025-08-25 14:00:00+02:00;96,000;1,000;MESURE
2025-08-25 15:00:00+02:00;96,000;1,000;MESURE
2025-08-25 16:00:00+02:00;94,000;1,000;MESURE
2025-08-25 17:00:00+02:00;93,000;1,000;MESURE
2025-08-25 18:00:00+02:00;82,000;1,000;MESURE
2025-08-25 19:00:00+02:00;4509,000;1,000;MESURE
2025-08-25 20:00:00+02:00;11521,000;1,000;MESURE
2025-08-25 21:00:00+02:00;2368,000;1,000;MESURE
2025-08-25 22:00:00+02:00;68,000;1,000;MESURE
2025-08-25 23:00:00+02:00;69,000;1,000;MESURE
2025-08-26 00:00:00+02:00;68,000;1,000;MESURE
2025-08-26 01:00:00+02:00;69,000;1,000;MESURE
2025-08-26 02:00:00+02:00;69,000;1,000;MESURE
2025-08-26 03:00:00+02:00;69,000;1,000;MESURE
2025-08-26 04:00:00+02:00;69,000;1,000;MESURE
2025-08-26 05:00:00+02:00;4229,000;1,000;MESURE
2025-08-26 06:00:00+02:00;7133,000;1,000;MESURE
2025-08-26 07:00:00+02:00;7153,000;1,000;MESURE
2025-08-26 08:00:00+02:00;932,000;1,000;MESURE
2025-08-26 09:00:00+02:00;98,000;1,000;MESURE
2025-08-26 10:00:00+02:00;94,000;1,000;MESURE
2025-08-26 11:00:00+02:00;96,000;1,000;MESURE
2025-08-26 12:00:00+02:00;97,000;1,000;MESURE
2025-08-26 13:00:00+02:00;98,000;1,000;MESURE
2025-08-26 14:00:00+02:00;98,000;1,000;MESURE
2025-08-26 15:00:00+02:00;97,000;1,000;MESURE
2025-08-26 16:00:00+02:00;99,000;1,000;MESURE
2025-08-26 17:00:00+02:00;3825,000;1,000;MESURE
2025-08-26 18:00:00+02:00;7043,000;1,000;MESURE
2025-08-26 19:00:00+02:00;6672,000;1,000;MESURE
2025-08-26 20:00:00+02:00;12771,000;1,000;MESURE
2025-08-26 21:00:00+02:00;11800,000;1,000;MESURE
2025-08-26 22:00:00+02:00;11553,000;1,000;MESURE
2025-08-26 23:00:00+02:00;11549,000;1,000;MESURE
2025-08-27 00:00:00+02:00;606,000;1,000;MESURE
2025-08-27 01:00:00+02:00;73,000;1,000;MESURE
2025-08-27 02:00:00+02:00;73,000;1,000;MESURE
2025-08-27 03:00:00+02:00;74,000;1,000;MESURE
2025-08-27 04:00:00+02:00;73,000;1,000;MESURE
2025-08-27 05:00:00+02:00;73,000;1,000;MESURE
2025-08-27 06:00:00+02:00;83,000;1,000;MESURE
2025-08-27 07:00:00+02:00;94,000;1,000;MESURE
2025-08-27 08:00:00+02:00;94,000;1,000;MESURE
2025-08-27 09:00:00+02:00;94,000;1,000;MESURE
2025-08-27 10:00:00+02:00;97,000;1,000;MESURE
2025-08-27 11:00:00+02:00;95,000;1,000;MESURE
2025-08-27 12:00:00+02:00;97,000;1,000;MESURE
2025-08-27 13:00:00+02:00;97,000;1,000;MESURE
2025-08-27 14:00:00+02:00;98,000;1,000;MESURE
2025-08-27 15:00:00+02:00;98,000;1,000;MESURE
2025-08-27 16:00:00+02:00;97,000;1,000;MESURE
2025-08-27 17:00:00+02:00;98,000;1,000;MESURE
2025-08-27 18:00:00+02:00;84,000;1,000;MESURE
2025-08-27 19:00:00+02:00;69,000;1,000;MESURE
2025-08-27 20:00:00+02:00;69,000;1,000;MESURE
2025-08-27 21:00:00+02:00;69,000;1,000;MESURE
2025-08-27 22:00:00+02:00;68,000;1,000;MESURE
2025-08-27 23:00:00+02:00;69,000;1,000;MESURE
2025-08-28 00:00:00+02:00;73,000;1,000;MESURE
2025-08-28 01:00:00+02:00;73,000;1,000;MESURE
2025-08-28 02:00:00+02:00;73,000;1,000;MESURE
2025-08-28 03:00:00+02:00;74,000;1,000;MESURE
2025-08-28 04:00:00+02:00;73,000;1,000;MESURE
2025-08-28 05:00:00+02:00;73,000;1,000;MESURE
2025-08-28 06:00:00+02:00;85,000;1,000;MESURE
2025-08-28 07:00:00+02:00;93,000;1,000;MESURE
2025-08-28 08:00:00+02:00;94,000;1,000;MESURE
2025-08-28 09:00:00+02:00;94,000;1,000;MESURE
2025-08-28 10:00:00+02:00;94,000;1,000;MESURE
2025-08-28 11:00:00+02:00;6104,000;1,000;MESURE
2025-08-28 12:00:00+02:00;9539,000;1,000;MESURE
2025-08-28 13:00:00+02:00;3071,000;1,000;MESURE
2025-08-28 14:00:00+02:00;133,000;1,000;MESURE
2025-08-28 15:00:00+02:00;96,000;1,000;MESURE
2025-08-28 16:00:00+02:00;98,000;1,000;MESURE
2025-08-28 17:00:00+02:00;98,000;1,000;MESURE
2025-08-28 18:00:00+02:00;83,000;1,000;MESURE
2025-08-28 19:00:00+02:00;69,000;1,000;MESURE
2025-08-28 20:00:00+02:00;73,000;1,000;MESURE
2025-08-28 21:00:00+02:00;78,000;1,000;MESURE
2025-08-28 22:00:00+02:00;77,000;1,000;MESURE
2025-08-28 23:00:00+02:00;79,000;1,000;MESURE
2025-08-29 00:00:00+02:00;77,000;1,000;MESURE
2025-08-29 01:00:00+02:00;78,000;1,000;MESURE
2025-08-29 02:00:00+02:00;78,000;1,000;MESURE
2025-08-29 03:00:00+02:00;78,000;1,000;MESURE
2025-08-29 04:00:00+02:00;79,000;1,000;MESURE
2025-08-29 05:00:00+02:00;78,000;1,000;MESURE
2025-08-29 06:00:00+02:00;85,000;1,000;MESURE
2025-08-29 07:00:00+02:00;93,000;1,000;MESURE
2025-08-29 08:00:00+02:00;94,000;1,000;MESURE
2025-08-29 09:00:00+02:00;97,000;1,000;MESURE
2025-08-29 10:00:00+02:00;96,000;1,000;MESURE
2025-08-29 11:00:00+02:00;96,000;1,000;MESURE
2025-08-29 12:00:00+02:00;96,000;1,000;MESURE
2025-08-29 13:00:00+02:00;95,000;1,000;MESURE
2025-08-29 14:00:00+02:00;95,000;1,000;MESURE
2025-08-29 15:00:00+02:00;96,000;1,000;MESURE
2025-08-29 16:00:00+02:00;95,000;1,000;MESURE
2025-08-29 17:00:00+02:00;14458,000;1,000;MESURE
2025-08-29 18:00:00+02:00;14147,000;1,000;MESURE
2025-08-29 19:00:00+02:00;744,000;1,000;MESURE
2025-08-29 20:00:00+02:00;68,000;1,000;MESURE
2025-08-29 21:00:00+02:00;69,000;1,000;MESURE
2025-08-29 22:00:00+02:00;2740,000;1,000;MESURE
2025-08-29 23:00:00+02:00;3795,000;1,000;MESURE
2025-08-30 00:00:00+02:00;404,000;1,000;MESURE
2025-08-30 01:00:00+02:00;74,000;1,000;MESURE
2025-08-30 02:00:00+02:00;73,000;1,000;MESURE
2025-08-30 03:00:00+02:00;74,000;1,000;MESURE
2025-08-30 04:00:00+02:00;74,000;1,000;MESURE
2025-08-30 05:00:00+02:00;74,000;1,000;MESURE
2025-08-30 06:00:00+02:00;73,000;1,000;MESURE
2025-08-30 07:00:00+02:00;70,000;1,000;MESURE
2025-08-30 08:00:00+02:00;71,000;1,000;MESURE
2025-08-30 09:00:00+02:00;70,000;1,000;MESURE
2025-08-30 10:00:00+02:00;70,000;1,000;MESURE
2025-08-30 11:00:00+02:00;70,000;1,000;MESURE
2025-08-30 12:00:00+02:00;70,000;1,000;MESURE
2025-08-30 13:00:00+02:00;69,000;1,000;MESURE
2025-08-30 14:00:00+02:00;69,000;1,000;MESURE
2025-08-30 15:00:00+02:00;69,000;1,000;MESURE
2025-08-30 16:00:00+02:00;70,000;1,000;MESURE
2025-08-30 17:00:00+02:00;70,000;1,000;MESURE
2025-08-30 18:00:00+02:00;8249,000;1,000;MESURE
2025-08-30 19:00:00+02:00;11500,000;1,000;MESURE
2025-08-30 20:00:00+02:00;3638,000;1,000;MESURE
2025-08-30 21:00:00+02:00;68,000;1,000;MESURE
2025-08-30 22:00:00+02:00;69,000;1,000;MESURE
2025-08-30 23:00:00+02:00;69,000;1,000;MESURE
2025-08-31 00:00:00+02:00;69,000;1,000;MESURE
2025-08-31 01:00:00+02:00;69,000;1,000;MESURE
2025-08-31 02:00:00+02:00;69,000;1,000;MESURE
2025-08-31 03:00:00+02:00;69,000;1,000;MESURE
2025-08-31 04:00:00+02:00;69,000;1,000;MESURE
2025-08-31 05:00:00+02:00;69,000;1,000;MESURE
2025-08-31 06:00:00+02:00;70,000;1,000;MESURE
2025-08-31 07:00:00+02:00;69,000;1,000;MESURE
2025-08-31 08:00:00+02:00;70,000;1,000;MESURE
2025-08-31 09:00:00+02:00;69,000;1,000;MESURE
2025-08-31 10:00:00+02:00;69,000;1,000;MESURE
2025-08-31 11:00:00+02:00;69,000;1,000;MESURE
2025-08-31 12:00:00+02:00;68,000;1,000;MESURE
2025-08-31 13:00:00+02:00;69,000;1,000;MESURE
2025-08-31 14:00:00+02:00;69,000;1,000;MESURE
2025-08-31 15:00:00+02:00;15036,000;1,000;MESURE
2025-08-31 16:00:00+02:00;18084,000;1,000;MESURE
2025-08-31 17:00:00+02:00;14595,000;1,000;MESURE
2025-08-31 18:00:00+02:00;11877,000;1,000;MESURE
2025-08-31 19:00:00+02:00;4062,000;1,000;MESURE
2025-08-31 20:00:00+02:00;11424,000;1,000;MESURE
2025-08-31 21:00:00+02:00;11448,000;1,000;MESURE
2025-08-31 22:00:00+02:00;1129,000;1,000;MESURE
2025-08-31 23:00:00+02:00;69,000;1,000;MESURE
2025-09-01 00:00:00+02:00;73,000;1,000;MESURE
2025-09-01 01:00:00+02:00;74,000;1,000;MESURE
2025-09-01 02:00:00+02:00;73,000;1,000;MESURE
2025-09-01 03:00:00+02:00;74,000;1,000;MESURE
2025-09-01 04:00:00+02:00;73,000;1,000;MESURE
2025-09-01 05:00:00+02:00;74,000;1,000;MESURE
2025-09-01 06:00:00+02:00;84,000;1,000;MESURE
2025-09-01 07:00:00+02:00;94,000;1,000;MESURE
2025-09-01 08:00:00+02:00;93,000;1,000;MESURE
2025-09-01 09:00:00+02:00;19269,000;1,000;MESURE
2025-09-01 10:00:00+02:00;23213,000;1,000;MESURE
2025-09-01 11:00:00+02:00;23248,000;1,000;MESURE
2025-09-01 12:00:00+02:00;10033,000;1,000;MESURE
2025-09-01 13:00:00+02:00;97,000;1,000;MESURE
2025-09-01 14:00:00+02:00;96,000;1,000;MESURE
2025-09-01 15:00:00+02:00;96,000;1,000;MESURE
2025-09-01 16:00:00+02:00;96,000;1,000;MESURE
2025-09-01 17:00:00+02:00;93,000;1,000;MESURE
2025-09-01 18:00:00+02:00;83,000;1,000;MESURE
2025-09-01 19:00:00+02:00;69,000;1,000;MESURE
2025-09-01 20:00:00+02:00;69,000;1,000;MESURE
2025-09-01 21:00:00+02:00;69,000;1,000;MESURE
2025-09-01 22:00:00+02:00;70,000;1,000;MESURE
2025-09-01 23:00:00+02:00;69,000;1,000;MESURE
2025-09-02 00:00:00+02:00;73,000;1,000;MESURE
2025-09-02 01:00:00+02:00;74,000;1,000;MESURE
2025-09-02 02:00:00+02:00;74,000;1,000;MESURE
2025-09-02 03:00:00+02:00;73,000;1,000;MESURE
2025-09-02 04:00:00+02:00;74,000;1,000;MESURE
2025-09-02 05:00:00+02:00;74,000;1,000;MESURE
2025-09-02 06:00:00+02:00;84,000;1,000;MESURE
2025-09-02 07:00:00+02:00;93,000;1,000;MESURE
2025-09-02 08:00:00+02:00;95,000;1,000;MESURE
2025-09-02 09:00:00+02:00;95,000;1,000;MESURE
2025-09-02 10:00:00+02:00;96,000;1,000;MESURE
2025-09-02 11:00:00+02:00;96,000;1,000;MESURE
2025-09-02 12:00:00+02:00;98,000;1,000;MESURE
2025-09-02 13:00:00+02:00;98,000;1,000;MESURE
2025-09-02 14:00:00+02:00;94,000;1,000;MESURE
2025-09-02 15:00:00+02:00;96,000;1,000;MESURE
2025-09-02 16:00:00+02:00;96,000;1,000;MESURE
2025-09-02 17:00:00+02:00;94,000;1,000;MESURE
2025-09-02 18:00:00+02:00;82,000;1,000;MESURE
2025-09-02 19:00:00+02:00;7015,000;1,000;MESURE
2025-09-02 20:00:00+02:00;7255,000;1,000;MESURE
2025-09-02 21:00:00+02:00;7303,000;1,000;MESURE
2025-09-02 22:00:00+02:00;7331,000;1,000;MESURE
2025-09-02 23:00:00+02:00;7372,000;1,000;MESURE
2025-09-03 00:00:00+02:00;7392,000;1,000;MESURE
2025-09-03 01:00:00+02:00;7390,000;1,000;MESURE
2025-09-03 02:00:00+02:00;3333,000;1,000;MESURE
2025-09-03 03:00:00+02:00;68,000;1,000;MESURE
2025-09-03 04:00:00+02:00;68,000;1,000;MESURE
2025-09-03 05:00:00+02:00;68,000;1,000;MESURE
2025-09-03 06:00:00+02:00;79,000;1,000;MESURE
2025-09-03 07:00:00+02:00;93,000;1,000;MESURE
2025-09-03 08:00:00+02:00;1920,000;1,000;MESURE
2025-09-03 09:00:00+02:00;7303,000;1,000;MESURE
2025-09-03 10:00:00+02:00;7324,000;1,000;MESURE
2025-09-03 11:00:00+02:00;7213,000;1,000;MESURE
2025-09-03 12:00:00+02:00;316,000;1,000;MESURE
2025-09-03 13:00:00+02:00;96,000;1,000;MESURE
2025-09-03 14:00:00+02:00;97,000;1,000;MESURE
2025-09-03 15:00:00+02:00;97,000;1,000;MESURE
2025-09-03 16:00:00+02:00;98,000;1,000;MESURE
2025-09-03 17:00:00+02:00;98,000;1,000;MESURE
2025-09-03 18:00:00+02:00;83,000;1,000;MESURE
2025-09-03 19:00:00+02:00;69,000;1,000;MESURE
2025-09-03 20:00:00+02:00;69,000;1,000;MESURE
2025-09-03 21:00:00+02:00;68,000;1,000;MESURE
2025-09-03 22:00:00+02:00;4239,000;1,000;MESURE
2025-09-03 23:00:00+02:00;7370,000;1,000;MESURE
2025-09-04 00:00:00+02:00;7359,000;1,000;MESURE
2025-09-04 01:00:00+02:00;7364,000;1,000;MESURE
2025-09-04 02:00:00+02:00;7373,000;1,000;MESURE
2025-09-04 03:00:00+02:00;7346,000;1,000;MESURE
2025-09-04 04:00:00+02:00;7355,000;1,000;MESURE
2025-09-04 05:00:00+02:00;1337,000;1,000;MESURE
2025-09-04 06:00:00+02:00;79,000;1,000;MESURE
2025-09-04 07:00:00+02:00;93,000;1,000;MESURE
2025-09-04 08:00:00+02:00;94,000;1,000;MESURE
2025-09-04 09:00:00+02:00;95,000;1,000;MESURE
2025-09-04 10:00:00+02:00;96,000;1,000;MESURE
2025-09-04 11:00:00+02:00;10159,000;1,000;MESURE
2025-09-04 12:00:00+02:00;117,000;1,000;MESURE
2025-09-04 13:00:00+02:00;98,000;1,000;MESURE
2025-09-04 14:00:00+02:00;96,000;1,000;MESURE
2025-09-04 15:00:00+02:00;95,000;1,000;MESURE
2025-09-04 16:00:00+02:00;93,000;1,000;MESURE
2025-09-04 17:00:00+02:00;95,000;1,000;MESURE
2025-09-04 18:00:00+02:00;103,000;1,000;MESURE
2025-09-04 19:00:00+02:00;311,000;1,000;MESURE
2025-09-04 20:00:00+02:00;4652,000;1,000;MESURE
2025-09-04 21:00:00+02:00;1984,000;1,000;MESURE
2025-09-04 22:00:00+02:00;69,000;1,000;MESURE
2025-09-04 23:00:00+02:00;70,000;1,000;MESURE
2025-09-05 00:00:00+02:00;74,000;1,000;MESURE
2025-09-05 01:00:00+02:00;74,000;1,000;MESURE
2025-09-05 02:00:00+02:00;10726,000;1,000;MESURE
2025-09-05 03:00:00+02:00;8961,000;1,000;MESURE
2025-09-05 04:00:00+02:00;74,000;1,000;MESURE
2025-09-05 05:00:00+02:00;74,000;1,000;MESURE
2025-09-05 06:00:00+02:00;84,000;1,000;MESURE
2025-09-05 07:00:00+02:00;95,000;1,000;MESURE
2025-09-05 08:00:00+02:00;93,000;1,000;MESURE
2025-09-05 09:00:00+02:00;94,000;1,000;MESURE
2025-09-05 10:00:00+02:00;97,000;1,000;MESURE
2025-09-05 11:00:00+02:00;96,000;1,000;MESURE
2025-09-05 12:00:00+02:00;98,000;1,000;MESURE
2025-09-05 13:00:00+02:00;97,000;1,000;MESURE
2025-09-05 14:00:00+02:00;95,000;1,000;MESURE
2025-09-05 15:00:00+02:00;97,000;1,000;MESURE
2025-09-05 16:00:00+02:00;94,000;1,000;MESURE
2025-09-05 17:00:00+02:00;97,000;1,000;MESURE
2025-09-05 18:00:00+02:00;82,000;1,000;MESURE
2025-09-05 19:00:00+02:00;70,000;1,000;MESURE
2025-09-05 20:00:00+02:00;68,000;1,000;MESURE
2025-09-05 21:00:00+02:00;69,000;1,000;MESURE
2025-09-05 22:00:00+02:00;69,000;1,000;MESURE
2025-09-05 23:00:00+02:00;69,000;1,000;MESURE
2025-09-06 00:00:00+02:00;71,000;1,000;MESURE
2025-09-06 01:00:00+02:00;71,000;1,000;MESURE
2025-09-06 02:00:00+02:00;71,000;1,000;MESURE
2025-09-06 03:00:00+02:00;72,000;1,000;MESURE
2025-09-06 04:00:00+02:00;71,000;1,000;MESURE
2025-09-06 05:00:00+02:00;72,000;1,000;MESURE
2025-09-06 06:00:00+02:00;71,000;1,000;MESURE
2025-09-06 07:00:00+02:00;69,000;1,000;MESURE
2025-09-06 08:00:00+02:00;256,000;1,000;MESURE
2025-09-06 09:00:00+02:00;4456,000;1,000;MESURE
2025-09-06 10:00:00+02:00;69,000;1,000;MESURE
2025-09-06 11:00:00+02:00;68,000;1,000;MESURE
2025-09-06 12:00:00+02:00;5270,000;1,000;MESURE
2025-09-06 13:00:00+02:00;11371,000;1,000;MESURE
2025-09-06 14:00:00+02:00;3628,000;1,000;MESURE
2025-09-06 15:00:00+02:00;71,000;1,000;MESURE
2025-09-06 16:00:00+02:00;71,000;1,000;MESURE
2025-09-06 17:00:00+02:00;69,000;1,000;MESURE
2025-09-06 18:00:00+02:00;69,000;1,000;MESURE
2025-09-06 19:00:00+02:00;69,000;1,000;MESURE
2025-09-06 20:00:00+02:00;69,000;1,000;MESURE
2025-09-06 21:00:00+02:00;68,000;1,000;MESURE
2025-09-06 22:00:00+02:00;69,000;1,000;MESURE
2025-09-06 23:00:00+02:00;69,000;1,000;MESURE
2025-09-07 00:00:00+02:00;69,000;1,000;MESURE
2025-09-07 01:00:00+02:00;69,000;1,000;MESURE
2025-09-07 02:00:00+02:00;69,000;1,000;MESURE
2025-09-07 03:00:00+02:00;69,000;1,000;MESURE
2025-09-07 04:00:00+02:00;69,000;1,000;MESURE
2025-09-07 05:00:00+02:00;69,000;1,000;MESURE
2025-09-07 06:00:00+02:00;69,000;1,000;MESURE
2025-09-07 07:00:00+02:00;70,000;1,000;MESURE
2025-09-07 08:00:00+02:00;69,000;1,000;MESURE
2025-09-07 09:00:00+02:00;69,000;1,000;MESURE
2025-09-07 10:00:00+02:00;69,000;1,000;MESURE
2025-09-07 11:00:00+02:00;1568,000;1,000;MESURE
2025-09-07 12:00:00+02:00;1534,000;1,000;MESURE
2025-09-07 13:00:00+02:00;1431,000;1,000;MESURE
2025-09-07 14:00:00+02:00;7090,000;1,000;MESURE
2025-09-07 15:00:00+02:00;7108,000;1,000;MESURE
2025-09-07 16:00:00+02:00;7085,000;1,000;MESURE
2025-09-07 17:00:00+02:00;7130,000;1,000;MESURE
2025-09-07 18:00:00+02:00;4803,000;1,000;MESURE
2025-09-07 19:00:00+02:00;8716,000;1,000;MESURE
2025-09-07 20:00:00+02:00;7621,000;1,000;MESURE
2025-09-07 21:00:00+02:00;7621,000;1,000;MESURE
2025-09-07 22:00:00+02:00;1950,000;1,000;MESURE
2025-09-07 23:00:00+02:00;69,000;1,000;MESURE
2025-09-08 00:00:00+02:00;68,000;1,000;MESURE
2025-09-08 01:00:00+02:00;69,000;1,000;MESURE
2025-09-08 02:00:00+02:00;69,000;1,000;MESURE
2025-09-08 03:00:00+02:00;69,000;1,000;MESURE
2025-09-08 04:00:00+02:00;69,000;1,000;MESURE
2025-09-08 05:00:00+02:00;70,000;1,000;MESURE
2025-09-08 06:00:00+02:00;79,000;1,000;MESURE
2025-09-08 07:00:00+02:00;94,000;1,000;MESURE
2025-09-08 08:00:00+02:00;94,000;1,000;MESURE
2025-09-08 09:00:00+02:00;94,000;1,000;MESURE
2025-09-08 10:00:00+02:00;95,000;1,000;MESURE
2025-09-08 11:00:00+02:00;94,000;1,000;MESURE
2025-09-08 12:00:00+02:00;8987,000;1,000;MESURE
2025-09-08 13:00:00+02:00;6107,000;1,000;MESURE
2025-09-08 14:00:00+02:00;94,000;1,000;MESURE
2025-09-08 15:00:00+02:00;95,000;1,000;MESURE
2025-09-08 16:00:00+02:00;94,000;1,000;MESURE
2025-09-08 17:00:00+02:00;94,000;1,000;MESURE
2025-09-08 18:00:00+02:00;83,000;1,000;MESURE
2025-09-08 19:00:00+02:00;68,000;1,000;MESURE
2025-09-08 20:00:00+02:00;69,000;1,000;MESURE
2025-09-08 21:00:00+02:00;69,000;1,000;MESURE
2025-09-08 22:00:00+02:00;69,000;1,000;MESURE
2025-09-08 23:00:00+02:00;68,000;1,000;MESURE
2025-09-09 00:00:00+02:00;69,000;1,000;MESURE
2025-09-09 01:00:00+02:00;72,000;1,000;MESURE
2025-09-09 02:00:00+02:00;74,000;1,000;MESURE
2025-09-09 03:00:00+02:00;73,000;1,000;MESURE
2025-09-09 04:00:00+02:00;74,000;1,000;MESURE
2025-09-09 05:00:00+02:00;73,000;1,000;MESURE
2025-09-09 06:00:00+02:00;85,000;1,000;MESURE
2025-09-09 07:00:00+02:00;93,000;1,000;MESURE
2025-09-09 08:00:00+02:00;96,000;1,000;MESURE
2025-09-09 09:00:00+02:00;95,000;1,000;MESURE
2025-09-09 10:00:00+02:00;97,000;1,000;MESURE
2025-09-09 11:00:00+02:00;95,000;1,000;MESURE
2025-09-09 12:00:00+02:00;98,000;1,000;MESURE
2025-09-09 13:00:00+02:00;98,000;1,000;MESURE
2025-09-09 14:00:00+02:00;97,000;1,000;MESURE
2025-09-09 15:00:00+02:00;96,000;1,000;MESURE
2025-09-09 16:00:00+02:00;97,000;1,000;MESURE
2025-09-09 17:00:00+02:00;96,000;1,000;MESURE
2025-09-09 18:00:00+02:00;83,000;1,000;MESURE
2025-09-09 19:00:00+02:00;68,000;1,000;MESURE
2025-09-09 20:00:00+02:00;69,000;1,000;MESURE
2025-09-09 21:00:00+02:00;69,000;1,000;MESURE
2025-09-09 22:00:00+02:00;68,000;1,000;MESURE
2025-09-09 23:00:00+02:00;69,000;1,000;MESURE
2025-09-10 00:00:00+02:00;69,000;1,000;MESURE
2025-09-10 01:00:00+02:00;69,000;1,000;MESURE
2025-09-10 02:00:00+02:00;69,000;1,000;MESURE
2025-09-10 03:00:00+02:00;69,000;1,000;MESURE
2025-09-10 04:00:00+02:00;69,000;1,000;MESURE
2025-09-10 05:00:00+02:00;69,000;1,000;MESURE
2025-09-10 06:00:00+02:00;80,000;1,000;MESURE
2025-09-10 07:00:00+02:00;93,000;1,000;MESURE
2025-09-10 08:00:00+02:00;93,000;1,000;MESURE
2025-09-10 09:00:00+02:00;95,000;1,000;MESURE
2025-09-10 10:00:00+02:00;95,000;1,000;MESURE
2025-09-10 11:00:00+02:00;94,000;1,000;MESURE
2025-09-10 12:00:00+02:00;11510,000;1,000;MESURE
2025-09-10 13:00:00+02:00;544,000;1,000;MESURE
2025-09-10 14:00:00+02:00;97,000;1,000;MESURE
2025-09-10 15:00:00+02:00;97,000;1,000;MESURE
2025-09-10 16:00:00+02:00;4347,000;1,000;MESURE
2025-09-10 17:00:00+02:00;3102,000;1,000;MESURE
2025-09-10 18:00:00+02:00;83,000;1,000;MESURE
2025-09-10 19:00:00+02:00;69,000;1,000;MESURE
2025-09-10 20:00:00+02:00;68,000;1,000;MESURE
2025-09-10 21:00:00+02:00;69,000;1,000;MESURE
2025-09-10 22:00:00+02:00;69,000;1,000;MESURE
2025-09-10 23:00:00+02:00;69,000;1,000;MESURE
2025-09-11 00:00:00+02:00;73,000;1,000;MESURE
2025-09-11 01:00:00+02:00;73,000;1,000;MESURE
2025-09-11 02:00:00+02:00;74,000;1,000;MESURE
2025-09-11 03:00:00+02:00;74,000;1,000;MESURE
2025-09-11 04:00:00+02:00;73,000;1,000;MESURE
2025-09-11 05:00:00+02:00;74,000;1,000;MESURE
2025-09-11 06:00:00+02:00;84,000;1,000;MESURE
2025-09-11 07:00:00+02:00;93,000;1,000;MESURE
2025-09-11 08:00:00+02:00;94,000;1,000;MESURE
2025-09-11 09:00:00+02:00;94,000;1,000;MESURE
2025-09-11 10:00:00+02:00;96,000;1,000;MESURE
2025-09-11 11:00:00+02:00;95,000;1,000;MESURE
2025-09-11 12:00:00+02:00;94,000;1,000;MESURE
2025-09-11 13:00:00+02:00;95,000;1,000;MESURE
2025-09-11 14:00:00+02:00;92,000;1,000;MESURE
2025-09-11 15:00:00+02:00;93,000;1,000;MESURE
2025-09-11 16:00:00+02:00;94,000;1,000;MESURE
2025-09-11 17:00:00+02:00;1017,000;1,000;MESURE
2025-09-11 18:00:00+02:00;11589,000;1,000;MESURE
2025-09-11 19:00:00+02:00;11531,000;1,000;MESURE
2025-09-11 20:00:00+02:00;11503,000;1,000;MESURE
2025-09-11 21:00:00+02:00;8133,000;1,000;MESURE
2025-09-11 22:00:00+02:00;69,000;1,000;MESURE
2025-09-11 23:00:00+02:00;69,000;1,000;MESURE
2025-09-12 00:00:00+02:00;69,000;1,000;MESURE
2025-09-12 01:00:00+02:00;69,000;1,000;MESURE
2025-09-12 02:00:00+02:00;68,000;1,000;MESURE
2025-09-12 03:00:00+02:00;72,000;1,000;MESURE
2025-09-12 04:00:00+02:00;74,000;1,000;MESURE
2025-09-12 05:00:00+02:00;73,000;1,000;MESURE
2025-09-12 06:00:00+02:00;84,000;1,000;MESURE
2025-09-12 07:00:00+02:00;94,000;1,000;MESURE
2025-09-12 08:00:00+02:00;93,000;1,000;MESURE
2025-09-12 09:00:00+02:00;805,000;1,000;MESURE
2025-09-12 10:00:00+02:00;97,000;1,000;MESURE
2025-09-12 11:00:00+02:00;94,000;1,000;MESURE
2025-09-12 12:00:00+02:00;97,000;1,000;MESURE
2025-09-12 13:00:00+02:00;93,000;1,000;MESURE
2025-09-12 14:00:00+02:00;92,000;1,000;MESURE
2025-09-12 15:00:00+02:00;95,000;1,000;MESURE
2025-09-12 16:00:00+02:00;96,000;1,000;MESURE
2025-09-12 17:00:00+02:00;96,000;1,000;MESURE
2025-09-12 18:00:00+02:00;82,000;1,000;MESURE
2025-09-12 19:00:00+02:00;69,000;1,000;MESURE
2025-09-12 20:00:00+02:00;69,000;1,000;MESURE
2025-09-12 21:00:00+02:00;68,000;1,000;MESURE
2025-09-12 22:00:00+02:00;69,000;1,000;MESURE
2025-09-12 23:00:00+02:00;67,000;1,000;MESURE
2025-09-13 00:00:00+02:00;69,000;1,000;MESURE
2025-09-13 01:00:00+02:00;69,000;1,000;MESURE
2025-09-13 02:00:00+02:00;70,000;1,000;MESURE
2025-09-13 03:00:00+02:00;71,000;1,000;MESURE
2025-09-13 04:00:00+02:00;71,000;1,000;MESURE
2025-09-13 05:00:00+02:00;71,000;1,000;MESURE
2025-09-13 06:00:00+02:00;71,000;1,000;MESURE
2025-09-13 07:00:00+02:00;69,000;1,000;MESURE
2025-09-13 08:00:00+02:00;69,000;1,000;MESURE
2025-09-13 09:00:00+02:00;69,000;1,000;MESURE
2025-09-13 10:00:00+02:00;69,000;1,000;MESURE
2025-09-13 11:00:00+02:00;3132,000;1,000;MESURE
2025-09-13 12:00:00+02:00;15200,000;1,000;MESURE
2025-09-13 13:00:00+02:00;17426,000;1,000;MESURE
2025-09-13 14:00:00+02:00;1262,000;1,000;MESURE
2025-09-13 15:00:00+02:00;70,000;1,000;MESURE
2025-09-13 16:00:00+02:00;6756,000;1,000;MESURE
2025-09-13 17:00:00+02:00;6192,000;1,000;MESURE
2025-09-13 18:00:00+02:00;69,000;1,000;MESURE
2025-09-13 19:00:00+02:00;69,000;1,000;MESURE
2025-09-13 20:00:00+02:00;75,000;1,000;MESURE
2025-09-13 21:00:00+02:00;76,000;1,000;MESURE
2025-09-13 22:00:00+02:00;75,000;1,000;MESURE
2025-09-13 23:00:00+02:00;76,000;1,000;MESURE
2025-09-14 00:00:00+02:00;78,000;1,000;MESURE
2025-09-14 01:00:00+02:00;78,000;1,000;MESURE
2025-09-14 02:00:00+02:00;77,000;1,000;MESURE
2025-09-14 03:00:00+02:00;78,000;1,000;MESURE
2025-09-14 04:00:00+02:00;78,000;1,000;MESURE
2025-09-14 05:00:00+02:00;78,000;1,000;MESURE
2025-09-14 06:00:00+02:00;78,000;1,000;MESURE
2025-09-14 07:00:00+02:00;70,000;1,000;MESURE
2025-09-14 08:00:00+02:00;69,000;1,000;MESURE
2025-09-14 09:00:00+02:00;69,000;1,000;MESURE
2025-09-14 10:00:00+02:00;6810,000;1,000;MESURE
2025-09-14 11:00:00+02:00;5322,000;1,000;MESURE
2025-09-14 12:00:00+02:00;68,000;1,000;MESURE
2025-09-14 13:00:00+02:00;68,000;1,000;MESURE
2025-09-14 14:00:00+02:00;68,000;1,000;MESURE
2025-09-14 15:00:00+02:00;1041,000;1,000;MESURE
2025-09-14 16:00:00+02:00;19109,000;1,000;MESURE
2025-09-14 17:00:00+02:00;19161,000;1,000;MESURE
2025-09-14 18:00:00+02:00;7995,000;1,000;MESURE
2025-09-14 19:00:00+02:00;68,000;1,000;MESURE
2025-09-14 20:00:00+02:00;69,000;1,000;MESURE
2025-09-14 21:00:00+02:00;68,000;1,000;MESURE
2025-09-14 22:00:00+02:00;3595,000;1,000;MESURE
2025-09-14 23:00:00+02:00;3556,000;1,000;MESURE
2025-09-15 00:00:00+02:00;69,000;1,000;MESURE
2025-09-15 01:00:00+02:00;68,000;1,000;MESURE
2025-09-15 02:00:00+02:00;69,000;1,000;MESURE
2025-09-15 03:00:00+02:00;69,000;1,000;MESURE
2025-09-15 04:00:00+02:00;69,000;1,000;MESURE
2025-09-15 05:00:00+02:00;68,000;1,000;MESURE
2025-09-15 06:00:00+02:00;75,000;1,000;MESURE
2025-09-15 07:00:00+02:00;81,000;1,000;MESURE
2025-09-15 08:00:00+02:00;82,000;1,000;MESURE
2025-09-15 09:00:00+02:00;3081,000;1,000;MESURE
2025-09-15 10:00:00+02:00;6942,000;1,000;MESURE
2025-09-15 11:00:00+02:00;13868,000;1,000;MESURE
2025-09-15 12:00:00+02:00;10549,000;1,000;MESURE
2025-09-15 13:00:00+02:00;82,000;1,000;MESURE
2025-09-15 14:00:00+02:00;83,000;1,000;MESURE
2025-09-15 15:00:00+02:00;83,000;1,000;MESURE
2025-09-15 16:00:00+02:00;83,000;1,000;MESURE
2025-09-15 17:00:00+02:00;4897,000;1,000;MESURE
2025-09-15 18:00:00+02:00;7283,000;1,000;MESURE
2025-09-15 19:00:00+02:00;1183,000;1,000;MESURE
2025-09-15 20:00:00+02:00;5548,000;1,000;MESURE
2025-09-15 21:00:00+02:00;2620,000;1,000;MESURE
2025-09-15 22:00:00+02:00;69,000;1,000;MESURE
2025-09-15 23:00:00+02:00;68,000;1,000;MESURE
2025-09-16 00:00:00+02:00;69,000;1,000;MESURE
2025-09-16 01:00:00+02:00;68,000;1,000;MESURE
2025-09-16 02:00:00+02:00;69,000;1,000;MESURE
2025-09-16 03:00:00+02:00;68,000;1,000;MESURE
2025-09-16 04:00:00+02:00;69,000;1,000;MESURE
2025-09-16 05:00:00+02:00;69,000;1,000;MESURE
2025-09-16 06:00:00+02:00;74,000;1,000;MESURE
2025-09-16 07:00:00+02:00;81,000;1,000;MESURE
2025-09-16 08:00:00+02:00;81,000;1,000;MESURE
2025-09-16 09:00:00+02:00;83,000;1,000;MESURE
2025-09-16 10:00:00+02:00;83,000;1,000;MESURE
2025-09-16 11:00:00+02:00;6793,000;1,000;MESURE
2025-09-16 12:00:00+02:00;19205,000;1,000;MESURE
2025-09-16 13:00:00+02:00;7396,000;1,000;MESURE
2025-09-16 14:00:00+02:00;7589,000;1,000;MESURE
2025-09-16 15:00:00+02:00;7621,000;1,000;MESURE
2025-09-16 16:00:00+02:00;2519,000;1,000;MESURE
2025-09-16 17:00:00+02:00;82,000;1,000;MESURE
2025-09-16 18:00:00+02:00;76,000;1,000;MESURE
2025-09-16 19:00:00+02:00;68,000;1,000;MESURE
2025-09-16 20:00:00+02:00;68,000;1,000;MESURE
2025-09-16 21:00:00+02:00;69,000;1,000;MESURE
2025-09-16 22:00:00+02:00;68,000;1,000;MESURE
2025-09-16 23:00:00+02:00;69,000;1,000;MESURE
2025-09-17 00:00:00+02:00;69,000;1,000;MESURE
2025-09-17 01:00:00+02:00;69,000;1,000;MESURE
2025-09-17 02:00:00+02:00;68,000;1,000;MESURE
2025-09-17 03:00:00+02:00;69,000;1,000;MESURE
2025-09-17 04:00:00+02:00;69,000;1,000;MESURE
2025-09-17 05:00:00+02:00;69,000;1,000;MESURE
2025-09-17 06:00:00+02:00;74,000;1,000;MESURE
2025-09-17 07:00:00+02:00;1382,000;1,000;MESURE
2025-09-17 08:00:00+02:00;10514,000;1,000;MESURE
2025-09-17 09:00:00+02:00;10512,000;1,000;MESURE
2025-09-17 10:00:00+02:00;4650,000;1,000;MESURE
2025-09-17 11:00:00+02:00;84,000;1,000;MESURE
2025-09-17 12:00:00+02:00;10245,000;1,000;MESURE
2025-09-17 13:00:00+02:00;13644,000;1,000;MESURE
2025-09-17 14:00:00+02:00;282,000;1,000;MESURE
2025-09-17 15:00:00+02:00;82,000;1,000;MESURE
2025-09-17 16:00:00+02:00;996,000;1,000;MESURE
2025-09-17 17:00:00+02:00;7214,000;1,000;MESURE
2025-09-17 18:00:00+02:00;7200,000;1,000;MESURE
2025-09-17 19:00:00+02:00;7311,000;1,000;MESURE
2025-09-17 20:00:00+02:00;7327,000;1,000;MESURE
2025-09-17 21:00:00+02:00;3890,000;1,000;MESURE
2025-09-17 22:00:00+02:00;69,000;1,000;MESURE
2025-09-17 23:00:00+02:00;69,000;1,000;MESURE
2025-09-18 00:00:00+02:00;68,000;1,000;MESURE
2025-09-18 01:00:00+02:00;69,000;1,000;MESURE
2025-09-18 02:00:00+02:00;69,000;1,000;MESURE
2025-09-18 03:00:00+02:00;69,000;1,000;MESURE
2025-09-18 04:00:00+02:00;69,000;1,000;MESURE
2025-09-18 05:00:00+02:00;69,000;1,000;MESURE
2025-09-18 06:00:00+02:00;74,000;1,000;MESURE
2025-09-18 07:00:00+02:00;81,000;1,000;MESURE
2025-09-18 08:00:00+02:00;81,000;1,000;MESURE
2025-09-18 09:00:00+02:00;84,000;1,000;MESURE
2025-09-18 10:00:00+02:00;82,000;1,000;MESURE
2025-09-18 11:00:00+02:00;83,000;1,000;MESURE
2025-09-18 12:00:00+02:00;5317,000;1,000;MESURE
2025-09-18 13:00:00+02:00;81,000;1,000;MESURE
2025-09-18 14:00:00+02:00;83,000;1,000;MESURE
2025-09-18 15:00:00+02:00;85,000;1,000;MESURE
2025-09-18 16:00:00+02:00;84,000;1,000;MESURE
2025-09-18 17:00:00+02:00;83,000;1,000;MESURE
2025-09-18 18:00:00+02:00;76,000;1,000;MESURE
2025-09-18 19:00:00+02:00;69,000;1,000;MESURE
2025-09-18 20:00:00+02:00;69,000;1,000;MESURE
2025-09-18 21:00:00+02:00;69,000;1,000;MESURE
2025-09-18 22:00:00+02:00;68,000;1,000;MESURE
2025-09-18 23:00:00+02:00;69,000;1,000;MESURE
2025-09-19 00:00:00+02:00;71,000;1,000;MESURE
2025-09-19 01:00:00+02:00;71,000;1,000;MESURE
2025-09-19 02:00:00+02:00;71,000;1,000;MESURE
2025-09-19 03:00:00+02:00;71,000;1,000;MESURE
2025-09-19 04:00:00+02:00;71,000;1,000;MESURE
2025-09-19 05:00:00+02:00;71,000;1,000;MESURE
2025-09-19 06:00:00+02:00;77,000;1,000;MESURE
2025-09-19 07:00:00+02:00;81,000;1,000;MESURE
2025-09-19 08:00:00+02:00;82,000;1,000;MESURE
2025-09-19 09:00:00+02:00;83,000;1,000;MESURE
2025-09-19 10:00:00+02:00;82,000;1,000;MESURE
2025-09-19 11:00:00+02:00;83,000;1,000;MESURE
2025-09-19 12:00:00+02:00;4453,000;1,000;MESURE
2025-09-19 13:00:00+02:00;1990,000;1,000;MESURE
2025-09-19 14:00:00+02:00;80,000;1,000;MESURE
2025-09-19 15:00:00+02:00;81,000;1,000;MESURE
2025-09-19 16:00:00+02:00;2176,000;1,000;MESURE
2025-09-19 17:00:00+02:00;7231,000;1,000;MESURE
2025-09-19 18:00:00+02:00;7252,000;1,000;MESURE
2025-09-19 19:00:00+02:00;940,000;1,000;MESURE
2025-09-19 20:00:00+02:00;5016,000;1,000;MESURE
2025-09-19 21:00:00+02:00;6551,000;1,000;MESURE
2025-09-19 22:00:00+02:00;68,000;1,000;MESURE
2025-09-19 23:00:00+02:00;69,000;1,000;MESURE
2025-09-20 00:00:00+02:00;68,000;1,000;MESURE
2025-09-20 01:00:00+02:00;69,000;1,000;MESURE
2025-09-20 02:00:00+02:00;69,000;1,000;MESURE
2025-09-20 03:00:00+02:00;68,000;1,000;MESURE
2025-09-20 04:00:00+02:00;69,000;1,000;MESURE
2025-09-20 05:00:00+02:00;69,000;1,000;MESURE
2025-09-20 06:00:00+02:00;68,000;1,000;MESURE
2025-09-20 07:00:00+02:00;69,000;1,000;MESURE
2025-09-20 08:00:00+02:00;69,000;1,000;MESURE
2025-09-20 09:00:00+02:00;69,000;1,000;MESURE
2025-09-20 10:00:00+02:00;6186,000;1,000;MESURE
2025-09-20 11:00:00+02:00;7514,000;1,000;MESURE
2025-09-20 12:00:00+02:00;13873,000;1,000;MESURE
2025-09-20 13:00:00+02:00;68,000;1,000;MESURE
2025-09-20 14:00:00+02:00;69,000;1,000;MESURE
2025-09-20 15:00:00+02:00;70,000;1,000;MESURE
2025-09-20 16:00:00+02:00;70,000;1,000;MESURE
2025-09-20 17:00:00+02:00;5246,000;1,000;MESURE
2025-09-20 18:00:00+02:00;11602,000;1,000;MESURE
2025-09-20 19:00:00+02:00;11654,000;1,000;MESURE
2025-09-20 20:00:00+02:00;11648,000;1,000;MESURE
2025-09-20 21:00:00+02:00;5009,000;1,000;MESURE
2025-09-20 22:00:00+02:00;68,000;1,000;MESURE
2025-09-20 23:00:00+02:00;68,000;1,000;MESURE
2025-09-21 00:00:00+02:00;69,000;1,000;MESURE
2025-09-21 01:00:00+02:00;68,000;1,000;MESURE
2025-09-21 02:00:00+02:00;69,000;1,000;MESURE
2025-09-21 03:00:00+02:00;68,000;1,000;MESURE
2025-09-21 04:00:00+02:00;69,000;1,000;MESURE
2025-09-21 05:00:00+02:00;69,000;1,000;MESURE
2025-09-21 06:00:00+02:00;68,000;1,000;MESURE
2025-09-21 07:00:00+02:00;69,000;1,000;MESURE
2025-09-21 08:00:00+02:00;69,000;1,000;MESURE
2025-09-21 09:00:00+02:00;357,000;1,000;MESURE
2025-09-21 10:00:00+02:00;3857,000;1,000;MESURE
2025-09-21 11:00:00+02:00;8566,000;1,000;MESURE
2025-09-21 12:00:00+02:00;14496,000;1,000;MESURE
2025-09-21 13:00:00+02:00;14151,000;1,000;MESURE
2025-09-21 14:00:00+02:00;2121,000;1,000;MESURE
2025-09-21 15:00:00+02:00;69,000;1,000;MESURE
2025-09-21 16:00:00+02:00;68,000;1,000;MESURE
2025-09-21 17:00:00+02:00;69,000;1,000;MESURE
2025-09-21 18:00:00+02:00;69,000;1,000;MESURE
2025-09-21 19:00:00+02:00;69,000;1,000;MESURE
2025-09-21 20:00:00+02:00;68,000;1,000;MESURE
2025-09-21 21:00:00+02:00;69,000;1,000;MESURE
2025-09-21 22:00:00+02:00;69,000;1,000;MESURE
2025-09-21 23:00:00+02:00;69,000;1,000;MESURE
2025-09-22 00:00:00+02:00;73,000;1,000;MESURE
2025-09-22 01:00:00+02:00;73,000;1,000;MESURE
2025-09-22 02:00:00+02:00;74,000;1,000;MESURE
2025-09-22 03:00:00+02:00;73,000;1,000;MESURE
2025-09-22 04:00:00+02:00;73,000;1,000;MESURE
2025-09-22 05:00:00+02:00;74,000;1,000;MESURE
2025-09-22 06:00:00+02:00;79,000;1,000;MESURE
2025-09-22 07:00:00+02:00;82,000;1,000;MESURE
2025-09-22 08:00:00+02:00;6698,000;1,000;MESURE
2025-09-22 09:00:00+02:00;7764,000;1,000;MESURE
2025-09-22 10:00:00+02:00;7728,000;1,000;MESURE
2025-09-22 11:00:00+02:00;6850,000;1,000;MESURE
2025-09-22 12:00:00+02:00;892,000;1,000;MESURE
2025-09-22 13:00:00+02:00;83,000;1,000;MESURE
2025-09-22 14:00:00+02:00;82,000;1,000;MESURE
2025-09-22 15:00:00+02:00;81,000;1,000;MESURE
2025-09-22 16:00:00+02:00;7379,000;1,000;MESURE
2025-09-22 17:00:00+02:00;11173,000;1,000;MESURE
2025-09-22 18:00:00+02:00;5689,000;1,000;MESURE
2025-09-22 19:00:00+02:00;70,000;1,000;MESURE
2025-09-22 20:00:00+02:00;69,000;1,000;MESURE
2025-09-22 21:00:00+02:00;70,000;1,000;MESURE
2025-09-22 22:00:00+02:00;69,000;1,000;MESURE
2025-09-22 23:00:00+02:00;70,000;1,000;MESURE
2025-09-23 00:00:00+02:00;69,000;1,000;MESURE
2025-09-23 01:00:00+02:00;70,000;1,000;MESURE
2025-09-23 02:00:00+02:00;69,000;1,000;MESURE
2025-09-23 03:00:00+02:00;70,000;1,000;MESURE
2025-09-23 04:00:00+02:00;69,000;1,000;MESURE
2025-09-23 05:00:00+02:00;70,000;1,000;MESURE
2025-09-23 06:00:00+02:00;75,000;1,000;MESURE
2025-09-23 07:00:00+02:00;81,000;1,000;MESURE
2025-09-23 08:00:00+02:00;82,000;1,000;MESURE
2025-09-23 09:00:00+02:00;81,000;1,000;MESURE
2025-09-23 10:00:00+02:00;81,000;1,000;MESURE
2025-09-23 11:00:00+02:00;81,000;1,000;MESURE
2025-09-23 12:00:00+02:00;83,000;1,000;MESURE
2025-09-23 13:00:00+02:00;84,000;1,000;MESURE
2025-09-23 14:00:00+02:00;81,000;1,000;MESURE
2025-09-23 15:00:00+02:00;81,000;1,000;MESURE
2025-09-23 16:00:00+02:00;81,000;1,000;MESURE
2025-09-23 17:00:00+02:00;82,000;1,000;MESURE
2025-09-23 18:00:00+02:00;75,000;1,000;MESURE
2025-09-23 19:00:00+02:00;69,000;1,000;MESURE
2025-09-23 20:00:00+02:00;68,000;1,000;MESURE
2025-09-23 21:00:00+02:00;69,000;1,000;MESURE
2025-09-23 22:00:00+02:00;69,000;1,000;MESURE
2025-09-23 23:00:00+02:00;69,000;1,000;MESURE
2025-09-24 00:00:00+02:00;74,000;1,000;MESURE
2025-09-24 01:00:00+02:00;73,000;1,000;MESURE
2025-09-24 02:00:00+02:00;74,000;1,000;MESURE
2025-09-24 03:00:00+02:00;73,000;1,000;MESURE
2025-09-24 04:00:00+02:00;74,000;1,000;MESURE
2025-09-24 05:00:00+02:00;73,000;1,000;MESURE
2025-09-24 06:00:00+02:00;94,000;1,000;MESURE
2025-09-24 07:00:00+02:00;103,000;1,000;MESURE
2025-09-24 08:00:00+02:00;81,000;1,000;MESURE
2025-09-24 09:00:00+02:00;82,000;1,000;MESURE
2025-09-24 10:00:00+02:00;83,000;1,000;MESURE
2025-09-24 11:00:00+02:00;5042,000;1,000;MESURE
2025-09-24 12:00:00+02:00;10741,000;1,000;MESURE
2025-09-24 13:00:00+02:00;2876,000;1,000;MESURE
2025-09-24 14:00:00+02:00;5170,000;1,000;MESURE
2025-09-24 15:00:00+02:00;7625,000;1,000;MESURE
2025-09-24 16:00:00+02:00;7614,000;1,000;MESURE
2025-09-24 17:00:00+02:00;7607,000;1,000;MESURE
2025-09-24 18:00:00+02:00;2694,000;1,000;MESURE
2025-09-24 19:00:00+02:00;69,000;1,000;MESURE
2025-09-24 20:00:00+02:00;68,000;1,000;MESURE
2025-09-24 21:00:00+02:00;69,000;1,000;MESURE
2025-09-24 22:00:00+02:00;69,000;1,000;MESURE
2025-09-24 23:00:00+02:00;69,000;1,000;MESURE
2025-09-25 00:00:00+02:00;69,000;1,000;MESURE
2025-09-25 01:00:00+02:00;68,000;1,000;MESURE
2025-09-25 02:00:00+02:00;69,000;1,000;MESURE
2025-09-25 03:00:00+02:00;69,000;1,000;MESURE
2025-09-25 04:00:00+02:00;69,000;1,000;MESURE
2025-09-25 05:00:00+02:00;69,000;1,000;MESURE
2025-09-25 06:00:00+02:00;74,000;1,000;MESURE
2025-09-25 07:00:00+02:00;81,000;1,000;MESURE
2025-09-25 08:00:00+02:00;4780,000;1,000;MESURE
2025-09-25 09:00:00+02:00;11551,000;1,000;MESURE
2025-09-25 10:00:00+02:00;9398,000;1,000;MESURE
2025-09-25 11:00:00+02:00;83,000;1,000;MESURE
2025-09-25 12:00:00+02:00;1663,000;1,000;MESURE
2025-09-25 13:00:00+02:00;10665,000;1,000;MESURE
2025-09-25 14:00:00+02:00;10677,000;1,000;MESURE
2025-09-25 15:00:00+02:00;10682,000;1,000;MESURE
2025-09-25 16:00:00+02:00;2267,000;1,000;MESURE
2025-09-25 17:00:00+02:00;82,000;1,000;MESURE
2025-09-25 18:00:00+02:00;77,000;1,000;MESURE
2025-09-25 19:00:00+02:00;69,000;1,000;MESURE
2025-09-25 20:00:00+02:00;68,000;1,000;MESURE
2025-09-25 21:00:00+02:00;317,000;1,000;MESURE
2025-09-25 22:00:00+02:00;3823,000;1,000;MESURE
2025-09-25 23:00:00+02:00;3199,000;1,000;MESURE
2025-09-26 00:00:00+02:00;94,000;1,000;MESURE
2025-09-26 01:00:00+02:00;68,000;1,000;MESURE
2025-09-26 02:00:00+02:00;78,000;1,000;MESURE
2025-09-26 03:00:00+02:00;98,000;1,000;MESURE
2025-09-26 04:00:00+02:00;69,000;1,000;MESURE
2025-09-26 05:00:00+02:00;69,000;1,000;MESURE
2025-09-26 06:00:00+02:00;102,000;1,000;MESURE
2025-09-26 07:00:00+02:00;92,000;1,000;MESURE
2025-09-26 08:00:00+02:00;81,000;1,000;MESURE
2025-09-26 09:00:00+02:00;82,000;1,000;MESURE
2025-09-26 10:00:00+02:00;110,000;1,000;MESURE
2025-09-26 11:00:00+02:00;92,000;1,000;MESURE
2025-09-26 12:00:00+02:00;1714,000;1,000;MESURE
2025-09-26 13:00:00+02:00;7293,000;1,000;MESURE
2025-09-26 14:00:00+02:00;7357,000;1,000;MESURE
2025-09-26 15:00:00+02:00;7410,000;1,000;MESURE
2025-09-26 16:00:00+02:00;17472,000;1,000;MESURE
2025-09-26 17:00:00+02:00;18203,000;1,000;MESURE
2025-09-26 18:00:00+02:00;5179,000;1,000;MESURE
2025-09-26 19:00:00+02:00;691,000;1,000;MESURE
2025-09-26 20:00:00+02:00;3752,000;1,000;MESURE
2025-09-26 21:00:00+02:00;2635,000;1,000;MESURE
2025-09-26 22:00:00+02:00;69,000;1,000;MESURE
2025-09-26 23:00:00+02:00;93,000;1,000;MESURE
2025-09-27 00:00:00+02:00;85,000;1,000;MESURE
2025-09-27 01:00:00+02:00;73,000;1,000;MESURE
2025-09-27 02:00:00+02:00;86,000;1,000;MESURE
2025-09-27 03:00:00+02:00;98,000;1,000;MESURE
2025-09-27 04:00:00+02:00;73,000;1,000;MESURE
2025-09-27 05:00:00+02:00;89,000;1,000;MESURE
2025-09-27 06:00:00+02:00;103,000;1,000;MESURE
2025-09-27 07:00:00+02:00;100,000;1,000;MESURE
2025-09-27 08:00:00+02:00;5773,000;1,000;MESURE
2025-09-27 09:00:00+02:00;10505,000;1,000;MESURE
2025-09-27 10:00:00+02:00;10498,000;1,000;MESURE
2025-09-27 11:00:00+02:00;10268,000;1,000;MESURE
2025-09-27 12:00:00+02:00;1028,000;1,000;MESURE
2025-09-27 13:00:00+02:00;68,000;1,000;MESURE
2025-09-27 14:00:00+02:00;68,000;1,000;MESURE
2025-09-27 15:00:00+02:00;70,000;1,000;MESURE
2025-09-27 16:00:00+02:00;17084,000;1,000;MESURE
2025-09-27 17:00:00+02:00;13799,000;1,000;MESURE
2025-09-27 18:00:00+02:00;2040,000;1,000;MESURE
2025-09-27 19:00:00+02:00;7209,000;1,000;MESURE
2025-09-27 20:00:00+02:00;7161,000;1,000;MESURE
2025-09-27 21:00:00+02:00;4742,000;1,000;MESURE
2025-09-27 22:00:00+02:00;68,000;1,000;MESURE
2025-09-27 23:00:00+02:00;69,000;1,000;MESURE
2025-09-28 00:00:00+02:00;89,000;1,000;MESURE
2025-09-28 01:00:00+02:00;94,000;1,000;MESURE
2025-09-28 02:00:00+02:00;69,000;1,000;MESURE
2025-09-28 03:00:00+02:00;93,000;1,000;MESURE
2025-09-28 04:00:00+02:00;87,000;1,000;MESURE
2025-09-28 05:00:00+02:00;69,000;1,000;MESURE
2025-09-28 06:00:00+02:00;69,000;1,000;MESURE
2025-09-28 07:00:00+02:00;68,000;1,000;MESURE
2025-09-28 08:00:00+02:00;70,000;1,000;MESURE
2025-09-28 09:00:00+02:00;69,000;1,000;MESURE
2025-09-28 10:00:00+02:00;69,000;1,000;MESURE
2025-09-28 11:00:00+02:00;69,000;1,000;MESURE
2025-09-28 12:00:00+02:00;12593,000;1,000;MESURE
2025-09-28 13:00:00+02:00;22185,000;1,000;MESURE
2025-09-28 14:00:00+02:00;15124,000;1,000;MESURE
2025-09-28 15:00:00+02:00;559,000;1,000;MESURE
2025-09-28 16:00:00+02:00;68,000;1,000;MESURE
2025-09-28 17:00:00+02:00;1246,000;1,000;MESURE
2025-09-28 18:00:00+02:00;4617,000;1,000;MESURE
2025-09-28 19:00:00+02:00;23577,000;1,000;MESURE
2025-09-28 20:00:00+02:00;2412,000;1,000;MESURE
2025-09-28 21:00:00+02:00;69,000;1,000;MESURE
2025-09-28 22:00:00+02:00;69,000;1,000;MESURE
2025-09-28 23:00:00+02:00;69,000;1,000;MESURE
2025-09-29 00:00:00+02:00;94,000;1,000;MESURE
2025-09-29 01:00:00+02:00;85,000;1,000;MESURE
2025-09-29 02:00:00+02:00;70,000;1,000;MESURE
2025-09-29 03:00:00+02:00;99,000;1,000;MESURE
2025-09-29 04:00:00+02:00;98,000;1,000;MESURE
2025-09-29 05:00:00+02:00;74,000;1,000;MESURE
2025-09-29 06:00:00+02:00;82,000;1,000;MESURE
2025-09-29 07:00:00+02:00;107,000;1,000;MESURE
2025-09-29 08:00:00+02:00;81,000;1,000;MESURE
2025-09-29 09:00:00+02:00;1290,000;1,000;MESURE
2025-09-29 10:00:00+02:00;3852,000;1,000;MESURE
2025-09-29 11:00:00+02:00;5111,000;1,000;MESURE
2025-09-29 12:00:00+02:00;6737,000;1,000;MESURE
2025-09-29 13:00:00+02:00;6669,000;1,000;MESURE
2025-09-29 14:00:00+02:00;2429,000;1,000;MESURE
2025-09-29 15:00:00+02:00;284,000;1,000;MESURE
2025-09-29 16:00:00+02:00;81,000;1,000;MESURE
2025-09-29 17:00:00+02:00;81,000;1,000;MESURE
2025-09-29 18:00:00+02:00;75,000;1,000;MESURE
2025-09-29 19:00:00+02:00;69,000;1,000;MESURE
2025-09-29 20:00:00+02:00;68,000;1,000;MESURE
2025-09-29 21:00:00+02:00;69,000;1,000;MESURE
2025-09-29 22:00:00+02:00;69,000;1,000;MESURE
2025-09-29 23:00:00+02:00;69,000;1,000;MESURE
2025-09-30 00:00:00+02:00;69,000;1,000;MESURE
2025-09-30 01:00:00+02:00;82,000;1,000;MESURE
2025-09-30 02:00:00+02:00;92,000;1,000;MESURE
2025-09-30 03:00:00+02:00;69,000;1,000;MESURE
2025-09-30 04:00:00+02:00;88,000;1,000;MESURE
2025-09-30 05:00:00+02:00;99,000;1,000;MESURE
2025-09-30 06:00:00+02:00;104,000;1,000;MESURE
2025-09-30 07:00:00+02:00;110,000;1,000;MESURE
2025-09-30 08:00:00+02:00;5612,000;1,000;MESURE
2025-09-30 09:00:00+02:00;10620,000;1,000;MESURE
2025-09-30 10:00:00+02:00;2518,000;1,000;MESURE
2025-09-30 11:00:00+02:00;82,000;1,000;MESURE
2025-09-30 12:00:00+02:00;82,000;1,000;MESURE
2025-09-30 13:00:00+02:00;82,000;1,000;MESURE
2025-09-30 14:00:00+02:00;213,000;1,000;MESURE
2025-09-30 15:00:00+02:00;21516,000;1,000;MESURE
2025-09-30 16:00:00+02:00;7149,000;1,000;MESURE
2025-09-30 17:00:00+02:00;82,000;1,000;MESURE
2025-09-30 18:00:00+02:00;75,000;1,000;MESURE
2025-09-30 19:00:00+02:00;69,000;1,000;MESURE
2025-09-30 20:00:00+02:00;69,000;1,000;MESURE
2025-09-30 21:00:00+02:00;68,000;1,000;MESURE
2025-09-30 22:00:00+02:00;69,000;1,000;MESURE
2025-09-30 23:00:00+02:00;69,000;1,000;MESURE
2025-10-01 00:00:00+02:00;69,000;1,000;MESURE
2025-10-01 01:00:00+02:00;69,000;1,000;MESURE
2025-10-01 02:00:00+02:00;69,000;1,000;MESURE
2025-10-01 03:00:00+02:00;96,000;1,000;MESURE
2025-10-01 04:00:00+02:00;82,000;1,000;MESURE
2025-10-01 05:00:00+02:00;69,000;1,000;MESURE
2025-10-01 06:00:00+02:00;101,000;1,000;MESURE
2025-10-01 07:00:00+02:00;93,000;1,000;MESURE
2025-10-01 08:00:00+02:00;5701,000;1,000;MESURE
2025-10-01 09:00:00+02:00;7724,000;1,000;MESURE
2025-10-01 10:00:00+02:00;3324,000;1,000;MESURE
2025-10-01 11:00:00+02:00;80,000;1,000;MESURE
2025-10-01 12:00:00+02:00;3570,000;1,000;MESURE
2025-10-01 13:00:00+02:00;8066,000;1,000;MESURE
2025-10-01 14:00:00+02:00;82,000;1,000;MESURE
2025-10-01 15:00:00+02:00;81,000;1,000;MESURE
2025-10-01 16:00:00+02:00;84,000;1,000;MESURE
2025-10-01 17:00:00+02:00;81,000;1,000;MESURE
2025-10-01 18:00:00+02:00;76,000;1,000;MESURE
2025-10-01 19:00:00+02:00;69,000;1,000;MESURE
2025-10-01 20:00:00+02:00;69,000;1,000;MESURE
2025-10-01 21:00:00+02:00;68,000;1,000;MESURE
2025-10-01 22:00:00+02:00;69,000;1,000;MESURE
2025-10-01 23:00:00+02:00;69,000;1,000;MESURE
2025-10-02 00:00:00+02:00;72,000;1,000;MESURE
2025-10-02 01:00:00+02:00;98,000;1,000;MESURE
2025-10-02 02:00:00+02:00;79,000;1,000;MESURE
2025-10-02 03:00:00+02:00;84,000;1,000;MESURE
2025-10-02 04:00:00+02:00;99,000;1,000;MESURE
2025-10-02 05:00:00+02:00;98,000;1,000;MESURE
2025-10-02 06:00:00+02:00;105,000;1,000;MESURE
2025-10-02 07:00:00+02:00;111,000;1,000;MESURE
2025-10-02 08:00:00+02:00;111,000;1,000;MESURE
2025-10-02 09:00:00+02:00;91,000;1,000;MESURE
2025-10-02 10:00:00+02:00;83,000;1,000;MESURE
2025-10-02 11:00:00+02:00;83,000;1,000;MESURE
2025-10-02 12:00:00+02:00;80,000;1,000;MESURE
2025-10-02 13:00:00+02:00;82,000;1,000;MESURE
2025-10-02 14:00:00+02:00;80,000;1,000;MESURE
2025-10-02 15:00:00+02:00;80,000;1,000;MESURE
2025-10-02 16:00:00+02:00;2206,000;1,000;MESURE
2025-10-02 17:00:00+02:00;3760,000;1,000;MESURE
2025-10-02 18:00:00+02:00;7624,000;1,000;MESURE
2025-10-02 19:00:00+02:00;5922,000;1,000;MESURE
2025-10-02 20:00:00+02:00;69,000;1,000;MESURE
2025-10-02 21:00:00+02:00;86,000;1,000;MESURE
2025-10-02 22:00:00+02:00;97,000;1,000;MESURE
2025-10-02 23:00:00+02:00;68,000;1,000;MESURE
2025-10-03 00:00:00+02:00;92,000;1,000;MESURE
2025-10-03 01:00:00+02:00;99,000;1,000;MESURE
2025-10-03 02:00:00+02:00;98,000;1,000;MESURE
2025-10-03 03:00:00+02:00;99,000;1,000;MESURE
2025-10-03 04:00:00+02:00;98,000;1,000;MESURE
2025-10-03 05:00:00+02:00;99,000;1,000;MESURE
2025-10-03 06:00:00+02:00;104,000;1,000;MESURE
2025-10-03 07:00:00+02:00;110,000;1,000;MESURE
2025-10-03 08:00:00+02:00;110,000;1,000;MESURE
2025-10-03 09:00:00+02:00;15254,000;1,000;MESURE
2025-10-03 10:00:00+02:00;15812,000;1,000;MESURE
2025-10-03 11:00:00+02:00;7026,000;1,000;MESURE
2025-10-03 12:00:00+02:00;5982,000;1,000;MESURE
2025-10-03 13:00:00+02:00;2747,000;1,000;MESURE
2025-10-03 14:00:00+02:00;82,000;1,000;MESURE
2025-10-03 15:00:00+02:00;83,000;1,000;MESURE
2025-10-03 16:00:00+02:00;83,000;1,000;MESURE
2025-10-03 17:00:00+02:00;82,000;1,000;MESURE
2025-10-03 18:00:00+02:00;76,000;1,000;MESURE
2025-10-03 19:00:00+02:00;2413,000;1,000;MESURE
2025-10-03 20:00:00+02:00;7514,000;1,000;MESURE
2025-10-03 21:00:00+02:00;7535,000;1,000;MESURE
2025-10-03 22:00:00+02:00;7547,000;1,000;MESURE
2025-10-03 23:00:00+02:00;7588,000;1,000;MESURE
2025-10-04 00:00:00+02:00;1540,000;1,000;MESURE
2025-10-04 01:00:00+02:00;69,000;1,000;MESURE
2025-10-04 02:00:00+02:00;69,000;1,000;MESURE
2025-10-04 03:00:00+02:00;69,000;1,000;MESURE
2025-10-04 04:00:00+02:00;68,000;1,000;MESURE
2025-10-04 05:00:00+02:00;69,000;1,000;MESURE
2025-10-04 06:00:00+02:00;69,000;1,000;MESURE
2025-10-04 07:00:00+02:00;69,000;1,000;MESURE
2025-10-04 08:00:00+02:00;69,000;1,000;MESURE
2025-10-04 09:00:00+02:00;69,000;1,000;MESURE
2025-10-04 10:00:00+02:00;7468,000;1,000;MESURE
2025-10-04 11:00:00+02:00;5690,000;1,000;MESURE
2025-10-04 12:00:00+02:00;3127,000;1,000;MESURE
2025-10-04 13:00:00+02:00;436,000;1,000;MESURE
2025-10-04 14:00:00+02:00;69,000;1,000;MESURE
2025-10-04 15:00:00+02:00;70,000;1,000;MESURE
2025-10-04 16:00:00+02:00;70,000;1,000;MESURE
2025-10-04 17:00:00+02:00;69,000;1,000;MESURE
2025-10-04 18:00:00+02:00;2413,000;1,000;MESURE
2025-10-04 19:00:00+02:00;7517,000;1,000;MESURE
2025-10-04 20:00:00+02:00;7496,000;1,000;MESURE
2025-10-04 21:00:00+02:00;7447,000;1,000;MESURE
2025-10-04 22:00:00+02:00;7532,000;1,000;MESURE
2025-10-04 23:00:00+02:00;7541,000;1,000;MESURE
2025-10-05 00:00:00+02:00;7490,000;1,000;MESURE
2025-10-05 01:00:00+02:00;7565,000;1,000;MESURE
2025-10-05 02:00:00+02:00;1771,000;1,000;MESURE
2025-10-05 03:00:00+02:00;100,000;1,000;MESURE
2025-10-05 04:00:00+02:00;99,000;1,000;MESURE
2025-10-05 05:00:00+02:00;100,000;1,000;MESURE
2025-10-05 06:00:00+02:00;100,000;1,000;MESURE
2025-10-05 07:00:00+02:00;120,000;1,000;MESURE
2025-10-05 08:00:00+02:00;1446,000;1,000;MESURE
2025-10-05 09:00:00+02:00;766,000;1,000;MESURE
2025-10-05 10:00:00+02:00;1138,000;1,000;MESURE
2025-10-05 11:00:00+02:00;2983,000;1,000;MESURE
2025-10-05 12:00:00+02:00;7130,000;1,000;MESURE
2025-10-05 13:00:00+02:00;10598,000;1,000;MESURE
2025-10-05 14:00:00+02:00;11012,000;1,000;MESURE
2025-10-05 15:00:00+02:00;11088,000;1,000;MESURE
2025-10-05 16:00:00+02:00;10938,000;1,000;MESURE
2025-10-05 17:00:00+02:00;2739,000;1,000;MESURE
2025-10-05 18:00:00+02:00;69,000;1,000;MESURE
2025-10-05 19:00:00+02:00;70,000;1,000;MESURE
2025-10-05 20:00:00+02:00;68,000;1,000;MESURE
2025-10-05 21:00:00+02:00;69,000;1,000;MESURE
2025-10-05 22:00:00+02:00;91,000;1,000;MESURE
2025-10-05 23:00:00+02:00;88,000;1,000;MESURE
2025-10-06 00:00:00+02:00;71,000;1,000;MESURE
2025-10-06 01:00:00+02:00;100,000;1,000;MESURE
2025-10-06 02:00:00+02:00;103,000;1,000;MESURE
2025-10-06 03:00:00+02:00;90,000;1,000;MESURE
2025-10-06 04:00:00+02:00;82,000;1,000;MESURE
2025-10-06 05:00:00+02:00;103,000;1,000;MESURE
2025-10-06 06:00:00+02:00;109,000;1,000;MESURE
2025-10-06 07:00:00+02:00;112,000;1,000;MESURE
2025-10-06 08:00:00+02:00;5674,000;1,000;MESURE
2025-10-06 09:00:00+02:00;4878,000;1,000;MESURE
2025-10-06 10:00:00+02:00;81,000;1,000;MESURE
2025-10-06 11:00:00+02:00;81,000;1,000;MESURE
2025-10-06 12:00:00+02:00;834,000;1,000;MESURE
2025-10-06 13:00:00+02:00;10642,000;1,000;MESURE
2025-10-06 14:00:00+02:00;10649,000;1,000;MESURE
2025-10-06 15:00:00+02:00;10078,000;1,000;MESURE
2025-10-06 16:00:00+02:00;81,000;1,000;MESURE
2025-10-06 17:00:00+02:00;80,000;1,000;MESURE
2025-10-06 18:00:00+02:00;75,000;1,000;MESURE
2025-10-06 19:00:00+02:00;69,000;1,000;MESURE
2025-10-06 20:00:00+02:00;69,000;1,000;MESURE
2025-10-06 21:00:00+02:00;69,000;1,000;MESURE
2025-10-06 22:00:00+02:00;79,000;1,000;MESURE
2025-10-06 23:00:00+02:00;99,000;1,000;MESURE
2025-10-07 00:00:00+02:00;74,000;1,000;MESURE
2025-10-07 01:00:00+02:00;87,000;1,000;MESURE
2025-10-07 02:00:00+02:00;99,000;1,000;MESURE
2025-10-07 03:00:00+02:00;98,000;1,000;MESURE
2025-10-07 04:00:00+02:00;99,000;1,000;MESURE
2025-10-07 05:00:00+02:00;98,000;1,000;MESURE
2025-10-07 06:00:00+02:00;104,000;1,000;MESURE
2025-10-07 07:00:00+02:00;110,000;1,000;MESURE
2025-10-07 08:00:00+02:00;6645,000;1,000;MESURE
2025-10-07 09:00:00+02:00;7715,000;1,000;MESURE
2025-10-07 10:00:00+02:00;2705,000;1,000;MESURE
2025-10-07 11:00:00+02:00;83,000;1,000;MESURE
2025-10-07 12:00:00+02:00;4523,000;1,000;MESURE
2025-10-07 13:00:00+02:00;2509,000;1,000;MESURE
2025-10-07 14:00:00+02:00;315,000;1,000;MESURE
2025-10-07 15:00:00+02:00;82,000;1,000;MESURE
2025-10-07 16:00:00+02:00;82,000;1,000;MESURE
2025-10-07 17:00:00+02:00;81,000;1,000;MESURE
2025-10-07 18:00:00+02:00;10185,000;1,000;MESURE
2025-10-07 19:00:00+02:00;16316,000;1,000;MESURE
2025-10-07 20:00:00+02:00;7190,000;1,000;MESURE
2025-10-07 21:00:00+02:00;7233,000;1,000;MESURE
2025-10-07 22:00:00+02:00;143,000;1,000;MESURE
2025-10-07 23:00:00+02:00;69,000;1,000;MESURE
2025-10-08 00:00:00+02:00;69,000;1,000;MESURE
2025-10-08 01:00:00+02:00;94,000;1,000;MESURE
2025-10-08 02:00:00+02:00;85,000;1,000;MESURE
2025-10-08 03:00:00+02:00;71,000;1,000;MESURE
2025-10-08 04:00:00+02:00;99,000;1,000;MESURE
2025-10-08 05:00:00+02:00;99,000;1,000;MESURE
2025-10-08 06:00:00+02:00;103,000;1,000;MESURE
2025-10-08 07:00:00+02:00;111,000;1,000;MESURE
2025-10-08 08:00:00+02:00;100,000;1,000;MESURE
2025-10-08 09:00:00+02:00;82,000;1,000;MESURE
2025-10-08 10:00:00+02:00;83,000;1,000;MESURE
2025-10-08 11:00:00+02:00;7681,000;1,000;MESURE
2025-10-08 12:00:00+02:00;11133,000;1,000;MESURE
2025-10-08 13:00:00+02:00;924,000;1,000;MESURE
2025-10-08 14:00:00+02:00;5049,000;1,000;MESURE
2025-10-08 15:00:00+02:00;4660,000;1,000;MESURE
2025-10-08 16:00:00+02:00;82,000;1,000;MESURE
2025-10-08 17:00:00+02:00;81,000;1,000;MESURE
2025-10-08 18:00:00+02:00;75,000;1,000;MESURE
2025-10-08 19:00:00+02:00;69,000;1,000;MESURE
2025-10-08 20:00:00+02:00;69,000;1,000;MESURE
2025-10-08 21:00:00+02:00;3414,000;1,000;MESURE
2025-10-08 22:00:00+02:00;7827,000;1,000;MESURE
2025-10-08 23:00:00+02:00;7018,000;1,000;MESURE
2025-10-09 00:00:00+02:00;91,000;1,000;MESURE
2025-10-09 01:00:00+02:00;83,000;1,000;MESURE
2025-10-09 02:00:00+02:00;69,000;1,000;MESURE
2025-10-09 03:00:00+02:00;69,000;1,000;MESURE
2025-10-09 04:00:00+02:00;69,000;1,000;MESURE
2025-10-09 05:00:00+02:00;69,000;1,000;MESURE
2025-10-09 06:00:00+02:00;74,000;1,000;MESURE
2025-10-09 07:00:00+02:00;81,000;1,000;MESURE
2025-10-09 08:00:00+02:00;81,000;1,000;MESURE
2025-10-09 09:00:00+02:00;81,000;1,000;MESURE
2025-10-09 10:00:00+02:00;84,000;1,000;MESURE
2025-10-09 11:00:00+02:00;82,000;1,000;MESURE
2025-10-09 12:00:00+02:00;82,000;1,000;MESURE
2025-10-09 13:00:00+02:00;82,000;1,000;MESURE
2025-10-09 14:00:00+02:00;81,000;1,000;MESURE
2025-10-09 15:00:00+02:00;82,000;1,000;MESURE
2025-10-09 16:00:00+02:00;83,000;1,000;MESURE
2025-10-09 17:00:00+02:00;81,000;1,000;MESURE
2025-10-09 18:00:00+02:00;76,000;1,000;MESURE
2025-10-09 19:00:00+02:00;6628,000;1,000;MESURE
2025-10-09 20:00:00+02:00;7616,000;1,000;MESURE
2025-10-09 21:00:00+02:00;7190,000;1,000;MESURE
2025-10-09 22:00:00+02:00;69,000;1,000;MESURE
2025-10-09 23:00:00+02:00;68,000;1,000;MESURE
2025-10-10 00:00:00+02:00;69,000;1,000;MESURE
2025-10-10 01:00:00+02:00;69,000;1,000;MESURE
2025-10-10 02:00:00+02:00;68,000;1,000;MESURE
2025-10-10 03:00:00+02:00;69,000;1,000;MESURE
2025-10-10 04:00:00+02:00;69,000;1,000;MESURE
2025-10-10 05:00:00+02:00;69,000;1,000;MESURE
2025-10-10 06:00:00+02:00;74,000;1,000;MESURE
2025-10-10 07:00:00+02:00;81,000;1,000;MESURE
2025-10-10 08:00:00+02:00;5597,000;1,000;MESURE
2025-10-10 09:00:00+02:00;7748,000;1,000;MESURE
2025-10-10 10:00:00+02:00;3773,000;1,000;MESURE
2025-10-10 11:00:00+02:00;81,000;1,000;MESURE
2025-10-10 12:00:00+02:00;1950,000;1,000;MESURE
2025-10-10 13:00:00+02:00;10669,000;1,000;MESURE
2025-10-10 14:00:00+02:00;10679,000;1,000;MESURE
2025-10-10 15:00:00+02:00;10678,000;1,000;MESURE
2025-10-10 16:00:00+02:00;2073,000;1,000;MESURE
2025-10-10 17:00:00+02:00;12051,000;1,000;MESURE
2025-10-10 18:00:00+02:00;11779,000;1,000;MESURE
2025-10-10 19:00:00+02:00;69,000;1,000;MESURE
2025-10-10 20:00:00+02:00;7041,000;1,000;MESURE
2025-10-10 21:00:00+02:00;7597,000;1,000;MESURE
2025-10-10 22:00:00+02:00;7600,000;1,000;MESURE
2025-10-10 23:00:00+02:00;7585,000;1,000;MESURE
2025-10-11 00:00:00+02:00;2004,000;1,000;MESURE
2025-10-11 01:00:00+02:00;68,000;1,000;MESURE
2025-10-11 02:00:00+02:00;69,000;1,000;MESURE
2025-10-11 03:00:00+02:00;69,000;1,000;MESURE
2025-10-11 04:00:00+02:00;69,000;1,000;MESURE
2025-10-11 05:00:00+02:00;68,000;1,000;MESURE
2025-10-11 06:00:00+02:00;69,000;1,000;MESURE
2025-10-11 07:00:00+02:00;69,000;1,000;MESURE
2025-10-11 08:00:00+02:00;69,000;1,000;MESURE
2025-10-11 09:00:00+02:00;69,000;1,000;MESURE
2025-10-11 10:00:00+02:00;69,000;1,000;MESURE
2025-10-11 11:00:00+02:00;68,000;1,000;MESURE
2025-10-11 12:00:00+02:00;69,000;1,000;MESURE
2025-10-11 13:00:00+02:00;69,000;1,000;MESURE
2025-10-11 14:00:00+02:00;68,000;1,000;MESURE
2025-10-11 15:00:00+02:00;6246,000;1,000;MESURE
2025-10-11 16:00:00+02:00;7400,000;1,000;MESURE
2025-10-11 17:00:00+02:00;7448,000;1,000;MESURE
2025-10-11 18:00:00+02:00;7467,000;1,000;MESURE
2025-10-11 19:00:00+02:00;12949,000;1,000;MESURE
2025-10-11 20:00:00+02:00;15057,000;1,000;MESURE
2025-10-11 21:00:00+02:00;10505,000;1,000;MESURE
2025-10-11 22:00:00+02:00;7621,000;1,000;MESURE
2025-10-11 23:00:00+02:00;3138,000;1,000;MESURE
2025-10-12 00:00:00+02:00;68,000;1,000;MESURE
2025-10-12 01:00:00+02:00;69,000;1,000;MESURE
2025-10-12 02:00:00+02:00;69,000;1,000;MESURE
2025-10-12 03:00:00+02:00;69,000;1,000;MESURE
2025-10-12 04:00:00+02:00;69,000;1,000;MESURE
2025-10-12 05:00:00+02:00;69,000;1,000;MESURE
2025-10-12 06:00:00+02:00;69,000;1,000;MESURE
2025-10-12 07:00:00+02:00;5079,000;1,000;MESURE
2025-10-12 08:00:00+02:00;10499,000;1,000;MESURE
2025-10-12 09:00:00+02:00;10491,000;1,000;MESURE
2025-10-12 10:00:00+02:00;5415,000;1,000;MESURE
2025-10-12 11:00:00+02:00;69,000;1,000;MESURE
2025-10-12 12:00:00+02:00;68,000;1,000;MESURE
2025-10-12 13:00:00+02:00;1349,000;1,000;MESURE
2025-10-12 14:00:00+02:00;7426,000;1,000;MESURE
2025-10-12 15:00:00+02:00;7408,000;1,000;MESURE
2025-10-12 16:00:00+02:00;15385,000;1,000;MESURE
2025-10-12 17:00:00+02:00;15532,000;1,000;MESURE
2025-10-12 18:00:00+02:00;14054,000;1,000;MESURE
2025-10-12 19:00:00+02:00;18159,000;1,000;MESURE
2025-10-12 20:00:00+02:00;18186,000;1,000;MESURE
2025-10-12 21:00:00+02:00;5279,000;1,000;MESURE
2025-10-12 22:00:00+02:00;69,000;1,000;MESURE
2025-10-12 23:00:00+02:00;69,000;1,000;MESURE
2025-10-13 00:00:00+02:00;69,000;1,000;MESURE
2025-10-13 01:00:00+02:00;68,000;1,000;MESURE
2025-10-13 02:00:00+02:00;69,000;1,000;MESURE
2025-10-13 03:00:00+02:00;69,000;1,000;MESURE
2025-10-13 04:00:00+02:00;69,000;1,000;MESURE
2025-10-13 05:00:00+02:00;69,000;1,000;MESURE
2025-10-13 06:00:00+02:00;74,000;1,000;MESURE
2025-10-13 07:00:00+02:00;81,000;1,000;MESURE
2025-10-13 08:00:00+02:00;81,000;1,000;MESURE
2025-10-13 09:00:00+02:00;82,000;1,000;MESURE
2025-10-13 10:00:00+02:00;82,000;1,000;MESURE
2025-10-13 11:00:00+02:00;81,000;1,000;MESURE
2025-10-13 12:00:00+02:00;81,000;1,000;MESURE
2025-10-13 13:00:00+02:00;82,000;1,000;MESURE
2025-10-13 14:00:00+02:00;82,000;1,000;MESURE
2025-10-13 15:00:00+02:00;82,000;1,000;MESURE
2025-10-13 16:00:00+02:00;82,000;1,000;MESURE
2025-10-13 17:00:00+02:00;84,000;1,000;MESURE
2025-10-13 18:00:00+02:00;75,000;1,000;MESURE
2025-10-13 19:00:00+02:00;15555,000;1,000;MESURE
2025-10-13 20:00:00+02:00;18084,000;1,000;MESURE
2025-10-13 21:00:00+02:00;69,000;1,000;MESURE
2025-10-13 22:00:00+02:00;69,000;1,000;MESURE
2025-10-13 23:00:00+02:00;68,000;1,000;MESURE
2025-10-14 00:00:00+02:00;69,000;1,000;MESURE
2025-10-14 01:00:00+02:00;69,000;1,000;MESURE
2025-10-14 02:00:00+02:00;69,000;1,000;MESURE
2025-10-14 03:00:00+02:00;68,000;1,000;MESURE
2025-10-14 04:00:00+02:00;69,000;1,000;MESURE
2025-10-14 05:00:00+02:00;69,000;1,000;MESURE
2025-10-14 06:00:00+02:00;74,000;1,000;MESURE
2025-10-14 07:00:00+02:00;81,000;1,000;MESURE
2025-10-14 08:00:00+02:00;81,000;1,000;MESURE
2025-10-14 09:00:00+02:00;82,000;1,000;MESURE
2025-10-14 10:00:00+02:00;301,000;1,000;MESURE
2025-10-14 11:00:00+02:00;5063,000;1,000;MESURE
2025-10-14 12:00:00+02:00;81,000;1,000;MESURE
2025-10-14 13:00:00+02:00;82,000;1,000;MESURE
2025-10-14 14:00:00+02:00;82,000;1,000;MESURE
2025-10-14 15:00:00+02:00;83,000;1,000;MESURE
2025-10-14 16:00:00+02:00;82,000;1,000;MESURE
2025-10-14 17:00:00+02:00;83,000;1,000;MESURE
2025-10-14 18:00:00+02:00;8762,000;1,000;MESURE
2025-10-14 19:00:00+02:00;16511,000;1,000;MESURE
2025-10-14 20:00:00+02:00;994,000;1,000;MESURE
2025-10-14 21:00:00+02:00;69,000;1,000;MESURE
2025-10-14 22:00:00+02:00;68,000;1,000;MESURE
2025-10-14 23:00:00+02:00;69,000;1,000;MESURE
2025-10-15 00:00:00+02:00;69,000;1,000;MESURE
2025-10-15 01:00:00+02:00;69,000;1,000;MESURE
2025-10-15 02:00:00+02:00;69,000;1,000;MESURE
2025-10-15 03:00:00+02:00;69,000;1,000;MESURE
2025-10-15 04:00:00+02:00;68,000;1,000;MESURE
2025-10-15 05:00:00+02:00;69,000;1,000;MESURE
2025-10-15 06:00:00+02:00;74,000;1,000;MESURE
2025-10-15 07:00:00+02:00;81,000;1,000;MESURE
2025-10-15 08:00:00+02:00;82,000;1,000;MESURE
2025-10-15 09:00:00+02:00;81,000;1,000;MESURE
2025-10-15 10:00:00+02:00;83,000;1,000;MESURE
2025-10-15 11:00:00+02:00;82,000;1,000;MESURE
2025-10-15 12:00:00+02:00;81,000;1,000;MESURE
2025-10-15 13:00:00+02:00;81,000;1,000;MESURE
2025-10-15 14:00:00+02:00;82,000;1,000;MESURE
2025-10-15 15:00:00+02:00;83,000;1,000;MESURE
2025-10-15 16:00:00+02:00;81,000;1,000;MESURE
2025-10-15 17:00:00+02:00;742,000;1,000;MESURE
2025-10-15 18:00:00+02:00;7281,000;1,000;MESURE
2025-10-15 19:00:00+02:00;3471,000;1,000;MESURE
2025-10-15 20:00:00+02:00;68,000;1,000;MESURE
2025-10-15 21:00:00+02:00;69,000;1,000;MESURE
2025-10-15 22:00:00+02:00;69,000;1,000;MESURE
2025-10-15 23:00:00+02:00;69,000;1,000;MESURE
2025-10-16 00:00:00+02:00;68,000;1,000;MESURE
2025-10-16 01:00:00+02:00;69,000;1,000;MESURE
2025-10-16 02:00:00+02:00;69,000;1,000;MESURE
2025-10-16 03:00:00+02:00;69,000;1,000;MESURE
2025-10-16 04:00:00+02:00;69,000;1,000;MESURE
2025-10-16 05:00:00+02:00;68,000;1,000;MESURE
2025-10-16 06:00:00+02:00;75,000;1,000;MESURE
2025-10-16 07:00:00+02:00;81,000;1,000;MESURE
2025-10-16 08:00:00+02:00;4629,000;1,000;MESURE
2025-10-16 09:00:00+02:00;8412,000;1,000;MESURE
2025-10-16 10:00:00+02:00;13966,000;1,000;MESURE
2025-10-16 11:00:00+02:00;5720,000;1,000;MESURE
2025-10-16 12:00:00+02:00;687,000;1,000;MESURE
2025-10-16 13:00:00+02:00;352,000;1,000;MESURE
2025-10-16 14:00:00+02:00;7467,000;1,000;MESURE
2025-10-16 15:00:00+02:00;7483,000;1,000;MESURE
2025-10-16 16:00:00+02:00;7455,000;1,000;MESURE
2025-10-16 17:00:00+02:00;7433,000;1,000;MESURE
2025-10-16 18:00:00+02:00;7443,000;1,000;MESURE
2025-10-16 19:00:00+02:00;13114,000;1,000;MESURE
2025-10-16 20:00:00+02:00;16520,000;1,000;MESURE
2025-10-16 21:00:00+02:00;10493,000;1,000;MESURE
2025-10-16 22:00:00+02:00;3214,000;1,000;MESURE
2025-10-16 23:00:00+02:00;69,000;1,000;MESURE
2025-10-17 00:00:00+02:00;68,000;1,000;MESURE
2025-10-17 01:00:00+02:00;69,000;1,000;MESURE
2025-10-17 02:00:00+02:00;69,000;1,000;MESURE
2025-10-17 03:00:00+02:00;82,000;1,000;MESURE
2025-10-17 04:00:00+02:00;91,000;1,000;MESURE
2025-10-17 05:00:00+02:00;69,000;1,000;MESURE
2025-10-17 06:00:00+02:00;74,000;1,000;MESURE
2025-10-17 07:00:00+02:00;80,000;1,000;MESURE
2025-10-17 08:00:00+02:00;7460,000;1,000;MESURE
2025-10-17 09:00:00+02:00;7398,000;1,000;MESURE
2025-10-17 10:00:00+02:00;7326,000;1,000;MESURE
2025-10-17 11:00:00+02:00;7271,000;1,000;MESURE
2025-10-17 12:00:00+02:00;7293,000;1,000;MESURE
2025-10-17 13:00:00+02:00;7281,000;1,000;MESURE
2025-10-17 14:00:00+02:00;6404,000;1,000;MESURE
2025-10-17 15:00:00+02:00;6037,000;1,000;MESURE
2025-10-17 16:00:00+02:00;6871,000;1,000;MESURE
2025-10-17 17:00:00+02:00;12908,000;1,000;MESURE
2025-10-17 18:00:00+02:00;16767,000;1,000;MESURE
2025-10-17 19:00:00+02:00;22100,000;1,000;MESURE
2025-10-17 20:00:00+02:00;7592,000;1,000;MESURE
2025-10-17 21:00:00+02:00;7596,000;1,000;MESURE
2025-10-17 22:00:00+02:00;7592,000;1,000;MESURE
2025-10-17 23:00:00+02:00;7628,000;1,000;MESURE
2025-10-18 00:00:00+02:00;918,000;1,000;MESURE
2025-10-18 01:00:00+02:00;98,000;1,000;MESURE
2025-10-18 02:00:00+02:00;99,000;1,000;MESURE
2025-10-18 03:00:00+02:00;98,000;1,000;MESURE
2025-10-18 04:00:00+02:00;98,000;1,000;MESURE
2025-10-18 05:00:00+02:00;99,000;1,000;MESURE
2025-10-18 06:00:00+02:00;98,000;1,000;MESURE
2025-10-18 07:00:00+02:00;69,000;1,000;MESURE
2025-10-18 08:00:00+02:00;90,000;1,000;MESURE
2025-10-18 09:00:00+02:00;86,000;1,000;MESURE
2025-10-18 10:00:00+02:00;69,000;1,000;MESURE
2025-10-18 11:00:00+02:00;69,000;1,000;MESURE
2025-10-18 12:00:00+02:00;3302,000;1,000;MESURE
2025-10-18 13:00:00+02:00;10999,000;1,000;MESURE
2025-10-18 14:00:00+02:00;10677,000;1,000;MESURE
2025-10-18 15:00:00+02:00;6326,000;1,000;MESURE
2025-10-18 16:00:00+02:00;7016,000;1,000;MESURE
2025-10-18 17:00:00+02:00;7015,000;1,000;MESURE
2025-10-18 18:00:00+02:00;1752,000;1,000;MESURE
2025-10-18 19:00:00+02:00;9090,000;1,000;MESURE
2025-10-18 20:00:00+02:00;18299,000;1,000;MESURE
2025-10-18 21:00:00+02:00;8219,000;1,000;MESURE
2025-10-18 22:00:00+02:00;2932,000;1,000;MESURE
2025-10-18 23:00:00+02:00;98,000;1,000;MESURE
2025-10-19 00:00:00+02:00;98,000;1,000;MESURE
2025-10-19 01:00:00+02:00;98,000;1,000;MESURE
2025-10-19 02:00:00+02:00;99,000;1,000;MESURE
2025-10-19 03:00:00+02:00;98,000;1,000;MESURE
2025-10-19 04:00:00+02:00;98,000;1,000;MESURE
2025-10-19 05:00:00+02:00;99,000;1,000;MESURE
2025-10-19 06:00:00+02:00;98,000;1,000;MESURE
2025-10-19 07:00:00+02:00;99,000;1,000;MESURE
2025-10-19 08:00:00+02:00;98,000;1,000;MESURE
2025-10-19 09:00:00+02:00;99,000;1,000;MESURE
2025-10-19 10:00:00+02:00;97,000;1,000;MESURE
2025-10-19 11:00:00+02:00;8639,000;1,000;MESURE
2025-10-19 12:00:00+02:00;452,000;1,000;MESURE
2025-10-19 13:00:00+02:00;6809,000;1,000;MESURE
2025-10-19 14:00:00+02:00;20331,000;1,000;MESURE
2025-10-19 15:00:00+02:00;3736,000;1,000;MESURE
2025-10-19 16:00:00+02:00;68,000;1,000;MESURE
2025-10-19 17:00:00+02:00;16128,000;1,000;MESURE
2025-10-19 18:00:00+02:00;27052,000;1,000;MESURE
2025-10-19 19:00:00+02:00;8809,000;1,000;MESURE
2025-10-19 20:00:00+02:00;11000,000;1,000;MESURE
2025-10-19 21:00:00+02:00;11691,000;1,000;MESURE
2025-10-19 22:00:00+02:00;11703,000;1,000;MESURE
2025-10-19 23:00:00+02:00;2173,000;1,000;MESURE
2025-10-20 00:00:00+02:00;69,000;1,000;MESURE
2025-10-20 01:00:00+02:00;69,000;1,000;MESURE
2025-10-20 02:00:00+02:00;71,000;1,000;MESURE
2025-10-20 03:00:00+02:00;73,000;1,000;MESURE
2025-10-20 04:00:00+02:00;73,000;1,000;MESURE
2025-10-20 05:00:00+02:00;74,000;1,000;MESURE
2025-10-20 06:00:00+02:00;79,000;1,000;MESURE
2025-10-20 07:00:00+02:00;85,000;1,000;MESURE
2025-10-20 08:00:00+02:00;83,000;1,000;MESURE
2025-10-20 09:00:00+02:00;82,000;1,000;MESURE
2025-10-20 10:00:00+02:00;82,000;1,000;MESURE
2025-10-20 11:00:00+02:00;82,000;1,000;MESURE
2025-10-20 12:00:00+02:00;82,000;1,000;MESURE
2025-10-20 13:00:00+02:00;1873,000;1,000;MESURE
2025-10-20 14:00:00+02:00;7715,000;1,000;MESURE
2025-10-20 15:00:00+02:00;7715,000;1,000;MESURE
2025-10-20 16:00:00+02:00;5168,000;1,000;MESURE
2025-10-20 17:00:00+02:00;83,000;1,000;MESURE
2025-10-20 18:00:00+02:00;77,000;1,000;MESURE
2025-10-20 19:00:00+02:00;69,000;1,000;MESURE
2025-10-20 20:00:00+02:00;4625,000;1,000;MESURE
2025-10-20 21:00:00+02:00;11651,000;1,000;MESURE
2025-10-20 22:00:00+02:00;2823,000;1,000;MESURE
2025-10-20 23:00:00+02:00;69,000;1,000;MESURE
2025-10-21 00:00:00+02:00;73,000;1,000;MESURE
2025-10-21 01:00:00+02:00;74,000;1,000;MESURE
2025-10-21 02:00:00+02:00;73,000;1,000;MESURE
2025-10-21 03:00:00+02:00;74,000;1,000;MESURE
2025-10-21 04:00:00+02:00;73,000;1,000;MESURE
2025-10-21 05:00:00+02:00;74,000;1,000;MESURE
2025-10-21 06:00:00+02:00;78,000;1,000;MESURE
2025-10-21 07:00:00+02:00;86,000;1,000;MESURE
2025-10-21 08:00:00+02:00;9583,000;1,000;MESURE
2025-10-21 09:00:00+02:00;10504,000;1,000;MESURE
2025-10-21 10:00:00+02:00;171,000;1,000;MESURE
2025-10-21 11:00:00+02:00;83,000;1,000;MESURE
2025-10-21 12:00:00+02:00;85,000;1,000;MESURE
2025-10-21 13:00:00+02:00;82,000;1,000;MESURE
2025-10-21 14:00:00+02:00;81,000;1,000;MESURE
2025-10-21 15:00:00+02:00;83,000;1,000;MESURE
2025-10-21 16:00:00+02:00;83,000;1,000;MESURE
2025-10-21 17:00:00+02:00;83,000;1,000;MESURE
2025-10-21 18:00:00+02:00;76,000;1,000;MESURE
2025-10-21 19:00:00+02:00;70,000;1,000;MESURE
2025-10-21 20:00:00+02:00;69,000;1,000;MESURE
2025-10-21 21:00:00+02:00;69,000;1,000;MESURE
2025-10-21 22:00:00+02:00;6548,000;1,000;MESURE
2025-10-21 23:00:00+02:00;7492,000;1,000;MESURE
2025-10-22 00:00:00+02:00;7502,000;1,000;MESURE
2025-10-22 01:00:00+02:00;7434,000;1,000;MESURE
2025-10-22 02:00:00+02:00;7497,000;1,000;MESURE
2025-10-22 03:00:00+02:00;7483,000;1,000;MESURE
2025-10-22 04:00:00+02:00;7474,000;1,000;MESURE
2025-10-22 05:00:00+02:00;7533,000;1,000;MESURE
2025-10-22 06:00:00+02:00;5677,000;1,000;MESURE
2025-10-22 07:00:00+02:00;85,000;1,000;MESURE
2025-10-22 08:00:00+02:00;82,000;1,000;MESURE
2025-10-22 09:00:00+02:00;81,000;1,000;MESURE
2025-10-22 10:00:00+02:00;83,000;1,000;MESURE
2025-10-22 11:00:00+02:00;83,000;1,000;MESURE
2025-10-22 12:00:00+02:00;82,000;1,000;MESURE
2025-10-22 13:00:00+02:00;84,000;1,000;MESURE
2025-10-22 14:00:00+02:00;81,000;1,000;MESURE
2025-10-22 15:00:00+02:00;83,000;1,000;MESURE
2025-10-22 16:00:00+02:00;82,000;1,000;MESURE
2025-10-22 17:00:00+02:00;84,000;1,000;MESURE
2025-10-22 18:00:00+02:00;77,000;1,000;MESURE
2025-10-22 19:00:00+02:00;5958,000;1,000;MESURE
2025-10-22 20:00:00+02:00;70,000;1,000;MESURE
2025-10-22 21:00:00+02:00;70,000;1,000;MESURE
2025-10-22 22:00:00+02:00;70,000;1,000;MESURE
2025-10-22 23:00:00+02:00;69,000;1,000;MESURE
2025-10-23 00:00:00+02:00;73,000;1,000;MESURE
2025-10-23 01:00:00+02:00;73,000;1,000;MESURE
2025-10-23 02:00:00+02:00;74,000;1,000;MESURE
2025-10-23 03:00:00+02:00;73,000;1,000;MESURE
2025-10-23 04:00:00+02:00;74,000;1,000;MESURE
2025-10-23 05:00:00+02:00;73,000;1,000;MESURE
2025-10-23 06:00:00+02:00;79,000;1,000;MESURE
2025-10-23 07:00:00+02:00;85,000;1,000;MESURE
2025-10-23 08:00:00+02:00;86,000;1,000;MESURE
2025-10-23 09:00:00+02:00;83,000;1,000;MESURE
2025-10-23 10:00:00+02:00;82,000;1,000;MESURE
2025-10-23 11:00:00+02:00;82,000;1,000;MESURE
2025-10-23 12:00:00+02:00;83,000;1,000;MESURE
2025-10-23 13:00:00+02:00;8855,000;1,000;MESURE
2025-10-23 14:00:00+02:00;11384,000;1,000;MESURE
2025-10-23 15:00:00+02:00;81,000;1,000;MESURE
2025-10-23 16:00:00+02:00;82,000;1,000;MESURE
2025-10-23 17:00:00+02:00;2442,000;1,000;MESURE
2025-10-23 18:00:00+02:00;11452,000;1,000;MESURE
2025-10-23 19:00:00+02:00;10686,000;1,000;MESURE
2025-10-23 20:00:00+02:00;75,000;1,000;MESURE
2025-10-23 21:00:00+02:00;87,000;1,000;MESURE
2025-10-23 22:00:00+02:00;1987,000;1,000;MESURE
2025-10-23 23:00:00+02:00;7185,000;1,000;MESURE
2025-10-24 00:00:00+02:00;7204,000;1,000;MESURE
2025-10-24 01:00:00+02:00;7242,000;1,000;MESURE
2025-10-24 02:00:00+02:00;7277,000;1,000;MESURE
2025-10-24 03:00:00+02:00;4313,000;1,000;MESURE
2025-10-24 04:00:00+02:00;1517,000;1,000;MESURE
2025-10-24 05:00:00+02:00;102,000;1,000;MESURE
2025-10-24 06:00:00+02:00;107,000;1,000;MESURE
2025-10-24 07:00:00+02:00;114,000;1,000;MESURE
2025-10-24 08:00:00+02:00;109,000;1,000;MESURE
2025-10-24 09:00:00+02:00;110,000;1,000;MESURE
2025-10-24 10:00:00+02:00;85,000;1,000;MESURE
2025-10-24 11:00:00+02:00;82,000;1,000;MESURE
2025-10-24 12:00:00+02:00;83,000;1,000;MESURE
2025-10-24 13:00:00+02:00;81,000;1,000;MESURE
2025-10-24 14:00:00+02:00;82,000;1,000;MESURE
2025-10-24 15:00:00+02:00;82,000;1,000;MESURE
2025-10-24 16:00:00+02:00;5124,000;1,000;MESURE
2025-10-24 17:00:00+02:00;8959,000;1,000;MESURE
2025-10-24 18:00:00+02:00;6708,000;1,000;MESURE
2025-10-24 19:00:00+02:00;100,000;1,000;MESURE
2025-10-24 20:00:00+02:00;89,000;1,000;MESURE
2025-10-24 21:00:00+02:00;471,000;1,000;MESURE
2025-10-24 22:00:00+02:00;10624,000;1,000;MESURE
2025-10-24 23:00:00+02:00;10618,000;1,000;MESURE
2025-10-25 00:00:00+02:00;103,000;1,000;MESURE
2025-10-25 01:00:00+02:00;103,000;1,000;MESURE
2025-10-25 02:00:00+02:00;103,000;1,000;MESURE
2025-10-25 03:00:00+02:00;103,000;1,000;MESURE
2025-10-25 04:00:00+02:00;103,000;1,000;MESURE
2025-10-25 05:00:00+02:00;103,000;1,000;MESURE
2025-10-25 06:00:00+02:00;103,000;1,000;MESURE
2025-10-25 07:00:00+02:00;102,000;1,000;MESURE
2025-10-25 08:00:00+02:00;99,000;1,000;MESURE
2025-10-25 09:00:00+02:00;1770,000;1,000;MESURE
2025-10-25 10:00:00+02:00;9089,000;1,000;MESURE
2025-10-25 11:00:00+02:00;11090,000;1,000;MESURE
2025-10-25 12:00:00+02:00;18382,000;1,000;MESURE
2025-10-25 13:00:00+02:00;18568,000;1,000;MESURE
2025-10-25 14:00:00+02:00;17000,000;1,000;MESURE
2025-10-25 15:00:00+02:00;10385,000;1,000;MESURE
2025-10-25 16:00:00+02:00;2212,000;1,000;MESURE
2025-10-25 17:00:00+02:00;1183,000;1,000;MESURE
2025-10-25 18:00:00+02:00;99,000;1,000;MESURE
2025-10-25 19:00:00+02:00;83,000;1,000;MESURE
2025-10-25 20:00:00+02:00;69,000;1,000;MESURE
2025-10-25 21:00:00+02:00;98,000;1,000;MESURE
2025-10-25 22:00:00+02:00;87,000;1,000;MESURE
2025-10-25 23:00:00+02:00;74,000;1,000;MESURE
2025-10-26 00:00:00+02:00;103,000;1,000;MESURE
2025-10-26 01:00:00+02:00;103,000;1,000;MESURE
2025-10-26 02:00:00+02:00;103,000;1,000;MESURE
2025-10-26 02:00:00+01:00;103,000;1,000;MESURE
2025-10-26 03:00:00+01:00;103,000;1,000;MESURE
2025-10-26 04:00:00+01:00;103,000;1,000;MESURE
2025-10-26 05:00:00+01:00;103,000;1,000;MESURE
2025-10-26 06:00:00+01:00;103,000;1,000;MESURE
2025-10-26 07:00:00+01:00;98,000;1,000;MESURE
2025-10-26 08:00:00+01:00;99,000;1,000;MESURE
2025-10-26 09:00:00+01:00;6670,000;1,000;MESURE
2025-10-26 10:00:00+01:00;10500,000;1,000;MESURE
2025-10-26 11:00:00+01:00;10507,000;1,000;MESURE
2025-10-26 12:00:00+01:00;8129,000;1,000;MESURE
2025-10-26 13:00:00+01:00;17748,000;1,000;MESURE
2025-10-26 14:00:00+01:00;13750,000;1,000;MESURE
2025-10-26 15:00:00+01:00;9759,000;1,000;MESURE
2025-10-26 16:00:00+01:00;91,000;1,000;MESURE
2025-10-26 17:00:00+01:00;98,000;1,000;MESURE
2025-10-26 18:00:00+01:00;9756,000;1,000;MESURE
2025-10-26 19:00:00+01:00;21665,000;1,000;MESURE
2025-10-26 20:00:00+01:00;8649,000;1,000;MESURE
2025-10-26 21:00:00+01:00;99,000;1,000;MESURE
2025-10-26 22:00:00+01:00;98,000;1,000;MESURE
2025-10-26 23:00:00+01:00;98,000;1,000;MESURE
2025-10-27 00:00:00+01:00;103,000;1,000;MESURE
2025-10-27 01:00:00+01:00;103,000;1,000;MESURE
2025-10-27 02:00:00+01:00;103,000;1,000;MESURE
2025-10-27 03:00:00+01:00;103,000;1,000;MESURE
2025-10-27 04:00:00+01:00;103,000;1,000;MESURE
2025-10-27 05:00:00+01:00;104,000;1,000;MESURE
2025-10-27 06:00:00+01:00;108,000;1,000;MESURE
2025-10-27 07:00:00+01:00;111,000;1,000;MESURE
2025-10-27 08:00:00+01:00;6607,000;1,000;MESURE
2025-10-27 09:00:00+01:00;7776,000;1,000;MESURE
2025-10-27 10:00:00+01:00;7782,000;1,000;MESURE
2025-10-27 11:00:00+01:00;6095,000;1,000;MESURE
2025-10-27 12:00:00+01:00;3175,000;1,000;MESURE
2025-10-27 13:00:00+01:00;7600,000;1,000;MESURE
2025-10-27 14:00:00+01:00;7621,000;1,000;MESURE
2025-10-27 15:00:00+01:00;7623,000;1,000;MESURE
2025-10-27 16:00:00+01:00;7651,000;1,000;MESURE
2025-10-27 17:00:00+01:00;5959,000;1,000;MESURE
2025-10-27 18:00:00+01:00;105,000;1,000;MESURE
2025-10-27 19:00:00+01:00;100,000;1,000;MESURE
2025-10-27 20:00:00+01:00;73,000;1,000;MESURE
2025-10-27 21:00:00+01:00;89,000;1,000;MESURE
2025-10-27 22:00:00+01:00;99,000;1,000;MESURE
2025-10-27 23:00:00+01:00;77,000;1,000;MESURE
2025-10-28 00:00:00+01:00;93,000;1,000;MESURE
2025-10-28 01:00:00+01:00;103,000;1,000;MESURE
2025-10-28 02:00:00+01:00;103,000;1,000;MESURE
2025-10-28 03:00:00+01:00;103,000;1,000;MESURE
2025-10-28 04:00:00+01:00;103,000;1,000;MESURE
2025-10-28 05:00:00+01:00;103,000;1,000;MESURE
2025-10-28 06:00:00+01:00;108,000;1,000;MESURE
2025-10-28 07:00:00+01:00;111,000;1,000;MESURE
2025-10-28 08:00:00+01:00;101,000;1,000;MESURE
2025-10-28 09:00:00+01:00;82,000;1,000;MESURE
2025-10-28 10:00:00+01:00;82,000;1,000;MESURE
2025-10-28 11:00:00+01:00;83,000;1,000;MESURE
2025-10-28 12:00:00+01:00;82,000;1,000;MESURE
2025-10-28 13:00:00+01:00;82,000;1,000;MESURE
2025-10-28 14:00:00+01:00;81,000;1,000;MESURE
2025-10-28 15:00:00+01:00;84,000;1,000;MESURE
2025-10-28 16:00:00+01:00;10382,000;1,000;MESURE
2025-10-28 17:00:00+01:00;10628,000;1,000;MESURE
2025-10-28 18:00:00+01:00;7536,000;1,000;MESURE
2025-10-28 19:00:00+01:00;9823,000;1,000;MESURE
2025-10-28 20:00:00+01:00;15002,000;1,000;MESURE
2025-10-28 21:00:00+01:00;7658,000;1,000;MESURE
2025-10-28 22:00:00+01:00;4830,000;1,000;MESURE
2025-10-28 23:00:00+01:00;99,000;1,000;MESURE
2025-10-29 00:00:00+01:00;98,000;1,000;MESURE
2025-10-29 01:00:00+01:00;98,000;1,000;MESURE
2025-10-29 02:00:00+01:00;99,000;1,000;MESURE
2025-10-29 03:00:00+01:00;98,000;1,000;MESURE
2025-10-29 04:00:00+01:00;99,000;1,000;MESURE
2025-10-29 05:00:00+01:00;98,000;1,000;MESURE
2025-10-29 06:00:00+01:00;104,000;1,000;MESURE
2025-10-29 07:00:00+01:00;110,000;1,000;MESURE
2025-10-29 08:00:00+01:00;110,000;1,000;MESURE
2025-10-29 09:00:00+01:00;1030,000;1,000;MESURE
2025-10-29 10:00:00+01:00;7378,000;1,000;MESURE
2025-10-29 11:00:00+01:00;7268,000;1,000;MESURE
2025-10-29 12:00:00+01:00;7272,000;1,000;MESURE
2025-10-29 13:00:00+01:00;1128,000;1,000;MESURE
2025-10-29 14:00:00+01:00;83,000;1,000;MESURE
2025-10-29 15:00:00+01:00;83,000;1,000;MESURE
2025-10-29 16:00:00+01:00;82,000;1,000;MESURE
2025-10-29 17:00:00+01:00;83,000;1,000;MESURE
2025-10-29 18:00:00+01:00;17055,000;1,000;MESURE
2025-10-29 19:00:00+01:00;28029,000;1,000;MESURE
2025-10-29 20:00:00+01:00;11820,000;1,000;MESURE
2025-10-29 21:00:00+01:00;11704,000;1,000;MESURE
2025-10-29 22:00:00+01:00;169,000;1,000;MESURE
2025-10-29 23:00:00+01:00;98,000;1,000;MESURE
2025-10-30 00:00:00+01:00;77,000;1,000;MESURE
2025-10-30 01:00:00+01:00;86,000;1,000;MESURE
2025-10-30 02:00:00+01:00;103,000;1,000;MESURE
2025-10-30 03:00:00+01:00;77,000;1,000;MESURE
2025-10-30 04:00:00+01:00;74,000;1,000;MESURE
2025-10-30 05:00:00+01:00;99,000;1,000;MESURE
2025-10-30 06:00:00+01:00;90,000;1,000;MESURE
2025-10-30 07:00:00+01:00;82,000;1,000;MESURE
2025-10-30 08:00:00+01:00;81,000;1,000;MESURE
2025-10-30 09:00:00+01:00;82,000;1,000;MESURE
2025-10-30 10:00:00+01:00;83,000;1,000;MESURE
2025-10-30 11:00:00+01:00;82,000;1,000;MESURE
2025-10-30 12:00:00+01:00;83,000;1,000;MESURE
2025-10-30 13:00:00+01:00;82,000;1,000;MESURE
2025-10-30 14:00:00+01:00;82,000;1,000;MESURE
2025-10-30 15:00:00+01:00;81,000;1,000;MESURE
2025-10-30 16:00:00+01:00;81,000;1,000;MESURE
2025-10-30 17:00:00+01:00;6571,000;1,000;MESURE
2025-10-30 18:00:00+01:00;7519,000;1,000;MESURE
2025-10-30 19:00:00+01:00;10689,000;1,000;MESURE
2025-10-30 20:00:00+01:00;18858,000;1,000;MESURE
2025-10-30 21:00:00+01:00;6683,000;1,000;MESURE
2025-10-30 22:00:00+01:00;68,000;1,000;MESURE
2025-10-30 23:00:00+01:00;69,000;1,000;MESURE
2025-10-31 00:00:00+01:00;68,000;1,000;MESURE
2025-10-31 01:00:00+01:00;69,000;1,000;MESURE
2025-10-31 02:00:00+01:00;69,000;1,000;MESURE
2025-10-31 03:00:00+01:00;69,000;1,000;MESURE
2025-10-31 04:00:00+01:00;69,000;1,000;MESURE
2025-10-31 05:00:00+01:00;69,000;1,000;MESURE
2025-10-31 06:00:00+01:00;74,000;1,000;MESURE
2025-10-31 07:00:00+01:00;80,000;1,000;MESURE
2025-10-31 08:00:00+01:00;7210,000;1,000;MESURE
2025-10-31 09:00:00+01:00;7774,000;1,000;MESURE
2025-10-31 10:00:00+01:00;9270,000;1,000;MESURE
2025-10-31 11:00:00+01:00;21326,000;1,000;MESURE
2025-10-31 12:00:00+01:00;225,000;1,000;MESURE
2025-10-31 13:00:00+01:00;83,000;1,000;MESURE
2025-10-31 14:00:00+01:00;82,000;1,000;MESURE
2025-10-31 15:00:00+01:00;83,000;1,000;MESURE
2025-10-31 16:00:00+01:00;7466,000;1,000;MESURE
2025-10-31 17:00:00+01:00;9804,000;1,000;MESURE
2025-10-31 18:00:00+01:00;77,000;1,000;MESURE
2025-10-31 19:00:00+01:00;15786,000;1,000;MESURE
2025-10-31 20:00:00+01:00;12282,000;1,000;MESURE
2025-10-31 21:00:00+01:00;11524,000;1,000;MESURE
2025-10-31 22:00:00+01:00;4131,000;1,000;MESURE
2025-10-31 23:00:00+01:00;69,000;1,000;MESURE
2025-11-01 00:00:00+01:00;69,000;1,000;MESURE
2025-11-01 01:00:00+01:00;85,000;1,000;MESURE
2025-11-01 02:00:00+01:00;93,000;1,000;MESURE
2025-11-01 03:00:00+01:00;69,000;1,000;MESURE
2025-11-01 04:00:00+01:00;93,000;1,000;MESURE
2025-11-01 05:00:00+01:00;96,000;1,000;MESURE
2025-11-01 06:00:00+01:00;7622,000;1,000;MESURE
2025-11-01 07:00:00+01:00;8587,000;1,000;MESURE
2025-11-01 08:00:00+01:00;92,000;1,000;MESURE
2025-11-01 09:00:00+01:00;69,000;1,000;MESURE
2025-11-01 10:00:00+01:00;69,000;1,000;MESURE
2025-11-01 11:00:00+01:00;69,000;1,000;MESURE
2025-11-01 12:00:00+01:00;2906,000;1,000;MESURE
2025-11-01 13:00:00+01:00;18997,000;1,000;MESURE
2025-11-01 14:00:00+01:00;15506,000;1,000;MESURE
2025-11-01 15:00:00+01:00;69,000;1,000;MESURE
2025-11-01 16:00:00+01:00;71,000;1,000;MESURE
2025-11-01 17:00:00+01:00;8127,000;1,000;MESURE
2025-11-01 18:00:00+01:00;10638,000;1,000;MESURE
2025-11-01 19:00:00+01:00;10645,000;1,000;MESURE
2025-11-01 20:00:00+01:00;1331,000;1,000;MESURE
2025-11-01 21:00:00+01:00;69,000;1,000;MESURE
2025-11-01 22:00:00+01:00;69,000;1,000;MESURE
2025-11-01 23:00:00+01:00;69,000;1,000;MESURE
2025-11-02 00:00:00+01:00;73,000;1,000;MESURE
2025-11-02 01:00:00+01:00;74,000;1,000;MESURE
2025-11-02 02:00:00+01:00;73,000;1,000;MESURE
2025-11-02 03:00:00+01:00;74,000;1,000;MESURE
2025-11-02 04:00:00+01:00;73,000;1,000;MESURE
2025-11-02 05:00:00+01:00;74,000;1,000;MESURE
2025-11-02 06:00:00+01:00;73,000;1,000;MESURE
2025-11-02 07:00:00+01:00;72,000;1,000;MESURE
2025-11-02 08:00:00+01:00;69,000;1,000;MESURE
2025-11-02 09:00:00+01:00;16656,000;1,000;MESURE
2025-11-02 10:00:00+01:00;11757,000;1,000;MESURE
2025-11-02 11:00:00+01:00;5363,000;1,000;MESURE
2025-11-02 12:00:00+01:00;71,000;1,000;MESURE
2025-11-02 13:00:00+01:00;1137,000;1,000;MESURE
2025-11-02 14:00:00+01:00;16111,000;1,000;MESURE
2025-11-02 15:00:00+01:00;21273,000;1,000;MESURE
2025-11-02 16:00:00+01:00;5594,000;1,000;MESURE
2025-11-02 17:00:00+01:00;10500,000;1,000;MESURE
2025-11-02 18:00:00+01:00;6734,000;1,000;MESURE
2025-11-02 19:00:00+01:00;100,000;1,000;MESURE
2025-11-02 20:00:00+01:00;101,000;1,000;MESURE
2025-11-02 21:00:00+01:00;100,000;1,000;MESURE
2025-11-02 22:00:00+01:00;101,000;1,000;MESURE
2025-11-02 23:00:00+01:00;100,000;1,000;MESURE
2025-11-03 00:00:00+01:00;106,000;1,000;MESURE
2025-11-03 01:00:00+01:00;105,000;1,000;MESURE
2025-11-03 02:00:00+01:00;105,000;1,000;MESURE
2025-11-03 03:00:00+01:00;105,000;1,000;MESURE
2025-11-03 04:00:00+01:00;106,000;1,000;MESURE
2025-11-03 05:00:00+01:00;105,000;1,000;MESURE
2025-11-03 06:00:00+01:00;111,000;1,000;MESURE
2025-11-03 07:00:00+01:00;112,000;1,000;MESURE
2025-11-03 08:00:00+01:00;97,000;1,000;MESURE
2025-11-03 09:00:00+01:00;82,000;1,000;MESURE
2025-11-03 10:00:00+01:00;81,000;1,000;MESURE
2025-11-03 11:00:00+01:00;82,000;1,000;MESURE
2025-11-03 12:00:00+01:00;8248,000;1,000;MESURE
2025-11-03 13:00:00+01:00;11477,000;1,000;MESURE
2025-11-03 14:00:00+01:00;3485,000;1,000;MESURE
2025-11-03 15:00:00+01:00;82,000;1,000;MESURE
2025-11-03 16:00:00+01:00;81,000;1,000;MESURE
2025-11-03 17:00:00+01:00;82,000;1,000;MESURE
2025-11-03 18:00:00+01:00;104,000;1,000;MESURE
2025-11-03 19:00:00+01:00;13044,000;1,000;MESURE
2025-11-03 20:00:00+01:00;14223,000;1,000;MESURE
2025-11-03 21:00:00+01:00;100,000;1,000;MESURE
2025-11-03 22:00:00+01:00;98,000;1,000;MESURE
2025-11-03 23:00:00+01:00;99,000;1,000;MESURE
2025-11-04 00:00:00+01:00;98,000;1,000;MESURE
2025-11-04 01:00:00+01:00;99,000;1,000;MESURE
2025-11-04 02:00:00+01:00;98,000;1,000;MESURE
2025-11-04 03:00:00+01:00;99,000;1,000;MESURE
2025-11-04 04:00:00+01:00;98,000;1,000;MESURE
2025-11-04 05:00:00+01:00;98,000;1,000;MESURE
2025-11-04 06:00:00+01:00;104,000;1,000;MESURE
2025-11-04 07:00:00+01:00;111,000;1,000;MESURE
2025-11-04 08:00:00+01:00;110,000;1,000;MESURE
2025-11-04 09:00:00+01:00;91,000;1,000;MESURE
2025-11-04 10:00:00+01:00;523,000;1,000;MESURE
2025-11-04 11:00:00+01:00;10641,000;1,000;MESURE
2025-11-04 12:00:00+01:00;9388,000;1,000;MESURE
2025-11-04 13:00:00+01:00;83,000;1,000;MESURE
2025-11-04 14:00:00+01:00;82,000;1,000;MESURE
2025-11-04 15:00:00+01:00;82,000;1,000;MESURE
2025-11-04 16:00:00+01:00;81,000;1,000;MESURE
2025-11-04 17:00:00+01:00;97,000;1,000;MESURE
2025-11-04 18:00:00+01:00;106,000;1,000;MESURE
2025-11-04 19:00:00+01:00;99,000;1,000;MESURE
2025-11-04 20:00:00+01:00;99,000;1,000;MESURE
2025-11-04 21:00:00+01:00;99,000;1,000;MESURE
2025-11-04 22:00:00+01:00;98,000;1,000;MESURE
2025-11-04 23:00:00+01:00;98,000;1,000;MESURE
2025-11-05 00:00:00+01:00;99,000;1,000;MESURE
2025-11-05 01:00:00+01:00;98,000;1,000;MESURE
2025-11-05 02:00:00+01:00;99,000;1,000;MESURE
2025-11-05 03:00:00+01:00;98,000;1,000;MESURE
2025-11-05 04:00:00+01:00;99,000;1,000;MESURE
2025-11-05 05:00:00+01:00;98,000;1,000;MESURE
2025-11-05 06:00:00+01:00;104,000;1,000;MESURE
2025-11-05 07:00:00+01:00;110,000;1,000;MESURE
2025-11-05 08:00:00+01:00;5168,000;1,000;MESURE
2025-11-05 09:00:00+01:00;7707,000;1,000;MESURE
2025-11-05 10:00:00+01:00;8331,000;1,000;MESURE
2025-11-05 11:00:00+01:00;14586,000;1,000;MESURE
2025-11-05 12:00:00+01:00;6219,000;1,000;MESURE
2025-11-05 13:00:00+01:00;3254,000;1,000;MESURE
2025-11-05 14:00:00+01:00;8542,000;1,000;MESURE
2025-11-05 15:00:00+01:00;81,000;1,000;MESURE
2025-11-05 16:00:00+01:00;6911,000;1,000;MESURE
2025-11-05 17:00:00+01:00;7479,000;1,000;MESURE
2025-11-05 18:00:00+01:00;9249,000;1,000;MESURE
2025-11-05 19:00:00+01:00;14018,000;1,000;MESURE
2025-11-05 20:00:00+01:00;9929,000;1,000;MESURE
2025-11-05 21:00:00+01:00;6883,000;1,000;MESURE
2025-11-05 22:00:00+01:00;98,000;1,000;MESURE
2025-11-05 23:00:00+01:00;98,000;1,000;MESURE
2025-11-06 00:00:00+01:00;3714,000;1,000;MESURE
2025-11-06 01:00:00+01:00;7253,000;1,000;MESURE
2025-11-06 02:00:00+01:00;7230,000;1,000;MESURE
2025-11-06 03:00:00+01:00;7248,000;1,000;MESURE
2025-11-06 04:00:00+01:00;7245,000;1,000;MESURE
2025-11-06 05:00:00+01:00;6565,000;1,000;MESURE
2025-11-06 06:00:00+01:00;3036,000;1,000;MESURE
2025-11-06 07:00:00+01:00;175,000;1,000;MESURE
2025-11-06 08:00:00+01:00;867,000;1,000;MESURE
2025-11-06 09:00:00+01:00;7304,000;1,000;MESURE
2025-11-06 10:00:00+01:00;1497,000;1,000;MESURE
2025-11-06 11:00:00+01:00;83,000;1,000;MESURE
2025-11-06 12:00:00+01:00;82,000;1,000;MESURE
2025-11-06 13:00:00+01:00;82,000;1,000;MESURE
2025-11-06 14:00:00+01:00;83,000;1,000;MESURE
2025-11-06 15:00:00+01:00;81,000;1,000;MESURE
2025-11-06 16:00:00+01:00;104,000;1,000;MESURE
2025-11-06 17:00:00+01:00;1589,000;1,000;MESURE
2025-11-06 18:00:00+01:00;17935,000;1,000;MESURE
2025-11-06 19:00:00+01:00;18889,000;1,000;MESURE
2025-11-06 20:00:00+01:00;9033,000;1,000;MESURE
2025-11-06 21:00:00+01:00;3289,000;1,000;MESURE
2025-11-06 22:00:00+01:00;98,000;1,000;MESURE
2025-11-06 23:00:00+01:00;99,000;1,000;MESURE
2025-11-07 00:00:00+01:00;98,000;1,000;MESURE
2025-11-07 01:00:00+01:00;98,000;1,000;MESURE
2025-11-07 02:00:00+01:00;98,000;1,000;MESURE
2025-11-07 03:00:00+01:00;99,000;1,000;MESURE
2025-11-07 04:00:00+01:00;98,000;1,000;MESURE
2025-11-07 05:00:00+01:00;98,000;1,000;MESURE
2025-11-07 06:00:00+01:00;104,000;1,000;MESURE
2025-11-07 07:00:00+01:00;110,000;1,000;MESURE
2025-11-07 08:00:00+01:00;110,000;1,000;MESURE
2025-11-07 09:00:00+01:00;112,000;1,000;MESURE
2025-11-07 10:00:00+01:00;113,000;1,000;MESURE
2025-11-07 11:00:00+01:00;5335,000;1,000;MESURE
2025-11-07 12:00:00+01:00;7668,000;1,000;MESURE
2025-11-07 13:00:00+01:00;7690,000;1,000;MESURE
2025-11-07 14:00:00+01:00;5487,000;1,000;MESURE
2025-11-07 15:00:00+01:00;81,000;1,000;MESURE
2025-11-07 16:00:00+01:00;12176,000;1,000;MESURE
2025-11-07 17:00:00+01:00;14880,000;1,000;MESURE
2025-11-07 18:00:00+01:00;13273,000;1,000;MESURE
2025-11-07 19:00:00+01:00;4188,000;1,000;MESURE
2025-11-07 20:00:00+01:00;1496,000;1,000;MESURE
2025-11-07 21:00:00+01:00;99,000;1,000;MESURE
2025-11-07 22:00:00+01:00;98,000;1,000;MESURE
2025-11-07 23:00:00+01:00;98,000;1,000;MESURE
2025-11-08 00:00:00+01:00;101,000;1,000;MESURE
2025-11-08 01:00:00+01:00;101,000;1,000;MESURE
2025-11-08 02:00:00+01:00;100,000;1,000;MESURE
2025-11-08 03:00:00+01:00;101,000;1,000;MESURE
2025-11-08 04:00:00+01:00;101,000;1,000;MESURE
2025-11-08 05:00:00+01:00;100,000;1,000;MESURE
2025-11-08 06:00:00+01:00;101,000;1,000;MESURE
2025-11-08 07:00:00+01:00;99,000;1,000;MESURE
2025-11-08 08:00:00+01:00;99,000;1,000;MESURE
2025-11-08 09:00:00+01:00;98,000;1,000;MESURE
2025-11-08 10:00:00+01:00;6386,000;1,000;MESURE
2025-11-08 11:00:00+01:00;4789,000;1,000;MESURE
2025-11-08 12:00:00+01:00;7286,000;1,000;MESURE
2025-11-08 13:00:00+01:00;7297,000;1,000;MESURE
2025-11-08 14:00:00+01:00;9231,000;1,000;MESURE
2025-11-08 15:00:00+01:00;11422,000;1,000;MESURE
2025-11-08 16:00:00+01:00;8649,000;1,000;MESURE
2025-11-08 17:00:00+01:00;100,000;1,000;MESURE
2025-11-08 18:00:00+01:00;100,000;1,000;MESURE
2025-11-08 19:00:00+01:00;99,000;1,000;MESURE
2025-11-08 20:00:00+01:00;98,000;1,000;MESURE
2025-11-08 21:00:00+01:00;99,000;1,000;MESURE
2025-11-08 22:00:00+01:00;98,000;1,000;MESURE
2025-11-08 23:00:00+01:00;98,000;1,000;MESURE
2025-11-09 00:00:00+01:00;99,000;1,000;MESURE
2025-11-09 01:00:00+01:00;98,000;1,000;MESURE
2025-11-09 02:00:00+01:00;98,000;1,000;MESURE
2025-11-09 03:00:00+01:00;99,000;1,000;MESURE
2025-11-09 04:00:00+01:00;98,000;1,000;MESURE
2025-11-09 05:00:00+01:00;98,000;1,000;MESURE
2025-11-09 06:00:00+01:00;99,000;1,000;MESURE
2025-11-09 07:00:00+01:00;98,000;1,000;MESURE
2025-11-09 08:00:00+01:00;99,000;1,000;MESURE
2025-11-09 09:00:00+01:00;98,000;1,000;MESURE
2025-11-09 10:00:00+01:00;95,000;1,000;MESURE
2025-11-09 11:00:00+01:00;69,000;1,000;MESURE
2025-11-09 12:00:00+01:00;7955,000;1,000;MESURE
2025-11-09 13:00:00+01:00;17618,000;1,000;MESURE
2025-11-09 14:00:00+01:00;17966,000;1,000;MESURE
2025-11-09 15:00:00+01:00;10552,000;1,000;MESURE
2025-11-09 16:00:00+01:00;7020,000;1,000;MESURE
2025-11-09 17:00:00+01:00;98,000;1,000;MESURE
2025-11-09 18:00:00+01:00;75,000;1,000;MESURE
2025-11-09 19:00:00+01:00;90,000;1,000;MESURE
2025-11-09 20:00:00+01:00;98,000;1,000;MESURE
2025-11-09 21:00:00+01:00;98,000;1,000;MESURE
2025-11-09 22:00:00+01:00;99,000;1,000;MESURE
2025-11-09 23:00:00+01:00;98,000;1,000;MESURE
2025-11-10 00:00:00+01:00;98,000;1,000;MESURE
2025-11-10 01:00:00+01:00;99,000;1,000;MESURE
2025-11-10 02:00:00+01:00;98,000;1,000;MESURE
2025-11-10 03:00:00+01:00;99,000;1,000;MESURE
2025-11-10 04:00:00+01:00;98,000;1,000;MESURE
2025-11-10 05:00:00+01:00;99,000;1,000;MESURE
2025-11-10 06:00:00+01:00;104,000;1,000;MESURE
2025-11-10 07:00:00+01:00;110,000;1,000;MESURE
2025-11-10 08:00:00+01:00;5466,000;1,000;MESURE
2025-11-10 09:00:00+01:00;14393,000;1,000;MESURE
2025-11-10 10:00:00+01:00;19195,000;1,000;MESURE
2025-11-10 11:00:00+01:00;8841,000;1,000;MESURE
2025-11-10 12:00:00+01:00;173,000;1,000;MESURE
2025-11-10 13:00:00+01:00;82,000;1,000;MESURE
2025-11-10 14:00:00+01:00;81,000;1,000;MESURE
2025-11-10 15:00:00+01:00;80,000;1,000;MESURE
2025-11-10 16:00:00+01:00;82,000;1,000;MESURE
2025-11-10 17:00:00+01:00;103,000;1,000;MESURE
2025-11-10 18:00:00+01:00;106,000;1,000;MESURE
2025-11-10 19:00:00+01:00;71,000;1,000;MESURE
2025-11-10 20:00:00+01:00;99,000;1,000;MESURE
2025-11-10 21:00:00+01:00;99,000;1,000;MESURE
2025-11-10 22:00:00+01:00;98,000;1,000;MESURE
2025-11-10 23:00:00+01:00;98,000;1,000;MESURE
2025-11-11 00:00:00+01:00;99,000;1,000;MESURE
2025-11-11 01:00:00+01:00;98,000;1,000;MESURE
2025-11-11 02:00:00+01:00;98,000;1,000;MESURE
2025-11-11 03:00:00+01:00;99,000;1,000;MESURE
2025-11-11 04:00:00+01:00;98,000;1,000;MESURE
2025-11-11 05:00:00+01:00;99,000;1,000;MESURE
2025-11-11 06:00:00+01:00;103,000;1,000;MESURE
2025-11-11 07:00:00+01:00;110,000;1,000;MESURE
2025-11-11 08:00:00+01:00;3175,000;1,000;MESURE
2025-11-11 09:00:00+01:00;7139,000;1,000;MESURE
2025-11-11 10:00:00+01:00;6117,000;1,000;MESURE
2025-11-11 11:00:00+01:00;112,000;1,000;MESURE
2025-11-11 12:00:00+01:00;82,000;1,000;MESURE
2025-11-11 13:00:00+01:00;5807,000;1,000;MESURE
2025-11-11 14:00:00+01:00;2757,000;1,000;MESURE
2025-11-11 15:00:00+01:00;81,000;1,000;MESURE
2025-11-11 16:00:00+01:00;84,000;1,000;MESURE
2025-11-11 17:00:00+01:00;90,000;1,000;MESURE
2025-11-11 18:00:00+01:00;758,000;1,000;MESURE
2025-11-11 19:00:00+01:00;11326,000;1,000;MESURE
2025-11-11 20:00:00+01:00;3633,000;1,000;MESURE
2025-11-11 21:00:00+01:00;99,000;1,000;MESURE
2025-11-11 22:00:00+01:00;99,000;1,000;MESURE
2025-11-11 23:00:00+01:00;98,000;1,000;MESURE
2025-11-12 00:00:00+01:00;99,000;1,000;MESURE
2025-11-12 01:00:00+01:00;98,000;1,000;MESURE
2025-11-12 02:00:00+01:00;99,000;1,000;MESURE
2025-11-12 03:00:00+01:00;98,000;1,000;MESURE
2025-11-12 04:00:00+01:00;98,000;1,000;MESURE
2025-11-12 05:00:00+01:00;99,000;1,000;MESURE
2025-11-12 06:00:00+01:00;103,000;1,000;MESURE
2025-11-12 07:00:00+01:00;110,000;1,000;MESURE
2025-11-12 08:00:00+01:00;6855,000;1,000;MESURE
2025-11-12 09:00:00+01:00;18494,000;1,000;MESURE
2025-11-12 10:00:00+01:00;18309,000;1,000;MESURE
2025-11-12 11:00:00+01:00;5840,000;1,000;MESURE
2025-11-12 12:00:00+01:00;82,000;1,000;MESURE
2025-11-12 13:00:00+01:00;6128,000;1,000;MESURE
2025-11-12 14:00:00+01:00;3662,000;1,000;MESURE
2025-11-12 15:00:00+01:00;1022,000;1,000;MESURE
2025-11-12 16:00:00+01:00;80,000;1,000;MESURE
2025-11-12 17:00:00+01:00;5265,000;1,000;MESURE
2025-11-12 18:00:00+01:00;21424,000;1,000;MESURE
2025-11-12 19:00:00+01:00;13820,000;1,000;MESURE
2025-11-12 20:00:00+01:00;99,000;1,000;MESURE
2025-11-12 21:00:00+01:00;99,000;1,000;MESURE
2025-11-12 22:00:00+01:00;98,000;1,000;MESURE
2025-11-12 23:00:00+01:00;98,000;1,000;MESURE
2025-11-13 00:00:00+01:00;98,000;1,000;MESURE
2025-11-13 01:00:00+01:00;98,000;1,000;MESURE
2025-11-13 02:00:00+01:00;99,000;1,000;MESURE
2025-11-13 03:00:00+01:00;98,000;1,000;MESURE
2025-11-13 04:00:00+01:00;98,000;1,000;MESURE
2025-11-13 05:00:00+01:00;99,000;1,000;MESURE
2025-11-13 06:00:00+01:00;103,000;1,000;MESURE
2025-11-13 07:00:00+01:00;110,000;1,000;MESURE
2025-11-13 08:00:00+01:00;112,000;1,000;MESURE
2025-11-13 09:00:00+01:00;92,000;1,000;MESURE
2025-11-13 10:00:00+01:00;81,000;1,000;MESURE
2025-11-13 11:00:00+01:00;82,000;1,000;MESURE
2025-11-13 12:00:00+01:00;2172,000;1,000;MESURE
2025-11-13 13:00:00+01:00;7362,000;1,000;MESURE
2025-11-13 14:00:00+01:00;82,000;1,000;MESURE
2025-11-13 15:00:00+01:00;82,000;1,000;MESURE
2025-11-13 16:00:00+01:00;83,000;1,000;MESURE
2025-11-13 17:00:00+01:00;84,000;1,000;MESURE
2025-11-13 18:00:00+01:00;78,000;1,000;MESURE
2025-11-13 19:00:00+01:00;71,000;1,000;MESURE
2025-11-13 20:00:00+01:00;83,000;1,000;MESURE
2025-11-13 21:00:00+01:00;99,000;1,000;MESURE
2025-11-13 22:00:00+01:00;128,000;1,000;MESURE
2025-11-13 23:00:00+01:00;7519,000;1,000;MESURE
2025-11-14 00:00:00+01:00;7501,000;1,000;MESURE
2025-11-14 01:00:00+01:00;7499,000;1,000;MESURE
2025-11-14 02:00:00+01:00;7475,000;1,000;MESURE
2025-11-14 03:00:00+01:00;7490,000;1,000;MESURE
2025-11-14 04:00:00+01:00;7489,000;1,000;MESURE
2025-11-14 05:00:00+01:00;6849,000;1,000;MESURE
2025-11-14 06:00:00+01:00;361,000;1,000;MESURE
2025-11-14 07:00:00+01:00;111,000;1,000;MESURE
2025-11-14 08:00:00+01:00;7713,000;1,000;MESURE
2025-11-14 09:00:00+01:00;4346,000;1,000;MESURE
2025-11-14 10:00:00+01:00;10409,000;1,000;MESURE
2025-11-14 11:00:00+01:00;10636,000;1,000;MESURE
2025-11-14 12:00:00+01:00;4199,000;1,000;MESURE
2025-11-14 13:00:00+01:00;2394,000;1,000;MESURE
2025-11-14 14:00:00+01:00;6749,000;1,000;MESURE
2025-11-14 15:00:00+01:00;3311,000;1,000;MESURE
2025-11-14 16:00:00+01:00;82,000;1,000;MESURE
2025-11-14 17:00:00+01:00;81,000;1,000;MESURE
2025-11-14 18:00:00+01:00;77,000;1,000;MESURE
2025-11-14 19:00:00+01:00;6510,000;1,000;MESURE
2025-11-14 20:00:00+01:00;3613,000;1,000;MESURE
2025-11-14 21:00:00+01:00;70,000;1,000;MESURE
2025-11-14 22:00:00+01:00;97,000;1,000;MESURE
2025-11-14 23:00:00+01:00;73,000;1,000;MESURE
2025-11-15 00:00:00+01:00;71,000;1,000;MESURE
2025-11-15 01:00:00+01:00;97,000;1,000;MESURE
2025-11-15 02:00:00+01:00;89,000;1,000;MESURE
2025-11-15 03:00:00+01:00;73,000;1,000;MESURE
2025-11-15 04:00:00+01:00;98,000;1,000;MESURE
2025-11-15 05:00:00+01:00;93,000;1,000;MESURE
2025-11-15 06:00:00+01:00;73,000;1,000;MESURE
2025-11-15 07:00:00+01:00;99,000;1,000;MESURE
2025-11-15 08:00:00+01:00;87,000;1,000;MESURE
2025-11-15 09:00:00+01:00;69,000;1,000;MESURE
2025-11-15 10:00:00+01:00;69,000;1,000;MESURE
2025-11-15 11:00:00+01:00;69,000;1,000;MESURE
2025-11-15 12:00:00+01:00;8906,000;1,000;MESURE
2025-11-15 13:00:00+01:00;9746,000;1,000;MESURE
2025-11-15 14:00:00+01:00;69,000;1,000;MESURE
2025-11-15 15:00:00+01:00;70,000;1,000;MESURE
2025-11-15 16:00:00+01:00;88,000;1,000;MESURE
2025-11-15 17:00:00+01:00;6462,000;1,000;MESURE
2025-11-15 18:00:00+01:00;5911,000;1,000;MESURE
2025-11-15 19:00:00+01:00;5680,000;1,000;MESURE
2025-11-15 20:00:00+01:00;102,000;1,000;MESURE
2025-11-15 21:00:00+01:00;73,000;1,000;MESURE
2025-11-15 22:00:00+01:00;96,000;1,000;MESURE
2025-11-15 23:00:00+01:00;101,000;1,000;MESURE
2025-11-16 00:00:00+01:00;76,000;1,000;MESURE
2025-11-16 01:00:00+01:00;97,000;1,000;MESURE
2025-11-16 02:00:00+01:00;105,000;1,000;MESURE
2025-11-16 03:00:00+01:00;96,000;1,000;MESURE
2025-11-16 04:00:00+01:00;79,000;1,000;MESURE
2025-11-16 05:00:00+01:00;105,000;1,000;MESURE
2025-11-16 06:00:00+01:00;105,000;1,000;MESURE
2025-11-16 07:00:00+01:00;107,000;1,000;MESURE
2025-11-16 08:00:00+01:00;98,000;1,000;MESURE
2025-11-16 09:00:00+01:00;99,000;1,000;MESURE
2025-11-16 10:00:00+01:00;98,000;1,000;MESURE
2025-11-16 11:00:00+01:00;99,000;1,000;MESURE
2025-11-16 12:00:00+01:00;3622,000;1,000;MESURE
2025-11-16 13:00:00+01:00;1497,000;1,000;MESURE
2025-11-16 14:00:00+01:00;5813,000;1,000;MESURE
2025-11-16 15:00:00+01:00;14877,000;1,000;MESURE
2025-11-16 16:00:00+01:00;14915,000;1,000;MESURE
2025-11-16 17:00:00+01:00;14883,000;1,000;MESURE
2025-11-16 18:00:00+01:00;14908,000;1,000;MESURE
2025-11-16 19:00:00+01:00;13419,000;1,000;MESURE
2025-11-16 20:00:00+01:00;7365,000;1,000;MESURE
2025-11-16 21:00:00+01:00;7426,000;1,000;MESURE
2025-11-16 22:00:00+01:00;1670,000;1,000;MESURE
2025-11-16 23:00:00+01:00;98,000;1,000;MESURE
2025-11-17 00:00:00+01:00;103,000;1,000;MESURE
2025-11-17 01:00:00+01:00;103,000;1,000;MESURE
2025-11-17 02:00:00+01:00;102,000;1,000;MESURE
2025-11-17 03:00:00+01:00;103,000;1,000;MESURE
2025-11-17 04:00:00+01:00;103,000;1,000;MESURE
2025-11-17 05:00:00+01:00;103,000;1,000;MESURE
2025-11-17 06:00:00+01:00;109,000;1,000;MESURE
2025-11-17 07:00:00+01:00;113,000;1,000;MESURE
2025-11-17 08:00:00+01:00;111,000;1,000;MESURE
2025-11-17 09:00:00+01:00;107,000;1,000;MESURE
2025-11-17 10:00:00+01:00;3346,000;1,000;MESURE
2025-11-17 11:00:00+01:00;17674,000;1,000;MESURE
2025-11-17 12:00:00+01:00;8082,000;1,000;MESURE
2025-11-17 13:00:00+01:00;8566,000;1,000;MESURE
2025-11-17 14:00:00+01:00;14215,000;1,000;MESURE
2025-11-17 15:00:00+01:00;7531,000;1,000;MESURE
2025-11-17 16:00:00+01:00;2790,000;1,000;MESURE
2025-11-17 17:00:00+01:00;2811,000;1,000;MESURE
2025-11-17 18:00:00+01:00;9748,000;1,000;MESURE
2025-11-17 19:00:00+01:00;12939,000;1,000;MESURE
2025-11-17 20:00:00+01:00;100,000;1,000;MESURE
2025-11-17 21:00:00+01:00;99,000;1,000;MESURE
2025-11-17 22:00:00+01:00;99,000;1,000;MESURE
2025-11-17 23:00:00+01:00;99,000;1,000;MESURE
2025-11-18 00:00:00+01:00;98,000;1,000;MESURE
2025-11-18 01:00:00+01:00;99,000;1,000;MESURE
2025-11-18 02:00:00+01:00;98,000;1,000;MESURE
2025-11-18 03:00:00+01:00;99,000;1,000;MESURE
2025-11-18 04:00:00+01:00;98,000;1,000;MESURE
2025-11-18 05:00:00+01:00;99,000;1,000;MESURE
2025-11-18 06:00:00+01:00;116,000;1,000;MESURE
2025-11-18 07:00:00+01:00;132,000;1,000;MESURE
2025-11-18 08:00:00+01:00;111,000;1,000;MESURE
2025-11-18 09:00:00+01:00;110,000;1,000;MESURE
2025-11-18 10:00:00+01:00;113,000;1,000;MESURE
2025-11-18 11:00:00+01:00;6817,000;1,000;MESURE
2025-11-18 12:00:00+01:00;8513,000;1,000;MESURE
2025-11-18 13:00:00+01:00;111,000;1,000;MESURE
2025-11-18 14:00:00+01:00;111,000;1,000;MESURE
2025-11-18 15:00:00+01:00;111,000;1,000;MESURE
2025-11-18 16:00:00+01:00;112,000;1,000;MESURE
2025-11-18 17:00:00+01:00;111,000;1,000;MESURE
2025-11-18 18:00:00+01:00;106,000;1,000;MESURE
2025-11-18 19:00:00+01:00;100,000;1,000;MESURE
2025-11-18 20:00:00+01:00;123,000;1,000;MESURE
2025-11-18 21:00:00+01:00;115,000;1,000;MESURE
2025-11-18 22:00:00+01:00;104,000;1,000;MESURE
2025-11-18 23:00:00+01:00;133,000;1,000;MESURE
2025-11-19 00:00:00+01:00;118,000;1,000;MESURE
2025-11-19 01:00:00+01:00;110,000;1,000;MESURE
2025-11-19 02:00:00+01:00;133,000;1,000;MESURE
2025-11-19 03:00:00+01:00;130,000;1,000;MESURE
2025-11-19 04:00:00+01:00;105,000;1,000;MESURE
2025-11-19 05:00:00+01:00;136,000;1,000;MESURE
2025-11-19 06:00:00+01:00;142,000;1,000;MESURE
2025-11-19 07:00:00+01:00;147,000;1,000;MESURE
2025-11-19 08:00:00+01:00;146,000;1,000;MESURE
2025-11-19 09:00:00+01:00;114,000;1,000;MESURE
2025-11-19 10:00:00+01:00;116,000;1,000;MESURE
2025-11-19 11:00:00+01:00;294,000;1,000;MESURE
2025-11-19 12:00:00+01:00;5933,000;1,000;MESURE
2025-11-19 13:00:00+01:00;113,000;1,000;MESURE
2025-11-19 14:00:00+01:00;111,000;1,000;MESURE
2025-11-19 15:00:00+01:00;5085,000;1,000;MESURE
2025-11-19 16:00:00+01:00;7872,000;1,000;MESURE
2025-11-19 17:00:00+01:00;111,000;1,000;MESURE
2025-11-19 18:00:00+01:00;288,000;1,000;MESURE
2025-11-19 19:00:00+01:00;11058,000;1,000;MESURE
2025-11-19 20:00:00+01:00;12772,000;1,000;MESURE
2025-11-19 21:00:00+01:00;13501,000;1,000;MESURE
2025-11-19 22:00:00+01:00;18138,000;1,000;MESURE
2025-11-19 23:00:00+01:00;2660,000;1,000;MESURE
2025-11-20 00:00:00+01:00;106,000;1,000;MESURE
2025-11-20 01:00:00+01:00;130,000;1,000;MESURE
2025-11-20 02:00:00+01:00;117,000;1,000;MESURE
2025-11-20 03:00:00+01:00;106,000;1,000;MESURE
2025-11-20 04:00:00+01:00;130,000;1,000;MESURE
2025-11-20 05:00:00+01:00;119,000;1,000;MESURE
2025-11-20 06:00:00+01:00;111,000;1,000;MESURE
2025-11-20 07:00:00+01:00;135,000;1,000;MESURE
2025-11-20 08:00:00+01:00;126,000;1,000;MESURE
2025-11-20 09:00:00+01:00;112,000;1,000;MESURE
2025-11-20 10:00:00+01:00;1029,000;1,000;MESURE
2025-11-20 11:00:00+01:00;655,000;1,000;MESURE
2025-11-20 12:00:00+01:00;4992,000;1,000;MESURE
2025-11-20 13:00:00+01:00;6723,000;1,000;MESURE
2025-11-20 14:00:00+01:00;2684,000;1,000;MESURE
2025-11-20 15:00:00+01:00;571,000;1,000;MESURE
2025-11-20 16:00:00+01:00;111,000;1,000;MESURE
2025-11-20 17:00:00+01:00;112,000;1,000;MESURE
2025-11-20 18:00:00+01:00;106,000;1,000;MESURE
2025-11-20 19:00:00+01:00;100,000;1,000;MESURE
2025-11-20 20:00:00+01:00;122,000;1,000;MESURE
2025-11-20 21:00:00+01:00;113,000;1,000;MESURE
2025-11-20 22:00:00+01:00;103,000;1,000;MESURE
2025-11-20 23:00:00+01:00;133,000;1,000;MESURE
2025-11-21 00:00:00+01:00;101,000;1,000;MESURE
2025-11-21 01:00:00+01:00;5356,000;1,000;MESURE
2025-11-21 02:00:00+01:00;7142,000;1,000;MESURE
2025-11-21 03:00:00+01:00;7121,000;1,000;MESURE
2025-11-21 04:00:00+01:00;7125,000;1,000;MESURE
2025-11-21 05:00:00+01:00;5087,000;1,000;MESURE
2025-11-21 06:00:00+01:00;2116,000;1,000;MESURE
2025-11-21 07:00:00+01:00;145,000;1,000;MESURE
2025-11-21 08:00:00+01:00;118,000;1,000;MESURE
2025-11-21 09:00:00+01:00;111,000;1,000;MESURE
2025-11-21 10:00:00+01:00;2641,000;1,000;MESURE
2025-11-21 11:00:00+01:00;10636,000;1,000;MESURE
2025-11-21 12:00:00+01:00;10652,000;1,000;MESURE
2025-11-21 13:00:00+01:00;10659,000;1,000;MESURE
2025-11-21 14:00:00+01:00;19578,000;1,000;MESURE
2025-11-21 15:00:00+01:00;13887,000;1,000;MESURE
2025-11-21 16:00:00+01:00;1400,000;1,000;MESURE
2025-11-21 17:00:00+01:00;124,000;1,000;MESURE
2025-11-21 18:00:00+01:00;142,000;1,000;MESURE
2025-11-21 19:00:00+01:00;104,000;1,000;MESURE
2025-11-21 20:00:00+01:00;131,000;1,000;MESURE
2025-11-21 21:00:00+01:00;130,000;1,000;MESURE
2025-11-21 22:00:00+01:00;110,000;1,000;MESURE
2025-11-21 23:00:00+01:00;136,000;1,000;MESURE
2025-11-22 00:00:00+01:00;139,000;1,000;MESURE
2025-11-22 01:00:00+01:00;123,000;1,000;MESURE
2025-11-22 02:00:00+01:00;120,000;1,000;MESURE
2025-11-22 03:00:00+01:00;138,000;1,000;MESURE
2025-11-22 04:00:00+01:00;139,000;1,000;MESURE
2025-11-22 05:00:00+01:00;138,000;1,000;MESURE
2025-11-22 06:00:00+01:00;139,000;1,000;MESURE
2025-11-22 07:00:00+01:00;137,000;1,000;MESURE
2025-11-22 08:00:00+01:00;136,000;1,000;MESURE
2025-11-22 09:00:00+01:00;114,000;1,000;MESURE
2025-11-22 10:00:00+01:00;121,000;1,000;MESURE
2025-11-22 11:00:00+01:00;5434,000;1,000;MESURE
2025-11-22 12:00:00+01:00;6838,000;1,000;MESURE
2025-11-22 13:00:00+01:00;10927,000;1,000;MESURE
2025-11-22 14:00:00+01:00;10924,000;1,000;MESURE
2025-11-22 15:00:00+01:00;9987,000;1,000;MESURE
2025-11-22 16:00:00+01:00;9491,000;1,000;MESURE
2025-11-22 17:00:00+01:00;7590,000;1,000;MESURE
2025-11-22 18:00:00+01:00;7563,000;1,000;MESURE
2025-11-22 19:00:00+01:00;7533,000;1,000;MESURE
2025-11-22 20:00:00+01:00;7551,000;1,000;MESURE
2025-11-22 21:00:00+01:00;4086,000;1,000;MESURE
2025-11-22 22:00:00+01:00;2769,333;0,500;INTERP_COURTE
2025-11-22 23:00:00+01:00;1452,667;0,000;INTERP_COURTE
2025-11-23 00:00:00+01:00;136,000;1,000;MESURE
2025-11-23 01:00:00+01:00;136,000;1,000;MESURE
2025-11-23 02:00:00+01:00;137,000;1,000;MESURE
2025-11-23 03:00:00+01:00;136,000;1,000;MESURE
2025-11-23 04:00:00+01:00;137,000;1,000;MESURE
2025-11-23 05:00:00+01:00;136,000;1,000;MESURE
2025-11-23 06:00:00+01:00;137,000;1,000;MESURE
2025-11-23 07:00:00+01:00;136,000;1,000;MESURE
2025-11-23 08:00:00+01:00;136,000;1,000;MESURE
2025-11-23 09:00:00+01:00;120,000;1,000;MESURE
2025-11-23 10:00:00+01:00;103,000;1,000;MESURE
2025-11-23 11:00:00+01:00;135,000;1,000;MESURE
2025-11-23 12:00:00+01:00;104,000;1,000;MESURE
2025-11-23 13:00:00+01:00;99,000;1,000;MESURE
2025-11-23 14:00:00+01:00;99,000;1,000;MESURE
2025-11-23 15:00:00+01:00;100,000;1,000;MESURE
2025-11-23 16:00:00+01:00;6698,000;1,000;MESURE
2025-11-23 17:00:00+01:00;6742,000;1,000;MESURE
2025-11-23 18:00:00+01:00;804,000;1,000;MESURE
2025-11-23 19:00:00+01:00;133,000;1,000;MESURE
2025-11-23 20:00:00+01:00;103,000;1,000;MESURE
2025-11-23 21:00:00+01:00;99,000;1,000;MESURE
2025-11-23 22:00:00+01:00;99,000;1,000;MESURE
2025-11-23 23:00:00+01:00;99,000;1,000;MESURE
2025-11-24 00:00:00+01:00;103,000;1,000;MESURE
2025-11-24 01:00:00+01:00;103,000;1,000;MESURE
2025-11-24 02:00:00+01:00;104,000;1,000;MESURE
2025-11-24 03:00:00+01:00;103,000;1,000;MESURE
2025-11-24 04:00:00+01:00;103,000;1,000;MESURE
2025-11-24 05:00:00+01:00;103,000;1,000;MESURE
2025-11-24 06:00:00+01:00;109,000;1,000;MESURE
2025-11-24 07:00:00+01:00;117,000;1,000;MESURE
2025-11-24 08:00:00+01:00;111,000;1,000;MESURE
2025-11-24 09:00:00+01:00;111,000;1,000;MESURE
2025-11-24 10:00:00+01:00;2250,000;1,000;MESURE
2025-11-24 11:00:00+01:00;10636,000;1,000;MESURE
2025-11-24 12:00:00+01:00;16468,000;1,000;MESURE
2025-11-24 13:00:00+01:00;11656,000;1,000;MESURE
2025-11-24 14:00:00+01:00;6734,000;1,000;MESURE
2025-11-24 15:00:00+01:00;4981,000;1,000;MESURE
2025-11-24 16:00:00+01:00;661,000;1,000;MESURE
2025-11-24 17:00:00+01:00;652,000;1,000;MESURE
2025-11-24 18:00:00+01:00;7382,000;1,000;MESURE
2025-11-24 19:00:00+01:00;25566,000;1,000;MESURE
2025-11-24 20:00:00+01:00;14736,000;1,000;MESURE
2025-11-24 21:00:00+01:00;99,000;1,000;MESURE
2025-11-24 22:00:00+01:00;98,000;1,000;MESURE
2025-11-24 23:00:00+01:00;99,000;1,000;MESURE
2025-11-25 00:00:00+01:00;103,000;1,000;MESURE
2025-11-25 01:00:00+01:00;103,000;1,000;MESURE
2025-11-25 02:00:00+01:00;103,000;1,000;MESURE
2025-11-25 03:00:00+01:00;103,000;1,000;MESURE
2025-11-25 04:00:00+01:00;104,000;1,000;MESURE
2025-11-25 05:00:00+01:00;103,000;1,000;MESURE
2025-11-25 06:00:00+01:00;109,000;1,000;MESURE
2025-11-25 07:00:00+01:00;113,000;1,000;MESURE
2025-11-25 08:00:00+01:00;6880,000;1,000;MESURE
2025-11-25 09:00:00+01:00;7660,000;1,000;MESURE
2025-11-25 10:00:00+01:00;5668,000;1,000;MESURE
2025-11-25 11:00:00+01:00;161,000;1,000;MESURE
2025-11-25 12:00:00+01:00;5089,000;1,000;MESURE
2025-11-25 13:00:00+01:00;555,000;1,000;MESURE
2025-11-25 14:00:00+01:00;111,000;1,000;MESURE
2025-11-25 15:00:00+01:00;113,000;1,000;MESURE
2025-11-25 16:00:00+01:00;112,000;1,000;MESURE
2025-11-25 17:00:00+01:00;112,000;1,000;MESURE
2025-11-25 18:00:00+01:00;106,000;1,000;MESURE
2025-11-25 19:00:00+01:00;17899,000;1,000;MESURE
2025-11-25 20:00:00+01:00;12701,000;1,000;MESURE
2025-11-25 21:00:00+01:00;99,000;1,000;MESURE
2025-11-25 22:00:00+01:00;99,000;1,000;MESURE
2025-11-25 23:00:00+01:00;99,000;1,000;MESURE
2025-11-26 00:00:00+01:00;104,000;1,000;MESURE
2025-11-26 01:00:00+01:00;104,000;1,000;MESURE
2025-11-26 02:00:00+01:00;103,000;1,000;MESURE
2025-11-26 03:00:00+01:00;103,000;1,000;MESURE
2025-11-26 04:00:00+01:00;103,000;1,000;MESURE
2025-11-26 05:00:00+01:00;104,000;1,000;MESURE
2025-11-26 06:00:00+01:00;108,000;1,000;MESURE
2025-11-26 07:00:00+01:00;113,000;1,000;MESURE
2025-11-26 08:00:00+01:00;111,000;1,000;MESURE
2025-11-26 09:00:00+01:00;112,000;1,000;MESURE
2025-11-26 10:00:00+01:00;111,000;1,000;MESURE
2025-11-26 11:00:00+01:00;112,000;1,000;MESURE
2025-11-26 12:00:00+01:00;111,000;1,000;MESURE
2025-11-26 13:00:00+01:00;114,000;1,000;MESURE
2025-11-26 14:00:00+01:00;9681,000;1,000;MESURE
2025-11-26 15:00:00+01:00;14302,000;1,000;MESURE
2025-11-26 16:00:00+01:00;11351,000;1,000;MESURE
2025-11-26 17:00:00+01:00;5425,000;1,000;MESURE
2025-11-26 18:00:00+01:00;356,000;1,000;MESURE
2025-11-26 19:00:00+01:00;100,000;1,000;MESURE
2025-11-26 20:00:00+01:00;99,000;1,000;MESURE
2025-11-26 21:00:00+01:00;100,000;1,000;MESURE
2025-11-26 22:00:00+01:00;4732,000;1,000;MESURE
2025-11-26 23:00:00+01:00;10161,000;1,000;MESURE
2025-11-27 00:00:00+01:00;14501,000;1,000;MESURE
2025-11-27 01:00:00+01:00;14542,000;1,000;MESURE
2025-11-27 02:00:00+01:00;14623,000;1,000;MESURE
2025-11-27 03:00:00+01:00;12221,000;1,000;MESURE
2025-11-27 04:00:00+01:00;2997,000;1,000;MESURE
2025-11-27 05:00:00+01:00;125,000;1,000;MESURE
2025-11-27 06:00:00+01:00;101,000;1,000;MESURE
2025-11-27 07:00:00+01:00;137,000;1,000;MESURE
2025-11-27 08:00:00+01:00;127,000;1,000;MESURE
2025-11-27 09:00:00+01:00;6774,000;1,000;MESURE
2025-11-27 10:00:00+01:00;20164,000;1,000;MESURE
2025-11-27 11:00:00+01:00;10663,000;1,000;MESURE
2025-11-27 12:00:00+01:00;8430,000;1,000;MESURE
2025-11-27 13:00:00+01:00;113,000;1,000;MESURE
2025-11-27 14:00:00+01:00;113,000;1,000;MESURE
2025-11-27 15:00:00+01:00;110,000;1,000;MESURE
2025-11-27 16:00:00+01:00;113,000;1,000;MESURE
2025-11-27 17:00:00+01:00;111,000;1,000;MESURE
2025-11-27 18:00:00+01:00;107,000;1,000;MESURE
2025-11-27 19:00:00+01:00;108,000;1,000;MESURE
2025-11-27 20:00:00+01:00;128,000;1,000;MESURE
2025-11-27 21:00:00+01:00;100,000;1,000;MESURE
2025-11-27 22:00:00+01:00;128,000;1,000;MESURE
2025-11-27 23:00:00+01:00;116,000;1,000;MESURE
2025-11-28 00:00:00+01:00;106,000;1,000;MESURE
2025-11-28 01:00:00+01:00;133,000;1,000;MESURE
2025-11-28 02:00:00+01:00;110,000;1,000;MESURE
2025-11-28 03:00:00+01:00;116,000;1,000;MESURE
2025-11-28 04:00:00+01:00;133,000;1,000;MESURE
2025-11-28 05:00:00+01:00;102,000;1,000;MESURE
2025-11-28 06:00:00+01:00;5840,000;1,000;MESURE
2025-11-28 07:00:00+01:00;8429,000;1,000;MESURE
2025-11-28 08:00:00+01:00;6330,000;1,000;MESURE
2025-11-28 09:00:00+01:00;5146,000;1,000;MESURE
2025-11-28 10:00:00+01:00;5259,000;1,000;MESURE
2025-11-28 11:00:00+01:00;9522,000;1,000;MESURE
2025-11-28 12:00:00+01:00;112,000;1,000;MESURE
2025-11-28 13:00:00+01:00;112,000;1,000;MESURE
2025-11-28 14:00:00+01:00;4835,000;1,000;MESURE
2025-11-28 15:00:00+01:00;6707,000;1,000;MESURE
2025-11-28 16:00:00+01:00;110,000;1,000;MESURE
2025-11-28 17:00:00+01:00;113,000;1,000;MESURE
2025-11-28 18:00:00+01:00;106,000;1,000;MESURE
2025-11-28 19:00:00+01:00;100,000;1,000;MESURE
2025-11-28 20:00:00+01:00;99,000;1,000;MESURE
2025-11-28 21:00:00+01:00;100,000;1,000;MESURE
2025-11-28 22:00:00+01:00;99,000;1,000;MESURE
2025-11-28 23:00:00+01:00;108,000;1,000;MESURE
2025-11-29 00:00:00+01:00;125,000;1,000;MESURE
2025-11-29 01:00:00+01:00;101,000;1,000;MESURE
2025-11-29 02:00:00+01:00;104,000;1,000;MESURE
2025-11-29 03:00:00+01:00;103,000;1,000;MESURE
2025-11-29 04:00:00+01:00;135,000;1,000;MESURE
2025-11-29 05:00:00+01:00;103,000;1,000;MESURE
2025-11-29 06:00:00+01:00;104,000;1,000;MESURE
2025-11-29 07:00:00+01:00;119,000;1,000;MESURE
2025-11-29 08:00:00+01:00;113,000;1,000;MESURE
2025-11-29 09:00:00+01:00;99,000;1,000;MESURE
2025-11-29 10:00:00+01:00;2718,000;1,000;MESURE
2025-11-29 11:00:00+01:00;451,000;1,000;MESURE
2025-11-29 12:00:00+01:00;6821,000;1,000;MESURE
2025-11-29 13:00:00+01:00;6892,000;1,000;MESURE
2025-11-29 14:00:00+01:00;6920,000;1,000;MESURE
2025-11-29 15:00:00+01:00;6919,000;1,000;MESURE
2025-11-29 16:00:00+01:00;4378,000;1,000;MESURE
2025-11-29 17:00:00+01:00;1566,000;1,000;MESURE
2025-11-29 18:00:00+01:00;99,000;1,000;MESURE
2025-11-29 19:00:00+01:00;98,000;1,000;MESURE
2025-11-29 20:00:00+01:00;98,000;1,000;MESURE
2025-11-29 21:00:00+01:00;98,000;1,000;MESURE
2025-11-29 22:00:00+01:00;100,000;1,000;MESURE
2025-11-29 23:00:00+01:00;131,000;1,000;MESURE
2025-11-30 00:00:00+01:00;98,000;1,000;MESURE
2025-11-30 01:00:00+01:00;99,000;1,000;MESURE
2025-11-30 02:00:00+01:00;128,000;1,000;MESURE
2025-11-30 03:00:00+01:00;101,000;1,000;MESURE
2025-11-30 04:00:00+01:00;98,000;1,000;MESURE
2025-11-30 05:00:00+01:00;99,000;1,000;MESURE
2025-11-30 06:00:00+01:00;98,000;1,000;MESURE
2025-11-30 07:00:00+01:00;99,000;1,000;MESURE
2025-11-30 08:00:00+01:00;99,000;1,000;MESURE
2025-11-30 09:00:00+01:00;99,000;1,000;MESURE
2025-11-30 10:00:00+01:00;99,000;1,000;MESURE
2025-11-30 11:00:00+01:00;6796,000;1,000;MESURE
2025-11-30 12:00:00+01:00;13454,000;1,000;MESURE
2025-11-30 13:00:00+01:00;18167,000;1,000;MESURE
2025-11-30 14:00:00+01:00;11488,000;1,000;MESURE
2025-11-30 15:00:00+01:00;11494,000;1,000;MESURE
2025-11-30 16:00:00+01:00;7306,000;1,000;MESURE
2025-11-30 17:00:00+01:00;7343,000;1,000;MESURE
2025-11-30 18:00:00+01:00;7394,000;1,000;MESURE
2025-11-30 19:00:00+01:00;5563,000;1,000;MESURE
2025-11-30 20:00:00+01:00;100,000;1,000;MESURE
2025-11-30 21:00:00+01:00;5309,000;1,000;MESURE
2025-11-30 22:00:00+01:00;7344,000;1,000;MESURE
2025-11-30 23:00:00+01:00;7395,000;1,000;MESURE
2025-12-01 00:00:00+01:00;7369,000;1,000;MESURE
2025-12-01 01:00:00+01:00;7378,000;1,000;MESURE
2025-12-01 02:00:00+01:00;7406,000;1,000;MESURE
2025-12-01 03:00:00+01:00;7418,000;1,000;MESURE
2025-12-01 04:00:00+01:00;7408,000;1,000;MESURE
2025-12-01 05:00:00+01:00;2200,000;1,000;MESURE
2025-12-01 06:00:00+01:00;108,000;1,000;MESURE
2025-12-01 07:00:00+01:00;113,000;1,000;MESURE
2025-12-01 08:00:00+01:00;110,000;1,000;MESURE
2025-12-01 09:00:00+01:00;3910,000;1,000;MESURE
2025-12-01 10:00:00+01:00;6787,000;1,000;MESURE
2025-12-01 11:00:00+01:00;15524,000;1,000;MESURE
2025-12-01 12:00:00+01:00;14029,000;1,000;MESURE
2025-12-01 13:00:00+01:00;3114,000;1,000;MESURE
2025-12-01 14:00:00+01:00;525,000;1,000;MESURE
2025-12-01 15:00:00+01:00;3245,000;1,000;MESURE
2025-12-01 16:00:00+01:00;11386,000;1,000;MESURE
2025-12-01 17:00:00+01:00;5075,000;1,000;MESURE
2025-12-01 18:00:00+01:00;106,000;1,000;MESURE
2025-12-01 19:00:00+01:00;100,000;1,000;MESURE
2025-12-01 20:00:00+01:00;100,000;1,000;MESURE
2025-12-01 21:00:00+01:00;99,000;1,000;MESURE
2025-12-01 22:00:00+01:00;110,000;1,000;MESURE
2025-12-01 23:00:00+01:00;126,000;1,000;MESURE
2025-12-02 00:00:00+01:00;99,000;1,000;MESURE
2025-12-02 01:00:00+01:00;127,000;1,000;MESURE
2025-12-02 02:00:00+01:00;122,000;1,000;MESURE
2025-12-02 03:00:00+01:00;103,000;1,000;MESURE
2025-12-02 04:00:00+01:00;133,000;1,000;MESURE
2025-12-02 05:00:00+01:00;111,000;1,000;MESURE
2025-12-02 06:00:00+01:00;113,000;1,000;MESURE
2025-12-02 07:00:00+01:00;144,000;1,000;MESURE
2025-12-02 08:00:00+01:00;9206,000;1,000;MESURE
2025-12-02 09:00:00+01:00;18742,000;1,000;MESURE
2025-12-02 10:00:00+01:00;15759,000;1,000;MESURE
2025-12-02 11:00:00+01:00;2620,000;1,000;MESURE
2025-12-02 12:00:00+01:00;111,000;1,000;MESURE
2025-12-02 13:00:00+01:00;112,000;1,000;MESURE
2025-12-02 14:00:00+01:00;113,000;1,000;MESURE
2025-12-02 15:00:00+01:00;112,000;1,000;MESURE
2025-12-02 16:00:00+01:00;111,000;1,000;MESURE
2025-12-02 17:00:00+01:00;591,000;1,000;MESURE
2025-12-02 18:00:00+01:00;105,000;1,000;MESURE
2025-12-02 19:00:00+01:00;3542,000;1,000;MESURE
2025-12-02 20:00:00+01:00;18567,000;1,000;MESURE
2025-12-02 21:00:00+01:00;13203,000;1,000;MESURE
2025-12-02 22:00:00+01:00;11452,000;1,000;MESURE
2025-12-02 23:00:00+01:00;6144,000;1,000;MESURE
2025-12-03 00:00:00+01:00;103,000;1,000;MESURE
2025-12-03 01:00:00+01:00;103,000;1,000;MESURE
2025-12-03 02:00:00+01:00;104,000;1,000;MESURE
2025-12-03 03:00:00+01:00;103,000;1,000;MESURE
2025-12-03 04:00:00+01:00;103,000;1,000;MESURE
2025-12-03 05:00:00+01:00;103,000;1,000;MESURE
2025-12-03 06:00:00+01:00;109,000;1,000;MESURE
2025-12-03 07:00:00+01:00;114,000;1,000;MESURE
2025-12-03 08:00:00+01:00;111,000;1,000;MESURE
2025-12-03 09:00:00+01:00;112,000;1,000;MESURE
2025-12-03 10:00:00+01:00;112,000;1,000;MESURE
2025-12-03 11:00:00+01:00;5405,000;1,000;MESURE
2025-12-03 12:00:00+01:00;11338,000;1,000;MESURE
2025-12-03 13:00:00+01:00;11368,000;1,000;MESURE
2025-12-03 14:00:00+01:00;11313,000;1,000;MESURE
2025-12-03 15:00:00+01:00;11285,000;1,000;MESURE
2025-12-03 16:00:00+01:00;3836,000;1,000;MESURE
2025-12-03 17:00:00+01:00;9431,000;1,000;MESURE
2025-12-03 18:00:00+01:00;4183,000;1,000;MESURE
2025-12-03 19:00:00+01:00;7240,000;1,000;MESURE
2025-12-03 20:00:00+01:00;7134,000;1,000;MESURE
2025-12-03 21:00:00+01:00;7259,000;1,000;MESURE
2025-12-03 22:00:00+01:00;7308,000;1,000;MESURE
2025-12-03 23:00:00+01:00;7364,000;1,000;MESURE
2025-12-04 00:00:00+01:00;7370,000;1,000;MESURE
2025-12-04 01:00:00+01:00;7378,000;1,000;MESURE
2025-12-04 02:00:00+01:00;7466,000;1,000;MESURE
2025-12-04 03:00:00+01:00;2204,000;1,000;MESURE
2025-12-04 04:00:00+01:00;100,000;1,000;MESURE
2025-12-04 05:00:00+01:00;99,000;1,000;MESURE
2025-12-04 06:00:00+01:00;105,000;1,000;MESURE
2025-12-04 07:00:00+01:00;112,000;1,000;MESURE
2025-12-04 08:00:00+01:00;111,000;1,000;MESURE
2025-12-04 09:00:00+01:00;112,000;1,000;MESURE
2025-12-04 10:00:00+01:00;112,000;1,000;MESURE
2025-12-04 11:00:00+01:00;112,000;1,000;MESURE
2025-12-04 12:00:00+01:00;8220,000;1,000;MESURE
2025-12-04 13:00:00+01:00;5377,000;1,000;MESURE
2025-12-04 14:00:00+01:00;581,000;1,000;MESURE
2025-12-04 15:00:00+01:00;11185,000;1,000;MESURE
2025-12-04 16:00:00+01:00;11190,000;1,000;MESURE
2025-12-04 17:00:00+01:00;3916,000;1,000;MESURE
2025-12-04 18:00:00+01:00;7242,000;1,000;MESURE
2025-12-04 19:00:00+01:00;5758,000;1,000;MESURE
2025-12-04 20:00:00+01:00;99,000;1,000;MESURE
2025-12-04 21:00:00+01:00;98,000;1,000;MESURE
2025-12-04 22:00:00+01:00;99,000;1,000;MESURE
2025-12-04 23:00:00+01:00;98,000;1,000;MESURE
2025-12-05 00:00:00+01:00;101,000;1,000;MESURE
2025-12-05 01:00:00+01:00;100,000;1,000;MESURE
2025-12-05 02:00:00+01:00;101,000;1,000;MESURE
2025-12-05 03:00:00+01:00;101,000;1,000;MESURE
2025-12-05 04:00:00+01:00;105,000;1,000;MESURE
2025-12-05 05:00:00+01:00;131,000;1,000;MESURE
2025-12-05 06:00:00+01:00;107,000;1,000;MESURE
2025-12-05 07:00:00+01:00;131,000;1,000;MESURE
2025-12-05 08:00:00+01:00;133,000;1,000;MESURE
2025-12-05 09:00:00+01:00;111,000;1,000;MESURE
2025-12-05 10:00:00+01:00;113,000;1,000;MESURE
2025-12-05 11:00:00+01:00;4839,000;1,000;MESURE
2025-12-05 12:00:00+01:00;17622,000;1,000;MESURE
2025-12-05 13:00:00+01:00;14931,000;1,000;MESURE
2025-12-05 14:00:00+01:00;10671,000;1,000;MESURE
2025-12-05 15:00:00+01:00;1534,000;1,000;MESURE
2025-12-05 16:00:00+01:00;113,000;1,000;MESURE
2025-12-05 17:00:00+01:00;112,000;1,000;MESURE
2025-12-05 18:00:00+01:00;13603,000;1,000;MESURE
2025-12-05 19:00:00+01:00;21304,000;1,000;MESURE
2025-12-05 20:00:00+01:00;4273,000;1,000;MESURE
2025-12-05 21:00:00+01:00;99,000;1,000;MESURE
2025-12-05 22:00:00+01:00;6268,000;1,000;MESURE
2025-12-05 23:00:00+01:00;7301,000;1,000;MESURE
2025-12-06 00:00:00+01:00;7302,000;1,000;MESURE
2025-12-06 01:00:00+01:00;7298,000;1,000;MESURE
2025-12-06 02:00:00+01:00;2546,000;1,000;MESURE
2025-12-06 03:00:00+01:00;101,000;1,000;MESURE
2025-12-06 04:00:00+01:00;101,000;1,000;MESURE
2025-12-06 05:00:00+01:00;101,000;1,000;MESURE
2025-12-06 06:00:00+01:00;101,000;1,000;MESURE
2025-12-06 07:00:00+01:00;101,000;1,000;MESURE
2025-12-06 08:00:00+01:00;98,000;1,000;MESURE
2025-12-06 09:00:00+01:00;99,000;1,000;MESURE
2025-12-06 10:00:00+01:00;99,000;1,000;MESURE
2025-12-06 11:00:00+01:00;98,000;1,000;MESURE
2025-12-06 12:00:00+01:00;99,000;1,000;MESURE
2025-12-06 13:00:00+01:00;98,000;1,000;MESURE
2025-12-06 14:00:00+01:00;98,000;1,000;MESURE
2025-12-06 15:00:00+01:00;100,000;1,000;MESURE
2025-12-06 16:00:00+01:00;7782,000;1,000;MESURE
2025-12-06 17:00:00+01:00;6960,000;1,000;MESURE
2025-12-06 18:00:00+01:00;10675,000;1,000;MESURE
2025-12-06 19:00:00+01:00;10670,000;1,000;MESURE
2025-12-06 20:00:00+01:00;7486,000;1,000;MESURE
2025-12-06 21:00:00+01:00;98,000;1,000;MESURE
2025-12-06 22:00:00+01:00;99,000;1,000;MESURE
2025-12-06 23:00:00+01:00;98,000;1,000;MESURE
2025-12-07 00:00:00+01:00;101,000;1,000;MESURE
2025-12-07 01:00:00+01:00;102,000;1,000;MESURE
2025-12-07 02:00:00+01:00;103,000;1,000;MESURE
2025-12-07 03:00:00+01:00;103,000;1,000;MESURE
2025-12-07 04:00:00+01:00;103,000;1,000;MESURE
2025-12-07 05:00:00+01:00;103,000;1,000;MESURE
2025-12-07 06:00:00+01:00;103,000;1,000;MESURE
2025-12-07 07:00:00+01:00;102,000;1,000;MESURE
2025-12-07 08:00:00+01:00;99,000;1,000;MESURE
2025-12-07 09:00:00+01:00;99,000;1,000;MESURE
2025-12-07 10:00:00+01:00;98,000;1,000;MESURE
2025-12-07 11:00:00+01:00;2956,000;1,000;MESURE
2025-12-07 12:00:00+01:00;7528,000;1,000;MESURE
2025-12-07 13:00:00+01:00;7579,000;1,000;MESURE
2025-12-07 14:00:00+01:00;7514,000;1,000;MESURE
2025-12-07 15:00:00+01:00;7514,000;1,000;MESURE
2025-12-07 16:00:00+01:00;7500,000;1,000;MESURE
2025-12-07 17:00:00+01:00;7504,000;1,000;MESURE
2025-12-07 18:00:00+01:00;2394,000;1,000;MESURE
2025-12-07 19:00:00+01:00;98,000;1,000;MESURE
2025-12-07 20:00:00+01:00;98,000;1,000;MESURE
2025-12-07 21:00:00+01:00;98,000;1,000;MESURE
2025-12-07 22:00:00+01:00;98,000;1,000;MESURE
2025-12-07 23:00:00+01:00;99,000;1,000;MESURE
2025-12-08 00:00:00+01:00;102,000;1,000;MESURE
2025-12-08 01:00:00+01:00;103,000;1,000;MESURE
2025-12-08 02:00:00+01:00;103,000;1,000;MESURE
2025-12-08 03:00:00+01:00;103,000;1,000;MESURE
2025-12-08 04:00:00+01:00;102,000;1,000;MESURE
2025-12-08 05:00:00+01:00;103,000;1,000;MESURE
2025-12-08 06:00:00+01:00;109,000;1,000;MESURE
2025-12-08 07:00:00+01:00;113,000;1,000;MESURE
2025-12-08 08:00:00+01:00;82,000;1,000;MESURE
2025-12-08 09:00:00+01:00;103,000;1,000;MESURE
2025-12-08 10:00:00+01:00;93,000;1,000;MESURE
2025-12-08 11:00:00+01:00;81,000;1,000;MESURE
2025-12-08 12:00:00+01:00;85,000;1,000;MESURE
2025-12-08 13:00:00+01:00;2566,000;1,000;MESURE
2025-12-08 14:00:00+01:00;4646,000;1,000;MESURE
2025-12-08 15:00:00+01:00;8690,000;1,000;MESURE
2025-12-08 16:00:00+01:00;19033,000;1,000;MESURE
2025-12-08 17:00:00+01:00;18934,000;1,000;MESURE
2025-12-08 18:00:00+01:00;14043,000;1,000;MESURE
2025-12-08 19:00:00+01:00;7293,000;1,000;MESURE
2025-12-08 20:00:00+01:00;100,000;1,000;MESURE
2025-12-08 21:00:00+01:00;100,000;1,000;MESURE
2025-12-08 22:00:00+01:00;99,000;1,000;MESURE
2025-12-08 23:00:00+01:00;98,000;1,000;MESURE
2025-12-09 00:00:00+01:00;101,000;1,000;MESURE
2025-12-09 01:00:00+01:00;102,000;1,000;MESURE
2025-12-09 02:00:00+01:00;103,000;1,000;MESURE
2025-12-09 03:00:00+01:00;103,000;1,000;MESURE
2025-12-09 04:00:00+01:00;103,000;1,000;MESURE
2025-12-09 05:00:00+01:00;103,000;1,000;MESURE
2025-12-09 06:00:00+01:00;109,000;1,000;MESURE
2025-12-09 07:00:00+01:00;114,000;1,000;MESURE
2025-12-09 08:00:00+01:00;9863,000;1,000;MESURE
2025-12-09 09:00:00+01:00;14670,000;1,000;MESURE
2025-12-09 10:00:00+01:00;11585,000;1,000;MESURE
2025-12-09 11:00:00+01:00;6644,000;1,000;MESURE
2025-12-09 12:00:00+01:00;10652,000;1,000;MESURE
2025-12-09 13:00:00+01:00;10664,000;1,000;MESURE
2025-12-09 14:00:00+01:00;441,000;1,000;MESURE
2025-12-09 15:00:00+01:00;113,000;1,000;MESURE
2025-12-09 16:00:00+01:00;112,000;1,000;MESURE
2025-12-09 17:00:00+01:00;113,000;1,000;MESURE
2025-12-09 18:00:00+01:00;106,000;1,000;MESURE
2025-12-09 19:00:00+01:00;100,000;1,000;MESURE
2025-12-09 20:00:00+01:00;100,000;1,000;MESURE
2025-12-09 21:00:00+01:00;99,000;1,000;MESURE
2025-12-09 22:00:00+01:00;99,000;1,000;MESURE
2025-12-09 23:00:00+01:00;98,000;1,000;MESURE
2025-12-10 00:00:00+01:00;103,000;1,000;MESURE
2025-12-10 01:00:00+01:00;103,000;1,000;MESURE
2025-12-10 02:00:00+01:00;104,000;1,000;MESURE
2025-12-10 03:00:00+01:00;103,000;1,000;MESURE
2025-12-10 04:00:00+01:00;103,000;1,000;MESURE
2025-12-10 05:00:00+01:00;103,000;1,000;MESURE
2025-12-10 06:00:00+01:00;109,000;1,000;MESURE
2025-12-10 07:00:00+01:00;114,000;1,000;MESURE
2025-12-10 08:00:00+01:00;111,000;1,000;MESURE
2025-12-10 09:00:00+01:00;111,000;1,000;MESURE
2025-12-10 10:00:00+01:00;111,000;1,000;MESURE
2025-12-10 11:00:00+01:00;104,000;1,000;MESURE
2025-12-10 12:00:00+01:00;9969,000;1,000;MESURE
2025-12-10 13:00:00+01:00;8700,000;1,000;MESURE
2025-12-10 14:00:00+01:00;11302,000;1,000;MESURE
2025-12-10 15:00:00+01:00;21709,000;1,000;MESURE
2025-12-10 16:00:00+01:00;16809,000;1,000;MESURE
2025-12-10 17:00:00+01:00;2267,000;1,000;MESURE
2025-12-10 18:00:00+01:00;88,000;1,000;MESURE
2025-12-10 19:00:00+01:00;99,000;1,000;MESURE
2025-12-10 20:00:00+01:00;97,000;1,000;MESURE
2025-12-10 21:00:00+01:00;98,000;1,000;MESURE
2025-12-10 22:00:00+01:00;97,000;1,000;MESURE
2025-12-10 23:00:00+01:00;97,000;1,000;MESURE
2025-12-11 00:00:00+01:00;97,000;1,000;MESURE
2025-12-11 01:00:00+01:00;98,000;1,000;MESURE
2025-12-11 02:00:00+01:00;97,000;1,000;MESURE
2025-12-11 03:00:00+01:00;97,000;1,000;MESURE
2025-12-11 04:00:00+01:00;98,000;1,000;MESURE
2025-12-11 05:00:00+01:00;97,000;1,000;MESURE
2025-12-11 06:00:00+01:00;103,000;1,000;MESURE
2025-12-11 07:00:00+01:00;109,000;1,000;MESURE
2025-12-11 08:00:00+01:00;109,000;1,000;MESURE
2025-12-11 09:00:00+01:00;4349,000;1,000;MESURE
2025-12-11 10:00:00+01:00;10648,000;1,000;MESURE
2025-12-11 11:00:00+01:00;3432,000;1,000;MESURE
2025-12-11 12:00:00+01:00;6116,000;1,000;MESURE
2025-12-11 13:00:00+01:00;10212,000;1,000;MESURE
2025-12-11 14:00:00+01:00;7779,000;1,000;MESURE
2025-12-11 15:00:00+01:00;5026,000;1,000;MESURE
2025-12-11 16:00:00+01:00;2496,000;1,000;MESURE
2025-12-11 17:00:00+01:00;108,000;1,000;MESURE
2025-12-11 18:00:00+01:00;78,000;1,000;MESURE
2025-12-11 19:00:00+01:00;100,000;1,000;MESURE
2025-12-11 20:00:00+01:00;99,000;1,000;MESURE
2025-12-11 21:00:00+01:00;99,000;1,000;MESURE
2025-12-11 22:00:00+01:00;99,000;1,000;MESURE
2025-12-11 23:00:00+01:00;98,000;1,000;MESURE
2025-12-12 00:00:00+01:00;99,000;1,000;MESURE
2025-12-12 01:00:00+01:00;98,000;1,000;MESURE
2025-12-12 02:00:00+01:00;99,000;1,000;MESURE
2025-12-12 03:00:00+01:00;98,000;1,000;MESURE
2025-12-12 04:00:00+01:00;99,000;1,000;MESURE
2025-12-12 05:00:00+01:00;98,000;1,000;MESURE
2025-12-12 06:00:00+01:00;104,000;1,000;MESURE
2025-12-12 07:00:00+01:00;110,000;1,000;MESURE
2025-12-12 08:00:00+01:00;5252,000;1,000;MESURE
2025-12-12 09:00:00+01:00;7681,000;1,000;MESURE
2025-12-12 10:00:00+01:00;4523,000;1,000;MESURE
2025-12-12 11:00:00+01:00;113,000;1,000;MESURE
2025-12-12 12:00:00+01:00;97,000;1,000;MESURE
2025-12-12 13:00:00+01:00;89,000;1,000;MESURE
2025-12-12 14:00:00+01:00;110,000;1,000;MESURE
2025-12-12 15:00:00+01:00;110,000;1,000;MESURE
2025-12-12 16:00:00+01:00;112,000;1,000;MESURE
2025-12-12 17:00:00+01:00;112,000;1,000;MESURE
2025-12-12 18:00:00+01:00;107,000;1,000;MESURE
2025-12-12 19:00:00+01:00;100,000;1,000;MESURE
2025-12-12 20:00:00+01:00;99,000;1,000;MESURE
2025-12-12 21:00:00+01:00;100,000;1,000;MESURE
2025-12-12 22:00:00+01:00;99,000;1,000;MESURE
2025-12-12 23:00:00+01:00;99,000;1,000;MESURE
2025-12-13 00:00:00+01:00;98,000;1,000;MESURE
2025-12-13 01:00:00+01:00;99,000;1,000;MESURE
2025-12-13 02:00:00+01:00;99,000;1,000;MESURE
2025-12-13 03:00:00+01:00;98,000;1,000;MESURE
2025-12-13 04:00:00+01:00;99,000;1,000;MESURE
2025-12-13 05:00:00+01:00;98,000;1,000;MESURE
2025-12-13 06:00:00+01:00;99,000;1,000;MESURE
2025-12-13 07:00:00+01:00;99,000;1,000;MESURE
2025-12-13 08:00:00+01:00;98,000;1,000;MESURE
2025-12-13 09:00:00+01:00;99,000;1,000;MESURE
2025-12-13 10:00:00+01:00;99,000;1,000;MESURE
2025-12-13 11:00:00+01:00;98,000;1,000;MESURE
2025-12-13 12:00:00+01:00;99,000;1,000;MESURE
2025-12-13 13:00:00+01:00;99,000;1,000;MESURE
2025-12-13 14:00:00+01:00;99,000;1,000;MESURE
2025-12-13 15:00:00+01:00;100,000;1,000;MESURE
2025-12-13 16:00:00+01:00;100,000;1,000;MESURE
2025-12-13 17:00:00+01:00;100,000;1,000;MESURE
2025-12-13 18:00:00+01:00;99,000;1,000;MESURE
2025-12-13 19:00:00+01:00;101,000;1,000;MESURE
2025-12-13 20:00:00+01:00;100,000;1,000;MESURE
2025-12-13 21:00:00+01:00;99,000;1,000;MESURE
2025-12-13 22:00:00+01:00;99,000;1,000;MESURE
2025-12-13 23:00:00+01:00;98,000;1,000;MESURE
2025-12-14 00:00:00+01:00;99,000;1,000;MESURE
2025-12-14 01:00:00+01:00;98,000;1,000;MESURE
2025-12-14 02:00:00+01:00;99,000;1,000;MESURE
2025-12-14 03:00:00+01:00;99,000;1,000;MESURE
2025-12-14 04:00:00+01:00;98,000;1,000;MESURE
2025-12-14 05:00:00+01:00;99,000;1,000;MESURE
2025-12-14 06:00:00+01:00;99,000;1,000;MESURE
2025-12-14 07:00:00+01:00;98,000;1,000;MESURE
2025-12-14 08:00:00+01:00;99,000;1,000;MESURE
2025-12-14 09:00:00+01:00;99,000;1,000;MESURE
2025-12-14 10:00:00+01:00;99,000;1,000;MESURE
2025-12-14 11:00:00+01:00;99,000;1,000;MESURE
2025-12-14 12:00:00+01:00;4852,000;1,000;MESURE
2025-12-14 13:00:00+01:00;14550,000;1,000;MESURE
2025-12-14 14:00:00+01:00;14577,000;1,000;MESURE
2025-12-14 15:00:00+01:00;10494,000;1,000;MESURE
2025-12-14 16:00:00+01:00;7369,000;1,000;MESURE
2025-12-14 17:00:00+01:00;7343,000;1,000;MESURE
2025-12-14 18:00:00+01:00;6513,000;1,000;MESURE
2025-12-14 19:00:00+01:00;9234,000;1,000;MESURE
2025-12-14 20:00:00+01:00;11409,000;1,000;MESURE
2025-12-14 21:00:00+01:00;11461,000;1,000;MESURE
2025-12-14 22:00:00+01:00;2918,000;1,000;MESURE
2025-12-14 23:00:00+01:00;99,000;1,000;MESURE
2025-12-15 00:00:00+01:00;98,000;1,000;MESURE
2025-12-15 01:00:00+01:00;99,000;1,000;MESURE
2025-12-15 02:00:00+01:00;99,000;1,000;MESURE
2025-12-15 03:00:00+01:00;98,000;1,000;MESURE
2025-12-15 04:00:00+01:00;99,000;1,000;MESURE
2025-12-15 05:00:00+01:00;99,000;1,000;MESURE
2025-12-15 06:00:00+01:00;104,000;1,000;MESURE
2025-12-15 07:00:00+01:00;110,000;1,000;MESURE
2025-12-15 08:00:00+01:00;2352,000;1,000;MESURE
2025-12-15 09:00:00+01:00;10626,000;1,000;MESURE
2025-12-15 10:00:00+01:00;10644,000;1,000;MESURE
2025-12-15 11:00:00+01:00;2721,000;1,000;MESURE
2025-12-15 12:00:00+01:00;111,000;1,000;MESURE
2025-12-15 13:00:00+01:00;114,000;1,000;MESURE
2025-12-15 14:00:00+01:00;112,000;1,000;MESURE
2025-12-15 15:00:00+01:00;111,000;1,000;MESURE
2025-12-15 16:00:00+01:00;110,000;1,000;MESURE
2025-12-15 17:00:00+01:00;113,000;1,000;MESURE
2025-12-15 18:00:00+01:00;107,000;1,000;MESURE
2025-12-15 19:00:00+01:00;99,000;1,000;MESURE
2025-12-15 20:00:00+01:00;99,000;1,000;MESURE
2025-12-15 21:00:00+01:00;99,000;1,000;MESURE
2025-12-15 22:00:00+01:00;98,000;1,000;MESURE
2025-12-15 23:00:00+01:00;99,000;1,000;MESURE
2025-12-16 00:00:00+01:00;98,000;1,000;MESURE
2025-12-16 01:00:00+01:00;99,000;1,000;MESURE
2025-12-16 02:00:00+01:00;99,000;1,000;MESURE
2025-12-16 03:00:00+01:00;98,000;1,000;MESURE
2025-12-16 04:00:00+01:00;99,000;1,000;MESURE
2025-12-16 05:00:00+01:00;98,000;1,000;MESURE
2025-12-16 06:00:00+01:00;104,000;1,000;MESURE
2025-12-16 07:00:00+01:00;110,000;1,000;MESURE
2025-12-16 08:00:00+01:00;111,000;1,000;MESURE
2025-12-16 09:00:00+01:00;10253,000;1,000;MESURE
2025-12-16 10:00:00+01:00;10647,000;1,000;MESURE
2025-12-16 11:00:00+01:00;1132,000;1,000;MESURE
2025-12-16 12:00:00+01:00;8362,000;1,000;MESURE
2025-12-16 13:00:00+01:00;8678,000;1,000;MESURE
2025-12-16 14:00:00+01:00;113,000;1,000;MESURE
2025-12-16 15:00:00+01:00;111,000;1,000;MESURE
2025-12-16 16:00:00+01:00;112,000;1,000;MESURE
2025-12-16 17:00:00+01:00;112,000;1,000;MESURE
2025-12-16 18:00:00+01:00;106,000;1,000;MESURE
2025-12-16 19:00:00+01:00;100,000;1,000;MESURE
2025-12-16 20:00:00+01:00;99,000;1,000;MESURE
2025-12-16 21:00:00+01:00;98,000;1,000;MESURE
2025-12-16 22:00:00+01:00;99,000;1,000;MESURE
2025-12-16 23:00:00+01:00;98,000;1,000;MESURE
2025-12-17 00:00:00+01:00;101,000;1,000;MESURE
2025-12-17 01:00:00+01:00;101,000;1,000;MESURE
2025-12-17 02:00:00+01:00;101,000;1,000;MESURE
2025-12-17 03:00:00+01:00;119,000;1,000;MESURE
2025-12-17 04:00:00+01:00;119,000;1,000;MESURE
2025-12-17 05:00:00+01:00;101,000;1,000;MESURE
2025-12-17 06:00:00+01:00;106,000;1,000;MESURE
2025-12-17 07:00:00+01:00;133,000;1,000;MESURE
2025-12-17 08:00:00+01:00;1883,000;1,000;MESURE
2025-12-17 09:00:00+01:00;7308,000;1,000;MESURE
2025-12-17 10:00:00+01:00;7322,000;1,000;MESURE
2025-12-17 11:00:00+01:00;5779,000;1,000;MESURE
2025-12-17 12:00:00+01:00;9736,000;1,000;MESURE
2025-12-17 13:00:00+01:00;841,000;1,000;MESURE
2025-12-17 14:00:00+01:00;110,000;1,000;MESURE
2025-12-17 15:00:00+01:00;112,000;1,000;MESURE
2025-12-17 16:00:00+01:00;110,000;1,000;MESURE
2025-12-17 17:00:00+01:00;112,000;1,000;MESURE
2025-12-17 18:00:00+01:00;107,000;1,000;MESURE
2025-12-17 19:00:00+01:00;99,000;1,000;MESURE
2025-12-17 20:00:00+01:00;1169,000;1,000;MESURE
2025-12-17 21:00:00+01:00;7751,000;1,000;MESURE
2025-12-17 22:00:00+01:00;6851,000;1,000;MESURE
2025-12-17 23:00:00+01:00;182,000;1,000;MESURE
2025-12-18 00:00:00+01:00;99,000;1,000;MESURE
2025-12-18 01:00:00+01:00;116,000;1,000;MESURE
2025-12-18 02:00:00+01:00;120,000;1,000;MESURE
2025-12-18 03:00:00+01:00;99,000;1,000;MESURE
2025-12-18 04:00:00+01:00;114,000;1,000;MESURE
2025-12-18 05:00:00+01:00;128,000;1,000;MESURE
2025-12-18 06:00:00+01:00;108,000;1,000;MESURE
2025-12-18 07:00:00+01:00;133,000;1,000;MESURE
2025-12-18 08:00:00+01:00;5056,000;1,000;MESURE
2025-12-18 09:00:00+01:00;7575,000;1,000;MESURE
2025-12-18 10:00:00+01:00;6802,000;1,000;MESURE
2025-12-18 11:00:00+01:00;2825,000;1,000;MESURE
2025-12-18 12:00:00+01:00;111,000;1,000;MESURE
2025-12-18 13:00:00+01:00;109,000;1,000;MESURE
2025-12-18 14:00:00+01:00;112,000;1,000;MESURE
2025-12-18 15:00:00+01:00;3200,000;1,000;MESURE
2025-12-18 16:00:00+01:00;12851,000;1,000;MESURE
2025-12-18 17:00:00+01:00;10200,000;1,000;MESURE
2025-12-18 18:00:00+01:00;1386,000;1,000;MESURE
2025-12-18 19:00:00+01:00;23505,000;1,000;MESURE
2025-12-18 20:00:00+01:00;27487,000;1,000;MESURE
2025-12-18 21:00:00+01:00;6306,000;1,000;MESURE
2025-12-18 22:00:00+01:00;1161,000;1,000;MESURE
2025-12-18 23:00:00+01:00;99,000;1,000;MESURE
2025-12-19 00:00:00+01:00;103,000;1,000;MESURE
2025-12-19 01:00:00+01:00;104,000;1,000;MESURE
2025-12-19 02:00:00+01:00;103,000;1,000;MESURE
2025-12-19 03:00:00+01:00;103,000;1,000;MESURE
2025-12-19 04:00:00+01:00;104,000;1,000;MESURE
2025-12-19 05:00:00+01:00;103,000;1,000;MESURE
2025-12-19 06:00:00+01:00;109,000;1,000;MESURE
2025-12-19 07:00:00+01:00;2301,000;1,000;MESURE
2025-12-19 08:00:00+01:00;2516,000;1,000;MESURE
2025-12-19 09:00:00+01:00;10626,000;1,000;MESURE
2025-12-19 10:00:00+01:00;10649,000;1,000;MESURE
2025-12-19 11:00:00+01:00;8094,000;1,000;MESURE
2025-12-19 12:00:00+01:00;17474,000;1,000;MESURE
2025-12-19 13:00:00+01:00;12335,000;1,000;MESURE
2025-12-19 14:00:00+01:00;7163,000;1,000;MESURE
2025-12-19 15:00:00+01:00;7227,000;1,000;MESURE
2025-12-19 16:00:00+01:00;7207,000;1,000;MESURE
2025-12-19 17:00:00+01:00;2416,000;1,000;MESURE
2025-12-19 18:00:00+01:00;105,000;1,000;MESURE
2025-12-19 19:00:00+01:00;1222,000;1,000;MESURE
2025-12-19 20:00:00+01:00;6991,000;1,000;MESURE
2025-12-19 21:00:00+01:00;7090,000;1,000;MESURE
2025-12-19 22:00:00+01:00;3994,000;1,000;MESURE
2025-12-19 23:00:00+01:00;98,000;1,000;MESURE
2025-12-20 00:00:00+01:00;103,000;1,000;MESURE
2025-12-20 01:00:00+01:00;103,000;1,000;MESURE
2025-12-20 02:00:00+01:00;103,000;1,000;MESURE
2025-12-20 03:00:00+01:00;103,000;1,000;MESURE
2025-12-20 04:00:00+01:00;103,000;1,000;MESURE
2025-12-20 05:00:00+01:00;103,000;1,000;MESURE
2025-12-20 06:00:00+01:00;104,000;1,000;MESURE
2025-12-20 07:00:00+01:00;103,000;1,000;MESURE
2025-12-20 08:00:00+01:00;99,000;1,000;MESURE
2025-12-20 09:00:00+01:00;98,000;1,000;MESURE
2025-12-20 10:00:00+01:00;99,000;1,000;MESURE
2025-12-20 11:00:00+01:00;98,000;1,000;MESURE
2025-12-20 12:00:00+01:00;3406,000;1,000;MESURE
2025-12-20 13:00:00+01:00;11292,000;1,000;MESURE
2025-12-20 14:00:00+01:00;11252,000;1,000;MESURE
2025-12-20 15:00:00+01:00;10502,000;1,000;MESURE
2025-12-20 16:00:00+01:00;1827,000;1,000;MESURE
2025-12-20 17:00:00+01:00;6392,000;1,000;MESURE
2025-12-20 18:00:00+01:00;7633,000;1,000;MESURE
2025-12-20 19:00:00+01:00;8503,000;1,000;MESURE
2025-12-20 20:00:00+01:00;15234,000;1,000;MESURE
2025-12-20 21:00:00+01:00;15271,000;1,000;MESURE
2025-12-20 22:00:00+01:00;5493,000;1,000;MESURE
2025-12-20 23:00:00+01:00;99,000;1,000;MESURE
2025-12-21 00:00:00+01:00;103,000;1,000;MESURE
2025-12-21 01:00:00+01:00;103,000;1,000;MESURE
2025-12-21 02:00:00+01:00;103,000;1,000;MESURE
2025-12-21 03:00:00+01:00;103,000;1,000;MESURE
2025-12-21 04:00:00+01:00;103,000;1,000;MESURE
2025-12-21 05:00:00+01:00;103,000;1,000;MESURE
2025-12-21 06:00:00+01:00;103,000;1,000;MESURE
2025-12-21 07:00:00+01:00;103,000;1,000;MESURE
2025-12-21 08:00:00+01:00;100,000;1,000;MESURE
2025-12-21 09:00:00+01:00;98,000;1,000;MESURE
2025-12-21 10:00:00+01:00;99,000;1,000;MESURE
2025-12-21 11:00:00+01:00;99,000;1,000;MESURE
2025-12-21 12:00:00+01:00;99,000;1,000;MESURE
2025-12-21 13:00:00+01:00;5847,000;1,000;MESURE
2025-12-21 14:00:00+01:00;10530,000;1,000;MESURE
2025-12-21 15:00:00+01:00;10523,000;1,000;MESURE
2025-12-21 16:00:00+01:00;10385,000;1,000;MESURE
2025-12-21 17:00:00+01:00;1386,000;1,000;MESURE
2025-12-21 18:00:00+01:00;3672,000;1,000;MESURE
2025-12-21 19:00:00+01:00;1275,000;1,000;MESURE
2025-12-21 20:00:00+01:00;98,000;1,000;MESURE
2025-12-21 21:00:00+01:00;99,000;1,000;MESURE
2025-12-21 22:00:00+01:00;98,000;1,000;MESURE
2025-12-21 23:00:00+01:00;98,000;1,000;MESURE
2025-12-22 00:00:00+01:00;99,000;1,000;MESURE
2025-12-22 01:00:00+01:00;98,000;1,000;MESURE
2025-12-22 02:00:00+01:00;98,000;1,000;MESURE
2025-12-22 03:00:00+01:00;99,000;1,000;MESURE
2025-12-22 04:00:00+01:00;98,000;1,000;MESURE
2025-12-22 05:00:00+01:00;99,000;1,000;MESURE
2025-12-22 06:00:00+01:00;104,000;1,000;MESURE
2025-12-22 07:00:00+01:00;110,000;1,000;MESURE
2025-12-22 08:00:00+01:00;5613,000;1,000;MESURE
2025-12-22 09:00:00+01:00;7685,000;1,000;MESURE
2025-12-22 10:00:00+01:00;3606,000;1,000;MESURE
2025-12-22 11:00:00+01:00;111,000;1,000;MESURE
2025-12-22 12:00:00+01:00;110,000;1,000;MESURE
2025-12-22 13:00:00+01:00;112,000;1,000;MESURE
2025-12-22 14:00:00+01:00;112,000;1,000;MESURE
2025-12-22 15:00:00+01:00;111,000;1,000;MESURE
2025-12-22 16:00:00+01:00;110,000;1,000;MESURE
2025-12-22 17:00:00+01:00;110,000;1,000;MESURE
2025-12-22 18:00:00+01:00;106,000;1,000;MESURE
2025-12-22 19:00:00+01:00;2182,000;1,000;MESURE
2025-12-22 20:00:00+01:00;11069,000;1,000;MESURE
2025-12-22 21:00:00+01:00;11113,000;1,000;MESURE
2025-12-22 22:00:00+01:00;5002,000;1,000;MESURE
2025-12-22 23:00:00+01:00;99,000;1,000;MESURE
2025-12-23 00:00:00+01:00;98,000;1,000;MESURE
2025-12-23 01:00:00+01:00;99,000;1,000;MESURE
2025-12-23 02:00:00+01:00;98,000;1,000;MESURE
2025-12-23 03:00:00+01:00;99,000;1,000;MESURE
2025-12-23 04:00:00+01:00;99,000;1,000;MESURE
2025-12-23 05:00:00+01:00;98,000;1,000;MESURE
2025-12-23 06:00:00+01:00;104,000;1,000;MESURE
2025-12-23 07:00:00+01:00;110,000;1,000;MESURE
2025-12-23 08:00:00+01:00;111,000;1,000;MESURE
2025-12-23 09:00:00+01:00;111,000;1,000;MESURE
2025-12-23 10:00:00+01:00;111,000;1,000;MESURE
2025-12-23 11:00:00+01:00;114,000;1,000;MESURE
2025-12-23 12:00:00+01:00;111,000;1,000;MESURE
2025-12-23 13:00:00+01:00;113,000;1,000;MESURE
2025-12-23 14:00:00+01:00;111,000;1,000;MESURE
2025-12-23 15:00:00+01:00;111,000;1,000;MESURE
2025-12-23 16:00:00+01:00;4627,000;1,000;MESURE
2025-12-23 17:00:00+01:00;7043,000;1,000;MESURE
2025-12-23 18:00:00+01:00;7100,000;1,000;MESURE
2025-12-23 19:00:00+01:00;7074,000;1,000;MESURE
2025-12-23 20:00:00+01:00;5899,000;1,000;MESURE
2025-12-23 21:00:00+01:00;98,000;1,000;MESURE
2025-12-23 22:00:00+01:00;116,000;1,000;MESURE
2025-12-23 23:00:00+01:00;116,000;1,000;MESURE
2025-12-24 00:00:00+01:00;99,000;1,000;MESURE
2025-12-24 01:00:00+01:00;119,000;1,000;MESURE
2025-12-24 02:00:00+01:00;115,000;1,000;MESURE
2025-12-24 03:00:00+01:00;104,000;1,000;MESURE
2025-12-24 04:00:00+01:00;136,000;1,000;MESURE
2025-12-24 05:00:00+01:00;114,000;1,000;MESURE
2025-12-24 06:00:00+01:00;116,000;1,000;MESURE
2025-12-24 07:00:00+01:00;146,000;1,000;MESURE
2025-12-24 08:00:00+01:00;114,000;1,000;MESURE
2025-12-24 09:00:00+01:00;528,000;1,000;MESURE
2025-12-24 10:00:00+01:00;11076,000;1,000;MESURE
2025-12-24 11:00:00+01:00;11077,000;1,000;MESURE
2025-12-24 12:00:00+01:00;828,000;1,000;MESURE
2025-12-24 13:00:00+01:00;114,000;1,000;MESURE
2025-12-24 14:00:00+01:00;115,000;1,000;MESURE
2025-12-24 15:00:00+01:00;114,000;1,000;MESURE
2025-12-24 16:00:00+01:00;140,000;1,000;MESURE
2025-12-24 17:00:00+01:00;121,000;1,000;MESURE
2025-12-24 18:00:00+01:00;117,000;1,000;MESURE
2025-12-24 19:00:00+01:00;136,000;1,000;MESURE
2025-12-24 20:00:00+01:00;2273,000;1,000;MESURE
2025-12-24 21:00:00+01:00;11430,000;1,000;MESURE
2025-12-24 22:00:00+01:00;11476,000;1,000;MESURE
2025-12-24 23:00:00+01:00;11399,000;1,000;MESURE
2025-12-25 00:00:00+01:00;3952,000;1,000;MESURE
2025-12-25 01:00:00+01:00;117,000;1,000;MESURE
2025-12-25 02:00:00+01:00;102,000;1,000;MESURE
2025-12-25 03:00:00+01:00;135,000;1,000;MESURE
2025-12-25 04:00:00+01:00;104,000;1,000;MESURE
2025-12-25 05:00:00+01:00;109,000;1,000;MESURE
2025-12-25 06:00:00+01:00;137,000;1,000;MESURE
2025-12-25 07:00:00+01:00;113,000;1,000;MESURE
2025-12-25 08:00:00+01:00;126,000;1,000;MESURE
2025-12-25 09:00:00+01:00;136,000;1,000;MESURE
2025-12-25 10:00:00+01:00;113,000;1,000;MESURE
2025-12-25 11:00:00+01:00;113,000;1,000;MESURE
2025-12-25 12:00:00+01:00;113,000;1,000;MESURE
2025-12-25 13:00:00+01:00;113,000;1,000;MESURE
2025-12-25 14:00:00+01:00;114,000;1,000;MESURE
2025-12-25 15:00:00+01:00;114,000;1,000;MESURE
2025-12-25 16:00:00+01:00;114,000;1,000;MESURE
2025-12-25 17:00:00+01:00;139,000;1,000;MESURE
2025-12-25 18:00:00+01:00;114,000;1,000;MESURE
2025-12-25 19:00:00+01:00;102,000;1,000;MESURE
2025-12-25 20:00:00+01:00;137,000;1,000;MESURE
2025-12-25 21:00:00+01:00;6922,000;1,000;MESURE
2025-12-25 22:00:00+01:00;11374,000;1,000;MESURE
2025-12-25 23:00:00+01:00;126,000;1,000;MESURE
2025-12-26 00:00:00+01:00;102,000;1,000;MESURE
2025-12-26 01:00:00+01:00;117,000;1,000;MESURE
2025-12-26 02:00:00+01:00;121,000;1,000;MESURE
2025-12-26 03:00:00+01:00;102,000;1,000;MESURE
2025-12-26 04:00:00+01:00;119,000;1,000;MESURE
2025-12-26 05:00:00+01:00;116,000;1,000;MESURE
2025-12-26 06:00:00+01:00;104,000;1,000;MESURE
2025-12-26 07:00:00+01:00;130,000;1,000;MESURE
2025-12-26 08:00:00+01:00;127,000;1,000;MESURE
2025-12-26 09:00:00+01:00;110,000;1,000;MESURE
2025-12-26 10:00:00+01:00;114,000;1,000;MESURE
2025-12-26 11:00:00+01:00;141,000;1,000;MESURE
2025-12-26 12:00:00+01:00;110,000;1,000;MESURE
2025-12-26 13:00:00+01:00;111,000;1,000;MESURE
2025-12-26 14:00:00+01:00;112,000;1,000;MESURE
2025-12-26 15:00:00+01:00;113,000;1,000;MESURE
2025-12-26 16:00:00+01:00;2730,000;1,000;MESURE
2025-12-26 17:00:00+01:00;7062,000;1,000;MESURE
2025-12-26 18:00:00+01:00;7038,000;1,000;MESURE
2025-12-26 19:00:00+01:00;4121,000;1,000;MESURE
2025-12-26 20:00:00+01:00;554,000;1,000;MESURE
2025-12-26 21:00:00+01:00;127,000;1,000;MESURE
2025-12-26 22:00:00+01:00;100,000;1,000;MESURE
2025-12-26 23:00:00+01:00;118,000;1,000;MESURE
2025-12-27 00:00:00+01:00;122,000;1,000;MESURE
2025-12-27 01:00:00+01:00;101,000;1,000;MESURE
2025-12-27 02:00:00+01:00;132,000;1,000;MESURE
2025-12-27 03:00:00+01:00;106,000;1,000;MESURE
2025-12-27 04:00:00+01:00;114,000;1,000;MESURE
2025-12-27 05:00:00+01:00;127,000;1,000;MESURE
2025-12-27 06:00:00+01:00;101,000;1,000;MESURE
2025-12-27 07:00:00+01:00;126,000;1,000;MESURE
2025-12-27 08:00:00+01:00;116,000;1,000;MESURE
2025-12-27 09:00:00+01:00;98,000;1,000;MESURE
2025-12-27 10:00:00+01:00;4409,000;1,000;MESURE
2025-12-27 11:00:00+01:00;11124,000;1,000;MESURE
2025-12-27 12:00:00+01:00;11248,000;1,000;MESURE
2025-12-27 13:00:00+01:00;11377,000;1,000;MESURE
2025-12-27 14:00:00+01:00;10829,000;1,000;MESURE
2025-12-27 15:00:00+01:00;14151,000;1,000;MESURE
2025-12-27 16:00:00+01:00;15139,000;1,000;MESURE
2025-12-27 17:00:00+01:00;7555,000;1,000;MESURE
2025-12-27 18:00:00+01:00;108,000;1,000;MESURE
2025-12-27 19:00:00+01:00;99,000;1,000;MESURE
2025-12-27 20:00:00+01:00;126,000;1,000;MESURE
2025-12-27 21:00:00+01:00;109,000;1,000;MESURE
2025-12-27 22:00:00+01:00;100,000;1,000;MESURE
2025-12-27 23:00:00+01:00;133,000;1,000;MESURE
2025-12-28 00:00:00+01:00;102,000;1,000;MESURE
2025-12-28 01:00:00+01:00;113,000;1,000;MESURE
2025-12-28 02:00:00+01:00;128,000;1,000;MESURE
2025-12-28 03:00:00+01:00;98,000;1,000;MESURE
2025-12-28 04:00:00+01:00;128,000;1,000;MESURE
2025-12-28 05:00:00+01:00;114,000;1,000;MESURE
2025-12-28 06:00:00+01:00;111,000;1,000;MESURE
2025-12-28 07:00:00+01:00;133,000;1,000;MESURE
2025-12-28 08:00:00+01:00;102,000;1,000;MESURE
2025-12-28 09:00:00+01:00;123,000;1,000;MESURE
2025-12-28 10:00:00+01:00;116,000;1,000;MESURE
2025-12-28 11:00:00+01:00;99,000;1,000;MESURE
2025-12-28 12:00:00+01:00;99,000;1,000;MESURE
2025-12-28 13:00:00+01:00;120,000;1,000;MESURE
2025-12-28 14:00:00+01:00;111,000;1,000;MESURE
2025-12-28 15:00:00+01:00;100,000;1,000;MESURE
2025-12-28 16:00:00+01:00;121,000;1,000;MESURE
2025-12-28 17:00:00+01:00;114,000;1,000;MESURE
2025-12-28 18:00:00+01:00;99,000;1,000;MESURE
2025-12-28 19:00:00+01:00;126,000;1,000;MESURE
2025-12-28 20:00:00+01:00;108,000;1,000;MESURE
2025-12-28 21:00:00+01:00;99,000;1,000;MESURE
2025-12-28 22:00:00+01:00;134,000;1,000;MESURE
2025-12-28 23:00:00+01:00;102,000;1,000;MESURE
2025-12-29 00:00:00+01:00;103,000;1,000;MESURE
2025-12-29 01:00:00+01:00;132,000;1,000;MESURE
2025-12-29 02:00:00+01:00;99,000;1,000;MESURE
2025-12-29 03:00:00+01:00;110,000;1,000;MESURE
2025-12-29 04:00:00+01:00;124,000;1,000;MESURE
2025-12-29 05:00:00+01:00;98,000;1,000;MESURE
2025-12-29 06:00:00+01:00;3919,000;1,000;MESURE
2025-12-29 07:00:00+01:00;1873,000;1,000;MESURE
2025-12-29 08:00:00+01:00;122,000;1,000;MESURE
2025-12-29 09:00:00+01:00;144,000;1,000;MESURE
2025-12-29 10:00:00+01:00;112,000;1,000;MESURE
2025-12-29 11:00:00+01:00;112,000;1,000;MESURE
2025-12-29 12:00:00+01:00;111,000;1,000;MESURE
2025-12-29 13:00:00+01:00;111,000;1,000;MESURE
2025-12-29 14:00:00+01:00;112,000;1,000;MESURE
2025-12-29 15:00:00+01:00;134,000;1,000;MESURE
2025-12-29 16:00:00+01:00;130,000;1,000;MESURE
2025-12-29 17:00:00+01:00;112,000;1,000;MESURE
2025-12-29 18:00:00+01:00;133,000;1,000;MESURE
2025-12-29 19:00:00+01:00;110,000;1,000;MESURE
2025-12-29 20:00:00+01:00;2919,000;1,000;MESURE
2025-12-29 21:00:00+01:00;1823,000;1,000;MESURE
2025-12-29 22:00:00+01:00;221,000;1,000;MESURE
2025-12-29 23:00:00+01:00;110,000;1,000;MESURE
2025-12-30 00:00:00+01:00;133,000;1,000;MESURE
2025-12-30 01:00:00+01:00;102,000;1,000;MESURE
2025-12-30 02:00:00+01:00;120,000;1,000;MESURE
2025-12-30 03:00:00+01:00;126,000;1,000;MESURE
2025-12-30 04:00:00+01:00;98,000;1,000;MESURE
2025-12-30 05:00:00+01:00;133,000;1,000;MESURE
2025-12-30 06:00:00+01:00;138,000;1,000;MESURE
2025-12-30 07:00:00+01:00;146,000;1,000;MESURE
2025-12-30 08:00:00+01:00;147,000;1,000;MESURE
2025-12-30 09:00:00+01:00;149,000;1,000;MESURE
2025-12-30 10:00:00+01:00;151,000;1,000;MESURE
2025-12-30 11:00:00+01:00;8007,000;1,000;MESURE
2025-12-30 12:00:00+01:00;13884,000;1,000;MESURE
2025-12-30 13:00:00+01:00;20400,000;1,000;MESURE
2025-12-30 14:00:00+01:00;17994,000;1,000;MESURE
2025-12-30 15:00:00+01:00;7251,000;1,000;MESURE
2025-12-30 16:00:00+01:00;6881,000;1,000;MESURE
2025-12-30 17:00:00+01:00;115,000;1,000;MESURE
2025-12-30 18:00:00+01:00;142,000;1,000;MESURE
2025-12-30 19:00:00+01:00;137,000;1,000;MESURE
2025-12-30 20:00:00+01:00;6882,000;1,000;MESURE
2025-12-30 21:00:00+01:00;19106,000;1,000;MESURE
2025-12-30 22:00:00+01:00;19006,000;1,000;MESURE
2025-12-30 23:00:00+01:00;4658,000;1,000;MESURE
2025-12-31 00:00:00+01:00;137,000;1,000;MESURE
2025-12-31 01:00:00+01:00;136,000;1,000;MESURE
2025-12-31 02:00:00+01:00;136,000;1,000;MESURE
2025-12-31 03:00:00+01:00;136,000;1,000;MESURE
2025-12-31 04:00:00+01:00;136,000;1,000;MESURE
2025-12-31 05:00:00+01:00;136,000;1,000;MESURE
2025-12-31 06:00:00+01:00;142,000;1,000;MESURE
2025-12-31 07:00:00+01:00;146,000;1,000;MESURE
2025-12-31 08:00:00+01:00;148,000;1,000;MESURE
2025-12-31 09:00:00+01:00;148,000;1,000;MESURE
2025-12-31 10:00:00+01:00;149,000;1,000;MESURE
2025-12-31 11:00:00+01:00;147,000;1,000;MESURE
2025-12-31 12:00:00+01:00;8520,000;1,000;MESURE
2025-12-31 13:00:00+01:00;11083,000;1,000;MESURE
2025-12-31 14:00:00+01:00;11120,000;1,000;MESURE
2025-12-31 15:00:00+01:00;5655,000;1,000;MESURE
2025-12-31 16:00:00+01:00;140,000;1,000;MESURE
2025-12-31 17:00:00+01:00;6605,000;1,000;MESURE
2025-12-31 18:00:00+01:00;7221,000;1,000;MESURE
2025-12-31 19:00:00+01:00;5449,000;1,000;MESURE
2025-12-31 20:00:00+01:00;2338,000;1,000;MESURE
2025-12-31 21:00:00+01:00;134,000;1,000;MESURE
2025-12-31 22:00:00+01:00;136,000;1,000;MESURE
2025-12-31 23:00:00+01:00;137,000;1,000;MESURE
