horodate_locale;puissance_W;couverture;origine
2025-01-01 00:00:00+01:00;3587,000;1,000;MESURE
2025-01-01 01:00:00+01:00;3587,000;1,000;MESURE
2025-01-01 02:00:00+01:00;3582,000;1,000;MESURE
2025-01-01 03:00:00+01:00;3588,000;1,000;MESURE
2025-01-01 04:00:00+01:00;3593,000;1,000;MESURE
2025-01-01 05:00:00+01:00;9152,000;1,000;MESURE
2025-01-01 06:00:00+01:00;9176,000;1,000;MESURE
2025-01-01 07:00:00+01:00;9033,000;1,000;MESURE
2025-01-01 08:00:00+01:00;0,000;1,000;MESURE
2025-01-01 09:00:00+01:00;0,000;1,000;MESURE
2025-01-01 10:00:00+01:00;0,000;1,000;MESURE
2025-01-01 11:00:00+01:00;0,000;1,000;MESURE
2025-01-01 12:00:00+01:00;0,000;1,000;MESURE
2025-01-01 13:00:00+01:00;0,000;1,000;MESURE
2025-01-01 14:00:00+01:00;0,000;1,000;MESURE
2025-01-01 15:00:00+01:00;0,000;1,000;MESURE
2025-01-01 16:00:00+01:00;0,000;1,000;MESURE
2025-01-01 17:00:00+01:00;6242,000;1,000;MESURE
2025-01-01 18:00:00+01:00;9128,000;1,000;MESURE
2025-01-01 19:00:00+01:00;9106,000;1,000;MESURE
2025-01-01 20:00:00+01:00;9111,000;1,000;MESURE
2025-01-01 21:00:00+01:00;9115,000;1,000;MESURE
2025-01-01 22:00:00+01:00;3786,000;1,000;MESURE
2025-01-01 23:00:00+01:00;3576,000;1,000;MESURE
2025-01-02 00:00:00+01:00;3218,000;1,000;MESURE
2025-01-02 01:00:00+01:00;3214,000;1,000;MESURE
2025-01-02 02:00:00+01:00;3223,000;1,000;MESURE
2025-01-02 03:00:00+01:00;3225,000;1,000;MESURE
2025-01-02 04:00:00+01:00;3217,000;1,000;MESURE
2025-01-02 05:00:00+01:00;8774,000;1,000;MESURE
2025-01-02 06:00:00+01:00;9145,000;1,000;MESURE
2025-01-02 07:00:00+01:00;9014,000;1,000;MESURE
2025-01-02 08:00:00+01:00;0,000;1,000;MESURE
2025-01-02 09:00:00+01:00;0,000;1,000;MESURE
2025-01-02 10:00:00+01:00;0,000;1,000;MESURE
2025-01-02 11:00:00+01:00;0,000;1,000;MESURE
2025-01-02 12:00:00+01:00;0,000;1,000;MESURE
2025-01-02 13:00:00+01:00;0,000;1,000;MESURE
2025-01-02 14:00:00+01:00;0,000;1,000;MESURE
2025-01-02 15:00:00+01:00;0,000;1,000;MESURE
2025-01-02 16:00:00+01:00;0,000;1,000;MESURE
2025-01-02 17:00:00+01:00;6083,000;1,000;MESURE
2025-01-02 18:00:00+01:00;9165,000;1,000;MESURE
2025-01-02 19:00:00+01:00;9149,000;1,000;MESURE
2025-01-02 20:00:00+01:00;9151,000;1,000;MESURE
2025-01-02 21:00:00+01:00;9143,000;1,000;MESURE
2025-01-02 22:00:00+01:00;3789,000;1,000;MESURE
2025-01-02 23:00:00+01:00;3583,000;1,000;MESURE
2025-01-03 00:00:00+01:00;3221,000;1,000;MESURE
2025-01-03 01:00:00+01:00;3224,000;1,000;MESURE
2025-01-03 02:00:00+01:00;3216,000;1,000;MESURE
2025-01-03 03:00:00+01:00;3226,000;1,000;MESURE
2025-01-03 04:00:00+01:00;3225,000;1,000;MESURE
2025-01-03 05:00:00+01:00;8768,000;1,000;MESURE
2025-01-03 06:00:00+01:00;9129,000;1,000;MESURE
2025-01-03 07:00:00+01:00;8976,000;1,000;MESURE
2025-01-03 08:00:00+01:00;0,000;1,000;MESURE
2025-01-03 09:00:00+01:00;0,000;1,000;MESURE
2025-01-03 10:00:00+01:00;0,000;1,000;MESURE
2025-01-03 11:00:00+01:00;0,000;1,000;MESURE
2025-01-03 12:00:00+01:00;0,000;1,000;MESURE
2025-01-03 13:00:00+01:00;0,000;1,000;MESURE
2025-01-03 14:00:00+01:00;0,000;1,000;MESURE
2025-01-03 15:00:00+01:00;0,000;1,000;MESURE
2025-01-03 16:00:00+01:00;0,000;1,000;MESURE
2025-01-03 17:00:00+01:00;5971,000;1,000;MESURE
2025-01-03 18:00:00+01:00;9150,000;1,000;MESURE
2025-01-03 19:00:00+01:00;9133,000;1,000;MESURE
2025-01-03 20:00:00+01:00;9141,000;1,000;MESURE
2025-01-03 21:00:00+01:00;9147,000;1,000;MESURE
2025-01-03 22:00:00+01:00;3834,000;1,000;MESURE
2025-01-03 23:00:00+01:00;3635,000;1,000;MESURE
2025-01-04 00:00:00+01:00;3254,000;1,000;MESURE
2025-01-04 01:00:00+01:00;3244,000;1,000;MESURE
2025-01-04 02:00:00+01:00;3240,000;1,000;MESURE
2025-01-04 03:00:00+01:00;3237,000;1,000;MESURE
2025-01-04 04:00:00+01:00;3231,000;1,000;MESURE
2025-01-04 05:00:00+01:00;8790,000;1,000;MESURE
2025-01-04 06:00:00+01:00;9136,000;1,000;MESURE
2025-01-04 07:00:00+01:00;8988,000;1,000;MESURE
2025-01-04 08:00:00+01:00;0,000;1,000;MESURE
2025-01-04 09:00:00+01:00;0,000;1,000;MESURE
2025-01-04 10:00:00+01:00;0,000;1,000;MESURE
2025-01-04 11:00:00+01:00;0,000;1,000;MESURE
2025-01-04 12:00:00+01:00;0,000;1,000;MESURE
2025-01-04 13:00:00+01:00;0,000;1,000;MESURE
2025-01-04 14:00:00+01:00;0,000;1,000;MESURE
2025-01-04 15:00:00+01:00;0,000;1,000;MESURE
2025-01-04 16:00:00+01:00;0,000;1,000;MESURE
2025-01-04 17:00:00+01:00;5815,000;1,000;MESURE
2025-01-04 18:00:00+01:00;9164,000;1,000;MESURE
2025-01-04 19:00:00+01:00;9153,000;1,000;MESURE
2025-01-04 20:00:00+01:00;9146,000;1,000;MESURE
2025-01-04 21:00:00+01:00;9151,000;1,000;MESURE
2025-01-04 22:00:00+01:00;3831,000;1,000;MESURE
2025-01-04 23:00:00+01:00;3647,000;1,000;MESURE
2025-01-05 00:00:00+01:00;3306,000;1,000;MESURE
2025-01-05 01:00:00+01:00;3311,000;1,000;MESURE
2025-01-05 02:00:00+01:00;3309,000;1,000;MESURE
2025-01-05 03:00:00+01:00;3315,000;1,000;MESURE
2025-01-05 04:00:00+01:00;3322,000;1,000;MESURE
2025-01-05 05:00:00+01:00;8775,000;1,000;MESURE
2025-01-05 06:00:00+01:00;9148,000;1,000;MESURE
2025-01-05 07:00:00+01:00;9009,000;1,000;MESURE
2025-01-05 08:00:00+01:00;0,000;1,000;MESURE
2025-01-05 09:00:00+01:00;0,000;1,000;MESURE
2025-01-05 10:00:00+01:00;0,000;1,000;MESURE
2025-01-05 11:00:00+01:00;0,000;1,000;MESURE
2025-01-05 12:00:00+01:00;0,000;1,000;MESURE
2025-01-05 13:00:00+01:00;0,000;1,000;MESURE
2025-01-05 14:00:00+01:00;0,000;1,000;MESURE
2025-01-05 15:00:00+01:00;0,000;1,000;MESURE
2025-01-05 16:00:00+01:00;0,000;1,000;MESURE
2025-01-05 17:00:00+01:00;5609,000;1,000;MESURE
2025-01-05 18:00:00+01:00;9125,000;1,000;MESURE
2025-01-05 19:00:00+01:00;9103,000;1,000;MESURE
2025-01-05 20:00:00+01:00;9101,000;1,000;MESURE
2025-01-05 21:00:00+01:00;9099,000;1,000;MESURE
2025-01-05 22:00:00+01:00;3783,000;1,000;MESURE
2025-01-05 23:00:00+01:00;3572,000;1,000;MESURE
2025-01-06 00:00:00+01:00;3197,000;1,000;MESURE
2025-01-06 01:00:00+01:00;3191,000;1,000;MESURE
2025-01-06 02:00:00+01:00;3190,000;1,000;MESURE
2025-01-06 03:00:00+01:00;3198,000;1,000;MESURE
2025-01-06 04:00:00+01:00;3193,000;1,000;MESURE
2025-01-06 05:00:00+01:00;8723,000;1,000;MESURE
2025-01-06 06:00:00+01:00;9093,000;1,000;MESURE
2025-01-06 07:00:00+01:00;8957,000;1,000;MESURE
2025-01-06 08:00:00+01:00;0,000;1,000;MESURE
2025-01-06 09:00:00+01:00;0,000;1,000;MESURE
2025-01-06 10:00:00+01:00;0,000;1,000;MESURE
2025-01-06 11:00:00+01:00;0,000;1,000;MESURE
2025-01-06 12:00:00+01:00;0,000;1,000;MESURE
2025-01-06 13:00:00+01:00;0,000;1,000;MESURE
2025-01-06 14:00:00+01:00;0,000;1,000;MESURE
2025-01-06 15:00:00+01:00;0,000;1,000;MESURE
2025-01-06 16:00:00+01:00;0,000;1,000;MESURE
2025-01-06 17:00:00+01:00;5476,000;1,000;MESURE
2025-01-06 18:00:00+01:00;9153,000;1,000;MESURE
2025-01-06 19:00:00+01:00;9149,000;1,000;MESURE
2025-01-06 20:00:00+01:00;9129,000;1,000;MESURE
2025-01-06 21:00:00+01:00;9126,000;1,000;MESURE
2025-01-06 22:00:00+01:00;3792,000;1,000;MESURE
2025-01-06 23:00:00+01:00;3587,000;1,000;MESURE
2025-01-07 00:00:00+01:00;3215,000;1,000;MESURE
2025-01-07 01:00:00+01:00;3240,000;1,000;MESURE
2025-01-07 02:00:00+01:00;3221,000;1,000;MESURE
2025-01-07 03:00:00+01:00;3228,000;1,000;MESURE
2025-01-07 04:00:00+01:00;3234,000;1,000;MESURE
2025-01-07 05:00:00+01:00;8767,000;1,000;MESURE
2025-01-07 06:00:00+01:00;9140,000;1,000;MESURE
2025-01-07 07:00:00+01:00;8974,000;1,000;MESURE
2025-01-07 08:00:00+01:00;0,000;1,000;MESURE
2025-01-07 09:00:00+01:00;0,000;1,000;MESURE
2025-01-07 10:00:00+01:00;0,000;1,000;MESURE
2025-01-07 11:00:00+01:00;0,000;1,000;MESURE
2025-01-07 12:00:00+01:00;0,000;1,000;MESURE
2025-01-07 13:00:00+01:00;2507,000;1,000;MESURE
2025-01-07 14:00:00+01:00;2203,000;1,000;MESURE
2025-01-07 15:00:00+01:00;0,000;1,000;MESURE
2025-01-07 16:00:00+01:00;0,000;1,000;MESURE
2025-01-07 17:00:00+01:00;5338,000;1,000;MESURE
2025-01-07 18:00:00+01:00;9132,000;1,000;MESURE
2025-01-07 19:00:00+01:00;9112,000;1,000;MESURE
2025-01-07 20:00:00+01:00;9121,000;1,000;MESURE
2025-01-07 21:00:00+01:00;9126,000;1,000;MESURE
2025-01-07 22:00:00+01:00;3806,000;1,000;MESURE
2025-01-07 23:00:00+01:00;3603,000;1,000;MESURE
2025-01-08 00:00:00+01:00;3219,000;1,000;MESURE
2025-01-08 01:00:00+01:00;3214,000;1,000;MESURE
2025-01-08 02:00:00+01:00;3212,000;1,000;MESURE
2025-01-08 03:00:00+01:00;3217,000;1,000;MESURE
2025-01-08 04:00:00+01:00;3218,000;1,000;MESURE
2025-01-08 05:00:00+01:00;8779,000;1,000;MESURE
2025-01-08 06:00:00+01:00;9146,000;1,000;MESURE
2025-01-08 07:00:00+01:00;9027,000;1,000;MESURE
2025-01-08 08:00:00+01:00;0,000;1,000;MESURE
2025-01-08 09:00:00+01:00;0,000;1,000;MESURE
2025-01-08 10:00:00+01:00;0,000;1,000;MESURE
2025-01-08 11:00:00+01:00;0,000;1,000;MESURE
2025-01-08 12:00:00+01:00;0,000;1,000;MESURE
2025-01-08 13:00:00+01:00;0,000;1,000;MESURE
2025-01-08 14:00:00+01:00;0,000;1,000;MESURE
2025-01-08 15:00:00+01:00;0,000;1,000;MESURE
2025-01-08 16:00:00+01:00;0,000;1,000;MESURE
2025-01-08 17:00:00+01:00;5171,000;1,000;MESURE
2025-01-08 18:00:00+01:00;9131,000;1,000;MESURE
2025-01-08 19:00:00+01:00;9109,000;1,000;MESURE
2025-01-08 20:00:00+01:00;9104,000;1,000;MESURE
2025-01-08 21:00:00+01:00;9117,000;1,000;MESURE
2025-01-08 22:00:00+01:00;3815,000;1,000;MESURE
2025-01-08 23:00:00+01:00;3605,000;1,000;MESURE
2025-01-09 00:00:00+01:00;3217,000;1,000;MESURE
2025-01-09 01:00:00+01:00;3229,000;1,000;MESURE
2025-01-09 02:00:00+01:00;3232,000;1,000;MESURE
2025-01-09 03:00:00+01:00;3233,000;1,000;MESURE
2025-01-09 04:00:00+01:00;3237,000;1,000;MESURE
2025-01-09 05:00:00+01:00;8762,000;1,000;MESURE
2025-01-09 06:00:00+01:00;9154,000;1,000;MESURE
2025-01-09 07:00:00+01:00;8837,000;1,000;MESURE
2025-01-09 08:00:00+01:00;0,000;1,000;MESURE
2025-01-09 09:00:00+01:00;0,000;1,000;MESURE
2025-01-09 10:00:00+01:00;0,000;1,000;MESURE
2025-01-09 11:00:00+01:00;0,000;1,000;MESURE
2025-01-09 12:00:00+01:00;0,000;1,000;MESURE
2025-01-09 13:00:00+01:00;0,000;1,000;MESURE
2025-01-09 14:00:00+01:00;0,000;1,000;MESURE
2025-01-09 15:00:00+01:00;0,000;1,000;MESURE
2025-01-09 16:00:00+01:00;0,000;1,000;MESURE
2025-01-09 17:00:00+01:00;4876,000;1,000;MESURE
2025-01-09 18:00:00+01:00;9149,000;1,000;MESURE
2025-01-09 19:00:00+01:00;5273,000;1,000;MESURE
2025-01-09 20:00:00+01:00;1105,000;1,000;MESURE
2025-01-09 21:00:00+01:00;1096,000;1,000;MESURE
2025-01-09 22:00:00+01:00;530,000;1,000;MESURE
2025-01-09 23:00:00+01:00;524,000;1,000;MESURE
2025-01-10 00:00:00+01:00;418,000;1,000;MESURE
2025-01-10 01:00:00+01:00;417,000;1,000;MESURE
2025-01-10 02:00:00+01:00;416,000;1,000;MESURE
2025-01-10 03:00:00+01:00;418,000;1,000;MESURE
2025-01-10 04:00:00+01:00;416,000;1,000;MESURE
2025-01-10 05:00:00+01:00;989,000;1,000;MESURE
2025-01-10 06:00:00+01:00;1104,000;1,000;MESURE
2025-01-10 07:00:00+01:00;1072,000;1,000;MESURE
2025-01-10 08:00:00+01:00;0,000;1,000;MESURE
2025-01-10 09:00:00+01:00;0,000;1,000;MESURE
2025-01-10 10:00:00+01:00;0,000;1,000;MESURE
2025-01-10 11:00:00+01:00;129,000;1,000;MESURE
2025-01-10 12:00:00+01:00;0,000;1,000;MESURE
2025-01-10 13:00:00+01:00;0,000;1,000;MESURE
2025-01-10 14:00:00+01:00;0,000;1,000;MESURE
2025-01-10 15:00:00+01:00;0,000;1,000;MESURE
2025-01-10 16:00:00+01:00;0,000;1,000;MESURE
2025-01-10 17:00:00+01:00;4760,000;1,000;MESURE
2025-01-10 18:00:00+01:00;9200,000;1,000;MESURE
2025-01-10 19:00:00+01:00;9162,000;1,000;MESURE
2025-01-10 20:00:00+01:00;9157,000;1,000;MESURE
2025-01-10 21:00:00+01:00;9142,000;1,000;MESURE
2025-01-10 22:00:00+01:00;3863,000;1,000;MESURE
2025-01-10 23:00:00+01:00;3670,000;1,000;MESURE
2025-01-11 00:00:00+01:00;3301,000;1,000;MESURE
2025-01-11 01:00:00+01:00;3310,000;1,000;MESURE
2025-01-11 02:00:00+01:00;3305,000;1,000;MESURE
2025-01-11 03:00:00+01:00;3312,000;1,000;MESURE
2025-01-11 04:00:00+01:00;3321,000;1,000;MESURE
2025-01-11 05:00:00+01:00;8780,000;1,000;MESURE
2025-01-11 06:00:00+01:00;9133,000;1,000;MESURE
2025-01-11 07:00:00+01:00;8850,000;1,000;MESURE
2025-01-11 08:00:00+01:00;0,000;1,000;MESURE
2025-01-11 09:00:00+01:00;0,000;1,000;MESURE
2025-01-11 10:00:00+01:00;0,000;1,000;MESURE
2025-01-11 11:00:00+01:00;0,000;1,000;MESURE
2025-01-11 12:00:00+01:00;0,000;1,000;MESURE
2025-01-11 13:00:00+01:00;0,000;1,000;MESURE
2025-01-11 14:00:00+01:00;0,000;1,000;MESURE
2025-01-11 15:00:00+01:00;0,000;1,000;MESURE
2025-01-11 16:00:00+01:00;0,000;1,000;MESURE
2025-01-11 17:00:00+01:00;4603,000;1,000;MESURE
2025-01-11 18:00:00+01:00;9200,000;1,000;MESURE
2025-01-11 19:00:00+01:00;9174,000;1,000;MESURE
2025-01-11 20:00:00+01:00;9159,000;1,000;MESURE
2025-01-11 21:00:00+01:00;9056,000;1,000;MESURE
2025-01-11 22:00:00+01:00;3815,000;1,000;MESURE
2025-01-11 23:00:00+01:00;3572,000;1,000;MESURE
2025-01-12 00:00:00+01:00;3204,000;1,000;MESURE
2025-01-12 01:00:00+01:00;3207,000;1,000;MESURE
2025-01-12 02:00:00+01:00;3198,000;1,000;MESURE
2025-01-12 03:00:00+01:00;3208,000;1,000;MESURE
2025-01-12 04:00:00+01:00;3204,000;1,000;MESURE
2025-01-12 05:00:00+01:00;8703,000;1,000;MESURE
2025-01-12 06:00:00+01:00;9068,000;1,000;MESURE
2025-01-12 07:00:00+01:00;8622,000;1,000;MESURE
2025-01-12 08:00:00+01:00;0,000;1,000;MESURE
2025-01-12 09:00:00+01:00;0,000;1,000;MESURE
2025-01-12 10:00:00+01:00;0,000;1,000;MESURE
2025-01-12 11:00:00+01:00;0,000;1,000;MESURE
2025-01-12 12:00:00+01:00;0,000;1,000;MESURE
2025-01-12 13:00:00+01:00;0,000;1,000;MESURE
2025-01-12 14:00:00+01:00;0,000;1,000;MESURE
2025-01-12 15:00:00+01:00;0,000;1,000;MESURE
2025-01-12 16:00:00+01:00;0,000;1,000;MESURE
2025-01-12 17:00:00+01:00;1203,000;1,000;MESURE
2025-01-12 18:00:00+01:00;1097,000;1,000;MESURE
2025-01-12 19:00:00+01:00;1096,000;1,000;MESURE
2025-01-12 20:00:00+01:00;1100,000;1,000;MESURE
2025-01-12 21:00:00+01:00;1102,000;1,000;MESURE
2025-01-12 22:00:00+01:00;532,000;1,000;MESURE
2025-01-12 23:00:00+01:00;525,000;1,000;MESURE
2025-01-13 00:00:00+01:00;419,000;1,000;MESURE
2025-01-13 01:00:00+01:00;420,000;1,000;MESURE
2025-01-13 02:00:00+01:00;410,000;1,000;MESURE
2025-01-13 03:00:00+01:00;409,000;1,000;MESURE
2025-01-13 04:00:00+01:00;416,000;1,000;MESURE
2025-01-13 05:00:00+01:00;995,000;1,000;MESURE
2025-01-13 06:00:00+01:00;1111,000;1,000;MESURE
2025-01-13 07:00:00+01:00;1056,000;1,000;MESURE
2025-01-13 08:00:00+01:00;0,000;1,000;MESURE
2025-01-13 09:00:00+01:00;0,000;1,000;MESURE
2025-01-13 10:00:00+01:00;0,000;1,000;MESURE
2025-01-13 11:00:00+01:00;0,000;1,000;MESURE
2025-01-13 12:00:00+01:00;0,000;1,000;MESURE
2025-01-13 13:00:00+01:00;0,000;1,000;MESURE
2025-01-13 14:00:00+01:00;0,000;1,000;MESURE
2025-01-13 15:00:00+01:00;0,000;1,000;MESURE
2025-01-13 16:00:00+01:00;0,000;1,000;MESURE
2025-01-13 17:00:00+01:00;487,000;1,000;MESURE
2025-01-13 18:00:00+01:00;1095,000;1,000;MESURE
2025-01-13 19:00:00+01:00;1102,000;1,000;MESURE
2025-01-13 20:00:00+01:00;1103,000;1,000;MESURE
2025-01-13 21:00:00+01:00;1108,000;1,000;MESURE
2025-01-13 22:00:00+01:00;525,000;1,000;MESURE
2025-01-13 23:00:00+01:00;515,000;1,000;MESURE
2025-01-14 00:00:00+01:00;413,000;1,000;MESURE
2025-01-14 01:00:00+01:00;416,000;1,000;MESURE
2025-01-14 02:00:00+01:00;412,000;1,000;MESURE
2025-01-14 03:00:00+01:00;414,000;1,000;MESURE
2025-01-14 04:00:00+01:00;416,000;1,000;MESURE
2025-01-14 05:00:00+01:00;989,000;1,000;MESURE
2025-01-14 06:00:00+01:00;1104,000;1,000;MESURE
2025-01-14 07:00:00+01:00;1035,000;1,000;MESURE
2025-01-14 08:00:00+01:00;0,000;1,000;MESURE
2025-01-14 09:00:00+01:00;0,000;1,000;MESURE
2025-01-14 10:00:00+01:00;0,000;1,000;MESURE
2025-01-14 11:00:00+01:00;0,000;1,000;MESURE
2025-01-14 12:00:00+01:00;0,000;1,000;MESURE
2025-01-14 13:00:00+01:00;214,000;1,000;MESURE
2025-01-14 14:00:00+01:00;46,000;1,000;MESURE
2025-01-14 15:00:00+01:00;0,000;1,000;MESURE
2025-01-14 16:00:00+01:00;0,000;1,000;MESURE
2025-01-14 17:00:00+01:00;3994,000;1,000;MESURE
2025-01-14 18:00:00+01:00;9200,000;1,000;MESURE
2025-01-14 19:00:00+01:00;9158,000;1,000;MESURE
2025-01-14 20:00:00+01:00;9158,000;1,000;MESURE
2025-01-14 21:00:00+01:00;9165,000;1,000;MESURE
2025-01-14 22:00:00+01:00;3950,000;1,000;MESURE
2025-01-14 23:00:00+01:00;3710,000;1,000;MESURE
2025-01-15 00:00:00+01:00;3343,000;1,000;MESURE
2025-01-15 01:00:00+01:00;3346,000;1,000;MESURE
2025-01-15 02:00:00+01:00;3383,000;1,000;MESURE
2025-01-15 03:00:00+01:00;3390,000;1,000;MESURE
2025-01-15 04:00:00+01:00;3392,000;1,000;MESURE
2025-01-15 05:00:00+01:00;8842,000;1,000;MESURE
2025-01-15 06:00:00+01:00;9200,000;1,000;MESURE
2025-01-15 07:00:00+01:00;8572,000;1,000;MESURE
2025-01-15 08:00:00+01:00;0,000;1,000;MESURE
2025-01-15 09:00:00+01:00;0,000;1,000;MESURE
2025-01-15 10:00:00+01:00;0,000;1,000;MESURE
2025-01-15 11:00:00+01:00;0,000;1,000;MESURE
2025-01-15 12:00:00+01:00;0,000;1,000;MESURE
2025-01-15 13:00:00+01:00;1,000;1,000;MESURE
2025-01-15 14:00:00+01:00;0,000;1,000;MESURE
2025-01-15 15:00:00+01:00;0,000;1,000;MESURE
2025-01-15 16:00:00+01:00;0,000;1,000;MESURE
2025-01-15 17:00:00+01:00;3701,000;1,000;MESURE
2025-01-15 18:00:00+01:00;8847,000;1,000;MESURE
2025-01-15 19:00:00+01:00;8827,000;1,000;MESURE
2025-01-15 20:00:00+01:00;2271,000;1,000;MESURE
2025-01-15 21:00:00+01:00;993,000;1,000;MESURE
2025-01-15 22:00:00+01:00;422,000;1,000;MESURE
2025-01-15 23:00:00+01:00;418,000;1,000;MESURE
2025-01-16 00:00:00+01:00;420,000;1,000;MESURE
2025-01-16 01:00:00+01:00;421,000;1,000;MESURE
2025-01-16 02:00:00+01:00;419,000;1,000;MESURE
2025-01-16 03:00:00+01:00;420,000;1,000;MESURE
2025-01-16 04:00:00+01:00;421,000;1,000;MESURE
2025-01-16 05:00:00+01:00;992,000;1,000;MESURE
2025-01-16 06:00:00+01:00;988,000;1,000;MESURE
2025-01-16 07:00:00+01:00;908,000;1,000;MESURE
2025-01-16 08:00:00+01:00;130,000;1,000;MESURE
2025-01-16 09:00:00+01:00;0,000;1,000;MESURE
2025-01-16 10:00:00+01:00;0,000;1,000;MESURE
2025-01-16 11:00:00+01:00;0,000;1,000;MESURE
2025-01-16 12:00:00+01:00;0,000;1,000;MESURE
2025-01-16 13:00:00+01:00;0,000;1,000;MESURE
2025-01-16 14:00:00+01:00;0,000;1,000;MESURE
2025-01-16 15:00:00+01:00;0,000;1,000;MESURE
2025-01-16 16:00:00+01:00;0,000;1,000;MESURE
2025-01-16 17:00:00+01:00;3557,000;1,000;MESURE
2025-01-16 18:00:00+01:00;8837,000;1,000;MESURE
2025-01-16 19:00:00+01:00;8801,000;1,000;MESURE
2025-01-16 20:00:00+01:00;8792,000;1,000;MESURE
2025-01-16 21:00:00+01:00;8793,000;1,000;MESURE
2025-01-16 22:00:00+01:00;3573,000;1,000;MESURE
2025-01-16 23:00:00+01:00;3373,000;1,000;MESURE
2025-01-17 00:00:00+01:00;3335,000;1,000;MESURE
2025-01-17 01:00:00+01:00;3326,000;1,000;MESURE
2025-01-17 02:00:00+01:00;3329,000;1,000;MESURE
2025-01-17 03:00:00+01:00;3336,000;1,000;MESURE
2025-01-17 04:00:00+01:00;3333,000;1,000;MESURE
2025-01-17 05:00:00+01:00;8768,000;1,000;MESURE
2025-01-17 06:00:00+01:00;8813,000;1,000;MESURE
2025-01-17 07:00:00+01:00;7955,000;1,000;MESURE
2025-01-17 08:00:00+01:00;0,000;1,000;MESURE
2025-01-17 09:00:00+01:00;0,000;1,000;MESURE
2025-01-17 10:00:00+01:00;0,000;1,000;MESURE
2025-01-17 11:00:00+01:00;0,000;1,000;MESURE
2025-01-17 12:00:00+01:00;0,000;1,000;MESURE
2025-01-17 13:00:00+01:00;0,000;1,000;MESURE
2025-01-17 14:00:00+01:00;0,000;1,000;MESURE
2025-01-17 15:00:00+01:00;0,000;1,000;MESURE
2025-01-17 16:00:00+01:00;0,000;1,000;MESURE
2025-01-17 17:00:00+01:00;3408,000;1,000;MESURE
2025-01-17 18:00:00+01:00;8855,000;1,000;MESURE
2025-01-17 19:00:00+01:00;8814,000;1,000;MESURE
2025-01-17 20:00:00+01:00;8800,000;1,000;MESURE
2025-01-17 21:00:00+01:00;8790,000;1,000;MESURE
2025-01-17 22:00:00+01:00;3566,000;1,000;MESURE
2025-01-17 23:00:00+01:00;3375,000;1,000;MESURE
2025-01-18 00:00:00+01:00;3327,000;1,000;MESURE
2025-01-18 01:00:00+01:00;3340,000;1,000;MESURE
2025-01-18 02:00:00+01:00;3336,000;1,000;MESURE
2025-01-18 03:00:00+01:00;3338,000;1,000;MESURE
2025-01-18 04:00:00+01:00;3338,000;1,000;MESURE
2025-01-18 05:00:00+01:00;8789,000;1,000;MESURE
2025-01-18 06:00:00+01:00;8821,000;1,000;MESURE
2025-01-18 07:00:00+01:00;7956,000;1,000;MESURE
2025-01-18 08:00:00+01:00;0,000;1,000;MESURE
2025-01-18 09:00:00+01:00;0,000;1,000;MESURE
2025-01-18 10:00:00+01:00;0,000;1,000;MESURE
2025-01-18 11:00:00+01:00;0,000;1,000;MESURE
2025-01-18 12:00:00+01:00;0,000;1,000;MESURE
2025-01-18 13:00:00+01:00;0,000;1,000;MESURE
2025-01-18 14:00:00+01:00;0,000;1,000;MESURE
2025-01-18 15:00:00+01:00;0,000;1,000;MESURE
2025-01-18 16:00:00+01:00;0,000;1,000;MESURE
2025-01-18 17:00:00+01:00;3109,000;1,000;MESURE
2025-01-18 18:00:00+01:00;8863,000;1,000;MESURE
2025-01-18 19:00:00+01:00;8809,000;1,000;MESURE
2025-01-18 20:00:00+01:00;8807,000;1,000;MESURE
2025-01-18 21:00:00+01:00;8812,000;1,000;MESURE
2025-01-18 22:00:00+01:00;3578,000;1,000;MESURE
2025-01-18 23:00:00+01:00;3385,000;1,000;MESURE
2025-01-19 00:00:00+01:00;3338,000;1,000;MESURE
2025-01-19 01:00:00+01:00;3341,000;1,000;MESURE
2025-01-19 02:00:00+01:00;3338,000;1,000;MESURE
2025-01-19 03:00:00+01:00;3339,000;1,000;MESURE
2025-01-19 04:00:00+01:00;3331,000;1,000;MESURE
2025-01-19 05:00:00+01:00;8779,000;1,000;MESURE
2025-01-19 06:00:00+01:00;8805,000;1,000;MESURE
2025-01-19 07:00:00+01:00;7772,000;1,000;MESURE
2025-01-19 08:00:00+01:00;0,000;1,000;MESURE
2025-01-19 09:00:00+01:00;0,000;1,000;MESURE
2025-01-19 10:00:00+01:00;0,000;1,000;MESURE
2025-01-19 11:00:00+01:00;0,000;1,000;MESURE
2025-01-19 12:00:00+01:00;0,000;1,000;MESURE
2025-01-19 13:00:00+01:00;0,000;1,000;MESURE
2025-01-19 14:00:00+01:00;0,000;1,000;MESURE
2025-01-19 15:00:00+01:00;0,000;1,000;MESURE
2025-01-19 16:00:00+01:00;0,000;1,000;MESURE
2025-01-19 17:00:00+01:00;2970,000;1,000;MESURE
2025-01-19 18:00:00+01:00;8863,000;1,000;MESURE
2025-01-19 19:00:00+01:00;8815,000;1,000;MESURE
2025-01-19 20:00:00+01:00;8798,000;1,000;MESURE
2025-01-19 21:00:00+01:00;8793,000;1,000;MESURE
2025-01-19 22:00:00+01:00;3606,000;1,000;MESURE
2025-01-19 23:00:00+01:00;3409,000;1,000;MESURE
2025-01-20 00:00:00+01:00;3358,000;1,000;MESURE
2025-01-20 01:00:00+01:00;3363,000;1,000;MESURE
2025-01-20 02:00:00+01:00;3362,000;1,000;MESURE
2025-01-20 03:00:00+01:00;3368,000;1,000;MESURE
2025-01-20 04:00:00+01:00;3369,000;1,000;MESURE
2025-01-20 05:00:00+01:00;8697,000;1,000;MESURE
2025-01-20 06:00:00+01:00;8669,000;1,000;MESURE
2025-01-20 07:00:00+01:00;7503,000;1,000;MESURE
2025-01-20 08:00:00+01:00;0,000;1,000;MESURE
2025-01-20 09:00:00+01:00;0,000;1,000;MESURE
2025-01-20 10:00:00+01:00;0,000;1,000;MESURE
2025-01-20 11:00:00+01:00;0,000;1,000;MESURE
2025-01-20 12:00:00+01:00;0,000;1,000;MESURE
2025-01-20 13:00:00+01:00;0,000;1,000;MESURE
2025-01-20 14:00:00+01:00;0,000;1,000;MESURE
2025-01-20 15:00:00+01:00;0,000;1,000;MESURE
2025-01-20 16:00:00+01:00;0,000;1,000;MESURE
2025-01-20 17:00:00+01:00;2772,000;1,000;MESURE
2025-01-20 18:00:00+01:00;8707,000;1,000;MESURE
2025-01-20 19:00:00+01:00;8656,000;1,000;MESURE
2025-01-20 20:00:00+01:00;8646,000;1,000;MESURE
2025-01-20 21:00:00+01:00;8643,000;1,000;MESURE
2025-01-20 22:00:00+01:00;3455,000;1,000;MESURE
2025-01-20 23:00:00+01:00;3244,000;1,000;MESURE
2025-01-21 00:00:00+01:00;3196,000;1,000;MESURE
2025-01-21 01:00:00+01:00;3197,000;1,000;MESURE
2025-01-21 02:00:00+01:00;3185,000;1,000;MESURE
2025-01-21 03:00:00+01:00;3188,000;1,000;MESURE
2025-01-21 04:00:00+01:00;3191,000;1,000;MESURE
2025-01-21 05:00:00+01:00;8637,000;1,000;MESURE
2025-01-21 06:00:00+01:00;8657,000;1,000;MESURE
2025-01-21 07:00:00+01:00;7336,000;1,000;MESURE
2025-01-21 08:00:00+01:00;0,000;1,000;MESURE
2025-01-21 09:00:00+01:00;0,000;1,000;MESURE
2025-01-21 10:00:00+01:00;0,000;1,000;MESURE
2025-01-21 11:00:00+01:00;0,000;1,000;MESURE
2025-01-21 12:00:00+01:00;0,000;1,000;MESURE
2025-01-21 13:00:00+01:00;0,000;1,000;MESURE
2025-01-21 14:00:00+01:00;0,000;1,000;MESURE
2025-01-21 15:00:00+01:00;0,000;1,000;MESURE
2025-01-21 16:00:00+01:00;0,000;1,000;MESURE
2025-01-21 17:00:00+01:00;2484,000;1,000;MESURE
2025-01-21 18:00:00+01:00;8714,000;1,000;MESURE
2025-01-21 19:00:00+01:00;8668,000;1,000;MESURE
2025-01-21 20:00:00+01:00;8662,000;1,000;MESURE
2025-01-21 21:00:00+01:00;8669,000;1,000;MESURE
2025-01-21 22:00:00+01:00;3458,000;1,000;MESURE
2025-01-21 23:00:00+01:00;3263,000;1,000;MESURE
2025-01-22 00:00:00+01:00;3226,000;1,000;MESURE
2025-01-22 01:00:00+01:00;3223,000;1,000;MESURE
2025-01-22 02:00:00+01:00;3223,000;1,000;MESURE
2025-01-22 03:00:00+01:00;3234,000;1,000;MESURE
2025-01-22 04:00:00+01:00;3196,000;1,000;MESURE
2025-01-22 05:00:00+01:00;8637,000;1,000;MESURE
2025-01-22 06:00:00+01:00;8677,000;1,000;MESURE
2025-01-22 07:00:00+01:00;7382,000;1,000;MESURE
2025-01-22 08:00:00+01:00;106,000;1,000;MESURE
2025-01-22 09:00:00+01:00;5,000;1,000;MESURE
2025-01-22 10:00:00+01:00;0,000;1,000;MESURE
2025-01-22 11:00:00+01:00;0,000;1,000;MESURE
2025-01-22 12:00:00+01:00;0,000;1,000;MESURE
2025-01-22 13:00:00+01:00;0,000;1,000;MESURE
2025-01-22 14:00:00+01:00;0,000;1,000;MESURE
2025-01-22 15:00:00+01:00;100,000;1,000;MESURE
2025-01-22 16:00:00+01:00;0,000;1,000;MESURE
2025-01-22 17:00:00+01:00;2342,000;1,000;MESURE
2025-01-22 18:00:00+01:00;8683,000;1,000;MESURE
2025-01-22 19:00:00+01:00;8627,000;1,000;MESURE
2025-01-22 20:00:00+01:00;8609,000;1,000;MESURE
2025-01-22 21:00:00+01:00;8601,000;1,000;MESURE
2025-01-22 22:00:00+01:00;3388,000;1,000;MESURE
2025-01-22 23:00:00+01:00;3207,000;1,000;MESURE
2025-01-23 00:00:00+01:00;3159,000;1,000;MESURE
2025-01-23 01:00:00+01:00;3164,000;1,000;MESURE
2025-01-23 02:00:00+01:00;3163,000;1,000;MESURE
2025-01-23 03:00:00+01:00;3170,000;1,000;MESURE
2025-01-23 04:00:00+01:00;3164,000;1,000;MESURE
2025-01-23 05:00:00+01:00;8604,000;1,000;MESURE
2025-01-23 06:00:00+01:00;8641,000;1,000;MESURE
2025-01-23 07:00:00+01:00;7180,000;1,000;MESURE
2025-01-23 08:00:00+01:00;0,000;1,000;MESURE
2025-01-23 09:00:00+01:00;0,000;1,000;MESURE
2025-01-23 10:00:00+01:00;0,000;1,000;MESURE
2025-01-23 11:00:00+01:00;0,000;1,000;MESURE
2025-01-23 12:00:00+01:00;0,000;1,000;MESURE
2025-01-23 13:00:00+01:00;0,000;1,000;MESURE
2025-01-23 14:00:00+01:00;0,000;1,000;MESURE
2025-01-23 15:00:00+01:00;0,000;1,000;MESURE
2025-01-23 16:00:00+01:00;0,000;1,000;MESURE
2025-01-23 17:00:00+01:00;2168,000;1,000;MESURE
2025-01-23 18:00:00+01:00;8672,000;1,000;MESURE
2025-01-23 19:00:00+01:00;8628,000;1,000;MESURE
2025-01-23 20:00:00+01:00;8614,000;1,000;MESURE
2025-01-23 21:00:00+01:00;8614,000;1,000;MESURE
2025-01-23 22:00:00+01:00;3397,000;1,000;MESURE
2025-01-23 23:00:00+01:00;3210,000;1,000;MESURE
2025-01-24 00:00:00+01:00;3162,000;1,000;MESURE
2025-01-24 01:00:00+01:00;3191,000;1,000;MESURE
2025-01-24 02:00:00+01:00;3190,000;1,000;MESURE
2025-01-24 03:00:00+01:00;3189,000;1,000;MESURE
2025-01-24 04:00:00+01:00;3175,000;1,000;MESURE
2025-01-24 05:00:00+01:00;8612,000;1,000;MESURE
2025-01-24 06:00:00+01:00;8639,000;1,000;MESURE
2025-01-24 07:00:00+01:00;7048,000;1,000;MESURE
2025-01-24 08:00:00+01:00;0,000;1,000;MESURE
2025-01-24 09:00:00+01:00;0,000;1,000;MESURE
2025-01-24 10:00:00+01:00;0,000;1,000;MESURE
2025-01-24 11:00:00+01:00;0,000;1,000;MESURE
2025-01-24 12:00:00+01:00;0,000;1,000;MESURE
2025-01-24 13:00:00+01:00;0,000;1,000;MESURE
2025-01-24 14:00:00+01:00;0,000;1,000;MESURE
2025-01-24 15:00:00+01:00;0,000;1,000;MESURE
2025-01-24 16:00:00+01:00;0,000;1,000;MESURE
2025-01-24 17:00:00+01:00;1870,000;1,000;MESURE
2025-01-24 18:00:00+01:00;8644,000;1,000;MESURE
2025-01-24 19:00:00+01:00;8594,000;1,000;MESURE
2025-01-24 20:00:00+01:00;8583,000;1,000;MESURE
2025-01-24 21:00:00+01:00;8589,000;1,000;MESURE
2025-01-24 22:00:00+01:00;3391,000;1,000;MESURE
2025-01-24 23:00:00+01:00;3190,000;1,000;MESURE
2025-01-25 00:00:00+01:00;3147,000;1,000;MESURE
2025-01-25 01:00:00+01:00;3148,000;1,000;MESURE
2025-01-25 02:00:00+01:00;3141,000;1,000;MESURE
2025-01-25 03:00:00+01:00;3143,000;1,000;MESURE
2025-01-25 04:00:00+01:00;3142,000;1,000;MESURE
2025-01-25 05:00:00+01:00;8559,000;1,000;MESURE
2025-01-25 06:00:00+01:00;8594,000;1,000;MESURE
2025-01-25 07:00:00+01:00;6905,000;1,000;MESURE
2025-01-25 08:00:00+01:00;0,000;1,000;MESURE
2025-01-25 09:00:00+01:00;0,000;1,000;MESURE
2025-01-25 10:00:00+01:00;0,000;1,000;MESURE
2025-01-25 11:00:00+01:00;0,000;1,000;MESURE
2025-01-25 12:00:00+01:00;0,000;1,000;MESURE
2025-01-25 13:00:00+01:00;0,000;1,000;MESURE
2025-01-25 14:00:00+01:00;0,000;1,000;MESURE
2025-01-25 15:00:00+01:00;0,000;1,000;MESURE
2025-01-25 16:00:00+01:00;0,000;1,000;MESURE
2025-01-25 17:00:00+01:00;1693,000;1,000;MESURE
2025-01-25 18:00:00+01:00;8625,000;1,000;MESURE
2025-01-25 19:00:00+01:00;8585,000;1,000;MESURE
2025-01-25 20:00:00+01:00;8579,000;1,000;MESURE
2025-01-25 21:00:00+01:00;8588,000;1,000;MESURE
2025-01-25 22:00:00+01:00;3388,000;1,000;MESURE
2025-01-25 23:00:00+01:00;3222,000;1,000;MESURE
2025-01-26 00:00:00+01:00;3173,000;1,000;MESURE
2025-01-26 01:00:00+01:00;3169,000;1,000;MESURE
2025-01-26 02:00:00+01:00;3148,000;1,000;MESURE
2025-01-26 03:00:00+01:00;3150,000;1,000;MESURE
2025-01-26 04:00:00+01:00;3149,000;1,000;MESURE
2025-01-26 05:00:00+01:00;8581,000;1,000;MESURE
2025-01-26 06:00:00+01:00;8640,000;1,000;MESURE
2025-01-26 07:00:00+01:00;6786,000;1,000;MESURE
2025-01-26 08:00:00+01:00;0,000;1,000;MESURE
2025-01-26 09:00:00+01:00;0,000;1,000;MESURE
2025-01-26 10:00:00+01:00;0,000;1,000;MESURE
2025-01-26 11:00:00+01:00;0,000;1,000;MESURE
2025-01-26 12:00:00+01:00;0,000;1,000;MESURE
2025-01-26 13:00:00+01:00;0,000;1,000;MESURE
2025-01-26 14:00:00+01:00;0,000;1,000;MESURE
2025-01-26 15:00:00+01:00;0,000;1,000;MESURE
2025-01-26 16:00:00+01:00;0,000;1,000;MESURE
2025-01-26 17:00:00+01:00;1427,000;1,000;MESURE
2025-01-26 18:00:00+01:00;8691,000;1,000;MESURE
2025-01-26 19:00:00+01:00;8636,000;1,000;MESURE
2025-01-26 20:00:00+01:00;8612,000;1,000;MESURE
2025-01-26 21:00:00+01:00;8601,000;1,000;MESURE
2025-01-26 22:00:00+01:00;3413,000;1,000;MESURE
2025-01-26 23:00:00+01:00;3212,000;1,000;MESURE
2025-01-27 00:00:00+01:00;3171,000;1,000;MESURE
2025-01-27 01:00:00+01:00;3170,000;1,000;MESURE
2025-01-27 02:00:00+01:00;3169,000;1,000;MESURE
2025-01-27 03:00:00+01:00;3172,000;1,000;MESURE
2025-01-27 04:00:00+01:00;3173,000;1,000;MESURE
2025-01-27 05:00:00+01:00;8575,000;1,000;MESURE
2025-01-27 06:00:00+01:00;8619,000;1,000;MESURE
2025-01-27 07:00:00+01:00;6623,000;1,000;MESURE
2025-01-27 08:00:00+01:00;0,000;1,000;MESURE
2025-01-27 09:00:00+01:00;0,000;1,000;MESURE
2025-01-27 10:00:00+01:00;0,000;1,000;MESURE
2025-01-27 11:00:00+01:00;0,000;1,000;MESURE
2025-01-27 12:00:00+01:00;0,000;1,000;MESURE
2025-01-27 13:00:00+01:00;0,000;1,000;MESURE
2025-01-27 14:00:00+01:00;0,000;1,000;MESURE
2025-01-27 15:00:00+01:00;0,000;1,000;MESURE
2025-01-27 16:00:00+01:00;0,000;1,000;MESURE
2025-01-27 17:00:00+01:00;1285,000;1,000;MESURE
2025-01-27 18:00:00+01:00;8706,000;1,000;MESURE
2025-01-27 19:00:00+01:00;8655,000;1,000;MESURE
2025-01-27 20:00:00+01:00;8627,000;1,000;MESURE
2025-01-27 21:00:00+01:00;8627,000;1,000;MESURE
2025-01-27 22:00:00+01:00;3409,000;1,000;MESURE
2025-01-27 23:00:00+01:00;3204,000;1,000;MESURE
2025-01-28 00:00:00+01:00;3178,000;1,000;MESURE
2025-01-28 01:00:00+01:00;3187,000;1,000;MESURE
2025-01-28 02:00:00+01:00;3192,000;1,000;MESURE
2025-01-28 03:00:00+01:00;3190,000;1,000;MESURE
2025-01-28 04:00:00+01:00;3184,000;1,000;MESURE
2025-01-28 05:00:00+01:00;8608,000;1,000;MESURE
2025-01-28 06:00:00+01:00;8646,000;1,000;MESURE
2025-01-28 07:00:00+01:00;6498,000;1,000;MESURE
2025-01-28 08:00:00+01:00;22,000;1,000;MESURE
2025-01-28 09:00:00+01:00;0,000;1,000;MESURE
2025-01-28 10:00:00+01:00;0,000;1,000;MESURE
2025-01-28 11:00:00+01:00;0,000;1,000;MESURE
2025-01-28 12:00:00+01:00;0,000;1,000;MESURE
2025-01-28 13:00:00+01:00;0,000;1,000;MESURE
2025-01-28 14:00:00+01:00;0,000;1,000;MESURE
2025-01-28 15:00:00+01:00;24,000;1,000;MESURE
2025-01-28 16:00:00+01:00;101,000;1,000;MESURE
2025-01-28 17:00:00+01:00;199,000;1,000;MESURE
2025-01-28 18:00:00+01:00;973,000;1,000;MESURE
2025-01-28 19:00:00+01:00;968,000;1,000;MESURE
2025-01-28 20:00:00+01:00;966,000;1,000;MESURE
2025-01-28 21:00:00+01:00;967,000;1,000;MESURE
2025-01-28 22:00:00+01:00;391,000;1,000;MESURE
2025-01-28 23:00:00+01:00;388,000;1,000;MESURE
2025-01-29 00:00:00+01:00;387,000;1,000;MESURE
2025-01-29 01:00:00+01:00;388,000;1,000;MESURE
2025-01-29 02:00:00+01:00;387,000;1,000;MESURE
2025-01-29 03:00:00+01:00;388,000;1,000;MESURE
2025-01-29 04:00:00+01:00;387,000;1,000;MESURE
2025-01-29 05:00:00+01:00;962,000;1,000;MESURE
2025-01-29 06:00:00+01:00;966,000;1,000;MESURE
2025-01-29 07:00:00+01:00;711,000;1,000;MESURE
2025-01-29 08:00:00+01:00;0,000;1,000;MESURE
2025-01-29 09:00:00+01:00;0,000;1,000;MESURE
2025-01-29 10:00:00+01:00;0,000;1,000;MESURE
2025-01-29 11:00:00+01:00;0,000;1,000;MESURE
2025-01-29 12:00:00+01:00;0,000;1,000;MESURE
2025-01-29 13:00:00+01:00;0,000;1,000;MESURE
2025-01-29 14:00:00+01:00;0,000;1,000;MESURE
2025-01-29 15:00:00+01:00;6518,000;1,000;MESURE
2025-01-29 16:00:00+01:00;0,000;1,000;MESURE
2025-01-29 17:00:00+01:00;841,000;1,000;MESURE
2025-01-29 18:00:00+01:00;8679,000;1,000;MESURE
2025-01-29 19:00:00+01:00;8630,000;1,000;MESURE
2025-01-29 20:00:00+01:00;8616,000;1,000;MESURE
2025-01-29 21:00:00+01:00;8611,000;1,000;MESURE
2025-01-29 22:00:00+01:00;3401,000;1,000;MESURE
2025-01-29 23:00:00+01:00;3207,000;1,000;MESURE
2025-01-30 00:00:00+01:00;3146,000;1,000;MESURE
2025-01-30 01:00:00+01:00;3151,000;1,000;MESURE
2025-01-30 02:00:00+01:00;3175,000;1,000;MESURE
2025-01-30 03:00:00+01:00;3177,000;1,000;MESURE
2025-01-30 04:00:00+01:00;3177,000;1,000;MESURE
2025-01-30 05:00:00+01:00;8595,000;1,000;MESURE
2025-01-30 06:00:00+01:00;8626,000;1,000;MESURE
2025-01-30 07:00:00+01:00;6200,000;1,000;MESURE
2025-01-30 08:00:00+01:00;0,000;1,000;MESURE
2025-01-30 09:00:00+01:00;0,000;1,000;MESURE
2025-01-30 10:00:00+01:00;0,000;1,000;MESURE
2025-01-30 11:00:00+01:00;0,000;1,000;MESURE
2025-01-30 12:00:00+01:00;0,000;1,000;MESURE
2025-01-30 13:00:00+01:00;0,000;1,000;MESURE
2025-01-30 14:00:00+01:00;0,000;1,000;MESURE
2025-01-30 15:00:00+01:00;0,000;1,000;MESURE
2025-01-30 16:00:00+01:00;0,000;1,000;MESURE
2025-01-30 17:00:00+01:00;707,000;1,000;MESURE
2025-01-30 18:00:00+01:00;8695,000;1,000;MESURE
2025-01-30 19:00:00+01:00;8620,000;1,000;MESURE
2025-01-30 20:00:00+01:00;8601,000;1,000;MESURE
2025-01-30 21:00:00+01:00;8606,000;1,000;MESURE
2025-01-30 22:00:00+01:00;3413,000;1,000;MESURE
2025-01-30 23:00:00+01:00;3217,000;1,000;MESURE
2025-01-31 00:00:00+01:00;3161,000;1,000;MESURE
2025-01-31 01:00:00+01:00;3165,000;1,000;MESURE
2025-01-31 02:00:00+01:00;3165,000;1,000;MESURE
2025-01-31 03:00:00+01:00;3171,000;1,000;MESURE
2025-01-31 04:00:00+01:00;3171,000;1,000;MESURE
2025-01-31 05:00:00+01:00;8571,000;1,000;MESURE
2025-01-31 06:00:00+01:00;8605,000;1,000;MESURE
2025-01-31 07:00:00+01:00;6032,000;1,000;MESURE
2025-01-31 08:00:00+01:00;0,000;1,000;MESURE
2025-01-31 09:00:00+01:00;0,000;1,000;MESURE
2025-01-31 10:00:00+01:00;0,000;1,000;MESURE
2025-01-31 11:00:00+01:00;0,000;1,000;MESURE
2025-01-31 12:00:00+01:00;0,000;1,000;MESURE
2025-01-31 13:00:00+01:00;0,000;1,000;MESURE
2025-01-31 14:00:00+01:00;0,000;1,000;MESURE
2025-01-31 15:00:00+01:00;0,000;1,000;MESURE
2025-01-31 16:00:00+01:00;0,000;1,000;MESURE
2025-01-31 17:00:00+01:00;393,000;1,000;MESURE
2025-01-31 18:00:00+01:00;8714,000;1,000;MESURE
2025-01-31 19:00:00+01:00;8648,000;1,000;MESURE
2025-01-31 20:00:00+01:00;8634,000;1,000;MESURE
2025-01-31 21:00:00+01:00;8631,000;1,000;MESURE
2025-01-31 22:00:00+01:00;3419,000;1,000;MESURE
2025-01-31 23:00:00+01:00;3221,000;1,000;MESURE
2025-02-01 00:00:00+01:00;3273,000;1,000;MESURE
2025-02-01 01:00:00+01:00;3149,000;1,000;MESURE
2025-02-01 02:00:00+01:00;3151,000;1,000;MESURE
2025-02-01 03:00:00+01:00;3155,000;1,000;MESURE
2025-02-01 04:00:00+01:00;3152,000;1,000;MESURE
2025-02-01 05:00:00+01:00;8600,000;1,000;MESURE
2025-02-01 06:00:00+01:00;8643,000;1,000;MESURE
2025-02-01 07:00:00+01:00;5797,000;1,000;MESURE
2025-02-01 08:00:00+01:00;0,000;1,000;MESURE
2025-02-01 09:00:00+01:00;0,000;1,000;MESURE
2025-02-01 10:00:00+01:00;0,000;1,000;MESURE
2025-02-01 11:00:00+01:00;0,000;1,000;MESURE
2025-02-01 12:00:00+01:00;0,000;1,000;MESURE
2025-02-01 13:00:00+01:00;0,000;1,000;MESURE
2025-02-01 14:00:00+01:00;0,000;1,000;MESURE
2025-02-01 15:00:00+01:00;0,000;1,000;MESURE
2025-02-01 16:00:00+01:00;0,000;1,000;MESURE
2025-02-01 17:00:00+01:00;275,000;1,000;MESURE
2025-02-01 18:00:00+01:00;8723,000;1,000;MESURE
2025-02-01 19:00:00+01:00;8659,000;1,000;MESURE
2025-02-01 20:00:00+01:00;8641,000;1,000;MESURE
2025-02-01 21:00:00+01:00;8633,000;1,000;MESURE
2025-02-01 22:00:00+01:00;3486,000;1,000;MESURE
2025-02-01 23:00:00+01:00;3286,000;1,000;MESURE
2025-02-02 00:00:00+01:00;3237,000;1,000;MESURE
2025-02-02 01:00:00+01:00;3242,000;1,000;MESURE
2025-02-02 02:00:00+01:00;3237,000;1,000;MESURE
2025-02-02 03:00:00+01:00;3240,000;1,000;MESURE
2025-02-02 04:00:00+01:00;3243,000;1,000;MESURE
2025-02-02 05:00:00+01:00;8592,000;1,000;MESURE
2025-02-02 06:00:00+01:00;8629,000;1,000;MESURE
2025-02-02 07:00:00+01:00;5622,000;1,000;MESURE
2025-02-02 08:00:00+01:00;0,000;1,000;MESURE
2025-02-02 09:00:00+01:00;0,000;1,000;MESURE
2025-02-02 10:00:00+01:00;0,000;1,000;MESURE
2025-02-02 11:00:00+01:00;0,000;1,000;MESURE
2025-02-02 12:00:00+01:00;0,000;1,000;MESURE
2025-02-02 13:00:00+01:00;0,000;1,000;MESURE
2025-02-02 14:00:00+01:00;0,000;1,000;MESURE
2025-02-02 15:00:00+01:00;0,000;1,000;MESURE
2025-02-02 16:00:00+01:00;0,000;1,000;MESURE
2025-02-02 17:00:00+01:00;0,000;1,000;MESURE
2025-02-02 18:00:00+01:00;8721,000;1,000;MESURE
2025-02-02 19:00:00+01:00;8657,000;1,000;MESURE
2025-02-02 20:00:00+01:00;8636,000;1,000;MESURE
2025-02-02 21:00:00+01:00;8638,000;1,000;MESURE
2025-02-02 22:00:00+01:00;3419,000;1,000;MESURE
2025-02-02 23:00:00+01:00;3226,000;1,000;MESURE
2025-02-03 00:00:00+01:00;3159,000;1,000;MESURE
2025-02-03 01:00:00+01:00;3167,000;1,000;MESURE
2025-02-03 02:00:00+01:00;3169,000;1,000;MESURE
2025-02-03 03:00:00+01:00;3167,000;1,000;MESURE
2025-02-03 04:00:00+01:00;3167,000;1,000;MESURE
2025-02-03 05:00:00+01:00;8597,000;1,000;MESURE
2025-02-03 06:00:00+01:00;8641,000;1,000;MESURE
2025-02-03 07:00:00+01:00;5506,000;1,000;MESURE
2025-02-03 08:00:00+01:00;0,000;1,000;MESURE
2025-02-03 09:00:00+01:00;0,000;1,000;MESURE
2025-02-03 10:00:00+01:00;0,000;1,000;MESURE
2025-02-03 11:00:00+01:00;0,000;1,000;MESURE
2025-02-03 12:00:00+01:00;0,000;1,000;MESURE
2025-02-03 13:00:00+01:00;0,000;1,000;MESURE
2025-02-03 14:00:00+01:00;0,000;1,000;MESURE
2025-02-03 15:00:00+01:00;0,000;1,000;MESURE
2025-02-03 16:00:00+01:00;0,000;1,000;MESURE
2025-02-03 17:00:00+01:00;0,000;1,000;MESURE
2025-02-03 18:00:00+01:00;8549,000;1,000;MESURE
2025-02-03 19:00:00+01:00;8657,000;1,000;MESURE
2025-02-03 20:00:00+01:00;8638,000;1,000;MESURE
2025-02-03 21:00:00+01:00;8643,000;1,000;MESURE
2025-02-03 22:00:00+01:00;3416,000;1,000;MESURE
2025-02-03 23:00:00+01:00;3215,000;1,000;MESURE
2025-02-04 00:00:00+01:00;3160,000;1,000;MESURE
2025-02-04 01:00:00+01:00;3160,000;1,000;MESURE
2025-02-04 02:00:00+01:00;3162,000;1,000;MESURE
2025-02-04 03:00:00+01:00;3162,000;1,000;MESURE
2025-02-04 04:00:00+01:00;3161,000;1,000;MESURE
2025-02-04 05:00:00+01:00;8612,000;1,000;MESURE
2025-02-04 06:00:00+01:00;8647,000;1,000;MESURE
2025-02-04 07:00:00+01:00;5352,000;1,000;MESURE
2025-02-04 08:00:00+01:00;0,000;1,000;MESURE
2025-02-04 09:00:00+01:00;0,000;1,000;MESURE
2025-02-04 10:00:00+01:00;0,000;1,000;MESURE
2025-02-04 11:00:00+01:00;0,000;1,000;MESURE
2025-02-04 12:00:00+01:00;0,000;1,000;MESURE
2025-02-04 13:00:00+01:00;0,000;1,000;MESURE
2025-02-04 14:00:00+01:00;0,000;1,000;MESURE
2025-02-04 15:00:00+01:00;0,000;1,000;MESURE
2025-02-04 16:00:00+01:00;0,000;1,000;MESURE
2025-02-04 17:00:00+01:00;0,000;1,000;MESURE
2025-02-04 18:00:00+01:00;8415,000;1,000;MESURE
2025-02-04 19:00:00+01:00;8659,000;1,000;MESURE
2025-02-04 20:00:00+01:00;8645,000;1,000;MESURE
2025-02-04 21:00:00+01:00;8636,000;1,000;MESURE
2025-02-04 22:00:00+01:00;3430,000;1,000;MESURE
2025-02-04 23:00:00+01:00;3240,000;1,000;MESURE
2025-02-05 00:00:00+01:00;3191,000;1,000;MESURE
2025-02-05 01:00:00+01:00;3190,000;1,000;MESURE
2025-02-05 02:00:00+01:00;3192,000;1,000;MESURE
2025-02-05 03:00:00+01:00;3192,000;1,000;MESURE
2025-02-05 04:00:00+01:00;3190,000;1,000;MESURE
2025-02-05 05:00:00+01:00;8609,000;1,000;MESURE
2025-02-05 06:00:00+01:00;8638,000;1,000;MESURE
2025-02-05 07:00:00+01:00;5055,000;1,000;MESURE
2025-02-05 08:00:00+01:00;0,000;1,000;MESURE
2025-02-05 09:00:00+01:00;0,000;1,000;MESURE
2025-02-05 10:00:00+01:00;0,000;1,000;MESURE
2025-02-05 11:00:00+01:00;0,000;1,000;MESURE
2025-02-05 12:00:00+01:00;0,000;1,000;MESURE
2025-02-05 13:00:00+01:00;0,000;1,000;MESURE
2025-02-05 14:00:00+01:00;0,000;1,000;MESURE
2025-02-05 15:00:00+01:00;0,000;1,000;MESURE
2025-02-05 16:00:00+01:00;0,000;1,000;MESURE
2025-02-05 17:00:00+01:00;0,000;1,000;MESURE
2025-02-05 18:00:00+01:00;8132,000;1,000;MESURE
2025-02-05 19:00:00+01:00;8650,000;1,000;MESURE
2025-02-05 20:00:00+01:00;8649,000;1,000;MESURE
2025-02-05 21:00:00+01:00;8648,000;1,000;MESURE
2025-02-05 22:00:00+01:00;3437,000;1,000;MESURE
2025-02-05 23:00:00+01:00;3245,000;1,000;MESURE
2025-02-06 00:00:00+01:00;3189,000;1,000;MESURE
2025-02-06 01:00:00+01:00;3191,000;1,000;MESURE
2025-02-06 02:00:00+01:00;3193,000;1,000;MESURE
2025-02-06 03:00:00+01:00;3195,000;1,000;MESURE
2025-02-06 04:00:00+01:00;3194,000;1,000;MESURE
2025-02-06 05:00:00+01:00;8623,000;1,000;MESURE
2025-02-06 06:00:00+01:00;8656,000;1,000;MESURE
2025-02-06 07:00:00+01:00;4914,000;1,000;MESURE
2025-02-06 08:00:00+01:00;0,000;1,000;MESURE
2025-02-06 09:00:00+01:00;0,000;1,000;MESURE
2025-02-06 10:00:00+01:00;0,000;1,000;MESURE
2025-02-06 11:00:00+01:00;0,000;1,000;MESURE
2025-02-06 12:00:00+01:00;0,000;1,000;MESURE
2025-02-06 13:00:00+01:00;0,000;1,000;MESURE
2025-02-06 14:00:00+01:00;0,000;1,000;MESURE
2025-02-06 15:00:00+01:00;0,000;1,000;MESURE
2025-02-06 16:00:00+01:00;0,000;1,000;MESURE
2025-02-06 17:00:00+01:00;0,000;1,000;MESURE
2025-02-06 18:00:00+01:00;8005,000;1,000;MESURE
2025-02-06 19:00:00+01:00;8675,000;1,000;MESURE
2025-02-06 20:00:00+01:00;8644,000;1,000;MESURE
2025-02-06 21:00:00+01:00;8626,000;1,000;MESURE
2025-02-06 22:00:00+01:00;3411,000;1,000;MESURE
2025-02-06 23:00:00+01:00;3222,000;1,000;MESURE
2025-02-07 00:00:00+01:00;3173,000;1,000;MESURE
2025-02-07 01:00:00+01:00;3171,000;1,000;MESURE
2025-02-07 02:00:00+01:00;3168,000;1,000;MESURE
2025-02-07 03:00:00+01:00;3170,000;1,000;MESURE
2025-02-07 04:00:00+01:00;3173,000;1,000;MESURE
2025-02-07 05:00:00+01:00;8611,000;1,000;MESURE
2025-02-07 06:00:00+01:00;8645,000;1,000;MESURE
2025-02-07 07:00:00+01:00;4789,000;1,000;MESURE
2025-02-07 08:00:00+01:00;0,000;1,000;MESURE
2025-02-07 09:00:00+01:00;0,000;1,000;MESURE
2025-02-07 10:00:00+01:00;0,000;1,000;MESURE
2025-02-07 11:00:00+01:00;0,000;1,000;MESURE
2025-02-07 12:00:00+01:00;0,000;1,000;MESURE
2025-02-07 13:00:00+01:00;0,000;1,000;MESURE
2025-02-07 14:00:00+01:00;0,000;1,000;MESURE
2025-02-07 15:00:00+01:00;0,000;1,000;MESURE
2025-02-07 16:00:00+01:00;0,000;1,000;MESURE
2025-02-07 17:00:00+01:00;0,000;1,000;MESURE
2025-02-07 18:00:00+01:00;7709,000;1,000;MESURE
2025-02-07 19:00:00+01:00;8660,000;1,000;MESURE
2025-02-07 20:00:00+01:00;8639,000;1,000;MESURE
2025-02-07 21:00:00+01:00;8629,000;1,000;MESURE
2025-02-07 22:00:00+01:00;3411,000;1,000;MESURE
2025-02-07 23:00:00+01:00;3220,000;1,000;MESURE
2025-02-08 00:00:00+01:00;3170,000;1,000;MESURE
2025-02-08 01:00:00+01:00;3180,000;1,000;MESURE
2025-02-08 02:00:00+01:00;3183,000;1,000;MESURE
2025-02-08 03:00:00+01:00;3186,000;1,000;MESURE
2025-02-08 04:00:00+01:00;3186,000;1,000;MESURE
2025-02-08 05:00:00+01:00;8634,000;1,000;MESURE
2025-02-08 06:00:00+01:00;8656,000;1,000;MESURE
2025-02-08 07:00:00+01:00;4486,000;1,000;MESURE
2025-02-08 08:00:00+01:00;0,000;1,000;MESURE
2025-02-08 09:00:00+01:00;0,000;1,000;MESURE
2025-02-08 10:00:00+01:00;0,000;1,000;MESURE
2025-02-08 11:00:00+01:00;0,000;1,000;MESURE
2025-02-08 12:00:00+01:00;0,000;1,000;MESURE
2025-02-08 13:00:00+01:00;0,000;1,000;MESURE
2025-02-08 14:00:00+01:00;0,000;1,000;MESURE
2025-02-08 15:00:00+01:00;0,000;1,000;MESURE
2025-02-08 16:00:00+01:00;0,000;1,000;MESURE
2025-02-08 17:00:00+01:00;0,000;1,000;MESURE
2025-02-08 18:00:00+01:00;7540,000;1,000;MESURE
2025-02-08 19:00:00+01:00;8641,000;1,000;MESURE
2025-02-08 20:00:00+01:00;8621,000;1,000;MESURE
2025-02-08 21:00:00+01:00;8626,000;1,000;MESURE
2025-02-08 22:00:00+01:00;3404,000;1,000;MESURE
2025-02-08 23:00:00+01:00;3214,000;1,000;MESURE
2025-02-09 00:00:00+01:00;3157,000;1,000;MESURE
2025-02-09 01:00:00+01:00;3158,000;1,000;MESURE
2025-02-09 02:00:00+01:00;3163,000;1,000;MESURE
2025-02-09 03:00:00+01:00;3172,000;1,000;MESURE
2025-02-09 04:00:00+01:00;3173,000;1,000;MESURE
2025-02-09 05:00:00+01:00;8589,000;1,000;MESURE
2025-02-09 06:00:00+01:00;8612,000;1,000;MESURE
2025-02-09 07:00:00+01:00;4311,000;1,000;MESURE
2025-02-09 08:00:00+01:00;0,000;1,000;MESURE
2025-02-09 09:00:00+01:00;0,000;1,000;MESURE
2025-02-09 10:00:00+01:00;0,000;1,000;MESURE
2025-02-09 11:00:00+01:00;0,000;1,000;MESURE
2025-02-09 12:00:00+01:00;0,000;1,000;MESURE
2025-02-09 13:00:00+01:00;0,000;1,000;MESURE
2025-02-09 14:00:00+01:00;0,000;1,000;MESURE
2025-02-09 15:00:00+01:00;0,000;1,000;MESURE
2025-02-09 16:00:00+01:00;0,000;1,000;MESURE
2025-02-09 17:00:00+01:00;0,000;1,000;MESURE
2025-02-09 18:00:00+01:00;7239,000;1,000;MESURE
2025-02-09 19:00:00+01:00;8628,000;1,000;MESURE
2025-02-09 20:00:00+01:00;8601,000;1,000;MESURE
2025-02-09 21:00:00+01:00;8596,000;1,000;MESURE
2025-02-09 22:00:00+01:00;3410,000;1,000;MESURE
2025-02-09 23:00:00+01:00;3200,000;1,000;MESURE
2025-02-10 00:00:00+01:00;3148,000;1,000;MESURE
2025-02-10 01:00:00+01:00;3156,000;1,000;MESURE
2025-02-10 02:00:00+01:00;3157,000;1,000;MESURE
2025-02-10 03:00:00+01:00;3164,000;1,000;MESURE
2025-02-10 04:00:00+01:00;3160,000;1,000;MESURE
2025-02-10 05:00:00+01:00;8588,000;1,000;MESURE
2025-02-10 06:00:00+01:00;8605,000;1,000;MESURE
2025-02-10 07:00:00+01:00;4170,000;1,000;MESURE
2025-02-10 08:00:00+01:00;0,000;1,000;MESURE
2025-02-10 09:00:00+01:00;0,000;1,000;MESURE
2025-02-10 10:00:00+01:00;0,000;1,000;MESURE
2025-02-10 11:00:00+01:00;0,000;1,000;MESURE
2025-02-10 12:00:00+01:00;0,000;1,000;MESURE
2025-02-10 13:00:00+01:00;0,000;1,000;MESURE
2025-02-10 14:00:00+01:00;0,000;1,000;MESURE
2025-02-10 15:00:00+01:00;0,000;1,000;MESURE
2025-02-10 16:00:00+01:00;0,000;1,000;MESURE
2025-02-10 17:00:00+01:00;0,000;1,000;MESURE
2025-02-10 18:00:00+01:00;7079,000;1,000;MESURE
2025-02-10 19:00:00+01:00;8650,000;1,000;MESURE
2025-02-10 20:00:00+01:00;8623,000;1,000;MESURE
2025-02-10 21:00:00+01:00;2264,000;1,000;MESURE
2025-02-10 22:00:00+01:00;389,000;1,000;MESURE
2025-02-10 23:00:00+01:00;387,000;1,000;MESURE
2025-02-11 00:00:00+01:00;386,000;1,000;MESURE
2025-02-11 01:00:00+01:00;386,000;1,000;MESURE
2025-02-11 02:00:00+01:00;386,000;1,000;MESURE
2025-02-11 03:00:00+01:00;387,000;1,000;MESURE
2025-02-11 04:00:00+01:00;386,000;1,000;MESURE
2025-02-11 05:00:00+01:00;960,000;1,000;MESURE
2025-02-11 06:00:00+01:00;960,000;1,000;MESURE
2025-02-11 07:00:00+01:00;432,000;1,000;MESURE
2025-02-11 08:00:00+01:00;0,000;1,000;MESURE
2025-02-11 09:00:00+01:00;0,000;1,000;MESURE
2025-02-11 10:00:00+01:00;0,000;1,000;MESURE
2025-02-11 11:00:00+01:00;0,000;1,000;MESURE
2025-02-11 12:00:00+01:00;0,000;1,000;MESURE
2025-02-11 13:00:00+01:00;0,000;1,000;MESURE
2025-02-11 14:00:00+01:00;0,000;1,000;MESURE
2025-02-11 15:00:00+01:00;0,000;1,000;MESURE
2025-02-11 16:00:00+01:00;0,000;1,000;MESURE
2025-02-11 17:00:00+01:00;0,000;1,000;MESURE
2025-02-11 18:00:00+01:00;760,000;1,000;MESURE
2025-02-11 19:00:00+01:00;962,000;1,000;MESURE
2025-02-11 20:00:00+01:00;959,000;1,000;MESURE
2025-02-11 21:00:00+01:00;960,000;1,000;MESURE
2025-02-11 22:00:00+01:00;388,000;1,000;MESURE
2025-02-11 23:00:00+01:00;386,000;1,000;MESURE
2025-02-12 00:00:00+01:00;385,000;1,000;MESURE
2025-02-12 01:00:00+01:00;386,000;1,000;MESURE
2025-02-12 02:00:00+01:00;386,000;1,000;MESURE
2025-02-12 03:00:00+01:00;386,000;1,000;MESURE
2025-02-12 04:00:00+01:00;386,000;1,000;MESURE
2025-02-12 05:00:00+01:00;959,000;1,000;MESURE
2025-02-12 06:00:00+01:00;961,000;1,000;MESURE
2025-02-12 07:00:00+01:00;418,000;1,000;MESURE
2025-02-12 08:00:00+01:00;0,000;1,000;MESURE
2025-02-12 09:00:00+01:00;0,000;1,000;MESURE
2025-02-12 10:00:00+01:00;0,000;1,000;MESURE
2025-02-12 11:00:00+01:00;0,000;1,000;MESURE
2025-02-12 12:00:00+01:00;0,000;1,000;MESURE
2025-02-12 13:00:00+01:00;0,000;1,000;MESURE
2025-02-12 14:00:00+01:00;0,000;1,000;MESURE
2025-02-12 15:00:00+01:00;0,000;1,000;MESURE
2025-02-12 16:00:00+01:00;749,000;1,000;MESURE
2025-02-12 17:00:00+01:00;15,000;1,000;MESURE
2025-02-12 18:00:00+01:00;6664,000;1,000;MESURE
2025-02-12 19:00:00+01:00;8625,000;1,000;MESURE
2025-02-12 20:00:00+01:00;8588,000;1,000;MESURE
2025-02-12 21:00:00+01:00;8577,000;1,000;MESURE
2025-02-12 22:00:00+01:00;3465,000;1,000;MESURE
2025-02-12 23:00:00+01:00;3271,000;1,000;MESURE
2025-02-13 00:00:00+01:00;3219,000;1,000;MESURE
2025-02-13 01:00:00+01:00;3221,000;1,000;MESURE
2025-02-13 02:00:00+01:00;3222,000;1,000;MESURE
2025-02-13 03:00:00+01:00;3229,000;1,000;MESURE
2025-02-13 04:00:00+01:00;3228,000;1,000;MESURE
2025-02-13 05:00:00+01:00;8573,000;1,000;MESURE
2025-02-13 06:00:00+01:00;8594,000;1,000;MESURE
2025-02-13 07:00:00+01:00;3450,000;1,000;MESURE
2025-02-13 08:00:00+01:00;0,000;1,000;MESURE
2025-02-13 09:00:00+01:00;0,000;1,000;MESURE
2025-02-13 10:00:00+01:00;0,000;1,000;MESURE
2025-02-13 11:00:00+01:00;0,000;1,000;MESURE
2025-02-13 12:00:00+01:00;0,000;1,000;MESURE
2025-02-13 13:00:00+01:00;0,000;1,000;MESURE
2025-02-13 14:00:00+01:00;0,000;1,000;MESURE
2025-02-13 15:00:00+01:00;0,000;1,000;MESURE
2025-02-13 16:00:00+01:00;0,000;1,000;MESURE
2025-02-13 17:00:00+01:00;0,000;1,000;MESURE
2025-02-13 18:00:00+01:00;6501,000;1,000;MESURE
2025-02-13 19:00:00+01:00;8625,000;1,000;MESURE
2025-02-13 20:00:00+01:00;8595,000;1,000;MESURE
2025-02-13 21:00:00+01:00;8576,000;1,000;MESURE
2025-02-13 22:00:00+01:00;3391,000;1,000;MESURE
2025-02-13 23:00:00+01:00;3189,000;1,000;MESURE
2025-02-14 00:00:00+01:00;3143,000;1,000;MESURE
2025-02-14 01:00:00+01:00;3147,000;1,000;MESURE
2025-02-14 02:00:00+01:00;3144,000;1,000;MESURE
2025-02-14 03:00:00+01:00;3152,000;1,000;MESURE
2025-02-14 04:00:00+01:00;3154,000;1,000;MESURE
2025-02-14 05:00:00+01:00;8607,000;1,000;MESURE
2025-02-14 06:00:00+01:00;8649,000;1,000;MESURE
2025-02-14 07:00:00+01:00;3322,000;1,000;MESURE
2025-02-14 08:00:00+01:00;0,000;1,000;MESURE
2025-02-14 09:00:00+01:00;0,000;1,000;MESURE
2025-02-14 10:00:00+01:00;0,000;1,000;MESURE
2025-02-14 11:00:00+01:00;0,000;1,000;MESURE
2025-02-14 12:00:00+01:00;0,000;1,000;MESURE
2025-02-14 13:00:00+01:00;0,000;1,000;MESURE
2025-02-14 14:00:00+01:00;0,000;1,000;MESURE
2025-02-14 15:00:00+01:00;0,000;1,000;MESURE
2025-02-14 16:00:00+01:00;0,000;1,000;MESURE
2025-02-14 17:00:00+01:00;0,000;1,000;MESURE
2025-02-14 18:00:00+01:00;6250,000;1,000;MESURE
2025-02-14 19:00:00+01:00;8708,000;1,000;MESURE
2025-02-14 20:00:00+01:00;8686,000;1,000;MESURE
2025-02-14 21:00:00+01:00;8682,000;1,000;MESURE
2025-02-14 22:00:00+01:00;3461,000;1,000;MESURE
2025-02-14 23:00:00+01:00;3234,000;1,000;MESURE
2025-02-15 00:00:00+01:00;3165,000;1,000;MESURE
2025-02-15 01:00:00+01:00;3180,000;1,000;MESURE
2025-02-15 02:00:00+01:00;3184,000;1,000;MESURE
2025-02-15 03:00:00+01:00;3191,000;1,000;MESURE
2025-02-15 04:00:00+01:00;3186,000;1,000;MESURE
2025-02-15 05:00:00+01:00;8643,000;1,000;MESURE
2025-02-15 06:00:00+01:00;8680,000;1,000;MESURE
2025-02-15 07:00:00+01:00;3065,000;1,000;MESURE
2025-02-15 08:00:00+01:00;0,000;1,000;MESURE
2025-02-15 09:00:00+01:00;0,000;1,000;MESURE
2025-02-15 10:00:00+01:00;0,000;1,000;MESURE
2025-02-15 11:00:00+01:00;0,000;1,000;MESURE
2025-02-15 12:00:00+01:00;0,000;1,000;MESURE
2025-02-15 13:00:00+01:00;0,000;1,000;MESURE
2025-02-15 14:00:00+01:00;0,000;1,000;MESURE
2025-02-15 15:00:00+01:00;0,000;1,000;MESURE
2025-02-15 16:00:00+01:00;0,000;1,000;MESURE
2025-02-15 17:00:00+01:00;0,000;1,000;MESURE
2025-02-15 18:00:00+01:00;6115,000;1,000;MESURE
2025-02-15 19:00:00+01:00;8668,000;1,000;MESURE
2025-02-15 20:00:00+01:00;8641,000;1,000;MESURE
2025-02-15 21:00:00+01:00;8634,000;1,000;MESURE
2025-02-15 22:00:00+01:00;3427,000;1,000;MESURE
2025-02-15 23:00:00+01:00;3238,000;1,000;MESURE
2025-02-16 00:00:00+01:00;3185,000;1,000;MESURE
2025-02-16 01:00:00+01:00;3173,000;1,000;MESURE
2025-02-16 02:00:00+01:00;3174,000;1,000;MESURE
2025-02-16 03:00:00+01:00;3176,000;1,000;MESURE
2025-02-16 04:00:00+01:00;3176,000;1,000;MESURE
2025-02-16 05:00:00+01:00;8638,000;1,000;MESURE
2025-02-16 06:00:00+01:00;8660,000;1,000;MESURE
2025-02-16 07:00:00+01:00;2890,000;1,000;MESURE
2025-02-16 08:00:00+01:00;0,000;1,000;MESURE
2025-02-16 09:00:00+01:00;0,000;1,000;MESURE
2025-02-16 10:00:00+01:00;0,000;1,000;MESURE
2025-02-16 11:00:00+01:00;0,000;1,000;MESURE
2025-02-16 12:00:00+01:00;0,000;1,000;MESURE
2025-02-16 13:00:00+01:00;0,000;1,000;MESURE
2025-02-16 14:00:00+01:00;0,000;1,000;MESURE
2025-02-16 15:00:00+01:00;0,000;1,000;MESURE
2025-02-16 16:00:00+01:00;0,000;1,000;MESURE
2025-02-16 17:00:00+01:00;0,000;1,000;MESURE
2025-02-16 18:00:00+01:00;5793,000;1,000;MESURE
2025-02-16 19:00:00+01:00;8645,000;1,000;MESURE
2025-02-16 20:00:00+01:00;8623,000;1,000;MESURE
2025-02-16 21:00:00+01:00;8622,000;1,000;MESURE
2025-02-16 22:00:00+01:00;3415,000;1,000;MESURE
2025-02-16 23:00:00+01:00;3224,000;1,000;MESURE
2025-02-17 00:00:00+01:00;3180,000;1,000;MESURE
2025-02-17 01:00:00+01:00;3190,000;1,000;MESURE
2025-02-17 02:00:00+01:00;3186,000;1,000;MESURE
2025-02-17 03:00:00+01:00;3191,000;1,000;MESURE
2025-02-17 04:00:00+01:00;3189,000;1,000;MESURE
2025-02-17 05:00:00+01:00;8611,000;1,000;MESURE
2025-02-17 06:00:00+01:00;8640,000;1,000;MESURE
2025-02-17 07:00:00+01:00;2589,000;1,000;MESURE
2025-02-17 08:00:00+01:00;0,000;1,000;MESURE
2025-02-17 09:00:00+01:00;0,000;1,000;MESURE
2025-02-17 10:00:00+01:00;0,000;1,000;MESURE
2025-02-17 11:00:00+01:00;0,000;1,000;MESURE
2025-02-17 12:00:00+01:00;0,000;1,000;MESURE
2025-02-17 13:00:00+01:00;0,000;1,000;MESURE
2025-02-17 14:00:00+01:00;0,000;1,000;MESURE
2025-02-17 15:00:00+01:00;0,000;1,000;MESURE
2025-02-17 16:00:00+01:00;0,000;1,000;MESURE
2025-02-17 17:00:00+01:00;0,000;1,000;MESURE
2025-02-17 18:00:00+01:00;5692,000;1,000;MESURE
2025-02-17 19:00:00+01:00;8669,000;1,000;MESURE
2025-02-17 20:00:00+01:00;8637,000;1,000;MESURE
2025-02-17 21:00:00+01:00;8632,000;1,000;MESURE
2025-02-17 22:00:00+01:00;3417,000;1,000;MESURE
2025-02-17 23:00:00+01:00;3231,000;1,000;MESURE
2025-02-18 00:00:00+01:00;3171,000;1,000;MESURE
2025-02-18 01:00:00+01:00;3176,000;1,000;MESURE
2025-02-18 02:00:00+01:00;3179,000;1,000;MESURE
2025-02-18 03:00:00+01:00;3183,000;1,000;MESURE
2025-02-18 04:00:00+01:00;3183,000;1,000;MESURE
2025-02-18 05:00:00+01:00;8602,000;1,000;MESURE
2025-02-18 06:00:00+01:00;8627,000;1,000;MESURE
2025-02-18 07:00:00+01:00;2314,000;1,000;MESURE
2025-02-18 08:00:00+01:00;0,000;1,000;MESURE
2025-02-18 09:00:00+01:00;0,000;1,000;MESURE
2025-02-18 10:00:00+01:00;0,000;1,000;MESURE
2025-02-18 11:00:00+01:00;0,000;1,000;MESURE
2025-02-18 12:00:00+01:00;0,000;1,000;MESURE
2025-02-18 13:00:00+01:00;0,000;1,000;MESURE
2025-02-18 14:00:00+01:00;0,000;1,000;MESURE
2025-02-18 15:00:00+01:00;0,000;1,000;MESURE
2025-02-18 16:00:00+01:00;0,000;1,000;MESURE
2025-02-18 17:00:00+01:00;0,000;1,000;MESURE
2025-02-18 18:00:00+01:00;5381,000;1,000;MESURE
2025-02-18 19:00:00+01:00;8686,000;1,000;MESURE
2025-02-18 20:00:00+01:00;8651,000;1,000;MESURE
2025-02-18 21:00:00+01:00;8647,000;1,000;MESURE
2025-02-18 22:00:00+01:00;3404,000;1,000;MESURE
2025-02-18 23:00:00+01:00;3214,000;1,000;MESURE
2025-02-19 00:00:00+01:00;3166,000;1,000;MESURE
2025-02-19 01:00:00+01:00;3168,000;1,000;MESURE
2025-02-19 02:00:00+01:00;3169,000;1,000;MESURE
2025-02-19 03:00:00+01:00;3173,000;1,000;MESURE
2025-02-19 04:00:00+01:00;3169,000;1,000;MESURE
2025-02-19 05:00:00+01:00;8596,000;1,000;MESURE
2025-02-19 06:00:00+01:00;8626,000;1,000;MESURE
2025-02-19 07:00:00+01:00;2170,000;1,000;MESURE
2025-02-19 08:00:00+01:00;0,000;1,000;MESURE
2025-02-19 09:00:00+01:00;0,000;1,000;MESURE
2025-02-19 10:00:00+01:00;0,000;1,000;MESURE
2025-02-19 11:00:00+01:00;0,000;1,000;MESURE
2025-02-19 12:00:00+01:00;0,000;1,000;MESURE
2025-02-19 13:00:00+01:00;0,000;1,000;MESURE
2025-02-19 14:00:00+01:00;0,000;1,000;MESURE
2025-02-19 15:00:00+01:00;0,000;1,000;MESURE
2025-02-19 16:00:00+01:00;0,000;1,000;MESURE
2025-02-19 17:00:00+01:00;0,000;1,000;MESURE
2025-02-19 18:00:00+01:00;5226,000;1,000;MESURE
2025-02-19 19:00:00+01:00;8648,000;1,000;MESURE
2025-02-19 20:00:00+01:00;8610,000;1,000;MESURE
2025-02-19 21:00:00+01:00;8601,000;1,000;MESURE
2025-02-19 22:00:00+01:00;3394,000;1,000;MESURE
2025-02-19 23:00:00+01:00;3204,000;1,000;MESURE
2025-02-20 00:00:00+01:00;3158,000;1,000;MESURE
2025-02-20 01:00:00+01:00;3160,000;1,000;MESURE
2025-02-20 02:00:00+01:00;3159,000;1,000;MESURE
2025-02-20 03:00:00+01:00;3153,000;1,000;MESURE
2025-02-20 04:00:00+01:00;3155,000;1,000;MESURE
2025-02-20 05:00:00+01:00;8578,000;1,000;MESURE
2025-02-20 06:00:00+01:00;8612,000;1,000;MESURE
2025-02-20 07:00:00+01:00;1859,000;1,000;MESURE
2025-02-20 08:00:00+01:00;0,000;1,000;MESURE
2025-02-20 09:00:00+01:00;0,000;1,000;MESURE
2025-02-20 10:00:00+01:00;0,000;1,000;MESURE
2025-02-20 11:00:00+01:00;0,000;1,000;MESURE
2025-02-20 12:00:00+01:00;0,000;1,000;MESURE
2025-02-20 13:00:00+01:00;0,000;1,000;MESURE
2025-02-20 14:00:00+01:00;0,000;1,000;MESURE
2025-02-20 15:00:00+01:00;0,000;1,000;MESURE
2025-02-20 16:00:00+01:00;0,000;1,000;MESURE
2025-02-20 17:00:00+01:00;0,000;1,000;MESURE
2025-02-20 18:00:00+01:00;4918,000;1,000;MESURE
2025-02-20 19:00:00+01:00;8620,000;1,000;MESURE
2025-02-20 20:00:00+01:00;8594,000;1,000;MESURE
2025-02-20 21:00:00+01:00;8589,000;1,000;MESURE
2025-02-20 22:00:00+01:00;3391,000;1,000;MESURE
2025-02-20 23:00:00+01:00;3201,000;1,000;MESURE
2025-02-21 00:00:00+01:00;3158,000;1,000;MESURE
2025-02-21 01:00:00+01:00;3158,000;1,000;MESURE
2025-02-21 02:00:00+01:00;3163,000;1,000;MESURE
2025-02-21 03:00:00+01:00;3166,000;1,000;MESURE
2025-02-21 04:00:00+01:00;3163,000;1,000;MESURE
2025-02-21 05:00:00+01:00;8617,000;1,000;MESURE
2025-02-21 06:00:00+01:00;8633,000;1,000;MESURE
2025-02-21 07:00:00+01:00;1596,000;1,000;MESURE
2025-02-21 08:00:00+01:00;0,000;1,000;MESURE
2025-02-21 09:00:00+01:00;0,000;1,000;MESURE
2025-02-21 10:00:00+01:00;0,000;1,000;MESURE
2025-02-21 11:00:00+01:00;0,000;1,000;MESURE
2025-02-21 12:00:00+01:00;0,000;1,000;MESURE
2025-02-21 13:00:00+01:00;0,000;1,000;MESURE
2025-02-21 14:00:00+01:00;0,000;1,000;MESURE
2025-02-21 15:00:00+01:00;0,000;1,000;MESURE
2025-02-21 16:00:00+01:00;0,000;1,000;MESURE
2025-02-21 17:00:00+01:00;0,000;1,000;MESURE
2025-02-21 18:00:00+01:00;4784,000;1,000;MESURE
2025-02-21 19:00:00+01:00;8626,000;1,000;MESURE
2025-02-21 20:00:00+01:00;8587,000;1,000;MESURE
2025-02-21 21:00:00+01:00;8581,000;1,000;MESURE
2025-02-21 22:00:00+01:00;3386,000;1,000;MESURE
2025-02-21 23:00:00+01:00;3208,000;1,000;MESURE
2025-02-22 00:00:00+01:00;3142,000;1,000;MESURE
2025-02-22 01:00:00+01:00;3165,000;1,000;MESURE
2025-02-22 02:00:00+01:00;3163,000;1,000;MESURE
2025-02-22 03:00:00+01:00;3158,000;1,000;MESURE
2025-02-22 04:00:00+01:00;3156,000;1,000;MESURE
2025-02-22 05:00:00+01:00;8593,000;1,000;MESURE
2025-02-22 06:00:00+01:00;8615,000;1,000;MESURE
2025-02-22 07:00:00+01:00;1445,000;1,000;MESURE
2025-02-22 08:00:00+01:00;0,000;1,000;MESURE
2025-02-22 09:00:00+01:00;0,000;1,000;MESURE
2025-02-22 10:00:00+01:00;0,000;1,000;MESURE
2025-02-22 11:00:00+01:00;0,000;1,000;MESURE
2025-02-22 12:00:00+01:00;0,000;1,000;MESURE
2025-02-22 13:00:00+01:00;0,000;1,000;MESURE
2025-02-22 14:00:00+01:00;0,000;1,000;MESURE
2025-02-22 15:00:00+01:00;0,000;1,000;MESURE
2025-02-22 16:00:00+01:00;0,000;1,000;MESURE
2025-02-22 17:00:00+01:00;0,000;1,000;MESURE
2025-02-22 18:00:00+01:00;4619,000;1,000;MESURE
2025-02-22 19:00:00+01:00;8622,000;1,000;MESURE
2025-02-22 20:00:00+01:00;8578,000;1,000;MESURE
2025-02-22 21:00:00+01:00;8575,000;1,000;MESURE
2025-02-22 22:00:00+01:00;3375,000;1,000;MESURE
2025-02-22 23:00:00+01:00;3192,000;1,000;MESURE
2025-02-23 00:00:00+01:00;3142,000;1,000;MESURE
2025-02-23 01:00:00+01:00;3157,000;1,000;MESURE
2025-02-23 02:00:00+01:00;3162,000;1,000;MESURE
2025-02-23 03:00:00+01:00;3164,000;1,000;MESURE
2025-02-23 04:00:00+01:00;3163,000;1,000;MESURE
2025-02-23 05:00:00+01:00;8560,000;1,000;MESURE
2025-02-23 06:00:00+01:00;8599,000;1,000;MESURE
2025-02-23 07:00:00+01:00;1170,000;1,000;MESURE
2025-02-23 08:00:00+01:00;0,000;1,000;MESURE
2025-02-23 09:00:00+01:00;0,000;1,000;MESURE
2025-02-23 10:00:00+01:00;0,000;1,000;MESURE
2025-02-23 11:00:00+01:00;0,000;1,000;MESURE
2025-02-23 12:00:00+01:00;0,000;1,000;MESURE
2025-02-23 13:00:00+01:00;0,000;1,000;MESURE
2025-02-23 14:00:00+01:00;0,000;1,000;MESURE
2025-02-23 15:00:00+01:00;0,000;1,000;MESURE
2025-02-23 16:00:00+01:00;0,000;1,000;MESURE
2025-02-23 17:00:00+01:00;0,000;1,000;MESURE
2025-02-23 18:00:00+01:00;4347,000;1,000;MESURE
2025-02-23 19:00:00+01:00;8613,000;1,000;MESURE
2025-02-23 20:00:00+01:00;8596,000;1,000;MESURE
2025-02-23 21:00:00+01:00;2582,000;1,000;MESURE
2025-02-23 22:00:00+01:00;390,000;1,000;MESURE
2025-02-23 23:00:00+01:00;386,000;1,000;MESURE
2025-02-24 00:00:00+01:00;386,000;1,000;MESURE
2025-02-24 01:00:00+01:00;386,000;1,000;MESURE
2025-02-24 02:00:00+01:00;386,000;1,000;MESURE
2025-02-24 03:00:00+01:00;386,000;1,000;MESURE
2025-02-24 04:00:00+01:00;387,000;1,000;MESURE
2025-02-24 05:00:00+01:00;960,000;1,000;MESURE
2025-02-24 06:00:00+01:00;961,000;1,000;MESURE
2025-02-24 07:00:00+01:00;99,000;1,000;MESURE
2025-02-24 08:00:00+01:00;0,000;1,000;MESURE
2025-02-24 09:00:00+01:00;0,000;1,000;MESURE
2025-02-24 10:00:00+01:00;0,000;1,000;MESURE
2025-02-24 11:00:00+01:00;0,000;1,000;MESURE
2025-02-24 12:00:00+01:00;0,000;1,000;MESURE
2025-02-24 13:00:00+01:00;0,000;1,000;MESURE
2025-02-24 14:00:00+01:00;0,000;1,000;MESURE
2025-02-24 15:00:00+01:00;0,000;1,000;MESURE
2025-02-24 16:00:00+01:00;0,000;1,000;MESURE
2025-02-24 17:00:00+01:00;0,000;1,000;MESURE
2025-02-24 18:00:00+01:00;468,000;1,000;MESURE
2025-02-24 19:00:00+01:00;963,000;1,000;MESURE
2025-02-24 20:00:00+01:00;962,000;1,000;MESURE
2025-02-24 21:00:00+01:00;960,000;1,000;MESURE
2025-02-24 22:00:00+01:00;388,000;1,000;MESURE
2025-02-24 23:00:00+01:00;385,000;1,000;MESURE
2025-02-25 00:00:00+01:00;385,000;1,000;MESURE
2025-02-25 01:00:00+01:00;386,000;1,000;MESURE
2025-02-25 02:00:00+01:00;386,000;1,000;MESURE
2025-02-25 03:00:00+01:00;385,000;1,000;MESURE
2025-02-25 04:00:00+01:00;385,000;1,000;MESURE
2025-02-25 05:00:00+01:00;958,000;1,000;MESURE
2025-02-25 06:00:00+01:00;959,000;1,000;MESURE
2025-02-25 07:00:00+01:00;80,000;1,000;MESURE
2025-02-25 08:00:00+01:00;0,000;1,000;MESURE
2025-02-25 09:00:00+01:00;0,000;1,000;MESURE
2025-02-25 10:00:00+01:00;0,000;1,000;MESURE
2025-02-25 11:00:00+01:00;0,000;1,000;MESURE
2025-02-25 12:00:00+01:00;0,000;1,000;MESURE
2025-02-25 13:00:00+01:00;0,000;1,000;MESURE
2025-02-25 14:00:00+01:00;0,000;1,000;MESURE
2025-02-25 15:00:00+01:00;0,000;1,000;MESURE
2025-02-25 16:00:00+01:00;0,000;1,000;MESURE
2025-02-25 17:00:00+01:00;0,000;1,000;MESURE
2025-02-25 18:00:00+01:00;436,000;1,000;MESURE
2025-02-25 19:00:00+01:00;967,000;1,000;MESURE
2025-02-25 20:00:00+01:00;965,000;1,000;MESURE
2025-02-25 21:00:00+01:00;966,000;1,000;MESURE
2025-02-25 22:00:00+01:00;390,000;1,000;MESURE
2025-02-25 23:00:00+01:00;387,000;1,000;MESURE
2025-02-26 00:00:00+01:00;387,000;1,000;MESURE
2025-02-26 01:00:00+01:00;388,000;1,000;MESURE
2025-02-26 02:00:00+01:00;387,000;1,000;MESURE
2025-02-26 03:00:00+01:00;388,000;1,000;MESURE
2025-02-26 04:00:00+01:00;388,000;1,000;MESURE
2025-02-26 05:00:00+01:00;963,000;1,000;MESURE
2025-02-26 06:00:00+01:00;966,000;1,000;MESURE
2025-02-26 07:00:00+01:00;48,000;1,000;MESURE
2025-02-26 08:00:00+01:00;0,000;1,000;MESURE
2025-02-26 09:00:00+01:00;0,000;1,000;MESURE
2025-02-26 10:00:00+01:00;0,000;1,000;MESURE
2025-02-26 11:00:00+01:00;426,000;1,000;MESURE
2025-02-26 12:00:00+01:00;0,000;1,000;MESURE
2025-02-26 13:00:00+01:00;0,000;1,000;MESURE
2025-02-26 14:00:00+01:00;0,000;1,000;MESURE
2025-02-26 15:00:00+01:00;0,000;1,000;MESURE
2025-02-26 16:00:00+01:00;0,000;1,000;MESURE
2025-02-26 17:00:00+01:00;0,000;1,000;MESURE
2025-02-26 18:00:00+01:00;3623,000;1,000;MESURE
2025-02-26 19:00:00+01:00;8328,000;1,000;MESURE
2025-02-26 20:00:00+01:00;8289,000;1,000;MESURE
2025-02-26 21:00:00+01:00;8293,000;1,000;MESURE
2025-02-26 22:00:00+01:00;3088,000;1,000;MESURE
2025-02-26 23:00:00+01:00;2906,000;1,000;MESURE
2025-02-27 00:00:00+01:00;2842,000;1,000;MESURE
2025-02-27 01:00:00+01:00;2836,000;1,000;MESURE
2025-02-27 02:00:00+01:00;2840,000;1,000;MESURE
2025-02-27 03:00:00+01:00;2840,000;1,000;MESURE
2025-02-27 04:00:00+01:00;2834,000;1,000;MESURE
2025-02-27 05:00:00+01:00;8265,000;1,000;MESURE
2025-02-27 06:00:00+01:00;8281,000;1,000;MESURE
2025-02-27 07:00:00+01:00;144,000;1,000;MESURE
2025-02-27 08:00:00+01:00;0,000;1,000;MESURE
2025-02-27 09:00:00+01:00;0,000;1,000;MESURE
2025-02-27 10:00:00+01:00;0,000;1,000;MESURE
2025-02-27 11:00:00+01:00;0,000;1,000;MESURE
2025-02-27 12:00:00+01:00;0,000;1,000;MESURE
2025-02-27 13:00:00+01:00;0,000;1,000;MESURE
2025-02-27 14:00:00+01:00;0,000;1,000;MESURE
2025-02-27 15:00:00+01:00;0,000;1,000;MESURE
2025-02-27 16:00:00+01:00;0,000;1,000;MESURE
2025-02-27 17:00:00+01:00;0,000;1,000;MESURE
2025-02-27 18:00:00+01:00;3494,000;1,000;MESURE
2025-02-27 19:00:00+01:00;8319,000;1,000;MESURE
2025-02-27 20:00:00+01:00;8291,000;1,000;MESURE
2025-02-27 21:00:00+01:00;8279,000;1,000;MESURE
2025-02-27 22:00:00+01:00;3079,000;1,000;MESURE
2025-02-27 23:00:00+01:00;2892,000;1,000;MESURE
2025-02-28 00:00:00+01:00;2839,000;1,000;MESURE
2025-02-28 01:00:00+01:00;2843,000;1,000;MESURE
2025-02-28 02:00:00+01:00;2847,000;1,000;MESURE
2025-02-28 03:00:00+01:00;2850,000;1,000;MESURE
2025-02-28 04:00:00+01:00;2849,000;1,000;MESURE
2025-02-28 05:00:00+01:00;8299,000;1,000;MESURE
2025-02-28 06:00:00+01:00;8180,000;1,000;MESURE
2025-02-28 07:00:00+01:00;0,000;1,000;MESURE
2025-02-28 08:00:00+01:00;0,000;1,000;MESURE
2025-02-28 09:00:00+01:00;0,000;1,000;MESURE
2025-02-28 10:00:00+01:00;0,000;1,000;MESURE
2025-02-28 11:00:00+01:00;0,000;1,000;MESURE
2025-02-28 12:00:00+01:00;0,000;1,000;MESURE
2025-02-28 13:00:00+01:00;0,000;1,000;MESURE
2025-02-28 14:00:00+01:00;0,000;1,000;MESURE
2025-02-28 15:00:00+01:00;0,000;1,000;MESURE
2025-02-28 16:00:00+01:00;0,000;1,000;MESURE
2025-02-28 17:00:00+01:00;0,000;1,000;MESURE
2025-02-28 18:00:00+01:00;3225,000;1,000;MESURE
2025-02-28 19:00:00+01:00;8351,000;1,000;MESURE
2025-02-28 20:00:00+01:00;8310,000;1,000;MESURE
2025-02-28 21:00:00+01:00;8301,000;1,000;MESURE
2025-02-28 22:00:00+01:00;3089,000;1,000;MESURE
2025-02-28 23:00:00+01:00;2901,000;1,000;MESURE
2025-03-01 00:00:00+01:00;2839,000;1,000;MESURE
2025-03-01 01:00:00+01:00;2838,000;1,000;MESURE
2025-03-01 02:00:00+01:00;2837,000;1,000;MESURE
2025-03-01 03:00:00+01:00;2841,000;1,000;MESURE
2025-03-01 04:00:00+01:00;2843,000;1,000;MESURE
2025-03-01 05:00:00+01:00;8295,000;1,000;MESURE
2025-03-01 06:00:00+01:00;8076,000;1,000;MESURE
2025-03-01 07:00:00+01:00;0,000;1,000;MESURE
2025-03-01 08:00:00+01:00;0,000;1,000;MESURE
2025-03-01 09:00:00+01:00;0,000;1,000;MESURE
2025-03-01 10:00:00+01:00;0,000;1,000;MESURE
2025-03-01 11:00:00+01:00;0,000;1,000;MESURE
2025-03-01 12:00:00+01:00;0,000;1,000;MESURE
2025-03-01 13:00:00+01:00;0,000;1,000;MESURE
2025-03-01 14:00:00+01:00;0,000;1,000;MESURE
2025-03-01 15:00:00+01:00;0,000;1,000;MESURE
2025-03-01 16:00:00+01:00;0,000;1,000;MESURE
2025-03-01 17:00:00+01:00;0,000;1,000;MESURE
2025-03-01 18:00:00+01:00;3095,000;1,000;MESURE
2025-03-01 19:00:00+01:00;8370,000;1,000;MESURE
2025-03-01 20:00:00+01:00;8327,000;1,000;MESURE
2025-03-01 21:00:00+01:00;8315,000;1,000;MESURE
2025-03-01 22:00:00+01:00;3087,000;1,000;MESURE
2025-03-01 23:00:00+01:00;2898,000;1,000;MESURE
2025-03-02 00:00:00+01:00;2830,000;1,000;MESURE
2025-03-02 01:00:00+01:00;2832,000;1,000;MESURE
2025-03-02 02:00:00+01:00;2834,000;1,000;MESURE
2025-03-02 03:00:00+01:00;2836,000;1,000;MESURE
2025-03-02 04:00:00+01:00;2837,000;1,000;MESURE
2025-03-02 05:00:00+01:00;8291,000;1,000;MESURE
2025-03-02 06:00:00+01:00;7772,000;1,000;MESURE
2025-03-02 07:00:00+01:00;0,000;1,000;MESURE
2025-03-02 08:00:00+01:00;0,000;1,000;MESURE
2025-03-02 09:00:00+01:00;0,000;1,000;MESURE
2025-03-02 10:00:00+01:00;0,000;1,000;MESURE
2025-03-02 11:00:00+01:00;0,000;1,000;MESURE
2025-03-02 12:00:00+01:00;0,000;1,000;MESURE
2025-03-02 13:00:00+01:00;0,000;1,000;MESURE
2025-03-02 14:00:00+01:00;0,000;1,000;MESURE
2025-03-02 15:00:00+01:00;0,000;1,000;MESURE
2025-03-02 16:00:00+01:00;0,000;1,000;MESURE
2025-03-02 17:00:00+01:00;0,000;1,000;MESURE
2025-03-02 18:00:00+01:00;2806,000;1,000;MESURE
2025-03-02 19:00:00+01:00;8360,000;1,000;MESURE
2025-03-02 20:00:00+01:00;8311,000;1,000;MESURE
2025-03-02 21:00:00+01:00;8302,000;1,000;MESURE
2025-03-02 22:00:00+01:00;3108,000;1,000;MESURE
2025-03-02 23:00:00+01:00;2910,000;1,000;MESURE
2025-03-03 00:00:00+01:00;2846,000;1,000;MESURE
2025-03-03 01:00:00+01:00;2852,000;1,000;MESURE
2025-03-03 02:00:00+01:00;2852,000;1,000;MESURE
2025-03-03 03:00:00+01:00;2854,000;1,000;MESURE
2025-03-03 04:00:00+01:00;2854,000;1,000;MESURE
2025-03-03 05:00:00+01:00;8313,000;1,000;MESURE
2025-03-03 06:00:00+01:00;7485,000;1,000;MESURE
2025-03-03 07:00:00+01:00;0,000;1,000;MESURE
2025-03-03 08:00:00+01:00;0,000;1,000;MESURE
2025-03-03 09:00:00+01:00;0,000;1,000;MESURE
2025-03-03 10:00:00+01:00;0,000;1,000;MESURE
2025-03-03 11:00:00+01:00;0,000;1,000;MESURE
2025-03-03 12:00:00+01:00;0,000;1,000;MESURE
2025-03-03 13:00:00+01:00;0,000;1,000;MESURE
2025-03-03 14:00:00+01:00;0,000;1,000;MESURE
2025-03-03 15:00:00+01:00;0,000;1,000;MESURE
2025-03-03 16:00:00+01:00;0,000;1,000;MESURE
2025-03-03 17:00:00+01:00;0,000;1,000;MESURE
2025-03-03 18:00:00+01:00;2632,000;1,000;MESURE
2025-03-03 19:00:00+01:00;8326,000;1,000;MESURE
2025-03-03 20:00:00+01:00;8282,000;1,000;MESURE
2025-03-03 21:00:00+01:00;8272,000;1,000;MESURE
2025-03-03 22:00:00+01:00;3088,000;1,000;MESURE
2025-03-03 23:00:00+01:00;2897,000;1,000;MESURE
2025-03-04 00:00:00+01:00;2842,000;1,000;MESURE
2025-03-04 01:00:00+01:00;2849,000;1,000;MESURE
2025-03-04 02:00:00+01:00;2848,000;1,000;MESURE
2025-03-04 03:00:00+01:00;2849,000;1,000;MESURE
2025-03-04 04:00:00+01:00;2850,000;1,000;MESURE
2025-03-04 05:00:00+01:00;8286,000;1,000;MESURE
2025-03-04 06:00:00+01:00;7238,000;1,000;MESURE
2025-03-04 07:00:00+01:00;0,000;1,000;MESURE
2025-03-04 08:00:00+01:00;0,000;1,000;MESURE
2025-03-04 09:00:00+01:00;0,000;1,000;MESURE
2025-03-04 10:00:00+01:00;0,000;1,000;MESURE
2025-03-04 11:00:00+01:00;0,000;1,000;MESURE
2025-03-04 12:00:00+01:00;0,000;1,000;MESURE
2025-03-04 13:00:00+01:00;0,000;1,000;MESURE
2025-03-04 14:00:00+01:00;0,000;1,000;MESURE
2025-03-04 15:00:00+01:00;0,000;1,000;MESURE
2025-03-04 16:00:00+01:00;0,000;1,000;MESURE
2025-03-04 17:00:00+01:00;0,000;1,000;MESURE
2025-03-04 18:00:00+01:00;2487,000;1,000;MESURE
2025-03-04 19:00:00+01:00;8307,000;1,000;MESURE
2025-03-04 20:00:00+01:00;8271,000;1,000;MESURE
2025-03-04 21:00:00+01:00;8261,000;1,000;MESURE
2025-03-04 22:00:00+01:00;3086,000;1,000;MESURE
2025-03-04 23:00:00+01:00;2889,000;1,000;MESURE
2025-03-05 00:00:00+01:00;2836,000;1,000;MESURE
2025-03-05 01:00:00+01:00;2842,000;1,000;MESURE
2025-03-05 02:00:00+01:00;2847,000;1,000;MESURE
2025-03-05 03:00:00+01:00;2849,000;1,000;MESURE
2025-03-05 04:00:00+01:00;2846,000;1,000;MESURE
2025-03-05 05:00:00+01:00;8281,000;1,000;MESURE
2025-03-05 06:00:00+01:00;6935,000;1,000;MESURE
2025-03-05 07:00:00+01:00;0,000;1,000;MESURE
2025-03-05 08:00:00+01:00;0,000;1,000;MESURE
2025-03-05 09:00:00+01:00;0,000;1,000;MESURE
2025-03-05 10:00:00+01:00;0,000;1,000;MESURE
2025-03-05 11:00:00+01:00;0,000;1,000;MESURE
2025-03-05 12:00:00+01:00;0,000;1,000;MESURE
2025-03-05 13:00:00+01:00;0,000;1,000;MESURE
2025-03-05 14:00:00+01:00;0,000;1,000;MESURE
2025-03-05 15:00:00+01:00;0,000;1,000;MESURE
2025-03-05 16:00:00+01:00;0,000;1,000;MESURE
2025-03-05 17:00:00+01:00;0,000;1,000;MESURE
2025-03-05 18:00:00+01:00;2214,000;1,000;MESURE
2025-03-05 19:00:00+01:00;8306,000;1,000;MESURE
2025-03-05 20:00:00+01:00;8269,000;1,000;MESURE
2025-03-05 21:00:00+01:00;8264,000;1,000;MESURE
2025-03-05 22:00:00+01:00;3106,000;1,000;MESURE
2025-03-05 23:00:00+01:00;2899,000;1,000;MESURE
2025-03-06 00:00:00+01:00;2845,000;1,000;MESURE
2025-03-06 01:00:00+01:00;2842,000;1,000;MESURE
2025-03-06 02:00:00+01:00;2848,000;1,000;MESURE
2025-03-06 03:00:00+01:00;2855,000;1,000;MESURE
2025-03-06 04:00:00+01:00;2855,000;1,000;MESURE
2025-03-06 05:00:00+01:00;8289,000;1,000;MESURE
2025-03-06 06:00:00+01:00;6682,000;1,000;MESURE
2025-03-06 07:00:00+01:00;0,000;1,000;MESURE
2025-03-06 08:00:00+01:00;0,000;1,000;MESURE
2025-03-06 09:00:00+01:00;0,000;1,000;MESURE
2025-03-06 10:00:00+01:00;0,000;1,000;MESURE
2025-03-06 11:00:00+01:00;0,000;1,000;MESURE
2025-03-06 12:00:00+01:00;0,000;1,000;MESURE
2025-03-06 13:00:00+01:00;0,000;1,000;MESURE
2025-03-06 14:00:00+01:00;0,000;1,000;MESURE
2025-03-06 15:00:00+01:00;0,000;1,000;MESURE
2025-03-06 16:00:00+01:00;0,000;1,000;MESURE
2025-03-06 17:00:00+01:00;0,000;1,000;MESURE
2025-03-06 18:00:00+01:00;2080,000;1,000;MESURE
2025-03-06 19:00:00+01:00;8311,000;1,000;MESURE
2025-03-06 20:00:00+01:00;8252,000;1,000;MESURE
2025-03-06 21:00:00+01:00;8251,000;1,000;MESURE
2025-03-06 22:00:00+01:00;3103,000;1,000;MESURE
2025-03-06 23:00:00+01:00;2891,000;1,000;MESURE
2025-03-07 00:00:00+01:00;2828,000;1,000;MESURE
2025-03-07 01:00:00+01:00;2835,000;1,000;MESURE
2025-03-07 02:00:00+01:00;2837,000;1,000;MESURE
2025-03-07 03:00:00+01:00;2838,000;1,000;MESURE
2025-03-07 04:00:00+01:00;2840,000;1,000;MESURE
2025-03-07 05:00:00+01:00;2841,000;1,000;MESURE
2025-03-07 06:00:00+01:00;2232,000;1,000;MESURE
2025-03-07 07:00:00+01:00;0,000;1,000;MESURE
2025-03-07 08:00:00+01:00;0,000;1,000;MESURE
2025-03-07 09:00:00+01:00;0,000;1,000;MESURE
2025-03-07 10:00:00+01:00;0,000;1,000;MESURE
2025-03-07 11:00:00+01:00;0,000;1,000;MESURE
2025-03-07 12:00:00+01:00;0,000;1,000;MESURE
2025-03-07 13:00:00+01:00;0,000;1,000;MESURE
2025-03-07 14:00:00+01:00;0,000;1,000;MESURE
2025-03-07 15:00:00+01:00;0,000;1,000;MESURE
2025-03-07 16:00:00+01:00;0,000;1,000;MESURE
2025-03-07 17:00:00+01:00;0,000;1,000;MESURE
2025-03-07 18:00:00+01:00;1802,000;1,000;MESURE
2025-03-07 19:00:00+01:00;8305,000;1,000;MESURE
2025-03-07 20:00:00+01:00;8261,000;1,000;MESURE
2025-03-07 21:00:00+01:00;8255,000;1,000;MESURE
2025-03-07 22:00:00+01:00;6143,000;1,000;MESURE
2025-03-07 23:00:00+01:00;6110,000;1,000;MESURE
2025-03-08 00:00:00+01:00;6113,000;1,000;MESURE
2025-03-08 01:00:00+01:00;6114,000;1,000;MESURE
2025-03-08 02:00:00+01:00;6112,000;1,000;MESURE
2025-03-08 03:00:00+01:00;6117,000;1,000;MESURE
2025-03-08 04:00:00+01:00;6115,000;1,000;MESURE
2025-03-08 05:00:00+01:00;6120,000;1,000;MESURE
2025-03-08 06:00:00+01:00;4598,000;1,000;MESURE
2025-03-08 07:00:00+01:00;0,000;1,000;MESURE
2025-03-08 08:00:00+01:00;0,000;1,000;MESURE
2025-03-08 09:00:00+01:00;0,000;1,000;MESURE
2025-03-08 10:00:00+01:00;0,000;1,000;MESURE
2025-03-08 11:00:00+01:00;0,000;1,000;MESURE
2025-03-08 12:00:00+01:00;0,000;1,000;MESURE
2025-03-08 13:00:00+01:00;0,000;1,000;MESURE
2025-03-08 14:00:00+01:00;0,000;1,000;MESURE
2025-03-08 15:00:00+01:00;0,000;1,000;MESURE
2025-03-08 16:00:00+01:00;0,000;1,000;MESURE
2025-03-08 17:00:00+01:00;0,000;1,000;MESURE
2025-03-08 18:00:00+01:00;1653,000;1,000;MESURE
2025-03-08 19:00:00+01:00;8300,000;1,000;MESURE
2025-03-08 20:00:00+01:00;8255,000;1,000;MESURE
2025-03-08 21:00:00+01:00;8245,000;1,000;MESURE
2025-03-08 22:00:00+01:00;3095,000;1,000;MESURE
2025-03-08 23:00:00+01:00;2884,000;1,000;MESURE
2025-03-09 00:00:00+01:00;2831,000;1,000;MESURE
2025-03-09 01:00:00+01:00;2839,000;1,000;MESURE
2025-03-09 02:00:00+01:00;2842,000;1,000;MESURE
2025-03-09 03:00:00+01:00;2848,000;1,000;MESURE
2025-03-09 04:00:00+01:00;2848,000;1,000;MESURE
2025-03-09 05:00:00+01:00;8249,000;1,000;MESURE
2025-03-09 06:00:00+01:00;5941,000;1,000;MESURE
2025-03-09 07:00:00+01:00;0,000;1,000;MESURE
2025-03-09 08:00:00+01:00;0,000;1,000;MESURE
2025-03-09 09:00:00+01:00;0,000;1,000;MESURE
2025-03-09 10:00:00+01:00;0,000;1,000;MESURE
2025-03-09 11:00:00+01:00;0,000;1,000;MESURE
2025-03-09 12:00:00+01:00;0,000;1,000;MESURE
2025-03-09 13:00:00+01:00;0,000;1,000;MESURE
2025-03-09 14:00:00+01:00;0,000;1,000;MESURE
2025-03-09 15:00:00+01:00;0,000;1,000;MESURE
2025-03-09 16:00:00+01:00;0,000;1,000;MESURE
2025-03-09 17:00:00+01:00;0,000;1,000;MESURE
2025-03-09 18:00:00+01:00;1508,000;1,000;MESURE
2025-03-09 19:00:00+01:00;8291,000;1,000;MESURE
2025-03-09 20:00:00+01:00;8238,000;1,000;MESURE
2025-03-09 21:00:00+01:00;8222,000;1,000;MESURE
2025-03-09 22:00:00+01:00;3061,000;1,000;MESURE
2025-03-09 23:00:00+01:00;2862,000;1,000;MESURE
2025-03-10 00:00:00+01:00;2808,000;1,000;MESURE
2025-03-10 01:00:00+01:00;2816,000;1,000;MESURE
2025-03-10 02:00:00+01:00;2822,000;1,000;MESURE
2025-03-10 03:00:00+01:00;2826,000;1,000;MESURE
2025-03-10 04:00:00+01:00;2831,000;1,000;MESURE
2025-03-10 05:00:00+01:00;8243,000;1,000;MESURE
2025-03-10 06:00:00+01:00;5689,000;1,000;MESURE
2025-03-10 07:00:00+01:00;0,000;1,000;MESURE
2025-03-10 08:00:00+01:00;0,000;1,000;MESURE
2025-03-10 09:00:00+01:00;0,000;1,000;MESURE
2025-03-10 10:00:00+01:00;0,000;1,000;MESURE
2025-03-10 11:00:00+01:00;0,000;1,000;MESURE
2025-03-10 12:00:00+01:00;0,000;1,000;MESURE
2025-03-10 13:00:00+01:00;0,000;1,000;MESURE
2025-03-10 14:00:00+01:00;0,000;1,000;MESURE
2025-03-10 15:00:00+01:00;0,000;1,000;MESURE
2025-03-10 16:00:00+01:00;0,000;1,000;MESURE
2025-03-10 17:00:00+01:00;0,000;1,000;MESURE
2025-03-10 18:00:00+01:00;1233,000;1,000;MESURE
2025-03-10 19:00:00+01:00;8308,000;1,000;MESURE
2025-03-10 20:00:00+01:00;8252,000;1,000;MESURE
2025-03-10 21:00:00+01:00;8249,000;1,000;MESURE
2025-03-10 22:00:00+01:00;3068,000;1,000;MESURE
2025-03-10 23:00:00+01:00;2878,000;1,000;MESURE
2025-03-11 00:00:00+01:00;2813,000;1,000;MESURE
2025-03-11 01:00:00+01:00;2817,000;1,000;MESURE
2025-03-11 02:00:00+01:00;2819,000;1,000;MESURE
2025-03-11 03:00:00+01:00;2821,000;1,000;MESURE
2025-03-11 04:00:00+01:00;2821,000;1,000;MESURE
2025-03-11 05:00:00+01:00;8235,000;1,000;MESURE
2025-03-11 06:00:00+01:00;5394,000;1,000;MESURE
2025-03-11 07:00:00+01:00;0,000;1,000;MESURE
2025-03-11 08:00:00+01:00;0,000;1,000;MESURE
2025-03-11 09:00:00+01:00;0,000;1,000;MESURE
2025-03-11 10:00:00+01:00;0,000;1,000;MESURE
2025-03-11 11:00:00+01:00;0,000;1,000;MESURE
2025-03-11 12:00:00+01:00;0,000;1,000;MESURE
2025-03-11 13:00:00+01:00;0,000;1,000;MESURE
2025-03-11 14:00:00+01:00;0,000;1,000;MESURE
2025-03-11 15:00:00+01:00;0,000;1,000;MESURE
2025-03-11 16:00:00+01:00;0,000;1,000;MESURE
2025-03-11 17:00:00+01:00;0,000;1,000;MESURE
2025-03-11 18:00:00+01:00;1093,000;1,000;MESURE
2025-03-11 19:00:00+01:00;8332,000;1,000;MESURE
2025-03-11 20:00:00+01:00;8268,000;1,000;MESURE
2025-03-11 21:00:00+01:00;8247,000;1,000;MESURE
2025-03-11 22:00:00+01:00;3081,000;1,000;MESURE
2025-03-11 23:00:00+01:00;2881,000;1,000;MESURE
2025-03-12 00:00:00+01:00;2826,000;1,000;MESURE
2025-03-12 01:00:00+01:00;2832,000;1,000;MESURE
2025-03-12 02:00:00+01:00;2832,000;1,000;MESURE
2025-03-12 03:00:00+01:00;2825,000;1,000;MESURE
2025-03-12 04:00:00+01:00;2831,000;1,000;MESURE
2025-03-12 05:00:00+01:00;8258,000;1,000;MESURE
2025-03-12 06:00:00+01:00;5132,000;1,000;MESURE
2025-03-12 07:00:00+01:00;0,000;1,000;MESURE
2025-03-12 08:00:00+01:00;0,000;1,000;MESURE
2025-03-12 09:00:00+01:00;0,000;1,000;MESURE
2025-03-12 10:00:00+01:00;0,000;1,000;MESURE
2025-03-12 11:00:00+01:00;0,000;1,000;MESURE
2025-03-12 12:00:00+01:00;0,000;1,000;MESURE
2025-03-12 13:00:00+01:00;0,000;1,000;MESURE
2025-03-12 14:00:00+01:00;0,000;1,000;MESURE
2025-03-12 15:00:00+01:00;0,000;1,000;MESURE
2025-03-12 16:00:00+01:00;0,000;1,000;MESURE
2025-03-12 17:00:00+01:00;0,000;1,000;MESURE
2025-03-12 18:00:00+01:00;817,000;1,000;MESURE
2025-03-12 19:00:00+01:00;8349,000;1,000;MESURE
2025-03-12 20:00:00+01:00;8279,000;1,000;MESURE
2025-03-12 21:00:00+01:00;8264,000;1,000;MESURE
2025-03-12 22:00:00+01:00;3103,000;1,000;MESURE
2025-03-12 23:00:00+01:00;2880,000;1,000;MESURE
2025-03-13 00:00:00+01:00;2825,000;1,000;MESURE
2025-03-13 01:00:00+01:00;2827,000;1,000;MESURE
2025-03-13 02:00:00+01:00;2826,000;1,000;MESURE
2025-03-13 03:00:00+01:00;2828,000;1,000;MESURE
2025-03-13 04:00:00+01:00;2831,000;1,000;MESURE
2025-03-13 05:00:00+01:00;8269,000;1,000;MESURE
2025-03-13 06:00:00+01:00;4850,000;1,000;MESURE
2025-03-13 07:00:00+01:00;0,000;1,000;MESURE
2025-03-13 08:00:00+01:00;0,000;1,000;MESURE
2025-03-13 09:00:00+01:00;0,000;1,000;MESURE
2025-03-13 10:00:00+01:00;0,000;1,000;MESURE
2025-03-13 11:00:00+01:00;0,000;1,000;MESURE
2025-03-13 12:00:00+01:00;0,000;1,000;MESURE
2025-03-13 13:00:00+01:00;0,000;1,000;MESURE
2025-03-13 14:00:00+01:00;0,000;1,000;MESURE
2025-03-13 15:00:00+01:00;0,000;1,000;MESURE
2025-03-13 16:00:00+01:00;0,000;0,833;MESURE_PARTIELLE
2025-03-13 17:00:00+01:00;0,000;0,833;MESURE_PARTIELLE
2025-03-13 18:00:00+01:00;666,000;1,000;MESURE
2025-03-13 19:00:00+01:00;8379,000;1,000;MESURE
2025-03-13 20:00:00+01:00;8309,000;1,000;MESURE
2025-03-13 21:00:00+01:00;8285,000;1,000;MESURE
2025-03-13 22:00:00+01:00;3127,000;1,000;MESURE
2025-03-13 23:00:00+01:00;2884,000;1,000;MESURE
2025-03-14 00:00:00+01:00;2831,000;1,000;MESURE
2025-03-14 01:00:00+01:00;2829,000;1,000;MESURE
2025-03-14 02:00:00+01:00;2830,000;1,000;MESURE
2025-03-14 03:00:00+01:00;2831,000;1,000;MESURE
2025-03-14 04:00:00+01:00;2834,000;1,000;MESURE
2025-03-14 05:00:00+01:00;8261,000;1,000;MESURE
2025-03-14 06:00:00+01:00;4577,000;1,000;MESURE
2025-03-14 07:00:00+01:00;0,000;1,000;MESURE
2025-03-14 08:00:00+01:00;0,000;1,000;MESURE
2025-03-14 09:00:00+01:00;0,000;1,000;MESURE
2025-03-14 10:00:00+01:00;0,000;1,000;MESURE
2025-03-14 11:00:00+01:00;0,000;1,000;MESURE
2025-03-14 12:00:00+01:00;0,000;1,000;MESURE
2025-03-14 13:00:00+01:00;0,000;1,000;MESURE
2025-03-14 14:00:00+01:00;0,000;1,000;MESURE
2025-03-14 15:00:00+01:00;0,000;1,000;MESURE
2025-03-14 16:00:00+01:00;0,000;1,000;MESURE
2025-03-14 17:00:00+01:00;0,000;1,000;MESURE
2025-03-14 18:00:00+01:00;547,000;1,000;MESURE
2025-03-14 19:00:00+01:00;8426,000;1,000;MESURE
2025-03-14 20:00:00+01:00;8366,000;1,000;MESURE
2025-03-14 21:00:00+01:00;8349,000;1,000;MESURE
2025-03-14 22:00:00+01:00;3117,000;1,000;MESURE
2025-03-14 23:00:00+01:00;2911,000;1,000;MESURE
2025-03-15 00:00:00+01:00;2856,000;1,000;MESURE
2025-03-15 01:00:00+01:00;2859,000;1,000;MESURE
2025-03-15 02:00:00+01:00;2860,000;1,000;MESURE
2025-03-15 03:00:00+01:00;2857,000;1,000;MESURE
2025-03-15 04:00:00+01:00;2851,000;1,000;MESURE
2025-03-15 05:00:00+01:00;8285,000;1,000;MESURE
2025-03-15 06:00:00+01:00;4322,000;1,000;MESURE
2025-03-15 07:00:00+01:00;0,000;1,000;MESURE
2025-03-15 08:00:00+01:00;0,000;1,000;MESURE
2025-03-15 09:00:00+01:00;0,000;1,000;MESURE
2025-03-15 10:00:00+01:00;0,000;1,000;MESURE
2025-03-15 11:00:00+01:00;0,000;1,000;MESURE
2025-03-15 12:00:00+01:00;0,000;1,000;MESURE
2025-03-15 13:00:00+01:00;0,000;1,000;MESURE
2025-03-15 14:00:00+01:00;0,000;1,000;MESURE
2025-03-15 15:00:00+01:00;0,000;1,000;MESURE
2025-03-15 16:00:00+01:00;0,000;1,000;MESURE
2025-03-15 17:00:00+01:00;0,000;1,000;MESURE
2025-03-15 18:00:00+01:00;259,000;1,000;MESURE
2025-03-15 19:00:00+01:00;8438,000;1,000;MESURE
2025-03-15 20:00:00+01:00;8367,000;1,000;MESURE
2025-03-15 21:00:00+01:00;8353,000;1,000;MESURE
2025-03-15 22:00:00+01:00;3116,000;1,000;MESURE
2025-03-15 23:00:00+01:00;2907,000;1,000;MESURE
2025-03-16 00:00:00+01:00;2849,000;1,000;MESURE
2025-03-16 01:00:00+01:00;2853,000;1,000;MESURE
2025-03-16 02:00:00+01:00;2857,000;1,000;MESURE
2025-03-16 03:00:00+01:00;2856,000;1,000;MESURE
2025-03-16 04:00:00+01:00;2853,000;1,000;MESURE
2025-03-16 05:00:00+01:00;8289,000;1,000;MESURE
2025-03-16 06:00:00+01:00;4038,000;1,000;MESURE
2025-03-16 07:00:00+01:00;0,000;1,000;MESURE
2025-03-16 08:00:00+01:00;0,000;1,000;MESURE
2025-03-16 09:00:00+01:00;0,000;1,000;MESURE
2025-03-16 10:00:00+01:00;0,000;1,000;MESURE
2025-03-16 11:00:00+01:00;0,000;1,000;MESURE
2025-03-16 12:00:00+01:00;0,000;1,000;MESURE
2025-03-16 13:00:00+01:00;0,000;1,000;MESURE
2025-03-16 14:00:00+01:00;0,000;1,000;MESURE
2025-03-16 15:00:00+01:00;0,000;1,000;MESURE
2025-03-16 16:00:00+01:00;0,000;1,000;MESURE
2025-03-16 17:00:00+01:00;0,000;1,000;MESURE
2025-03-16 18:00:00+01:00;96,000;1,000;MESURE
2025-03-16 19:00:00+01:00;8374,000;1,000;MESURE
2025-03-16 20:00:00+01:00;8293,000;1,000;MESURE
2025-03-16 21:00:00+01:00;8278,000;1,000;MESURE
2025-03-16 22:00:00+01:00;3116,000;1,000;MESURE
2025-03-16 23:00:00+01:00;2897,000;1,000;MESURE
2025-03-17 00:00:00+01:00;2841,000;1,000;MESURE
2025-03-17 01:00:00+01:00;2839,000;1,000;MESURE
2025-03-17 02:00:00+01:00;2839,000;1,000;MESURE
2025-03-17 03:00:00+01:00;2841,000;1,000;MESURE
2025-03-17 04:00:00+01:00;2841,000;1,000;MESURE
2025-03-17 05:00:00+01:00;8282,000;1,000;MESURE
2025-03-17 06:00:00+01:00;3784,000;1,000;MESURE
2025-03-17 07:00:00+01:00;0,000;1,000;MESURE
2025-03-17 08:00:00+01:00;0,000;1,000;MESURE
2025-03-17 09:00:00+01:00;0,000;1,000;MESURE
2025-03-17 10:00:00+01:00;0,000;1,000;MESURE
2025-03-17 11:00:00+01:00;0,000;1,000;MESURE
2025-03-17 12:00:00+01:00;0,000;1,000;MESURE
2025-03-17 13:00:00+01:00;0,000;1,000;MESURE
2025-03-17 14:00:00+01:00;0,000;1,000;MESURE
2025-03-17 15:00:00+01:00;0,000;1,000;MESURE
2025-03-17 16:00:00+01:00;0,000;1,000;MESURE
2025-03-17 17:00:00+01:00;0,000;1,000;MESURE
2025-03-17 18:00:00+01:00;0,000;1,000;MESURE
2025-03-17 19:00:00+01:00;8375,000;1,000;MESURE
2025-03-17 20:00:00+01:00;8334,000;1,000;MESURE
2025-03-17 21:00:00+01:00;8315,000;1,000;MESURE
2025-03-17 22:00:00+01:00;3094,000;1,000;MESURE
2025-03-17 23:00:00+01:00;2897,000;1,000;MESURE
2025-03-18 00:00:00+01:00;2845,000;1,000;MESURE
2025-03-18 01:00:00+01:00;2844,000;1,000;MESURE
2025-03-18 02:00:00+01:00;2847,000;1,000;MESURE
2025-03-18 03:00:00+01:00;2848,000;1,000;MESURE
2025-03-18 04:00:00+01:00;2851,000;1,000;MESURE
2025-03-18 05:00:00+01:00;8289,000;1,000;MESURE
2025-03-18 06:00:00+01:00;3498,000;1,000;MESURE
2025-03-18 07:00:00+01:00;0,000;1,000;MESURE
2025-03-18 08:00:00+01:00;0,000;1,000;MESURE
2025-03-18 09:00:00+01:00;0,000;1,000;MESURE
2025-03-18 10:00:00+01:00;0,000;1,000;MESURE
2025-03-18 11:00:00+01:00;0,000;1,000;MESURE
2025-03-18 12:00:00+01:00;0,000;1,000;MESURE
2025-03-18 13:00:00+01:00;0,000;1,000;MESURE
2025-03-18 14:00:00+01:00;0,000;1,000;MESURE
2025-03-18 15:00:00+01:00;0,000;1,000;MESURE
2025-03-18 16:00:00+01:00;0,000;1,000;MESURE
2025-03-18 17:00:00+01:00;0,000;1,000;MESURE
2025-03-18 18:00:00+01:00;0,000;1,000;MESURE
2025-03-18 19:00:00+01:00;8062,000;1,000;MESURE
2025-03-18 20:00:00+01:00;8290,000;1,000;MESURE
2025-03-18 21:00:00+01:00;8278,000;1,000;MESURE
2025-03-18 22:00:00+01:00;3087,000;1,000;MESURE
2025-03-18 23:00:00+01:00;2895,000;1,000;MESURE
2025-03-19 00:00:00+01:00;2842,000;1,000;MESURE
2025-03-19 01:00:00+01:00;2845,000;1,000;MESURE
2025-03-19 02:00:00+01:00;2846,000;1,000;MESURE
2025-03-19 03:00:00+01:00;2852,000;1,000;MESURE
2025-03-19 04:00:00+01:00;2845,000;1,000;MESURE
2025-03-19 05:00:00+01:00;4793,000;1,000;MESURE
2025-03-19 06:00:00+01:00;388,000;1,000;MESURE
2025-03-19 07:00:00+01:00;0,000;1,000;MESURE
2025-03-19 08:00:00+01:00;0,000;1,000;MESURE
2025-03-19 09:00:00+01:00;0,000;1,000;MESURE
2025-03-19 10:00:00+01:00;0,000;1,000;MESURE
2025-03-19 11:00:00+01:00;0,000;1,000;MESURE
2025-03-19 12:00:00+01:00;0,000;1,000;MESURE
2025-03-19 13:00:00+01:00;0,000;1,000;MESURE
2025-03-19 14:00:00+01:00;0,000;1,000;MESURE
2025-03-19 15:00:00+01:00;0,000;1,000;MESURE
2025-03-19 16:00:00+01:00;0,000;1,000;MESURE
2025-03-19 17:00:00+01:00;0,000;1,000;MESURE
2025-03-19 18:00:00+01:00;0,000;1,000;MESURE
2025-03-19 19:00:00+01:00;914,000;1,000;MESURE
2025-03-19 20:00:00+01:00;959,000;1,000;MESURE
2025-03-19 21:00:00+01:00;958,000;1,000;MESURE
2025-03-19 22:00:00+01:00;389,000;1,000;MESURE
2025-03-19 23:00:00+01:00;385,000;1,000;MESURE
2025-03-20 00:00:00+01:00;385,000;1,000;MESURE
2025-03-20 01:00:00+01:00;387,000;1,000;MESURE
2025-03-20 02:00:00+01:00;386,000;1,000;MESURE
2025-03-20 03:00:00+01:00;387,000;1,000;MESURE
2025-03-20 04:00:00+01:00;387,000;1,000;MESURE
2025-03-20 05:00:00+01:00;961,000;1,000;MESURE
2025-03-20 06:00:00+01:00;356,000;1,000;MESURE
2025-03-20 07:00:00+01:00;0,000;1,000;MESURE
2025-03-20 08:00:00+01:00;0,000;1,000;MESURE
2025-03-20 09:00:00+01:00;0,000;1,000;MESURE
2025-03-20 10:00:00+01:00;0,000;1,000;MESURE
2025-03-20 11:00:00+01:00;46,000;1,000;MESURE
2025-03-20 12:00:00+01:00;0,000;1,000;MESURE
2025-03-20 13:00:00+01:00;0,000;1,000;MESURE
2025-03-20 14:00:00+01:00;0,000;1,000;MESURE
2025-03-20 15:00:00+01:00;0,000;1,000;MESURE
2025-03-20 16:00:00+01:00;0,000;1,000;MESURE
2025-03-20 17:00:00+01:00;0,000;1,000;MESURE
2025-03-20 18:00:00+01:00;0,000;1,000;MESURE
2025-03-20 19:00:00+01:00;7747,000;1,000;MESURE
2025-03-20 20:00:00+01:00;8250,000;1,000;MESURE
2025-03-20 21:00:00+01:00;8246,000;1,000;MESURE
2025-03-20 22:00:00+01:00;3064,000;1,000;MESURE
2025-03-20 23:00:00+01:00;2875,000;1,000;MESURE
2025-03-21 00:00:00+01:00;2814,000;1,000;MESURE
2025-03-21 01:00:00+01:00;2818,000;1,000;MESURE
2025-03-21 02:00:00+01:00;2819,000;1,000;MESURE
2025-03-21 03:00:00+01:00;2829,000;1,000;MESURE
2025-03-21 04:00:00+01:00;2828,000;1,000;MESURE
2025-03-21 05:00:00+01:00;8234,000;1,000;MESURE
2025-03-21 06:00:00+01:00;2785,000;1,000;MESURE
2025-03-21 07:00:00+01:00;0,000;1,000;MESURE
2025-03-21 08:00:00+01:00;0,000;1,000;MESURE
2025-03-21 09:00:00+01:00;0,000;1,000;MESURE
2025-03-21 10:00:00+01:00;0,000;1,000;MESURE
2025-03-21 11:00:00+01:00;0,000;1,000;MESURE
2025-03-21 12:00:00+01:00;0,000;1,000;MESURE
2025-03-21 13:00:00+01:00;0,000;1,000;MESURE
2025-03-21 14:00:00+01:00;0,000;1,000;MESURE
2025-03-21 15:00:00+01:00;0,000;1,000;MESURE
2025-03-21 16:00:00+01:00;0,000;1,000;MESURE
2025-03-21 17:00:00+01:00;0,000;1,000;MESURE
2025-03-21 18:00:00+01:00;0,000;1,000;MESURE
2025-03-21 19:00:00+01:00;7456,000;1,000;MESURE
2025-03-21 20:00:00+01:00;8248,000;1,000;MESURE
2025-03-21 21:00:00+01:00;8233,000;1,000;MESURE
2025-03-21 22:00:00+01:00;3059,000;1,000;MESURE
2025-03-21 23:00:00+01:00;2860,000;1,000;MESURE
2025-03-22 00:00:00+01:00;2808,000;1,000;MESURE
2025-03-22 01:00:00+01:00;962,000;1,000;MESURE
2025-03-22 02:00:00+01:00;385,000;1,000;MESURE
2025-03-22 03:00:00+01:00;385,000;1,000;MESURE
2025-03-22 04:00:00+01:00;385,000;1,000;MESURE
2025-03-22 05:00:00+01:00;956,000;1,000;MESURE
2025-03-22 06:00:00+01:00;291,000;1,000;MESURE
2025-03-22 07:00:00+01:00;0,000;1,000;MESURE
2025-03-22 08:00:00+01:00;0,000;1,000;MESURE
2025-03-22 09:00:00+01:00;0,000;1,000;MESURE
2025-03-22 10:00:00+01:00;0,000;1,000;MESURE
2025-03-22 11:00:00+01:00;0,000;1,000;MESURE
2025-03-22 12:00:00+01:00;0,000;1,000;MESURE
2025-03-22 13:00:00+01:00;0,000;1,000;MESURE
2025-03-22 14:00:00+01:00;0,000;1,000;MESURE
2025-03-22 15:00:00+01:00;0,000;1,000;MESURE
2025-03-22 16:00:00+01:00;0,000;1,000;MESURE
2025-03-22 17:00:00+01:00;0,000;1,000;MESURE
2025-03-22 18:00:00+01:00;0,000;1,000;MESURE
2025-03-22 19:00:00+01:00;849,000;1,000;MESURE
2025-03-22 20:00:00+01:00;959,000;1,000;MESURE
2025-03-22 21:00:00+01:00;958,000;1,000;MESURE
2025-03-22 22:00:00+01:00;390,000;1,000;MESURE
2025-03-22 23:00:00+01:00;384,000;1,000;MESURE
2025-03-23 00:00:00+01:00;386,000;1,000;MESURE
2025-03-23 01:00:00+01:00;386,000;1,000;MESURE
2025-03-23 02:00:00+01:00;387,000;1,000;MESURE
2025-03-23 03:00:00+01:00;386,000;1,000;MESURE
2025-03-23 04:00:00+01:00;387,000;1,000;MESURE
2025-03-23 05:00:00+01:00;960,000;1,000;MESURE
2025-03-23 06:00:00+01:00;256,000;1,000;MESURE
2025-03-23 07:00:00+01:00;0,000;1,000;MESURE
2025-03-23 08:00:00+01:00;0,000;1,000;MESURE
2025-03-23 09:00:00+01:00;0,000;1,000;MESURE
2025-03-23 10:00:00+01:00;0,000;1,000;MESURE
2025-03-23 11:00:00+01:00;0,000;1,000;MESURE
2025-03-23 12:00:00+01:00;0,000;1,000;MESURE
2025-03-23 13:00:00+01:00;0,000;1,000;MESURE
2025-03-23 14:00:00+01:00;0,000;1,000;MESURE
2025-03-23 15:00:00+01:00;0,000;1,000;MESURE
2025-03-23 16:00:00+01:00;0,000;1,000;MESURE
2025-03-23 17:00:00+01:00;0,000;1,000;MESURE
2025-03-23 18:00:00+01:00;0,000;1,000;MESURE
2025-03-23 19:00:00+01:00;818,000;1,000;MESURE
2025-03-23 20:00:00+01:00;960,000;1,000;MESURE
2025-03-23 21:00:00+01:00;958,000;1,000;MESURE
2025-03-23 22:00:00+01:00;389,000;1,000;MESURE
2025-03-23 23:00:00+01:00;385,000;1,000;MESURE
2025-03-24 00:00:00+01:00;385,000;1,000;MESURE
2025-03-24 01:00:00+01:00;386,000;1,000;MESURE
2025-03-24 02:00:00+01:00;385,000;1,000;MESURE
2025-03-24 03:00:00+01:00;387,000;1,000;MESURE
2025-03-24 04:00:00+01:00;386,000;1,000;MESURE
2025-03-24 05:00:00+01:00;957,000;1,000;MESURE
2025-03-24 06:00:00+01:00;227,000;1,000;MESURE
2025-03-24 07:00:00+01:00;0,000;1,000;MESURE
2025-03-24 08:00:00+01:00;0,000;1,000;MESURE
2025-03-24 09:00:00+01:00;0,000;1,000;MESURE
2025-03-24 10:00:00+01:00;0,000;1,000;MESURE
2025-03-24 11:00:00+01:00;44,000;1,000;MESURE
2025-03-24 12:00:00+01:00;0,000;1,000;MESURE
2025-03-24 13:00:00+01:00;0,000;1,000;MESURE
2025-03-24 14:00:00+01:00;0,000;1,000;MESURE
2025-03-24 15:00:00+01:00;0,000;1,000;MESURE
2025-03-24 16:00:00+01:00;0,000;1,000;MESURE
2025-03-24 17:00:00+01:00;0,000;1,000;MESURE
2025-03-24 18:00:00+01:00;0,000;1,000;MESURE
2025-03-24 19:00:00+01:00;6909,000;1,000;MESURE
2025-03-24 20:00:00+01:00;8265,000;1,000;MESURE
2025-03-24 21:00:00+01:00;8241,000;1,000;MESURE
2025-03-24 22:00:00+01:00;3059,000;1,000;MESURE
2025-03-24 23:00:00+01:00;2874,000;1,000;MESURE
2025-03-25 00:00:00+01:00;2820,000;1,000;MESURE
2025-03-25 01:00:00+01:00;2823,000;1,000;MESURE
2025-03-25 02:00:00+01:00;2826,000;1,000;MESURE
2025-03-25 03:00:00+01:00;2830,000;1,000;MESURE
2025-03-25 04:00:00+01:00;2831,000;1,000;MESURE
2025-03-25 05:00:00+01:00;8255,000;1,000;MESURE
2025-03-25 06:00:00+01:00;1673,000;1,000;MESURE
2025-03-25 07:00:00+01:00;0,000;1,000;MESURE
2025-03-25 08:00:00+01:00;0,000;1,000;MESURE
2025-03-25 09:00:00+01:00;0,000;1,000;MESURE
2025-03-25 10:00:00+01:00;0,000;1,000;MESURE
2025-03-25 11:00:00+01:00;0,000;1,000;MESURE
2025-03-25 12:00:00+01:00;0,000;1,000;MESURE
2025-03-25 13:00:00+01:00;0,000;1,000;MESURE
2025-03-25 14:00:00+01:00;0,000;1,000;MESURE
2025-03-25 15:00:00+01:00;0,000;1,000;MESURE
2025-03-25 16:00:00+01:00;0,000;1,000;MESURE
2025-03-25 17:00:00+01:00;0,000;1,000;MESURE
2025-03-25 18:00:00+01:00;0,000;1,000;MESURE
2025-03-25 19:00:00+01:00;6787,000;1,000;MESURE
2025-03-25 20:00:00+01:00;8298,000;1,000;MESURE
2025-03-25 21:00:00+01:00;8280,000;1,000;MESURE
2025-03-25 22:00:00+01:00;3079,000;1,000;MESURE
2025-03-25 23:00:00+01:00;2875,000;1,000;MESURE
2025-03-26 00:00:00+01:00;2821,000;1,000;MESURE
2025-03-26 01:00:00+01:00;2822,000;1,000;MESURE
2025-03-26 02:00:00+01:00;2822,000;1,000;MESURE
2025-03-26 03:00:00+01:00;2823,000;1,000;MESURE
2025-03-26 04:00:00+01:00;2824,000;1,000;MESURE
2025-03-26 05:00:00+01:00;8239,000;1,000;MESURE
2025-03-26 06:00:00+01:00;1386,000;1,000;MESURE
2025-03-26 07:00:00+01:00;0,000;1,000;MESURE
2025-03-26 08:00:00+01:00;0,000;1,000;MESURE
2025-03-26 09:00:00+01:00;0,000;1,000;MESURE
2025-03-26 10:00:00+01:00;0,000;1,000;MESURE
2025-03-26 11:00:00+01:00;0,000;1,000;MESURE
2025-03-26 12:00:00+01:00;0,000;1,000;MESURE
2025-03-26 13:00:00+01:00;0,000;1,000;MESURE
2025-03-26 14:00:00+01:00;0,000;1,000;MESURE
2025-03-26 15:00:00+01:00;0,000;1,000;MESURE
2025-03-26 16:00:00+01:00;0,000;1,000;MESURE
2025-03-26 17:00:00+01:00;0,000;1,000;MESURE
2025-03-26 18:00:00+01:00;0,000;1,000;MESURE
2025-03-26 19:00:00+01:00;6529,000;1,000;MESURE
2025-03-26 20:00:00+01:00;8307,000;1,000;MESURE
2025-03-26 21:00:00+01:00;8294,000;1,000;MESURE
2025-03-26 22:00:00+01:00;3078,000;1,000;MESURE
2025-03-26 23:00:00+01:00;2884,000;1,000;MESURE
2025-03-27 00:00:00+01:00;2826,000;1,000;MESURE
2025-03-27 01:00:00+01:00;2833,000;1,000;MESURE
2025-03-27 02:00:00+01:00;2835,000;1,000;MESURE
2025-03-27 03:00:00+01:00;2832,000;1,000;MESURE
2025-03-27 04:00:00+01:00;2834,000;1,000;MESURE
2025-03-27 05:00:00+01:00;8252,000;1,000;MESURE
2025-03-27 06:00:00+01:00;1134,000;1,000;MESURE
2025-03-27 07:00:00+01:00;0,000;1,000;MESURE
2025-03-27 08:00:00+01:00;0,000;1,000;MESURE
2025-03-27 09:00:00+01:00;0,000;1,000;MESURE
2025-03-27 10:00:00+01:00;0,000;1,000;MESURE
2025-03-27 11:00:00+01:00;0,000;1,000;MESURE
2025-03-27 12:00:00+01:00;0,000;1,000;MESURE
2025-03-27 13:00:00+01:00;0,000;1,000;MESURE
2025-03-27 14:00:00+01:00;0,000;1,000;MESURE
2025-03-27 15:00:00+01:00;225,000;1,000;MESURE
2025-03-27 16:00:00+01:00;0,000;1,000;MESURE
2025-03-27 17:00:00+01:00;0,000;1,000;MESURE
2025-03-27 18:00:00+01:00;0,000;1,000;MESURE
2025-03-27 19:00:00+01:00;6615,000;1,000;MESURE
2025-03-27 20:00:00+01:00;8612,000;1,000;MESURE
2025-03-27 21:00:00+01:00;8591,000;1,000;MESURE
2025-03-27 22:00:00+01:00;3212,000;1,000;MESURE
2025-03-27 23:00:00+01:00;2998,000;1,000;MESURE
2025-03-28 00:00:00+01:00;2932,000;1,000;MESURE
2025-03-28 01:00:00+01:00;2938,000;1,000;MESURE
2025-03-28 02:00:00+01:00;2941,000;1,000;MESURE
2025-03-28 03:00:00+01:00;2945,000;1,000;MESURE
2025-03-28 04:00:00+01:00;2942,000;1,000;MESURE
2025-03-28 05:00:00+01:00;8539,000;1,000;MESURE
2025-03-28 06:00:00+01:00;881,000;1,000;MESURE
2025-03-28 07:00:00+01:00;0,000;1,000;MESURE
2025-03-28 08:00:00+01:00;0,000;1,000;MESURE
2025-03-28 09:00:00+01:00;0,000;1,000;MESURE
2025-03-28 10:00:00+01:00;0,000;1,000;MESURE
2025-03-28 11:00:00+01:00;0,000;1,000;MESURE
2025-03-28 12:00:00+01:00;0,000;1,000;MESURE
2025-03-28 13:00:00+01:00;0,000;1,000;MESURE
2025-03-28 14:00:00+01:00;520,000;1,000;MESURE
2025-03-28 15:00:00+01:00;0,000;1,000;MESURE
2025-03-28 16:00:00+01:00;0,000;1,000;MESURE
2025-03-28 17:00:00+01:00;0,000;1,000;MESURE
2025-03-28 18:00:00+01:00;0,000;1,000;MESURE
2025-03-28 19:00:00+01:00;6697,000;1,000;MESURE
2025-03-28 20:00:00+01:00;8864,000;1,000;MESURE
2025-03-28 21:00:00+01:00;8831,000;1,000;MESURE
2025-03-28 22:00:00+01:00;3417,000;1,000;MESURE
2025-03-28 23:00:00+01:00;3207,000;1,000;MESURE
2025-03-29 00:00:00+01:00;3145,000;1,000;MESURE
2025-03-29 01:00:00+01:00;3148,000;1,000;MESURE
2025-03-29 02:00:00+01:00;3150,000;1,000;MESURE
2025-03-29 03:00:00+01:00;3152,000;1,000;MESURE
2025-03-29 04:00:00+01:00;3154,000;1,000;MESURE
2025-03-29 05:00:00+01:00;8852,000;1,000;MESURE
2025-03-29 06:00:00+01:00;625,000;1,000;MESURE
2025-03-29 07:00:00+01:00;0,000;1,000;MESURE
2025-03-29 08:00:00+01:00;0,000;1,000;MESURE
2025-03-29 09:00:00+01:00;0,000;1,000;MESURE
2025-03-29 10:00:00+01:00;0,000;1,000;MESURE
2025-03-29 11:00:00+01:00;0,000;1,000;MESURE
2025-03-29 12:00:00+01:00;0,000;1,000;MESURE
2025-03-29 13:00:00+01:00;0,000;1,000;MESURE
2025-03-29 14:00:00+01:00;0,000;1,000;MESURE
2025-03-29 15:00:00+01:00;0,000;1,000;MESURE
2025-03-29 16:00:00+01:00;0,000;1,000;MESURE
2025-03-29 17:00:00+01:00;0,000;1,000;MESURE
2025-03-29 18:00:00+01:00;0,000;1,000;MESURE
2025-03-29 19:00:00+01:00;6413,000;1,000;MESURE
2025-03-29 20:00:00+01:00;8950,000;1,000;MESURE
2025-03-29 21:00:00+01:00;8919,000;1,000;MESURE
2025-03-29 22:00:00+01:00;3450,000;1,000;MESURE
2025-03-29 23:00:00+01:00;3220,000;1,000;MESURE
2025-03-30 00:00:00+01:00;3154,000;1,000;MESURE
2025-03-30 01:00:00+01:00;3156,000;1,000;MESURE
2025-03-30 03:00:00+02:00;3158,000;1,000;MESURE
2025-03-30 04:00:00+02:00;3161,000;1,000;MESURE
2025-03-30 05:00:00+02:00;8849,000;1,000;MESURE
2025-03-30 06:00:00+02:00;8886,000;1,000;MESURE
2025-03-30 07:00:00+02:00;314,000;1,000;MESURE
2025-03-30 08:00:00+02:00;0,000;1,000;MESURE
2025-03-30 09:00:00+02:00;0,000;1,000;MESURE
2025-03-30 10:00:00+02:00;0,000;1,000;MESURE
2025-03-30 11:00:00+02:00;0,000;1,000;MESURE
2025-03-30 12:00:00+02:00;0,000;1,000;MESURE
2025-03-30 13:00:00+02:00;0,000;1,000;MESURE
2025-03-30 14:00:00+02:00;0,000;1,000;MESURE
2025-03-30 15:00:00+02:00;0,000;1,000;MESURE
2025-03-30 16:00:00+02:00;0,000;1,000;MESURE
2025-03-30 17:00:00+02:00;0,000;1,000;MESURE
2025-03-30 18:00:00+02:00;0,000;1,000;MESURE
2025-03-30 19:00:00+02:00;0,000;1,000;MESURE
2025-03-30 20:00:00+02:00;6263,000;1,000;MESURE
2025-03-30 21:00:00+02:00;8877,000;1,000;MESURE
2025-03-30 22:00:00+02:00;3434,000;1,000;MESURE
2025-03-30 23:00:00+02:00;3214,000;1,000;MESURE
2025-03-31 00:00:00+02:00;3148,000;1,000;MESURE
2025-03-31 01:00:00+02:00;3151,000;1,000;MESURE
2025-03-31 02:00:00+02:00;3155,000;1,000;MESURE
2025-03-31 03:00:00+02:00;3157,000;1,000;MESURE
2025-03-31 04:00:00+02:00;3158,000;1,000;MESURE
2025-03-31 05:00:00+02:00;8827,000;1,000;MESURE
2025-03-31 06:00:00+02:00;8869,000;1,000;MESURE
2025-03-31 07:00:00+02:00;26,000;1,000;MESURE
2025-03-31 08:00:00+02:00;0,000;1,000;MESURE
2025-03-31 09:00:00+02:00;0,000;1,000;MESURE
2025-03-31 10:00:00+02:00;0,000;1,000;MESURE
2025-03-31 11:00:00+02:00;0,000;1,000;MESURE
2025-03-31 12:00:00+02:00;0,000;1,000;MESURE
2025-03-31 13:00:00+02:00;0,000;1,000;MESURE
2025-03-31 14:00:00+02:00;0,000;1,000;MESURE
2025-03-31 15:00:00+02:00;0,000;1,000;MESURE
2025-03-31 16:00:00+02:00;0,000;1,000;MESURE
2025-03-31 17:00:00+02:00;0,000;1,000;MESURE
2025-03-31 18:00:00+02:00;0,000;1,000;MESURE
2025-03-31 19:00:00+02:00;0,000;1,000;MESURE
2025-03-31 20:00:00+02:00;6125,000;1,000;MESURE
2025-03-31 21:00:00+02:00;8966,000;1,000;MESURE
2025-03-31 22:00:00+02:00;3469,000;1,000;MESURE
2025-03-31 23:00:00+02:00;3232,000;1,000;MESURE
2025-04-01 00:00:00+02:00;3163,000;1,000;MESURE
2025-04-01 01:00:00+02:00;3167,000;1,000;MESURE
2025-04-01 02:00:00+02:00;3170,000;1,000;MESURE
2025-04-01 03:00:00+02:00;3170,000;1,000;MESURE
2025-04-01 04:00:00+02:00;3174,000;1,000;MESURE
2025-04-01 05:00:00+02:00;8880,000;1,000;MESURE
2025-04-01 06:00:00+02:00;8638,000;1,000;MESURE
2025-04-01 07:00:00+02:00;0,000;1,000;MESURE
2025-04-01 08:00:00+02:00;0,000;1,000;MESURE
2025-04-01 09:00:00+02:00;0,000;1,000;MESURE
2025-04-01 10:00:00+02:00;0,000;1,000;MESURE
2025-04-01 11:00:00+02:00;0,000;1,000;MESURE
2025-04-01 12:00:00+02:00;0,000;1,000;MESURE
2025-04-01 13:00:00+02:00;0,000;1,000;MESURE
2025-04-01 14:00:00+02:00;0,000;1,000;MESURE
2025-04-01 15:00:00+02:00;0,000;1,000;MESURE
2025-04-01 16:00:00+02:00;0,000;1,000;MESURE
2025-04-01 17:00:00+02:00;0,000;1,000;MESURE
2025-04-01 18:00:00+02:00;0,000;1,000;MESURE
2025-04-01 19:00:00+02:00;0,000;1,000;MESURE
2025-04-01 20:00:00+02:00;5847,000;1,000;MESURE
2025-04-01 21:00:00+02:00;8958,000;1,000;MESURE
2025-04-01 22:00:00+02:00;3479,000;1,000;MESURE
2025-04-01 23:00:00+02:00;3235,000;1,000;MESURE
2025-04-02 00:00:00+02:00;3164,000;1,000;MESURE
2025-04-02 01:00:00+02:00;3165,000;1,000;MESURE
2025-04-02 02:00:00+02:00;3168,000;1,000;MESURE
2025-04-02 03:00:00+02:00;3170,000;1,000;MESURE
2025-04-02 04:00:00+02:00;3169,000;1,000;MESURE
2025-04-02 05:00:00+02:00;8849,000;1,000;MESURE
2025-04-02 06:00:00+02:00;8373,000;1,000;MESURE
2025-04-02 07:00:00+02:00;0,000;1,000;MESURE
2025-04-02 08:00:00+02:00;0,000;1,000;MESURE
2025-04-02 09:00:00+02:00;0,000;1,000;MESURE
2025-04-02 10:00:00+02:00;0,000;1,000;MESURE
2025-04-02 11:00:00+02:00;0,000;1,000;MESURE
2025-04-02 12:00:00+02:00;0,000;1,000;MESURE
2025-04-02 13:00:00+02:00;0,000;1,000;MESURE
2025-04-02 14:00:00+02:00;0,000;1,000;MESURE
2025-04-02 15:00:00+02:00;0,000;1,000;MESURE
2025-04-02 16:00:00+02:00;0,000;1,000;MESURE
2025-04-02 17:00:00+02:00;0,000;1,000;MESURE
2025-04-02 18:00:00+02:00;0,000;1,000;MESURE
2025-04-02 19:00:00+02:00;0,000;1,000;MESURE
2025-04-02 20:00:00+02:00;644,000;1,000;MESURE
2025-04-02 21:00:00+02:00;960,000;1,000;MESURE
2025-04-02 22:00:00+02:00;388,000;1,000;MESURE
2025-04-02 23:00:00+02:00;386,000;1,000;MESURE
2025-04-03 00:00:00+02:00;385,000;1,000;MESURE
2025-04-03 01:00:00+02:00;387,000;1,000;MESURE
2025-04-03 02:00:00+02:00;386,000;1,000;MESURE
2025-04-03 03:00:00+02:00;387,000;1,000;MESURE
2025-04-03 04:00:00+02:00;386,000;1,000;MESURE
2025-04-03 05:00:00+02:00;960,000;1,000;MESURE
2025-04-03 06:00:00+02:00;867,000;1,000;MESURE
2025-04-03 07:00:00+02:00;0,000;1,000;MESURE
2025-04-03 08:00:00+02:00;0,000;1,000;MESURE
2025-04-03 09:00:00+02:00;0,000;1,000;MESURE
2025-04-03 10:00:00+02:00;0,000;1,000;MESURE
2025-04-03 11:00:00+02:00;0,000;1,000;MESURE
2025-04-03 12:00:00+02:00;0,000;1,000;MESURE
2025-04-03 13:00:00+02:00;0,000;1,000;MESURE
2025-04-03 14:00:00+02:00;0,000;1,000;MESURE
2025-04-03 15:00:00+02:00;0,000;1,000;MESURE
2025-04-03 16:00:00+02:00;0,000;1,000;MESURE
2025-04-03 17:00:00+02:00;0,000;1,000;MESURE
2025-04-03 18:00:00+02:00;0,000;1,000;MESURE
2025-04-03 19:00:00+02:00;0,000;1,000;MESURE
2025-04-03 20:00:00+02:00;594,000;1,000;MESURE
2025-04-03 21:00:00+02:00;958,000;1,000;MESURE
2025-04-03 22:00:00+02:00;391,000;1,000;MESURE
2025-04-03 23:00:00+02:00;384,000;1,000;MESURE
2025-04-04 00:00:00+02:00;385,000;1,000;MESURE
2025-04-04 01:00:00+02:00;386,000;1,000;MESURE
2025-04-04 02:00:00+02:00;386,000;1,000;MESURE
2025-04-04 03:00:00+02:00;386,000;1,000;MESURE
2025-04-04 04:00:00+02:00;386,000;1,000;MESURE
2025-04-04 05:00:00+02:00;958,000;1,000;MESURE
2025-04-04 06:00:00+02:00;832,000;1,000;MESURE
2025-04-04 07:00:00+02:00;0,000;1,000;MESURE
2025-04-04 08:00:00+02:00;0,000;1,000;MESURE
2025-04-04 09:00:00+02:00;0,000;1,000;MESURE
2025-04-04 10:00:00+02:00;25,000;1,000;MESURE
2025-04-04 11:00:00+02:00;0,000;1,000;MESURE
2025-04-04 12:00:00+02:00;0,000;1,000;MESURE
2025-04-04 13:00:00+02:00;0,000;1,000;MESURE
2025-04-04 14:00:00+02:00;0,000;1,000;MESURE
2025-04-04 15:00:00+02:00;0,000;1,000;MESURE
2025-04-04 16:00:00+02:00;0,000;1,000;MESURE
2025-04-04 17:00:00+02:00;0,000;1,000;MESURE
2025-04-04 18:00:00+02:00;0,000;1,000;MESURE
2025-04-04 19:00:00+02:00;0,000;1,000;MESURE
2025-04-04 20:00:00+02:00;5196,000;1,000;MESURE
2025-04-04 21:00:00+02:00;8847,000;1,000;MESURE
2025-04-04 22:00:00+02:00;3420,000;1,000;MESURE
2025-04-04 23:00:00+02:00;3200,000;1,000;MESURE
2025-04-05 00:00:00+02:00;3139,000;1,000;MESURE
2025-04-05 01:00:00+02:00;3143,000;1,000;MESURE
2025-04-05 02:00:00+02:00;3147,000;1,000;MESURE
2025-04-05 03:00:00+02:00;3150,000;1,000;MESURE
2025-04-05 04:00:00+02:00;3152,000;1,000;MESURE
2025-04-05 05:00:00+02:00;8843,000;1,000;MESURE
2025-04-05 06:00:00+02:00;7435,000;1,000;MESURE
2025-04-05 07:00:00+02:00;0,000;1,000;MESURE
2025-04-05 08:00:00+02:00;0,000;1,000;MESURE
2025-04-05 09:00:00+02:00;0,000;1,000;MESURE
2025-04-05 10:00:00+02:00;0,000;1,000;MESURE
2025-04-05 11:00:00+02:00;0,000;1,000;MESURE
2025-04-05 12:00:00+02:00;0,000;1,000;MESURE
2025-04-05 13:00:00+02:00;0,000;1,000;MESURE
2025-04-05 14:00:00+02:00;0,000;1,000;MESURE
2025-04-05 15:00:00+02:00;0,000;1,000;MESURE
2025-04-05 16:00:00+02:00;0,000;1,000;MESURE
2025-04-05 17:00:00+02:00;0,000;1,000;MESURE
2025-04-05 18:00:00+02:00;0,000;1,000;MESURE
2025-04-05 19:00:00+02:00;0,000;1,000;MESURE
2025-04-05 20:00:00+02:00;5047,000;1,000;MESURE
2025-04-05 21:00:00+02:00;8847,000;1,000;MESURE
2025-04-05 22:00:00+02:00;3426,000;1,000;MESURE
2025-04-05 23:00:00+02:00;3209,000;1,000;MESURE
2025-04-06 00:00:00+02:00;3149,000;1,000;MESURE
2025-04-06 01:00:00+02:00;3155,000;1,000;MESURE
2025-04-06 02:00:00+02:00;3159,000;1,000;MESURE
2025-04-06 03:00:00+02:00;3163,000;1,000;MESURE
2025-04-06 04:00:00+02:00;3165,000;1,000;MESURE
2025-04-06 05:00:00+02:00;8852,000;1,000;MESURE
2025-04-06 06:00:00+02:00;7138,000;1,000;MESURE
2025-04-06 07:00:00+02:00;0,000;1,000;MESURE
2025-04-06 08:00:00+02:00;0,000;1,000;MESURE
2025-04-06 09:00:00+02:00;0,000;1,000;MESURE
2025-04-06 10:00:00+02:00;0,000;1,000;MESURE
2025-04-06 11:00:00+02:00;0,000;1,000;MESURE
2025-04-06 12:00:00+02:00;0,000;1,000;MESURE
2025-04-06 13:00:00+02:00;0,000;1,000;MESURE
2025-04-06 14:00:00+02:00;0,000;1,000;MESURE
2025-04-06 15:00:00+02:00;0,000;1,000;MESURE
2025-04-06 16:00:00+02:00;0,000;1,000;MESURE
2025-04-06 17:00:00+02:00;0,000;1,000;MESURE
2025-04-06 18:00:00+02:00;0,000;1,000;MESURE
2025-04-06 19:00:00+02:00;0,000;1,000;MESURE
2025-04-06 20:00:00+02:00;4777,000;1,000;MESURE
2025-04-06 21:00:00+02:00;8921,000;1,000;MESURE
2025-04-06 22:00:00+02:00;3455,000;1,000;MESURE
2025-04-06 23:00:00+02:00;3226,000;1,000;MESURE
2025-04-07 00:00:00+02:00;3161,000;1,000;MESURE
2025-04-07 01:00:00+02:00;3164,000;1,000;MESURE
2025-04-07 02:00:00+02:00;3167,000;1,000;MESURE
2025-04-07 03:00:00+02:00;3169,000;1,000;MESURE
2025-04-07 04:00:00+02:00;3172,000;1,000;MESURE
2025-04-07 05:00:00+02:00;8861,000;1,000;MESURE
2025-04-07 06:00:00+02:00;6856,000;1,000;MESURE
2025-04-07 07:00:00+02:00;0,000;1,000;MESURE
2025-04-07 08:00:00+02:00;0,000;1,000;MESURE
2025-04-07 09:00:00+02:00;0,000;1,000;MESURE
2025-04-07 10:00:00+02:00;0,000;1,000;MESURE
2025-04-07 11:00:00+02:00;0,000;1,000;MESURE
2025-04-07 12:00:00+02:00;0,000;1,000;MESURE
2025-04-07 13:00:00+02:00;0,000;1,000;MESURE
2025-04-07 14:00:00+02:00;0,000;1,000;MESURE
2025-04-07 15:00:00+02:00;0,000;1,000;MESURE
2025-04-07 16:00:00+02:00;0,000;1,000;MESURE
2025-04-07 17:00:00+02:00;0,000;1,000;MESURE
2025-04-07 18:00:00+02:00;0,000;1,000;MESURE
2025-04-07 19:00:00+02:00;0,000;1,000;MESURE
2025-04-07 20:00:00+02:00;4609,000;1,000;MESURE
2025-04-07 21:00:00+02:00;8902,000;1,000;MESURE
2025-04-07 22:00:00+02:00;3458,000;1,000;MESURE
2025-04-07 23:00:00+02:00;3220,000;1,000;MESURE
2025-04-08 00:00:00+02:00;3157,000;1,000;MESURE
2025-04-08 01:00:00+02:00;3166,000;1,000;MESURE
2025-04-08 02:00:00+02:00;3170,000;1,000;MESURE
2025-04-08 03:00:00+02:00;3173,000;1,000;MESURE
2025-04-08 04:00:00+02:00;3177,000;1,000;MESURE
2025-04-08 05:00:00+02:00;8909,000;1,000;MESURE
2025-04-08 06:00:00+02:00;6549,000;1,000;MESURE
2025-04-08 07:00:00+02:00;0,000;1,000;MESURE
2025-04-08 08:00:00+02:00;0,000;1,000;MESURE
2025-04-08 09:00:00+02:00;0,000;1,000;MESURE
2025-04-08 10:00:00+02:00;0,000;1,000;MESURE
2025-04-08 11:00:00+02:00;0,000;1,000;MESURE
2025-04-08 12:00:00+02:00;0,000;1,000;MESURE
2025-04-08 13:00:00+02:00;0,000;1,000;MESURE
2025-04-08 14:00:00+02:00;0,000;1,000;MESURE
2025-04-08 15:00:00+02:00;0,000;1,000;MESURE
2025-04-08 16:00:00+02:00;0,000;1,000;MESURE
2025-04-08 17:00:00+02:00;0,000;1,000;MESURE
2025-04-08 18:00:00+02:00;0,000;1,000;MESURE
2025-04-08 19:00:00+02:00;0,000;1,000;MESURE
2025-04-08 20:00:00+02:00;4465,000;1,000;MESURE
2025-04-08 21:00:00+02:00;8873,000;1,000;MESURE
2025-04-08 22:00:00+02:00;3442,000;1,000;MESURE
2025-04-08 23:00:00+02:00;3210,000;1,000;MESURE
2025-04-09 00:00:00+02:00;3148,000;1,000;MESURE
2025-04-09 01:00:00+02:00;3152,000;1,000;MESURE
2025-04-09 02:00:00+02:00;3154,000;1,000;MESURE
2025-04-09 03:00:00+02:00;3157,000;1,000;MESURE
2025-04-09 04:00:00+02:00;3161,000;1,000;MESURE
2025-04-09 05:00:00+02:00;8841,000;1,000;MESURE
2025-04-09 06:00:00+02:00;6397,000;1,000;MESURE
2025-04-09 07:00:00+02:00;0,000;1,000;MESURE
2025-04-09 08:00:00+02:00;0,000;1,000;MESURE
2025-04-09 09:00:00+02:00;0,000;1,000;MESURE
2025-04-09 10:00:00+02:00;0,000;1,000;MESURE
2025-04-09 11:00:00+02:00;0,000;1,000;MESURE
2025-04-09 12:00:00+02:00;0,000;1,000;MESURE
2025-04-09 13:00:00+02:00;0,000;1,000;MESURE
2025-04-09 14:00:00+02:00;0,000;1,000;MESURE
2025-04-09 15:00:00+02:00;0,000;1,000;MESURE
2025-04-09 16:00:00+02:00;0,000;1,000;MESURE
2025-04-09 17:00:00+02:00;0,000;1,000;MESURE
2025-04-09 18:00:00+02:00;0,000;1,000;MESURE
2025-04-09 19:00:00+02:00;0,000;1,000;MESURE
2025-04-09 20:00:00+02:00;4174,000;1,000;MESURE
2025-04-09 21:00:00+02:00;8931,000;1,000;MESURE
2025-04-09 22:00:00+02:00;3441,000;1,000;MESURE
2025-04-09 23:00:00+02:00;3212,000;1,000;MESURE
2025-04-10 00:00:00+02:00;3144,000;1,000;MESURE
2025-04-10 01:00:00+02:00;3149,000;1,000;MESURE
2025-04-10 02:00:00+02:00;3154,000;1,000;MESURE
2025-04-10 03:00:00+02:00;3161,000;1,000;MESURE
2025-04-10 04:00:00+02:00;3164,000;1,000;MESURE
2025-04-10 05:00:00+02:00;8879,000;1,000;MESURE
2025-04-10 06:00:00+02:00;6110,000;1,000;MESURE
2025-04-10 07:00:00+02:00;0,000;1,000;MESURE
2025-04-10 08:00:00+02:00;0,000;1,000;MESURE
2025-04-10 09:00:00+02:00;0,000;1,000;MESURE
2025-04-10 10:00:00+02:00;0,000;1,000;MESURE
2025-04-10 11:00:00+02:00;0,000;1,000;MESURE
2025-04-10 12:00:00+02:00;0,000;1,000;MESURE
2025-04-10 13:00:00+02:00;0,000;1,000;MESURE
2025-04-10 14:00:00+02:00;0,000;1,000;MESURE
2025-04-10 15:00:00+02:00;0,000;1,000;MESURE
2025-04-10 16:00:00+02:00;0,000;1,000;MESURE
2025-04-10 17:00:00+02:00;0,000;1,000;MESURE
2025-04-10 18:00:00+02:00;0,000;1,000;MESURE
2025-04-10 19:00:00+02:00;0,000;1,000;MESURE
2025-04-10 20:00:00+02:00;4018,000;1,000;MESURE
2025-04-10 21:00:00+02:00;8862,000;1,000;MESURE
2025-04-10 22:00:00+02:00;3422,000;1,000;MESURE
2025-04-10 23:00:00+02:00;3209,000;1,000;MESURE
2025-04-11 00:00:00+02:00;3146,000;1,000;MESURE
2025-04-11 01:00:00+02:00;3151,000;1,000;MESURE
2025-04-11 02:00:00+02:00;3155,000;1,000;MESURE
2025-04-11 03:00:00+02:00;3158,000;1,000;MESURE
2025-04-11 04:00:00+02:00;3163,000;1,000;MESURE
2025-04-11 05:00:00+02:00;8875,000;1,000;MESURE
2025-04-11 06:00:00+02:00;5787,000;1,000;MESURE
2025-04-11 07:00:00+02:00;0,000;1,000;MESURE
2025-04-11 08:00:00+02:00;0,000;1,000;MESURE
2025-04-11 09:00:00+02:00;0,000;1,000;MESURE
2025-04-11 10:00:00+02:00;0,000;1,000;MESURE
2025-04-11 11:00:00+02:00;0,000;1,000;MESURE
2025-04-11 12:00:00+02:00;0,000;1,000;MESURE
2025-04-11 13:00:00+02:00;0,000;1,000;MESURE
2025-04-11 14:00:00+02:00;0,000;1,000;MESURE
2025-04-11 15:00:00+02:00;0,000;1,000;MESURE
2025-04-11 16:00:00+02:00;0,000;1,000;MESURE
2025-04-11 17:00:00+02:00;0,000;1,000;MESURE
2025-04-11 18:00:00+02:00;0,000;1,000;MESURE
2025-04-11 19:00:00+02:00;0,000;1,000;MESURE
2025-04-11 20:00:00+02:00;0,000;1,000;MESURE
2025-04-11 21:00:00+02:00;0,000;1,000;MESURE
2025-04-11 22:00:00+02:00;0,000;1,000;MESURE
2025-04-11 23:00:00+02:00;0,000;1,000;MESURE
2025-04-12 00:00:00+02:00;0,000;1,000;MESURE
2025-04-12 01:00:00+02:00;0,000;1,000;MESURE
2025-04-12 02:00:00+02:00;0,000;1,000;MESURE
2025-04-12 03:00:00+02:00;0,000;1,000;MESURE
2025-04-12 04:00:00+02:00;0,000;1,000;MESURE
2025-04-12 05:00:00+02:00;0,000;1,000;MESURE
2025-04-12 06:00:00+02:00;0,000;1,000;MESURE
2025-04-12 07:00:00+02:00;0,000;1,000;MESURE
2025-04-12 08:00:00+02:00;0,000;1,000;MESURE
2025-04-12 09:00:00+02:00;0,000;1,000;MESURE
2025-04-12 10:00:00+02:00;0,000;1,000;MESURE
2025-04-12 11:00:00+02:00;0,000;1,000;MESURE
2025-04-12 12:00:00+02:00;0,000;1,000;MESURE
2025-04-12 13:00:00+02:00;0,000;1,000;MESURE
2025-04-12 14:00:00+02:00;0,000;1,000;MESURE
2025-04-12 15:00:00+02:00;0,000;1,000;MESURE
2025-04-12 16:00:00+02:00;0,000;1,000;MESURE
2025-04-12 17:00:00+02:00;0,000;1,000;MESURE
2025-04-12 18:00:00+02:00;0,000;1,000;MESURE
2025-04-12 19:00:00+02:00;0,000;1,000;MESURE
2025-04-12 20:00:00+02:00;3541,000;1,000;MESURE
2025-04-12 21:00:00+02:00;8879,000;1,000;MESURE
2025-04-12 22:00:00+02:00;3418,000;1,000;MESURE
2025-04-12 23:00:00+02:00;3197,000;1,000;MESURE
2025-04-13 00:00:00+02:00;3132,000;1,000;MESURE
2025-04-13 01:00:00+02:00;3135,000;1,000;MESURE
2025-04-13 02:00:00+02:00;3134,000;1,000;MESURE
2025-04-13 03:00:00+02:00;3140,000;1,000;MESURE
2025-04-13 04:00:00+02:00;3143,000;1,000;MESURE
2025-04-13 05:00:00+02:00;8821,000;1,000;MESURE
2025-04-13 06:00:00+02:00;5200,000;1,000;MESURE
2025-04-13 07:00:00+02:00;0,000;1,000;MESURE
2025-04-13 08:00:00+02:00;0,000;1,000;MESURE
2025-04-13 09:00:00+02:00;0,000;1,000;MESURE
2025-04-13 10:00:00+02:00;0,000;1,000;MESURE
2025-04-13 11:00:00+02:00;0,000;1,000;MESURE
2025-04-13 12:00:00+02:00;0,000;1,000;MESURE
2025-04-13 13:00:00+02:00;0,000;1,000;MESURE
2025-04-13 14:00:00+02:00;0,000;1,000;MESURE
2025-04-13 15:00:00+02:00;0,000;1,000;MESURE
2025-04-13 16:00:00+02:00;0,000;1,000;MESURE
2025-04-13 17:00:00+02:00;0,000;1,000;MESURE
2025-04-13 18:00:00+02:00;0,000;1,000;MESURE
2025-04-13 19:00:00+02:00;0,000;1,000;MESURE
2025-04-13 20:00:00+02:00;3462,000;1,000;MESURE
2025-04-13 21:00:00+02:00;8923,000;1,000;MESURE
2025-04-13 22:00:00+02:00;3443,000;1,000;MESURE
2025-04-13 23:00:00+02:00;3215,000;1,000;MESURE
2025-04-14 00:00:00+02:00;3141,000;1,000;MESURE
2025-04-14 01:00:00+02:00;3142,000;1,000;MESURE
2025-04-14 02:00:00+02:00;3144,000;1,000;MESURE
2025-04-14 03:00:00+02:00;3141,000;1,000;MESURE
2025-04-14 04:00:00+02:00;1846,000;1,000;MESURE
2025-04-14 05:00:00+02:00;957,000;1,000;MESURE
2025-04-14 06:00:00+02:00;528,000;1,000;MESURE
2025-04-14 07:00:00+02:00;0,000;1,000;MESURE
2025-04-14 08:00:00+02:00;0,000;1,000;MESURE
2025-04-14 09:00:00+02:00;0,000;1,000;MESURE
2025-04-14 10:00:00+02:00;0,000;1,000;MESURE
2025-04-14 11:00:00+02:00;260,000;1,000;MESURE
2025-04-14 12:00:00+02:00;0,000;1,000;MESURE
2025-04-14 13:00:00+02:00;0,000;1,000;MESURE
2025-04-14 14:00:00+02:00;0,000;1,000;MESURE
2025-04-14 15:00:00+02:00;0,000;1,000;MESURE
2025-04-14 16:00:00+02:00;0,000;1,000;MESURE
2025-04-14 17:00:00+02:00;0,000;1,000;MESURE
2025-04-14 18:00:00+02:00;0,000;1,000;MESURE
2025-04-14 19:00:00+02:00;0,000;1,000;MESURE
2025-04-14 20:00:00+02:00;3102,000;1,000;MESURE
2025-04-14 21:00:00+02:00;8852,000;1,000;MESURE
2025-04-14 22:00:00+02:00;3421,000;1,000;MESURE
2025-04-14 23:00:00+02:00;3200,000;1,000;MESURE
2025-04-15 00:00:00+02:00;3134,000;1,000;MESURE
2025-04-15 01:00:00+02:00;2232,000;1,000;MESURE
2025-04-15 02:00:00+02:00;384,000;1,000;MESURE
2025-04-15 03:00:00+02:00;384,000;1,000;MESURE
2025-04-15 04:00:00+02:00;385,000;1,000;MESURE
2025-04-15 05:00:00+02:00;957,000;1,000;MESURE
2025-04-15 06:00:00+02:00;499,000;1,000;MESURE
2025-04-15 07:00:00+02:00;0,000;1,000;MESURE
2025-04-15 08:00:00+02:00;0,000;1,000;MESURE
2025-04-15 09:00:00+02:00;0,000;1,000;MESURE
2025-04-15 10:00:00+02:00;0,000;1,000;MESURE
2025-04-15 11:00:00+02:00;0,000;1,000;MESURE
2025-04-15 12:00:00+02:00;0,000;1,000;MESURE
2025-04-15 13:00:00+02:00;0,000;1,000;MESURE
2025-04-15 14:00:00+02:00;0,000;1,000;MESURE
2025-04-15 15:00:00+02:00;0,000;1,000;MESURE
2025-04-15 16:00:00+02:00;0,000;1,000;MESURE
2025-04-15 17:00:00+02:00;0,000;1,000;MESURE
2025-04-15 18:00:00+02:00;0,000;1,000;MESURE
2025-04-15 19:00:00+02:00;0,000;1,000;MESURE
2025-04-15 20:00:00+02:00;319,000;1,000;MESURE
2025-04-15 21:00:00+02:00;962,000;1,000;MESURE
2025-04-15 22:00:00+02:00;390,000;1,000;MESURE
2025-04-15 23:00:00+02:00;385,000;1,000;MESURE
2025-04-16 00:00:00+02:00;384,000;1,000;MESURE
2025-04-16 01:00:00+02:00;384,000;1,000;MESURE
2025-04-16 02:00:00+02:00;385,000;1,000;MESURE
2025-04-16 03:00:00+02:00;384,000;1,000;MESURE
2025-04-16 04:00:00+02:00;385,000;1,000;MESURE
2025-04-16 05:00:00+02:00;957,000;1,000;MESURE
2025-04-16 06:00:00+02:00;466,000;1,000;MESURE
2025-04-16 07:00:00+02:00;0,000;1,000;MESURE
2025-04-16 08:00:00+02:00;43,000;1,000;MESURE
2025-04-16 09:00:00+02:00;0,000;1,000;MESURE
2025-04-16 10:00:00+02:00;0,000;1,000;MESURE
2025-04-16 11:00:00+02:00;0,000;1,000;MESURE
2025-04-16 12:00:00+02:00;0,000;1,000;MESURE
2025-04-16 13:00:00+02:00;0,000;1,000;MESURE
2025-04-16 14:00:00+02:00;0,000;1,000;MESURE
2025-04-16 15:00:00+02:00;0,000;1,000;MESURE
2025-04-16 16:00:00+02:00;0,000;1,000;MESURE
2025-04-16 17:00:00+02:00;0,000;1,000;MESURE
2025-04-16 18:00:00+02:00;0,000;1,000;MESURE
2025-04-16 19:00:00+02:00;0,000;1,000;MESURE
2025-04-16 20:00:00+02:00;2884,000;1,000;MESURE
2025-04-16 21:00:00+02:00;9006,000;1,000;MESURE
2025-04-16 22:00:00+02:00;1601,000;1,000;MESURE
2025-04-16 23:00:00+02:00;386,000;1,000;MESURE
2025-04-17 00:00:00+02:00;386,000;1,000;MESURE
2025-04-17 01:00:00+02:00;387,000;1,000;MESURE
2025-04-17 02:00:00+02:00;386,000;1,000;MESURE
2025-04-17 03:00:00+02:00;387,000;1,000;MESURE
2025-04-17 04:00:00+02:00;387,000;1,000;MESURE
2025-04-17 05:00:00+02:00;962,000;1,000;MESURE
2025-04-17 06:00:00+02:00;452,000;1,000;MESURE
2025-04-17 07:00:00+02:00;0,000;1,000;MESURE
2025-04-17 08:00:00+02:00;0,000;1,000;MESURE
2025-04-17 09:00:00+02:00;0,000;1,000;MESURE
2025-04-17 10:00:00+02:00;0,000;1,000;MESURE
2025-04-17 11:00:00+02:00;0,000;1,000;MESURE
2025-04-17 12:00:00+02:00;0,000;1,000;MESURE
2025-04-17 13:00:00+02:00;0,000;1,000;MESURE
2025-04-17 14:00:00+02:00;0,000;1,000;MESURE
2025-04-17 15:00:00+02:00;0,000;1,000;MESURE
2025-04-17 16:00:00+02:00;0,000;1,000;MESURE
2025-04-17 17:00:00+02:00;0,000;1,000;MESURE
2025-04-17 18:00:00+02:00;0,000;1,000;MESURE
2025-04-17 19:00:00+02:00;0,000;1,000;MESURE
2025-04-17 20:00:00+02:00;275,000;1,000;MESURE
2025-04-17 21:00:00+02:00;966,000;1,000;MESURE
2025-04-17 22:00:00+02:00;392,000;1,000;MESURE
2025-04-17 23:00:00+02:00;387,000;1,000;MESURE
2025-04-18 00:00:00+02:00;386,000;1,000;MESURE
2025-04-18 01:00:00+02:00;387,000;1,000;MESURE
2025-04-18 02:00:00+02:00;386,000;1,000;MESURE
2025-04-18 03:00:00+02:00;387,000;1,000;MESURE
2025-04-18 04:00:00+02:00;386,000;1,000;MESURE
2025-04-18 05:00:00+02:00;959,000;1,000;MESURE
2025-04-18 06:00:00+02:00;420,000;1,000;MESURE
2025-04-18 07:00:00+02:00;0,000;1,000;MESURE
2025-04-18 08:00:00+02:00;0,000;1,000;MESURE
2025-04-18 09:00:00+02:00;41,000;1,000;MESURE
2025-04-18 10:00:00+02:00;0,000;1,000;MESURE
2025-04-18 11:00:00+02:00;0,000;1,000;MESURE
2025-04-18 12:00:00+02:00;0,000;1,000;MESURE
2025-04-18 13:00:00+02:00;0,000;1,000;MESURE
2025-04-18 14:00:00+02:00;0,000;1,000;MESURE
2025-04-18 15:00:00+02:00;0,000;1,000;MESURE
2025-04-18 16:00:00+02:00;0,000;1,000;MESURE
2025-04-18 17:00:00+02:00;0,000;1,000;MESURE
2025-04-18 18:00:00+02:00;0,000;1,000;MESURE
2025-04-18 19:00:00+02:00;0,000;1,000;MESURE
2025-04-18 20:00:00+02:00;2405,000;1,000;MESURE
2025-04-18 21:00:00+02:00;8938,000;1,000;MESURE
2025-04-18 22:00:00+02:00;4018,000;1,000;MESURE
2025-04-18 23:00:00+02:00;3818,000;1,000;MESURE
2025-04-19 00:00:00+02:00;3754,000;1,000;MESURE
2025-04-19 01:00:00+02:00;3760,000;1,000;MESURE
2025-04-19 02:00:00+02:00;2290,000;1,000;MESURE
2025-04-19 03:00:00+02:00;397,000;1,000;MESURE
2025-04-19 04:00:00+02:00;397,000;1,000;MESURE
2025-04-19 05:00:00+02:00;960,000;1,000;MESURE
2025-04-19 06:00:00+02:00;384,000;1,000;MESURE
2025-04-19 07:00:00+02:00;0,000;1,000;MESURE
2025-04-19 08:00:00+02:00;0,000;1,000;MESURE
2025-04-19 09:00:00+02:00;0,000;1,000;MESURE
2025-04-19 10:00:00+02:00;0,000;1,000;MESURE
2025-04-19 11:00:00+02:00;0,000;1,000;MESURE
2025-04-19 12:00:00+02:00;0,000;1,000;MESURE
2025-04-19 13:00:00+02:00;0,000;1,000;MESURE
2025-04-19 14:00:00+02:00;0,000;1,000;MESURE
2025-04-19 15:00:00+02:00;0,000;1,000;MESURE
2025-04-19 16:00:00+02:00;0,000;1,000;MESURE
2025-04-19 17:00:00+02:00;0,000;1,000;MESURE
2025-04-19 18:00:00+02:00;0,000;1,000;MESURE
2025-04-19 19:00:00+02:00;0,000;1,000;MESURE
2025-04-19 20:00:00+02:00;240,000;1,000;MESURE
2025-04-19 21:00:00+02:00;959,000;1,000;MESURE
2025-04-19 22:00:00+02:00;401,000;1,000;MESURE
2025-04-19 23:00:00+02:00;394,000;1,000;MESURE
2025-04-20 00:00:00+02:00;396,000;1,000;MESURE
2025-04-20 01:00:00+02:00;396,000;1,000;MESURE
2025-04-20 02:00:00+02:00;396,000;1,000;MESURE
2025-04-20 03:00:00+02:00;396,000;1,000;MESURE
2025-04-20 04:00:00+02:00;397,000;1,000;MESURE
2025-04-20 05:00:00+02:00;956,000;1,000;MESURE
2025-04-20 06:00:00+02:00;356,000;1,000;MESURE
2025-04-20 07:00:00+02:00;0,000;1,000;MESURE
2025-04-20 08:00:00+02:00;0,000;1,000;MESURE
2025-04-20 09:00:00+02:00;0,000;1,000;MESURE
2025-04-20 10:00:00+02:00;0,000;1,000;MESURE
2025-04-20 11:00:00+02:00;0,000;1,000;MESURE
2025-04-20 12:00:00+02:00;0,000;1,000;MESURE
2025-04-20 13:00:00+02:00;0,000;1,000;MESURE
2025-04-20 14:00:00+02:00;0,000;1,000;MESURE
2025-04-20 15:00:00+02:00;0,000;1,000;MESURE
2025-04-20 16:00:00+02:00;0,000;1,000;MESURE
2025-04-20 17:00:00+02:00;0,000;1,000;MESURE
2025-04-20 18:00:00+02:00;0,000;1,000;MESURE
2025-04-20 19:00:00+02:00;0,000;1,000;MESURE
2025-04-20 20:00:00+02:00;208,000;1,000;MESURE
2025-04-20 21:00:00+02:00;961,000;1,000;MESURE
2025-04-20 22:00:00+02:00;402,000;1,000;MESURE
2025-04-20 23:00:00+02:00;395,000;1,000;MESURE
2025-04-21 00:00:00+02:00;396,000;1,000;MESURE
2025-04-21 01:00:00+02:00;397,000;1,000;MESURE
2025-04-21 02:00:00+02:00;396,000;1,000;MESURE
2025-04-21 03:00:00+02:00;397,000;1,000;MESURE
2025-04-21 04:00:00+02:00;396,000;1,000;MESURE
2025-04-21 05:00:00+02:00;959,000;1,000;MESURE
2025-04-21 06:00:00+02:00;323,000;1,000;MESURE
2025-04-21 07:00:00+02:00;0,000;1,000;MESURE
2025-04-21 08:00:00+02:00;0,000;1,000;MESURE
2025-04-21 09:00:00+02:00;0,000;1,000;MESURE
2025-04-21 10:00:00+02:00;0,000;1,000;MESURE
2025-04-21 11:00:00+02:00;0,000;1,000;MESURE
2025-04-21 12:00:00+02:00;0,000;1,000;MESURE
2025-04-21 13:00:00+02:00;0,000;1,000;MESURE
2025-04-21 14:00:00+02:00;0,000;1,000;MESURE
2025-04-21 15:00:00+02:00;0,000;1,000;MESURE
2025-04-21 16:00:00+02:00;0,000;1,000;MESURE
2025-04-21 17:00:00+02:00;0,000;1,000;MESURE
2025-04-21 18:00:00+02:00;0,000;1,000;MESURE
2025-04-21 19:00:00+02:00;0,000;1,000;MESURE
2025-04-21 20:00:00+02:00;192,000;1,000;MESURE
2025-04-21 21:00:00+02:00;963,000;1,000;MESURE
2025-04-21 22:00:00+02:00;401,000;1,000;MESURE
2025-04-21 23:00:00+02:00;395,000;1,000;MESURE
2025-04-22 00:00:00+02:00;396,000;1,000;MESURE
2025-04-22 01:00:00+02:00;395,000;1,000;MESURE
2025-04-22 02:00:00+02:00;397,000;1,000;MESURE
2025-04-22 03:00:00+02:00;396,000;1,000;MESURE
2025-04-22 04:00:00+02:00;397,000;1,000;MESURE
2025-04-22 05:00:00+02:00;959,000;1,000;MESURE
2025-04-22 06:00:00+02:00;307,000;1,000;MESURE
2025-04-22 07:00:00+02:00;0,000;1,000;MESURE
2025-04-22 08:00:00+02:00;0,000;1,000;MESURE
2025-04-22 09:00:00+02:00;0,000;1,000;MESURE
2025-04-22 10:00:00+02:00;49,000;1,000;MESURE
2025-04-22 11:00:00+02:00;0,000;1,000;MESURE
2025-04-22 12:00:00+02:00;0,000;1,000;MESURE
2025-04-22 13:00:00+02:00;0,000;1,000;MESURE
2025-04-22 14:00:00+02:00;0,000;1,000;MESURE
2025-04-22 15:00:00+02:00;0,000;1,000;MESURE
2025-04-22 16:00:00+02:00;0,000;1,000;MESURE
2025-04-22 17:00:00+02:00;0,000;1,000;MESURE
2025-04-22 18:00:00+02:00;0,000;1,000;MESURE
2025-04-22 19:00:00+02:00;0,000;1,000;MESURE
2025-04-22 20:00:00+02:00;1497,000;1,000;MESURE
2025-04-22 21:00:00+02:00;8933,000;1,000;MESURE
2025-04-22 22:00:00+02:00;4062,000;1,000;MESURE
2025-04-22 23:00:00+02:00;1010,000;1,000;MESURE
2025-04-23 00:00:00+02:00;437,000;1,000;MESURE
2025-04-23 01:00:00+02:00;438,000;1,000;MESURE
2025-04-23 02:00:00+02:00;438,000;1,000;MESURE
2025-04-23 03:00:00+02:00;438,000;1,000;MESURE
2025-04-23 04:00:00+02:00;439,000;1,000;MESURE
2025-04-23 05:00:00+02:00;954,000;1,000;MESURE
2025-04-23 06:00:00+02:00;272,000;1,000;MESURE
2025-04-23 07:00:00+02:00;0,000;1,000;MESURE
2025-04-23 08:00:00+02:00;0,000;1,000;MESURE
2025-04-23 09:00:00+02:00;0,000;1,000;MESURE
2025-04-23 10:00:00+02:00;4001,000;1,000;MESURE
2025-04-23 11:00:00+02:00;0,000;1,000;MESURE
2025-04-23 12:00:00+02:00;0,000;1,000;MESURE
2025-04-23 13:00:00+02:00;0,000;1,000;MESURE
2025-04-23 14:00:00+02:00;0,000;1,000;MESURE
2025-04-23 15:00:00+02:00;0,000;1,000;MESURE
2025-04-23 16:00:00+02:00;0,000;1,000;MESURE
2025-04-23 17:00:00+02:00;0,000;1,000;MESURE
2025-04-23 18:00:00+02:00;0,000;1,000;MESURE
2025-04-23 19:00:00+02:00;0,000;1,000;MESURE
2025-04-23 20:00:00+02:00;1334,000;1,000;MESURE
2025-04-23 21:00:00+02:00;8970,000;1,000;MESURE
2025-04-23 22:00:00+02:00;4037,000;1,000;MESURE
2025-04-23 23:00:00+02:00;3828,000;1,000;MESURE
2025-04-24 00:00:00+02:00;3754,000;1,000;MESURE
2025-04-24 01:00:00+02:00;3755,000;1,000;MESURE
2025-04-24 02:00:00+02:00;3757,000;1,000;MESURE
2025-04-24 03:00:00+02:00;3760,000;1,000;MESURE
2025-04-24 04:00:00+02:00;3761,000;1,000;MESURE
2025-04-24 05:00:00+02:00;8847,000;1,000;MESURE
2025-04-24 06:00:00+02:00;2233,000;1,000;MESURE
2025-04-24 07:00:00+02:00;0,000;1,000;MESURE
2025-04-24 08:00:00+02:00;0,000;1,000;MESURE
2025-04-24 09:00:00+02:00;0,000;1,000;MESURE
2025-04-24 10:00:00+02:00;0,000;1,000;MESURE
2025-04-24 11:00:00+02:00;0,000;1,000;MESURE
2025-04-24 12:00:00+02:00;0,000;1,000;MESURE
2025-04-24 13:00:00+02:00;0,000;1,000;MESURE
2025-04-24 14:00:00+02:00;0,000;1,000;MESURE
2025-04-24 15:00:00+02:00;0,000;1,000;MESURE
2025-04-24 16:00:00+02:00;0,000;1,000;MESURE
2025-04-24 17:00:00+02:00;0,000;1,000;MESURE
2025-04-24 18:00:00+02:00;0,000;1,000;MESURE
2025-04-24 19:00:00+02:00;0,000;1,000;MESURE
2025-04-24 20:00:00+02:00;1187,000;1,000;MESURE
2025-04-24 21:00:00+02:00;8898,000;1,000;MESURE
2025-04-24 22:00:00+02:00;4067,000;1,000;MESURE
2025-04-24 23:00:00+02:00;3812,000;1,000;MESURE
2025-04-25 00:00:00+02:00;3746,000;1,000;MESURE
2025-04-25 01:00:00+02:00;3745,000;1,000;MESURE
2025-04-25 02:00:00+02:00;3747,000;1,000;MESURE
2025-04-25 03:00:00+02:00;3749,000;1,000;MESURE
2025-04-25 04:00:00+02:00;3754,000;1,000;MESURE
2025-04-25 05:00:00+02:00;8844,000;1,000;MESURE
2025-04-25 06:00:00+02:00;1957,000;1,000;MESURE
2025-04-25 07:00:00+02:00;0,000;1,000;MESURE
2025-04-25 08:00:00+02:00;0,000;1,000;MESURE
2025-04-25 09:00:00+02:00;0,000;1,000;MESURE
2025-04-25 10:00:00+02:00;0,000;1,000;MESURE
2025-04-25 11:00:00+02:00;0,000;1,000;MESURE
2025-04-25 12:00:00+02:00;0,000;1,000;MESURE
2025-04-25 13:00:00+02:00;0,000;1,000;MESURE
2025-04-25 14:00:00+02:00;0,000;1,000;MESURE
2025-04-25 15:00:00+02:00;0,000;1,000;MESURE
2025-04-25 16:00:00+02:00;0,000;1,000;MESURE
2025-04-25 17:00:00+02:00;0,000;1,000;MESURE
2025-04-25 18:00:00+02:00;0,000;1,000;MESURE
2025-04-25 19:00:00+02:00;0,000;1,000;MESURE
2025-04-25 20:00:00+02:00;899,000;1,000;MESURE
2025-04-25 21:00:00+02:00;8951,000;1,000;MESURE
2025-04-25 22:00:00+02:00;4083,000;1,000;MESURE
2025-04-25 23:00:00+02:00;3819,000;1,000;MESURE
2025-04-26 00:00:00+02:00;3752,000;1,000;MESURE
2025-04-26 01:00:00+02:00;3755,000;1,000;MESURE
2025-04-26 02:00:00+02:00;3755,000;1,000;MESURE
2025-04-26 03:00:00+02:00;3758,000;1,000;MESURE
2025-04-26 04:00:00+02:00;3758,000;1,000;MESURE
2025-04-26 05:00:00+02:00;8855,000;1,000;MESURE
2025-04-26 06:00:00+02:00;1805,000;1,000;MESURE
2025-04-26 07:00:00+02:00;0,000;1,000;MESURE
2025-04-26 08:00:00+02:00;0,000;1,000;MESURE
2025-04-26 09:00:00+02:00;0,000;1,000;MESURE
2025-04-26 10:00:00+02:00;0,000;1,000;MESURE
2025-04-26 11:00:00+02:00;0,000;1,000;MESURE
2025-04-26 12:00:00+02:00;0,000;1,000;MESURE
2025-04-26 13:00:00+02:00;0,000;1,000;MESURE
2025-04-26 14:00:00+02:00;0,000;1,000;MESURE
2025-04-26 15:00:00+02:00;0,000;1,000;MESURE
2025-04-26 16:00:00+02:00;0,000;1,000;MESURE
2025-04-26 17:00:00+02:00;0,000;1,000;MESURE
2025-04-26 18:00:00+02:00;0,000;1,000;MESURE
2025-04-26 19:00:00+02:00;0,000;1,000;MESURE
2025-04-26 20:00:00+02:00;745,000;1,000;MESURE
2025-04-26 21:00:00+02:00;8886,000;1,000;MESURE
2025-04-26 22:00:00+02:00;3966,000;1,000;MESURE
2025-04-26 23:00:00+02:00;3798,000;1,000;MESURE
2025-04-27 00:00:00+02:00;3724,000;1,000;MESURE
2025-04-27 01:00:00+02:00;3724,000;1,000;MESURE
2025-04-27 02:00:00+02:00;3734,000;1,000;MESURE
2025-04-27 03:00:00+02:00;3742,000;1,000;MESURE
2025-04-27 04:00:00+02:00;3745,000;1,000;MESURE
2025-04-27 05:00:00+02:00;8832,000;1,000;MESURE
2025-04-27 06:00:00+02:00;1488,000;1,000;MESURE
2025-04-27 07:00:00+02:00;0,000;1,000;MESURE
2025-04-27 08:00:00+02:00;0,000;1,000;MESURE
2025-04-27 09:00:00+02:00;0,000;1,000;MESURE
2025-04-27 10:00:00+02:00;0,000;1,000;MESURE
2025-04-27 11:00:00+02:00;0,000;1,000;MESURE
2025-04-27 12:00:00+02:00;0,000;1,000;MESURE
2025-04-27 13:00:00+02:00;0,000;1,000;MESURE
2025-04-27 14:00:00+02:00;0,000;1,000;MESURE
2025-04-27 15:00:00+02:00;0,000;1,000;MESURE
2025-04-27 16:00:00+02:00;0,000;1,000;MESURE
2025-04-27 17:00:00+02:00;0,000;1,000;MESURE
2025-04-27 18:00:00+02:00;0,000;1,000;MESURE
2025-04-27 19:00:00+02:00;0,000;1,000;MESURE
2025-04-27 20:00:00+02:00;424,000;1,000;MESURE
2025-04-27 21:00:00+02:00;8919,000;1,000;MESURE
2025-04-27 22:00:00+02:00;4022,000;1,000;MESURE
2025-04-27 23:00:00+02:00;3804,000;1,000;MESURE
2025-04-28 00:00:00+02:00;3735,000;1,000;MESURE
2025-04-28 01:00:00+02:00;3739,000;1,000;MESURE
2025-04-28 02:00:00+02:00;3744,000;1,000;MESURE
2025-04-28 03:00:00+02:00;3744,000;1,000;MESURE
2025-04-28 04:00:00+02:00;3747,000;1,000;MESURE
2025-04-28 05:00:00+02:00;8832,000;1,000;MESURE
2025-04-28 06:00:00+02:00;1213,000;1,000;MESURE
2025-04-28 07:00:00+02:00;0,000;1,000;MESURE
2025-04-28 08:00:00+02:00;0,000;1,000;MESURE
2025-04-28 09:00:00+02:00;0,000;1,000;MESURE
2025-04-28 10:00:00+02:00;0,000;1,000;MESURE
2025-04-28 11:00:00+02:00;0,000;1,000;MESURE
2025-04-28 12:00:00+02:00;0,000;1,000;MESURE
2025-04-28 13:00:00+02:00;0,000;1,000;MESURE
2025-04-28 14:00:00+02:00;0,000;1,000;MESURE
2025-04-28 15:00:00+02:00;0,000;1,000;MESURE
2025-04-28 16:00:00+02:00;0,000;1,000;MESURE
2025-04-28 17:00:00+02:00;0,000;1,000;MESURE
2025-04-28 18:00:00+02:00;0,000;1,000;MESURE
2025-04-28 19:00:00+02:00;0,000;1,000;MESURE
2025-04-28 20:00:00+02:00;279,000;1,000;MESURE
2025-04-28 21:00:00+02:00;8883,000;1,000;MESURE
2025-04-28 22:00:00+02:00;3989,000;1,000;MESURE
2025-04-28 23:00:00+02:00;3793,000;1,000;MESURE
2025-04-29 00:00:00+02:00;3729,000;1,000;MESURE
2025-04-29 01:00:00+02:00;3733,000;1,000;MESURE
2025-04-29 02:00:00+02:00;3736,000;1,000;MESURE
2025-04-29 03:00:00+02:00;3739,000;1,000;MESURE
2025-04-29 04:00:00+02:00;3740,000;1,000;MESURE
2025-04-29 05:00:00+02:00;8805,000;1,000;MESURE
2025-04-29 06:00:00+02:00;1040,000;1,000;MESURE
2025-04-29 07:00:00+02:00;0,000;1,000;MESURE
2025-04-29 08:00:00+02:00;0,000;1,000;MESURE
2025-04-29 09:00:00+02:00;0,000;1,000;MESURE
2025-04-29 10:00:00+02:00;0,000;1,000;MESURE
2025-04-29 11:00:00+02:00;0,000;1,000;MESURE
2025-04-29 12:00:00+02:00;0,000;1,000;MESURE
2025-04-29 13:00:00+02:00;0,000;1,000;MESURE
2025-04-29 14:00:00+02:00;0,000;1,000;MESURE
2025-04-29 15:00:00+02:00;0,000;1,000;MESURE
2025-04-29 16:00:00+02:00;0,000;1,000;MESURE
2025-04-29 17:00:00+02:00;0,000;1,000;MESURE
2025-04-29 18:00:00+02:00;0,000;1,000;MESURE
2025-04-29 19:00:00+02:00;0,000;1,000;MESURE
2025-04-29 20:00:00+02:00;105,000;1,000;MESURE
2025-04-29 21:00:00+02:00;8893,000;1,000;MESURE
2025-04-29 22:00:00+02:00;3986,000;1,000;MESURE
2025-04-29 23:00:00+02:00;3787,000;1,000;MESURE
2025-04-30 00:00:00+02:00;3725,000;1,000;MESURE
2025-04-30 01:00:00+02:00;3728,000;1,000;MESURE
2025-04-30 02:00:00+02:00;3732,000;1,000;MESURE
2025-04-30 03:00:00+02:00;3734,000;1,000;MESURE
2025-04-30 04:00:00+02:00;3737,000;1,000;MESURE
2025-04-30 05:00:00+02:00;8810,000;1,000;MESURE
2025-04-30 06:00:00+02:00;754,000;1,000;MESURE
2025-04-30 07:00:00+02:00;0,000;1,000;MESURE
2025-04-30 08:00:00+02:00;0,000;1,000;MESURE
2025-04-30 09:00:00+02:00;0,000;1,000;MESURE
2025-04-30 10:00:00+02:00;0,000;1,000;MESURE
2025-04-30 11:00:00+02:00;0,000;1,000;MESURE
2025-04-30 12:00:00+02:00;0,000;1,000;MESURE
2025-04-30 13:00:00+02:00;0,000;1,000;MESURE
2025-04-30 14:00:00+02:00;0,000;1,000;MESURE
2025-04-30 15:00:00+02:00;0,000;1,000;MESURE
2025-04-30 16:00:00+02:00;0,000;1,000;MESURE
2025-04-30 17:00:00+02:00;0,000;1,000;MESURE
2025-04-30 18:00:00+02:00;0,000;1,000;MESURE
2025-04-30 19:00:00+02:00;0,000;1,000;MESURE
2025-04-30 20:00:00+02:00;0,000;1,000;MESURE
2025-04-30 21:00:00+02:00;8731,000;1,000;MESURE
2025-04-30 22:00:00+02:00;3953,000;1,000;MESURE
2025-04-30 23:00:00+02:00;3790,000;1,000;MESURE
2025-05-01 00:00:00+02:00;3723,000;1,000;MESURE
2025-05-01 01:00:00+02:00;3728,000;1,000;MESURE
2025-05-01 02:00:00+02:00;3732,000;1,000;MESURE
2025-05-01 03:00:00+02:00;3733,000;1,000;MESURE
2025-05-01 04:00:00+02:00;3736,000;1,000;MESURE
2025-05-01 05:00:00+02:00;8781,000;1,000;MESURE
2025-05-01 06:00:00+02:00;445,000;1,000;MESURE
2025-05-01 07:00:00+02:00;0,000;1,000;MESURE
2025-05-01 08:00:00+02:00;0,000;1,000;MESURE
2025-05-01 09:00:00+02:00;0,000;1,000;MESURE
2025-05-01 10:00:00+02:00;0,000;1,000;MESURE
2025-05-01 11:00:00+02:00;0,000;1,000;MESURE
2025-05-01 12:00:00+02:00;0,000;1,000;MESURE
2025-05-01 13:00:00+02:00;0,000;1,000;MESURE
2025-05-01 14:00:00+02:00;0,000;1,000;MESURE
2025-05-01 15:00:00+02:00;0,000;1,000;MESURE
2025-05-01 16:00:00+02:00;0,000;1,000;MESURE
2025-05-01 17:00:00+02:00;0,000;1,000;MESURE
2025-05-01 18:00:00+02:00;0,000;1,000;MESURE
2025-05-01 19:00:00+02:00;0,000;1,000;MESURE
2025-05-01 20:00:00+02:00;0,000;1,000;MESURE
2025-05-01 21:00:00+02:00;8572,000;1,000;MESURE
2025-05-01 22:00:00+02:00;3966,000;1,000;MESURE
2025-05-01 23:00:00+02:00;3783,000;1,000;MESURE
2025-05-02 00:00:00+02:00;3719,000;1,000;MESURE
2025-05-02 01:00:00+02:00;3724,000;1,000;MESURE
2025-05-02 02:00:00+02:00;3727,000;1,000;MESURE
2025-05-02 03:00:00+02:00;3729,000;1,000;MESURE
2025-05-02 04:00:00+02:00;3733,000;1,000;MESURE
2025-05-02 05:00:00+02:00;8808,000;1,000;MESURE
2025-05-02 06:00:00+02:00;301,000;1,000;MESURE
2025-05-02 07:00:00+02:00;0,000;1,000;MESURE
2025-05-02 08:00:00+02:00;0,000;1,000;MESURE
2025-05-02 09:00:00+02:00;0,000;1,000;MESURE
2025-05-02 10:00:00+02:00;0,000;1,000;MESURE
2025-05-02 11:00:00+02:00;0,000;1,000;MESURE
2025-05-02 12:00:00+02:00;0,000;1,000;MESURE
2025-05-02 13:00:00+02:00;0,000;1,000;MESURE
2025-05-02 14:00:00+02:00;0,000;1,000;MESURE
2025-05-02 15:00:00+02:00;0,000;1,000;MESURE
2025-05-02 16:00:00+02:00;0,000;1,000;MESURE
2025-05-02 17:00:00+02:00;0,000;1,000;MESURE
2025-05-02 18:00:00+02:00;0,000;1,000;MESURE
2025-05-02 19:00:00+02:00;0,000;1,000;MESURE
2025-05-02 20:00:00+02:00;0,000;1,000;MESURE
2025-05-02 21:00:00+02:00;8469,000;1,000;MESURE
2025-05-02 22:00:00+02:00;3994,000;1,000;MESURE
2025-05-02 23:00:00+02:00;3783,000;1,000;MESURE
2025-05-03 00:00:00+02:00;3716,000;1,000;MESURE
2025-05-03 01:00:00+02:00;3733,000;1,000;MESURE
2025-05-03 02:00:00+02:00;3731,000;1,000;MESURE
2025-05-03 03:00:00+02:00;3733,000;1,000;MESURE
2025-05-03 04:00:00+02:00;3728,000;1,000;MESURE
2025-05-03 05:00:00+02:00;8791,000;1,000;MESURE
2025-05-03 06:00:00+02:00;26,000;1,000;MESURE
2025-05-03 07:00:00+02:00;0,000;1,000;MESURE
2025-05-03 08:00:00+02:00;0,000;1,000;MESURE
2025-05-03 09:00:00+02:00;0,000;1,000;MESURE
2025-05-03 10:00:00+02:00;0,000;1,000;MESURE
2025-05-03 11:00:00+02:00;0,000;1,000;MESURE
2025-05-03 12:00:00+02:00;0,000;1,000;MESURE
2025-05-03 13:00:00+02:00;0,000;1,000;MESURE
2025-05-03 14:00:00+02:00;0,000;1,000;MESURE
2025-05-03 15:00:00+02:00;0,000;1,000;MESURE
2025-05-03 16:00:00+02:00;0,000;1,000;MESURE
2025-05-03 17:00:00+02:00;0,000;1,000;MESURE
2025-05-03 18:00:00+02:00;0,000;1,000;MESURE
2025-05-03 19:00:00+02:00;0,000;1,000;MESURE
2025-05-03 20:00:00+02:00;0,000;1,000;MESURE
2025-05-03 21:00:00+02:00;8151,000;1,000;MESURE
2025-05-03 22:00:00+02:00;4009,000;1,000;MESURE
2025-05-03 23:00:00+02:00;3812,000;1,000;MESURE
2025-05-04 00:00:00+02:00;3742,000;1,000;MESURE
2025-05-04 01:00:00+02:00;3735,000;1,000;MESURE
2025-05-04 02:00:00+02:00;3733,000;1,000;MESURE
2025-05-04 03:00:00+02:00;3735,000;1,000;MESURE
2025-05-04 04:00:00+02:00;3735,000;1,000;MESURE
2025-05-04 05:00:00+02:00;8656,000;1,000;MESURE
2025-05-04 06:00:00+02:00;0,000;1,000;MESURE
2025-05-04 07:00:00+02:00;0,000;1,000;MESURE
2025-05-04 08:00:00+02:00;0,000;1,000;MESURE
2025-05-04 09:00:00+02:00;0,000;1,000;MESURE
2025-05-04 10:00:00+02:00;0,000;1,000;MESURE
2025-05-04 11:00:00+02:00;0,000;1,000;MESURE
2025-05-04 12:00:00+02:00;0,000;1,000;MESURE
2025-05-04 13:00:00+02:00;0,000;1,000;MESURE
2025-05-04 14:00:00+02:00;0,000;1,000;MESURE
2025-05-04 15:00:00+02:00;0,000;1,000;MESURE
2025-05-04 16:00:00+02:00;0,000;1,000;MESURE
2025-05-04 17:00:00+02:00;0,000;1,000;MESURE
2025-05-04 18:00:00+02:00;0,000;1,000;MESURE
2025-05-04 19:00:00+02:00;0,000;1,000;MESURE
2025-05-04 20:00:00+02:00;0,000;1,000;MESURE
2025-05-04 21:00:00+02:00;8034,000;1,000;MESURE
2025-05-04 22:00:00+02:00;4012,000;1,000;MESURE
2025-05-04 23:00:00+02:00;3824,000;1,000;MESURE
2025-05-05 00:00:00+02:00;3758,000;1,000;MESURE
2025-05-05 01:00:00+02:00;3762,000;1,000;MESURE
2025-05-05 02:00:00+02:00;3759,000;1,000;MESURE
2025-05-05 03:00:00+02:00;3762,000;1,000;MESURE
2025-05-05 04:00:00+02:00;3761,000;1,000;MESURE
2025-05-05 05:00:00+02:00;8450,000;1,000;MESURE
2025-05-05 06:00:00+02:00;0,000;1,000;MESURE
2025-05-05 07:00:00+02:00;0,000;1,000;MESURE
2025-05-05 08:00:00+02:00;0,000;1,000;MESURE
2025-05-05 09:00:00+02:00;0,000;1,000;MESURE
2025-05-05 10:00:00+02:00;0,000;1,000;MESURE
2025-05-05 11:00:00+02:00;0,000;1,000;MESURE
2025-05-05 12:00:00+02:00;0,000;1,000;MESURE
2025-05-05 13:00:00+02:00;0,000;1,000;MESURE
2025-05-05 14:00:00+02:00;0,000;1,000;MESURE
2025-05-05 15:00:00+02:00;0,000;1,000;MESURE
2025-05-05 16:00:00+02:00;0,000;1,000;MESURE
2025-05-05 17:00:00+02:00;0,000;1,000;MESURE
2025-05-05 18:00:00+02:00;0,000;1,000;MESURE
2025-05-05 19:00:00+02:00;0,000;1,000;MESURE
2025-05-05 20:00:00+02:00;0,000;1,000;MESURE
2025-05-05 21:00:00+02:00;7804,000;1,000;MESURE
2025-05-05 22:00:00+02:00;4030,000;1,000;MESURE
2025-05-05 23:00:00+02:00;3843,000;1,000;MESURE
2025-05-06 00:00:00+02:00;3774,000;1,000;MESURE
2025-05-06 01:00:00+02:00;3773,000;1,000;MESURE
2025-05-06 02:00:00+02:00;3769,000;1,000;MESURE
2025-05-06 03:00:00+02:00;3769,000;1,000;MESURE
2025-05-06 04:00:00+02:00;3771,000;1,000;MESURE
2025-05-06 05:00:00+02:00;8343,000;1,000;MESURE
2025-05-06 06:00:00+02:00;0,000;1,000;MESURE
2025-05-06 07:00:00+02:00;0,000;1,000;MESURE
2025-05-06 08:00:00+02:00;0,000;1,000;MESURE
2025-05-06 09:00:00+02:00;0,000;1,000;MESURE
2025-05-06 10:00:00+02:00;0,000;1,000;MESURE
2025-05-06 11:00:00+02:00;0,000;1,000;MESURE
2025-05-06 12:00:00+02:00;0,000;1,000;MESURE
2025-05-06 13:00:00+02:00;0,000;1,000;MESURE
2025-05-06 14:00:00+02:00;0,000;1,000;MESURE
2025-05-06 15:00:00+02:00;0,000;1,000;MESURE
2025-05-06 16:00:00+02:00;0,000;1,000;MESURE
2025-05-06 17:00:00+02:00;0,000;1,000;MESURE
2025-05-06 18:00:00+02:00;0,000;1,000;MESURE
2025-05-06 19:00:00+02:00;0,000;1,000;MESURE
2025-05-06 20:00:00+02:00;0,000;1,000;MESURE
2025-05-06 21:00:00+02:00;7600,000;1,000;MESURE
2025-05-06 22:00:00+02:00;4030,000;1,000;MESURE
2025-05-06 23:00:00+02:00;3832,000;1,000;MESURE
2025-05-07 00:00:00+02:00;3759,000;1,000;MESURE
2025-05-07 01:00:00+02:00;3756,000;1,000;MESURE
2025-05-07 02:00:00+02:00;3755,000;1,000;MESURE
2025-05-07 03:00:00+02:00;3757,000;1,000;MESURE
2025-05-07 04:00:00+02:00;3756,000;1,000;MESURE
2025-05-07 05:00:00+02:00;7999,000;1,000;MESURE
2025-05-07 06:00:00+02:00;0,000;1,000;MESURE
2025-05-07 07:00:00+02:00;0,000;1,000;MESURE
2025-05-07 08:00:00+02:00;0,000;1,000;MESURE
2025-05-07 09:00:00+02:00;0,000;1,000;MESURE
2025-05-07 10:00:00+02:00;0,000;1,000;MESURE
2025-05-07 11:00:00+02:00;0,000;1,000;MESURE
2025-05-07 12:00:00+02:00;0,000;1,000;MESURE
2025-05-07 13:00:00+02:00;0,000;1,000;MESURE
2025-05-07 14:00:00+02:00;0,000;1,000;MESURE
2025-05-07 15:00:00+02:00;0,000;1,000;MESURE
2025-05-07 16:00:00+02:00;0,000;1,000;MESURE
2025-05-07 17:00:00+02:00;0,000;1,000;MESURE
2025-05-07 18:00:00+02:00;0,000;1,000;MESURE
2025-05-07 19:00:00+02:00;0,000;1,000;MESURE
2025-05-07 20:00:00+02:00;0,000;1,000;MESURE
2025-05-07 21:00:00+02:00;7479,000;1,000;MESURE
2025-05-07 22:00:00+02:00;4057,000;1,000;MESURE
2025-05-07 23:00:00+02:00;3878,000;1,000;MESURE
2025-05-08 00:00:00+02:00;3805,000;1,000;MESURE
2025-05-08 01:00:00+02:00;3806,000;1,000;MESURE
2025-05-08 02:00:00+02:00;3811,000;1,000;MESURE
2025-05-08 03:00:00+02:00;3810,000;1,000;MESURE
2025-05-08 04:00:00+02:00;3810,000;1,000;MESURE
2025-05-08 05:00:00+02:00;7822,000;1,000;MESURE
2025-05-08 06:00:00+02:00;0,000;1,000;MESURE
2025-05-08 07:00:00+02:00;0,000;1,000;MESURE
2025-05-08 08:00:00+02:00;0,000;1,000;MESURE
2025-05-08 09:00:00+02:00;0,000;1,000;MESURE
2025-05-08 10:00:00+02:00;0,000;1,000;MESURE
2025-05-08 11:00:00+02:00;0,000;1,000;MESURE
2025-05-08 12:00:00+02:00;0,000;1,000;MESURE
2025-05-08 13:00:00+02:00;0,000;1,000;MESURE
2025-05-08 14:00:00+02:00;0,000;1,000;MESURE
2025-05-08 15:00:00+02:00;0,000;1,000;MESURE
2025-05-08 16:00:00+02:00;0,000;1,000;MESURE
2025-05-08 17:00:00+02:00;0,000;1,000;MESURE
2025-05-08 18:00:00+02:00;0,000;1,000;MESURE
2025-05-08 19:00:00+02:00;0,000;1,000;MESURE
2025-05-08 20:00:00+02:00;0,000;1,000;MESURE
2025-05-08 21:00:00+02:00;7134,000;1,000;MESURE
2025-05-08 22:00:00+02:00;3996,000;1,000;MESURE
2025-05-08 23:00:00+02:00;3806,000;1,000;MESURE
2025-05-09 00:00:00+02:00;3739,000;1,000;MESURE
2025-05-09 01:00:00+02:00;3741,000;1,000;MESURE
2025-05-09 02:00:00+02:00;3743,000;1,000;MESURE
2025-05-09 03:00:00+02:00;3740,000;1,000;MESURE
2025-05-09 04:00:00+02:00;3742,000;1,000;MESURE
2025-05-09 05:00:00+02:00;7523,000;1,000;MESURE
2025-05-09 06:00:00+02:00;0,000;1,000;MESURE
2025-05-09 07:00:00+02:00;0,000;1,000;MESURE
2025-05-09 08:00:00+02:00;0,000;1,000;MESURE
2025-05-09 09:00:00+02:00;0,000;1,000;MESURE
2025-05-09 10:00:00+02:00;0,000;1,000;MESURE
2025-05-09 11:00:00+02:00;0,000;1,000;MESURE
2025-05-09 12:00:00+02:00;0,000;1,000;MESURE
2025-05-09 13:00:00+02:00;0,000;1,000;MESURE
2025-05-09 14:00:00+02:00;0,000;1,000;MESURE
2025-05-09 15:00:00+02:00;0,000;1,000;MESURE
2025-05-09 16:00:00+02:00;0,000;1,000;MESURE
2025-05-09 17:00:00+02:00;0,000;1,000;MESURE
2025-05-09 18:00:00+02:00;0,000;1,000;MESURE
2025-05-09 19:00:00+02:00;0,000;1,000;MESURE
2025-05-09 20:00:00+02:00;0,000;1,000;MESURE
2025-05-09 21:00:00+02:00;7003,000;1,000;MESURE
2025-05-09 22:00:00+02:00;4102,000;1,000;MESURE
2025-05-09 23:00:00+02:00;3811,000;1,000;MESURE
2025-05-10 00:00:00+02:00;3744,000;1,000;MESURE
2025-05-10 01:00:00+02:00;3745,000;1,000;MESURE
2025-05-10 02:00:00+02:00;3746,000;1,000;MESURE
2025-05-10 03:00:00+02:00;3752,000;1,000;MESURE
2025-05-10 04:00:00+02:00;3755,000;1,000;MESURE
2025-05-10 05:00:00+02:00;7387,000;1,000;MESURE
2025-05-10 06:00:00+02:00;0,000;1,000;MESURE
2025-05-10 07:00:00+02:00;0,000;1,000;MESURE
2025-05-10 08:00:00+02:00;0,000;1,000;MESURE
2025-05-10 09:00:00+02:00;0,000;1,000;MESURE
2025-05-10 10:00:00+02:00;0,000;1,000;MESURE
2025-05-10 11:00:00+02:00;0,000;1,000;MESURE
2025-05-10 12:00:00+02:00;0,000;1,000;MESURE
2025-05-10 13:00:00+02:00;0,000;1,000;MESURE
2025-05-10 14:00:00+02:00;0,000;1,000;MESURE
2025-05-10 15:00:00+02:00;0,000;1,000;MESURE
2025-05-10 16:00:00+02:00;0,000;1,000;MESURE
2025-05-10 17:00:00+02:00;0,000;1,000;MESURE
2025-05-10 18:00:00+02:00;0,000;1,000;MESURE
2025-05-10 19:00:00+02:00;0,000;1,000;MESURE
2025-05-10 20:00:00+02:00;0,000;1,000;MESURE
2025-05-10 21:00:00+02:00;6805,000;1,000;MESURE
2025-05-10 22:00:00+02:00;3967,000;1,000;MESURE
2025-05-10 23:00:00+02:00;3791,000;1,000;MESURE
2025-05-11 00:00:00+02:00;3723,000;1,000;MESURE
2025-05-11 01:00:00+02:00;3728,000;1,000;MESURE
2025-05-11 02:00:00+02:00;3734,000;1,000;MESURE
2025-05-11 03:00:00+02:00;3734,000;1,000;MESURE
2025-05-11 04:00:00+02:00;3741,000;1,000;MESURE
2025-05-11 05:00:00+02:00;7070,000;1,000;MESURE
2025-05-11 06:00:00+02:00;0,000;1,000;MESURE
2025-05-11 07:00:00+02:00;0,000;1,000;MESURE
2025-05-11 08:00:00+02:00;0,000;1,000;MESURE
2025-05-11 09:00:00+02:00;0,000;1,000;MESURE
2025-05-11 10:00:00+02:00;0,000;1,000;MESURE
2025-05-11 11:00:00+02:00;0,000;1,000;MESURE
2025-05-11 12:00:00+02:00;0,000;1,000;MESURE
2025-05-11 13:00:00+02:00;0,000;1,000;MESURE
2025-05-11 14:00:00+02:00;0,000;1,000;MESURE
2025-05-11 15:00:00+02:00;0,000;1,000;MESURE
2025-05-11 16:00:00+02:00;0,000;1,000;MESURE
2025-05-11 17:00:00+02:00;0,000;1,000;MESURE
2025-05-11 18:00:00+02:00;0,000;1,000;MESURE
2025-05-11 19:00:00+02:00;0,000;1,000;MESURE
2025-05-11 20:00:00+02:00;0,000;1,000;MESURE
2025-05-11 21:00:00+02:00;6579,000;1,000;MESURE
2025-05-11 22:00:00+02:00;4012,000;1,000;MESURE
2025-05-11 23:00:00+02:00;3818,000;1,000;MESURE
2025-05-12 00:00:00+02:00;3746,000;1,000;MESURE
2025-05-12 01:00:00+02:00;3739,000;1,000;MESURE
2025-05-12 02:00:00+02:00;3740,000;1,000;MESURE
2025-05-12 03:00:00+02:00;3737,000;1,000;MESURE
2025-05-12 04:00:00+02:00;3738,000;1,000;MESURE
2025-05-12 05:00:00+02:00;6924,000;1,000;MESURE
2025-05-12 06:00:00+02:00;0,000;1,000;MESURE
2025-05-12 07:00:00+02:00;0,000;1,000;MESURE
2025-05-12 08:00:00+02:00;0,000;1,000;MESURE
2025-05-12 09:00:00+02:00;0,000;1,000;MESURE
2025-05-12 10:00:00+02:00;0,000;1,000;MESURE
2025-05-12 11:00:00+02:00;0,000;1,000;MESURE
2025-05-12 12:00:00+02:00;0,000;1,000;MESURE
2025-05-12 13:00:00+02:00;0,000;1,000;MESURE
2025-05-12 14:00:00+02:00;0,000;1,000;MESURE
2025-05-12 15:00:00+02:00;0,000;1,000;MESURE
2025-05-12 16:00:00+02:00;0,000;1,000;MESURE
2025-05-12 17:00:00+02:00;0,000;1,000;MESURE
2025-05-12 18:00:00+02:00;0,000;1,000;MESURE
2025-05-12 19:00:00+02:00;0,000;1,000;MESURE
2025-05-12 20:00:00+02:00;0,000;1,000;MESURE
2025-05-12 21:00:00+02:00;6375,000;1,000;MESURE
2025-05-12 22:00:00+02:00;3986,000;1,000;MESURE
2025-05-12 23:00:00+02:00;3818,000;1,000;MESURE
2025-05-13 00:00:00+02:00;3749,000;1,000;MESURE
2025-05-13 01:00:00+02:00;3751,000;1,000;MESURE
2025-05-13 02:00:00+02:00;3752,000;1,000;MESURE
2025-05-13 03:00:00+02:00;3755,000;1,000;MESURE
2025-05-13 04:00:00+02:00;3754,000;1,000;MESURE
2025-05-13 05:00:00+02:00;6793,000;1,000;MESURE
2025-05-13 06:00:00+02:00;0,000;1,000;MESURE
2025-05-13 07:00:00+02:00;0,000;1,000;MESURE
2025-05-13 08:00:00+02:00;0,000;1,000;MESURE
2025-05-13 09:00:00+02:00;0,000;1,000;MESURE
2025-05-13 10:00:00+02:00;0,000;1,000;MESURE
2025-05-13 11:00:00+02:00;0,000;1,000;MESURE
2025-05-13 12:00:00+02:00;0,000;1,000;MESURE
2025-05-13 13:00:00+02:00;0,000;1,000;MESURE
2025-05-13 14:00:00+02:00;0,000;1,000;MESURE
2025-05-13 15:00:00+02:00;0,000;1,000;MESURE
2025-05-13 16:00:00+02:00;0,000;1,000;MESURE
2025-05-13 17:00:00+02:00;0,000;1,000;MESURE
2025-05-13 18:00:00+02:00;0,000;1,000;MESURE
2025-05-13 19:00:00+02:00;0,000;1,000;MESURE
2025-05-13 20:00:00+02:00;0,000;1,000;MESURE
2025-05-13 21:00:00+02:00;6229,000;1,000;MESURE
2025-05-13 22:00:00+02:00;3982,000;1,000;MESURE
2025-05-13 23:00:00+02:00;3806,000;1,000;MESURE
2025-05-14 00:00:00+02:00;3737,000;1,000;MESURE
2025-05-14 01:00:00+02:00;3741,000;1,000;MESURE
2025-05-14 02:00:00+02:00;3744,000;1,000;MESURE
2025-05-14 03:00:00+02:00;3745,000;1,000;MESURE
2025-05-14 04:00:00+02:00;3749,000;1,000;MESURE
2025-05-14 05:00:00+02:00;6467,000;1,000;MESURE
2025-05-14 06:00:00+02:00;0,000;1,000;MESURE
2025-05-14 07:00:00+02:00;0,000;1,000;MESURE
2025-05-14 08:00:00+02:00;0,000;1,000;MESURE
2025-05-14 09:00:00+02:00;0,000;1,000;MESURE
2025-05-14 10:00:00+02:00;0,000;1,000;MESURE
2025-05-14 11:00:00+02:00;0,000;1,000;MESURE
2025-05-14 12:00:00+02:00;0,000;1,000;MESURE
2025-05-14 13:00:00+02:00;0,000;1,000;MESURE
2025-05-14 14:00:00+02:00;0,000;1,000;MESURE
2025-05-14 15:00:00+02:00;0,000;1,000;MESURE
2025-05-14 16:00:00+02:00;0,000;1,000;MESURE
2025-05-14 17:00:00+02:00;0,000;1,000;MESURE
2025-05-14 18:00:00+02:00;0,000;1,000;MESURE
2025-05-14 19:00:00+02:00;0,000;1,000;MESURE
2025-05-14 20:00:00+02:00;0,000;1,000;MESURE
2025-05-14 21:00:00+02:00;6067,000;1,000;MESURE
2025-05-14 22:00:00+02:00;3975,000;1,000;MESURE
2025-05-14 23:00:00+02:00;3796,000;1,000;MESURE
2025-05-15 00:00:00+02:00;3727,000;1,000;MESURE
2025-05-15 01:00:00+02:00;3734,000;1,000;MESURE
2025-05-15 02:00:00+02:00;3738,000;1,000;MESURE
2025-05-15 03:00:00+02:00;3741,000;1,000;MESURE
2025-05-15 04:00:00+02:00;3745,000;1,000;MESURE
2025-05-15 05:00:00+02:00;6334,000;1,000;MESURE
2025-05-15 06:00:00+02:00;0,000;1,000;MESURE
2025-05-15 07:00:00+02:00;0,000;1,000;MESURE
2025-05-15 08:00:00+02:00;0,000;1,000;MESURE
2025-05-15 09:00:00+02:00;0,000;1,000;MESURE
2025-05-15 10:00:00+02:00;0,000;1,000;MESURE
2025-05-15 11:00:00+02:00;0,000;1,000;MESURE
2025-05-15 12:00:00+02:00;0,000;1,000;MESURE
2025-05-15 13:00:00+02:00;0,000;1,000;MESURE
2025-05-15 14:00:00+02:00;0,000;1,000;MESURE
2025-05-15 15:00:00+02:00;0,000;1,000;MESURE
2025-05-15 16:00:00+02:00;0,000;1,000;MESURE
2025-05-15 17:00:00+02:00;0,000;1,000;MESURE
2025-05-15 18:00:00+02:00;0,000;1,000;MESURE
2025-05-15 19:00:00+02:00;0,000;1,000;MESURE
2025-05-15 20:00:00+02:00;0,000;1,000;MESURE
2025-05-15 21:00:00+02:00;5803,000;1,000;MESURE
2025-05-15 22:00:00+02:00;4037,000;1,000;MESURE
2025-05-15 23:00:00+02:00;3808,000;1,000;MESURE
2025-05-16 00:00:00+02:00;3738,000;1,000;MESURE
2025-05-16 01:00:00+02:00;3738,000;1,000;MESURE
2025-05-16 02:00:00+02:00;3742,000;1,000;MESURE
2025-05-16 03:00:00+02:00;3745,000;1,000;MESURE
2025-05-16 04:00:00+02:00;3748,000;1,000;MESURE
2025-05-16 05:00:00+02:00;6206,000;1,000;MESURE
2025-05-16 06:00:00+02:00;0,000;1,000;MESURE
2025-05-16 07:00:00+02:00;0,000;1,000;MESURE
2025-05-16 08:00:00+02:00;0,000;1,000;MESURE
2025-05-16 09:00:00+02:00;0,000;1,000;MESURE
2025-05-16 10:00:00+02:00;0,000;1,000;MESURE
2025-05-16 11:00:00+02:00;0,000;1,000;MESURE
2025-05-16 12:00:00+02:00;0,000;1,000;MESURE
2025-05-16 13:00:00+02:00;0,000;1,000;MESURE
2025-05-16 14:00:00+02:00;0,000;1,000;MESURE
2025-05-16 15:00:00+02:00;0,000;1,000;MESURE
2025-05-16 16:00:00+02:00;0,000;1,000;MESURE
2025-05-16 17:00:00+02:00;0,000;1,000;MESURE
2025-05-16 18:00:00+02:00;0,000;1,000;MESURE
2025-05-16 19:00:00+02:00;0,000;1,000;MESURE
2025-05-16 20:00:00+02:00;0,000;1,000;MESURE
2025-05-16 21:00:00+02:00;5627,000;1,000;MESURE
2025-05-16 22:00:00+02:00;4038,000;1,000;MESURE
2025-05-16 23:00:00+02:00;3812,000;1,000;MESURE
2025-05-17 00:00:00+02:00;3745,000;1,000;MESURE
2025-05-17 01:00:00+02:00;3746,000;1,000;MESURE
2025-05-17 02:00:00+02:00;3748,000;1,000;MESURE
2025-05-17 03:00:00+02:00;3752,000;1,000;MESURE
2025-05-17 04:00:00+02:00;3756,000;1,000;MESURE
2025-05-17 05:00:00+02:00;6054,000;1,000;MESURE
2025-05-17 06:00:00+02:00;0,000;1,000;MESURE
2025-05-17 07:00:00+02:00;0,000;1,000;MESURE
2025-05-17 08:00:00+02:00;0,000;1,000;MESURE
2025-05-17 09:00:00+02:00;0,000;1,000;MESURE
2025-05-17 10:00:00+02:00;0,000;1,000;MESURE
2025-05-17 11:00:00+02:00;0,000;1,000;MESURE
2025-05-17 12:00:00+02:00;0,000;1,000;MESURE
2025-05-17 13:00:00+02:00;0,000;1,000;MESURE
2025-05-17 14:00:00+02:00;0,000;1,000;MESURE
2025-05-17 15:00:00+02:00;0,000;1,000;MESURE
2025-05-17 16:00:00+02:00;0,000;1,000;MESURE
2025-05-17 17:00:00+02:00;0,000;1,000;MESURE
2025-05-17 18:00:00+02:00;0,000;1,000;MESURE
2025-05-17 19:00:00+02:00;0,000;1,000;MESURE
2025-05-17 20:00:00+02:00;0,000;1,000;MESURE
2025-05-17 21:00:00+02:00;5501,000;1,000;MESURE
2025-05-17 22:00:00+02:00;4003,000;1,000;MESURE
2025-05-17 23:00:00+02:00;3803,000;1,000;MESURE
2025-05-18 00:00:00+02:00;3733,000;1,000;MESURE
2025-05-18 01:00:00+02:00;3733,000;1,000;MESURE
2025-05-18 02:00:00+02:00;3735,000;1,000;MESURE
2025-05-18 03:00:00+02:00;3744,000;1,000;MESURE
2025-05-18 04:00:00+02:00;3748,000;1,000;MESURE
2025-05-18 05:00:00+02:00;5911,000;1,000;MESURE
2025-05-18 06:00:00+02:00;0,000;1,000;MESURE
2025-05-18 07:00:00+02:00;0,000;1,000;MESURE
2025-05-18 08:00:00+02:00;0,000;1,000;MESURE
2025-05-18 09:00:00+02:00;0,000;1,000;MESURE
2025-05-18 10:00:00+02:00;0,000;1,000;MESURE
2025-05-18 11:00:00+02:00;0,000;1,000;MESURE
2025-05-18 12:00:00+02:00;0,000;1,000;MESURE
2025-05-18 13:00:00+02:00;0,000;1,000;MESURE
2025-05-18 14:00:00+02:00;0,000;1,000;MESURE
2025-05-18 15:00:00+02:00;0,000;1,000;MESURE
2025-05-18 16:00:00+02:00;0,000;1,000;MESURE
2025-05-18 17:00:00+02:00;0,000;1,000;MESURE
2025-05-18 18:00:00+02:00;0,000;1,000;MESURE
2025-05-18 19:00:00+02:00;0,000;1,000;MESURE
2025-05-18 20:00:00+02:00;0,000;1,000;MESURE
2025-05-18 21:00:00+02:00;5323,000;1,000;MESURE
2025-05-18 22:00:00+02:00;3990,000;1,000;MESURE
2025-05-18 23:00:00+02:00;3801,000;1,000;MESURE
2025-05-19 00:00:00+02:00;3735,000;1,000;MESURE
2025-05-19 01:00:00+02:00;3742,000;1,000;MESURE
2025-05-19 02:00:00+02:00;3742,000;1,000;MESURE
2025-05-19 03:00:00+02:00;3743,000;1,000;MESURE
2025-05-19 04:00:00+02:00;3745,000;1,000;MESURE
2025-05-19 05:00:00+02:00;5619,000;1,000;MESURE
2025-05-19 06:00:00+02:00;0,000;1,000;MESURE
2025-05-19 07:00:00+02:00;0,000;1,000;MESURE
2025-05-19 08:00:00+02:00;0,000;1,000;MESURE
2025-05-19 09:00:00+02:00;0,000;1,000;MESURE
2025-05-19 10:00:00+02:00;0,000;1,000;MESURE
2025-05-19 11:00:00+02:00;0,000;1,000;MESURE
2025-05-19 12:00:00+02:00;0,000;1,000;MESURE
2025-05-19 13:00:00+02:00;0,000;1,000;MESURE
2025-05-19 14:00:00+02:00;0,000;1,000;MESURE
2025-05-19 15:00:00+02:00;0,000;1,000;MESURE
2025-05-19 16:00:00+02:00;0,000;1,000;MESURE
2025-05-19 17:00:00+02:00;0,000;1,000;MESURE
2025-05-19 18:00:00+02:00;0,000;1,000;MESURE
2025-05-19 19:00:00+02:00;0,000;1,000;MESURE
2025-05-19 20:00:00+02:00;0,000;1,000;MESURE
2025-05-19 21:00:00+02:00;5068,000;1,000;MESURE
2025-05-19 22:00:00+02:00;4055,000;1,000;MESURE
2025-05-19 23:00:00+02:00;3810,000;1,000;MESURE
2025-05-20 00:00:00+02:00;3732,000;1,000;MESURE
2025-05-20 01:00:00+02:00;3734,000;1,000;MESURE
2025-05-20 02:00:00+02:00;3736,000;1,000;MESURE
2025-05-20 03:00:00+02:00;3734,000;1,000;MESURE
2025-05-20 04:00:00+02:00;3731,000;1,000;MESURE
2025-05-20 05:00:00+02:00;5434,000;1,000;MESURE
2025-05-20 06:00:00+02:00;0,000;1,000;MESURE
2025-05-20 07:00:00+02:00;0,000;1,000;MESURE
2025-05-20 08:00:00+02:00;0,000;1,000;MESURE
2025-05-20 09:00:00+02:00;0,000;1,000;MESURE
2025-05-20 10:00:00+02:00;0,000;1,000;MESURE
2025-05-20 11:00:00+02:00;0,000;1,000;MESURE
2025-05-20 12:00:00+02:00;0,000;1,000;MESURE
2025-05-20 13:00:00+02:00;0,000;1,000;MESURE
2025-05-20 14:00:00+02:00;0,000;1,000;MESURE
2025-05-20 15:00:00+02:00;0,000;1,000;MESURE
2025-05-20 16:00:00+02:00;0,000;1,000;MESURE
2025-05-20 17:00:00+02:00;0,000;1,000;MESURE
2025-05-20 18:00:00+02:00;0,000;1,000;MESURE
2025-05-20 19:00:00+02:00;0,000;1,000;MESURE
2025-05-20 20:00:00+02:00;0,000;1,000;MESURE
2025-05-20 21:00:00+02:00;4911,000;1,000;MESURE
2025-05-20 22:00:00+02:00;4042,000;1,000;MESURE
2025-05-20 23:00:00+02:00;3809,000;1,000;MESURE
2025-05-21 00:00:00+02:00;3730,000;1,000;MESURE
2025-05-21 01:00:00+02:00;3730,000;1,000;MESURE
2025-05-21 02:00:00+02:00;3728,000;1,000;MESURE
2025-05-21 03:00:00+02:00;3726,000;1,000;MESURE
2025-05-21 04:00:00+02:00;3729,000;1,000;MESURE
2025-05-21 05:00:00+02:00;5307,000;1,000;MESURE
2025-05-21 06:00:00+02:00;0,000;1,000;MESURE
2025-05-21 07:00:00+02:00;0,000;1,000;MESURE
2025-05-21 08:00:00+02:00;0,000;1,000;MESURE
2025-05-21 09:00:00+02:00;0,000;1,000;MESURE
2025-05-21 10:00:00+02:00;0,000;1,000;MESURE
2025-05-21 11:00:00+02:00;0,000;1,000;MESURE
2025-05-21 12:00:00+02:00;0,000;1,000;MESURE
2025-05-21 13:00:00+02:00;0,000;1,000;MESURE
2025-05-21 14:00:00+02:00;0,000;1,000;MESURE
2025-05-21 15:00:00+02:00;0,000;1,000;MESURE
2025-05-21 16:00:00+02:00;0,000;1,000;MESURE
2025-05-21 17:00:00+02:00;0,000;1,000;MESURE
2025-05-21 18:00:00+02:00;0,000;1,000;MESURE
2025-05-21 19:00:00+02:00;0,000;1,000;MESURE
2025-05-21 20:00:00+02:00;0,000;1,000;MESURE
2025-05-21 21:00:00+02:00;4764,000;1,000;MESURE
2025-05-21 22:00:00+02:00;3976,000;1,000;MESURE
2025-05-21 23:00:00+02:00;3801,000;1,000;MESURE
2025-05-22 00:00:00+02:00;3729,000;1,000;MESURE
2025-05-22 01:00:00+02:00;3738,000;1,000;MESURE
2025-05-22 02:00:00+02:00;3741,000;1,000;MESURE
2025-05-22 03:00:00+02:00;3742,000;1,000;MESURE
2025-05-22 04:00:00+02:00;3745,000;1,000;MESURE
2025-05-22 05:00:00+02:00;5175,000;1,000;MESURE
2025-05-22 06:00:00+02:00;0,000;1,000;MESURE
2025-05-22 07:00:00+02:00;0,000;1,000;MESURE
2025-05-22 08:00:00+02:00;0,000;1,000;MESURE
2025-05-22 09:00:00+02:00;0,000;1,000;MESURE
2025-05-22 10:00:00+02:00;0,000;1,000;MESURE
2025-05-22 11:00:00+02:00;0,000;1,000;MESURE
2025-05-22 12:00:00+02:00;0,000;1,000;MESURE
2025-05-22 13:00:00+02:00;0,000;1,000;MESURE
2025-05-22 14:00:00+02:00;0,000;1,000;MESURE
2025-05-22 15:00:00+02:00;0,000;1,000;MESURE
2025-05-22 16:00:00+02:00;0,000;1,000;MESURE
2025-05-22 17:00:00+02:00;0,000;1,000;MESURE
2025-05-22 18:00:00+02:00;0,000;1,000;MESURE
2025-05-22 19:00:00+02:00;0,000;1,000;MESURE
2025-05-22 20:00:00+02:00;0,000;1,000;MESURE
2025-05-22 21:00:00+02:00;4655,000;1,000;MESURE
2025-05-22 22:00:00+02:00;4155,000;1,000;MESURE
2025-05-22 23:00:00+02:00;3829,000;1,000;MESURE
2025-05-23 00:00:00+02:00;3757,000;1,000;MESURE
2025-05-23 01:00:00+02:00;3756,000;1,000;MESURE
2025-05-23 02:00:00+02:00;3758,000;1,000;MESURE
2025-05-23 03:00:00+02:00;3760,000;1,000;MESURE
2025-05-23 04:00:00+02:00;3763,000;1,000;MESURE
2025-05-23 05:00:00+02:00;5031,000;1,000;MESURE
2025-05-23 06:00:00+02:00;0,000;1,000;MESURE
2025-05-23 07:00:00+02:00;0,000;1,000;MESURE
2025-05-23 08:00:00+02:00;0,000;1,000;MESURE
2025-05-23 09:00:00+02:00;0,000;1,000;MESURE
2025-05-23 10:00:00+02:00;0,000;1,000;MESURE
2025-05-23 11:00:00+02:00;0,000;1,000;MESURE
2025-05-23 12:00:00+02:00;0,000;1,000;MESURE
2025-05-23 13:00:00+02:00;0,000;1,000;MESURE
2025-05-23 14:00:00+02:00;0,000;1,000;MESURE
2025-05-23 15:00:00+02:00;0,000;1,000;MESURE
2025-05-23 16:00:00+02:00;0,000;1,000;MESURE
2025-05-23 17:00:00+02:00;0,000;1,000;MESURE
2025-05-23 18:00:00+02:00;0,000;1,000;MESURE
2025-05-23 19:00:00+02:00;0,000;1,000;MESURE
2025-05-23 20:00:00+02:00;0,000;1,000;MESURE
2025-05-23 21:00:00+02:00;4480,000;1,000;MESURE
2025-05-23 22:00:00+02:00;4036,000;1,000;MESURE
2025-05-23 23:00:00+02:00;3825,000;1,000;MESURE
2025-05-24 00:00:00+02:00;3751,000;1,000;MESURE
2025-05-24 01:00:00+02:00;3752,000;1,000;MESURE
2025-05-24 02:00:00+02:00;3756,000;1,000;MESURE
2025-05-24 03:00:00+02:00;3762,000;1,000;MESURE
2025-05-24 04:00:00+02:00;3765,000;1,000;MESURE
2025-05-24 05:00:00+02:00;4898,000;1,000;MESURE
2025-05-24 06:00:00+02:00;0,000;1,000;MESURE
2025-05-24 07:00:00+02:00;0,000;1,000;MESURE
2025-05-24 08:00:00+02:00;0,000;1,000;MESURE
2025-05-24 09:00:00+02:00;0,000;1,000;MESURE
2025-05-24 10:00:00+02:00;0,000;1,000;MESURE
2025-05-24 11:00:00+02:00;0,000;1,000;MESURE
2025-05-24 12:00:00+02:00;0,000;1,000;MESURE
2025-05-24 13:00:00+02:00;0,000;1,000;MESURE
2025-05-24 14:00:00+02:00;0,000;1,000;MESURE
2025-05-24 15:00:00+02:00;0,000;1,000;MESURE
2025-05-24 16:00:00+02:00;0,000;1,000;MESURE
2025-05-24 17:00:00+02:00;0,000;1,000;MESURE
2025-05-24 18:00:00+02:00;0,000;1,000;MESURE
2025-05-24 19:00:00+02:00;0,000;1,000;MESURE
2025-05-24 20:00:00+02:00;0,000;1,000;MESURE
2025-05-24 21:00:00+02:00;4140,000;1,000;MESURE
2025-05-24 22:00:00+02:00;3991,000;1,000;MESURE
2025-05-24 23:00:00+02:00;3798,000;1,000;MESURE
2025-05-25 00:00:00+02:00;3725,000;1,000;MESURE
2025-05-25 01:00:00+02:00;3723,000;1,000;MESURE
2025-05-25 02:00:00+02:00;3726,000;1,000;MESURE
2025-05-25 03:00:00+02:00;3724,000;1,000;MESURE
2025-05-25 04:00:00+02:00;3724,000;1,000;MESURE
2025-05-25 05:00:00+02:00;4687,000;1,000;MESURE
2025-05-25 06:00:00+02:00;0,000;1,000;MESURE
2025-05-25 07:00:00+02:00;0,000;1,000;MESURE
2025-05-25 08:00:00+02:00;0,000;1,000;MESURE
2025-05-25 09:00:00+02:00;0,000;1,000;MESURE
2025-05-25 10:00:00+02:00;0,000;1,000;MESURE
2025-05-25 11:00:00+02:00;0,000;1,000;MESURE
2025-05-25 12:00:00+02:00;0,000;1,000;MESURE
2025-05-25 13:00:00+02:00;0,000;1,000;MESURE
2025-05-25 14:00:00+02:00;0,000;1,000;MESURE
2025-05-25 15:00:00+02:00;0,000;1,000;MESURE
2025-05-25 16:00:00+02:00;0,000;1,000;MESURE
2025-05-25 17:00:00+02:00;0,000;1,000;MESURE
2025-05-25 18:00:00+02:00;0,000;1,000;MESURE
2025-05-25 19:00:00+02:00;0,000;1,000;MESURE
2025-05-25 20:00:00+02:00;0,000;1,000;MESURE
2025-05-25 21:00:00+02:00;4013,000;1,000;MESURE
2025-05-25 22:00:00+02:00;4017,000;1,000;MESURE
2025-05-25 23:00:00+02:00;3795,000;1,000;MESURE
2025-05-26 00:00:00+02:00;3722,000;1,000;MESURE
2025-05-26 01:00:00+02:00;3719,000;1,000;MESURE
2025-05-26 02:00:00+02:00;3725,000;1,000;MESURE
2025-05-26 03:00:00+02:00;3732,000;1,000;MESURE
2025-05-26 04:00:00+02:00;3731,000;1,000;MESURE
2025-05-26 05:00:00+02:00;4687,000;1,000;MESURE
2025-05-26 06:00:00+02:00;0,000;1,000;MESURE
2025-05-26 07:00:00+02:00;0,000;1,000;MESURE
2025-05-26 08:00:00+02:00;0,000;1,000;MESURE
2025-05-26 09:00:00+02:00;0,000;1,000;MESURE
2025-05-26 10:00:00+02:00;0,000;1,000;MESURE
2025-05-26 11:00:00+02:00;0,000;1,000;MESURE
2025-05-26 12:00:00+02:00;0,000;1,000;MESURE
2025-05-26 13:00:00+02:00;0,000;1,000;MESURE
2025-05-26 14:00:00+02:00;0,000;1,000;MESURE
2025-05-26 15:00:00+02:00;0,000;1,000;MESURE
2025-05-26 16:00:00+02:00;0,000;1,000;MESURE
2025-05-26 17:00:00+02:00;0,000;1,000;MESURE
2025-05-26 18:00:00+02:00;0,000;1,000;MESURE
2025-05-26 19:00:00+02:00;0,000;1,000;MESURE
2025-05-26 20:00:00+02:00;0,000;1,000;MESURE
2025-05-26 21:00:00+02:00;3853,000;1,000;MESURE
2025-05-26 22:00:00+02:00;4004,000;1,000;MESURE
2025-05-26 23:00:00+02:00;3873,000;1,000;MESURE
2025-05-27 00:00:00+02:00;3816,000;1,000;MESURE
2025-05-27 01:00:00+02:00;3815,000;1,000;MESURE
2025-05-27 02:00:00+02:00;3819,000;1,000;MESURE
2025-05-27 03:00:00+02:00;3821,000;1,000;MESURE
2025-05-27 04:00:00+02:00;3820,000;1,000;MESURE
2025-05-27 05:00:00+02:00;4550,000;1,000;MESURE
2025-05-27 06:00:00+02:00;0,000;1,000;MESURE
2025-05-27 07:00:00+02:00;0,000;1,000;MESURE
2025-05-27 08:00:00+02:00;0,000;1,000;MESURE
2025-05-27 09:00:00+02:00;0,000;1,000;MESURE
2025-05-27 10:00:00+02:00;0,000;1,000;MESURE
2025-05-27 11:00:00+02:00;0,000;1,000;MESURE
2025-05-27 12:00:00+02:00;0,000;1,000;MESURE
2025-05-27 13:00:00+02:00;0,000;1,000;MESURE
2025-05-27 14:00:00+02:00;0,000;1,000;MESURE
2025-05-27 15:00:00+02:00;0,000;1,000;MESURE
2025-05-27 16:00:00+02:00;0,000;1,000;MESURE
2025-05-27 17:00:00+02:00;0,000;1,000;MESURE
2025-05-27 18:00:00+02:00;0,000;1,000;MESURE
2025-05-27 19:00:00+02:00;0,000;1,000;MESURE
2025-05-27 20:00:00+02:00;0,000;1,000;MESURE
2025-05-27 21:00:00+02:00;3723,000;1,000;MESURE
2025-05-27 22:00:00+02:00;4037,000;1,000;MESURE
2025-05-27 23:00:00+02:00;3843,000;1,000;MESURE
2025-05-28 00:00:00+02:00;3770,000;1,000;MESURE
2025-05-28 01:00:00+02:00;3773,000;1,000;MESURE
2025-05-28 02:00:00+02:00;3778,000;1,000;MESURE
2025-05-28 03:00:00+02:00;3782,000;1,000;MESURE
2025-05-28 04:00:00+02:00;3783,000;1,000;MESURE
2025-05-28 05:00:00+02:00;4428,000;1,000;MESURE
2025-05-28 06:00:00+02:00;0,000;1,000;MESURE
2025-05-28 07:00:00+02:00;0,000;1,000;MESURE
2025-05-28 08:00:00+02:00;0,000;1,000;MESURE
2025-05-28 09:00:00+02:00;0,000;1,000;MESURE
2025-05-28 10:00:00+02:00;0,000;1,000;MESURE
2025-05-28 11:00:00+02:00;0,000;1,000;MESURE
2025-05-28 12:00:00+02:00;0,000;1,000;MESURE
2025-05-28 13:00:00+02:00;0,000;1,000;MESURE
2025-05-28 14:00:00+02:00;0,000;1,000;MESURE
2025-05-28 15:00:00+02:00;0,000;1,000;MESURE
2025-05-28 16:00:00+02:00;0,000;1,000;MESURE
2025-05-28 17:00:00+02:00;0,000;1,000;MESURE
2025-05-28 18:00:00+02:00;0,000;1,000;MESURE
2025-05-28 19:00:00+02:00;0,000;1,000;MESURE
2025-05-28 20:00:00+02:00;0,000;1,000;MESURE
2025-05-28 21:00:00+02:00;3575,000;1,000;MESURE
2025-05-28 22:00:00+02:00;4008,000;1,000;MESURE
2025-05-28 23:00:00+02:00;3804,000;1,000;MESURE
2025-05-29 00:00:00+02:00;3730,000;1,000;MESURE
2025-05-29 01:00:00+02:00;3730,000;1,000;MESURE
2025-05-29 02:00:00+02:00;3732,000;1,000;MESURE
2025-05-29 03:00:00+02:00;3738,000;1,000;MESURE
2025-05-29 04:00:00+02:00;3739,000;1,000;MESURE
2025-05-29 05:00:00+02:00;4259,000;1,000;MESURE
2025-05-29 06:00:00+02:00;0,000;1,000;MESURE
2025-05-29 07:00:00+02:00;0,000;1,000;MESURE
2025-05-29 08:00:00+02:00;0,000;1,000;MESURE
2025-05-29 09:00:00+02:00;0,000;1,000;MESURE
2025-05-29 10:00:00+02:00;0,000;1,000;MESURE
2025-05-29 11:00:00+02:00;0,000;1,000;MESURE
2025-05-29 12:00:00+02:00;0,000;1,000;MESURE
2025-05-29 13:00:00+02:00;0,000;1,000;MESURE
2025-05-29 14:00:00+02:00;0,000;1,000;MESURE
2025-05-29 15:00:00+02:00;0,000;1,000;MESURE
2025-05-29 16:00:00+02:00;0,000;1,000;MESURE
2025-05-29 17:00:00+02:00;0,000;1,000;MESURE
2025-05-29 18:00:00+02:00;0,000;1,000;MESURE
2025-05-29 19:00:00+02:00;0,000;1,000;MESURE
2025-05-29 20:00:00+02:00;0,000;1,000;MESURE
2025-05-29 21:00:00+02:00;3411,000;1,000;MESURE
2025-05-29 22:00:00+02:00;4001,000;1,000;MESURE
2025-05-29 23:00:00+02:00;3824,000;1,000;MESURE
2025-05-30 00:00:00+02:00;3787,000;1,000;MESURE
2025-05-30 01:00:00+02:00;3790,000;1,000;MESURE
2025-05-30 02:00:00+02:00;3792,000;1,000;MESURE
2025-05-30 03:00:00+02:00;3794,000;1,000;MESURE
2025-05-30 04:00:00+02:00;3797,000;1,000;MESURE
2025-05-30 05:00:00+02:00;4114,000;1,000;MESURE
2025-05-30 06:00:00+02:00;0,000;1,000;MESURE
2025-05-30 07:00:00+02:00;0,000;1,000;MESURE
2025-05-30 08:00:00+02:00;0,000;1,000;MESURE
2025-05-30 09:00:00+02:00;0,000;1,000;MESURE
2025-05-30 10:00:00+02:00;0,000;1,000;MESURE
2025-05-30 11:00:00+02:00;0,000;1,000;MESURE
2025-05-30 12:00:00+02:00;0,000;1,000;MESURE
2025-05-30 13:00:00+02:00;0,000;1,000;MESURE
2025-05-30 14:00:00+02:00;0,000;1,000;MESURE
2025-05-30 15:00:00+02:00;0,000;1,000;MESURE
2025-05-30 16:00:00+02:00;0,000;1,000;MESURE
2025-05-30 17:00:00+02:00;0,000;1,000;MESURE
2025-05-30 18:00:00+02:00;0,000;1,000;MESURE
2025-05-30 19:00:00+02:00;0,000;1,000;MESURE
2025-05-30 20:00:00+02:00;0,000;1,000;MESURE
2025-05-30 21:00:00+02:00;3251,000;1,000;MESURE
2025-05-30 22:00:00+02:00;4004,000;1,000;MESURE
2025-05-30 23:00:00+02:00;3779,000;1,000;MESURE
2025-05-31 00:00:00+02:00;3711,000;1,000;MESURE
2025-05-31 01:00:00+02:00;3724,000;1,000;MESURE
2025-05-31 02:00:00+02:00;3731,000;1,000;MESURE
2025-05-31 03:00:00+02:00;3733,000;1,000;MESURE
2025-05-31 04:00:00+02:00;3737,000;1,000;MESURE
2025-05-31 05:00:00+02:00;4112,000;1,000;MESURE
2025-05-31 06:00:00+02:00;0,000;1,000;MESURE
2025-05-31 07:00:00+02:00;0,000;1,000;MESURE
2025-05-31 08:00:00+02:00;0,000;1,000;MESURE
2025-05-31 09:00:00+02:00;0,000;1,000;MESURE
2025-05-31 10:00:00+02:00;0,000;1,000;MESURE
2025-05-31 11:00:00+02:00;0,000;1,000;MESURE
2025-05-31 12:00:00+02:00;0,000;1,000;MESURE
2025-05-31 13:00:00+02:00;0,000;1,000;MESURE
2025-05-31 14:00:00+02:00;0,000;1,000;MESURE
2025-05-31 15:00:00+02:00;0,000;1,000;MESURE
2025-05-31 16:00:00+02:00;0,000;1,000;MESURE
2025-05-31 17:00:00+02:00;0,000;1,000;MESURE
2025-05-31 18:00:00+02:00;0,000;1,000;MESURE
2025-05-31 19:00:00+02:00;0,000;1,000;MESURE
2025-05-31 20:00:00+02:00;0,000;1,000;MESURE
2025-05-31 21:00:00+02:00;3109,000;1,000;MESURE
2025-05-31 22:00:00+02:00;4005,000;1,000;MESURE
2025-05-31 23:00:00+02:00;3775,000;1,000;MESURE
2025-06-01 00:00:00+02:00;3701,000;1,000;MESURE
2025-06-01 01:00:00+02:00;3701,000;1,000;MESURE
2025-06-01 02:00:00+02:00;3706,000;1,000;MESURE
2025-06-01 03:00:00+02:00;3710,000;1,000;MESURE
2025-06-01 04:00:00+02:00;3715,000;1,000;MESURE
2025-06-01 05:00:00+02:00;3958,000;1,000;MESURE
2025-06-01 06:00:00+02:00;0,000;1,000;MESURE
2025-06-01 07:00:00+02:00;0,000;1,000;MESURE
2025-06-01 08:00:00+02:00;0,000;1,000;MESURE
2025-06-01 09:00:00+02:00;0,000;1,000;MESURE
2025-06-01 10:00:00+02:00;0,000;1,000;MESURE
2025-06-01 11:00:00+02:00;0,000;1,000;MESURE
2025-06-01 12:00:00+02:00;0,000;1,000;MESURE
2025-06-01 13:00:00+02:00;0,000;1,000;MESURE
2025-06-01 14:00:00+02:00;0,000;1,000;MESURE
2025-06-01 15:00:00+02:00;0,000;1,000;MESURE
2025-06-01 16:00:00+02:00;0,000;1,000;MESURE
2025-06-01 17:00:00+02:00;0,000;1,000;MESURE
2025-06-01 18:00:00+02:00;0,000;1,000;MESURE
2025-06-01 19:00:00+02:00;0,000;1,000;MESURE
2025-06-01 20:00:00+02:00;0,000;1,000;MESURE
2025-06-01 21:00:00+02:00;2991,000;1,000;MESURE
2025-06-01 22:00:00+02:00;4031,000;1,000;MESURE
2025-06-01 23:00:00+02:00;3804,000;1,000;MESURE
2025-06-02 00:00:00+02:00;3727,000;1,000;MESURE
2025-06-02 01:00:00+02:00;3729,000;1,000;MESURE
2025-06-02 02:00:00+02:00;3728,000;1,000;MESURE
2025-06-02 03:00:00+02:00;3726,000;1,000;MESURE
2025-06-02 04:00:00+02:00;3733,000;1,000;MESURE
2025-06-02 05:00:00+02:00;3768,000;1,000;MESURE
2025-06-02 06:00:00+02:00;0,000;1,000;MESURE
2025-06-02 07:00:00+02:00;0,000;1,000;MESURE
2025-06-02 08:00:00+02:00;0,000;1,000;MESURE
2025-06-02 09:00:00+02:00;0,000;1,000;MESURE
2025-06-02 10:00:00+02:00;0,000;1,000;MESURE
2025-06-02 11:00:00+02:00;0,000;1,000;MESURE
2025-06-02 12:00:00+02:00;0,000;1,000;MESURE
2025-06-02 13:00:00+02:00;0,000;1,000;MESURE
2025-06-02 14:00:00+02:00;0,000;1,000;MESURE
2025-06-02 15:00:00+02:00;0,000;1,000;MESURE
2025-06-02 16:00:00+02:00;0,000;1,000;MESURE
2025-06-02 17:00:00+02:00;0,000;1,000;MESURE
2025-06-02 18:00:00+02:00;0,000;1,000;MESURE
2025-06-02 19:00:00+02:00;0,000;1,000;MESURE
2025-06-02 20:00:00+02:00;0,000;1,000;MESURE
2025-06-02 21:00:00+02:00;2828,000;1,000;MESURE
2025-06-02 22:00:00+02:00;4038,000;1,000;MESURE
2025-06-02 23:00:00+02:00;3817,000;1,000;MESURE
2025-06-03 00:00:00+02:00;3727,000;1,000;MESURE
2025-06-03 01:00:00+02:00;3723,000;1,000;MESURE
2025-06-03 02:00:00+02:00;3724,000;1,000;MESURE
2025-06-03 03:00:00+02:00;3723,000;1,000;MESURE
2025-06-03 04:00:00+02:00;3724,000;1,000;MESURE
2025-06-03 05:00:00+02:00;3797,000;1,000;MESURE
2025-06-03 06:00:00+02:00;0,000;1,000;MESURE
2025-06-03 07:00:00+02:00;0,000;1,000;MESURE
2025-06-03 08:00:00+02:00;0,000;1,000;MESURE
2025-06-03 09:00:00+02:00;0,000;1,000;MESURE
2025-06-03 10:00:00+02:00;0,000;1,000;MESURE
2025-06-03 11:00:00+02:00;0,000;1,000;MESURE
2025-06-03 12:00:00+02:00;0,000;1,000;MESURE
2025-06-03 13:00:00+02:00;0,000;1,000;MESURE
2025-06-03 14:00:00+02:00;0,000;1,000;MESURE
2025-06-03 15:00:00+02:00;0,000;1,000;MESURE
2025-06-03 16:00:00+02:00;0,000;1,000;MESURE
2025-06-03 17:00:00+02:00;0,000;1,000;MESURE
2025-06-03 18:00:00+02:00;0,000;1,000;MESURE
2025-06-03 19:00:00+02:00;0,000;1,000;MESURE
2025-06-03 20:00:00+02:00;0,000;1,000;MESURE
2025-06-03 21:00:00+02:00;2670,000;1,000;MESURE
2025-06-03 22:00:00+02:00;4068,000;1,000;MESURE
2025-06-03 23:00:00+02:00;3847,000;1,000;MESURE
2025-06-04 00:00:00+02:00;3770,000;1,000;MESURE
2025-06-04 01:00:00+02:00;3771,000;1,000;MESURE
2025-06-04 02:00:00+02:00;3774,000;1,000;MESURE
2025-06-04 03:00:00+02:00;3775,000;1,000;MESURE
2025-06-04 04:00:00+02:00;3781,000;1,000;MESURE
2025-06-04 05:00:00+02:00;3646,000;1,000;MESURE
2025-06-04 06:00:00+02:00;0,000;1,000;MESURE
2025-06-04 07:00:00+02:00;0,000;1,000;MESURE
2025-06-04 08:00:00+02:00;0,000;1,000;MESURE
2025-06-04 09:00:00+02:00;0,000;1,000;MESURE
2025-06-04 10:00:00+02:00;0,000;1,000;MESURE
2025-06-04 11:00:00+02:00;0,000;1,000;MESURE
2025-06-04 12:00:00+02:00;0,000;1,000;MESURE
2025-06-04 13:00:00+02:00;0,000;1,000;MESURE
2025-06-04 14:00:00+02:00;0,000;1,000;MESURE
2025-06-04 15:00:00+02:00;0,000;1,000;MESURE
2025-06-04 16:00:00+02:00;0,000;1,000;MESURE
2025-06-04 17:00:00+02:00;0,000;1,000;MESURE
2025-06-04 18:00:00+02:00;0,000;1,000;MESURE
2025-06-04 19:00:00+02:00;0,000;1,000;MESURE
2025-06-04 20:00:00+02:00;0,000;1,000;MESURE
2025-06-04 21:00:00+02:00;2531,000;1,000;MESURE
2025-06-04 22:00:00+02:00;4043,000;1,000;MESURE
2025-06-04 23:00:00+02:00;3816,000;1,000;MESURE
2025-06-05 00:00:00+02:00;3737,000;1,000;MESURE
2025-06-05 01:00:00+02:00;3734,000;1,000;MESURE
2025-06-05 02:00:00+02:00;3734,000;1,000;MESURE
2025-06-05 03:00:00+02:00;3730,000;1,000;MESURE
2025-06-05 04:00:00+02:00;3727,000;1,000;MESURE
2025-06-05 05:00:00+02:00;3681,000;1,000;MESURE
2025-06-05 06:00:00+02:00;0,000;1,000;MESURE
2025-06-05 07:00:00+02:00;0,000;1,000;MESURE
2025-06-05 08:00:00+02:00;0,000;1,000;MESURE
2025-06-05 09:00:00+02:00;0,000;1,000;MESURE
2025-06-05 10:00:00+02:00;0,000;1,000;MESURE
2025-06-05 11:00:00+02:00;0,000;1,000;MESURE
2025-06-05 12:00:00+02:00;0,000;1,000;MESURE
2025-06-05 13:00:00+02:00;0,000;1,000;MESURE
2025-06-05 14:00:00+02:00;0,000;1,000;MESURE
2025-06-05 15:00:00+02:00;0,000;1,000;MESURE
2025-06-05 16:00:00+02:00;0,000;1,000;MESURE
2025-06-05 17:00:00+02:00;0,000;1,000;MESURE
2025-06-05 18:00:00+02:00;0,000;1,000;MESURE
2025-06-05 19:00:00+02:00;0,000;1,000;MESURE
2025-06-05 20:00:00+02:00;0,000;1,000;MESURE
2025-06-05 21:00:00+02:00;2507,000;1,000;MESURE
2025-06-05 22:00:00+02:00;4021,000;1,000;MESURE
2025-06-05 23:00:00+02:00;3795,000;1,000;MESURE
2025-06-06 00:00:00+02:00;3717,000;1,000;MESURE
2025-06-06 01:00:00+02:00;3715,000;1,000;MESURE
2025-06-06 02:00:00+02:00;3714,000;1,000;MESURE
2025-06-06 03:00:00+02:00;3715,000;1,000;MESURE
2025-06-06 04:00:00+02:00;3718,000;1,000;MESURE
2025-06-06 05:00:00+02:00;3501,000;1,000;MESURE
2025-06-06 06:00:00+02:00;0,000;1,000;MESURE
2025-06-06 07:00:00+02:00;0,000;1,000;MESURE
2025-06-06 08:00:00+02:00;0,000;1,000;MESURE
2025-06-06 09:00:00+02:00;0,000;1,000;MESURE
2025-06-06 10:00:00+02:00;0,000;1,000;MESURE
2025-06-06 11:00:00+02:00;0,000;1,000;MESURE
2025-06-06 12:00:00+02:00;0,000;1,000;MESURE
2025-06-06 13:00:00+02:00;0,000;1,000;MESURE
2025-06-06 14:00:00+02:00;0,000;1,000;MESURE
2025-06-06 15:00:00+02:00;0,000;1,000;MESURE
2025-06-06 16:00:00+02:00;0,000;1,000;MESURE
2025-06-06 17:00:00+02:00;0,000;1,000;MESURE
2025-06-06 18:00:00+02:00;0,000;1,000;MESURE
2025-06-06 19:00:00+02:00;0,000;1,000;MESURE
2025-06-06 20:00:00+02:00;0,000;1,000;MESURE
2025-06-06 21:00:00+02:00;2373,000;1,000;MESURE
2025-06-06 22:00:00+02:00;4008,000;1,000;MESURE
2025-06-06 23:00:00+02:00;3784,000;1,000;MESURE
2025-06-07 00:00:00+02:00;3710,000;1,000;MESURE
2025-06-07 01:00:00+02:00;3710,000;1,000;MESURE
2025-06-07 02:00:00+02:00;3713,000;1,000;MESURE
2025-06-07 03:00:00+02:00;3731,000;1,000;MESURE
2025-06-07 04:00:00+02:00;3737,000;1,000;MESURE
2025-06-07 05:00:00+02:00;3519,000;1,000;MESURE
2025-06-07 06:00:00+02:00;0,000;1,000;MESURE
2025-06-07 07:00:00+02:00;0,000;1,000;MESURE
2025-06-07 08:00:00+02:00;0,000;1,000;MESURE
2025-06-07 09:00:00+02:00;0,000;1,000;MESURE
2025-06-07 10:00:00+02:00;0,000;1,000;MESURE
2025-06-07 11:00:00+02:00;0,000;1,000;MESURE
2025-06-07 12:00:00+02:00;0,000;1,000;MESURE
2025-06-07 13:00:00+02:00;0,000;1,000;MESURE
2025-06-07 14:00:00+02:00;0,000;1,000;MESURE
2025-06-07 15:00:00+02:00;0,000;1,000;MESURE
2025-06-07 16:00:00+02:00;0,000;1,000;MESURE
2025-06-07 17:00:00+02:00;0,000;1,000;MESURE
2025-06-07 18:00:00+02:00;0,000;1,000;MESURE
2025-06-07 19:00:00+02:00;0,000;1,000;MESURE
2025-06-07 20:00:00+02:00;0,000;1,000;MESURE
2025-06-07 21:00:00+02:00;2223,000;1,000;MESURE
2025-06-07 22:00:00+02:00;4025,000;1,000;MESURE
2025-06-07 23:00:00+02:00;3800,000;1,000;MESURE
2025-06-08 00:00:00+02:00;3722,000;1,000;MESURE
2025-06-08 01:00:00+02:00;3723,000;1,000;MESURE
2025-06-08 02:00:00+02:00;3723,000;1,000;MESURE
2025-06-08 03:00:00+02:00;3725,000;1,000;MESURE
2025-06-08 04:00:00+02:00;3728,000;1,000;MESURE
2025-06-08 05:00:00+02:00;3521,000;1,000;MESURE
2025-06-08 06:00:00+02:00;0,000;1,000;MESURE
2025-06-08 07:00:00+02:00;0,000;1,000;MESURE
2025-06-08 08:00:00+02:00;0,000;1,000;MESURE
2025-06-08 09:00:00+02:00;0,000;1,000;MESURE
2025-06-08 10:00:00+02:00;0,000;1,000;MESURE
2025-06-08 11:00:00+02:00;0,000;1,000;MESURE
2025-06-08 12:00:00+02:00;0,000;1,000;MESURE
2025-06-08 13:00:00+02:00;0,000;1,000;MESURE
2025-06-08 14:00:00+02:00;0,000;1,000;MESURE
2025-06-08 15:00:00+02:00;0,000;1,000;MESURE
2025-06-08 16:00:00+02:00;0,000;1,000;MESURE
2025-06-08 17:00:00+02:00;0,000;1,000;MESURE
2025-06-08 18:00:00+02:00;0,000;1,000;MESURE
2025-06-08 19:00:00+02:00;0,000;1,000;MESURE
2025-06-08 20:00:00+02:00;0,000;1,000;MESURE
2025-06-08 21:00:00+02:00;2079,000;1,000;MESURE
2025-06-08 22:00:00+02:00;4037,000;1,000;MESURE
2025-06-08 23:00:00+02:00;3816,000;1,000;MESURE
2025-06-09 00:00:00+02:00;3735,000;1,000;MESURE
2025-06-09 01:00:00+02:00;3736,000;1,000;MESURE
2025-06-09 02:00:00+02:00;3740,000;1,000;MESURE
2025-06-09 03:00:00+02:00;3745,000;1,000;MESURE
2025-06-09 04:00:00+02:00;3743,000;1,000;MESURE
2025-06-09 05:00:00+02:00;3382,000;1,000;MESURE
2025-06-09 06:00:00+02:00;0,000;1,000;MESURE
2025-06-09 07:00:00+02:00;0,000;1,000;MESURE
2025-06-09 08:00:00+02:00;0,000;1,000;MESURE
2025-06-09 09:00:00+02:00;0,000;1,000;MESURE
2025-06-09 10:00:00+02:00;0,000;1,000;MESURE
2025-06-09 11:00:00+02:00;0,000;1,000;MESURE
2025-06-09 12:00:00+02:00;0,000;1,000;MESURE
2025-06-09 13:00:00+02:00;0,000;1,000;MESURE
2025-06-09 14:00:00+02:00;0,000;1,000;MESURE
2025-06-09 15:00:00+02:00;0,000;1,000;MESURE
2025-06-09 16:00:00+02:00;0,000;1,000;MESURE
2025-06-09 17:00:00+02:00;0,000;1,000;MESURE
2025-06-09 18:00:00+02:00;0,000;1,000;MESURE
2025-06-09 19:00:00+02:00;0,000;1,000;MESURE
2025-06-09 20:00:00+02:00;0,000;1,000;MESURE
2025-06-09 21:00:00+02:00;2054,000;1,000;MESURE
2025-06-09 22:00:00+02:00;4022,000;1,000;MESURE
2025-06-09 23:00:00+02:00;3800,000;1,000;MESURE
2025-06-10 00:00:00+02:00;3727,000;1,000;MESURE
2025-06-10 01:00:00+02:00;3728,000;1,000;MESURE
2025-06-10 02:00:00+02:00;3733,000;1,000;MESURE
2025-06-10 03:00:00+02:00;3735,000;1,000;MESURE
2025-06-10 04:00:00+02:00;3738,000;1,000;MESURE
2025-06-10 05:00:00+02:00;3373,000;1,000;MESURE
2025-06-10 06:00:00+02:00;0,000;1,000;MESURE
2025-06-10 07:00:00+02:00;0,000;1,000;MESURE
2025-06-10 08:00:00+02:00;0,000;1,000;MESURE
2025-06-10 09:00:00+02:00;0,000;1,000;MESURE
2025-06-10 10:00:00+02:00;0,000;1,000;MESURE
2025-06-10 11:00:00+02:00;0,000;1,000;MESURE
2025-06-10 12:00:00+02:00;0,000;1,000;MESURE
2025-06-10 13:00:00+02:00;0,000;1,000;MESURE
2025-06-10 14:00:00+02:00;0,000;1,000;MESURE
2025-06-10 15:00:00+02:00;0,000;1,000;MESURE
2025-06-10 16:00:00+02:00;0,000;1,000;MESURE
2025-06-10 17:00:00+02:00;0,000;1,000;MESURE
2025-06-10 18:00:00+02:00;0,000;1,000;MESURE
2025-06-10 19:00:00+02:00;0,000;1,000;MESURE
2025-06-10 20:00:00+02:00;0,000;1,000;MESURE
2025-06-10 21:00:00+02:00;1905,000;1,000;MESURE
2025-06-10 22:00:00+02:00;4014,000;1,000;MESURE
2025-06-10 23:00:00+02:00;3794,000;1,000;MESURE
2025-06-11 00:00:00+02:00;3720,000;1,000;MESURE
2025-06-11 01:00:00+02:00;3722,000;1,000;MESURE
2025-06-11 02:00:00+02:00;3724,000;1,000;MESURE
2025-06-11 03:00:00+02:00;3727,000;1,000;MESURE
2025-06-11 04:00:00+02:00;3730,000;1,000;MESURE
2025-06-11 05:00:00+02:00;3363,000;1,000;MESURE
2025-06-11 06:00:00+02:00;0,000;1,000;MESURE
2025-06-11 07:00:00+02:00;0,000;1,000;MESURE
2025-06-11 08:00:00+02:00;0,000;1,000;MESURE
2025-06-11 09:00:00+02:00;0,000;1,000;MESURE
2025-06-11 10:00:00+02:00;0,000;1,000;MESURE
2025-06-11 11:00:00+02:00;0,000;1,000;MESURE
2025-06-11 12:00:00+02:00;0,000;1,000;MESURE
2025-06-11 13:00:00+02:00;0,000;1,000;MESURE
2025-06-11 14:00:00+02:00;0,000;1,000;MESURE
2025-06-11 15:00:00+02:00;0,000;1,000;MESURE
2025-06-11 16:00:00+02:00;0,000;1,000;MESURE
2025-06-11 17:00:00+02:00;0,000;1,000;MESURE
2025-06-11 18:00:00+02:00;0,000;1,000;MESURE
2025-06-11 19:00:00+02:00;0,000;1,000;MESURE
2025-06-11 20:00:00+02:00;0,000;1,000;MESURE
2025-06-11 21:00:00+02:00;1778,000;1,000;MESURE
2025-06-11 22:00:00+02:00;4003,000;1,000;MESURE
2025-06-11 23:00:00+02:00;3787,000;1,000;MESURE
2025-06-12 00:00:00+02:00;3715,000;1,000;MESURE
2025-06-12 01:00:00+02:00;3716,000;1,000;MESURE
2025-06-12 02:00:00+02:00;3718,000;1,000;MESURE
2025-06-12 03:00:00+02:00;3724,000;1,000;MESURE
2025-06-12 04:00:00+02:00;3726,000;1,000;MESURE
2025-06-12 05:00:00+02:00;3364,000;1,000;MESURE
2025-06-12 06:00:00+02:00;0,000;1,000;MESURE
2025-06-12 07:00:00+02:00;0,000;1,000;MESURE
2025-06-12 08:00:00+02:00;0,000;1,000;MESURE
2025-06-12 09:00:00+02:00;0,000;1,000;MESURE
2025-06-12 10:00:00+02:00;0,000;1,000;MESURE
2025-06-12 11:00:00+02:00;0,000;1,000;MESURE
2025-06-12 12:00:00+02:00;0,000;1,000;MESURE
2025-06-12 13:00:00+02:00;0,000;1,000;MESURE
2025-06-12 14:00:00+02:00;0,000;1,000;MESURE
2025-06-12 15:00:00+02:00;0,000;1,000;MESURE
2025-06-12 16:00:00+02:00;0,000;1,000;MESURE
2025-06-12 17:00:00+02:00;0,000;1,000;MESURE
2025-06-12 18:00:00+02:00;0,000;1,000;MESURE
2025-06-12 19:00:00+02:00;0,000;1,000;MESURE
2025-06-12 20:00:00+02:00;0,000;1,000;MESURE
2025-06-12 21:00:00+02:00;1756,000;1,000;MESURE
2025-06-12 22:00:00+02:00;3988,000;1,000;MESURE
2025-06-12 23:00:00+02:00;3766,000;1,000;MESURE
2025-06-13 00:00:00+02:00;3695,000;1,000;MESURE
2025-06-13 01:00:00+02:00;3697,000;1,000;MESURE
2025-06-13 02:00:00+02:00;3699,000;1,000;MESURE
2025-06-13 03:00:00+02:00;3702,000;1,000;MESURE
2025-06-13 04:00:00+02:00;3700,000;1,000;MESURE
2025-06-13 05:00:00+02:00;3358,000;1,000;MESURE
2025-06-13 06:00:00+02:00;0,000;1,000;MESURE
2025-06-13 07:00:00+02:00;0,000;1,000;MESURE
2025-06-13 08:00:00+02:00;0,000;1,000;MESURE
2025-06-13 09:00:00+02:00;0,000;1,000;MESURE
2025-06-13 10:00:00+02:00;0,000;1,000;MESURE
2025-06-13 11:00:00+02:00;0,000;1,000;MESURE
2025-06-13 12:00:00+02:00;0,000;1,000;MESURE
2025-06-13 13:00:00+02:00;0,000;1,000;MESURE
2025-06-13 14:00:00+02:00;0,000;1,000;MESURE
2025-06-13 15:00:00+02:00;0,000;1,000;MESURE
2025-06-13 16:00:00+02:00;0,000;1,000;MESURE
2025-06-13 17:00:00+02:00;0,000;1,000;MESURE
2025-06-13 18:00:00+02:00;0,000;1,000;MESURE
2025-06-13 19:00:00+02:00;0,000;1,000;MESURE
2025-06-13 20:00:00+02:00;0,000;1,000;MESURE
2025-06-13 21:00:00+02:00;1597,000;1,000;MESURE
2025-06-13 22:00:00+02:00;3985,000;1,000;MESURE
2025-06-13 23:00:00+02:00;3768,000;1,000;MESURE
2025-06-14 00:00:00+02:00;3701,000;1,000;MESURE
2025-06-14 01:00:00+02:00;3710,000;1,000;MESURE
2025-06-14 02:00:00+02:00;3711,000;1,000;MESURE
2025-06-14 03:00:00+02:00;3714,000;1,000;MESURE
2025-06-14 04:00:00+02:00;3716,000;1,000;MESURE
2025-06-14 05:00:00+02:00;3369,000;1,000;MESURE
2025-06-14 06:00:00+02:00;0,000;1,000;MESURE
2025-06-14 07:00:00+02:00;0,000;1,000;MESURE
2025-06-14 08:00:00+02:00;0,000;1,000;MESURE
2025-06-14 09:00:00+02:00;0,000;1,000;MESURE
2025-06-14 10:00:00+02:00;0,000;1,000;MESURE
2025-06-14 11:00:00+02:00;0,000;1,000;MESURE
2025-06-14 12:00:00+02:00;0,000;1,000;MESURE
2025-06-14 13:00:00+02:00;0,000;1,000;MESURE
2025-06-14 14:00:00+02:00;0,000;1,000;MESURE
2025-06-14 15:00:00+02:00;0,000;1,000;MESURE
2025-06-14 16:00:00+02:00;0,000;1,000;MESURE
2025-06-14 17:00:00+02:00;0,000;1,000;MESURE
2025-06-14 18:00:00+02:00;0,000;1,000;MESURE
2025-06-14 19:00:00+02:00;0,000;1,000;MESURE
2025-06-14 20:00:00+02:00;0,000;1,000;MESURE
2025-06-14 21:00:00+02:00;1640,000;1,000;MESURE
2025-06-14 22:00:00+02:00;3987,000;1,000;MESURE
2025-06-14 23:00:00+02:00;3771,000;1,000;MESURE
2025-06-15 00:00:00+02:00;3694,000;1,000;MESURE
2025-06-15 01:00:00+02:00;3701,000;1,000;MESURE
2025-06-15 02:00:00+02:00;3712,000;1,000;MESURE
2025-06-15 03:00:00+02:00;3713,000;1,000;MESURE
2025-06-15 04:00:00+02:00;3713,000;1,000;MESURE
2025-06-15 05:00:00+02:00;3356,000;1,000;MESURE
2025-06-15 06:00:00+02:00;0,000;1,000;MESURE
2025-06-15 07:00:00+02:00;0,000;1,000;MESURE
2025-06-15 08:00:00+02:00;0,000;1,000;MESURE
2025-06-15 09:00:00+02:00;0,000;1,000;MESURE
2025-06-15 10:00:00+02:00;0,000;1,000;MESURE
2025-06-15 11:00:00+02:00;0,000;1,000;MESURE
2025-06-15 12:00:00+02:00;0,000;1,000;MESURE
2025-06-15 13:00:00+02:00;0,000;1,000;MESURE
2025-06-15 14:00:00+02:00;0,000;1,000;MESURE
2025-06-15 15:00:00+02:00;0,000;1,000;MESURE
2025-06-15 16:00:00+02:00;0,000;1,000;MESURE
2025-06-15 17:00:00+02:00;0,000;1,000;MESURE
2025-06-15 18:00:00+02:00;0,000;1,000;MESURE
2025-06-15 19:00:00+02:00;0,000;1,000;MESURE
2025-06-15 20:00:00+02:00;0,000;1,000;MESURE
2025-06-15 21:00:00+02:00;1466,000;1,000;MESURE
2025-06-15 22:00:00+02:00;4019,000;1,000;MESURE
2025-06-15 23:00:00+02:00;3801,000;1,000;MESURE
2025-06-16 00:00:00+02:00;3731,000;1,000;MESURE
2025-06-16 01:00:00+02:00;3728,000;1,000;MESURE
2025-06-16 02:00:00+02:00;3726,000;1,000;MESURE
2025-06-16 03:00:00+02:00;3725,000;1,000;MESURE
2025-06-16 04:00:00+02:00;3726,000;1,000;MESURE
2025-06-16 05:00:00+02:00;3370,000;1,000;MESURE
2025-06-16 06:00:00+02:00;0,000;1,000;MESURE
2025-06-16 07:00:00+02:00;0,000;1,000;MESURE
2025-06-16 08:00:00+02:00;0,000;1,000;MESURE
2025-06-16 09:00:00+02:00;0,000;1,000;MESURE
2025-06-16 10:00:00+02:00;0,000;1,000;MESURE
2025-06-16 11:00:00+02:00;0,000;1,000;MESURE
2025-06-16 12:00:00+02:00;0,000;1,000;MESURE
2025-06-16 13:00:00+02:00;0,000;1,000;MESURE
2025-06-16 14:00:00+02:00;0,000;1,000;MESURE
2025-06-16 15:00:00+02:00;0,000;1,000;MESURE
2025-06-16 16:00:00+02:00;0,000;1,000;MESURE
2025-06-16 17:00:00+02:00;0,000;1,000;MESURE
2025-06-16 18:00:00+02:00;0,000;1,000;MESURE
2025-06-16 19:00:00+02:00;0,000;1,000;MESURE
2025-06-16 20:00:00+02:00;0,000;1,000;MESURE
2025-06-16 21:00:00+02:00;1478,000;1,000;MESURE
2025-06-16 22:00:00+02:00;4026,000;1,000;MESURE
2025-06-16 23:00:00+02:00;3799,000;1,000;MESURE
2025-06-17 00:00:00+02:00;3723,000;1,000;MESURE
2025-06-17 01:00:00+02:00;3720,000;1,000;MESURE
2025-06-17 02:00:00+02:00;3722,000;1,000;MESURE
2025-06-17 03:00:00+02:00;3722,000;1,000;MESURE
2025-06-17 04:00:00+02:00;3726,000;1,000;MESURE
2025-06-17 05:00:00+02:00;3361,000;1,000;MESURE
2025-06-17 06:00:00+02:00;0,000;1,000;MESURE
2025-06-17 07:00:00+02:00;0,000;1,000;MESURE
2025-06-17 08:00:00+02:00;0,000;1,000;MESURE
2025-06-17 09:00:00+02:00;0,000;1,000;MESURE
2025-06-17 10:00:00+02:00;0,000;1,000;MESURE
2025-06-17 11:00:00+02:00;0,000;1,000;MESURE
2025-06-17 12:00:00+02:00;0,000;1,000;MESURE
2025-06-17 13:00:00+02:00;0,000;1,000;MESURE
2025-06-17 14:00:00+02:00;0,000;1,000;MESURE
2025-06-17 15:00:00+02:00;0,000;1,000;MESURE
2025-06-17 16:00:00+02:00;0,000;1,000;MESURE
2025-06-17 17:00:00+02:00;0,000;1,000;MESURE
2025-06-17 18:00:00+02:00;0,000;1,000;MESURE
2025-06-17 19:00:00+02:00;0,000;1,000;MESURE
2025-06-17 20:00:00+02:00;0,000;1,000;MESURE
2025-06-17 21:00:00+02:00;1340,000;1,000;MESURE
2025-06-17 22:00:00+02:00;4013,000;1,000;MESURE
2025-06-17 23:00:00+02:00;3788,000;1,000;MESURE
2025-06-18 00:00:00+02:00;3723,000;1,000;MESURE
2025-06-18 01:00:00+02:00;3728,000;1,000;MESURE
2025-06-18 02:00:00+02:00;3732,000;1,000;MESURE
2025-06-18 03:00:00+02:00;3734,000;1,000;MESURE
2025-06-18 04:00:00+02:00;3736,000;1,000;MESURE
2025-06-18 05:00:00+02:00;3376,000;1,000;MESURE
2025-06-18 06:00:00+02:00;0,000;1,000;MESURE
2025-06-18 07:00:00+02:00;0,000;1,000;MESURE
2025-06-18 08:00:00+02:00;0,000;1,000;MESURE
2025-06-18 09:00:00+02:00;0,000;1,000;MESURE
2025-06-18 10:00:00+02:00;0,000;1,000;MESURE
2025-06-18 11:00:00+02:00;0,000;1,000;MESURE
2025-06-18 12:00:00+02:00;0,000;1,000;MESURE
2025-06-18 13:00:00+02:00;0,000;1,000;MESURE
2025-06-18 14:00:00+02:00;0,000;1,000;MESURE
2025-06-18 15:00:00+02:00;0,000;1,000;MESURE
2025-06-18 16:00:00+02:00;0,000;1,000;MESURE
2025-06-18 17:00:00+02:00;0,000;1,000;MESURE
2025-06-18 18:00:00+02:00;0,000;1,000;MESURE
2025-06-18 19:00:00+02:00;0,000;1,000;MESURE
2025-06-18 20:00:00+02:00;0,000;1,000;MESURE
2025-06-18 21:00:00+02:00;1341,000;1,000;MESURE
2025-06-18 22:00:00+02:00;4001,000;1,000;MESURE
2025-06-18 23:00:00+02:00;3780,000;1,000;MESURE
2025-06-19 00:00:00+02:00;3703,000;1,000;MESURE
2025-06-19 01:00:00+02:00;3705,000;1,000;MESURE
2025-06-19 02:00:00+02:00;3709,000;1,000;MESURE
2025-06-19 03:00:00+02:00;3713,000;1,000;MESURE
2025-06-19 04:00:00+02:00;3716,000;1,000;MESURE
2025-06-19 05:00:00+02:00;3367,000;1,000;MESURE
2025-06-19 06:00:00+02:00;0,000;1,000;MESURE
2025-06-19 07:00:00+02:00;0,000;1,000;MESURE
2025-06-19 08:00:00+02:00;0,000;1,000;MESURE
2025-06-19 09:00:00+02:00;0,000;1,000;MESURE
2025-06-19 10:00:00+02:00;0,000;1,000;MESURE
2025-06-19 11:00:00+02:00;0,000;1,000;MESURE
2025-06-19 12:00:00+02:00;0,000;1,000;MESURE
2025-06-19 13:00:00+02:00;0,000;1,000;MESURE
2025-06-19 14:00:00+02:00;0,000;1,000;MESURE
2025-06-19 15:00:00+02:00;0,000;1,000;MESURE
2025-06-19 16:00:00+02:00;0,000;1,000;MESURE
2025-06-19 17:00:00+02:00;0,000;1,000;MESURE
2025-06-19 18:00:00+02:00;0,000;1,000;MESURE
2025-06-19 19:00:00+02:00;0,000;1,000;MESURE
2025-06-19 20:00:00+02:00;0,000;1,000;MESURE
2025-06-19 21:00:00+02:00;1318,000;1,000;MESURE
2025-06-19 22:00:00+02:00;3997,000;1,000;MESURE
2025-06-19 23:00:00+02:00;3772,000;1,000;MESURE
2025-06-20 00:00:00+02:00;3701,000;1,000;MESURE
2025-06-20 01:00:00+02:00;3702,000;1,000;MESURE
2025-06-20 02:00:00+02:00;3704,000;1,000;MESURE
2025-06-20 03:00:00+02:00;3707,000;1,000;MESURE
2025-06-20 04:00:00+02:00;3709,000;1,000;MESURE
2025-06-20 05:00:00+02:00;3372,000;1,000;MESURE
2025-06-20 06:00:00+02:00;0,000;1,000;MESURE
2025-06-20 07:00:00+02:00;0,000;1,000;MESURE
2025-06-20 08:00:00+02:00;0,000;1,000;MESURE
2025-06-20 09:00:00+02:00;0,000;1,000;MESURE
2025-06-20 10:00:00+02:00;0,000;1,000;MESURE
2025-06-20 11:00:00+02:00;0,000;1,000;MESURE
2025-06-20 12:00:00+02:00;0,000;1,000;MESURE
2025-06-20 13:00:00+02:00;0,000;1,000;MESURE
2025-06-20 14:00:00+02:00;3254,000;1,000;MESURE
2025-06-20 15:00:00+02:00;0,000;1,000;MESURE
2025-06-20 16:00:00+02:00;0,000;1,000;MESURE
2025-06-20 17:00:00+02:00;0,000;1,000;MESURE
2025-06-20 18:00:00+02:00;0,000;1,000;MESURE
2025-06-20 19:00:00+02:00;0,000;1,000;MESURE
2025-06-20 20:00:00+02:00;0,000;1,000;MESURE
2025-06-20 21:00:00+02:00;1355,000;1,000;MESURE
2025-06-20 22:00:00+02:00;4135,000;1,000;MESURE
2025-06-20 23:00:00+02:00;3916,000;1,000;MESURE
2025-06-21 00:00:00+02:00;3839,000;1,000;MESURE
2025-06-21 01:00:00+02:00;3839,000;1,000;MESURE
2025-06-21 02:00:00+02:00;3844,000;1,000;MESURE
2025-06-21 03:00:00+02:00;3846,000;1,000;MESURE
2025-06-21 04:00:00+02:00;3847,000;1,000;MESURE
2025-06-21 05:00:00+02:00;3417,000;1,000;MESURE
2025-06-21 06:00:00+02:00;0,000;1,000;MESURE
2025-06-21 07:00:00+02:00;0,000;1,000;MESURE
2025-06-21 08:00:00+02:00;0,000;1,000;MESURE
2025-06-21 09:00:00+02:00;0,000;1,000;MESURE
2025-06-21 10:00:00+02:00;0,000;1,000;MESURE
2025-06-21 11:00:00+02:00;0,000;1,000;MESURE
2025-06-21 12:00:00+02:00;0,000;1,000;MESURE
2025-06-21 13:00:00+02:00;0,000;1,000;MESURE
2025-06-21 14:00:00+02:00;0,000;1,000;MESURE
2025-06-21 15:00:00+02:00;0,000;1,000;MESURE
2025-06-21 16:00:00+02:00;0,000;1,000;MESURE
2025-06-21 17:00:00+02:00;0,000;1,000;MESURE
2025-06-21 18:00:00+02:00;0,000;1,000;MESURE
2025-06-21 19:00:00+02:00;0,000;1,000;MESURE
2025-06-21 20:00:00+02:00;0,000;1,000;MESURE
2025-06-21 21:00:00+02:00;1207,000;1,000;MESURE
2025-06-21 22:00:00+02:00;4143,000;1,000;MESURE
2025-06-21 23:00:00+02:00;3918,000;1,000;MESURE
2025-06-22 00:00:00+02:00;3846,000;1,000;MESURE
2025-06-22 01:00:00+02:00;3845,000;1,000;MESURE
2025-06-22 02:00:00+02:00;3848,000;1,000;MESURE
2025-06-22 03:00:00+02:00;3851,000;1,000;MESURE
2025-06-22 04:00:00+02:00;3855,000;1,000;MESURE
2025-06-22 05:00:00+02:00;3429,000;1,000;MESURE
2025-06-22 06:00:00+02:00;0,000;1,000;MESURE
2025-06-22 07:00:00+02:00;0,000;1,000;MESURE
2025-06-22 08:00:00+02:00;0,000;1,000;MESURE
2025-06-22 09:00:00+02:00;0,000;1,000;MESURE
2025-06-22 10:00:00+02:00;0,000;1,000;MESURE
2025-06-22 11:00:00+02:00;0,000;1,000;MESURE
2025-06-22 12:00:00+02:00;0,000;1,000;MESURE
2025-06-22 13:00:00+02:00;0,000;1,000;MESURE
2025-06-22 14:00:00+02:00;0,000;1,000;MESURE
2025-06-22 15:00:00+02:00;0,000;1,000;MESURE
2025-06-22 16:00:00+02:00;0,000;1,000;MESURE
2025-06-22 17:00:00+02:00;0,000;1,000;MESURE
2025-06-22 18:00:00+02:00;0,000;1,000;MESURE
2025-06-22 19:00:00+02:00;0,000;1,000;MESURE
2025-06-22 20:00:00+02:00;0,000;1,000;MESURE
2025-06-22 21:00:00+02:00;1196,000;1,000;MESURE
2025-06-22 22:00:00+02:00;4126,000;1,000;MESURE
2025-06-22 23:00:00+02:00;3905,000;1,000;MESURE
2025-06-23 00:00:00+02:00;3828,000;1,000;MESURE
2025-06-23 01:00:00+02:00;3823,000;1,000;MESURE
2025-06-23 02:00:00+02:00;3821,000;1,000;MESURE
2025-06-23 03:00:00+02:00;3823,000;1,000;MESURE
2025-06-23 04:00:00+02:00;3828,000;1,000;MESURE
2025-06-23 05:00:00+02:00;3555,000;1,000;MESURE
2025-06-23 06:00:00+02:00;0,000;1,000;MESURE
2025-06-23 07:00:00+02:00;0,000;1,000;MESURE
2025-06-23 08:00:00+02:00;0,000;1,000;MESURE
2025-06-23 09:00:00+02:00;0,000;1,000;MESURE
2025-06-23 10:00:00+02:00;0,000;1,000;MESURE
2025-06-23 11:00:00+02:00;0,000;1,000;MESURE
2025-06-23 12:00:00+02:00;0,000;1,000;MESURE
2025-06-23 13:00:00+02:00;0,000;1,000;MESURE
2025-06-23 14:00:00+02:00;0,000;1,000;MESURE
2025-06-23 15:00:00+02:00;0,000;1,000;MESURE
2025-06-23 16:00:00+02:00;0,000;1,000;MESURE
2025-06-23 17:00:00+02:00;0,000;1,000;MESURE
2025-06-23 18:00:00+02:00;0,000;1,000;MESURE
2025-06-23 19:00:00+02:00;0,000;1,000;MESURE
2025-06-23 20:00:00+02:00;0,000;1,000;MESURE
2025-06-23 21:00:00+02:00;1217,000;1,000;MESURE
2025-06-23 22:00:00+02:00;4136,000;1,000;MESURE
2025-06-23 23:00:00+02:00;3920,000;1,000;MESURE
2025-06-24 00:00:00+02:00;3851,000;1,000;MESURE
2025-06-24 01:00:00+02:00;3853,000;1,000;MESURE
2025-06-24 02:00:00+02:00;3856,000;1,000;MESURE
2025-06-24 03:00:00+02:00;3861,000;1,000;MESURE
2025-06-24 04:00:00+02:00;3865,000;1,000;MESURE
2025-06-24 05:00:00+02:00;3572,000;1,000;MESURE
2025-06-24 06:00:00+02:00;0,000;1,000;MESURE
2025-06-24 07:00:00+02:00;0,000;1,000;MESURE
2025-06-24 08:00:00+02:00;0,000;1,000;MESURE
2025-06-24 09:00:00+02:00;0,000;1,000;MESURE
2025-06-24 10:00:00+02:00;0,000;1,000;MESURE
2025-06-24 11:00:00+02:00;0,000;1,000;MESURE
2025-06-24 12:00:00+02:00;0,000;1,000;MESURE
2025-06-24 13:00:00+02:00;0,000;1,000;MESURE
2025-06-24 14:00:00+02:00;0,000;1,000;MESURE
2025-06-24 15:00:00+02:00;0,000;1,000;MESURE
2025-06-24 16:00:00+02:00;0,000;1,000;MESURE
2025-06-24 17:00:00+02:00;0,000;1,000;MESURE
2025-06-24 18:00:00+02:00;0,000;1,000;MESURE
2025-06-24 19:00:00+02:00;0,000;1,000;MESURE
2025-06-24 20:00:00+02:00;0,000;1,000;MESURE
2025-06-24 21:00:00+02:00;1198,000;1,000;MESURE
2025-06-24 22:00:00+02:00;4134,000;1,000;MESURE
2025-06-24 23:00:00+02:00;3915,000;1,000;MESURE
2025-06-25 00:00:00+02:00;3841,000;1,000;MESURE
2025-06-25 01:00:00+02:00;3846,000;1,000;MESURE
2025-06-25 02:00:00+02:00;3850,000;1,000;MESURE
2025-06-25 03:00:00+02:00;3863,000;1,000;MESURE
2025-06-25 04:00:00+02:00;3865,000;1,000;MESURE
2025-06-25 05:00:00+02:00;3574,000;1,000;MESURE
2025-06-25 06:00:00+02:00;0,000;1,000;MESURE
2025-06-25 07:00:00+02:00;0,000;1,000;MESURE
2025-06-25 08:00:00+02:00;0,000;1,000;MESURE
2025-06-25 09:00:00+02:00;0,000;1,000;MESURE
2025-06-25 10:00:00+02:00;0,000;1,000;MESURE
2025-06-25 11:00:00+02:00;0,000;1,000;MESURE
2025-06-25 12:00:00+02:00;0,000;1,000;MESURE
2025-06-25 13:00:00+02:00;0,000;1,000;MESURE
2025-06-25 14:00:00+02:00;0,000;1,000;MESURE
2025-06-25 15:00:00+02:00;0,000;1,000;MESURE
2025-06-25 16:00:00+02:00;0,000;1,000;MESURE
2025-06-25 17:00:00+02:00;0,000;1,000;MESURE
2025-06-25 18:00:00+02:00;0,000;1,000;MESURE
2025-06-25 19:00:00+02:00;0,000;1,000;MESURE
2025-06-25 20:00:00+02:00;0,000;1,000;MESURE
2025-06-25 21:00:00+02:00;1207,000;1,000;MESURE
2025-06-25 22:00:00+02:00;4125,000;1,000;MESURE
2025-06-25 23:00:00+02:00;3909,000;1,000;MESURE
2025-06-26 00:00:00+02:00;3834,000;1,000;MESURE
2025-06-26 01:00:00+02:00;3834,000;1,000;MESURE
2025-06-26 02:00:00+02:00;3830,000;1,000;MESURE
2025-06-26 03:00:00+02:00;3831,000;1,000;MESURE
2025-06-26 04:00:00+02:00;3830,000;1,000;MESURE
2025-06-26 05:00:00+02:00;3712,000;1,000;MESURE
2025-06-26 06:00:00+02:00;0,000;1,000;MESURE
2025-06-26 07:00:00+02:00;0,000;1,000;MESURE
2025-06-26 08:00:00+02:00;0,000;1,000;MESURE
2025-06-26 09:00:00+02:00;0,000;1,000;MESURE
2025-06-26 10:00:00+02:00;0,000;1,000;MESURE
2025-06-26 11:00:00+02:00;0,000;1,000;MESURE
2025-06-26 12:00:00+02:00;0,000;1,000;MESURE
2025-06-26 13:00:00+02:00;0,000;1,000;MESURE
2025-06-26 14:00:00+02:00;0,000;1,000;MESURE
2025-06-26 15:00:00+02:00;0,000;1,000;MESURE
2025-06-26 16:00:00+02:00;0,000;1,000;MESURE
2025-06-26 17:00:00+02:00;0,000;1,000;MESURE
2025-06-26 18:00:00+02:00;0,000;1,000;MESURE
2025-06-26 19:00:00+02:00;0,000;1,000;MESURE
2025-06-26 20:00:00+02:00;0,000;1,000;MESURE
2025-06-26 21:00:00+02:00;1197,000;1,000;MESURE
2025-06-26 22:00:00+02:00;4147,000;1,000;MESURE
2025-06-26 23:00:00+02:00;3929,000;1,000;MESURE
2025-06-27 00:00:00+02:00;3857,000;1,000;MESURE
2025-06-27 01:00:00+02:00;3857,000;1,000;MESURE
2025-06-27 02:00:00+02:00;3860,000;1,000;MESURE
2025-06-27 03:00:00+02:00;3863,000;1,000;MESURE
2025-06-27 04:00:00+02:00;3864,000;1,000;MESURE
2025-06-27 05:00:00+02:00;3724,000;1,000;MESURE
2025-06-27 06:00:00+02:00;0,000;1,000;MESURE
2025-06-27 07:00:00+02:00;0,000;1,000;MESURE
2025-06-27 08:00:00+02:00;0,000;1,000;MESURE
2025-06-27 09:00:00+02:00;0,000;1,000;MESURE
2025-06-27 10:00:00+02:00;0,000;1,000;MESURE
2025-06-27 11:00:00+02:00;0,000;1,000;MESURE
2025-06-27 12:00:00+02:00;0,000;1,000;MESURE
2025-06-27 13:00:00+02:00;0,000;1,000;MESURE
2025-06-27 14:00:00+02:00;0,000;1,000;MESURE
2025-06-27 15:00:00+02:00;0,000;1,000;MESURE
2025-06-27 16:00:00+02:00;0,000;1,000;MESURE
2025-06-27 17:00:00+02:00;0,000;1,000;MESURE
2025-06-27 18:00:00+02:00;0,000;1,000;MESURE
2025-06-27 19:00:00+02:00;0,000;1,000;MESURE
2025-06-27 20:00:00+02:00;0,000;1,000;MESURE
2025-06-27 21:00:00+02:00;1204,000;1,000;MESURE
2025-06-27 22:00:00+02:00;4134,000;1,000;MESURE
2025-06-27 23:00:00+02:00;3919,000;1,000;MESURE
2025-06-28 00:00:00+02:00;3846,000;1,000;MESURE
2025-06-28 01:00:00+02:00;3849,000;1,000;MESURE
2025-06-28 02:00:00+02:00;3853,000;1,000;MESURE
2025-06-28 03:00:00+02:00;3854,000;1,000;MESURE
2025-06-28 04:00:00+02:00;3859,000;1,000;MESURE
2025-06-28 05:00:00+02:00;3846,000;1,000;MESURE
2025-06-28 06:00:00+02:00;0,000;1,000;MESURE
2025-06-28 07:00:00+02:00;0,000;1,000;MESURE
2025-06-28 08:00:00+02:00;0,000;1,000;MESURE
2025-06-28 09:00:00+02:00;0,000;1,000;MESURE
2025-06-28 10:00:00+02:00;0,000;1,000;MESURE
2025-06-28 11:00:00+02:00;0,000;1,000;MESURE
2025-06-28 12:00:00+02:00;0,000;1,000;MESURE
2025-06-28 13:00:00+02:00;0,000;1,000;MESURE
2025-06-28 14:00:00+02:00;0,000;1,000;MESURE
2025-06-28 15:00:00+02:00;0,000;1,000;MESURE
2025-06-28 16:00:00+02:00;0,000;1,000;MESURE
2025-06-28 17:00:00+02:00;0,000;1,000;MESURE
2025-06-28 18:00:00+02:00;0,000;1,000;MESURE
2025-06-28 19:00:00+02:00;0,000;1,000;MESURE
2025-06-28 20:00:00+02:00;0,000;1,000;MESURE
2025-06-28 21:00:00+02:00;1207,000;1,000;MESURE
2025-06-28 22:00:00+02:00;4120,000;1,000;MESURE
2025-06-28 23:00:00+02:00;3910,000;1,000;MESURE
2025-06-29 00:00:00+02:00;3838,000;1,000;MESURE
2025-06-29 01:00:00+02:00;3841,000;1,000;MESURE
2025-06-29 02:00:00+02:00;3844,000;1,000;MESURE
2025-06-29 03:00:00+02:00;3849,000;1,000;MESURE
2025-06-29 04:00:00+02:00;3852,000;1,000;MESURE
2025-06-29 05:00:00+02:00;3877,000;1,000;MESURE
2025-06-29 06:00:00+02:00;0,000;1,000;MESURE
2025-06-29 07:00:00+02:00;0,000;1,000;MESURE
2025-06-29 08:00:00+02:00;0,000;1,000;MESURE
2025-06-29 09:00:00+02:00;0,000;1,000;MESURE
2025-06-29 10:00:00+02:00;0,000;1,000;MESURE
2025-06-29 11:00:00+02:00;0,000;1,000;MESURE
2025-06-29 12:00:00+02:00;0,000;1,000;MESURE
2025-06-29 13:00:00+02:00;0,000;1,000;MESURE
2025-06-29 14:00:00+02:00;0,000;1,000;MESURE
2025-06-29 15:00:00+02:00;0,000;1,000;MESURE
2025-06-29 16:00:00+02:00;0,000;1,000;MESURE
2025-06-29 17:00:00+02:00;0,000;1,000;MESURE
2025-06-29 18:00:00+02:00;0,000;1,000;MESURE
2025-06-29 19:00:00+02:00;0,000;1,000;MESURE
2025-06-29 20:00:00+02:00;0,000;1,000;MESURE
2025-06-29 21:00:00+02:00;1173,000;1,000;MESURE
2025-06-29 22:00:00+02:00;4128,000;1,000;MESURE
2025-06-29 23:00:00+02:00;3905,000;1,000;MESURE
2025-06-30 00:00:00+02:00;3834,000;1,000;MESURE
2025-06-30 01:00:00+02:00;3836,000;1,000;MESURE
2025-06-30 02:00:00+02:00;3839,000;1,000;MESURE
2025-06-30 03:00:00+02:00;3839,000;1,000;MESURE
2025-06-30 04:00:00+02:00;3842,000;1,000;MESURE
2025-06-30 05:00:00+02:00;4010,000;1,000;MESURE
2025-06-30 06:00:00+02:00;0,000;1,000;MESURE
2025-06-30 07:00:00+02:00;0,000;1,000;MESURE
2025-06-30 08:00:00+02:00;0,000;1,000;MESURE
2025-06-30 09:00:00+02:00;0,000;1,000;MESURE
2025-06-30 10:00:00+02:00;0,000;1,000;MESURE
2025-06-30 11:00:00+02:00;0,000;1,000;MESURE
2025-06-30 12:00:00+02:00;0,000;1,000;MESURE
2025-06-30 13:00:00+02:00;0,000;1,000;MESURE
2025-06-30 14:00:00+02:00;0,000;1,000;MESURE
2025-06-30 15:00:00+02:00;0,000;1,000;MESURE
2025-06-30 16:00:00+02:00;0,000;1,000;MESURE
2025-06-30 17:00:00+02:00;0,000;1,000;MESURE
2025-06-30 18:00:00+02:00;0,000;1,000;MESURE
2025-06-30 19:00:00+02:00;0,000;1,000;MESURE
2025-06-30 20:00:00+02:00;0,000;1,000;MESURE
2025-06-30 21:00:00+02:00;1198,000;1,000;MESURE
2025-06-30 22:00:00+02:00;4148,000;1,000;MESURE
2025-06-30 23:00:00+02:00;3920,000;1,000;MESURE
2025-07-01 00:00:00+02:00;3845,000;1,000;MESURE
2025-07-01 01:00:00+02:00;3841,000;1,000;MESURE
2025-07-01 02:00:00+02:00;3841,000;1,000;MESURE
2025-07-01 03:00:00+02:00;3842,000;1,000;MESURE
2025-07-01 04:00:00+02:00;3841,000;1,000;MESURE
2025-07-01 05:00:00+02:00;4156,000;1,000;MESURE
2025-07-01 06:00:00+02:00;0,000;1,000;MESURE
2025-07-01 07:00:00+02:00;0,000;1,000;MESURE
2025-07-01 08:00:00+02:00;0,000;1,000;MESURE
2025-07-01 09:00:00+02:00;0,000;1,000;MESURE
2025-07-01 10:00:00+02:00;0,000;1,000;MESURE
2025-07-01 11:00:00+02:00;0,000;1,000;MESURE
2025-07-01 12:00:00+02:00;0,000;1,000;MESURE
2025-07-01 13:00:00+02:00;0,000;1,000;MESURE
2025-07-01 14:00:00+02:00;0,000;1,000;MESURE
2025-07-01 15:00:00+02:00;0,000;1,000;MESURE
2025-07-01 16:00:00+02:00;0,000;1,000;MESURE
2025-07-01 17:00:00+02:00;0,000;1,000;MESURE
2025-07-01 18:00:00+02:00;0,000;1,000;MESURE
2025-07-01 19:00:00+02:00;0,000;1,000;MESURE
2025-07-01 20:00:00+02:00;0,000;1,000;MESURE
2025-07-01 21:00:00+02:00;1181,000;1,000;MESURE
2025-07-01 22:00:00+02:00;4134,000;1,000;MESURE
2025-07-01 23:00:00+02:00;3914,000;1,000;MESURE
2025-07-02 00:00:00+02:00;3842,000;1,000;MESURE
2025-07-02 01:00:00+02:00;3843,000;1,000;MESURE
2025-07-02 02:00:00+02:00;3847,000;1,000;MESURE
2025-07-02 03:00:00+02:00;3850,000;1,000;MESURE
2025-07-02 04:00:00+02:00;3854,000;1,000;MESURE
2025-07-02 05:00:00+02:00;4142,000;1,000;MESURE
2025-07-02 06:00:00+02:00;0,000;1,000;MESURE
2025-07-02 07:00:00+02:00;0,000;1,000;MESURE
2025-07-02 08:00:00+02:00;0,000;1,000;MESURE
2025-07-02 09:00:00+02:00;0,000;1,000;MESURE
2025-07-02 10:00:00+02:00;0,000;1,000;MESURE
2025-07-02 11:00:00+02:00;0,000;1,000;MESURE
2025-07-02 12:00:00+02:00;0,000;1,000;MESURE
2025-07-02 13:00:00+02:00;0,000;1,000;MESURE
2025-07-02 14:00:00+02:00;0,000;1,000;MESURE
2025-07-02 15:00:00+02:00;0,000;1,000;MESURE
2025-07-02 16:00:00+02:00;0,000;1,000;MESURE
2025-07-02 17:00:00+02:00;0,000;1,000;MESURE
2025-07-02 18:00:00+02:00;0,000;1,000;MESURE
2025-07-02 19:00:00+02:00;0,000;1,000;MESURE
2025-07-02 20:00:00+02:00;0,000;1,000;MESURE
2025-07-02 21:00:00+02:00;1327,000;1,000;MESURE
2025-07-02 22:00:00+02:00;4081,000;1,000;MESURE
2025-07-02 23:00:00+02:00;3899,000;1,000;MESURE
2025-07-03 00:00:00+02:00;3821,000;1,000;MESURE
2025-07-03 01:00:00+02:00;3818,000;1,000;MESURE
2025-07-03 02:00:00+02:00;3816,000;1,000;MESURE
2025-07-03 03:00:00+02:00;3815,000;1,000;MESURE
2025-07-03 04:00:00+02:00;3820,000;1,000;MESURE
2025-07-03 05:00:00+02:00;4286,000;1,000;MESURE
2025-07-03 06:00:00+02:00;0,000;1,000;MESURE
2025-07-03 07:00:00+02:00;0,000;1,000;MESURE
2025-07-03 08:00:00+02:00;0,000;1,000;MESURE
2025-07-03 09:00:00+02:00;0,000;1,000;MESURE
2025-07-03 10:00:00+02:00;0,000;1,000;MESURE
2025-07-03 11:00:00+02:00;0,000;1,000;MESURE
2025-07-03 12:00:00+02:00;0,000;1,000;MESURE
2025-07-03 13:00:00+02:00;0,000;1,000;MESURE
2025-07-03 14:00:00+02:00;0,000;1,000;MESURE
2025-07-03 15:00:00+02:00;0,000;1,000;MESURE
2025-07-03 16:00:00+02:00;0,000;1,000;MESURE
2025-07-03 17:00:00+02:00;0,000;1,000;MESURE
2025-07-03 18:00:00+02:00;0,000;1,000;MESURE
2025-07-03 19:00:00+02:00;0,000;1,000;MESURE
2025-07-03 20:00:00+02:00;0,000;1,000;MESURE
2025-07-03 21:00:00+02:00;1346,000;1,000;MESURE
2025-07-03 22:00:00+02:00;4049,000;1,000;MESURE
2025-07-03 23:00:00+02:00;3840,000;1,000;MESURE
2025-07-04 00:00:00+02:00;3787,000;1,000;MESURE
2025-07-04 01:00:00+02:00;3783,000;1,000;MESURE
2025-07-04 02:00:00+02:00;3778,000;1,000;MESURE
2025-07-04 03:00:00+02:00;3774,000;1,000;MESURE
2025-07-04 04:00:00+02:00;3771,000;1,000;MESURE
2025-07-04 05:00:00+02:00;4463,000;1,000;MESURE
2025-07-04 06:00:00+02:00;0,000;1,000;MESURE
2025-07-04 07:00:00+02:00;0,000;1,000;MESURE
2025-07-04 08:00:00+02:00;0,000;1,000;MESURE
2025-07-04 09:00:00+02:00;0,000;1,000;MESURE
2025-07-04 10:00:00+02:00;0,000;1,000;MESURE
2025-07-04 11:00:00+02:00;0,000;1,000;MESURE
2025-07-04 12:00:00+02:00;0,000;1,000;MESURE
2025-07-04 13:00:00+02:00;0,000;1,000;MESURE
2025-07-04 14:00:00+02:00;0,000;1,000;MESURE
2025-07-04 15:00:00+02:00;0,000;1,000;MESURE
2025-07-04 16:00:00+02:00;0,000;1,000;MESURE
2025-07-04 17:00:00+02:00;0,000;1,000;MESURE
2025-07-04 18:00:00+02:00;0,000;1,000;MESURE
2025-07-04 19:00:00+02:00;0,000;1,000;MESURE
2025-07-04 20:00:00+02:00;0,000;1,000;MESURE
2025-07-04 21:00:00+02:00;1333,000;1,000;MESURE
2025-07-04 22:00:00+02:00;4062,000;1,000;MESURE
2025-07-04 23:00:00+02:00;3845,000;1,000;MESURE
2025-07-05 00:00:00+02:00;3767,000;1,000;MESURE
2025-07-05 01:00:00+02:00;3769,000;1,000;MESURE
2025-07-05 02:00:00+02:00;3771,000;1,000;MESURE
2025-07-05 03:00:00+02:00;3776,000;1,000;MESURE
2025-07-05 04:00:00+02:00;3779,000;1,000;MESURE
2025-07-05 05:00:00+02:00;4492,000;1,000;MESURE
2025-07-05 06:00:00+02:00;0,000;1,000;MESURE
2025-07-05 07:00:00+02:00;0,000;1,000;MESURE
2025-07-05 08:00:00+02:00;0,000;1,000;MESURE
2025-07-05 09:00:00+02:00;0,000;1,000;MESURE
2025-07-05 10:00:00+02:00;0,000;1,000;MESURE
2025-07-05 11:00:00+02:00;0,000;1,000;MESURE
2025-07-05 12:00:00+02:00;0,000;1,000;MESURE
2025-07-05 13:00:00+02:00;0,000;1,000;MESURE
2025-07-05 14:00:00+02:00;0,000;1,000;MESURE
2025-07-05 15:00:00+02:00;0,000;1,000;MESURE
2025-07-05 16:00:00+02:00;0,000;1,000;MESURE
2025-07-05 17:00:00+02:00;0,000;1,000;MESURE
2025-07-05 18:00:00+02:00;0,000;1,000;MESURE
2025-07-05 19:00:00+02:00;0,000;1,000;MESURE
2025-07-05 20:00:00+02:00;0,000;1,000;MESURE
2025-07-05 21:00:00+02:00;1503,000;1,000;MESURE
2025-07-05 22:00:00+02:00;4065,000;1,000;MESURE
2025-07-05 23:00:00+02:00;3851,000;1,000;MESURE
2025-07-06 00:00:00+02:00;3779,000;1,000;MESURE
2025-07-06 01:00:00+02:00;3783,000;1,000;MESURE
2025-07-06 02:00:00+02:00;3786,000;1,000;MESURE
2025-07-06 03:00:00+02:00;3788,000;1,000;MESURE
2025-07-06 04:00:00+02:00;3790,000;1,000;MESURE
2025-07-06 05:00:00+02:00;4625,000;1,000;MESURE
2025-07-06 06:00:00+02:00;0,000;1,000;MESURE
2025-07-06 07:00:00+02:00;0,000;1,000;MESURE
2025-07-06 08:00:00+02:00;0,000;1,000;MESURE
2025-07-06 09:00:00+02:00;0,000;1,000;MESURE
2025-07-06 10:00:00+02:00;0,000;1,000;MESURE
2025-07-06 11:00:00+02:00;0,000;1,000;MESURE
2025-07-06 12:00:00+02:00;0,000;1,000;MESURE
2025-07-06 13:00:00+02:00;0,000;1,000;MESURE
2025-07-06 14:00:00+02:00;0,000;1,000;MESURE
2025-07-06 15:00:00+02:00;0,000;1,000;MESURE
2025-07-06 16:00:00+02:00;0,000;1,000;MESURE
2025-07-06 17:00:00+02:00;0,000;1,000;MESURE
2025-07-06 18:00:00+02:00;0,000;1,000;MESURE
2025-07-06 19:00:00+02:00;0,000;1,000;MESURE
2025-07-06 20:00:00+02:00;0,000;1,000;MESURE
2025-07-06 21:00:00+02:00;1514,000;1,000;MESURE
2025-07-06 22:00:00+02:00;4095,000;1,000;MESURE
2025-07-06 23:00:00+02:00;3876,000;1,000;MESURE
2025-07-07 00:00:00+02:00;3806,000;1,000;MESURE
2025-07-07 01:00:00+02:00;3800,000;1,000;MESURE
2025-07-07 02:00:00+02:00;3799,000;1,000;MESURE
2025-07-07 03:00:00+02:00;3801,000;1,000;MESURE
2025-07-07 04:00:00+02:00;3799,000;1,000;MESURE
2025-07-07 05:00:00+02:00;4801,000;1,000;MESURE
2025-07-07 06:00:00+02:00;0,000;1,000;MESURE
2025-07-07 07:00:00+02:00;0,000;1,000;MESURE
2025-07-07 08:00:00+02:00;0,000;1,000;MESURE
2025-07-07 09:00:00+02:00;0,000;1,000;MESURE
2025-07-07 10:00:00+02:00;0,000;1,000;MESURE
2025-07-07 11:00:00+02:00;0,000;1,000;MESURE
2025-07-07 12:00:00+02:00;0,000;1,000;MESURE
2025-07-07 13:00:00+02:00;0,000;1,000;MESURE
2025-07-07 14:00:00+02:00;0,000;1,000;MESURE
2025-07-07 15:00:00+02:00;0,000;1,000;MESURE
2025-07-07 16:00:00+02:00;0,000;1,000;MESURE
2025-07-07 17:00:00+02:00;0,000;1,000;MESURE
2025-07-07 18:00:00+02:00;0,000;1,000;MESURE
2025-07-07 19:00:00+02:00;0,000;1,000;MESURE
2025-07-07 20:00:00+02:00;0,000;1,000;MESURE
2025-07-07 21:00:00+02:00;1673,000;1,000;MESURE
2025-07-07 22:00:00+02:00;4101,000;1,000;MESURE
2025-07-07 23:00:00+02:00;3877,000;1,000;MESURE
2025-07-08 00:00:00+02:00;3803,000;1,000;MESURE
2025-07-08 01:00:00+02:00;3803,000;1,000;MESURE
2025-07-08 02:00:00+02:00;3805,000;1,000;MESURE
2025-07-08 03:00:00+02:00;3807,000;1,000;MESURE
2025-07-08 04:00:00+02:00;3807,000;1,000;MESURE
2025-07-08 05:00:00+02:00;4946,000;1,000;MESURE
2025-07-08 06:00:00+02:00;0,000;1,000;MESURE
2025-07-08 07:00:00+02:00;0,000;1,000;MESURE
2025-07-08 08:00:00+02:00;0,000;1,000;MESURE
2025-07-08 09:00:00+02:00;0,000;1,000;MESURE
2025-07-08 10:00:00+02:00;0,000;1,000;MESURE
2025-07-08 11:00:00+02:00;0,000;1,000;MESURE
2025-07-08 12:00:00+02:00;0,000;1,000;MESURE
2025-07-08 13:00:00+02:00;0,000;1,000;MESURE
2025-07-08 14:00:00+02:00;0,000;1,000;MESURE
2025-07-08 15:00:00+02:00;0,000;1,000;MESURE
2025-07-08 16:00:00+02:00;0,000;1,000;MESURE
2025-07-08 17:00:00+02:00;0,000;1,000;MESURE
2025-07-08 18:00:00+02:00;0,000;1,000;MESURE
2025-07-08 19:00:00+02:00;0,000;1,000;MESURE
2025-07-08 20:00:00+02:00;0,000;1,000;MESURE
2025-07-08 21:00:00+02:00;1680,000;1,000;MESURE
2025-07-08 22:00:00+02:00;4143,000;1,000;MESURE
2025-07-08 23:00:00+02:00;3956,000;1,000;MESURE
2025-07-09 00:00:00+02:00;3883,000;1,000;MESURE
2025-07-09 01:00:00+02:00;3883,000;1,000;MESURE
2025-07-09 02:00:00+02:00;3884,000;1,000;MESURE
2025-07-09 03:00:00+02:00;3885,000;1,000;MESURE
2025-07-09 04:00:00+02:00;3890,000;1,000;MESURE
2025-07-09 05:00:00+02:00;5105,000;1,000;MESURE
2025-07-09 06:00:00+02:00;0,000;1,000;MESURE
2025-07-09 07:00:00+02:00;0,000;1,000;MESURE
2025-07-09 08:00:00+02:00;0,000;1,000;MESURE
2025-07-09 09:00:00+02:00;0,000;1,000;MESURE
2025-07-09 10:00:00+02:00;0,000;1,000;MESURE
2025-07-09 11:00:00+02:00;0,000;1,000;MESURE
2025-07-09 12:00:00+02:00;0,000;1,000;MESURE
2025-07-09 13:00:00+02:00;0,000;1,000;MESURE
2025-07-09 14:00:00+02:00;0,000;1,000;MESURE
2025-07-09 15:00:00+02:00;0,000;1,000;MESURE
2025-07-09 16:00:00+02:00;0,000;1,000;MESURE
2025-07-09 17:00:00+02:00;0,000;1,000;MESURE
2025-07-09 18:00:00+02:00;0,000;1,000;MESURE
2025-07-09 19:00:00+02:00;0,000;1,000;MESURE
2025-07-09 20:00:00+02:00;0,000;1,000;MESURE
2025-07-09 21:00:00+02:00;1821,000;1,000;MESURE
2025-07-09 22:00:00+02:00;4081,000;1,000;MESURE
2025-07-09 23:00:00+02:00;3857,000;1,000;MESURE
2025-07-10 00:00:00+02:00;3783,000;1,000;MESURE
2025-07-10 01:00:00+02:00;3784,000;1,000;MESURE
2025-07-10 02:00:00+02:00;3785,000;1,000;MESURE
2025-07-10 03:00:00+02:00;3787,000;1,000;MESURE
2025-07-10 04:00:00+02:00;3791,000;1,000;MESURE
2025-07-10 05:00:00+02:00;5071,000;1,000;MESURE
2025-07-10 06:00:00+02:00;0,000;1,000;MESURE
2025-07-10 07:00:00+02:00;0,000;1,000;MESURE
2025-07-10 08:00:00+02:00;0,000;1,000;MESURE
2025-07-10 09:00:00+02:00;0,000;1,000;MESURE
2025-07-10 10:00:00+02:00;0,000;1,000;MESURE
2025-07-10 11:00:00+02:00;0,000;1,000;MESURE
2025-07-10 12:00:00+02:00;0,000;1,000;MESURE
2025-07-10 13:00:00+02:00;0,000;1,000;MESURE
2025-07-10 14:00:00+02:00;0,000;1,000;MESURE
2025-07-10 15:00:00+02:00;0,000;1,000;MESURE
2025-07-10 16:00:00+02:00;0,000;1,000;MESURE
2025-07-10 17:00:00+02:00;0,000;1,000;MESURE
2025-07-10 18:00:00+02:00;0,000;1,000;MESURE
2025-07-10 19:00:00+02:00;0,000;1,000;MESURE
2025-07-10 20:00:00+02:00;0,000;1,000;MESURE
2025-07-10 21:00:00+02:00;1799,000;1,000;MESURE
2025-07-10 22:00:00+02:00;4071,000;1,000;MESURE
2025-07-10 23:00:00+02:00;3844,000;1,000;MESURE
2025-07-11 00:00:00+02:00;3771,000;1,000;MESURE
2025-07-11 01:00:00+02:00;3773,000;1,000;MESURE
2025-07-11 02:00:00+02:00;3777,000;1,000;MESURE
2025-07-11 03:00:00+02:00;3782,000;1,000;MESURE
2025-07-11 04:00:00+02:00;3787,000;1,000;MESURE
2025-07-11 05:00:00+02:00;5233,000;1,000;MESURE
2025-07-11 06:00:00+02:00;0,000;1,000;MESURE
2025-07-11 07:00:00+02:00;0,000;1,000;MESURE
2025-07-11 08:00:00+02:00;0,000;1,000;MESURE
2025-07-11 09:00:00+02:00;0,000;1,000;MESURE
2025-07-11 10:00:00+02:00;0,000;1,000;MESURE
2025-07-11 11:00:00+02:00;0,000;1,000;MESURE
2025-07-11 12:00:00+02:00;0,000;1,000;MESURE
2025-07-11 13:00:00+02:00;0,000;1,000;MESURE
2025-07-11 14:00:00+02:00;0,000;1,000;MESURE
2025-07-11 15:00:00+02:00;0,000;1,000;MESURE
2025-07-11 16:00:00+02:00;0,000;1,000;MESURE
2025-07-11 17:00:00+02:00;0,000;1,000;MESURE
2025-07-11 18:00:00+02:00;0,000;1,000;MESURE
2025-07-11 19:00:00+02:00;0,000;1,000;MESURE
2025-07-11 20:00:00+02:00;0,000;1,000;MESURE
2025-07-11 21:00:00+02:00;1945,000;1,000;MESURE
2025-07-11 22:00:00+02:00;4063,000;1,000;MESURE
2025-07-11 23:00:00+02:00;3845,000;1,000;MESURE
2025-07-12 00:00:00+02:00;3776,000;1,000;MESURE
2025-07-12 01:00:00+02:00;3772,000;1,000;MESURE
2025-07-12 02:00:00+02:00;3775,000;1,000;MESURE
2025-07-12 03:00:00+02:00;3779,000;1,000;MESURE
2025-07-12 04:00:00+02:00;3786,000;1,000;MESURE
2025-07-12 05:00:00+02:00;5374,000;1,000;MESURE
2025-07-12 06:00:00+02:00;0,000;1,000;MESURE
2025-07-12 07:00:00+02:00;0,000;1,000;MESURE
2025-07-12 08:00:00+02:00;0,000;1,000;MESURE
2025-07-12 09:00:00+02:00;0,000;1,000;MESURE
2025-07-12 10:00:00+02:00;0,000;1,000;MESURE
2025-07-12 11:00:00+02:00;0,000;1,000;MESURE
2025-07-12 12:00:00+02:00;0,000;1,000;MESURE
2025-07-12 13:00:00+02:00;0,000;1,000;MESURE
2025-07-12 14:00:00+02:00;0,000;1,000;MESURE
2025-07-12 15:00:00+02:00;0,000;1,000;MESURE
2025-07-12 16:00:00+02:00;0,000;1,000;MESURE
2025-07-12 17:00:00+02:00;0,000;1,000;MESURE
2025-07-12 18:00:00+02:00;0,000;1,000;MESURE
2025-07-12 19:00:00+02:00;0,000;1,000;MESURE
2025-07-12 20:00:00+02:00;0,000;1,000;MESURE
2025-07-12 21:00:00+02:00;2111,000;1,000;MESURE
2025-07-12 22:00:00+02:00;4056,000;1,000;MESURE
2025-07-12 23:00:00+02:00;3830,000;1,000;MESURE
2025-07-13 00:00:00+02:00;3755,000;1,000;MESURE
2025-07-13 01:00:00+02:00;3753,000;1,000;MESURE
2025-07-13 02:00:00+02:00;3752,000;1,000;MESURE
2025-07-13 03:00:00+02:00;3751,000;1,000;MESURE
2025-07-13 04:00:00+02:00;3758,000;1,000;MESURE
2025-07-13 05:00:00+02:00;5484,000;1,000;MESURE
2025-07-13 06:00:00+02:00;0,000;1,000;MESURE
2025-07-13 07:00:00+02:00;0,000;1,000;MESURE
2025-07-13 08:00:00+02:00;0,000;1,000;MESURE
2025-07-13 09:00:00+02:00;0,000;1,000;MESURE
2025-07-13 10:00:00+02:00;0,000;1,000;MESURE
2025-07-13 11:00:00+02:00;0,000;1,000;MESURE
2025-07-13 12:00:00+02:00;0,000;1,000;MESURE
2025-07-13 13:00:00+02:00;0,000;1,000;MESURE
2025-07-13 14:00:00+02:00;0,000;1,000;MESURE
2025-07-13 15:00:00+02:00;0,000;1,000;MESURE
2025-07-13 16:00:00+02:00;0,000;1,000;MESURE
2025-07-13 17:00:00+02:00;0,000;1,000;MESURE
2025-07-13 18:00:00+02:00;0,000;1,000;MESURE
2025-07-13 19:00:00+02:00;0,000;1,000;MESURE
2025-07-13 20:00:00+02:00;0,000;1,000;MESURE
2025-07-13 21:00:00+02:00;2274,000;1,000;MESURE
2025-07-13 22:00:00+02:00;4057,000;1,000;MESURE
2025-07-13 23:00:00+02:00;3828,000;1,000;MESURE
2025-07-14 00:00:00+02:00;3760,000;1,000;MESURE
2025-07-14 01:00:00+02:00;3766,000;1,000;MESURE
2025-07-14 02:00:00+02:00;3783,000;1,000;MESURE
2025-07-14 03:00:00+02:00;3780,000;1,000;MESURE
2025-07-14 04:00:00+02:00;3779,000;1,000;MESURE
2025-07-14 05:00:00+02:00;5673,000;1,000;MESURE
2025-07-14 06:00:00+02:00;0,000;1,000;MESURE
2025-07-14 07:00:00+02:00;0,000;1,000;MESURE
2025-07-14 08:00:00+02:00;0,000;1,000;MESURE
2025-07-14 09:00:00+02:00;0,000;1,000;MESURE
2025-07-14 10:00:00+02:00;0,000;1,000;MESURE
2025-07-14 11:00:00+02:00;0,000;1,000;MESURE
2025-07-14 12:00:00+02:00;0,000;1,000;MESURE
2025-07-14 13:00:00+02:00;0,000;1,000;MESURE
2025-07-14 14:00:00+02:00;0,000;1,000;MESURE
2025-07-14 15:00:00+02:00;0,000;1,000;MESURE
2025-07-14 16:00:00+02:00;0,000;1,000;MESURE
2025-07-14 17:00:00+02:00;0,000;1,000;MESURE
2025-07-14 18:00:00+02:00;0,000;1,000;MESURE
2025-07-14 19:00:00+02:00;0,000;1,000;MESURE
2025-07-14 20:00:00+02:00;0,000;1,000;MESURE
2025-07-14 21:00:00+02:00;2263,000;1,000;MESURE
2025-07-14 22:00:00+02:00;4054,000;1,000;MESURE
2025-07-14 23:00:00+02:00;3837,000;1,000;MESURE
2025-07-15 00:00:00+02:00;3764,000;1,000;MESURE
2025-07-15 01:00:00+02:00;3764,000;1,000;MESURE
2025-07-15 02:00:00+02:00;3761,000;1,000;MESURE
2025-07-15 03:00:00+02:00;3761,000;1,000;MESURE
2025-07-15 04:00:00+02:00;3760,000;1,000;MESURE
2025-07-15 05:00:00+02:00;5798,000;1,000;MESURE
2025-07-15 06:00:00+02:00;0,000;1,000;MESURE
2025-07-15 07:00:00+02:00;0,000;1,000;MESURE
2025-07-15 08:00:00+02:00;0,000;1,000;MESURE
2025-07-15 09:00:00+02:00;0,000;1,000;MESURE
2025-07-15 10:00:00+02:00;0,000;1,000;MESURE
2025-07-15 11:00:00+02:00;0,000;1,000;MESURE
2025-07-15 12:00:00+02:00;0,000;1,000;MESURE
2025-07-15 13:00:00+02:00;0,000;1,000;MESURE
2025-07-15 14:00:00+02:00;0,000;1,000;MESURE
2025-07-15 15:00:00+02:00;0,000;1,000;MESURE
2025-07-15 16:00:00+02:00;0,000;1,000;MESURE
2025-07-15 17:00:00+02:00;0,000;1,000;MESURE
2025-07-15 18:00:00+02:00;0,000;1,000;MESURE
2025-07-15 19:00:00+02:00;0,000;1,000;MESURE
2025-07-15 20:00:00+02:00;0,000;1,000;MESURE
2025-07-15 21:00:00+02:00;2397,000;1,000;MESURE
2025-07-15 22:00:00+02:00;4067,000;1,000;MESURE
2025-07-15 23:00:00+02:00;3852,000;1,000;MESURE
2025-07-16 00:00:00+02:00;3780,000;1,000;MESURE
2025-07-16 01:00:00+02:00;3779,000;1,000;MESURE
2025-07-16 02:00:00+02:00;3784,000;1,000;MESURE
2025-07-16 03:00:00+02:00;3787,000;1,000;MESURE
2025-07-16 04:00:00+02:00;3788,000;1,000;MESURE
2025-07-16 05:00:00+02:00;5984,000;1,000;MESURE
2025-07-16 06:00:00+02:00;0,000;1,000;MESURE
2025-07-16 07:00:00+02:00;0,000;1,000;MESURE
2025-07-16 08:00:00+02:00;0,000;1,000;MESURE
2025-07-16 09:00:00+02:00;0,000;1,000;MESURE
2025-07-16 10:00:00+02:00;0,000;1,000;MESURE
2025-07-16 11:00:00+02:00;0,000;1,000;MESURE
2025-07-16 12:00:00+02:00;0,000;1,000;MESURE
2025-07-16 13:00:00+02:00;0,000;1,000;MESURE
2025-07-16 14:00:00+02:00;0,000;1,000;MESURE
2025-07-16 15:00:00+02:00;0,000;1,000;MESURE
2025-07-16 16:00:00+02:00;0,000;1,000;MESURE
2025-07-16 17:00:00+02:00;0,000;1,000;MESURE
2025-07-16 18:00:00+02:00;0,000;1,000;MESURE
2025-07-16 19:00:00+02:00;0,000;1,000;MESURE
2025-07-16 20:00:00+02:00;0,000;1,000;MESURE
2025-07-16 21:00:00+02:00;2546,000;1,000;MESURE
2025-07-16 22:00:00+02:00;4051,000;1,000;MESURE
2025-07-16 23:00:00+02:00;3830,000;1,000;MESURE
2025-07-17 00:00:00+02:00;3755,000;1,000;MESURE
2025-07-17 01:00:00+02:00;3755,000;1,000;MESURE
2025-07-17 02:00:00+02:00;3758,000;1,000;MESURE
2025-07-17 03:00:00+02:00;3758,000;1,000;MESURE
2025-07-17 04:00:00+02:00;3764,000;1,000;MESURE
2025-07-17 05:00:00+02:00;6132,000;1,000;MESURE
2025-07-17 06:00:00+02:00;0,000;1,000;MESURE
2025-07-17 07:00:00+02:00;0,000;1,000;MESURE
2025-07-17 08:00:00+02:00;0,000;1,000;MESURE
2025-07-17 09:00:00+02:00;0,000;1,000;MESURE
2025-07-17 10:00:00+02:00;0,000;1,000;MESURE
2025-07-17 11:00:00+02:00;0,000;1,000;MESURE
2025-07-17 12:00:00+02:00;0,000;1,000;MESURE
2025-07-17 13:00:00+02:00;0,000;1,000;MESURE
2025-07-17 14:00:00+02:00;0,000;1,000;MESURE
2025-07-17 15:00:00+02:00;0,000;1,000;MESURE
2025-07-17 16:00:00+02:00;0,000;1,000;MESURE
2025-07-17 17:00:00+02:00;0,000;1,000;MESURE
2025-07-17 18:00:00+02:00;0,000;1,000;MESURE
2025-07-17 19:00:00+02:00;0,000;1,000;MESURE
2025-07-17 20:00:00+02:00;0,000;1,000;MESURE
2025-07-17 21:00:00+02:00;2703,000;1,000;MESURE
2025-07-17 22:00:00+02:00;4363,000;1,000;MESURE
2025-07-17 23:00:00+02:00;3841,000;1,000;MESURE
2025-07-18 00:00:00+02:00;3774,000;1,000;MESURE
2025-07-18 01:00:00+02:00;3778,000;1,000;MESURE
2025-07-18 02:00:00+02:00;3781,000;1,000;MESURE
2025-07-18 03:00:00+02:00;3783,000;1,000;MESURE
2025-07-18 04:00:00+02:00;3788,000;1,000;MESURE
2025-07-18 05:00:00+02:00;6418,000;1,000;MESURE
2025-07-18 06:00:00+02:00;0,000;1,000;MESURE
2025-07-18 07:00:00+02:00;0,000;1,000;MESURE
2025-07-18 08:00:00+02:00;0,000;1,000;MESURE
2025-07-18 09:00:00+02:00;0,000;1,000;MESURE
2025-07-18 10:00:00+02:00;0,000;1,000;MESURE
2025-07-18 11:00:00+02:00;0,000;1,000;MESURE
2025-07-18 12:00:00+02:00;0,000;1,000;MESURE
2025-07-18 13:00:00+02:00;0,000;1,000;MESURE
2025-07-18 14:00:00+02:00;0,000;1,000;MESURE
2025-07-18 15:00:00+02:00;0,000;1,000;MESURE
2025-07-18 16:00:00+02:00;0,000;1,000;MESURE
2025-07-18 17:00:00+02:00;0,000;1,000;MESURE
2025-07-18 18:00:00+02:00;0,000;1,000;MESURE
2025-07-18 19:00:00+02:00;0,000;1,000;MESURE
2025-07-18 20:00:00+02:00;0,000;1,000;MESURE
2025-07-18 21:00:00+02:00;2858,000;1,000;MESURE
2025-07-18 22:00:00+02:00;4053,000;1,000;MESURE
2025-07-18 23:00:00+02:00;3887,000;1,000;MESURE
2025-07-19 00:00:00+02:00;3816,000;1,000;MESURE
2025-07-19 01:00:00+02:00;3820,000;1,000;MESURE
2025-07-19 02:00:00+02:00;3821,000;1,000;MESURE
2025-07-19 03:00:00+02:00;3825,000;1,000;MESURE
2025-07-19 04:00:00+02:00;3829,000;1,000;MESURE
2025-07-19 05:00:00+02:00;6548,000;1,000;MESURE
2025-07-19 06:00:00+02:00;0,000;1,000;MESURE
2025-07-19 07:00:00+02:00;0,000;1,000;MESURE
2025-07-19 08:00:00+02:00;0,000;1,000;MESURE
2025-07-19 09:00:00+02:00;0,000;1,000;MESURE
2025-07-19 10:00:00+02:00;0,000;1,000;MESURE
2025-07-19 11:00:00+02:00;0,000;1,000;MESURE
2025-07-19 12:00:00+02:00;0,000;1,000;MESURE
2025-07-19 13:00:00+02:00;0,000;1,000;MESURE
2025-07-19 14:00:00+02:00;0,000;1,000;MESURE
2025-07-19 15:00:00+02:00;0,000;1,000;MESURE
2025-07-19 16:00:00+02:00;0,000;1,000;MESURE
2025-07-19 17:00:00+02:00;0,000;1,000;MESURE
2025-07-19 18:00:00+02:00;0,000;1,000;MESURE
2025-07-19 19:00:00+02:00;0,000;1,000;MESURE
2025-07-19 20:00:00+02:00;0,000;1,000;MESURE
2025-07-19 21:00:00+02:00;2715,000;1,000;MESURE
2025-07-19 22:00:00+02:00;3672,000;1,000;MESURE
2025-07-19 23:00:00+02:00;3455,000;1,000;MESURE
2025-07-20 00:00:00+02:00;3383,000;1,000;MESURE
2025-07-20 01:00:00+02:00;3379,000;1,000;MESURE
2025-07-20 02:00:00+02:00;3380,000;1,000;MESURE
2025-07-20 03:00:00+02:00;3379,000;1,000;MESURE
2025-07-20 04:00:00+02:00;3380,000;1,000;MESURE
2025-07-20 05:00:00+02:00;5966,000;1,000;MESURE
2025-07-20 06:00:00+02:00;0,000;1,000;MESURE
2025-07-20 07:00:00+02:00;0,000;1,000;MESURE
2025-07-20 08:00:00+02:00;0,000;1,000;MESURE
2025-07-20 09:00:00+02:00;0,000;1,000;MESURE
2025-07-20 10:00:00+02:00;0,000;1,000;MESURE
2025-07-20 11:00:00+02:00;0,000;1,000;MESURE
2025-07-20 12:00:00+02:00;0,000;1,000;MESURE
2025-07-20 13:00:00+02:00;0,000;1,000;MESURE
2025-07-20 14:00:00+02:00;0,000;1,000;MESURE
2025-07-20 15:00:00+02:00;0,000;1,000;MESURE
2025-07-20 16:00:00+02:00;0,000;1,000;MESURE
2025-07-20 17:00:00+02:00;0,000;1,000;MESURE
2025-07-20 18:00:00+02:00;0,000;1,000;MESURE
2025-07-20 19:00:00+02:00;0,000;1,000;MESURE
2025-07-20 20:00:00+02:00;0,000;1,000;MESURE
2025-07-20 21:00:00+02:00;2843,000;1,000;MESURE
2025-07-20 22:00:00+02:00;3679,000;1,000;MESURE
2025-07-20 23:00:00+02:00;3473,000;1,000;MESURE
2025-07-21 00:00:00+02:00;3406,000;1,000;MESURE
2025-07-21 01:00:00+02:00;3406,000;1,000;MESURE
2025-07-21 02:00:00+02:00;3407,000;1,000;MESURE
2025-07-21 03:00:00+02:00;3397,000;1,000;MESURE
2025-07-21 04:00:00+02:00;3396,000;1,000;MESURE
2025-07-21 05:00:00+02:00;6173,000;1,000;MESURE
2025-07-21 06:00:00+02:00;0,000;1,000;MESURE
2025-07-21 07:00:00+02:00;0,000;1,000;MESURE
2025-07-21 08:00:00+02:00;32,000;1,000;MESURE
2025-07-21 09:00:00+02:00;0,000;1,000;MESURE
2025-07-21 10:00:00+02:00;0,000;1,000;MESURE
2025-07-21 11:00:00+02:00;0,000;1,000;MESURE
2025-07-21 12:00:00+02:00;0,000;1,000;MESURE
2025-07-21 13:00:00+02:00;0,000;1,000;MESURE
2025-07-21 14:00:00+02:00;0,000;1,000;MESURE
2025-07-21 15:00:00+02:00;0,000;1,000;MESURE
2025-07-21 16:00:00+02:00;0,000;1,000;MESURE
2025-07-21 17:00:00+02:00;0,000;1,000;MESURE
2025-07-21 18:00:00+02:00;0,000;1,000;MESURE
2025-07-21 19:00:00+02:00;0,000;1,000;MESURE
2025-07-21 20:00:00+02:00;0,000;1,000;MESURE
2025-07-21 21:00:00+02:00;3325,000;1,000;MESURE
2025-07-21 22:00:00+02:00;4109,000;1,000;MESURE
2025-07-21 23:00:00+02:00;3856,000;1,000;MESURE
2025-07-22 00:00:00+02:00;3780,000;1,000;MESURE
2025-07-22 01:00:00+02:00;3779,000;1,000;MESURE
2025-07-22 02:00:00+02:00;3778,000;1,000;MESURE
2025-07-22 03:00:00+02:00;3777,000;1,000;MESURE
2025-07-22 04:00:00+02:00;3776,000;1,000;MESURE
2025-07-22 05:00:00+02:00;7022,000;1,000;MESURE
2025-07-22 06:00:00+02:00;0,000;1,000;MESURE
2025-07-22 07:00:00+02:00;0,000;1,000;MESURE
2025-07-22 08:00:00+02:00;0,000;1,000;MESURE
2025-07-22 09:00:00+02:00;0,000;1,000;MESURE
2025-07-22 10:00:00+02:00;0,000;1,000;MESURE
2025-07-22 11:00:00+02:00;0,000;1,000;MESURE
2025-07-22 12:00:00+02:00;0,000;1,000;MESURE
2025-07-22 13:00:00+02:00;0,000;1,000;MESURE
2025-07-22 14:00:00+02:00;0,000;1,000;MESURE
2025-07-22 15:00:00+02:00;0,000;1,000;MESURE
2025-07-22 16:00:00+02:00;0,000;1,000;MESURE
2025-07-22 17:00:00+02:00;0,000;1,000;MESURE
2025-07-22 18:00:00+02:00;0,000;1,000;MESURE
2025-07-22 19:00:00+02:00;0,000;1,000;MESURE
2025-07-22 20:00:00+02:00;0,000;1,000;MESURE
2025-07-22 21:00:00+02:00;3477,000;1,000;MESURE
2025-07-22 22:00:00+02:00;4050,000;1,000;MESURE
2025-07-22 23:00:00+02:00;3850,000;1,000;MESURE
2025-07-23 00:00:00+02:00;3780,000;1,000;MESURE
2025-07-23 01:00:00+02:00;3784,000;1,000;MESURE
2025-07-23 02:00:00+02:00;3785,000;1,000;MESURE
2025-07-23 03:00:00+02:00;3789,000;1,000;MESURE
2025-07-23 04:00:00+02:00;3789,000;1,000;MESURE
2025-07-23 05:00:00+02:00;7170,000;1,000;MESURE
2025-07-23 06:00:00+02:00;0,000;1,000;MESURE
2025-07-23 07:00:00+02:00;0,000;1,000;MESURE
2025-07-23 08:00:00+02:00;0,000;1,000;MESURE
2025-07-23 09:00:00+02:00;0,000;1,000;MESURE
2025-07-23 10:00:00+02:00;0,000;1,000;MESURE
2025-07-23 11:00:00+02:00;0,000;1,000;MESURE
2025-07-23 12:00:00+02:00;0,000;1,000;MESURE
2025-07-23 13:00:00+02:00;0,000;1,000;MESURE
2025-07-23 14:00:00+02:00;0,000;1,000;MESURE
2025-07-23 15:00:00+02:00;0,000;1,000;MESURE
2025-07-23 16:00:00+02:00;0,000;1,000;MESURE
2025-07-23 17:00:00+02:00;0,000;1,000;MESURE
2025-07-23 18:00:00+02:00;0,000;1,000;MESURE
2025-07-23 19:00:00+02:00;0,000;1,000;MESURE
2025-07-23 20:00:00+02:00;0,000;1,000;MESURE
2025-07-23 21:00:00+02:00;3623,000;1,000;MESURE
2025-07-23 22:00:00+02:00;4034,000;1,000;MESURE
2025-07-23 23:00:00+02:00;3903,000;1,000;MESURE
2025-07-24 00:00:00+02:00;3837,000;1,000;MESURE
2025-07-24 01:00:00+02:00;3834,000;1,000;MESURE
2025-07-24 02:00:00+02:00;3834,000;1,000;MESURE
2025-07-24 03:00:00+02:00;3841,000;1,000;MESURE
2025-07-24 04:00:00+02:00;3840,000;1,000;MESURE
2025-07-24 05:00:00+02:00;7330,000;1,000;MESURE
2025-07-24 06:00:00+02:00;0,000;1,000;MESURE
2025-07-24 07:00:00+02:00;0,000;1,000;MESURE
2025-07-24 08:00:00+02:00;0,000;1,000;MESURE
2025-07-24 09:00:00+02:00;0,000;1,000;MESURE
2025-07-24 10:00:00+02:00;0,000;1,000;MESURE
2025-07-24 11:00:00+02:00;0,000;1,000;MESURE
2025-07-24 12:00:00+02:00;0,000;1,000;MESURE
2025-07-24 13:00:00+02:00;0,000;1,000;MESURE
2025-07-24 14:00:00+02:00;0,000;1,000;MESURE
2025-07-24 15:00:00+02:00;0,000;1,000;MESURE
2025-07-24 16:00:00+02:00;0,000;1,000;MESURE
2025-07-24 17:00:00+02:00;0,000;1,000;MESURE
2025-07-24 18:00:00+02:00;0,000;1,000;MESURE
2025-07-24 19:00:00+02:00;0,000;1,000;MESURE
2025-07-24 20:00:00+02:00;0,000;1,000;MESURE
2025-07-24 21:00:00+02:00;3771,000;1,000;MESURE
2025-07-24 22:00:00+02:00;4038,000;1,000;MESURE
2025-07-24 23:00:00+02:00;3854,000;1,000;MESURE
2025-07-25 00:00:00+02:00;3784,000;1,000;MESURE
2025-07-25 01:00:00+02:00;3782,000;1,000;MESURE
2025-07-25 02:00:00+02:00;3782,000;1,000;MESURE
2025-07-25 03:00:00+02:00;3784,000;1,000;MESURE
2025-07-25 04:00:00+02:00;3786,000;1,000;MESURE
2025-07-25 05:00:00+02:00;7646,000;1,000;MESURE
2025-07-25 06:00:00+02:00;0,000;1,000;MESURE
2025-07-25 07:00:00+02:00;0,000;1,000;MESURE
2025-07-25 08:00:00+02:00;0,000;1,000;MESURE
2025-07-25 09:00:00+02:00;0,000;1,000;MESURE
2025-07-25 10:00:00+02:00;0,000;1,000;MESURE
2025-07-25 11:00:00+02:00;0,000;1,000;MESURE
2025-07-25 12:00:00+02:00;0,000;1,000;MESURE
2025-07-25 13:00:00+02:00;0,000;1,000;MESURE
2025-07-25 14:00:00+02:00;0,000;1,000;MESURE
2025-07-25 15:00:00+02:00;0,000;1,000;MESURE
2025-07-25 16:00:00+02:00;0,000;1,000;MESURE
2025-07-25 17:00:00+02:00;0,000;1,000;MESURE
2025-07-25 18:00:00+02:00;0,000;1,000;MESURE
2025-07-25 19:00:00+02:00;0,000;1,000;MESURE
2025-07-25 20:00:00+02:00;0,000;1,000;MESURE
2025-07-25 21:00:00+02:00;3929,000;1,000;MESURE
2025-07-25 22:00:00+02:00;4077,000;1,000;MESURE
2025-07-25 23:00:00+02:00;3847,000;1,000;MESURE
2025-07-26 00:00:00+02:00;3774,000;1,000;MESURE
2025-07-26 01:00:00+02:00;3773,000;1,000;MESURE
2025-07-26 02:00:00+02:00;3776,000;1,000;MESURE
2025-07-26 03:00:00+02:00;3774,000;1,000;MESURE
2025-07-26 04:00:00+02:00;3777,000;1,000;MESURE
2025-07-26 05:00:00+02:00;7789,000;1,000;MESURE
2025-07-26 06:00:00+02:00;0,000;1,000;MESURE
2025-07-26 07:00:00+02:00;0,000;1,000;MESURE
2025-07-26 08:00:00+02:00;0,000;1,000;MESURE
2025-07-26 09:00:00+02:00;0,000;1,000;MESURE
2025-07-26 10:00:00+02:00;0,000;1,000;MESURE
2025-07-26 11:00:00+02:00;0,000;1,000;MESURE
2025-07-26 12:00:00+02:00;0,000;1,000;MESURE
2025-07-26 13:00:00+02:00;0,000;1,000;MESURE
2025-07-26 14:00:00+02:00;0,000;1,000;MESURE
2025-07-26 15:00:00+02:00;0,000;1,000;MESURE
2025-07-26 16:00:00+02:00;0,000;1,000;MESURE
2025-07-26 17:00:00+02:00;0,000;1,000;MESURE
2025-07-26 18:00:00+02:00;0,000;1,000;MESURE
2025-07-26 19:00:00+02:00;0,000;1,000;MESURE
2025-07-26 20:00:00+02:00;0,000;1,000;MESURE
2025-07-26 21:00:00+02:00;4117,000;1,000;MESURE
2025-07-26 22:00:00+02:00;4029,000;1,000;MESURE
2025-07-26 23:00:00+02:00;3668,000;1,000;MESURE
2025-07-27 00:00:00+02:00;3594,000;1,000;MESURE
2025-07-27 01:00:00+02:00;3595,000;1,000;MESURE
2025-07-27 02:00:00+02:00;3595,000;1,000;MESURE
2025-07-27 03:00:00+02:00;3594,000;1,000;MESURE
2025-07-27 04:00:00+02:00;3593,000;1,000;MESURE
2025-07-27 05:00:00+02:00;7694,000;1,000;MESURE
2025-07-27 06:00:00+02:00;0,000;1,000;MESURE
2025-07-27 07:00:00+02:00;0,000;1,000;MESURE
2025-07-27 08:00:00+02:00;0,000;1,000;MESURE
2025-07-27 09:00:00+02:00;0,000;1,000;MESURE
2025-07-27 10:00:00+02:00;0,000;1,000;MESURE
2025-07-27 11:00:00+02:00;0,000;1,000;MESURE
2025-07-27 12:00:00+02:00;0,000;1,000;MESURE
2025-07-27 13:00:00+02:00;0,000;1,000;MESURE
2025-07-27 14:00:00+02:00;0,000;1,000;MESURE
2025-07-27 15:00:00+02:00;0,000;1,000;MESURE
2025-07-27 16:00:00+02:00;0,000;1,000;MESURE
2025-07-27 17:00:00+02:00;0,000;1,000;MESURE
2025-07-27 18:00:00+02:00;0,000;1,000;MESURE
2025-07-27 19:00:00+02:00;0,000;1,000;MESURE
2025-07-27 20:00:00+02:00;0,000;1,000;MESURE
2025-07-27 21:00:00+02:00;4288,000;1,000;MESURE
2025-07-27 22:00:00+02:00;3873,000;1,000;MESURE
2025-07-27 23:00:00+02:00;3667,000;1,000;MESURE
2025-07-28 00:00:00+02:00;3591,000;1,000;MESURE
2025-07-28 01:00:00+02:00;3587,000;1,000;MESURE
2025-07-28 02:00:00+02:00;3602,000;1,000;MESURE
2025-07-28 03:00:00+02:00;3602,000;1,000;MESURE
2025-07-28 04:00:00+02:00;3600,000;1,000;MESURE
2025-07-28 05:00:00+02:00;7859,000;1,000;MESURE
2025-07-28 06:00:00+02:00;0,000;1,000;MESURE
2025-07-28 07:00:00+02:00;0,000;1,000;MESURE
2025-07-28 08:00:00+02:00;0,000;1,000;MESURE
2025-07-28 09:00:00+02:00;0,000;1,000;MESURE
2025-07-28 10:00:00+02:00;0,000;1,000;MESURE
2025-07-28 11:00:00+02:00;0,000;1,000;MESURE
2025-07-28 12:00:00+02:00;0,000;1,000;MESURE
2025-07-28 13:00:00+02:00;0,000;1,000;MESURE
2025-07-28 14:00:00+02:00;0,000;1,000;MESURE
2025-07-28 15:00:00+02:00;0,000;1,000;MESURE
2025-07-28 16:00:00+02:00;0,000;1,000;MESURE
2025-07-28 17:00:00+02:00;0,000;1,000;MESURE
2025-07-28 18:00:00+02:00;0,000;1,000;MESURE
2025-07-28 19:00:00+02:00;0,000;1,000;MESURE
2025-07-28 20:00:00+02:00;0,000;1,000;MESURE
2025-07-28 21:00:00+02:00;4435,000;1,000;MESURE
2025-07-28 22:00:00+02:00;4015,000;1,000;MESURE
2025-07-28 23:00:00+02:00;3625,000;1,000;MESURE
2025-07-29 00:00:00+02:00;3549,000;1,000;MESURE
2025-07-29 01:00:00+02:00;3551,000;1,000;MESURE
2025-07-29 02:00:00+02:00;3548,000;1,000;MESURE
2025-07-29 03:00:00+02:00;3547,000;1,000;MESURE
2025-07-29 04:00:00+02:00;3552,000;1,000;MESURE
2025-07-29 05:00:00+02:00;7874,000;1,000;MESURE
2025-07-29 06:00:00+02:00;0,000;1,000;MESURE
2025-07-29 07:00:00+02:00;0,000;1,000;MESURE
2025-07-29 08:00:00+02:00;0,000;1,000;MESURE
2025-07-29 09:00:00+02:00;1752,000;1,000;MESURE
2025-07-29 10:00:00+02:00;1120,000;1,000;MESURE
2025-07-29 11:00:00+02:00;0,000;1,000;MESURE
2025-07-29 12:00:00+02:00;0,000;1,000;MESURE
2025-07-29 13:00:00+02:00;0,000;1,000;MESURE
2025-07-29 14:00:00+02:00;0,000;1,000;MESURE
2025-07-29 15:00:00+02:00;0,000;1,000;MESURE
2025-07-29 16:00:00+02:00;0,000;1,000;MESURE
2025-07-29 17:00:00+02:00;0,000;1,000;MESURE
2025-07-29 18:00:00+02:00;0,000;1,000;MESURE
2025-07-29 19:00:00+02:00;0,000;1,000;MESURE
2025-07-29 20:00:00+02:00;0,000;1,000;MESURE
2025-07-29 21:00:00+02:00;4522,000;1,000;MESURE
2025-07-29 22:00:00+02:00;3922,000;1,000;MESURE
2025-07-29 23:00:00+02:00;3564,000;1,000;MESURE
2025-07-30 00:00:00+02:00;3494,000;1,000;MESURE
2025-07-30 01:00:00+02:00;3496,000;1,000;MESURE
2025-07-30 02:00:00+02:00;3500,000;1,000;MESURE
2025-07-30 03:00:00+02:00;3503,000;1,000;MESURE
2025-07-30 04:00:00+02:00;3505,000;1,000;MESURE
2025-07-30 05:00:00+02:00;8272,000;1,000;MESURE
2025-07-30 06:00:00+02:00;0,000;1,000;MESURE
2025-07-30 07:00:00+02:00;0,000;1,000;MESURE
2025-07-30 08:00:00+02:00;0,000;1,000;MESURE
2025-07-30 09:00:00+02:00;0,000;1,000;MESURE
2025-07-30 10:00:00+02:00;0,000;1,000;MESURE
2025-07-30 11:00:00+02:00;0,000;1,000;MESURE
2025-07-30 12:00:00+02:00;0,000;1,000;MESURE
2025-07-30 13:00:00+02:00;0,000;1,000;MESURE
2025-07-30 14:00:00+02:00;0,000;1,000;MESURE
2025-07-30 15:00:00+02:00;0,000;1,000;MESURE
2025-07-30 16:00:00+02:00;0,000;1,000;MESURE
2025-07-30 17:00:00+02:00;0,000;1,000;MESURE
2025-07-30 18:00:00+02:00;0,000;1,000;MESURE
2025-07-30 19:00:00+02:00;0,000;1,000;MESURE
2025-07-30 20:00:00+02:00;0,000;1,000;MESURE
2025-07-30 21:00:00+02:00;4801,000;1,000;MESURE
2025-07-30 22:00:00+02:00;3791,000;1,000;MESURE
2025-07-30 23:00:00+02:00;3562,000;1,000;MESURE
2025-07-31 00:00:00+02:00;3492,000;1,000;MESURE
2025-07-31 01:00:00+02:00;3493,000;1,000;MESURE
2025-07-31 02:00:00+02:00;3491,000;1,000;MESURE
2025-07-31 03:00:00+02:00;3495,000;1,000;MESURE
2025-07-31 04:00:00+02:00;3492,000;1,000;MESURE
2025-07-31 05:00:00+02:00;8357,000;1,000;MESURE
2025-07-31 06:00:00+02:00;0,000;1,000;MESURE
2025-07-31 07:00:00+02:00;0,000;1,000;MESURE
2025-07-31 08:00:00+02:00;0,000;1,000;MESURE
2025-07-31 09:00:00+02:00;0,000;1,000;MESURE
2025-07-31 10:00:00+02:00;0,000;1,000;MESURE
2025-07-31 11:00:00+02:00;0,000;1,000;MESURE
2025-07-31 12:00:00+02:00;0,000;1,000;MESURE
2025-07-31 13:00:00+02:00;0,000;1,000;MESURE
2025-07-31 14:00:00+02:00;0,000;1,000;MESURE
2025-07-31 15:00:00+02:00;0,000;1,000;MESURE
2025-07-31 16:00:00+02:00;0,000;1,000;MESURE
2025-07-31 17:00:00+02:00;0,000;1,000;MESURE
2025-07-31 18:00:00+02:00;0,000;1,000;MESURE
2025-07-31 19:00:00+02:00;0,000;1,000;MESURE
2025-07-31 20:00:00+02:00;0,000;1,000;MESURE
2025-07-31 21:00:00+02:00;4959,000;1,000;MESURE
2025-07-31 22:00:00+02:00;3731,000;1,000;MESURE
2025-07-31 23:00:00+02:00;3558,000;1,000;MESURE
2025-08-01 00:00:00+02:00;3487,000;1,000;MESURE
2025-08-01 01:00:00+02:00;3489,000;1,000;MESURE
2025-08-01 02:00:00+02:00;3493,000;1,000;MESURE
2025-08-01 03:00:00+02:00;3493,000;1,000;MESURE
2025-08-01 04:00:00+02:00;3496,000;1,000;MESURE
2025-08-01 05:00:00+02:00;8556,000;1,000;MESURE
2025-08-01 06:00:00+02:00;0,000;1,000;MESURE
2025-08-01 07:00:00+02:00;0,000;1,000;MESURE
2025-08-01 08:00:00+02:00;0,000;1,000;MESURE
2025-08-01 09:00:00+02:00;0,000;1,000;MESURE
2025-08-01 10:00:00+02:00;0,000;1,000;MESURE
2025-08-01 11:00:00+02:00;0,000;1,000;MESURE
2025-08-01 12:00:00+02:00;0,000;1,000;MESURE
2025-08-01 13:00:00+02:00;0,000;1,000;MESURE
2025-08-01 14:00:00+02:00;0,000;1,000;MESURE
2025-08-01 15:00:00+02:00;0,000;1,000;MESURE
2025-08-01 16:00:00+02:00;0,000;1,000;MESURE
2025-08-01 17:00:00+02:00;0,000;1,000;MESURE
2025-08-01 18:00:00+02:00;0,000;1,000;MESURE
2025-08-01 19:00:00+02:00;0,000;1,000;MESURE
2025-08-01 20:00:00+02:00;0,000;1,000;MESURE
2025-08-01 21:00:00+02:00;5094,000;1,000;MESURE
2025-08-01 22:00:00+02:00;3747,000;1,000;MESURE
2025-08-01 23:00:00+02:00;3546,000;1,000;MESURE
2025-08-02 00:00:00+02:00;3475,000;1,000;MESURE
2025-08-02 01:00:00+02:00;3478,000;1,000;MESURE
2025-08-02 02:00:00+02:00;3480,000;1,000;MESURE
2025-08-02 03:00:00+02:00;3482,000;1,000;MESURE
2025-08-02 04:00:00+02:00;3486,000;1,000;MESURE
2025-08-02 05:00:00+02:00;8695,000;1,000;MESURE
2025-08-02 06:00:00+02:00;148,000;1,000;MESURE
2025-08-02 07:00:00+02:00;0,000;1,000;MESURE
2025-08-02 08:00:00+02:00;0,000;1,000;MESURE
2025-08-02 09:00:00+02:00;0,000;1,000;MESURE
2025-08-02 10:00:00+02:00;0,000;1,000;MESURE
2025-08-02 11:00:00+02:00;0,000;1,000;MESURE
2025-08-02 12:00:00+02:00;0,000;1,000;MESURE
2025-08-02 13:00:00+02:00;0,000;1,000;MESURE
2025-08-02 14:00:00+02:00;0,000;1,000;MESURE
2025-08-02 15:00:00+02:00;0,000;1,000;MESURE
2025-08-02 16:00:00+02:00;0,000;1,000;MESURE
2025-08-02 17:00:00+02:00;0,000;1,000;MESURE
2025-08-02 18:00:00+02:00;0,000;1,000;MESURE
2025-08-02 19:00:00+02:00;0,000;1,000;MESURE
2025-08-02 20:00:00+02:00;0,000;1,000;MESURE
2025-08-02 21:00:00+02:00;5431,000;1,000;MESURE
2025-08-02 22:00:00+02:00;3866,000;1,000;MESURE
2025-08-02 23:00:00+02:00;3572,000;1,000;MESURE
2025-08-03 00:00:00+02:00;3502,000;1,000;MESURE
2025-08-03 01:00:00+02:00;3506,000;1,000;MESURE
2025-08-03 02:00:00+02:00;3502,000;1,000;MESURE
2025-08-03 03:00:00+02:00;3506,000;1,000;MESURE
2025-08-03 04:00:00+02:00;3510,000;1,000;MESURE
2025-08-03 05:00:00+02:00;8684,000;1,000;MESURE
2025-08-03 06:00:00+02:00;307,000;1,000;MESURE
2025-08-03 07:00:00+02:00;0,000;1,000;MESURE
2025-08-03 08:00:00+02:00;0,000;1,000;MESURE
2025-08-03 09:00:00+02:00;0,000;1,000;MESURE
2025-08-03 10:00:00+02:00;0,000;1,000;MESURE
2025-08-03 11:00:00+02:00;0,000;1,000;MESURE
2025-08-03 12:00:00+02:00;0,000;1,000;MESURE
2025-08-03 13:00:00+02:00;0,000;1,000;MESURE
2025-08-03 14:00:00+02:00;0,000;1,000;MESURE
2025-08-03 15:00:00+02:00;0,000;1,000;MESURE
2025-08-03 16:00:00+02:00;0,000;1,000;MESURE
2025-08-03 17:00:00+02:00;0,000;1,000;MESURE
2025-08-03 18:00:00+02:00;0,000;1,000;MESURE
2025-08-03 19:00:00+02:00;0,000;1,000;MESURE
2025-08-03 20:00:00+02:00;0,000;1,000;MESURE
2025-08-03 21:00:00+02:00;5569,000;1,000;MESURE
2025-08-03 22:00:00+02:00;3779,000;1,000;MESURE
2025-08-03 23:00:00+02:00;3616,000;1,000;MESURE
2025-08-04 00:00:00+02:00;3560,000;1,000;MESURE
2025-08-04 01:00:00+02:00;3560,000;1,000;MESURE
2025-08-04 02:00:00+02:00;3565,000;1,000;MESURE
2025-08-04 03:00:00+02:00;3568,000;1,000;MESURE
2025-08-04 04:00:00+02:00;3570,000;1,000;MESURE
2025-08-04 05:00:00+02:00;8683,000;1,000;MESURE
2025-08-04 06:00:00+02:00;433,000;1,000;MESURE
2025-08-04 07:00:00+02:00;0,000;1,000;MESURE
2025-08-04 08:00:00+02:00;0,000;1,000;MESURE
2025-08-04 09:00:00+02:00;0,000;1,000;MESURE
2025-08-04 10:00:00+02:00;0,000;1,000;MESURE
2025-08-04 11:00:00+02:00;0,000;1,000;MESURE
2025-08-04 12:00:00+02:00;0,000;1,000;MESURE
2025-08-04 13:00:00+02:00;0,000;1,000;MESURE
2025-08-04 14:00:00+02:00;0,000;1,000;MESURE
2025-08-04 15:00:00+02:00;0,000;1,000;MESURE
2025-08-04 16:00:00+02:00;0,000;1,000;MESURE
2025-08-04 17:00:00+02:00;0,000;1,000;MESURE
2025-08-04 18:00:00+02:00;0,000;1,000;MESURE
2025-08-04 19:00:00+02:00;0,000;1,000;MESURE
2025-08-04 20:00:00+02:00;0,000;1,000;MESURE
2025-08-04 21:00:00+02:00;5821,000;1,000;MESURE
2025-08-04 22:00:00+02:00;3879,000;1,000;MESURE
2025-08-04 23:00:00+02:00;3589,000;1,000;MESURE
2025-08-05 00:00:00+02:00;3565,000;1,000;MESURE
2025-08-05 01:00:00+02:00;3568,000;1,000;MESURE
2025-08-05 02:00:00+02:00;3571,000;1,000;MESURE
2025-08-05 03:00:00+02:00;3575,000;1,000;MESURE
2025-08-05 04:00:00+02:00;3578,000;1,000;MESURE
2025-08-05 05:00:00+02:00;8643,000;1,000;MESURE
2025-08-05 06:00:00+02:00;575,000;1,000;MESURE
2025-08-05 07:00:00+02:00;0,000;1,000;MESURE
2025-08-05 08:00:00+02:00;0,000;1,000;MESURE
2025-08-05 09:00:00+02:00;0,000;1,000;MESURE
2025-08-05 10:00:00+02:00;0,000;1,000;MESURE
2025-08-05 11:00:00+02:00;0,000;1,000;MESURE
2025-08-05 12:00:00+02:00;0,000;1,000;MESURE
2025-08-05 13:00:00+02:00;0,000;1,000;MESURE
2025-08-05 14:00:00+02:00;0,000;1,000;MESURE
2025-08-05 15:00:00+02:00;0,000;1,000;MESURE
2025-08-05 16:00:00+02:00;0,000;1,000;MESURE
2025-08-05 17:00:00+02:00;0,000;1,000;MESURE
2025-08-05 18:00:00+02:00;0,000;1,000;MESURE
2025-08-05 19:00:00+02:00;0,000;1,000;MESURE
2025-08-05 20:00:00+02:00;0,000;1,000;MESURE
2025-08-05 21:00:00+02:00;5967,000;1,000;MESURE
2025-08-05 22:00:00+02:00;3745,000;1,000;MESURE
2025-08-05 23:00:00+02:00;3552,000;1,000;MESURE
2025-08-06 00:00:00+02:00;3484,000;1,000;MESURE
2025-08-06 01:00:00+02:00;3489,000;1,000;MESURE
2025-08-06 02:00:00+02:00;3490,000;1,000;MESURE
2025-08-06 03:00:00+02:00;3495,000;1,000;MESURE
2025-08-06 04:00:00+02:00;3500,000;1,000;MESURE
2025-08-06 05:00:00+02:00;8702,000;1,000;MESURE
2025-08-06 06:00:00+02:00;880,000;1,000;MESURE
2025-08-06 07:00:00+02:00;0,000;1,000;MESURE
2025-08-06 08:00:00+02:00;0,000;1,000;MESURE
2025-08-06 09:00:00+02:00;0,000;1,000;MESURE
2025-08-06 10:00:00+02:00;0,000;1,000;MESURE
2025-08-06 11:00:00+02:00;0,000;1,000;MESURE
2025-08-06 12:00:00+02:00;0,000;1,000;MESURE
2025-08-06 13:00:00+02:00;0,000;1,000;MESURE
2025-08-06 14:00:00+02:00;0,000;1,000;MESURE
2025-08-06 15:00:00+02:00;0,000;1,000;MESURE
2025-08-06 16:00:00+02:00;0,000;1,000;MESURE
2025-08-06 17:00:00+02:00;0,000;1,000;MESURE
2025-08-06 18:00:00+02:00;0,000;1,000;MESURE
2025-08-06 19:00:00+02:00;0,000;1,000;MESURE
2025-08-06 20:00:00+02:00;0,000;1,000;MESURE
2025-08-06 21:00:00+02:00;6273,000;1,000;MESURE
2025-08-06 22:00:00+02:00;3734,000;1,000;MESURE
2025-08-06 23:00:00+02:00;3556,000;1,000;MESURE
2025-08-07 00:00:00+02:00;3490,000;1,000;MESURE
2025-08-07 01:00:00+02:00;3492,000;1,000;MESURE
2025-08-07 02:00:00+02:00;3494,000;1,000;MESURE
2025-08-07 03:00:00+02:00;3500,000;1,000;MESURE
2025-08-07 04:00:00+02:00;3501,000;1,000;MESURE
2025-08-07 05:00:00+02:00;8716,000;1,000;MESURE
2025-08-07 06:00:00+02:00;1035,000;1,000;MESURE
2025-08-07 07:00:00+02:00;0,000;1,000;MESURE
2025-08-07 08:00:00+02:00;0,000;1,000;MESURE
2025-08-07 09:00:00+02:00;0,000;1,000;MESURE
2025-08-07 10:00:00+02:00;0,000;1,000;MESURE
2025-08-07 11:00:00+02:00;0,000;1,000;MESURE
2025-08-07 12:00:00+02:00;0,000;1,000;MESURE
2025-08-07 13:00:00+02:00;0,000;1,000;MESURE
2025-08-07 14:00:00+02:00;0,000;1,000;MESURE
2025-08-07 15:00:00+02:00;0,000;1,000;MESURE
2025-08-07 16:00:00+02:00;0,000;1,000;MESURE
2025-08-07 17:00:00+02:00;0,000;1,000;MESURE
2025-08-07 18:00:00+02:00;0,000;1,000;MESURE
2025-08-07 19:00:00+02:00;0,000;1,000;MESURE
2025-08-07 20:00:00+02:00;0,000;1,000;MESURE
2025-08-07 21:00:00+02:00;6394,000;1,000;MESURE
2025-08-07 22:00:00+02:00;3729,000;1,000;MESURE
2025-08-07 23:00:00+02:00;3548,000;1,000;MESURE
2025-08-08 00:00:00+02:00;3479,000;1,000;MESURE
2025-08-08 01:00:00+02:00;3483,000;1,000;MESURE
2025-08-08 02:00:00+02:00;3485,000;1,000;MESURE
2025-08-08 03:00:00+02:00;3498,000;1,000;MESURE
2025-08-08 04:00:00+02:00;3504,000;1,000;MESURE
2025-08-08 05:00:00+02:00;8704,000;1,000;MESURE
2025-08-08 06:00:00+02:00;1176,000;1,000;MESURE
2025-08-08 07:00:00+02:00;0,000;1,000;MESURE
2025-08-08 08:00:00+02:00;0,000;1,000;MESURE
2025-08-08 09:00:00+02:00;0,000;1,000;MESURE
2025-08-08 10:00:00+02:00;0,000;1,000;MESURE
2025-08-08 11:00:00+02:00;0,000;1,000;MESURE
2025-08-08 12:00:00+02:00;0,000;1,000;MESURE
2025-08-08 13:00:00+02:00;0,000;1,000;MESURE
2025-08-08 14:00:00+02:00;0,000;1,000;MESURE
2025-08-08 15:00:00+02:00;0,000;1,000;MESURE
2025-08-08 16:00:00+02:00;0,000;1,000;MESURE
2025-08-08 17:00:00+02:00;0,000;1,000;MESURE
2025-08-08 18:00:00+02:00;0,000;1,000;MESURE
2025-08-08 19:00:00+02:00;0,000;1,000;MESURE
2025-08-08 20:00:00+02:00;0,000;1,000;MESURE
2025-08-08 21:00:00+02:00;6668,000;1,000;MESURE
2025-08-08 22:00:00+02:00;3730,000;1,000;MESURE
2025-08-08 23:00:00+02:00;3531,000;1,000;MESURE
2025-08-09 00:00:00+02:00;3466,000;1,000;MESURE
2025-08-09 01:00:00+02:00;3469,000;1,000;MESURE
2025-08-09 02:00:00+02:00;3474,000;1,000;MESURE
2025-08-09 03:00:00+02:00;3478,000;1,000;MESURE
2025-08-09 04:00:00+02:00;3480,000;1,000;MESURE
2025-08-09 05:00:00+02:00;8679,000;1,000;MESURE
2025-08-09 06:00:00+02:00;1464,000;1,000;MESURE
2025-08-09 07:00:00+02:00;0,000;1,000;MESURE
2025-08-09 08:00:00+02:00;0,000;1,000;MESURE
2025-08-09 09:00:00+02:00;0,000;1,000;MESURE
2025-08-09 10:00:00+02:00;0,000;1,000;MESURE
2025-08-09 11:00:00+02:00;0,000;1,000;MESURE
2025-08-09 12:00:00+02:00;0,000;1,000;MESURE
2025-08-09 13:00:00+02:00;0,000;1,000;MESURE
2025-08-09 14:00:00+02:00;0,000;1,000;MESURE
2025-08-09 15:00:00+02:00;0,000;1,000;MESURE
2025-08-09 16:00:00+02:00;0,000;1,000;MESURE
2025-08-09 17:00:00+02:00;0,000;1,000;MESURE
2025-08-09 18:00:00+02:00;0,000;1,000;MESURE
2025-08-09 19:00:00+02:00;0,000;1,000;MESURE
2025-08-09 20:00:00+02:00;0,000;1,000;MESURE
2025-08-09 21:00:00+02:00;6833,000;1,000;MESURE
2025-08-09 22:00:00+02:00;3721,000;1,000;MESURE
2025-08-09 23:00:00+02:00;3525,000;1,000;MESURE
2025-08-10 00:00:00+02:00;3460,000;1,000;MESURE
2025-08-10 01:00:00+02:00;3462,000;1,000;MESURE
2025-08-10 02:00:00+02:00;3465,000;1,000;MESURE
2025-08-10 03:00:00+02:00;3466,000;1,000;MESURE
2025-08-10 04:00:00+02:00;3473,000;1,000;MESURE
2025-08-10 05:00:00+02:00;8658,000;1,000;MESURE
2025-08-10 06:00:00+02:00;1592,000;1,000;MESURE
2025-08-10 07:00:00+02:00;0,000;1,000;MESURE
2025-08-10 08:00:00+02:00;0,000;1,000;MESURE
2025-08-10 09:00:00+02:00;0,000;1,000;MESURE
2025-08-10 10:00:00+02:00;0,000;1,000;MESURE
2025-08-10 11:00:00+02:00;0,000;1,000;MESURE
2025-08-10 12:00:00+02:00;0,000;1,000;MESURE
2025-08-10 13:00:00+02:00;0,000;1,000;MESURE
2025-08-10 14:00:00+02:00;0,000;1,000;MESURE
2025-08-10 15:00:00+02:00;0,000;1,000;MESURE
2025-08-10 16:00:00+02:00;0,000;1,000;MESURE
2025-08-10 17:00:00+02:00;0,000;1,000;MESURE
2025-08-10 18:00:00+02:00;0,000;1,000;MESURE
2025-08-10 19:00:00+02:00;0,000;1,000;MESURE
2025-08-10 20:00:00+02:00;0,000;1,000;MESURE
2025-08-10 21:00:00+02:00;7133,000;1,000;MESURE
2025-08-10 22:00:00+02:00;3716,000;1,000;MESURE
2025-08-10 23:00:00+02:00;3529,000;1,000;MESURE
2025-08-11 00:00:00+02:00;3461,000;1,000;MESURE
2025-08-11 01:00:00+02:00;3465,000;1,000;MESURE
2025-08-11 02:00:00+02:00;3471,000;1,000;MESURE
2025-08-11 03:00:00+02:00;3473,000;1,000;MESURE
2025-08-11 04:00:00+02:00;3475,000;1,000;MESURE
2025-08-11 05:00:00+02:00;8642,000;1,000;MESURE
2025-08-11 06:00:00+02:00;1758,000;1,000;MESURE
2025-08-11 07:00:00+02:00;0,000;1,000;MESURE
2025-08-11 08:00:00+02:00;0,000;1,000;MESURE
2025-08-11 09:00:00+02:00;0,000;1,000;MESURE
2025-08-11 10:00:00+02:00;0,000;1,000;MESURE
2025-08-11 11:00:00+02:00;0,000;1,000;MESURE
2025-08-11 12:00:00+02:00;0,000;1,000;MESURE
2025-08-11 13:00:00+02:00;0,000;1,000;MESURE
2025-08-11 14:00:00+02:00;0,000;1,000;MESURE
2025-08-11 15:00:00+02:00;0,000;1,000;MESURE
2025-08-11 16:00:00+02:00;0,000;1,000;MESURE
2025-08-11 17:00:00+02:00;0,000;1,000;MESURE
2025-08-11 18:00:00+02:00;0,000;1,000;MESURE
2025-08-11 19:00:00+02:00;0,000;1,000;MESURE
2025-08-11 20:00:00+02:00;0,000;1,000;MESURE
2025-08-11 21:00:00+02:00;7435,000;1,000;MESURE
2025-08-11 22:00:00+02:00;3728,000;1,000;MESURE
2025-08-11 23:00:00+02:00;3526,000;1,000;MESURE
2025-08-12 00:00:00+02:00;3463,000;1,000;MESURE
2025-08-12 01:00:00+02:00;3466,000;1,000;MESURE
2025-08-12 02:00:00+02:00;3469,000;1,000;MESURE
2025-08-12 03:00:00+02:00;3472,000;1,000;MESURE
2025-08-12 04:00:00+02:00;3478,000;1,000;MESURE
2025-08-12 05:00:00+02:00;8687,000;1,000;MESURE
2025-08-12 06:00:00+02:00;2024,000;1,000;MESURE
2025-08-12 07:00:00+02:00;0,000;1,000;MESURE
2025-08-12 08:00:00+02:00;0,000;1,000;MESURE
2025-08-12 09:00:00+02:00;0,000;1,000;MESURE
2025-08-12 10:00:00+02:00;0,000;1,000;MESURE
2025-08-12 11:00:00+02:00;0,000;1,000;MESURE
2025-08-12 12:00:00+02:00;0,000;1,000;MESURE
2025-08-12 13:00:00+02:00;0,000;1,000;MESURE
2025-08-12 14:00:00+02:00;0,000;1,000;MESURE
2025-08-12 15:00:00+02:00;0,000;1,000;MESURE
2025-08-12 16:00:00+02:00;0,000;1,000;MESURE
2025-08-12 17:00:00+02:00;0,000;1,000;MESURE
2025-08-12 18:00:00+02:00;0,000;1,000;MESURE
2025-08-12 19:00:00+02:00;0,000;1,000;MESURE
2025-08-12 20:00:00+02:00;0,000;1,000;MESURE
2025-08-12 21:00:00+02:00;7574,000;1,000;MESURE
2025-08-12 22:00:00+02:00;3720,000;1,000;MESURE
2025-08-12 23:00:00+02:00;3524,000;1,000;MESURE
2025-08-13 00:00:00+02:00;3459,000;1,000;MESURE
2025-08-13 01:00:00+02:00;3465,000;1,000;MESURE
2025-08-13 02:00:00+02:00;3467,000;1,000;MESURE
2025-08-13 03:00:00+02:00;3483,000;1,000;MESURE
2025-08-13 04:00:00+02:00;3485,000;1,000;MESURE
2025-08-13 05:00:00+02:00;8647,000;1,000;MESURE
2025-08-13 06:00:00+02:00;2171,000;1,000;MESURE
2025-08-13 07:00:00+02:00;0,000;1,000;MESURE
2025-08-13 08:00:00+02:00;0,000;1,000;MESURE
2025-08-13 09:00:00+02:00;0,000;1,000;MESURE
2025-08-13 10:00:00+02:00;0,000;1,000;MESURE
2025-08-13 11:00:00+02:00;0,000;1,000;MESURE
2025-08-13 12:00:00+02:00;0,000;1,000;MESURE
2025-08-13 13:00:00+02:00;0,000;1,000;MESURE
2025-08-13 14:00:00+02:00;0,000;1,000;MESURE
2025-08-13 15:00:00+02:00;0,000;1,000;MESURE
2025-08-13 16:00:00+02:00;0,000;1,000;MESURE
2025-08-13 17:00:00+02:00;0,000;1,000;MESURE
2025-08-13 18:00:00+02:00;0,000;1,000;MESURE
2025-08-13 19:00:00+02:00;0,000;1,000;MESURE
2025-08-13 20:00:00+02:00;0,000;1,000;MESURE
2025-08-13 21:00:00+02:00;7846,000;1,000;MESURE
2025-08-13 22:00:00+02:00;3692,000;1,000;MESURE
2025-08-13 23:00:00+02:00;3530,000;1,000;MESURE
2025-08-14 00:00:00+02:00;3474,000;1,000;MESURE
2025-08-14 01:00:00+02:00;3480,000;1,000;MESURE
2025-08-14 02:00:00+02:00;3478,000;1,000;MESURE
2025-08-14 03:00:00+02:00;3481,000;1,000;MESURE
2025-08-14 04:00:00+02:00;3484,000;1,000;MESURE
2025-08-14 05:00:00+02:00;8637,000;1,000;MESURE
2025-08-14 06:00:00+02:00;2326,000;1,000;MESURE
2025-08-14 07:00:00+02:00;0,000;1,000;MESURE
2025-08-14 08:00:00+02:00;0,000;1,000;MESURE
2025-08-14 09:00:00+02:00;0,000;1,000;MESURE
2025-08-14 10:00:00+02:00;0,000;1,000;MESURE
2025-08-14 11:00:00+02:00;0,000;1,000;MESURE
2025-08-14 12:00:00+02:00;0,000;1,000;MESURE
2025-08-14 13:00:00+02:00;0,000;1,000;MESURE
2025-08-14 14:00:00+02:00;0,000;1,000;MESURE
2025-08-14 15:00:00+02:00;0,000;1,000;MESURE
2025-08-14 16:00:00+02:00;0,000;1,000;MESURE
2025-08-14 17:00:00+02:00;0,000;1,000;MESURE
2025-08-14 18:00:00+02:00;0,000;1,000;MESURE
2025-08-14 19:00:00+02:00;0,000;1,000;MESURE
2025-08-14 20:00:00+02:00;0,000;1,000;MESURE
2025-08-14 21:00:00+02:00;8146,000;1,000;MESURE
2025-08-14 22:00:00+02:00;3760,000;1,000;MESURE
2025-08-14 23:00:00+02:00;3544,000;1,000;MESURE
2025-08-15 00:00:00+02:00;3480,000;1,000;MESURE
2025-08-15 01:00:00+02:00;3481,000;1,000;MESURE
2025-08-15 02:00:00+02:00;3486,000;1,000;MESURE
2025-08-15 03:00:00+02:00;3487,000;1,000;MESURE
2025-08-15 04:00:00+02:00;3491,000;1,000;MESURE
2025-08-15 05:00:00+02:00;8675,000;1,000;MESURE
2025-08-15 06:00:00+02:00;2502,000;1,000;MESURE
2025-08-15 07:00:00+02:00;0,000;1,000;MESURE
2025-08-15 08:00:00+02:00;0,000;1,000;MESURE
2025-08-15 09:00:00+02:00;0,000;1,000;MESURE
2025-08-15 10:00:00+02:00;0,000;1,000;MESURE
2025-08-15 11:00:00+02:00;0,000;1,000;MESURE
2025-08-15 12:00:00+02:00;0,000;1,000;MESURE
2025-08-15 13:00:00+02:00;0,000;1,000;MESURE
2025-08-15 14:00:00+02:00;0,000;1,000;MESURE
2025-08-15 15:00:00+02:00;0,000;1,000;MESURE
2025-08-15 16:00:00+02:00;0,000;1,000;MESURE
2025-08-15 17:00:00+02:00;0,000;1,000;MESURE
2025-08-15 18:00:00+02:00;0,000;1,000;MESURE
2025-08-15 19:00:00+02:00;0,000;1,000;MESURE
2025-08-15 20:00:00+02:00;0,000;1,000;MESURE
2025-08-15 21:00:00+02:00;8297,000;1,000;MESURE
2025-08-15 22:00:00+02:00;3725,000;1,000;MESURE
2025-08-15 23:00:00+02:00;3549,000;1,000;MESURE
2025-08-16 00:00:00+02:00;3484,000;1,000;MESURE
2025-08-16 01:00:00+02:00;3486,000;1,000;MESURE
2025-08-16 02:00:00+02:00;3489,000;1,000;MESURE
2025-08-16 03:00:00+02:00;3491,000;1,000;MESURE
2025-08-16 04:00:00+02:00;3492,000;1,000;MESURE
2025-08-16 05:00:00+02:00;8639,000;1,000;MESURE
2025-08-16 06:00:00+02:00;2764,000;1,000;MESURE
2025-08-16 07:00:00+02:00;0,000;1,000;MESURE
2025-08-16 08:00:00+02:00;0,000;1,000;MESURE
2025-08-16 09:00:00+02:00;0,000;1,000;MESURE
2025-08-16 10:00:00+02:00;0,000;1,000;MESURE
2025-08-16 11:00:00+02:00;0,000;1,000;MESURE
2025-08-16 12:00:00+02:00;0,000;1,000;MESURE
2025-08-16 13:00:00+02:00;0,000;1,000;MESURE
2025-08-16 14:00:00+02:00;0,000;1,000;MESURE
2025-08-16 15:00:00+02:00;0,000;1,000;MESURE
2025-08-16 16:00:00+02:00;0,000;1,000;MESURE
2025-08-16 17:00:00+02:00;0,000;1,000;MESURE
2025-08-16 18:00:00+02:00;0,000;1,000;MESURE
2025-08-16 19:00:00+02:00;0,000;1,000;MESURE
2025-08-16 20:00:00+02:00;0,000;1,000;MESURE
2025-08-16 21:00:00+02:00;8590,000;1,000;MESURE
2025-08-16 22:00:00+02:00;3824,000;1,000;MESURE
2025-08-16 23:00:00+02:00;3533,000;1,000;MESURE
2025-08-17 00:00:00+02:00;3467,000;1,000;MESURE
2025-08-17 01:00:00+02:00;3467,000;1,000;MESURE
2025-08-17 02:00:00+02:00;3470,000;1,000;MESURE
2025-08-17 03:00:00+02:00;3477,000;1,000;MESURE
2025-08-17 04:00:00+02:00;3477,000;1,000;MESURE
2025-08-17 05:00:00+02:00;8661,000;1,000;MESURE
2025-08-17 06:00:00+02:00;2926,000;1,000;MESURE
2025-08-17 07:00:00+02:00;0,000;1,000;MESURE
2025-08-17 08:00:00+02:00;0,000;1,000;MESURE
2025-08-17 09:00:00+02:00;0,000;1,000;MESURE
2025-08-17 10:00:00+02:00;0,000;1,000;MESURE
2025-08-17 11:00:00+02:00;0,000;1,000;MESURE
2025-08-17 12:00:00+02:00;0,000;1,000;MESURE
2025-08-17 13:00:00+02:00;0,000;1,000;MESURE
2025-08-17 14:00:00+02:00;0,000;1,000;MESURE
2025-08-17 15:00:00+02:00;0,000;1,000;MESURE
2025-08-17 16:00:00+02:00;0,000;1,000;MESURE
2025-08-17 17:00:00+02:00;0,000;1,000;MESURE
2025-08-17 18:00:00+02:00;0,000;1,000;MESURE
2025-08-17 19:00:00+02:00;0,000;1,000;MESURE
2025-08-17 20:00:00+02:00;141,000;1,000;MESURE
2025-08-17 21:00:00+02:00;8755,000;1,000;MESURE
2025-08-17 22:00:00+02:00;3709,000;1,000;MESURE
2025-08-17 23:00:00+02:00;3541,000;1,000;MESURE
2025-08-18 00:00:00+02:00;3475,000;1,000;MESURE
2025-08-18 01:00:00+02:00;3476,000;1,000;MESURE
2025-08-18 02:00:00+02:00;3479,000;1,000;MESURE
2025-08-18 03:00:00+02:00;3483,000;1,000;MESURE
2025-08-18 04:00:00+02:00;3488,000;1,000;MESURE
2025-08-18 05:00:00+02:00;8688,000;1,000;MESURE
2025-08-18 06:00:00+02:00;3067,000;1,000;MESURE
2025-08-18 07:00:00+02:00;0,000;1,000;MESURE
2025-08-18 08:00:00+02:00;0,000;1,000;MESURE
2025-08-18 09:00:00+02:00;0,000;1,000;MESURE
2025-08-18 10:00:00+02:00;0,000;1,000;MESURE
2025-08-18 11:00:00+02:00;0,000;1,000;MESURE
2025-08-18 12:00:00+02:00;0,000;1,000;MESURE
2025-08-18 13:00:00+02:00;0,000;1,000;MESURE
2025-08-18 14:00:00+02:00;0,000;1,000;MESURE
2025-08-18 15:00:00+02:00;0,000;1,000;MESURE
2025-08-18 16:00:00+02:00;0,000;1,000;MESURE
2025-08-18 17:00:00+02:00;0,000;1,000;MESURE
2025-08-18 18:00:00+02:00;0,000;1,000;MESURE
2025-08-18 19:00:00+02:00;0,000;1,000;MESURE
2025-08-18 20:00:00+02:00;425,000;1,000;MESURE
2025-08-18 21:00:00+02:00;8739,000;1,000;MESURE
2025-08-18 22:00:00+02:00;3710,000;1,000;MESURE
2025-08-18 23:00:00+02:00;3536,000;1,000;MESURE
2025-08-19 00:00:00+02:00;3472,000;1,000;MESURE
2025-08-19 01:00:00+02:00;3478,000;1,000;MESURE
2025-08-19 02:00:00+02:00;3481,000;1,000;MESURE
2025-08-19 03:00:00+02:00;3485,000;1,000;MESURE
2025-08-19 04:00:00+02:00;3486,000;1,000;MESURE
2025-08-19 05:00:00+02:00;8695,000;1,000;MESURE
2025-08-19 06:00:00+02:00;3357,000;1,000;MESURE
2025-08-19 07:00:00+02:00;0,000;1,000;MESURE
2025-08-19 08:00:00+02:00;0,000;1,000;MESURE
2025-08-19 09:00:00+02:00;0,000;1,000;MESURE
2025-08-19 10:00:00+02:00;0,000;1,000;MESURE
2025-08-19 11:00:00+02:00;0,000;1,000;MESURE
2025-08-19 12:00:00+02:00;0,000;1,000;MESURE
2025-08-19 13:00:00+02:00;0,000;1,000;MESURE
2025-08-19 14:00:00+02:00;0,000;1,000;MESURE
2025-08-19 15:00:00+02:00;0,000;1,000;MESURE
2025-08-19 16:00:00+02:00;0,000;1,000;MESURE
2025-08-19 17:00:00+02:00;0,000;1,000;MESURE
2025-08-19 18:00:00+02:00;0,000;1,000;MESURE
2025-08-19 19:00:00+02:00;0,000;1,000;MESURE
2025-08-19 20:00:00+02:00;569,000;1,000;MESURE
2025-08-19 21:00:00+02:00;8763,000;1,000;MESURE
2025-08-19 22:00:00+02:00;3799,000;1,000;MESURE
2025-08-19 23:00:00+02:00;3550,000;1,000;MESURE
2025-08-20 00:00:00+02:00;3479,000;1,000;MESURE
2025-08-20 01:00:00+02:00;3483,000;1,000;MESURE
2025-08-20 02:00:00+02:00;3483,000;1,000;MESURE
2025-08-20 03:00:00+02:00;3482,000;1,000;MESURE
2025-08-20 04:00:00+02:00;3486,000;1,000;MESURE
2025-08-20 05:00:00+02:00;8688,000;1,000;MESURE
2025-08-20 06:00:00+02:00;3515,000;1,000;MESURE
2025-08-20 07:00:00+02:00;0,000;1,000;MESURE
2025-08-20 08:00:00+02:00;0,000;1,000;MESURE
2025-08-20 09:00:00+02:00;0,000;1,000;MESURE
2025-08-20 10:00:00+02:00;0,000;1,000;MESURE
2025-08-20 11:00:00+02:00;0,000;1,000;MESURE
2025-08-20 12:00:00+02:00;0,000;1,000;MESURE
2025-08-20 13:00:00+02:00;0,000;1,000;MESURE
2025-08-20 14:00:00+02:00;0,000;1,000;MESURE
2025-08-20 15:00:00+02:00;0,000;1,000;MESURE
2025-08-20 16:00:00+02:00;0,000;1,000;MESURE
2025-08-20 17:00:00+02:00;0,000;1,000;MESURE
2025-08-20 18:00:00+02:00;0,000;1,000;MESURE
2025-08-20 19:00:00+02:00;0,000;1,000;MESURE
2025-08-20 20:00:00+02:00;873,000;1,000;MESURE
2025-08-20 21:00:00+02:00;8832,000;1,000;MESURE
2025-08-20 22:00:00+02:00;3769,000;1,000;MESURE
2025-08-20 23:00:00+02:00;3564,000;1,000;MESURE
2025-08-21 00:00:00+02:00;3495,000;1,000;MESURE
2025-08-21 01:00:00+02:00;3495,000;1,000;MESURE
2025-08-21 02:00:00+02:00;3499,000;1,000;MESURE
2025-08-21 03:00:00+02:00;3499,000;1,000;MESURE
2025-08-21 04:00:00+02:00;3498,000;1,000;MESURE
2025-08-21 05:00:00+02:00;8703,000;1,000;MESURE
2025-08-21 06:00:00+02:00;3648,000;1,000;MESURE
2025-08-21 07:00:00+02:00;0,000;1,000;MESURE
2025-08-21 08:00:00+02:00;0,000;1,000;MESURE
2025-08-21 09:00:00+02:00;0,000;1,000;MESURE
2025-08-21 10:00:00+02:00;0,000;1,000;MESURE
2025-08-21 11:00:00+02:00;0,000;1,000;MESURE
2025-08-21 12:00:00+02:00;0,000;1,000;MESURE
2025-08-21 13:00:00+02:00;0,000;1,000;MESURE
2025-08-21 14:00:00+02:00;0,000;1,000;MESURE
2025-08-21 15:00:00+02:00;0,000;1,000;MESURE
2025-08-21 16:00:00+02:00;0,000;1,000;MESURE
2025-08-21 17:00:00+02:00;0,000;1,000;MESURE
2025-08-21 18:00:00+02:00;0,000;1,000;MESURE
2025-08-21 19:00:00+02:00;0,000;1,000;MESURE
2025-08-21 20:00:00+02:00;1168,000;1,000;MESURE
2025-08-21 21:00:00+02:00;8755,000;1,000;MESURE
2025-08-21 22:00:00+02:00;3756,000;1,000;MESURE
2025-08-21 23:00:00+02:00;3553,000;1,000;MESURE
2025-08-22 00:00:00+02:00;3485,000;1,000;MESURE
2025-08-22 01:00:00+02:00;3487,000;1,000;MESURE
2025-08-22 02:00:00+02:00;3492,000;1,000;MESURE
2025-08-22 03:00:00+02:00;3493,000;1,000;MESURE
2025-08-22 04:00:00+02:00;3496,000;1,000;MESURE
2025-08-22 05:00:00+02:00;8649,000;1,000;MESURE
2025-08-22 06:00:00+02:00;3919,000;1,000;MESURE
2025-08-22 07:00:00+02:00;0,000;1,000;MESURE
2025-08-22 08:00:00+02:00;0,000;1,000;MESURE
2025-08-22 09:00:00+02:00;0,000;1,000;MESURE
2025-08-22 10:00:00+02:00;0,000;1,000;MESURE
2025-08-22 11:00:00+02:00;0,000;1,000;MESURE
2025-08-22 12:00:00+02:00;0,000;1,000;MESURE
2025-08-22 13:00:00+02:00;0,000;1,000;MESURE
2025-08-22 14:00:00+02:00;0,000;1,000;MESURE
2025-08-22 15:00:00+02:00;0,000;1,000;MESURE
2025-08-22 16:00:00+02:00;0,000;1,000;MESURE
2025-08-22 17:00:00+02:00;0,000;1,000;MESURE
2025-08-22 18:00:00+02:00;0,000;1,000;MESURE
2025-08-22 19:00:00+02:00;0,000;1,000;MESURE
2025-08-22 20:00:00+02:00;1471,000;1,000;MESURE
2025-08-22 21:00:00+02:00;8761,000;1,000;MESURE
2025-08-22 22:00:00+02:00;3761,000;1,000;MESURE
2025-08-22 23:00:00+02:00;3556,000;1,000;MESURE
2025-08-23 00:00:00+02:00;3490,000;1,000;MESURE
2025-08-23 01:00:00+02:00;3495,000;1,000;MESURE
2025-08-23 02:00:00+02:00;3501,000;1,000;MESURE
2025-08-23 03:00:00+02:00;3502,000;1,000;MESURE
2025-08-23 04:00:00+02:00;3505,000;1,000;MESURE
2025-08-23 05:00:00+02:00;8694,000;1,000;MESURE
2025-08-23 06:00:00+02:00;4084,000;1,000;MESURE
2025-08-23 07:00:00+02:00;0,000;1,000;MESURE
2025-08-23 08:00:00+02:00;0,000;1,000;MESURE
2025-08-23 09:00:00+02:00;0,000;1,000;MESURE
2025-08-23 10:00:00+02:00;0,000;1,000;MESURE
2025-08-23 11:00:00+02:00;0,000;1,000;MESURE
2025-08-23 12:00:00+02:00;0,000;1,000;MESURE
2025-08-23 13:00:00+02:00;0,000;1,000;MESURE
2025-08-23 14:00:00+02:00;0,000;1,000;MESURE
2025-08-23 15:00:00+02:00;0,000;1,000;MESURE
2025-08-23 16:00:00+02:00;0,000;1,000;MESURE
2025-08-23 17:00:00+02:00;0,000;1,000;MESURE
2025-08-23 18:00:00+02:00;0,000;1,000;MESURE
2025-08-23 19:00:00+02:00;0,000;1,000;MESURE
2025-08-23 20:00:00+02:00;1741,000;1,000;MESURE
2025-08-23 21:00:00+02:00;8744,000;1,000;MESURE
2025-08-23 22:00:00+02:00;3761,000;1,000;MESURE
2025-08-23 23:00:00+02:00;3560,000;1,000;MESURE
2025-08-24 00:00:00+02:00;3494,000;1,000;MESURE
2025-08-24 01:00:00+02:00;3498,000;1,000;MESURE
2025-08-24 02:00:00+02:00;3500,000;1,000;MESURE
2025-08-24 03:00:00+02:00;3503,000;1,000;MESURE
2025-08-24 04:00:00+02:00;3506,000;1,000;MESURE
2025-08-24 05:00:00+02:00;8689,000;1,000;MESURE
2025-08-24 06:00:00+02:00;4243,000;1,000;MESURE
2025-08-24 07:00:00+02:00;0,000;1,000;MESURE
2025-08-24 08:00:00+02:00;0,000;1,000;MESURE
2025-08-24 09:00:00+02:00;0,000;1,000;MESURE
2025-08-24 10:00:00+02:00;0,000;1,000;MESURE
2025-08-24 11:00:00+02:00;0,000;1,000;MESURE
2025-08-24 12:00:00+02:00;0,000;1,000;MESURE
2025-08-24 13:00:00+02:00;0,000;1,000;MESURE
2025-08-24 14:00:00+02:00;0,000;1,000;MESURE
2025-08-24 15:00:00+02:00;0,000;1,000;MESURE
2025-08-24 16:00:00+02:00;0,000;1,000;MESURE
2025-08-24 17:00:00+02:00;0,000;1,000;MESURE
2025-08-24 18:00:00+02:00;0,000;1,000;MESURE
2025-08-24 19:00:00+02:00;0,000;1,000;MESURE
2025-08-24 20:00:00+02:00;2035,000;1,000;MESURE
2025-08-24 21:00:00+02:00;8721,000;1,000;MESURE
2025-08-24 22:00:00+02:00;3747,000;1,000;MESURE
2025-08-24 23:00:00+02:00;3555,000;1,000;MESURE
2025-08-25 00:00:00+02:00;3491,000;1,000;MESURE
2025-08-25 01:00:00+02:00;3495,000;1,000;MESURE
2025-08-25 02:00:00+02:00;3501,000;1,000;MESURE
2025-08-25 03:00:00+02:00;3502,000;1,000;MESURE
2025-08-25 04:00:00+02:00;3505,000;1,000;MESURE
2025-08-25 05:00:00+02:00;8716,000;1,000;MESURE
2025-08-25 06:00:00+02:00;4537,000;1,000;MESURE
2025-08-25 07:00:00+02:00;0,000;1,000;MESURE
2025-08-25 08:00:00+02:00;0,000;1,000;MESURE
2025-08-25 09:00:00+02:00;0,000;1,000;MESURE
2025-08-25 10:00:00+02:00;0,000;1,000;MESURE
2025-08-25 11:00:00+02:00;0,000;1,000;MESURE
2025-08-25 12:00:00+02:00;0,000;1,000;MESURE
2025-08-25 13:00:00+02:00;0,000;1,000;MESURE
2025-08-25 14:00:00+02:00;0,000;1,000;MESURE
2025-08-25 15:00:00+02:00;0,000;1,000;MESURE
2025-08-25 16:00:00+02:00;0,000;1,000;MESURE
2025-08-25 17:00:00+02:00;0,000;1,000;MESURE
2025-08-25 18:00:00+02:00;0,000;1,000;MESURE
2025-08-25 19:00:00+02:00;0,000;1,000;MESURE
2025-08-25 20:00:00+02:00;2189,000;1,000;MESURE
2025-08-25 21:00:00+02:00;8698,000;1,000;MESURE
2025-08-25 22:00:00+02:00;3741,000;1,000;MESURE
2025-08-25 23:00:00+02:00;3549,000;1,000;MESURE
2025-08-26 00:00:00+02:00;3485,000;1,000;MESURE
2025-08-26 01:00:00+02:00;3491,000;1,000;MESURE
2025-08-26 02:00:00+02:00;3496,000;1,000;MESURE
2025-08-26 03:00:00+02:00;3498,000;1,000;MESURE
2025-08-26 04:00:00+02:00;3502,000;1,000;MESURE
2025-08-26 05:00:00+02:00;8703,000;1,000;MESURE
2025-08-26 06:00:00+02:00;4683,000;1,000;MESURE
2025-08-26 07:00:00+02:00;0,000;1,000;MESURE
2025-08-26 08:00:00+02:00;0,000;1,000;MESURE
2025-08-26 09:00:00+02:00;0,000;1,000;MESURE
2025-08-26 10:00:00+02:00;0,000;1,000;MESURE
2025-08-26 11:00:00+02:00;0,000;1,000;MESURE
2025-08-26 12:00:00+02:00;0,000;1,000;MESURE
2025-08-26 13:00:00+02:00;0,000;1,000;MESURE
2025-08-26 14:00:00+02:00;0,000;1,000;MESURE
2025-08-26 15:00:00+02:00;0,000;1,000;MESURE
2025-08-26 16:00:00+02:00;0,000;1,000;MESURE
2025-08-26 17:00:00+02:00;0,000;1,000;MESURE
2025-08-26 18:00:00+02:00;0,000;1,000;MESURE
2025-08-26 19:00:00+02:00;0,000;1,000;MESURE
2025-08-26 20:00:00+02:00;2459,000;1,000;MESURE
2025-08-26 21:00:00+02:00;8711,000;1,000;MESURE
2025-08-26 22:00:00+02:00;3746,000;1,000;MESURE
2025-08-26 23:00:00+02:00;3551,000;1,000;MESURE
2025-08-27 00:00:00+02:00;3486,000;1,000;MESURE
2025-08-27 01:00:00+02:00;3481,000;1,000;MESURE
2025-08-27 02:00:00+02:00;3481,000;1,000;MESURE
2025-08-27 03:00:00+02:00;3481,000;1,000;MESURE
2025-08-27 04:00:00+02:00;3482,000;1,000;MESURE
2025-08-27 05:00:00+02:00;8624,000;1,000;MESURE
2025-08-27 06:00:00+02:00;4754,000;1,000;MESURE
2025-08-27 07:00:00+02:00;0,000;1,000;MESURE
2025-08-27 08:00:00+02:00;0,000;1,000;MESURE
2025-08-27 09:00:00+02:00;0,000;1,000;MESURE
2025-08-27 10:00:00+02:00;0,000;1,000;MESURE
2025-08-27 11:00:00+02:00;0,000;1,000;MESURE
2025-08-27 12:00:00+02:00;0,000;1,000;MESURE
2025-08-27 13:00:00+02:00;0,000;1,000;MESURE
2025-08-27 14:00:00+02:00;0,000;1,000;MESURE
2025-08-27 15:00:00+02:00;0,000;1,000;MESURE
2025-08-27 16:00:00+02:00;0,000;1,000;MESURE
2025-08-27 17:00:00+02:00;0,000;1,000;MESURE
2025-08-27 18:00:00+02:00;0,000;1,000;MESURE
2025-08-27 19:00:00+02:00;0,000;1,000;MESURE
2025-08-27 20:00:00+02:00;2782,000;1,000;MESURE
2025-08-27 21:00:00+02:00;8696,000;1,000;MESURE
2025-08-27 22:00:00+02:00;3735,000;1,000;MESURE
2025-08-27 23:00:00+02:00;3538,000;1,000;MESURE
2025-08-28 00:00:00+02:00;3472,000;1,000;MESURE
2025-08-28 01:00:00+02:00;3471,000;1,000;MESURE
2025-08-28 02:00:00+02:00;3476,000;1,000;MESURE
2025-08-28 03:00:00+02:00;3488,000;1,000;MESURE
2025-08-28 04:00:00+02:00;3497,000;1,000;MESURE
2025-08-28 05:00:00+02:00;8677,000;1,000;MESURE
2025-08-28 06:00:00+02:00;5121,000;1,000;MESURE
2025-08-28 07:00:00+02:00;0,000;1,000;MESURE
2025-08-28 08:00:00+02:00;0,000;1,000;MESURE
2025-08-28 09:00:00+02:00;0,000;1,000;MESURE
2025-08-28 10:00:00+02:00;0,000;1,000;MESURE
2025-08-28 11:00:00+02:00;0,000;1,000;MESURE
2025-08-28 12:00:00+02:00;0,000;1,000;MESURE
2025-08-28 13:00:00+02:00;0,000;1,000;MESURE
2025-08-28 14:00:00+02:00;0,000;1,000;MESURE
2025-08-28 15:00:00+02:00;0,000;1,000;MESURE
2025-08-28 16:00:00+02:00;0,000;1,000;MESURE
2025-08-28 17:00:00+02:00;0,000;1,000;MESURE
2025-08-28 18:00:00+02:00;0,000;1,000;MESURE
2025-08-28 19:00:00+02:00;0,000;1,000;MESURE
2025-08-28 20:00:00+02:00;3072,000;1,000;MESURE
2025-08-28 21:00:00+02:00;8782,000;1,000;MESURE
2025-08-28 22:00:00+02:00;3798,000;1,000;MESURE
2025-08-28 23:00:00+02:00;3584,000;1,000;MESURE
2025-08-29 00:00:00+02:00;3512,000;1,000;MESURE
2025-08-29 01:00:00+02:00;3506,000;1,000;MESURE
2025-08-29 02:00:00+02:00;3505,000;1,000;MESURE
2025-08-29 03:00:00+02:00;3505,000;1,000;MESURE
2025-08-29 04:00:00+02:00;3508,000;1,000;MESURE
2025-08-29 05:00:00+02:00;8666,000;1,000;MESURE
2025-08-29 06:00:00+02:00;5224,000;1,000;MESURE
2025-08-29 07:00:00+02:00;0,000;1,000;MESURE
2025-08-29 08:00:00+02:00;0,000;1,000;MESURE
2025-08-29 09:00:00+02:00;0,000;1,000;MESURE
2025-08-29 10:00:00+02:00;0,000;1,000;MESURE
2025-08-29 11:00:00+02:00;0,000;1,000;MESURE
2025-08-29 12:00:00+02:00;0,000;1,000;MESURE
2025-08-29 13:00:00+02:00;0,000;1,000;MESURE
2025-08-29 14:00:00+02:00;1058,000;1,000;MESURE
2025-08-29 15:00:00+02:00;1321,000;1,000;MESURE
2025-08-29 16:00:00+02:00;0,000;1,000;MESURE
2025-08-29 17:00:00+02:00;0,000;1,000;MESURE
2025-08-29 18:00:00+02:00;0,000;1,000;MESURE
2025-08-29 19:00:00+02:00;0,000;1,000;MESURE
2025-08-29 20:00:00+02:00;3405,000;1,000;MESURE
2025-08-29 21:00:00+02:00;8844,000;1,000;MESURE
2025-08-29 22:00:00+02:00;4007,000;1,000;MESURE
2025-08-29 23:00:00+02:00;3611,000;1,000;MESURE
2025-08-30 00:00:00+02:00;3543,000;1,000;MESURE
2025-08-30 01:00:00+02:00;3545,000;1,000;MESURE
2025-08-30 02:00:00+02:00;3542,000;1,000;MESURE
2025-08-30 03:00:00+02:00;3545,000;1,000;MESURE
2025-08-30 04:00:00+02:00;3543,000;1,000;MESURE
2025-08-30 05:00:00+02:00;8789,000;1,000;MESURE
2025-08-30 06:00:00+02:00;5481,000;1,000;MESURE
2025-08-30 07:00:00+02:00;0,000;1,000;MESURE
2025-08-30 08:00:00+02:00;0,000;1,000;MESURE
2025-08-30 09:00:00+02:00;0,000;1,000;MESURE
2025-08-30 10:00:00+02:00;0,000;1,000;MESURE
2025-08-30 11:00:00+02:00;0,000;1,000;MESURE
2025-08-30 12:00:00+02:00;0,000;1,000;MESURE
2025-08-30 13:00:00+02:00;0,000;1,000;MESURE
2025-08-30 14:00:00+02:00;0,000;1,000;MESURE
2025-08-30 15:00:00+02:00;0,000;1,000;MESURE
2025-08-30 16:00:00+02:00;0,000;1,000;MESURE
2025-08-30 17:00:00+02:00;0,000;1,000;MESURE
2025-08-30 18:00:00+02:00;0,000;1,000;MESURE
2025-08-30 19:00:00+02:00;0,000;1,000;MESURE
2025-08-30 20:00:00+02:00;3722,000;1,000;MESURE
2025-08-30 21:00:00+02:00;8845,000;1,000;MESURE
2025-08-30 22:00:00+02:00;3782,000;1,000;MESURE
2025-08-30 23:00:00+02:00;3601,000;1,000;MESURE
2025-08-31 00:00:00+02:00;3537,000;1,000;MESURE
2025-08-31 01:00:00+02:00;3539,000;1,000;MESURE
2025-08-31 02:00:00+02:00;3542,000;1,000;MESURE
2025-08-31 03:00:00+02:00;3538,000;1,000;MESURE
2025-08-31 04:00:00+02:00;3540,000;1,000;MESURE
2025-08-31 05:00:00+02:00;8743,000;1,000;MESURE
2025-08-31 06:00:00+02:00;5570,000;1,000;MESURE
2025-08-31 07:00:00+02:00;0,000;1,000;MESURE
2025-08-31 08:00:00+02:00;0,000;1,000;MESURE
2025-08-31 09:00:00+02:00;0,000;1,000;MESURE
2025-08-31 10:00:00+02:00;0,000;1,000;MESURE
2025-08-31 11:00:00+02:00;0,000;1,000;MESURE
2025-08-31 12:00:00+02:00;0,000;1,000;MESURE
2025-08-31 13:00:00+02:00;0,000;1,000;MESURE
2025-08-31 14:00:00+02:00;0,000;1,000;MESURE
2025-08-31 15:00:00+02:00;0,000;1,000;MESURE
2025-08-31 16:00:00+02:00;0,000;1,000;MESURE
2025-08-31 17:00:00+02:00;0,000;1,000;MESURE
2025-08-31 18:00:00+02:00;0,000;1,000;MESURE
2025-08-31 19:00:00+02:00;0,000;1,000;MESURE
2025-08-31 20:00:00+02:00;3991,000;1,000;MESURE
2025-08-31 21:00:00+02:00;8762,000;1,000;MESURE
2025-08-31 22:00:00+02:00;3756,000;1,000;MESURE
2025-08-31 23:00:00+02:00;3580,000;1,000;MESURE
2025-09-01 00:00:00+02:00;3515,000;1,000;MESURE
2025-09-01 01:00:00+02:00;3517,000;1,000;MESURE
2025-09-01 02:00:00+02:00;3528,000;1,000;MESURE
2025-09-01 03:00:00+02:00;3530,000;1,000;MESURE
2025-09-01 04:00:00+02:00;3533,000;1,000;MESURE
2025-09-01 05:00:00+02:00;8789,000;1,000;MESURE
2025-09-01 06:00:00+02:00;5888,000;1,000;MESURE
2025-09-01 07:00:00+02:00;0,000;1,000;MESURE
2025-09-01 08:00:00+02:00;0,000;1,000;MESURE
2025-09-01 09:00:00+02:00;0,000;1,000;MESURE
2025-09-01 10:00:00+02:00;0,000;1,000;MESURE
2025-09-01 11:00:00+02:00;0,000;1,000;MESURE
2025-09-01 12:00:00+02:00;0,000;1,000;MESURE
2025-09-01 13:00:00+02:00;0,000;1,000;MESURE
2025-09-01 14:00:00+02:00;0,000;1,000;MESURE
2025-09-01 15:00:00+02:00;0,000;1,000;MESURE
2025-09-01 16:00:00+02:00;0,000;1,000;MESURE
2025-09-01 17:00:00+02:00;0,000;1,000;MESURE
2025-09-01 18:00:00+02:00;0,000;1,000;MESURE
2025-09-01 19:00:00+02:00;0,000;1,000;MESURE
2025-09-01 20:00:00+02:00;4305,000;1,000;MESURE
2025-09-01 21:00:00+02:00;8831,000;1,000;MESURE
2025-09-01 22:00:00+02:00;3933,000;1,000;MESURE
2025-09-01 23:00:00+02:00;3610,000;1,000;MESURE
2025-09-02 00:00:00+02:00;3543,000;1,000;MESURE
2025-09-02 01:00:00+02:00;3541,000;1,000;MESURE
2025-09-02 02:00:00+02:00;3540,000;1,000;MESURE
2025-09-02 03:00:00+02:00;3541,000;1,000;MESURE
2025-09-02 04:00:00+02:00;3542,000;1,000;MESURE
2025-09-02 05:00:00+02:00;8804,000;1,000;MESURE
2025-09-02 06:00:00+02:00;6038,000;1,000;MESURE
2025-09-02 07:00:00+02:00;0,000;1,000;MESURE
2025-09-02 08:00:00+02:00;0,000;1,000;MESURE
2025-09-02 09:00:00+02:00;0,000;1,000;MESURE
2025-09-02 10:00:00+02:00;0,000;1,000;MESURE
2025-09-02 11:00:00+02:00;0,000;1,000;MESURE
2025-09-02 12:00:00+02:00;0,000;1,000;MESURE
2025-09-02 13:00:00+02:00;0,000;1,000;MESURE
2025-09-02 14:00:00+02:00;0,000;1,000;MESURE
2025-09-02 15:00:00+02:00;0,000;1,000;MESURE
2025-09-02 16:00:00+02:00;0,000;1,000;MESURE
2025-09-02 17:00:00+02:00;0,000;1,000;MESURE
2025-09-02 18:00:00+02:00;0,000;1,000;MESURE
2025-09-02 19:00:00+02:00;0,000;1,000;MESURE
2025-09-02 20:00:00+02:00;4572,000;1,000;MESURE
2025-09-02 21:00:00+02:00;8803,000;1,000;MESURE
2025-09-02 22:00:00+02:00;3946,000;1,000;MESURE
2025-09-02 23:00:00+02:00;3594,000;1,000;MESURE
2025-09-03 00:00:00+02:00;3526,000;1,000;MESURE
2025-09-03 01:00:00+02:00;3527,000;1,000;MESURE
2025-09-03 02:00:00+02:00;3527,000;1,000;MESURE
2025-09-03 03:00:00+02:00;3528,000;1,000;MESURE
2025-09-03 04:00:00+02:00;3526,000;1,000;MESURE
2025-09-03 05:00:00+02:00;8758,000;1,000;MESURE
2025-09-03 06:00:00+02:00;6169,000;1,000;MESURE
2025-09-03 07:00:00+02:00;0,000;1,000;MESURE
2025-09-03 08:00:00+02:00;0,000;1,000;MESURE
2025-09-03 09:00:00+02:00;0,000;1,000;MESURE
2025-09-03 10:00:00+02:00;0,000;1,000;MESURE
2025-09-03 11:00:00+02:00;0,000;1,000;MESURE
2025-09-03 12:00:00+02:00;0,000;1,000;MESURE
2025-09-03 13:00:00+02:00;0,000;1,000;MESURE
2025-09-03 14:00:00+02:00;0,000;1,000;MESURE
2025-09-03 15:00:00+02:00;0,000;1,000;MESURE
2025-09-03 16:00:00+02:00;0,000;1,000;MESURE
2025-09-03 17:00:00+02:00;0,000;1,000;MESURE
2025-09-03 18:00:00+02:00;0,000;1,000;MESURE
2025-09-03 19:00:00+02:00;0,000;1,000;MESURE
2025-09-03 20:00:00+02:00;4872,000;1,000;MESURE
2025-09-03 21:00:00+02:00;8789,000;1,000;MESURE
2025-09-03 22:00:00+02:00;3939,000;1,000;MESURE
2025-09-03 23:00:00+02:00;3575,000;1,000;MESURE
2025-09-04 00:00:00+02:00;3506,000;1,000;MESURE
2025-09-04 01:00:00+02:00;3506,000;1,000;MESURE
2025-09-04 02:00:00+02:00;3506,000;1,000;MESURE
2025-09-04 03:00:00+02:00;3506,000;1,000;MESURE
2025-09-04 04:00:00+02:00;3512,000;1,000;MESURE
2025-09-04 05:00:00+02:00;8755,000;1,000;MESURE
2025-09-04 06:00:00+02:00;6470,000;1,000;MESURE
2025-09-04 07:00:00+02:00;0,000;1,000;MESURE
2025-09-04 08:00:00+02:00;0,000;1,000;MESURE
2025-09-04 09:00:00+02:00;0,000;1,000;MESURE
2025-09-04 10:00:00+02:00;0,000;1,000;MESURE
2025-09-04 11:00:00+02:00;0,000;1,000;MESURE
2025-09-04 12:00:00+02:00;0,000;1,000;MESURE
2025-09-04 13:00:00+02:00;0,000;1,000;MESURE
2025-09-04 14:00:00+02:00;0,000;1,000;MESURE
2025-09-04 15:00:00+02:00;0,000;1,000;MESURE
2025-09-04 16:00:00+02:00;0,000;1,000;MESURE
2025-09-04 17:00:00+02:00;0,000;1,000;MESURE
2025-09-04 18:00:00+02:00;0,000;1,000;MESURE
2025-09-04 19:00:00+02:00;0,000;1,000;MESURE
2025-09-04 20:00:00+02:00;5182,000;1,000;MESURE
2025-09-04 21:00:00+02:00;8824,000;1,000;MESURE
2025-09-04 22:00:00+02:00;3836,000;1,000;MESURE
2025-09-04 23:00:00+02:00;3604,000;1,000;MESURE
2025-09-05 00:00:00+02:00;3534,000;1,000;MESURE
2025-09-05 01:00:00+02:00;3534,000;1,000;MESURE
2025-09-05 02:00:00+02:00;3534,000;1,000;MESURE
2025-09-05 03:00:00+02:00;3535,000;1,000;MESURE
2025-09-05 04:00:00+02:00;3539,000;1,000;MESURE
2025-09-05 05:00:00+02:00;8791,000;1,000;MESURE
2025-09-05 06:00:00+02:00;6621,000;1,000;MESURE
2025-09-05 07:00:00+02:00;0,000;1,000;MESURE
2025-09-05 08:00:00+02:00;0,000;1,000;MESURE
2025-09-05 09:00:00+02:00;0,000;1,000;MESURE
2025-09-05 10:00:00+02:00;0,000;1,000;MESURE
2025-09-05 11:00:00+02:00;0,000;1,000;MESURE
2025-09-05 12:00:00+02:00;0,000;1,000;MESURE
2025-09-05 13:00:00+02:00;0,000;1,000;MESURE
2025-09-05 14:00:00+02:00;0,000;1,000;MESURE
2025-09-05 15:00:00+02:00;0,000;1,000;MESURE
2025-09-05 16:00:00+02:00;0,000;1,000;MESURE
2025-09-05 17:00:00+02:00;0,000;1,000;MESURE
2025-09-05 18:00:00+02:00;0,000;1,000;MESURE
2025-09-05 19:00:00+02:00;0,000;1,000;MESURE
2025-09-05 20:00:00+02:00;5464,000;1,000;MESURE
2025-09-05 21:00:00+02:00;8815,000;1,000;MESURE
2025-09-05 22:00:00+02:00;3797,000;1,000;MESURE
2025-09-05 23:00:00+02:00;3601,000;1,000;MESURE
2025-09-06 00:00:00+02:00;3535,000;1,000;MESURE
2025-09-06 01:00:00+02:00;3538,000;1,000;MESURE
2025-09-06 02:00:00+02:00;3541,000;1,000;MESURE
2025-09-06 03:00:00+02:00;3545,000;1,000;MESURE
2025-09-06 04:00:00+02:00;3547,000;1,000;MESURE
2025-09-06 05:00:00+02:00;8784,000;1,000;MESURE
2025-09-06 06:00:00+02:00;6783,000;1,000;MESURE
2025-09-06 07:00:00+02:00;0,000;1,000;MESURE
2025-09-06 08:00:00+02:00;0,000;1,000;MESURE
2025-09-06 09:00:00+02:00;0,000;1,000;MESURE
2025-09-06 10:00:00+02:00;0,000;1,000;MESURE
2025-09-06 11:00:00+02:00;0,000;1,000;MESURE
2025-09-06 12:00:00+02:00;0,000;1,000;MESURE
2025-09-06 13:00:00+02:00;0,000;1,000;MESURE
2025-09-06 14:00:00+02:00;0,000;1,000;MESURE
2025-09-06 15:00:00+02:00;0,000;1,000;MESURE
2025-09-06 16:00:00+02:00;0,000;1,000;MESURE
2025-09-06 17:00:00+02:00;0,000;1,000;MESURE
2025-09-06 18:00:00+02:00;0,000;1,000;MESURE
2025-09-06 19:00:00+02:00;0,000;1,000;MESURE
2025-09-06 20:00:00+02:00;5746,000;1,000;MESURE
2025-09-06 21:00:00+02:00;8788,000;1,000;MESURE
2025-09-06 22:00:00+02:00;3786,000;1,000;MESURE
2025-09-06 23:00:00+02:00;3596,000;1,000;MESURE
2025-09-07 00:00:00+02:00;3532,000;1,000;MESURE
2025-09-07 01:00:00+02:00;3536,000;1,000;MESURE
2025-09-07 02:00:00+02:00;3539,000;1,000;MESURE
2025-09-07 03:00:00+02:00;3541,000;1,000;MESURE
2025-09-07 04:00:00+02:00;3542,000;1,000;MESURE
2025-09-07 05:00:00+02:00;8778,000;1,000;MESURE
2025-09-07 06:00:00+02:00;7071,000;1,000;MESURE
2025-09-07 07:00:00+02:00;0,000;1,000;MESURE
2025-09-07 08:00:00+02:00;0,000;1,000;MESURE
2025-09-07 09:00:00+02:00;0,000;1,000;MESURE
2025-09-07 10:00:00+02:00;0,000;1,000;MESURE
2025-09-07 11:00:00+02:00;0,000;1,000;MESURE
2025-09-07 12:00:00+02:00;0,000;1,000;MESURE
2025-09-07 13:00:00+02:00;0,000;1,000;MESURE
2025-09-07 14:00:00+02:00;0,000;1,000;MESURE
2025-09-07 15:00:00+02:00;0,000;1,000;MESURE
2025-09-07 16:00:00+02:00;0,000;1,000;MESURE
2025-09-07 17:00:00+02:00;0,000;1,000;MESURE
2025-09-07 18:00:00+02:00;0,000;1,000;MESURE
2025-09-07 19:00:00+02:00;0,000;1,000;MESURE
2025-09-07 20:00:00+02:00;5886,000;1,000;MESURE
2025-09-07 21:00:00+02:00;8771,000;1,000;MESURE
2025-09-07 22:00:00+02:00;3773,000;1,000;MESURE
2025-09-07 23:00:00+02:00;3582,000;1,000;MESURE
2025-09-08 00:00:00+02:00;3519,000;1,000;MESURE
2025-09-08 01:00:00+02:00;3525,000;1,000;MESURE
2025-09-08 02:00:00+02:00;3524,000;1,000;MESURE
2025-09-08 03:00:00+02:00;3523,000;1,000;MESURE
2025-09-08 04:00:00+02:00;3523,000;1,000;MESURE
2025-09-08 05:00:00+02:00;8733,000;1,000;MESURE
2025-09-08 06:00:00+02:00;7183,000;1,000;MESURE
2025-09-08 07:00:00+02:00;0,000;1,000;MESURE
2025-09-08 08:00:00+02:00;0,000;1,000;MESURE
2025-09-08 09:00:00+02:00;0,000;1,000;MESURE
2025-09-08 10:00:00+02:00;0,000;1,000;MESURE
2025-09-08 11:00:00+02:00;0,000;1,000;MESURE
2025-09-08 12:00:00+02:00;0,000;1,000;MESURE
2025-09-08 13:00:00+02:00;0,000;1,000;MESURE
2025-09-08 14:00:00+02:00;0,000;1,000;MESURE
2025-09-08 15:00:00+02:00;0,000;1,000;MESURE
2025-09-08 16:00:00+02:00;0,000;1,000;MESURE
2025-09-08 17:00:00+02:00;0,000;1,000;MESURE
2025-09-08 18:00:00+02:00;0,000;1,000;MESURE
2025-09-08 19:00:00+02:00;0,000;1,000;MESURE
2025-09-08 20:00:00+02:00;6209,000;1,000;MESURE
2025-09-08 21:00:00+02:00;8766,000;1,000;MESURE
2025-09-08 22:00:00+02:00;3768,000;1,000;MESURE
2025-09-08 23:00:00+02:00;3575,000;1,000;MESURE
2025-09-09 00:00:00+02:00;3510,000;1,000;MESURE
2025-09-09 01:00:00+02:00;3519,000;1,000;MESURE
2025-09-09 02:00:00+02:00;3528,000;1,000;MESURE
2025-09-09 03:00:00+02:00;3530,000;1,000;MESURE
2025-09-09 04:00:00+02:00;3526,000;1,000;MESURE
2025-09-09 05:00:00+02:00;8759,000;1,000;MESURE
2025-09-09 06:00:00+02:00;7358,000;1,000;MESURE
2025-09-09 07:00:00+02:00;0,000;1,000;MESURE
2025-09-09 08:00:00+02:00;0,000;1,000;MESURE
2025-09-09 09:00:00+02:00;0,000;1,000;MESURE
2025-09-09 10:00:00+02:00;0,000;1,000;MESURE
2025-09-09 11:00:00+02:00;0,000;1,000;MESURE
2025-09-09 12:00:00+02:00;0,000;1,000;MESURE
2025-09-09 13:00:00+02:00;0,000;1,000;MESURE
2025-09-09 14:00:00+02:00;0,000;1,000;MESURE
2025-09-09 15:00:00+02:00;0,000;1,000;MESURE
2025-09-09 16:00:00+02:00;0,000;1,000;MESURE
2025-09-09 17:00:00+02:00;0,000;1,000;MESURE
2025-09-09 18:00:00+02:00;0,000;1,000;MESURE
2025-09-09 19:00:00+02:00;0,000;1,000;MESURE
2025-09-09 20:00:00+02:00;6485,000;1,000;MESURE
2025-09-09 21:00:00+02:00;8767,000;1,000;MESURE
2025-09-09 22:00:00+02:00;3776,000;1,000;MESURE
2025-09-09 23:00:00+02:00;3583,000;1,000;MESURE
2025-09-10 00:00:00+02:00;3519,000;1,000;MESURE
2025-09-10 01:00:00+02:00;3525,000;1,000;MESURE
2025-09-10 02:00:00+02:00;3528,000;1,000;MESURE
2025-09-10 03:00:00+02:00;3530,000;1,000;MESURE
2025-09-10 04:00:00+02:00;3533,000;1,000;MESURE
2025-09-10 05:00:00+02:00;8770,000;1,000;MESURE
2025-09-10 06:00:00+02:00;7493,000;1,000;MESURE
2025-09-10 07:00:00+02:00;0,000;1,000;MESURE
2025-09-10 08:00:00+02:00;0,000;1,000;MESURE
2025-09-10 09:00:00+02:00;0,000;1,000;MESURE
2025-09-10 10:00:00+02:00;0,000;1,000;MESURE
2025-09-10 11:00:00+02:00;0,000;1,000;MESURE
2025-09-10 12:00:00+02:00;0,000;1,000;MESURE
2025-09-10 13:00:00+02:00;0,000;1,000;MESURE
2025-09-10 14:00:00+02:00;0,000;1,000;MESURE
2025-09-10 15:00:00+02:00;0,000;1,000;MESURE
2025-09-10 16:00:00+02:00;0,000;1,000;MESURE
2025-09-10 17:00:00+02:00;0,000;1,000;MESURE
2025-09-10 18:00:00+02:00;0,000;1,000;MESURE
2025-09-10 19:00:00+02:00;0,000;1,000;MESURE
2025-09-10 20:00:00+02:00;6763,000;1,000;MESURE
2025-09-10 21:00:00+02:00;8768,000;1,000;MESURE
2025-09-10 22:00:00+02:00;3776,000;1,000;MESURE
2025-09-10 23:00:00+02:00;3583,000;1,000;MESURE
2025-09-11 00:00:00+02:00;3528,000;1,000;MESURE
2025-09-11 01:00:00+02:00;3528,000;1,000;MESURE
2025-09-11 02:00:00+02:00;3528,000;1,000;MESURE
2025-09-11 03:00:00+02:00;3528,000;1,000;MESURE
2025-09-11 04:00:00+02:00;3532,000;1,000;MESURE
2025-09-11 05:00:00+02:00;8780,000;1,000;MESURE
2025-09-11 06:00:00+02:00;7800,000;1,000;MESURE
2025-09-11 07:00:00+02:00;0,000;1,000;MESURE
2025-09-11 08:00:00+02:00;0,000;1,000;MESURE
2025-09-11 09:00:00+02:00;0,000;1,000;MESURE
2025-09-11 10:00:00+02:00;0,000;1,000;MESURE
2025-09-11 11:00:00+02:00;0,000;1,000;MESURE
2025-09-11 12:00:00+02:00;0,000;1,000;MESURE
2025-09-11 13:00:00+02:00;0,000;1,000;MESURE
2025-09-11 14:00:00+02:00;0,000;1,000;MESURE
2025-09-11 15:00:00+02:00;0,000;1,000;MESURE
2025-09-11 16:00:00+02:00;0,000;1,000;MESURE
2025-09-11 17:00:00+02:00;0,000;1,000;MESURE
2025-09-11 18:00:00+02:00;0,000;1,000;MESURE
2025-09-11 19:00:00+02:00;0,000;1,000;MESURE
2025-09-11 20:00:00+02:00;7081,000;1,000;MESURE
2025-09-11 21:00:00+02:00;8807,000;1,000;MESURE
2025-09-11 22:00:00+02:00;3787,000;1,000;MESURE
2025-09-11 23:00:00+02:00;3595,000;1,000;MESURE
2025-09-12 00:00:00+02:00;3526,000;1,000;MESURE
2025-09-12 01:00:00+02:00;3531,000;1,000;MESURE
2025-09-12 02:00:00+02:00;3530,000;1,000;MESURE
2025-09-12 03:00:00+02:00;3531,000;1,000;MESURE
2025-09-12 04:00:00+02:00;3531,000;1,000;MESURE
2025-09-12 05:00:00+02:00;8743,000;1,000;MESURE
2025-09-12 06:00:00+02:00;7889,000;1,000;MESURE
2025-09-12 07:00:00+02:00;0,000;1,000;MESURE
2025-09-12 08:00:00+02:00;0,000;1,000;MESURE
2025-09-12 09:00:00+02:00;0,000;1,000;MESURE
2025-09-12 10:00:00+02:00;0,000;1,000;MESURE
2025-09-12 11:00:00+02:00;0,000;1,000;MESURE
2025-09-12 12:00:00+02:00;0,000;1,000;MESURE
2025-09-12 13:00:00+02:00;0,000;1,000;MESURE
2025-09-12 14:00:00+02:00;0,000;1,000;MESURE
2025-09-12 15:00:00+02:00;0,000;1,000;MESURE
2025-09-12 16:00:00+02:00;0,000;1,000;MESURE
2025-09-12 17:00:00+02:00;0,000;1,000;MESURE
2025-09-12 18:00:00+02:00;0,000;1,000;MESURE
2025-09-12 19:00:00+02:00;0,000;1,000;MESURE
2025-09-12 20:00:00+02:00;7357,000;1,000;MESURE
2025-09-12 21:00:00+02:00;8776,000;1,000;MESURE
2025-09-12 22:00:00+02:00;3829,000;1,000;MESURE
2025-09-12 23:00:00+02:00;3602,000;1,000;MESURE
2025-09-13 00:00:00+02:00;3542,000;1,000;MESURE
2025-09-13 01:00:00+02:00;3543,000;1,000;MESURE
2025-09-13 02:00:00+02:00;3544,000;1,000;MESURE
2025-09-13 03:00:00+02:00;3542,000;1,000;MESURE
2025-09-13 04:00:00+02:00;3536,000;1,000;MESURE
2025-09-13 05:00:00+02:00;8748,000;1,000;MESURE
2025-09-13 06:00:00+02:00;8048,000;1,000;MESURE
2025-09-13 07:00:00+02:00;0,000;1,000;MESURE
2025-09-13 08:00:00+02:00;0,000;1,000;MESURE
2025-09-13 09:00:00+02:00;0,000;1,000;MESURE
2025-09-13 10:00:00+02:00;0,000;1,000;MESURE
2025-09-13 11:00:00+02:00;0,000;1,000;MESURE
2025-09-13 12:00:00+02:00;0,000;1,000;MESURE
2025-09-13 13:00:00+02:00;0,000;1,000;MESURE
2025-09-13 14:00:00+02:00;0,000;1,000;MESURE
2025-09-13 15:00:00+02:00;0,000;1,000;MESURE
2025-09-13 16:00:00+02:00;0,000;1,000;MESURE
2025-09-13 17:00:00+02:00;0,000;1,000;MESURE
2025-09-13 18:00:00+02:00;0,000;1,000;MESURE
2025-09-13 19:00:00+02:00;0,000;1,000;MESURE
2025-09-13 20:00:00+02:00;7703,000;1,000;MESURE
2025-09-13 21:00:00+02:00;8810,000;1,000;MESURE
2025-09-13 22:00:00+02:00;3822,000;1,000;MESURE
2025-09-13 23:00:00+02:00;3603,000;1,000;MESURE
2025-09-14 00:00:00+02:00;3536,000;1,000;MESURE
2025-09-14 01:00:00+02:00;3545,000;1,000;MESURE
2025-09-14 02:00:00+02:00;3545,000;1,000;MESURE
2025-09-14 03:00:00+02:00;3544,000;1,000;MESURE
2025-09-14 04:00:00+02:00;3543,000;1,000;MESURE
2025-09-14 05:00:00+02:00;8733,000;1,000;MESURE
2025-09-14 06:00:00+02:00;8228,000;1,000;MESURE
2025-09-14 07:00:00+02:00;0,000;1,000;MESURE
2025-09-14 08:00:00+02:00;0,000;1,000;MESURE
2025-09-14 09:00:00+02:00;0,000;1,000;MESURE
2025-09-14 10:00:00+02:00;0,000;1,000;MESURE
2025-09-14 11:00:00+02:00;0,000;1,000;MESURE
2025-09-14 12:00:00+02:00;0,000;1,000;MESURE
2025-09-14 13:00:00+02:00;0,000;1,000;MESURE
2025-09-14 14:00:00+02:00;0,000;1,000;MESURE
2025-09-14 15:00:00+02:00;0,000;1,000;MESURE
2025-09-14 16:00:00+02:00;0,000;1,000;MESURE
2025-09-14 17:00:00+02:00;0,000;1,000;MESURE
2025-09-14 18:00:00+02:00;0,000;1,000;MESURE
2025-09-14 19:00:00+02:00;0,000;1,000;MESURE
2025-09-14 20:00:00+02:00;7942,000;1,000;MESURE
2025-09-14 21:00:00+02:00;8773,000;1,000;MESURE
2025-09-14 22:00:00+02:00;3782,000;1,000;MESURE
2025-09-14 23:00:00+02:00;3587,000;1,000;MESURE
2025-09-15 00:00:00+02:00;3520,000;1,000;MESURE
2025-09-15 01:00:00+02:00;3520,000;1,000;MESURE
2025-09-15 02:00:00+02:00;3521,000;1,000;MESURE
2025-09-15 03:00:00+02:00;3520,000;1,000;MESURE
2025-09-15 04:00:00+02:00;3521,000;1,000;MESURE
2025-09-15 05:00:00+02:00;8735,000;1,000;MESURE
2025-09-15 06:00:00+02:00;8480,000;1,000;MESURE
2025-09-15 07:00:00+02:00;0,000;1,000;MESURE
2025-09-15 08:00:00+02:00;0,000;1,000;MESURE
2025-09-15 09:00:00+02:00;0,000;1,000;MESURE
2025-09-15 10:00:00+02:00;0,000;1,000;MESURE
2025-09-15 11:00:00+02:00;0,000;1,000;MESURE
2025-09-15 12:00:00+02:00;0,000;1,000;MESURE
2025-09-15 13:00:00+02:00;0,000;1,000;MESURE
2025-09-15 14:00:00+02:00;0,000;1,000;MESURE
2025-09-15 15:00:00+02:00;0,000;1,000;MESURE
2025-09-15 16:00:00+02:00;0,000;1,000;MESURE
2025-09-15 17:00:00+02:00;0,000;1,000;MESURE
2025-09-15 18:00:00+02:00;0,000;1,000;MESURE
2025-09-15 19:00:00+02:00;0,000;1,000;MESURE
2025-09-15 20:00:00+02:00;8208,000;1,000;MESURE
2025-09-15 21:00:00+02:00;8758,000;1,000;MESURE
2025-09-15 22:00:00+02:00;3776,000;1,000;MESURE
2025-09-15 23:00:00+02:00;3583,000;1,000;MESURE
2025-09-16 00:00:00+02:00;3518,000;1,000;MESURE
2025-09-16 01:00:00+02:00;3521,000;1,000;MESURE
2025-09-16 02:00:00+02:00;3523,000;1,000;MESURE
2025-09-16 03:00:00+02:00;3525,000;1,000;MESURE
2025-09-16 04:00:00+02:00;3528,000;1,000;MESURE
2025-09-16 05:00:00+02:00;8756,000;1,000;MESURE
2025-09-16 06:00:00+02:00;8645,000;1,000;MESURE
2025-09-16 07:00:00+02:00;0,000;1,000;MESURE
2025-09-16 08:00:00+02:00;0,000;1,000;MESURE
2025-09-16 09:00:00+02:00;0,000;1,000;MESURE
2025-09-16 10:00:00+02:00;0,000;1,000;MESURE
2025-09-16 11:00:00+02:00;0,000;1,000;MESURE
2025-09-16 12:00:00+02:00;0,000;1,000;MESURE
2025-09-16 13:00:00+02:00;0,000;1,000;MESURE
2025-09-16 14:00:00+02:00;0,000;1,000;MESURE
2025-09-16 15:00:00+02:00;0,000;1,000;MESURE
2025-09-16 16:00:00+02:00;0,000;1,000;MESURE
2025-09-16 17:00:00+02:00;0,000;1,000;MESURE
2025-09-16 18:00:00+02:00;0,000;1,000;MESURE
2025-09-16 19:00:00+02:00;0,000;1,000;MESURE
2025-09-16 20:00:00+02:00;8554,000;1,000;MESURE
2025-09-16 21:00:00+02:00;8795,000;1,000;MESURE
2025-09-16 22:00:00+02:00;3875,000;1,000;MESURE
2025-09-16 23:00:00+02:00;3598,000;1,000;MESURE
2025-09-17 00:00:00+02:00;3537,000;1,000;MESURE
2025-09-17 01:00:00+02:00;3537,000;1,000;MESURE
2025-09-17 02:00:00+02:00;3540,000;1,000;MESURE
2025-09-17 03:00:00+02:00;3539,000;1,000;MESURE
2025-09-17 04:00:00+02:00;3545,000;1,000;MESURE
2025-09-17 05:00:00+02:00;8787,000;1,000;MESURE
2025-09-17 06:00:00+02:00;8806,000;1,000;MESURE
2025-09-17 07:00:00+02:00;5,000;1,000;MESURE
2025-09-17 08:00:00+02:00;0,000;1,000;MESURE
2025-09-17 09:00:00+02:00;0,000;1,000;MESURE
2025-09-17 10:00:00+02:00;0,000;1,000;MESURE
2025-09-17 11:00:00+02:00;0,000;1,000;MESURE
2025-09-17 12:00:00+02:00;0,000;1,000;MESURE
2025-09-17 13:00:00+02:00;0,000;1,000;MESURE
2025-09-17 14:00:00+02:00;0,000;1,000;MESURE
2025-09-17 15:00:00+02:00;0,000;1,000;MESURE
2025-09-17 16:00:00+02:00;0,000;1,000;MESURE
2025-09-17 17:00:00+02:00;0,000;1,000;MESURE
2025-09-17 18:00:00+02:00;0,000;1,000;MESURE
2025-09-17 19:00:00+02:00;0,000;1,000;MESURE
2025-09-17 20:00:00+02:00;8833,000;1,000;MESURE
2025-09-17 21:00:00+02:00;8767,000;1,000;MESURE
2025-09-17 22:00:00+02:00;3778,000;1,000;MESURE
2025-09-17 23:00:00+02:00;3592,000;1,000;MESURE
2025-09-18 00:00:00+02:00;3529,000;1,000;MESURE
2025-09-18 01:00:00+02:00;3534,000;1,000;MESURE
2025-09-18 02:00:00+02:00;3538,000;1,000;MESURE
2025-09-18 03:00:00+02:00;3538,000;1,000;MESURE
2025-09-18 04:00:00+02:00;3541,000;1,000;MESURE
2025-09-18 05:00:00+02:00;8759,000;1,000;MESURE
2025-09-18 06:00:00+02:00;8768,000;1,000;MESURE
2025-09-18 07:00:00+02:00;307,000;1,000;MESURE
2025-09-18 08:00:00+02:00;0,000;1,000;MESURE
2025-09-18 09:00:00+02:00;0,000;1,000;MESURE
2025-09-18 10:00:00+02:00;0,000;1,000;MESURE
2025-09-18 11:00:00+02:00;0,000;1,000;MESURE
2025-09-18 12:00:00+02:00;0,000;1,000;MESURE
2025-09-18 13:00:00+02:00;0,000;1,000;MESURE
2025-09-18 14:00:00+02:00;0,000;1,000;MESURE
2025-09-18 15:00:00+02:00;0,000;1,000;MESURE
2025-09-18 16:00:00+02:00;0,000;1,000;MESURE
2025-09-18 17:00:00+02:00;0,000;1,000;MESURE
2025-09-18 18:00:00+02:00;0,000;1,000;MESURE
2025-09-18 19:00:00+02:00;260,000;1,000;MESURE
2025-09-18 20:00:00+02:00;8823,000;1,000;MESURE
2025-09-18 21:00:00+02:00;8749,000;1,000;MESURE
2025-09-18 22:00:00+02:00;3782,000;1,000;MESURE
2025-09-18 23:00:00+02:00;3589,000;1,000;MESURE
2025-09-19 00:00:00+02:00;3526,000;1,000;MESURE
2025-09-19 01:00:00+02:00;3532,000;1,000;MESURE
2025-09-19 02:00:00+02:00;3534,000;1,000;MESURE
2025-09-19 03:00:00+02:00;3539,000;1,000;MESURE
2025-09-19 04:00:00+02:00;3539,000;1,000;MESURE
2025-09-19 05:00:00+02:00;8756,000;1,000;MESURE
2025-09-19 06:00:00+02:00;8772,000;1,000;MESURE
2025-09-19 07:00:00+02:00;458,000;1,000;MESURE
2025-09-19 08:00:00+02:00;0,000;1,000;MESURE
2025-09-19 09:00:00+02:00;0,000;1,000;MESURE
2025-09-19 10:00:00+02:00;0,000;1,000;MESURE
2025-09-19 11:00:00+02:00;0,000;1,000;MESURE
2025-09-19 12:00:00+02:00;0,000;1,000;MESURE
2025-09-19 13:00:00+02:00;0,000;1,000;MESURE
2025-09-19 14:00:00+02:00;0,000;1,000;MESURE
2025-09-19 15:00:00+02:00;0,000;1,000;MESURE
2025-09-19 16:00:00+02:00;0,000;1,000;MESURE
2025-09-19 17:00:00+02:00;0,000;1,000;MESURE
2025-09-19 18:00:00+02:00;0,000;1,000;MESURE
2025-09-19 19:00:00+02:00;568,000;1,000;MESURE
2025-09-19 20:00:00+02:00;8814,000;1,000;MESURE
2025-09-19 21:00:00+02:00;8756,000;1,000;MESURE
2025-09-19 22:00:00+02:00;3763,000;1,000;MESURE
2025-09-19 23:00:00+02:00;3575,000;1,000;MESURE
2025-09-20 00:00:00+02:00;3515,000;1,000;MESURE
2025-09-20 01:00:00+02:00;3520,000;1,000;MESURE
2025-09-20 02:00:00+02:00;3520,000;1,000;MESURE
2025-09-20 03:00:00+02:00;3522,000;1,000;MESURE
2025-09-20 04:00:00+02:00;3524,000;1,000;MESURE
2025-09-20 05:00:00+02:00;8721,000;1,000;MESURE
2025-09-20 06:00:00+02:00;8741,000;1,000;MESURE
2025-09-20 07:00:00+02:00;583,000;1,000;MESURE
2025-09-20 08:00:00+02:00;0,000;1,000;MESURE
2025-09-20 09:00:00+02:00;0,000;1,000;MESURE
2025-09-20 10:00:00+02:00;0,000;1,000;MESURE
2025-09-20 11:00:00+02:00;0,000;1,000;MESURE
2025-09-20 12:00:00+02:00;0,000;1,000;MESURE
2025-09-20 13:00:00+02:00;0,000;1,000;MESURE
2025-09-20 14:00:00+02:00;0,000;1,000;MESURE
2025-09-20 15:00:00+02:00;0,000;1,000;MESURE
2025-09-20 16:00:00+02:00;0,000;1,000;MESURE
2025-09-20 17:00:00+02:00;0,000;1,000;MESURE
2025-09-20 18:00:00+02:00;0,000;1,000;MESURE
2025-09-20 19:00:00+02:00;873,000;1,000;MESURE
2025-09-20 20:00:00+02:00;8791,000;1,000;MESURE
2025-09-20 21:00:00+02:00;8748,000;1,000;MESURE
2025-09-20 22:00:00+02:00;3810,000;1,000;MESURE
2025-09-20 23:00:00+02:00;3568,000;1,000;MESURE
2025-09-21 00:00:00+02:00;3505,000;1,000;MESURE
2025-09-21 01:00:00+02:00;3509,000;1,000;MESURE
2025-09-21 02:00:00+02:00;3515,000;1,000;MESURE
2025-09-21 03:00:00+02:00;3516,000;1,000;MESURE
2025-09-21 04:00:00+02:00;3514,000;1,000;MESURE
2025-09-21 05:00:00+02:00;8703,000;1,000;MESURE
2025-09-21 06:00:00+02:00;8728,000;1,000;MESURE
2025-09-21 07:00:00+02:00;745,000;1,000;MESURE
2025-09-21 08:00:00+02:00;0,000;1,000;MESURE
2025-09-21 09:00:00+02:00;0,000;1,000;MESURE
2025-09-21 10:00:00+02:00;0,000;1,000;MESURE
2025-09-21 11:00:00+02:00;0,000;1,000;MESURE
2025-09-21 12:00:00+02:00;0,000;1,000;MESURE
2025-09-21 13:00:00+02:00;0,000;1,000;MESURE
2025-09-21 14:00:00+02:00;0,000;1,000;MESURE
2025-09-21 15:00:00+02:00;0,000;1,000;MESURE
2025-09-21 16:00:00+02:00;0,000;1,000;MESURE
2025-09-21 17:00:00+02:00;0,000;1,000;MESURE
2025-09-21 18:00:00+02:00;0,000;1,000;MESURE
2025-09-21 19:00:00+02:00;1174,000;1,000;MESURE
2025-09-21 20:00:00+02:00;8860,000;1,000;MESURE
2025-09-21 21:00:00+02:00;8788,000;1,000;MESURE
2025-09-21 22:00:00+02:00;3791,000;1,000;MESURE
2025-09-21 23:00:00+02:00;3599,000;1,000;MESURE
2025-09-22 00:00:00+02:00;3535,000;1,000;MESURE
2025-09-22 01:00:00+02:00;3534,000;1,000;MESURE
2025-09-22 02:00:00+02:00;3539,000;1,000;MESURE
2025-09-22 03:00:00+02:00;3540,000;1,000;MESURE
2025-09-22 04:00:00+02:00;3539,000;1,000;MESURE
2025-09-22 05:00:00+02:00;8750,000;1,000;MESURE
2025-09-22 06:00:00+02:00;8773,000;1,000;MESURE
2025-09-22 07:00:00+02:00;1037,000;1,000;MESURE
2025-09-22 08:00:00+02:00;0,000;1,000;MESURE
2025-09-22 09:00:00+02:00;0,000;1,000;MESURE
2025-09-22 10:00:00+02:00;0,000;1,000;MESURE
2025-09-22 11:00:00+02:00;0,000;1,000;MESURE
2025-09-22 12:00:00+02:00;0,000;1,000;MESURE
2025-09-22 13:00:00+02:00;0,000;1,000;MESURE
2025-09-22 14:00:00+02:00;0,000;1,000;MESURE
2025-09-22 15:00:00+02:00;0,000;1,000;MESURE
2025-09-22 16:00:00+02:00;0,000;1,000;MESURE
2025-09-22 17:00:00+02:00;0,000;1,000;MESURE
2025-09-22 18:00:00+02:00;0,000;1,000;MESURE
2025-09-22 19:00:00+02:00;1492,000;1,000;MESURE
2025-09-22 20:00:00+02:00;8869,000;1,000;MESURE
2025-09-22 21:00:00+02:00;8799,000;1,000;MESURE
2025-09-22 22:00:00+02:00;3853,000;1,000;MESURE
2025-09-22 23:00:00+02:00;3611,000;1,000;MESURE
2025-09-23 00:00:00+02:00;3547,000;1,000;MESURE
2025-09-23 01:00:00+02:00;3550,000;1,000;MESURE
2025-09-23 02:00:00+02:00;3550,000;1,000;MESURE
2025-09-23 03:00:00+02:00;3549,000;1,000;MESURE
2025-09-23 04:00:00+02:00;3546,000;1,000;MESURE
2025-09-23 05:00:00+02:00;8803,000;1,000;MESURE
2025-09-23 06:00:00+02:00;8788,000;1,000;MESURE
2025-09-23 07:00:00+02:00;1170,000;1,000;MESURE
2025-09-23 08:00:00+02:00;0,000;1,000;MESURE
2025-09-23 09:00:00+02:00;0,000;1,000;MESURE
2025-09-23 10:00:00+02:00;0,000;1,000;MESURE
2025-09-23 11:00:00+02:00;0,000;1,000;MESURE
2025-09-23 12:00:00+02:00;0,000;1,000;MESURE
2025-09-23 13:00:00+02:00;0,000;1,000;MESURE
2025-09-23 14:00:00+02:00;0,000;1,000;MESURE
2025-09-23 15:00:00+02:00;0,000;1,000;MESURE
2025-09-23 16:00:00+02:00;0,000;1,000;MESURE
2025-09-23 17:00:00+02:00;0,000;1,000;MESURE
2025-09-23 18:00:00+02:00;0,000;1,000;MESURE
2025-09-23 19:00:00+02:00;1789,000;1,000;MESURE
2025-09-23 20:00:00+02:00;8902,000;1,000;MESURE
2025-09-23 21:00:00+02:00;8861,000;1,000;MESURE
2025-09-23 22:00:00+02:00;3865,000;1,000;MESURE
2025-09-23 23:00:00+02:00;3618,000;1,000;MESURE
2025-09-24 00:00:00+02:00;3552,000;1,000;MESURE
2025-09-24 01:00:00+02:00;3549,000;1,000;MESURE
2025-09-24 02:00:00+02:00;3544,000;1,000;MESURE
2025-09-24 03:00:00+02:00;3545,000;1,000;MESURE
2025-09-24 04:00:00+02:00;3546,000;1,000;MESURE
2025-09-24 05:00:00+02:00;8776,000;1,000;MESURE
2025-09-24 06:00:00+02:00;8798,000;1,000;MESURE
2025-09-24 07:00:00+02:00;1345,000;1,000;MESURE
2025-09-24 08:00:00+02:00;0,000;1,000;MESURE
2025-09-24 09:00:00+02:00;0,000;1,000;MESURE
2025-09-24 10:00:00+02:00;0,000;1,000;MESURE
2025-09-24 11:00:00+02:00;0,000;1,000;MESURE
2025-09-24 12:00:00+02:00;0,000;1,000;MESURE
2025-09-24 13:00:00+02:00;0,000;1,000;MESURE
2025-09-24 14:00:00+02:00;0,000;1,000;MESURE
2025-09-24 15:00:00+02:00;0,000;1,000;MESURE
2025-09-24 16:00:00+02:00;0,000;1,000;MESURE
2025-09-24 17:00:00+02:00;0,000;1,000;MESURE
2025-09-24 18:00:00+02:00;0,000;1,000;MESURE
2025-09-24 19:00:00+02:00;2083,000;1,000;MESURE
2025-09-24 20:00:00+02:00;8873,000;1,000;MESURE
2025-09-24 21:00:00+02:00;8813,000;1,000;MESURE
2025-09-24 22:00:00+02:00;3803,000;1,000;MESURE
2025-09-24 23:00:00+02:00;3613,000;1,000;MESURE
2025-09-25 00:00:00+02:00;3548,000;1,000;MESURE
2025-09-25 01:00:00+02:00;3550,000;1,000;MESURE
2025-09-25 02:00:00+02:00;3549,000;1,000;MESURE
2025-09-25 03:00:00+02:00;3547,000;1,000;MESURE
2025-09-25 04:00:00+02:00;3548,000;1,000;MESURE
2025-09-25 05:00:00+02:00;8786,000;1,000;MESURE
2025-09-25 06:00:00+02:00;8799,000;1,000;MESURE
2025-09-25 07:00:00+02:00;1637,000;1,000;MESURE
2025-09-25 08:00:00+02:00;0,000;1,000;MESURE
2025-09-25 09:00:00+02:00;0,000;1,000;MESURE
2025-09-25 10:00:00+02:00;0,000;1,000;MESURE
2025-09-25 11:00:00+02:00;0,000;1,000;MESURE
2025-09-25 12:00:00+02:00;0,000;1,000;MESURE
2025-09-25 13:00:00+02:00;0,000;1,000;MESURE
2025-09-25 14:00:00+02:00;0,000;1,000;MESURE
2025-09-25 15:00:00+02:00;0,000;1,000;MESURE
2025-09-25 16:00:00+02:00;0,000;1,000;MESURE
2025-09-25 17:00:00+02:00;0,000;1,000;MESURE
2025-09-25 18:00:00+02:00;0,000;1,000;MESURE
2025-09-25 19:00:00+02:00;2392,000;1,000;MESURE
2025-09-25 20:00:00+02:00;8858,000;1,000;MESURE
2025-09-25 21:00:00+02:00;8805,000;1,000;MESURE
2025-09-25 22:00:00+02:00;3864,000;1,000;MESURE
2025-09-25 23:00:00+02:00;3617,000;1,000;MESURE
2025-09-26 00:00:00+02:00;3550,000;1,000;MESURE
2025-09-26 01:00:00+02:00;3552,000;1,000;MESURE
2025-09-26 02:00:00+02:00;3552,000;1,000;MESURE
2025-09-26 03:00:00+02:00;3553,000;1,000;MESURE
2025-09-26 04:00:00+02:00;3551,000;1,000;MESURE
2025-09-26 05:00:00+02:00;8773,000;1,000;MESURE
2025-09-26 06:00:00+02:00;8789,000;1,000;MESURE
2025-09-26 07:00:00+02:00;1775,000;1,000;MESURE
2025-09-26 08:00:00+02:00;0,000;1,000;MESURE
2025-09-26 09:00:00+02:00;0,000;1,000;MESURE
2025-09-26 10:00:00+02:00;0,000;1,000;MESURE
2025-09-26 11:00:00+02:00;0,000;1,000;MESURE
2025-09-26 12:00:00+02:00;0,000;1,000;MESURE
2025-09-26 13:00:00+02:00;0,000;1,000;MESURE
2025-09-26 14:00:00+02:00;0,000;1,000;MESURE
2025-09-26 15:00:00+02:00;0,000;1,000;MESURE
2025-09-26 16:00:00+02:00;0,000;1,000;MESURE
2025-09-26 17:00:00+02:00;0,000;1,000;MESURE
2025-09-26 18:00:00+02:00;0,000;1,000;MESURE
2025-09-26 19:00:00+02:00;2665,000;1,000;MESURE
2025-09-26 20:00:00+02:00;8870,000;1,000;MESURE
2025-09-26 21:00:00+02:00;8806,000;1,000;MESURE
2025-09-26 22:00:00+02:00;3799,000;1,000;MESURE
2025-09-26 23:00:00+02:00;3613,000;1,000;MESURE
2025-09-27 00:00:00+02:00;3546,000;1,000;MESURE
2025-09-27 01:00:00+02:00;3547,000;1,000;MESURE
2025-09-27 02:00:00+02:00;3546,000;1,000;MESURE
2025-09-27 03:00:00+02:00;3548,000;1,000;MESURE
2025-09-27 04:00:00+02:00;3548,000;1,000;MESURE
2025-09-27 05:00:00+02:00;8808,000;1,000;MESURE
2025-09-27 06:00:00+02:00;8830,000;1,000;MESURE
2025-09-27 07:00:00+02:00;1942,000;1,000;MESURE
2025-09-27 08:00:00+02:00;0,000;1,000;MESURE
2025-09-27 09:00:00+02:00;0,000;1,000;MESURE
2025-09-27 10:00:00+02:00;0,000;1,000;MESURE
2025-09-27 11:00:00+02:00;0,000;1,000;MESURE
2025-09-27 12:00:00+02:00;0,000;1,000;MESURE
2025-09-27 13:00:00+02:00;0,000;1,000;MESURE
2025-09-27 14:00:00+02:00;0,000;1,000;MESURE
2025-09-27 15:00:00+02:00;0,000;1,000;MESURE
2025-09-27 16:00:00+02:00;0,000;1,000;MESURE
2025-09-27 17:00:00+02:00;0,000;1,000;MESURE
2025-09-27 18:00:00+02:00;0,000;1,000;MESURE
2025-09-27 19:00:00+02:00;2950,000;1,000;MESURE
2025-09-27 20:00:00+02:00;8850,000;1,000;MESURE
2025-09-27 21:00:00+02:00;8798,000;1,000;MESURE
2025-09-27 22:00:00+02:00;3825,000;1,000;MESURE
2025-09-27 23:00:00+02:00;3610,000;1,000;MESURE
2025-09-28 00:00:00+02:00;3549,000;1,000;MESURE
2025-09-28 01:00:00+02:00;3555,000;1,000;MESURE
2025-09-28 02:00:00+02:00;3559,000;1,000;MESURE
2025-09-28 03:00:00+02:00;3558,000;1,000;MESURE
2025-09-28 04:00:00+02:00;3550,000;1,000;MESURE
2025-09-28 05:00:00+02:00;8745,000;1,000;MESURE
2025-09-28 06:00:00+02:00;8767,000;1,000;MESURE
2025-09-28 07:00:00+02:00;2043,000;1,000;MESURE
2025-09-28 08:00:00+02:00;0,000;1,000;MESURE
2025-09-28 09:00:00+02:00;0,000;1,000;MESURE
2025-09-28 10:00:00+02:00;0,000;1,000;MESURE
2025-09-28 11:00:00+02:00;0,000;1,000;MESURE
2025-09-28 12:00:00+02:00;0,000;1,000;MESURE
2025-09-28 13:00:00+02:00;0,000;1,000;MESURE
2025-09-28 14:00:00+02:00;0,000;1,000;MESURE
2025-09-28 15:00:00+02:00;0,000;1,000;MESURE
2025-09-28 16:00:00+02:00;0,000;1,000;MESURE
2025-09-28 17:00:00+02:00;0,000;1,000;MESURE
2025-09-28 18:00:00+02:00;0,000;1,000;MESURE
2025-09-28 19:00:00+02:00;3244,000;1,000;MESURE
2025-09-28 20:00:00+02:00;8816,000;1,000;MESURE
2025-09-28 21:00:00+02:00;8774,000;1,000;MESURE
2025-09-28 22:00:00+02:00;3818,000;1,000;MESURE
2025-09-28 23:00:00+02:00;3610,000;1,000;MESURE
2025-09-29 00:00:00+02:00;3549,000;1,000;MESURE
2025-09-29 01:00:00+02:00;3554,000;1,000;MESURE
2025-09-29 02:00:00+02:00;3556,000;1,000;MESURE
2025-09-29 03:00:00+02:00;3558,000;1,000;MESURE
2025-09-29 04:00:00+02:00;3557,000;1,000;MESURE
2025-09-29 05:00:00+02:00;8764,000;1,000;MESURE
2025-09-29 06:00:00+02:00;8771,000;1,000;MESURE
2025-09-29 07:00:00+02:00;2356,000;1,000;MESURE
2025-09-29 08:00:00+02:00;0,000;1,000;MESURE
2025-09-29 09:00:00+02:00;0,000;1,000;MESURE
2025-09-29 10:00:00+02:00;0,000;1,000;MESURE
2025-09-29 11:00:00+02:00;0,000;1,000;MESURE
2025-09-29 12:00:00+02:00;0,000;1,000;MESURE
2025-09-29 13:00:00+02:00;0,000;1,000;MESURE
2025-09-29 14:00:00+02:00;0,000;1,000;MESURE
2025-09-29 15:00:00+02:00;0,000;1,000;MESURE
2025-09-29 16:00:00+02:00;0,000;1,000;MESURE
2025-09-29 17:00:00+02:00;0,000;1,000;MESURE
2025-09-29 18:00:00+02:00;0,000;1,000;MESURE
2025-09-29 19:00:00+02:00;3544,000;1,000;MESURE
2025-09-29 20:00:00+02:00;8816,000;1,000;MESURE
2025-09-29 21:00:00+02:00;8757,000;1,000;MESURE
2025-09-29 22:00:00+02:00;3895,000;1,000;MESURE
2025-09-29 23:00:00+02:00;3606,000;1,000;MESURE
2025-09-30 00:00:00+02:00;3544,000;1,000;MESURE
2025-09-30 01:00:00+02:00;3548,000;1,000;MESURE
2025-09-30 02:00:00+02:00;3549,000;1,000;MESURE
2025-09-30 03:00:00+02:00;3553,000;1,000;MESURE
2025-09-30 04:00:00+02:00;3556,000;1,000;MESURE
2025-09-30 05:00:00+02:00;8819,000;1,000;MESURE
2025-09-30 06:00:00+02:00;8799,000;1,000;MESURE
2025-09-30 07:00:00+02:00;2512,000;1,000;MESURE
2025-09-30 08:00:00+02:00;0,000;1,000;MESURE
2025-09-30 09:00:00+02:00;0,000;1,000;MESURE
2025-09-30 10:00:00+02:00;0,000;1,000;MESURE
2025-09-30 11:00:00+02:00;0,000;1,000;MESURE
2025-09-30 12:00:00+02:00;0,000;1,000;MESURE
2025-09-30 13:00:00+02:00;0,000;1,000;MESURE
2025-09-30 14:00:00+02:00;0,000;1,000;MESURE
2025-09-30 15:00:00+02:00;0,000;1,000;MESURE
2025-09-30 16:00:00+02:00;0,000;1,000;MESURE
2025-09-30 17:00:00+02:00;0,000;1,000;MESURE
2025-09-30 18:00:00+02:00;0,000;1,000;MESURE
2025-09-30 19:00:00+02:00;3858,000;1,000;MESURE
2025-09-30 20:00:00+02:00;8829,000;1,000;MESURE
2025-09-30 21:00:00+02:00;8792,000;1,000;MESURE
2025-09-30 22:00:00+02:00;3823,000;1,000;MESURE
2025-09-30 23:00:00+02:00;3604,000;1,000;MESURE
2025-10-01 00:00:00+02:00;3543,000;1,000;MESURE
2025-10-01 01:00:00+02:00;3546,000;1,000;MESURE
2025-10-01 02:00:00+02:00;3549,000;1,000;MESURE
2025-10-01 03:00:00+02:00;3550,000;1,000;MESURE
2025-10-01 04:00:00+02:00;3551,000;1,000;MESURE
2025-10-01 05:00:00+02:00;8764,000;1,000;MESURE
2025-10-01 06:00:00+02:00;8788,000;1,000;MESURE
2025-10-01 07:00:00+02:00;2660,000;1,000;MESURE
2025-10-01 08:00:00+02:00;0,000;1,000;MESURE
2025-10-01 09:00:00+02:00;26,000;1,000;MESURE
2025-10-01 10:00:00+02:00;0,000;1,000;MESURE
2025-10-01 11:00:00+02:00;0,000;1,000;MESURE
2025-10-01 12:00:00+02:00;0,000;1,000;MESURE
2025-10-01 13:00:00+02:00;0,000;1,000;MESURE
2025-10-01 14:00:00+02:00;0,000;1,000;MESURE
2025-10-01 15:00:00+02:00;0,000;1,000;MESURE
2025-10-01 16:00:00+02:00;0,000;1,000;MESURE
2025-10-01 17:00:00+02:00;0,000;1,000;MESURE
2025-10-01 18:00:00+02:00;0,000;1,000;MESURE
2025-10-01 19:00:00+02:00;4160,000;1,000;MESURE
2025-10-01 20:00:00+02:00;8856,000;1,000;MESURE
2025-10-01 21:00:00+02:00;8817,000;1,000;MESURE
2025-10-01 22:00:00+02:00;3838,000;1,000;MESURE
2025-10-01 23:00:00+02:00;3617,000;1,000;MESURE
2025-10-02 00:00:00+02:00;3554,000;1,000;MESURE
2025-10-02 01:00:00+02:00;3557,000;1,000;MESURE
2025-10-02 02:00:00+02:00;3562,000;1,000;MESURE
2025-10-02 03:00:00+02:00;3562,000;1,000;MESURE
2025-10-02 04:00:00+02:00;3564,000;1,000;MESURE
2025-10-02 05:00:00+02:00;8799,000;1,000;MESURE
2025-10-02 06:00:00+02:00;8814,000;1,000;MESURE
2025-10-02 07:00:00+02:00;2955,000;1,000;MESURE
2025-10-02 08:00:00+02:00;0,000;1,000;MESURE
2025-10-02 09:00:00+02:00;0,000;1,000;MESURE
2025-10-02 10:00:00+02:00;0,000;1,000;MESURE
2025-10-02 11:00:00+02:00;0,000;1,000;MESURE
2025-10-02 12:00:00+02:00;0,000;1,000;MESURE
2025-10-02 13:00:00+02:00;0,000;1,000;MESURE
2025-10-02 14:00:00+02:00;0,000;1,000;MESURE
2025-10-02 15:00:00+02:00;0,000;1,000;MESURE
2025-10-02 16:00:00+02:00;0,000;1,000;MESURE
2025-10-02 17:00:00+02:00;0,000;1,000;MESURE
2025-10-02 18:00:00+02:00;0,000;1,000;MESURE
2025-10-02 19:00:00+02:00;4447,000;1,000;MESURE
2025-10-02 20:00:00+02:00;8862,000;1,000;MESURE
2025-10-02 21:00:00+02:00;8833,000;1,000;MESURE
2025-10-02 22:00:00+02:00;3885,000;1,000;MESURE
2025-10-02 23:00:00+02:00;3623,000;1,000;MESURE
2025-10-03 00:00:00+02:00;3561,000;1,000;MESURE
2025-10-03 01:00:00+02:00;3566,000;1,000;MESURE
2025-10-03 02:00:00+02:00;3568,000;1,000;MESURE
2025-10-03 03:00:00+02:00;3570,000;1,000;MESURE
2025-10-03 04:00:00+02:00;3568,000;1,000;MESURE
2025-10-03 05:00:00+02:00;8806,000;1,000;MESURE
2025-10-03 06:00:00+02:00;8808,000;1,000;MESURE
2025-10-03 07:00:00+02:00;3109,000;1,000;MESURE
2025-10-03 08:00:00+02:00;0,000;1,000;MESURE
2025-10-03 09:00:00+02:00;0,000;1,000;MESURE
2025-10-03 10:00:00+02:00;0,000;1,000;MESURE
2025-10-03 11:00:00+02:00;0,000;1,000;MESURE
2025-10-03 12:00:00+02:00;0,000;1,000;MESURE
2025-10-03 13:00:00+02:00;0,000;1,000;MESURE
2025-10-03 14:00:00+02:00;0,000;1,000;MESURE
2025-10-03 15:00:00+02:00;0,000;1,000;MESURE
2025-10-03 16:00:00+02:00;0,000;1,000;MESURE
2025-10-03 17:00:00+02:00;0,000;1,000;MESURE
2025-10-03 18:00:00+02:00;0,000;1,000;MESURE
2025-10-03 19:00:00+02:00;4730,000;1,000;MESURE
2025-10-03 20:00:00+02:00;8814,000;1,000;MESURE
2025-10-03 21:00:00+02:00;8779,000;1,000;MESURE
2025-10-03 22:00:00+02:00;3858,000;1,000;MESURE
2025-10-03 23:00:00+02:00;3598,000;1,000;MESURE
2025-10-04 00:00:00+02:00;3535,000;1,000;MESURE
2025-10-04 01:00:00+02:00;3534,000;1,000;MESURE
2025-10-04 02:00:00+02:00;3534,000;1,000;MESURE
2025-10-04 03:00:00+02:00;3535,000;1,000;MESURE
2025-10-04 04:00:00+02:00;3536,000;1,000;MESURE
2025-10-04 05:00:00+02:00;8741,000;1,000;MESURE
2025-10-04 06:00:00+02:00;8756,000;1,000;MESURE
2025-10-04 07:00:00+02:00;3209,000;1,000;MESURE
2025-10-04 08:00:00+02:00;0,000;1,000;MESURE
2025-10-04 09:00:00+02:00;0,000;1,000;MESURE
2025-10-04 10:00:00+02:00;0,000;1,000;MESURE
2025-10-04 11:00:00+02:00;0,000;1,000;MESURE
2025-10-04 12:00:00+02:00;0,000;1,000;MESURE
2025-10-04 13:00:00+02:00;0,000;1,000;MESURE
2025-10-04 14:00:00+02:00;0,000;1,000;MESURE
2025-10-04 15:00:00+02:00;0,000;1,000;MESURE
2025-10-04 16:00:00+02:00;0,000;1,000;MESURE
2025-10-04 17:00:00+02:00;0,000;1,000;MESURE
2025-10-04 18:00:00+02:00;0,000;1,000;MESURE
2025-10-04 19:00:00+02:00;5045,000;1,000;MESURE
2025-10-04 20:00:00+02:00;8846,000;1,000;MESURE
2025-10-04 21:00:00+02:00;8806,000;1,000;MESURE
2025-10-04 22:00:00+02:00;3816,000;1,000;MESURE
2025-10-04 23:00:00+02:00;3613,000;1,000;MESURE
2025-10-05 00:00:00+02:00;3549,000;1,000;MESURE
2025-10-05 01:00:00+02:00;3550,000;1,000;MESURE
2025-10-05 02:00:00+02:00;3560,000;1,000;MESURE
2025-10-05 03:00:00+02:00;3565,000;1,000;MESURE
2025-10-05 04:00:00+02:00;3566,000;1,000;MESURE
2025-10-05 05:00:00+02:00;8803,000;1,000;MESURE
2025-10-05 06:00:00+02:00;8836,000;1,000;MESURE
2025-10-05 07:00:00+02:00;3552,000;1,000;MESURE
2025-10-05 08:00:00+02:00;0,000;1,000;MESURE
2025-10-05 09:00:00+02:00;0,000;1,000;MESURE
2025-10-05 10:00:00+02:00;0,000;1,000;MESURE
2025-10-05 11:00:00+02:00;0,000;1,000;MESURE
2025-10-05 12:00:00+02:00;0,000;1,000;MESURE
2025-10-05 13:00:00+02:00;0,000;1,000;MESURE
2025-10-05 14:00:00+02:00;0,000;1,000;MESURE
2025-10-05 15:00:00+02:00;0,000;1,000;MESURE
2025-10-05 16:00:00+02:00;0,000;1,000;MESURE
2025-10-05 17:00:00+02:00;0,000;1,000;MESURE
2025-10-05 18:00:00+02:00;0,000;1,000;MESURE
2025-10-05 19:00:00+02:00;5331,000;1,000;MESURE
2025-10-05 20:00:00+02:00;8823,000;1,000;MESURE
2025-10-05 21:00:00+02:00;8781,000;1,000;MESURE
2025-10-05 22:00:00+02:00;3836,000;1,000;MESURE
2025-10-05 23:00:00+02:00;3612,000;1,000;MESURE
2025-10-06 00:00:00+02:00;3549,000;1,000;MESURE
2025-10-06 01:00:00+02:00;3556,000;1,000;MESURE
2025-10-06 02:00:00+02:00;3556,000;1,000;MESURE
2025-10-06 03:00:00+02:00;3557,000;1,000;MESURE
2025-10-06 04:00:00+02:00;3557,000;1,000;MESURE
2025-10-06 05:00:00+02:00;8790,000;1,000;MESURE
2025-10-06 06:00:00+02:00;8810,000;1,000;MESURE
2025-10-06 07:00:00+02:00;3696,000;1,000;MESURE
2025-10-06 08:00:00+02:00;0,000;1,000;MESURE
2025-10-06 09:00:00+02:00;0,000;1,000;MESURE
2025-10-06 10:00:00+02:00;0,000;1,000;MESURE
2025-10-06 11:00:00+02:00;0,000;1,000;MESURE
2025-10-06 12:00:00+02:00;0,000;1,000;MESURE
2025-10-06 13:00:00+02:00;0,000;1,000;MESURE
2025-10-06 14:00:00+02:00;0,000;1,000;MESURE
2025-10-06 15:00:00+02:00;0,000;1,000;MESURE
2025-10-06 16:00:00+02:00;0,000;1,000;MESURE
2025-10-06 17:00:00+02:00;0,000;1,000;MESURE
2025-10-06 18:00:00+02:00;0,000;1,000;MESURE
2025-10-06 19:00:00+02:00;5626,000;1,000;MESURE
2025-10-06 20:00:00+02:00;8826,000;1,000;MESURE
2025-10-06 21:00:00+02:00;8812,000;1,000;MESURE
2025-10-06 22:00:00+02:00;3808,000;1,000;MESURE
2025-10-06 23:00:00+02:00;3617,000;1,000;MESURE
2025-10-07 00:00:00+02:00;3552,000;1,000;MESURE
2025-10-07 01:00:00+02:00;3558,000;1,000;MESURE
2025-10-07 02:00:00+02:00;3559,000;1,000;MESURE
2025-10-07 03:00:00+02:00;3563,000;1,000;MESURE
2025-10-07 04:00:00+02:00;3563,000;1,000;MESURE
2025-10-07 05:00:00+02:00;8798,000;1,000;MESURE
2025-10-07 06:00:00+02:00;8833,000;1,000;MESURE
2025-10-07 07:00:00+02:00;3848,000;1,000;MESURE
2025-10-07 08:00:00+02:00;0,000;1,000;MESURE
2025-10-07 09:00:00+02:00;0,000;1,000;MESURE
2025-10-07 10:00:00+02:00;0,000;1,000;MESURE
2025-10-07 11:00:00+02:00;0,000;1,000;MESURE
2025-10-07 12:00:00+02:00;0,000;1,000;MESURE
2025-10-07 13:00:00+02:00;0,000;1,000;MESURE
2025-10-07 14:00:00+02:00;0,000;1,000;MESURE
2025-10-07 15:00:00+02:00;0,000;1,000;MESURE
2025-10-07 16:00:00+02:00;0,000;1,000;MESURE
2025-10-07 17:00:00+02:00;0,000;1,000;MESURE
2025-10-07 18:00:00+02:00;0,000;1,000;MESURE
2025-10-07 19:00:00+02:00;5749,000;1,000;MESURE
2025-10-07 20:00:00+02:00;8790,000;1,000;MESURE
2025-10-07 21:00:00+02:00;8773,000;1,000;MESURE
2025-10-07 22:00:00+02:00;3790,000;1,000;MESURE
2025-10-07 23:00:00+02:00;3603,000;1,000;MESURE
2025-10-08 00:00:00+02:00;3541,000;1,000;MESURE
2025-10-08 01:00:00+02:00;3548,000;1,000;MESURE
2025-10-08 02:00:00+02:00;3552,000;1,000;MESURE
2025-10-08 03:00:00+02:00;3555,000;1,000;MESURE
2025-10-08 04:00:00+02:00;3556,000;1,000;MESURE
2025-10-08 05:00:00+02:00;8795,000;1,000;MESURE
2025-10-08 06:00:00+02:00;8807,000;1,000;MESURE
2025-10-08 07:00:00+02:00;3963,000;1,000;MESURE
2025-10-08 08:00:00+02:00;20,000;1,000;MESURE
2025-10-08 09:00:00+02:00;0,000;1,000;MESURE
2025-10-08 10:00:00+02:00;712,000;1,000;MESURE
2025-10-08 11:00:00+02:00;0,000;1,000;MESURE
2025-10-08 12:00:00+02:00;0,000;1,000;MESURE
2025-10-08 13:00:00+02:00;0,000;1,000;MESURE
2025-10-08 14:00:00+02:00;0,000;1,000;MESURE
2025-10-08 15:00:00+02:00;0,000;1,000;MESURE
2025-10-08 16:00:00+02:00;0,000;1,000;MESURE
2025-10-08 17:00:00+02:00;0,000;1,000;MESURE
2025-10-08 18:00:00+02:00;0,000;1,000;MESURE
2025-10-08 19:00:00+02:00;6084,000;1,000;MESURE
2025-10-08 20:00:00+02:00;8801,000;1,000;MESURE
2025-10-08 21:00:00+02:00;8789,000;1,000;MESURE
2025-10-08 22:00:00+02:00;3841,000;1,000;MESURE
2025-10-08 23:00:00+02:00;3605,000;1,000;MESURE
2025-10-09 00:00:00+02:00;3543,000;1,000;MESURE
2025-10-09 01:00:00+02:00;3546,000;1,000;MESURE
2025-10-09 02:00:00+02:00;3541,000;1,000;MESURE
2025-10-09 03:00:00+02:00;3537,000;1,000;MESURE
2025-10-09 04:00:00+02:00;3537,000;1,000;MESURE
2025-10-09 05:00:00+02:00;8767,000;1,000;MESURE
2025-10-09 06:00:00+02:00;8758,000;1,000;MESURE
2025-10-09 07:00:00+02:00;4255,000;1,000;MESURE
2025-10-09 08:00:00+02:00;0,000;1,000;MESURE
2025-10-09 09:00:00+02:00;0,000;1,000;MESURE
2025-10-09 10:00:00+02:00;0,000;1,000;MESURE
2025-10-09 11:00:00+02:00;0,000;1,000;MESURE
2025-10-09 12:00:00+02:00;0,000;1,000;MESURE
2025-10-09 13:00:00+02:00;0,000;1,000;MESURE
2025-10-09 14:00:00+02:00;0,000;1,000;MESURE
2025-10-09 15:00:00+02:00;0,000;1,000;MESURE
2025-10-09 16:00:00+02:00;0,000;1,000;MESURE
2025-10-09 17:00:00+02:00;0,000;1,000;MESURE
2025-10-09 18:00:00+02:00;0,000;1,000;MESURE
2025-10-09 19:00:00+02:00;6341,000;1,000;MESURE
2025-10-09 20:00:00+02:00;8813,000;1,000;MESURE
2025-10-09 21:00:00+02:00;8798,000;1,000;MESURE
2025-10-09 22:00:00+02:00;3788,000;1,000;MESURE
2025-10-09 23:00:00+02:00;3596,000;1,000;MESURE
2025-10-10 00:00:00+02:00;3530,000;1,000;MESURE
2025-10-10 01:00:00+02:00;3534,000;1,000;MESURE
2025-10-10 02:00:00+02:00;3533,000;1,000;MESURE
2025-10-10 03:00:00+02:00;3533,000;1,000;MESURE
2025-10-10 04:00:00+02:00;3535,000;1,000;MESURE
2025-10-10 05:00:00+02:00;8773,000;1,000;MESURE
2025-10-10 06:00:00+02:00;8806,000;1,000;MESURE
2025-10-10 07:00:00+02:00;4386,000;1,000;MESURE
2025-10-10 08:00:00+02:00;0,000;1,000;MESURE
2025-10-10 09:00:00+02:00;0,000;1,000;MESURE
2025-10-10 10:00:00+02:00;0,000;1,000;MESURE
2025-10-10 11:00:00+02:00;0,000;1,000;MESURE
2025-10-10 12:00:00+02:00;0,000;1,000;MESURE
2025-10-10 13:00:00+02:00;0,000;1,000;MESURE
2025-10-10 14:00:00+02:00;0,000;1,000;MESURE
2025-10-10 15:00:00+02:00;0,000;1,000;MESURE
2025-10-10 16:00:00+02:00;0,000;1,000;MESURE
2025-10-10 17:00:00+02:00;0,000;1,000;MESURE
2025-10-10 18:00:00+02:00;0,000;1,000;MESURE
2025-10-10 19:00:00+02:00;6634,000;1,000;MESURE
2025-10-10 20:00:00+02:00;8829,000;1,000;MESURE
2025-10-10 21:00:00+02:00;8777,000;1,000;MESURE
2025-10-10 22:00:00+02:00;3878,000;1,000;MESURE
2025-10-10 23:00:00+02:00;3594,000;1,000;MESURE
2025-10-11 00:00:00+02:00;3530,000;1,000;MESURE
2025-10-11 01:00:00+02:00;3531,000;1,000;MESURE
2025-10-11 02:00:00+02:00;3532,000;1,000;MESURE
2025-10-11 03:00:00+02:00;3531,000;1,000;MESURE
2025-10-11 04:00:00+02:00;3533,000;1,000;MESURE
2025-10-11 05:00:00+02:00;8738,000;1,000;MESURE
2025-10-11 06:00:00+02:00;8776,000;1,000;MESURE
2025-10-11 07:00:00+02:00;4535,000;1,000;MESURE
2025-10-11 08:00:00+02:00;0,000;1,000;MESURE
2025-10-11 09:00:00+02:00;0,000;1,000;MESURE
2025-10-11 10:00:00+02:00;0,000;1,000;MESURE
2025-10-11 11:00:00+02:00;0,000;1,000;MESURE
2025-10-11 12:00:00+02:00;0,000;1,000;MESURE
2025-10-11 13:00:00+02:00;0,000;1,000;MESURE
2025-10-11 14:00:00+02:00;0,000;1,000;MESURE
2025-10-11 15:00:00+02:00;0,000;1,000;MESURE
2025-10-11 16:00:00+02:00;0,000;1,000;MESURE
2025-10-11 17:00:00+02:00;0,000;1,000;MESURE
2025-10-11 18:00:00+02:00;0,000;1,000;MESURE
2025-10-11 19:00:00+02:00;6935,000;1,000;MESURE
2025-10-11 20:00:00+02:00;8846,000;1,000;MESURE
2025-10-11 21:00:00+02:00;8798,000;1,000;MESURE
2025-10-11 22:00:00+02:00;3796,000;1,000;MESURE
2025-10-11 23:00:00+02:00;3603,000;1,000;MESURE
2025-10-12 00:00:00+02:00;3539,000;1,000;MESURE
2025-10-12 01:00:00+02:00;3538,000;1,000;MESURE
2025-10-12 02:00:00+02:00;3541,000;1,000;MESURE
2025-10-12 03:00:00+02:00;3540,000;1,000;MESURE
2025-10-12 04:00:00+02:00;3540,000;1,000;MESURE
2025-10-12 05:00:00+02:00;8775,000;1,000;MESURE
2025-10-12 06:00:00+02:00;8798,000;1,000;MESURE
2025-10-12 07:00:00+02:00;4821,000;1,000;MESURE
2025-10-12 08:00:00+02:00;0,000;1,000;MESURE
2025-10-12 09:00:00+02:00;0,000;1,000;MESURE
2025-10-12 10:00:00+02:00;0,000;1,000;MESURE
2025-10-12 11:00:00+02:00;0,000;1,000;MESURE
2025-10-12 12:00:00+02:00;0,000;1,000;MESURE
2025-10-12 13:00:00+02:00;0,000;1,000;MESURE
2025-10-12 14:00:00+02:00;0,000;1,000;MESURE
2025-10-12 15:00:00+02:00;0,000;1,000;MESURE
2025-10-12 16:00:00+02:00;0,000;1,000;MESURE
2025-10-12 17:00:00+02:00;0,000;1,000;MESURE
2025-10-12 18:00:00+02:00;0,000;1,000;MESURE
2025-10-12 19:00:00+02:00;7285,000;1,000;MESURE
2025-10-12 20:00:00+02:00;8838,000;1,000;MESURE
2025-10-12 21:00:00+02:00;8801,000;1,000;MESURE
2025-10-12 22:00:00+02:00;3855,000;1,000;MESURE
2025-10-12 23:00:00+02:00;3606,000;1,000;MESURE
2025-10-13 00:00:00+02:00;3539,000;1,000;MESURE
2025-10-13 01:00:00+02:00;3539,000;1,000;MESURE
2025-10-13 02:00:00+02:00;3542,000;1,000;MESURE
2025-10-13 03:00:00+02:00;3544,000;1,000;MESURE
2025-10-13 04:00:00+02:00;3544,000;1,000;MESURE
2025-10-13 05:00:00+02:00;8788,000;1,000;MESURE
2025-10-13 06:00:00+02:00;8791,000;1,000;MESURE
2025-10-13 07:00:00+02:00;5008,000;1,000;MESURE
2025-10-13 08:00:00+02:00;0,000;1,000;MESURE
2025-10-13 09:00:00+02:00;0,000;1,000;MESURE
2025-10-13 10:00:00+02:00;0,000;1,000;MESURE
2025-10-13 11:00:00+02:00;0,000;1,000;MESURE
2025-10-13 12:00:00+02:00;0,000;1,000;MESURE
2025-10-13 13:00:00+02:00;0,000;1,000;MESURE
2025-10-13 14:00:00+02:00;0,000;1,000;MESURE
2025-10-13 15:00:00+02:00;0,000;1,000;MESURE
2025-10-13 16:00:00+02:00;0,000;1,000;MESURE
2025-10-13 17:00:00+02:00;0,000;1,000;MESURE
2025-10-13 18:00:00+02:00;0,000;1,000;MESURE
2025-10-13 19:00:00+02:00;7563,000;1,000;MESURE
2025-10-13 20:00:00+02:00;8814,000;1,000;MESURE
2025-10-13 21:00:00+02:00;8788,000;1,000;MESURE
2025-10-13 22:00:00+02:00;3797,000;1,000;MESURE
2025-10-13 23:00:00+02:00;3604,000;1,000;MESURE
2025-10-14 00:00:00+02:00;3538,000;1,000;MESURE
2025-10-14 01:00:00+02:00;3542,000;1,000;MESURE
2025-10-14 02:00:00+02:00;3539,000;1,000;MESURE
2025-10-14 03:00:00+02:00;3540,000;1,000;MESURE
2025-10-14 04:00:00+02:00;3542,000;1,000;MESURE
2025-10-14 05:00:00+02:00;8775,000;1,000;MESURE
2025-10-14 06:00:00+02:00;8773,000;1,000;MESURE
2025-10-14 07:00:00+02:00;5125,000;1,000;MESURE
2025-10-14 08:00:00+02:00;0,000;1,000;MESURE
2025-10-14 09:00:00+02:00;0,000;1,000;MESURE
2025-10-14 10:00:00+02:00;0,000;1,000;MESURE
2025-10-14 11:00:00+02:00;0,000;1,000;MESURE
2025-10-14 12:00:00+02:00;0,000;1,000;MESURE
2025-10-14 13:00:00+02:00;0,000;1,000;MESURE
2025-10-14 14:00:00+02:00;0,000;1,000;MESURE
2025-10-14 15:00:00+02:00;0,000;1,000;MESURE
2025-10-14 16:00:00+02:00;0,000;1,000;MESURE
2025-10-14 17:00:00+02:00;0,000;1,000;MESURE
2025-10-14 18:00:00+02:00;0,000;1,000;MESURE
2025-10-14 19:00:00+02:00;7733,000;1,000;MESURE
2025-10-14 20:00:00+02:00;8839,000;1,000;MESURE
2025-10-14 21:00:00+02:00;8796,000;1,000;MESURE
2025-10-14 22:00:00+02:00;3853,000;1,000;MESURE
2025-10-14 23:00:00+02:00;3603,000;1,000;MESURE
2025-10-15 00:00:00+02:00;3539,000;1,000;MESURE
2025-10-15 01:00:00+02:00;3542,000;1,000;MESURE
2025-10-15 02:00:00+02:00;3544,000;1,000;MESURE
2025-10-15 03:00:00+02:00;3544,000;1,000;MESURE
2025-10-15 04:00:00+02:00;3544,000;1,000;MESURE
2025-10-15 05:00:00+02:00;8802,000;1,000;MESURE
2025-10-15 06:00:00+02:00;8808,000;1,000;MESURE
2025-10-15 07:00:00+02:00;5446,000;1,000;MESURE
2025-10-15 08:00:00+02:00;6,000;1,000;MESURE
2025-10-15 09:00:00+02:00;0,000;1,000;MESURE
2025-10-15 10:00:00+02:00;0,000;1,000;MESURE
2025-10-15 11:00:00+02:00;55,000;1,000;MESURE
2025-10-15 12:00:00+02:00;0,000;1,000;MESURE
2025-10-15 13:00:00+02:00;0,000;1,000;MESURE
2025-10-15 14:00:00+02:00;0,000;1,000;MESURE
2025-10-15 15:00:00+02:00;0,000;1,000;MESURE
2025-10-15 16:00:00+02:00;0,000;1,000;MESURE
2025-10-15 17:00:00+02:00;0,000;1,000;MESURE
2025-10-15 18:00:00+02:00;0,000;1,000;MESURE
2025-10-15 19:00:00+02:00;8013,000;1,000;MESURE
2025-10-15 20:00:00+02:00;8837,000;1,000;MESURE
2025-10-15 21:00:00+02:00;8782,000;1,000;MESURE
2025-10-15 22:00:00+02:00;3789,000;1,000;MESURE
2025-10-15 23:00:00+02:00;3604,000;1,000;MESURE
2025-10-16 00:00:00+02:00;3541,000;1,000;MESURE
2025-10-16 01:00:00+02:00;3541,000;1,000;MESURE
2025-10-16 02:00:00+02:00;3541,000;1,000;MESURE
2025-10-16 03:00:00+02:00;3541,000;1,000;MESURE
2025-10-16 04:00:00+02:00;3541,000;1,000;MESURE
2025-10-16 05:00:00+02:00;8780,000;1,000;MESURE
2025-10-16 06:00:00+02:00;8796,000;1,000;MESURE
2025-10-16 07:00:00+02:00;5553,000;1,000;MESURE
2025-10-16 08:00:00+02:00;0,000;1,000;MESURE
2025-10-16 09:00:00+02:00;0,000;1,000;MESURE
2025-10-16 10:00:00+02:00;38,000;1,000;MESURE
2025-10-16 11:00:00+02:00;0,000;1,000;MESURE
2025-10-16 12:00:00+02:00;0,000;1,000;MESURE
2025-10-16 13:00:00+02:00;0,000;1,000;MESURE
2025-10-16 14:00:00+02:00;0,000;1,000;MESURE
2025-10-16 15:00:00+02:00;0,000;1,000;MESURE
2025-10-16 16:00:00+02:00;0,000;1,000;MESURE
2025-10-16 17:00:00+02:00;0,000;1,000;MESURE
2025-10-16 18:00:00+02:00;0,000;1,000;MESURE
2025-10-16 19:00:00+02:00;8284,000;1,000;MESURE
2025-10-16 20:00:00+02:00;8821,000;1,000;MESURE
2025-10-16 21:00:00+02:00;8805,000;1,000;MESURE
2025-10-16 22:00:00+02:00;3800,000;1,000;MESURE
2025-10-16 23:00:00+02:00;3607,000;1,000;MESURE
2025-10-17 00:00:00+02:00;3540,000;1,000;MESURE
2025-10-17 01:00:00+02:00;3541,000;1,000;MESURE
2025-10-17 02:00:00+02:00;3543,000;1,000;MESURE
2025-10-17 03:00:00+02:00;3546,000;1,000;MESURE
2025-10-17 04:00:00+02:00;3547,000;1,000;MESURE
2025-10-17 05:00:00+02:00;8741,000;1,000;MESURE
2025-10-17 06:00:00+02:00;8753,000;1,000;MESURE
2025-10-17 07:00:00+02:00;5721,000;1,000;MESURE
2025-10-17 08:00:00+02:00;0,000;1,000;MESURE
2025-10-17 09:00:00+02:00;0,000;1,000;MESURE
2025-10-17 10:00:00+02:00;0,000;1,000;MESURE
2025-10-17 11:00:00+02:00;0,000;1,000;MESURE
2025-10-17 12:00:00+02:00;0,000;1,000;MESURE
2025-10-17 13:00:00+02:00;0,000;1,000;MESURE
2025-10-17 14:00:00+02:00;0,000;1,000;MESURE
2025-10-17 15:00:00+02:00;0,000;1,000;MESURE
2025-10-17 16:00:00+02:00;0,000;1,000;MESURE
2025-10-17 17:00:00+02:00;0,000;1,000;MESURE
2025-10-17 18:00:00+02:00;0,000;1,000;MESURE
2025-10-17 19:00:00+02:00;8573,000;1,000;MESURE
2025-10-17 20:00:00+02:00;8823,000;1,000;MESURE
2025-10-17 21:00:00+02:00;8798,000;1,000;MESURE
2025-10-17 22:00:00+02:00;3802,000;1,000;MESURE
2025-10-17 23:00:00+02:00;3609,000;1,000;MESURE
2025-10-18 00:00:00+02:00;3543,000;1,000;MESURE
2025-10-18 01:00:00+02:00;3551,000;1,000;MESURE
2025-10-18 02:00:00+02:00;3559,000;1,000;MESURE
2025-10-18 03:00:00+02:00;3565,000;1,000;MESURE
2025-10-18 04:00:00+02:00;3561,000;1,000;MESURE
2025-10-18 05:00:00+02:00;8779,000;1,000;MESURE
2025-10-18 06:00:00+02:00;8785,000;1,000;MESURE
2025-10-18 07:00:00+02:00;5989,000;1,000;MESURE
2025-10-18 08:00:00+02:00;0,000;1,000;MESURE
2025-10-18 09:00:00+02:00;0,000;1,000;MESURE
2025-10-18 10:00:00+02:00;0,000;1,000;MESURE
2025-10-18 11:00:00+02:00;0,000;1,000;MESURE
2025-10-18 12:00:00+02:00;0,000;1,000;MESURE
2025-10-18 13:00:00+02:00;0,000;1,000;MESURE
2025-10-18 14:00:00+02:00;0,000;1,000;MESURE
2025-10-18 15:00:00+02:00;0,000;1,000;MESURE
2025-10-18 16:00:00+02:00;0,000;1,000;MESURE
2025-10-18 17:00:00+02:00;0,000;1,000;MESURE
2025-10-18 18:00:00+02:00;0,000;1,000;MESURE
2025-10-18 19:00:00+02:00;8746,000;1,000;MESURE
2025-10-18 20:00:00+02:00;8830,000;1,000;MESURE
2025-10-18 21:00:00+02:00;8812,000;1,000;MESURE
2025-10-18 22:00:00+02:00;3812,000;1,000;MESURE
2025-10-18 23:00:00+02:00;3627,000;1,000;MESURE
2025-10-19 00:00:00+02:00;3562,000;1,000;MESURE
2025-10-19 01:00:00+02:00;3567,000;1,000;MESURE
2025-10-19 02:00:00+02:00;3568,000;1,000;MESURE
2025-10-19 03:00:00+02:00;3569,000;1,000;MESURE
2025-10-19 04:00:00+02:00;3572,000;1,000;MESURE
2025-10-19 05:00:00+02:00;8802,000;1,000;MESURE
2025-10-19 06:00:00+02:00;8812,000;1,000;MESURE
2025-10-19 07:00:00+02:00;6168,000;1,000;MESURE
2025-10-19 08:00:00+02:00;0,000;1,000;MESURE
2025-10-19 09:00:00+02:00;0,000;1,000;MESURE
2025-10-19 10:00:00+02:00;0,000;1,000;MESURE
2025-10-19 11:00:00+02:00;0,000;1,000;MESURE
2025-10-19 12:00:00+02:00;0,000;1,000;MESURE
2025-10-19 13:00:00+02:00;0,000;1,000;MESURE
2025-10-19 14:00:00+02:00;0,000;1,000;MESURE
2025-10-19 15:00:00+02:00;0,000;1,000;MESURE
2025-10-19 16:00:00+02:00;0,000;1,000;MESURE
2025-10-19 17:00:00+02:00;0,000;1,000;MESURE
2025-10-19 18:00:00+02:00;148,000;1,000;MESURE
2025-10-19 19:00:00+02:00;8864,000;1,000;MESURE
2025-10-19 20:00:00+02:00;8786,000;1,000;MESURE
2025-10-19 21:00:00+02:00;8772,000;1,000;MESURE
2025-10-19 22:00:00+02:00;3832,000;1,000;MESURE
2025-10-19 23:00:00+02:00;3593,000;1,000;MESURE
2025-10-20 00:00:00+02:00;3529,000;1,000;MESURE
2025-10-20 01:00:00+02:00;3532,000;1,000;MESURE
2025-10-20 02:00:00+02:00;3533,000;1,000;MESURE
2025-10-20 03:00:00+02:00;3537,000;1,000;MESURE
2025-10-20 04:00:00+02:00;3540,000;1,000;MESURE
2025-10-20 05:00:00+02:00;8763,000;1,000;MESURE
2025-10-20 06:00:00+02:00;8787,000;1,000;MESURE
2025-10-20 07:00:00+02:00;6437,000;1,000;MESURE
2025-10-20 08:00:00+02:00;0,000;1,000;MESURE
2025-10-20 09:00:00+02:00;0,000;1,000;MESURE
2025-10-20 10:00:00+02:00;0,000;1,000;MESURE
2025-10-20 11:00:00+02:00;0,000;1,000;MESURE
2025-10-20 12:00:00+02:00;0,000;1,000;MESURE
2025-10-20 13:00:00+02:00;0,000;1,000;MESURE
2025-10-20 14:00:00+02:00;0,000;1,000;MESURE
2025-10-20 15:00:00+02:00;0,000;1,000;MESURE
2025-10-20 16:00:00+02:00;0,000;1,000;MESURE
2025-10-20 17:00:00+02:00;0,000;1,000;MESURE
2025-10-20 18:00:00+02:00;410,000;1,000;MESURE
2025-10-20 19:00:00+02:00;8894,000;1,000;MESURE
2025-10-20 20:00:00+02:00;8821,000;1,000;MESURE
2025-10-20 21:00:00+02:00;8801,000;1,000;MESURE
2025-10-20 22:00:00+02:00;3804,000;1,000;MESURE
2025-10-20 23:00:00+02:00;3607,000;1,000;MESURE
2025-10-21 00:00:00+02:00;3546,000;1,000;MESURE
2025-10-21 01:00:00+02:00;3549,000;1,000;MESURE
2025-10-21 02:00:00+02:00;3548,000;1,000;MESURE
2025-10-21 03:00:00+02:00;3547,000;1,000;MESURE
2025-10-21 04:00:00+02:00;3545,000;1,000;MESURE
2025-10-21 05:00:00+02:00;8763,000;1,000;MESURE
2025-10-21 06:00:00+02:00;8790,000;1,000;MESURE
2025-10-21 07:00:00+02:00;6630,000;1,000;MESURE
2025-10-21 08:00:00+02:00;0,000;1,000;MESURE
2025-10-21 09:00:00+02:00;0,000;1,000;MESURE
2025-10-21 10:00:00+02:00;0,000;1,000;MESURE
2025-10-21 11:00:00+02:00;0,000;1,000;MESURE
2025-10-21 12:00:00+02:00;0,000;1,000;MESURE
2025-10-21 13:00:00+02:00;0,000;1,000;MESURE
2025-10-21 14:00:00+02:00;0,000;1,000;MESURE
2025-10-21 15:00:00+02:00;0,000;1,000;MESURE
2025-10-21 16:00:00+02:00;0,000;1,000;MESURE
2025-10-21 17:00:00+02:00;0,000;1,000;MESURE
2025-10-21 18:00:00+02:00;577,000;1,000;MESURE
2025-10-21 19:00:00+02:00;8885,000;1,000;MESURE
2025-10-21 20:00:00+02:00;8813,000;1,000;MESURE
2025-10-21 21:00:00+02:00;8793,000;1,000;MESURE
2025-10-21 22:00:00+02:00;3809,000;1,000;MESURE
2025-10-21 23:00:00+02:00;3604,000;1,000;MESURE
2025-10-22 00:00:00+02:00;3537,000;1,000;MESURE
2025-10-22 01:00:00+02:00;3542,000;1,000;MESURE
2025-10-22 02:00:00+02:00;3543,000;1,000;MESURE
2025-10-22 03:00:00+02:00;3543,000;1,000;MESURE
2025-10-22 04:00:00+02:00;3545,000;1,000;MESURE
2025-10-22 05:00:00+02:00;8776,000;1,000;MESURE
2025-10-22 06:00:00+02:00;8806,000;1,000;MESURE
2025-10-22 07:00:00+02:00;6772,000;1,000;MESURE
2025-10-22 08:00:00+02:00;0,000;1,000;MESURE
2025-10-22 09:00:00+02:00;0,000;1,000;MESURE
2025-10-22 10:00:00+02:00;0,000;1,000;MESURE
2025-10-22 11:00:00+02:00;0,000;1,000;MESURE
2025-10-22 12:00:00+02:00;0,000;1,000;MESURE
2025-10-22 13:00:00+02:00;0,000;1,000;MESURE
2025-10-22 14:00:00+02:00;0,000;1,000;MESURE
2025-10-22 15:00:00+02:00;0,000;1,000;MESURE
2025-10-22 16:00:00+02:00;0,000;1,000;MESURE
2025-10-22 17:00:00+02:00;0,000;1,000;MESURE
2025-10-22 18:00:00+02:00;872,000;1,000;MESURE
2025-10-22 19:00:00+02:00;8869,000;1,000;MESURE
2025-10-22 20:00:00+02:00;8798,000;1,000;MESURE
2025-10-22 21:00:00+02:00;8782,000;1,000;MESURE
2025-10-22 22:00:00+02:00;3788,000;1,000;MESURE
2025-10-22 23:00:00+02:00;3605,000;1,000;MESURE
2025-10-23 00:00:00+02:00;3539,000;1,000;MESURE
2025-10-23 01:00:00+02:00;3540,000;1,000;MESURE
2025-10-23 02:00:00+02:00;3540,000;1,000;MESURE
2025-10-23 03:00:00+02:00;3537,000;1,000;MESURE
2025-10-23 04:00:00+02:00;3541,000;1,000;MESURE
2025-10-23 05:00:00+02:00;8770,000;1,000;MESURE
2025-10-23 06:00:00+02:00;8802,000;1,000;MESURE
2025-10-23 07:00:00+02:00;7058,000;1,000;MESURE
2025-10-23 08:00:00+02:00;0,000;1,000;MESURE
2025-10-23 09:00:00+02:00;0,000;1,000;MESURE
2025-10-23 10:00:00+02:00;0,000;1,000;MESURE
2025-10-23 11:00:00+02:00;0,000;1,000;MESURE
2025-10-23 12:00:00+02:00;0,000;1,000;MESURE
2025-10-23 13:00:00+02:00;0,000;1,000;MESURE
2025-10-23 14:00:00+02:00;0,000;1,000;MESURE
2025-10-23 15:00:00+02:00;0,000;1,000;MESURE
2025-10-23 16:00:00+02:00;0,000;1,000;MESURE
2025-10-23 17:00:00+02:00;0,000;1,000;MESURE
2025-10-23 18:00:00+02:00;1168,000;1,000;MESURE
2025-10-23 19:00:00+02:00;8947,000;1,000;MESURE
2025-10-23 20:00:00+02:00;8881,000;1,000;MESURE
2025-10-23 21:00:00+02:00;8854,000;1,000;MESURE
2025-10-23 22:00:00+02:00;3873,000;1,000;MESURE
2025-10-23 23:00:00+02:00;3622,000;1,000;MESURE
2025-10-24 00:00:00+02:00;3563,000;1,000;MESURE
2025-10-24 01:00:00+02:00;3566,000;1,000;MESURE
2025-10-24 02:00:00+02:00;3564,000;1,000;MESURE
2025-10-24 03:00:00+02:00;3562,000;1,000;MESURE
2025-10-24 04:00:00+02:00;3567,000;1,000;MESURE
2025-10-24 05:00:00+02:00;8827,000;1,000;MESURE
2025-10-24 06:00:00+02:00;8868,000;1,000;MESURE
2025-10-24 07:00:00+02:00;7265,000;1,000;MESURE
2025-10-24 08:00:00+02:00;0,000;1,000;MESURE
2025-10-24 09:00:00+02:00;0,000;1,000;MESURE
2025-10-24 10:00:00+02:00;0,000;1,000;MESURE
2025-10-24 11:00:00+02:00;0,000;1,000;MESURE
2025-10-24 12:00:00+02:00;0,000;1,000;MESURE
2025-10-24 13:00:00+02:00;0,000;1,000;MESURE
2025-10-24 14:00:00+02:00;0,000;1,000;MESURE
2025-10-24 15:00:00+02:00;0,000;1,000;MESURE
2025-10-24 16:00:00+02:00;0,000;1,000;MESURE
2025-10-24 17:00:00+02:00;0,000;1,000;MESURE
2025-10-24 18:00:00+02:00;1339,000;1,000;MESURE
2025-10-24 19:00:00+02:00;8923,000;1,000;MESURE
2025-10-24 20:00:00+02:00;8857,000;1,000;MESURE
2025-10-24 21:00:00+02:00;8839,000;1,000;MESURE
2025-10-24 22:00:00+02:00;3817,000;1,000;MESURE
2025-10-24 23:00:00+02:00;3630,000;1,000;MESURE
2025-10-25 00:00:00+02:00;3564,000;1,000;MESURE
2025-10-25 01:00:00+02:00;3563,000;1,000;MESURE
2025-10-25 02:00:00+02:00;3563,000;1,000;MESURE
2025-10-25 03:00:00+02:00;3559,000;1,000;MESURE
2025-10-25 04:00:00+02:00;3561,000;1,000;MESURE
2025-10-25 05:00:00+02:00;8796,000;1,000;MESURE
2025-10-25 06:00:00+02:00;8831,000;1,000;MESURE
2025-10-25 07:00:00+02:00;7364,000;1,000;MESURE
2025-10-25 08:00:00+02:00;0,000;1,000;MESURE
2025-10-25 09:00:00+02:00;0,000;1,000;MESURE
2025-10-25 10:00:00+02:00;0,000;1,000;MESURE
2025-10-25 11:00:00+02:00;0,000;1,000;MESURE
2025-10-25 12:00:00+02:00;0,000;1,000;MESURE
2025-10-25 13:00:00+02:00;0,000;1,000;MESURE
2025-10-25 14:00:00+02:00;0,000;1,000;MESURE
2025-10-25 15:00:00+02:00;0,000;1,000;MESURE
2025-10-25 16:00:00+02:00;0,000;1,000;MESURE
2025-10-25 17:00:00+02:00;0,000;1,000;MESURE
2025-10-25 18:00:00+02:00;1625,000;1,000;MESURE
2025-10-25 19:00:00+02:00;8907,000;1,000;MESURE
2025-10-25 20:00:00+02:00;8833,000;1,000;MESURE
2025-10-25 21:00:00+02:00;8822,000;1,000;MESURE
2025-10-25 22:00:00+02:00;3814,000;1,000;MESURE
2025-10-25 23:00:00+02:00;3623,000;1,000;MESURE
2025-10-26 00:00:00+02:00;3556,000;1,000;MESURE
2025-10-26 01:00:00+02:00;3558,000;1,000;MESURE
2025-10-26 02:00:00+02:00;3559,000;1,000;MESURE
2025-10-26 02:00:00+01:00;3560,000;1,000;MESURE
2025-10-26 03:00:00+01:00;3558,000;1,000;MESURE
2025-10-26 04:00:00+01:00;3565,000;1,000;MESURE
2025-10-26 05:00:00+01:00;8809,000;1,000;MESURE
2025-10-26 06:00:00+01:00;7648,000;1,000;MESURE
2025-10-26 07:00:00+01:00;0,000;1,000;MESURE
2025-10-26 08:00:00+01:00;0,000;1,000;MESURE
2025-10-26 09:00:00+01:00;0,000;1,000;MESURE
2025-10-26 10:00:00+01:00;0,000;1,000;MESURE
2025-10-26 11:00:00+01:00;0,000;1,000;MESURE
2025-10-26 12:00:00+01:00;0,000;1,000;MESURE
2025-10-26 13:00:00+01:00;0,000;1,000;MESURE
2025-10-26 14:00:00+01:00;0,000;1,000;MESURE
2025-10-26 15:00:00+01:00;0,000;1,000;MESURE
2025-10-26 16:00:00+01:00;0,000;1,000;MESURE
2025-10-26 17:00:00+01:00;1944,000;1,000;MESURE
2025-10-26 18:00:00+01:00;8942,000;1,000;MESURE
2025-10-26 19:00:00+01:00;8882,000;1,000;MESURE
2025-10-26 20:00:00+01:00;8857,000;1,000;MESURE
2025-10-26 21:00:00+01:00;8840,000;1,000;MESURE
2025-10-26 22:00:00+01:00;3880,000;1,000;MESURE
2025-10-26 23:00:00+01:00;3632,000;1,000;MESURE
2025-10-27 00:00:00+01:00;3569,000;1,000;MESURE
2025-10-27 01:00:00+01:00;3572,000;1,000;MESURE
2025-10-27 02:00:00+01:00;3572,000;1,000;MESURE
2025-10-27 03:00:00+01:00;3572,000;1,000;MESURE
2025-10-27 04:00:00+01:00;3574,000;1,000;MESURE
2025-10-27 05:00:00+01:00;8864,000;1,000;MESURE
2025-10-27 06:00:00+01:00;7847,000;1,000;MESURE
2025-10-27 07:00:00+01:00;0,000;1,000;MESURE
2025-10-27 08:00:00+01:00;0,000;1,000;MESURE
2025-10-27 09:00:00+01:00;0,000;1,000;MESURE
2025-10-27 10:00:00+01:00;0,000;1,000;MESURE
2025-10-27 11:00:00+01:00;0,000;1,000;MESURE
2025-10-27 12:00:00+01:00;0,000;1,000;MESURE
2025-10-27 13:00:00+01:00;0,000;1,000;MESURE
2025-10-27 14:00:00+01:00;0,000;1,000;MESURE
2025-10-27 15:00:00+01:00;0,000;1,000;MESURE
2025-10-27 16:00:00+01:00;0,000;1,000;MESURE
2025-10-27 17:00:00+01:00;2075,000;1,000;MESURE
2025-10-27 18:00:00+01:00;8933,000;1,000;MESURE
2025-10-27 19:00:00+01:00;8857,000;1,000;MESURE
2025-10-27 20:00:00+01:00;8816,000;1,000;MESURE
2025-10-27 21:00:00+01:00;8794,000;1,000;MESURE
2025-10-27 22:00:00+01:00;3805,000;1,000;MESURE
2025-10-27 23:00:00+01:00;3615,000;1,000;MESURE
2025-10-28 00:00:00+01:00;3552,000;1,000;MESURE
2025-10-28 01:00:00+01:00;3557,000;1,000;MESURE
2025-10-28 02:00:00+01:00;3560,000;1,000;MESURE
2025-10-28 03:00:00+01:00;3559,000;1,000;MESURE
2025-10-28 04:00:00+01:00;3558,000;1,000;MESURE
2025-10-28 05:00:00+01:00;8774,000;1,000;MESURE
2025-10-28 06:00:00+01:00;7905,000;1,000;MESURE
2025-10-28 07:00:00+01:00;0,000;1,000;MESURE
2025-10-28 08:00:00+01:00;0,000;1,000;MESURE
2025-10-28 09:00:00+01:00;0,000;1,000;MESURE
2025-10-28 10:00:00+01:00;0,000;1,000;MESURE
2025-10-28 11:00:00+01:00;0,000;1,000;MESURE
2025-10-28 12:00:00+01:00;0,000;1,000;MESURE
2025-10-28 13:00:00+01:00;0,000;1,000;MESURE
2025-10-28 14:00:00+01:00;0,000;1,000;MESURE
2025-10-28 15:00:00+01:00;0,000;1,000;MESURE
2025-10-28 16:00:00+01:00;0,000;1,000;MESURE
2025-10-28 17:00:00+01:00;2369,000;1,000;MESURE
2025-10-28 18:00:00+01:00;8851,000;1,000;MESURE
2025-10-28 19:00:00+01:00;8803,000;1,000;MESURE
2025-10-28 20:00:00+01:00;8789,000;1,000;MESURE
2025-10-28 21:00:00+01:00;8784,000;1,000;MESURE
2025-10-28 22:00:00+01:00;3827,000;1,000;MESURE
2025-10-28 23:00:00+01:00;3623,000;1,000;MESURE
2025-10-29 00:00:00+01:00;3561,000;1,000;MESURE
2025-10-29 01:00:00+01:00;3566,000;1,000;MESURE
2025-10-29 02:00:00+01:00;3568,000;1,000;MESURE
2025-10-29 03:00:00+01:00;3571,000;1,000;MESURE
2025-10-29 04:00:00+01:00;3574,000;1,000;MESURE
2025-10-29 05:00:00+01:00;8817,000;1,000;MESURE
2025-10-29 06:00:00+01:00;8254,000;1,000;MESURE
2025-10-29 07:00:00+01:00;0,000;1,000;MESURE
2025-10-29 08:00:00+01:00;0,000;1,000;MESURE
2025-10-29 09:00:00+01:00;0,000;1,000;MESURE
2025-10-29 10:00:00+01:00;0,000;1,000;MESURE
2025-10-29 11:00:00+01:00;0,000;1,000;MESURE
2025-10-29 12:00:00+01:00;0,000;1,000;MESURE
2025-10-29 13:00:00+01:00;0,000;1,000;MESURE
2025-10-29 14:00:00+01:00;0,000;1,000;MESURE
2025-10-29 15:00:00+01:00;0,000;1,000;MESURE
2025-10-29 16:00:00+01:00;0,000;1,000;MESURE
2025-10-29 17:00:00+01:00;2509,000;1,000;MESURE
2025-10-29 18:00:00+01:00;8871,000;1,000;MESURE
2025-10-29 19:00:00+01:00;8823,000;1,000;MESURE
2025-10-29 20:00:00+01:00;8817,000;1,000;MESURE
2025-10-29 21:00:00+01:00;8812,000;1,000;MESURE
2025-10-29 22:00:00+01:00;3868,000;1,000;MESURE
2025-10-29 23:00:00+01:00;3614,000;1,000;MESURE
2025-10-30 00:00:00+01:00;3548,000;1,000;MESURE
2025-10-30 01:00:00+01:00;3551,000;1,000;MESURE
2025-10-30 02:00:00+01:00;3551,000;1,000;MESURE
2025-10-30 03:00:00+01:00;3551,000;1,000;MESURE
2025-10-30 04:00:00+01:00;3549,000;1,000;MESURE
2025-10-30 05:00:00+01:00;8769,000;1,000;MESURE
2025-10-30 06:00:00+01:00;8338,000;1,000;MESURE
2025-10-30 07:00:00+01:00;0,000;0,833;MESURE_PARTIELLE
2025-10-30 08:00:00+01:00;0,000;0,833;MESURE_PARTIELLE
2025-10-30 09:00:00+01:00;0,000;1,000;MESURE
2025-10-30 10:00:00+01:00;0,000;1,000;MESURE
2025-10-30 11:00:00+01:00;0,000;1,000;MESURE
2025-10-30 12:00:00+01:00;0,000;1,000;MESURE
2025-10-30 13:00:00+01:00;0,000;1,000;MESURE
2025-10-30 14:00:00+01:00;0,000;1,000;MESURE
2025-10-30 15:00:00+01:00;0,000;1,000;MESURE
2025-10-30 16:00:00+01:00;0,000;1,000;MESURE
2025-10-30 17:00:00+01:00;2812,000;1,000;MESURE
2025-10-30 18:00:00+01:00;8836,000;1,000;MESURE
2025-10-30 19:00:00+01:00;8791,000;1,000;MESURE
2025-10-30 20:00:00+01:00;8784,000;1,000;MESURE
2025-10-30 21:00:00+01:00;8756,000;1,000;MESURE
2025-10-30 22:00:00+01:00;3884,000;1,000;MESURE
2025-10-30 23:00:00+01:00;3591,000;1,000;MESURE
2025-10-31 00:00:00+01:00;3528,000;1,000;MESURE
2025-10-31 01:00:00+01:00;3531,000;1,000;MESURE
2025-10-31 02:00:00+01:00;3530,000;1,000;MESURE
2025-10-31 03:00:00+01:00;3531,000;1,000;MESURE
2025-10-31 04:00:00+01:00;3534,000;1,000;MESURE
2025-10-31 05:00:00+01:00;8714,000;1,000;MESURE
2025-10-31 06:00:00+01:00;8598,000;1,000;MESURE
2025-10-31 07:00:00+01:00;0,000;1,000;MESURE
2025-10-31 08:00:00+01:00;0,000;1,000;MESURE
2025-10-31 09:00:00+01:00;0,000;1,000;MESURE
2025-10-31 10:00:00+01:00;0,000;1,000;MESURE
2025-10-31 11:00:00+01:00;0,000;1,000;MESURE
2025-10-31 12:00:00+01:00;0,000;1,000;MESURE
2025-10-31 13:00:00+01:00;0,000;1,000;MESURE
2025-10-31 14:00:00+01:00;0,000;1,000;MESURE
2025-10-31 15:00:00+01:00;0,000;1,000;MESURE
2025-10-31 16:00:00+01:00;0,000;1,000;MESURE
2025-10-31 17:00:00+01:00;2952,000;1,000;MESURE
2025-10-31 18:00:00+01:00;8832,000;1,000;MESURE
2025-10-31 19:00:00+01:00;8776,000;1,000;MESURE
2025-10-31 20:00:00+01:00;8760,000;1,000;MESURE
2025-10-31 21:00:00+01:00;8755,000;1,000;MESURE
2025-10-31 22:00:00+01:00;3883,000;1,000;MESURE
2025-10-31 23:00:00+01:00;3593,000;1,000;MESURE
2025-11-01 00:00:00+01:00;3535,000;1,000;MESURE
2025-11-01 01:00:00+01:00;3543,000;1,000;MESURE
2025-11-01 02:00:00+01:00;3546,000;1,000;MESURE
2025-11-01 03:00:00+01:00;3549,000;1,000;MESURE
2025-11-01 04:00:00+01:00;3551,000;1,000;MESURE
2025-11-01 05:00:00+01:00;8780,000;1,000;MESURE
2025-11-01 06:00:00+01:00;8789,000;1,000;MESURE
2025-11-01 07:00:00+01:00;2,000;1,000;MESURE
2025-11-01 08:00:00+01:00;0,000;1,000;MESURE
2025-11-01 09:00:00+01:00;0,000;1,000;MESURE
2025-11-01 10:00:00+01:00;0,000;1,000;MESURE
2025-11-01 11:00:00+01:00;0,000;1,000;MESURE
2025-11-01 12:00:00+01:00;0,000;1,000;MESURE
2025-11-01 13:00:00+01:00;0,000;1,000;MESURE
2025-11-01 14:00:00+01:00;0,000;1,000;MESURE
2025-11-01 15:00:00+01:00;0,000;1,000;MESURE
2025-11-01 16:00:00+01:00;0,000;1,000;MESURE
2025-11-01 17:00:00+01:00;3284,000;1,000;MESURE
2025-11-01 18:00:00+01:00;8861,000;1,000;MESURE
2025-11-01 19:00:00+01:00;8821,000;1,000;MESURE
2025-11-01 20:00:00+01:00;8797,000;1,000;MESURE
2025-11-01 21:00:00+01:00;8796,000;1,000;MESURE
2025-11-01 22:00:00+01:00;3852,000;1,000;MESURE
2025-11-01 23:00:00+01:00;3731,000;1,000;MESURE
2025-11-02 00:00:00+01:00;3667,000;1,000;MESURE
2025-11-02 01:00:00+01:00;3668,000;1,000;MESURE
2025-11-02 02:00:00+01:00;3666,000;1,000;MESURE
2025-11-02 03:00:00+01:00;3667,000;1,000;MESURE
2025-11-02 04:00:00+01:00;3669,000;1,000;MESURE
2025-11-02 05:00:00+01:00;8766,000;1,000;MESURE
2025-11-02 06:00:00+01:00;8792,000;1,000;MESURE
2025-11-02 07:00:00+01:00;150,000;1,000;MESURE
2025-11-02 08:00:00+01:00;0,000;1,000;MESURE
2025-11-02 09:00:00+01:00;0,000;1,000;MESURE
2025-11-02 10:00:00+01:00;0,000;1,000;MESURE
2025-11-02 11:00:00+01:00;0,000;1,000;MESURE
2025-11-02 12:00:00+01:00;0,000;1,000;MESURE
2025-11-02 13:00:00+01:00;0,000;1,000;MESURE
2025-11-02 14:00:00+01:00;0,000;1,000;MESURE
2025-11-02 15:00:00+01:00;0,000;1,000;MESURE
2025-11-02 16:00:00+01:00;0,000;1,000;MESURE
2025-11-02 17:00:00+01:00;3426,000;1,000;MESURE
2025-11-02 18:00:00+01:00;8901,000;1,000;MESURE
2025-11-02 19:00:00+01:00;8854,000;1,000;MESURE
2025-11-02 20:00:00+01:00;8805,000;1,000;MESURE
2025-11-02 21:00:00+01:00;8797,000;1,000;MESURE
2025-11-02 22:00:00+01:00;3919,000;1,000;MESURE
2025-11-02 23:00:00+01:00;3623,000;1,000;MESURE
2025-11-03 00:00:00+01:00;3556,000;1,000;MESURE
2025-11-03 01:00:00+01:00;3557,000;1,000;MESURE
2025-11-03 02:00:00+01:00;3558,000;1,000;MESURE
2025-11-03 03:00:00+01:00;3558,000;1,000;MESURE
2025-11-03 04:00:00+01:00;3558,000;1,000;MESURE
2025-11-03 05:00:00+01:00;8779,000;1,000;MESURE
2025-11-03 06:00:00+01:00;8793,000;1,000;MESURE
2025-11-03 07:00:00+01:00;446,000;1,000;MESURE
2025-11-03 08:00:00+01:00;0,000;1,000;MESURE
2025-11-03 09:00:00+01:00;0,000;1,000;MESURE
2025-11-03 10:00:00+01:00;0,000;1,000;MESURE
2025-11-03 11:00:00+01:00;0,000;1,000;MESURE
2025-11-03 12:00:00+01:00;0,000;1,000;MESURE
2025-11-03 13:00:00+01:00;0,000;1,000;MESURE
2025-11-03 14:00:00+01:00;0,000;1,000;MESURE
2025-11-03 15:00:00+01:00;0,000;1,000;MESURE
2025-11-03 16:00:00+01:00;0,000;1,000;MESURE
2025-11-03 17:00:00+01:00;3575,000;1,000;MESURE
2025-11-03 18:00:00+01:00;8862,000;1,000;MESURE
2025-11-03 19:00:00+01:00;8824,000;1,000;MESURE
2025-11-03 20:00:00+01:00;8806,000;1,000;MESURE
2025-11-03 21:00:00+01:00;8803,000;1,000;MESURE
2025-11-03 22:00:00+01:00;3880,000;1,000;MESURE
2025-11-03 23:00:00+01:00;3628,000;1,000;MESURE
2025-11-04 00:00:00+01:00;3567,000;1,000;MESURE
2025-11-04 01:00:00+01:00;3572,000;1,000;MESURE
2025-11-04 02:00:00+01:00;3575,000;1,000;MESURE
2025-11-04 03:00:00+01:00;3576,000;1,000;MESURE
2025-11-04 04:00:00+01:00;3579,000;1,000;MESURE
2025-11-04 05:00:00+01:00;8831,000;1,000;MESURE
2025-11-04 06:00:00+01:00;8838,000;1,000;MESURE
2025-11-04 07:00:00+01:00;610,000;1,000;MESURE
2025-11-04 08:00:00+01:00;0,000;1,000;MESURE
2025-11-04 09:00:00+01:00;0,000;1,000;MESURE
2025-11-04 10:00:00+01:00;0,000;1,000;MESURE
2025-11-04 11:00:00+01:00;0,000;1,000;MESURE
2025-11-04 12:00:00+01:00;0,000;1,000;MESURE
2025-11-04 13:00:00+01:00;0,000;1,000;MESURE
2025-11-04 14:00:00+01:00;0,000;1,000;MESURE
2025-11-04 15:00:00+01:00;0,000;1,000;MESURE
2025-11-04 16:00:00+01:00;0,000;1,000;MESURE
2025-11-04 17:00:00+01:00;3872,000;1,000;MESURE
2025-11-04 18:00:00+01:00;8847,000;1,000;MESURE
2025-11-04 19:00:00+01:00;8809,000;1,000;MESURE
2025-11-04 20:00:00+01:00;8803,000;1,000;MESURE
2025-11-04 21:00:00+01:00;8803,000;1,000;MESURE
2025-11-04 22:00:00+01:00;3929,000;1,000;MESURE
2025-11-04 23:00:00+01:00;3632,000;1,000;MESURE
2025-11-05 00:00:00+01:00;3571,000;1,000;MESURE
2025-11-05 01:00:00+01:00;3575,000;1,000;MESURE
2025-11-05 02:00:00+01:00;3577,000;1,000;MESURE
2025-11-05 03:00:00+01:00;3580,000;1,000;MESURE
2025-11-05 04:00:00+01:00;3579,000;1,000;MESURE
2025-11-05 05:00:00+01:00;8822,000;1,000;MESURE
2025-11-05 06:00:00+01:00;8830,000;1,000;MESURE
2025-11-05 07:00:00+01:00;892,000;1,000;MESURE
2025-11-05 08:00:00+01:00;0,000;1,000;MESURE
2025-11-05 09:00:00+01:00;0,000;1,000;MESURE
2025-11-05 10:00:00+01:00;0,000;1,000;MESURE
2025-11-05 11:00:00+01:00;0,000;1,000;MESURE
2025-11-05 12:00:00+01:00;0,000;1,000;MESURE
2025-11-05 13:00:00+01:00;0,000;1,000;MESURE
2025-11-05 14:00:00+01:00;0,000;1,000;MESURE
2025-11-05 15:00:00+01:00;0,000;1,000;MESURE
2025-11-05 16:00:00+01:00;0,000;1,000;MESURE
2025-11-05 17:00:00+01:00;4023,000;1,000;MESURE
2025-11-05 18:00:00+01:00;8837,000;1,000;MESURE
2025-11-05 19:00:00+01:00;8804,000;1,000;MESURE
2025-11-05 20:00:00+01:00;8791,000;1,000;MESURE
2025-11-05 21:00:00+01:00;8792,000;1,000;MESURE
2025-11-05 22:00:00+01:00;3924,000;1,000;MESURE
2025-11-05 23:00:00+01:00;3631,000;1,000;MESURE
2025-11-06 00:00:00+01:00;3569,000;1,000;MESURE
2025-11-06 01:00:00+01:00;3574,000;1,000;MESURE
2025-11-06 02:00:00+01:00;3578,000;1,000;MESURE
2025-11-06 03:00:00+01:00;3579,000;1,000;MESURE
2025-11-06 04:00:00+01:00;3577,000;1,000;MESURE
2025-11-06 05:00:00+01:00;8842,000;1,000;MESURE
2025-11-06 06:00:00+01:00;8816,000;1,000;MESURE
2025-11-06 07:00:00+01:00;1049,000;1,000;MESURE
2025-11-06 08:00:00+01:00;0,000;1,000;MESURE
2025-11-06 09:00:00+01:00;0,000;1,000;MESURE
2025-11-06 10:00:00+01:00;0,000;1,000;MESURE
2025-11-06 11:00:00+01:00;0,000;1,000;MESURE
2025-11-06 12:00:00+01:00;0,000;1,000;MESURE
2025-11-06 13:00:00+01:00;0,000;1,000;MESURE
2025-11-06 14:00:00+01:00;0,000;1,000;MESURE
2025-11-06 15:00:00+01:00;0,000;1,000;MESURE
2025-11-06 16:00:00+01:00;0,000;1,000;MESURE
2025-11-06 17:00:00+01:00;4191,000;1,000;MESURE
2025-11-06 18:00:00+01:00;8887,000;1,000;MESURE
2025-11-06 19:00:00+01:00;8799,000;1,000;MESURE
2025-11-06 20:00:00+01:00;8790,000;1,000;MESURE
2025-11-06 21:00:00+01:00;8790,000;1,000;MESURE
2025-11-06 22:00:00+01:00;3924,000;1,000;MESURE
2025-11-06 23:00:00+01:00;3631,000;1,000;MESURE
2025-11-07 00:00:00+01:00;3565,000;1,000;MESURE
2025-11-07 01:00:00+01:00;3566,000;1,000;MESURE
2025-11-07 02:00:00+01:00;3564,000;1,000;MESURE
2025-11-07 03:00:00+01:00;3564,000;1,000;MESURE
2025-11-07 04:00:00+01:00;3566,000;1,000;MESURE
2025-11-07 05:00:00+01:00;8779,000;1,000;MESURE
2025-11-07 06:00:00+01:00;8803,000;1,000;MESURE
2025-11-07 07:00:00+01:00;1180,000;1,000;MESURE
2025-11-07 08:00:00+01:00;0,000;1,000;MESURE
2025-11-07 09:00:00+01:00;0,000;1,000;MESURE
2025-11-07 10:00:00+01:00;0,000;1,000;MESURE
2025-11-07 11:00:00+01:00;0,000;1,000;MESURE
2025-11-07 12:00:00+01:00;0,000;1,000;MESURE
2025-11-07 13:00:00+01:00;0,000;1,000;MESURE
2025-11-07 14:00:00+01:00;0,000;1,000;MESURE
2025-11-07 15:00:00+01:00;0,000;1,000;MESURE
2025-11-07 16:00:00+01:00;0,000;1,000;MESURE
2025-11-07 17:00:00+01:00;4461,000;1,000;MESURE
2025-11-07 18:00:00+01:00;8842,000;1,000;MESURE
2025-11-07 19:00:00+01:00;8779,000;1,000;MESURE
2025-11-07 20:00:00+01:00;8777,000;1,000;MESURE
2025-11-07 21:00:00+01:00;8765,000;1,000;MESURE
2025-11-07 22:00:00+01:00;3810,000;1,000;MESURE
2025-11-07 23:00:00+01:00;3626,000;1,000;MESURE
2025-11-08 00:00:00+01:00;3562,000;1,000;MESURE
2025-11-08 01:00:00+01:00;3567,000;1,000;MESURE
2025-11-08 02:00:00+01:00;3562,000;1,000;MESURE
2025-11-08 03:00:00+01:00;3561,000;1,000;MESURE
2025-11-08 04:00:00+01:00;3560,000;1,000;MESURE
2025-11-08 05:00:00+01:00;8785,000;1,000;MESURE
2025-11-08 06:00:00+01:00;8815,000;1,000;MESURE
2025-11-08 07:00:00+01:00;1480,000;1,000;MESURE
2025-11-08 08:00:00+01:00;0,000;1,000;MESURE
2025-11-08 09:00:00+01:00;0,000;1,000;MESURE
2025-11-08 10:00:00+01:00;0,000;1,000;MESURE
2025-11-08 11:00:00+01:00;0,000;1,000;MESURE
2025-11-08 12:00:00+01:00;0,000;1,000;MESURE
2025-11-08 13:00:00+01:00;0,000;1,000;MESURE
2025-11-08 14:00:00+01:00;0,000;1,000;MESURE
2025-11-08 15:00:00+01:00;0,000;1,000;MESURE
2025-11-08 16:00:00+01:00;0,000;1,000;MESURE
2025-11-08 17:00:00+01:00;4602,000;1,000;MESURE
2025-11-08 18:00:00+01:00;8843,000;1,000;MESURE
2025-11-08 19:00:00+01:00;8802,000;1,000;MESURE
2025-11-08 20:00:00+01:00;8801,000;1,000;MESURE
2025-11-08 21:00:00+01:00;8788,000;1,000;MESURE
2025-11-08 22:00:00+01:00;3807,000;1,000;MESURE
2025-11-08 23:00:00+01:00;3623,000;1,000;MESURE
2025-11-09 00:00:00+01:00;3552,000;1,000;MESURE
2025-11-09 01:00:00+01:00;3557,000;1,000;MESURE
2025-11-09 02:00:00+01:00;3558,000;1,000;MESURE
2025-11-09 03:00:00+01:00;3557,000;1,000;MESURE
2025-11-09 04:00:00+01:00;3553,000;1,000;MESURE
2025-11-09 05:00:00+01:00;8789,000;1,000;MESURE
2025-11-09 06:00:00+01:00;8795,000;1,000;MESURE
2025-11-09 07:00:00+01:00;1631,000;1,000;MESURE
2025-11-09 08:00:00+01:00;0,000;1,000;MESURE
2025-11-09 09:00:00+01:00;0,000;1,000;MESURE
2025-11-09 10:00:00+01:00;0,000;1,000;MESURE
2025-11-09 11:00:00+01:00;0,000;1,000;MESURE
2025-11-09 12:00:00+01:00;0,000;1,000;MESURE
2025-11-09 13:00:00+01:00;0,000;1,000;MESURE
2025-11-09 14:00:00+01:00;0,000;1,000;MESURE
2025-11-09 15:00:00+01:00;0,000;1,000;MESURE
2025-11-09 16:00:00+01:00;0,000;1,000;MESURE
2025-11-09 17:00:00+01:00;4747,000;1,000;MESURE
2025-11-09 18:00:00+01:00;8824,000;1,000;MESURE
2025-11-09 19:00:00+01:00;8781,000;1,000;MESURE
2025-11-09 20:00:00+01:00;8772,000;1,000;MESURE
2025-11-09 21:00:00+01:00;8756,000;1,000;MESURE
2025-11-09 22:00:00+01:00;3837,000;1,000;MESURE
2025-11-09 23:00:00+01:00;3620,000;1,000;MESURE
2025-11-10 00:00:00+01:00;3561,000;1,000;MESURE
2025-11-10 01:00:00+01:00;3565,000;1,000;MESURE
2025-11-10 02:00:00+01:00;3568,000;1,000;MESURE
2025-11-10 03:00:00+01:00;3567,000;1,000;MESURE
2025-11-10 04:00:00+01:00;3567,000;1,000;MESURE
2025-11-10 05:00:00+01:00;8774,000;1,000;MESURE
2025-11-10 06:00:00+01:00;8779,000;1,000;MESURE
2025-11-10 07:00:00+01:00;1916,000;1,000;MESURE
2025-11-10 08:00:00+01:00;0,000;1,000;MESURE
2025-11-10 09:00:00+01:00;0,000;1,000;MESURE
2025-11-10 10:00:00+01:00;0,000;1,000;MESURE
2025-11-10 11:00:00+01:00;0,000;1,000;MESURE
2025-11-10 12:00:00+01:00;0,000;1,000;MESURE
2025-11-10 13:00:00+01:00;0,000;1,000;MESURE
2025-11-10 14:00:00+01:00;0,000;1,000;MESURE
2025-11-10 15:00:00+01:00;0,000;1,000;MESURE
2025-11-10 16:00:00+01:00;0,000;1,000;MESURE
2025-11-10 17:00:00+01:00;4906,000;1,000;MESURE
2025-11-10 18:00:00+01:00;8834,000;1,000;MESURE
2025-11-10 19:00:00+01:00;8797,000;1,000;MESURE
2025-11-10 20:00:00+01:00;8794,000;1,000;MESURE
2025-11-10 21:00:00+01:00;8798,000;1,000;MESURE
2025-11-10 22:00:00+01:00;3849,000;1,000;MESURE
2025-11-10 23:00:00+01:00;3625,000;1,000;MESURE
2025-11-11 00:00:00+01:00;3556,000;1,000;MESURE
2025-11-11 01:00:00+01:00;3558,000;1,000;MESURE
2025-11-11 02:00:00+01:00;3561,000;1,000;MESURE
2025-11-11 03:00:00+01:00;3564,000;1,000;MESURE
2025-11-11 04:00:00+01:00;3569,000;1,000;MESURE
2025-11-11 05:00:00+01:00;8785,000;1,000;MESURE
2025-11-11 06:00:00+01:00;8796,000;1,000;MESURE
2025-11-11 07:00:00+01:00;2073,000;1,000;MESURE
2025-11-11 08:00:00+01:00;0,000;1,000;MESURE
2025-11-11 09:00:00+01:00;0,000;1,000;MESURE
2025-11-11 10:00:00+01:00;0,000;1,000;MESURE
2025-11-11 11:00:00+01:00;0,000;1,000;MESURE
2025-11-11 12:00:00+01:00;0,000;1,000;MESURE
2025-11-11 13:00:00+01:00;0,000;1,000;MESURE
2025-11-11 14:00:00+01:00;0,000;1,000;MESURE
2025-11-11 15:00:00+01:00;0,000;1,000;MESURE
2025-11-11 16:00:00+01:00;0,000;1,000;MESURE
2025-11-11 17:00:00+01:00;5036,000;1,000;MESURE
2025-11-11 18:00:00+01:00;8835,000;1,000;MESURE
2025-11-11 19:00:00+01:00;8822,000;1,000;MESURE
2025-11-11 20:00:00+01:00;8808,000;1,000;MESURE
2025-11-11 21:00:00+01:00;8814,000;1,000;MESURE
2025-11-11 22:00:00+01:00;3899,000;1,000;MESURE
2025-11-11 23:00:00+01:00;3632,000;1,000;MESURE
2025-11-12 00:00:00+01:00;3572,000;1,000;MESURE
2025-11-12 01:00:00+01:00;3575,000;1,000;MESURE
2025-11-12 02:00:00+01:00;3577,000;1,000;MESURE
2025-11-12 03:00:00+01:00;3580,000;1,000;MESURE
2025-11-12 04:00:00+01:00;3582,000;1,000;MESURE
2025-11-12 05:00:00+01:00;8822,000;1,000;MESURE
2025-11-12 06:00:00+01:00;8826,000;1,000;MESURE
2025-11-12 07:00:00+01:00;2200,000;1,000;MESURE
2025-11-12 08:00:00+01:00;0,000;1,000;MESURE
2025-11-12 09:00:00+01:00;0,000;1,000;MESURE
2025-11-12 10:00:00+01:00;0,000;1,000;MESURE
2025-11-12 11:00:00+01:00;0,000;1,000;MESURE
2025-11-12 12:00:00+01:00;0,000;1,000;MESURE
2025-11-12 13:00:00+01:00;0,000;1,000;MESURE
2025-11-12 14:00:00+01:00;0,000;1,000;MESURE
2025-11-12 15:00:00+01:00;0,000;1,000;MESURE
2025-11-12 16:00:00+01:00;0,000;1,000;MESURE
2025-11-12 17:00:00+01:00;5322,000;1,000;MESURE
2025-11-12 18:00:00+01:00;8847,000;1,000;MESURE
2025-11-12 19:00:00+01:00;8818,000;1,000;MESURE
2025-11-12 20:00:00+01:00;8804,000;1,000;MESURE
2025-11-12 21:00:00+01:00;8797,000;1,000;MESURE
2025-11-12 22:00:00+01:00;3876,000;1,000;MESURE
2025-11-12 23:00:00+01:00;3611,000;1,000;MESURE
2025-11-13 00:00:00+01:00;3550,000;1,000;MESURE
2025-11-13 01:00:00+01:00;3554,000;1,000;MESURE
2025-11-13 02:00:00+01:00;3556,000;1,000;MESURE
2025-11-13 03:00:00+01:00;3557,000;1,000;MESURE
2025-11-13 04:00:00+01:00;3559,000;1,000;MESURE
2025-11-13 05:00:00+01:00;8795,000;1,000;MESURE
2025-11-13 06:00:00+01:00;8780,000;1,000;MESURE
2025-11-13 07:00:00+01:00;2516,000;1,000;MESURE
2025-11-13 08:00:00+01:00;0,000;1,000;MESURE
2025-11-13 09:00:00+01:00;0,000;1,000;MESURE
2025-11-13 10:00:00+01:00;0,000;1,000;MESURE
2025-11-13 11:00:00+01:00;0,000;1,000;MESURE
2025-11-13 12:00:00+01:00;0,000;1,000;MESURE
2025-11-13 13:00:00+01:00;0,000;1,000;MESURE
2025-11-13 14:00:00+01:00;0,000;1,000;MESURE
2025-11-13 15:00:00+01:00;0,000;1,000;MESURE
2025-11-13 16:00:00+01:00;0,000;1,000;MESURE
2025-11-13 17:00:00+01:00;5473,000;1,000;MESURE
2025-11-13 18:00:00+01:00;8838,000;1,000;MESURE
2025-11-13 19:00:00+01:00;8767,000;1,000;MESURE
2025-11-13 20:00:00+01:00;8746,000;1,000;MESURE
2025-11-13 21:00:00+01:00;8779,000;1,000;MESURE
2025-11-13 22:00:00+01:00;3919,000;1,000;MESURE
2025-11-13 23:00:00+01:00;3616,000;1,000;MESURE
2025-11-14 00:00:00+01:00;3553,000;1,000;MESURE
2025-11-14 01:00:00+01:00;3556,000;1,000;MESURE
2025-11-14 02:00:00+01:00;3559,000;1,000;MESURE
2025-11-14 03:00:00+01:00;3563,000;1,000;MESURE
2025-11-14 04:00:00+01:00;3563,000;1,000;MESURE
2025-11-14 05:00:00+01:00;8784,000;1,000;MESURE
2025-11-14 06:00:00+01:00;8789,000;1,000;MESURE
2025-11-14 07:00:00+01:00;2628,000;1,000;MESURE
2025-11-14 08:00:00+01:00;0,000;1,000;MESURE
2025-11-14 09:00:00+01:00;0,000;1,000;MESURE
2025-11-14 10:00:00+01:00;0,000;1,000;MESURE
2025-11-14 11:00:00+01:00;0,000;1,000;MESURE
2025-11-14 12:00:00+01:00;0,000;1,000;MESURE
2025-11-14 13:00:00+01:00;0,000;1,000;MESURE
2025-11-14 14:00:00+01:00;0,000;1,000;MESURE
2025-11-14 15:00:00+01:00;0,000;1,000;MESURE
2025-11-14 16:00:00+01:00;0,000;1,000;MESURE
2025-11-14 17:00:00+01:00;5638,000;1,000;MESURE
2025-11-14 18:00:00+01:00;8794,000;1,000;MESURE
2025-11-14 19:00:00+01:00;8771,000;1,000;MESURE
2025-11-14 20:00:00+01:00;8752,000;1,000;MESURE
2025-11-14 21:00:00+01:00;8746,000;1,000;MESURE
2025-11-14 22:00:00+01:00;3824,000;1,000;MESURE
2025-11-14 23:00:00+01:00;3599,000;1,000;MESURE
2025-11-15 00:00:00+01:00;3539,000;1,000;MESURE
2025-11-15 01:00:00+01:00;3545,000;1,000;MESURE
2025-11-15 02:00:00+01:00;3545,000;1,000;MESURE
2025-11-15 03:00:00+01:00;3541,000;1,000;MESURE
2025-11-15 04:00:00+01:00;3545,000;1,000;MESURE
2025-11-15 05:00:00+01:00;8760,000;1,000;MESURE
2025-11-15 06:00:00+01:00;8778,000;1,000;MESURE
2025-11-15 07:00:00+01:00;2766,000;1,000;MESURE
2025-11-15 08:00:00+01:00;0,000;1,000;MESURE
2025-11-15 09:00:00+01:00;0,000;1,000;MESURE
2025-11-15 10:00:00+01:00;0,000;1,000;MESURE
2025-11-15 11:00:00+01:00;0,000;1,000;MESURE
2025-11-15 12:00:00+01:00;0,000;1,000;MESURE
2025-11-15 13:00:00+01:00;0,000;1,000;MESURE
2025-11-15 14:00:00+01:00;0,000;1,000;MESURE
2025-11-15 15:00:00+01:00;0,000;1,000;MESURE
2025-11-15 16:00:00+01:00;0,000;1,000;MESURE
2025-11-15 17:00:00+01:00;5821,000;1,000;MESURE
2025-11-15 18:00:00+01:00;8844,000;1,000;MESURE
2025-11-15 19:00:00+01:00;8796,000;1,000;MESURE
2025-11-15 20:00:00+01:00;8764,000;1,000;MESURE
2025-11-15 21:00:00+01:00;8757,000;1,000;MESURE
2025-11-15 22:00:00+01:00;3795,000;1,000;MESURE
2025-11-15 23:00:00+01:00;3604,000;1,000;MESURE
2025-11-16 00:00:00+01:00;3541,000;1,000;MESURE
2025-11-16 01:00:00+01:00;3543,000;1,000;MESURE
2025-11-16 02:00:00+01:00;3546,000;1,000;MESURE
2025-11-16 03:00:00+01:00;3548,000;1,000;MESURE
2025-11-16 04:00:00+01:00;3551,000;1,000;MESURE
2025-11-16 05:00:00+01:00;8755,000;1,000;MESURE
2025-11-16 06:00:00+01:00;8790,000;1,000;MESURE
2025-11-16 07:00:00+01:00;3096,000;1,000;MESURE
2025-11-16 08:00:00+01:00;0,000;1,000;MESURE
2025-11-16 09:00:00+01:00;0,000;1,000;MESURE
2025-11-16 10:00:00+01:00;0,000;1,000;MESURE
2025-11-16 11:00:00+01:00;0,000;1,000;MESURE
2025-11-16 12:00:00+01:00;0,000;1,000;MESURE
2025-11-16 13:00:00+01:00;0,000;1,000;MESURE
2025-11-16 14:00:00+01:00;0,000;1,000;MESURE
2025-11-16 15:00:00+01:00;0,000;1,000;MESURE
2025-11-16 16:00:00+01:00;0,000;1,000;MESURE
2025-11-16 17:00:00+01:00;5930,000;1,000;MESURE
2025-11-16 18:00:00+01:00;8819,000;1,000;MESURE
2025-11-16 19:00:00+01:00;8782,000;1,000;MESURE
2025-11-16 20:00:00+01:00;8764,000;1,000;MESURE
2025-11-16 21:00:00+01:00;8761,000;1,000;MESURE
2025-11-16 22:00:00+01:00;3841,000;1,000;MESURE
2025-11-16 23:00:00+01:00;3611,000;1,000;MESURE
2025-11-17 00:00:00+01:00;3547,000;1,000;MESURE
2025-11-17 01:00:00+01:00;3550,000;1,000;MESURE
2025-11-17 02:00:00+01:00;3552,000;1,000;MESURE
2025-11-17 03:00:00+01:00;3556,000;1,000;MESURE
2025-11-17 04:00:00+01:00;3557,000;1,000;MESURE
2025-11-17 05:00:00+01:00;8757,000;1,000;MESURE
2025-11-17 06:00:00+01:00;8779,000;1,000;MESURE
2025-11-17 07:00:00+01:00;3222,000;1,000;MESURE
2025-11-17 08:00:00+01:00;0,000;1,000;MESURE
2025-11-17 09:00:00+01:00;0,000;1,000;MESURE
2025-11-17 10:00:00+01:00;0,000;1,000;MESURE
2025-11-17 11:00:00+01:00;0,000;1,000;MESURE
2025-11-17 12:00:00+01:00;0,000;1,000;MESURE
2025-11-17 13:00:00+01:00;0,000;1,000;MESURE
2025-11-17 14:00:00+01:00;0,000;1,000;MESURE
2025-11-17 15:00:00+01:00;0,000;1,000;MESURE
2025-11-17 16:00:00+01:00;0,000;1,000;MESURE
2025-11-17 17:00:00+01:00;6105,000;1,000;MESURE
2025-11-17 18:00:00+01:00;8883,000;1,000;MESURE
2025-11-17 19:00:00+01:00;8846,000;1,000;MESURE
2025-11-17 20:00:00+01:00;8830,000;1,000;MESURE
2025-11-17 21:00:00+01:00;8835,000;1,000;MESURE
2025-11-17 22:00:00+01:00;3921,000;1,000;MESURE
2025-11-17 23:00:00+01:00;3646,000;1,000;MESURE
2025-11-18 00:00:00+01:00;3582,000;1,000;MESURE
2025-11-18 01:00:00+01:00;3583,000;1,000;MESURE
2025-11-18 02:00:00+01:00;3586,000;1,000;MESURE
2025-11-18 03:00:00+01:00;3586,000;1,000;MESURE
2025-11-18 04:00:00+01:00;3588,000;1,000;MESURE
2025-11-18 05:00:00+01:00;8853,000;1,000;MESURE
2025-11-18 06:00:00+01:00;8874,000;1,000;MESURE
2025-11-18 07:00:00+01:00;3409,000;1,000;MESURE
2025-11-18 08:00:00+01:00;0,000;1,000;MESURE
2025-11-18 09:00:00+01:00;0,000;1,000;MESURE
2025-11-18 10:00:00+01:00;0,000;1,000;MESURE
2025-11-18 11:00:00+01:00;0,000;1,000;MESURE
2025-11-18 12:00:00+01:00;0,000;1,000;MESURE
2025-11-18 13:00:00+01:00;0,000;1,000;MESURE
2025-11-18 14:00:00+01:00;0,000;1,000;MESURE
2025-11-18 15:00:00+01:00;0,000;1,000;MESURE
2025-11-18 16:00:00+01:00;0,000;1,000;MESURE
2025-11-18 17:00:00+01:00;6283,000;1,000;MESURE
2025-11-18 18:00:00+01:00;8895,000;1,000;MESURE
2025-11-18 19:00:00+01:00;8875,000;1,000;MESURE
2025-11-18 20:00:00+01:00;8856,000;1,000;MESURE
2025-11-18 21:00:00+01:00;8858,000;1,000;MESURE
2025-11-18 22:00:00+01:00;3892,000;1,000;MESURE
2025-11-18 23:00:00+01:00;3665,000;1,000;MESURE
2025-11-19 00:00:00+01:00;3603,000;1,000;MESURE
2025-11-19 01:00:00+01:00;3608,000;1,000;MESURE
2025-11-19 02:00:00+01:00;3609,000;1,000;MESURE
2025-11-19 03:00:00+01:00;3610,000;1,000;MESURE
2025-11-19 04:00:00+01:00;3612,000;1,000;MESURE
2025-11-19 05:00:00+01:00;8886,000;1,000;MESURE
2025-11-19 06:00:00+01:00;8873,000;1,000;MESURE
2025-11-19 07:00:00+01:00;3721,000;1,000;MESURE
2025-11-19 08:00:00+01:00;0,000;1,000;MESURE
2025-11-19 09:00:00+01:00;0,000;1,000;MESURE
2025-11-19 10:00:00+01:00;0,000;1,000;MESURE
2025-11-19 11:00:00+01:00;0,000;1,000;MESURE
2025-11-19 12:00:00+01:00;0,000;1,000;MESURE
2025-11-19 13:00:00+01:00;0,000;1,000;MESURE
2025-11-19 14:00:00+01:00;0,000;1,000;MESURE
2025-11-19 15:00:00+01:00;0,000;1,000;MESURE
2025-11-19 16:00:00+01:00;0,000;1,000;MESURE
2025-11-19 17:00:00+01:00;6287,000;1,000;MESURE
2025-11-19 18:00:00+01:00;8908,000;1,000;MESURE
2025-11-19 19:00:00+01:00;8854,000;1,000;MESURE
2025-11-19 20:00:00+01:00;8836,000;1,000;MESURE
2025-11-19 21:00:00+01:00;8859,000;1,000;MESURE
2025-11-19 22:00:00+01:00;3838,000;1,000;MESURE
2025-11-19 23:00:00+01:00;3656,000;1,000;MESURE
2025-11-20 00:00:00+01:00;3587,000;1,000;MESURE
2025-11-20 01:00:00+01:00;3589,000;1,000;MESURE
2025-11-20 02:00:00+01:00;3588,000;1,000;MESURE
2025-11-20 03:00:00+01:00;3590,000;1,000;MESURE
2025-11-20 04:00:00+01:00;3589,000;1,000;MESURE
2025-11-20 05:00:00+01:00;8841,000;1,000;MESURE
2025-11-20 06:00:00+01:00;8848,000;1,000;MESURE
2025-11-20 07:00:00+01:00;3831,000;1,000;MESURE
2025-11-20 08:00:00+01:00;0,000;1,000;MESURE
2025-11-20 09:00:00+01:00;0,000;1,000;MESURE
2025-11-20 10:00:00+01:00;0,000;1,000;MESURE
2025-11-20 11:00:00+01:00;0,000;1,000;MESURE
2025-11-20 12:00:00+01:00;0,000;1,000;MESURE
2025-11-20 13:00:00+01:00;0,000;1,000;MESURE
2025-11-20 14:00:00+01:00;0,000;1,000;MESURE
2025-11-20 15:00:00+01:00;0,000;1,000;MESURE
2025-11-20 16:00:00+01:00;0,000;1,000;MESURE
2025-11-20 17:00:00+01:00;6412,000;1,000;MESURE
2025-11-20 18:00:00+01:00;8893,000;1,000;MESURE
2025-11-20 19:00:00+01:00;8863,000;1,000;MESURE
2025-11-20 20:00:00+01:00;8850,000;1,000;MESURE
2025-11-20 21:00:00+01:00;8858,000;1,000;MESURE
2025-11-20 22:00:00+01:00;3857,000;1,000;MESURE
2025-11-20 23:00:00+01:00;3661,000;1,000;MESURE
2025-11-21 00:00:00+01:00;3590,000;1,000;MESURE
2025-11-21 01:00:00+01:00;3592,000;1,000;MESURE
2025-11-21 02:00:00+01:00;3594,000;1,000;MESURE
2025-11-21 03:00:00+01:00;3592,000;1,000;MESURE
2025-11-21 04:00:00+01:00;3594,000;1,000;MESURE
2025-11-21 05:00:00+01:00;8861,000;1,000;MESURE
2025-11-21 06:00:00+01:00;8854,000;1,000;MESURE
2025-11-21 07:00:00+01:00;4006,000;1,000;MESURE
2025-11-21 08:00:00+01:00;0,000;1,000;MESURE
2025-11-21 09:00:00+01:00;0,000;1,000;MESURE
2025-11-21 10:00:00+01:00;0,000;1,000;MESURE
2025-11-21 11:00:00+01:00;0,000;1,000;MESURE
2025-11-21 12:00:00+01:00;0,000;1,000;MESURE
2025-11-21 13:00:00+01:00;0,000;1,000;MESURE
2025-11-21 14:00:00+01:00;0,000;1,000;MESURE
2025-11-21 15:00:00+01:00;0,000;1,000;MESURE
2025-11-21 16:00:00+01:00;0,000;1,000;MESURE
2025-11-21 17:00:00+01:00;6594,000;1,000;MESURE
2025-11-21 18:00:00+01:00;8941,000;1,000;MESURE
2025-11-21 19:00:00+01:00;8910,000;1,000;MESURE
2025-11-21 20:00:00+01:00;8890,000;1,000;MESURE
2025-11-21 21:00:00+01:00;8883,000;1,000;MESURE
2025-11-21 22:00:00+01:00;3871,000;1,000;MESURE
2025-11-21 23:00:00+01:00;3673,000;1,000;MESURE
2025-11-22 00:00:00+01:00;3605,000;1,000;MESURE
2025-11-22 01:00:00+01:00;3606,000;1,000;MESURE
2025-11-22 02:00:00+01:00;3607,000;1,000;MESURE
2025-11-22 03:00:00+01:00;3609,000;1,000;MESURE
2025-11-22 04:00:00+01:00;3608,000;1,000;MESURE
2025-11-22 05:00:00+01:00;8885,000;1,000;MESURE
2025-11-22 06:00:00+01:00;8922,000;1,000;MESURE
2025-11-22 07:00:00+01:00;4328,000;1,000;MESURE
2025-11-22 08:00:00+01:00;0,000;1,000;MESURE
2025-11-22 09:00:00+01:00;0,000;1,000;MESURE
2025-11-22 10:00:00+01:00;0,000;1,000;MESURE
2025-11-22 11:00:00+01:00;0,000;1,000;MESURE
2025-11-22 12:00:00+01:00;0,000;1,000;MESURE
2025-11-22 13:00:00+01:00;0,000;1,000;MESURE
2025-11-22 14:00:00+01:00;0,000;1,000;MESURE
2025-11-22 15:00:00+01:00;0,000;1,000;MESURE
2025-11-22 16:00:00+01:00;0,000;1,000;MESURE
2025-11-22 17:00:00+01:00;6744,000;1,000;MESURE
2025-11-22 18:00:00+01:00;8935,000;1,000;MESURE
2025-11-22 19:00:00+01:00;8911,000;1,000;MESURE
2025-11-22 20:00:00+01:00;8895,000;1,000;MESURE
2025-11-22 21:00:00+01:00;8891,000;1,000;MESURE
2025-11-22 22:00:00+01:00;3919,000;1,000;MESURE
2025-11-22 23:00:00+01:00;3740,000;1,000;MESURE
2025-11-23 00:00:00+01:00;3675,000;1,000;MESURE
2025-11-23 01:00:00+01:00;3678,000;1,000;MESURE
2025-11-23 02:00:00+01:00;3678,000;1,000;MESURE
2025-11-23 03:00:00+01:00;3675,000;1,000;MESURE
2025-11-23 04:00:00+01:00;3677,000;1,000;MESURE
2025-11-23 05:00:00+01:00;8857,000;1,000;MESURE
2025-11-23 06:00:00+01:00;8859,000;1,000;MESURE
2025-11-23 07:00:00+01:00;4434,000;1,000;MESURE
2025-11-23 08:00:00+01:00;0,000;1,000;MESURE
2025-11-23 09:00:00+01:00;0,000;1,000;MESURE
2025-11-23 10:00:00+01:00;0,000;1,000;MESURE
2025-11-23 11:00:00+01:00;0,000;1,000;MESURE
2025-11-23 12:00:00+01:00;0,000;1,000;MESURE
2025-11-23 13:00:00+01:00;0,000;1,000;MESURE
2025-11-23 14:00:00+01:00;0,000;1,000;MESURE
2025-11-23 15:00:00+01:00;0,000;1,000;MESURE
2025-11-23 16:00:00+01:00;0,000;1,000;MESURE
2025-11-23 17:00:00+01:00;6859,000;1,000;MESURE
2025-11-23 18:00:00+01:00;8916,000;1,000;MESURE
2025-11-23 19:00:00+01:00;8885,000;1,000;MESURE
2025-11-23 20:00:00+01:00;8864,000;1,000;MESURE
2025-11-23 21:00:00+01:00;8895,000;1,000;MESURE
2025-11-23 22:00:00+01:00;3908,000;1,000;MESURE
2025-11-23 23:00:00+01:00;3656,000;1,000;MESURE
2025-11-24 00:00:00+01:00;3586,000;1,000;MESURE
2025-11-24 01:00:00+01:00;3585,000;1,000;MESURE
2025-11-24 02:00:00+01:00;3584,000;1,000;MESURE
2025-11-24 03:00:00+01:00;3581,000;1,000;MESURE
2025-11-24 04:00:00+01:00;3582,000;1,000;MESURE
2025-11-24 05:00:00+01:00;8835,000;1,000;MESURE
2025-11-24 06:00:00+01:00;8860,000;1,000;MESURE
2025-11-24 07:00:00+01:00;4610,000;1,000;MESURE
2025-11-24 08:00:00+01:00;0,000;1,000;MESURE
2025-11-24 09:00:00+01:00;0,000;1,000;MESURE
2025-11-24 10:00:00+01:00;0,000;1,000;MESURE
2025-11-24 11:00:00+01:00;0,000;1,000;MESURE
2025-11-24 12:00:00+01:00;0,000;1,000;MESURE
2025-11-24 13:00:00+01:00;0,000;1,000;MESURE
2025-11-24 14:00:00+01:00;0,000;1,000;MESURE
2025-11-24 15:00:00+01:00;0,000;1,000;MESURE
2025-11-24 16:00:00+01:00;0,000;1,000;MESURE
2025-11-24 17:00:00+01:00;6849,000;1,000;MESURE
2025-11-24 18:00:00+01:00;8908,000;1,000;MESURE
2025-11-24 19:00:00+01:00;8837,000;1,000;MESURE
2025-11-24 20:00:00+01:00;8800,000;1,000;MESURE
2025-11-24 21:00:00+01:00;8842,000;1,000;MESURE
2025-11-24 22:00:00+01:00;3845,000;1,000;MESURE
2025-11-24 23:00:00+01:00;3647,000;1,000;MESURE
2025-11-25 00:00:00+01:00;3584,000;1,000;MESURE
2025-11-25 01:00:00+01:00;3585,000;1,000;MESURE
2025-11-25 02:00:00+01:00;3588,000;1,000;MESURE
2025-11-25 03:00:00+01:00;3589,000;1,000;MESURE
2025-11-25 04:00:00+01:00;3591,000;1,000;MESURE
2025-11-25 05:00:00+01:00;8848,000;1,000;MESURE
2025-11-25 06:00:00+01:00;8864,000;1,000;MESURE
2025-11-25 07:00:00+01:00;4740,000;1,000;MESURE
2025-11-25 08:00:00+01:00;0,000;1,000;MESURE
2025-11-25 09:00:00+01:00;0,000;1,000;MESURE
2025-11-25 10:00:00+01:00;0,000;1,000;MESURE
2025-11-25 11:00:00+01:00;0,000;1,000;MESURE
2025-11-25 12:00:00+01:00;0,000;1,000;MESURE
2025-11-25 13:00:00+01:00;0,000;1,000;MESURE
2025-11-25 14:00:00+01:00;0,000;1,000;MESURE
2025-11-25 15:00:00+01:00;0,000;1,000;MESURE
2025-11-25 16:00:00+01:00;0,000;1,000;MESURE
2025-11-25 17:00:00+01:00;7029,000;1,000;MESURE
2025-11-25 18:00:00+01:00;8927,000;1,000;MESURE
2025-11-25 19:00:00+01:00;8840,000;1,000;MESURE
2025-11-25 20:00:00+01:00;8832,000;1,000;MESURE
2025-11-25 21:00:00+01:00;8837,000;1,000;MESURE
2025-11-25 22:00:00+01:00;3932,000;1,000;MESURE
2025-11-25 23:00:00+01:00;3643,000;1,000;MESURE
2025-11-26 00:00:00+01:00;3577,000;1,000;MESURE
2025-11-26 01:00:00+01:00;3579,000;1,000;MESURE
2025-11-26 02:00:00+01:00;3581,000;1,000;MESURE
2025-11-26 03:00:00+01:00;3582,000;1,000;MESURE
2025-11-26 04:00:00+01:00;3581,000;1,000;MESURE
2025-11-26 05:00:00+01:00;8810,000;1,000;MESURE
2025-11-26 06:00:00+01:00;8831,000;1,000;MESURE
2025-11-26 07:00:00+01:00;5015,000;1,000;MESURE
2025-11-26 08:00:00+01:00;0,000;1,000;MESURE
2025-11-26 09:00:00+01:00;0,000;1,000;MESURE
2025-11-26 10:00:00+01:00;0,000;1,000;MESURE
2025-11-26 11:00:00+01:00;0,000;1,000;MESURE
2025-11-26 12:00:00+01:00;0,000;1,000;MESURE
2025-11-26 13:00:00+01:00;0,000;1,000;MESURE
2025-11-26 14:00:00+01:00;0,000;1,000;MESURE
2025-11-26 15:00:00+01:00;0,000;1,000;MESURE
2025-11-26 16:00:00+01:00;0,000;1,000;MESURE
2025-11-26 17:00:00+01:00;7130,000;1,000;MESURE
2025-11-26 18:00:00+01:00;8860,000;1,000;MESURE
2025-11-26 19:00:00+01:00;8840,000;1,000;MESURE
2025-11-26 20:00:00+01:00;8813,000;1,000;MESURE
2025-11-26 21:00:00+01:00;8801,000;1,000;MESURE
2025-11-26 22:00:00+01:00;3839,000;1,000;MESURE
2025-11-26 23:00:00+01:00;3654,000;1,000;MESURE
2025-11-27 00:00:00+01:00;3589,000;1,000;MESURE
2025-11-27 01:00:00+01:00;3593,000;1,000;MESURE
2025-11-27 02:00:00+01:00;3595,000;1,000;MESURE
2025-11-27 03:00:00+01:00;3595,000;1,000;MESURE
2025-11-27 04:00:00+01:00;3597,000;1,000;MESURE
2025-11-27 05:00:00+01:00;8872,000;1,000;MESURE
2025-11-27 06:00:00+01:00;8869,000;1,000;MESURE
2025-11-27 07:00:00+01:00;5174,000;1,000;MESURE
2025-11-27 08:00:00+01:00;0,000;1,000;MESURE
2025-11-27 09:00:00+01:00;0,000;1,000;MESURE
2025-11-27 10:00:00+01:00;0,000;1,000;MESURE
2025-11-27 11:00:00+01:00;0,000;1,000;MESURE
2025-11-27 12:00:00+01:00;0,000;1,000;MESURE
2025-11-27 13:00:00+01:00;0,000;1,000;MESURE
2025-11-27 14:00:00+01:00;0,000;1,000;MESURE
2025-11-27 15:00:00+01:00;0,000;1,000;MESURE
2025-11-27 16:00:00+01:00;0,000;1,000;MESURE
2025-11-27 17:00:00+01:00;7156,000;1,000;MESURE
2025-11-27 18:00:00+01:00;8877,000;1,000;MESURE
2025-11-27 19:00:00+01:00;8861,000;1,000;MESURE
2025-11-27 20:00:00+01:00;8850,000;1,000;MESURE
2025-11-27 21:00:00+01:00;8848,000;1,000;MESURE
2025-11-27 22:00:00+01:00;3871,000;1,000;MESURE
2025-11-27 23:00:00+01:00;3658,000;1,000;MESURE
2025-11-28 00:00:00+01:00;3592,000;1,000;MESURE
2025-11-28 01:00:00+01:00;3599,000;1,000;MESURE
2025-11-28 02:00:00+01:00;3599,000;1,000;MESURE
2025-11-28 03:00:00+01:00;3596,000;1,000;MESURE
2025-11-28 04:00:00+01:00;3600,000;1,000;MESURE
2025-11-28 05:00:00+01:00;8836,000;1,000;MESURE
2025-11-28 06:00:00+01:00;8843,000;1,000;MESURE
2025-11-28 07:00:00+01:00;5334,000;1,000;MESURE
2025-11-28 08:00:00+01:00;0,000;1,000;MESURE
2025-11-28 09:00:00+01:00;0,000;1,000;MESURE
2025-11-28 10:00:00+01:00;0,000;1,000;MESURE
2025-11-28 11:00:00+01:00;0,000;1,000;MESURE
2025-11-28 12:00:00+01:00;0,000;1,000;MESURE
2025-11-28 13:00:00+01:00;0,000;1,000;MESURE
2025-11-28 14:00:00+01:00;0,000;1,000;MESURE
2025-11-28 15:00:00+01:00;0,000;1,000;MESURE
2025-11-28 16:00:00+01:00;0,000;1,000;MESURE
2025-11-28 17:00:00+01:00;7304,000;1,000;MESURE
2025-11-28 18:00:00+01:00;8855,000;1,000;MESURE
2025-11-28 19:00:00+01:00;8825,000;1,000;MESURE
2025-11-28 20:00:00+01:00;8796,000;1,000;MESURE
2025-11-28 21:00:00+01:00;8796,000;1,000;MESURE
2025-11-28 22:00:00+01:00;3826,000;1,000;MESURE
2025-11-28 23:00:00+01:00;3642,000;1,000;MESURE
2025-11-29 00:00:00+01:00;3579,000;1,000;MESURE
2025-11-29 01:00:00+01:00;3578,000;1,000;MESURE
2025-11-29 02:00:00+01:00;3580,000;1,000;MESURE
2025-11-29 03:00:00+01:00;3580,000;1,000;MESURE
2025-11-29 04:00:00+01:00;3582,000;1,000;MESURE
2025-11-29 05:00:00+01:00;8785,000;1,000;MESURE
2025-11-29 06:00:00+01:00;8807,000;1,000;MESURE
2025-11-29 07:00:00+01:00;5458,000;1,000;MESURE
2025-11-29 08:00:00+01:00;0,000;1,000;MESURE
2025-11-29 09:00:00+01:00;0,000;1,000;MESURE
2025-11-29 10:00:00+01:00;0,000;1,000;MESURE
2025-11-29 11:00:00+01:00;0,000;1,000;MESURE
2025-11-29 12:00:00+01:00;0,000;1,000;MESURE
2025-11-29 13:00:00+01:00;0,000;1,000;MESURE
2025-11-29 14:00:00+01:00;0,000;1,000;MESURE
2025-11-29 15:00:00+01:00;0,000;1,000;MESURE
2025-11-29 16:00:00+01:00;0,000;1,000;MESURE
2025-11-29 17:00:00+01:00;7289,000;1,000;MESURE
2025-11-29 18:00:00+01:00;8872,000;1,000;MESURE
2025-11-29 19:00:00+01:00;8819,000;1,000;MESURE
2025-11-29 20:00:00+01:00;8806,000;1,000;MESURE
2025-11-29 21:00:00+01:00;8796,000;1,000;MESURE
2025-11-29 22:00:00+01:00;3934,000;1,000;MESURE
2025-11-29 23:00:00+01:00;3646,000;1,000;MESURE
2025-11-30 00:00:00+01:00;3584,000;1,000;MESURE
2025-11-30 01:00:00+01:00;3584,000;1,000;MESURE
2025-11-30 02:00:00+01:00;3581,000;1,000;MESURE
2025-11-30 03:00:00+01:00;3580,000;1,000;MESURE
2025-11-30 04:00:00+01:00;3579,000;1,000;MESURE
2025-11-30 05:00:00+01:00;8776,000;1,000;MESURE
2025-11-30 06:00:00+01:00;8801,000;1,000;MESURE
2025-11-30 07:00:00+01:00;5602,000;1,000;MESURE
2025-11-30 08:00:00+01:00;0,000;1,000;MESURE
2025-11-30 09:00:00+01:00;0,000;1,000;MESURE
2025-11-30 10:00:00+01:00;0,000;1,000;MESURE
2025-11-30 11:00:00+01:00;0,000;1,000;MESURE
2025-11-30 12:00:00+01:00;0,000;1,000;MESURE
2025-11-30 13:00:00+01:00;0,000;1,000;MESURE
2025-11-30 14:00:00+01:00;0,000;1,000;MESURE
2025-11-30 15:00:00+01:00;0,000;1,000;MESURE
2025-11-30 16:00:00+01:00;0,000;1,000;MESURE
2025-11-30 17:00:00+01:00;7436,000;1,000;MESURE
2025-11-30 18:00:00+01:00;8873,000;1,000;MESURE
2025-11-30 19:00:00+01:00;8828,000;1,000;MESURE
2025-11-30 20:00:00+01:00;8798,000;1,000;MESURE
2025-11-30 21:00:00+01:00;8806,000;1,000;MESURE
2025-11-30 22:00:00+01:00;3931,000;1,000;MESURE
2025-11-30 23:00:00+01:00;3635,000;1,000;MESURE
2025-12-01 00:00:00+01:00;3571,000;1,000;MESURE
2025-12-01 01:00:00+01:00;3571,000;1,000;MESURE
2025-12-01 02:00:00+01:00;3575,000;1,000;MESURE
2025-12-01 03:00:00+01:00;3577,000;1,000;MESURE
2025-12-01 04:00:00+01:00;3576,000;1,000;MESURE
2025-12-01 05:00:00+01:00;8784,000;1,000;MESURE
2025-12-01 06:00:00+01:00;8790,000;1,000;MESURE
2025-12-01 07:00:00+01:00;5865,000;1,000;MESURE
2025-12-01 08:00:00+01:00;0,000;1,000;MESURE
2025-12-01 09:00:00+01:00;1971,000;1,000;MESURE
2025-12-01 10:00:00+01:00;0,000;1,000;MESURE
2025-12-01 11:00:00+01:00;0,000;1,000;MESURE
2025-12-01 12:00:00+01:00;0,000;1,000;MESURE
2025-12-01 13:00:00+01:00;0,000;1,000;MESURE
2025-12-01 14:00:00+01:00;0,000;1,000;MESURE
2025-12-01 15:00:00+01:00;0,000;1,000;MESURE
2025-12-01 16:00:00+01:00;0,000;1,000;MESURE
2025-12-01 17:00:00+01:00;7829,000;1,000;MESURE
2025-12-01 18:00:00+01:00;9455,000;1,000;MESURE
2025-12-01 19:00:00+01:00;9417,000;1,000;MESURE
2025-12-01 20:00:00+01:00;9427,000;1,000;MESURE
2025-12-01 21:00:00+01:00;9438,000;1,000;MESURE
2025-12-01 22:00:00+01:00;4358,000;1,000;MESURE
2025-12-01 23:00:00+01:00;3943,000;1,000;MESURE
2025-12-02 00:00:00+01:00;3882,000;1,000;MESURE
2025-12-02 01:00:00+01:00;3884,000;1,000;MESURE
2025-12-02 02:00:00+01:00;3885,000;1,000;MESURE
2025-12-02 03:00:00+01:00;3887,000;1,000;MESURE
2025-12-02 04:00:00+01:00;3887,000;1,000;MESURE
2025-12-02 05:00:00+01:00;9454,000;1,000;MESURE
2025-12-02 06:00:00+01:00;9464,000;1,000;MESURE
2025-12-02 07:00:00+01:00;6502,000;1,000;MESURE
2025-12-02 08:00:00+01:00;0,000;1,000;MESURE
2025-12-02 09:00:00+01:00;0,000;1,000;MESURE
2025-12-02 10:00:00+01:00;0,000;1,000;MESURE
2025-12-02 11:00:00+01:00;0,000;1,000;MESURE
2025-12-02 12:00:00+01:00;0,000;1,000;MESURE
2025-12-02 13:00:00+01:00;0,000;1,000;MESURE
2025-12-02 14:00:00+01:00;0,000;1,000;MESURE
2025-12-02 15:00:00+01:00;0,000;1,000;MESURE
2025-12-02 16:00:00+01:00;0,000;1,000;MESURE
2025-12-02 17:00:00+01:00;7835,000;1,000;MESURE
2025-12-02 18:00:00+01:00;9457,000;1,000;MESURE
2025-12-02 19:00:00+01:00;9423,000;1,000;MESURE
2025-12-02 20:00:00+01:00;9407,000;1,000;MESURE
2025-12-02 21:00:00+01:00;9397,000;1,000;MESURE
2025-12-02 22:00:00+01:00;4334,000;1,000;MESURE
2025-12-02 23:00:00+01:00;3915,000;1,000;MESURE
2025-12-03 00:00:00+01:00;3852,000;1,000;MESURE
2025-12-03 01:00:00+01:00;3854,000;1,000;MESURE
2025-12-03 02:00:00+01:00;3856,000;1,000;MESURE
2025-12-03 03:00:00+01:00;3858,000;1,000;MESURE
2025-12-03 04:00:00+01:00;3857,000;1,000;MESURE
2025-12-03 05:00:00+01:00;9397,000;1,000;MESURE
2025-12-03 06:00:00+01:00;9433,000;1,000;MESURE
2025-12-03 07:00:00+01:00;6611,000;1,000;MESURE
2025-12-03 08:00:00+01:00;0,000;1,000;MESURE
2025-12-03 09:00:00+01:00;0,000;1,000;MESURE
2025-12-03 10:00:00+01:00;0,000;1,000;MESURE
2025-12-03 11:00:00+01:00;0,000;1,000;MESURE
2025-12-03 12:00:00+01:00;0,000;1,000;MESURE
2025-12-03 13:00:00+01:00;0,000;1,000;MESURE
2025-12-03 14:00:00+01:00;0,000;1,000;MESURE
2025-12-03 15:00:00+01:00;0,000;1,000;MESURE
2025-12-03 16:00:00+01:00;0,000;1,000;MESURE
2025-12-03 17:00:00+01:00;8017,000;1,000;MESURE
2025-12-03 18:00:00+01:00;9474,000;1,000;MESURE
2025-12-03 19:00:00+01:00;9434,000;1,000;MESURE
2025-12-03 20:00:00+01:00;9402,000;1,000;MESURE
2025-12-03 21:00:00+01:00;9388,000;1,000;MESURE
2025-12-03 22:00:00+01:00;4292,000;1,000;MESURE
2025-12-03 23:00:00+01:00;3913,000;1,000;MESURE
2025-12-04 00:00:00+01:00;3850,000;1,000;MESURE
2025-12-04 01:00:00+01:00;3855,000;1,000;MESURE
2025-12-04 02:00:00+01:00;3853,000;1,000;MESURE
2025-12-04 03:00:00+01:00;3854,000;1,000;MESURE
2025-12-04 04:00:00+01:00;3853,000;1,000;MESURE
2025-12-04 05:00:00+01:00;9395,000;1,000;MESURE
2025-12-04 06:00:00+01:00;9394,000;1,000;MESURE
2025-12-04 07:00:00+01:00;6744,000;1,000;MESURE
2025-12-04 08:00:00+01:00;0,000;1,000;MESURE
2025-12-04 09:00:00+01:00;0,000;1,000;MESURE
2025-12-04 10:00:00+01:00;0,000;1,000;MESURE
2025-12-04 11:00:00+01:00;0,000;1,000;MESURE
2025-12-04 12:00:00+01:00;0,000;1,000;MESURE
2025-12-04 13:00:00+01:00;0,000;1,000;MESURE
2025-12-04 14:00:00+01:00;0,000;1,000;MESURE
2025-12-04 15:00:00+01:00;0,000;1,000;MESURE
2025-12-04 16:00:00+01:00;0,000;1,000;MESURE
2025-12-04 17:00:00+01:00;7989,000;1,000;MESURE
2025-12-04 18:00:00+01:00;9462,000;1,000;MESURE
2025-12-04 19:00:00+01:00;9438,000;1,000;MESURE
2025-12-04 20:00:00+01:00;9429,000;1,000;MESURE
2025-12-04 21:00:00+01:00;9423,000;1,000;MESURE
2025-12-04 22:00:00+01:00;4328,000;1,000;MESURE
2025-12-04 23:00:00+01:00;3920,000;1,000;MESURE
2025-12-05 00:00:00+01:00;3854,000;1,000;MESURE
2025-12-05 01:00:00+01:00;3853,000;1,000;MESURE
2025-12-05 02:00:00+01:00;3859,000;1,000;MESURE
2025-12-05 03:00:00+01:00;3867,000;1,000;MESURE
2025-12-05 04:00:00+01:00;3872,000;1,000;MESURE
2025-12-05 05:00:00+01:00;9452,000;1,000;MESURE
2025-12-05 06:00:00+01:00;9466,000;1,000;MESURE
2025-12-05 07:00:00+01:00;6947,000;1,000;MESURE
2025-12-05 08:00:00+01:00;0,000;1,000;MESURE
2025-12-05 09:00:00+01:00;0,000;1,000;MESURE
2025-12-05 10:00:00+01:00;0,000;1,000;MESURE
2025-12-05 11:00:00+01:00;0,000;1,000;MESURE
2025-12-05 12:00:00+01:00;0,000;1,000;MESURE
2025-12-05 13:00:00+01:00;0,000;1,000;MESURE
2025-12-05 14:00:00+01:00;0,000;1,000;MESURE
2025-12-05 15:00:00+01:00;0,000;1,000;MESURE
2025-12-05 16:00:00+01:00;0,000;1,000;MESURE
2025-12-05 17:00:00+01:00;7968,000;1,000;MESURE
2025-12-05 18:00:00+01:00;9451,000;1,000;MESURE
2025-12-05 19:00:00+01:00;9434,000;1,000;MESURE
2025-12-05 20:00:00+01:00;9451,000;1,000;MESURE
2025-12-05 21:00:00+01:00;9439,000;1,000;MESURE
2025-12-05 22:00:00+01:00;4384,000;1,000;MESURE
2025-12-05 23:00:00+01:00;3938,000;1,000;MESURE
2025-12-06 00:00:00+01:00;3875,000;1,000;MESURE
2025-12-06 01:00:00+01:00;3872,000;1,000;MESURE
2025-12-06 02:00:00+01:00;3871,000;1,000;MESURE
2025-12-06 03:00:00+01:00;3870,000;1,000;MESURE
2025-12-06 04:00:00+01:00;3867,000;1,000;MESURE
2025-12-06 05:00:00+01:00;9409,000;1,000;MESURE
2025-12-06 06:00:00+01:00;9435,000;1,000;MESURE
2025-12-06 07:00:00+01:00;7094,000;1,000;MESURE
2025-12-06 08:00:00+01:00;0,000;1,000;MESURE
2025-12-06 09:00:00+01:00;0,000;1,000;MESURE
2025-12-06 10:00:00+01:00;0,000;1,000;MESURE
2025-12-06 11:00:00+01:00;0,000;1,000;MESURE
2025-12-06 12:00:00+01:00;0,000;1,000;MESURE
2025-12-06 13:00:00+01:00;0,000;1,000;MESURE
2025-12-06 14:00:00+01:00;0,000;1,000;MESURE
2025-12-06 15:00:00+01:00;0,000;1,000;MESURE
2025-12-06 16:00:00+01:00;0,000;1,000;MESURE
2025-12-06 17:00:00+01:00;7982,000;1,000;MESURE
2025-12-06 18:00:00+01:00;9486,000;1,000;MESURE
2025-12-06 19:00:00+01:00;9460,000;1,000;MESURE
2025-12-06 20:00:00+01:00;9456,000;1,000;MESURE
2025-12-06 21:00:00+01:00;9450,000;1,000;MESURE
2025-12-06 22:00:00+01:00;4333,000;1,000;MESURE
2025-12-06 23:00:00+01:00;3919,000;1,000;MESURE
2025-12-07 00:00:00+01:00;3853,000;1,000;MESURE
2025-12-07 01:00:00+01:00;3854,000;1,000;MESURE
2025-12-07 02:00:00+01:00;3848,000;1,000;MESURE
2025-12-07 03:00:00+01:00;3847,000;1,000;MESURE
2025-12-07 04:00:00+01:00;3849,000;1,000;MESURE
2025-12-07 05:00:00+01:00;9388,000;1,000;MESURE
2025-12-07 06:00:00+01:00;9417,000;1,000;MESURE
2025-12-07 07:00:00+01:00;7232,000;1,000;MESURE
2025-12-07 08:00:00+01:00;0,000;1,000;MESURE
2025-12-07 09:00:00+01:00;0,000;1,000;MESURE
2025-12-07 10:00:00+01:00;0,000;1,000;MESURE
2025-12-07 11:00:00+01:00;0,000;1,000;MESURE
2025-12-07 12:00:00+01:00;0,000;1,000;MESURE
2025-12-07 13:00:00+01:00;0,000;1,000;MESURE
2025-12-07 14:00:00+01:00;0,000;1,000;MESURE
2025-12-07 15:00:00+01:00;0,000;1,000;MESURE
2025-12-07 16:00:00+01:00;0,000;1,000;MESURE
2025-12-07 17:00:00+01:00;7986,000;1,000;MESURE
2025-12-07 18:00:00+01:00;9470,000;1,000;MESURE
2025-12-07 19:00:00+01:00;9440,000;1,000;MESURE
2025-12-07 20:00:00+01:00;9417,000;1,000;MESURE
2025-12-07 21:00:00+01:00;9383,000;1,000;MESURE
2025-12-07 22:00:00+01:00;4309,000;1,000;MESURE
2025-12-07 23:00:00+01:00;3895,000;1,000;MESURE
2025-12-08 00:00:00+01:00;3840,000;1,000;MESURE
2025-12-08 01:00:00+01:00;3846,000;1,000;MESURE
2025-12-08 02:00:00+01:00;3840,000;1,000;MESURE
2025-12-08 03:00:00+01:00;3840,000;1,000;MESURE
2025-12-08 04:00:00+01:00;3835,000;1,000;MESURE
2025-12-08 05:00:00+01:00;9341,000;1,000;MESURE
2025-12-08 06:00:00+01:00;9360,000;1,000;MESURE
2025-12-08 07:00:00+01:00;7336,000;1,000;MESURE
2025-12-08 08:00:00+01:00;0,000;1,000;MESURE
2025-12-08 09:00:00+01:00;0,000;1,000;MESURE
2025-12-08 10:00:00+01:00;0,000;1,000;MESURE
2025-12-08 11:00:00+01:00;0,000;1,000;MESURE
2025-12-08 12:00:00+01:00;0,000;1,000;MESURE
2025-12-08 13:00:00+01:00;0,000;1,000;MESURE
2025-12-08 14:00:00+01:00;0,000;1,000;MESURE
2025-12-08 15:00:00+01:00;0,000;1,000;MESURE
2025-12-08 16:00:00+01:00;0,000;1,000;MESURE
2025-12-08 17:00:00+01:00;7994,000;1,000;MESURE
2025-12-08 18:00:00+01:00;9447,000;1,000;MESURE
2025-12-08 19:00:00+01:00;9419,000;1,000;MESURE
2025-12-08 20:00:00+01:00;9409,000;1,000;MESURE
2025-12-08 21:00:00+01:00;9413,000;1,000;MESURE
2025-12-08 22:00:00+01:00;4281,000;1,000;MESURE
2025-12-08 23:00:00+01:00;3945,000;1,000;MESURE
2025-12-09 00:00:00+01:00;3878,000;1,000;MESURE
2025-12-09 01:00:00+01:00;3877,000;1,000;MESURE
2025-12-09 02:00:00+01:00;3876,000;1,000;MESURE
2025-12-09 03:00:00+01:00;3879,000;1,000;MESURE
2025-12-09 04:00:00+01:00;3882,000;1,000;MESURE
2025-12-09 05:00:00+01:00;9404,000;1,000;MESURE
2025-12-09 06:00:00+01:00;9430,000;1,000;MESURE
2025-12-09 07:00:00+01:00;7535,000;1,000;MESURE
2025-12-09 08:00:00+01:00;0,000;1,000;MESURE
2025-12-09 09:00:00+01:00;0,000;1,000;MESURE
2025-12-09 10:00:00+01:00;0,000;1,000;MESURE
2025-12-09 11:00:00+01:00;0,000;1,000;MESURE
2025-12-09 12:00:00+01:00;0,000;1,000;MESURE
2025-12-09 13:00:00+01:00;0,000;1,000;MESURE
2025-12-09 14:00:00+01:00;0,000;1,000;MESURE
2025-12-09 15:00:00+01:00;0,000;1,000;MESURE
2025-12-09 16:00:00+01:00;0,000;1,000;MESURE
2025-12-09 17:00:00+01:00;8007,000;1,000;MESURE
2025-12-09 18:00:00+01:00;9494,000;1,000;MESURE
2025-12-09 19:00:00+01:00;9468,000;1,000;MESURE
2025-12-09 20:00:00+01:00;9463,000;1,000;MESURE
2025-12-09 21:00:00+01:00;9452,000;1,000;MESURE
2025-12-09 22:00:00+01:00;4334,000;1,000;MESURE
2025-12-09 23:00:00+01:00;3927,000;1,000;MESURE
2025-12-10 00:00:00+01:00;3864,000;1,000;MESURE
2025-12-10 01:00:00+01:00;3864,000;1,000;MESURE
2025-12-10 02:00:00+01:00;3865,000;1,000;MESURE
2025-12-10 03:00:00+01:00;3860,000;1,000;MESURE
2025-12-10 04:00:00+01:00;3860,000;1,000;MESURE
2025-12-10 05:00:00+01:00;9420,000;1,000;MESURE
2025-12-10 06:00:00+01:00;9431,000;1,000;MESURE
2025-12-10 07:00:00+01:00;7698,000;1,000;MESURE
2025-12-10 08:00:00+01:00;0,000;1,000;MESURE
2025-12-10 09:00:00+01:00;0,000;1,000;MESURE
2025-12-10 10:00:00+01:00;0,000;1,000;MESURE
2025-12-10 11:00:00+01:00;0,000;1,000;MESURE
2025-12-10 12:00:00+01:00;0,000;1,000;MESURE
2025-12-10 13:00:00+01:00;0,000;1,000;MESURE
2025-12-10 14:00:00+01:00;1716,000;1,000;MESURE
2025-12-10 15:00:00+01:00;0,000;1,000;MESURE
2025-12-10 16:00:00+01:00;0,000;1,000;MESURE
2025-12-10 17:00:00+01:00;7979,000;1,000;MESURE
2025-12-10 18:00:00+01:00;9416,000;1,000;MESURE
2025-12-10 19:00:00+01:00;9388,000;1,000;MESURE
2025-12-10 20:00:00+01:00;9372,000;1,000;MESURE
2025-12-10 21:00:00+01:00;9361,000;1,000;MESURE
2025-12-10 22:00:00+01:00;4268,000;1,000;MESURE
2025-12-10 23:00:00+01:00;3903,000;1,000;MESURE
2025-12-11 00:00:00+01:00;3840,000;1,000;MESURE
2025-12-11 01:00:00+01:00;3842,000;1,000;MESURE
2025-12-11 02:00:00+01:00;3842,000;1,000;MESURE
2025-12-11 03:00:00+01:00;3847,000;1,000;MESURE
2025-12-11 04:00:00+01:00;3852,000;1,000;MESURE
2025-12-11 05:00:00+01:00;9402,000;1,000;MESURE
2025-12-11 06:00:00+01:00;9422,000;1,000;MESURE
2025-12-11 07:00:00+01:00;7837,000;1,000;MESURE
2025-12-11 08:00:00+01:00;0,000;1,000;MESURE
2025-12-11 09:00:00+01:00;0,000;1,000;MESURE
2025-12-11 10:00:00+01:00;29,000;1,000;MESURE
2025-12-11 11:00:00+01:00;0,000;1,000;MESURE
2025-12-11 12:00:00+01:00;0,000;1,000;MESURE
2025-12-11 13:00:00+01:00;0,000;1,000;MESURE
2025-12-11 14:00:00+01:00;0,000;1,000;MESURE
2025-12-11 15:00:00+01:00;0,000;1,000;MESURE
2025-12-11 16:00:00+01:00;0,000;1,000;MESURE
2025-12-11 17:00:00+01:00;7986,000;1,000;MESURE
2025-12-11 18:00:00+01:00;9445,000;1,000;MESURE
2025-12-11 19:00:00+01:00;9419,000;1,000;MESURE
2025-12-11 20:00:00+01:00;9400,000;1,000;MESURE
2025-12-11 21:00:00+01:00;9386,000;1,000;MESURE
2025-12-11 22:00:00+01:00;4272,000;1,000;MESURE
2025-12-11 23:00:00+01:00;3906,000;1,000;MESURE
2025-12-12 00:00:00+01:00;3841,000;1,000;MESURE
2025-12-12 01:00:00+01:00;3849,000;1,000;MESURE
2025-12-12 02:00:00+01:00;3853,000;1,000;MESURE
2025-12-12 03:00:00+01:00;3856,000;1,000;MESURE
2025-12-12 04:00:00+01:00;3858,000;1,000;MESURE
2025-12-12 05:00:00+01:00;9402,000;1,000;MESURE
2025-12-12 06:00:00+01:00;9401,000;1,000;MESURE
2025-12-12 07:00:00+01:00;7807,000;1,000;MESURE
2025-12-12 08:00:00+01:00;0,000;1,000;MESURE
2025-12-12 09:00:00+01:00;0,000;1,000;MESURE
2025-12-12 10:00:00+01:00;0,000;1,000;MESURE
2025-12-12 11:00:00+01:00;0,000;1,000;MESURE
2025-12-12 12:00:00+01:00;0,000;1,000;MESURE
2025-12-12 13:00:00+01:00;0,000;1,000;MESURE
2025-12-12 14:00:00+01:00;0,000;1,000;MESURE
2025-12-12 15:00:00+01:00;0,000;1,000;MESURE
2025-12-12 16:00:00+01:00;0,000;1,000;MESURE
2025-12-12 17:00:00+01:00;8002,000;1,000;MESURE
2025-12-12 18:00:00+01:00;9461,000;1,000;MESURE
2025-12-12 19:00:00+01:00;9391,000;1,000;MESURE
2025-12-12 20:00:00+01:00;9381,000;1,000;MESURE
2025-12-12 21:00:00+01:00;9371,000;1,000;MESURE
2025-12-12 22:00:00+01:00;4257,000;1,000;MESURE
2025-12-12 23:00:00+01:00;3913,000;1,000;MESURE
2025-12-13 00:00:00+01:00;3851,000;1,000;MESURE
2025-12-13 01:00:00+01:00;3854,000;1,000;MESURE
2025-12-13 02:00:00+01:00;3856,000;1,000;MESURE
2025-12-13 03:00:00+01:00;3857,000;1,000;MESURE
2025-12-13 04:00:00+01:00;3860,000;1,000;MESURE
2025-12-13 05:00:00+01:00;9427,000;1,000;MESURE
2025-12-13 06:00:00+01:00;9440,000;1,000;MESURE
2025-12-13 07:00:00+01:00;8020,000;1,000;MESURE
2025-12-13 08:00:00+01:00;0,000;1,000;MESURE
2025-12-13 09:00:00+01:00;0,000;1,000;MESURE
2025-12-13 10:00:00+01:00;0,000;1,000;MESURE
2025-12-13 11:00:00+01:00;0,000;1,000;MESURE
2025-12-13 12:00:00+01:00;0,000;1,000;MESURE
2025-12-13 13:00:00+01:00;0,000;1,000;MESURE
2025-12-13 14:00:00+01:00;0,000;1,000;MESURE
2025-12-13 15:00:00+01:00;0,000;1,000;MESURE
2025-12-13 16:00:00+01:00;0,000;1,000;MESURE
2025-12-13 17:00:00+01:00;8052,000;1,000;MESURE
2025-12-13 18:00:00+01:00;9458,000;1,000;MESURE
2025-12-13 19:00:00+01:00;9431,000;1,000;MESURE
2025-12-13 20:00:00+01:00;9414,000;1,000;MESURE
2025-12-13 21:00:00+01:00;9430,000;1,000;MESURE
2025-12-13 22:00:00+01:00;4266,000;1,000;MESURE
2025-12-13 23:00:00+01:00;3921,000;1,000;MESURE
2025-12-14 00:00:00+01:00;3858,000;1,000;MESURE
2025-12-14 01:00:00+01:00;3859,000;1,000;MESURE
2025-12-14 02:00:00+01:00;3856,000;1,000;MESURE
2025-12-14 03:00:00+01:00;3855,000;1,000;MESURE
2025-12-14 04:00:00+01:00;3857,000;1,000;MESURE
2025-12-14 05:00:00+01:00;9417,000;1,000;MESURE
2025-12-14 06:00:00+01:00;9414,000;1,000;MESURE
2025-12-14 07:00:00+01:00;8139,000;1,000;MESURE
2025-12-14 08:00:00+01:00;0,000;1,000;MESURE
2025-12-14 09:00:00+01:00;0,000;1,000;MESURE
2025-12-14 10:00:00+01:00;0,000;1,000;MESURE
2025-12-14 11:00:00+01:00;0,000;1,000;MESURE
2025-12-14 12:00:00+01:00;0,000;1,000;MESURE
2025-12-14 13:00:00+01:00;0,000;1,000;MESURE
2025-12-14 14:00:00+01:00;0,000;1,000;MESURE
2025-12-14 15:00:00+01:00;0,000;1,000;MESURE
2025-12-14 16:00:00+01:00;0,000;1,000;MESURE
2025-12-14 17:00:00+01:00;8000,000;1,000;MESURE
2025-12-14 18:00:00+01:00;9448,000;1,000;MESURE
2025-12-14 19:00:00+01:00;9427,000;1,000;MESURE
2025-12-14 20:00:00+01:00;9410,000;1,000;MESURE
2025-12-14 21:00:00+01:00;9405,000;1,000;MESURE
2025-12-14 22:00:00+01:00;4275,000;1,000;MESURE
2025-12-14 23:00:00+01:00;3920,000;1,000;MESURE
2025-12-15 00:00:00+01:00;3855,000;1,000;MESURE
2025-12-15 01:00:00+01:00;3861,000;1,000;MESURE
2025-12-15 02:00:00+01:00;3862,000;1,000;MESURE
2025-12-15 03:00:00+01:00;3867,000;1,000;MESURE
2025-12-15 04:00:00+01:00;3868,000;1,000;MESURE
2025-12-15 05:00:00+01:00;9407,000;1,000;MESURE
2025-12-15 06:00:00+01:00;9439,000;1,000;MESURE
2025-12-15 07:00:00+01:00;8321,000;1,000;MESURE
2025-12-15 08:00:00+01:00;0,000;1,000;MESURE
2025-12-15 09:00:00+01:00;0,000;1,000;MESURE
2025-12-15 10:00:00+01:00;0,000;1,000;MESURE
2025-12-15 11:00:00+01:00;0,000;1,000;MESURE
2025-12-15 12:00:00+01:00;0,000;1,000;MESURE
2025-12-15 13:00:00+01:00;0,000;1,000;MESURE
2025-12-15 14:00:00+01:00;0,000;1,000;MESURE
2025-12-15 15:00:00+01:00;0,000;1,000;MESURE
2025-12-15 16:00:00+01:00;0,000;1,000;MESURE
2025-12-15 17:00:00+01:00;8018,000;1,000;MESURE
2025-12-15 18:00:00+01:00;9482,000;1,000;MESURE
2025-12-15 19:00:00+01:00;9446,000;1,000;MESURE
2025-12-15 20:00:00+01:00;9425,000;1,000;MESURE
2025-12-15 21:00:00+01:00;9410,000;1,000;MESURE
2025-12-15 22:00:00+01:00;4374,000;1,000;MESURE
2025-12-15 23:00:00+01:00;3921,000;1,000;MESURE
2025-12-16 00:00:00+01:00;3859,000;1,000;MESURE
2025-12-16 01:00:00+01:00;3861,000;1,000;MESURE
2025-12-16 02:00:00+01:00;3865,000;1,000;MESURE
2025-12-16 03:00:00+01:00;3864,000;1,000;MESURE
2025-12-16 04:00:00+01:00;3863,000;1,000;MESURE
2025-12-16 05:00:00+01:00;9410,000;1,000;MESURE
2025-12-16 06:00:00+01:00;9435,000;1,000;MESURE
2025-12-16 07:00:00+01:00;8312,000;1,000;MESURE
2025-12-16 08:00:00+01:00;0,000;1,000;MESURE
2025-12-16 09:00:00+01:00;0,000;1,000;MESURE
2025-12-16 10:00:00+01:00;0,000;1,000;MESURE
2025-12-16 11:00:00+01:00;0,000;1,000;MESURE
2025-12-16 12:00:00+01:00;0,000;1,000;MESURE
2025-12-16 13:00:00+01:00;0,000;1,000;MESURE
2025-12-16 14:00:00+01:00;0,000;1,000;MESURE
2025-12-16 15:00:00+01:00;0,000;1,000;MESURE
2025-12-16 16:00:00+01:00;0,000;1,000;MESURE
2025-12-16 17:00:00+01:00;8002,000;1,000;MESURE
2025-12-16 18:00:00+01:00;9450,000;1,000;MESURE
2025-12-16 19:00:00+01:00;9416,000;1,000;MESURE
2025-12-16 20:00:00+01:00;9400,000;1,000;MESURE
2025-12-16 21:00:00+01:00;9405,000;1,000;MESURE
2025-12-16 22:00:00+01:00;4267,000;1,000;MESURE
2025-12-16 23:00:00+01:00;3917,000;1,000;MESURE
2025-12-17 00:00:00+01:00;3854,000;1,000;MESURE
2025-12-17 01:00:00+01:00;3861,000;1,000;MESURE
2025-12-17 02:00:00+01:00;3868,000;1,000;MESURE
2025-12-17 03:00:00+01:00;3873,000;1,000;MESURE
2025-12-17 04:00:00+01:00;3873,000;1,000;MESURE
2025-12-17 05:00:00+01:00;9449,000;1,000;MESURE
2025-12-17 06:00:00+01:00;9454,000;1,000;MESURE
2025-12-17 07:00:00+01:00;8500,000;1,000;MESURE
2025-12-17 08:00:00+01:00;0,000;1,000;MESURE
2025-12-17 09:00:00+01:00;0,000;1,000;MESURE
2025-12-17 10:00:00+01:00;0,000;1,000;MESURE
2025-12-17 11:00:00+01:00;0,000;1,000;MESURE
2025-12-17 12:00:00+01:00;0,000;1,000;MESURE
2025-12-17 13:00:00+01:00;0,000;1,000;MESURE
2025-12-17 14:00:00+01:00;0,000;1,000;MESURE
2025-12-17 15:00:00+01:00;0,000;1,000;MESURE
2025-12-17 16:00:00+01:00;0,000;1,000;MESURE
2025-12-17 17:00:00+01:00;7884,000;1,000;MESURE
2025-12-17 18:00:00+01:00;9471,000;1,000;MESURE
2025-12-17 19:00:00+01:00;9426,000;1,000;MESURE
2025-12-17 20:00:00+01:00;9422,000;1,000;MESURE
2025-12-17 21:00:00+01:00;9420,000;1,000;MESURE
2025-12-17 22:00:00+01:00;4390,000;1,000;MESURE
2025-12-17 23:00:00+01:00;3937,000;1,000;MESURE
2025-12-18 00:00:00+01:00;3875,000;1,000;MESURE
2025-12-18 01:00:00+01:00;3879,000;1,000;MESURE
2025-12-18 02:00:00+01:00;3877,000;1,000;MESURE
2025-12-18 03:00:00+01:00;3876,000;1,000;MESURE
2025-12-18 04:00:00+01:00;3877,000;1,000;MESURE
2025-12-18 05:00:00+01:00;9439,000;1,000;MESURE
2025-12-18 06:00:00+01:00;9447,000;1,000;MESURE
2025-12-18 07:00:00+01:00;8656,000;1,000;MESURE
2025-12-18 08:00:00+01:00;0,000;1,000;MESURE
2025-12-18 09:00:00+01:00;0,000;1,000;MESURE
2025-12-18 10:00:00+01:00;0,000;1,000;MESURE
2025-12-18 11:00:00+01:00;0,000;1,000;MESURE
2025-12-18 12:00:00+01:00;0,000;1,000;MESURE
2025-12-18 13:00:00+01:00;0,000;1,000;MESURE
2025-12-18 14:00:00+01:00;0,000;1,000;MESURE
2025-12-18 15:00:00+01:00;0,000;1,000;MESURE
2025-12-18 16:00:00+01:00;0,000;1,000;MESURE
2025-12-18 17:00:00+01:00;7855,000;1,000;MESURE
2025-12-18 18:00:00+01:00;9465,000;1,000;MESURE
2025-12-18 19:00:00+01:00;9448,000;1,000;MESURE
2025-12-18 20:00:00+01:00;9439,000;1,000;MESURE
2025-12-18 21:00:00+01:00;9432,000;1,000;MESURE
2025-12-18 22:00:00+01:00;4283,000;1,000;MESURE
2025-12-18 23:00:00+01:00;3932,000;1,000;MESURE
2025-12-19 00:00:00+01:00;3864,000;1,000;MESURE
2025-12-19 01:00:00+01:00;3868,000;1,000;MESURE
2025-12-19 02:00:00+01:00;3865,000;1,000;MESURE
2025-12-19 03:00:00+01:00;3864,000;1,000;MESURE
2025-12-19 04:00:00+01:00;3864,000;1,000;MESURE
2025-12-19 05:00:00+01:00;9426,000;1,000;MESURE
2025-12-19 06:00:00+01:00;9452,000;1,000;MESURE
2025-12-19 07:00:00+01:00;8672,000;1,000;MESURE
2025-12-19 08:00:00+01:00;0,000;1,000;MESURE
2025-12-19 09:00:00+01:00;0,000;1,000;MESURE
2025-12-19 10:00:00+01:00;0,000;1,000;MESURE
2025-12-19 11:00:00+01:00;0,000;1,000;MESURE
2025-12-19 12:00:00+01:00;0,000;1,000;MESURE
2025-12-19 13:00:00+01:00;0,000;1,000;MESURE
2025-12-19 14:00:00+01:00;0,000;1,000;MESURE
2025-12-19 15:00:00+01:00;0,000;1,000;MESURE
2025-12-19 16:00:00+01:00;0,000;1,000;MESURE
2025-12-19 17:00:00+01:00;7841,000;1,000;MESURE
2025-12-19 18:00:00+01:00;9505,000;1,000;MESURE
2025-12-19 19:00:00+01:00;9471,000;1,000;MESURE
2025-12-19 20:00:00+01:00;9456,000;1,000;MESURE
2025-12-19 21:00:00+01:00;9422,000;1,000;MESURE
2025-12-19 22:00:00+01:00;4303,000;1,000;MESURE
2025-12-19 23:00:00+01:00;3909,000;1,000;MESURE
2025-12-20 00:00:00+01:00;3844,000;1,000;MESURE
2025-12-20 01:00:00+01:00;3849,000;1,000;MESURE
2025-12-20 02:00:00+01:00;3852,000;1,000;MESURE
2025-12-20 03:00:00+01:00;3851,000;1,000;MESURE
2025-12-20 04:00:00+01:00;3850,000;1,000;MESURE
2025-12-20 05:00:00+01:00;9386,000;1,000;MESURE
2025-12-20 06:00:00+01:00;9413,000;1,000;MESURE
2025-12-20 07:00:00+01:00;8785,000;1,000;MESURE
2025-12-20 08:00:00+01:00;0,000;1,000;MESURE
2025-12-20 09:00:00+01:00;0,000;1,000;MESURE
2025-12-20 10:00:00+01:00;0,000;1,000;MESURE
2025-12-20 11:00:00+01:00;0,000;1,000;MESURE
2025-12-20 12:00:00+01:00;0,000;1,000;MESURE
2025-12-20 13:00:00+01:00;0,000;1,000;MESURE
2025-12-20 14:00:00+01:00;0,000;1,000;MESURE
2025-12-20 15:00:00+01:00;0,000;1,000;MESURE
2025-12-20 16:00:00+01:00;0,000;1,000;MESURE
2025-12-20 17:00:00+01:00;7670,000;1,000;MESURE
2025-12-20 18:00:00+01:00;9467,000;1,000;MESURE
2025-12-20 19:00:00+01:00;9446,000;1,000;MESURE
2025-12-20 20:00:00+01:00;9438,000;1,000;MESURE
2025-12-20 21:00:00+01:00;9432,000;1,000;MESURE
2025-12-20 22:00:00+01:00;4349,000;1,000;MESURE
2025-12-20 23:00:00+01:00;3909,000;1,000;MESURE
2025-12-21 00:00:00+01:00;3845,000;1,000;MESURE
2025-12-21 01:00:00+01:00;3848,000;1,000;MESURE
2025-12-21 02:00:00+01:00;3847,000;1,000;MESURE
2025-12-21 03:00:00+01:00;3846,000;1,000;MESURE
2025-12-21 04:00:00+01:00;3848,000;1,000;MESURE
2025-12-21 05:00:00+01:00;9395,000;1,000;MESURE
2025-12-21 06:00:00+01:00;9413,000;1,000;MESURE
2025-12-21 07:00:00+01:00;8782,000;1,000;MESURE
2025-12-21 08:00:00+01:00;0,000;1,000;MESURE
2025-12-21 09:00:00+01:00;0,000;1,000;MESURE
2025-12-21 10:00:00+01:00;0,000;1,000;MESURE
2025-12-21 11:00:00+01:00;0,000;1,000;MESURE
2025-12-21 12:00:00+01:00;0,000;1,000;MESURE
2025-12-21 13:00:00+01:00;0,000;1,000;MESURE
2025-12-21 14:00:00+01:00;0,000;1,000;MESURE
2025-12-21 15:00:00+01:00;0,000;1,000;MESURE
2025-12-21 16:00:00+01:00;0,000;1,000;MESURE
2025-12-21 17:00:00+01:00;7687,000;1,000;MESURE
2025-12-21 18:00:00+01:00;9474,000;1,000;MESURE
2025-12-21 19:00:00+01:00;9420,000;1,000;MESURE
2025-12-21 20:00:00+01:00;9400,000;1,000;MESURE
2025-12-21 21:00:00+01:00;9384,000;1,000;MESURE
2025-12-21 22:00:00+01:00;4312,000;1,000;MESURE
2025-12-21 23:00:00+01:00;3825,000;1,000;MESURE
2025-12-22 00:00:00+01:00;3760,000;1,000;MESURE
2025-12-22 01:00:00+01:00;3760,000;1,000;MESURE
2025-12-22 02:00:00+01:00;3763,000;1,000;MESURE
2025-12-22 03:00:00+01:00;3764,000;1,000;MESURE
2025-12-22 04:00:00+01:00;3764,000;1,000;MESURE
2025-12-22 05:00:00+01:00;9309,000;1,000;MESURE
2025-12-22 06:00:00+01:00;9337,000;1,000;MESURE
2025-12-22 07:00:00+01:00;8893,000;1,000;MESURE
2025-12-22 08:00:00+01:00;0,000;1,000;MESURE
2025-12-22 09:00:00+01:00;0,000;1,000;MESURE
2025-12-22 10:00:00+01:00;0,000;1,000;MESURE
2025-12-22 11:00:00+01:00;0,000;1,000;MESURE
2025-12-22 12:00:00+01:00;0,000;1,000;MESURE
2025-12-22 13:00:00+01:00;0,000;1,000;MESURE
2025-12-22 14:00:00+01:00;0,000;1,000;MESURE
2025-12-22 15:00:00+01:00;0,000;1,000;MESURE
2025-12-22 16:00:00+01:00;0,000;1,000;MESURE
2025-12-22 17:00:00+01:00;7530,000;1,000;MESURE
2025-12-22 18:00:00+01:00;9464,000;1,000;MESURE
2025-12-22 19:00:00+01:00;9430,000;1,000;MESURE
2025-12-22 20:00:00+01:00;9412,000;1,000;MESURE
2025-12-22 21:00:00+01:00;9409,000;1,000;MESURE
2025-12-22 22:00:00+01:00;4293,000;1,000;MESURE
2025-12-22 23:00:00+01:00;3924,000;1,000;MESURE
2025-12-23 00:00:00+01:00;3861,000;1,000;MESURE
2025-12-23 01:00:00+01:00;3861,000;1,000;MESURE
2025-12-23 02:00:00+01:00;3862,000;1,000;MESURE
2025-12-23 03:00:00+01:00;3864,000;1,000;MESURE
2025-12-23 04:00:00+01:00;3866,000;1,000;MESURE
2025-12-23 05:00:00+01:00;9436,000;1,000;MESURE
2025-12-23 06:00:00+01:00;9465,000;1,000;MESURE
2025-12-23 07:00:00+01:00;9014,000;1,000;MESURE
2025-12-23 08:00:00+01:00;0,000;1,000;MESURE
2025-12-23 09:00:00+01:00;0,000;1,000;MESURE
2025-12-23 10:00:00+01:00;0,000;1,000;MESURE
2025-12-23 11:00:00+01:00;0,000;1,000;MESURE
2025-12-23 12:00:00+01:00;0,000;1,000;MESURE
2025-12-23 13:00:00+01:00;0,000;1,000;MESURE
2025-12-23 14:00:00+01:00;0,000;1,000;MESURE
2025-12-23 15:00:00+01:00;0,000;1,000;MESURE
2025-12-23 16:00:00+01:00;0,000;1,000;MESURE
2025-12-23 17:00:00+01:00;7547,000;1,000;MESURE
2025-12-23 18:00:00+01:00;9502,000;1,000;MESURE
2025-12-23 19:00:00+01:00;9488,000;1,000;MESURE
2025-12-23 20:00:00+01:00;9498,000;1,000;MESURE
2025-12-23 21:00:00+01:00;9492,000;1,000;MESURE
2025-12-23 22:00:00+01:00;4382,000;1,000;MESURE
2025-12-23 23:00:00+01:00;3947,000;1,000;MESURE
2025-12-24 00:00:00+01:00;3881,000;1,000;MESURE
2025-12-24 01:00:00+01:00;3884,000;1,000;MESURE
2025-12-24 02:00:00+01:00;3886,000;1,000;MESURE
2025-12-24 03:00:00+01:00;3887,000;1,000;MESURE
2025-12-24 04:00:00+01:00;3888,000;1,000;MESURE
2025-12-24 05:00:00+01:00;9467,000;1,000;MESURE
2025-12-24 06:00:00+01:00;9489,000;1,000;MESURE
2025-12-24 07:00:00+01:00;9240,000;1,000;MESURE
2025-12-24 08:00:00+01:00;0,000;1,000;MESURE
2025-12-24 09:00:00+01:00;0,000;1,000;MESURE
2025-12-24 10:00:00+01:00;0,000;1,000;MESURE
2025-12-24 11:00:00+01:00;0,000;1,000;MESURE
2025-12-24 12:00:00+01:00;0,000;1,000;MESURE
2025-12-24 13:00:00+01:00;0,000;1,000;MESURE
2025-12-24 14:00:00+01:00;0,000;1,000;MESURE
2025-12-24 15:00:00+01:00;0,000;1,000;MESURE
2025-12-24 16:00:00+01:00;0,000;1,000;MESURE
2025-12-24 17:00:00+01:00;7475,000;1,000;MESURE
2025-12-24 18:00:00+01:00;9546,000;1,000;MESURE
2025-12-24 19:00:00+01:00;9514,000;1,000;MESURE
2025-12-24 20:00:00+01:00;9514,000;1,000;MESURE
2025-12-24 21:00:00+01:00;9511,000;1,000;MESURE
2025-12-24 22:00:00+01:00;4523,000;1,000;MESURE
2025-12-24 23:00:00+01:00;4283,000;1,000;MESURE
2025-12-25 00:00:00+01:00;4220,000;1,000;MESURE
2025-12-25 01:00:00+01:00;4220,000;1,000;MESURE
2025-12-25 02:00:00+01:00;4215,000;1,000;MESURE
2025-12-25 03:00:00+01:00;4216,000;1,000;MESURE
2025-12-25 04:00:00+01:00;4216,000;1,000;MESURE
2025-12-25 05:00:00+01:00;9470,000;1,000;MESURE
2025-12-25 06:00:00+01:00;9486,000;1,000;MESURE
2025-12-25 07:00:00+01:00;9165,000;1,000;MESURE
2025-12-25 08:00:00+01:00;0,000;1,000;MESURE
2025-12-25 09:00:00+01:00;0,000;1,000;MESURE
2025-12-25 10:00:00+01:00;0,000;1,000;MESURE
2025-12-25 11:00:00+01:00;0,000;1,000;MESURE
2025-12-25 12:00:00+01:00;0,000;1,000;MESURE
2025-12-25 13:00:00+01:00;0,000;1,000;MESURE
2025-12-25 14:00:00+01:00;0,000;1,000;MESURE
2025-12-25 15:00:00+01:00;0,000;1,000;MESURE
2025-12-25 16:00:00+01:00;0,000;1,000;MESURE
2025-12-25 17:00:00+01:00;7262,000;1,000;MESURE
2025-12-25 18:00:00+01:00;9521,000;1,000;MESURE
2025-12-25 19:00:00+01:00;9476,000;1,000;MESURE
2025-12-25 20:00:00+01:00;9462,000;1,000;MESURE
2025-12-25 21:00:00+01:00;9460,000;1,000;MESURE
2025-12-25 22:00:00+01:00;4446,000;1,000;MESURE
2025-12-25 23:00:00+01:00;4010,000;1,000;MESURE
2025-12-26 00:00:00+01:00;3943,000;1,000;MESURE
2025-12-26 01:00:00+01:00;3945,000;1,000;MESURE
2025-12-26 02:00:00+01:00;3944,000;1,000;MESURE
2025-12-26 03:00:00+01:00;3943,000;1,000;MESURE
2025-12-26 04:00:00+01:00;3943,000;1,000;MESURE
2025-12-26 05:00:00+01:00;9453,000;1,000;MESURE
2025-12-26 06:00:00+01:00;9475,000;1,000;MESURE
2025-12-26 07:00:00+01:00;9194,000;1,000;MESURE
2025-12-26 08:00:00+01:00;0,000;1,000;MESURE
2025-12-26 09:00:00+01:00;0,000;1,000;MESURE
2025-12-26 10:00:00+01:00;0,000;1,000;MESURE
2025-12-26 11:00:00+01:00;0,000;1,000;MESURE
2025-12-26 12:00:00+01:00;0,000;1,000;MESURE
2025-12-26 13:00:00+01:00;0,000;1,000;MESURE
2025-12-26 14:00:00+01:00;0,000;1,000;MESURE
2025-12-26 15:00:00+01:00;0,000;1,000;MESURE
2025-12-26 16:00:00+01:00;0,000;1,000;MESURE
2025-12-26 17:00:00+01:00;7259,000;1,000;MESURE
2025-12-26 18:00:00+01:00;9520,000;1,000;MESURE
2025-12-26 19:00:00+01:00;9478,000;1,000;MESURE
2025-12-26 20:00:00+01:00;9469,000;1,000;MESURE
2025-12-26 21:00:00+01:00;9478,000;1,000;MESURE
2025-12-26 22:00:00+01:00;4308,000;1,000;MESURE
2025-12-26 23:00:00+01:00;3946,000;1,000;MESURE
2025-12-27 00:00:00+01:00;3880,000;1,000;MESURE
2025-12-27 01:00:00+01:00;3883,000;1,000;MESURE
2025-12-27 02:00:00+01:00;3882,000;1,000;MESURE
2025-12-27 03:00:00+01:00;3883,000;1,000;MESURE
2025-12-27 04:00:00+01:00;3883,000;1,000;MESURE
2025-12-27 05:00:00+01:00;9468,000;1,000;MESURE
2025-12-27 06:00:00+01:00;9489,000;1,000;MESURE
2025-12-27 07:00:00+01:00;9347,000;1,000;MESURE
2025-12-27 08:00:00+01:00;0,000;1,000;MESURE
2025-12-27 09:00:00+01:00;0,000;1,000;MESURE
2025-12-27 10:00:00+01:00;0,000;1,000;MESURE
2025-12-27 11:00:00+01:00;0,000;1,000;MESURE
2025-12-27 12:00:00+01:00;0,000;1,000;MESURE
2025-12-27 13:00:00+01:00;0,000;1,000;MESURE
2025-12-27 14:00:00+01:00;0,000;1,000;MESURE
2025-12-27 15:00:00+01:00;0,000;1,000;MESURE
2025-12-27 16:00:00+01:00;0,000;1,000;MESURE
2025-12-27 17:00:00+01:00;7108,000;1,000;MESURE
2025-12-27 18:00:00+01:00;9521,000;1,000;MESURE
2025-12-27 19:00:00+01:00;9475,000;1,000;MESURE
2025-12-27 20:00:00+01:00;9472,000;1,000;MESURE
2025-12-27 21:00:00+01:00;9489,000;1,000;MESURE
2025-12-27 22:00:00+01:00;4302,000;1,000;MESURE
2025-12-27 23:00:00+01:00;3944,000;1,000;MESURE
2025-12-28 00:00:00+01:00;3877,000;1,000;MESURE
2025-12-28 01:00:00+01:00;3879,000;1,000;MESURE
2025-12-28 02:00:00+01:00;3883,000;1,000;MESURE
2025-12-28 03:00:00+01:00;3885,000;1,000;MESURE
2025-12-28 04:00:00+01:00;3884,000;1,000;MESURE
2025-12-28 05:00:00+01:00;9460,000;1,000;MESURE
2025-12-28 06:00:00+01:00;9494,000;1,000;MESURE
2025-12-28 07:00:00+01:00;9350,000;1,000;MESURE
2025-12-28 08:00:00+01:00;0,000;1,000;MESURE
2025-12-28 09:00:00+01:00;0,000;1,000;MESURE
2025-12-28 10:00:00+01:00;0,000;1,000;MESURE
2025-12-28 11:00:00+01:00;0,000;1,000;MESURE
2025-12-28 12:00:00+01:00;0,000;1,000;MESURE
2025-12-28 13:00:00+01:00;0,000;1,000;MESURE
2025-12-28 14:00:00+01:00;0,000;1,000;MESURE
2025-12-28 15:00:00+01:00;0,000;1,000;MESURE
2025-12-28 16:00:00+01:00;0,000;1,000;MESURE
2025-12-28 17:00:00+01:00;6964,000;1,000;MESURE
2025-12-28 18:00:00+01:00;9540,000;1,000;MESURE
2025-12-28 19:00:00+01:00;9474,000;1,000;MESURE
2025-12-28 20:00:00+01:00;9467,000;1,000;MESURE
2025-12-28 21:00:00+01:00;9470,000;1,000;MESURE
2025-12-28 22:00:00+01:00;4343,000;1,000;MESURE
2025-12-28 23:00:00+01:00;4007,000;1,000;MESURE
2025-12-29 00:00:00+01:00;3936,000;1,000;MESURE
2025-12-29 01:00:00+01:00;3934,000;1,000;MESURE
2025-12-29 02:00:00+01:00;3937,000;1,000;MESURE
2025-12-29 03:00:00+01:00;3938,000;1,000;MESURE
2025-12-29 04:00:00+01:00;3941,000;1,000;MESURE
2025-12-29 05:00:00+01:00;9452,000;1,000;MESURE
2025-12-29 06:00:00+01:00;9481,000;1,000;MESURE
2025-12-29 07:00:00+01:00;9318,000;1,000;MESURE
2025-12-29 08:00:00+01:00;0,000;1,000;MESURE
2025-12-29 09:00:00+01:00;0,000;1,000;MESURE
2025-12-29 10:00:00+01:00;0,000;1,000;MESURE
2025-12-29 11:00:00+01:00;0,000;1,000;MESURE
2025-12-29 12:00:00+01:00;0,000;1,000;MESURE
2025-12-29 13:00:00+01:00;0,000;1,000;MESURE
2025-12-29 14:00:00+01:00;0,000;1,000;MESURE
2025-12-29 15:00:00+01:00;0,000;1,000;MESURE
2025-12-29 16:00:00+01:00;0,000;1,000;MESURE
2025-12-29 17:00:00+01:00;6800,000;1,000;MESURE
2025-12-29 18:00:00+01:00;9519,000;1,000;MESURE
2025-12-29 19:00:00+01:00;9481,000;1,000;MESURE
2025-12-29 20:00:00+01:00;9463,000;1,000;MESURE
2025-12-29 21:00:00+01:00;9488,000;1,000;MESURE
2025-12-29 22:00:00+01:00;4332,000;1,000;MESURE
2025-12-29 23:00:00+01:00;3945,000;1,000;MESURE
2025-12-30 00:00:00+01:00;3883,000;1,000;MESURE
2025-12-30 01:00:00+01:00;3884,000;1,000;MESURE
2025-12-30 02:00:00+01:00;3884,000;1,000;MESURE
2025-12-30 03:00:00+01:00;3887,000;1,000;MESURE
2025-12-30 04:00:00+01:00;3885,000;1,000;MESURE
2025-12-30 05:00:00+01:00;9465,000;1,000;MESURE
2025-12-30 06:00:00+01:00;9520,000;1,000;MESURE
2025-12-30 07:00:00+01:00;9386,000;1,000;MESURE
2025-12-30 08:00:00+01:00;0,000;1,000;MESURE
2025-12-30 09:00:00+01:00;0,000;1,000;MESURE
2025-12-30 10:00:00+01:00;0,000;1,000;MESURE
2025-12-30 11:00:00+01:00;0,000;1,000;MESURE
2025-12-30 12:00:00+01:00;0,000;1,000;MESURE
2025-12-30 13:00:00+01:00;0,000;1,000;MESURE
2025-12-30 14:00:00+01:00;0,000;1,000;MESURE
2025-12-30 15:00:00+01:00;0,000;1,000;MESURE
2025-12-30 16:00:00+01:00;0,000;1,000;MESURE
2025-12-30 17:00:00+01:00;6823,000;1,000;MESURE
2025-12-30 18:00:00+01:00;9562,000;1,000;MESURE
2025-12-30 19:00:00+01:00;9533,000;1,000;MESURE
2025-12-30 20:00:00+01:00;9526,000;1,000;MESURE
2025-12-30 21:00:00+01:00;9518,000;1,000;MESURE
2025-12-30 22:00:00+01:00;4408,000;1,000;MESURE
2025-12-30 23:00:00+01:00;3962,000;1,000;MESURE
2025-12-31 00:00:00+01:00;3895,000;1,000;MESURE
2025-12-31 01:00:00+01:00;3897,000;1,000;MESURE
2025-12-31 02:00:00+01:00;3901,000;1,000;MESURE
2025-12-31 03:00:00+01:00;3900,000;1,000;MESURE
2025-12-31 04:00:00+01:00;3903,000;1,000;MESURE
2025-12-31 05:00:00+01:00;9514,000;1,000;MESURE
2025-12-31 06:00:00+01:00;9537,000;1,000;MESURE
2025-12-31 07:00:00+01:00;9388,000;1,000;MESURE
2025-12-31 08:00:00+01:00;0,000;1,000;MESURE
2025-12-31 09:00:00+01:00;0,000;1,000;MESURE
2025-12-31 10:00:00+01:00;0,000;1,000;MESURE
2025-12-31 11:00:00+01:00;0,000;1,000;MESURE
2025-12-31 12:00:00+01:00;0,000;1,000;MESURE
2025-12-31 13:00:00+01:00;0,000;1,000;MESURE
2025-12-31 14:00:00+01:00;0,000;1,000;MESURE
2025-12-31 15:00:00+01:00;0,000;1,000;MESURE
2025-12-31 16:00:00+01:00;0,000;1,000;MESURE
2025-12-31 17:00:00+01:00;6652,000;1,000;MESURE
2025-12-31 18:00:00+01:00;9535,000;1,000;MESURE
2025-12-31 19:00:00+01:00;9500,000;1,000;MESURE
2025-12-31 20:00:00+01:00;9470,000;1,000;MESURE
2025-12-31 21:00:00+01:00;9480,000;1,000;MESURE
2025-12-31 22:00:00+01:00;4568,000;1,000;MESURE
2025-12-31 23:00:00+01:00;4288,000;1,000;MESURE
