horodate_locale;puissance_W;couverture;origine
2025-01-01 00:00:00+01:00;8051,000;1,000;MESURE
2025-01-01 01:00:00+01:00;8110,000;1,000;MESURE
2025-01-01 02:00:00+01:00;8082,000;1,000;MESURE
2025-01-01 03:00:00+01:00;8096,000;1,000;MESURE
2025-01-01 04:00:00+01:00;8108,000;1,000;MESURE
2025-01-01 05:00:00+01:00;8699,000;1,000;MESURE
2025-01-01 06:00:00+01:00;3565,000;1,000;MESURE
2025-01-01 07:00:00+01:00;1054,000;1,000;MESURE
2025-01-01 08:00:00+01:00;1066,000;1,000;MESURE
2025-01-01 09:00:00+01:00;1066,000;1,000;MESURE
2025-01-01 10:00:00+01:00;1018,000;1,000;MESURE
2025-01-01 11:00:00+01:00;630,000;1,000;MESURE
2025-01-01 12:00:00+01:00;339,000;1,000;MESURE
2025-01-01 13:00:00+01:00;329,000;1,000;MESURE
2025-01-01 14:00:00+01:00;445,000;1,000;MESURE
2025-01-01 15:00:00+01:00;2098,000;1,000;MESURE
2025-01-01 16:00:00+01:00;8823,000;1,000;MESURE
2025-01-01 17:00:00+01:00;8849,000;1,000;MESURE
2025-01-01 18:00:00+01:00;8875,000;1,000;MESURE
2025-01-01 19:00:00+01:00;8902,000;1,000;MESURE
2025-01-01 20:00:00+01:00;8463,000;1,000;MESURE
2025-01-01 21:00:00+01:00;8023,000;1,000;MESURE
2025-01-01 22:00:00+01:00;7969,000;0,500;INTERP_COURTE
2025-01-01 23:00:00+01:00;7915,000;0,000;INTERP_COURTE
2025-01-02 00:00:00+01:00;7861,000;1,000;MESURE
2025-01-02 01:00:00+01:00;7789,000;1,000;MESURE
2025-01-02 02:00:00+01:00;7777,000;1,000;MESURE
2025-01-02 03:00:00+01:00;7788,000;1,000;MESURE
2025-01-02 04:00:00+01:00;7706,000;1,000;MESURE
2025-01-02 05:00:00+01:00;8631,000;1,000;MESURE
2025-01-02 06:00:00+01:00;8832,000;1,000;MESURE
2025-01-02 07:00:00+01:00;8711,000;1,000;MESURE
2025-01-02 08:00:00+01:00;1021,000;1,000;MESURE
2025-01-02 09:00:00+01:00;1016,000;1,000;MESURE
2025-01-02 10:00:00+01:00;741,000;1,000;MESURE
2025-01-02 11:00:00+01:00;412,000;1,000;MESURE
2025-01-02 12:00:00+01:00;253,000;1,000;MESURE
2025-01-02 13:00:00+01:00;181,000;1,000;MESURE
2025-01-02 14:00:00+01:00;165,000;1,000;MESURE
2025-01-02 15:00:00+01:00;201,000;1,000;MESURE
2025-01-02 16:00:00+01:00;267,000;1,000;MESURE
2025-01-02 17:00:00+01:00;5396,000;1,000;MESURE
2025-01-02 18:00:00+01:00;8127,000;1,000;MESURE
2025-01-02 19:00:00+01:00;8203,000;1,000;MESURE
2025-01-02 20:00:00+01:00;8269,000;1,000;MESURE
2025-01-02 21:00:00+01:00;8360,000;1,000;MESURE
2025-01-02 22:00:00+01:00;7753,000;1,000;MESURE
2025-01-02 23:00:00+01:00;7790,000;1,000;MESURE
2025-01-03 00:00:00+01:00;7802,000;1,000;MESURE
2025-01-03 01:00:00+01:00;7831,000;1,000;MESURE
2025-01-03 02:00:00+01:00;7875,000;1,000;MESURE
2025-01-03 03:00:00+01:00;7977,000;1,000;MESURE
2025-01-03 04:00:00+01:00;7995,000;1,000;MESURE
2025-01-03 05:00:00+01:00;8787,000;1,000;MESURE
2025-01-03 06:00:00+01:00;8942,000;1,000;MESURE
2025-01-03 07:00:00+01:00;8809,000;1,000;MESURE
2025-01-03 08:00:00+01:00;1063,000;1,000;MESURE
2025-01-03 09:00:00+01:00;1054,000;1,000;MESURE
2025-01-03 10:00:00+01:00;1058,000;1,000;MESURE
2025-01-03 11:00:00+01:00;773,000;1,000;MESURE
2025-01-03 12:00:00+01:00;430,000;1,000;MESURE
2025-01-03 13:00:00+01:00;197,000;1,000;MESURE
2025-01-03 14:00:00+01:00;137,000;1,000;MESURE
2025-01-03 15:00:00+01:00;233,000;1,000;MESURE
2025-01-03 16:00:00+01:00;373,000;1,000;MESURE
2025-01-03 17:00:00+01:00;5637,000;1,000;MESURE
2025-01-03 18:00:00+01:00;8677,000;1,000;MESURE
2025-01-03 19:00:00+01:00;8898,000;1,000;MESURE
2025-01-03 20:00:00+01:00;9022,000;1,000;MESURE
2025-01-03 21:00:00+01:00;8931,000;1,000;MESURE
2025-01-03 22:00:00+01:00;8156,000;1,000;MESURE
2025-01-03 23:00:00+01:00;8067,000;1,000;MESURE
2025-01-04 00:00:00+01:00;8012,000;1,000;MESURE
2025-01-04 01:00:00+01:00;7984,000;1,000;MESURE
2025-01-04 02:00:00+01:00;7940,000;1,000;MESURE
2025-01-04 03:00:00+01:00;7925,000;1,000;MESURE
2025-01-04 04:00:00+01:00;7920,000;1,000;MESURE
2025-01-04 05:00:00+01:00;8715,000;1,000;MESURE
2025-01-04 06:00:00+01:00;8880,000;1,000;MESURE
2025-01-04 07:00:00+01:00;8840,000;1,000;MESURE
2025-01-04 08:00:00+01:00;1099,000;1,000;MESURE
2025-01-04 09:00:00+01:00;1098,000;1,000;MESURE
2025-01-04 10:00:00+01:00;1115,000;1,000;MESURE
2025-01-04 11:00:00+01:00;1142,000;1,000;MESURE
2025-01-04 12:00:00+01:00;1095,000;1,000;MESURE
2025-01-04 13:00:00+01:00;1077,000;1,000;MESURE
2025-01-04 14:00:00+01:00;1099,000;1,000;MESURE
2025-01-04 15:00:00+01:00;1076,000;1,000;MESURE
2025-01-04 16:00:00+01:00;1096,000;1,000;MESURE
2025-01-04 17:00:00+01:00;5982,000;1,000;MESURE
2025-01-04 18:00:00+01:00;8934,000;1,000;MESURE
2025-01-04 19:00:00+01:00;8928,000;1,000;MESURE
2025-01-04 20:00:00+01:00;8888,000;1,000;MESURE
2025-01-04 21:00:00+01:00;8719,000;1,000;MESURE
2025-01-04 22:00:00+01:00;8046,000;1,000;MESURE
2025-01-04 23:00:00+01:00;8003,000;1,000;MESURE
2025-01-05 00:00:00+01:00;7944,000;1,000;MESURE
2025-01-05 01:00:00+01:00;7750,000;1,000;MESURE
2025-01-05 02:00:00+01:00;7770,000;1,000;MESURE
2025-01-05 03:00:00+01:00;7632,000;1,000;MESURE
2025-01-05 04:00:00+01:00;7578,000;1,000;MESURE
2025-01-05 05:00:00+01:00;8368,000;1,000;MESURE
2025-01-05 06:00:00+01:00;8488,000;1,000;MESURE
2025-01-05 07:00:00+01:00;8258,000;1,000;MESURE
2025-01-05 08:00:00+01:00;653,000;1,000;MESURE
2025-01-05 09:00:00+01:00;605,000;1,000;MESURE
2025-01-05 10:00:00+01:00;483,000;1,000;MESURE
2025-01-05 11:00:00+01:00;374,000;1,000;MESURE
2025-01-05 12:00:00+01:00;260,000;1,000;MESURE
2025-01-05 13:00:00+01:00;122,000;1,000;MESURE
2025-01-05 14:00:00+01:00;118,000;1,000;MESURE
2025-01-05 15:00:00+01:00;116,000;1,000;MESURE
2025-01-05 16:00:00+01:00;98,000;1,000;MESURE
2025-01-05 17:00:00+01:00;4870,000;1,000;MESURE
2025-01-05 18:00:00+01:00;7866,000;1,000;MESURE
2025-01-05 19:00:00+01:00;7828,000;1,000;MESURE
2025-01-05 20:00:00+01:00;7886,000;1,000;MESURE
2025-01-05 21:00:00+01:00;7926,000;1,000;MESURE
2025-01-05 22:00:00+01:00;7283,000;1,000;MESURE
2025-01-05 23:00:00+01:00;7179,000;1,000;MESURE
2025-01-06 00:00:00+01:00;7077,000;1,000;MESURE
2025-01-06 01:00:00+01:00;6954,000;1,000;MESURE
2025-01-06 02:00:00+01:00;6906,000;1,000;MESURE
2025-01-06 03:00:00+01:00;6912,000;1,000;MESURE
2025-01-06 04:00:00+01:00;6908,000;1,000;MESURE
2025-01-06 05:00:00+01:00;7711,000;1,000;MESURE
2025-01-06 06:00:00+01:00;7875,000;1,000;MESURE
2025-01-06 07:00:00+01:00;7734,000;1,000;MESURE
2025-01-06 08:00:00+01:00;209,000;1,000;MESURE
2025-01-06 09:00:00+01:00;226,000;1,000;MESURE
2025-01-06 10:00:00+01:00;225,000;1,000;MESURE
2025-01-06 11:00:00+01:00;225,000;1,000;MESURE
2025-01-06 12:00:00+01:00;163,000;1,000;MESURE
2025-01-06 13:00:00+01:00;100,000;1,000;MESURE
2025-01-06 14:00:00+01:00;133,000;1,000;MESURE
2025-01-06 15:00:00+01:00;122,000;1,000;MESURE
2025-01-06 16:00:00+01:00;127,000;1,000;MESURE
2025-01-06 17:00:00+01:00;4777,000;1,000;MESURE
2025-01-06 18:00:00+01:00;7956,000;1,000;MESURE
2025-01-06 19:00:00+01:00;8009,000;1,000;MESURE
2025-01-06 20:00:00+01:00;8049,000;1,000;MESURE
2025-01-06 21:00:00+01:00;8108,000;1,000;MESURE
2025-01-06 22:00:00+01:00;7385,000;1,000;MESURE
2025-01-06 23:00:00+01:00;7366,000;1,000;MESURE
2025-01-07 00:00:00+01:00;7313,000;1,000;MESURE
2025-01-07 01:00:00+01:00;7419,000;1,000;MESURE
2025-01-07 02:00:00+01:00;7429,000;1,000;MESURE
2025-01-07 03:00:00+01:00;7482,000;1,000;MESURE
2025-01-07 04:00:00+01:00;7450,000;1,000;MESURE
2025-01-07 05:00:00+01:00;8294,000;1,000;MESURE
2025-01-07 06:00:00+01:00;8502,000;1,000;MESURE
2025-01-07 07:00:00+01:00;8391,000;1,000;MESURE
2025-01-07 08:00:00+01:00;942,000;1,000;MESURE
2025-01-07 09:00:00+01:00;773,000;1,000;MESURE
2025-01-07 10:00:00+01:00;583,000;1,000;MESURE
2025-01-07 11:00:00+01:00;361,000;1,000;MESURE
2025-01-07 12:00:00+01:00;303,000;1,000;MESURE
2025-01-07 13:00:00+01:00;278,000;1,000;MESURE
2025-01-07 14:00:00+01:00;224,000;1,000;MESURE
2025-01-07 15:00:00+01:00;248,000;1,000;MESURE
2025-01-07 16:00:00+01:00;267,000;1,000;MESURE
2025-01-07 17:00:00+01:00;4894,000;1,000;MESURE
2025-01-07 18:00:00+01:00;8226,000;1,000;MESURE
2025-01-07 19:00:00+01:00;8339,000;1,000;MESURE
2025-01-07 20:00:00+01:00;8422,000;1,000;MESURE
2025-01-07 21:00:00+01:00;8396,000;1,000;MESURE
2025-01-07 22:00:00+01:00;7735,000;1,000;MESURE
2025-01-07 23:00:00+01:00;7642,000;1,000;MESURE
2025-01-08 00:00:00+01:00;7439,000;1,000;MESURE
2025-01-08 01:00:00+01:00;7392,000;1,000;MESURE
2025-01-08 02:00:00+01:00;7352,000;1,000;MESURE
2025-01-08 03:00:00+01:00;7401,000;1,000;MESURE
2025-01-08 04:00:00+01:00;7389,000;1,000;MESURE
2025-01-08 05:00:00+01:00;8173,000;1,000;MESURE
2025-01-08 06:00:00+01:00;8322,000;1,000;MESURE
2025-01-08 07:00:00+01:00;8119,000;1,000;MESURE
2025-01-08 08:00:00+01:00;442,000;1,000;MESURE
2025-01-08 09:00:00+01:00;401,000;1,000;MESURE
2025-01-08 10:00:00+01:00;404,000;1,000;MESURE
2025-01-08 11:00:00+01:00;332,000;1,000;MESURE
2025-01-08 12:00:00+01:00;310,000;1,000;MESURE
2025-01-08 13:00:00+01:00;222,000;1,000;MESURE
2025-01-08 14:00:00+01:00;171,000;1,000;MESURE
2025-01-08 15:00:00+01:00;159,000;1,000;MESURE
2025-01-08 16:00:00+01:00;140,000;1,000;MESURE
2025-01-08 17:00:00+01:00;4177,000;1,000;MESURE
2025-01-08 18:00:00+01:00;6848,000;1,000;MESURE
2025-01-08 19:00:00+01:00;6856,000;1,000;MESURE
2025-01-08 20:00:00+01:00;6874,000;1,000;MESURE
2025-01-08 21:00:00+01:00;6820,000;1,000;MESURE
2025-01-08 22:00:00+01:00;6073,000;1,000;MESURE
2025-01-08 23:00:00+01:00;6073,000;1,000;MESURE
2025-01-09 00:00:00+01:00;6000,000;1,000;MESURE
2025-01-09 01:00:00+01:00;5944,000;1,000;MESURE
2025-01-09 02:00:00+01:00;6042,000;1,000;MESURE
2025-01-09 03:00:00+01:00;6036,000;1,000;MESURE
2025-01-09 04:00:00+01:00;5992,000;1,000;MESURE
2025-01-09 05:00:00+01:00;6802,000;1,000;MESURE
2025-01-09 06:00:00+01:00;6979,000;1,000;MESURE
2025-01-09 07:00:00+01:00;6588,000;1,000;MESURE
2025-01-09 08:00:00+01:00;251,000;1,000;MESURE
2025-01-09 09:00:00+01:00;237,000;1,000;MESURE
2025-01-09 10:00:00+01:00;212,000;1,000;MESURE
2025-01-09 11:00:00+01:00;194,000;1,000;MESURE
2025-01-09 12:00:00+01:00;196,000;1,000;MESURE
2025-01-09 13:00:00+01:00;190,000;1,000;MESURE
2025-01-09 14:00:00+01:00;179,000;1,000;MESURE
2025-01-09 15:00:00+01:00;171,000;1,000;MESURE
2025-01-09 16:00:00+01:00;176,000;1,000;MESURE
2025-01-09 17:00:00+01:00;3888,000;1,000;MESURE
2025-01-09 18:00:00+01:00;6892,000;1,000;MESURE
2025-01-09 19:00:00+01:00;6983,000;1,000;MESURE
2025-01-09 20:00:00+01:00;7047,000;1,000;MESURE
2025-01-09 21:00:00+01:00;7243,000;1,000;MESURE
2025-01-09 22:00:00+01:00;6644,000;1,000;MESURE
2025-01-09 23:00:00+01:00;6720,000;1,000;MESURE
2025-01-10 00:00:00+01:00;6764,000;1,000;MESURE
2025-01-10 01:00:00+01:00;6720,000;1,000;MESURE
2025-01-10 02:00:00+01:00;6775,000;1,000;MESURE
2025-01-10 03:00:00+01:00;6723,000;1,000;MESURE
2025-01-10 04:00:00+01:00;6686,000;1,000;MESURE
2025-01-10 05:00:00+01:00;7453,000;1,000;MESURE
2025-01-10 06:00:00+01:00;7615,000;1,000;MESURE
2025-01-10 07:00:00+01:00;7459,000;1,000;MESURE
2025-01-10 08:00:00+01:00;1082,000;1,000;MESURE
2025-01-10 09:00:00+01:00;1116,000;1,000;MESURE
2025-01-10 10:00:00+01:00;2798,000;1,000;MESURE
2025-01-10 11:00:00+01:00;1051,000;1,000;MESURE
2025-01-10 12:00:00+01:00;1075,000;1,000;MESURE
2025-01-10 13:00:00+01:00;1080,000;1,000;MESURE
2025-01-10 14:00:00+01:00;1063,000;1,000;MESURE
2025-01-10 15:00:00+01:00;1079,000;1,000;MESURE
2025-01-10 16:00:00+01:00;1117,000;1,000;MESURE
2025-01-10 17:00:00+01:00;5383,000;1,000;MESURE
2025-01-10 18:00:00+01:00;8928,000;1,000;MESURE
2025-01-10 19:00:00+01:00;8883,000;1,000;MESURE
2025-01-10 20:00:00+01:00;8853,000;1,000;MESURE
2025-01-10 21:00:00+01:00;8905,000;1,000;MESURE
2025-01-10 22:00:00+01:00;8184,000;1,000;MESURE
2025-01-10 23:00:00+01:00;8071,000;1,000;MESURE
2025-01-11 00:00:00+01:00;7929,000;1,000;MESURE
2025-01-11 01:00:00+01:00;7800,000;1,000;MESURE
2025-01-11 02:00:00+01:00;7788,000;1,000;MESURE
2025-01-11 03:00:00+01:00;7814,000;1,000;MESURE
2025-01-11 04:00:00+01:00;7857,000;1,000;MESURE
2025-01-11 05:00:00+01:00;8583,000;1,000;MESURE
2025-01-11 06:00:00+01:00;8751,000;1,000;MESURE
2025-01-11 07:00:00+01:00;8520,000;1,000;MESURE
2025-01-11 08:00:00+01:00;1069,000;1,000;MESURE
2025-01-11 09:00:00+01:00;1066,000;1,000;MESURE
2025-01-11 10:00:00+01:00;1112,000;1,000;MESURE
2025-01-11 11:00:00+01:00;1087,000;1,000;MESURE
2025-01-11 12:00:00+01:00;1045,000;1,000;MESURE
2025-01-11 13:00:00+01:00;907,000;1,000;MESURE
2025-01-11 14:00:00+01:00;724,000;1,000;MESURE
2025-01-11 15:00:00+01:00;812,000;1,000;MESURE
2025-01-11 16:00:00+01:00;884,000;1,000;MESURE
2025-01-11 17:00:00+01:00;5204,000;1,000;MESURE
2025-01-11 18:00:00+01:00;8834,000;1,000;MESURE
2025-01-11 19:00:00+01:00;8980,000;1,000;MESURE
2025-01-11 20:00:00+01:00;8862,000;1,000;MESURE
2025-01-11 21:00:00+01:00;8802,000;1,000;MESURE
2025-01-11 22:00:00+01:00;8017,000;1,000;MESURE
2025-01-11 23:00:00+01:00;7951,000;1,000;MESURE
2025-01-12 00:00:00+01:00;7881,000;1,000;MESURE
2025-01-12 01:00:00+01:00;7812,000;1,000;MESURE
2025-01-12 02:00:00+01:00;7788,000;1,000;MESURE
2025-01-12 03:00:00+01:00;7819,000;1,000;MESURE
2025-01-12 04:00:00+01:00;7810,000;1,000;MESURE
2025-01-12 05:00:00+01:00;8617,000;1,000;MESURE
2025-01-12 06:00:00+01:00;8760,000;1,000;MESURE
2025-01-12 07:00:00+01:00;8463,000;1,000;MESURE
2025-01-12 08:00:00+01:00;1069,000;1,000;MESURE
2025-01-12 09:00:00+01:00;1073,000;1,000;MESURE
2025-01-12 10:00:00+01:00;1069,000;1,000;MESURE
2025-01-12 11:00:00+01:00;1078,000;1,000;MESURE
2025-01-12 12:00:00+01:00;1068,000;1,000;MESURE
2025-01-12 13:00:00+01:00;1064,000;1,000;MESURE
2025-01-12 14:00:00+01:00;1062,000;1,000;MESURE
2025-01-12 15:00:00+01:00;1075,000;1,000;MESURE
2025-01-12 16:00:00+01:00;1067,000;1,000;MESURE
2025-01-12 17:00:00+01:00;5007,000;1,000;MESURE
2025-01-12 18:00:00+01:00;8704,000;1,000;MESURE
2025-01-12 19:00:00+01:00;8699,000;1,000;MESURE
2025-01-12 20:00:00+01:00;8712,000;1,000;MESURE
2025-01-12 21:00:00+01:00;8772,000;1,000;MESURE
2025-01-12 22:00:00+01:00;8117,000;1,000;MESURE
2025-01-12 23:00:00+01:00;8066,000;1,000;MESURE
2025-01-13 00:00:00+01:00;7828,000;1,000;MESURE
2025-01-13 01:00:00+01:00;7769,000;1,000;MESURE
2025-01-13 02:00:00+01:00;7784,000;1,000;MESURE
2025-01-13 03:00:00+01:00;7764,000;1,000;MESURE
2025-01-13 04:00:00+01:00;7742,000;1,000;MESURE
2025-01-13 05:00:00+01:00;8310,000;1,000;MESURE
2025-01-13 06:00:00+01:00;8515,000;1,000;MESURE
2025-01-13 07:00:00+01:00;8244,000;1,000;MESURE
2025-01-13 08:00:00+01:00;1081,000;1,000;MESURE
2025-01-13 09:00:00+01:00;1057,000;1,000;MESURE
2025-01-13 10:00:00+01:00;1066,000;1,000;MESURE
2025-01-13 11:00:00+01:00;1061,000;1,000;MESURE
2025-01-13 12:00:00+01:00;1056,000;1,000;MESURE
2025-01-13 13:00:00+01:00;1065,000;1,000;MESURE
2025-01-13 14:00:00+01:00;1066,000;1,000;MESURE
2025-01-13 15:00:00+01:00;1075,000;1,000;MESURE
2025-01-13 16:00:00+01:00;1073,000;1,000;MESURE
2025-01-13 17:00:00+01:00;4798,000;1,000;MESURE
2025-01-13 18:00:00+01:00;8557,000;1,000;MESURE
2025-01-13 19:00:00+01:00;8582,000;1,000;MESURE
2025-01-13 20:00:00+01:00;8588,000;1,000;MESURE
2025-01-13 21:00:00+01:00;8502,000;1,000;MESURE
2025-01-13 22:00:00+01:00;8023,000;1,000;MESURE
2025-01-13 23:00:00+01:00;7935,000;1,000;MESURE
2025-01-14 00:00:00+01:00;7858,000;1,000;MESURE
2025-01-14 01:00:00+01:00;7798,000;1,000;MESURE
2025-01-14 02:00:00+01:00;7777,000;1,000;MESURE
2025-01-14 03:00:00+01:00;7798,000;1,000;MESURE
2025-01-14 04:00:00+01:00;7820,000;1,000;MESURE
2025-01-14 05:00:00+01:00;8351,000;1,000;MESURE
2025-01-14 06:00:00+01:00;8442,000;1,000;MESURE
2025-01-14 07:00:00+01:00;8019,000;1,000;MESURE
2025-01-14 08:00:00+01:00;1113,000;1,000;MESURE
2025-01-14 09:00:00+01:00;1092,000;1,000;MESURE
2025-01-14 10:00:00+01:00;1058,000;1,000;MESURE
2025-01-14 11:00:00+01:00;1058,000;1,000;MESURE
2025-01-14 12:00:00+01:00;1052,000;1,000;MESURE
2025-01-14 13:00:00+01:00;1062,000;1,000;MESURE
2025-01-14 14:00:00+01:00;1073,000;1,000;MESURE
2025-01-14 15:00:00+01:00;1085,000;1,000;MESURE
2025-01-14 16:00:00+01:00;1081,000;1,000;MESURE
2025-01-14 17:00:00+01:00;4681,000;1,000;MESURE
2025-01-14 18:00:00+01:00;8636,000;1,000;MESURE
2025-01-14 19:00:00+01:00;8682,000;1,000;MESURE
2025-01-14 20:00:00+01:00;8703,000;1,000;MESURE
2025-01-14 21:00:00+01:00;8629,000;1,000;MESURE
2025-01-14 22:00:00+01:00;8136,000;1,000;MESURE
2025-01-14 23:00:00+01:00;8060,000;1,000;MESURE
2025-01-15 00:00:00+01:00;7943,000;1,000;MESURE
2025-01-15 01:00:00+01:00;7746,000;1,000;MESURE
2025-01-15 02:00:00+01:00;7727,000;1,000;MESURE
2025-01-15 03:00:00+01:00;7752,000;1,000;MESURE
2025-01-15 04:00:00+01:00;7754,000;1,000;MESURE
2025-01-15 05:00:00+01:00;8312,000;1,000;MESURE
2025-01-15 06:00:00+01:00;8446,000;1,000;MESURE
2025-01-15 07:00:00+01:00;8074,000;1,000;MESURE
2025-01-15 08:00:00+01:00;1082,000;1,000;MESURE
2025-01-15 09:00:00+01:00;1089,000;1,000;MESURE
2025-01-15 10:00:00+01:00;1092,000;1,000;MESURE
2025-01-15 11:00:00+01:00;2474,000;1,000;MESURE
2025-01-15 12:00:00+01:00;1077,000;1,000;MESURE
2025-01-15 13:00:00+01:00;1034,000;1,000;MESURE
2025-01-15 14:00:00+01:00;966,000;1,000;MESURE
2025-01-15 15:00:00+01:00;997,000;1,000;MESURE
2025-01-15 16:00:00+01:00;1037,000;1,000;MESURE
2025-01-15 17:00:00+01:00;4611,000;1,000;MESURE
2025-01-15 18:00:00+01:00;9011,000;1,000;MESURE
2025-01-15 19:00:00+01:00;9158,000;1,000;MESURE
2025-01-15 20:00:00+01:00;9045,000;1,000;MESURE
2025-01-15 21:00:00+01:00;9088,000;1,000;MESURE
2025-01-15 22:00:00+01:00;8496,000;1,000;MESURE
2025-01-15 23:00:00+01:00;8338,000;1,000;MESURE
2025-01-16 00:00:00+01:00;8239,000;1,000;MESURE
2025-01-16 01:00:00+01:00;8170,000;1,000;MESURE
2025-01-16 02:00:00+01:00;8295,000;1,000;MESURE
2025-01-16 03:00:00+01:00;8171,000;1,000;MESURE
2025-01-16 04:00:00+01:00;8174,000;1,000;MESURE
2025-01-16 05:00:00+01:00;8737,000;1,000;MESURE
2025-01-16 06:00:00+01:00;8928,000;1,000;MESURE
2025-01-16 07:00:00+01:00;8272,000;1,000;MESURE
2025-01-16 08:00:00+01:00;1079,000;1,000;MESURE
2025-01-16 09:00:00+01:00;1060,000;1,000;MESURE
2025-01-16 10:00:00+01:00;1063,000;1,000;MESURE
2025-01-16 11:00:00+01:00;1068,000;1,000;MESURE
2025-01-16 12:00:00+01:00;1068,000;1,000;MESURE
2025-01-16 13:00:00+01:00;1053,000;1,000;MESURE
2025-01-16 14:00:00+01:00;1079,000;1,000;MESURE
2025-01-16 15:00:00+01:00;1076,000;1,000;MESURE
2025-01-16 16:00:00+01:00;1075,000;1,000;MESURE
2025-01-16 17:00:00+01:00;4469,000;1,000;MESURE
2025-01-16 18:00:00+01:00;9013,000;1,000;MESURE
2025-01-16 19:00:00+01:00;9002,000;1,000;MESURE
2025-01-16 20:00:00+01:00;9027,000;1,000;MESURE
2025-01-16 21:00:00+01:00;9091,000;1,000;MESURE
2025-01-16 22:00:00+01:00;8652,000;1,000;MESURE
2025-01-16 23:00:00+01:00;8533,000;1,000;MESURE
2025-01-17 00:00:00+01:00;8450,000;1,000;MESURE
2025-01-17 01:00:00+01:00;8192,000;1,000;MESURE
2025-01-17 02:00:00+01:00;8196,000;1,000;MESURE
2025-01-17 03:00:00+01:00;8206,000;1,000;MESURE
2025-01-17 04:00:00+01:00;8187,000;1,000;MESURE
2025-01-17 05:00:00+01:00;8721,000;1,000;MESURE
2025-01-17 06:00:00+01:00;8900,000;1,000;MESURE
2025-01-17 07:00:00+01:00;8196,000;1,000;MESURE
2025-01-17 08:00:00+01:00;1058,000;1,000;MESURE
2025-01-17 09:00:00+01:00;1057,000;1,000;MESURE
2025-01-17 10:00:00+01:00;1079,000;1,000;MESURE
2025-01-17 11:00:00+01:00;1060,000;1,000;MESURE
2025-01-17 12:00:00+01:00;1065,000;1,000;MESURE
2025-01-17 13:00:00+01:00;1066,000;1,000;MESURE
2025-01-17 14:00:00+01:00;1078,000;1,000;MESURE
2025-01-17 15:00:00+01:00;1087,000;1,000;MESURE
2025-01-17 16:00:00+01:00;1067,000;1,000;MESURE
2025-01-17 17:00:00+01:00;4384,000;1,000;MESURE
2025-01-17 18:00:00+01:00;9131,000;1,000;MESURE
2025-01-17 19:00:00+01:00;9141,000;1,000;MESURE
2025-01-17 20:00:00+01:00;9077,000;1,000;MESURE
2025-01-17 21:00:00+01:00;8930,000;1,000;MESURE
2025-01-17 22:00:00+01:00;8454,000;1,000;MESURE
2025-01-17 23:00:00+01:00;8382,000;1,000;MESURE
2025-01-18 00:00:00+01:00;8269,000;1,000;MESURE
2025-01-18 01:00:00+01:00;8226,000;1,000;MESURE
2025-01-18 02:00:00+01:00;8211,000;1,000;MESURE
2025-01-18 03:00:00+01:00;8216,000;1,000;MESURE
2025-01-18 04:00:00+01:00;8211,000;1,000;MESURE
2025-01-18 05:00:00+01:00;8777,000;1,000;MESURE
2025-01-18 06:00:00+01:00;8963,000;1,000;MESURE
2025-01-18 07:00:00+01:00;8212,000;1,000;MESURE
2025-01-18 08:00:00+01:00;1063,000;1,000;MESURE
2025-01-18 09:00:00+01:00;1052,000;1,000;MESURE
2025-01-18 10:00:00+01:00;1062,000;1,000;MESURE
2025-01-18 11:00:00+01:00;1069,000;1,000;MESURE
2025-01-18 12:00:00+01:00;1078,000;1,000;MESURE
2025-01-18 13:00:00+01:00;1086,000;1,000;MESURE
2025-01-18 14:00:00+01:00;1063,000;1,000;MESURE
2025-01-18 15:00:00+01:00;1078,000;1,000;MESURE
2025-01-18 16:00:00+01:00;1081,000;1,000;MESURE
2025-01-18 17:00:00+01:00;4063,000;1,000;MESURE
2025-01-18 18:00:00+01:00;9154,000;1,000;MESURE
2025-01-18 19:00:00+01:00;9151,000;1,000;MESURE
2025-01-18 20:00:00+01:00;9085,000;1,000;MESURE
2025-01-18 21:00:00+01:00;9098,000;1,000;MESURE
2025-01-18 22:00:00+01:00;8525,000;1,000;MESURE
2025-01-18 23:00:00+01:00;8377,000;1,000;MESURE
2025-01-19 00:00:00+01:00;8298,000;1,000;MESURE
2025-01-19 01:00:00+01:00;8226,000;1,000;MESURE
2025-01-19 02:00:00+01:00;8187,000;1,000;MESURE
2025-01-19 03:00:00+01:00;8198,000;1,000;MESURE
2025-01-19 04:00:00+01:00;8170,000;1,000;MESURE
2025-01-19 05:00:00+01:00;8725,000;1,000;MESURE
2025-01-19 06:00:00+01:00;8873,000;1,000;MESURE
2025-01-19 07:00:00+01:00;8032,000;1,000;MESURE
2025-01-19 08:00:00+01:00;1078,000;1,000;MESURE
2025-01-19 09:00:00+01:00;1059,000;1,000;MESURE
2025-01-19 10:00:00+01:00;1060,000;1,000;MESURE
2025-01-19 11:00:00+01:00;1051,000;1,000;MESURE
2025-01-19 12:00:00+01:00;1068,000;1,000;MESURE
2025-01-19 13:00:00+01:00;1062,000;1,000;MESURE
2025-01-19 14:00:00+01:00;1062,000;1,000;MESURE
2025-01-19 15:00:00+01:00;1087,000;1,000;MESURE
2025-01-19 16:00:00+01:00;1066,000;1,000;MESURE
2025-01-19 17:00:00+01:00;3966,000;1,000;MESURE
2025-01-19 18:00:00+01:00;9119,000;1,000;MESURE
2025-01-19 19:00:00+01:00;9118,000;1,000;MESURE
2025-01-19 20:00:00+01:00;9117,000;1,000;MESURE
2025-01-19 21:00:00+01:00;8885,000;1,000;MESURE
2025-01-19 22:00:00+01:00;8422,000;1,000;MESURE
2025-01-19 23:00:00+01:00;8407,000;1,000;MESURE
2025-01-20 00:00:00+01:00;8254,000;1,000;MESURE
2025-01-20 01:00:00+01:00;8135,000;1,000;MESURE
2025-01-20 02:00:00+01:00;8124,000;1,000;MESURE
2025-01-20 03:00:00+01:00;8149,000;1,000;MESURE
2025-01-20 04:00:00+01:00;8156,000;1,000;MESURE
2025-01-20 05:00:00+01:00;8707,000;1,000;MESURE
2025-01-20 06:00:00+01:00;8969,000;1,000;MESURE
2025-01-20 07:00:00+01:00;7965,000;1,000;MESURE
2025-01-20 08:00:00+01:00;1074,000;1,000;MESURE
2025-01-20 09:00:00+01:00;1087,000;1,000;MESURE
2025-01-20 10:00:00+01:00;1074,000;1,000;MESURE
2025-01-20 11:00:00+01:00;1083,000;1,000;MESURE
2025-01-20 12:00:00+01:00;1098,000;1,000;MESURE
2025-01-20 13:00:00+01:00;1092,000;1,000;MESURE
2025-01-20 14:00:00+01:00;1079,000;1,000;MESURE
2025-01-20 15:00:00+01:00;1059,000;1,000;MESURE
2025-01-20 16:00:00+01:00;1080,000;1,000;MESURE
2025-01-20 17:00:00+01:00;3834,000;1,000;MESURE
2025-01-20 18:00:00+01:00;9070,000;1,000;MESURE
2025-01-20 19:00:00+01:00;9094,000;1,000;MESURE
2025-01-20 20:00:00+01:00;9012,000;1,000;MESURE
2025-01-20 21:00:00+01:00;8888,000;1,000;MESURE
2025-01-20 22:00:00+01:00;8423,000;1,000;MESURE
2025-01-20 23:00:00+01:00;8387,000;1,000;MESURE
2025-01-21 00:00:00+01:00;8267,000;1,000;MESURE
2025-01-21 01:00:00+01:00;8191,000;1,000;MESURE
2025-01-21 02:00:00+01:00;8142,000;1,000;MESURE
2025-01-21 03:00:00+01:00;8171,000;1,000;MESURE
2025-01-21 04:00:00+01:00;8184,000;1,000;MESURE
2025-01-21 05:00:00+01:00;8725,000;1,000;MESURE
2025-01-21 06:00:00+01:00;8917,000;1,000;MESURE
2025-01-21 07:00:00+01:00;7814,000;1,000;MESURE
2025-01-21 08:00:00+01:00;1081,000;1,000;MESURE
2025-01-21 09:00:00+01:00;1108,000;1,000;MESURE
2025-01-21 10:00:00+01:00;1072,000;1,000;MESURE
2025-01-21 11:00:00+01:00;1082,000;1,000;MESURE
2025-01-21 12:00:00+01:00;1071,000;1,000;MESURE
2025-01-21 13:00:00+01:00;1081,000;1,000;MESURE
2025-01-21 14:00:00+01:00;1065,000;1,000;MESURE
2025-01-21 15:00:00+01:00;1058,000;1,000;MESURE
2025-01-21 16:00:00+01:00;1059,000;1,000;MESURE
2025-01-21 17:00:00+01:00;3583,000;1,000;MESURE
2025-01-21 18:00:00+01:00;9104,000;1,000;MESURE
2025-01-21 19:00:00+01:00;9106,000;1,000;MESURE
2025-01-21 20:00:00+01:00;9065,000;1,000;MESURE
2025-01-21 21:00:00+01:00;8901,000;1,000;MESURE
2025-01-21 22:00:00+01:00;8378,000;1,000;MESURE
2025-01-21 23:00:00+01:00;8434,000;1,000;MESURE
2025-01-22 00:00:00+01:00;8210,000;1,000;MESURE
2025-01-22 01:00:00+01:00;8112,000;1,000;MESURE
2025-01-22 02:00:00+01:00;8213,000;1,000;MESURE
2025-01-22 03:00:00+01:00;8160,000;1,000;MESURE
2025-01-22 04:00:00+01:00;8181,000;1,000;MESURE
2025-01-22 05:00:00+01:00;8741,000;1,000;MESURE
2025-01-22 06:00:00+01:00;8902,000;1,000;MESURE
2025-01-22 07:00:00+01:00;7747,000;1,000;MESURE
2025-01-22 08:00:00+01:00;1084,000;1,000;MESURE
2025-01-22 09:00:00+01:00;1075,000;1,000;MESURE
2025-01-22 10:00:00+01:00;1080,000;1,000;MESURE
2025-01-22 11:00:00+01:00;1091,000;1,000;MESURE
2025-01-22 12:00:00+01:00;1080,000;1,000;MESURE
2025-01-22 13:00:00+01:00;1096,000;1,000;MESURE
2025-01-22 14:00:00+01:00;1062,000;1,000;MESURE
2025-01-22 15:00:00+01:00;1061,000;1,000;MESURE
2025-01-22 16:00:00+01:00;1065,000;1,000;MESURE
2025-01-22 17:00:00+01:00;3439,000;1,000;MESURE
2025-01-22 18:00:00+01:00;9120,000;1,000;MESURE
2025-01-22 19:00:00+01:00;9107,000;1,000;MESURE
2025-01-22 20:00:00+01:00;8922,000;1,000;MESURE
2025-01-22 21:00:00+01:00;8902,000;1,000;MESURE
2025-01-22 22:00:00+01:00;8425,000;1,000;MESURE
2025-01-22 23:00:00+01:00;8361,000;1,000;MESURE
2025-01-23 00:00:00+01:00;8271,000;1,000;MESURE
2025-01-23 01:00:00+01:00;8200,000;1,000;MESURE
2025-01-23 02:00:00+01:00;8184,000;1,000;MESURE
2025-01-23 03:00:00+01:00;8225,000;1,000;MESURE
2025-01-23 04:00:00+01:00;8196,000;1,000;MESURE
2025-01-23 05:00:00+01:00;8331,000;1,000;MESURE
2025-01-23 06:00:00+01:00;8447,000;1,000;MESURE
2025-01-23 07:00:00+01:00;7171,000;1,000;MESURE
2025-01-23 08:00:00+01:00;578,000;1,000;MESURE
2025-01-23 09:00:00+01:00;554,000;1,000;MESURE
2025-01-23 10:00:00+01:00;405,000;1,000;MESURE
2025-01-23 11:00:00+01:00;149,000;1,000;MESURE
2025-01-23 12:00:00+01:00;104,000;1,000;MESURE
2025-01-23 13:00:00+01:00;101,000;1,000;MESURE
2025-01-23 14:00:00+01:00;103,000;1,000;MESURE
2025-01-23 15:00:00+01:00;107,000;1,000;MESURE
2025-01-23 16:00:00+01:00;120,000;1,000;MESURE
2025-01-23 17:00:00+01:00;2321,000;1,000;MESURE
2025-01-23 18:00:00+01:00;8107,000;1,000;MESURE
2025-01-23 19:00:00+01:00;8242,000;1,000;MESURE
2025-01-23 20:00:00+01:00;8386,000;1,000;MESURE
2025-01-23 21:00:00+01:00;8531,000;1,000;MESURE
2025-01-23 22:00:00+01:00;8231,000;1,000;MESURE
2025-01-23 23:00:00+01:00;8309,000;1,000;MESURE
2025-01-24 00:00:00+01:00;8204,000;1,000;MESURE
2025-01-24 01:00:00+01:00;8288,000;1,000;MESURE
2025-01-24 02:00:00+01:00;8276,000;1,000;MESURE
2025-01-24 03:00:00+01:00;8287,000;1,000;MESURE
2025-01-24 04:00:00+01:00;8236,000;1,000;MESURE
2025-01-24 05:00:00+01:00;8807,000;1,000;MESURE
2025-01-24 06:00:00+01:00;8986,000;1,000;MESURE
2025-01-24 07:00:00+01:00;7457,000;1,000;MESURE
2025-01-24 08:00:00+01:00;1071,000;1,000;MESURE
2025-01-24 09:00:00+01:00;1060,000;1,000;MESURE
2025-01-24 10:00:00+01:00;1029,000;1,000;MESURE
2025-01-24 11:00:00+01:00;542,000;1,000;MESURE
2025-01-24 12:00:00+01:00;138,000;1,000;MESURE
2025-01-24 13:00:00+01:00;108,000;1,000;MESURE
2025-01-24 14:00:00+01:00;91,000;1,000;MESURE
2025-01-24 15:00:00+01:00;100,000;1,000;MESURE
2025-01-24 16:00:00+01:00;108,000;1,000;MESURE
2025-01-24 17:00:00+01:00;2051,000;1,000;MESURE
2025-01-24 18:00:00+01:00;8071,000;1,000;MESURE
2025-01-24 19:00:00+01:00;7953,000;1,000;MESURE
2025-01-24 20:00:00+01:00;7983,000;1,000;MESURE
2025-01-24 21:00:00+01:00;8008,000;1,000;MESURE
2025-01-24 22:00:00+01:00;7519,000;1,000;MESURE
2025-01-24 23:00:00+01:00;7462,000;1,000;MESURE
2025-01-25 00:00:00+01:00;7403,000;1,000;MESURE
2025-01-25 01:00:00+01:00;7403,000;1,000;MESURE
2025-01-25 02:00:00+01:00;6973,000;1,000;MESURE
2025-01-25 03:00:00+01:00;7732,000;1,000;MESURE
2025-01-25 04:00:00+01:00;7727,000;1,000;MESURE
2025-01-25 05:00:00+01:00;8207,000;1,000;MESURE
2025-01-25 06:00:00+01:00;8188,000;1,000;MESURE
2025-01-25 07:00:00+01:00;6521,000;1,000;MESURE
2025-01-25 08:00:00+01:00;184,000;1,000;MESURE
2025-01-25 09:00:00+01:00;146,000;1,000;MESURE
2025-01-25 10:00:00+01:00;114,000;1,000;MESURE
2025-01-25 11:00:00+01:00;147,000;1,000;MESURE
2025-01-25 12:00:00+01:00;112,000;1,000;MESURE
2025-01-25 13:00:00+01:00;107,000;1,000;MESURE
2025-01-25 14:00:00+01:00;96,000;1,000;MESURE
2025-01-25 15:00:00+01:00;101,000;1,000;MESURE
2025-01-25 16:00:00+01:00;106,000;1,000;MESURE
2025-01-25 17:00:00+01:00;1920,000;1,000;MESURE
2025-01-25 18:00:00+01:00;8047,000;1,000;MESURE
2025-01-25 19:00:00+01:00;8005,000;1,000;MESURE
2025-01-25 20:00:00+01:00;7924,000;1,000;MESURE
2025-01-25 21:00:00+01:00;7974,000;1,000;MESURE
2025-01-25 22:00:00+01:00;7453,000;1,000;MESURE
2025-01-25 23:00:00+01:00;7430,000;1,000;MESURE
2025-01-26 00:00:00+01:00;7307,000;1,000;MESURE
2025-01-26 01:00:00+01:00;7252,000;1,000;MESURE
2025-01-26 02:00:00+01:00;7267,000;1,000;MESURE
2025-01-26 03:00:00+01:00;7306,000;1,000;MESURE
2025-01-26 04:00:00+01:00;7354,000;1,000;MESURE
2025-01-26 05:00:00+01:00;8002,000;1,000;MESURE
2025-01-26 06:00:00+01:00;8275,000;1,000;MESURE
2025-01-26 07:00:00+01:00;6736,000;1,000;MESURE
2025-01-26 08:00:00+01:00;696,000;1,000;MESURE
2025-01-26 09:00:00+01:00;653,000;1,000;MESURE
2025-01-26 10:00:00+01:00;333,000;1,000;MESURE
2025-01-26 11:00:00+01:00;116,000;1,000;MESURE
2025-01-26 12:00:00+01:00;85,000;1,000;MESURE
2025-01-26 13:00:00+01:00;85,000;1,000;MESURE
2025-01-26 14:00:00+01:00;110,000;1,000;MESURE
2025-01-26 15:00:00+01:00;94,000;1,000;MESURE
2025-01-26 16:00:00+01:00;92,000;1,000;MESURE
2025-01-26 17:00:00+01:00;1812,000;1,000;MESURE
2025-01-26 18:00:00+01:00;8176,000;1,000;MESURE
2025-01-26 19:00:00+01:00;8074,000;1,000;MESURE
2025-01-26 20:00:00+01:00;8099,000;1,000;MESURE
2025-01-26 21:00:00+01:00;8030,000;1,000;MESURE
2025-01-26 22:00:00+01:00;7556,000;1,000;MESURE
2025-01-26 23:00:00+01:00;7571,000;1,000;MESURE
2025-01-27 00:00:00+01:00;7443,000;1,000;MESURE
2025-01-27 01:00:00+01:00;7362,000;1,000;MESURE
2025-01-27 02:00:00+01:00;7375,000;1,000;MESURE
2025-01-27 03:00:00+01:00;7393,000;1,000;MESURE
2025-01-27 04:00:00+01:00;7385,000;1,000;MESURE
2025-01-27 05:00:00+01:00;7941,000;1,000;MESURE
2025-01-27 06:00:00+01:00;8128,000;1,000;MESURE
2025-01-27 07:00:00+01:00;6283,000;1,000;MESURE
2025-01-27 08:00:00+01:00;342,000;1,000;MESURE
2025-01-27 09:00:00+01:00;284,000;1,000;MESURE
2025-01-27 10:00:00+01:00;201,000;1,000;MESURE
2025-01-27 11:00:00+01:00;114,000;1,000;MESURE
2025-01-27 12:00:00+01:00;92,000;1,000;MESURE
2025-01-27 13:00:00+01:00;94,000;1,000;MESURE
2025-01-27 14:00:00+01:00;108,000;1,000;MESURE
2025-01-27 15:00:00+01:00;117,000;1,000;MESURE
2025-01-27 16:00:00+01:00;129,000;1,000;MESURE
2025-01-27 17:00:00+01:00;1594,000;1,000;MESURE
2025-01-27 18:00:00+01:00;8140,000;1,000;MESURE
2025-01-27 19:00:00+01:00;8109,000;1,000;MESURE
2025-01-27 20:00:00+01:00;8136,000;1,000;MESURE
2025-01-27 21:00:00+01:00;8217,000;1,000;MESURE
2025-01-27 22:00:00+01:00;7726,000;1,000;MESURE
2025-01-27 23:00:00+01:00;7687,000;1,000;MESURE
2025-01-28 00:00:00+01:00;7599,000;1,000;MESURE
2025-01-28 01:00:00+01:00;7546,000;1,000;MESURE
2025-01-28 02:00:00+01:00;7675,000;1,000;MESURE
2025-01-28 03:00:00+01:00;7582,000;1,000;MESURE
2025-01-28 04:00:00+01:00;7596,000;1,000;MESURE
2025-01-28 05:00:00+01:00;8240,000;1,000;MESURE
2025-01-28 06:00:00+01:00;8532,000;1,000;MESURE
2025-01-28 07:00:00+01:00;6687,000;1,000;MESURE
2025-01-28 08:00:00+01:00;767,000;1,000;MESURE
2025-01-28 09:00:00+01:00;787,000;1,000;MESURE
2025-01-28 10:00:00+01:00;677,000;1,000;MESURE
2025-01-28 11:00:00+01:00;333,000;1,000;MESURE
2025-01-28 12:00:00+01:00;150,000;1,000;MESURE
2025-01-28 13:00:00+01:00;113,000;1,000;MESURE
2025-01-28 14:00:00+01:00;104,000;1,000;MESURE
2025-01-28 15:00:00+01:00;169,000;1,000;MESURE
2025-01-28 16:00:00+01:00;198,000;1,000;MESURE
2025-01-28 17:00:00+01:00;1634,000;1,000;MESURE
2025-01-28 18:00:00+01:00;8432,000;1,000;MESURE
2025-01-28 19:00:00+01:00;8353,000;1,000;MESURE
2025-01-28 20:00:00+01:00;8374,000;1,000;MESURE
2025-01-28 21:00:00+01:00;8354,000;1,000;MESURE
2025-01-28 22:00:00+01:00;7923,000;1,000;MESURE
2025-01-28 23:00:00+01:00;7938,000;1,000;MESURE
2025-01-29 00:00:00+01:00;7837,000;1,000;MESURE
2025-01-29 01:00:00+01:00;7703,000;1,000;MESURE
2025-01-29 02:00:00+01:00;7726,000;1,000;MESURE
2025-01-29 03:00:00+01:00;7685,000;1,000;MESURE
2025-01-29 04:00:00+01:00;7720,000;1,000;MESURE
2025-01-29 05:00:00+01:00;8261,000;1,000;MESURE
2025-01-29 06:00:00+01:00;8571,000;1,000;MESURE
2025-01-29 07:00:00+01:00;6509,000;1,000;MESURE
2025-01-29 08:00:00+01:00;844,000;1,000;MESURE
2025-01-29 09:00:00+01:00;811,000;1,000;MESURE
2025-01-29 10:00:00+01:00;499,000;1,000;MESURE
2025-01-29 11:00:00+01:00;182,000;1,000;MESURE
2025-01-29 12:00:00+01:00;98,000;1,000;MESURE
2025-01-29 13:00:00+01:00;86,000;1,000;MESURE
2025-01-29 14:00:00+01:00;443,000;1,000;MESURE
2025-01-29 15:00:00+01:00;88,000;1,000;MESURE
2025-01-29 16:00:00+01:00;92,000;1,000;MESURE
2025-01-29 17:00:00+01:00;1073,000;1,000;MESURE
2025-01-29 18:00:00+01:00;7394,000;1,000;MESURE
2025-01-29 19:00:00+01:00;7417,000;1,000;MESURE
2025-01-29 20:00:00+01:00;7582,000;1,000;MESURE
2025-01-29 21:00:00+01:00;7682,000;1,000;MESURE
2025-01-29 22:00:00+01:00;7338,000;1,000;MESURE
2025-01-29 23:00:00+01:00;7373,000;1,000;MESURE
2025-01-30 00:00:00+01:00;7275,000;1,000;MESURE
2025-01-30 01:00:00+01:00;7269,000;1,000;MESURE
2025-01-30 02:00:00+01:00;7324,000;1,000;MESURE
2025-01-30 03:00:00+01:00;7361,000;1,000;MESURE
2025-01-30 04:00:00+01:00;7352,000;1,000;MESURE
2025-01-30 05:00:00+01:00;7856,000;1,000;MESURE
2025-01-30 06:00:00+01:00;8040,000;1,000;MESURE
2025-01-30 07:00:00+01:00;6020,000;1,000;MESURE
2025-01-30 08:00:00+01:00;688,000;1,000;MESURE
2025-01-30 09:00:00+01:00;13,000;1,000;MESURE
2025-01-30 10:00:00+01:00;12,000;1,000;MESURE
2025-01-30 11:00:00+01:00;1003,000;1,000;MESURE
2025-01-30 12:00:00+01:00;767,000;1,000;MESURE
2025-01-30 13:00:00+01:00;675,000;1,000;MESURE
2025-01-30 14:00:00+01:00;619,000;1,000;MESURE
2025-01-30 15:00:00+01:00;531,000;1,000;MESURE
2025-01-30 16:00:00+01:00;495,000;1,000;MESURE
2025-01-30 17:00:00+01:00;1269,000;1,000;MESURE
2025-01-30 18:00:00+01:00;7182,000;1,000;MESURE
2025-01-30 19:00:00+01:00;7177,000;1,000;MESURE
2025-01-30 20:00:00+01:00;7168,000;1,000;MESURE
2025-01-30 21:00:00+01:00;7080,000;1,000;MESURE
2025-01-30 22:00:00+01:00;6553,000;1,000;MESURE
2025-01-30 23:00:00+01:00;6548,000;1,000;MESURE
2025-01-31 00:00:00+01:00;6472,000;1,000;MESURE
2025-01-31 01:00:00+01:00;6406,000;1,000;MESURE
2025-01-31 02:00:00+01:00;6460,000;1,000;MESURE
2025-01-31 03:00:00+01:00;6474,000;1,000;MESURE
2025-01-31 04:00:00+01:00;6517,000;1,000;MESURE
2025-01-31 05:00:00+01:00;7100,000;1,000;MESURE
2025-01-31 06:00:00+01:00;7288,000;1,000;MESURE
2025-01-31 07:00:00+01:00;5445,000;1,000;MESURE
2025-01-31 08:00:00+01:00;858,000;1,000;MESURE
2025-01-31 09:00:00+01:00;835,000;1,000;MESURE
2025-01-31 10:00:00+01:00;693,000;1,000;MESURE
2025-01-31 11:00:00+01:00;594,000;1,000;MESURE
2025-01-31 12:00:00+01:00;479,000;1,000;MESURE
2025-01-31 13:00:00+01:00;388,000;1,000;MESURE
2025-01-31 14:00:00+01:00;368,000;1,000;MESURE
2025-01-31 15:00:00+01:00;383,000;1,000;MESURE
2025-01-31 16:00:00+01:00;417,000;1,000;MESURE
2025-01-31 17:00:00+01:00;955,000;1,000;MESURE
2025-01-31 18:00:00+01:00;5578,000;1,000;MESURE
2025-01-31 19:00:00+01:00;5633,000;1,000;MESURE
2025-01-31 20:00:00+01:00;5591,000;1,000;MESURE
2025-01-31 21:00:00+01:00;5601,000;1,000;MESURE
2025-01-31 22:00:00+01:00;5666,000;1,000;MESURE
2025-01-31 23:00:00+01:00;5685,000;1,000;MESURE
2025-02-01 00:00:00+01:00;5611,000;1,000;MESURE
2025-02-01 01:00:00+01:00;5574,000;1,000;MESURE
2025-02-01 02:00:00+01:00;5613,000;1,000;MESURE
2025-02-01 03:00:00+01:00;5641,000;1,000;MESURE
2025-02-01 04:00:00+01:00;5664,000;1,000;MESURE
2025-02-01 05:00:00+01:00;5711,000;1,000;MESURE
2025-02-01 06:00:00+01:00;5913,000;1,000;MESURE
2025-02-01 07:00:00+01:00;4547,000;1,000;MESURE
2025-02-01 08:00:00+01:00;1436,000;1,000;MESURE
2025-02-01 09:00:00+01:00;1017,000;1,000;MESURE
2025-02-01 10:00:00+01:00;946,000;1,000;MESURE
2025-02-01 11:00:00+01:00;867,000;1,000;MESURE
2025-02-01 12:00:00+01:00;793,000;1,000;MESURE
2025-02-01 13:00:00+01:00;741,000;1,000;MESURE
2025-02-01 14:00:00+01:00;706,000;1,000;MESURE
2025-02-01 15:00:00+01:00;698,000;1,000;MESURE
2025-02-01 16:00:00+01:00;674,000;1,000;MESURE
2025-02-01 17:00:00+01:00;849,000;1,000;MESURE
2025-02-01 18:00:00+01:00;5494,000;1,000;MESURE
2025-02-01 19:00:00+01:00;5872,000;1,000;MESURE
2025-02-01 20:00:00+01:00;5897,000;1,000;MESURE
2025-02-01 21:00:00+01:00;5914,000;1,000;MESURE
2025-02-01 22:00:00+01:00;5859,000;1,000;MESURE
2025-02-01 23:00:00+01:00;5924,000;1,000;MESURE
2025-02-02 00:00:00+01:00;5793,000;1,000;MESURE
2025-02-02 01:00:00+01:00;5753,000;1,000;MESURE
2025-02-02 02:00:00+01:00;5857,000;1,000;MESURE
2025-02-02 03:00:00+01:00;5861,000;1,000;MESURE
2025-02-02 04:00:00+01:00;5788,000;1,000;MESURE
2025-02-02 05:00:00+01:00;5852,000;1,000;MESURE
2025-02-02 06:00:00+01:00;6018,000;1,000;MESURE
2025-02-02 07:00:00+01:00;4587,000;1,000;MESURE
2025-02-02 08:00:00+01:00;1614,000;1,000;MESURE
2025-02-02 09:00:00+01:00;1131,000;1,000;MESURE
2025-02-02 10:00:00+01:00;1114,000;1,000;MESURE
2025-02-02 11:00:00+01:00;1044,000;1,000;MESURE
2025-02-02 12:00:00+01:00;1006,000;1,000;MESURE
2025-02-02 13:00:00+01:00;949,000;1,000;MESURE
2025-02-02 14:00:00+01:00;928,000;1,000;MESURE
2025-02-02 15:00:00+01:00;833,000;1,000;MESURE
2025-02-02 16:00:00+01:00;643,000;1,000;MESURE
2025-02-02 17:00:00+01:00;858,000;1,000;MESURE
2025-02-02 18:00:00+01:00;5636,000;1,000;MESURE
2025-02-02 19:00:00+01:00;6172,000;1,000;MESURE
2025-02-02 20:00:00+01:00;6212,000;1,000;MESURE
2025-02-02 21:00:00+01:00;6088,000;1,000;MESURE
2025-02-02 22:00:00+01:00;6074,000;1,000;MESURE
2025-02-02 23:00:00+01:00;5989,000;1,000;MESURE
2025-02-03 00:00:00+01:00;5897,000;1,000;MESURE
2025-02-03 01:00:00+01:00;5786,000;1,000;MESURE
2025-02-03 02:00:00+01:00;5835,000;1,000;MESURE
2025-02-03 03:00:00+01:00;5861,000;1,000;MESURE
2025-02-03 04:00:00+01:00;5852,000;1,000;MESURE
2025-02-03 05:00:00+01:00;5883,000;1,000;MESURE
2025-02-03 06:00:00+01:00;6086,000;1,000;MESURE
2025-02-03 07:00:00+01:00;4570,000;1,000;MESURE
2025-02-03 08:00:00+01:00;1709,000;1,000;MESURE
2025-02-03 09:00:00+01:00;1154,000;1,000;MESURE
2025-02-03 10:00:00+01:00;1155,000;1,000;MESURE
2025-02-03 11:00:00+01:00;1147,000;1,000;MESURE
2025-02-03 12:00:00+01:00;1101,000;1,000;MESURE
2025-02-03 13:00:00+01:00;1044,000;1,000;MESURE
2025-02-03 14:00:00+01:00;983,000;1,000;MESURE
2025-02-03 15:00:00+01:00;869,000;1,000;MESURE
2025-02-03 16:00:00+01:00;872,000;1,000;MESURE
2025-02-03 17:00:00+01:00;948,000;1,000;MESURE
2025-02-03 18:00:00+01:00;5493,000;1,000;MESURE
2025-02-03 19:00:00+01:00;6079,000;1,000;MESURE
2025-02-03 20:00:00+01:00;6072,000;1,000;MESURE
2025-02-03 21:00:00+01:00;6056,000;1,000;MESURE
2025-02-03 22:00:00+01:00;6086,000;1,000;MESURE
2025-02-03 23:00:00+01:00;6022,000;1,000;MESURE
2025-02-04 00:00:00+01:00;5896,000;1,000;MESURE
2025-02-04 01:00:00+01:00;5812,000;1,000;MESURE
2025-02-04 02:00:00+01:00;5802,000;1,000;MESURE
2025-02-04 03:00:00+01:00;5798,000;1,000;MESURE
2025-02-04 04:00:00+01:00;5788,000;1,000;MESURE
2025-02-04 05:00:00+01:00;5824,000;1,000;MESURE
2025-02-04 06:00:00+01:00;6006,000;1,000;MESURE
2025-02-04 07:00:00+01:00;4435,000;1,000;MESURE
2025-02-04 08:00:00+01:00;1745,000;1,000;MESURE
2025-02-04 09:00:00+01:00;1112,000;1,000;MESURE
2025-02-04 10:00:00+01:00;1121,000;1,000;MESURE
2025-02-04 11:00:00+01:00;1123,000;1,000;MESURE
2025-02-04 12:00:00+01:00;1124,000;1,000;MESURE
2025-02-04 13:00:00+01:00;767,000;1,000;MESURE
2025-02-04 14:00:00+01:00;546,000;1,000;MESURE
2025-02-04 15:00:00+01:00;531,000;1,000;MESURE
2025-02-04 16:00:00+01:00;499,000;1,000;MESURE
2025-02-04 17:00:00+01:00;641,000;1,000;MESURE
2025-02-04 18:00:00+01:00;5255,000;1,000;MESURE
2025-02-04 19:00:00+01:00;6145,000;1,000;MESURE
2025-02-04 20:00:00+01:00;6250,000;1,000;MESURE
2025-02-04 21:00:00+01:00;6190,000;1,000;MESURE
2025-02-04 22:00:00+01:00;6141,000;1,000;MESURE
2025-02-04 23:00:00+01:00;6001,000;1,000;MESURE
2025-02-05 00:00:00+01:00;5862,000;1,000;MESURE
2025-02-05 01:00:00+01:00;5790,000;1,000;MESURE
2025-02-05 02:00:00+01:00;5815,000;1,000;MESURE
2025-02-05 03:00:00+01:00;5775,000;1,000;MESURE
2025-02-05 04:00:00+01:00;5777,000;1,000;MESURE
2025-02-05 05:00:00+01:00;5844,000;1,000;MESURE
2025-02-05 06:00:00+01:00;6072,000;1,000;MESURE
2025-02-05 07:00:00+01:00;4369,000;1,000;MESURE
2025-02-05 08:00:00+01:00;1841,000;1,000;MESURE
2025-02-05 09:00:00+01:00;1150,000;1,000;MESURE
2025-02-05 10:00:00+01:00;1140,000;1,000;MESURE
2025-02-05 11:00:00+01:00;1333,000;1,000;MESURE
2025-02-05 12:00:00+01:00;1014,000;1,000;MESURE
2025-02-05 13:00:00+01:00;725,000;1,000;MESURE
2025-02-05 14:00:00+01:00;502,000;1,000;MESURE
2025-02-05 15:00:00+01:00;434,000;1,000;MESURE
2025-02-05 16:00:00+01:00;314,000;1,000;MESURE
2025-02-05 17:00:00+01:00;708,000;1,000;MESURE
2025-02-05 18:00:00+01:00;5596,000;1,000;MESURE
2025-02-05 19:00:00+01:00;6108,000;1,000;MESURE
2025-02-05 20:00:00+01:00;6233,000;1,000;MESURE
2025-02-05 21:00:00+01:00;6158,000;1,000;MESURE
2025-02-05 22:00:00+01:00;6174,000;1,000;MESURE
2025-02-05 23:00:00+01:00;6121,000;1,000;MESURE
2025-02-06 00:00:00+01:00;5974,000;1,000;MESURE
2025-02-06 01:00:00+01:00;5812,000;1,000;MESURE
2025-02-06 02:00:00+01:00;5842,000;1,000;MESURE
2025-02-06 03:00:00+01:00;5858,000;1,000;MESURE
2025-02-06 04:00:00+01:00;5862,000;1,000;MESURE
2025-02-06 05:00:00+01:00;5878,000;1,000;MESURE
2025-02-06 06:00:00+01:00;6073,000;1,000;MESURE
2025-02-06 07:00:00+01:00;4286,000;1,000;MESURE
2025-02-06 08:00:00+01:00;1941,000;1,000;MESURE
2025-02-06 09:00:00+01:00;1612,000;1,000;MESURE
2025-02-06 10:00:00+01:00;1089,000;1,000;MESURE
2025-02-06 11:00:00+01:00;1088,000;1,000;MESURE
2025-02-06 12:00:00+01:00;1109,000;1,000;MESURE
2025-02-06 13:00:00+01:00;1078,000;1,000;MESURE
2025-02-06 14:00:00+01:00;824,000;1,000;MESURE
2025-02-06 15:00:00+01:00;1108,000;1,000;MESURE
2025-02-06 16:00:00+01:00;1087,000;1,000;MESURE
2025-02-06 17:00:00+01:00;1295,000;1,000;MESURE
2025-02-06 18:00:00+01:00;5834,000;1,000;MESURE
2025-02-06 19:00:00+01:00;6167,000;1,000;MESURE
2025-02-06 20:00:00+01:00;6196,000;1,000;MESURE
2025-02-06 21:00:00+01:00;6220,000;1,000;MESURE
2025-02-06 22:00:00+01:00;6244,000;1,000;MESURE
2025-02-06 23:00:00+01:00;6056,000;1,000;MESURE
2025-02-07 00:00:00+01:00;6037,000;1,000;MESURE
2025-02-07 01:00:00+01:00;6057,000;1,000;MESURE
2025-02-07 02:00:00+01:00;6028,000;1,000;MESURE
2025-02-07 03:00:00+01:00;6033,000;1,000;MESURE
2025-02-07 04:00:00+01:00;6039,000;1,000;MESURE
2025-02-07 05:00:00+01:00;6050,000;1,000;MESURE
2025-02-07 06:00:00+01:00;6026,000;1,000;MESURE
2025-02-07 07:00:00+01:00;4187,000;1,000;MESURE
2025-02-07 08:00:00+01:00;1945,000;1,000;MESURE
2025-02-07 09:00:00+01:00;1940,000;1,000;MESURE
2025-02-07 10:00:00+01:00;1963,000;1,000;MESURE
2025-02-07 11:00:00+01:00;1959,000;1,000;MESURE
2025-02-07 12:00:00+01:00;1926,000;1,000;MESURE
2025-02-07 13:00:00+01:00;1821,000;1,000;MESURE
2025-02-07 14:00:00+01:00;1618,000;1,000;MESURE
2025-02-07 15:00:00+01:00;903,000;1,000;MESURE
2025-02-07 16:00:00+01:00;876,000;1,000;MESURE
2025-02-07 17:00:00+01:00;1176,000;1,000;MESURE
2025-02-07 18:00:00+01:00;5679,000;1,000;MESURE
2025-02-07 19:00:00+01:00;6156,000;1,000;MESURE
2025-02-07 20:00:00+01:00;6148,000;1,000;MESURE
2025-02-07 21:00:00+01:00;6077,000;1,000;MESURE
2025-02-07 22:00:00+01:00;6054,000;1,000;MESURE
2025-02-07 23:00:00+01:00;6030,000;1,000;MESURE
2025-02-08 00:00:00+01:00;6044,000;1,000;MESURE
2025-02-08 01:00:00+01:00;6057,000;1,000;MESURE
2025-02-08 02:00:00+01:00;6046,000;1,000;MESURE
2025-02-08 03:00:00+01:00;6058,000;1,000;MESURE
2025-02-08 04:00:00+01:00;6048,000;1,000;MESURE
2025-02-08 05:00:00+01:00;6033,000;1,000;MESURE
2025-02-08 06:00:00+01:00;6053,000;1,000;MESURE
2025-02-08 07:00:00+01:00;4063,000;1,000;MESURE
2025-02-08 08:00:00+01:00;1934,000;1,000;MESURE
2025-02-08 09:00:00+01:00;1936,000;1,000;MESURE
2025-02-08 10:00:00+01:00;1954,000;1,000;MESURE
2025-02-08 11:00:00+01:00;1954,000;1,000;MESURE
2025-02-08 12:00:00+01:00;1962,000;1,000;MESURE
2025-02-08 13:00:00+01:00;1942,000;1,000;MESURE
2025-02-08 14:00:00+01:00;1903,000;1,000;MESURE
2025-02-08 15:00:00+01:00;1680,000;1,000;MESURE
2025-02-08 16:00:00+01:00;1498,000;1,000;MESURE
2025-02-08 17:00:00+01:00;1545,000;1,000;MESURE
2025-02-08 18:00:00+01:00;5382,000;1,000;MESURE
2025-02-08 19:00:00+01:00;6093,000;1,000;MESURE
2025-02-08 20:00:00+01:00;6164,000;1,000;MESURE
2025-02-08 21:00:00+01:00;6158,000;1,000;MESURE
2025-02-08 22:00:00+01:00;6073,000;1,000;MESURE
2025-02-08 23:00:00+01:00;6053,000;1,000;MESURE
2025-02-09 00:00:00+01:00;6043,000;1,000;MESURE
2025-02-09 01:00:00+01:00;6041,000;1,000;MESURE
2025-02-09 02:00:00+01:00;6056,000;1,000;MESURE
2025-02-09 03:00:00+01:00;6075,000;1,000;MESURE
2025-02-09 04:00:00+01:00;6089,000;1,000;MESURE
2025-02-09 05:00:00+01:00;6080,000;1,000;MESURE
2025-02-09 06:00:00+01:00;6079,000;1,000;MESURE
2025-02-09 07:00:00+01:00;4017,000;1,000;MESURE
2025-02-09 08:00:00+01:00;1931,000;1,000;MESURE
2025-02-09 09:00:00+01:00;1929,000;1,000;MESURE
2025-02-09 10:00:00+01:00;1884,000;1,000;MESURE
2025-02-09 11:00:00+01:00;1748,000;1,000;MESURE
2025-02-09 12:00:00+01:00;1597,000;1,000;MESURE
2025-02-09 13:00:00+01:00;1486,000;1,000;MESURE
2025-02-09 14:00:00+01:00;1111,000;1,000;MESURE
2025-02-09 15:00:00+01:00;1032,000;1,000;MESURE
2025-02-09 16:00:00+01:00;1033,000;1,000;MESURE
2025-02-09 17:00:00+01:00;1113,000;1,000;MESURE
2025-02-09 18:00:00+01:00;4749,000;1,000;MESURE
2025-02-09 19:00:00+01:00;5612,000;1,000;MESURE
2025-02-09 20:00:00+01:00;5673,000;1,000;MESURE
2025-02-09 21:00:00+01:00;5820,000;1,000;MESURE
2025-02-09 22:00:00+01:00;5850,000;1,000;MESURE
2025-02-09 23:00:00+01:00;5874,000;1,000;MESURE
2025-02-10 00:00:00+01:00;5899,000;1,000;MESURE
2025-02-10 01:00:00+01:00;5943,000;1,000;MESURE
2025-02-10 02:00:00+01:00;5955,000;1,000;MESURE
2025-02-10 03:00:00+01:00;5981,000;1,000;MESURE
2025-02-10 04:00:00+01:00;5985,000;1,000;MESURE
2025-02-10 05:00:00+01:00;5966,000;1,000;MESURE
2025-02-10 06:00:00+01:00;6032,000;1,000;MESURE
2025-02-10 07:00:00+01:00;3880,000;1,000;MESURE
2025-02-10 08:00:00+01:00;1886,000;1,000;MESURE
2025-02-10 09:00:00+01:00;1817,000;1,000;MESURE
2025-02-10 10:00:00+01:00;1634,000;1,000;MESURE
2025-02-10 11:00:00+01:00;922,000;1,000;MESURE
2025-02-10 12:00:00+01:00;754,000;1,000;MESURE
2025-02-10 13:00:00+01:00;1018,000;1,000;MESURE
2025-02-10 14:00:00+01:00;507,000;1,000;MESURE
2025-02-10 15:00:00+01:00;429,000;1,000;MESURE
2025-02-10 16:00:00+01:00;404,000;1,000;MESURE
2025-02-10 17:00:00+01:00;547,000;1,000;MESURE
2025-02-10 18:00:00+01:00;5927,000;1,000;MESURE
2025-02-10 19:00:00+01:00;7030,000;1,000;MESURE
2025-02-10 20:00:00+01:00;7088,000;1,000;MESURE
2025-02-10 21:00:00+01:00;7126,000;1,000;MESURE
2025-02-10 22:00:00+01:00;6651,000;1,000;MESURE
2025-02-10 23:00:00+01:00;6659,000;1,000;MESURE
2025-02-11 00:00:00+01:00;6677,000;1,000;MESURE
2025-02-11 01:00:00+01:00;6565,000;1,000;MESURE
2025-02-11 02:00:00+01:00;6503,000;1,000;MESURE
2025-02-11 03:00:00+01:00;6426,000;1,000;MESURE
2025-02-11 04:00:00+01:00;6472,000;1,000;MESURE
2025-02-11 05:00:00+01:00;6878,000;1,000;MESURE
2025-02-11 06:00:00+01:00;6891,000;1,000;MESURE
2025-02-11 07:00:00+01:00;3385,000;1,000;MESURE
2025-02-11 08:00:00+01:00;554,000;1,000;MESURE
2025-02-11 09:00:00+01:00;517,000;1,000;MESURE
2025-02-11 10:00:00+01:00;458,000;1,000;MESURE
2025-02-11 11:00:00+01:00;383,000;1,000;MESURE
2025-02-11 12:00:00+01:00;352,000;1,000;MESURE
2025-02-11 13:00:00+01:00;255,000;1,000;MESURE
2025-02-11 14:00:00+01:00;207,000;1,000;MESURE
2025-02-11 15:00:00+01:00;168,000;1,000;MESURE
2025-02-11 16:00:00+01:00;170,000;1,000;MESURE
2025-02-11 17:00:00+01:00;277,000;1,000;MESURE
2025-02-11 18:00:00+01:00;5579,000;1,000;MESURE
2025-02-11 19:00:00+01:00;6768,000;1,000;MESURE
2025-02-11 20:00:00+01:00;6813,000;1,000;MESURE
2025-02-11 21:00:00+01:00;6797,000;1,000;MESURE
2025-02-11 22:00:00+01:00;6328,000;1,000;MESURE
2025-02-11 23:00:00+01:00;6355,000;1,000;MESURE
2025-02-12 00:00:00+01:00;6381,000;1,000;MESURE
2025-02-12 01:00:00+01:00;6378,000;1,000;MESURE
2025-02-12 02:00:00+01:00;6427,000;1,000;MESURE
2025-02-12 03:00:00+01:00;6438,000;1,000;MESURE
2025-02-12 04:00:00+01:00;6463,000;1,000;MESURE
2025-02-12 05:00:00+01:00;6994,000;1,000;MESURE
2025-02-12 06:00:00+01:00;7008,000;1,000;MESURE
2025-02-12 07:00:00+01:00;3417,000;1,000;MESURE
2025-02-12 08:00:00+01:00;685,000;1,000;MESURE
2025-02-12 09:00:00+01:00;614,000;1,000;MESURE
2025-02-12 10:00:00+01:00;576,000;1,000;MESURE
2025-02-12 11:00:00+01:00;540,000;1,000;MESURE
2025-02-12 12:00:00+01:00;459,000;1,000;MESURE
2025-02-12 13:00:00+01:00;382,000;1,000;MESURE
2025-02-12 14:00:00+01:00;308,000;1,000;MESURE
2025-02-12 15:00:00+01:00;200,000;1,000;MESURE
2025-02-12 16:00:00+01:00;194,000;1,000;MESURE
2025-02-12 17:00:00+01:00;277,000;1,000;MESURE
2025-02-12 18:00:00+01:00;5513,000;1,000;MESURE
2025-02-12 19:00:00+01:00;6918,000;1,000;MESURE
2025-02-12 20:00:00+01:00;6822,000;1,000;MESURE
2025-02-12 21:00:00+01:00;6825,000;1,000;MESURE
2025-02-12 22:00:00+01:00;6378,000;1,000;MESURE
2025-02-12 23:00:00+01:00;6378,000;1,000;MESURE
2025-02-13 00:00:00+01:00;6365,000;1,000;MESURE
2025-02-13 01:00:00+01:00;6426,000;1,000;MESURE
2025-02-13 02:00:00+01:00;6433,000;1,000;MESURE
2025-02-13 03:00:00+01:00;6461,000;1,000;MESURE
2025-02-13 04:00:00+01:00;6496,000;1,000;MESURE
2025-02-13 05:00:00+01:00;6970,000;1,000;MESURE
2025-02-13 06:00:00+01:00;6996,000;1,000;MESURE
2025-02-13 07:00:00+01:00;3157,000;1,000;MESURE
2025-02-13 08:00:00+01:00;634,000;1,000;MESURE
2025-02-13 09:00:00+01:00;536,000;1,000;MESURE
2025-02-13 10:00:00+01:00;404,000;1,000;MESURE
2025-02-13 11:00:00+01:00;251,000;1,000;MESURE
2025-02-13 12:00:00+01:00;219,000;1,000;MESURE
2025-02-13 13:00:00+01:00;223,000;1,000;MESURE
2025-02-13 14:00:00+01:00;206,000;1,000;MESURE
2025-02-13 15:00:00+01:00;226,000;1,000;MESURE
2025-02-13 16:00:00+01:00;221,000;1,000;MESURE
2025-02-13 17:00:00+01:00;319,000;1,000;MESURE
2025-02-13 18:00:00+01:00;5318,000;1,000;MESURE
2025-02-13 19:00:00+01:00;6756,000;1,000;MESURE
2025-02-13 20:00:00+01:00;6717,000;1,000;MESURE
2025-02-13 21:00:00+01:00;6765,000;1,000;MESURE
2025-02-13 22:00:00+01:00;6344,000;1,000;MESURE
2025-02-13 23:00:00+01:00;6364,000;1,000;MESURE
2025-02-14 00:00:00+01:00;6452,000;1,000;MESURE
2025-02-14 01:00:00+01:00;6533,000;1,000;MESURE
2025-02-14 02:00:00+01:00;6510,000;1,000;MESURE
2025-02-14 03:00:00+01:00;6599,000;1,000;MESURE
2025-02-14 04:00:00+01:00;6741,000;1,000;MESURE
2025-02-14 05:00:00+01:00;7289,000;1,000;MESURE
2025-02-14 06:00:00+01:00;7360,000;1,000;MESURE
2025-02-14 07:00:00+01:00;3490,000;1,000;MESURE
2025-02-14 08:00:00+01:00;1073,000;1,000;MESURE
2025-02-14 09:00:00+01:00;1066,000;1,000;MESURE
2025-02-14 10:00:00+01:00;912,000;1,000;MESURE
2025-02-14 11:00:00+01:00;678,000;1,000;MESURE
2025-02-14 12:00:00+01:00;402,000;1,000;MESURE
2025-02-14 13:00:00+01:00;228,000;1,000;MESURE
2025-02-14 14:00:00+01:00;118,000;1,000;MESURE
2025-02-14 15:00:00+01:00;129,000;1,000;MESURE
2025-02-14 16:00:00+01:00;164,000;1,000;MESURE
2025-02-14 17:00:00+01:00;399,000;1,000;MESURE
2025-02-14 18:00:00+01:00;5486,000;1,000;MESURE
2025-02-14 19:00:00+01:00;7364,000;1,000;MESURE
2025-02-14 20:00:00+01:00;7551,000;1,000;MESURE
2025-02-14 21:00:00+01:00;7659,000;1,000;MESURE
2025-02-14 22:00:00+01:00;7176,000;1,000;MESURE
2025-02-14 23:00:00+01:00;7201,000;1,000;MESURE
2025-02-15 00:00:00+01:00;7111,000;1,000;MESURE
2025-02-15 01:00:00+01:00;7108,000;1,000;MESURE
2025-02-15 02:00:00+01:00;7125,000;1,000;MESURE
2025-02-15 03:00:00+01:00;7125,000;1,000;MESURE
2025-02-15 04:00:00+01:00;7119,000;1,000;MESURE
2025-02-15 05:00:00+01:00;7656,000;1,000;MESURE
2025-02-15 06:00:00+01:00;7674,000;1,000;MESURE
2025-02-15 07:00:00+01:00;3386,000;1,000;MESURE
2025-02-15 08:00:00+01:00;1064,000;1,000;MESURE
2025-02-15 09:00:00+01:00;1071,000;1,000;MESURE
2025-02-15 10:00:00+01:00;1070,000;1,000;MESURE
2025-02-15 11:00:00+01:00;1041,000;1,000;MESURE
2025-02-15 12:00:00+01:00;773,000;1,000;MESURE
2025-02-15 13:00:00+01:00;490,000;1,000;MESURE
2025-02-15 14:00:00+01:00;329,000;1,000;MESURE
2025-02-15 15:00:00+01:00;302,000;1,000;MESURE
2025-02-15 16:00:00+01:00;383,000;1,000;MESURE
2025-02-15 17:00:00+01:00;545,000;1,000;MESURE
2025-02-15 18:00:00+01:00;5569,000;1,000;MESURE
2025-02-15 19:00:00+01:00;7544,000;1,000;MESURE
2025-02-15 20:00:00+01:00;7542,000;1,000;MESURE
2025-02-15 21:00:00+01:00;7635,000;1,000;MESURE
2025-02-15 22:00:00+01:00;7135,000;1,000;MESURE
2025-02-15 23:00:00+01:00;7031,000;1,000;MESURE
2025-02-16 00:00:00+01:00;7103,000;1,000;MESURE
2025-02-16 01:00:00+01:00;7138,000;1,000;MESURE
2025-02-16 02:00:00+01:00;7008,000;1,000;MESURE
2025-02-16 03:00:00+01:00;7002,000;1,000;MESURE
2025-02-16 04:00:00+01:00;6992,000;1,000;MESURE
2025-02-16 05:00:00+01:00;7487,000;1,000;MESURE
2025-02-16 06:00:00+01:00;7540,000;1,000;MESURE
2025-02-16 07:00:00+01:00;3219,000;1,000;MESURE
2025-02-16 08:00:00+01:00;1073,000;1,000;MESURE
2025-02-16 09:00:00+01:00;1067,000;1,000;MESURE
2025-02-16 10:00:00+01:00;1067,000;1,000;MESURE
2025-02-16 11:00:00+01:00;983,000;1,000;MESURE
2025-02-16 12:00:00+01:00;701,000;1,000;MESURE
2025-02-16 13:00:00+01:00;432,000;1,000;MESURE
2025-02-16 14:00:00+01:00;182,000;1,000;MESURE
2025-02-16 15:00:00+01:00;121,000;1,000;MESURE
2025-02-16 16:00:00+01:00;98,000;1,000;MESURE
2025-02-16 17:00:00+01:00;175,000;1,000;MESURE
2025-02-16 18:00:00+01:00;4929,000;1,000;MESURE
2025-02-16 19:00:00+01:00;7050,000;1,000;MESURE
2025-02-16 20:00:00+01:00;7219,000;1,000;MESURE
2025-02-16 21:00:00+01:00;7438,000;1,000;MESURE
2025-02-16 22:00:00+01:00;7026,000;1,000;MESURE
2025-02-16 23:00:00+01:00;7047,000;1,000;MESURE
2025-02-17 00:00:00+01:00;6973,000;1,000;MESURE
2025-02-17 01:00:00+01:00;6978,000;1,000;MESURE
2025-02-17 02:00:00+01:00;6998,000;1,000;MESURE
2025-02-17 03:00:00+01:00;6958,000;1,000;MESURE
2025-02-17 04:00:00+01:00;6962,000;1,000;MESURE
2025-02-17 05:00:00+01:00;7551,000;1,000;MESURE
2025-02-17 06:00:00+01:00;7567,000;1,000;MESURE
2025-02-17 07:00:00+01:00;3031,000;1,000;MESURE
2025-02-17 08:00:00+01:00;1068,000;1,000;MESURE
2025-02-17 09:00:00+01:00;1079,000;1,000;MESURE
2025-02-17 10:00:00+01:00;1082,000;1,000;MESURE
2025-02-17 11:00:00+01:00;1061,000;1,000;MESURE
2025-02-17 12:00:00+01:00;1067,000;1,000;MESURE
2025-02-17 13:00:00+01:00;1096,000;1,000;MESURE
2025-02-17 14:00:00+01:00;1022,000;1,000;MESURE
2025-02-17 15:00:00+01:00;835,000;1,000;MESURE
2025-02-17 16:00:00+01:00;713,000;1,000;MESURE
2025-02-17 17:00:00+01:00;843,000;1,000;MESURE
2025-02-17 18:00:00+01:00;5551,000;1,000;MESURE
2025-02-17 19:00:00+01:00;7662,000;1,000;MESURE
2025-02-17 20:00:00+01:00;7672,000;1,000;MESURE
2025-02-17 21:00:00+01:00;7642,000;1,000;MESURE
2025-02-17 22:00:00+01:00;7138,000;1,000;MESURE
2025-02-17 23:00:00+01:00;7115,000;1,000;MESURE
2025-02-18 00:00:00+01:00;7097,000;1,000;MESURE
2025-02-18 01:00:00+01:00;7079,000;1,000;MESURE
2025-02-18 02:00:00+01:00;7077,000;1,000;MESURE
2025-02-18 03:00:00+01:00;7100,000;1,000;MESURE
2025-02-18 04:00:00+01:00;7102,000;1,000;MESURE
2025-02-18 05:00:00+01:00;7617,000;1,000;MESURE
2025-02-18 06:00:00+01:00;7614,000;1,000;MESURE
2025-02-18 07:00:00+01:00;2837,000;1,000;MESURE
2025-02-18 08:00:00+01:00;1080,000;1,000;MESURE
2025-02-18 09:00:00+01:00;1097,000;1,000;MESURE
2025-02-18 10:00:00+01:00;1061,000;1,000;MESURE
2025-02-18 11:00:00+01:00;1074,000;1,000;MESURE
2025-02-18 12:00:00+01:00;1063,000;1,000;MESURE
2025-02-18 13:00:00+01:00;1053,000;1,000;MESURE
2025-02-18 14:00:00+01:00;848,000;1,000;MESURE
2025-02-18 15:00:00+01:00;615,000;1,000;MESURE
2025-02-18 16:00:00+01:00;482,000;1,000;MESURE
2025-02-18 17:00:00+01:00;598,000;1,000;MESURE
2025-02-18 18:00:00+01:00;5073,000;1,000;MESURE
2025-02-18 19:00:00+01:00;7502,000;1,000;MESURE
2025-02-18 20:00:00+01:00;7542,000;1,000;MESURE
2025-02-18 21:00:00+01:00;7617,000;1,000;MESURE
2025-02-18 22:00:00+01:00;7172,000;1,000;MESURE
2025-02-18 23:00:00+01:00;7145,000;1,000;MESURE
2025-02-19 00:00:00+01:00;7155,000;1,000;MESURE
2025-02-19 01:00:00+01:00;7156,000;1,000;MESURE
2025-02-19 02:00:00+01:00;7148,000;1,000;MESURE
2025-02-19 03:00:00+01:00;7163,000;1,000;MESURE
2025-02-19 04:00:00+01:00;7151,000;1,000;MESURE
2025-02-19 05:00:00+01:00;7646,000;1,000;MESURE
2025-02-19 06:00:00+01:00;7640,000;1,000;MESURE
2025-02-19 07:00:00+01:00;2698,000;1,000;MESURE
2025-02-19 08:00:00+01:00;1065,000;1,000;MESURE
2025-02-19 09:00:00+01:00;1072,000;1,000;MESURE
2025-02-19 10:00:00+01:00;1071,000;1,000;MESURE
2025-02-19 11:00:00+01:00;1068,000;1,000;MESURE
2025-02-19 12:00:00+01:00;1018,000;1,000;MESURE
2025-02-19 13:00:00+01:00;947,000;1,000;MESURE
2025-02-19 14:00:00+01:00;867,000;1,000;MESURE
2025-02-19 15:00:00+01:00;577,000;1,000;MESURE
2025-02-19 16:00:00+01:00;380,000;1,000;MESURE
2025-02-19 17:00:00+01:00;487,000;1,000;MESURE
2025-02-19 18:00:00+01:00;4774,000;1,000;MESURE
2025-02-19 19:00:00+01:00;7303,000;1,000;MESURE
2025-02-19 20:00:00+01:00;7383,000;1,000;MESURE
2025-02-19 21:00:00+01:00;7549,000;1,000;MESURE
2025-02-19 22:00:00+01:00;7118,000;1,000;MESURE
2025-02-19 23:00:00+01:00;7143,000;1,000;MESURE
2025-02-20 00:00:00+01:00;7111,000;1,000;MESURE
2025-02-20 01:00:00+01:00;7116,000;1,000;MESURE
2025-02-20 02:00:00+01:00;7086,000;1,000;MESURE
2025-02-20 03:00:00+01:00;7015,000;1,000;MESURE
2025-02-20 04:00:00+01:00;6897,000;1,000;MESURE
2025-02-20 05:00:00+01:00;7430,000;1,000;MESURE
2025-02-20 06:00:00+01:00;7505,000;1,000;MESURE
2025-02-20 07:00:00+01:00;2356,000;1,000;MESURE
2025-02-20 08:00:00+01:00;981,000;1,000;MESURE
2025-02-20 09:00:00+01:00;905,000;1,000;MESURE
2025-02-20 10:00:00+01:00;797,000;1,000;MESURE
2025-02-20 11:00:00+01:00;456,000;1,000;MESURE
2025-02-20 12:00:00+01:00;156,000;1,000;MESURE
2025-02-20 13:00:00+01:00;120,000;1,000;MESURE
2025-02-20 14:00:00+01:00;95,000;1,000;MESURE
2025-02-20 15:00:00+01:00;102,000;1,000;MESURE
2025-02-20 16:00:00+01:00;101,000;1,000;MESURE
2025-02-20 17:00:00+01:00;92,000;1,000;MESURE
2025-02-20 18:00:00+01:00;4171,000;1,000;MESURE
2025-02-20 19:00:00+01:00;6666,000;1,000;MESURE
2025-02-20 20:00:00+01:00;6593,000;1,000;MESURE
2025-02-20 21:00:00+01:00;6606,000;1,000;MESURE
2025-02-20 22:00:00+01:00;6171,000;1,000;MESURE
2025-02-20 23:00:00+01:00;6305,000;1,000;MESURE
2025-02-21 00:00:00+01:00;6429,000;1,000;MESURE
2025-02-21 01:00:00+01:00;6531,000;1,000;MESURE
2025-02-21 02:00:00+01:00;6653,000;1,000;MESURE
2025-02-21 03:00:00+01:00;6769,000;1,000;MESURE
2025-02-21 04:00:00+01:00;6854,000;1,000;MESURE
2025-02-21 05:00:00+01:00;7344,000;1,000;MESURE
2025-02-21 06:00:00+01:00;7376,000;1,000;MESURE
2025-02-21 07:00:00+01:00;2219,000;1,000;MESURE
2025-02-21 08:00:00+01:00;1079,000;1,000;MESURE
2025-02-21 09:00:00+01:00;1056,000;1,000;MESURE
2025-02-21 10:00:00+01:00;905,000;1,000;MESURE
2025-02-21 11:00:00+01:00;634,000;1,000;MESURE
2025-02-21 12:00:00+01:00;272,000;1,000;MESURE
2025-02-21 13:00:00+01:00;122,000;1,000;MESURE
2025-02-21 14:00:00+01:00;111,000;1,000;MESURE
2025-02-21 15:00:00+01:00;104,000;1,000;MESURE
2025-02-21 16:00:00+01:00;95,000;1,000;MESURE
2025-02-21 17:00:00+01:00;116,000;1,000;MESURE
2025-02-21 18:00:00+01:00;3881,000;1,000;MESURE
2025-02-21 19:00:00+01:00;6600,000;1,000;MESURE
2025-02-21 20:00:00+01:00;6563,000;1,000;MESURE
2025-02-21 21:00:00+01:00;6578,000;1,000;MESURE
2025-02-21 22:00:00+01:00;6152,000;1,000;MESURE
2025-02-21 23:00:00+01:00;6166,000;1,000;MESURE
2025-02-22 00:00:00+01:00;6233,000;1,000;MESURE
2025-02-22 01:00:00+01:00;6138,000;1,000;MESURE
2025-02-22 02:00:00+01:00;6329,000;1,000;MESURE
2025-02-22 03:00:00+01:00;6341,000;1,000;MESURE
2025-02-22 04:00:00+01:00;6383,000;1,000;MESURE
2025-02-22 05:00:00+01:00;6942,000;1,000;MESURE
2025-02-22 06:00:00+01:00;7132,000;1,000;MESURE
2025-02-22 07:00:00+01:00;1861,000;1,000;MESURE
2025-02-22 08:00:00+01:00;762,000;1,000;MESURE
2025-02-22 09:00:00+01:00;735,000;1,000;MESURE
2025-02-22 10:00:00+01:00;587,000;1,000;MESURE
2025-02-22 11:00:00+01:00;370,000;1,000;MESURE
2025-02-22 12:00:00+01:00;230,000;1,000;MESURE
2025-02-22 13:00:00+01:00;113,000;1,000;MESURE
2025-02-22 14:00:00+01:00;106,000;1,000;MESURE
2025-02-22 15:00:00+01:00;97,000;1,000;MESURE
2025-02-22 16:00:00+01:00;106,000;1,000;MESURE
2025-02-22 17:00:00+01:00;105,000;1,000;MESURE
2025-02-22 18:00:00+01:00;3816,000;1,000;MESURE
2025-02-22 19:00:00+01:00;6584,000;1,000;MESURE
2025-02-22 20:00:00+01:00;6560,000;1,000;MESURE
2025-02-22 21:00:00+01:00;6502,000;1,000;MESURE
2025-02-22 22:00:00+01:00;6020,000;1,000;MESURE
2025-02-22 23:00:00+01:00;6067,000;1,000;MESURE
2025-02-23 00:00:00+01:00;5971,000;1,000;MESURE
2025-02-23 01:00:00+01:00;6005,000;1,000;MESURE
2025-02-23 02:00:00+01:00;6033,000;1,000;MESURE
2025-02-23 03:00:00+01:00;5998,000;1,000;MESURE
2025-02-23 04:00:00+01:00;6007,000;1,000;MESURE
2025-02-23 05:00:00+01:00;6537,000;1,000;MESURE
2025-02-23 06:00:00+01:00;6588,000;1,000;MESURE
2025-02-23 07:00:00+01:00;1132,000;1,000;MESURE
2025-02-23 08:00:00+01:00;274,000;1,000;MESURE
2025-02-23 09:00:00+01:00;256,000;1,000;MESURE
2025-02-23 10:00:00+01:00;197,000;1,000;MESURE
2025-02-23 11:00:00+01:00;158,000;1,000;MESURE
2025-02-23 12:00:00+01:00;116,000;1,000;MESURE
2025-02-23 13:00:00+01:00;103,000;1,000;MESURE
2025-02-23 14:00:00+01:00;100,000;1,000;MESURE
2025-02-23 15:00:00+01:00;85,000;1,000;MESURE
2025-02-23 16:00:00+01:00;95,000;1,000;MESURE
2025-02-23 17:00:00+01:00;88,000;1,000;MESURE
2025-02-23 18:00:00+01:00;3604,000;1,000;MESURE
2025-02-23 19:00:00+01:00;6639,000;1,000;MESURE
2025-02-23 20:00:00+01:00;6607,000;1,000;MESURE
2025-02-23 21:00:00+01:00;6625,000;1,000;MESURE
2025-02-23 22:00:00+01:00;6149,000;1,000;MESURE
2025-02-23 23:00:00+01:00;6276,000;1,000;MESURE
2025-02-24 00:00:00+01:00;6331,000;1,000;MESURE
2025-02-24 01:00:00+01:00;6339,000;1,000;MESURE
2025-02-24 02:00:00+01:00;6352,000;1,000;MESURE
2025-02-24 03:00:00+01:00;6323,000;1,000;MESURE
2025-02-24 04:00:00+01:00;6302,000;1,000;MESURE
2025-02-24 05:00:00+01:00;6790,000;1,000;MESURE
2025-02-24 06:00:00+01:00;6857,000;1,000;MESURE
2025-02-24 07:00:00+01:00;1146,000;1,000;MESURE
2025-02-24 08:00:00+01:00;571,000;1,000;MESURE
2025-02-24 09:00:00+01:00;123,000;1,000;MESURE
2025-02-24 10:00:00+01:00;100,000;1,000;MESURE
2025-02-24 11:00:00+01:00;98,000;1,000;MESURE
2025-02-24 12:00:00+01:00;86,000;1,000;MESURE
2025-02-24 13:00:00+01:00;96,000;1,000;MESURE
2025-02-24 14:00:00+01:00;124,000;1,000;MESURE
2025-02-24 15:00:00+01:00;108,000;1,000;MESURE
2025-02-24 16:00:00+01:00;123,000;1,000;MESURE
2025-02-24 17:00:00+01:00;102,000;1,000;MESURE
2025-02-24 18:00:00+01:00;3498,000;1,000;MESURE
2025-02-24 19:00:00+01:00;6653,000;1,000;MESURE
2025-02-24 20:00:00+01:00;6670,000;1,000;MESURE
2025-02-24 21:00:00+01:00;6675,000;1,000;MESURE
2025-02-24 22:00:00+01:00;5963,000;1,000;MESURE
2025-02-24 23:00:00+01:00;5904,000;1,000;MESURE
2025-02-25 00:00:00+01:00;5887,000;1,000;MESURE
2025-02-25 01:00:00+01:00;5892,000;1,000;MESURE
2025-02-25 02:00:00+01:00;5887,000;1,000;MESURE
2025-02-25 03:00:00+01:00;5896,000;1,000;MESURE
2025-02-25 04:00:00+01:00;5896,000;1,000;MESURE
2025-02-25 05:00:00+01:00;6405,000;1,000;MESURE
2025-02-25 06:00:00+01:00;6412,000;1,000;MESURE
2025-02-25 07:00:00+01:00;617,000;1,000;MESURE
2025-02-25 08:00:00+01:00;93,000;1,000;MESURE
2025-02-25 09:00:00+01:00;88,000;1,000;MESURE
2025-02-25 10:00:00+01:00;104,000;1,000;MESURE
2025-02-25 11:00:00+01:00;108,000;1,000;MESURE
2025-02-25 12:00:00+01:00;87,000;1,000;MESURE
2025-02-25 13:00:00+01:00;101,000;1,000;MESURE
2025-02-25 14:00:00+01:00;100,000;1,000;MESURE
2025-02-25 15:00:00+01:00;124,000;1,000;MESURE
2025-02-25 16:00:00+01:00;110,000;1,000;MESURE
2025-02-25 17:00:00+01:00;104,000;1,000;MESURE
2025-02-25 18:00:00+01:00;3251,000;1,000;MESURE
2025-02-25 19:00:00+01:00;6590,000;1,000;MESURE
2025-02-25 20:00:00+01:00;6587,000;1,000;MESURE
2025-02-25 21:00:00+01:00;6626,000;1,000;MESURE
2025-02-25 22:00:00+01:00;6165,000;1,000;MESURE
2025-02-25 23:00:00+01:00;6122,000;1,000;MESURE
2025-02-26 00:00:00+01:00;6120,000;1,000;MESURE
2025-02-26 01:00:00+01:00;6151,000;1,000;MESURE
2025-02-26 02:00:00+01:00;6266,000;1,000;MESURE
2025-02-26 03:00:00+01:00;6315,000;1,000;MESURE
2025-02-26 04:00:00+01:00;6274,000;1,000;MESURE
2025-02-26 05:00:00+01:00;6656,000;1,000;MESURE
2025-02-26 06:00:00+01:00;6640,000;1,000;MESURE
2025-02-26 07:00:00+01:00;706,000;1,000;MESURE
2025-02-26 08:00:00+01:00;439,000;1,000;MESURE
2025-02-26 09:00:00+01:00;372,000;1,000;MESURE
2025-02-26 10:00:00+01:00;362,000;1,000;MESURE
2025-02-26 11:00:00+01:00;227,000;1,000;MESURE
2025-02-26 12:00:00+01:00;102,000;1,000;MESURE
2025-02-26 13:00:00+01:00;110,000;1,000;MESURE
2025-02-26 14:00:00+01:00;118,000;1,000;MESURE
2025-02-26 15:00:00+01:00;139,000;1,000;MESURE
2025-02-26 16:00:00+01:00;95,000;1,000;MESURE
2025-02-26 17:00:00+01:00;108,000;1,000;MESURE
2025-02-26 18:00:00+01:00;3151,000;1,000;MESURE
2025-02-26 19:00:00+01:00;6582,000;1,000;MESURE
2025-02-26 20:00:00+01:00;6542,000;1,000;MESURE
2025-02-26 21:00:00+01:00;6579,000;1,000;MESURE
2025-02-26 22:00:00+01:00;6016,000;1,000;MESURE
2025-02-26 23:00:00+01:00;6113,000;1,000;MESURE
2025-02-27 00:00:00+01:00;6173,000;1,000;MESURE
2025-02-27 01:00:00+01:00;6318,000;1,000;MESURE
2025-02-27 02:00:00+01:00;6310,000;1,000;MESURE
2025-02-27 03:00:00+01:00;6424,000;1,000;MESURE
2025-02-27 04:00:00+01:00;6433,000;1,000;MESURE
2025-02-27 05:00:00+01:00;6860,000;1,000;MESURE
2025-02-27 06:00:00+01:00;6897,000;1,000;MESURE
2025-02-27 07:00:00+01:00;674,000;1,000;MESURE
2025-02-27 08:00:00+01:00;633,000;1,000;MESURE
2025-02-27 09:00:00+01:00;498,000;1,000;MESURE
2025-02-27 10:00:00+01:00;287,000;1,000;MESURE
2025-02-27 11:00:00+01:00;115,000;1,000;MESURE
2025-02-27 12:00:00+01:00;100,000;1,000;MESURE
2025-02-27 13:00:00+01:00;86,000;1,000;MESURE
2025-02-27 14:00:00+01:00;105,000;1,000;MESURE
2025-02-27 15:00:00+01:00;118,000;1,000;MESURE
2025-02-27 16:00:00+01:00;130,000;1,000;MESURE
2025-02-27 17:00:00+01:00;117,000;1,000;MESURE
2025-02-27 18:00:00+01:00;3033,000;1,000;MESURE
2025-02-27 19:00:00+01:00;6537,000;1,000;MESURE
2025-02-27 20:00:00+01:00;6628,000;1,000;MESURE
2025-02-27 21:00:00+01:00;6684,000;1,000;MESURE
2025-02-27 22:00:00+01:00;6263,000;1,000;MESURE
2025-02-27 23:00:00+01:00;6345,000;1,000;MESURE
2025-02-28 00:00:00+01:00;6394,000;1,000;MESURE
2025-02-28 01:00:00+01:00;6584,000;1,000;MESURE
2025-02-28 02:00:00+01:00;6741,000;1,000;MESURE
2025-02-28 03:00:00+01:00;6850,000;1,000;MESURE
2025-02-28 04:00:00+01:00;6969,000;1,000;MESURE
2025-02-28 05:00:00+01:00;7499,000;1,000;MESURE
2025-02-28 06:00:00+01:00;7482,000;1,000;MESURE
2025-02-28 07:00:00+01:00;1079,000;1,000;MESURE
2025-02-28 08:00:00+01:00;1070,000;1,000;MESURE
2025-02-28 09:00:00+01:00;892,000;1,000;MESURE
2025-02-28 10:00:00+01:00;558,000;1,000;MESURE
2025-02-28 11:00:00+01:00;179,000;1,000;MESURE
2025-02-28 12:00:00+01:00;94,000;1,000;MESURE
2025-02-28 13:00:00+01:00;105,000;1,000;MESURE
2025-02-28 14:00:00+01:00;121,000;1,000;MESURE
2025-02-28 15:00:00+01:00;119,000;1,000;MESURE
2025-02-28 16:00:00+01:00;115,000;1,000;MESURE
2025-02-28 17:00:00+01:00;116,000;1,000;MESURE
2025-02-28 18:00:00+01:00;2835,000;1,000;MESURE
2025-02-28 19:00:00+01:00;6674,000;1,000;MESURE
2025-02-28 20:00:00+01:00;6681,000;1,000;MESURE
2025-02-28 21:00:00+01:00;6658,000;1,000;MESURE
2025-02-28 22:00:00+01:00;6135,000;1,000;MESURE
2025-02-28 23:00:00+01:00;6217,000;1,000;MESURE
2025-03-01 00:00:00+01:00;6257,000;1,000;MESURE
2025-03-01 01:00:00+01:00;6149,000;1,000;MESURE
2025-03-01 02:00:00+01:00;6205,000;1,000;MESURE
2025-03-01 03:00:00+01:00;6212,000;1,000;MESURE
2025-03-01 04:00:00+01:00;6275,000;1,000;MESURE
2025-03-01 05:00:00+01:00;6833,000;1,000;MESURE
2025-03-01 06:00:00+01:00;6580,000;1,000;MESURE
2025-03-01 07:00:00+01:00;571,000;1,000;MESURE
2025-03-01 08:00:00+01:00;584,000;1,000;MESURE
2025-03-01 09:00:00+01:00;576,000;1,000;MESURE
2025-03-01 10:00:00+01:00;487,000;1,000;MESURE
2025-03-01 11:00:00+01:00;262,000;1,000;MESURE
2025-03-01 12:00:00+01:00;180,000;1,000;MESURE
2025-03-01 13:00:00+01:00;115,000;1,000;MESURE
2025-03-01 14:00:00+01:00;96,000;1,000;MESURE
2025-03-01 15:00:00+01:00;101,000;1,000;MESURE
2025-03-01 16:00:00+01:00;110,000;1,000;MESURE
2025-03-01 17:00:00+01:00;96,000;1,000;MESURE
2025-03-01 18:00:00+01:00;2717,000;1,000;MESURE
2025-03-01 19:00:00+01:00;6594,000;1,000;MESURE
2025-03-01 20:00:00+01:00;6612,000;1,000;MESURE
2025-03-01 21:00:00+01:00;6606,000;1,000;MESURE
2025-03-01 22:00:00+01:00;6057,000;1,000;MESURE
2025-03-01 23:00:00+01:00;6059,000;1,000;MESURE
2025-03-02 00:00:00+01:00;6092,000;1,000;MESURE
2025-03-02 01:00:00+01:00;6182,000;1,000;MESURE
2025-03-02 02:00:00+01:00;6271,000;1,000;MESURE
2025-03-02 03:00:00+01:00;6326,000;1,000;MESURE
2025-03-02 04:00:00+01:00;6378,000;1,000;MESURE
2025-03-02 05:00:00+01:00;6972,000;1,000;MESURE
2025-03-02 06:00:00+01:00;6491,000;1,000;MESURE
2025-03-02 07:00:00+01:00;603,000;1,000;MESURE
2025-03-02 08:00:00+01:00;603,000;1,000;MESURE
2025-03-02 09:00:00+01:00;565,000;1,000;MESURE
2025-03-02 10:00:00+01:00;455,000;1,000;MESURE
2025-03-02 11:00:00+01:00;236,000;1,000;MESURE
2025-03-02 12:00:00+01:00;100,000;1,000;MESURE
2025-03-02 13:00:00+01:00;86,000;1,000;MESURE
2025-03-02 14:00:00+01:00;109,000;1,000;MESURE
2025-03-02 15:00:00+01:00;127,000;1,000;MESURE
2025-03-02 16:00:00+01:00;96,000;1,000;MESURE
2025-03-02 17:00:00+01:00;92,000;1,000;MESURE
2025-03-02 18:00:00+01:00;2515,000;1,000;MESURE
2025-03-02 19:00:00+01:00;6607,000;1,000;MESURE
2025-03-02 20:00:00+01:00;6676,000;1,000;MESURE
2025-03-02 21:00:00+01:00;6745,000;1,000;MESURE
2025-03-02 22:00:00+01:00;6397,000;1,000;MESURE
2025-03-02 23:00:00+01:00;6569,000;1,000;MESURE
2025-03-03 00:00:00+01:00;6691,000;1,000;MESURE
2025-03-03 01:00:00+01:00;6811,000;1,000;MESURE
2025-03-03 02:00:00+01:00;6810,000;1,000;MESURE
2025-03-03 03:00:00+01:00;6878,000;1,000;MESURE
2025-03-03 04:00:00+01:00;6832,000;1,000;MESURE
2025-03-03 05:00:00+01:00;7406,000;1,000;MESURE
2025-03-03 06:00:00+01:00;6805,000;1,000;MESURE
2025-03-03 07:00:00+01:00;1079,000;1,000;MESURE
2025-03-03 08:00:00+01:00;1085,000;1,000;MESURE
2025-03-03 09:00:00+01:00;1029,000;1,000;MESURE
2025-03-03 10:00:00+01:00;732,000;1,000;MESURE
2025-03-03 11:00:00+01:00;313,000;1,000;MESURE
2025-03-03 12:00:00+01:00;94,000;1,000;MESURE
2025-03-03 13:00:00+01:00;92,000;1,000;MESURE
2025-03-03 14:00:00+01:00;110,000;1,000;MESURE
2025-03-03 15:00:00+01:00;92,000;1,000;MESURE
2025-03-03 16:00:00+01:00;116,000;1,000;MESURE
2025-03-03 17:00:00+01:00;103,000;1,000;MESURE
2025-03-03 18:00:00+01:00;2452,000;1,000;MESURE
2025-03-03 19:00:00+01:00;6578,000;1,000;MESURE
2025-03-03 20:00:00+01:00;6611,000;1,000;MESURE
2025-03-03 21:00:00+01:00;6472,000;1,000;MESURE
2025-03-03 22:00:00+01:00;5970,000;1,000;MESURE
2025-03-03 23:00:00+01:00;6057,000;1,000;MESURE
2025-03-04 00:00:00+01:00;6145,000;1,000;MESURE
2025-03-04 01:00:00+01:00;6230,000;1,000;MESURE
2025-03-04 02:00:00+01:00;6374,000;1,000;MESURE
2025-03-04 03:00:00+01:00;6527,000;1,000;MESURE
2025-03-04 04:00:00+01:00;6703,000;1,000;MESURE
2025-03-04 05:00:00+01:00;7267,000;1,000;MESURE
2025-03-04 06:00:00+01:00;6552,000;1,000;MESURE
2025-03-04 07:00:00+01:00;1084,000;1,000;MESURE
2025-03-04 08:00:00+01:00;1052,000;1,000;MESURE
2025-03-04 09:00:00+01:00;846,000;1,000;MESURE
2025-03-04 10:00:00+01:00;535,000;1,000;MESURE
2025-03-04 11:00:00+01:00;129,000;1,000;MESURE
2025-03-04 12:00:00+01:00;92,000;1,000;MESURE
2025-03-04 13:00:00+01:00;84,000;1,000;MESURE
2025-03-04 14:00:00+01:00;108,000;1,000;MESURE
2025-03-04 15:00:00+01:00;100,000;1,000;MESURE
2025-03-04 16:00:00+01:00;107,000;1,000;MESURE
2025-03-04 17:00:00+01:00;91,000;1,000;MESURE
2025-03-04 18:00:00+01:00;2315,000;1,000;MESURE
2025-03-04 19:00:00+01:00;6622,000;1,000;MESURE
2025-03-04 20:00:00+01:00;6591,000;1,000;MESURE
2025-03-04 21:00:00+01:00;6513,000;1,000;MESURE
2025-03-04 22:00:00+01:00;5909,000;1,000;MESURE
2025-03-04 23:00:00+01:00;5891,000;1,000;MESURE
2025-03-05 00:00:00+01:00;5940,000;1,000;MESURE
2025-03-05 01:00:00+01:00;6019,000;1,000;MESURE
2025-03-05 02:00:00+01:00;6164,000;1,000;MESURE
2025-03-05 03:00:00+01:00;6288,000;1,000;MESURE
2025-03-05 04:00:00+01:00;6408,000;1,000;MESURE
2025-03-05 05:00:00+01:00;7095,000;1,000;MESURE
2025-03-05 06:00:00+01:00;6138,000;1,000;MESURE
2025-03-05 07:00:00+01:00;970,000;1,000;MESURE
2025-03-05 08:00:00+01:00;996,000;1,000;MESURE
2025-03-05 09:00:00+01:00;752,000;1,000;MESURE
2025-03-05 10:00:00+01:00;329,000;1,000;MESURE
2025-03-05 11:00:00+01:00;117,000;1,000;MESURE
2025-03-05 12:00:00+01:00;100,000;1,000;MESURE
2025-03-05 13:00:00+01:00;84,000;1,000;MESURE
2025-03-05 14:00:00+01:00;128,000;1,000;MESURE
2025-03-05 15:00:00+01:00;103,000;1,000;MESURE
2025-03-05 16:00:00+01:00;106,000;1,000;MESURE
2025-03-05 17:00:00+01:00;116,000;1,000;MESURE
2025-03-05 18:00:00+01:00;2031,000;1,000;MESURE
2025-03-05 19:00:00+01:00;6581,000;1,000;MESURE
2025-03-05 20:00:00+01:00;6559,000;1,000;MESURE
2025-03-05 21:00:00+01:00;6541,000;1,000;MESURE
2025-03-05 22:00:00+01:00;6043,000;1,000;MESURE
2025-03-05 23:00:00+01:00;5899,000;1,000;MESURE
2025-03-06 00:00:00+01:00;5938,000;1,000;MESURE
2025-03-06 01:00:00+01:00;5969,000;1,000;MESURE
2025-03-06 02:00:00+01:00;6092,000;1,000;MESURE
2025-03-06 03:00:00+01:00;6222,000;1,000;MESURE
2025-03-06 04:00:00+01:00;6378,000;1,000;MESURE
2025-03-06 05:00:00+01:00;7050,000;1,000;MESURE
2025-03-06 06:00:00+01:00;5920,000;1,000;MESURE
2025-03-06 07:00:00+01:00;998,000;1,000;MESURE
2025-03-06 08:00:00+01:00;855,000;1,000;MESURE
2025-03-06 09:00:00+01:00;659,000;1,000;MESURE
2025-03-06 10:00:00+01:00;278,000;1,000;MESURE
2025-03-06 11:00:00+01:00;103,000;1,000;MESURE
2025-03-06 12:00:00+01:00;92,000;1,000;MESURE
2025-03-06 13:00:00+01:00;120,000;1,000;MESURE
2025-03-06 14:00:00+01:00;99,000;1,000;MESURE
2025-03-06 15:00:00+01:00;118,000;1,000;MESURE
2025-03-06 16:00:00+01:00;102,000;1,000;MESURE
2025-03-06 17:00:00+01:00;111,000;1,000;MESURE
2025-03-06 18:00:00+01:00;1913,000;1,000;MESURE
2025-03-06 19:00:00+01:00;6529,000;1,000;MESURE
2025-03-06 20:00:00+01:00;6503,000;1,000;MESURE
2025-03-06 21:00:00+01:00;6468,000;1,000;MESURE
2025-03-06 22:00:00+01:00;6030,000;1,000;MESURE
2025-03-06 23:00:00+01:00;6020,000;1,000;MESURE
2025-03-07 00:00:00+01:00;5875,000;1,000;MESURE
2025-03-07 01:00:00+01:00;5878,000;1,000;MESURE
2025-03-07 02:00:00+01:00;5901,000;1,000;MESURE
2025-03-07 03:00:00+01:00;5964,000;1,000;MESURE
2025-03-07 04:00:00+01:00;6027,000;1,000;MESURE
2025-03-07 05:00:00+01:00;6651,000;1,000;MESURE
2025-03-07 06:00:00+01:00;5300,000;1,000;MESURE
2025-03-07 07:00:00+01:00;552,000;1,000;MESURE
2025-03-07 08:00:00+01:00;635,000;1,000;MESURE
2025-03-07 09:00:00+01:00;378,000;1,000;MESURE
2025-03-07 10:00:00+01:00;142,000;1,000;MESURE
2025-03-07 11:00:00+01:00;95,000;1,000;MESURE
2025-03-07 12:00:00+01:00;100,000;1,000;MESURE
2025-03-07 13:00:00+01:00;101,000;1,000;MESURE
2025-03-07 14:00:00+01:00;110,000;1,000;MESURE
2025-03-07 15:00:00+01:00;99,000;1,000;MESURE
2025-03-07 16:00:00+01:00;119,000;1,000;MESURE
2025-03-07 17:00:00+01:00;111,000;1,000;MESURE
2025-03-07 18:00:00+01:00;1759,000;1,000;MESURE
2025-03-07 19:00:00+01:00;6571,000;1,000;MESURE
2025-03-07 20:00:00+01:00;6556,000;1,000;MESURE
2025-03-07 21:00:00+01:00;6445,000;1,000;MESURE
2025-03-07 22:00:00+01:00;5921,000;1,000;MESURE
2025-03-07 23:00:00+01:00;5878,000;1,000;MESURE
2025-03-08 00:00:00+01:00;5879,000;1,000;MESURE
2025-03-08 01:00:00+01:00;5862,000;1,000;MESURE
2025-03-08 02:00:00+01:00;5878,000;1,000;MESURE
2025-03-08 03:00:00+01:00;5906,000;1,000;MESURE
2025-03-08 04:00:00+01:00;5969,000;1,000;MESURE
2025-03-08 05:00:00+01:00;6527,000;1,000;MESURE
2025-03-08 06:00:00+01:00;5028,000;1,000;MESURE
2025-03-08 07:00:00+01:00;353,000;1,000;MESURE
2025-03-08 08:00:00+01:00;278,000;1,000;MESURE
2025-03-08 09:00:00+01:00;169,000;1,000;MESURE
2025-03-08 10:00:00+01:00;120,000;1,000;MESURE
2025-03-08 11:00:00+01:00;114,000;1,000;MESURE
2025-03-08 12:00:00+01:00;108,000;1,000;MESURE
2025-03-08 13:00:00+01:00;101,000;1,000;MESURE
2025-03-08 14:00:00+01:00;85,000;1,000;MESURE
2025-03-08 15:00:00+01:00;122,000;1,000;MESURE
2025-03-08 16:00:00+01:00;93,000;1,000;MESURE
2025-03-08 17:00:00+01:00;96,000;1,000;MESURE
2025-03-08 18:00:00+01:00;1625,000;1,000;MESURE
2025-03-08 19:00:00+01:00;6539,000;1,000;MESURE
2025-03-08 20:00:00+01:00;6525,000;1,000;MESURE
2025-03-08 21:00:00+01:00;6537,000;1,000;MESURE
2025-03-08 22:00:00+01:00;5948,000;1,000;MESURE
2025-03-08 23:00:00+01:00;5922,000;1,000;MESURE
2025-03-09 00:00:00+01:00;5866,000;1,000;MESURE
2025-03-09 01:00:00+01:00;5861,000;1,000;MESURE
2025-03-09 02:00:00+01:00;5865,000;1,000;MESURE
2025-03-09 03:00:00+01:00;5881,000;1,000;MESURE
2025-03-09 04:00:00+01:00;5880,000;1,000;MESURE
2025-03-09 05:00:00+01:00;6413,000;1,000;MESURE
2025-03-09 06:00:00+01:00;4689,000;1,000;MESURE
2025-03-09 07:00:00+01:00;197,000;1,000;MESURE
2025-03-09 08:00:00+01:00;157,000;1,000;MESURE
2025-03-09 09:00:00+01:00;101,000;1,000;MESURE
2025-03-09 10:00:00+01:00;98,000;1,000;MESURE
2025-03-09 11:00:00+01:00;88,000;1,000;MESURE
2025-03-09 12:00:00+01:00;104,000;1,000;MESURE
2025-03-09 13:00:00+01:00;86,000;1,000;MESURE
2025-03-09 14:00:00+01:00;101,000;1,000;MESURE
2025-03-09 15:00:00+01:00;90,000;1,000;MESURE
2025-03-09 16:00:00+01:00;83,000;1,000;MESURE
2025-03-09 17:00:00+01:00;99,000;1,000;MESURE
2025-03-09 18:00:00+01:00;1498,000;1,000;MESURE
2025-03-09 19:00:00+01:00;6552,000;1,000;MESURE
2025-03-09 20:00:00+01:00;6527,000;1,000;MESURE
2025-03-09 21:00:00+01:00;6446,000;1,000;MESURE
2025-03-09 22:00:00+01:00;5895,000;1,000;MESURE
2025-03-09 23:00:00+01:00;5884,000;1,000;MESURE
2025-03-10 00:00:00+01:00;5875,000;1,000;MESURE
2025-03-10 01:00:00+01:00;5884,000;1,000;MESURE
2025-03-10 02:00:00+01:00;5873,000;1,000;MESURE
2025-03-10 03:00:00+01:00;5889,000;1,000;MESURE
2025-03-10 04:00:00+01:00;5897,000;1,000;MESURE
2025-03-10 05:00:00+01:00;6390,000;1,000;MESURE
2025-03-10 06:00:00+01:00;4403,000;1,000;MESURE
2025-03-10 07:00:00+01:00;86,000;1,000;MESURE
2025-03-10 08:00:00+01:00;94,000;1,000;MESURE
2025-03-10 09:00:00+01:00;93,000;1,000;MESURE
2025-03-10 10:00:00+01:00;118,000;1,000;MESURE
2025-03-10 11:00:00+01:00;88,000;1,000;MESURE
2025-03-10 12:00:00+01:00;100,000;1,000;MESURE
2025-03-10 13:00:00+01:00;109,000;1,000;MESURE
2025-03-10 14:00:00+01:00;125,000;1,000;MESURE
2025-03-10 15:00:00+01:00;122,000;1,000;MESURE
2025-03-10 16:00:00+01:00;93,000;1,000;MESURE
2025-03-10 17:00:00+01:00;98,000;1,000;MESURE
2025-03-10 18:00:00+01:00;1295,000;1,000;MESURE
2025-03-10 19:00:00+01:00;6596,000;1,000;MESURE
2025-03-10 20:00:00+01:00;6573,000;1,000;MESURE
2025-03-10 21:00:00+01:00;6622,000;1,000;MESURE
2025-03-10 22:00:00+01:00;5877,000;1,000;MESURE
2025-03-10 23:00:00+01:00;5858,000;1,000;MESURE
2025-03-11 00:00:00+01:00;5861,000;1,000;MESURE
2025-03-11 01:00:00+01:00;5862,000;1,000;MESURE
2025-03-11 02:00:00+01:00;5857,000;1,000;MESURE
2025-03-11 03:00:00+01:00;5860,000;1,000;MESURE
2025-03-11 04:00:00+01:00;5858,000;1,000;MESURE
2025-03-11 05:00:00+01:00;6358,000;1,000;MESURE
2025-03-11 06:00:00+01:00;4170,000;1,000;MESURE
2025-03-11 07:00:00+01:00;84,000;1,000;MESURE
2025-03-11 08:00:00+01:00;93,000;1,000;MESURE
2025-03-11 09:00:00+01:00;107,000;1,000;MESURE
2025-03-11 10:00:00+01:00;110,000;1,000;MESURE
2025-03-11 11:00:00+01:00;93,000;1,000;MESURE
2025-03-11 12:00:00+01:00;85,000;1,000;MESURE
2025-03-11 13:00:00+01:00;100,000;1,000;MESURE
2025-03-11 14:00:00+01:00;98,000;1,000;MESURE
2025-03-11 15:00:00+01:00;118,000;1,000;MESURE
2025-03-11 16:00:00+01:00;110,000;1,000;MESURE
2025-03-11 17:00:00+01:00;129,000;1,000;MESURE
2025-03-11 18:00:00+01:00;1161,000;1,000;MESURE
2025-03-11 19:00:00+01:00;6408,000;1,000;MESURE
2025-03-11 20:00:00+01:00;6325,000;1,000;MESURE
2025-03-11 21:00:00+01:00;6196,000;1,000;MESURE
2025-03-11 22:00:00+01:00;5748,000;1,000;MESURE
2025-03-11 23:00:00+01:00;5795,000;1,000;MESURE
2025-03-12 00:00:00+01:00;5744,000;1,000;MESURE
2025-03-12 01:00:00+01:00;5738,000;1,000;MESURE
2025-03-12 02:00:00+01:00;5644,000;1,000;MESURE
2025-03-12 03:00:00+01:00;5666,000;1,000;MESURE
2025-03-12 04:00:00+01:00;5681,000;1,000;MESURE
2025-03-12 05:00:00+01:00;6189,000;1,000;MESURE
2025-03-12 06:00:00+01:00;3844,000;1,000;MESURE
2025-03-12 07:00:00+01:00;107,000;1,000;MESURE
2025-03-12 08:00:00+01:00;98,000;1,000;MESURE
2025-03-12 09:00:00+01:00;86,000;1,000;MESURE
2025-03-12 10:00:00+01:00;107,000;1,000;MESURE
2025-03-12 11:00:00+01:00;95,000;1,000;MESURE
2025-03-12 12:00:00+01:00;122,000;1,000;MESURE
2025-03-12 13:00:00+01:00;114,000;1,000;MESURE
2025-03-12 14:00:00+01:00;97,000;1,000;MESURE
2025-03-12 15:00:00+01:00;109,000;1,000;MESURE
2025-03-12 16:00:00+01:00;117,000;1,000;MESURE
2025-03-12 17:00:00+01:00;103,000;1,000;MESURE
2025-03-12 18:00:00+01:00;1040,000;1,000;MESURE
2025-03-12 19:00:00+01:00;6389,000;1,000;MESURE
2025-03-12 20:00:00+01:00;6256,000;1,000;MESURE
2025-03-12 21:00:00+01:00;6172,000;1,000;MESURE
2025-03-12 22:00:00+01:00;5682,000;1,000;MESURE
2025-03-12 23:00:00+01:00;5666,000;1,000;MESURE
2025-03-13 00:00:00+01:00;5655,000;1,000;MESURE
2025-03-13 01:00:00+01:00;5660,000;1,000;MESURE
2025-03-13 02:00:00+01:00;5647,000;1,000;MESURE
2025-03-13 03:00:00+01:00;5649,000;1,000;MESURE
2025-03-13 04:00:00+01:00;5667,000;1,000;MESURE
2025-03-13 05:00:00+01:00;6191,000;1,000;MESURE
2025-03-13 06:00:00+01:00;3678,000;1,000;MESURE
2025-03-13 07:00:00+01:00;135,000;1,000;MESURE
2025-03-13 08:00:00+01:00;101,000;1,000;MESURE
2025-03-13 09:00:00+01:00;115,000;1,000;MESURE
2025-03-13 10:00:00+01:00;123,000;1,000;MESURE
2025-03-13 11:00:00+01:00;122,000;1,000;MESURE
2025-03-13 12:00:00+01:00;101,000;1,000;MESURE
2025-03-13 13:00:00+01:00;94,000;1,000;MESURE
2025-03-13 14:00:00+01:00;112,000;1,000;MESURE
2025-03-13 15:00:00+01:00;92,000;1,000;MESURE
2025-03-13 16:00:00+01:00;127,000;1,000;MESURE
2025-03-13 17:00:00+01:00;110,000;1,000;MESURE
2025-03-13 18:00:00+01:00;895,000;1,000;MESURE
2025-03-13 19:00:00+01:00;6375,000;1,000;MESURE
2025-03-13 20:00:00+01:00;6352,000;1,000;MESURE
2025-03-13 21:00:00+01:00;6199,000;1,000;MESURE
2025-03-13 22:00:00+01:00;5671,000;1,000;MESURE
2025-03-13 23:00:00+01:00;5658,000;1,000;MESURE
2025-03-14 00:00:00+01:00;5626,000;1,000;MESURE
2025-03-14 01:00:00+01:00;5627,000;1,000;MESURE
2025-03-14 02:00:00+01:00;5645,000;1,000;MESURE
2025-03-14 03:00:00+01:00;5651,000;1,000;MESURE
2025-03-14 04:00:00+01:00;5681,000;1,000;MESURE
2025-03-14 05:00:00+01:00;6213,000;1,000;MESURE
2025-03-14 06:00:00+01:00;3543,000;1,000;MESURE
2025-03-14 07:00:00+01:00;194,000;1,000;MESURE
2025-03-14 08:00:00+01:00;192,000;1,000;MESURE
2025-03-14 09:00:00+01:00;154,000;1,000;MESURE
2025-03-14 10:00:00+01:00;101,000;1,000;MESURE
2025-03-14 11:00:00+01:00;103,000;1,000;MESURE
2025-03-14 12:00:00+01:00;100,000;1,000;MESURE
2025-03-14 13:00:00+01:00;112,000;1,000;MESURE
2025-03-14 14:00:00+01:00;123,000;1,000;MESURE
2025-03-14 15:00:00+01:00;111,000;1,000;MESURE
2025-03-14 16:00:00+01:00;95,000;1,000;MESURE
2025-03-14 17:00:00+01:00;87,000;1,000;MESURE
2025-03-14 18:00:00+01:00;732,000;1,000;MESURE
2025-03-14 19:00:00+01:00;6379,000;1,000;MESURE
2025-03-14 20:00:00+01:00;6494,000;1,000;MESURE
2025-03-14 21:00:00+01:00;6406,000;1,000;MESURE
2025-03-14 22:00:00+01:00;5873,000;1,000;MESURE
2025-03-14 23:00:00+01:00;5804,000;1,000;MESURE
2025-03-15 00:00:00+01:00;5842,000;1,000;MESURE
2025-03-15 01:00:00+01:00;5908,000;1,000;MESURE
2025-03-15 02:00:00+01:00;5906,000;1,000;MESURE
2025-03-15 03:00:00+01:00;5918,000;1,000;MESURE
2025-03-15 04:00:00+01:00;5957,000;1,000;MESURE
2025-03-15 05:00:00+01:00;6503,000;1,000;MESURE
2025-03-15 06:00:00+01:00;3575,000;1,000;MESURE
2025-03-15 07:00:00+01:00;400,000;1,000;MESURE
2025-03-15 08:00:00+01:00;402,000;1,000;MESURE
2025-03-15 09:00:00+01:00;372,000;1,000;MESURE
2025-03-15 10:00:00+01:00;333,000;1,000;MESURE
2025-03-15 11:00:00+01:00;277,000;1,000;MESURE
2025-03-15 12:00:00+01:00;215,000;1,000;MESURE
2025-03-15 13:00:00+01:00;169,000;1,000;MESURE
2025-03-15 14:00:00+01:00;143,000;1,000;MESURE
2025-03-15 15:00:00+01:00;125,000;1,000;MESURE
2025-03-15 16:00:00+01:00;153,000;1,000;MESURE
2025-03-15 17:00:00+01:00;194,000;1,000;MESURE
2025-03-15 18:00:00+01:00;669,000;1,000;MESURE
2025-03-15 19:00:00+01:00;6592,000;1,000;MESURE
2025-03-15 20:00:00+01:00;6673,000;1,000;MESURE
2025-03-15 21:00:00+01:00;6634,000;1,000;MESURE
2025-03-15 22:00:00+01:00;6119,000;1,000;MESURE
2025-03-15 23:00:00+01:00;6065,000;1,000;MESURE
2025-03-16 00:00:00+01:00;6186,000;1,000;MESURE
2025-03-16 01:00:00+01:00;6318,000;1,000;MESURE
2025-03-16 02:00:00+01:00;6428,000;1,000;MESURE
2025-03-16 03:00:00+01:00;6440,000;1,000;MESURE
2025-03-16 04:00:00+01:00;6496,000;1,000;MESURE
2025-03-16 05:00:00+01:00;7025,000;1,000;MESURE
2025-03-16 06:00:00+01:00;3908,000;1,000;MESURE
2025-03-16 07:00:00+01:00;940,000;1,000;MESURE
2025-03-16 08:00:00+01:00;857,000;1,000;MESURE
2025-03-16 09:00:00+01:00;707,000;1,000;MESURE
2025-03-16 10:00:00+01:00;481,000;1,000;MESURE
2025-03-16 11:00:00+01:00;234,000;1,000;MESURE
2025-03-16 12:00:00+01:00;109,000;1,000;MESURE
2025-03-16 13:00:00+01:00;87,000;1,000;MESURE
2025-03-16 14:00:00+01:00;86,000;1,000;MESURE
2025-03-16 15:00:00+01:00;111,000;1,000;MESURE
2025-03-16 16:00:00+01:00;106,000;1,000;MESURE
2025-03-16 17:00:00+01:00;92,000;1,000;MESURE
2025-03-16 18:00:00+01:00;440,000;1,000;MESURE
2025-03-16 19:00:00+01:00;6304,000;1,000;MESURE
2025-03-16 20:00:00+01:00;6296,000;1,000;MESURE
2025-03-16 21:00:00+01:00;6252,000;1,000;MESURE
2025-03-16 22:00:00+01:00;5659,000;1,000;MESURE
2025-03-16 23:00:00+01:00;5692,000;1,000;MESURE
2025-03-17 00:00:00+01:00;5674,000;1,000;MESURE
2025-03-17 01:00:00+01:00;5723,000;1,000;MESURE
2025-03-17 02:00:00+01:00;5766,000;1,000;MESURE
2025-03-17 03:00:00+01:00;5806,000;1,000;MESURE
2025-03-17 04:00:00+01:00;5941,000;1,000;MESURE
2025-03-17 05:00:00+01:00;6458,000;1,000;MESURE
2025-03-17 06:00:00+01:00;3099,000;1,000;MESURE
2025-03-17 07:00:00+01:00;416,000;1,000;MESURE
2025-03-17 08:00:00+01:00;598,000;1,000;MESURE
2025-03-17 09:00:00+01:00;491,000;1,000;MESURE
2025-03-17 10:00:00+01:00;453,000;1,000;MESURE
2025-03-17 11:00:00+01:00;323,000;1,000;MESURE
2025-03-17 12:00:00+01:00;191,000;1,000;MESURE
2025-03-17 13:00:00+01:00;113,000;1,000;MESURE
2025-03-17 14:00:00+01:00;108,000;1,000;MESURE
2025-03-17 15:00:00+01:00;92,000;1,000;MESURE
2025-03-17 16:00:00+01:00;112,000;1,000;MESURE
2025-03-17 17:00:00+01:00;94,000;1,000;MESURE
2025-03-17 18:00:00+01:00;389,000;1,000;MESURE
2025-03-17 19:00:00+01:00;6247,000;1,000;MESURE
2025-03-17 20:00:00+01:00;6277,000;1,000;MESURE
2025-03-17 21:00:00+01:00;6309,000;1,000;MESURE
2025-03-17 22:00:00+01:00;5752,000;1,000;MESURE
2025-03-17 23:00:00+01:00;5794,000;1,000;MESURE
2025-03-18 00:00:00+01:00;5898,000;1,000;MESURE
2025-03-18 01:00:00+01:00;6019,000;1,000;MESURE
2025-03-18 02:00:00+01:00;6161,000;1,000;MESURE
2025-03-18 03:00:00+01:00;6270,000;1,000;MESURE
2025-03-18 04:00:00+01:00;6360,000;1,000;MESURE
2025-03-18 05:00:00+01:00;6886,000;1,000;MESURE
2025-03-18 06:00:00+01:00;3364,000;1,000;MESURE
2025-03-18 07:00:00+01:00;834,000;1,000;MESURE
2025-03-18 08:00:00+01:00;850,000;1,000;MESURE
2025-03-18 09:00:00+01:00;675,000;1,000;MESURE
2025-03-18 10:00:00+01:00;513,000;1,000;MESURE
2025-03-18 11:00:00+01:00;212,000;1,000;MESURE
2025-03-18 12:00:00+01:00;100,000;1,000;MESURE
2025-03-18 13:00:00+01:00;100,000;1,000;MESURE
2025-03-18 14:00:00+01:00;102,000;1,000;MESURE
2025-03-18 15:00:00+01:00;138,000;1,000;MESURE
2025-03-18 16:00:00+01:00;121,000;1,000;MESURE
2025-03-18 17:00:00+01:00;123,000;1,000;MESURE
2025-03-18 18:00:00+01:00;367,000;1,000;MESURE
2025-03-18 19:00:00+01:00;6100,000;1,000;MESURE
2025-03-18 20:00:00+01:00;6270,000;1,000;MESURE
2025-03-18 21:00:00+01:00;6124,000;1,000;MESURE
2025-03-18 22:00:00+01:00;5600,000;1,000;MESURE
2025-03-18 23:00:00+01:00;5601,000;1,000;MESURE
2025-03-19 00:00:00+01:00;5598,000;1,000;MESURE
2025-03-19 01:00:00+01:00;5652,000;1,000;MESURE
2025-03-19 02:00:00+01:00;5756,000;1,000;MESURE
2025-03-19 03:00:00+01:00;5822,000;1,000;MESURE
2025-03-19 04:00:00+01:00;5943,000;1,000;MESURE
2025-03-19 05:00:00+01:00;6637,000;1,000;MESURE
2025-03-19 06:00:00+01:00;3020,000;1,000;MESURE
2025-03-19 07:00:00+01:00;775,000;1,000;MESURE
2025-03-19 08:00:00+01:00;795,000;1,000;MESURE
2025-03-19 09:00:00+01:00;495,000;1,000;MESURE
2025-03-19 10:00:00+01:00;231,000;1,000;MESURE
2025-03-19 11:00:00+01:00;92,000;1,000;MESURE
2025-03-19 12:00:00+01:00;93,000;1,000;MESURE
2025-03-19 13:00:00+01:00;91,000;1,000;MESURE
2025-03-19 14:00:00+01:00;101,000;1,000;MESURE
2025-03-19 15:00:00+01:00;104,000;1,000;MESURE
2025-03-19 16:00:00+01:00;121,000;1,000;MESURE
2025-03-19 17:00:00+01:00;111,000;1,000;MESURE
2025-03-19 18:00:00+01:00;350,000;1,000;MESURE
2025-03-19 19:00:00+01:00;5987,000;1,000;MESURE
2025-03-19 20:00:00+01:00;6185,000;1,000;MESURE
2025-03-19 21:00:00+01:00;6074,000;1,000;MESURE
2025-03-19 22:00:00+01:00;5572,000;1,000;MESURE
2025-03-19 23:00:00+01:00;5578,000;1,000;MESURE
2025-03-20 00:00:00+01:00;5581,000;1,000;MESURE
2025-03-20 01:00:00+01:00;5574,000;1,000;MESURE
2025-03-20 02:00:00+01:00;5583,000;1,000;MESURE
2025-03-20 03:00:00+01:00;5591,000;1,000;MESURE
2025-03-20 04:00:00+01:00;5584,000;1,000;MESURE
2025-03-20 05:00:00+01:00;6100,000;1,000;MESURE
2025-03-20 06:00:00+01:00;2226,000;1,000;MESURE
2025-03-20 07:00:00+01:00;141,000;1,000;MESURE
2025-03-20 08:00:00+01:00;195,000;1,000;MESURE
2025-03-20 09:00:00+01:00;101,000;1,000;MESURE
2025-03-20 10:00:00+01:00;95,000;1,000;MESURE
2025-03-20 11:00:00+01:00;108,000;1,000;MESURE
2025-03-20 12:00:00+01:00;99,000;1,000;MESURE
2025-03-20 13:00:00+01:00;107,000;1,000;MESURE
2025-03-20 14:00:00+01:00;110,000;1,000;MESURE
2025-03-20 15:00:00+01:00;103,000;1,000;MESURE
2025-03-20 16:00:00+01:00;114,000;1,000;MESURE
2025-03-20 17:00:00+01:00;124,000;1,000;MESURE
2025-03-20 18:00:00+01:00;324,000;1,000;MESURE
2025-03-20 19:00:00+01:00;5894,000;1,000;MESURE
2025-03-20 20:00:00+01:00;6275,000;1,000;MESURE
2025-03-20 21:00:00+01:00;6228,000;1,000;MESURE
2025-03-20 22:00:00+01:00;5571,000;1,000;MESURE
2025-03-20 23:00:00+01:00;5581,000;1,000;MESURE
2025-03-21 00:00:00+01:00;5544,000;1,000;MESURE
2025-03-21 01:00:00+01:00;5537,000;1,000;MESURE
2025-03-21 02:00:00+01:00;5561,000;1,000;MESURE
2025-03-21 03:00:00+01:00;5546,000;1,000;MESURE
2025-03-21 04:00:00+01:00;5572,000;1,000;MESURE
2025-03-21 05:00:00+01:00;6080,000;1,000;MESURE
2025-03-21 06:00:00+01:00;2082,000;1,000;MESURE
2025-03-21 07:00:00+01:00;85,000;1,000;MESURE
2025-03-21 08:00:00+01:00;87,000;1,000;MESURE
2025-03-21 09:00:00+01:00;107,000;1,000;MESURE
2025-03-21 10:00:00+01:00;94,000;1,000;MESURE
2025-03-21 11:00:00+01:00;101,000;1,000;MESURE
2025-03-21 12:00:00+01:00;107,000;1,000;MESURE
2025-03-21 13:00:00+01:00;83,000;1,000;MESURE
2025-03-21 14:00:00+01:00;105,000;1,000;MESURE
2025-03-21 15:00:00+01:00;96,000;1,000;MESURE
2025-03-21 16:00:00+01:00;126,000;1,000;MESURE
2025-03-21 17:00:00+01:00;102,000;1,000;MESURE
2025-03-21 18:00:00+01:00;318,000;1,000;MESURE
2025-03-21 19:00:00+01:00;5639,000;1,000;MESURE
2025-03-21 20:00:00+01:00;6094,000;1,000;MESURE
2025-03-21 21:00:00+01:00;6067,000;1,000;MESURE
2025-03-21 22:00:00+01:00;5586,000;1,000;MESURE
2025-03-21 23:00:00+01:00;5653,000;1,000;MESURE
2025-03-22 00:00:00+01:00;5658,000;1,000;MESURE
2025-03-22 01:00:00+01:00;5643,000;1,000;MESURE
2025-03-22 02:00:00+01:00;5638,000;1,000;MESURE
2025-03-22 03:00:00+01:00;5651,000;1,000;MESURE
2025-03-22 04:00:00+01:00;5651,000;1,000;MESURE
2025-03-22 05:00:00+01:00;6163,000;1,000;MESURE
2025-03-22 06:00:00+01:00;1914,000;1,000;MESURE
2025-03-22 07:00:00+01:00;97,000;1,000;MESURE
2025-03-22 08:00:00+01:00;103,000;1,000;MESURE
2025-03-22 09:00:00+01:00;92,000;1,000;MESURE
2025-03-22 10:00:00+01:00;120,000;1,000;MESURE
2025-03-22 11:00:00+01:00;113,000;1,000;MESURE
2025-03-22 12:00:00+01:00;132,000;1,000;MESURE
2025-03-22 13:00:00+01:00;108,000;1,000;MESURE
2025-03-22 14:00:00+01:00;98,000;1,000;MESURE
2025-03-22 15:00:00+01:00;84,000;1,000;MESURE
2025-03-22 16:00:00+01:00;96,000;1,000;MESURE
2025-03-22 17:00:00+01:00;121,000;1,000;MESURE
2025-03-22 18:00:00+01:00;299,000;1,000;MESURE
2025-03-22 19:00:00+01:00;5550,000;1,000;MESURE
2025-03-22 20:00:00+01:00;6119,000;1,000;MESURE
2025-03-22 21:00:00+01:00;5972,000;1,000;MESURE
2025-03-22 22:00:00+01:00;5488,000;1,000;MESURE
2025-03-22 23:00:00+01:00;5512,000;1,000;MESURE
2025-03-23 00:00:00+01:00;5456,000;1,000;MESURE
2025-03-23 01:00:00+01:00;5446,000;1,000;MESURE
2025-03-23 02:00:00+01:00;5458,000;1,000;MESURE
2025-03-23 03:00:00+01:00;5447,000;1,000;MESURE
2025-03-23 04:00:00+01:00;5475,000;1,000;MESURE
2025-03-23 05:00:00+01:00;5994,000;1,000;MESURE
2025-03-23 06:00:00+01:00;1675,000;1,000;MESURE
2025-03-23 07:00:00+01:00;86,000;1,000;MESURE
2025-03-23 08:00:00+01:00;92,000;1,000;MESURE
2025-03-23 09:00:00+01:00;96,000;1,000;MESURE
2025-03-23 10:00:00+01:00;106,000;1,000;MESURE
2025-03-23 11:00:00+01:00;91,000;1,000;MESURE
2025-03-23 12:00:00+01:00;92,000;1,000;MESURE
2025-03-23 13:00:00+01:00;103,000;1,000;MESURE
2025-03-23 14:00:00+01:00;89,000;1,000;MESURE
2025-03-23 15:00:00+01:00;82,000;1,000;MESURE
2025-03-23 16:00:00+01:00;102,000;1,000;MESURE
2025-03-23 17:00:00+01:00;107,000;1,000;MESURE
2025-03-23 18:00:00+01:00;271,000;1,000;MESURE
2025-03-23 19:00:00+01:00;5407,000;1,000;MESURE
2025-03-23 20:00:00+01:00;6124,000;1,000;MESURE
2025-03-23 21:00:00+01:00;5994,000;1,000;MESURE
2025-03-23 22:00:00+01:00;5508,000;1,000;MESURE
2025-03-23 23:00:00+01:00;5625,000;1,000;MESURE
2025-03-24 00:00:00+01:00;5601,000;1,000;MESURE
2025-03-24 01:00:00+01:00;5528,000;1,000;MESURE
2025-03-24 02:00:00+01:00;5477,000;1,000;MESURE
2025-03-24 03:00:00+01:00;5491,000;1,000;MESURE
2025-03-24 04:00:00+01:00;5491,000;1,000;MESURE
2025-03-24 05:00:00+01:00;6006,000;1,000;MESURE
2025-03-24 06:00:00+01:00;1465,000;1,000;MESURE
2025-03-24 07:00:00+01:00;84,000;1,000;MESURE
2025-03-24 08:00:00+01:00;94,000;1,000;MESURE
2025-03-24 09:00:00+01:00;98,000;1,000;MESURE
2025-03-24 10:00:00+01:00;98,000;1,000;MESURE
2025-03-24 11:00:00+01:00;105,000;1,000;MESURE
2025-03-24 12:00:00+01:00;99,000;1,000;MESURE
2025-03-24 13:00:00+01:00;91,000;1,000;MESURE
2025-03-24 14:00:00+01:00;125,000;1,000;MESURE
2025-03-24 15:00:00+01:00;106,000;1,000;MESURE
2025-03-24 16:00:00+01:00;103,000;1,000;MESURE
2025-03-24 17:00:00+01:00;89,000;1,000;MESURE
2025-03-24 18:00:00+01:00;244,000;1,000;MESURE
2025-03-24 19:00:00+01:00;5270,000;1,000;MESURE
2025-03-24 20:00:00+01:00;6104,000;1,000;MESURE
2025-03-24 21:00:00+01:00;5999,000;1,000;MESURE
2025-03-24 22:00:00+01:00;5475,000;1,000;MESURE
2025-03-24 23:00:00+01:00;5479,000;1,000;MESURE
2025-03-25 00:00:00+01:00;5450,000;1,000;MESURE
2025-03-25 01:00:00+01:00;5451,000;1,000;MESURE
2025-03-25 02:00:00+01:00;5449,000;1,000;MESURE
2025-03-25 03:00:00+01:00;5454,000;1,000;MESURE
2025-03-25 04:00:00+01:00;5449,000;1,000;MESURE
2025-03-25 05:00:00+01:00;6009,000;1,000;MESURE
2025-03-25 06:00:00+01:00;1297,000;1,000;MESURE
2025-03-25 07:00:00+01:00;92,000;1,000;MESURE
2025-03-25 08:00:00+01:00;109,000;1,000;MESURE
2025-03-25 09:00:00+01:00;99,000;1,000;MESURE
2025-03-25 10:00:00+01:00;106,000;1,000;MESURE
2025-03-25 11:00:00+01:00;99,000;1,000;MESURE
2025-03-25 12:00:00+01:00;99,000;1,000;MESURE
2025-03-25 13:00:00+01:00;94,000;1,000;MESURE
2025-03-25 14:00:00+01:00;98,000;1,000;MESURE
2025-03-25 15:00:00+01:00;102,000;1,000;MESURE
2025-03-25 16:00:00+01:00;90,000;1,000;MESURE
2025-03-25 17:00:00+01:00;95,000;1,000;MESURE
2025-03-25 18:00:00+01:00;221,000;1,000;MESURE
2025-03-25 19:00:00+01:00;5139,000;1,000;MESURE
2025-03-25 20:00:00+01:00;6169,000;1,000;MESURE
2025-03-25 21:00:00+01:00;6020,000;1,000;MESURE
2025-03-25 22:00:00+01:00;5508,000;1,000;MESURE
2025-03-25 23:00:00+01:00;5488,000;1,000;MESURE
2025-03-26 00:00:00+01:00;5468,000;1,000;MESURE
2025-03-26 01:00:00+01:00;5459,000;1,000;MESURE
2025-03-26 02:00:00+01:00;5446,000;1,000;MESURE
2025-03-26 03:00:00+01:00;5447,000;1,000;MESURE
2025-03-26 04:00:00+01:00;5442,000;1,000;MESURE
2025-03-26 05:00:00+01:00;5965,000;1,000;MESURE
2025-03-26 06:00:00+01:00;1062,000;1,000;MESURE
2025-03-26 07:00:00+01:00;84,000;1,000;MESURE
2025-03-26 08:00:00+01:00;85,000;1,000;MESURE
2025-03-26 09:00:00+01:00;96,000;1,000;MESURE
2025-03-26 10:00:00+01:00;84,000;1,000;MESURE
2025-03-26 11:00:00+01:00;104,000;1,000;MESURE
2025-03-26 12:00:00+01:00;97,000;1,000;MESURE
2025-03-26 13:00:00+01:00;89,000;1,000;MESURE
2025-03-26 14:00:00+01:00;89,000;1,000;MESURE
2025-03-26 15:00:00+01:00;114,000;1,000;MESURE
2025-03-26 16:00:00+01:00;83,000;1,000;MESURE
2025-03-26 17:00:00+01:00;90,000;1,000;MESURE
2025-03-26 18:00:00+01:00;203,000;1,000;MESURE
2025-03-26 19:00:00+01:00;5003,000;1,000;MESURE
2025-03-26 20:00:00+01:00;6096,000;1,000;MESURE
2025-03-26 21:00:00+01:00;6024,000;1,000;MESURE
2025-03-26 22:00:00+01:00;5515,000;1,000;MESURE
2025-03-26 23:00:00+01:00;5511,000;1,000;MESURE
2025-03-27 00:00:00+01:00;5492,000;1,000;MESURE
2025-03-27 01:00:00+01:00;5456,000;1,000;MESURE
2025-03-27 02:00:00+01:00;5454,000;1,000;MESURE
2025-03-27 03:00:00+01:00;5489,000;1,000;MESURE
2025-03-27 04:00:00+01:00;5482,000;1,000;MESURE
2025-03-27 05:00:00+01:00;5977,000;1,000;MESURE
2025-03-27 06:00:00+01:00;886,000;1,000;MESURE
2025-03-27 07:00:00+01:00;92,000;1,000;MESURE
2025-03-27 08:00:00+01:00;94,000;1,000;MESURE
2025-03-27 09:00:00+01:00;110,000;1,000;MESURE
2025-03-27 10:00:00+01:00;107,000;1,000;MESURE
2025-03-27 11:00:00+01:00;101,000;1,000;MESURE
2025-03-27 12:00:00+01:00;100,000;1,000;MESURE
2025-03-27 13:00:00+01:00;84,000;1,000;MESURE
2025-03-27 14:00:00+01:00;99,000;1,000;MESURE
2025-03-27 15:00:00+01:00;85,000;1,000;MESURE
2025-03-27 16:00:00+01:00;95,000;1,000;MESURE
2025-03-27 17:00:00+01:00;97,000;1,000;MESURE
2025-03-27 18:00:00+01:00;170,000;1,000;MESURE
2025-03-27 19:00:00+01:00;4592,000;1,000;MESURE
2025-03-27 20:00:00+01:00;5645,000;1,000;MESURE
2025-03-27 21:00:00+01:00;5653,000;1,000;MESURE
2025-03-27 22:00:00+01:00;4951,000;1,000;MESURE
2025-03-27 23:00:00+01:00;5004,000;1,000;MESURE
2025-03-28 00:00:00+01:00;4899,000;1,000;MESURE
2025-03-28 01:00:00+01:00;4892,000;1,000;MESURE
2025-03-28 02:00:00+01:00;4899,000;1,000;MESURE
2025-03-28 03:00:00+01:00;4909,000;1,000;MESURE
2025-03-28 04:00:00+01:00;4989,000;1,000;MESURE
2025-03-28 05:00:00+01:00;5584,000;1,000;MESURE
2025-03-28 06:00:00+01:00;635,000;1,000;MESURE
2025-03-28 07:00:00+01:00;85,000;1,000;MESURE
2025-03-28 08:00:00+01:00;85,000;1,000;MESURE
2025-03-28 09:00:00+01:00;119,000;1,000;MESURE
2025-03-28 10:00:00+01:00;92,000;1,000;MESURE
2025-03-28 11:00:00+01:00;116,000;1,000;MESURE
2025-03-28 12:00:00+01:00;121,000;1,000;MESURE
2025-03-28 13:00:00+01:00;100,000;1,000;MESURE
2025-03-28 14:00:00+01:00;112,000;1,000;MESURE
2025-03-28 15:00:00+01:00;100,000;1,000;MESURE
2025-03-28 16:00:00+01:00;98,000;1,000;MESURE
2025-03-28 17:00:00+01:00;111,000;1,000;MESURE
2025-03-28 18:00:00+01:00;168,000;1,000;MESURE
2025-03-28 19:00:00+01:00;4821,000;1,000;MESURE
2025-03-28 20:00:00+01:00;6132,000;1,000;MESURE
2025-03-28 21:00:00+01:00;6099,000;1,000;MESURE
2025-03-28 22:00:00+01:00;5319,000;1,000;MESURE
2025-03-28 23:00:00+01:00;5311,000;1,000;MESURE
2025-03-29 00:00:00+01:00;5314,000;1,000;MESURE
2025-03-29 01:00:00+01:00;5302,000;1,000;MESURE
2025-03-29 02:00:00+01:00;5296,000;1,000;MESURE
2025-03-29 03:00:00+01:00;5300,000;1,000;MESURE
2025-03-29 04:00:00+01:00;5303,000;1,000;MESURE
2025-03-29 05:00:00+01:00;5993,000;1,000;MESURE
2025-03-29 06:00:00+01:00;502,000;1,000;MESURE
2025-03-29 07:00:00+01:00;105,000;1,000;MESURE
2025-03-29 08:00:00+01:00;90,000;1,000;MESURE
2025-03-29 09:00:00+01:00;114,000;1,000;MESURE
2025-03-29 10:00:00+01:00;114,000;1,000;MESURE
2025-03-29 11:00:00+01:00;145,000;1,000;MESURE
2025-03-29 12:00:00+01:00;110,000;1,000;MESURE
2025-03-29 13:00:00+01:00;120,000;1,000;MESURE
2025-03-29 14:00:00+01:00;115,000;1,000;MESURE
2025-03-29 15:00:00+01:00;94,000;1,000;MESURE
2025-03-29 16:00:00+01:00;127,000;1,000;MESURE
2025-03-29 17:00:00+01:00;113,000;1,000;MESURE
2025-03-29 18:00:00+01:00;142,000;1,000;MESURE
2025-03-29 19:00:00+01:00;4689,000;1,000;MESURE
2025-03-29 20:00:00+01:00;6211,000;1,000;MESURE
2025-03-29 21:00:00+01:00;6133,000;1,000;MESURE
2025-03-29 22:00:00+01:00;5430,000;1,000;MESURE
2025-03-29 23:00:00+01:00;5299,000;1,000;MESURE
2025-03-30 00:00:00+01:00;5293,000;1,000;MESURE
2025-03-30 01:00:00+01:00;5311,000;1,000;MESURE
2025-03-30 03:00:00+02:00;5319,000;1,000;MESURE
2025-03-30 04:00:00+02:00;5344,000;1,000;MESURE
2025-03-30 05:00:00+02:00;5994,000;1,000;MESURE
2025-03-30 06:00:00+02:00;6005,000;1,000;MESURE
2025-03-30 07:00:00+02:00;283,000;1,000;MESURE
2025-03-30 08:00:00+02:00;93,000;1,000;MESURE
2025-03-30 09:00:00+02:00;107,000;1,000;MESURE
2025-03-30 10:00:00+02:00;92,000;1,000;MESURE
2025-03-30 11:00:00+02:00;87,000;1,000;MESURE
2025-03-30 12:00:00+02:00;105,000;1,000;MESURE
2025-03-30 13:00:00+02:00;85,000;1,000;MESURE
2025-03-30 14:00:00+02:00;98,000;1,000;MESURE
2025-03-30 15:00:00+02:00;83,000;1,000;MESURE
2025-03-30 16:00:00+02:00;94,000;1,000;MESURE
2025-03-30 17:00:00+02:00;115,000;1,000;MESURE
2025-03-30 18:00:00+02:00;102,000;1,000;MESURE
2025-03-30 19:00:00+02:00;116,000;1,000;MESURE
2025-03-30 20:00:00+02:00;4537,000;1,000;MESURE
2025-03-30 21:00:00+02:00;6046,000;1,000;MESURE
2025-03-30 22:00:00+02:00;5426,000;1,000;MESURE
2025-03-30 23:00:00+02:00;5426,000;1,000;MESURE
2025-03-31 00:00:00+02:00;5443,000;1,000;MESURE
2025-03-31 01:00:00+02:00;5411,000;1,000;MESURE
2025-03-31 02:00:00+02:00;5405,000;1,000;MESURE
2025-03-31 03:00:00+02:00;5403,000;1,000;MESURE
2025-03-31 04:00:00+02:00;5345,000;1,000;MESURE
2025-03-31 05:00:00+02:00;5980,000;1,000;MESURE
2025-03-31 06:00:00+02:00;6021,000;1,000;MESURE
2025-03-31 07:00:00+02:00;88,000;1,000;MESURE
2025-03-31 08:00:00+02:00;93,000;1,000;MESURE
2025-03-31 09:00:00+02:00;95,000;1,000;MESURE
2025-03-31 10:00:00+02:00;84,000;1,000;MESURE
2025-03-31 11:00:00+02:00;104,000;1,000;MESURE
2025-03-31 12:00:00+02:00;99,000;1,000;MESURE
2025-03-31 13:00:00+02:00;100,000;1,000;MESURE
2025-03-31 14:00:00+02:00;95,000;1,000;MESURE
2025-03-31 15:00:00+02:00;112,000;1,000;MESURE
2025-03-31 16:00:00+02:00;123,000;1,000;MESURE
2025-03-31 17:00:00+02:00;90,000;1,000;MESURE
2025-03-31 18:00:00+02:00;88,000;1,000;MESURE
2025-03-31 19:00:00+02:00;138,000;1,000;MESURE
2025-03-31 20:00:00+02:00;4496,000;1,000;MESURE
2025-03-31 21:00:00+02:00;6146,000;1,000;MESURE
2025-03-31 22:00:00+02:00;5369,000;1,000;MESURE
2025-03-31 23:00:00+02:00;5364,000;1,000;MESURE
2025-04-01 00:00:00+02:00;5362,000;1,000;MESURE
2025-04-01 01:00:00+02:00;5347,000;1,000;MESURE
2025-04-01 02:00:00+02:00;5368,000;1,000;MESURE
2025-04-01 03:00:00+02:00;5329,000;1,000;MESURE
2025-04-01 04:00:00+02:00;5345,000;1,000;MESURE
2025-04-01 05:00:00+02:00;6033,000;1,000;MESURE
2025-04-01 06:00:00+02:00;5788,000;1,000;MESURE
2025-04-01 07:00:00+02:00;85,000;1,000;MESURE
2025-04-01 08:00:00+02:00;173,000;1,000;MESURE
2025-04-01 09:00:00+02:00;93,000;1,000;MESURE
2025-04-01 10:00:00+02:00;100,000;1,000;MESURE
2025-04-01 11:00:00+02:00;93,000;1,000;MESURE
2025-04-01 12:00:00+02:00;112,000;1,000;MESURE
2025-04-01 13:00:00+02:00;98,000;1,000;MESURE
2025-04-01 14:00:00+02:00;98,000;1,000;MESURE
2025-04-01 15:00:00+02:00;116,000;1,000;MESURE
2025-04-01 16:00:00+02:00;171,000;1,000;MESURE
2025-04-01 17:00:00+02:00;117,000;1,000;MESURE
2025-04-01 18:00:00+02:00;105,000;1,000;MESURE
2025-04-01 19:00:00+02:00;91,000;1,000;MESURE
2025-04-01 20:00:00+02:00;4272,000;1,000;MESURE
2025-04-01 21:00:00+02:00;6087,000;1,000;MESURE
2025-04-01 22:00:00+02:00;5349,000;1,000;MESURE
2025-04-01 23:00:00+02:00;5377,000;1,000;MESURE
2025-04-02 00:00:00+02:00;5334,000;1,000;MESURE
2025-04-02 01:00:00+02:00;5312,000;1,000;MESURE
2025-04-02 02:00:00+02:00;5295,000;1,000;MESURE
2025-04-02 03:00:00+02:00;5296,000;1,000;MESURE
2025-04-02 04:00:00+02:00;5296,000;1,000;MESURE
2025-04-02 05:00:00+02:00;5957,000;1,000;MESURE
2025-04-02 06:00:00+02:00;5558,000;1,000;MESURE
2025-04-02 07:00:00+02:00;98,000;1,000;MESURE
2025-04-02 08:00:00+02:00;115,000;1,000;MESURE
2025-04-02 09:00:00+02:00;113,000;1,000;MESURE
2025-04-02 10:00:00+02:00;109,000;1,000;MESURE
2025-04-02 11:00:00+02:00;113,000;1,000;MESURE
2025-04-02 12:00:00+02:00;104,000;1,000;MESURE
2025-04-02 13:00:00+02:00;97,000;1,000;MESURE
2025-04-02 14:00:00+02:00;108,000;1,000;MESURE
2025-04-02 15:00:00+02:00;116,000;1,000;MESURE
2025-04-02 16:00:00+02:00;96,000;1,000;MESURE
2025-04-02 17:00:00+02:00;83,000;1,000;MESURE
2025-04-02 18:00:00+02:00;102,000;1,000;MESURE
2025-04-02 19:00:00+02:00;94,000;1,000;MESURE
2025-04-02 20:00:00+02:00;4218,000;1,000;MESURE
2025-04-02 21:00:00+02:00;6028,000;1,000;MESURE
2025-04-02 22:00:00+02:00;5309,000;1,000;MESURE
2025-04-02 23:00:00+02:00;5293,000;1,000;MESURE
2025-04-03 00:00:00+02:00;5294,000;1,000;MESURE
2025-04-03 01:00:00+02:00;5337,000;1,000;MESURE
2025-04-03 02:00:00+02:00;5295,000;1,000;MESURE
2025-04-03 03:00:00+02:00;5289,000;1,000;MESURE
2025-04-03 04:00:00+02:00;5288,000;1,000;MESURE
2025-04-03 05:00:00+02:00;5970,000;1,000;MESURE
2025-04-03 06:00:00+02:00;5383,000;1,000;MESURE
2025-04-03 07:00:00+02:00;86,000;1,000;MESURE
2025-04-03 08:00:00+02:00;155,000;1,000;MESURE
2025-04-03 09:00:00+02:00;86,000;1,000;MESURE
2025-04-03 10:00:00+02:00;93,000;1,000;MESURE
2025-04-03 11:00:00+02:00;86,000;1,000;MESURE
2025-04-03 12:00:00+02:00;107,000;1,000;MESURE
2025-04-03 13:00:00+02:00;104,000;1,000;MESURE
2025-04-03 14:00:00+02:00;103,000;1,000;MESURE
2025-04-03 15:00:00+02:00;105,000;1,000;MESURE
2025-04-03 16:00:00+02:00;94,000;1,000;MESURE
2025-04-03 17:00:00+02:00;87,000;1,000;MESURE
2025-04-03 18:00:00+02:00;87,000;1,000;MESURE
2025-04-03 19:00:00+02:00;109,000;1,000;MESURE
2025-04-03 20:00:00+02:00;4080,000;1,000;MESURE
2025-04-03 21:00:00+02:00;6024,000;1,000;MESURE
2025-04-03 22:00:00+02:00;5305,000;1,000;MESURE
2025-04-03 23:00:00+02:00;5327,000;1,000;MESURE
2025-04-04 00:00:00+02:00;5314,000;1,000;MESURE
2025-04-04 01:00:00+02:00;5304,000;1,000;MESURE
2025-04-04 02:00:00+02:00;5283,000;1,000;MESURE
2025-04-04 03:00:00+02:00;5289,000;1,000;MESURE
2025-04-04 04:00:00+02:00;5283,000;1,000;MESURE
2025-04-04 05:00:00+02:00;5977,000;1,000;MESURE
2025-04-04 06:00:00+02:00;5189,000;1,000;MESURE
2025-04-04 07:00:00+02:00;84,000;1,000;MESURE
2025-04-04 08:00:00+02:00;99,000;1,000;MESURE
2025-04-04 09:00:00+02:00;84,000;1,000;MESURE
2025-04-04 10:00:00+02:00;104,000;1,000;MESURE
2025-04-04 11:00:00+02:00;83,000;1,000;MESURE
2025-04-04 12:00:00+02:00;84,000;1,000;MESURE
2025-04-04 13:00:00+02:00;94,000;1,000;MESURE
2025-04-04 14:00:00+02:00;123,000;1,000;MESURE
2025-04-04 15:00:00+02:00;104,000;1,000;MESURE
2025-04-04 16:00:00+02:00;79,000;1,000;MESURE
2025-04-04 17:00:00+02:00;100,000;1,000;MESURE
2025-04-04 18:00:00+02:00;100,000;1,000;MESURE
2025-04-04 19:00:00+02:00;87,000;1,000;MESURE
2025-04-04 20:00:00+02:00;3880,000;1,000;MESURE
2025-04-04 21:00:00+02:00;5979,000;1,000;MESURE
2025-04-04 22:00:00+02:00;5279,000;1,000;MESURE
2025-04-04 23:00:00+02:00;5291,000;1,000;MESURE
2025-04-05 00:00:00+02:00;5288,000;1,000;MESURE
2025-04-05 01:00:00+02:00;5276,000;1,000;MESURE
2025-04-05 02:00:00+02:00;5262,000;1,000;MESURE
2025-04-05 03:00:00+02:00;5264,000;1,000;MESURE
2025-04-05 04:00:00+02:00;5275,000;1,000;MESURE
2025-04-05 05:00:00+02:00;5951,000;1,000;MESURE
2025-04-05 06:00:00+02:00;4979,000;1,000;MESURE
2025-04-05 07:00:00+02:00;97,000;1,000;MESURE
2025-04-05 08:00:00+02:00;102,000;1,000;MESURE
2025-04-05 09:00:00+02:00;122,000;1,000;MESURE
2025-04-05 10:00:00+02:00;106,000;1,000;MESURE
2025-04-05 11:00:00+02:00;97,000;1,000;MESURE
2025-04-05 12:00:00+02:00;112,000;1,000;MESURE
2025-04-05 13:00:00+02:00;111,000;1,000;MESURE
2025-04-05 14:00:00+02:00;111,000;1,000;MESURE
2025-04-05 15:00:00+02:00;96,000;1,000;MESURE
2025-04-05 16:00:00+02:00;99,000;1,000;MESURE
2025-04-05 17:00:00+02:00;92,000;1,000;MESURE
2025-04-05 18:00:00+02:00;100,000;1,000;MESURE
2025-04-05 19:00:00+02:00;85,000;1,000;MESURE
2025-04-05 20:00:00+02:00;3772,000;1,000;MESURE
2025-04-05 21:00:00+02:00;6143,000;1,000;MESURE
2025-04-05 22:00:00+02:00;5362,000;1,000;MESURE
2025-04-05 23:00:00+02:00;5290,000;1,000;MESURE
2025-04-06 00:00:00+02:00;5292,000;1,000;MESURE
2025-04-06 01:00:00+02:00;5300,000;1,000;MESURE
2025-04-06 02:00:00+02:00;5283,000;1,000;MESURE
2025-04-06 03:00:00+02:00;5274,000;1,000;MESURE
2025-04-06 04:00:00+02:00;5282,000;1,000;MESURE
2025-04-06 05:00:00+02:00;5955,000;1,000;MESURE
2025-04-06 06:00:00+02:00;4643,000;1,000;MESURE
2025-04-06 07:00:00+02:00;89,000;1,000;MESURE
2025-04-06 08:00:00+02:00;90,000;1,000;MESURE
2025-04-06 09:00:00+02:00;95,000;1,000;MESURE
2025-04-06 10:00:00+02:00;106,000;1,000;MESURE
2025-04-06 11:00:00+02:00;83,000;1,000;MESURE
2025-04-06 12:00:00+02:00;90,000;1,000;MESURE
2025-04-06 13:00:00+02:00;92,000;1,000;MESURE
2025-04-06 14:00:00+02:00;92,000;1,000;MESURE
2025-04-06 15:00:00+02:00;96,000;1,000;MESURE
2025-04-06 16:00:00+02:00;94,000;1,000;MESURE
2025-04-06 17:00:00+02:00;106,000;1,000;MESURE
2025-04-06 18:00:00+02:00;119,000;1,000;MESURE
2025-04-06 19:00:00+02:00;114,000;1,000;MESURE
2025-04-06 20:00:00+02:00;3634,000;1,000;MESURE
2025-04-06 21:00:00+02:00;6170,000;1,000;MESURE
2025-04-06 22:00:00+02:00;5485,000;1,000;MESURE
2025-04-06 23:00:00+02:00;5457,000;1,000;MESURE
2025-04-07 00:00:00+02:00;5366,000;1,000;MESURE
2025-04-07 01:00:00+02:00;5356,000;1,000;MESURE
2025-04-07 02:00:00+02:00;5346,000;1,000;MESURE
2025-04-07 03:00:00+02:00;5343,000;1,000;MESURE
2025-04-07 04:00:00+02:00;5349,000;1,000;MESURE
2025-04-07 05:00:00+02:00;6021,000;1,000;MESURE
2025-04-07 06:00:00+02:00;4632,000;1,000;MESURE
2025-04-07 07:00:00+02:00;86,000;1,000;MESURE
2025-04-07 08:00:00+02:00;118,000;1,000;MESURE
2025-04-07 09:00:00+02:00;92,000;1,000;MESURE
2025-04-07 10:00:00+02:00;112,000;1,000;MESURE
2025-04-07 11:00:00+02:00;91,000;1,000;MESURE
2025-04-07 12:00:00+02:00;98,000;1,000;MESURE
2025-04-07 13:00:00+02:00;108,000;1,000;MESURE
2025-04-07 14:00:00+02:00;89,000;1,000;MESURE
2025-04-07 15:00:00+02:00;103,000;1,000;MESURE
2025-04-07 16:00:00+02:00;83,000;1,000;MESURE
2025-04-07 17:00:00+02:00;119,000;1,000;MESURE
2025-04-07 18:00:00+02:00;109,000;1,000;MESURE
2025-04-07 19:00:00+02:00;93,000;1,000;MESURE
2025-04-07 20:00:00+02:00;3492,000;1,000;MESURE
2025-04-07 21:00:00+02:00;6122,000;1,000;MESURE
2025-04-07 22:00:00+02:00;5336,000;1,000;MESURE
2025-04-07 23:00:00+02:00;5307,000;1,000;MESURE
2025-04-08 00:00:00+02:00;5321,000;1,000;MESURE
2025-04-08 01:00:00+02:00;5309,000;1,000;MESURE
2025-04-08 02:00:00+02:00;5300,000;1,000;MESURE
2025-04-08 03:00:00+02:00;5300,000;1,000;MESURE
2025-04-08 04:00:00+02:00;5302,000;1,000;MESURE
2025-04-08 05:00:00+02:00;5997,000;1,000;MESURE
2025-04-08 06:00:00+02:00;4424,000;1,000;MESURE
2025-04-08 07:00:00+02:00;86,000;1,000;MESURE
2025-04-08 08:00:00+02:00;177,000;1,000;MESURE
2025-04-08 09:00:00+02:00;101,000;1,000;MESURE
2025-04-08 10:00:00+02:00;103,000;1,000;MESURE
2025-04-08 11:00:00+02:00;113,000;1,000;MESURE
2025-04-08 12:00:00+02:00;89,000;1,000;MESURE
2025-04-08 13:00:00+02:00;99,000;1,000;MESURE
2025-04-08 14:00:00+02:00;112,000;1,000;MESURE
2025-04-08 15:00:00+02:00;95,000;1,000;MESURE
2025-04-08 16:00:00+02:00;88,000;1,000;MESURE
2025-04-08 17:00:00+02:00;94,000;1,000;MESURE
2025-04-08 18:00:00+02:00;101,000;1,000;MESURE
2025-04-08 19:00:00+02:00;92,000;1,000;MESURE
2025-04-08 20:00:00+02:00;3368,000;1,000;MESURE
2025-04-08 21:00:00+02:00;6021,000;1,000;MESURE
2025-04-08 22:00:00+02:00;5311,000;1,000;MESURE
2025-04-08 23:00:00+02:00;5307,000;1,000;MESURE
2025-04-09 00:00:00+02:00;5315,000;1,000;MESURE
2025-04-09 01:00:00+02:00;5300,000;1,000;MESURE
2025-04-09 02:00:00+02:00;5303,000;1,000;MESURE
2025-04-09 03:00:00+02:00;5278,000;1,000;MESURE
2025-04-09 04:00:00+02:00;5315,000;1,000;MESURE
2025-04-09 05:00:00+02:00;5994,000;1,000;MESURE
2025-04-09 06:00:00+02:00;4222,000;1,000;MESURE
2025-04-09 07:00:00+02:00;91,000;1,000;MESURE
2025-04-09 08:00:00+02:00;102,000;1,000;MESURE
2025-04-09 09:00:00+02:00;102,000;1,000;MESURE
2025-04-09 10:00:00+02:00;97,000;1,000;MESURE
2025-04-09 11:00:00+02:00;84,000;1,000;MESURE
2025-04-09 12:00:00+02:00;96,000;1,000;MESURE
2025-04-09 13:00:00+02:00;114,000;1,000;MESURE
2025-04-09 14:00:00+02:00;102,000;1,000;MESURE
2025-04-09 15:00:00+02:00;99,000;1,000;MESURE
2025-04-09 16:00:00+02:00;94,000;1,000;MESURE
2025-04-09 17:00:00+02:00;86,000;1,000;MESURE
2025-04-09 18:00:00+02:00;94,000;1,000;MESURE
2025-04-09 19:00:00+02:00;100,000;1,000;MESURE
2025-04-09 20:00:00+02:00;3219,000;1,000;MESURE
2025-04-09 21:00:00+02:00;6039,000;1,000;MESURE
2025-04-09 22:00:00+02:00;5315,000;1,000;MESURE
2025-04-09 23:00:00+02:00;5317,000;1,000;MESURE
2025-04-10 00:00:00+02:00;5325,000;1,000;MESURE
2025-04-10 01:00:00+02:00;5294,000;1,000;MESURE
2025-04-10 02:00:00+02:00;5293,000;1,000;MESURE
2025-04-10 03:00:00+02:00;5297,000;1,000;MESURE
2025-04-10 04:00:00+02:00;5305,000;1,000;MESURE
2025-04-10 05:00:00+02:00;5976,000;1,000;MESURE
2025-04-10 06:00:00+02:00;4099,000;1,000;MESURE
2025-04-10 07:00:00+02:00;85,000;1,000;MESURE
2025-04-10 08:00:00+02:00;93,000;1,000;MESURE
2025-04-10 09:00:00+02:00;113,000;1,000;MESURE
2025-04-10 10:00:00+02:00;100,000;1,000;MESURE
2025-04-10 11:00:00+02:00;102,000;1,000;MESURE
2025-04-10 12:00:00+02:00;101,000;1,000;MESURE
2025-04-10 13:00:00+02:00;108,000;1,000;MESURE
2025-04-10 14:00:00+02:00;87,000;1,000;MESURE
2025-04-10 15:00:00+02:00;108,000;1,000;MESURE
2025-04-10 16:00:00+02:00;87,000;1,000;MESURE
2025-04-10 17:00:00+02:00;87,000;1,000;MESURE
2025-04-10 18:00:00+02:00;85,000;1,000;MESURE
2025-04-10 19:00:00+02:00;114,000;1,000;MESURE
2025-04-10 20:00:00+02:00;3083,000;1,000;MESURE
2025-04-10 21:00:00+02:00;6069,000;1,000;MESURE
2025-04-10 22:00:00+02:00;5310,000;1,000;MESURE
2025-04-10 23:00:00+02:00;5305,000;1,000;MESURE
2025-04-11 00:00:00+02:00;5307,000;1,000;MESURE
2025-04-11 01:00:00+02:00;5295,000;1,000;MESURE
2025-04-11 02:00:00+02:00;5287,000;1,000;MESURE
2025-04-11 03:00:00+02:00;5285,000;1,000;MESURE
2025-04-11 04:00:00+02:00;5286,000;1,000;MESURE
2025-04-11 05:00:00+02:00;5970,000;1,000;MESURE
2025-04-11 06:00:00+02:00;3911,000;1,000;MESURE
2025-04-11 07:00:00+02:00;91,000;1,000;MESURE
2025-04-11 08:00:00+02:00;42,000;1,000;MESURE
2025-04-11 09:00:00+02:00;0,000;1,000;MESURE
2025-04-11 10:00:00+02:00;0,000;1,000;MESURE
2025-04-11 11:00:00+02:00;0,000;1,000;MESURE
2025-04-11 12:00:00+02:00;0,000;1,000;MESURE
2025-04-11 13:00:00+02:00;0,000;1,000;MESURE
2025-04-11 14:00:00+02:00;0,000;1,000;MESURE
2025-04-11 15:00:00+02:00;0,000;1,000;MESURE
2025-04-11 16:00:00+02:00;0,000;1,000;MESURE
2025-04-11 17:00:00+02:00;0,000;1,000;MESURE
2025-04-11 18:00:00+02:00;0,000;1,000;MESURE
2025-04-11 19:00:00+02:00;0,000;1,000;MESURE
2025-04-11 20:00:00+02:00;0,000;1,000;MESURE
2025-04-11 21:00:00+02:00;0,000;1,000;MESURE
2025-04-11 22:00:00+02:00;0,000;1,000;MESURE
2025-04-11 23:00:00+02:00;0,000;1,000;MESURE
2025-04-12 00:00:00+02:00;0,000;1,000;MESURE
2025-04-12 01:00:00+02:00;0,000;1,000;MESURE
2025-04-12 02:00:00+02:00;0,000;1,000;MESURE
2025-04-12 03:00:00+02:00;0,000;1,000;MESURE
2025-04-12 04:00:00+02:00;0,000;1,000;MESURE
2025-04-12 05:00:00+02:00;0,000;1,000;MESURE
2025-04-12 06:00:00+02:00;0,000;1,000;MESURE
2025-04-12 07:00:00+02:00;0,000;1,000;MESURE
2025-04-12 08:00:00+02:00;85,000;1,000;MESURE
2025-04-12 09:00:00+02:00;97,000;1,000;MESURE
2025-04-12 10:00:00+02:00;122,000;1,000;MESURE
2025-04-12 11:00:00+02:00;105,000;1,000;MESURE
2025-04-12 12:00:00+02:00;133,000;1,000;MESURE
2025-04-12 13:00:00+02:00;123,000;1,000;MESURE
2025-04-12 14:00:00+02:00;106,000;1,000;MESURE
2025-04-12 15:00:00+02:00;100,000;1,000;MESURE
2025-04-12 16:00:00+02:00;88,000;1,000;MESURE
2025-04-12 17:00:00+02:00;97,000;1,000;MESURE
2025-04-12 18:00:00+02:00;96,000;1,000;MESURE
2025-04-12 19:00:00+02:00;106,000;1,000;MESURE
2025-04-12 20:00:00+02:00;2767,000;1,000;MESURE
2025-04-12 21:00:00+02:00;6018,000;1,000;MESURE
2025-04-12 22:00:00+02:00;5295,000;1,000;MESURE
2025-04-12 23:00:00+02:00;5280,000;1,000;MESURE
2025-04-13 00:00:00+02:00;5284,000;1,000;MESURE
2025-04-13 01:00:00+02:00;5273,000;1,000;MESURE
2025-04-13 02:00:00+02:00;5261,000;1,000;MESURE
2025-04-13 03:00:00+02:00;5269,000;1,000;MESURE
2025-04-13 04:00:00+02:00;5267,000;1,000;MESURE
2025-04-13 05:00:00+02:00;5932,000;1,000;MESURE
2025-04-13 06:00:00+02:00;3500,000;1,000;MESURE
2025-04-13 07:00:00+02:00;83,000;1,000;MESURE
2025-04-13 08:00:00+02:00;84,000;1,000;MESURE
2025-04-13 09:00:00+02:00;90,000;1,000;MESURE
2025-04-13 10:00:00+02:00;91,000;1,000;MESURE
2025-04-13 11:00:00+02:00;96,000;1,000;MESURE
2025-04-13 12:00:00+02:00;82,000;1,000;MESURE
2025-04-13 13:00:00+02:00;99,000;1,000;MESURE
2025-04-13 14:00:00+02:00;97,000;1,000;MESURE
2025-04-13 15:00:00+02:00;88,000;1,000;MESURE
2025-04-13 16:00:00+02:00;88,000;1,000;MESURE
2025-04-13 17:00:00+02:00;135,000;1,000;MESURE
2025-04-13 18:00:00+02:00;97,000;1,000;MESURE
2025-04-13 19:00:00+02:00;82,000;1,000;MESURE
2025-04-13 20:00:00+02:00;2674,000;1,000;MESURE
2025-04-13 21:00:00+02:00;6088,000;1,000;MESURE
2025-04-13 22:00:00+02:00;5324,000;1,000;MESURE
2025-04-13 23:00:00+02:00;5306,000;1,000;MESURE
2025-04-14 00:00:00+02:00;5291,000;1,000;MESURE
2025-04-14 01:00:00+02:00;5271,000;1,000;MESURE
2025-04-14 02:00:00+02:00;5265,000;1,000;MESURE
2025-04-14 03:00:00+02:00;5267,000;1,000;MESURE
2025-04-14 04:00:00+02:00;5271,000;1,000;MESURE
2025-04-14 05:00:00+02:00;5928,000;1,000;MESURE
2025-04-14 06:00:00+02:00;3294,000;1,000;MESURE
2025-04-14 07:00:00+02:00;96,000;1,000;MESURE
2025-04-14 08:00:00+02:00;90,000;1,000;MESURE
2025-04-14 09:00:00+02:00;89,000;1,000;MESURE
2025-04-14 10:00:00+02:00;89,000;1,000;MESURE
2025-04-14 11:00:00+02:00;89,000;1,000;MESURE
2025-04-14 12:00:00+02:00;88,000;1,000;MESURE
2025-04-14 13:00:00+02:00;93,000;1,000;MESURE
2025-04-14 14:00:00+02:00;110,000;1,000;MESURE
2025-04-14 15:00:00+02:00;123,000;1,000;MESURE
2025-04-14 16:00:00+02:00;79,000;1,000;MESURE
2025-04-14 17:00:00+02:00;89,000;1,000;MESURE
2025-04-14 18:00:00+02:00;85,000;1,000;MESURE
2025-04-14 19:00:00+02:00;90,000;1,000;MESURE
2025-04-14 20:00:00+02:00;2454,000;1,000;MESURE
2025-04-14 21:00:00+02:00;5996,000;1,000;MESURE
2025-04-14 22:00:00+02:00;5280,000;1,000;MESURE
2025-04-14 23:00:00+02:00;5284,000;1,000;MESURE
2025-04-15 00:00:00+02:00;5276,000;1,000;MESURE
2025-04-15 01:00:00+02:00;5257,000;1,000;MESURE
2025-04-15 02:00:00+02:00;5243,000;1,000;MESURE
2025-04-15 03:00:00+02:00;5248,000;1,000;MESURE
2025-04-15 04:00:00+02:00;5253,000;1,000;MESURE
2025-04-15 05:00:00+02:00;5942,000;1,000;MESURE
2025-04-15 06:00:00+02:00;3109,000;1,000;MESURE
2025-04-15 07:00:00+02:00;80,000;1,000;MESURE
2025-04-15 08:00:00+02:00;100,000;1,000;MESURE
2025-04-15 09:00:00+02:00;89,000;1,000;MESURE
2025-04-15 10:00:00+02:00;82,000;1,000;MESURE
2025-04-15 11:00:00+02:00;102,000;1,000;MESURE
2025-04-15 12:00:00+02:00;83,000;1,000;MESURE
2025-04-15 13:00:00+02:00;104,000;1,000;MESURE
2025-04-15 14:00:00+02:00;103,000;1,000;MESURE
2025-04-15 15:00:00+02:00;88,000;1,000;MESURE
2025-04-15 16:00:00+02:00;110,000;1,000;MESURE
2025-04-15 17:00:00+02:00;100,000;1,000;MESURE
2025-04-15 18:00:00+02:00;114,000;1,000;MESURE
2025-04-15 19:00:00+02:00;87,000;1,000;MESURE
2025-04-15 20:00:00+02:00;2351,000;1,000;MESURE
2025-04-15 21:00:00+02:00;6163,000;1,000;MESURE
2025-04-15 22:00:00+02:00;5348,000;1,000;MESURE
2025-04-15 23:00:00+02:00;5294,000;1,000;MESURE
2025-04-16 00:00:00+02:00;5280,000;1,000;MESURE
2025-04-16 01:00:00+02:00;5263,000;1,000;MESURE
2025-04-16 02:00:00+02:00;5254,000;1,000;MESURE
2025-04-16 03:00:00+02:00;5258,000;1,000;MESURE
2025-04-16 04:00:00+02:00;5259,000;1,000;MESURE
2025-04-16 05:00:00+02:00;5946,000;1,000;MESURE
2025-04-16 06:00:00+02:00;2926,000;1,000;MESURE
2025-04-16 07:00:00+02:00;89,000;1,000;MESURE
2025-04-16 08:00:00+02:00;100,000;1,000;MESURE
2025-04-16 09:00:00+02:00;108,000;1,000;MESURE
2025-04-16 10:00:00+02:00;90,000;1,000;MESURE
2025-04-16 11:00:00+02:00;84,000;1,000;MESURE
2025-04-16 12:00:00+02:00;97,000;1,000;MESURE
2025-04-16 13:00:00+02:00;84,000;1,000;MESURE
2025-04-16 14:00:00+02:00;83,000;1,000;MESURE
2025-04-16 15:00:00+02:00;83,000;1,000;MESURE
2025-04-16 16:00:00+02:00;91,000;1,000;MESURE
2025-04-16 17:00:00+02:00;112,000;1,000;MESURE
2025-04-16 18:00:00+02:00;83,000;1,000;MESURE
2025-04-16 19:00:00+02:00;89,000;1,000;MESURE
2025-04-16 20:00:00+02:00;2246,000;1,000;MESURE
2025-04-16 21:00:00+02:00;6118,000;1,000;MESURE
2025-04-16 22:00:00+02:00;5337,000;1,000;MESURE
2025-04-16 23:00:00+02:00;5324,000;1,000;MESURE
2025-04-17 00:00:00+02:00;5313,000;1,000;MESURE
2025-04-17 01:00:00+02:00;5300,000;1,000;MESURE
2025-04-17 02:00:00+02:00;5301,000;1,000;MESURE
2025-04-17 03:00:00+02:00;5305,000;1,000;MESURE
2025-04-17 04:00:00+02:00;5317,000;1,000;MESURE
2025-04-17 05:00:00+02:00;5990,000;1,000;MESURE
2025-04-17 06:00:00+02:00;2747,000;1,000;MESURE
2025-04-17 07:00:00+02:00;99,000;1,000;MESURE
2025-04-17 08:00:00+02:00;85,000;1,000;MESURE
2025-04-17 09:00:00+02:00;85,000;1,000;MESURE
2025-04-17 10:00:00+02:00;85,000;1,000;MESURE
2025-04-17 11:00:00+02:00;92,000;1,000;MESURE
2025-04-17 12:00:00+02:00;85,000;1,000;MESURE
2025-04-17 13:00:00+02:00;124,000;1,000;MESURE
2025-04-17 14:00:00+02:00;128,000;1,000;MESURE
2025-04-17 15:00:00+02:00;105,000;1,000;MESURE
2025-04-17 16:00:00+02:00;93,000;1,000;MESURE
2025-04-17 17:00:00+02:00;107,000;1,000;MESURE
2025-04-17 18:00:00+02:00;120,000;1,000;MESURE
2025-04-17 19:00:00+02:00;111,000;1,000;MESURE
2025-04-17 20:00:00+02:00;2087,000;1,000;MESURE
2025-04-17 21:00:00+02:00;6195,000;1,000;MESURE
2025-04-17 22:00:00+02:00;5362,000;1,000;MESURE
2025-04-17 23:00:00+02:00;5329,000;1,000;MESURE
2025-04-18 00:00:00+02:00;5331,000;1,000;MESURE
2025-04-18 01:00:00+02:00;5325,000;1,000;MESURE
2025-04-18 02:00:00+02:00;5300,000;1,000;MESURE
2025-04-18 03:00:00+02:00;5302,000;1,000;MESURE
2025-04-18 04:00:00+02:00;5297,000;1,000;MESURE
2025-04-18 05:00:00+02:00;5959,000;1,000;MESURE
2025-04-18 06:00:00+02:00;2615,000;1,000;MESURE
2025-04-18 07:00:00+02:00;86,000;1,000;MESURE
2025-04-18 08:00:00+02:00;98,000;1,000;MESURE
2025-04-18 09:00:00+02:00;87,000;1,000;MESURE
2025-04-18 10:00:00+02:00;93,000;1,000;MESURE
2025-04-18 11:00:00+02:00;112,000;1,000;MESURE
2025-04-18 12:00:00+02:00;97,000;1,000;MESURE
2025-04-18 13:00:00+02:00;89,000;1,000;MESURE
2025-04-18 14:00:00+02:00;82,000;1,000;MESURE
2025-04-18 15:00:00+02:00;97,000;1,000;MESURE
2025-04-18 16:00:00+02:00;131,000;1,000;MESURE
2025-04-18 17:00:00+02:00;104,000;1,000;MESURE
2025-04-18 18:00:00+02:00;95,000;1,000;MESURE
2025-04-18 19:00:00+02:00;88,000;1,000;MESURE
2025-04-18 20:00:00+02:00;1947,000;1,000;MESURE
2025-04-18 21:00:00+02:00;6104,000;1,000;MESURE
2025-04-18 22:00:00+02:00;5323,000;1,000;MESURE
2025-04-18 23:00:00+02:00;5310,000;1,000;MESURE
2025-04-19 00:00:00+02:00;5293,000;1,000;MESURE
2025-04-19 01:00:00+02:00;5293,000;1,000;MESURE
2025-04-19 02:00:00+02:00;5284,000;1,000;MESURE
2025-04-19 03:00:00+02:00;5286,000;1,000;MESURE
2025-04-19 04:00:00+02:00;5292,000;1,000;MESURE
2025-04-19 05:00:00+02:00;5966,000;1,000;MESURE
2025-04-19 06:00:00+02:00;2430,000;1,000;MESURE
2025-04-19 07:00:00+02:00;94,000;1,000;MESURE
2025-04-19 08:00:00+02:00;101,000;1,000;MESURE
2025-04-19 09:00:00+02:00;118,000;1,000;MESURE
2025-04-19 10:00:00+02:00;91,000;1,000;MESURE
2025-04-19 11:00:00+02:00;91,000;1,000;MESURE
2025-04-19 12:00:00+02:00;104,000;1,000;MESURE
2025-04-19 13:00:00+02:00;105,000;1,000;MESURE
2025-04-19 14:00:00+02:00;110,000;1,000;MESURE
2025-04-19 15:00:00+02:00;94,000;1,000;MESURE
2025-04-19 16:00:00+02:00;92,000;1,000;MESURE
2025-04-19 17:00:00+02:00;115,000;1,000;MESURE
2025-04-19 18:00:00+02:00;100,000;1,000;MESURE
2025-04-19 19:00:00+02:00;86,000;1,000;MESURE
2025-04-19 20:00:00+02:00;1847,000;1,000;MESURE
2025-04-19 21:00:00+02:00;6029,000;1,000;MESURE
2025-04-19 22:00:00+02:00;5280,000;1,000;MESURE
2025-04-19 23:00:00+02:00;5284,000;1,000;MESURE
2025-04-20 00:00:00+02:00;5309,000;1,000;MESURE
2025-04-20 01:00:00+02:00;5296,000;1,000;MESURE
2025-04-20 02:00:00+02:00;5285,000;1,000;MESURE
2025-04-20 03:00:00+02:00;5281,000;1,000;MESURE
2025-04-20 04:00:00+02:00;5286,000;1,000;MESURE
2025-04-20 05:00:00+02:00;5958,000;1,000;MESURE
2025-04-20 06:00:00+02:00;2249,000;1,000;MESURE
2025-04-20 07:00:00+02:00;83,000;1,000;MESURE
2025-04-20 08:00:00+02:00;82,000;1,000;MESURE
2025-04-20 09:00:00+02:00;104,000;1,000;MESURE
2025-04-20 10:00:00+02:00;102,000;1,000;MESURE
2025-04-20 11:00:00+02:00;108,000;1,000;MESURE
2025-04-20 12:00:00+02:00;112,000;1,000;MESURE
2025-04-20 13:00:00+02:00;100,000;1,000;MESURE
2025-04-20 14:00:00+02:00;84,000;1,000;MESURE
2025-04-20 15:00:00+02:00;104,000;1,000;MESURE
2025-04-20 16:00:00+02:00;94,000;1,000;MESURE
2025-04-20 17:00:00+02:00;99,000;1,000;MESURE
2025-04-20 18:00:00+02:00;94,000;1,000;MESURE
2025-04-20 19:00:00+02:00;107,000;1,000;MESURE
2025-04-20 20:00:00+02:00;1634,000;1,000;MESURE
2025-04-20 21:00:00+02:00;6105,000;1,000;MESURE
2025-04-20 22:00:00+02:00;5300,000;1,000;MESURE
2025-04-20 23:00:00+02:00;5300,000;1,000;MESURE
2025-04-21 00:00:00+02:00;5292,000;1,000;MESURE
2025-04-21 01:00:00+02:00;5280,000;1,000;MESURE
2025-04-21 02:00:00+02:00;5289,000;1,000;MESURE
2025-04-21 03:00:00+02:00;5285,000;1,000;MESURE
2025-04-21 04:00:00+02:00;5271,000;1,000;MESURE
2025-04-21 05:00:00+02:00;5949,000;1,000;MESURE
2025-04-21 06:00:00+02:00;2038,000;1,000;MESURE
2025-04-21 07:00:00+02:00;97,000;1,000;MESURE
2025-04-21 08:00:00+02:00;97,000;1,000;MESURE
2025-04-21 09:00:00+02:00;92,000;1,000;MESURE
2025-04-21 10:00:00+02:00;92,000;1,000;MESURE
2025-04-21 11:00:00+02:00;101,000;1,000;MESURE
2025-04-21 12:00:00+02:00;84,000;1,000;MESURE
2025-04-21 13:00:00+02:00;101,000;1,000;MESURE
2025-04-21 14:00:00+02:00;83,000;1,000;MESURE
2025-04-21 15:00:00+02:00;84,000;1,000;MESURE
2025-04-21 16:00:00+02:00;83,000;1,000;MESURE
2025-04-21 17:00:00+02:00;95,000;1,000;MESURE
2025-04-21 18:00:00+02:00;99,000;1,000;MESURE
2025-04-21 19:00:00+02:00;103,000;1,000;MESURE
2025-04-21 20:00:00+02:00;1544,000;1,000;MESURE
2025-04-21 21:00:00+02:00;6132,000;1,000;MESURE
2025-04-21 22:00:00+02:00;5298,000;1,000;MESURE
2025-04-21 23:00:00+02:00;5308,000;1,000;MESURE
2025-04-22 00:00:00+02:00;5289,000;1,000;MESURE
2025-04-22 01:00:00+02:00;5274,000;1,000;MESURE
2025-04-22 02:00:00+02:00;5268,000;1,000;MESURE
2025-04-22 03:00:00+02:00;5271,000;1,000;MESURE
2025-04-22 04:00:00+02:00;5276,000;1,000;MESURE
2025-04-22 05:00:00+02:00;5948,000;1,000;MESURE
2025-04-22 06:00:00+02:00;1845,000;1,000;MESURE
2025-04-22 07:00:00+02:00;86,000;1,000;MESURE
2025-04-22 08:00:00+02:00;97,000;1,000;MESURE
2025-04-22 09:00:00+02:00;91,000;1,000;MESURE
2025-04-22 10:00:00+02:00;104,000;1,000;MESURE
2025-04-22 11:00:00+02:00;94,000;1,000;MESURE
2025-04-22 12:00:00+02:00;104,000;1,000;MESURE
2025-04-22 13:00:00+02:00;110,000;1,000;MESURE
2025-04-22 14:00:00+02:00;80,000;1,000;MESURE
2025-04-22 15:00:00+02:00;89,000;1,000;MESURE
2025-04-22 16:00:00+02:00;99,000;1,000;MESURE
2025-04-22 17:00:00+02:00;82,000;1,000;MESURE
2025-04-22 18:00:00+02:00;384,000;1,000;MESURE
2025-04-22 19:00:00+02:00;6104,000;1,000;MESURE
2025-04-22 20:00:00+02:00;5487,000;1,000;MESURE
2025-04-22 21:00:00+02:00;5296,000;1,000;MESURE
2025-04-22 22:00:00+02:00;5293,333;0,167;INTERP_COURTE
2025-04-22 23:00:00+02:00;5290,667;0,000;INTERP_COURTE
2025-04-23 00:00:00+02:00;5288,000;1,000;MESURE
2025-04-23 01:00:00+02:00;5275,000;1,000;MESURE
2025-04-23 02:00:00+02:00;5278,000;1,000;MESURE
2025-04-23 03:00:00+02:00;5281,000;1,000;MESURE
2025-04-23 04:00:00+02:00;5280,000;1,000;MESURE
2025-04-23 05:00:00+02:00;5938,000;1,000;MESURE
2025-04-23 06:00:00+02:00;1747,000;1,000;MESURE
2025-04-23 07:00:00+02:00;94,000;1,000;MESURE
2025-04-23 08:00:00+02:00;91,000;1,000;MESURE
2025-04-23 09:00:00+02:00;96,000;1,000;MESURE
2025-04-23 10:00:00+02:00;82,000;1,000;MESURE
2025-04-23 11:00:00+02:00;97,000;1,000;MESURE
2025-04-23 12:00:00+02:00;90,000;1,000;MESURE
2025-04-23 13:00:00+02:00;122,000;1,000;MESURE
2025-04-23 14:00:00+02:00;98,000;1,000;MESURE
2025-04-23 15:00:00+02:00;120,000;1,000;MESURE
2025-04-23 16:00:00+02:00;95,000;1,000;MESURE
2025-04-23 17:00:00+02:00;104,000;1,000;MESURE
2025-04-23 18:00:00+02:00;108,000;1,000;MESURE
2025-04-23 19:00:00+02:00;113,000;1,000;MESURE
2025-04-23 20:00:00+02:00;1267,000;1,000;MESURE
2025-04-23 21:00:00+02:00;6196,000;1,000;MESURE
2025-04-23 22:00:00+02:00;5350,000;1,000;MESURE
2025-04-23 23:00:00+02:00;5338,000;1,000;MESURE
2025-04-24 00:00:00+02:00;5300,000;1,000;MESURE
2025-04-24 01:00:00+02:00;5279,000;1,000;MESURE
2025-04-24 02:00:00+02:00;5297,000;1,000;MESURE
2025-04-24 03:00:00+02:00;5282,000;1,000;MESURE
2025-04-24 04:00:00+02:00;5293,000;1,000;MESURE
2025-04-24 05:00:00+02:00;5972,000;1,000;MESURE
2025-04-24 06:00:00+02:00;1561,000;1,000;MESURE
2025-04-24 07:00:00+02:00;102,000;1,000;MESURE
2025-04-24 08:00:00+02:00;97,000;1,000;MESURE
2025-04-24 09:00:00+02:00;100,000;1,000;MESURE
2025-04-24 10:00:00+02:00;114,000;1,000;MESURE
2025-04-24 11:00:00+02:00;90,000;1,000;MESURE
2025-04-24 12:00:00+02:00;83,000;1,000;MESURE
2025-04-24 13:00:00+02:00;83,000;1,000;MESURE
2025-04-24 14:00:00+02:00;97,000;1,000;MESURE
2025-04-24 15:00:00+02:00;109,000;1,000;MESURE
2025-04-24 16:00:00+02:00;95,000;1,000;MESURE
2025-04-24 17:00:00+02:00;95,000;1,000;MESURE
2025-04-24 18:00:00+02:00;95,000;1,000;MESURE
2025-04-24 19:00:00+02:00;97,000;1,000;MESURE
2025-04-24 20:00:00+02:00;1162,000;1,000;MESURE
2025-04-24 21:00:00+02:00;6178,000;1,000;MESURE
2025-04-24 22:00:00+02:00;5383,000;1,000;MESURE
2025-04-24 23:00:00+02:00;5326,000;1,000;MESURE
2025-04-25 00:00:00+02:00;5294,000;1,000;MESURE
2025-04-25 01:00:00+02:00;5286,000;1,000;MESURE
2025-04-25 02:00:00+02:00;5276,000;1,000;MESURE
2025-04-25 03:00:00+02:00;5253,000;1,000;MESURE
2025-04-25 04:00:00+02:00;5262,000;1,000;MESURE
2025-04-25 05:00:00+02:00;5970,000;1,000;MESURE
2025-04-25 06:00:00+02:00;1360,000;1,000;MESURE
2025-04-25 07:00:00+02:00;95,000;1,000;MESURE
2025-04-25 08:00:00+02:00;96,000;1,000;MESURE
2025-04-25 09:00:00+02:00;91,000;1,000;MESURE
2025-04-25 10:00:00+02:00;92,000;1,000;MESURE
2025-04-25 11:00:00+02:00;83,000;1,000;MESURE
2025-04-25 12:00:00+02:00;95,000;1,000;MESURE
2025-04-25 13:00:00+02:00;98,000;1,000;MESURE
2025-04-25 14:00:00+02:00;89,000;1,000;MESURE
2025-04-25 15:00:00+02:00;87,000;1,000;MESURE
2025-04-25 16:00:00+02:00;115,000;1,000;MESURE
2025-04-25 17:00:00+02:00;102,000;1,000;MESURE
2025-04-25 18:00:00+02:00;88,000;1,000;MESURE
2025-04-25 19:00:00+02:00;105,000;1,000;MESURE
2025-04-25 20:00:00+02:00;954,000;1,000;MESURE
2025-04-25 21:00:00+02:00;6199,000;1,000;MESURE
2025-04-25 22:00:00+02:00;5341,000;1,000;MESURE
2025-04-25 23:00:00+02:00;5333,000;1,000;MESURE
2025-04-26 00:00:00+02:00;5315,000;1,000;MESURE
2025-04-26 01:00:00+02:00;5300,000;1,000;MESURE
2025-04-26 02:00:00+02:00;5299,000;1,000;MESURE
2025-04-26 03:00:00+02:00;5308,000;1,000;MESURE
2025-04-26 04:00:00+02:00;5292,000;1,000;MESURE
2025-04-26 05:00:00+02:00;5965,000;1,000;MESURE
2025-04-26 06:00:00+02:00;1182,000;1,000;MESURE
2025-04-26 07:00:00+02:00;92,000;1,000;MESURE
2025-04-26 08:00:00+02:00;97,000;1,000;MESURE
2025-04-26 09:00:00+02:00;122,000;1,000;MESURE
2025-04-26 10:00:00+02:00;126,000;1,000;MESURE
2025-04-26 11:00:00+02:00;104,000;1,000;MESURE
2025-04-26 12:00:00+02:00;104,000;1,000;MESURE
2025-04-26 13:00:00+02:00;110,000;1,000;MESURE
2025-04-26 14:00:00+02:00;109,000;1,000;MESURE
2025-04-26 15:00:00+02:00;103,000;1,000;MESURE
2025-04-26 16:00:00+02:00;98,000;1,000;MESURE
2025-04-26 17:00:00+02:00;93,000;1,000;MESURE
2025-04-26 18:00:00+02:00;79,000;1,000;MESURE
2025-04-26 19:00:00+02:00;90,000;1,000;MESURE
2025-04-26 20:00:00+02:00;787,000;1,000;MESURE
2025-04-26 21:00:00+02:00;6178,000;1,000;MESURE
2025-04-26 22:00:00+02:00;5313,000;1,000;MESURE
2025-04-26 23:00:00+02:00;5296,000;1,000;MESURE
2025-04-27 00:00:00+02:00;5267,000;1,000;MESURE
2025-04-27 01:00:00+02:00;5252,000;1,000;MESURE
2025-04-27 02:00:00+02:00;5257,000;1,000;MESURE
2025-04-27 03:00:00+02:00;5283,000;1,000;MESURE
2025-04-27 04:00:00+02:00;5304,000;1,000;MESURE
2025-04-27 05:00:00+02:00;5962,000;1,000;MESURE
2025-04-27 06:00:00+02:00;1067,000;1,000;MESURE
2025-04-27 07:00:00+02:00;81,000;1,000;MESURE
2025-04-27 08:00:00+02:00;81,000;1,000;MESURE
2025-04-27 09:00:00+02:00;89,000;1,000;MESURE
2025-04-27 10:00:00+02:00;92,000;1,000;MESURE
2025-04-27 11:00:00+02:00;82,000;1,000;MESURE
2025-04-27 12:00:00+02:00;99,000;1,000;MESURE
2025-04-27 13:00:00+02:00;81,000;1,000;MESURE
2025-04-27 14:00:00+02:00;79,000;1,000;MESURE
2025-04-27 15:00:00+02:00;87,000;1,000;MESURE
2025-04-27 16:00:00+02:00;85,000;1,000;MESURE
2025-04-27 17:00:00+02:00;101,000;1,000;MESURE
2025-04-27 18:00:00+02:00;112,000;1,000;MESURE
2025-04-27 19:00:00+02:00;100,000;1,000;MESURE
2025-04-27 20:00:00+02:00;647,000;1,000;MESURE
2025-04-27 21:00:00+02:00;6190,000;1,000;MESURE
2025-04-27 22:00:00+02:00;5314,000;1,000;MESURE
2025-04-27 23:00:00+02:00;5307,000;1,000;MESURE
2025-04-28 00:00:00+02:00;5294,000;1,000;MESURE
2025-04-28 01:00:00+02:00;5272,000;1,000;MESURE
2025-04-28 02:00:00+02:00;5269,000;1,000;MESURE
2025-04-28 03:00:00+02:00;5273,000;1,000;MESURE
2025-04-28 04:00:00+02:00;5277,000;1,000;MESURE
2025-04-28 05:00:00+02:00;5948,000;1,000;MESURE
2025-04-28 06:00:00+02:00;866,000;1,000;MESURE
2025-04-28 07:00:00+02:00;104,000;1,000;MESURE
2025-04-28 08:00:00+02:00;99,000;1,000;MESURE
2025-04-28 09:00:00+02:00;92,000;1,000;MESURE
2025-04-28 10:00:00+02:00;91,000;1,000;MESURE
2025-04-28 11:00:00+02:00;114,000;1,000;MESURE
2025-04-28 12:00:00+02:00;108,000;1,000;MESURE
2025-04-28 13:00:00+02:00;86,000;1,000;MESURE
2025-04-28 14:00:00+02:00;97,000;1,000;MESURE
2025-04-28 15:00:00+02:00;107,000;1,000;MESURE
2025-04-28 16:00:00+02:00;98,000;1,000;MESURE
2025-04-28 17:00:00+02:00;76,000;1,000;MESURE
2025-04-28 18:00:00+02:00;84,000;1,000;MESURE
2025-04-28 19:00:00+02:00;84,000;1,000;MESURE
2025-04-28 20:00:00+02:00;555,000;1,000;MESURE
2025-04-28 21:00:00+02:00;6149,000;1,000;MESURE
2025-04-28 22:00:00+02:00;5267,000;1,000;MESURE
2025-04-28 23:00:00+02:00;5266,000;1,000;MESURE
2025-04-29 00:00:00+02:00;5262,000;1,000;MESURE
2025-04-29 01:00:00+02:00;5243,000;1,000;MESURE
2025-04-29 02:00:00+02:00;5240,000;1,000;MESURE
2025-04-29 03:00:00+02:00;5266,000;1,000;MESURE
2025-04-29 04:00:00+02:00;5254,000;1,000;MESURE
2025-04-29 05:00:00+02:00;5943,000;1,000;MESURE
2025-04-29 06:00:00+02:00;662,000;1,000;MESURE
2025-04-29 07:00:00+02:00;81,000;1,000;MESURE
2025-04-29 08:00:00+02:00;82,000;1,000;MESURE
2025-04-29 09:00:00+02:00;96,000;1,000;MESURE
2025-04-29 10:00:00+02:00;89,000;1,000;MESURE
2025-04-29 11:00:00+02:00;80,000;1,000;MESURE
2025-04-29 12:00:00+02:00;98,000;1,000;MESURE
2025-04-29 13:00:00+02:00;97,000;1,000;MESURE
2025-04-29 14:00:00+02:00;79,000;1,000;MESURE
2025-04-29 15:00:00+02:00;84,000;1,000;MESURE
2025-04-29 16:00:00+02:00;91,000;1,000;MESURE
2025-04-29 17:00:00+02:00;83,000;1,000;MESURE
2025-04-29 18:00:00+02:00;96,000;1,000;MESURE
2025-04-29 19:00:00+02:00;75,000;1,000;MESURE
2025-04-29 20:00:00+02:00;442,000;1,000;MESURE
2025-04-29 21:00:00+02:00;6058,000;1,000;MESURE
2025-04-29 22:00:00+02:00;5291,000;1,000;MESURE
2025-04-29 23:00:00+02:00;5292,000;1,000;MESURE
2025-04-30 00:00:00+02:00;5285,000;1,000;MESURE
2025-04-30 01:00:00+02:00;5242,000;1,000;MESURE
2025-04-30 02:00:00+02:00;5226,000;1,000;MESURE
2025-04-30 03:00:00+02:00;5233,000;1,000;MESURE
2025-04-30 04:00:00+02:00;5237,000;1,000;MESURE
2025-04-30 05:00:00+02:00;5941,000;1,000;MESURE
2025-04-30 06:00:00+02:00;580,000;1,000;MESURE
2025-04-30 07:00:00+02:00;92,000;1,000;MESURE
2025-04-30 08:00:00+02:00;92,000;1,000;MESURE
2025-04-30 09:00:00+02:00;101,000;1,000;MESURE
2025-04-30 10:00:00+02:00;103,000;1,000;MESURE
2025-04-30 11:00:00+02:00;86,000;1,000;MESURE
2025-04-30 12:00:00+02:00;93,000;1,000;MESURE
2025-04-30 13:00:00+02:00;84,000;1,000;MESURE
2025-04-30 14:00:00+02:00;99,000;1,000;MESURE
2025-04-30 15:00:00+02:00;78,000;1,000;MESURE
2025-04-30 16:00:00+02:00;83,000;1,000;MESURE
2025-04-30 17:00:00+02:00;91,000;1,000;MESURE
2025-04-30 18:00:00+02:00;74,000;1,000;MESURE
2025-04-30 19:00:00+02:00;73,000;1,000;MESURE
2025-04-30 20:00:00+02:00;350,000;1,000;MESURE
2025-04-30 21:00:00+02:00;6000,000;1,000;MESURE
2025-04-30 22:00:00+02:00;5321,000;1,000;MESURE
2025-04-30 23:00:00+02:00;5274,000;1,000;MESURE
2025-05-01 00:00:00+02:00;5267,000;1,000;MESURE
2025-05-01 01:00:00+02:00;5231,000;1,000;MESURE
2025-05-01 02:00:00+02:00;5224,000;1,000;MESURE
2025-05-01 03:00:00+02:00;5227,000;1,000;MESURE
2025-05-01 04:00:00+02:00;5235,000;1,000;MESURE
2025-05-01 05:00:00+02:00;5914,000;1,000;MESURE
2025-05-01 06:00:00+02:00;371,000;1,000;MESURE
2025-05-01 07:00:00+02:00;78,000;1,000;MESURE
2025-05-01 08:00:00+02:00;77,000;1,000;MESURE
2025-05-01 09:00:00+02:00;91,000;1,000;MESURE
2025-05-01 10:00:00+02:00;86,000;1,000;MESURE
2025-05-01 11:00:00+02:00;91,000;1,000;MESURE
2025-05-01 12:00:00+02:00;77,000;1,000;MESURE
2025-05-01 13:00:00+02:00;75,000;1,000;MESURE
2025-05-01 14:00:00+02:00;89,000;1,000;MESURE
2025-05-01 15:00:00+02:00;104,000;1,000;MESURE
2025-05-01 16:00:00+02:00;83,000;1,000;MESURE
2025-05-01 17:00:00+02:00;72,000;1,000;MESURE
2025-05-01 18:00:00+02:00;88,000;1,000;MESURE
2025-05-01 19:00:00+02:00;96,000;1,000;MESURE
2025-05-01 20:00:00+02:00;336,000;1,000;MESURE
2025-05-01 21:00:00+02:00;5891,000;1,000;MESURE
2025-05-01 22:00:00+02:00;5274,000;1,000;MESURE
2025-05-01 23:00:00+02:00;5266,000;1,000;MESURE
2025-05-02 00:00:00+02:00;5267,000;1,000;MESURE
2025-05-02 01:00:00+02:00;5262,000;1,000;MESURE
2025-05-02 02:00:00+02:00;5251,000;1,000;MESURE
2025-05-02 03:00:00+02:00;5250,000;1,000;MESURE
2025-05-02 04:00:00+02:00;5265,000;1,000;MESURE
2025-05-02 05:00:00+02:00;5940,000;1,000;MESURE
2025-05-02 06:00:00+02:00;281,000;1,000;MESURE
2025-05-02 07:00:00+02:00;91,000;1,000;MESURE
2025-05-02 08:00:00+02:00;80,000;1,000;MESURE
2025-05-02 09:00:00+02:00;98,000;1,000;MESURE
2025-05-02 10:00:00+02:00;80,000;1,000;MESURE
2025-05-02 11:00:00+02:00;93,000;1,000;MESURE
2025-05-02 12:00:00+02:00;105,000;1,000;MESURE
2025-05-02 13:00:00+02:00;86,000;1,000;MESURE
2025-05-02 14:00:00+02:00;89,000;1,000;MESURE
2025-05-02 15:00:00+02:00;74,000;1,000;MESURE
2025-05-02 16:00:00+02:00;80,000;1,000;MESURE
2025-05-02 17:00:00+02:00;88,000;1,000;MESURE
2025-05-02 18:00:00+02:00;82,000;1,000;MESURE
2025-05-02 19:00:00+02:00;76,000;1,000;MESURE
2025-05-02 20:00:00+02:00;328,000;1,000;MESURE
2025-05-02 21:00:00+02:00;5816,000;1,000;MESURE
2025-05-02 22:00:00+02:00;5291,000;1,000;MESURE
2025-05-02 23:00:00+02:00;5274,000;1,000;MESURE
2025-05-03 00:00:00+02:00;5272,000;1,000;MESURE
2025-05-03 01:00:00+02:00;5299,000;1,000;MESURE
2025-05-03 02:00:00+02:00;5277,000;1,000;MESURE
2025-05-03 03:00:00+02:00;5240,000;1,000;MESURE
2025-05-03 04:00:00+02:00;5227,000;1,000;MESURE
2025-05-03 05:00:00+02:00;5932,000;1,000;MESURE
2025-05-03 06:00:00+02:00;92,000;1,000;MESURE
2025-05-03 07:00:00+02:00;77,000;1,000;MESURE
2025-05-03 08:00:00+02:00;91,000;1,000;MESURE
2025-05-03 09:00:00+02:00;87,000;1,000;MESURE
2025-05-03 10:00:00+02:00;100,000;1,000;MESURE
2025-05-03 11:00:00+02:00;100,000;1,000;MESURE
2025-05-03 12:00:00+02:00;79,000;1,000;MESURE
2025-05-03 13:00:00+02:00;105,000;1,000;MESURE
2025-05-03 14:00:00+02:00;79,000;1,000;MESURE
2025-05-03 15:00:00+02:00;76,000;1,000;MESURE
2025-05-03 16:00:00+02:00;101,000;1,000;MESURE
2025-05-03 17:00:00+02:00;114,000;1,000;MESURE
2025-05-03 18:00:00+02:00;89,000;1,000;MESURE
2025-05-03 19:00:00+02:00;76,000;1,000;MESURE
2025-05-03 20:00:00+02:00;301,000;1,000;MESURE
2025-05-03 21:00:00+02:00;5651,000;1,000;MESURE
2025-05-03 22:00:00+02:00;5501,000;1,000;MESURE
2025-05-03 23:00:00+02:00;5493,000;1,000;MESURE
2025-05-04 00:00:00+02:00;5466,000;1,000;MESURE
2025-05-04 01:00:00+02:00;5442,000;1,000;MESURE
2025-05-04 02:00:00+02:00;5432,000;1,000;MESURE
2025-05-04 03:00:00+02:00;5424,000;1,000;MESURE
2025-05-04 04:00:00+02:00;5416,000;1,000;MESURE
2025-05-04 05:00:00+02:00;5723,000;1,000;MESURE
2025-05-04 06:00:00+02:00;79,000;1,000;MESURE
2025-05-04 07:00:00+02:00;86,000;1,000;MESURE
2025-05-04 08:00:00+02:00;94,000;1,000;MESURE
2025-05-04 09:00:00+02:00;86,000;1,000;MESURE
2025-05-04 10:00:00+02:00;85,000;1,000;MESURE
2025-05-04 11:00:00+02:00;95,000;1,000;MESURE
2025-05-04 12:00:00+02:00;85,000;1,000;MESURE
2025-05-04 13:00:00+02:00;92,000;1,000;MESURE
2025-05-04 14:00:00+02:00;91,000;1,000;MESURE
2025-05-04 15:00:00+02:00;98,000;1,000;MESURE
2025-05-04 16:00:00+02:00;78,000;1,000;MESURE
2025-05-04 17:00:00+02:00;103,000;1,000;MESURE
2025-05-04 18:00:00+02:00;78,000;1,000;MESURE
2025-05-04 19:00:00+02:00;77,000;1,000;MESURE
2025-05-04 20:00:00+02:00;280,000;1,000;MESURE
2025-05-04 21:00:00+02:00;5653,000;1,000;MESURE
2025-05-04 22:00:00+02:00;5481,000;1,000;MESURE
2025-05-04 23:00:00+02:00;5488,000;1,000;MESURE
2025-05-05 00:00:00+02:00;5452,000;1,000;MESURE
2025-05-05 01:00:00+02:00;5455,000;1,000;MESURE
2025-05-05 02:00:00+02:00;5441,000;1,000;MESURE
2025-05-05 03:00:00+02:00;5354,000;1,000;MESURE
2025-05-05 04:00:00+02:00;5281,000;1,000;MESURE
2025-05-05 05:00:00+02:00;5685,000;1,000;MESURE
2025-05-05 06:00:00+02:00;81,000;1,000;MESURE
2025-05-05 07:00:00+02:00;94,000;1,000;MESURE
2025-05-05 08:00:00+02:00;107,000;1,000;MESURE
2025-05-05 09:00:00+02:00;83,000;1,000;MESURE
2025-05-05 10:00:00+02:00;110,000;1,000;MESURE
2025-05-05 11:00:00+02:00;102,000;1,000;MESURE
2025-05-05 12:00:00+02:00;111,000;1,000;MESURE
2025-05-05 13:00:00+02:00;95,000;1,000;MESURE
2025-05-05 14:00:00+02:00;115,000;1,000;MESURE
2025-05-05 15:00:00+02:00;92,000;1,000;MESURE
2025-05-05 16:00:00+02:00;81,000;1,000;MESURE
2025-05-05 17:00:00+02:00;80,000;1,000;MESURE
2025-05-05 18:00:00+02:00;88,000;1,000;MESURE
2025-05-05 19:00:00+02:00;80,000;1,000;MESURE
2025-05-05 20:00:00+02:00;275,000;1,000;MESURE
2025-05-05 21:00:00+02:00;5608,000;1,000;MESURE
2025-05-05 22:00:00+02:00;5423,000;1,000;MESURE
2025-05-05 23:00:00+02:00;5349,000;1,000;MESURE
2025-05-06 00:00:00+02:00;5327,000;1,000;MESURE
2025-05-06 01:00:00+02:00;5312,000;1,000;MESURE
2025-05-06 02:00:00+02:00;5310,000;1,000;MESURE
2025-05-06 03:00:00+02:00;5310,000;1,000;MESURE
2025-05-06 04:00:00+02:00;5320,000;1,000;MESURE
2025-05-06 05:00:00+02:00;5493,000;1,000;MESURE
2025-05-06 06:00:00+02:00;84,000;1,000;MESURE
2025-05-06 07:00:00+02:00;83,000;1,000;MESURE
2025-05-06 08:00:00+02:00;124,000;1,000;MESURE
2025-05-06 09:00:00+02:00;83,000;1,000;MESURE
2025-05-06 10:00:00+02:00;94,000;1,000;MESURE
2025-05-06 11:00:00+02:00;117,000;1,000;MESURE
2025-05-06 12:00:00+02:00;97,000;1,000;MESURE
2025-05-06 13:00:00+02:00;99,000;1,000;MESURE
2025-05-06 14:00:00+02:00;95,000;1,000;MESURE
2025-05-06 15:00:00+02:00;96,000;1,000;MESURE
2025-05-06 16:00:00+02:00;82,000;1,000;MESURE
2025-05-06 17:00:00+02:00;99,000;1,000;MESURE
2025-05-06 18:00:00+02:00;83,000;1,000;MESURE
2025-05-06 19:00:00+02:00;110,000;1,000;MESURE
2025-05-06 20:00:00+02:00;247,000;1,000;MESURE
2025-05-06 21:00:00+02:00;5342,000;1,000;MESURE
2025-05-06 22:00:00+02:00;5350,000;1,000;MESURE
2025-05-06 23:00:00+02:00;5337,000;1,000;MESURE
2025-05-07 00:00:00+02:00;5313,000;1,000;MESURE
2025-05-07 01:00:00+02:00;5298,000;1,000;MESURE
2025-05-07 02:00:00+02:00;5288,000;1,000;MESURE
2025-05-07 03:00:00+02:00;5292,000;1,000;MESURE
2025-05-07 04:00:00+02:00;5296,000;1,000;MESURE
2025-05-07 05:00:00+02:00;5371,000;1,000;MESURE
2025-05-07 06:00:00+02:00;83,000;1,000;MESURE
2025-05-07 07:00:00+02:00;93,000;1,000;MESURE
2025-05-07 08:00:00+02:00;109,000;1,000;MESURE
2025-05-07 09:00:00+02:00;115,000;1,000;MESURE
2025-05-07 10:00:00+02:00;109,000;1,000;MESURE
2025-05-07 11:00:00+02:00;97,000;1,000;MESURE
2025-05-07 12:00:00+02:00;91,000;1,000;MESURE
2025-05-07 13:00:00+02:00;83,000;1,000;MESURE
2025-05-07 14:00:00+02:00;83,000;1,000;MESURE
2025-05-07 15:00:00+02:00;104,000;1,000;MESURE
2025-05-07 16:00:00+02:00;89,000;1,000;MESURE
2025-05-07 17:00:00+02:00;85,000;1,000;MESURE
2025-05-07 18:00:00+02:00;94,000;1,000;MESURE
2025-05-07 19:00:00+02:00;95,000;1,000;MESURE
2025-05-07 20:00:00+02:00;241,000;1,000;MESURE
2025-05-07 21:00:00+02:00;5300,000;1,000;MESURE
2025-05-07 22:00:00+02:00;5331,000;1,000;MESURE
2025-05-07 23:00:00+02:00;5315,000;1,000;MESURE
2025-05-08 00:00:00+02:00;5297,000;1,000;MESURE
2025-05-08 01:00:00+02:00;5270,000;1,000;MESURE
2025-05-08 02:00:00+02:00;5266,000;1,000;MESURE
2025-05-08 03:00:00+02:00;5275,000;1,000;MESURE
2025-05-08 04:00:00+02:00;5282,000;1,000;MESURE
2025-05-08 05:00:00+02:00;5172,000;1,000;MESURE
2025-05-08 06:00:00+02:00;84,000;1,000;MESURE
2025-05-08 07:00:00+02:00;94,000;1,000;MESURE
2025-05-08 08:00:00+02:00;96,000;1,000;MESURE
2025-05-08 09:00:00+02:00;83,000;1,000;MESURE
2025-05-08 10:00:00+02:00;103,000;1,000;MESURE
2025-05-08 11:00:00+02:00;82,000;1,000;MESURE
2025-05-08 12:00:00+02:00;97,000;1,000;MESURE
2025-05-08 13:00:00+02:00;101,000;1,000;MESURE
2025-05-08 14:00:00+02:00;80,000;1,000;MESURE
2025-05-08 15:00:00+02:00;92,000;1,000;MESURE
2025-05-08 16:00:00+02:00;94,000;1,000;MESURE
2025-05-08 17:00:00+02:00;93,000;1,000;MESURE
2025-05-08 18:00:00+02:00;79,000;1,000;MESURE
2025-05-08 19:00:00+02:00;105,000;1,000;MESURE
2025-05-08 20:00:00+02:00;224,000;1,000;MESURE
2025-05-08 21:00:00+02:00;5146,000;1,000;MESURE
2025-05-08 22:00:00+02:00;5329,000;1,000;MESURE
2025-05-08 23:00:00+02:00;5273,000;1,000;MESURE
2025-05-09 00:00:00+02:00;5277,000;1,000;MESURE
2025-05-09 01:00:00+02:00;5266,000;1,000;MESURE
2025-05-09 02:00:00+02:00;5254,000;1,000;MESURE
2025-05-09 03:00:00+02:00;5254,000;1,000;MESURE
2025-05-09 04:00:00+02:00;5264,000;1,000;MESURE
2025-05-09 05:00:00+02:00;5071,000;1,000;MESURE
2025-05-09 06:00:00+02:00;80,000;1,000;MESURE
2025-05-09 07:00:00+02:00;90,000;1,000;MESURE
2025-05-09 08:00:00+02:00;90,000;1,000;MESURE
2025-05-09 09:00:00+02:00;91,000;1,000;MESURE
2025-05-09 10:00:00+02:00;109,000;1,000;MESURE
2025-05-09 11:00:00+02:00;92,000;1,000;MESURE
2025-05-09 12:00:00+02:00;85,000;1,000;MESURE
2025-05-09 13:00:00+02:00;93,000;1,000;MESURE
2025-05-09 14:00:00+02:00;98,000;1,000;MESURE
2025-05-09 15:00:00+02:00;100,000;1,000;MESURE
2025-05-09 16:00:00+02:00;101,000;1,000;MESURE
2025-05-09 17:00:00+02:00;93,000;1,000;MESURE
2025-05-09 18:00:00+02:00;84,000;1,000;MESURE
2025-05-09 19:00:00+02:00;103,000;1,000;MESURE
2025-05-09 20:00:00+02:00;194,000;1,000;MESURE
2025-05-09 21:00:00+02:00;4989,000;1,000;MESURE
2025-05-09 22:00:00+02:00;5337,000;1,000;MESURE
2025-05-09 23:00:00+02:00;5305,000;1,000;MESURE
2025-05-10 00:00:00+02:00;5288,000;1,000;MESURE
2025-05-10 01:00:00+02:00;5271,000;1,000;MESURE
2025-05-10 02:00:00+02:00;5261,000;1,000;MESURE
2025-05-10 03:00:00+02:00;5265,000;1,000;MESURE
2025-05-10 04:00:00+02:00;5277,000;1,000;MESURE
2025-05-10 05:00:00+02:00;4968,000;1,000;MESURE
2025-05-10 06:00:00+02:00;81,000;1,000;MESURE
2025-05-10 07:00:00+02:00;83,000;1,000;MESURE
2025-05-10 08:00:00+02:00;97,000;1,000;MESURE
2025-05-10 09:00:00+02:00;89,000;1,000;MESURE
2025-05-10 10:00:00+02:00;121,000;1,000;MESURE
2025-05-10 11:00:00+02:00;119,000;1,000;MESURE
2025-05-10 12:00:00+02:00;114,000;1,000;MESURE
2025-05-10 13:00:00+02:00;106,000;1,000;MESURE
2025-05-10 14:00:00+02:00;114,000;1,000;MESURE
2025-05-10 15:00:00+02:00;93,000;1,000;MESURE
2025-05-10 16:00:00+02:00;98,000;1,000;MESURE
2025-05-10 17:00:00+02:00;76,000;1,000;MESURE
2025-05-10 18:00:00+02:00;91,000;1,000;MESURE
2025-05-10 19:00:00+02:00;86,000;1,000;MESURE
2025-05-10 20:00:00+02:00;182,000;1,000;MESURE
2025-05-10 21:00:00+02:00;4888,000;1,000;MESURE
2025-05-10 22:00:00+02:00;5313,000;1,000;MESURE
2025-05-10 23:00:00+02:00;5256,000;1,000;MESURE
2025-05-11 00:00:00+02:00;5251,000;1,000;MESURE
2025-05-11 01:00:00+02:00;5243,000;1,000;MESURE
2025-05-11 02:00:00+02:00;5243,000;1,000;MESURE
2025-05-11 03:00:00+02:00;5249,000;1,000;MESURE
2025-05-11 04:00:00+02:00;5260,000;1,000;MESURE
2025-05-11 05:00:00+02:00;4763,000;1,000;MESURE
2025-05-11 06:00:00+02:00;80,000;1,000;MESURE
2025-05-11 07:00:00+02:00;87,000;1,000;MESURE
2025-05-11 08:00:00+02:00;87,000;1,000;MESURE
2025-05-11 09:00:00+02:00;88,000;1,000;MESURE
2025-05-11 10:00:00+02:00;111,000;1,000;MESURE
2025-05-11 11:00:00+02:00;93,000;1,000;MESURE
2025-05-11 12:00:00+02:00;94,000;1,000;MESURE
2025-05-11 13:00:00+02:00;106,000;1,000;MESURE
2025-05-11 14:00:00+02:00;78,000;1,000;MESURE
2025-05-11 15:00:00+02:00;104,000;1,000;MESURE
2025-05-11 16:00:00+02:00;111,000;1,000;MESURE
2025-05-11 17:00:00+02:00;103,000;1,000;MESURE
2025-05-11 18:00:00+02:00;98,000;1,000;MESURE
2025-05-11 19:00:00+02:00;101,000;1,000;MESURE
2025-05-11 20:00:00+02:00;146,000;1,000;MESURE
2025-05-11 21:00:00+02:00;4761,000;1,000;MESURE
2025-05-11 22:00:00+02:00;5396,000;1,000;MESURE
2025-05-11 23:00:00+02:00;5298,000;1,000;MESURE
2025-05-12 00:00:00+02:00;5276,000;1,000;MESURE
2025-05-12 01:00:00+02:00;5257,000;1,000;MESURE
2025-05-12 02:00:00+02:00;5253,000;1,000;MESURE
2025-05-12 03:00:00+02:00;5249,000;1,000;MESURE
2025-05-12 04:00:00+02:00;5250,000;1,000;MESURE
2025-05-12 05:00:00+02:00;4668,000;1,000;MESURE
2025-05-12 06:00:00+02:00;80,000;1,000;MESURE
2025-05-12 07:00:00+02:00;79,000;1,000;MESURE
2025-05-12 08:00:00+02:00;104,000;1,000;MESURE
2025-05-12 09:00:00+02:00;88,000;1,000;MESURE
2025-05-12 10:00:00+02:00;96,000;1,000;MESURE
2025-05-12 11:00:00+02:00;80,000;1,000;MESURE
2025-05-12 12:00:00+02:00;107,000;1,000;MESURE
2025-05-12 13:00:00+02:00;92,000;1,000;MESURE
2025-05-12 14:00:00+02:00;78,000;1,000;MESURE
2025-05-12 15:00:00+02:00;105,000;1,000;MESURE
2025-05-12 16:00:00+02:00;79,000;1,000;MESURE
2025-05-12 17:00:00+02:00;95,000;1,000;MESURE
2025-05-12 18:00:00+02:00;100,000;1,000;MESURE
2025-05-12 19:00:00+02:00;87,000;1,000;MESURE
2025-05-12 20:00:00+02:00;146,000;1,000;MESURE
2025-05-12 21:00:00+02:00;4653,000;1,000;MESURE
2025-05-12 22:00:00+02:00;5340,000;1,000;MESURE
2025-05-12 23:00:00+02:00;5290,000;1,000;MESURE
2025-05-13 00:00:00+02:00;5290,000;1,000;MESURE
2025-05-13 01:00:00+02:00;5277,000;1,000;MESURE
2025-05-13 02:00:00+02:00;5269,000;1,000;MESURE
2025-05-13 03:00:00+02:00;5281,000;1,000;MESURE
2025-05-13 04:00:00+02:00;5279,000;1,000;MESURE
2025-05-13 05:00:00+02:00;4572,000;1,000;MESURE
2025-05-13 06:00:00+02:00;81,000;1,000;MESURE
2025-05-13 07:00:00+02:00;80,000;1,000;MESURE
2025-05-13 08:00:00+02:00;82,000;1,000;MESURE
2025-05-13 09:00:00+02:00;82,000;1,000;MESURE
2025-05-13 10:00:00+02:00;81,000;1,000;MESURE
2025-05-13 11:00:00+02:00;88,000;1,000;MESURE
2025-05-13 12:00:00+02:00;95,000;1,000;MESURE
2025-05-13 13:00:00+02:00;93,000;1,000;MESURE
2025-05-13 14:00:00+02:00;116,000;1,000;MESURE
2025-05-13 15:00:00+02:00;105,000;1,000;MESURE
2025-05-13 16:00:00+02:00;78,000;1,000;MESURE
2025-05-13 17:00:00+02:00;90,000;1,000;MESURE
2025-05-13 18:00:00+02:00;90,000;1,000;MESURE
2025-05-13 19:00:00+02:00;83,000;1,000;MESURE
2025-05-13 20:00:00+02:00;114,000;1,000;MESURE
2025-05-13 21:00:00+02:00;4604,000;1,000;MESURE
2025-05-13 22:00:00+02:00;5296,000;1,000;MESURE
2025-05-13 23:00:00+02:00;5306,000;1,000;MESURE
2025-05-14 00:00:00+02:00;5277,000;1,000;MESURE
2025-05-14 01:00:00+02:00;5260,000;1,000;MESURE
2025-05-14 02:00:00+02:00;5246,000;1,000;MESURE
2025-05-14 03:00:00+02:00;5256,000;1,000;MESURE
2025-05-14 04:00:00+02:00;5250,000;1,000;MESURE
2025-05-14 05:00:00+02:00;4392,000;1,000;MESURE
2025-05-14 06:00:00+02:00;81,000;1,000;MESURE
2025-05-14 07:00:00+02:00;80,000;1,000;MESURE
2025-05-14 08:00:00+02:00;84,000;1,000;MESURE
2025-05-14 09:00:00+02:00;81,000;1,000;MESURE
2025-05-14 10:00:00+02:00;108,000;1,000;MESURE
2025-05-14 11:00:00+02:00;107,000;1,000;MESURE
2025-05-14 12:00:00+02:00;80,000;1,000;MESURE
2025-05-14 13:00:00+02:00;91,000;1,000;MESURE
2025-05-14 14:00:00+02:00;90,000;1,000;MESURE
2025-05-14 15:00:00+02:00;93,000;1,000;MESURE
2025-05-14 16:00:00+02:00;85,000;1,000;MESURE
2025-05-14 17:00:00+02:00;100,000;1,000;MESURE
2025-05-14 18:00:00+02:00;96,000;1,000;MESURE
2025-05-14 19:00:00+02:00;96,000;1,000;MESURE
2025-05-14 20:00:00+02:00;96,000;1,000;MESURE
2025-05-14 21:00:00+02:00;4432,000;1,000;MESURE
2025-05-14 22:00:00+02:00;5291,000;1,000;MESURE
2025-05-14 23:00:00+02:00;5268,000;1,000;MESURE
2025-05-15 00:00:00+02:00;5264,000;1,000;MESURE
2025-05-15 01:00:00+02:00;5254,000;1,000;MESURE
2025-05-15 02:00:00+02:00;5251,000;1,000;MESURE
2025-05-15 03:00:00+02:00;5258,000;1,000;MESURE
2025-05-15 04:00:00+02:00;5261,000;1,000;MESURE
2025-05-15 05:00:00+02:00;4275,000;1,000;MESURE
2025-05-15 06:00:00+02:00;78,000;1,000;MESURE
2025-05-15 07:00:00+02:00;88,000;1,000;MESURE
2025-05-15 08:00:00+02:00;81,000;1,000;MESURE
2025-05-15 09:00:00+02:00;87,000;1,000;MESURE
2025-05-15 10:00:00+02:00;93,000;1,000;MESURE
2025-05-15 11:00:00+02:00;86,000;1,000;MESURE
2025-05-15 12:00:00+02:00;106,000;1,000;MESURE
2025-05-15 13:00:00+02:00;91,000;1,000;MESURE
2025-05-15 14:00:00+02:00;88,000;1,000;MESURE
2025-05-15 15:00:00+02:00;92,000;1,000;MESURE
2025-05-15 16:00:00+02:00;90,000;1,000;MESURE
2025-05-15 17:00:00+02:00;82,000;1,000;MESURE
2025-05-15 18:00:00+02:00;73,000;1,000;MESURE
2025-05-15 19:00:00+02:00;88,000;1,000;MESURE
2025-05-15 20:00:00+02:00;88,000;1,000;MESURE
2025-05-15 21:00:00+02:00;4326,000;1,000;MESURE
2025-05-15 22:00:00+02:00;5308,000;1,000;MESURE
2025-05-15 23:00:00+02:00;5276,000;1,000;MESURE
2025-05-16 00:00:00+02:00;5279,000;1,000;MESURE
2025-05-16 01:00:00+02:00;5263,000;1,000;MESURE
2025-05-16 02:00:00+02:00;5251,000;1,000;MESURE
2025-05-16 03:00:00+02:00;5268,000;1,000;MESURE
2025-05-16 04:00:00+02:00;5273,000;1,000;MESURE
2025-05-16 05:00:00+02:00;4182,000;1,000;MESURE
2025-05-16 06:00:00+02:00;78,000;1,000;MESURE
2025-05-16 07:00:00+02:00;88,000;1,000;MESURE
2025-05-16 08:00:00+02:00;87,000;1,000;MESURE
2025-05-16 09:00:00+02:00;82,000;1,000;MESURE
2025-05-16 10:00:00+02:00;89,000;1,000;MESURE
2025-05-16 11:00:00+02:00;88,000;1,000;MESURE
2025-05-16 12:00:00+02:00;92,000;1,000;MESURE
2025-05-16 13:00:00+02:00;92,000;1,000;MESURE
2025-05-16 14:00:00+02:00;94,000;1,000;MESURE
2025-05-16 15:00:00+02:00;91,000;1,000;MESURE
2025-05-16 16:00:00+02:00;83,000;1,000;MESURE
2025-05-16 17:00:00+02:00;102,000;1,000;MESURE
2025-05-16 18:00:00+02:00;98,000;1,000;MESURE
2025-05-16 19:00:00+02:00;83,000;1,000;MESURE
2025-05-16 20:00:00+02:00;112,000;1,000;MESURE
2025-05-16 21:00:00+02:00;4192,000;1,000;MESURE
2025-05-16 22:00:00+02:00;5315,000;1,000;MESURE
2025-05-16 23:00:00+02:00;5285,000;1,000;MESURE
2025-05-17 00:00:00+02:00;5286,000;1,000;MESURE
2025-05-17 01:00:00+02:00;5264,000;1,000;MESURE
2025-05-17 02:00:00+02:00;5261,000;1,000;MESURE
2025-05-17 03:00:00+02:00;5264,000;1,000;MESURE
2025-05-17 04:00:00+02:00;5270,000;1,000;MESURE
2025-05-17 05:00:00+02:00;4100,000;1,000;MESURE
2025-05-17 06:00:00+02:00;81,000;1,000;MESURE
2025-05-17 07:00:00+02:00;97,000;1,000;MESURE
2025-05-17 08:00:00+02:00;80,000;1,000;MESURE
2025-05-17 09:00:00+02:00;90,000;1,000;MESURE
2025-05-17 10:00:00+02:00;103,000;1,000;MESURE
2025-05-17 11:00:00+02:00;114,000;1,000;MESURE
2025-05-17 12:00:00+02:00;103,000;1,000;MESURE
2025-05-17 13:00:00+02:00;108,000;1,000;MESURE
2025-05-17 14:00:00+02:00;86,000;1,000;MESURE
2025-05-17 15:00:00+02:00;122,000;1,000;MESURE
2025-05-17 16:00:00+02:00;85,000;1,000;MESURE
2025-05-17 17:00:00+02:00;83,000;1,000;MESURE
2025-05-17 18:00:00+02:00;90,000;1,000;MESURE
2025-05-17 19:00:00+02:00;77,000;1,000;MESURE
2025-05-17 20:00:00+02:00;83,000;1,000;MESURE
2025-05-17 21:00:00+02:00;4099,000;1,000;MESURE
2025-05-17 22:00:00+02:00;5338,000;1,000;MESURE
2025-05-17 23:00:00+02:00;5305,000;1,000;MESURE
2025-05-18 00:00:00+02:00;5276,000;1,000;MESURE
2025-05-18 01:00:00+02:00;5253,000;1,000;MESURE
2025-05-18 02:00:00+02:00;5251,000;1,000;MESURE
2025-05-18 03:00:00+02:00;5249,000;1,000;MESURE
2025-05-18 04:00:00+02:00;5261,000;1,000;MESURE
2025-05-18 05:00:00+02:00;3882,000;1,000;MESURE
2025-05-18 06:00:00+02:00;79,000;1,000;MESURE
2025-05-18 07:00:00+02:00;80,000;1,000;MESURE
2025-05-18 08:00:00+02:00;87,000;1,000;MESURE
2025-05-18 09:00:00+02:00;80,000;1,000;MESURE
2025-05-18 10:00:00+02:00;84,000;1,000;MESURE
2025-05-18 11:00:00+02:00;85,000;1,000;MESURE
2025-05-18 12:00:00+02:00;84,000;1,000;MESURE
2025-05-18 13:00:00+02:00;95,000;1,000;MESURE
2025-05-18 14:00:00+02:00;89,000;1,000;MESURE
2025-05-18 15:00:00+02:00;86,000;1,000;MESURE
2025-05-18 16:00:00+02:00;93,000;1,000;MESURE
2025-05-18 17:00:00+02:00;89,000;1,000;MESURE
2025-05-18 18:00:00+02:00;91,000;1,000;MESURE
2025-05-18 19:00:00+02:00;83,000;1,000;MESURE
2025-05-18 20:00:00+02:00;84,000;1,000;MESURE
2025-05-18 21:00:00+02:00;3985,000;1,000;MESURE
2025-05-18 22:00:00+02:00;5366,000;1,000;MESURE
2025-05-18 23:00:00+02:00;5290,000;1,000;MESURE
2025-05-19 00:00:00+02:00;5270,000;1,000;MESURE
2025-05-19 01:00:00+02:00;5262,000;1,000;MESURE
2025-05-19 02:00:00+02:00;5261,000;1,000;MESURE
2025-05-19 03:00:00+02:00;5262,000;1,000;MESURE
2025-05-19 04:00:00+02:00;5264,000;1,000;MESURE
2025-05-19 05:00:00+02:00;3797,000;1,000;MESURE
2025-05-19 06:00:00+02:00;79,000;1,000;MESURE
2025-05-19 07:00:00+02:00;79,000;1,000;MESURE
2025-05-19 08:00:00+02:00;100,000;1,000;MESURE
2025-05-19 09:00:00+02:00;103,000;1,000;MESURE
2025-05-19 10:00:00+02:00;95,000;1,000;MESURE
2025-05-19 11:00:00+02:00;95,000;1,000;MESURE
2025-05-19 12:00:00+02:00;85,000;1,000;MESURE
2025-05-19 13:00:00+02:00;93,000;1,000;MESURE
2025-05-19 14:00:00+02:00;85,000;1,000;MESURE
2025-05-19 15:00:00+02:00;91,000;1,000;MESURE
2025-05-19 16:00:00+02:00;90,000;1,000;MESURE
2025-05-19 17:00:00+02:00;81,000;1,000;MESURE
2025-05-19 18:00:00+02:00;88,000;1,000;MESURE
2025-05-19 19:00:00+02:00;76,000;1,000;MESURE
2025-05-19 20:00:00+02:00;99,000;1,000;MESURE
2025-05-19 21:00:00+02:00;3826,000;1,000;MESURE
2025-05-19 22:00:00+02:00;5411,000;1,000;MESURE
2025-05-19 23:00:00+02:00;5310,000;1,000;MESURE
2025-05-20 00:00:00+02:00;5301,000;1,000;MESURE
2025-05-20 01:00:00+02:00;5284,000;1,000;MESURE
2025-05-20 02:00:00+02:00;5283,000;1,000;MESURE
2025-05-20 03:00:00+02:00;5281,000;1,000;MESURE
2025-05-20 04:00:00+02:00;5271,000;1,000;MESURE
2025-05-20 05:00:00+02:00;3727,000;1,000;MESURE
2025-05-20 06:00:00+02:00;78,000;1,000;MESURE
2025-05-20 07:00:00+02:00;86,000;1,000;MESURE
2025-05-20 08:00:00+02:00;80,000;1,000;MESURE
2025-05-20 09:00:00+02:00;86,000;1,000;MESURE
2025-05-20 10:00:00+02:00;81,000;1,000;MESURE
2025-05-20 11:00:00+02:00;89,000;1,000;MESURE
2025-05-20 12:00:00+02:00;91,000;1,000;MESURE
2025-05-20 13:00:00+02:00;94,000;1,000;MESURE
2025-05-20 14:00:00+02:00;102,000;1,000;MESURE
2025-05-20 15:00:00+02:00;85,000;1,000;MESURE
2025-05-20 16:00:00+02:00;104,000;1,000;MESURE
2025-05-20 17:00:00+02:00;79,000;1,000;MESURE
2025-05-20 18:00:00+02:00;95,000;1,000;MESURE
2025-05-20 19:00:00+02:00;98,000;1,000;MESURE
2025-05-20 20:00:00+02:00;94,000;1,000;MESURE
2025-05-20 21:00:00+02:00;3763,000;1,000;MESURE
2025-05-20 22:00:00+02:00;5541,000;1,000;MESURE
2025-05-20 23:00:00+02:00;5429,000;1,000;MESURE
2025-05-21 00:00:00+02:00;5375,000;1,000;MESURE
2025-05-21 01:00:00+02:00;5296,000;1,000;MESURE
2025-05-21 02:00:00+02:00;5249,000;1,000;MESURE
2025-05-21 03:00:00+02:00;5255,000;1,000;MESURE
2025-05-21 04:00:00+02:00;5322,000;1,000;MESURE
2025-05-21 05:00:00+02:00;3603,000;1,000;MESURE
2025-05-21 06:00:00+02:00;78,000;1,000;MESURE
2025-05-21 07:00:00+02:00;86,000;1,000;MESURE
2025-05-21 08:00:00+02:00;86,000;1,000;MESURE
2025-05-21 09:00:00+02:00;100,000;1,000;MESURE
2025-05-21 10:00:00+02:00;99,000;1,000;MESURE
2025-05-21 11:00:00+02:00;93,000;1,000;MESURE
2025-05-21 12:00:00+02:00;86,000;1,000;MESURE
2025-05-21 13:00:00+02:00;97,000;1,000;MESURE
2025-05-21 14:00:00+02:00;112,000;1,000;MESURE
2025-05-21 15:00:00+02:00;90,000;1,000;MESURE
2025-05-21 16:00:00+02:00;77,000;1,000;MESURE
2025-05-21 17:00:00+02:00;75,000;1,000;MESURE
2025-05-21 18:00:00+02:00;77,000;1,000;MESURE
2025-05-21 19:00:00+02:00;90,000;1,000;MESURE
2025-05-21 20:00:00+02:00;99,000;1,000;MESURE
2025-05-21 21:00:00+02:00;3547,000;1,000;MESURE
2025-05-21 22:00:00+02:00;5346,000;1,000;MESURE
2025-05-21 23:00:00+02:00;5283,000;1,000;MESURE
2025-05-22 00:00:00+02:00;5282,000;1,000;MESURE
2025-05-22 01:00:00+02:00;5288,000;1,000;MESURE
2025-05-22 02:00:00+02:00;5290,000;1,000;MESURE
2025-05-22 03:00:00+02:00;5281,000;1,000;MESURE
2025-05-22 04:00:00+02:00;5311,000;1,000;MESURE
2025-05-22 05:00:00+02:00;3536,000;1,000;MESURE
2025-05-22 06:00:00+02:00;79,000;1,000;MESURE
2025-05-22 07:00:00+02:00;80,000;1,000;MESURE
2025-05-22 08:00:00+02:00;87,000;1,000;MESURE
2025-05-22 09:00:00+02:00;120,000;1,000;MESURE
2025-05-22 10:00:00+02:00;89,000;1,000;MESURE
2025-05-22 11:00:00+02:00;78,000;1,000;MESURE
2025-05-22 12:00:00+02:00;79,000;1,000;MESURE
2025-05-22 13:00:00+02:00;79,000;1,000;MESURE
2025-05-22 14:00:00+02:00;94,000;1,000;MESURE
2025-05-22 15:00:00+02:00;80,000;1,000;MESURE
2025-05-22 16:00:00+02:00;94,000;1,000;MESURE
2025-05-22 17:00:00+02:00;105,000;1,000;MESURE
2025-05-22 18:00:00+02:00;80,000;1,000;MESURE
2025-05-22 19:00:00+02:00;78,000;1,000;MESURE
2025-05-22 20:00:00+02:00;102,000;1,000;MESURE
2025-05-22 21:00:00+02:00;3508,000;1,000;MESURE
2025-05-22 22:00:00+02:00;5411,000;1,000;MESURE
2025-05-22 23:00:00+02:00;5327,000;1,000;MESURE
2025-05-23 00:00:00+02:00;5310,000;1,000;MESURE
2025-05-23 01:00:00+02:00;5292,000;1,000;MESURE
2025-05-23 02:00:00+02:00;5283,000;1,000;MESURE
2025-05-23 03:00:00+02:00;5294,000;1,000;MESURE
2025-05-23 04:00:00+02:00;5295,000;1,000;MESURE
2025-05-23 05:00:00+02:00;3426,000;1,000;MESURE
2025-05-23 06:00:00+02:00;82,000;1,000;MESURE
2025-05-23 07:00:00+02:00;85,000;1,000;MESURE
2025-05-23 08:00:00+02:00;95,000;1,000;MESURE
2025-05-23 09:00:00+02:00;96,000;1,000;MESURE
2025-05-23 10:00:00+02:00;102,000;1,000;MESURE
2025-05-23 11:00:00+02:00;87,000;1,000;MESURE
2025-05-23 12:00:00+02:00;83,000;1,000;MESURE
2025-05-23 13:00:00+02:00;108,000;1,000;MESURE
2025-05-23 14:00:00+02:00;98,000;1,000;MESURE
2025-05-23 15:00:00+02:00;103,000;1,000;MESURE
2025-05-23 16:00:00+02:00;90,000;1,000;MESURE
2025-05-23 17:00:00+02:00;91,000;1,000;MESURE
2025-05-23 18:00:00+02:00;92,000;1,000;MESURE
2025-05-23 19:00:00+02:00;92,000;1,000;MESURE
2025-05-23 20:00:00+02:00;107,000;1,000;MESURE
2025-05-23 21:00:00+02:00;3407,000;1,000;MESURE
2025-05-23 22:00:00+02:00;5410,000;1,000;MESURE
2025-05-23 23:00:00+02:00;5334,000;1,000;MESURE
2025-05-24 00:00:00+02:00;5290,000;1,000;MESURE
2025-05-24 01:00:00+02:00;5274,000;1,000;MESURE
2025-05-24 02:00:00+02:00;5275,000;1,000;MESURE
2025-05-24 03:00:00+02:00;5288,000;1,000;MESURE
2025-05-24 04:00:00+02:00;5287,000;1,000;MESURE
2025-05-24 05:00:00+02:00;3318,000;1,000;MESURE
2025-05-24 06:00:00+02:00;82,000;1,000;MESURE
2025-05-24 07:00:00+02:00;89,000;1,000;MESURE
2025-05-24 08:00:00+02:00;89,000;1,000;MESURE
2025-05-24 09:00:00+02:00;89,000;1,000;MESURE
2025-05-24 10:00:00+02:00;110,000;1,000;MESURE
2025-05-24 11:00:00+02:00;115,000;1,000;MESURE
2025-05-24 12:00:00+02:00;127,000;1,000;MESURE
2025-05-24 13:00:00+02:00;108,000;1,000;MESURE
2025-05-24 14:00:00+02:00;99,000;1,000;MESURE
2025-05-24 15:00:00+02:00;78,000;1,000;MESURE
2025-05-24 16:00:00+02:00;92,000;1,000;MESURE
2025-05-24 17:00:00+02:00;92,000;1,000;MESURE
2025-05-24 18:00:00+02:00;75,000;1,000;MESURE
2025-05-24 19:00:00+02:00;89,000;1,000;MESURE
2025-05-24 20:00:00+02:00;84,000;1,000;MESURE
2025-05-24 21:00:00+02:00;3210,000;1,000;MESURE
2025-05-24 22:00:00+02:00;5501,000;1,000;MESURE
2025-05-24 23:00:00+02:00;5425,000;1,000;MESURE
2025-05-25 00:00:00+02:00;5398,000;1,000;MESURE
2025-05-25 01:00:00+02:00;5392,000;1,000;MESURE
2025-05-25 02:00:00+02:00;5392,000;1,000;MESURE
2025-05-25 03:00:00+02:00;5392,000;1,000;MESURE
2025-05-25 04:00:00+02:00;5390,000;1,000;MESURE
2025-05-25 05:00:00+02:00;3287,000;1,000;MESURE
2025-05-25 06:00:00+02:00;79,000;1,000;MESURE
2025-05-25 07:00:00+02:00;78,000;1,000;MESURE
2025-05-25 08:00:00+02:00;78,000;1,000;MESURE
2025-05-25 09:00:00+02:00;78,000;1,000;MESURE
2025-05-25 10:00:00+02:00;92,000;1,000;MESURE
2025-05-25 11:00:00+02:00;92,000;1,000;MESURE
2025-05-25 12:00:00+02:00;78,000;1,000;MESURE
2025-05-25 13:00:00+02:00;83,000;1,000;MESURE
2025-05-25 14:00:00+02:00;96,000;1,000;MESURE
2025-05-25 15:00:00+02:00;84,000;1,000;MESURE
2025-05-25 16:00:00+02:00;75,000;1,000;MESURE
2025-05-25 17:00:00+02:00;88,000;1,000;MESURE
2025-05-25 18:00:00+02:00;91,000;1,000;MESURE
2025-05-25 19:00:00+02:00;89,000;1,000;MESURE
2025-05-25 20:00:00+02:00;91,000;1,000;MESURE
2025-05-25 21:00:00+02:00;3088,000;1,000;MESURE
2025-05-25 22:00:00+02:00;5505,000;1,000;MESURE
2025-05-25 23:00:00+02:00;5382,000;1,000;MESURE
2025-05-26 00:00:00+02:00;5387,000;1,000;MESURE
2025-05-26 01:00:00+02:00;5338,000;1,000;MESURE
2025-05-26 02:00:00+02:00;5327,000;1,000;MESURE
2025-05-26 03:00:00+02:00;5344,000;1,000;MESURE
2025-05-26 04:00:00+02:00;5274,000;1,000;MESURE
2025-05-26 05:00:00+02:00;3114,000;1,000;MESURE
2025-05-26 06:00:00+02:00;89,000;1,000;MESURE
2025-05-26 07:00:00+02:00;78,000;1,000;MESURE
2025-05-26 08:00:00+02:00;85,000;1,000;MESURE
2025-05-26 09:00:00+02:00;99,000;1,000;MESURE
2025-05-26 10:00:00+02:00;101,000;1,000;MESURE
2025-05-26 11:00:00+02:00;85,000;1,000;MESURE
2025-05-26 12:00:00+02:00;91,000;1,000;MESURE
2025-05-26 13:00:00+02:00;84,000;1,000;MESURE
2025-05-26 14:00:00+02:00;83,000;1,000;MESURE
2025-05-26 15:00:00+02:00;103,000;1,000;MESURE
2025-05-26 16:00:00+02:00;111,000;1,000;MESURE
2025-05-26 17:00:00+02:00;89,000;1,000;MESURE
2025-05-26 18:00:00+02:00;98,000;1,000;MESURE
2025-05-26 19:00:00+02:00;114,000;1,000;MESURE
2025-05-26 20:00:00+02:00;97,000;1,000;MESURE
2025-05-26 21:00:00+02:00;3003,000;1,000;MESURE
2025-05-26 22:00:00+02:00;5455,000;1,000;MESURE
2025-05-26 23:00:00+02:00;5305,000;1,000;MESURE
2025-05-27 00:00:00+02:00;5262,000;1,000;MESURE
2025-05-27 01:00:00+02:00;5256,000;1,000;MESURE
2025-05-27 02:00:00+02:00;5281,000;1,000;MESURE
2025-05-27 03:00:00+02:00;5257,000;1,000;MESURE
2025-05-27 04:00:00+02:00;5243,000;1,000;MESURE
2025-05-27 05:00:00+02:00;3110,000;1,000;MESURE
2025-05-27 06:00:00+02:00;78,000;1,000;MESURE
2025-05-27 07:00:00+02:00;78,000;1,000;MESURE
2025-05-27 08:00:00+02:00;86,000;1,000;MESURE
2025-05-27 09:00:00+02:00;88,000;1,000;MESURE
2025-05-27 10:00:00+02:00;101,000;1,000;MESURE
2025-05-27 11:00:00+02:00;93,000;1,000;MESURE
2025-05-27 12:00:00+02:00;99,000;1,000;MESURE
2025-05-27 13:00:00+02:00;111,000;1,000;MESURE
2025-05-27 14:00:00+02:00;88,000;1,000;MESURE
2025-05-27 15:00:00+02:00;89,000;1,000;MESURE
2025-05-27 16:00:00+02:00;92,000;1,000;MESURE
2025-05-27 17:00:00+02:00;89,000;1,000;MESURE
2025-05-27 18:00:00+02:00;90,000;1,000;MESURE
2025-05-27 19:00:00+02:00;84,000;1,000;MESURE
2025-05-27 20:00:00+02:00;81,000;1,000;MESURE
2025-05-27 21:00:00+02:00;2939,000;1,000;MESURE
2025-05-27 22:00:00+02:00;5485,000;1,000;MESURE
2025-05-27 23:00:00+02:00;5425,000;1,000;MESURE
2025-05-28 00:00:00+02:00;5390,000;1,000;MESURE
2025-05-28 01:00:00+02:00;5282,000;1,000;MESURE
2025-05-28 02:00:00+02:00;5265,000;1,000;MESURE
2025-05-28 03:00:00+02:00;5242,000;1,000;MESURE
2025-05-28 04:00:00+02:00;5239,000;1,000;MESURE
2025-05-28 05:00:00+02:00;3016,000;1,000;MESURE
2025-05-28 06:00:00+02:00;89,000;1,000;MESURE
2025-05-28 07:00:00+02:00;79,000;1,000;MESURE
2025-05-28 08:00:00+02:00;87,000;1,000;MESURE
2025-05-28 09:00:00+02:00;88,000;1,000;MESURE
2025-05-28 10:00:00+02:00;102,000;1,000;MESURE
2025-05-28 11:00:00+02:00;85,000;1,000;MESURE
2025-05-28 12:00:00+02:00;98,000;1,000;MESURE
2025-05-28 13:00:00+02:00;77,000;1,000;MESURE
2025-05-28 14:00:00+02:00;91,000;1,000;MESURE
2025-05-28 15:00:00+02:00;105,000;1,000;MESURE
2025-05-28 16:00:00+02:00;77,000;1,000;MESURE
2025-05-28 17:00:00+02:00;77,000;1,000;MESURE
2025-05-28 18:00:00+02:00;93,000;1,000;MESURE
2025-05-28 19:00:00+02:00;110,000;1,000;MESURE
2025-05-28 20:00:00+02:00;81,000;1,000;MESURE
2025-05-28 21:00:00+02:00;2745,000;1,000;MESURE
2025-05-28 22:00:00+02:00;5513,000;1,000;MESURE
2025-05-28 23:00:00+02:00;5442,000;1,000;MESURE
2025-05-29 00:00:00+02:00;5409,000;1,000;MESURE
2025-05-29 01:00:00+02:00;5339,000;1,000;MESURE
2025-05-29 02:00:00+02:00;5341,000;1,000;MESURE
2025-05-29 03:00:00+02:00;5377,000;1,000;MESURE
2025-05-29 04:00:00+02:00;5357,000;1,000;MESURE
2025-05-29 05:00:00+02:00;2972,000;1,000;MESURE
2025-05-29 06:00:00+02:00;80,000;1,000;MESURE
2025-05-29 07:00:00+02:00;89,000;1,000;MESURE
2025-05-29 08:00:00+02:00;87,000;1,000;MESURE
2025-05-29 09:00:00+02:00;94,000;1,000;MESURE
2025-05-29 10:00:00+02:00;86,000;1,000;MESURE
2025-05-29 11:00:00+02:00;92,000;1,000;MESURE
2025-05-29 12:00:00+02:00;84,000;1,000;MESURE
2025-05-29 13:00:00+02:00;83,000;1,000;MESURE
2025-05-29 14:00:00+02:00;89,000;1,000;MESURE
2025-05-29 15:00:00+02:00;75,000;1,000;MESURE
2025-05-29 16:00:00+02:00;81,000;1,000;MESURE
2025-05-29 17:00:00+02:00;98,000;1,000;MESURE
2025-05-29 18:00:00+02:00;74,000;1,000;MESURE
2025-05-29 19:00:00+02:00;81,000;1,000;MESURE
2025-05-29 20:00:00+02:00;89,000;1,000;MESURE
2025-05-29 21:00:00+02:00;2680,000;1,000;MESURE
2025-05-29 22:00:00+02:00;5443,000;1,000;MESURE
2025-05-29 23:00:00+02:00;5407,000;1,000;MESURE
2025-05-30 00:00:00+02:00;5395,000;1,000;MESURE
2025-05-30 01:00:00+02:00;5392,000;1,000;MESURE
2025-05-30 02:00:00+02:00;5372,000;1,000;MESURE
2025-05-30 03:00:00+02:00;5356,000;1,000;MESURE
2025-05-30 04:00:00+02:00;5376,000;1,000;MESURE
2025-05-30 05:00:00+02:00;2881,000;1,000;MESURE
2025-05-30 06:00:00+02:00;78,000;1,000;MESURE
2025-05-30 07:00:00+02:00;78,000;1,000;MESURE
2025-05-30 08:00:00+02:00;86,000;1,000;MESURE
2025-05-30 09:00:00+02:00;86,000;1,000;MESURE
2025-05-30 10:00:00+02:00;98,000;1,000;MESURE
2025-05-30 11:00:00+02:00;93,000;1,000;MESURE
2025-05-30 12:00:00+02:00;112,000;1,000;MESURE
2025-05-30 13:00:00+02:00;89,000;1,000;MESURE
2025-05-30 14:00:00+02:00;81,000;1,000;MESURE
2025-05-30 15:00:00+02:00;73,000;1,000;MESURE
2025-05-30 16:00:00+02:00;79,000;1,000;MESURE
2025-05-30 17:00:00+02:00;80,000;1,000;MESURE
2025-05-30 18:00:00+02:00;88,000;1,000;MESURE
2025-05-30 19:00:00+02:00;87,000;1,000;MESURE
2025-05-30 20:00:00+02:00;73,000;1,000;MESURE
2025-05-30 21:00:00+02:00;2564,000;1,000;MESURE
2025-05-30 22:00:00+02:00;5433,000;1,000;MESURE
2025-05-30 23:00:00+02:00;5381,000;1,000;MESURE
2025-05-31 00:00:00+02:00;5382,000;1,000;MESURE
2025-05-31 01:00:00+02:00;5369,000;1,000;MESURE
2025-05-31 02:00:00+02:00;5366,000;1,000;MESURE
2025-05-31 03:00:00+02:00;5377,000;1,000;MESURE
2025-05-31 04:00:00+02:00;5363,000;1,000;MESURE
2025-05-31 05:00:00+02:00;2868,000;1,000;MESURE
2025-05-31 06:00:00+02:00;75,000;1,000;MESURE
2025-05-31 07:00:00+02:00;76,000;1,000;MESURE
2025-05-31 08:00:00+02:00;98,000;1,000;MESURE
2025-05-31 09:00:00+02:00;128,000;1,000;MESURE
2025-05-31 10:00:00+02:00;112,000;1,000;MESURE
2025-05-31 11:00:00+02:00;107,000;1,000;MESURE
2025-05-31 12:00:00+02:00;98,000;1,000;MESURE
2025-05-31 13:00:00+02:00;101,000;1,000;MESURE
2025-05-31 14:00:00+02:00;90,000;1,000;MESURE
2025-05-31 15:00:00+02:00;72,000;1,000;MESURE
2025-05-31 16:00:00+02:00;85,000;1,000;MESURE
2025-05-31 17:00:00+02:00;77,000;1,000;MESURE
2025-05-31 18:00:00+02:00;97,000;1,000;MESURE
2025-05-31 19:00:00+02:00;72,000;1,000;MESURE
2025-05-31 20:00:00+02:00;71,000;1,000;MESURE
2025-05-31 21:00:00+02:00;2440,000;1,000;MESURE
2025-05-31 22:00:00+02:00;5492,000;1,000;MESURE
2025-05-31 23:00:00+02:00;5386,000;1,000;MESURE
2025-06-01 00:00:00+02:00;5382,000;1,000;MESURE
2025-06-01 01:00:00+02:00;5256,000;1,000;MESURE
2025-06-01 02:00:00+02:00;5250,000;1,000;MESURE
2025-06-01 03:00:00+02:00;5250,000;1,000;MESURE
2025-06-01 04:00:00+02:00;5254,000;1,000;MESURE
2025-06-01 05:00:00+02:00;2711,000;1,000;MESURE
2025-06-01 06:00:00+02:00;74,000;1,000;MESURE
2025-06-01 07:00:00+02:00;73,000;1,000;MESURE
2025-06-01 08:00:00+02:00;81,000;1,000;MESURE
2025-06-01 09:00:00+02:00;74,000;1,000;MESURE
2025-06-01 10:00:00+02:00;96,000;1,000;MESURE
2025-06-01 11:00:00+02:00;104,000;1,000;MESURE
2025-06-01 12:00:00+02:00;81,000;1,000;MESURE
2025-06-01 13:00:00+02:00;87,000;1,000;MESURE
2025-06-01 14:00:00+02:00;98,000;1,000;MESURE
2025-06-01 15:00:00+02:00;88,000;1,000;MESURE
2025-06-01 16:00:00+02:00;109,000;1,000;MESURE
2025-06-01 17:00:00+02:00;72,000;1,000;MESURE
2025-06-01 18:00:00+02:00;100,000;1,000;MESURE
2025-06-01 19:00:00+02:00;71,000;1,000;MESURE
2025-06-01 20:00:00+02:00;85,000;1,000;MESURE
2025-06-01 21:00:00+02:00;2346,000;1,000;MESURE
2025-06-01 22:00:00+02:00;5292,000;1,000;MESURE
2025-06-01 23:00:00+02:00;5282,000;1,000;MESURE
2025-06-02 00:00:00+02:00;5295,000;1,000;MESURE
2025-06-02 01:00:00+02:00;5272,000;1,000;MESURE
2025-06-02 02:00:00+02:00;5240,000;1,000;MESURE
2025-06-02 03:00:00+02:00;5232,000;1,000;MESURE
2025-06-02 04:00:00+02:00;5252,000;1,000;MESURE
2025-06-02 05:00:00+02:00;2617,000;1,000;MESURE
2025-06-02 06:00:00+02:00;75,000;1,000;MESURE
2025-06-02 07:00:00+02:00;75,000;1,000;MESURE
2025-06-02 08:00:00+02:00;76,000;1,000;MESURE
2025-06-02 09:00:00+02:00;106,000;1,000;MESURE
2025-06-02 10:00:00+02:00;76,000;1,000;MESURE
2025-06-02 11:00:00+02:00;79,000;1,000;MESURE
2025-06-02 12:00:00+02:00;87,000;1,000;MESURE
2025-06-02 13:00:00+02:00;75,000;1,000;MESURE
2025-06-02 14:00:00+02:00;98,000;1,000;MESURE
2025-06-02 15:00:00+02:00;97,000;1,000;MESURE
2025-06-02 16:00:00+02:00;89,000;1,000;MESURE
2025-06-02 17:00:00+02:00;91,000;1,000;MESURE
2025-06-02 18:00:00+02:00;75,000;1,000;MESURE
2025-06-02 19:00:00+02:00;89,000;1,000;MESURE
2025-06-02 20:00:00+02:00;76,000;1,000;MESURE
2025-06-02 21:00:00+02:00;2250,000;1,000;MESURE
2025-06-02 22:00:00+02:00;5474,000;1,000;MESURE
2025-06-02 23:00:00+02:00;5300,000;1,000;MESURE
2025-06-03 00:00:00+02:00;5286,000;1,000;MESURE
2025-06-03 01:00:00+02:00;5240,000;1,000;MESURE
2025-06-03 02:00:00+02:00;5222,000;1,000;MESURE
2025-06-03 03:00:00+02:00;5219,000;1,000;MESURE
2025-06-03 04:00:00+02:00;5222,000;1,000;MESURE
2025-06-03 05:00:00+02:00;2611,000;1,000;MESURE
2025-06-03 06:00:00+02:00;84,000;1,000;MESURE
2025-06-03 07:00:00+02:00;89,000;1,000;MESURE
2025-06-03 08:00:00+02:00;85,000;1,000;MESURE
2025-06-03 09:00:00+02:00;97,000;1,000;MESURE
2025-06-03 10:00:00+02:00;113,000;1,000;MESURE
2025-06-03 11:00:00+02:00;90,000;1,000;MESURE
2025-06-03 12:00:00+02:00;89,000;1,000;MESURE
2025-06-03 13:00:00+02:00;90,000;1,000;MESURE
2025-06-03 14:00:00+02:00;91,000;1,000;MESURE
2025-06-03 15:00:00+02:00;104,000;1,000;MESURE
2025-06-03 16:00:00+02:00;82,000;1,000;MESURE
2025-06-03 17:00:00+02:00;81,000;1,000;MESURE
2025-06-03 18:00:00+02:00;80,000;1,000;MESURE
2025-06-03 19:00:00+02:00;96,000;1,000;MESURE
2025-06-03 20:00:00+02:00;74,000;1,000;MESURE
2025-06-03 21:00:00+02:00;2215,000;1,000;MESURE
2025-06-03 22:00:00+02:00;5400,000;1,000;MESURE
2025-06-03 23:00:00+02:00;5268,000;1,000;MESURE
2025-06-04 00:00:00+02:00;5233,000;1,000;MESURE
2025-06-04 01:00:00+02:00;5217,000;1,000;MESURE
2025-06-04 02:00:00+02:00;5211,000;1,000;MESURE
2025-06-04 03:00:00+02:00;5219,000;1,000;MESURE
2025-06-04 04:00:00+02:00;5229,000;1,000;MESURE
2025-06-04 05:00:00+02:00;2508,000;1,000;MESURE
2025-06-04 06:00:00+02:00;75,000;1,000;MESURE
2025-06-04 07:00:00+02:00;91,000;1,000;MESURE
2025-06-04 08:00:00+02:00;94,000;1,000;MESURE
2025-06-04 09:00:00+02:00;84,000;1,000;MESURE
2025-06-04 10:00:00+02:00;85,000;1,000;MESURE
2025-06-04 11:00:00+02:00;90,000;1,000;MESURE
2025-06-04 12:00:00+02:00;89,000;1,000;MESURE
2025-06-04 13:00:00+02:00;112,000;1,000;MESURE
2025-06-04 14:00:00+02:00;103,000;1,000;MESURE
2025-06-04 15:00:00+02:00;86,000;1,000;MESURE
2025-06-04 16:00:00+02:00;91,000;1,000;MESURE
2025-06-04 17:00:00+02:00;88,000;1,000;MESURE
2025-06-04 18:00:00+02:00;83,000;1,000;MESURE
2025-06-04 19:00:00+02:00;88,000;1,000;MESURE
2025-06-04 20:00:00+02:00;76,000;1,000;MESURE
2025-06-04 21:00:00+02:00;2046,000;1,000;MESURE
2025-06-04 22:00:00+02:00;5517,000;1,000;MESURE
2025-06-04 23:00:00+02:00;5388,000;1,000;MESURE
2025-06-05 00:00:00+02:00;5275,000;1,000;MESURE
2025-06-05 01:00:00+02:00;5242,000;1,000;MESURE
2025-06-05 02:00:00+02:00;5238,000;1,000;MESURE
2025-06-05 03:00:00+02:00;5244,000;1,000;MESURE
2025-06-05 04:00:00+02:00;5242,000;1,000;MESURE
2025-06-05 05:00:00+02:00;2517,000;1,000;MESURE
2025-06-05 06:00:00+02:00;78,000;1,000;MESURE
2025-06-05 07:00:00+02:00;84,000;1,000;MESURE
2025-06-05 08:00:00+02:00;88,000;1,000;MESURE
2025-06-05 09:00:00+02:00;97,000;1,000;MESURE
2025-06-05 10:00:00+02:00;78,000;1,000;MESURE
2025-06-05 11:00:00+02:00;98,000;1,000;MESURE
2025-06-05 12:00:00+02:00;90,000;1,000;MESURE
2025-06-05 13:00:00+02:00;103,000;1,000;MESURE
2025-06-05 14:00:00+02:00;86,000;1,000;MESURE
2025-06-05 15:00:00+02:00;84,000;1,000;MESURE
2025-06-05 16:00:00+02:00;88,000;1,000;MESURE
2025-06-05 17:00:00+02:00;84,000;1,000;MESURE
2025-06-05 18:00:00+02:00;102,000;1,000;MESURE
2025-06-05 19:00:00+02:00;77,000;1,000;MESURE
2025-06-05 20:00:00+02:00;116,000;1,000;MESURE
2025-06-05 21:00:00+02:00;2067,000;1,000;MESURE
2025-06-05 22:00:00+02:00;5419,000;1,000;MESURE
2025-06-05 23:00:00+02:00;5280,000;1,000;MESURE
2025-06-06 00:00:00+02:00;5248,000;1,000;MESURE
2025-06-06 01:00:00+02:00;5239,000;1,000;MESURE
2025-06-06 02:00:00+02:00;5228,000;1,000;MESURE
2025-06-06 03:00:00+02:00;5236,000;1,000;MESURE
2025-06-06 04:00:00+02:00;5239,000;1,000;MESURE
2025-06-06 05:00:00+02:00;2417,000;1,000;MESURE
2025-06-06 06:00:00+02:00;75,000;1,000;MESURE
2025-06-06 07:00:00+02:00;76,000;1,000;MESURE
2025-06-06 08:00:00+02:00;90,000;1,000;MESURE
2025-06-06 09:00:00+02:00;105,000;1,000;MESURE
2025-06-06 10:00:00+02:00;96,000;1,000;MESURE
2025-06-06 11:00:00+02:00;90,000;1,000;MESURE
2025-06-06 12:00:00+02:00;84,000;1,000;MESURE
2025-06-06 13:00:00+02:00;84,000;1,000;MESURE
2025-06-06 14:00:00+02:00;103,000;1,000;MESURE
2025-06-06 15:00:00+02:00;99,000;1,000;MESURE
2025-06-06 16:00:00+02:00;89,000;1,000;MESURE
2025-06-06 17:00:00+02:00;87,000;1,000;MESURE
2025-06-06 18:00:00+02:00;90,000;1,000;MESURE
2025-06-06 19:00:00+02:00;74,000;1,000;MESURE
2025-06-06 20:00:00+02:00;89,000;1,000;MESURE
2025-06-06 21:00:00+02:00;1963,000;1,000;MESURE
2025-06-06 22:00:00+02:00;5430,000;1,000;MESURE
2025-06-06 23:00:00+02:00;5284,000;1,000;MESURE
2025-06-07 00:00:00+02:00;5238,000;1,000;MESURE
2025-06-07 01:00:00+02:00;5228,000;1,000;MESURE
2025-06-07 02:00:00+02:00;5123,000;1,000;MESURE
2025-06-07 03:00:00+02:00;5274,000;1,000;MESURE
2025-06-07 04:00:00+02:00;5275,000;1,000;MESURE
2025-06-07 05:00:00+02:00;2430,000;1,000;MESURE
2025-06-07 06:00:00+02:00;76,000;1,000;MESURE
2025-06-07 07:00:00+02:00;100,000;1,000;MESURE
2025-06-07 08:00:00+02:00;83,000;1,000;MESURE
2025-06-07 09:00:00+02:00;78,000;1,000;MESURE
2025-06-07 10:00:00+02:00;84,000;1,000;MESURE
2025-06-07 11:00:00+02:00;91,000;1,000;MESURE
2025-06-07 12:00:00+02:00;92,000;1,000;MESURE
2025-06-07 13:00:00+02:00;101,000;1,000;MESURE
2025-06-07 14:00:00+02:00;80,000;1,000;MESURE
2025-06-07 15:00:00+02:00;76,000;1,000;MESURE
2025-06-07 16:00:00+02:00;93,000;1,000;MESURE
2025-06-07 17:00:00+02:00;94,000;1,000;MESURE
2025-06-07 18:00:00+02:00;81,000;1,000;MESURE
2025-06-07 19:00:00+02:00;94,000;1,000;MESURE
2025-06-07 20:00:00+02:00;75,000;1,000;MESURE
2025-06-07 21:00:00+02:00;1846,000;1,000;MESURE
2025-06-07 22:00:00+02:00;5421,000;1,000;MESURE
2025-06-07 23:00:00+02:00;5293,000;1,000;MESURE
2025-06-08 00:00:00+02:00;5265,000;1,000;MESURE
2025-06-08 01:00:00+02:00;5240,000;1,000;MESURE
2025-06-08 02:00:00+02:00;5227,000;1,000;MESURE
2025-06-08 03:00:00+02:00;5231,000;1,000;MESURE
2025-06-08 04:00:00+02:00;5231,000;1,000;MESURE
2025-06-08 05:00:00+02:00;2425,000;1,000;MESURE
2025-06-08 06:00:00+02:00;76,000;1,000;MESURE
2025-06-08 07:00:00+02:00;83,000;1,000;MESURE
2025-06-08 08:00:00+02:00;84,000;1,000;MESURE
2025-06-08 09:00:00+02:00;78,000;1,000;MESURE
2025-06-08 10:00:00+02:00;84,000;1,000;MESURE
2025-06-08 11:00:00+02:00;84,000;1,000;MESURE
2025-06-08 12:00:00+02:00;83,000;1,000;MESURE
2025-06-08 13:00:00+02:00;91,000;1,000;MESURE
2025-06-08 14:00:00+02:00;82,000;1,000;MESURE
2025-06-08 15:00:00+02:00;87,000;1,000;MESURE
2025-06-08 16:00:00+02:00;80,000;1,000;MESURE
2025-06-08 17:00:00+02:00;93,000;1,000;MESURE
2025-06-08 18:00:00+02:00;87,000;1,000;MESURE
2025-06-08 19:00:00+02:00;91,000;1,000;MESURE
2025-06-08 20:00:00+02:00;73,000;1,000;MESURE
2025-06-08 21:00:00+02:00;1834,000;1,000;MESURE
2025-06-08 22:00:00+02:00;5491,000;1,000;MESURE
2025-06-08 23:00:00+02:00;5369,000;1,000;MESURE
2025-06-09 00:00:00+02:00;5289,000;1,000;MESURE
2025-06-09 01:00:00+02:00;5275,000;1,000;MESURE
2025-06-09 02:00:00+02:00;5267,000;1,000;MESURE
2025-06-09 03:00:00+02:00;5273,000;1,000;MESURE
2025-06-09 04:00:00+02:00;5280,000;1,000;MESURE
2025-06-09 05:00:00+02:00;2333,000;1,000;MESURE
2025-06-09 06:00:00+02:00;78,000;1,000;MESURE
2025-06-09 07:00:00+02:00;84,000;1,000;MESURE
2025-06-09 08:00:00+02:00;79,000;1,000;MESURE
2025-06-09 09:00:00+02:00;86,000;1,000;MESURE
2025-06-09 10:00:00+02:00;85,000;1,000;MESURE
2025-06-09 11:00:00+02:00;84,000;1,000;MESURE
2025-06-09 12:00:00+02:00;83,000;1,000;MESURE
2025-06-09 13:00:00+02:00;89,000;1,000;MESURE
2025-06-09 14:00:00+02:00;74,000;1,000;MESURE
2025-06-09 15:00:00+02:00;88,000;1,000;MESURE
2025-06-09 16:00:00+02:00;107,000;1,000;MESURE
2025-06-09 17:00:00+02:00;80,000;1,000;MESURE
2025-06-09 18:00:00+02:00;72,000;1,000;MESURE
2025-06-09 19:00:00+02:00;91,000;1,000;MESURE
2025-06-09 20:00:00+02:00;80,000;1,000;MESURE
2025-06-09 21:00:00+02:00;1769,000;1,000;MESURE
2025-06-09 22:00:00+02:00;5490,000;1,000;MESURE
2025-06-09 23:00:00+02:00;5412,000;1,000;MESURE
2025-06-10 00:00:00+02:00;5300,000;1,000;MESURE
2025-06-10 01:00:00+02:00;5221,000;1,000;MESURE
2025-06-10 02:00:00+02:00;5240,000;1,000;MESURE
2025-06-10 03:00:00+02:00;5218,000;1,000;MESURE
2025-06-10 04:00:00+02:00;5224,000;1,000;MESURE
2025-06-10 05:00:00+02:00;2312,000;1,000;MESURE
2025-06-10 06:00:00+02:00;75,000;1,000;MESURE
2025-06-10 07:00:00+02:00;85,000;1,000;MESURE
2025-06-10 08:00:00+02:00;97,000;1,000;MESURE
2025-06-10 09:00:00+02:00;77,000;1,000;MESURE
2025-06-10 10:00:00+02:00;85,000;1,000;MESURE
2025-06-10 11:00:00+02:00;90,000;1,000;MESURE
2025-06-10 12:00:00+02:00;100,000;1,000;MESURE
2025-06-10 13:00:00+02:00;81,000;1,000;MESURE
2025-06-10 14:00:00+02:00;103,000;1,000;MESURE
2025-06-10 15:00:00+02:00;101,000;1,000;MESURE
2025-06-10 16:00:00+02:00;73,000;1,000;MESURE
2025-06-10 17:00:00+02:00;81,000;1,000;MESURE
2025-06-10 18:00:00+02:00;87,000;1,000;MESURE
2025-06-10 19:00:00+02:00;80,000;1,000;MESURE
2025-06-10 20:00:00+02:00;86,000;1,000;MESURE
2025-06-10 21:00:00+02:00;1658,000;1,000;MESURE
2025-06-10 22:00:00+02:00;5456,000;1,000;MESURE
2025-06-10 23:00:00+02:00;5340,000;1,000;MESURE
2025-06-11 00:00:00+02:00;5249,000;1,000;MESURE
2025-06-11 01:00:00+02:00;5248,000;1,000;MESURE
2025-06-11 02:00:00+02:00;5222,000;1,000;MESURE
2025-06-11 03:00:00+02:00;5231,000;1,000;MESURE
2025-06-11 04:00:00+02:00;5237,000;1,000;MESURE
2025-06-11 05:00:00+02:00;2312,000;1,000;MESURE
2025-06-11 06:00:00+02:00;83,000;1,000;MESURE
2025-06-11 07:00:00+02:00;77,000;1,000;MESURE
2025-06-11 08:00:00+02:00;84,000;1,000;MESURE
2025-06-11 09:00:00+02:00;93,000;1,000;MESURE
2025-06-11 10:00:00+02:00;90,000;1,000;MESURE
2025-06-11 11:00:00+02:00;89,000;1,000;MESURE
2025-06-11 12:00:00+02:00;83,000;1,000;MESURE
2025-06-11 13:00:00+02:00;92,000;1,000;MESURE
2025-06-11 14:00:00+02:00;80,000;1,000;MESURE
2025-06-11 15:00:00+02:00;79,000;1,000;MESURE
2025-06-11 16:00:00+02:00;93,000;1,000;MESURE
2025-06-11 17:00:00+02:00;80,000;1,000;MESURE
2025-06-11 18:00:00+02:00;80,000;1,000;MESURE
2025-06-11 19:00:00+02:00;89,000;1,000;MESURE
2025-06-11 20:00:00+02:00;82,000;1,000;MESURE
2025-06-11 21:00:00+02:00;1537,000;1,000;MESURE
2025-06-11 22:00:00+02:00;5462,000;1,000;MESURE
2025-06-11 23:00:00+02:00;5405,000;1,000;MESURE
2025-06-12 00:00:00+02:00;5251,000;1,000;MESURE
2025-06-12 01:00:00+02:00;5224,000;1,000;MESURE
2025-06-12 02:00:00+02:00;5218,000;1,000;MESURE
2025-06-12 03:00:00+02:00;5227,000;1,000;MESURE
2025-06-12 04:00:00+02:00;5237,000;1,000;MESURE
2025-06-12 05:00:00+02:00;2327,000;1,000;MESURE
2025-06-12 06:00:00+02:00;75,000;1,000;MESURE
2025-06-12 07:00:00+02:00;98,000;1,000;MESURE
2025-06-12 08:00:00+02:00;78,000;1,000;MESURE
2025-06-12 09:00:00+02:00;97,000;1,000;MESURE
2025-06-12 10:00:00+02:00;729,000;1,000;MESURE
2025-06-12 11:00:00+02:00;83,000;1,000;MESURE
2025-06-12 12:00:00+02:00;79,000;1,000;MESURE
2025-06-12 13:00:00+02:00;85,000;1,000;MESURE
2025-06-12 14:00:00+02:00;36,000;1,000;MESURE
2025-06-12 15:00:00+02:00;1071,000;1,000;MESURE
2025-06-12 16:00:00+02:00;601,000;1,000;MESURE
2025-06-12 17:00:00+02:00;78,000;1,000;MESURE
2025-06-12 18:00:00+02:00;77,000;1,000;MESURE
2025-06-12 19:00:00+02:00;85,000;1,000;MESURE
2025-06-12 20:00:00+02:00;91,000;1,000;MESURE
2025-06-12 21:00:00+02:00;1512,000;1,000;MESURE
2025-06-12 22:00:00+02:00;5458,000;1,000;MESURE
2025-06-12 23:00:00+02:00;5418,000;1,000;MESURE
2025-06-13 00:00:00+02:00;5341,000;1,000;MESURE
2025-06-13 01:00:00+02:00;5253,000;1,000;MESURE
2025-06-13 02:00:00+02:00;5229,000;1,000;MESURE
2025-06-13 03:00:00+02:00;5226,000;1,000;MESURE
2025-06-13 04:00:00+02:00;5223,000;1,000;MESURE
2025-06-13 05:00:00+02:00;2316,000;1,000;MESURE
2025-06-13 06:00:00+02:00;80,000;1,000;MESURE
2025-06-13 07:00:00+02:00;73,000;1,000;MESURE
2025-06-13 08:00:00+02:00;91,000;1,000;MESURE
2025-06-13 09:00:00+02:00;74,000;1,000;MESURE
2025-06-13 10:00:00+02:00;80,000;1,000;MESURE
2025-06-13 11:00:00+02:00;73,000;1,000;MESURE
2025-06-13 12:00:00+02:00;95,000;1,000;MESURE
2025-06-13 13:00:00+02:00;89,000;1,000;MESURE
2025-06-13 14:00:00+02:00;80,000;1,000;MESURE
2025-06-13 15:00:00+02:00;73,000;1,000;MESURE
2025-06-13 16:00:00+02:00;94,000;1,000;MESURE
2025-06-13 17:00:00+02:00;84,000;1,000;MESURE
2025-06-13 18:00:00+02:00;90,000;1,000;MESURE
2025-06-13 19:00:00+02:00;69,000;1,000;MESURE
2025-06-13 20:00:00+02:00;73,000;1,000;MESURE
2025-06-13 21:00:00+02:00;1428,000;1,000;MESURE
2025-06-13 22:00:00+02:00;5455,000;1,000;MESURE
2025-06-13 23:00:00+02:00;5466,000;1,000;MESURE
2025-06-14 00:00:00+02:00;5377,000;1,000;MESURE
2025-06-14 01:00:00+02:00;5244,000;1,000;MESURE
2025-06-14 02:00:00+02:00;5224,000;1,000;MESURE
2025-06-14 03:00:00+02:00;5230,000;1,000;MESURE
2025-06-14 04:00:00+02:00;5232,000;1,000;MESURE
2025-06-14 05:00:00+02:00;2206,000;1,000;MESURE
2025-06-14 06:00:00+02:00;71,000;1,000;MESURE
2025-06-14 07:00:00+02:00;79,000;1,000;MESURE
2025-06-14 08:00:00+02:00;71,000;1,000;MESURE
2025-06-14 09:00:00+02:00;93,000;1,000;MESURE
2025-06-14 10:00:00+02:00;104,000;1,000;MESURE
2025-06-14 11:00:00+02:00;92,000;1,000;MESURE
2025-06-14 12:00:00+02:00;100,000;1,000;MESURE
2025-06-14 13:00:00+02:00;108,000;1,000;MESURE
2025-06-14 14:00:00+02:00;98,000;1,000;MESURE
2025-06-14 15:00:00+02:00;84,000;1,000;MESURE
2025-06-14 16:00:00+02:00;76,000;1,000;MESURE
2025-06-14 17:00:00+02:00;75,000;1,000;MESURE
2025-06-14 18:00:00+02:00;78,000;1,000;MESURE
2025-06-14 19:00:00+02:00;84,000;1,000;MESURE
2025-06-14 20:00:00+02:00;75,000;1,000;MESURE
2025-06-14 21:00:00+02:00;1463,000;1,000;MESURE
2025-06-14 22:00:00+02:00;5429,000;1,000;MESURE
2025-06-14 23:00:00+02:00;5320,000;1,000;MESURE
2025-06-15 00:00:00+02:00;5244,000;1,000;MESURE
2025-06-15 01:00:00+02:00;5230,000;1,000;MESURE
2025-06-15 02:00:00+02:00;5225,000;1,000;MESURE
2025-06-15 03:00:00+02:00;5233,000;1,000;MESURE
2025-06-15 04:00:00+02:00;5241,000;1,000;MESURE
2025-06-15 05:00:00+02:00;2216,000;1,000;MESURE
2025-06-15 06:00:00+02:00;69,000;1,000;MESURE
2025-06-15 07:00:00+02:00;81,000;1,000;MESURE
2025-06-15 08:00:00+02:00;87,000;1,000;MESURE
2025-06-15 09:00:00+02:00;86,000;1,000;MESURE
2025-06-15 10:00:00+02:00;81,000;1,000;MESURE
2025-06-15 11:00:00+02:00;92,000;1,000;MESURE
2025-06-15 12:00:00+02:00;78,000;1,000;MESURE
2025-06-15 13:00:00+02:00;78,000;1,000;MESURE
2025-06-15 14:00:00+02:00;85,000;1,000;MESURE
2025-06-15 15:00:00+02:00;71,000;1,000;MESURE
2025-06-15 16:00:00+02:00;78,000;1,000;MESURE
2025-06-15 17:00:00+02:00;79,000;1,000;MESURE
2025-06-15 18:00:00+02:00;98,000;1,000;MESURE
2025-06-15 19:00:00+02:00;78,000;1,000;MESURE
2025-06-15 20:00:00+02:00;93,000;1,000;MESURE
2025-06-15 21:00:00+02:00;1401,000;1,000;MESURE
2025-06-15 22:00:00+02:00;5509,000;1,000;MESURE
2025-06-15 23:00:00+02:00;5388,000;1,000;MESURE
2025-06-16 00:00:00+02:00;5247,000;1,000;MESURE
2025-06-16 01:00:00+02:00;5229,000;1,000;MESURE
2025-06-16 02:00:00+02:00;5220,000;1,000;MESURE
2025-06-16 03:00:00+02:00;5226,000;1,000;MESURE
2025-06-16 04:00:00+02:00;5222,000;1,000;MESURE
2025-06-16 05:00:00+02:00;2210,000;1,000;MESURE
2025-06-16 06:00:00+02:00;73,000;1,000;MESURE
2025-06-16 07:00:00+02:00;87,000;1,000;MESURE
2025-06-16 08:00:00+02:00;82,000;1,000;MESURE
2025-06-16 09:00:00+02:00;83,000;1,000;MESURE
2025-06-16 10:00:00+02:00;74,000;1,000;MESURE
2025-06-16 11:00:00+02:00;72,000;1,000;MESURE
2025-06-16 12:00:00+02:00;85,000;1,000;MESURE
2025-06-16 13:00:00+02:00;86,000;1,000;MESURE
2025-06-16 14:00:00+02:00;89,000;1,000;MESURE
2025-06-16 15:00:00+02:00;88,000;1,000;MESURE
2025-06-16 16:00:00+02:00;100,000;1,000;MESURE
2025-06-16 17:00:00+02:00;76,000;1,000;MESURE
2025-06-16 18:00:00+02:00;87,000;1,000;MESURE
2025-06-16 19:00:00+02:00;78,000;1,000;MESURE
2025-06-16 20:00:00+02:00;89,000;1,000;MESURE
2025-06-16 21:00:00+02:00;1316,000;1,000;MESURE
2025-06-16 22:00:00+02:00;5489,000;1,000;MESURE
2025-06-16 23:00:00+02:00;5430,000;1,000;MESURE
2025-06-17 00:00:00+02:00;5312,000;1,000;MESURE
2025-06-17 01:00:00+02:00;5242,000;1,000;MESURE
2025-06-17 02:00:00+02:00;5239,000;1,000;MESURE
2025-06-17 03:00:00+02:00;5237,000;1,000;MESURE
2025-06-17 04:00:00+02:00;5230,000;1,000;MESURE
2025-06-17 05:00:00+02:00;2220,000;1,000;MESURE
2025-06-17 06:00:00+02:00;83,000;1,000;MESURE
2025-06-17 07:00:00+02:00;105,000;1,000;MESURE
2025-06-17 08:00:00+02:00;76,000;1,000;MESURE
2025-06-17 09:00:00+02:00;97,000;1,000;MESURE
2025-06-17 10:00:00+02:00;88,000;1,000;MESURE
2025-06-17 11:00:00+02:00;93,000;1,000;MESURE
2025-06-17 12:00:00+02:00;101,000;1,000;MESURE
2025-06-17 13:00:00+02:00;74,000;1,000;MESURE
2025-06-17 14:00:00+02:00;92,000;1,000;MESURE
2025-06-17 15:00:00+02:00;86,000;1,000;MESURE
2025-06-17 16:00:00+02:00;78,000;1,000;MESURE
2025-06-17 17:00:00+02:00;105,000;1,000;MESURE
2025-06-17 18:00:00+02:00;85,000;1,000;MESURE
2025-06-17 19:00:00+02:00;95,000;1,000;MESURE
2025-06-17 20:00:00+02:00;72,000;1,000;MESURE
2025-06-17 21:00:00+02:00;1274,000;1,000;MESURE
2025-06-17 22:00:00+02:00;5520,000;1,000;MESURE
2025-06-17 23:00:00+02:00;5415,000;1,000;MESURE
2025-06-18 00:00:00+02:00;5375,000;1,000;MESURE
2025-06-18 01:00:00+02:00;5281,000;1,000;MESURE
2025-06-18 02:00:00+02:00;5229,000;1,000;MESURE
2025-06-18 03:00:00+02:00;5229,000;1,000;MESURE
2025-06-18 04:00:00+02:00;5221,000;1,000;MESURE
2025-06-18 05:00:00+02:00;2325,000;1,000;MESURE
2025-06-18 06:00:00+02:00;74,000;1,000;MESURE
2025-06-18 07:00:00+02:00;93,000;1,000;MESURE
2025-06-18 08:00:00+02:00;76,000;1,000;MESURE
2025-06-18 09:00:00+02:00;73,000;1,000;MESURE
2025-06-18 10:00:00+02:00;84,000;1,000;MESURE
2025-06-18 11:00:00+02:00;114,000;1,000;MESURE
2025-06-18 12:00:00+02:00;88,000;1,000;MESURE
2025-06-18 13:00:00+02:00;102,000;1,000;MESURE
2025-06-18 14:00:00+02:00;94,000;1,000;MESURE
2025-06-18 15:00:00+02:00;78,000;1,000;MESURE
2025-06-18 16:00:00+02:00;76,000;1,000;MESURE
2025-06-18 17:00:00+02:00;85,000;1,000;MESURE
2025-06-18 18:00:00+02:00;88,000;1,000;MESURE
2025-06-18 19:00:00+02:00;77,000;1,000;MESURE
2025-06-18 20:00:00+02:00;85,000;1,000;MESURE
2025-06-18 21:00:00+02:00;1229,000;1,000;MESURE
2025-06-18 22:00:00+02:00;5471,000;1,000;MESURE
2025-06-18 23:00:00+02:00;5423,000;1,000;MESURE
2025-06-19 00:00:00+02:00;5405,000;1,000;MESURE
2025-06-19 01:00:00+02:00;5252,000;1,000;MESURE
2025-06-19 02:00:00+02:00;5220,000;1,000;MESURE
2025-06-19 03:00:00+02:00;5227,000;1,000;MESURE
2025-06-19 04:00:00+02:00;5231,000;1,000;MESURE
2025-06-19 05:00:00+02:00;2319,000;1,000;MESURE
2025-06-19 06:00:00+02:00;71,000;1,000;MESURE
2025-06-19 07:00:00+02:00;80,000;1,000;MESURE
2025-06-19 08:00:00+02:00;74,000;1,000;MESURE
2025-06-19 09:00:00+02:00;73,000;1,000;MESURE
2025-06-19 10:00:00+02:00;86,000;1,000;MESURE
2025-06-19 11:00:00+02:00;84,000;1,000;MESURE
2025-06-19 12:00:00+02:00;89,000;1,000;MESURE
2025-06-19 13:00:00+02:00;90,000;1,000;MESURE
2025-06-19 14:00:00+02:00;69,000;1,000;MESURE
2025-06-19 15:00:00+02:00;68,000;1,000;MESURE
2025-06-19 16:00:00+02:00;67,000;1,000;MESURE
2025-06-19 17:00:00+02:00;74,000;1,000;MESURE
2025-06-19 18:00:00+02:00;66,000;1,000;MESURE
2025-06-19 19:00:00+02:00;77,000;1,000;MESURE
2025-06-19 20:00:00+02:00;89,000;1,000;MESURE
2025-06-19 21:00:00+02:00;1216,000;1,000;MESURE
2025-06-19 22:00:00+02:00;5458,000;1,000;MESURE
2025-06-19 23:00:00+02:00;5421,000;1,000;MESURE
2025-06-20 00:00:00+02:00;5391,000;1,000;MESURE
2025-06-20 01:00:00+02:00;5281,000;1,000;MESURE
2025-06-20 02:00:00+02:00;5224,000;1,000;MESURE
2025-06-20 03:00:00+02:00;5229,000;1,000;MESURE
2025-06-20 04:00:00+02:00;5231,000;1,000;MESURE
2025-06-20 05:00:00+02:00;2317,000;1,000;MESURE
2025-06-20 06:00:00+02:00;71,000;1,000;MESURE
2025-06-20 07:00:00+02:00;80,000;1,000;MESURE
2025-06-20 08:00:00+02:00;88,000;1,000;MESURE
2025-06-20 09:00:00+02:00;80,000;1,000;MESURE
2025-06-20 10:00:00+02:00;86,000;1,000;MESURE
2025-06-20 11:00:00+02:00;2861,000;1,000;MESURE
2025-06-20 12:00:00+02:00;82,000;1,000;MESURE
2025-06-20 13:00:00+02:00;79,000;1,000;MESURE
2025-06-20 14:00:00+02:00;82,000;1,000;MESURE
2025-06-20 15:00:00+02:00;89,000;1,000;MESURE
2025-06-20 16:00:00+02:00;90,000;1,000;MESURE
2025-06-20 17:00:00+02:00;76,000;1,000;MESURE
2025-06-20 18:00:00+02:00;85,000;1,000;MESURE
2025-06-20 19:00:00+02:00;82,000;1,000;MESURE
2025-06-20 20:00:00+02:00;83,000;1,000;MESURE
2025-06-20 21:00:00+02:00;1131,000;1,000;MESURE
2025-06-20 22:00:00+02:00;5529,000;1,000;MESURE
2025-06-20 23:00:00+02:00;5490,000;1,000;MESURE
2025-06-21 00:00:00+02:00;5453,000;1,000;MESURE
2025-06-21 01:00:00+02:00;5322,000;1,000;MESURE
2025-06-21 02:00:00+02:00;5296,000;1,000;MESURE
2025-06-21 03:00:00+02:00;5299,000;1,000;MESURE
2025-06-21 04:00:00+02:00;5307,000;1,000;MESURE
2025-06-21 05:00:00+02:00;2351,000;1,000;MESURE
2025-06-21 06:00:00+02:00;86,000;1,000;MESURE
2025-06-21 07:00:00+02:00;73,000;1,000;MESURE
2025-06-21 08:00:00+02:00;84,000;1,000;MESURE
2025-06-21 09:00:00+02:00;72,000;1,000;MESURE
2025-06-21 10:00:00+02:00;78,000;1,000;MESURE
2025-06-21 11:00:00+02:00;78,000;1,000;MESURE
2025-06-21 12:00:00+02:00;85,000;1,000;MESURE
2025-06-21 13:00:00+02:00;94,000;1,000;MESURE
2025-06-21 14:00:00+02:00;88,000;1,000;MESURE
2025-06-21 15:00:00+02:00;79,000;1,000;MESURE
2025-06-21 16:00:00+02:00;106,000;1,000;MESURE
2025-06-21 17:00:00+02:00;77,000;1,000;MESURE
2025-06-21 18:00:00+02:00;75,000;1,000;MESURE
2025-06-21 19:00:00+02:00;67,000;1,000;MESURE
2025-06-21 20:00:00+02:00;86,000;1,000;MESURE
2025-06-21 21:00:00+02:00;1134,000;1,000;MESURE
2025-06-21 22:00:00+02:00;5545,000;1,000;MESURE
2025-06-21 23:00:00+02:00;5486,000;1,000;MESURE
2025-06-22 00:00:00+02:00;5443,000;1,000;MESURE
2025-06-22 01:00:00+02:00;5301,000;1,000;MESURE
2025-06-22 02:00:00+02:00;5305,000;1,000;MESURE
2025-06-22 03:00:00+02:00;5307,000;1,000;MESURE
2025-06-22 04:00:00+02:00;5306,000;1,000;MESURE
2025-06-22 05:00:00+02:00;2342,000;1,000;MESURE
2025-06-22 06:00:00+02:00;103,000;1,000;MESURE
2025-06-22 07:00:00+02:00;79,000;1,000;MESURE
2025-06-22 08:00:00+02:00;86,000;1,000;MESURE
2025-06-22 09:00:00+02:00;73,000;1,000;MESURE
2025-06-22 10:00:00+02:00;94,000;1,000;MESURE
2025-06-22 11:00:00+02:00;88,000;1,000;MESURE
2025-06-22 12:00:00+02:00;73,000;1,000;MESURE
2025-06-22 13:00:00+02:00;82,000;1,000;MESURE
2025-06-22 14:00:00+02:00;79,000;1,000;MESURE
2025-06-22 15:00:00+02:00;71,000;1,000;MESURE
2025-06-22 16:00:00+02:00;81,000;1,000;MESURE
2025-06-22 17:00:00+02:00;72,000;1,000;MESURE
2025-06-22 18:00:00+02:00;67,000;1,000;MESURE
2025-06-22 19:00:00+02:00;102,000;1,000;MESURE
2025-06-22 20:00:00+02:00;82,000;1,000;MESURE
2025-06-22 21:00:00+02:00;1097,000;1,000;MESURE
2025-06-22 22:00:00+02:00;5495,000;1,000;MESURE
2025-06-22 23:00:00+02:00;5392,000;1,000;MESURE
2025-06-23 00:00:00+02:00;5303,000;1,000;MESURE
2025-06-23 01:00:00+02:00;5278,000;1,000;MESURE
2025-06-23 02:00:00+02:00;5265,000;1,000;MESURE
2025-06-23 03:00:00+02:00;5269,000;1,000;MESURE
2025-06-23 04:00:00+02:00;5270,000;1,000;MESURE
2025-06-23 05:00:00+02:00;2421,000;1,000;MESURE
2025-06-23 06:00:00+02:00;75,000;1,000;MESURE
2025-06-23 07:00:00+02:00;80,000;1,000;MESURE
2025-06-23 08:00:00+02:00;79,000;1,000;MESURE
2025-06-23 09:00:00+02:00;78,000;1,000;MESURE
2025-06-23 10:00:00+02:00;70,000;1,000;MESURE
2025-06-23 11:00:00+02:00;84,000;1,000;MESURE
2025-06-23 12:00:00+02:00;87,000;1,000;MESURE
2025-06-23 13:00:00+02:00;70,000;1,000;MESURE
2025-06-23 14:00:00+02:00;94,000;1,000;MESURE
2025-06-23 15:00:00+02:00;76,000;1,000;MESURE
2025-06-23 16:00:00+02:00;96,000;1,000;MESURE
2025-06-23 17:00:00+02:00;85,000;1,000;MESURE
2025-06-23 18:00:00+02:00;74,000;1,000;MESURE
2025-06-23 19:00:00+02:00;67,000;1,000;MESURE
2025-06-23 20:00:00+02:00;81,000;1,000;MESURE
2025-06-23 21:00:00+02:00;1108,000;1,000;MESURE
2025-06-23 22:00:00+02:00;5543,000;1,000;MESURE
2025-06-23 23:00:00+02:00;5448,000;1,000;MESURE
2025-06-24 00:00:00+02:00;5329,000;1,000;MESURE
2025-06-24 01:00:00+02:00;5295,000;1,000;MESURE
2025-06-24 02:00:00+02:00;5284,000;1,000;MESURE
2025-06-24 03:00:00+02:00;5288,000;1,000;MESURE
2025-06-24 04:00:00+02:00;5297,000;1,000;MESURE
2025-06-24 05:00:00+02:00;2438,000;1,000;MESURE
2025-06-24 06:00:00+02:00;94,000;1,000;MESURE
2025-06-24 07:00:00+02:00;72,000;1,000;MESURE
2025-06-24 08:00:00+02:00;72,000;1,000;MESURE
2025-06-24 09:00:00+02:00;71,000;1,000;MESURE
2025-06-24 10:00:00+02:00;77,000;1,000;MESURE
2025-06-24 11:00:00+02:00;85,000;1,000;MESURE
2025-06-24 12:00:00+02:00;77,000;1,000;MESURE
2025-06-24 13:00:00+02:00;91,000;1,000;MESURE
2025-06-24 14:00:00+02:00;94,000;1,000;MESURE
2025-06-24 15:00:00+02:00;76,000;1,000;MESURE
2025-06-24 16:00:00+02:00;67,000;1,000;MESURE
2025-06-24 17:00:00+02:00;67,000;1,000;MESURE
2025-06-24 18:00:00+02:00;76,000;1,000;MESURE
2025-06-24 19:00:00+02:00;80,000;1,000;MESURE
2025-06-24 20:00:00+02:00;76,000;1,000;MESURE
2025-06-24 21:00:00+02:00;1098,000;1,000;MESURE
2025-06-24 22:00:00+02:00;5540,000;1,000;MESURE
2025-06-24 23:00:00+02:00;5474,000;1,000;MESURE
2025-06-25 00:00:00+02:00;5408,000;1,000;MESURE
2025-06-25 01:00:00+02:00;5311,000;1,000;MESURE
2025-06-25 02:00:00+02:00;5295,000;1,000;MESURE
2025-06-25 03:00:00+02:00;5299,000;1,000;MESURE
2025-06-25 04:00:00+02:00;5304,000;1,000;MESURE
2025-06-25 05:00:00+02:00;2459,000;1,000;MESURE
2025-06-25 06:00:00+02:00;94,000;1,000;MESURE
2025-06-25 07:00:00+02:00;85,000;1,000;MESURE
2025-06-25 08:00:00+02:00;72,000;1,000;MESURE
2025-06-25 09:00:00+02:00;79,000;1,000;MESURE
2025-06-25 10:00:00+02:00;92,000;1,000;MESURE
2025-06-25 11:00:00+02:00;71,000;1,000;MESURE
2025-06-25 12:00:00+02:00;85,000;1,000;MESURE
2025-06-25 13:00:00+02:00;78,000;1,000;MESURE
2025-06-25 14:00:00+02:00;67,000;1,000;MESURE
2025-06-25 15:00:00+02:00;83,000;1,000;MESURE
2025-06-25 16:00:00+02:00;74,000;1,000;MESURE
2025-06-25 17:00:00+02:00;83,000;1,000;MESURE
2025-06-25 18:00:00+02:00;67,000;1,000;MESURE
2025-06-25 19:00:00+02:00;66,000;1,000;MESURE
2025-06-25 20:00:00+02:00;87,000;1,000;MESURE
2025-06-25 21:00:00+02:00;1171,000;1,000;MESURE
2025-06-25 22:00:00+02:00;5513,000;1,000;MESURE
2025-06-25 23:00:00+02:00;5464,000;1,000;MESURE
2025-06-26 00:00:00+02:00;5297,000;1,000;MESURE
2025-06-26 01:00:00+02:00;5288,000;1,000;MESURE
2025-06-26 02:00:00+02:00;5277,000;1,000;MESURE
2025-06-26 03:00:00+02:00;5291,000;1,000;MESURE
2025-06-26 04:00:00+02:00;5292,000;1,000;MESURE
2025-06-26 05:00:00+02:00;2539,000;1,000;MESURE
2025-06-26 06:00:00+02:00;70,000;1,000;MESURE
2025-06-26 07:00:00+02:00;75,000;1,000;MESURE
2025-06-26 08:00:00+02:00;839,000;1,000;MESURE
2025-06-26 09:00:00+02:00;1764,000;1,000;MESURE
2025-06-26 10:00:00+02:00;70,000;1,000;MESURE
2025-06-26 11:00:00+02:00;86,000;1,000;MESURE
2025-06-26 12:00:00+02:00;76,000;1,000;MESURE
2025-06-26 13:00:00+02:00;85,000;1,000;MESURE
2025-06-26 14:00:00+02:00;78,000;1,000;MESURE
2025-06-26 15:00:00+02:00;69,000;1,000;MESURE
2025-06-26 16:00:00+02:00;67,000;1,000;MESURE
2025-06-26 17:00:00+02:00;67,000;1,000;MESURE
2025-06-26 18:00:00+02:00;81,000;1,000;MESURE
2025-06-26 19:00:00+02:00;78,000;1,000;MESURE
2025-06-26 20:00:00+02:00;69,000;1,000;MESURE
2025-06-26 21:00:00+02:00;1096,000;1,000;MESURE
2025-06-26 22:00:00+02:00;5158,000;1,000;MESURE
2025-06-26 23:00:00+02:00;5079,000;1,000;MESURE
2025-06-27 00:00:00+02:00;5076,000;1,000;MESURE
2025-06-27 01:00:00+02:00;5035,000;1,000;MESURE
2025-06-27 02:00:00+02:00;4912,000;1,000;MESURE
2025-06-27 03:00:00+02:00;4913,000;1,000;MESURE
2025-06-27 04:00:00+02:00;4918,000;1,000;MESURE
2025-06-27 05:00:00+02:00;2393,000;1,000;MESURE
2025-06-27 06:00:00+02:00;78,000;1,000;MESURE
2025-06-27 07:00:00+02:00;79,000;1,000;MESURE
2025-06-27 08:00:00+02:00;87,000;1,000;MESURE
2025-06-27 09:00:00+02:00;87,000;1,000;MESURE
2025-06-27 10:00:00+02:00;79,000;1,000;MESURE
2025-06-27 11:00:00+02:00;85,000;1,000;MESURE
2025-06-27 12:00:00+02:00;94,000;1,000;MESURE
2025-06-27 13:00:00+02:00;78,000;1,000;MESURE
2025-06-27 14:00:00+02:00;88,000;1,000;MESURE
2025-06-27 15:00:00+02:00;69,000;1,000;MESURE
2025-06-27 16:00:00+02:00;82,000;1,000;MESURE
2025-06-27 17:00:00+02:00;67,000;1,000;MESURE
2025-06-27 18:00:00+02:00;80,000;1,000;MESURE
2025-06-27 19:00:00+02:00;67,000;1,000;MESURE
2025-06-27 20:00:00+02:00;69,000;1,000;MESURE
2025-06-27 21:00:00+02:00;1034,000;1,000;MESURE
2025-06-27 22:00:00+02:00;4648,000;1,000;MESURE
2025-06-27 23:00:00+02:00;4550,000;1,000;MESURE
2025-06-28 00:00:00+02:00;4473,000;1,000;MESURE
2025-06-28 01:00:00+02:00;4415,000;1,000;MESURE
2025-06-28 02:00:00+02:00;4315,000;1,000;MESURE
2025-06-28 03:00:00+02:00;4322,000;1,000;MESURE
2025-06-28 04:00:00+02:00;4320,000;1,000;MESURE
2025-06-28 05:00:00+02:00;2213,000;1,000;MESURE
2025-06-28 06:00:00+02:00;69,000;1,000;MESURE
2025-06-28 07:00:00+02:00;81,000;1,000;MESURE
2025-06-28 08:00:00+02:00;90,000;1,000;MESURE
2025-06-28 09:00:00+02:00;79,000;1,000;MESURE
2025-06-28 10:00:00+02:00;106,000;1,000;MESURE
2025-06-28 11:00:00+02:00;101,000;1,000;MESURE
2025-06-28 12:00:00+02:00;70,000;1,000;MESURE
2025-06-28 13:00:00+02:00;82,000;1,000;MESURE
2025-06-28 14:00:00+02:00;78,000;1,000;MESURE
2025-06-28 15:00:00+02:00;94,000;1,000;MESURE
2025-06-28 16:00:00+02:00;68,000;1,000;MESURE
2025-06-28 17:00:00+02:00;82,000;1,000;MESURE
2025-06-28 18:00:00+02:00;79,000;1,000;MESURE
2025-06-28 19:00:00+02:00;87,000;1,000;MESURE
2025-06-28 20:00:00+02:00;95,000;1,000;MESURE
2025-06-28 21:00:00+02:00;1008,000;1,000;MESURE
2025-06-28 22:00:00+02:00;4533,000;1,000;MESURE
2025-06-28 23:00:00+02:00;4461,000;1,000;MESURE
2025-06-29 00:00:00+02:00;4317,000;1,000;MESURE
2025-06-29 01:00:00+02:00;4305,000;1,000;MESURE
2025-06-29 02:00:00+02:00;4313,000;1,000;MESURE
2025-06-29 03:00:00+02:00;4319,000;1,000;MESURE
2025-06-29 04:00:00+02:00;4319,000;1,000;MESURE
2025-06-29 05:00:00+02:00;2224,000;1,000;MESURE
2025-06-29 06:00:00+02:00;91,000;1,000;MESURE
2025-06-29 07:00:00+02:00;89,000;1,000;MESURE
2025-06-29 08:00:00+02:00;78,000;1,000;MESURE
2025-06-29 09:00:00+02:00;77,000;1,000;MESURE
2025-06-29 10:00:00+02:00;83,000;1,000;MESURE
2025-06-29 11:00:00+02:00;69,000;1,000;MESURE
2025-06-29 12:00:00+02:00;68,000;1,000;MESURE
2025-06-29 13:00:00+02:00;80,000;1,000;MESURE
2025-06-29 14:00:00+02:00;84,000;1,000;MESURE
2025-06-29 15:00:00+02:00;82,000;1,000;MESURE
2025-06-29 16:00:00+02:00;76,000;1,000;MESURE
2025-06-29 17:00:00+02:00;88,000;1,000;MESURE
2025-06-29 18:00:00+02:00;66,000;1,000;MESURE
2025-06-29 19:00:00+02:00;73,000;1,000;MESURE
2025-06-29 20:00:00+02:00;66,000;1,000;MESURE
2025-06-29 21:00:00+02:00;960,000;1,000;MESURE
2025-06-29 22:00:00+02:00;4547,000;1,000;MESURE
2025-06-29 23:00:00+02:00;4520,000;1,000;MESURE
2025-06-30 00:00:00+02:00;4500,000;1,000;MESURE
2025-06-30 01:00:00+02:00;4485,000;1,000;MESURE
2025-06-30 02:00:00+02:00;4478,000;1,000;MESURE
2025-06-30 03:00:00+02:00;4478,000;1,000;MESURE
2025-06-30 04:00:00+02:00;4482,000;1,000;MESURE
2025-06-30 05:00:00+02:00;2371,000;1,000;MESURE
2025-06-30 06:00:00+02:00;76,000;1,000;MESURE
2025-06-30 07:00:00+02:00;90,000;1,000;MESURE
2025-06-30 08:00:00+02:00;70,000;1,000;MESURE
2025-06-30 09:00:00+02:00;86,000;1,000;MESURE
2025-06-30 10:00:00+02:00;69,000;1,000;MESURE
2025-06-30 11:00:00+02:00;68,000;1,000;MESURE
2025-06-30 12:00:00+02:00;70,000;1,000;MESURE
2025-06-30 13:00:00+02:00;79,000;1,000;MESURE
2025-06-30 14:00:00+02:00;80,000;1,000;MESURE
2025-06-30 15:00:00+02:00;81,000;1,000;MESURE
2025-06-30 16:00:00+02:00;64,000;1,000;MESURE
2025-06-30 17:00:00+02:00;67,000;1,000;MESURE
2025-06-30 18:00:00+02:00;87,000;1,000;MESURE
2025-06-30 19:00:00+02:00;66,000;1,000;MESURE
2025-06-30 20:00:00+02:00;79,000;1,000;MESURE
2025-06-30 21:00:00+02:00;996,000;1,000;MESURE
2025-06-30 22:00:00+02:00;4671,000;1,000;MESURE
2025-06-30 23:00:00+02:00;4635,000;1,000;MESURE
2025-07-01 00:00:00+02:00;4627,000;1,000;MESURE
2025-07-01 01:00:00+02:00;4586,000;1,000;MESURE
2025-07-01 02:00:00+02:00;4569,000;1,000;MESURE
2025-07-01 03:00:00+02:00;4540,000;1,000;MESURE
2025-07-01 04:00:00+02:00;4455,000;1,000;MESURE
2025-07-01 05:00:00+02:00;2333,000;1,000;MESURE
2025-07-01 06:00:00+02:00;74,000;1,000;MESURE
2025-07-01 07:00:00+02:00;75,000;1,000;MESURE
2025-07-01 08:00:00+02:00;91,000;1,000;MESURE
2025-07-01 09:00:00+02:00;77,000;1,000;MESURE
2025-07-01 10:00:00+02:00;73,000;1,000;MESURE
2025-07-01 11:00:00+02:00;89,000;1,000;MESURE
2025-07-01 12:00:00+02:00;81,000;1,000;MESURE
2025-07-01 13:00:00+02:00;83,000;1,000;MESURE
2025-07-01 14:00:00+02:00;74,000;1,000;MESURE
2025-07-01 15:00:00+02:00;73,000;1,000;MESURE
2025-07-01 16:00:00+02:00;77,000;1,000;MESURE
2025-07-01 17:00:00+02:00;66,000;1,000;MESURE
2025-07-01 18:00:00+02:00;75,000;1,000;MESURE
2025-07-01 19:00:00+02:00;64,000;1,000;MESURE
2025-07-01 20:00:00+02:00;82,000;1,000;MESURE
2025-07-01 21:00:00+02:00;1028,000;1,000;MESURE
2025-07-01 22:00:00+02:00;4625,000;1,000;MESURE
2025-07-01 23:00:00+02:00;4541,000;1,000;MESURE
2025-07-02 00:00:00+02:00;4447,000;1,000;MESURE
2025-07-02 01:00:00+02:00;4421,000;1,000;MESURE
2025-07-02 02:00:00+02:00;4413,000;1,000;MESURE
2025-07-02 03:00:00+02:00;4416,000;1,000;MESURE
2025-07-02 04:00:00+02:00;4420,000;1,000;MESURE
2025-07-02 05:00:00+02:00;2435,000;1,000;MESURE
2025-07-02 06:00:00+02:00;76,000;1,000;MESURE
2025-07-02 07:00:00+02:00;95,000;1,000;MESURE
2025-07-02 08:00:00+02:00;71,000;1,000;MESURE
2025-07-02 09:00:00+02:00;69,000;1,000;MESURE
2025-07-02 10:00:00+02:00;69,000;1,000;MESURE
2025-07-02 11:00:00+02:00;68,000;1,000;MESURE
2025-07-02 12:00:00+02:00;81,000;1,000;MESURE
2025-07-02 13:00:00+02:00;67,000;1,000;MESURE
2025-07-02 14:00:00+02:00;64,000;1,000;MESURE
2025-07-02 15:00:00+02:00;87,000;1,000;MESURE
2025-07-02 16:00:00+02:00;78,000;1,000;MESURE
2025-07-02 17:00:00+02:00;78,000;1,000;MESURE
2025-07-02 18:00:00+02:00;79,000;1,000;MESURE
2025-07-02 19:00:00+02:00;65,000;1,000;MESURE
2025-07-02 20:00:00+02:00;90,000;1,000;MESURE
2025-07-02 21:00:00+02:00;1083,000;1,000;MESURE
2025-07-02 22:00:00+02:00;4639,000;1,000;MESURE
2025-07-02 23:00:00+02:00;4609,000;1,000;MESURE
2025-07-03 00:00:00+02:00;4495,000;1,000;MESURE
2025-07-03 01:00:00+02:00;4421,000;1,000;MESURE
2025-07-03 02:00:00+02:00;4411,000;1,000;MESURE
2025-07-03 03:00:00+02:00;4406,000;1,000;MESURE
2025-07-03 04:00:00+02:00;4413,000;1,000;MESURE
2025-07-03 05:00:00+02:00;2516,000;1,000;MESURE
2025-07-03 06:00:00+02:00;68,000;1,000;MESURE
2025-07-03 07:00:00+02:00;84,000;1,000;MESURE
2025-07-03 08:00:00+02:00;68,000;1,000;MESURE
2025-07-03 09:00:00+02:00;84,000;1,000;MESURE
2025-07-03 10:00:00+02:00;78,000;1,000;MESURE
2025-07-03 11:00:00+02:00;83,000;1,000;MESURE
2025-07-03 12:00:00+02:00;76,000;1,000;MESURE
2025-07-03 13:00:00+02:00;83,000;1,000;MESURE
2025-07-03 14:00:00+02:00;98,000;1,000;MESURE
2025-07-03 15:00:00+02:00;83,000;1,000;MESURE
2025-07-03 16:00:00+02:00;65,000;1,000;MESURE
2025-07-03 17:00:00+02:00;65,000;1,000;MESURE
2025-07-03 18:00:00+02:00;73,000;1,000;MESURE
2025-07-03 19:00:00+02:00;72,000;1,000;MESURE
2025-07-03 20:00:00+02:00;79,000;1,000;MESURE
2025-07-03 21:00:00+02:00;1094,000;1,000;MESURE
2025-07-03 22:00:00+02:00;4627,000;1,000;MESURE
2025-07-03 23:00:00+02:00;4533,000;1,000;MESURE
2025-07-04 00:00:00+02:00;4490,000;1,000;MESURE
2025-07-04 01:00:00+02:00;4467,000;1,000;MESURE
2025-07-04 02:00:00+02:00;4433,000;1,000;MESURE
2025-07-04 03:00:00+02:00;4429,000;1,000;MESURE
2025-07-04 04:00:00+02:00;4428,000;1,000;MESURE
2025-07-04 05:00:00+02:00;2517,000;1,000;MESURE
2025-07-04 06:00:00+02:00;77,000;1,000;MESURE
2025-07-04 07:00:00+02:00;69,000;1,000;MESURE
2025-07-04 08:00:00+02:00;69,000;1,000;MESURE
2025-07-04 09:00:00+02:00;83,000;1,000;MESURE
2025-07-04 10:00:00+02:00;84,000;1,000;MESURE
2025-07-04 11:00:00+02:00;83,000;1,000;MESURE
2025-07-04 12:00:00+02:00;82,000;1,000;MESURE
2025-07-04 13:00:00+02:00;80,000;1,000;MESURE
2025-07-04 14:00:00+02:00;84,000;1,000;MESURE
2025-07-04 15:00:00+02:00;75,000;1,000;MESURE
2025-07-04 16:00:00+02:00;73,000;1,000;MESURE
2025-07-04 17:00:00+02:00;65,000;1,000;MESURE
2025-07-04 18:00:00+02:00;88,000;1,000;MESURE
2025-07-04 19:00:00+02:00;73,000;1,000;MESURE
2025-07-04 20:00:00+02:00;67,000;1,000;MESURE
2025-07-04 21:00:00+02:00;1067,000;1,000;MESURE
2025-07-04 22:00:00+02:00;4605,000;1,000;MESURE
2025-07-04 23:00:00+02:00;4573,000;1,000;MESURE
2025-07-05 00:00:00+02:00;4481,000;1,000;MESURE
2025-07-05 01:00:00+02:00;4444,000;1,000;MESURE
2025-07-05 02:00:00+02:00;4441,000;1,000;MESURE
2025-07-05 03:00:00+02:00;4434,000;1,000;MESURE
2025-07-05 04:00:00+02:00;4437,000;1,000;MESURE
2025-07-05 05:00:00+02:00;2601,000;1,000;MESURE
2025-07-05 06:00:00+02:00;76,000;1,000;MESURE
2025-07-05 07:00:00+02:00;76,000;1,000;MESURE
2025-07-05 08:00:00+02:00;85,000;1,000;MESURE
2025-07-05 09:00:00+02:00;95,000;1,000;MESURE
2025-07-05 10:00:00+02:00;95,000;1,000;MESURE
2025-07-05 11:00:00+02:00;85,000;1,000;MESURE
2025-07-05 12:00:00+02:00;77,000;1,000;MESURE
2025-07-05 13:00:00+02:00;97,000;1,000;MESURE
2025-07-05 14:00:00+02:00;81,000;1,000;MESURE
2025-07-05 15:00:00+02:00;81,000;1,000;MESURE
2025-07-05 16:00:00+02:00;79,000;1,000;MESURE
2025-07-05 17:00:00+02:00;81,000;1,000;MESURE
2025-07-05 18:00:00+02:00;66,000;1,000;MESURE
2025-07-05 19:00:00+02:00;64,000;1,000;MESURE
2025-07-05 20:00:00+02:00;82,000;1,000;MESURE
2025-07-05 21:00:00+02:00;1182,000;1,000;MESURE
2025-07-05 22:00:00+02:00;4622,000;1,000;MESURE
2025-07-05 23:00:00+02:00;4516,000;1,000;MESURE
2025-07-06 00:00:00+02:00;4454,000;1,000;MESURE
2025-07-06 01:00:00+02:00;4420,000;1,000;MESURE
2025-07-06 02:00:00+02:00;4401,000;1,000;MESURE
2025-07-06 03:00:00+02:00;4402,000;1,000;MESURE
2025-07-06 04:00:00+02:00;4406,000;1,000;MESURE
2025-07-06 05:00:00+02:00;2674,000;1,000;MESURE
2025-07-06 06:00:00+02:00;69,000;1,000;MESURE
2025-07-06 07:00:00+02:00;89,000;1,000;MESURE
2025-07-06 08:00:00+02:00;74,000;1,000;MESURE
2025-07-06 09:00:00+02:00;94,000;1,000;MESURE
2025-07-06 10:00:00+02:00;86,000;1,000;MESURE
2025-07-06 11:00:00+02:00;93,000;1,000;MESURE
2025-07-06 12:00:00+02:00;102,000;1,000;MESURE
2025-07-06 13:00:00+02:00;97,000;1,000;MESURE
2025-07-06 14:00:00+02:00;81,000;1,000;MESURE
2025-07-06 15:00:00+02:00;87,000;1,000;MESURE
2025-07-06 16:00:00+02:00;91,000;1,000;MESURE
2025-07-06 17:00:00+02:00;71,000;1,000;MESURE
2025-07-06 18:00:00+02:00;85,000;1,000;MESURE
2025-07-06 19:00:00+02:00;70,000;1,000;MESURE
2025-07-06 20:00:00+02:00;78,000;1,000;MESURE
2025-07-06 21:00:00+02:00;1190,000;1,000;MESURE
2025-07-06 22:00:00+02:00;4612,000;1,000;MESURE
2025-07-06 23:00:00+02:00;4455,000;1,000;MESURE
2025-07-07 00:00:00+02:00;4450,000;1,000;MESURE
2025-07-07 01:00:00+02:00;4437,000;1,000;MESURE
2025-07-07 02:00:00+02:00;4428,000;1,000;MESURE
2025-07-07 03:00:00+02:00;4455,000;1,000;MESURE
2025-07-07 04:00:00+02:00;4464,000;1,000;MESURE
2025-07-07 05:00:00+02:00;2784,000;1,000;MESURE
2025-07-07 06:00:00+02:00;74,000;1,000;MESURE
2025-07-07 07:00:00+02:00;90,000;1,000;MESURE
2025-07-07 08:00:00+02:00;87,000;1,000;MESURE
2025-07-07 09:00:00+02:00;81,000;1,000;MESURE
2025-07-07 10:00:00+02:00;80,000;1,000;MESURE
2025-07-07 11:00:00+02:00;79,000;1,000;MESURE
2025-07-07 12:00:00+02:00;80,000;1,000;MESURE
2025-07-07 13:00:00+02:00;108,000;1,000;MESURE
2025-07-07 14:00:00+02:00;72,000;1,000;MESURE
2025-07-07 15:00:00+02:00;78,000;1,000;MESURE
2025-07-07 16:00:00+02:00;87,000;1,000;MESURE
2025-07-07 17:00:00+02:00;87,000;1,000;MESURE
2025-07-07 18:00:00+02:00;86,000;1,000;MESURE
2025-07-07 19:00:00+02:00;73,000;1,000;MESURE
2025-07-07 20:00:00+02:00;90,000;1,000;MESURE
2025-07-07 21:00:00+02:00;1330,000;1,000;MESURE
2025-07-07 22:00:00+02:00;5153,000;1,000;MESURE
2025-07-07 23:00:00+02:00;5096,000;1,000;MESURE
2025-07-08 00:00:00+02:00;5084,000;1,000;MESURE
2025-07-08 01:00:00+02:00;5078,000;1,000;MESURE
2025-07-08 02:00:00+02:00;5091,000;1,000;MESURE
2025-07-08 03:00:00+02:00;5098,000;1,000;MESURE
2025-07-08 04:00:00+02:00;5122,000;1,000;MESURE
2025-07-08 05:00:00+02:00;3240,000;1,000;MESURE
2025-07-08 06:00:00+02:00;82,000;1,000;MESURE
2025-07-08 07:00:00+02:00;83,000;1,000;MESURE
2025-07-08 08:00:00+02:00;89,000;1,000;MESURE
2025-07-08 09:00:00+02:00;80,000;1,000;MESURE
2025-07-08 10:00:00+02:00;87,000;1,000;MESURE
2025-07-08 11:00:00+02:00;77,000;1,000;MESURE
2025-07-08 12:00:00+02:00;99,000;1,000;MESURE
2025-07-08 13:00:00+02:00;87,000;1,000;MESURE
2025-07-08 14:00:00+02:00;74,000;1,000;MESURE
2025-07-08 15:00:00+02:00;79,000;1,000;MESURE
2025-07-08 16:00:00+02:00;94,000;1,000;MESURE
2025-07-08 17:00:00+02:00;84,000;1,000;MESURE
2025-07-08 18:00:00+02:00;84,000;1,000;MESURE
2025-07-08 19:00:00+02:00;96,000;1,000;MESURE
2025-07-08 20:00:00+02:00;80,000;1,000;MESURE
2025-07-08 21:00:00+02:00;1383,000;1,000;MESURE
2025-07-08 22:00:00+02:00;5211,000;1,000;MESURE
2025-07-08 23:00:00+02:00;5121,000;1,000;MESURE
2025-07-09 00:00:00+02:00;5114,000;1,000;MESURE
2025-07-09 01:00:00+02:00;5098,000;1,000;MESURE
2025-07-09 02:00:00+02:00;5106,000;1,000;MESURE
2025-07-09 03:00:00+02:00;5095,000;1,000;MESURE
2025-07-09 04:00:00+02:00;5106,000;1,000;MESURE
2025-07-09 05:00:00+02:00;3240,000;1,000;MESURE
2025-07-09 06:00:00+02:00;94,000;1,000;MESURE
2025-07-09 07:00:00+02:00;85,000;1,000;MESURE
2025-07-09 08:00:00+02:00;83,000;1,000;MESURE
2025-07-09 09:00:00+02:00;97,000;1,000;MESURE
2025-07-09 10:00:00+02:00;75,000;1,000;MESURE
2025-07-09 11:00:00+02:00;76,000;1,000;MESURE
2025-07-09 12:00:00+02:00;89,000;1,000;MESURE
2025-07-09 13:00:00+02:00;80,000;1,000;MESURE
2025-07-09 14:00:00+02:00;87,000;1,000;MESURE
2025-07-09 15:00:00+02:00;79,000;1,000;MESURE
2025-07-09 16:00:00+02:00;79,000;1,000;MESURE
2025-07-09 17:00:00+02:00;71,000;1,000;MESURE
2025-07-09 18:00:00+02:00;82,000;1,000;MESURE
2025-07-09 19:00:00+02:00;81,000;1,000;MESURE
2025-07-09 20:00:00+02:00;86,000;1,000;MESURE
2025-07-09 21:00:00+02:00;1462,000;1,000;MESURE
2025-07-09 22:00:00+02:00;5178,000;1,000;MESURE
2025-07-09 23:00:00+02:00;5094,000;1,000;MESURE
2025-07-10 00:00:00+02:00;5072,000;1,000;MESURE
2025-07-10 01:00:00+02:00;5085,000;1,000;MESURE
2025-07-10 02:00:00+02:00;5079,000;1,000;MESURE
2025-07-10 03:00:00+02:00;5068,000;1,000;MESURE
2025-07-10 04:00:00+02:00;5077,000;1,000;MESURE
2025-07-10 05:00:00+02:00;3286,000;1,000;MESURE
2025-07-10 06:00:00+02:00;89,000;1,000;MESURE
2025-07-10 07:00:00+02:00;88,000;1,000;MESURE
2025-07-10 08:00:00+02:00;90,000;1,000;MESURE
2025-07-10 09:00:00+02:00;75,000;1,000;MESURE
2025-07-10 10:00:00+02:00;80,000;1,000;MESURE
2025-07-10 11:00:00+02:00;88,000;1,000;MESURE
2025-07-10 12:00:00+02:00;87,000;1,000;MESURE
2025-07-10 13:00:00+02:00;105,000;1,000;MESURE
2025-07-10 14:00:00+02:00;78,000;1,000;MESURE
2025-07-10 15:00:00+02:00;78,000;1,000;MESURE
2025-07-10 16:00:00+02:00;77,000;1,000;MESURE
2025-07-10 17:00:00+02:00;70,000;1,000;MESURE
2025-07-10 18:00:00+02:00;69,000;1,000;MESURE
2025-07-10 19:00:00+02:00;77,000;1,000;MESURE
2025-07-10 20:00:00+02:00;96,000;1,000;MESURE
2025-07-10 21:00:00+02:00;1472,000;1,000;MESURE
2025-07-10 22:00:00+02:00;5126,000;1,000;MESURE
2025-07-10 23:00:00+02:00;5109,000;1,000;MESURE
2025-07-11 00:00:00+02:00;5091,000;1,000;MESURE
2025-07-11 01:00:00+02:00;5087,000;1,000;MESURE
2025-07-11 02:00:00+02:00;5054,000;1,000;MESURE
2025-07-11 03:00:00+02:00;5060,000;1,000;MESURE
2025-07-11 04:00:00+02:00;5090,000;1,000;MESURE
2025-07-11 05:00:00+02:00;3428,000;1,000;MESURE
2025-07-11 06:00:00+02:00;72,000;1,000;MESURE
2025-07-11 07:00:00+02:00;83,000;1,000;MESURE
2025-07-11 08:00:00+02:00;81,000;1,000;MESURE
2025-07-11 09:00:00+02:00;87,000;1,000;MESURE
2025-07-11 10:00:00+02:00;88,000;1,000;MESURE
2025-07-11 11:00:00+02:00;96,000;1,000;MESURE
2025-07-11 12:00:00+02:00;109,000;1,000;MESURE
2025-07-11 13:00:00+02:00;79,000;1,000;MESURE
2025-07-11 14:00:00+02:00;101,000;1,000;MESURE
2025-07-11 15:00:00+02:00;84,000;1,000;MESURE
2025-07-11 16:00:00+02:00;71,000;1,000;MESURE
2025-07-11 17:00:00+02:00;76,000;1,000;MESURE
2025-07-11 18:00:00+02:00;100,000;1,000;MESURE
2025-07-11 19:00:00+02:00;70,000;1,000;MESURE
2025-07-11 20:00:00+02:00;76,000;1,000;MESURE
2025-07-11 21:00:00+02:00;1548,000;1,000;MESURE
2025-07-11 22:00:00+02:00;5116,000;1,000;MESURE
2025-07-11 23:00:00+02:00;5108,000;1,000;MESURE
2025-07-12 00:00:00+02:00;5116,000;1,000;MESURE
2025-07-12 01:00:00+02:00;5093,000;1,000;MESURE
2025-07-12 02:00:00+02:00;5078,000;1,000;MESURE
2025-07-12 03:00:00+02:00;5082,000;1,000;MESURE
2025-07-12 04:00:00+02:00;5088,000;1,000;MESURE
2025-07-12 05:00:00+02:00;3502,000;1,000;MESURE
2025-07-12 06:00:00+02:00;86,000;1,000;MESURE
2025-07-12 07:00:00+02:00;71,000;1,000;MESURE
2025-07-12 08:00:00+02:00;95,000;1,000;MESURE
2025-07-12 09:00:00+02:00;96,000;1,000;MESURE
2025-07-12 10:00:00+02:00;83,000;1,000;MESURE
2025-07-12 11:00:00+02:00;150,000;1,000;MESURE
2025-07-12 12:00:00+02:00;93,000;1,000;MESURE
2025-07-12 13:00:00+02:00;101,000;1,000;MESURE
2025-07-12 14:00:00+02:00;72,000;1,000;MESURE
2025-07-12 15:00:00+02:00;68,000;1,000;MESURE
2025-07-12 16:00:00+02:00;81,000;1,000;MESURE
2025-07-12 17:00:00+02:00;77,000;1,000;MESURE
2025-07-12 18:00:00+02:00;76,000;1,000;MESURE
2025-07-12 19:00:00+02:00;68,000;1,000;MESURE
2025-07-12 20:00:00+02:00;66,000;1,000;MESURE
2025-07-12 21:00:00+02:00;1633,000;1,000;MESURE
2025-07-12 22:00:00+02:00;5242,000;1,000;MESURE
2025-07-12 23:00:00+02:00;5238,000;1,000;MESURE
2025-07-13 00:00:00+02:00;5224,000;1,000;MESURE
2025-07-13 01:00:00+02:00;5207,000;1,000;MESURE
2025-07-13 02:00:00+02:00;5194,000;1,000;MESURE
2025-07-13 03:00:00+02:00;5192,000;1,000;MESURE
2025-07-13 04:00:00+02:00;5189,000;1,000;MESURE
2025-07-13 05:00:00+02:00;3650,000;1,000;MESURE
2025-07-13 06:00:00+02:00;69,000;1,000;MESURE
2025-07-13 07:00:00+02:00;79,000;1,000;MESURE
2025-07-13 08:00:00+02:00;78,000;1,000;MESURE
2025-07-13 09:00:00+02:00;71,000;1,000;MESURE
2025-07-13 10:00:00+02:00;71,000;1,000;MESURE
2025-07-13 11:00:00+02:00;78,000;1,000;MESURE
2025-07-13 12:00:00+02:00;76,000;1,000;MESURE
2025-07-13 13:00:00+02:00;77,000;1,000;MESURE
2025-07-13 14:00:00+02:00;70,000;1,000;MESURE
2025-07-13 15:00:00+02:00;70,000;1,000;MESURE
2025-07-13 16:00:00+02:00;67,000;1,000;MESURE
2025-07-13 17:00:00+02:00;77,000;1,000;MESURE
2025-07-13 18:00:00+02:00;79,000;1,000;MESURE
2025-07-13 19:00:00+02:00;93,000;1,000;MESURE
2025-07-13 20:00:00+02:00;77,000;1,000;MESURE
2025-07-13 21:00:00+02:00;1735,000;1,000;MESURE
2025-07-13 22:00:00+02:00;5170,000;1,000;MESURE
2025-07-13 23:00:00+02:00;5110,000;1,000;MESURE
2025-07-14 00:00:00+02:00;5122,000;1,000;MESURE
2025-07-14 01:00:00+02:00;5076,000;1,000;MESURE
2025-07-14 02:00:00+02:00;5072,000;1,000;MESURE
2025-07-14 03:00:00+02:00;5040,000;1,000;MESURE
2025-07-14 04:00:00+02:00;4922,000;1,000;MESURE
2025-07-14 05:00:00+02:00;3612,000;1,000;MESURE
2025-07-14 06:00:00+02:00;70,000;1,000;MESURE
2025-07-14 07:00:00+02:00;81,000;1,000;MESURE
2025-07-14 08:00:00+02:00;79,000;1,000;MESURE
2025-07-14 09:00:00+02:00;78,000;1,000;MESURE
2025-07-14 10:00:00+02:00;86,000;1,000;MESURE
2025-07-14 11:00:00+02:00;78,000;1,000;MESURE
2025-07-14 12:00:00+02:00;77,000;1,000;MESURE
2025-07-14 13:00:00+02:00;70,000;1,000;MESURE
2025-07-14 14:00:00+02:00;89,000;1,000;MESURE
2025-07-14 15:00:00+02:00;98,000;1,000;MESURE
2025-07-14 16:00:00+02:00;70,000;1,000;MESURE
2025-07-14 17:00:00+02:00;76,000;1,000;MESURE
2025-07-14 18:00:00+02:00;94,000;1,000;MESURE
2025-07-14 19:00:00+02:00;76,000;1,000;MESURE
2025-07-14 20:00:00+02:00;106,000;1,000;MESURE
2025-07-14 21:00:00+02:00;1732,000;1,000;MESURE
2025-07-14 22:00:00+02:00;3260,000;1,000;MESURE
2025-07-14 23:00:00+02:00;4936,000;1,000;MESURE
2025-07-15 00:00:00+02:00;5092,000;1,000;MESURE
2025-07-15 01:00:00+02:00;5083,000;1,000;MESURE
2025-07-15 02:00:00+02:00;5062,000;1,000;MESURE
2025-07-15 03:00:00+02:00;5052,000;1,000;MESURE
2025-07-15 04:00:00+02:00;5042,000;1,000;MESURE
2025-07-15 05:00:00+02:00;3749,000;1,000;MESURE
2025-07-15 06:00:00+02:00;79,000;1,000;MESURE
2025-07-15 07:00:00+02:00;78,000;1,000;MESURE
2025-07-15 08:00:00+02:00;71,000;1,000;MESURE
2025-07-15 09:00:00+02:00;70,000;1,000;MESURE
2025-07-15 10:00:00+02:00;89,000;1,000;MESURE
2025-07-15 11:00:00+02:00;79,000;1,000;MESURE
2025-07-15 12:00:00+02:00;88,000;1,000;MESURE
2025-07-15 13:00:00+02:00;91,000;1,000;MESURE
2025-07-15 14:00:00+02:00;70,000;1,000;MESURE
2025-07-15 15:00:00+02:00;86,000;1,000;MESURE
2025-07-15 16:00:00+02:00;76,000;1,000;MESURE
2025-07-15 17:00:00+02:00;69,000;1,000;MESURE
2025-07-15 18:00:00+02:00;101,000;1,000;MESURE
2025-07-15 19:00:00+02:00;84,000;1,000;MESURE
2025-07-15 20:00:00+02:00;87,000;1,000;MESURE
2025-07-15 21:00:00+02:00;1873,000;1,000;MESURE
2025-07-15 22:00:00+02:00;5113,000;1,000;MESURE
2025-07-15 23:00:00+02:00;5068,000;1,000;MESURE
2025-07-16 00:00:00+02:00;5085,000;1,000;MESURE
2025-07-16 01:00:00+02:00;5074,000;1,000;MESURE
2025-07-16 02:00:00+02:00;5059,000;1,000;MESURE
2025-07-16 03:00:00+02:00;5025,000;1,000;MESURE
2025-07-16 04:00:00+02:00;4936,000;1,000;MESURE
2025-07-16 05:00:00+02:00;3770,000;1,000;MESURE
2025-07-16 06:00:00+02:00;79,000;1,000;MESURE
2025-07-16 07:00:00+02:00;94,000;1,000;MESURE
2025-07-16 08:00:00+02:00;72,000;1,000;MESURE
2025-07-16 09:00:00+02:00;92,000;1,000;MESURE
2025-07-16 10:00:00+02:00;71,000;1,000;MESURE
2025-07-16 11:00:00+02:00;87,000;1,000;MESURE
2025-07-16 12:00:00+02:00;76,000;1,000;MESURE
2025-07-16 13:00:00+02:00;84,000;1,000;MESURE
2025-07-16 14:00:00+02:00;78,000;1,000;MESURE
2025-07-16 15:00:00+02:00;71,000;1,000;MESURE
2025-07-16 16:00:00+02:00;76,000;1,000;MESURE
2025-07-16 17:00:00+02:00;68,000;1,000;MESURE
2025-07-16 18:00:00+02:00;67,000;1,000;MESURE
2025-07-16 19:00:00+02:00;77,000;1,000;MESURE
2025-07-16 20:00:00+02:00;91,000;1,000;MESURE
2025-07-16 21:00:00+02:00;1958,000;1,000;MESURE
2025-07-16 22:00:00+02:00;5108,000;1,000;MESURE
2025-07-16 23:00:00+02:00;5092,000;1,000;MESURE
2025-07-17 00:00:00+02:00;5100,000;1,000;MESURE
2025-07-17 01:00:00+02:00;5069,000;1,000;MESURE
2025-07-17 02:00:00+02:00;4890,000;1,000;MESURE
2025-07-17 03:00:00+02:00;4893,000;1,000;MESURE
2025-07-17 04:00:00+02:00;4917,000;1,000;MESURE
2025-07-17 05:00:00+02:00;3883,000;1,000;MESURE
2025-07-17 06:00:00+02:00;76,000;1,000;MESURE
2025-07-17 07:00:00+02:00;76,000;1,000;MESURE
2025-07-17 08:00:00+02:00;90,000;1,000;MESURE
2025-07-17 09:00:00+02:00;80,000;1,000;MESURE
2025-07-17 10:00:00+02:00;78,000;1,000;MESURE
2025-07-17 11:00:00+02:00;79,000;1,000;MESURE
2025-07-17 12:00:00+02:00;85,000;1,000;MESURE
2025-07-17 13:00:00+02:00;91,000;1,000;MESURE
2025-07-17 14:00:00+02:00;69,000;1,000;MESURE
2025-07-17 15:00:00+02:00;79,000;1,000;MESURE
2025-07-17 16:00:00+02:00;82,000;1,000;MESURE
2025-07-17 17:00:00+02:00;83,000;1,000;MESURE
2025-07-17 18:00:00+02:00;74,000;1,000;MESURE
2025-07-17 19:00:00+02:00;77,000;1,000;MESURE
2025-07-17 20:00:00+02:00;81,000;1,000;MESURE
2025-07-17 21:00:00+02:00;2016,000;1,000;MESURE
2025-07-17 22:00:00+02:00;5126,000;1,000;MESURE
2025-07-17 23:00:00+02:00;5078,000;1,000;MESURE
2025-07-18 00:00:00+02:00;5079,000;1,000;MESURE
2025-07-18 01:00:00+02:00;5037,000;1,000;MESURE
2025-07-18 02:00:00+02:00;4924,000;1,000;MESURE
2025-07-18 03:00:00+02:00;4909,000;1,000;MESURE
2025-07-18 04:00:00+02:00;4911,000;1,000;MESURE
2025-07-18 05:00:00+02:00;3935,000;1,000;MESURE
2025-07-18 06:00:00+02:00;70,000;1,000;MESURE
2025-07-18 07:00:00+02:00;88,000;1,000;MESURE
2025-07-18 08:00:00+02:00;71,000;1,000;MESURE
2025-07-18 09:00:00+02:00;79,000;1,000;MESURE
2025-07-18 10:00:00+02:00;71,000;1,000;MESURE
2025-07-18 11:00:00+02:00;77,000;1,000;MESURE
2025-07-18 12:00:00+02:00;70,000;1,000;MESURE
2025-07-18 13:00:00+02:00;106,000;1,000;MESURE
2025-07-18 14:00:00+02:00;82,000;1,000;MESURE
2025-07-18 15:00:00+02:00;67,000;1,000;MESURE
2025-07-18 16:00:00+02:00;68,000;1,000;MESURE
2025-07-18 17:00:00+02:00;81,000;1,000;MESURE
2025-07-18 18:00:00+02:00;77,000;1,000;MESURE
2025-07-18 19:00:00+02:00;90,000;1,000;MESURE
2025-07-18 20:00:00+02:00;80,000;1,000;MESURE
2025-07-18 21:00:00+02:00;2146,000;1,000;MESURE
2025-07-18 22:00:00+02:00;5098,000;1,000;MESURE
2025-07-18 23:00:00+02:00;5100,000;1,000;MESURE
2025-07-19 00:00:00+02:00;5102,000;1,000;MESURE
2025-07-19 01:00:00+02:00;5082,000;1,000;MESURE
2025-07-19 02:00:00+02:00;5074,000;1,000;MESURE
2025-07-19 03:00:00+02:00;4953,000;1,000;MESURE
2025-07-19 04:00:00+02:00;4915,000;1,000;MESURE
2025-07-19 05:00:00+02:00;4125,000;1,000;MESURE
2025-07-19 06:00:00+02:00;92,000;1,000;MESURE
2025-07-19 07:00:00+02:00;72,000;1,000;MESURE
2025-07-19 08:00:00+02:00;81,000;1,000;MESURE
2025-07-19 09:00:00+02:00;93,000;1,000;MESURE
2025-07-19 10:00:00+02:00;97,000;1,000;MESURE
2025-07-19 11:00:00+02:00;87,000;1,000;MESURE
2025-07-19 12:00:00+02:00;79,000;1,000;MESURE
2025-07-19 13:00:00+02:00;93,000;1,000;MESURE
2025-07-19 14:00:00+02:00;99,000;1,000;MESURE
2025-07-19 15:00:00+02:00;72,000;1,000;MESURE
2025-07-19 16:00:00+02:00;71,000;1,000;MESURE
2025-07-19 17:00:00+02:00;79,000;1,000;MESURE
2025-07-19 18:00:00+02:00;86,000;1,000;MESURE
2025-07-19 19:00:00+02:00;70,000;1,000;MESURE
2025-07-19 20:00:00+02:00;69,000;1,000;MESURE
2025-07-19 21:00:00+02:00;2218,000;1,000;MESURE
2025-07-19 22:00:00+02:00;5133,000;1,000;MESURE
2025-07-19 23:00:00+02:00;5074,000;1,000;MESURE
2025-07-20 00:00:00+02:00;5054,000;1,000;MESURE
2025-07-20 01:00:00+02:00;5027,000;1,000;MESURE
2025-07-20 02:00:00+02:00;4893,000;1,000;MESURE
2025-07-20 03:00:00+02:00;4886,000;1,000;MESURE
2025-07-20 04:00:00+02:00;4886,000;1,000;MESURE
2025-07-20 05:00:00+02:00;4214,000;1,000;MESURE
2025-07-20 06:00:00+02:00;74,000;1,000;MESURE
2025-07-20 07:00:00+02:00;81,000;1,000;MESURE
2025-07-20 08:00:00+02:00;73,000;1,000;MESURE
2025-07-20 09:00:00+02:00;85,000;1,000;MESURE
2025-07-20 10:00:00+02:00;73,000;1,000;MESURE
2025-07-20 11:00:00+02:00;71,000;1,000;MESURE
2025-07-20 12:00:00+02:00;77,000;1,000;MESURE
2025-07-20 13:00:00+02:00;92,000;1,000;MESURE
2025-07-20 14:00:00+02:00;71,000;1,000;MESURE
2025-07-20 15:00:00+02:00;69,000;1,000;MESURE
2025-07-20 16:00:00+02:00;67,000;1,000;MESURE
2025-07-20 17:00:00+02:00;68,000;1,000;MESURE
2025-07-20 18:00:00+02:00;89,000;1,000;MESURE
2025-07-20 19:00:00+02:00;89,000;1,000;MESURE
2025-07-20 20:00:00+02:00;83,000;1,000;MESURE
2025-07-20 21:00:00+02:00;2334,000;1,000;MESURE
2025-07-20 22:00:00+02:00;5125,000;1,000;MESURE
2025-07-20 23:00:00+02:00;5117,000;1,000;MESURE
2025-07-21 00:00:00+02:00;5060,000;1,000;MESURE
2025-07-21 01:00:00+02:00;4951,000;1,000;MESURE
2025-07-21 02:00:00+02:00;4929,000;1,000;MESURE
2025-07-21 03:00:00+02:00;4917,000;1,000;MESURE
2025-07-21 04:00:00+02:00;4912,000;1,000;MESURE
2025-07-21 05:00:00+02:00;4331,000;1,000;MESURE
2025-07-21 06:00:00+02:00;72,000;1,000;MESURE
2025-07-21 07:00:00+02:00;72,000;1,000;MESURE
2025-07-21 08:00:00+02:00;86,000;1,000;MESURE
2025-07-21 09:00:00+02:00;94,000;1,000;MESURE
2025-07-21 10:00:00+02:00;72,000;1,000;MESURE
2025-07-21 11:00:00+02:00;72,000;1,000;MESURE
2025-07-21 12:00:00+02:00;71,000;1,000;MESURE
2025-07-21 13:00:00+02:00;70,000;1,000;MESURE
2025-07-21 14:00:00+02:00;70,000;1,000;MESURE
2025-07-21 15:00:00+02:00;77,000;1,000;MESURE
2025-07-21 16:00:00+02:00;70,000;1,000;MESURE
2025-07-21 17:00:00+02:00;70,000;1,000;MESURE
2025-07-21 18:00:00+02:00;70,000;1,000;MESURE
2025-07-21 19:00:00+02:00;70,000;1,000;MESURE
2025-07-21 20:00:00+02:00;70,000;1,000;MESURE
2025-07-21 21:00:00+02:00;2423,000;1,000;MESURE
2025-07-21 22:00:00+02:00;5143,000;1,000;MESURE
2025-07-21 23:00:00+02:00;5087,000;1,000;MESURE
2025-07-22 00:00:00+02:00;5088,000;1,000;MESURE
2025-07-22 01:00:00+02:00;4932,000;1,000;MESURE
2025-07-22 02:00:00+02:00;4922,000;1,000;MESURE
2025-07-22 03:00:00+02:00;4915,000;1,000;MESURE
2025-07-22 04:00:00+02:00;4896,000;1,000;MESURE
2025-07-22 05:00:00+02:00;4399,000;1,000;MESURE
2025-07-22 06:00:00+02:00;73,000;1,000;MESURE
2025-07-22 07:00:00+02:00;73,000;1,000;MESURE
2025-07-22 08:00:00+02:00;80,000;1,000;MESURE
2025-07-22 09:00:00+02:00;73,000;1,000;MESURE
2025-07-22 10:00:00+02:00;73,000;1,000;MESURE
2025-07-22 11:00:00+02:00;72,000;1,000;MESURE
2025-07-22 12:00:00+02:00;72,000;1,000;MESURE
2025-07-22 13:00:00+02:00;70,000;1,000;MESURE
2025-07-22 14:00:00+02:00;70,000;1,000;MESURE
2025-07-22 15:00:00+02:00;69,000;1,000;MESURE
2025-07-22 16:00:00+02:00;69,000;1,000;MESURE
2025-07-22 17:00:00+02:00;68,000;1,000;MESURE
2025-07-22 18:00:00+02:00;67,000;1,000;MESURE
2025-07-22 19:00:00+02:00;67,000;1,000;MESURE
2025-07-22 20:00:00+02:00;67,000;1,000;MESURE
2025-07-22 21:00:00+02:00;2522,000;1,000;MESURE
2025-07-22 22:00:00+02:00;5089,000;1,000;MESURE
2025-07-22 23:00:00+02:00;5076,000;1,000;MESURE
2025-07-23 00:00:00+02:00;4995,000;1,000;MESURE
2025-07-23 01:00:00+02:00;4910,000;1,000;MESURE
2025-07-23 02:00:00+02:00;4898,000;1,000;MESURE
2025-07-23 03:00:00+02:00;4895,000;1,000;MESURE
2025-07-23 04:00:00+02:00;4904,000;1,000;MESURE
2025-07-23 05:00:00+02:00;4497,000;1,000;MESURE
2025-07-23 06:00:00+02:00;72,000;1,000;MESURE
2025-07-23 07:00:00+02:00;73,000;1,000;MESURE
2025-07-23 08:00:00+02:00;87,000;1,000;MESURE
2025-07-23 09:00:00+02:00;74,000;1,000;MESURE
2025-07-23 10:00:00+02:00;73,000;1,000;MESURE
2025-07-23 11:00:00+02:00;72,000;1,000;MESURE
2025-07-23 12:00:00+02:00;72,000;1,000;MESURE
2025-07-23 13:00:00+02:00;70,000;1,000;MESURE
2025-07-23 14:00:00+02:00;70,000;1,000;MESURE
2025-07-23 15:00:00+02:00;70,000;1,000;MESURE
2025-07-23 16:00:00+02:00;69,000;1,000;MESURE
2025-07-23 17:00:00+02:00;70,000;1,000;MESURE
2025-07-23 18:00:00+02:00;70,000;1,000;MESURE
2025-07-23 19:00:00+02:00;69,000;1,000;MESURE
2025-07-23 20:00:00+02:00;70,000;1,000;MESURE
2025-07-23 21:00:00+02:00;2630,000;1,000;MESURE
2025-07-23 22:00:00+02:00;5117,000;1,000;MESURE
2025-07-23 23:00:00+02:00;5100,000;1,000;MESURE
2025-07-24 00:00:00+02:00;5104,000;1,000;MESURE
2025-07-24 01:00:00+02:00;4998,000;1,000;MESURE
2025-07-24 02:00:00+02:00;4915,000;1,000;MESURE
2025-07-24 03:00:00+02:00;4921,000;1,000;MESURE
2025-07-24 04:00:00+02:00;4906,000;1,000;MESURE
2025-07-24 05:00:00+02:00;4606,000;1,000;MESURE
2025-07-24 06:00:00+02:00;73,000;1,000;MESURE
2025-07-24 07:00:00+02:00;73,000;1,000;MESURE
2025-07-24 08:00:00+02:00;73,000;1,000;MESURE
2025-07-24 09:00:00+02:00;73,000;1,000;MESURE
2025-07-24 10:00:00+02:00;73,000;1,000;MESURE
2025-07-24 11:00:00+02:00;71,000;1,000;MESURE
2025-07-24 12:00:00+02:00;72,000;1,000;MESURE
2025-07-24 13:00:00+02:00;70,000;1,000;MESURE
2025-07-24 14:00:00+02:00;70,000;1,000;MESURE
2025-07-24 15:00:00+02:00;70,000;1,000;MESURE
2025-07-24 16:00:00+02:00;69,000;1,000;MESURE
2025-07-24 17:00:00+02:00;69,000;1,000;MESURE
2025-07-24 18:00:00+02:00;69,000;1,000;MESURE
2025-07-24 19:00:00+02:00;68,000;1,000;MESURE
2025-07-24 20:00:00+02:00;69,000;1,000;MESURE
2025-07-24 21:00:00+02:00;2706,000;1,000;MESURE
2025-07-24 22:00:00+02:00;5125,000;1,000;MESURE
2025-07-24 23:00:00+02:00;5102,000;1,000;MESURE
2025-07-25 00:00:00+02:00;4986,000;1,000;MESURE
2025-07-25 01:00:00+02:00;4894,000;1,000;MESURE
2025-07-25 02:00:00+02:00;4877,000;1,000;MESURE
2025-07-25 03:00:00+02:00;4888,000;1,000;MESURE
2025-07-25 04:00:00+02:00;4895,000;1,000;MESURE
2025-07-25 05:00:00+02:00;4675,000;1,000;MESURE
2025-07-25 06:00:00+02:00;73,000;1,000;MESURE
2025-07-25 07:00:00+02:00;74,000;1,000;MESURE
2025-07-25 08:00:00+02:00;73,000;1,000;MESURE
2025-07-25 09:00:00+02:00;90,000;1,000;MESURE
2025-07-25 10:00:00+02:00;97,000;1,000;MESURE
2025-07-25 11:00:00+02:00;83,000;1,000;MESURE
2025-07-25 12:00:00+02:00;71,000;1,000;MESURE
2025-07-25 13:00:00+02:00;103,000;1,000;MESURE
2025-07-25 14:00:00+02:00;87,000;1,000;MESURE
2025-07-25 15:00:00+02:00;84,000;1,000;MESURE
2025-07-25 16:00:00+02:00;71,000;1,000;MESURE
2025-07-25 17:00:00+02:00;78,000;1,000;MESURE
2025-07-25 18:00:00+02:00;71,000;1,000;MESURE
2025-07-25 19:00:00+02:00;77,000;1,000;MESURE
2025-07-25 20:00:00+02:00;85,000;1,000;MESURE
2025-07-25 21:00:00+02:00;2790,000;1,000;MESURE
2025-07-25 22:00:00+02:00;5114,000;1,000;MESURE
2025-07-25 23:00:00+02:00;5112,000;1,000;MESURE
2025-07-26 00:00:00+02:00;5089,000;1,000;MESURE
2025-07-26 01:00:00+02:00;5006,000;1,000;MESURE
2025-07-26 02:00:00+02:00;4902,000;1,000;MESURE
2025-07-26 03:00:00+02:00;4907,000;1,000;MESURE
2025-07-26 04:00:00+02:00;4910,000;1,000;MESURE
2025-07-26 05:00:00+02:00;4871,000;1,000;MESURE
2025-07-26 06:00:00+02:00;73,000;1,000;MESURE
2025-07-26 07:00:00+02:00;90,000;1,000;MESURE
2025-07-26 08:00:00+02:00;79,000;1,000;MESURE
2025-07-26 09:00:00+02:00;81,000;1,000;MESURE
2025-07-26 10:00:00+02:00;91,000;1,000;MESURE
2025-07-26 11:00:00+02:00;86,000;1,000;MESURE
2025-07-26 12:00:00+02:00;90,000;1,000;MESURE
2025-07-26 13:00:00+02:00;95,000;1,000;MESURE
2025-07-26 14:00:00+02:00;79,000;1,000;MESURE
2025-07-26 15:00:00+02:00;73,000;1,000;MESURE
2025-07-26 16:00:00+02:00;90,000;1,000;MESURE
2025-07-26 17:00:00+02:00;88,000;1,000;MESURE
2025-07-26 18:00:00+02:00;73,000;1,000;MESURE
2025-07-26 19:00:00+02:00;96,000;1,000;MESURE
2025-07-26 20:00:00+02:00;94,000;1,000;MESURE
2025-07-26 21:00:00+02:00;3024,000;1,000;MESURE
2025-07-26 22:00:00+02:00;5108,000;1,000;MESURE
2025-07-26 23:00:00+02:00;5082,000;1,000;MESURE
2025-07-27 00:00:00+02:00;5005,000;1,000;MESURE
2025-07-27 01:00:00+02:00;4921,000;1,000;MESURE
2025-07-27 02:00:00+02:00;4922,000;1,000;MESURE
2025-07-27 03:00:00+02:00;4913,000;1,000;MESURE
2025-07-27 04:00:00+02:00;4910,000;1,000;MESURE
2025-07-27 05:00:00+02:00;4961,000;1,000;MESURE
2025-07-27 06:00:00+02:00;73,000;1,000;MESURE
2025-07-27 07:00:00+02:00;74,000;1,000;MESURE
2025-07-27 08:00:00+02:00;73,000;1,000;MESURE
2025-07-27 09:00:00+02:00;73,000;1,000;MESURE
2025-07-27 10:00:00+02:00;73,000;1,000;MESURE
2025-07-27 11:00:00+02:00;87,000;1,000;MESURE
2025-07-27 12:00:00+02:00;74,000;1,000;MESURE
2025-07-27 13:00:00+02:00;88,000;1,000;MESURE
2025-07-27 14:00:00+02:00;87,000;1,000;MESURE
2025-07-27 15:00:00+02:00;79,000;1,000;MESURE
2025-07-27 16:00:00+02:00;78,000;1,000;MESURE
2025-07-27 17:00:00+02:00;79,000;1,000;MESURE
2025-07-27 18:00:00+02:00;70,000;1,000;MESURE
2025-07-27 19:00:00+02:00;89,000;1,000;MESURE
2025-07-27 20:00:00+02:00;70,000;1,000;MESURE
2025-07-27 21:00:00+02:00;3118,000;1,000;MESURE
2025-07-27 22:00:00+02:00;5154,000;1,000;MESURE
2025-07-27 23:00:00+02:00;5116,000;1,000;MESURE
2025-07-28 00:00:00+02:00;5106,000;1,000;MESURE
2025-07-28 01:00:00+02:00;5088,000;1,000;MESURE
2025-07-28 02:00:00+02:00;4931,000;1,000;MESURE
2025-07-28 03:00:00+02:00;4920,000;1,000;MESURE
2025-07-28 04:00:00+02:00;4903,000;1,000;MESURE
2025-07-28 05:00:00+02:00;5050,000;1,000;MESURE
2025-07-28 06:00:00+02:00;73,000;1,000;MESURE
2025-07-28 07:00:00+02:00;85,000;1,000;MESURE
2025-07-28 08:00:00+02:00;75,000;1,000;MESURE
2025-07-28 09:00:00+02:00;97,000;1,000;MESURE
2025-07-28 10:00:00+02:00;74,000;1,000;MESURE
2025-07-28 11:00:00+02:00;74,000;1,000;MESURE
2025-07-28 12:00:00+02:00;74,000;1,000;MESURE
2025-07-28 13:00:00+02:00;84,000;1,000;MESURE
2025-07-28 14:00:00+02:00;73,000;1,000;MESURE
2025-07-28 15:00:00+02:00;89,000;1,000;MESURE
2025-07-28 16:00:00+02:00;73,000;1,000;MESURE
2025-07-28 17:00:00+02:00;89,000;1,000;MESURE
2025-07-28 18:00:00+02:00;87,000;1,000;MESURE
2025-07-28 19:00:00+02:00;93,000;1,000;MESURE
2025-07-28 20:00:00+02:00;80,000;1,000;MESURE
2025-07-28 21:00:00+02:00;3208,000;1,000;MESURE
2025-07-28 22:00:00+02:00;5106,000;1,000;MESURE
2025-07-28 23:00:00+02:00;5073,000;1,000;MESURE
2025-07-29 00:00:00+02:00;5065,000;1,000;MESURE
2025-07-29 01:00:00+02:00;4904,000;1,000;MESURE
2025-07-29 02:00:00+02:00;4892,000;1,000;MESURE
2025-07-29 03:00:00+02:00;4886,000;1,000;MESURE
2025-07-29 04:00:00+02:00;4896,000;1,000;MESURE
2025-07-29 05:00:00+02:00;5138,000;1,000;MESURE
2025-07-29 06:00:00+02:00;75,000;1,000;MESURE
2025-07-29 07:00:00+02:00;83,000;1,000;MESURE
2025-07-29 08:00:00+02:00;89,000;1,000;MESURE
2025-07-29 09:00:00+02:00;80,000;1,000;MESURE
2025-07-29 10:00:00+02:00;85,000;1,000;MESURE
2025-07-29 11:00:00+02:00;88,000;1,000;MESURE
2025-07-29 12:00:00+02:00;80,000;1,000;MESURE
2025-07-29 13:00:00+02:00;100,000;1,000;MESURE
2025-07-29 14:00:00+02:00;79,000;1,000;MESURE
2025-07-29 15:00:00+02:00;688,000;1,000;MESURE
2025-07-29 16:00:00+02:00;83,000;1,000;MESURE
2025-07-29 17:00:00+02:00;90,000;1,000;MESURE
2025-07-29 18:00:00+02:00;101,000;1,000;MESURE
2025-07-29 19:00:00+02:00;73,000;1,000;MESURE
2025-07-29 20:00:00+02:00;85,000;1,000;MESURE
2025-07-29 21:00:00+02:00;3289,000;1,000;MESURE
2025-07-29 22:00:00+02:00;5082,000;1,000;MESURE
2025-07-29 23:00:00+02:00;5058,000;1,000;MESURE
2025-07-30 00:00:00+02:00;5059,000;1,000;MESURE
2025-07-30 01:00:00+02:00;5054,000;1,000;MESURE
2025-07-30 02:00:00+02:00;5040,000;1,000;MESURE
2025-07-30 03:00:00+02:00;4915,000;1,000;MESURE
2025-07-30 04:00:00+02:00;4826,000;1,000;MESURE
2025-07-30 05:00:00+02:00;5317,000;1,000;MESURE
2025-07-30 06:00:00+02:00;84,000;1,000;MESURE
2025-07-30 07:00:00+02:00;77,000;1,000;MESURE
2025-07-30 08:00:00+02:00;88,000;1,000;MESURE
2025-07-30 09:00:00+02:00;81,000;1,000;MESURE
2025-07-30 10:00:00+02:00;88,000;1,000;MESURE
2025-07-30 11:00:00+02:00;74,000;1,000;MESURE
2025-07-30 12:00:00+02:00;87,000;1,000;MESURE
2025-07-30 13:00:00+02:00;103,000;1,000;MESURE
2025-07-30 14:00:00+02:00;86,000;1,000;MESURE
2025-07-30 15:00:00+02:00;92,000;1,000;MESURE
2025-07-30 16:00:00+02:00;85,000;1,000;MESURE
2025-07-30 17:00:00+02:00;100,000;1,000;MESURE
2025-07-30 18:00:00+02:00;99,000;1,000;MESURE
2025-07-30 19:00:00+02:00;80,000;1,000;MESURE
2025-07-30 20:00:00+02:00;78,000;1,000;MESURE
2025-07-30 21:00:00+02:00;3370,000;1,000;MESURE
2025-07-30 22:00:00+02:00;5047,000;1,000;MESURE
2025-07-30 23:00:00+02:00;5043,000;1,000;MESURE
2025-07-31 00:00:00+02:00;5051,000;1,000;MESURE
2025-07-31 01:00:00+02:00;4923,000;1,000;MESURE
2025-07-31 02:00:00+02:00;4856,000;1,000;MESURE
2025-07-31 03:00:00+02:00;4866,000;1,000;MESURE
2025-07-31 04:00:00+02:00;4867,000;1,000;MESURE
2025-07-31 05:00:00+02:00;5372,000;1,000;MESURE
2025-07-31 06:00:00+02:00;72,000;1,000;MESURE
2025-07-31 07:00:00+02:00;93,000;1,000;MESURE
2025-07-31 08:00:00+02:00;82,000;1,000;MESURE
2025-07-31 09:00:00+02:00;79,000;1,000;MESURE
2025-07-31 10:00:00+02:00;88,000;1,000;MESURE
2025-07-31 11:00:00+02:00;82,000;1,000;MESURE
2025-07-31 12:00:00+02:00;86,000;1,000;MESURE
2025-07-31 13:00:00+02:00;95,000;1,000;MESURE
2025-07-31 14:00:00+02:00;73,000;1,000;MESURE
2025-07-31 15:00:00+02:00;78,000;1,000;MESURE
2025-07-31 16:00:00+02:00;86,000;1,000;MESURE
2025-07-31 17:00:00+02:00;77,000;1,000;MESURE
2025-07-31 18:00:00+02:00;86,000;1,000;MESURE
2025-07-31 19:00:00+02:00;70,000;1,000;MESURE
2025-07-31 20:00:00+02:00;94,000;1,000;MESURE
2025-07-31 21:00:00+02:00;3397,000;1,000;MESURE
2025-07-31 22:00:00+02:00;4681,000;1,000;MESURE
2025-07-31 23:00:00+02:00;4772,000;1,000;MESURE
2025-08-01 00:00:00+02:00;4758,000;1,000;MESURE
2025-08-01 01:00:00+02:00;4650,000;1,000;MESURE
2025-08-01 02:00:00+02:00;4585,000;1,000;MESURE
2025-08-01 03:00:00+02:00;4500,000;1,000;MESURE
2025-08-01 04:00:00+02:00;4454,000;1,000;MESURE
2025-08-01 05:00:00+02:00;5062,000;1,000;MESURE
2025-08-01 06:00:00+02:00;72,000;1,000;MESURE
2025-08-01 07:00:00+02:00;72,000;1,000;MESURE
2025-08-01 08:00:00+02:00;84,000;1,000;MESURE
2025-08-01 09:00:00+02:00;75,000;1,000;MESURE
2025-08-01 10:00:00+02:00;80,000;1,000;MESURE
2025-08-01 11:00:00+02:00;74,000;1,000;MESURE
2025-08-01 12:00:00+02:00;80,000;1,000;MESURE
2025-08-01 13:00:00+02:00;72,000;1,000;MESURE
2025-08-01 14:00:00+02:00;81,000;1,000;MESURE
2025-08-01 15:00:00+02:00;73,000;1,000;MESURE
2025-08-01 16:00:00+02:00;102,000;1,000;MESURE
2025-08-01 17:00:00+02:00;79,000;1,000;MESURE
2025-08-01 18:00:00+02:00;78,000;1,000;MESURE
2025-08-01 19:00:00+02:00;79,000;1,000;MESURE
2025-08-01 20:00:00+02:00;70,000;1,000;MESURE
2025-08-01 21:00:00+02:00;3658,000;1,000;MESURE
2025-08-01 22:00:00+02:00;5004,000;1,000;MESURE
2025-08-01 23:00:00+02:00;4987,000;1,000;MESURE
2025-08-02 00:00:00+02:00;4867,000;1,000;MESURE
2025-08-02 01:00:00+02:00;4860,000;1,000;MESURE
2025-08-02 02:00:00+02:00;4873,000;1,000;MESURE
2025-08-02 03:00:00+02:00;4880,000;1,000;MESURE
2025-08-02 04:00:00+02:00;4888,000;1,000;MESURE
2025-08-02 05:00:00+02:00;5552,000;1,000;MESURE
2025-08-02 06:00:00+02:00;81,000;1,000;MESURE
2025-08-02 07:00:00+02:00;72,000;1,000;MESURE
2025-08-02 08:00:00+02:00;73,000;1,000;MESURE
2025-08-02 09:00:00+02:00;91,000;1,000;MESURE
2025-08-02 10:00:00+02:00;111,000;1,000;MESURE
2025-08-02 11:00:00+02:00;82,000;1,000;MESURE
2025-08-02 12:00:00+02:00;95,000;1,000;MESURE
2025-08-02 13:00:00+02:00;87,000;1,000;MESURE
2025-08-02 14:00:00+02:00;79,000;1,000;MESURE
2025-08-02 15:00:00+02:00;72,000;1,000;MESURE
2025-08-02 16:00:00+02:00;77,000;1,000;MESURE
2025-08-02 17:00:00+02:00;87,000;1,000;MESURE
2025-08-02 18:00:00+02:00;71,000;1,000;MESURE
2025-08-02 19:00:00+02:00;81,000;1,000;MESURE
2025-08-02 20:00:00+02:00;80,000;1,000;MESURE
2025-08-02 21:00:00+02:00;3911,000;1,000;MESURE
2025-08-02 22:00:00+02:00;5088,000;1,000;MESURE
2025-08-02 23:00:00+02:00;5070,000;1,000;MESURE
2025-08-03 00:00:00+02:00;5070,000;1,000;MESURE
2025-08-03 01:00:00+02:00;5050,000;1,000;MESURE
2025-08-03 02:00:00+02:00;4939,000;1,000;MESURE
2025-08-03 03:00:00+02:00;4891,000;1,000;MESURE
2025-08-03 04:00:00+02:00;4893,000;1,000;MESURE
2025-08-03 05:00:00+02:00;5568,000;1,000;MESURE
2025-08-03 06:00:00+02:00;275,000;1,000;MESURE
2025-08-03 07:00:00+02:00;75,000;1,000;MESURE
2025-08-03 08:00:00+02:00;83,000;1,000;MESURE
2025-08-03 09:00:00+02:00;84,000;1,000;MESURE
2025-08-03 10:00:00+02:00;82,000;1,000;MESURE
2025-08-03 11:00:00+02:00;74,000;1,000;MESURE
2025-08-03 12:00:00+02:00;82,000;1,000;MESURE
2025-08-03 13:00:00+02:00;80,000;1,000;MESURE
2025-08-03 14:00:00+02:00;79,000;1,000;MESURE
2025-08-03 15:00:00+02:00;97,000;1,000;MESURE
2025-08-03 16:00:00+02:00;82,000;1,000;MESURE
2025-08-03 17:00:00+02:00;79,000;1,000;MESURE
2025-08-03 18:00:00+02:00;73,000;1,000;MESURE
2025-08-03 19:00:00+02:00;88,000;1,000;MESURE
2025-08-03 20:00:00+02:00;95,000;1,000;MESURE
2025-08-03 21:00:00+02:00;3951,000;1,000;MESURE
2025-08-03 22:00:00+02:00;5034,000;1,000;MESURE
2025-08-03 23:00:00+02:00;5031,000;1,000;MESURE
2025-08-04 00:00:00+02:00;5026,000;1,000;MESURE
2025-08-04 01:00:00+02:00;4877,000;1,000;MESURE
2025-08-04 02:00:00+02:00;4874,000;1,000;MESURE
2025-08-04 03:00:00+02:00;4863,000;1,000;MESURE
2025-08-04 04:00:00+02:00;4860,000;1,000;MESURE
2025-08-04 05:00:00+02:00;5551,000;1,000;MESURE
2025-08-04 06:00:00+02:00;362,000;1,000;MESURE
2025-08-04 07:00:00+02:00;83,000;1,000;MESURE
2025-08-04 08:00:00+02:00;75,000;1,000;MESURE
2025-08-04 09:00:00+02:00;75,000;1,000;MESURE
2025-08-04 10:00:00+02:00;88,000;1,000;MESURE
2025-08-04 11:00:00+02:00;111,000;1,000;MESURE
2025-08-04 12:00:00+02:00;82,000;1,000;MESURE
2025-08-04 13:00:00+02:00;80,000;1,000;MESURE
2025-08-04 14:00:00+02:00;79,000;1,000;MESURE
2025-08-04 15:00:00+02:00;88,000;1,000;MESURE
2025-08-04 16:00:00+02:00;79,000;1,000;MESURE
2025-08-04 17:00:00+02:00;102,000;1,000;MESURE
2025-08-04 18:00:00+02:00;93,000;1,000;MESURE
2025-08-04 19:00:00+02:00;71,000;1,000;MESURE
2025-08-04 20:00:00+02:00;86,000;1,000;MESURE
2025-08-04 21:00:00+02:00;4127,000;1,000;MESURE
2025-08-04 22:00:00+02:00;5083,000;1,000;MESURE
2025-08-04 23:00:00+02:00;5064,000;1,000;MESURE
2025-08-05 00:00:00+02:00;5056,000;1,000;MESURE
2025-08-05 01:00:00+02:00;5013,000;1,000;MESURE
2025-08-05 02:00:00+02:00;4880,000;1,000;MESURE
2025-08-05 03:00:00+02:00;4876,000;1,000;MESURE
2025-08-05 04:00:00+02:00;4881,000;1,000;MESURE
2025-08-05 05:00:00+02:00;5556,000;1,000;MESURE
2025-08-05 06:00:00+02:00;456,000;1,000;MESURE
2025-08-05 07:00:00+02:00;72,000;1,000;MESURE
2025-08-05 08:00:00+02:00;73,000;1,000;MESURE
2025-08-05 09:00:00+02:00;81,000;1,000;MESURE
2025-08-05 10:00:00+02:00;74,000;1,000;MESURE
2025-08-05 11:00:00+02:00;80,000;1,000;MESURE
2025-08-05 12:00:00+02:00;80,000;1,000;MESURE
2025-08-05 13:00:00+02:00;71,000;1,000;MESURE
2025-08-05 14:00:00+02:00;87,000;1,000;MESURE
2025-08-05 15:00:00+02:00;98,000;1,000;MESURE
2025-08-05 16:00:00+02:00;74,000;1,000;MESURE
2025-08-05 17:00:00+02:00;69,000;1,000;MESURE
2025-08-05 18:00:00+02:00;89,000;1,000;MESURE
2025-08-05 19:00:00+02:00;74,000;1,000;MESURE
2025-08-05 20:00:00+02:00;102,000;1,000;MESURE
2025-08-05 21:00:00+02:00;4160,000;1,000;MESURE
2025-08-05 22:00:00+02:00;5049,000;1,000;MESURE
2025-08-05 23:00:00+02:00;5059,000;1,000;MESURE
2025-08-06 00:00:00+02:00;5019,000;1,000;MESURE
2025-08-06 01:00:00+02:00;4895,000;1,000;MESURE
2025-08-06 02:00:00+02:00;4886,000;1,000;MESURE
2025-08-06 03:00:00+02:00;4893,000;1,000;MESURE
2025-08-06 04:00:00+02:00;4898,000;1,000;MESURE
2025-08-06 05:00:00+02:00;5569,000;1,000;MESURE
2025-08-06 06:00:00+02:00;626,000;1,000;MESURE
2025-08-06 07:00:00+02:00;82,000;1,000;MESURE
2025-08-06 08:00:00+02:00;73,000;1,000;MESURE
2025-08-06 09:00:00+02:00;73,000;1,000;MESURE
2025-08-06 10:00:00+02:00;81,000;1,000;MESURE
2025-08-06 11:00:00+02:00;82,000;1,000;MESURE
2025-08-06 12:00:00+02:00;84,000;1,000;MESURE
2025-08-06 13:00:00+02:00;79,000;1,000;MESURE
2025-08-06 14:00:00+02:00;85,000;1,000;MESURE
2025-08-06 15:00:00+02:00;71,000;1,000;MESURE
2025-08-06 16:00:00+02:00;86,000;1,000;MESURE
2025-08-06 17:00:00+02:00;70,000;1,000;MESURE
2025-08-06 18:00:00+02:00;92,000;1,000;MESURE
2025-08-06 19:00:00+02:00;70,000;1,000;MESURE
2025-08-06 20:00:00+02:00;114,000;1,000;MESURE
2025-08-06 21:00:00+02:00;4369,000;1,000;MESURE
2025-08-06 22:00:00+02:00;5071,000;1,000;MESURE
2025-08-06 23:00:00+02:00;5019,000;1,000;MESURE
2025-08-07 00:00:00+02:00;4903,000;1,000;MESURE
2025-08-07 01:00:00+02:00;4885,000;1,000;MESURE
2025-08-07 02:00:00+02:00;4869,000;1,000;MESURE
2025-08-07 03:00:00+02:00;4854,000;1,000;MESURE
2025-08-07 04:00:00+02:00;4859,000;1,000;MESURE
2025-08-07 05:00:00+02:00;5534,000;1,000;MESURE
2025-08-07 06:00:00+02:00;715,000;1,000;MESURE
2025-08-07 07:00:00+02:00;79,000;1,000;MESURE
2025-08-07 08:00:00+02:00;75,000;1,000;MESURE
2025-08-07 09:00:00+02:00;82,000;1,000;MESURE
2025-08-07 10:00:00+02:00;73,000;1,000;MESURE
2025-08-07 11:00:00+02:00;73,000;1,000;MESURE
2025-08-07 12:00:00+02:00;72,000;1,000;MESURE
2025-08-07 13:00:00+02:00;71,000;1,000;MESURE
2025-08-07 14:00:00+02:00;70,000;1,000;MESURE
2025-08-07 15:00:00+02:00;69,000;1,000;MESURE
2025-08-07 16:00:00+02:00;67,000;1,000;MESURE
2025-08-07 17:00:00+02:00;67,000;1,000;MESURE
2025-08-07 18:00:00+02:00;66,000;1,000;MESURE
2025-08-07 19:00:00+02:00;66,000;1,000;MESURE
2025-08-07 20:00:00+02:00;122,000;1,000;MESURE
2025-08-07 21:00:00+02:00;4411,000;1,000;MESURE
2025-08-07 22:00:00+02:00;5183,000;1,000;MESURE
2025-08-07 23:00:00+02:00;5048,000;1,000;MESURE
2025-08-08 00:00:00+02:00;4866,000;1,000;MESURE
2025-08-08 01:00:00+02:00;4850,000;1,000;MESURE
2025-08-08 02:00:00+02:00;4845,000;1,000;MESURE
2025-08-08 03:00:00+02:00;4843,000;1,000;MESURE
2025-08-08 04:00:00+02:00;4834,000;1,000;MESURE
2025-08-08 05:00:00+02:00;5499,000;1,000;MESURE
2025-08-08 06:00:00+02:00;799,000;1,000;MESURE
2025-08-08 07:00:00+02:00;71,000;1,000;MESURE
2025-08-08 08:00:00+02:00;72,000;1,000;MESURE
2025-08-08 09:00:00+02:00;82,000;1,000;MESURE
2025-08-08 10:00:00+02:00;82,000;1,000;MESURE
2025-08-08 11:00:00+02:00;71,000;1,000;MESURE
2025-08-08 12:00:00+02:00;70,000;1,000;MESURE
2025-08-08 13:00:00+02:00;69,000;1,000;MESURE
2025-08-08 14:00:00+02:00;67,000;1,000;MESURE
2025-08-08 15:00:00+02:00;67,000;1,000;MESURE
2025-08-08 16:00:00+02:00;73,000;1,000;MESURE
2025-08-08 17:00:00+02:00;74,000;1,000;MESURE
2025-08-08 18:00:00+02:00;66,000;1,000;MESURE
2025-08-08 19:00:00+02:00;72,000;1,000;MESURE
2025-08-08 20:00:00+02:00;151,000;1,000;MESURE
2025-08-08 21:00:00+02:00;4614,000;1,000;MESURE
2025-08-08 22:00:00+02:00;5071,000;1,000;MESURE
2025-08-08 23:00:00+02:00;5836,000;1,000;MESURE
2025-08-09 00:00:00+02:00;5772,000;1,000;MESURE
2025-08-09 01:00:00+02:00;4842,000;1,000;MESURE
2025-08-09 02:00:00+02:00;4825,000;1,000;MESURE
2025-08-09 03:00:00+02:00;4956,000;1,000;MESURE
2025-08-09 04:00:00+02:00;4834,000;1,000;MESURE
2025-08-09 05:00:00+02:00;5507,000;1,000;MESURE
2025-08-09 06:00:00+02:00;1173,000;1,000;MESURE
2025-08-09 07:00:00+02:00;70,000;1,000;MESURE
2025-08-09 08:00:00+02:00;209,000;1,000;MESURE
2025-08-09 09:00:00+02:00;99,000;1,000;MESURE
2025-08-09 10:00:00+02:00;233,000;1,000;MESURE
2025-08-09 11:00:00+02:00;91,000;1,000;MESURE
2025-08-09 12:00:00+02:00;210,000;1,000;MESURE
2025-08-09 13:00:00+02:00;86,000;1,000;MESURE
2025-08-09 14:00:00+02:00;229,000;1,000;MESURE
2025-08-09 15:00:00+02:00;99,000;1,000;MESURE
2025-08-09 16:00:00+02:00;66,000;1,000;MESURE
2025-08-09 17:00:00+02:00;72,000;1,000;MESURE
2025-08-09 18:00:00+02:00;205,000;1,000;MESURE
2025-08-09 19:00:00+02:00;64,000;1,000;MESURE
2025-08-09 20:00:00+02:00;162,000;1,000;MESURE
2025-08-09 21:00:00+02:00;4634,000;1,000;MESURE
2025-08-09 22:00:00+02:00;5115,000;1,000;MESURE
2025-08-09 23:00:00+02:00;5694,000;1,000;MESURE
2025-08-10 00:00:00+02:00;5181,000;1,000;MESURE
2025-08-10 01:00:00+02:00;5158,000;1,000;MESURE
2025-08-10 02:00:00+02:00;4979,000;1,000;MESURE
2025-08-10 03:00:00+02:00;4978,000;1,000;MESURE
2025-08-10 04:00:00+02:00;5111,000;1,000;MESURE
2025-08-10 05:00:00+02:00;5625,000;1,000;MESURE
2025-08-10 06:00:00+02:00;1089,000;1,000;MESURE
2025-08-10 07:00:00+02:00;190,000;1,000;MESURE
2025-08-10 08:00:00+02:00;197,000;1,000;MESURE
2025-08-10 09:00:00+02:00;215,000;1,000;MESURE
2025-08-10 10:00:00+02:00;433,000;1,000;MESURE
2025-08-10 11:00:00+02:00;242,000;1,000;MESURE
2025-08-10 12:00:00+02:00;149,000;1,000;MESURE
2025-08-10 13:00:00+02:00;250,000;1,000;MESURE
2025-08-10 14:00:00+02:00;162,000;1,000;MESURE
2025-08-10 15:00:00+02:00;132,000;1,000;MESURE
2025-08-10 16:00:00+02:00;122,000;1,000;MESURE
2025-08-10 17:00:00+02:00;261,000;1,000;MESURE
2025-08-10 18:00:00+02:00;130,000;1,000;MESURE
2025-08-10 19:00:00+02:00;121,000;1,000;MESURE
2025-08-10 20:00:00+02:00;253,000;1,000;MESURE
2025-08-10 21:00:00+02:00;4850,000;1,000;MESURE
2025-08-10 22:00:00+02:00;5057,000;1,000;MESURE
2025-08-10 23:00:00+02:00;5539,000;1,000;MESURE
2025-08-11 00:00:00+02:00;5133,000;1,000;MESURE
2025-08-11 01:00:00+02:00;5049,000;1,000;MESURE
2025-08-11 02:00:00+02:00;4986,000;1,000;MESURE
2025-08-11 03:00:00+02:00;4927,000;1,000;MESURE
2025-08-11 04:00:00+02:00;4987,000;1,000;MESURE
2025-08-11 05:00:00+02:00;5652,000;1,000;MESURE
2025-08-11 06:00:00+02:00;1200,000;1,000;MESURE
2025-08-11 07:00:00+02:00;228,000;1,000;MESURE
2025-08-11 08:00:00+02:00;77,000;1,000;MESURE
2025-08-11 09:00:00+02:00;69,000;1,000;MESURE
2025-08-11 10:00:00+02:00;70,000;1,000;MESURE
2025-08-11 11:00:00+02:00;87,000;1,000;MESURE
2025-08-11 12:00:00+02:00;98,000;1,000;MESURE
2025-08-11 13:00:00+02:00;68,000;1,000;MESURE
2025-08-11 14:00:00+02:00;89,000;1,000;MESURE
2025-08-11 15:00:00+02:00;67,000;1,000;MESURE
2025-08-11 16:00:00+02:00;82,000;1,000;MESURE
2025-08-11 17:00:00+02:00;81,000;1,000;MESURE
2025-08-11 18:00:00+02:00;87,000;1,000;MESURE
2025-08-11 19:00:00+02:00;82,000;1,000;MESURE
2025-08-11 20:00:00+02:00;225,000;1,000;MESURE
2025-08-11 21:00:00+02:00;5001,000;1,000;MESURE
2025-08-11 22:00:00+02:00;5103,000;1,000;MESURE
2025-08-11 23:00:00+02:00;5036,000;1,000;MESURE
2025-08-12 00:00:00+02:00;4909,000;1,000;MESURE
2025-08-12 01:00:00+02:00;4858,000;1,000;MESURE
2025-08-12 02:00:00+02:00;4846,000;1,000;MESURE
2025-08-12 03:00:00+02:00;4849,000;1,000;MESURE
2025-08-12 04:00:00+02:00;4851,000;1,000;MESURE
2025-08-12 05:00:00+02:00;4539,000;1,000;MESURE
2025-08-12 06:00:00+02:00;70,000;1,000;MESURE
2025-08-12 07:00:00+02:00;70,000;1,000;MESURE
2025-08-12 08:00:00+02:00;76,000;1,000;MESURE
2025-08-12 09:00:00+02:00;70,000;1,000;MESURE
2025-08-12 10:00:00+02:00;84,000;1,000;MESURE
2025-08-12 11:00:00+02:00;90,000;1,000;MESURE
2025-08-12 12:00:00+02:00;74,000;1,000;MESURE
2025-08-12 13:00:00+02:00;66,000;1,000;MESURE
2025-08-12 14:00:00+02:00;64,000;1,000;MESURE
2025-08-12 15:00:00+02:00;81,000;1,000;MESURE
2025-08-12 16:00:00+02:00;71,000;1,000;MESURE
2025-08-12 17:00:00+02:00;65,000;1,000;MESURE
2025-08-12 18:00:00+02:00;102,000;1,000;MESURE
2025-08-12 19:00:00+02:00;4189,000;1,000;MESURE
2025-08-12 20:00:00+02:00;5105,000;1,000;MESURE
2025-08-12 21:00:00+02:00;4963,000;1,000;MESURE
2025-08-12 22:00:00+02:00;4931,000;0,167;INTERP_COURTE
2025-08-12 23:00:00+02:00;4899,000;0,000;INTERP_COURTE
2025-08-13 00:00:00+02:00;4867,000;1,000;MESURE
2025-08-13 01:00:00+02:00;4855,000;1,000;MESURE
2025-08-13 02:00:00+02:00;4849,000;1,000;MESURE
2025-08-13 03:00:00+02:00;4848,000;1,000;MESURE
2025-08-13 04:00:00+02:00;4849,000;1,000;MESURE
2025-08-13 05:00:00+02:00;5513,000;1,000;MESURE
2025-08-13 06:00:00+02:00;1436,000;1,000;MESURE
2025-08-13 07:00:00+02:00;70,000;1,000;MESURE
2025-08-13 08:00:00+02:00;78,000;1,000;MESURE
2025-08-13 09:00:00+02:00;86,000;1,000;MESURE
2025-08-13 10:00:00+02:00;78,000;1,000;MESURE
2025-08-13 11:00:00+02:00;93,000;1,000;MESURE
2025-08-13 12:00:00+02:00;84,000;1,000;MESURE
2025-08-13 13:00:00+02:00;74,000;1,000;MESURE
2025-08-13 14:00:00+02:00;66,000;1,000;MESURE
2025-08-13 15:00:00+02:00;75,000;1,000;MESURE
2025-08-13 16:00:00+02:00;64,000;1,000;MESURE
2025-08-13 17:00:00+02:00;71,000;1,000;MESURE
2025-08-13 18:00:00+02:00;65,000;1,000;MESURE
2025-08-13 19:00:00+02:00;63,000;1,000;MESURE
2025-08-13 20:00:00+02:00;279,000;1,000;MESURE
2025-08-13 21:00:00+02:00;5116,000;1,000;MESURE
2025-08-13 22:00:00+02:00;4999,000;1,000;MESURE
2025-08-13 23:00:00+02:00;5920,000;1,000;MESURE
2025-08-14 00:00:00+02:00;4957,000;1,000;MESURE
2025-08-14 01:00:00+02:00;4793,000;1,000;MESURE
2025-08-14 02:00:00+02:00;5023,000;1,000;MESURE
2025-08-14 03:00:00+02:00;4895,000;1,000;MESURE
2025-08-14 04:00:00+02:00;4899,000;1,000;MESURE
2025-08-14 05:00:00+02:00;5564,000;1,000;MESURE
2025-08-14 06:00:00+02:00;1702,000;1,000;MESURE
2025-08-14 07:00:00+02:00;126,000;1,000;MESURE
2025-08-14 08:00:00+02:00;80,000;1,000;MESURE
2025-08-14 09:00:00+02:00;78,000;1,000;MESURE
2025-08-14 10:00:00+02:00;85,000;1,000;MESURE
2025-08-14 11:00:00+02:00;76,000;1,000;MESURE
2025-08-14 12:00:00+02:00;93,000;1,000;MESURE
2025-08-14 13:00:00+02:00;74,000;1,000;MESURE
2025-08-14 14:00:00+02:00;93,000;1,000;MESURE
2025-08-14 15:00:00+02:00;67,000;1,000;MESURE
2025-08-14 16:00:00+02:00;79,000;1,000;MESURE
2025-08-14 17:00:00+02:00;76,000;1,000;MESURE
2025-08-14 18:00:00+02:00;73,000;1,000;MESURE
2025-08-14 19:00:00+02:00;87,000;1,000;MESURE
2025-08-14 20:00:00+02:00;294,000;1,000;MESURE
2025-08-14 21:00:00+02:00;5361,000;1,000;MESURE
2025-08-14 22:00:00+02:00;5792,000;1,000;MESURE
2025-08-14 23:00:00+02:00;5095,000;1,000;MESURE
2025-08-15 00:00:00+02:00;5050,000;1,000;MESURE
2025-08-15 01:00:00+02:00;4920,000;1,000;MESURE
2025-08-15 02:00:00+02:00;5012,000;1,000;MESURE
2025-08-15 03:00:00+02:00;4895,000;1,000;MESURE
2025-08-15 04:00:00+02:00;4893,000;1,000;MESURE
2025-08-15 05:00:00+02:00;5564,000;1,000;MESURE
2025-08-15 06:00:00+02:00;1769,000;1,000;MESURE
2025-08-15 07:00:00+02:00;113,000;1,000;MESURE
2025-08-15 08:00:00+02:00;69,000;1,000;MESURE
2025-08-15 09:00:00+02:00;84,000;1,000;MESURE
2025-08-15 10:00:00+02:00;82,000;1,000;MESURE
2025-08-15 11:00:00+02:00;75,000;1,000;MESURE
2025-08-15 12:00:00+02:00;82,000;1,000;MESURE
2025-08-15 13:00:00+02:00;75,000;1,000;MESURE
2025-08-15 14:00:00+02:00;76,000;1,000;MESURE
2025-08-15 15:00:00+02:00;110,000;1,000;MESURE
2025-08-15 16:00:00+02:00;96,000;1,000;MESURE
2025-08-15 17:00:00+02:00;67,000;1,000;MESURE
2025-08-15 18:00:00+02:00;66,000;1,000;MESURE
2025-08-15 19:00:00+02:00;67,000;1,000;MESURE
2025-08-15 20:00:00+02:00;329,000;1,000;MESURE
2025-08-15 21:00:00+02:00;5446,000;1,000;MESURE
2025-08-15 22:00:00+02:00;5008,000;1,000;MESURE
2025-08-15 23:00:00+02:00;6183,000;1,000;MESURE
2025-08-16 00:00:00+02:00;5292,000;1,000;MESURE
2025-08-16 01:00:00+02:00;4908,000;1,000;MESURE
2025-08-16 02:00:00+02:00;4885,000;1,000;MESURE
2025-08-16 03:00:00+02:00;5003,000;1,000;MESURE
2025-08-16 04:00:00+02:00;4900,000;1,000;MESURE
2025-08-16 05:00:00+02:00;5567,000;1,000;MESURE
2025-08-16 06:00:00+02:00;1986,000;1,000;MESURE
2025-08-16 07:00:00+02:00;209,000;1,000;MESURE
2025-08-16 08:00:00+02:00;76,000;1,000;MESURE
2025-08-16 09:00:00+02:00;93,000;1,000;MESURE
2025-08-16 10:00:00+02:00;83,000;1,000;MESURE
2025-08-16 11:00:00+02:00;93,000;1,000;MESURE
2025-08-16 12:00:00+02:00;87,000;1,000;MESURE
2025-08-16 13:00:00+02:00;84,000;1,000;MESURE
2025-08-16 14:00:00+02:00;89,000;1,000;MESURE
2025-08-16 15:00:00+02:00;76,000;1,000;MESURE
2025-08-16 16:00:00+02:00;83,000;1,000;MESURE
2025-08-16 17:00:00+02:00;71,000;1,000;MESURE
2025-08-16 18:00:00+02:00;81,000;1,000;MESURE
2025-08-16 19:00:00+02:00;88,000;1,000;MESURE
2025-08-16 20:00:00+02:00;344,000;1,000;MESURE
2025-08-16 21:00:00+02:00;5580,000;1,000;MESURE
2025-08-16 22:00:00+02:00;5563,000;1,000;MESURE
2025-08-16 23:00:00+02:00;5528,000;1,000;MESURE
2025-08-17 00:00:00+02:00;4935,000;1,000;MESURE
2025-08-17 01:00:00+02:00;5111,000;1,000;MESURE
2025-08-17 02:00:00+02:00;4923,000;1,000;MESURE
2025-08-17 03:00:00+02:00;4906,000;1,000;MESURE
2025-08-17 04:00:00+02:00;4913,000;1,000;MESURE
2025-08-17 05:00:00+02:00;5708,000;1,000;MESURE
2025-08-17 06:00:00+02:00;1951,000;1,000;MESURE
2025-08-17 07:00:00+02:00;122,000;1,000;MESURE
2025-08-17 08:00:00+02:00;403,000;1,000;MESURE
2025-08-17 09:00:00+02:00;83,000;1,000;MESURE
2025-08-17 10:00:00+02:00;85,000;1,000;MESURE
2025-08-17 11:00:00+02:00;91,000;1,000;MESURE
2025-08-17 12:00:00+02:00;93,000;1,000;MESURE
2025-08-17 13:00:00+02:00;86,000;1,000;MESURE
2025-08-17 14:00:00+02:00;106,000;1,000;MESURE
2025-08-17 15:00:00+02:00;82,000;1,000;MESURE
2025-08-17 16:00:00+02:00;89,000;1,000;MESURE
2025-08-17 17:00:00+02:00;67,000;1,000;MESURE
2025-08-17 18:00:00+02:00;91,000;1,000;MESURE
2025-08-17 19:00:00+02:00;83,000;1,000;MESURE
2025-08-17 20:00:00+02:00;408,000;1,000;MESURE
2025-08-17 21:00:00+02:00;5674,000;1,000;MESURE
2025-08-17 22:00:00+02:00;5014,000;1,000;MESURE
2025-08-17 23:00:00+02:00;5895,000;1,000;MESURE
2025-08-18 00:00:00+02:00;5417,000;1,000;MESURE
2025-08-18 01:00:00+02:00;4928,000;1,000;MESURE
2025-08-18 02:00:00+02:00;5043,000;1,000;MESURE
2025-08-18 03:00:00+02:00;4910,000;1,000;MESURE
2025-08-18 04:00:00+02:00;4922,000;1,000;MESURE
2025-08-18 05:00:00+02:00;5586,000;1,000;MESURE
2025-08-18 06:00:00+02:00;2133,000;1,000;MESURE
2025-08-18 07:00:00+02:00;211,000;1,000;MESURE
2025-08-18 08:00:00+02:00;197,000;1,000;MESURE
2025-08-18 09:00:00+02:00;78,000;1,000;MESURE
2025-08-18 10:00:00+02:00;72,000;1,000;MESURE
2025-08-18 11:00:00+02:00;104,000;1,000;MESURE
2025-08-18 12:00:00+02:00;88,000;1,000;MESURE
2025-08-18 13:00:00+02:00;78,000;1,000;MESURE
2025-08-18 14:00:00+02:00;68,000;1,000;MESURE
2025-08-18 15:00:00+02:00;67,000;1,000;MESURE
2025-08-18 16:00:00+02:00;77,000;1,000;MESURE
2025-08-18 17:00:00+02:00;81,000;1,000;MESURE
2025-08-18 18:00:00+02:00;77,000;1,000;MESURE
2025-08-18 19:00:00+02:00;76,000;1,000;MESURE
2025-08-18 20:00:00+02:00;552,000;1,000;MESURE
2025-08-18 21:00:00+02:00;5737,000;1,000;MESURE
2025-08-18 22:00:00+02:00;5402,000;1,000;MESURE
2025-08-18 23:00:00+02:00;5371,000;1,000;MESURE
2025-08-19 00:00:00+02:00;5093,000;1,000;MESURE
2025-08-19 01:00:00+02:00;4904,000;1,000;MESURE
2025-08-19 02:00:00+02:00;5023,000;1,000;MESURE
2025-08-19 03:00:00+02:00;4900,000;1,000;MESURE
2025-08-19 04:00:00+02:00;4898,000;1,000;MESURE
2025-08-19 05:00:00+02:00;5567,000;1,000;MESURE
2025-08-19 06:00:00+02:00;2320,000;1,000;MESURE
2025-08-19 07:00:00+02:00;170,000;1,000;MESURE
2025-08-19 08:00:00+02:00;78,000;1,000;MESURE
2025-08-19 09:00:00+02:00;91,000;1,000;MESURE
2025-08-19 10:00:00+02:00;94,000;1,000;MESURE
2025-08-19 11:00:00+02:00;86,000;1,000;MESURE
2025-08-19 12:00:00+02:00;87,000;1,000;MESURE
2025-08-19 13:00:00+02:00;85,000;1,000;MESURE
2025-08-19 14:00:00+02:00;92,000;1,000;MESURE
2025-08-19 15:00:00+02:00;77,000;1,000;MESURE
2025-08-19 16:00:00+02:00;86,000;1,000;MESURE
2025-08-19 17:00:00+02:00;90,000;1,000;MESURE
2025-08-19 18:00:00+02:00;70,000;1,000;MESURE
2025-08-19 19:00:00+02:00;110,000;1,000;MESURE
2025-08-19 20:00:00+02:00;663,000;1,000;MESURE
2025-08-19 21:00:00+02:00;5801,000;1,000;MESURE
2025-08-19 22:00:00+02:00;5030,000;1,000;MESURE
2025-08-19 23:00:00+02:00;4992,000;1,000;MESURE
2025-08-20 00:00:00+02:00;4877,000;1,000;MESURE
2025-08-20 01:00:00+02:00;4862,000;1,000;MESURE
2025-08-20 02:00:00+02:00;4851,000;1,000;MESURE
2025-08-20 03:00:00+02:00;4864,000;1,000;MESURE
2025-08-20 04:00:00+02:00;4861,000;1,000;MESURE
2025-08-20 05:00:00+02:00;5574,000;1,000;MESURE
2025-08-20 06:00:00+02:00;2297,000;1,000;MESURE
2025-08-20 07:00:00+02:00;100,000;1,000;MESURE
2025-08-20 08:00:00+02:00;72,000;1,000;MESURE
2025-08-20 09:00:00+02:00;88,000;1,000;MESURE
2025-08-20 10:00:00+02:00;85,000;1,000;MESURE
2025-08-20 11:00:00+02:00;89,000;1,000;MESURE
2025-08-20 12:00:00+02:00;79,000;1,000;MESURE
2025-08-20 13:00:00+02:00;97,000;1,000;MESURE
2025-08-20 14:00:00+02:00;97,000;1,000;MESURE
2025-08-20 15:00:00+02:00;72,000;1,000;MESURE
2025-08-20 16:00:00+02:00;81,000;1,000;MESURE
2025-08-20 17:00:00+02:00;87,000;1,000;MESURE
2025-08-20 18:00:00+02:00;81,000;1,000;MESURE
2025-08-20 19:00:00+02:00;89,000;1,000;MESURE
2025-08-20 20:00:00+02:00;849,000;1,000;MESURE
2025-08-20 21:00:00+02:00;5794,000;1,000;MESURE
2025-08-20 22:00:00+02:00;5062,000;1,000;MESURE
2025-08-20 23:00:00+02:00;5019,000;1,000;MESURE
2025-08-21 00:00:00+02:00;4895,000;1,000;MESURE
2025-08-21 01:00:00+02:00;4871,000;1,000;MESURE
2025-08-21 02:00:00+02:00;4882,000;1,000;MESURE
2025-08-21 03:00:00+02:00;4868,000;1,000;MESURE
2025-08-21 04:00:00+02:00;4866,000;1,000;MESURE
2025-08-21 05:00:00+02:00;5548,000;1,000;MESURE
2025-08-21 06:00:00+02:00;2365,000;1,000;MESURE
2025-08-21 07:00:00+02:00;101,000;1,000;MESURE
2025-08-21 08:00:00+02:00;80,000;1,000;MESURE
2025-08-21 09:00:00+02:00;85,000;1,000;MESURE
2025-08-21 10:00:00+02:00;124,000;1,000;MESURE
2025-08-21 11:00:00+02:00;90,000;1,000;MESURE
2025-08-21 12:00:00+02:00;73,000;1,000;MESURE
2025-08-21 13:00:00+02:00;94,000;1,000;MESURE
2025-08-21 14:00:00+02:00;84,000;1,000;MESURE
2025-08-21 15:00:00+02:00;86,000;1,000;MESURE
2025-08-21 16:00:00+02:00;105,000;1,000;MESURE
2025-08-21 17:00:00+02:00;88,000;1,000;MESURE
2025-08-21 18:00:00+02:00;85,000;1,000;MESURE
2025-08-21 19:00:00+02:00;92,000;1,000;MESURE
2025-08-21 20:00:00+02:00;1087,000;1,000;MESURE
2025-08-21 21:00:00+02:00;5753,000;1,000;MESURE
2025-08-21 22:00:00+02:00;6519,000;1,000;MESURE
2025-08-21 23:00:00+02:00;5248,000;1,000;MESURE
2025-08-22 00:00:00+02:00;5100,000;1,000;MESURE
2025-08-22 01:00:00+02:00;4862,000;1,000;MESURE
2025-08-22 02:00:00+02:00;4856,000;1,000;MESURE
2025-08-22 03:00:00+02:00;4855,000;1,000;MESURE
2025-08-22 04:00:00+02:00;4986,000;1,000;MESURE
2025-08-22 05:00:00+02:00;5528,000;1,000;MESURE
2025-08-22 06:00:00+02:00;2563,000;1,000;MESURE
2025-08-22 07:00:00+02:00;225,000;1,000;MESURE
2025-08-22 08:00:00+02:00;276,000;1,000;MESURE
2025-08-22 09:00:00+02:00;92,000;1,000;MESURE
2025-08-22 10:00:00+02:00;87,000;1,000;MESURE
2025-08-22 11:00:00+02:00;82,000;1,000;MESURE
2025-08-22 12:00:00+02:00;73,000;1,000;MESURE
2025-08-22 13:00:00+02:00;89,000;1,000;MESURE
2025-08-22 14:00:00+02:00;80,000;1,000;MESURE
2025-08-22 15:00:00+02:00;71,000;1,000;MESURE
2025-08-22 16:00:00+02:00;77,000;1,000;MESURE
2025-08-22 17:00:00+02:00;77,000;1,000;MESURE
2025-08-22 18:00:00+02:00;108,000;1,000;MESURE
2025-08-22 19:00:00+02:00;72,000;1,000;MESURE
2025-08-22 20:00:00+02:00;1222,000;1,000;MESURE
2025-08-22 21:00:00+02:00;6222,000;1,000;MESURE
2025-08-22 22:00:00+02:00;5018,000;1,000;MESURE
2025-08-22 23:00:00+02:00;5694,000;1,000;MESURE
2025-08-23 00:00:00+02:00;5016,000;1,000;MESURE
2025-08-23 01:00:00+02:00;4889,000;1,000;MESURE
2025-08-23 02:00:00+02:00;4969,000;1,000;MESURE
2025-08-23 03:00:00+02:00;4867,000;1,000;MESURE
2025-08-23 04:00:00+02:00;4873,000;1,000;MESURE
2025-08-23 05:00:00+02:00;5677,000;1,000;MESURE
2025-08-23 06:00:00+02:00;2646,000;1,000;MESURE
2025-08-23 07:00:00+02:00;1048,000;1,000;MESURE
2025-08-23 08:00:00+02:00;118,000;1,000;MESURE
2025-08-23 09:00:00+02:00;193,000;1,000;MESURE
2025-08-23 10:00:00+02:00;80,000;1,000;MESURE
2025-08-23 11:00:00+02:00;75,000;1,000;MESURE
2025-08-23 12:00:00+02:00;72,000;1,000;MESURE
2025-08-23 13:00:00+02:00;71,000;1,000;MESURE
2025-08-23 14:00:00+02:00;71,000;1,000;MESURE
2025-08-23 15:00:00+02:00;71,000;1,000;MESURE
2025-08-23 16:00:00+02:00;69,000;1,000;MESURE
2025-08-23 17:00:00+02:00;68,000;1,000;MESURE
2025-08-23 18:00:00+02:00;70,000;1,000;MESURE
2025-08-23 19:00:00+02:00;67,000;1,000;MESURE
2025-08-23 20:00:00+02:00;1439,000;1,000;MESURE
2025-08-23 21:00:00+02:00;5734,000;1,000;MESURE
2025-08-23 22:00:00+02:00;5408,000;1,000;MESURE
2025-08-23 23:00:00+02:00;5661,000;1,000;MESURE
2025-08-24 00:00:00+02:00;5046,000;1,000;MESURE
2025-08-24 01:00:00+02:00;4866,000;1,000;MESURE
2025-08-24 02:00:00+02:00;4978,000;1,000;MESURE
2025-08-24 03:00:00+02:00;4867,000;1,000;MESURE
2025-08-24 04:00:00+02:00;4876,000;1,000;MESURE
2025-08-24 05:00:00+02:00;5665,000;1,000;MESURE
2025-08-24 06:00:00+02:00;2729,000;1,000;MESURE
2025-08-24 07:00:00+02:00;75,000;1,000;MESURE
2025-08-24 08:00:00+02:00;74,000;1,000;MESURE
2025-08-24 09:00:00+02:00;74,000;1,000;MESURE
2025-08-24 10:00:00+02:00;75,000;1,000;MESURE
2025-08-24 11:00:00+02:00;73,000;1,000;MESURE
2025-08-24 12:00:00+02:00;72,000;1,000;MESURE
2025-08-24 13:00:00+02:00;71,000;1,000;MESURE
2025-08-24 14:00:00+02:00;71,000;1,000;MESURE
2025-08-24 15:00:00+02:00;72,000;1,000;MESURE
2025-08-24 16:00:00+02:00;69,000;1,000;MESURE
2025-08-24 17:00:00+02:00;68,000;1,000;MESURE
2025-08-24 18:00:00+02:00;70,000;1,000;MESURE
2025-08-24 19:00:00+02:00;67,000;1,000;MESURE
2025-08-24 20:00:00+02:00;1622,000;1,000;MESURE
2025-08-24 21:00:00+02:00;6079,000;1,000;MESURE
2025-08-24 22:00:00+02:00;5021,000;1,000;MESURE
2025-08-24 23:00:00+02:00;5795,000;1,000;MESURE
2025-08-25 00:00:00+02:00;5486,000;1,000;MESURE
2025-08-25 01:00:00+02:00;4862,000;1,000;MESURE
2025-08-25 02:00:00+02:00;4977,000;1,000;MESURE
2025-08-25 03:00:00+02:00;4852,000;1,000;MESURE
2025-08-25 04:00:00+02:00;4863,000;1,000;MESURE
2025-08-25 05:00:00+02:00;5533,000;1,000;MESURE
2025-08-25 06:00:00+02:00;3046,000;1,000;MESURE
2025-08-25 07:00:00+02:00;75,000;1,000;MESURE
2025-08-25 08:00:00+02:00;231,000;1,000;MESURE
2025-08-25 09:00:00+02:00;74,000;1,000;MESURE
2025-08-25 10:00:00+02:00;212,000;1,000;MESURE
2025-08-25 11:00:00+02:00;204,000;1,000;MESURE
2025-08-25 12:00:00+02:00;82,000;1,000;MESURE
2025-08-25 13:00:00+02:00;72,000;1,000;MESURE
2025-08-25 14:00:00+02:00;203,000;1,000;MESURE
2025-08-25 15:00:00+02:00;71,000;1,000;MESURE
2025-08-25 16:00:00+02:00;83,000;1,000;MESURE
2025-08-25 17:00:00+02:00;70,000;1,000;MESURE
2025-08-25 18:00:00+02:00;208,000;1,000;MESURE
2025-08-25 19:00:00+02:00;77,000;1,000;MESURE
2025-08-25 20:00:00+02:00;1679,000;1,000;MESURE
2025-08-25 21:00:00+02:00;5724,000;1,000;MESURE
2025-08-25 22:00:00+02:00;5292,000;1,000;MESURE
2025-08-25 23:00:00+02:00;5346,000;1,000;MESURE
2025-08-26 00:00:00+02:00;5074,000;1,000;MESURE
2025-08-26 01:00:00+02:00;5056,000;1,000;MESURE
2025-08-26 02:00:00+02:00;4858,000;1,000;MESURE
2025-08-26 03:00:00+02:00;4866,000;1,000;MESURE
2025-08-26 04:00:00+02:00;4983,000;1,000;MESURE
2025-08-26 05:00:00+02:00;5534,000;1,000;MESURE
2025-08-26 06:00:00+02:00;2998,000;1,000;MESURE
2025-08-26 07:00:00+02:00;73,000;1,000;MESURE
2025-08-26 08:00:00+02:00;81,000;1,000;MESURE
2025-08-26 09:00:00+02:00;97,000;1,000;MESURE
2025-08-26 10:00:00+02:00;84,000;1,000;MESURE
2025-08-26 11:00:00+02:00;80,000;1,000;MESURE
2025-08-26 12:00:00+02:00;82,000;1,000;MESURE
2025-08-26 13:00:00+02:00;70,000;1,000;MESURE
2025-08-26 14:00:00+02:00;76,000;1,000;MESURE
2025-08-26 15:00:00+02:00;76,000;1,000;MESURE
2025-08-26 16:00:00+02:00;69,000;1,000;MESURE
2025-08-26 17:00:00+02:00;84,000;1,000;MESURE
2025-08-26 18:00:00+02:00;98,000;1,000;MESURE
2025-08-26 19:00:00+02:00;70,000;1,000;MESURE
2025-08-26 20:00:00+02:00;1932,000;1,000;MESURE
2025-08-26 21:00:00+02:00;5704,000;1,000;MESURE
2025-08-26 22:00:00+02:00;5031,000;1,000;MESURE
2025-08-26 23:00:00+02:00;4934,000;1,000;MESURE
2025-08-27 00:00:00+02:00;4916,000;1,000;MESURE
2025-08-27 01:00:00+02:00;4892,000;1,000;MESURE
2025-08-27 02:00:00+02:00;4881,000;1,000;MESURE
2025-08-27 03:00:00+02:00;4880,000;1,000;MESURE
2025-08-27 04:00:00+02:00;4862,000;1,000;MESURE
2025-08-27 05:00:00+02:00;5535,000;1,000;MESURE
2025-08-27 06:00:00+02:00;3087,000;1,000;MESURE
2025-08-27 07:00:00+02:00;71,000;1,000;MESURE
2025-08-27 08:00:00+02:00;94,000;1,000;MESURE
2025-08-27 09:00:00+02:00;102,000;1,000;MESURE
2025-08-27 10:00:00+02:00;81,000;1,000;MESURE
2025-08-27 11:00:00+02:00;73,000;1,000;MESURE
2025-08-27 12:00:00+02:00;87,000;1,000;MESURE
2025-08-27 13:00:00+02:00;83,000;1,000;MESURE
2025-08-27 14:00:00+02:00;72,000;1,000;MESURE
2025-08-27 15:00:00+02:00;88,000;1,000;MESURE
2025-08-27 16:00:00+02:00;87,000;1,000;MESURE
2025-08-27 17:00:00+02:00;76,000;1,000;MESURE
2025-08-27 18:00:00+02:00;78,000;1,000;MESURE
2025-08-27 19:00:00+02:00;87,000;1,000;MESURE
2025-08-27 20:00:00+02:00;2095,000;1,000;MESURE
2025-08-27 21:00:00+02:00;5736,000;1,000;MESURE
2025-08-27 22:00:00+02:00;4998,000;1,000;MESURE
2025-08-27 23:00:00+02:00;4874,000;1,000;MESURE
2025-08-28 00:00:00+02:00;4854,000;1,000;MESURE
2025-08-28 01:00:00+02:00;4836,000;1,000;MESURE
2025-08-28 02:00:00+02:00;4833,000;1,000;MESURE
2025-08-28 03:00:00+02:00;4864,000;1,000;MESURE
2025-08-28 04:00:00+02:00;4886,000;1,000;MESURE
2025-08-28 05:00:00+02:00;5560,000;1,000;MESURE
2025-08-28 06:00:00+02:00;3197,000;1,000;MESURE
2025-08-28 07:00:00+02:00;87,000;1,000;MESURE
2025-08-28 08:00:00+02:00;91,000;1,000;MESURE
2025-08-28 09:00:00+02:00;74,000;1,000;MESURE
2025-08-28 10:00:00+02:00;90,000;1,000;MESURE
2025-08-28 11:00:00+02:00;90,000;1,000;MESURE
2025-08-28 12:00:00+02:00;82,000;1,000;MESURE
2025-08-28 13:00:00+02:00;81,000;1,000;MESURE
2025-08-28 14:00:00+02:00;79,000;1,000;MESURE
2025-08-28 15:00:00+02:00;73,000;1,000;MESURE
2025-08-28 16:00:00+02:00;88,000;1,000;MESURE
2025-08-28 17:00:00+02:00;81,000;1,000;MESURE
2025-08-28 18:00:00+02:00;100,000;1,000;MESURE
2025-08-28 19:00:00+02:00;851,000;1,000;MESURE
2025-08-28 20:00:00+02:00;2347,000;1,000;MESURE
2025-08-28 21:00:00+02:00;6298,000;1,000;MESURE
2025-08-28 22:00:00+02:00;5015,000;1,000;MESURE
2025-08-28 23:00:00+02:00;5073,000;1,000;MESURE
2025-08-29 00:00:00+02:00;4901,000;1,000;MESURE
2025-08-29 01:00:00+02:00;4878,000;1,000;MESURE
2025-08-29 02:00:00+02:00;4988,000;1,000;MESURE
2025-08-29 03:00:00+02:00;4870,000;1,000;MESURE
2025-08-29 04:00:00+02:00;4873,000;1,000;MESURE
2025-08-29 05:00:00+02:00;5545,000;1,000;MESURE
2025-08-29 06:00:00+02:00;3498,000;1,000;MESURE
2025-08-29 07:00:00+02:00;91,000;1,000;MESURE
2025-08-29 08:00:00+02:00;84,000;1,000;MESURE
2025-08-29 09:00:00+02:00;95,000;1,000;MESURE
2025-08-29 10:00:00+02:00;91,000;1,000;MESURE
2025-08-29 11:00:00+02:00;82,000;1,000;MESURE
2025-08-29 12:00:00+02:00;75,000;1,000;MESURE
2025-08-29 13:00:00+02:00;80,000;1,000;MESURE
2025-08-29 14:00:00+02:00;73,000;1,000;MESURE
2025-08-29 15:00:00+02:00;72,000;1,000;MESURE
2025-08-29 16:00:00+02:00;80,000;1,000;MESURE
2025-08-29 17:00:00+02:00;86,000;1,000;MESURE
2025-08-29 18:00:00+02:00;82,000;1,000;MESURE
2025-08-29 19:00:00+02:00;80,000;1,000;MESURE
2025-08-29 20:00:00+02:00;2976,000;1,000;MESURE
2025-08-29 21:00:00+02:00;6315,000;1,000;MESURE
2025-08-29 22:00:00+02:00;5098,000;1,000;MESURE
2025-08-29 23:00:00+02:00;5203,000;1,000;MESURE
2025-08-30 00:00:00+02:00;5020,000;1,000;MESURE
2025-08-30 01:00:00+02:00;5019,000;1,000;MESURE
2025-08-30 02:00:00+02:00;4876,000;1,000;MESURE
2025-08-30 03:00:00+02:00;4892,000;1,000;MESURE
2025-08-30 04:00:00+02:00;5022,000;1,000;MESURE
2025-08-30 05:00:00+02:00;5556,000;1,000;MESURE
2025-08-30 06:00:00+02:00;3484,000;1,000;MESURE
2025-08-30 07:00:00+02:00;184,000;1,000;MESURE
2025-08-30 08:00:00+02:00;223,000;1,000;MESURE
2025-08-30 09:00:00+02:00;212,000;1,000;MESURE
2025-08-30 10:00:00+02:00;204,000;1,000;MESURE
2025-08-30 11:00:00+02:00;97,000;1,000;MESURE
2025-08-30 12:00:00+02:00;181,000;1,000;MESURE
2025-08-30 13:00:00+02:00;88,000;1,000;MESURE
2025-08-30 14:00:00+02:00;193,000;1,000;MESURE
2025-08-30 15:00:00+02:00;82,000;1,000;MESURE
2025-08-30 16:00:00+02:00;83,000;1,000;MESURE
2025-08-30 17:00:00+02:00;222,000;1,000;MESURE
2025-08-30 18:00:00+02:00;82,000;1,000;MESURE
2025-08-30 19:00:00+02:00;195,000;1,000;MESURE
2025-08-30 20:00:00+02:00;2646,000;1,000;MESURE
2025-08-30 21:00:00+02:00;5863,000;1,000;MESURE
2025-08-30 22:00:00+02:00;5048,000;1,000;MESURE
2025-08-30 23:00:00+02:00;5920,000;1,000;MESURE
2025-08-31 00:00:00+02:00;5001,000;1,000;MESURE
2025-08-31 01:00:00+02:00;5001,000;1,000;MESURE
2025-08-31 02:00:00+02:00;4866,000;1,000;MESURE
2025-08-31 03:00:00+02:00;4865,000;1,000;MESURE
2025-08-31 04:00:00+02:00;4987,000;1,000;MESURE
2025-08-31 05:00:00+02:00;5546,000;1,000;MESURE
2025-08-31 06:00:00+02:00;3550,000;1,000;MESURE
2025-08-31 07:00:00+02:00;222,000;1,000;MESURE
2025-08-31 08:00:00+02:00;76,000;1,000;MESURE
2025-08-31 09:00:00+02:00;673,000;1,000;MESURE
2025-08-31 10:00:00+02:00;261,000;1,000;MESURE
2025-08-31 11:00:00+02:00;89,000;1,000;MESURE
2025-08-31 12:00:00+02:00;102,000;1,000;MESURE
2025-08-31 13:00:00+02:00;74,000;1,000;MESURE
2025-08-31 14:00:00+02:00;215,000;1,000;MESURE
2025-08-31 15:00:00+02:00;96,000;1,000;MESURE
2025-08-31 16:00:00+02:00;86,000;1,000;MESURE
2025-08-31 17:00:00+02:00;81,000;1,000;MESURE
2025-08-31 18:00:00+02:00;99,000;1,000;MESURE
2025-08-31 19:00:00+02:00;218,000;1,000;MESURE
2025-08-31 20:00:00+02:00;2872,000;1,000;MESURE
2025-08-31 21:00:00+02:00;5719,000;1,000;MESURE
2025-08-31 22:00:00+02:00;5665,000;1,000;MESURE
2025-08-31 23:00:00+02:00;6973,000;1,000;MESURE
2025-09-01 00:00:00+02:00;6107,000;1,000;MESURE
2025-09-01 01:00:00+02:00;6017,000;1,000;MESURE
2025-09-01 02:00:00+02:00;6163,000;1,000;MESURE
2025-09-01 03:00:00+02:00;6040,000;1,000;MESURE
2025-09-01 04:00:00+02:00;6050,000;1,000;MESURE
2025-09-01 05:00:00+02:00;6734,000;1,000;MESURE
2025-09-01 06:00:00+02:00;4909,000;1,000;MESURE
2025-09-01 07:00:00+02:00;1370,000;1,000;MESURE
2025-09-01 08:00:00+02:00;83,000;1,000;MESURE
2025-09-01 09:00:00+02:00;75,000;1,000;MESURE
2025-09-01 10:00:00+02:00;316,000;1,000;MESURE
2025-09-01 11:00:00+02:00;226,000;1,000;MESURE
2025-09-01 12:00:00+02:00;102,000;1,000;MESURE
2025-09-01 13:00:00+02:00;87,000;1,000;MESURE
2025-09-01 14:00:00+02:00;88,000;1,000;MESURE
2025-09-01 15:00:00+02:00;214,000;1,000;MESURE
2025-09-01 16:00:00+02:00;100,000;1,000;MESURE
2025-09-01 17:00:00+02:00;74,000;1,000;MESURE
2025-09-01 18:00:00+02:00;91,000;1,000;MESURE
2025-09-01 19:00:00+02:00;755,000;1,000;MESURE
2025-09-01 20:00:00+02:00;4967,000;1,000;MESURE
2025-09-01 21:00:00+02:00;7657,000;1,000;MESURE
2025-09-01 22:00:00+02:00;6869,000;1,000;MESURE
2025-09-01 23:00:00+02:00;6869,000;1,000;MESURE
2025-09-02 00:00:00+02:00;6866,000;1,000;MESURE
2025-09-02 01:00:00+02:00;6826,000;1,000;MESURE
2025-09-02 02:00:00+02:00;6709,000;1,000;MESURE
2025-09-02 03:00:00+02:00;6722,000;1,000;MESURE
2025-09-02 04:00:00+02:00;6725,000;1,000;MESURE
2025-09-02 05:00:00+02:00;7387,000;1,000;MESURE
2025-09-02 06:00:00+02:00;5660,000;1,000;MESURE
2025-09-02 07:00:00+02:00;1576,000;1,000;MESURE
2025-09-02 08:00:00+02:00;2066,000;1,000;MESURE
2025-09-02 09:00:00+02:00;729,000;1,000;MESURE
2025-09-02 10:00:00+02:00;223,000;1,000;MESURE
2025-09-02 11:00:00+02:00;85,000;1,000;MESURE
2025-09-02 12:00:00+02:00;213,000;1,000;MESURE
2025-09-02 13:00:00+02:00;78,000;1,000;MESURE
2025-09-02 14:00:00+02:00;82,000;1,000;MESURE
2025-09-02 15:00:00+02:00;213,000;1,000;MESURE
2025-09-02 16:00:00+02:00;106,000;1,000;MESURE
2025-09-02 17:00:00+02:00;206,000;1,000;MESURE
2025-09-02 18:00:00+02:00;87,000;1,000;MESURE
2025-09-02 19:00:00+02:00;72,000;1,000;MESURE
2025-09-02 20:00:00+02:00;3409,000;1,000;MESURE
2025-09-02 21:00:00+02:00;5846,000;1,000;MESURE
2025-09-02 22:00:00+02:00;7007,000;1,000;MESURE
2025-09-02 23:00:00+02:00;6768,000;1,000;MESURE
2025-09-03 00:00:00+02:00;6584,000;1,000;MESURE
2025-09-03 01:00:00+02:00;6572,000;1,000;MESURE
2025-09-03 02:00:00+02:00;6369,000;1,000;MESURE
2025-09-03 03:00:00+02:00;6367,000;1,000;MESURE
2025-09-03 04:00:00+02:00;6349,000;1,000;MESURE
2025-09-03 05:00:00+02:00;7046,000;1,000;MESURE
2025-09-03 06:00:00+02:00;5340,000;1,000;MESURE
2025-09-03 07:00:00+02:00;262,000;1,000;MESURE
2025-09-03 08:00:00+02:00;144,000;1,000;MESURE
2025-09-03 09:00:00+02:00;79,000;1,000;MESURE
2025-09-03 10:00:00+02:00;208,000;1,000;MESURE
2025-09-03 11:00:00+02:00;90,000;1,000;MESURE
2025-09-03 12:00:00+02:00;198,000;1,000;MESURE
2025-09-03 13:00:00+02:00;99,000;1,000;MESURE
2025-09-03 14:00:00+02:00;209,000;1,000;MESURE
2025-09-03 15:00:00+02:00;84,000;1,000;MESURE
2025-09-03 16:00:00+02:00;74,000;1,000;MESURE
2025-09-03 17:00:00+02:00;215,000;1,000;MESURE
2025-09-03 18:00:00+02:00;101,000;1,000;MESURE
2025-09-03 19:00:00+02:00;230,000;1,000;MESURE
2025-09-03 20:00:00+02:00;3420,000;1,000;MESURE
2025-09-03 21:00:00+02:00;5695,000;1,000;MESURE
2025-09-03 22:00:00+02:00;6418,000;1,000;MESURE
2025-09-03 23:00:00+02:00;6807,000;1,000;MESURE
2025-09-04 00:00:00+02:00;6390,000;1,000;MESURE
2025-09-04 01:00:00+02:00;6212,000;1,000;MESURE
2025-09-04 02:00:00+02:00;6309,000;1,000;MESURE
2025-09-04 03:00:00+02:00;6185,000;1,000;MESURE
2025-09-04 04:00:00+02:00;6193,000;1,000;MESURE
2025-09-04 05:00:00+02:00;6894,000;1,000;MESURE
2025-09-04 06:00:00+02:00;5482,000;1,000;MESURE
2025-09-04 07:00:00+02:00;1510,000;1,000;MESURE
2025-09-04 08:00:00+02:00;93,000;1,000;MESURE
2025-09-04 09:00:00+02:00;247,000;1,000;MESURE
2025-09-04 10:00:00+02:00;76,000;1,000;MESURE
2025-09-04 11:00:00+02:00;78,000;1,000;MESURE
2025-09-04 12:00:00+02:00;99,000;1,000;MESURE
2025-09-04 13:00:00+02:00;218,000;1,000;MESURE
2025-09-04 14:00:00+02:00;84,000;1,000;MESURE
2025-09-04 15:00:00+02:00;96,000;1,000;MESURE
2025-09-04 16:00:00+02:00;177,000;1,000;MESURE
2025-09-04 17:00:00+02:00;374,000;1,000;MESURE
2025-09-04 18:00:00+02:00;2362,000;1,000;MESURE
2025-09-04 19:00:00+02:00;1467,000;1,000;MESURE
2025-09-04 20:00:00+02:00;4999,000;1,000;MESURE
2025-09-04 21:00:00+02:00;7077,000;1,000;MESURE
2025-09-04 22:00:00+02:00;6433,000;1,000;MESURE
2025-09-04 23:00:00+02:00;6346,000;1,000;MESURE
2025-09-05 00:00:00+02:00;6300,000;1,000;MESURE
2025-09-05 01:00:00+02:00;6067,000;1,000;MESURE
2025-09-05 02:00:00+02:00;5963,000;1,000;MESURE
2025-09-05 03:00:00+02:00;6275,000;1,000;MESURE
2025-09-05 04:00:00+02:00;6238,000;1,000;MESURE
2025-09-05 05:00:00+02:00;6927,000;1,000;MESURE
2025-09-05 06:00:00+02:00;5633,000;1,000;MESURE
2025-09-05 07:00:00+02:00;592,000;1,000;MESURE
2025-09-05 08:00:00+02:00;221,000;1,000;MESURE
2025-09-05 09:00:00+02:00;106,000;1,000;MESURE
2025-09-05 10:00:00+02:00;93,000;1,000;MESURE
2025-09-05 11:00:00+02:00;81,000;1,000;MESURE
2025-09-05 12:00:00+02:00;278,000;1,000;MESURE
2025-09-05 13:00:00+02:00;112,000;1,000;MESURE
2025-09-05 14:00:00+02:00;92,000;1,000;MESURE
2025-09-05 15:00:00+02:00;83,000;1,000;MESURE
2025-09-05 16:00:00+02:00;75,000;1,000;MESURE
2025-09-05 17:00:00+02:00;90,000;1,000;MESURE
2025-09-05 18:00:00+02:00;227,000;1,000;MESURE
2025-09-05 19:00:00+02:00;91,000;1,000;MESURE
2025-09-05 20:00:00+02:00;3844,000;1,000;MESURE
2025-09-05 21:00:00+02:00;6141,000;1,000;MESURE
2025-09-05 22:00:00+02:00;7124,000;1,000;MESURE
2025-09-05 23:00:00+02:00;6423,000;1,000;MESURE
2025-09-06 00:00:00+02:00;7729,000;1,000;MESURE
2025-09-06 01:00:00+02:00;6358,000;1,000;MESURE
2025-09-06 02:00:00+02:00;6350,000;1,000;MESURE
2025-09-06 03:00:00+02:00;6356,000;1,000;MESURE
2025-09-06 04:00:00+02:00;6514,000;1,000;MESURE
2025-09-06 05:00:00+02:00;7051,000;1,000;MESURE
2025-09-06 06:00:00+02:00;5848,000;1,000;MESURE
2025-09-06 07:00:00+02:00;1694,000;1,000;MESURE
2025-09-06 08:00:00+02:00;1584,000;1,000;MESURE
2025-09-06 09:00:00+02:00;1601,000;1,000;MESURE
2025-09-06 10:00:00+02:00;1350,000;1,000;MESURE
2025-09-06 11:00:00+02:00;188,000;1,000;MESURE
2025-09-06 12:00:00+02:00;238,000;1,000;MESURE
2025-09-06 13:00:00+02:00;85,000;1,000;MESURE
2025-09-06 14:00:00+02:00;92,000;1,000;MESURE
2025-09-06 15:00:00+02:00;75,000;1,000;MESURE
2025-09-06 16:00:00+02:00;209,000;1,000;MESURE
2025-09-06 17:00:00+02:00;77,000;1,000;MESURE
2025-09-06 18:00:00+02:00;74,000;1,000;MESURE
2025-09-06 19:00:00+02:00;74,000;1,000;MESURE
2025-09-06 20:00:00+02:00;4191,000;1,000;MESURE
2025-09-06 21:00:00+02:00;5707,000;1,000;MESURE
2025-09-06 22:00:00+02:00;5134,000;1,000;MESURE
2025-09-06 23:00:00+02:00;6934,000;1,000;MESURE
2025-09-07 00:00:00+02:00;6491,000;1,000;MESURE
2025-09-07 01:00:00+02:00;6603,000;1,000;MESURE
2025-09-07 02:00:00+02:00;6310,000;1,000;MESURE
2025-09-07 03:00:00+02:00;6413,000;1,000;MESURE
2025-09-07 04:00:00+02:00;6268,000;1,000;MESURE
2025-09-07 05:00:00+02:00;6942,000;1,000;MESURE
2025-09-07 06:00:00+02:00;5824,000;1,000;MESURE
2025-09-07 07:00:00+02:00;1148,000;1,000;MESURE
2025-09-07 08:00:00+02:00;79,000;1,000;MESURE
2025-09-07 09:00:00+02:00;86,000;1,000;MESURE
2025-09-07 10:00:00+02:00;197,000;1,000;MESURE
2025-09-07 11:00:00+02:00;94,000;1,000;MESURE
2025-09-07 12:00:00+02:00;85,000;1,000;MESURE
2025-09-07 13:00:00+02:00;200,000;1,000;MESURE
2025-09-07 14:00:00+02:00;83,000;1,000;MESURE
2025-09-07 15:00:00+02:00;74,000;1,000;MESURE
2025-09-07 16:00:00+02:00;218,000;1,000;MESURE
2025-09-07 17:00:00+02:00;87,000;1,000;MESURE
2025-09-07 18:00:00+02:00;75,000;1,000;MESURE
2025-09-07 19:00:00+02:00;85,000;1,000;MESURE
2025-09-07 20:00:00+02:00;4274,000;1,000;MESURE
2025-09-07 21:00:00+02:00;6153,000;1,000;MESURE
2025-09-07 22:00:00+02:00;6953,000;1,000;MESURE
2025-09-07 23:00:00+02:00;6311,000;1,000;MESURE
2025-09-08 00:00:00+02:00;4876,000;1,000;MESURE
2025-09-08 01:00:00+02:00;4974,000;1,000;MESURE
2025-09-08 02:00:00+02:00;4850,000;1,000;MESURE
2025-09-08 03:00:00+02:00;4848,000;1,000;MESURE
2025-09-08 04:00:00+02:00;4966,000;1,000;MESURE
2025-09-08 05:00:00+02:00;5507,000;1,000;MESURE
2025-09-08 06:00:00+02:00;4538,000;1,000;MESURE
2025-09-08 07:00:00+02:00;343,000;1,000;MESURE
2025-09-08 08:00:00+02:00;1937,000;1,000;MESURE
2025-09-08 09:00:00+02:00;2016,000;1,000;MESURE
2025-09-08 10:00:00+02:00;1896,000;1,000;MESURE
2025-09-08 11:00:00+02:00;1904,000;1,000;MESURE
2025-09-08 12:00:00+02:00;1997,000;1,000;MESURE
2025-09-08 13:00:00+02:00;1911,000;1,000;MESURE
2025-09-08 14:00:00+02:00;1892,000;1,000;MESURE
2025-09-08 15:00:00+02:00;1591,000;1,000;MESURE
2025-09-08 16:00:00+02:00;299,000;1,000;MESURE
2025-09-08 17:00:00+02:00;83,000;1,000;MESURE
2025-09-08 18:00:00+02:00;127,000;1,000;MESURE
2025-09-08 19:00:00+02:00;228,000;1,000;MESURE
2025-09-08 20:00:00+02:00;4346,000;1,000;MESURE
2025-09-08 21:00:00+02:00;6467,000;1,000;MESURE
2025-09-08 22:00:00+02:00;7387,000;1,000;MESURE
2025-09-08 23:00:00+02:00;7248,000;1,000;MESURE
2025-09-09 00:00:00+02:00;6888,000;1,000;MESURE
2025-09-09 01:00:00+02:00;6847,000;1,000;MESURE
2025-09-09 02:00:00+02:00;6729,000;1,000;MESURE
2025-09-09 03:00:00+02:00;6735,000;1,000;MESURE
2025-09-09 04:00:00+02:00;6722,000;1,000;MESURE
2025-09-09 05:00:00+02:00;7389,000;1,000;MESURE
2025-09-09 06:00:00+02:00;6492,000;1,000;MESURE
2025-09-09 07:00:00+02:00;2042,000;1,000;MESURE
2025-09-09 08:00:00+02:00;2456,000;1,000;MESURE
2025-09-09 09:00:00+02:00;1965,000;1,000;MESURE
2025-09-09 10:00:00+02:00;1892,000;1,000;MESURE
2025-09-09 11:00:00+02:00;1895,000;1,000;MESURE
2025-09-09 12:00:00+02:00;1093,000;1,000;MESURE
2025-09-09 13:00:00+02:00;91,000;1,000;MESURE
2025-09-09 14:00:00+02:00;192,000;1,000;MESURE
2025-09-09 15:00:00+02:00;104,000;1,000;MESURE
2025-09-09 16:00:00+02:00;92,000;1,000;MESURE
2025-09-09 17:00:00+02:00;220,000;1,000;MESURE
2025-09-09 18:00:00+02:00;89,000;1,000;MESURE
2025-09-09 19:00:00+02:00;137,000;1,000;MESURE
2025-09-09 20:00:00+02:00;4530,000;1,000;MESURE
2025-09-09 21:00:00+02:00;5686,000;1,000;MESURE
2025-09-09 22:00:00+02:00;5264,000;1,000;MESURE
2025-09-09 23:00:00+02:00;7625,000;1,000;MESURE
2025-09-10 00:00:00+02:00;6868,000;1,000;MESURE
2025-09-10 01:00:00+02:00;6836,000;1,000;MESURE
2025-09-10 02:00:00+02:00;6669,000;1,000;MESURE
2025-09-10 03:00:00+02:00;6702,000;1,000;MESURE
2025-09-10 04:00:00+02:00;6711,000;1,000;MESURE
2025-09-10 05:00:00+02:00;7424,000;1,000;MESURE
2025-09-10 06:00:00+02:00;6647,000;1,000;MESURE
2025-09-10 07:00:00+02:00;1899,000;1,000;MESURE
2025-09-10 08:00:00+02:00;1890,000;1,000;MESURE
2025-09-10 09:00:00+02:00;1925,000;1,000;MESURE
2025-09-10 10:00:00+02:00;2059,000;1,000;MESURE
2025-09-10 11:00:00+02:00;1908,000;1,000;MESURE
2025-09-10 12:00:00+02:00;1876,000;1,000;MESURE
2025-09-10 13:00:00+02:00;1902,000;1,000;MESURE
2025-09-10 14:00:00+02:00;1881,000;1,000;MESURE
2025-09-10 15:00:00+02:00;1890,000;1,000;MESURE
2025-09-10 16:00:00+02:00;1899,000;1,000;MESURE
2025-09-10 17:00:00+02:00;2032,000;1,000;MESURE
2025-09-10 18:00:00+02:00;1880,000;1,000;MESURE
2025-09-10 19:00:00+02:00;1957,000;1,000;MESURE
2025-09-10 20:00:00+02:00;6363,000;1,000;MESURE
2025-09-10 21:00:00+02:00;6662,000;1,000;MESURE
2025-09-10 22:00:00+02:00;5121,000;1,000;MESURE
2025-09-10 23:00:00+02:00;5009,000;1,000;MESURE
2025-09-11 00:00:00+02:00;5165,000;1,000;MESURE
2025-09-11 01:00:00+02:00;4891,000;1,000;MESURE
2025-09-11 02:00:00+02:00;4850,000;1,000;MESURE
2025-09-11 03:00:00+02:00;4804,000;1,000;MESURE
2025-09-11 04:00:00+02:00;4953,000;1,000;MESURE
2025-09-11 05:00:00+02:00;5498,000;1,000;MESURE
2025-09-11 06:00:00+02:00;4891,000;1,000;MESURE
2025-09-11 07:00:00+02:00;412,000;1,000;MESURE
2025-09-11 08:00:00+02:00;2049,000;1,000;MESURE
2025-09-11 09:00:00+02:00;1883,000;1,000;MESURE
2025-09-11 10:00:00+02:00;1895,000;1,000;MESURE
2025-09-11 11:00:00+02:00;1912,000;1,000;MESURE
2025-09-11 12:00:00+02:00;1915,000;1,000;MESURE
2025-09-11 13:00:00+02:00;2011,000;1,000;MESURE
2025-09-11 14:00:00+02:00;1925,000;1,000;MESURE
2025-09-11 15:00:00+02:00;1905,000;1,000;MESURE
2025-09-11 16:00:00+02:00;1890,000;1,000;MESURE
2025-09-11 17:00:00+02:00;1908,000;1,000;MESURE
2025-09-11 18:00:00+02:00;1924,000;1,000;MESURE
2025-09-11 19:00:00+02:00;2142,000;1,000;MESURE
2025-09-11 20:00:00+02:00;6504,000;1,000;MESURE
2025-09-11 21:00:00+02:00;6648,000;1,000;MESURE
2025-09-11 22:00:00+02:00;5159,000;1,000;MESURE
2025-09-11 23:00:00+02:00;4965,000;1,000;MESURE
2025-09-12 00:00:00+02:00;5051,000;1,000;MESURE
2025-09-12 01:00:00+02:00;4889,000;1,000;MESURE
2025-09-12 02:00:00+02:00;4885,000;1,000;MESURE
2025-09-12 03:00:00+02:00;4874,000;1,000;MESURE
2025-09-12 04:00:00+02:00;4999,000;1,000;MESURE
2025-09-12 05:00:00+02:00;5531,000;1,000;MESURE
2025-09-12 06:00:00+02:00;5013,000;1,000;MESURE
2025-09-12 07:00:00+02:00;87,000;1,000;MESURE
2025-09-12 08:00:00+02:00;213,000;1,000;MESURE
2025-09-12 09:00:00+02:00;102,000;1,000;MESURE
2025-09-12 10:00:00+02:00;212,000;1,000;MESURE
2025-09-12 11:00:00+02:00;89,000;1,000;MESURE
2025-09-12 12:00:00+02:00;220,000;1,000;MESURE
2025-09-12 13:00:00+02:00;110,000;1,000;MESURE
2025-09-12 14:00:00+02:00;232,000;1,000;MESURE
2025-09-12 15:00:00+02:00;102,000;1,000;MESURE
2025-09-12 16:00:00+02:00;90,000;1,000;MESURE
2025-09-12 17:00:00+02:00;244,000;1,000;MESURE
2025-09-12 18:00:00+02:00;75,000;1,000;MESURE
2025-09-12 19:00:00+02:00;235,000;1,000;MESURE
2025-09-12 20:00:00+02:00;4869,000;1,000;MESURE
2025-09-12 21:00:00+02:00;6249,000;1,000;MESURE
2025-09-12 22:00:00+02:00;5751,000;1,000;MESURE
2025-09-12 23:00:00+02:00;5033,000;1,000;MESURE
2025-09-13 00:00:00+02:00;5198,000;1,000;MESURE
2025-09-13 01:00:00+02:00;5035,000;1,000;MESURE
2025-09-13 02:00:00+02:00;5010,000;1,000;MESURE
2025-09-13 03:00:00+02:00;4937,000;1,000;MESURE
2025-09-13 04:00:00+02:00;4965,000;1,000;MESURE
2025-09-13 05:00:00+02:00;5514,000;1,000;MESURE
2025-09-13 06:00:00+02:00;5112,000;1,000;MESURE
2025-09-13 07:00:00+02:00;93,000;1,000;MESURE
2025-09-13 08:00:00+02:00;84,000;1,000;MESURE
2025-09-13 09:00:00+02:00;92,000;1,000;MESURE
2025-09-13 10:00:00+02:00;89,000;1,000;MESURE
2025-09-13 11:00:00+02:00;91,000;1,000;MESURE
2025-09-13 12:00:00+02:00;96,000;1,000;MESURE
2025-09-13 13:00:00+02:00;101,000;1,000;MESURE
2025-09-13 14:00:00+02:00;92,000;1,000;MESURE
2025-09-13 15:00:00+02:00;87,000;1,000;MESURE
2025-09-13 16:00:00+02:00;76,000;1,000;MESURE
2025-09-13 17:00:00+02:00;100,000;1,000;MESURE
2025-09-13 18:00:00+02:00;90,000;1,000;MESURE
2025-09-13 19:00:00+02:00;263,000;1,000;MESURE
2025-09-13 20:00:00+02:00;5123,000;1,000;MESURE
2025-09-13 21:00:00+02:00;5740,000;1,000;MESURE
2025-09-13 22:00:00+02:00;5103,000;1,000;MESURE
2025-09-13 23:00:00+02:00;5105,000;1,000;MESURE
2025-09-14 00:00:00+02:00;5076,000;1,000;MESURE
2025-09-14 01:00:00+02:00;5076,000;1,000;MESURE
2025-09-14 02:00:00+02:00;5053,000;1,000;MESURE
2025-09-14 03:00:00+02:00;5047,000;1,000;MESURE
2025-09-14 04:00:00+02:00;5037,000;1,000;MESURE
2025-09-14 05:00:00+02:00;5707,000;1,000;MESURE
2025-09-14 06:00:00+02:00;5356,000;1,000;MESURE
2025-09-14 07:00:00+02:00;85,000;1,000;MESURE
2025-09-14 08:00:00+02:00;76,000;1,000;MESURE
2025-09-14 09:00:00+02:00;77,000;1,000;MESURE
2025-09-14 10:00:00+02:00;83,000;1,000;MESURE
2025-09-14 11:00:00+02:00;75,000;1,000;MESURE
2025-09-14 12:00:00+02:00;83,000;1,000;MESURE
2025-09-14 13:00:00+02:00;84,000;1,000;MESURE
2025-09-14 14:00:00+02:00;75,000;1,000;MESURE
2025-09-14 15:00:00+02:00;80,000;1,000;MESURE
2025-09-14 16:00:00+02:00;74,000;1,000;MESURE
2025-09-14 17:00:00+02:00;90,000;1,000;MESURE
2025-09-14 18:00:00+02:00;82,000;1,000;MESURE
2025-09-14 19:00:00+02:00;269,000;1,000;MESURE
2025-09-14 20:00:00+02:00;5207,000;1,000;MESURE
2025-09-14 21:00:00+02:00;5715,000;1,000;MESURE
2025-09-14 22:00:00+02:00;5043,000;1,000;MESURE
2025-09-14 23:00:00+02:00;4932,000;1,000;MESURE
2025-09-15 00:00:00+02:00;4881,000;1,000;MESURE
2025-09-15 01:00:00+02:00;4871,000;1,000;MESURE
2025-09-15 02:00:00+02:00;4865,000;1,000;MESURE
2025-09-15 03:00:00+02:00;4863,000;1,000;MESURE
2025-09-15 04:00:00+02:00;4846,000;1,000;MESURE
2025-09-15 05:00:00+02:00;5544,000;1,000;MESURE
2025-09-15 06:00:00+02:00;5409,000;1,000;MESURE
2025-09-15 07:00:00+02:00;77,000;1,000;MESURE
2025-09-15 08:00:00+02:00;85,000;1,000;MESURE
2025-09-15 09:00:00+02:00;76,000;1,000;MESURE
2025-09-15 10:00:00+02:00;85,000;1,000;MESURE
2025-09-15 11:00:00+02:00;83,000;1,000;MESURE
2025-09-15 12:00:00+02:00;82,000;1,000;MESURE
2025-09-15 13:00:00+02:00;78,000;1,000;MESURE
2025-09-15 14:00:00+02:00;106,000;1,000;MESURE
2025-09-15 15:00:00+02:00;75,000;1,000;MESURE
2025-09-15 16:00:00+02:00;79,000;1,000;MESURE
2025-09-15 17:00:00+02:00;71,000;1,000;MESURE
2025-09-15 18:00:00+02:00;103,000;1,000;MESURE
2025-09-15 19:00:00+02:00;300,000;1,000;MESURE
2025-09-15 20:00:00+02:00;5324,000;1,000;MESURE
2025-09-15 21:00:00+02:00;5699,000;1,000;MESURE
2025-09-15 22:00:00+02:00;5044,000;1,000;MESURE
2025-09-15 23:00:00+02:00;5030,000;1,000;MESURE
2025-09-16 00:00:00+02:00;5021,000;1,000;MESURE
2025-09-16 01:00:00+02:00;4892,000;1,000;MESURE
2025-09-16 02:00:00+02:00;4864,000;1,000;MESURE
2025-09-16 03:00:00+02:00;4870,000;1,000;MESURE
2025-09-16 04:00:00+02:00;4856,000;1,000;MESURE
2025-09-16 05:00:00+02:00;5534,000;1,000;MESURE
2025-09-16 06:00:00+02:00;5493,000;1,000;MESURE
2025-09-16 07:00:00+02:00;82,000;1,000;MESURE
2025-09-16 08:00:00+02:00;91,000;1,000;MESURE
2025-09-16 09:00:00+02:00;76,000;1,000;MESURE
2025-09-16 10:00:00+02:00;76,000;1,000;MESURE
2025-09-16 11:00:00+02:00;101,000;1,000;MESURE
2025-09-16 12:00:00+02:00;82,000;1,000;MESURE
2025-09-16 13:00:00+02:00;104,000;1,000;MESURE
2025-09-16 14:00:00+02:00;80,000;1,000;MESURE
2025-09-16 15:00:00+02:00;91,000;1,000;MESURE
2025-09-16 16:00:00+02:00;74,000;1,000;MESURE
2025-09-16 17:00:00+02:00;89,000;1,000;MESURE
2025-09-16 18:00:00+02:00;97,000;1,000;MESURE
2025-09-16 19:00:00+02:00;343,000;1,000;MESURE
2025-09-16 20:00:00+02:00;5494,000;1,000;MESURE
2025-09-16 21:00:00+02:00;5709,000;1,000;MESURE
2025-09-16 22:00:00+02:00;5052,000;1,000;MESURE
2025-09-16 23:00:00+02:00;5015,000;1,000;MESURE
2025-09-17 00:00:00+02:00;4887,000;1,000;MESURE
2025-09-17 01:00:00+02:00;4866,000;1,000;MESURE
2025-09-17 02:00:00+02:00;4858,000;1,000;MESURE
2025-09-17 03:00:00+02:00;4862,000;1,000;MESURE
2025-09-17 04:00:00+02:00;4863,000;1,000;MESURE
2025-09-17 05:00:00+02:00;5547,000;1,000;MESURE
2025-09-17 06:00:00+02:00;5552,000;1,000;MESURE
2025-09-17 07:00:00+02:00;91,000;1,000;MESURE
2025-09-17 08:00:00+02:00;93,000;1,000;MESURE
2025-09-17 09:00:00+02:00;85,000;1,000;MESURE
2025-09-17 10:00:00+02:00;100,000;1,000;MESURE
2025-09-17 11:00:00+02:00;102,000;1,000;MESURE
2025-09-17 12:00:00+02:00;78,000;1,000;MESURE
2025-09-17 13:00:00+02:00;106,000;1,000;MESURE
2025-09-17 14:00:00+02:00;74,000;1,000;MESURE
2025-09-17 15:00:00+02:00;82,000;1,000;MESURE
2025-09-17 16:00:00+02:00;81,000;1,000;MESURE
2025-09-17 17:00:00+02:00;94,000;1,000;MESURE
2025-09-17 18:00:00+02:00;86,000;1,000;MESURE
2025-09-17 19:00:00+02:00;377,000;1,000;MESURE
2025-09-17 20:00:00+02:00;5659,000;1,000;MESURE
2025-09-17 21:00:00+02:00;5704,000;1,000;MESURE
2025-09-17 22:00:00+02:00;5000,000;1,000;MESURE
2025-09-17 23:00:00+02:00;4883,000;1,000;MESURE
2025-09-18 00:00:00+02:00;4877,000;1,000;MESURE
2025-09-18 01:00:00+02:00;4864,000;1,000;MESURE
2025-09-18 02:00:00+02:00;4858,000;1,000;MESURE
2025-09-18 03:00:00+02:00;4861,000;1,000;MESURE
2025-09-18 04:00:00+02:00;4865,000;1,000;MESURE
2025-09-18 05:00:00+02:00;5536,000;1,000;MESURE
2025-09-18 06:00:00+02:00;5550,000;1,000;MESURE
2025-09-18 07:00:00+02:00;292,000;1,000;MESURE
2025-09-18 08:00:00+02:00;84,000;1,000;MESURE
2025-09-18 09:00:00+02:00;98,000;1,000;MESURE
2025-09-18 10:00:00+02:00;95,000;1,000;MESURE
2025-09-18 11:00:00+02:00;76,000;1,000;MESURE
2025-09-18 12:00:00+02:00;99,000;1,000;MESURE
2025-09-18 13:00:00+02:00;104,000;1,000;MESURE
2025-09-18 14:00:00+02:00;81,000;1,000;MESURE
2025-09-18 15:00:00+02:00;82,000;1,000;MESURE
2025-09-18 16:00:00+02:00;78,000;1,000;MESURE
2025-09-18 17:00:00+02:00;83,000;1,000;MESURE
2025-09-18 18:00:00+02:00;77,000;1,000;MESURE
2025-09-18 19:00:00+02:00;496,000;1,000;MESURE
2025-09-18 20:00:00+02:00;5744,000;1,000;MESURE
2025-09-18 21:00:00+02:00;5688,000;1,000;MESURE
2025-09-18 22:00:00+02:00;4898,000;1,000;MESURE
2025-09-18 23:00:00+02:00;4892,000;1,000;MESURE
2025-09-19 00:00:00+02:00;4882,000;1,000;MESURE
2025-09-19 01:00:00+02:00;4862,000;1,000;MESURE
2025-09-19 02:00:00+02:00;4874,000;1,000;MESURE
2025-09-19 03:00:00+02:00;4871,000;1,000;MESURE
2025-09-19 04:00:00+02:00;4868,000;1,000;MESURE
2025-09-19 05:00:00+02:00;5545,000;1,000;MESURE
2025-09-19 06:00:00+02:00;5551,000;1,000;MESURE
2025-09-19 07:00:00+02:00;393,000;1,000;MESURE
2025-09-19 08:00:00+02:00;92,000;1,000;MESURE
2025-09-19 09:00:00+02:00;94,000;1,000;MESURE
2025-09-19 10:00:00+02:00;91,000;1,000;MESURE
2025-09-19 11:00:00+02:00;126,000;1,000;MESURE
2025-09-19 12:00:00+02:00;119,000;1,000;MESURE
2025-09-19 13:00:00+02:00;96,000;1,000;MESURE
2025-09-19 14:00:00+02:00;87,000;1,000;MESURE
2025-09-19 15:00:00+02:00;84,000;1,000;MESURE
2025-09-19 16:00:00+02:00;87,000;1,000;MESURE
2025-09-19 17:00:00+02:00;99,000;1,000;MESURE
2025-09-19 18:00:00+02:00;72,000;1,000;MESURE
2025-09-19 19:00:00+02:00;678,000;1,000;MESURE
2025-09-19 20:00:00+02:00;5768,000;1,000;MESURE
2025-09-19 21:00:00+02:00;5732,000;1,000;MESURE
2025-09-19 22:00:00+02:00;5052,000;1,000;MESURE
2025-09-19 23:00:00+02:00;5031,000;1,000;MESURE
2025-09-20 00:00:00+02:00;5012,000;1,000;MESURE
2025-09-20 01:00:00+02:00;5006,000;1,000;MESURE
2025-09-20 02:00:00+02:00;4992,000;1,000;MESURE
2025-09-20 03:00:00+02:00;4994,000;1,000;MESURE
2025-09-20 04:00:00+02:00;5009,000;1,000;MESURE
2025-09-20 05:00:00+02:00;5676,000;1,000;MESURE
2025-09-20 06:00:00+02:00;5721,000;1,000;MESURE
2025-09-20 07:00:00+02:00;495,000;1,000;MESURE
2025-09-20 08:00:00+02:00;82,000;1,000;MESURE
2025-09-20 09:00:00+02:00;90,000;1,000;MESURE
2025-09-20 10:00:00+02:00;103,000;1,000;MESURE
2025-09-20 11:00:00+02:00;103,000;1,000;MESURE
2025-09-20 12:00:00+02:00;109,000;1,000;MESURE
2025-09-20 13:00:00+02:00;93,000;1,000;MESURE
2025-09-20 14:00:00+02:00;90,000;1,000;MESURE
2025-09-20 15:00:00+02:00;89,000;1,000;MESURE
2025-09-20 16:00:00+02:00;87,000;1,000;MESURE
2025-09-20 17:00:00+02:00;78,000;1,000;MESURE
2025-09-20 18:00:00+02:00;93,000;1,000;MESURE
2025-09-20 19:00:00+02:00;831,000;1,000;MESURE
2025-09-20 20:00:00+02:00;5785,000;1,000;MESURE
2025-09-20 21:00:00+02:00;5712,000;1,000;MESURE
2025-09-20 22:00:00+02:00;5028,000;1,000;MESURE
2025-09-20 23:00:00+02:00;5044,000;1,000;MESURE
2025-09-21 00:00:00+02:00;5000,000;1,000;MESURE
2025-09-21 01:00:00+02:00;4849,000;1,000;MESURE
2025-09-21 02:00:00+02:00;4835,000;1,000;MESURE
2025-09-21 03:00:00+02:00;4820,000;1,000;MESURE
2025-09-21 04:00:00+02:00;4819,000;1,000;MESURE
2025-09-21 05:00:00+02:00;5489,000;1,000;MESURE
2025-09-21 06:00:00+02:00;5508,000;1,000;MESURE
2025-09-21 07:00:00+02:00;555,000;1,000;MESURE
2025-09-21 08:00:00+02:00;73,000;1,000;MESURE
2025-09-21 09:00:00+02:00;93,000;1,000;MESURE
2025-09-21 10:00:00+02:00;73,000;1,000;MESURE
2025-09-21 11:00:00+02:00;87,000;1,000;MESURE
2025-09-21 12:00:00+02:00;84,000;1,000;MESURE
2025-09-21 13:00:00+02:00;74,000;1,000;MESURE
2025-09-21 14:00:00+02:00;100,000;1,000;MESURE
2025-09-21 15:00:00+02:00;73,000;1,000;MESURE
2025-09-21 16:00:00+02:00;73,000;1,000;MESURE
2025-09-21 17:00:00+02:00;73,000;1,000;MESURE
2025-09-21 18:00:00+02:00;73,000;1,000;MESURE
2025-09-21 19:00:00+02:00;1021,000;1,000;MESURE
2025-09-21 20:00:00+02:00;5764,000;1,000;MESURE
2025-09-21 21:00:00+02:00;5715,000;1,000;MESURE
2025-09-21 22:00:00+02:00;4916,000;1,000;MESURE
2025-09-21 23:00:00+02:00;4935,000;1,000;MESURE
2025-09-22 00:00:00+02:00;4925,000;1,000;MESURE
2025-09-22 01:00:00+02:00;4901,000;1,000;MESURE
2025-09-22 02:00:00+02:00;4895,000;1,000;MESURE
2025-09-22 03:00:00+02:00;4920,000;1,000;MESURE
2025-09-22 04:00:00+02:00;4907,000;1,000;MESURE
2025-09-22 05:00:00+02:00;5568,000;1,000;MESURE
2025-09-22 06:00:00+02:00;5578,000;1,000;MESURE
2025-09-22 07:00:00+02:00;744,000;1,000;MESURE
2025-09-22 08:00:00+02:00;94,000;1,000;MESURE
2025-09-22 09:00:00+02:00;85,000;1,000;MESURE
2025-09-22 10:00:00+02:00;95,000;1,000;MESURE
2025-09-22 11:00:00+02:00;76,000;1,000;MESURE
2025-09-22 12:00:00+02:00;75,000;1,000;MESURE
2025-09-22 13:00:00+02:00;95,000;1,000;MESURE
2025-09-22 14:00:00+02:00;77,000;1,000;MESURE
2025-09-22 15:00:00+02:00;78,000;1,000;MESURE
2025-09-22 16:00:00+02:00;77,000;1,000;MESURE
2025-09-22 17:00:00+02:00;112,000;1,000;MESURE
2025-09-22 18:00:00+02:00;79,000;1,000;MESURE
2025-09-22 19:00:00+02:00;1260,000;1,000;MESURE
2025-09-22 20:00:00+02:00;5838,000;1,000;MESURE
2025-09-22 21:00:00+02:00;5738,000;1,000;MESURE
2025-09-22 22:00:00+02:00;5063,000;1,000;MESURE
2025-09-22 23:00:00+02:00;4978,000;1,000;MESURE
2025-09-23 00:00:00+02:00;4912,000;1,000;MESURE
2025-09-23 01:00:00+02:00;4898,000;1,000;MESURE
2025-09-23 02:00:00+02:00;4893,000;1,000;MESURE
2025-09-23 03:00:00+02:00;4895,000;1,000;MESURE
2025-09-23 04:00:00+02:00;4891,000;1,000;MESURE
2025-09-23 05:00:00+02:00;5560,000;1,000;MESURE
2025-09-23 06:00:00+02:00;5587,000;1,000;MESURE
2025-09-23 07:00:00+02:00;819,000;1,000;MESURE
2025-09-23 08:00:00+02:00;78,000;1,000;MESURE
2025-09-23 09:00:00+02:00;85,000;1,000;MESURE
2025-09-23 10:00:00+02:00;86,000;1,000;MESURE
2025-09-23 11:00:00+02:00;87,000;1,000;MESURE
2025-09-23 12:00:00+02:00;101,000;1,000;MESURE
2025-09-23 13:00:00+02:00;94,000;1,000;MESURE
2025-09-23 14:00:00+02:00;84,000;1,000;MESURE
2025-09-23 15:00:00+02:00;106,000;1,000;MESURE
2025-09-23 16:00:00+02:00;77,000;1,000;MESURE
2025-09-23 17:00:00+02:00;90,000;1,000;MESURE
2025-09-23 18:00:00+02:00;95,000;1,000;MESURE
2025-09-23 19:00:00+02:00;1479,000;1,000;MESURE
2025-09-23 20:00:00+02:00;5817,000;1,000;MESURE
2025-09-23 21:00:00+02:00;5762,000;1,000;MESURE
2025-09-23 22:00:00+02:00;5073,000;1,000;MESURE
2025-09-23 23:00:00+02:00;4982,000;1,000;MESURE
2025-09-24 00:00:00+02:00;4937,000;1,000;MESURE
2025-09-24 01:00:00+02:00;4905,000;1,000;MESURE
2025-09-24 02:00:00+02:00;4917,000;1,000;MESURE
2025-09-24 03:00:00+02:00;4900,000;1,000;MESURE
2025-09-24 04:00:00+02:00;4901,000;1,000;MESURE
2025-09-24 05:00:00+02:00;5581,000;1,000;MESURE
2025-09-24 06:00:00+02:00;5584,000;1,000;MESURE
2025-09-24 07:00:00+02:00;920,000;1,000;MESURE
2025-09-24 08:00:00+02:00;78,000;1,000;MESURE
2025-09-24 09:00:00+02:00;87,000;1,000;MESURE
2025-09-24 10:00:00+02:00;85,000;1,000;MESURE
2025-09-24 11:00:00+02:00;91,000;1,000;MESURE
2025-09-24 12:00:00+02:00;91,000;1,000;MESURE
2025-09-24 13:00:00+02:00;91,000;1,000;MESURE
2025-09-24 14:00:00+02:00;111,000;1,000;MESURE
2025-09-24 15:00:00+02:00;91,000;1,000;MESURE
2025-09-24 16:00:00+02:00;90,000;1,000;MESURE
2025-09-24 17:00:00+02:00;82,000;1,000;MESURE
2025-09-24 18:00:00+02:00;103,000;1,000;MESURE
2025-09-24 19:00:00+02:00;1681,000;1,000;MESURE
2025-09-24 20:00:00+02:00;5804,000;1,000;MESURE
2025-09-24 21:00:00+02:00;5634,000;1,000;MESURE
2025-09-24 22:00:00+02:00;4918,000;1,000;MESURE
2025-09-24 23:00:00+02:00;4926,000;1,000;MESURE
2025-09-25 00:00:00+02:00;4916,000;1,000;MESURE
2025-09-25 01:00:00+02:00;4909,000;1,000;MESURE
2025-09-25 02:00:00+02:00;4902,000;1,000;MESURE
2025-09-25 03:00:00+02:00;4877,000;1,000;MESURE
2025-09-25 04:00:00+02:00;4882,000;1,000;MESURE
2025-09-25 05:00:00+02:00;5574,000;1,000;MESURE
2025-09-25 06:00:00+02:00;5582,000;1,000;MESURE
2025-09-25 07:00:00+02:00;1109,000;1,000;MESURE
2025-09-25 08:00:00+02:00;85,000;1,000;MESURE
2025-09-25 09:00:00+02:00;86,000;1,000;MESURE
2025-09-25 10:00:00+02:00;89,000;1,000;MESURE
2025-09-25 11:00:00+02:00;110,000;1,000;MESURE
2025-09-25 12:00:00+02:00;91,000;1,000;MESURE
2025-09-25 13:00:00+02:00;109,000;1,000;MESURE
2025-09-25 14:00:00+02:00;82,000;1,000;MESURE
2025-09-25 15:00:00+02:00;91,000;1,000;MESURE
2025-09-25 16:00:00+02:00;101,000;1,000;MESURE
2025-09-25 17:00:00+02:00;84,000;1,000;MESURE
2025-09-25 18:00:00+02:00;84,000;1,000;MESURE
2025-09-25 19:00:00+02:00;1824,000;1,000;MESURE
2025-09-25 20:00:00+02:00;5774,000;1,000;MESURE
2025-09-25 21:00:00+02:00;5699,000;1,000;MESURE
2025-09-25 22:00:00+02:00;4931,000;1,000;MESURE
2025-09-25 23:00:00+02:00;4925,000;1,000;MESURE
2025-09-26 00:00:00+02:00;4914,000;1,000;MESURE
2025-09-26 01:00:00+02:00;4892,000;1,000;MESURE
2025-09-26 02:00:00+02:00;4888,000;1,000;MESURE
2025-09-26 03:00:00+02:00;4889,000;1,000;MESURE
2025-09-26 04:00:00+02:00;4892,000;1,000;MESURE
2025-09-26 05:00:00+02:00;5572,000;1,000;MESURE
2025-09-26 06:00:00+02:00;5582,000;1,000;MESURE
2025-09-26 07:00:00+02:00;1203,000;1,000;MESURE
2025-09-26 08:00:00+02:00;87,000;1,000;MESURE
2025-09-26 09:00:00+02:00;89,000;1,000;MESURE
2025-09-26 10:00:00+02:00;79,000;1,000;MESURE
2025-09-26 11:00:00+02:00;102,000;1,000;MESURE
2025-09-26 12:00:00+02:00;92,000;1,000;MESURE
2025-09-26 13:00:00+02:00;95,000;1,000;MESURE
2025-09-26 14:00:00+02:00;97,000;1,000;MESURE
2025-09-26 15:00:00+02:00;86,000;1,000;MESURE
2025-09-26 16:00:00+02:00;79,000;1,000;MESURE
2025-09-26 17:00:00+02:00;79,000;1,000;MESURE
2025-09-26 18:00:00+02:00;101,000;1,000;MESURE
2025-09-26 19:00:00+02:00;2016,000;1,000;MESURE
2025-09-26 20:00:00+02:00;5773,000;1,000;MESURE
2025-09-26 21:00:00+02:00;5722,000;1,000;MESURE
2025-09-26 22:00:00+02:00;4978,000;1,000;MESURE
2025-09-26 23:00:00+02:00;4921,000;1,000;MESURE
2025-09-27 00:00:00+02:00;4898,000;1,000;MESURE
2025-09-27 01:00:00+02:00;4874,000;1,000;MESURE
2025-09-27 02:00:00+02:00;4865,000;1,000;MESURE
2025-09-27 03:00:00+02:00;4872,000;1,000;MESURE
2025-09-27 04:00:00+02:00;4872,000;1,000;MESURE
2025-09-27 05:00:00+02:00;5550,000;1,000;MESURE
2025-09-27 06:00:00+02:00;5574,000;1,000;MESURE
2025-09-27 07:00:00+02:00;1287,000;1,000;MESURE
2025-09-27 08:00:00+02:00;94,000;1,000;MESURE
2025-09-27 09:00:00+02:00;94,000;1,000;MESURE
2025-09-27 10:00:00+02:00;114,000;1,000;MESURE
2025-09-27 11:00:00+02:00;101,000;1,000;MESURE
2025-09-27 12:00:00+02:00;95,000;1,000;MESURE
2025-09-27 13:00:00+02:00;109,000;1,000;MESURE
2025-09-27 14:00:00+02:00;93,000;1,000;MESURE
2025-09-27 15:00:00+02:00;76,000;1,000;MESURE
2025-09-27 16:00:00+02:00;96,000;1,000;MESURE
2025-09-27 17:00:00+02:00;96,000;1,000;MESURE
2025-09-27 18:00:00+02:00;83,000;1,000;MESURE
2025-09-27 19:00:00+02:00;2226,000;1,000;MESURE
2025-09-27 20:00:00+02:00;5825,000;1,000;MESURE
2025-09-27 21:00:00+02:00;5790,000;1,000;MESURE
2025-09-27 22:00:00+02:00;4941,000;1,000;MESURE
2025-09-27 23:00:00+02:00;4900,000;1,000;MESURE
2025-09-28 00:00:00+02:00;4888,000;1,000;MESURE
2025-09-28 01:00:00+02:00;4873,000;1,000;MESURE
2025-09-28 02:00:00+02:00;4870,000;1,000;MESURE
2025-09-28 03:00:00+02:00;4867,000;1,000;MESURE
2025-09-28 04:00:00+02:00;4860,000;1,000;MESURE
2025-09-28 05:00:00+02:00;5530,000;1,000;MESURE
2025-09-28 06:00:00+02:00;5536,000;1,000;MESURE
2025-09-28 07:00:00+02:00;1370,000;1,000;MESURE
2025-09-28 08:00:00+02:00;78,000;1,000;MESURE
2025-09-28 09:00:00+02:00;78,000;1,000;MESURE
2025-09-28 10:00:00+02:00;101,000;1,000;MESURE
2025-09-28 11:00:00+02:00;78,000;1,000;MESURE
2025-09-28 12:00:00+02:00;88,000;1,000;MESURE
2025-09-28 13:00:00+02:00;84,000;1,000;MESURE
2025-09-28 14:00:00+02:00;83,000;1,000;MESURE
2025-09-28 15:00:00+02:00;98,000;1,000;MESURE
2025-09-28 16:00:00+02:00;94,000;1,000;MESURE
2025-09-28 17:00:00+02:00;90,000;1,000;MESURE
2025-09-28 18:00:00+02:00;83,000;1,000;MESURE
2025-09-28 19:00:00+02:00;2341,000;1,000;MESURE
2025-09-28 20:00:00+02:00;5708,000;1,000;MESURE
2025-09-28 21:00:00+02:00;5678,000;1,000;MESURE
2025-09-28 22:00:00+02:00;4888,000;1,000;MESURE
2025-09-28 23:00:00+02:00;4895,000;1,000;MESURE
2025-09-29 00:00:00+02:00;4881,000;1,000;MESURE
2025-09-29 01:00:00+02:00;4879,000;1,000;MESURE
2025-09-29 02:00:00+02:00;4874,000;1,000;MESURE
2025-09-29 03:00:00+02:00;4901,000;1,000;MESURE
2025-09-29 04:00:00+02:00;4896,000;1,000;MESURE
2025-09-29 05:00:00+02:00;5570,000;1,000;MESURE
2025-09-29 06:00:00+02:00;5581,000;1,000;MESURE
2025-09-29 07:00:00+02:00;1576,000;1,000;MESURE
2025-09-29 08:00:00+02:00;87,000;1,000;MESURE
2025-09-29 09:00:00+02:00;79,000;1,000;MESURE
2025-09-29 10:00:00+02:00;112,000;1,000;MESURE
2025-09-29 11:00:00+02:00;90,000;1,000;MESURE
2025-09-29 12:00:00+02:00;85,000;1,000;MESURE
2025-09-29 13:00:00+02:00;77,000;1,000;MESURE
2025-09-29 14:00:00+02:00;92,000;1,000;MESURE
2025-09-29 15:00:00+02:00;205,000;1,000;MESURE
2025-09-29 16:00:00+02:00;93,000;1,000;MESURE
2025-09-29 17:00:00+02:00;94,000;1,000;MESURE
2025-09-29 18:00:00+02:00;94,000;1,000;MESURE
2025-09-29 19:00:00+02:00;2547,000;1,000;MESURE
2025-09-29 20:00:00+02:00;5731,000;1,000;MESURE
2025-09-29 21:00:00+02:00;5670,000;1,000;MESURE
2025-09-29 22:00:00+02:00;4926,000;1,000;MESURE
2025-09-29 23:00:00+02:00;4938,000;1,000;MESURE
2025-09-30 00:00:00+02:00;4912,000;1,000;MESURE
2025-09-30 01:00:00+02:00;4891,000;1,000;MESURE
2025-09-30 02:00:00+02:00;4881,000;1,000;MESURE
2025-09-30 03:00:00+02:00;4888,000;1,000;MESURE
2025-09-30 04:00:00+02:00;4894,000;1,000;MESURE
2025-09-30 05:00:00+02:00;5577,000;1,000;MESURE
2025-09-30 06:00:00+02:00;5602,000;1,000;MESURE
2025-09-30 07:00:00+02:00;1658,000;1,000;MESURE
2025-09-30 08:00:00+02:00;91,000;1,000;MESURE
2025-09-30 09:00:00+02:00;80,000;1,000;MESURE
2025-09-30 10:00:00+02:00;88,000;1,000;MESURE
2025-09-30 11:00:00+02:00;101,000;1,000;MESURE
2025-09-30 12:00:00+02:00;89,000;1,000;MESURE
2025-09-30 13:00:00+02:00;94,000;1,000;MESURE
2025-09-30 14:00:00+02:00;91,000;1,000;MESURE
2025-09-30 15:00:00+02:00;89,000;1,000;MESURE
2025-09-30 16:00:00+02:00;99,000;1,000;MESURE
2025-09-30 17:00:00+02:00;84,000;1,000;MESURE
2025-09-30 18:00:00+02:00;106,000;1,000;MESURE
2025-09-30 19:00:00+02:00;2782,000;1,000;MESURE
2025-09-30 20:00:00+02:00;5775,000;1,000;MESURE
2025-09-30 21:00:00+02:00;5731,000;1,000;MESURE
2025-09-30 22:00:00+02:00;4945,000;1,000;MESURE
2025-09-30 23:00:00+02:00;4943,000;1,000;MESURE
2025-10-01 00:00:00+02:00;4930,000;1,000;MESURE
2025-10-01 01:00:00+02:00;4911,000;1,000;MESURE
2025-10-01 02:00:00+02:00;4916,000;1,000;MESURE
2025-10-01 03:00:00+02:00;4900,000;1,000;MESURE
2025-10-01 04:00:00+02:00;4902,000;1,000;MESURE
2025-10-01 05:00:00+02:00;5578,000;1,000;MESURE
2025-10-01 06:00:00+02:00;5597,000;1,000;MESURE
2025-10-01 07:00:00+02:00;1750,000;1,000;MESURE
2025-10-01 08:00:00+02:00;79,000;1,000;MESURE
2025-10-01 09:00:00+02:00;101,000;1,000;MESURE
2025-10-01 10:00:00+02:00;103,000;1,000;MESURE
2025-10-01 11:00:00+02:00;88,000;1,000;MESURE
2025-10-01 12:00:00+02:00;85,000;1,000;MESURE
2025-10-01 13:00:00+02:00;80,000;1,000;MESURE
2025-10-01 14:00:00+02:00;76,000;1,000;MESURE
2025-10-01 15:00:00+02:00;82,000;1,000;MESURE
2025-10-01 16:00:00+02:00;83,000;1,000;MESURE
2025-10-01 17:00:00+02:00;107,000;1,000;MESURE
2025-10-01 18:00:00+02:00;76,000;1,000;MESURE
2025-10-01 19:00:00+02:00;3082,000;1,000;MESURE
2025-10-01 20:00:00+02:00;6022,000;1,000;MESURE
2025-10-01 21:00:00+02:00;6000,000;1,000;MESURE
2025-10-01 22:00:00+02:00;5312,000;1,000;MESURE
2025-10-01 23:00:00+02:00;5307,000;1,000;MESURE
2025-10-02 00:00:00+02:00;5084,000;1,000;MESURE
2025-10-02 01:00:00+02:00;4921,000;1,000;MESURE
2025-10-02 02:00:00+02:00;4910,000;1,000;MESURE
2025-10-02 03:00:00+02:00;4902,000;1,000;MESURE
2025-10-02 04:00:00+02:00;4911,000;1,000;MESURE
2025-10-02 05:00:00+02:00;5589,000;1,000;MESURE
2025-10-02 06:00:00+02:00;5826,000;1,000;MESURE
2025-10-02 07:00:00+02:00;2004,000;1,000;MESURE
2025-10-02 08:00:00+02:00;81,000;1,000;MESURE
2025-10-02 09:00:00+02:00;89,000;1,000;MESURE
2025-10-02 10:00:00+02:00;81,000;1,000;MESURE
2025-10-02 11:00:00+02:00;110,000;1,000;MESURE
2025-10-02 12:00:00+02:00;101,000;1,000;MESURE
2025-10-02 13:00:00+02:00;84,000;1,000;MESURE
2025-10-02 14:00:00+02:00;104,000;1,000;MESURE
2025-10-02 15:00:00+02:00;93,000;1,000;MESURE
2025-10-02 16:00:00+02:00;82,000;1,000;MESURE
2025-10-02 17:00:00+02:00;103,000;1,000;MESURE
2025-10-02 18:00:00+02:00;84,000;1,000;MESURE
2025-10-02 19:00:00+02:00;3306,000;1,000;MESURE
2025-10-02 20:00:00+02:00;6029,000;1,000;MESURE
2025-10-02 21:00:00+02:00;5975,000;1,000;MESURE
2025-10-02 22:00:00+02:00;5331,000;1,000;MESURE
2025-10-02 23:00:00+02:00;5309,000;1,000;MESURE
2025-10-03 00:00:00+02:00;4952,000;1,000;MESURE
2025-10-03 01:00:00+02:00;4947,000;1,000;MESURE
2025-10-03 02:00:00+02:00;4943,000;1,000;MESURE
2025-10-03 03:00:00+02:00;4939,000;1,000;MESURE
2025-10-03 04:00:00+02:00;4937,000;1,000;MESURE
2025-10-03 05:00:00+02:00;5605,000;1,000;MESURE
2025-10-03 06:00:00+02:00;5807,000;1,000;MESURE
2025-10-03 07:00:00+02:00;2106,000;1,000;MESURE
2025-10-03 08:00:00+02:00;89,000;1,000;MESURE
2025-10-03 09:00:00+02:00;80,000;1,000;MESURE
2025-10-03 10:00:00+02:00;81,000;1,000;MESURE
2025-10-03 11:00:00+02:00;88,000;1,000;MESURE
2025-10-03 12:00:00+02:00;101,000;1,000;MESURE
2025-10-03 13:00:00+02:00;87,000;1,000;MESURE
2025-10-03 14:00:00+02:00;79,000;1,000;MESURE
2025-10-03 15:00:00+02:00;92,000;1,000;MESURE
2025-10-03 16:00:00+02:00;96,000;1,000;MESURE
2025-10-03 17:00:00+02:00;103,000;1,000;MESURE
2025-10-03 18:00:00+02:00;86,000;1,000;MESURE
2025-10-03 19:00:00+02:00;3531,000;1,000;MESURE
2025-10-03 20:00:00+02:00;5971,000;1,000;MESURE
2025-10-03 21:00:00+02:00;5969,000;1,000;MESURE
2025-10-03 22:00:00+02:00;5250,000;1,000;MESURE
2025-10-03 23:00:00+02:00;5143,000;1,000;MESURE
2025-10-04 00:00:00+02:00;4919,000;1,000;MESURE
2025-10-04 01:00:00+02:00;4887,000;1,000;MESURE
2025-10-04 02:00:00+02:00;4877,000;1,000;MESURE
2025-10-04 03:00:00+02:00;4882,000;1,000;MESURE
2025-10-04 04:00:00+02:00;4900,000;1,000;MESURE
2025-10-04 05:00:00+02:00;5570,000;1,000;MESURE
2025-10-04 06:00:00+02:00;5804,000;1,000;MESURE
2025-10-04 07:00:00+02:00;2189,000;1,000;MESURE
2025-10-04 08:00:00+02:00;79,000;1,000;MESURE
2025-10-04 09:00:00+02:00;98,000;1,000;MESURE
2025-10-04 10:00:00+02:00;103,000;1,000;MESURE
2025-10-04 11:00:00+02:00;115,000;1,000;MESURE
2025-10-04 12:00:00+02:00;98,000;1,000;MESURE
2025-10-04 13:00:00+02:00;117,000;1,000;MESURE
2025-10-04 14:00:00+02:00;98,000;1,000;MESURE
2025-10-04 15:00:00+02:00;99,000;1,000;MESURE
2025-10-04 16:00:00+02:00;91,000;1,000;MESURE
2025-10-04 17:00:00+02:00;79,000;1,000;MESURE
2025-10-04 18:00:00+02:00;92,000;1,000;MESURE
2025-10-04 19:00:00+02:00;3719,000;1,000;MESURE
2025-10-04 20:00:00+02:00;6015,000;1,000;MESURE
2025-10-04 21:00:00+02:00;5953,000;1,000;MESURE
2025-10-04 22:00:00+02:00;5306,000;1,000;MESURE
2025-10-04 23:00:00+02:00;5295,000;1,000;MESURE
2025-10-05 00:00:00+02:00;5077,000;1,000;MESURE
2025-10-05 01:00:00+02:00;5064,000;1,000;MESURE
2025-10-05 02:00:00+02:00;5094,000;1,000;MESURE
2025-10-05 03:00:00+02:00;5089,000;1,000;MESURE
2025-10-05 04:00:00+02:00;5076,000;1,000;MESURE
2025-10-05 05:00:00+02:00;5740,000;1,000;MESURE
2025-10-05 06:00:00+02:00;5873,000;1,000;MESURE
2025-10-05 07:00:00+02:00;2317,000;1,000;MESURE
2025-10-05 08:00:00+02:00;99,000;1,000;MESURE
2025-10-05 09:00:00+02:00;90,000;1,000;MESURE
2025-10-05 10:00:00+02:00;115,000;1,000;MESURE
2025-10-05 11:00:00+02:00;95,000;1,000;MESURE
2025-10-05 12:00:00+02:00;118,000;1,000;MESURE
2025-10-05 13:00:00+02:00;95,000;1,000;MESURE
2025-10-05 14:00:00+02:00;94,000;1,000;MESURE
2025-10-05 15:00:00+02:00;109,000;1,000;MESURE
2025-10-05 16:00:00+02:00;107,000;1,000;MESURE
2025-10-05 17:00:00+02:00;91,000;1,000;MESURE
2025-10-05 18:00:00+02:00;95,000;1,000;MESURE
2025-10-05 19:00:00+02:00;3924,000;1,000;MESURE
2025-10-05 20:00:00+02:00;5979,000;1,000;MESURE
2025-10-05 21:00:00+02:00;5956,000;1,000;MESURE
2025-10-05 22:00:00+02:00;5252,000;1,000;MESURE
2025-10-05 23:00:00+02:00;5248,000;1,000;MESURE
2025-10-06 00:00:00+02:00;5042,000;1,000;MESURE
2025-10-06 01:00:00+02:00;4920,000;1,000;MESURE
2025-10-06 02:00:00+02:00;4886,000;1,000;MESURE
2025-10-06 03:00:00+02:00;4890,000;1,000;MESURE
2025-10-06 04:00:00+02:00;4886,000;1,000;MESURE
2025-10-06 05:00:00+02:00;5555,000;1,000;MESURE
2025-10-06 06:00:00+02:00;5783,000;1,000;MESURE
2025-10-06 07:00:00+02:00;2464,000;1,000;MESURE
2025-10-06 08:00:00+02:00;94,000;1,000;MESURE
2025-10-06 09:00:00+02:00;96,000;1,000;MESURE
2025-10-06 10:00:00+02:00;87,000;1,000;MESURE
2025-10-06 11:00:00+02:00;108,000;1,000;MESURE
2025-10-06 12:00:00+02:00;85,000;1,000;MESURE
2025-10-06 13:00:00+02:00;93,000;1,000;MESURE
2025-10-06 14:00:00+02:00;104,000;1,000;MESURE
2025-10-06 15:00:00+02:00;96,000;1,000;MESURE
2025-10-06 16:00:00+02:00;77,000;1,000;MESURE
2025-10-06 17:00:00+02:00;105,000;1,000;MESURE
2025-10-06 18:00:00+02:00;92,000;1,000;MESURE
2025-10-06 19:00:00+02:00;4146,000;1,000;MESURE
2025-10-06 20:00:00+02:00;5978,000;1,000;MESURE
2025-10-06 21:00:00+02:00;5948,000;1,000;MESURE
2025-10-06 22:00:00+02:00;5264,000;1,000;MESURE
2025-10-06 23:00:00+02:00;5278,000;1,000;MESURE
2025-10-07 00:00:00+02:00;5079,000;1,000;MESURE
2025-10-07 01:00:00+02:00;5052,000;1,000;MESURE
2025-10-07 02:00:00+02:00;5056,000;1,000;MESURE
2025-10-07 03:00:00+02:00;5061,000;1,000;MESURE
2025-10-07 04:00:00+02:00;5064,000;1,000;MESURE
2025-10-07 05:00:00+02:00;5732,000;1,000;MESURE
2025-10-07 06:00:00+02:00;5854,000;1,000;MESURE
2025-10-07 07:00:00+02:00;2593,000;1,000;MESURE
2025-10-07 08:00:00+02:00;139,000;1,000;MESURE
2025-10-07 09:00:00+02:00;90,000;1,000;MESURE
2025-10-07 10:00:00+02:00;99,000;1,000;MESURE
2025-10-07 11:00:00+02:00;80,000;1,000;MESURE
2025-10-07 12:00:00+02:00;107,000;1,000;MESURE
2025-10-07 13:00:00+02:00;86,000;1,000;MESURE
2025-10-07 14:00:00+02:00;92,000;1,000;MESURE
2025-10-07 15:00:00+02:00;106,000;1,000;MESURE
2025-10-07 16:00:00+02:00;85,000;1,000;MESURE
2025-10-07 17:00:00+02:00;89,000;1,000;MESURE
2025-10-07 18:00:00+02:00;84,000;1,000;MESURE
2025-10-07 19:00:00+02:00;4276,000;1,000;MESURE
2025-10-07 20:00:00+02:00;5918,000;1,000;MESURE
2025-10-07 21:00:00+02:00;5943,000;1,000;MESURE
2025-10-07 22:00:00+02:00;5292,000;1,000;MESURE
2025-10-07 23:00:00+02:00;5244,000;1,000;MESURE
2025-10-08 00:00:00+02:00;4937,000;1,000;MESURE
2025-10-08 01:00:00+02:00;4920,000;1,000;MESURE
2025-10-08 02:00:00+02:00;4918,000;1,000;MESURE
2025-10-08 03:00:00+02:00;4919,000;1,000;MESURE
2025-10-08 04:00:00+02:00;4919,000;1,000;MESURE
2025-10-08 05:00:00+02:00;5595,000;1,000;MESURE
2025-10-08 06:00:00+02:00;5825,000;1,000;MESURE
2025-10-08 07:00:00+02:00;2705,000;1,000;MESURE
2025-10-08 08:00:00+02:00;80,000;1,000;MESURE
2025-10-08 09:00:00+02:00;92,000;1,000;MESURE
2025-10-08 10:00:00+02:00;87,000;1,000;MESURE
2025-10-08 11:00:00+02:00;91,000;1,000;MESURE
2025-10-08 12:00:00+02:00;85,000;1,000;MESURE
2025-10-08 13:00:00+02:00;95,000;1,000;MESURE
2025-10-08 14:00:00+02:00;92,000;1,000;MESURE
2025-10-08 15:00:00+02:00;88,000;1,000;MESURE
2025-10-08 16:00:00+02:00;98,000;1,000;MESURE
2025-10-08 17:00:00+02:00;77,000;1,000;MESURE
2025-10-08 18:00:00+02:00;110,000;1,000;MESURE
2025-10-08 19:00:00+02:00;4343,000;1,000;MESURE
2025-10-08 20:00:00+02:00;6018,000;1,000;MESURE
2025-10-08 21:00:00+02:00;5903,000;1,000;MESURE
2025-10-08 22:00:00+02:00;5246,000;1,000;MESURE
2025-10-08 23:00:00+02:00;5151,000;1,000;MESURE
2025-10-09 00:00:00+02:00;4932,000;1,000;MESURE
2025-10-09 01:00:00+02:00;4899,000;1,000;MESURE
2025-10-09 02:00:00+02:00;4882,000;1,000;MESURE
2025-10-09 03:00:00+02:00;4875,000;1,000;MESURE
2025-10-09 04:00:00+02:00;4893,000;1,000;MESURE
2025-10-09 05:00:00+02:00;5574,000;1,000;MESURE
2025-10-09 06:00:00+02:00;5794,000;1,000;MESURE
2025-10-09 07:00:00+02:00;2867,000;1,000;MESURE
2025-10-09 08:00:00+02:00;99,000;1,000;MESURE
2025-10-09 09:00:00+02:00;93,000;1,000;MESURE
2025-10-09 10:00:00+02:00;92,000;1,000;MESURE
2025-10-09 11:00:00+02:00;93,000;1,000;MESURE
2025-10-09 12:00:00+02:00;109,000;1,000;MESURE
2025-10-09 13:00:00+02:00;107,000;1,000;MESURE
2025-10-09 14:00:00+02:00;95,000;1,000;MESURE
2025-10-09 15:00:00+02:00;89,000;1,000;MESURE
2025-10-09 16:00:00+02:00;88,000;1,000;MESURE
2025-10-09 17:00:00+02:00;77,000;1,000;MESURE
2025-10-09 18:00:00+02:00;130,000;1,000;MESURE
2025-10-09 19:00:00+02:00;4537,000;1,000;MESURE
2025-10-09 20:00:00+02:00;5930,000;1,000;MESURE
2025-10-09 21:00:00+02:00;5919,000;1,000;MESURE
2025-10-09 22:00:00+02:00;5283,000;1,000;MESURE
2025-10-09 23:00:00+02:00;5272,000;1,000;MESURE
2025-10-10 00:00:00+02:00;5062,000;1,000;MESURE
2025-10-10 01:00:00+02:00;5059,000;1,000;MESURE
2025-10-10 02:00:00+02:00;5047,000;1,000;MESURE
2025-10-10 03:00:00+02:00;5046,000;1,000;MESURE
2025-10-10 04:00:00+02:00;4978,000;1,000;MESURE
2025-10-10 05:00:00+02:00;5576,000;1,000;MESURE
2025-10-10 06:00:00+02:00;5809,000;1,000;MESURE
2025-10-10 07:00:00+02:00;2956,000;1,000;MESURE
2025-10-10 08:00:00+02:00;78,000;1,000;MESURE
2025-10-10 09:00:00+02:00;87,000;1,000;MESURE
2025-10-10 10:00:00+02:00;88,000;1,000;MESURE
2025-10-10 11:00:00+02:00;86,000;1,000;MESURE
2025-10-10 12:00:00+02:00;77,000;1,000;MESURE
2025-10-10 13:00:00+02:00;103,000;1,000;MESURE
2025-10-10 14:00:00+02:00;98,000;1,000;MESURE
2025-10-10 15:00:00+02:00;100,000;1,000;MESURE
2025-10-10 16:00:00+02:00;107,000;1,000;MESURE
2025-10-10 17:00:00+02:00;96,000;1,000;MESURE
2025-10-10 18:00:00+02:00;157,000;1,000;MESURE
2025-10-10 19:00:00+02:00;4684,000;1,000;MESURE
2025-10-10 20:00:00+02:00;5938,000;1,000;MESURE
2025-10-10 21:00:00+02:00;5959,000;1,000;MESURE
2025-10-10 22:00:00+02:00;5239,000;1,000;MESURE
2025-10-10 23:00:00+02:00;5136,000;1,000;MESURE
2025-10-11 00:00:00+02:00;4917,000;1,000;MESURE
2025-10-11 01:00:00+02:00;4902,000;1,000;MESURE
2025-10-11 02:00:00+02:00;4892,000;1,000;MESURE
2025-10-11 03:00:00+02:00;4880,000;1,000;MESURE
2025-10-11 04:00:00+02:00;4891,000;1,000;MESURE
2025-10-11 05:00:00+02:00;5568,000;1,000;MESURE
2025-10-11 06:00:00+02:00;5807,000;1,000;MESURE
2025-10-11 07:00:00+02:00;3058,000;1,000;MESURE
2025-10-11 08:00:00+02:00;78,000;1,000;MESURE
2025-10-11 09:00:00+02:00;80,000;1,000;MESURE
2025-10-11 10:00:00+02:00;111,000;1,000;MESURE
2025-10-11 11:00:00+02:00;79,000;1,000;MESURE
2025-10-11 12:00:00+02:00;98,000;1,000;MESURE
2025-10-11 13:00:00+02:00;88,000;1,000;MESURE
2025-10-11 14:00:00+02:00;101,000;1,000;MESURE
2025-10-11 15:00:00+02:00;121,000;1,000;MESURE
2025-10-11 16:00:00+02:00;92,000;1,000;MESURE
2025-10-11 17:00:00+02:00;88,000;1,000;MESURE
2025-10-11 18:00:00+02:00;194,000;1,000;MESURE
2025-10-11 19:00:00+02:00;4922,000;1,000;MESURE
2025-10-11 20:00:00+02:00;5992,000;1,000;MESURE
2025-10-11 21:00:00+02:00;5976,000;1,000;MESURE
2025-10-11 22:00:00+02:00;5309,000;1,000;MESURE
2025-10-11 23:00:00+02:00;5212,000;1,000;MESURE
2025-10-12 00:00:00+02:00;4930,000;1,000;MESURE
2025-10-12 01:00:00+02:00;4900,000;1,000;MESURE
2025-10-12 02:00:00+02:00;4920,000;1,000;MESURE
2025-10-12 03:00:00+02:00;4903,000;1,000;MESURE
2025-10-12 04:00:00+02:00;4908,000;1,000;MESURE
2025-10-12 05:00:00+02:00;5582,000;1,000;MESURE
2025-10-12 06:00:00+02:00;5799,000;1,000;MESURE
2025-10-12 07:00:00+02:00;3238,000;1,000;MESURE
2025-10-12 08:00:00+02:00;78,000;1,000;MESURE
2025-10-12 09:00:00+02:00;86,000;1,000;MESURE
2025-10-12 10:00:00+02:00;88,000;1,000;MESURE
2025-10-12 11:00:00+02:00;88,000;1,000;MESURE
2025-10-12 12:00:00+02:00;114,000;1,000;MESURE
2025-10-12 13:00:00+02:00;86,000;1,000;MESURE
2025-10-12 14:00:00+02:00;94,000;1,000;MESURE
2025-10-12 15:00:00+02:00;92,000;1,000;MESURE
2025-10-12 16:00:00+02:00;100,000;1,000;MESURE
2025-10-12 17:00:00+02:00;78,000;1,000;MESURE
2025-10-12 18:00:00+02:00;236,000;1,000;MESURE
2025-10-12 19:00:00+02:00;5008,000;1,000;MESURE
2025-10-12 20:00:00+02:00;5939,000;1,000;MESURE
2025-10-12 21:00:00+02:00;5971,000;1,000;MESURE
2025-10-12 22:00:00+02:00;5308,000;1,000;MESURE
2025-10-12 23:00:00+02:00;5294,000;1,000;MESURE
2025-10-13 00:00:00+02:00;5090,000;1,000;MESURE
2025-10-13 01:00:00+02:00;5053,000;1,000;MESURE
2025-10-13 02:00:00+02:00;4921,000;1,000;MESURE
2025-10-13 03:00:00+02:00;4926,000;1,000;MESURE
2025-10-13 04:00:00+02:00;4921,000;1,000;MESURE
2025-10-13 05:00:00+02:00;5592,000;1,000;MESURE
2025-10-13 06:00:00+02:00;5819,000;1,000;MESURE
2025-10-13 07:00:00+02:00;3350,000;1,000;MESURE
2025-10-13 08:00:00+02:00;79,000;1,000;MESURE
2025-10-13 09:00:00+02:00;95,000;1,000;MESURE
2025-10-13 10:00:00+02:00;87,000;1,000;MESURE
2025-10-13 11:00:00+02:00;86,000;1,000;MESURE
2025-10-13 12:00:00+02:00;102,000;1,000;MESURE
2025-10-13 13:00:00+02:00;79,000;1,000;MESURE
2025-10-13 14:00:00+02:00;97,000;1,000;MESURE
2025-10-13 15:00:00+02:00;78,000;1,000;MESURE
2025-10-13 16:00:00+02:00;93,000;1,000;MESURE
2025-10-13 17:00:00+02:00;86,000;1,000;MESURE
2025-10-13 18:00:00+02:00;256,000;1,000;MESURE
2025-10-13 19:00:00+02:00;5182,000;1,000;MESURE
2025-10-13 20:00:00+02:00;5960,000;1,000;MESURE
2025-10-13 21:00:00+02:00;5855,000;1,000;MESURE
2025-10-13 22:00:00+02:00;5156,000;1,000;MESURE
2025-10-13 23:00:00+02:00;5148,000;1,000;MESURE
2025-10-14 00:00:00+02:00;4930,000;1,000;MESURE
2025-10-14 01:00:00+02:00;4909,000;1,000;MESURE
2025-10-14 02:00:00+02:00;4900,000;1,000;MESURE
2025-10-14 03:00:00+02:00;4897,000;1,000;MESURE
2025-10-14 04:00:00+02:00;4901,000;1,000;MESURE
2025-10-14 05:00:00+02:00;5568,000;1,000;MESURE
2025-10-14 06:00:00+02:00;5809,000;1,000;MESURE
2025-10-14 07:00:00+02:00;3441,000;1,000;MESURE
2025-10-14 08:00:00+02:00;85,000;1,000;MESURE
2025-10-14 09:00:00+02:00;79,000;1,000;MESURE
2025-10-14 10:00:00+02:00;103,000;1,000;MESURE
2025-10-14 11:00:00+02:00;89,000;1,000;MESURE
2025-10-14 12:00:00+02:00;88,000;1,000;MESURE
2025-10-14 13:00:00+02:00;77,000;1,000;MESURE
2025-10-14 14:00:00+02:00;77,000;1,000;MESURE
2025-10-14 15:00:00+02:00;102,000;1,000;MESURE
2025-10-14 16:00:00+02:00;88,000;1,000;MESURE
2025-10-14 17:00:00+02:00;117,000;1,000;MESURE
2025-10-14 18:00:00+02:00;261,000;1,000;MESURE
2025-10-14 19:00:00+02:00;5256,000;1,000;MESURE
2025-10-14 20:00:00+02:00;5946,000;1,000;MESURE
2025-10-14 21:00:00+02:00;5981,000;1,000;MESURE
2025-10-14 22:00:00+02:00;5296,000;1,000;MESURE
2025-10-14 23:00:00+02:00;5291,000;1,000;MESURE
2025-10-15 00:00:00+02:00;5078,000;1,000;MESURE
2025-10-15 01:00:00+02:00;4988,000;1,000;MESURE
2025-10-15 02:00:00+02:00;4912,000;1,000;MESURE
2025-10-15 03:00:00+02:00;4909,000;1,000;MESURE
2025-10-15 04:00:00+02:00;4907,000;1,000;MESURE
2025-10-15 05:00:00+02:00;5587,000;1,000;MESURE
2025-10-15 06:00:00+02:00;5814,000;1,000;MESURE
2025-10-15 07:00:00+02:00;3633,000;1,000;MESURE
2025-10-15 08:00:00+02:00;87,000;1,000;MESURE
2025-10-15 09:00:00+02:00;94,000;1,000;MESURE
2025-10-15 10:00:00+02:00;79,000;1,000;MESURE
2025-10-15 11:00:00+02:00;85,000;1,000;MESURE
2025-10-15 12:00:00+02:00;95,000;1,000;MESURE
2025-10-15 13:00:00+02:00;104,000;1,000;MESURE
2025-10-15 14:00:00+02:00;102,000;1,000;MESURE
2025-10-15 15:00:00+02:00;85,000;1,000;MESURE
2025-10-15 16:00:00+02:00;95,000;1,000;MESURE
2025-10-15 17:00:00+02:00;97,000;1,000;MESURE
2025-10-15 18:00:00+02:00;297,000;1,000;MESURE
2025-10-15 19:00:00+02:00;5478,000;1,000;MESURE
2025-10-15 20:00:00+02:00;5956,000;1,000;MESURE
2025-10-15 21:00:00+02:00;5942,000;1,000;MESURE
2025-10-15 22:00:00+02:00;5283,000;1,000;MESURE
2025-10-15 23:00:00+02:00;5286,000;1,000;MESURE
2025-10-16 00:00:00+02:00;4995,000;1,000;MESURE
2025-10-16 01:00:00+02:00;4891,000;1,000;MESURE
2025-10-16 02:00:00+02:00;4878,000;1,000;MESURE
2025-10-16 03:00:00+02:00;4901,000;1,000;MESURE
2025-10-16 04:00:00+02:00;4907,000;1,000;MESURE
2025-10-16 05:00:00+02:00;5579,000;1,000;MESURE
2025-10-16 06:00:00+02:00;5821,000;1,000;MESURE
2025-10-16 07:00:00+02:00;3728,000;1,000;MESURE
2025-10-16 08:00:00+02:00;86,000;1,000;MESURE
2025-10-16 09:00:00+02:00;88,000;1,000;MESURE
2025-10-16 10:00:00+02:00;79,000;1,000;MESURE
2025-10-16 11:00:00+02:00;79,000;1,000;MESURE
2025-10-16 12:00:00+02:00;102,000;1,000;MESURE
2025-10-16 13:00:00+02:00;106,000;1,000;MESURE
2025-10-16 14:00:00+02:00;102,000;1,000;MESURE
2025-10-16 15:00:00+02:00;86,000;1,000;MESURE
2025-10-16 16:00:00+02:00;86,000;1,000;MESURE
2025-10-16 17:00:00+02:00;93,000;1,000;MESURE
2025-10-16 18:00:00+02:00;321,000;1,000;MESURE
2025-10-16 19:00:00+02:00;5569,000;1,000;MESURE
2025-10-16 20:00:00+02:00;5972,000;1,000;MESURE
2025-10-16 21:00:00+02:00;5978,000;1,000;MESURE
2025-10-16 22:00:00+02:00;5321,000;1,000;MESURE
2025-10-16 23:00:00+02:00;5311,000;1,000;MESURE
2025-10-17 00:00:00+02:00;4932,000;1,000;MESURE
2025-10-17 01:00:00+02:00;4898,000;1,000;MESURE
2025-10-17 02:00:00+02:00;4889,000;1,000;MESURE
2025-10-17 03:00:00+02:00;4881,000;1,000;MESURE
2025-10-17 04:00:00+02:00;4894,000;1,000;MESURE
2025-10-17 05:00:00+02:00;5577,000;1,000;MESURE
2025-10-17 06:00:00+02:00;5804,000;1,000;MESURE
2025-10-17 07:00:00+02:00;3828,000;1,000;MESURE
2025-10-17 08:00:00+02:00;98,000;1,000;MESURE
2025-10-17 09:00:00+02:00;96,000;1,000;MESURE
2025-10-17 10:00:00+02:00;105,000;1,000;MESURE
2025-10-17 11:00:00+02:00;90,000;1,000;MESURE
2025-10-17 12:00:00+02:00;93,000;1,000;MESURE
2025-10-17 13:00:00+02:00;91,000;1,000;MESURE
2025-10-17 14:00:00+02:00;90,000;1,000;MESURE
2025-10-17 15:00:00+02:00;78,000;1,000;MESURE
2025-10-17 16:00:00+02:00;102,000;1,000;MESURE
2025-10-17 17:00:00+02:00;104,000;1,000;MESURE
2025-10-17 18:00:00+02:00;357,000;1,000;MESURE
2025-10-17 19:00:00+02:00;5801,000;1,000;MESURE
2025-10-17 20:00:00+02:00;5961,000;1,000;MESURE
2025-10-17 21:00:00+02:00;5808,000;1,000;MESURE
2025-10-17 22:00:00+02:00;5124,000;1,000;MESURE
2025-10-17 23:00:00+02:00;5149,000;1,000;MESURE
2025-10-18 00:00:00+02:00;4903,000;1,000;MESURE
2025-10-18 01:00:00+02:00;4886,000;1,000;MESURE
2025-10-18 02:00:00+02:00;4896,000;1,000;MESURE
2025-10-18 03:00:00+02:00;4914,000;1,000;MESURE
2025-10-18 04:00:00+02:00;4910,000;1,000;MESURE
2025-10-18 05:00:00+02:00;5572,000;1,000;MESURE
2025-10-18 06:00:00+02:00;5812,000;1,000;MESURE
2025-10-18 07:00:00+02:00;3996,000;1,000;MESURE
2025-10-18 08:00:00+02:00;109,000;1,000;MESURE
2025-10-18 09:00:00+02:00;100,000;1,000;MESURE
2025-10-18 10:00:00+02:00;109,000;1,000;MESURE
2025-10-18 11:00:00+02:00;96,000;1,000;MESURE
2025-10-18 12:00:00+02:00;107,000;1,000;MESURE
2025-10-18 13:00:00+02:00;90,000;1,000;MESURE
2025-10-18 14:00:00+02:00;85,000;1,000;MESURE
2025-10-18 15:00:00+02:00;93,000;1,000;MESURE
2025-10-18 16:00:00+02:00;91,000;1,000;MESURE
2025-10-18 17:00:00+02:00;86,000;1,000;MESURE
2025-10-18 18:00:00+02:00;396,000;1,000;MESURE
2025-10-18 19:00:00+02:00;5909,000;1,000;MESURE
2025-10-18 20:00:00+02:00;5987,000;1,000;MESURE
2025-10-18 21:00:00+02:00;5907,000;1,000;MESURE
2025-10-18 22:00:00+02:00;5190,000;1,000;MESURE
2025-10-18 23:00:00+02:00;5197,000;1,000;MESURE
2025-10-19 00:00:00+02:00;4965,000;1,000;MESURE
2025-10-19 01:00:00+02:00;4936,000;1,000;MESURE
2025-10-19 02:00:00+02:00;4948,000;1,000;MESURE
2025-10-19 03:00:00+02:00;4940,000;1,000;MESURE
2025-10-19 04:00:00+02:00;4952,000;1,000;MESURE
2025-10-19 05:00:00+02:00;5626,000;1,000;MESURE
2025-10-19 06:00:00+02:00;5867,000;1,000;MESURE
2025-10-19 07:00:00+02:00;4157,000;1,000;MESURE
2025-10-19 08:00:00+02:00;83,000;1,000;MESURE
2025-10-19 09:00:00+02:00;84,000;1,000;MESURE
2025-10-19 10:00:00+02:00;106,000;1,000;MESURE
2025-10-19 11:00:00+02:00;88,000;1,000;MESURE
2025-10-19 12:00:00+02:00;111,000;1,000;MESURE
2025-10-19 13:00:00+02:00;89,000;1,000;MESURE
2025-10-19 14:00:00+02:00;85,000;1,000;MESURE
2025-10-19 15:00:00+02:00;89,000;1,000;MESURE
2025-10-19 16:00:00+02:00;79,000;1,000;MESURE
2025-10-19 17:00:00+02:00;94,000;1,000;MESURE
2025-10-19 18:00:00+02:00;450,000;1,000;MESURE
2025-10-19 19:00:00+02:00;6011,000;1,000;MESURE
2025-10-19 20:00:00+02:00;5946,000;1,000;MESURE
2025-10-19 21:00:00+02:00;5922,000;1,000;MESURE
2025-10-19 22:00:00+02:00;5158,000;1,000;MESURE
2025-10-19 23:00:00+02:00;5155,000;1,000;MESURE
2025-10-20 00:00:00+02:00;4927,000;1,000;MESURE
2025-10-20 01:00:00+02:00;4911,000;1,000;MESURE
2025-10-20 02:00:00+02:00;4909,000;1,000;MESURE
2025-10-20 03:00:00+02:00;4897,000;1,000;MESURE
2025-10-20 04:00:00+02:00;4905,000;1,000;MESURE
2025-10-20 05:00:00+02:00;5604,000;1,000;MESURE
2025-10-20 06:00:00+02:00;5850,000;1,000;MESURE
2025-10-20 07:00:00+02:00;4231,000;1,000;MESURE
2025-10-20 08:00:00+02:00;89,000;1,000;MESURE
2025-10-20 09:00:00+02:00;86,000;1,000;MESURE
2025-10-20 10:00:00+02:00;89,000;1,000;MESURE
2025-10-20 11:00:00+02:00;92,000;1,000;MESURE
2025-10-20 12:00:00+02:00;85,000;1,000;MESURE
2025-10-20 13:00:00+02:00;98,000;1,000;MESURE
2025-10-20 14:00:00+02:00;86,000;1,000;MESURE
2025-10-20 15:00:00+02:00;85,000;1,000;MESURE
2025-10-20 16:00:00+02:00;79,000;1,000;MESURE
2025-10-20 17:00:00+02:00;80,000;1,000;MESURE
2025-10-20 18:00:00+02:00;568,000;1,000;MESURE
2025-10-20 19:00:00+02:00;6042,000;1,000;MESURE
2025-10-20 20:00:00+02:00;5972,000;1,000;MESURE
2025-10-20 21:00:00+02:00;5849,000;1,000;MESURE
2025-10-20 22:00:00+02:00;5193,000;1,000;MESURE
2025-10-20 23:00:00+02:00;5172,000;1,000;MESURE
2025-10-21 00:00:00+02:00;4949,000;1,000;MESURE
2025-10-21 01:00:00+02:00;4944,000;1,000;MESURE
2025-10-21 02:00:00+02:00;4936,000;1,000;MESURE
2025-10-21 03:00:00+02:00;4934,000;1,000;MESURE
2025-10-21 04:00:00+02:00;4936,000;1,000;MESURE
2025-10-21 05:00:00+02:00;5607,000;1,000;MESURE
2025-10-21 06:00:00+02:00;5831,000;1,000;MESURE
2025-10-21 07:00:00+02:00;4404,000;1,000;MESURE
2025-10-21 08:00:00+02:00;88,000;1,000;MESURE
2025-10-21 09:00:00+02:00;87,000;1,000;MESURE
2025-10-21 10:00:00+02:00;95,000;1,000;MESURE
2025-10-21 11:00:00+02:00;79,000;1,000;MESURE
2025-10-21 12:00:00+02:00;89,000;1,000;MESURE
2025-10-21 13:00:00+02:00;87,000;1,000;MESURE
2025-10-21 14:00:00+02:00;90,000;1,000;MESURE
2025-10-21 15:00:00+02:00;95,000;1,000;MESURE
2025-10-21 16:00:00+02:00;82,000;1,000;MESURE
2025-10-21 17:00:00+02:00;86,000;1,000;MESURE
2025-10-21 18:00:00+02:00;787,000;1,000;MESURE
2025-10-21 19:00:00+02:00;6060,000;1,000;MESURE
2025-10-21 20:00:00+02:00;5971,000;1,000;MESURE
2025-10-21 21:00:00+02:00;5970,000;1,000;MESURE
2025-10-21 22:00:00+02:00;5171,000;1,000;MESURE
2025-10-21 23:00:00+02:00;5178,000;1,000;MESURE
2025-10-22 00:00:00+02:00;4950,000;1,000;MESURE
2025-10-22 01:00:00+02:00;4916,000;1,000;MESURE
2025-10-22 02:00:00+02:00;4927,000;1,000;MESURE
2025-10-22 03:00:00+02:00;4927,000;1,000;MESURE
2025-10-22 04:00:00+02:00;4919,000;1,000;MESURE
2025-10-22 05:00:00+02:00;5612,000;1,000;MESURE
2025-10-22 06:00:00+02:00;5873,000;1,000;MESURE
2025-10-22 07:00:00+02:00;4514,000;1,000;MESURE
2025-10-22 08:00:00+02:00;79,000;1,000;MESURE
2025-10-22 09:00:00+02:00;89,000;1,000;MESURE
2025-10-22 10:00:00+02:00;93,000;1,000;MESURE
2025-10-22 11:00:00+02:00;85,000;1,000;MESURE
2025-10-22 12:00:00+02:00;88,000;1,000;MESURE
2025-10-22 13:00:00+02:00;102,000;1,000;MESURE
2025-10-22 14:00:00+02:00;89,000;1,000;MESURE
2025-10-22 15:00:00+02:00;86,000;1,000;MESURE
2025-10-22 16:00:00+02:00;84,000;1,000;MESURE
2025-10-22 17:00:00+02:00;94,000;1,000;MESURE
2025-10-22 18:00:00+02:00;922,000;1,000;MESURE
2025-10-22 19:00:00+02:00;6383,000;1,000;MESURE
2025-10-22 20:00:00+02:00;6338,000;1,000;MESURE
2025-10-22 21:00:00+02:00;6274,000;1,000;MESURE
2025-10-22 22:00:00+02:00;5532,000;1,000;MESURE
2025-10-22 23:00:00+02:00;5567,000;1,000;MESURE
2025-10-23 00:00:00+02:00;5356,000;1,000;MESURE
2025-10-23 01:00:00+02:00;5329,000;1,000;MESURE
2025-10-23 02:00:00+02:00;5316,000;1,000;MESURE
2025-10-23 03:00:00+02:00;5319,000;1,000;MESURE
2025-10-23 04:00:00+02:00;5338,000;1,000;MESURE
2025-10-23 05:00:00+02:00;6008,000;1,000;MESURE
2025-10-23 06:00:00+02:00;6240,000;1,000;MESURE
2025-10-23 07:00:00+02:00;5031,000;1,000;MESURE
2025-10-23 08:00:00+02:00;89,000;1,000;MESURE
2025-10-23 09:00:00+02:00;80,000;1,000;MESURE
2025-10-23 10:00:00+02:00;79,000;1,000;MESURE
2025-10-23 11:00:00+02:00;88,000;1,000;MESURE
2025-10-23 12:00:00+02:00;103,000;1,000;MESURE
2025-10-23 13:00:00+02:00;99,000;1,000;MESURE
2025-10-23 14:00:00+02:00;100,000;1,000;MESURE
2025-10-23 15:00:00+02:00;88,000;1,000;MESURE
2025-10-23 16:00:00+02:00;96,000;1,000;MESURE
2025-10-23 17:00:00+02:00;87,000;1,000;MESURE
2025-10-23 18:00:00+02:00;1146,000;1,000;MESURE
2025-10-23 19:00:00+02:00;6401,000;1,000;MESURE
2025-10-23 20:00:00+02:00;6310,000;1,000;MESURE
2025-10-23 21:00:00+02:00;6307,000;1,000;MESURE
2025-10-23 22:00:00+02:00;5654,000;1,000;MESURE
2025-10-23 23:00:00+02:00;5585,000;1,000;MESURE
2025-10-24 00:00:00+02:00;5323,000;1,000;MESURE
2025-10-24 01:00:00+02:00;5315,000;1,000;MESURE
2025-10-24 02:00:00+02:00;5299,000;1,000;MESURE
2025-10-24 03:00:00+02:00;5305,000;1,000;MESURE
2025-10-24 04:00:00+02:00;5316,000;1,000;MESURE
2025-10-24 05:00:00+02:00;5988,000;1,000;MESURE
2025-10-24 06:00:00+02:00;6229,000;1,000;MESURE
2025-10-24 07:00:00+02:00;5121,000;1,000;MESURE
2025-10-24 08:00:00+02:00;88,000;1,000;MESURE
2025-10-24 09:00:00+02:00;81,000;1,000;MESURE
2025-10-24 10:00:00+02:00;80,000;1,000;MESURE
2025-10-24 11:00:00+02:00;97,000;1,000;MESURE
2025-10-24 12:00:00+02:00;88,000;1,000;MESURE
2025-10-24 13:00:00+02:00;86,000;1,000;MESURE
2025-10-24 14:00:00+02:00;94,000;1,000;MESURE
2025-10-24 15:00:00+02:00;96,000;1,000;MESURE
2025-10-24 16:00:00+02:00;93,000;1,000;MESURE
2025-10-24 17:00:00+02:00;94,000;1,000;MESURE
2025-10-24 18:00:00+02:00;1214,000;1,000;MESURE
2025-10-24 19:00:00+02:00;6430,000;1,000;MESURE
2025-10-24 20:00:00+02:00;6347,000;1,000;MESURE
2025-10-24 21:00:00+02:00;6352,000;1,000;MESURE
2025-10-24 22:00:00+02:00;5683,000;1,000;MESURE
2025-10-24 23:00:00+02:00;5637,000;1,000;MESURE
2025-10-25 00:00:00+02:00;5320,000;1,000;MESURE
2025-10-25 01:00:00+02:00;5285,000;1,000;MESURE
2025-10-25 02:00:00+02:00;5278,000;1,000;MESURE
2025-10-25 03:00:00+02:00;5279,000;1,000;MESURE
2025-10-25 04:00:00+02:00;5287,000;1,000;MESURE
2025-10-25 05:00:00+02:00;5952,000;1,000;MESURE
2025-10-25 06:00:00+02:00;6209,000;1,000;MESURE
2025-10-25 07:00:00+02:00;5201,000;1,000;MESURE
2025-10-25 08:00:00+02:00;82,000;1,000;MESURE
2025-10-25 09:00:00+02:00;103,000;1,000;MESURE
2025-10-25 10:00:00+02:00;111,000;1,000;MESURE
2025-10-25 11:00:00+02:00;82,000;1,000;MESURE
2025-10-25 12:00:00+02:00;95,000;1,000;MESURE
2025-10-25 13:00:00+02:00;81,000;1,000;MESURE
2025-10-25 14:00:00+02:00;88,000;1,000;MESURE
2025-10-25 15:00:00+02:00;81,000;1,000;MESURE
2025-10-25 16:00:00+02:00;80,000;1,000;MESURE
2025-10-25 17:00:00+02:00;80,000;1,000;MESURE
2025-10-25 18:00:00+02:00;1548,000;1,000;MESURE
2025-10-25 19:00:00+02:00;6383,000;1,000;MESURE
2025-10-25 20:00:00+02:00;6299,000;1,000;MESURE
2025-10-25 21:00:00+02:00;6334,000;1,000;MESURE
2025-10-25 22:00:00+02:00;5665,000;1,000;MESURE
2025-10-25 23:00:00+02:00;5662,000;1,000;MESURE
2025-10-26 00:00:00+02:00;5440,000;1,000;MESURE
2025-10-26 01:00:00+02:00;5358,000;1,000;MESURE
2025-10-26 02:00:00+02:00;5279,000;1,000;MESURE
2025-10-26 02:00:00+01:00;5284,000;1,000;MESURE
2025-10-26 03:00:00+01:00;5277,000;1,000;MESURE
2025-10-26 04:00:00+01:00;5305,000;1,000;MESURE
2025-10-26 05:00:00+01:00;6006,000;1,000;MESURE
2025-10-26 06:00:00+01:00;5409,000;1,000;MESURE
2025-10-26 07:00:00+01:00;81,000;1,000;MESURE
2025-10-26 08:00:00+01:00;89,000;1,000;MESURE
2025-10-26 09:00:00+01:00;82,000;1,000;MESURE
2025-10-26 10:00:00+01:00;95,000;1,000;MESURE
2025-10-26 11:00:00+01:00;90,000;1,000;MESURE
2025-10-26 12:00:00+01:00;94,000;1,000;MESURE
2025-10-26 13:00:00+01:00;87,000;1,000;MESURE
2025-10-26 14:00:00+01:00;82,000;1,000;MESURE
2025-10-26 15:00:00+01:00;95,000;1,000;MESURE
2025-10-26 16:00:00+01:00;86,000;1,000;MESURE
2025-10-26 17:00:00+01:00;1697,000;1,000;MESURE
2025-10-26 18:00:00+01:00;6363,000;1,000;MESURE
2025-10-26 19:00:00+01:00;6293,000;1,000;MESURE
2025-10-26 20:00:00+01:00;6266,000;1,000;MESURE
2025-10-26 21:00:00+01:00;6188,000;1,000;MESURE
2025-10-26 22:00:00+01:00;5517,000;1,000;MESURE
2025-10-26 23:00:00+01:00;5489,000;1,000;MESURE
2025-10-27 00:00:00+01:00;5262,000;1,000;MESURE
2025-10-27 01:00:00+01:00;5264,000;1,000;MESURE
2025-10-27 02:00:00+01:00;5258,000;1,000;MESURE
2025-10-27 03:00:00+01:00;5261,000;1,000;MESURE
2025-10-27 04:00:00+01:00;5270,000;1,000;MESURE
2025-10-27 05:00:00+01:00;5983,000;1,000;MESURE
2025-10-27 06:00:00+01:00;5528,000;1,000;MESURE
2025-10-27 07:00:00+01:00;125,000;1,000;MESURE
2025-10-27 08:00:00+01:00;193,000;1,000;MESURE
2025-10-27 09:00:00+01:00;149,000;1,000;MESURE
2025-10-27 10:00:00+01:00;166,000;1,000;MESURE
2025-10-27 11:00:00+01:00;141,000;1,000;MESURE
2025-10-27 12:00:00+01:00;113,000;1,000;MESURE
2025-10-27 13:00:00+01:00;108,000;1,000;MESURE
2025-10-27 14:00:00+01:00;85,000;1,000;MESURE
2025-10-27 15:00:00+01:00;90,000;1,000;MESURE
2025-10-27 16:00:00+01:00;84,000;1,000;MESURE
2025-10-27 17:00:00+01:00;1702,000;1,000;MESURE
2025-10-27 18:00:00+01:00;6331,000;1,000;MESURE
2025-10-27 19:00:00+01:00;6358,000;1,000;MESURE
2025-10-27 20:00:00+01:00;6373,000;1,000;MESURE
2025-10-27 21:00:00+01:00;6326,000;1,000;MESURE
2025-10-27 22:00:00+01:00;5629,000;1,000;MESURE
2025-10-27 23:00:00+01:00;5501,000;1,000;MESURE
2025-10-28 00:00:00+01:00;5274,000;1,000;MESURE
2025-10-28 01:00:00+01:00;5272,000;1,000;MESURE
2025-10-28 02:00:00+01:00;5271,000;1,000;MESURE
2025-10-28 03:00:00+01:00;5279,000;1,000;MESURE
2025-10-28 04:00:00+01:00;5273,000;1,000;MESURE
2025-10-28 05:00:00+01:00;5951,000;1,000;MESURE
2025-10-28 06:00:00+01:00;5584,000;1,000;MESURE
2025-10-28 07:00:00+01:00;127,000;1,000;MESURE
2025-10-28 08:00:00+01:00;100,000;1,000;MESURE
2025-10-28 09:00:00+01:00;92,000;1,000;MESURE
2025-10-28 10:00:00+01:00;87,000;1,000;MESURE
2025-10-28 11:00:00+01:00;112,000;1,000;MESURE
2025-10-28 12:00:00+01:00;102,000;1,000;MESURE
2025-10-28 13:00:00+01:00;97,000;1,000;MESURE
2025-10-28 14:00:00+01:00;87,000;1,000;MESURE
2025-10-28 15:00:00+01:00;94,000;1,000;MESURE
2025-10-28 16:00:00+01:00;92,000;1,000;MESURE
2025-10-28 17:00:00+01:00;1964,000;1,000;MESURE
2025-10-28 18:00:00+01:00;6354,000;1,000;MESURE
2025-10-28 19:00:00+01:00;6176,000;1,000;MESURE
2025-10-28 20:00:00+01:00;6171,000;1,000;MESURE
2025-10-28 21:00:00+01:00;6170,000;1,000;MESURE
2025-10-28 22:00:00+01:00;5526,000;1,000;MESURE
2025-10-28 23:00:00+01:00;5481,000;1,000;MESURE
2025-10-29 00:00:00+01:00;5254,000;1,000;MESURE
2025-10-29 01:00:00+01:00;5250,000;1,000;MESURE
2025-10-29 02:00:00+01:00;5254,000;1,000;MESURE
2025-10-29 03:00:00+01:00;5255,000;1,000;MESURE
2025-10-29 04:00:00+01:00;5259,000;1,000;MESURE
2025-10-29 05:00:00+01:00;5973,000;1,000;MESURE
2025-10-29 06:00:00+01:00;5839,000;1,000;MESURE
2025-10-29 07:00:00+01:00;197,000;1,000;MESURE
2025-10-29 08:00:00+01:00;336,000;1,000;MESURE
2025-10-29 09:00:00+01:00;84,000;1,000;MESURE
2025-10-29 10:00:00+01:00;91,000;1,000;MESURE
2025-10-29 11:00:00+01:00;88,000;1,000;MESURE
2025-10-29 12:00:00+01:00;87,000;1,000;MESURE
2025-10-29 13:00:00+01:00;87,000;1,000;MESURE
2025-10-29 14:00:00+01:00;96,000;1,000;MESURE
2025-10-29 15:00:00+01:00;93,000;1,000;MESURE
2025-10-29 16:00:00+01:00;98,000;1,000;MESURE
2025-10-29 17:00:00+01:00;2041,000;1,000;MESURE
2025-10-29 18:00:00+01:00;6317,000;1,000;MESURE
2025-10-29 19:00:00+01:00;6278,000;1,000;MESURE
2025-10-29 20:00:00+01:00;6162,000;1,000;MESURE
2025-10-29 21:00:00+01:00;6160,000;1,000;MESURE
2025-10-29 22:00:00+01:00;5459,000;1,000;MESURE
2025-10-29 23:00:00+01:00;5470,000;1,000;MESURE
2025-10-30 00:00:00+01:00;5241,000;1,000;MESURE
2025-10-30 01:00:00+01:00;5216,000;1,000;MESURE
2025-10-30 02:00:00+01:00;5260,000;1,000;MESURE
2025-10-30 03:00:00+01:00;5247,000;1,000;MESURE
2025-10-30 04:00:00+01:00;5231,000;1,000;MESURE
2025-10-30 05:00:00+01:00;5967,000;1,000;MESURE
2025-10-30 06:00:00+01:00;5895,000;1,000;MESURE
2025-10-30 07:00:00+01:00;90,000;1,000;MESURE
2025-10-30 08:00:00+01:00;88,000;1,000;MESURE
2025-10-30 09:00:00+01:00;86,000;1,000;MESURE
2025-10-30 10:00:00+01:00;113,000;1,000;MESURE
2025-10-30 11:00:00+01:00;90,000;1,000;MESURE
2025-10-30 12:00:00+01:00;79,000;1,000;MESURE
2025-10-30 13:00:00+01:00;85,000;1,000;MESURE
2025-10-30 14:00:00+01:00;103,000;1,000;MESURE
2025-10-30 15:00:00+01:00;91,000;1,000;MESURE
2025-10-30 16:00:00+01:00;95,000;1,000;MESURE
2025-10-30 17:00:00+01:00;2259,000;1,000;MESURE
2025-10-30 18:00:00+01:00;6340,000;1,000;MESURE
2025-10-30 19:00:00+01:00;6299,000;1,000;MESURE
2025-10-30 20:00:00+01:00;6219,000;1,000;MESURE
2025-10-30 21:00:00+01:00;6139,000;1,000;MESURE
2025-10-30 22:00:00+01:00;5461,000;1,000;MESURE
2025-10-30 23:00:00+01:00;5473,000;1,000;MESURE
2025-10-31 00:00:00+01:00;5219,000;1,000;MESURE
2025-10-31 01:00:00+01:00;5206,000;1,000;MESURE
2025-10-31 02:00:00+01:00;5231,000;1,000;MESURE
2025-10-31 03:00:00+01:00;5231,000;1,000;MESURE
2025-10-31 04:00:00+01:00;5215,000;1,000;MESURE
2025-10-31 05:00:00+01:00;5911,000;1,000;MESURE
2025-10-31 06:00:00+01:00;6057,000;1,000;MESURE
2025-10-31 07:00:00+01:00;102,000;1,000;MESURE
2025-10-31 08:00:00+01:00;81,000;1,000;MESURE
2025-10-31 09:00:00+01:00;91,000;1,000;MESURE
2025-10-31 10:00:00+01:00;98,000;1,000;MESURE
2025-10-31 11:00:00+01:00;79,000;1,000;MESURE
2025-10-31 12:00:00+01:00;79,000;1,000;MESURE
2025-10-31 13:00:00+01:00;86,000;1,000;MESURE
2025-10-31 14:00:00+01:00;77,000;1,000;MESURE
2025-10-31 15:00:00+01:00;91,000;1,000;MESURE
2025-10-31 16:00:00+01:00;92,000;1,000;MESURE
2025-10-31 17:00:00+01:00;2266,000;1,000;MESURE
2025-10-31 18:00:00+01:00;6101,000;1,000;MESURE
2025-10-31 19:00:00+01:00;6081,000;1,000;MESURE
2025-10-31 20:00:00+01:00;5999,000;1,000;MESURE
2025-10-31 21:00:00+01:00;5934,000;1,000;MESURE
2025-10-31 22:00:00+01:00;5274,000;1,000;MESURE
2025-10-31 23:00:00+01:00;5251,000;1,000;MESURE
2025-11-01 00:00:00+01:00;5240,000;1,000;MESURE
2025-11-01 01:00:00+01:00;5244,000;1,000;MESURE
2025-11-01 02:00:00+01:00;5242,000;1,000;MESURE
2025-11-01 03:00:00+01:00;5250,000;1,000;MESURE
2025-11-01 04:00:00+01:00;5254,000;1,000;MESURE
2025-11-01 05:00:00+01:00;5942,000;1,000;MESURE
2025-11-01 06:00:00+01:00;5935,000;1,000;MESURE
2025-11-01 07:00:00+01:00;102,000;1,000;MESURE
2025-11-01 08:00:00+01:00;96,000;1,000;MESURE
2025-11-01 09:00:00+01:00;97,000;1,000;MESURE
2025-11-01 10:00:00+01:00;103,000;1,000;MESURE
2025-11-01 11:00:00+01:00;112,000;1,000;MESURE
2025-11-01 12:00:00+01:00;108,000;1,000;MESURE
2025-11-01 13:00:00+01:00;89,000;1,000;MESURE
2025-11-01 14:00:00+01:00;96,000;1,000;MESURE
2025-11-01 15:00:00+01:00;96,000;1,000;MESURE
2025-11-01 16:00:00+01:00;80,000;1,000;MESURE
2025-11-01 17:00:00+01:00;2598,000;1,000;MESURE
2025-11-01 18:00:00+01:00;6082,000;1,000;MESURE
2025-11-01 19:00:00+01:00;5979,000;1,000;MESURE
2025-11-01 20:00:00+01:00;5936,000;1,000;MESURE
2025-11-01 21:00:00+01:00;5969,000;1,000;MESURE
2025-11-01 22:00:00+01:00;5295,000;1,000;MESURE
2025-11-01 23:00:00+01:00;5267,000;1,000;MESURE
2025-11-02 00:00:00+01:00;5280,000;1,000;MESURE
2025-11-02 01:00:00+01:00;5274,000;1,000;MESURE
2025-11-02 02:00:00+01:00;5272,000;1,000;MESURE
2025-11-02 03:00:00+01:00;5275,000;1,000;MESURE
2025-11-02 04:00:00+01:00;5280,000;1,000;MESURE
2025-11-02 05:00:00+01:00;6003,000;1,000;MESURE
2025-11-02 06:00:00+01:00;5996,000;1,000;MESURE
2025-11-02 07:00:00+01:00;189,000;1,000;MESURE
2025-11-02 08:00:00+01:00;79,000;1,000;MESURE
2025-11-02 09:00:00+01:00;79,000;1,000;MESURE
2025-11-02 10:00:00+01:00;79,000;1,000;MESURE
2025-11-02 11:00:00+01:00;79,000;1,000;MESURE
2025-11-02 12:00:00+01:00;102,000;1,000;MESURE
2025-11-02 13:00:00+01:00;87,000;1,000;MESURE
2025-11-02 14:00:00+01:00;81,000;1,000;MESURE
2025-11-02 15:00:00+01:00;87,000;1,000;MESURE
2025-11-02 16:00:00+01:00;79,000;1,000;MESURE
2025-11-02 17:00:00+01:00;2623,000;1,000;MESURE
2025-11-02 18:00:00+01:00;6105,000;1,000;MESURE
2025-11-02 19:00:00+01:00;6012,000;1,000;MESURE
2025-11-02 20:00:00+01:00;5933,000;1,000;MESURE
2025-11-02 21:00:00+01:00;5909,000;1,000;MESURE
2025-11-02 22:00:00+01:00;5248,000;1,000;MESURE
2025-11-02 23:00:00+01:00;5283,000;1,000;MESURE
2025-11-03 00:00:00+01:00;5264,000;1,000;MESURE
2025-11-03 01:00:00+01:00;5242,000;1,000;MESURE
2025-11-03 02:00:00+01:00;5241,000;1,000;MESURE
2025-11-03 03:00:00+01:00;5241,000;1,000;MESURE
2025-11-03 04:00:00+01:00;5252,000;1,000;MESURE
2025-11-03 05:00:00+01:00;5965,000;1,000;MESURE
2025-11-03 06:00:00+01:00;5956,000;1,000;MESURE
2025-11-03 07:00:00+01:00;384,000;1,000;MESURE
2025-11-03 08:00:00+01:00;93,000;1,000;MESURE
2025-11-03 09:00:00+01:00;99,000;1,000;MESURE
2025-11-03 10:00:00+01:00;82,000;1,000;MESURE
2025-11-03 11:00:00+01:00;86,000;1,000;MESURE
2025-11-03 12:00:00+01:00;92,000;1,000;MESURE
2025-11-03 13:00:00+01:00;86,000;1,000;MESURE
2025-11-03 14:00:00+01:00;93,000;1,000;MESURE
2025-11-03 15:00:00+01:00;104,000;1,000;MESURE
2025-11-03 16:00:00+01:00;80,000;1,000;MESURE
2025-11-03 17:00:00+01:00;2665,000;1,000;MESURE
2025-11-03 18:00:00+01:00;6096,000;1,000;MESURE
2025-11-03 19:00:00+01:00;6071,000;1,000;MESURE
2025-11-03 20:00:00+01:00;6074,000;1,000;MESURE
2025-11-03 21:00:00+01:00;6069,000;1,000;MESURE
2025-11-03 22:00:00+01:00;5437,000;1,000;MESURE
2025-11-03 23:00:00+01:00;5433,000;1,000;MESURE
2025-11-04 00:00:00+01:00;5426,000;1,000;MESURE
2025-11-04 01:00:00+01:00;5421,000;1,000;MESURE
2025-11-04 02:00:00+01:00;5342,000;1,000;MESURE
2025-11-04 03:00:00+01:00;5299,000;1,000;MESURE
2025-11-04 04:00:00+01:00;5358,000;1,000;MESURE
2025-11-04 05:00:00+01:00;6125,000;1,000;MESURE
2025-11-04 06:00:00+01:00;6212,000;1,000;MESURE
2025-11-04 07:00:00+01:00;955,000;1,000;MESURE
2025-11-04 08:00:00+01:00;443,000;1,000;MESURE
2025-11-04 09:00:00+01:00;250,000;1,000;MESURE
2025-11-04 10:00:00+01:00;90,000;1,000;MESURE
2025-11-04 11:00:00+01:00;109,000;1,000;MESURE
2025-11-04 12:00:00+01:00;87,000;1,000;MESURE
2025-11-04 13:00:00+01:00;103,000;1,000;MESURE
2025-11-04 14:00:00+01:00;86,000;1,000;MESURE
2025-11-04 15:00:00+01:00;97,000;1,000;MESURE
2025-11-04 16:00:00+01:00;99,000;1,000;MESURE
2025-11-04 17:00:00+01:00;2875,000;1,000;MESURE
2025-11-04 18:00:00+01:00;6064,000;1,000;MESURE
2025-11-04 19:00:00+01:00;6029,000;1,000;MESURE
2025-11-04 20:00:00+01:00;5951,000;1,000;MESURE
2025-11-04 21:00:00+01:00;5923,000;1,000;MESURE
2025-11-04 22:00:00+01:00;5281,000;1,000;MESURE
2025-11-04 23:00:00+01:00;5279,000;1,000;MESURE
2025-11-05 00:00:00+01:00;5273,000;1,000;MESURE
2025-11-05 01:00:00+01:00;5307,000;1,000;MESURE
2025-11-05 02:00:00+01:00;5367,000;1,000;MESURE
2025-11-05 03:00:00+01:00;5466,000;1,000;MESURE
2025-11-05 04:00:00+01:00;5584,000;1,000;MESURE
2025-11-05 05:00:00+01:00;6383,000;1,000;MESURE
2025-11-05 06:00:00+01:00;6471,000;1,000;MESURE
2025-11-05 07:00:00+01:00;1309,000;1,000;MESURE
2025-11-05 08:00:00+01:00;654,000;1,000;MESURE
2025-11-05 09:00:00+01:00;329,000;1,000;MESURE
2025-11-05 10:00:00+01:00;96,000;1,000;MESURE
2025-11-05 11:00:00+01:00;95,000;1,000;MESURE
2025-11-05 12:00:00+01:00;88,000;1,000;MESURE
2025-11-05 13:00:00+01:00;94,000;1,000;MESURE
2025-11-05 14:00:00+01:00;88,000;1,000;MESURE
2025-11-05 15:00:00+01:00;80,000;1,000;MESURE
2025-11-05 16:00:00+01:00;81,000;1,000;MESURE
2025-11-05 17:00:00+01:00;3031,000;1,000;MESURE
2025-11-05 18:00:00+01:00;6177,000;1,000;MESURE
2025-11-05 19:00:00+01:00;6073,000;1,000;MESURE
2025-11-05 20:00:00+01:00;6140,000;1,000;MESURE
2025-11-05 21:00:00+01:00;6130,000;1,000;MESURE
2025-11-05 22:00:00+01:00;5509,000;1,000;MESURE
2025-11-05 23:00:00+01:00;5386,000;1,000;MESURE
2025-11-06 00:00:00+01:00;5410,000;1,000;MESURE
2025-11-06 01:00:00+01:00;5447,000;1,000;MESURE
2025-11-06 02:00:00+01:00;5521,000;1,000;MESURE
2025-11-06 03:00:00+01:00;5602,000;1,000;MESURE
2025-11-06 04:00:00+01:00;5753,000;1,000;MESURE
2025-11-06 05:00:00+01:00;6566,000;1,000;MESURE
2025-11-06 06:00:00+01:00;6637,000;1,000;MESURE
2025-11-06 07:00:00+01:00;1354,000;1,000;MESURE
2025-11-06 08:00:00+01:00;558,000;1,000;MESURE
2025-11-06 09:00:00+01:00;403,000;1,000;MESURE
2025-11-06 10:00:00+01:00;175,000;1,000;MESURE
2025-11-06 11:00:00+01:00;101,000;1,000;MESURE
2025-11-06 12:00:00+01:00;81,000;1,000;MESURE
2025-11-06 13:00:00+01:00;95,000;1,000;MESURE
2025-11-06 14:00:00+01:00;110,000;1,000;MESURE
2025-11-06 15:00:00+01:00;87,000;1,000;MESURE
2025-11-06 16:00:00+01:00;92,000;1,000;MESURE
2025-11-06 17:00:00+01:00;3141,000;1,000;MESURE
2025-11-06 18:00:00+01:00;6165,000;1,000;MESURE
2025-11-06 19:00:00+01:00;6217,000;1,000;MESURE
2025-11-06 20:00:00+01:00;6109,000;1,000;MESURE
2025-11-06 21:00:00+01:00;6075,000;1,000;MESURE
2025-11-06 22:00:00+01:00;5416,000;1,000;MESURE
2025-11-06 23:00:00+01:00;5423,000;1,000;MESURE
2025-11-07 00:00:00+01:00;5417,000;1,000;MESURE
2025-11-07 01:00:00+01:00;5441,000;1,000;MESURE
2025-11-07 02:00:00+01:00;5461,000;1,000;MESURE
2025-11-07 03:00:00+01:00;5483,000;1,000;MESURE
2025-11-07 04:00:00+01:00;5515,000;1,000;MESURE
2025-11-07 05:00:00+01:00;6272,000;1,000;MESURE
2025-11-07 06:00:00+01:00;6347,000;1,000;MESURE
2025-11-07 07:00:00+01:00;1159,000;1,000;MESURE
2025-11-07 08:00:00+01:00;337,000;1,000;MESURE
2025-11-07 09:00:00+01:00;258,000;1,000;MESURE
2025-11-07 10:00:00+01:00;166,000;1,000;MESURE
2025-11-07 11:00:00+01:00;103,000;1,000;MESURE
2025-11-07 12:00:00+01:00;90,000;1,000;MESURE
2025-11-07 13:00:00+01:00;86,000;1,000;MESURE
2025-11-07 14:00:00+01:00;97,000;1,000;MESURE
2025-11-07 15:00:00+01:00;101,000;1,000;MESURE
2025-11-07 16:00:00+01:00;94,000;1,000;MESURE
2025-11-07 17:00:00+01:00;3384,000;1,000;MESURE
2025-11-07 18:00:00+01:00;6198,000;1,000;MESURE
2025-11-07 19:00:00+01:00;6137,000;1,000;MESURE
2025-11-07 20:00:00+01:00;6048,000;1,000;MESURE
2025-11-07 21:00:00+01:00;6066,000;1,000;MESURE
2025-11-07 22:00:00+01:00;5400,000;1,000;MESURE
2025-11-07 23:00:00+01:00;5402,000;1,000;MESURE
2025-11-08 00:00:00+01:00;5382,000;1,000;MESURE
2025-11-08 01:00:00+01:00;5389,000;1,000;MESURE
2025-11-08 02:00:00+01:00;5381,000;1,000;MESURE
2025-11-08 03:00:00+01:00;5396,000;1,000;MESURE
2025-11-08 04:00:00+01:00;5394,000;1,000;MESURE
2025-11-08 05:00:00+01:00;6083,000;1,000;MESURE
2025-11-08 06:00:00+01:00;6072,000;1,000;MESURE
2025-11-08 07:00:00+01:00;1109,000;1,000;MESURE
2025-11-08 08:00:00+01:00;133,000;1,000;MESURE
2025-11-08 09:00:00+01:00;114,000;1,000;MESURE
2025-11-08 10:00:00+01:00;91,000;1,000;MESURE
2025-11-08 11:00:00+01:00;111,000;1,000;MESURE
2025-11-08 12:00:00+01:00;109,000;1,000;MESURE
2025-11-08 13:00:00+01:00;105,000;1,000;MESURE
2025-11-08 14:00:00+01:00;88,000;1,000;MESURE
2025-11-08 15:00:00+01:00;89,000;1,000;MESURE
2025-11-08 16:00:00+01:00;81,000;1,000;MESURE
2025-11-08 17:00:00+01:00;3507,000;1,000;MESURE
2025-11-08 18:00:00+01:00;6226,000;1,000;MESURE
2025-11-08 19:00:00+01:00;6200,000;1,000;MESURE
2025-11-08 20:00:00+01:00;6203,000;1,000;MESURE
2025-11-08 21:00:00+01:00;6203,000;1,000;MESURE
2025-11-08 22:00:00+01:00;5546,000;1,000;MESURE
2025-11-08 23:00:00+01:00;5421,000;1,000;MESURE
2025-11-09 00:00:00+01:00;5373,000;1,000;MESURE
2025-11-09 01:00:00+01:00;5382,000;1,000;MESURE
2025-11-09 02:00:00+01:00;5389,000;1,000;MESURE
2025-11-09 03:00:00+01:00;5391,000;1,000;MESURE
2025-11-09 04:00:00+01:00;5393,000;1,000;MESURE
2025-11-09 05:00:00+01:00;6093,000;1,000;MESURE
2025-11-09 06:00:00+01:00;6091,000;1,000;MESURE
2025-11-09 07:00:00+01:00;1215,000;1,000;MESURE
2025-11-09 08:00:00+01:00;121,000;1,000;MESURE
2025-11-09 09:00:00+01:00;108,000;1,000;MESURE
2025-11-09 10:00:00+01:00;101,000;1,000;MESURE
2025-11-09 11:00:00+01:00;81,000;1,000;MESURE
2025-11-09 12:00:00+01:00;81,000;1,000;MESURE
2025-11-09 13:00:00+01:00;80,000;1,000;MESURE
2025-11-09 14:00:00+01:00;88,000;1,000;MESURE
2025-11-09 15:00:00+01:00;81,000;1,000;MESURE
2025-11-09 16:00:00+01:00;80,000;1,000;MESURE
2025-11-09 17:00:00+01:00;3545,000;1,000;MESURE
2025-11-09 18:00:00+01:00;6198,000;1,000;MESURE
2025-11-09 19:00:00+01:00;6086,000;1,000;MESURE
2025-11-09 20:00:00+01:00;6031,000;1,000;MESURE
2025-11-09 21:00:00+01:00;6024,000;1,000;MESURE
2025-11-09 22:00:00+01:00;5372,000;1,000;MESURE
2025-11-09 23:00:00+01:00;5390,000;1,000;MESURE
2025-11-10 00:00:00+01:00;5367,000;1,000;MESURE
2025-11-10 01:00:00+01:00;5379,000;1,000;MESURE
2025-11-10 02:00:00+01:00;5402,000;1,000;MESURE
2025-11-10 03:00:00+01:00;5428,000;1,000;MESURE
2025-11-10 04:00:00+01:00;5469,000;1,000;MESURE
2025-11-10 05:00:00+01:00;6202,000;1,000;MESURE
2025-11-10 06:00:00+01:00;6220,000;1,000;MESURE
2025-11-10 07:00:00+01:00;1420,000;1,000;MESURE
2025-11-10 08:00:00+01:00;183,000;1,000;MESURE
2025-11-10 09:00:00+01:00;126,000;1,000;MESURE
2025-11-10 10:00:00+01:00;113,000;1,000;MESURE
2025-11-10 11:00:00+01:00;96,000;1,000;MESURE
2025-11-10 12:00:00+01:00;102,000;1,000;MESURE
2025-11-10 13:00:00+01:00;101,000;1,000;MESURE
2025-11-10 14:00:00+01:00;86,000;1,000;MESURE
2025-11-10 15:00:00+01:00;86,000;1,000;MESURE
2025-11-10 16:00:00+01:00;96,000;1,000;MESURE
2025-11-10 17:00:00+01:00;3635,000;1,000;MESURE
2025-11-10 18:00:00+01:00;6229,000;1,000;MESURE
2025-11-10 19:00:00+01:00;6217,000;1,000;MESURE
2025-11-10 20:00:00+01:00;6211,000;1,000;MESURE
2025-11-10 21:00:00+01:00;6131,000;1,000;MESURE
2025-11-10 22:00:00+01:00;5383,000;1,000;MESURE
2025-11-10 23:00:00+01:00;5391,000;1,000;MESURE
2025-11-11 00:00:00+01:00;5364,000;1,000;MESURE
2025-11-11 01:00:00+01:00;5357,000;1,000;MESURE
2025-11-11 02:00:00+01:00;5369,000;1,000;MESURE
2025-11-11 03:00:00+01:00;5398,000;1,000;MESURE
2025-11-11 04:00:00+01:00;5458,000;1,000;MESURE
2025-11-11 05:00:00+01:00;6228,000;1,000;MESURE
2025-11-11 06:00:00+01:00;6335,000;1,000;MESURE
2025-11-11 07:00:00+01:00;1827,000;1,000;MESURE
2025-11-11 08:00:00+01:00;386,000;1,000;MESURE
2025-11-11 09:00:00+01:00;229,000;1,000;MESURE
2025-11-11 10:00:00+01:00;98,000;1,000;MESURE
2025-11-11 11:00:00+01:00;108,000;1,000;MESURE
2025-11-11 12:00:00+01:00;92,000;1,000;MESURE
2025-11-11 13:00:00+01:00;89,000;1,000;MESURE
2025-11-11 14:00:00+01:00;105,000;1,000;MESURE
2025-11-11 15:00:00+01:00;79,000;1,000;MESURE
2025-11-11 16:00:00+01:00;87,000;1,000;MESURE
2025-11-11 17:00:00+01:00;3845,000;1,000;MESURE
2025-11-11 18:00:00+01:00;6241,000;1,000;MESURE
2025-11-11 19:00:00+01:00;6226,000;1,000;MESURE
2025-11-11 20:00:00+01:00;6240,000;1,000;MESURE
2025-11-11 21:00:00+01:00;6111,000;1,000;MESURE
2025-11-11 22:00:00+01:00;5435,000;1,000;MESURE
2025-11-11 23:00:00+01:00;5427,000;1,000;MESURE
2025-11-12 00:00:00+01:00;5450,000;1,000;MESURE
2025-11-12 01:00:00+01:00;5526,000;1,000;MESURE
2025-11-12 02:00:00+01:00;5620,000;1,000;MESURE
2025-11-12 03:00:00+01:00;5728,000;1,000;MESURE
2025-11-12 04:00:00+01:00;5840,000;1,000;MESURE
2025-11-12 05:00:00+01:00;6628,000;1,000;MESURE
2025-11-12 06:00:00+01:00;6699,000;1,000;MESURE
2025-11-12 07:00:00+01:00;2285,000;1,000;MESURE
2025-11-12 08:00:00+01:00;861,000;1,000;MESURE
2025-11-12 09:00:00+01:00;626,000;1,000;MESURE
2025-11-12 10:00:00+01:00;277,000;1,000;MESURE
2025-11-12 11:00:00+01:00;109,000;1,000;MESURE
2025-11-12 12:00:00+01:00;96,000;1,000;MESURE
2025-11-12 13:00:00+01:00;100,000;1,000;MESURE
2025-11-12 14:00:00+01:00;95,000;1,000;MESURE
2025-11-12 15:00:00+01:00;104,000;1,000;MESURE
2025-11-12 16:00:00+01:00;98,000;1,000;MESURE
2025-11-12 17:00:00+01:00;3981,000;1,000;MESURE
2025-11-12 18:00:00+01:00;6159,000;1,000;MESURE
2025-11-12 19:00:00+01:00;6114,000;1,000;MESURE
2025-11-12 20:00:00+01:00;6065,000;1,000;MESURE
2025-11-12 21:00:00+01:00;6081,000;1,000;MESURE
2025-11-12 22:00:00+01:00;5409,000;1,000;MESURE
2025-11-12 23:00:00+01:00;5382,000;1,000;MESURE
2025-11-13 00:00:00+01:00;5372,000;1,000;MESURE
2025-11-13 01:00:00+01:00;5374,000;1,000;MESURE
2025-11-13 02:00:00+01:00;5385,000;1,000;MESURE
2025-11-13 03:00:00+01:00;5402,000;1,000;MESURE
2025-11-13 04:00:00+01:00;5435,000;1,000;MESURE
2025-11-13 05:00:00+01:00;6187,000;1,000;MESURE
2025-11-13 06:00:00+01:00;6209,000;1,000;MESURE
2025-11-13 07:00:00+01:00;1893,000;1,000;MESURE
2025-11-13 08:00:00+01:00;308,000;1,000;MESURE
2025-11-13 09:00:00+01:00;127,000;1,000;MESURE
2025-11-13 10:00:00+01:00;94,000;1,000;MESURE
2025-11-13 11:00:00+01:00;95,000;1,000;MESURE
2025-11-13 12:00:00+01:00;87,000;1,000;MESURE
2025-11-13 13:00:00+01:00;96,000;1,000;MESURE
2025-11-13 14:00:00+01:00;95,000;1,000;MESURE
2025-11-13 15:00:00+01:00;86,000;1,000;MESURE
2025-11-13 16:00:00+01:00;86,000;1,000;MESURE
2025-11-13 17:00:00+01:00;4058,000;1,000;MESURE
2025-11-13 18:00:00+01:00;6189,000;1,000;MESURE
2025-11-13 19:00:00+01:00;7786,000;1,000;MESURE
2025-11-13 20:00:00+01:00;6567,000;1,000;MESURE
2025-11-13 21:00:00+01:00;7274,000;1,000;MESURE
2025-11-13 22:00:00+01:00;6256,000;1,000;MESURE
2025-11-13 23:00:00+01:00;5910,000;1,000;MESURE
2025-11-14 00:00:00+01:00;5372,000;1,000;MESURE
2025-11-14 01:00:00+01:00;5367,000;1,000;MESURE
2025-11-14 02:00:00+01:00;5364,000;1,000;MESURE
2025-11-14 03:00:00+01:00;5368,000;1,000;MESURE
2025-11-14 04:00:00+01:00;5368,000;1,000;MESURE
2025-11-14 05:00:00+01:00;6096,000;1,000;MESURE
2025-11-14 06:00:00+01:00;6081,000;1,000;MESURE
2025-11-14 07:00:00+01:00;1918,000;1,000;MESURE
2025-11-14 08:00:00+01:00;165,000;1,000;MESURE
2025-11-14 09:00:00+01:00;1915,000;1,000;MESURE
2025-11-14 10:00:00+01:00;1551,000;1,000;MESURE
2025-11-14 11:00:00+01:00;98,000;1,000;MESURE
2025-11-14 12:00:00+01:00;120,000;1,000;MESURE
2025-11-14 13:00:00+01:00;80,000;1,000;MESURE
2025-11-14 14:00:00+01:00;80,000;1,000;MESURE
2025-11-14 15:00:00+01:00;103,000;1,000;MESURE
2025-11-14 16:00:00+01:00;89,000;1,000;MESURE
2025-11-14 17:00:00+01:00;4203,000;1,000;MESURE
2025-11-14 18:00:00+01:00;6227,000;1,000;MESURE
2025-11-14 19:00:00+01:00;6231,000;1,000;MESURE
2025-11-14 20:00:00+01:00;6099,000;1,000;MESURE
2025-11-14 21:00:00+01:00;7740,000;1,000;MESURE
2025-11-14 22:00:00+01:00;6010,000;1,000;MESURE
2025-11-14 23:00:00+01:00;5390,000;1,000;MESURE
2025-11-15 00:00:00+01:00;5366,000;1,000;MESURE
2025-11-15 01:00:00+01:00;5368,000;1,000;MESURE
2025-11-15 02:00:00+01:00;5366,000;1,000;MESURE
2025-11-15 03:00:00+01:00;5365,000;1,000;MESURE
2025-11-15 04:00:00+01:00;5376,000;1,000;MESURE
2025-11-15 05:00:00+01:00;6076,000;1,000;MESURE
2025-11-15 06:00:00+01:00;6076,000;1,000;MESURE
2025-11-15 07:00:00+01:00;1998,000;1,000;MESURE
2025-11-15 08:00:00+01:00;80,000;1,000;MESURE
2025-11-15 09:00:00+01:00;91,000;1,000;MESURE
2025-11-15 10:00:00+01:00;97,000;1,000;MESURE
2025-11-15 11:00:00+01:00;113,000;1,000;MESURE
2025-11-15 12:00:00+01:00;115,000;1,000;MESURE
2025-11-15 13:00:00+01:00;110,000;1,000;MESURE
2025-11-15 14:00:00+01:00;96,000;1,000;MESURE
2025-11-15 15:00:00+01:00;82,000;1,000;MESURE
2025-11-15 16:00:00+01:00;98,000;1,000;MESURE
2025-11-15 17:00:00+01:00;4279,000;1,000;MESURE
2025-11-15 18:00:00+01:00;6249,000;1,000;MESURE
2025-11-15 19:00:00+01:00;7842,000;1,000;MESURE
2025-11-15 20:00:00+01:00;7646,000;1,000;MESURE
2025-11-15 21:00:00+01:00;7233,000;1,000;MESURE
2025-11-15 22:00:00+01:00;5405,000;1,000;MESURE
2025-11-15 23:00:00+01:00;5382,000;1,000;MESURE
2025-11-16 00:00:00+01:00;5369,000;1,000;MESURE
2025-11-16 01:00:00+01:00;5310,000;1,000;MESURE
2025-11-16 02:00:00+01:00;5254,000;1,000;MESURE
2025-11-16 03:00:00+01:00;5251,000;1,000;MESURE
2025-11-16 04:00:00+01:00;5241,000;1,000;MESURE
2025-11-16 05:00:00+01:00;5966,000;1,000;MESURE
2025-11-16 06:00:00+01:00;5961,000;1,000;MESURE
2025-11-16 07:00:00+01:00;2145,000;1,000;MESURE
2025-11-16 08:00:00+01:00;252,000;1,000;MESURE
2025-11-16 09:00:00+01:00;1928,000;1,000;MESURE
2025-11-16 10:00:00+01:00;1212,000;1,000;MESURE
2025-11-16 11:00:00+01:00;91,000;1,000;MESURE
2025-11-16 12:00:00+01:00;92,000;1,000;MESURE
2025-11-16 13:00:00+01:00;1707,000;1,000;MESURE
2025-11-16 14:00:00+01:00;1905,000;1,000;MESURE
2025-11-16 15:00:00+01:00;1042,000;1,000;MESURE
2025-11-16 16:00:00+01:00;90,000;1,000;MESURE
2025-11-16 17:00:00+01:00;4332,000;1,000;MESURE
2025-11-16 18:00:00+01:00;6100,000;1,000;MESURE
2025-11-16 19:00:00+01:00;6002,000;1,000;MESURE
2025-11-16 20:00:00+01:00;5927,000;1,000;MESURE
2025-11-16 21:00:00+01:00;5937,000;1,000;MESURE
2025-11-16 22:00:00+01:00;6570,000;1,000;MESURE
2025-11-16 23:00:00+01:00;7122,000;1,000;MESURE
2025-11-17 00:00:00+01:00;7051,000;1,000;MESURE
2025-11-17 01:00:00+01:00;7053,000;1,000;MESURE
2025-11-17 02:00:00+01:00;5375,000;1,000;MESURE
2025-11-17 03:00:00+01:00;5211,000;1,000;MESURE
2025-11-17 04:00:00+01:00;5216,000;1,000;MESURE
2025-11-17 05:00:00+01:00;5969,000;1,000;MESURE
2025-11-17 06:00:00+01:00;5923,000;1,000;MESURE
2025-11-17 07:00:00+01:00;2237,000;1,000;MESURE
2025-11-17 08:00:00+01:00;89,000;1,000;MESURE
2025-11-17 09:00:00+01:00;92,000;1,000;MESURE
2025-11-17 10:00:00+01:00;94,000;1,000;MESURE
2025-11-17 11:00:00+01:00;89,000;1,000;MESURE
2025-11-17 12:00:00+01:00;1088,000;1,000;MESURE
2025-11-17 13:00:00+01:00;1960,000;1,000;MESURE
2025-11-17 14:00:00+01:00;663,000;1,000;MESURE
2025-11-17 15:00:00+01:00;91,000;1,000;MESURE
2025-11-17 16:00:00+01:00;100,000;1,000;MESURE
2025-11-17 17:00:00+01:00;4496,000;1,000;MESURE
2025-11-17 18:00:00+01:00;6139,000;1,000;MESURE
2025-11-17 19:00:00+01:00;6125,000;1,000;MESURE
2025-11-17 20:00:00+01:00;7836,000;1,000;MESURE
2025-11-17 21:00:00+01:00;7854,000;1,000;MESURE
2025-11-17 22:00:00+01:00;6558,000;1,000;MESURE
2025-11-17 23:00:00+01:00;5543,000;1,000;MESURE
2025-11-18 00:00:00+01:00;5612,000;1,000;MESURE
2025-11-18 01:00:00+01:00;5688,000;1,000;MESURE
2025-11-18 02:00:00+01:00;5775,000;1,000;MESURE
2025-11-18 03:00:00+01:00;5834,000;1,000;MESURE
2025-11-18 04:00:00+01:00;5937,000;1,000;MESURE
2025-11-18 05:00:00+01:00;6810,000;1,000;MESURE
2025-11-18 06:00:00+01:00;6739,000;1,000;MESURE
2025-11-18 07:00:00+01:00;3162,000;1,000;MESURE
2025-11-18 08:00:00+01:00;979,000;1,000;MESURE
2025-11-18 09:00:00+01:00;894,000;1,000;MESURE
2025-11-18 10:00:00+01:00;1755,000;1,000;MESURE
2025-11-18 11:00:00+01:00;1560,000;1,000;MESURE
2025-11-18 12:00:00+01:00;357,000;1,000;MESURE
2025-11-18 13:00:00+01:00;151,000;1,000;MESURE
2025-11-18 14:00:00+01:00;140,000;1,000;MESURE
2025-11-18 15:00:00+01:00;157,000;1,000;MESURE
2025-11-18 16:00:00+01:00;240,000;1,000;MESURE
2025-11-18 17:00:00+01:00;4764,000;1,000;MESURE
2025-11-18 18:00:00+01:00;6458,000;1,000;MESURE
2025-11-18 19:00:00+01:00;6621,000;1,000;MESURE
2025-11-18 20:00:00+01:00;6801,000;1,000;MESURE
2025-11-18 21:00:00+01:00;6808,000;1,000;MESURE
2025-11-18 22:00:00+01:00;6228,000;1,000;MESURE
2025-11-18 23:00:00+01:00;6248,000;1,000;MESURE
2025-11-19 00:00:00+01:00;6210,000;1,000;MESURE
2025-11-19 01:00:00+01:00;6213,000;1,000;MESURE
2025-11-19 02:00:00+01:00;6212,000;1,000;MESURE
2025-11-19 03:00:00+01:00;6223,000;1,000;MESURE
2025-11-19 04:00:00+01:00;6224,000;1,000;MESURE
2025-11-19 05:00:00+01:00;6920,000;1,000;MESURE
2025-11-19 06:00:00+01:00;6954,000;1,000;MESURE
2025-11-19 07:00:00+01:00;3508,000;1,000;MESURE
2025-11-19 08:00:00+01:00;1049,000;1,000;MESURE
2025-11-19 09:00:00+01:00;1067,000;1,000;MESURE
2025-11-19 10:00:00+01:00;1003,000;1,000;MESURE
2025-11-19 11:00:00+01:00;703,000;1,000;MESURE
2025-11-19 12:00:00+01:00;511,000;1,000;MESURE
2025-11-19 13:00:00+01:00;332,000;1,000;MESURE
2025-11-19 14:00:00+01:00;249,000;1,000;MESURE
2025-11-19 15:00:00+01:00;263,000;1,000;MESURE
2025-11-19 16:00:00+01:00;389,000;1,000;MESURE
2025-11-19 17:00:00+01:00;4885,000;1,000;MESURE
2025-11-19 18:00:00+01:00;6495,000;1,000;MESURE
2025-11-19 19:00:00+01:00;6607,000;1,000;MESURE
2025-11-19 20:00:00+01:00;6611,000;1,000;MESURE
2025-11-19 21:00:00+01:00;6619,000;1,000;MESURE
2025-11-19 22:00:00+01:00;6057,000;1,000;MESURE
2025-11-19 23:00:00+01:00;6114,000;1,000;MESURE
2025-11-20 00:00:00+01:00;6048,000;1,000;MESURE
2025-11-20 01:00:00+01:00;6016,000;1,000;MESURE
2025-11-20 02:00:00+01:00;6003,000;1,000;MESURE
2025-11-20 03:00:00+01:00;6055,000;1,000;MESURE
2025-11-20 04:00:00+01:00;6203,000;1,000;MESURE
2025-11-20 05:00:00+01:00;6973,000;1,000;MESURE
2025-11-20 06:00:00+01:00;7015,000;1,000;MESURE
2025-11-20 07:00:00+01:00;3634,000;1,000;MESURE
2025-11-20 08:00:00+01:00;1027,000;1,000;MESURE
2025-11-20 09:00:00+01:00;992,000;1,000;MESURE
2025-11-20 10:00:00+01:00;786,000;1,000;MESURE
2025-11-20 11:00:00+01:00;311,000;1,000;MESURE
2025-11-20 12:00:00+01:00;216,000;1,000;MESURE
2025-11-20 13:00:00+01:00;216,000;1,000;MESURE
2025-11-20 14:00:00+01:00;184,000;1,000;MESURE
2025-11-20 15:00:00+01:00;243,000;1,000;MESURE
2025-11-20 16:00:00+01:00;377,000;1,000;MESURE
2025-11-20 17:00:00+01:00;5003,000;1,000;MESURE
2025-11-20 18:00:00+01:00;6519,000;1,000;MESURE
2025-11-20 19:00:00+01:00;6689,000;1,000;MESURE
2025-11-20 20:00:00+01:00;6939,000;1,000;MESURE
2025-11-20 21:00:00+01:00;6983,000;1,000;MESURE
2025-11-20 22:00:00+01:00;6372,000;1,000;MESURE
2025-11-20 23:00:00+01:00;6260,000;1,000;MESURE
2025-11-21 00:00:00+01:00;6230,000;1,000;MESURE
2025-11-21 01:00:00+01:00;6224,000;1,000;MESURE
2025-11-21 02:00:00+01:00;6231,000;1,000;MESURE
2025-11-21 03:00:00+01:00;6365,000;1,000;MESURE
2025-11-21 04:00:00+01:00;6272,000;1,000;MESURE
2025-11-21 05:00:00+01:00;6912,000;1,000;MESURE
2025-11-21 06:00:00+01:00;6954,000;1,000;MESURE
2025-11-21 07:00:00+01:00;3704,000;1,000;MESURE
2025-11-21 08:00:00+01:00;1075,000;1,000;MESURE
2025-11-21 09:00:00+01:00;1091,000;1,000;MESURE
2025-11-21 10:00:00+01:00;1073,000;1,000;MESURE
2025-11-21 11:00:00+01:00;1029,000;1,000;MESURE
2025-11-21 12:00:00+01:00;956,000;1,000;MESURE
2025-11-21 13:00:00+01:00;968,000;1,000;MESURE
2025-11-21 14:00:00+01:00;954,000;1,000;MESURE
2025-11-21 15:00:00+01:00;979,000;1,000;MESURE
2025-11-21 16:00:00+01:00;1075,000;1,000;MESURE
2025-11-21 17:00:00+01:00;5739,000;1,000;MESURE
2025-11-21 18:00:00+01:00;7154,000;1,000;MESURE
2025-11-21 19:00:00+01:00;7178,000;1,000;MESURE
2025-11-21 20:00:00+01:00;7162,000;1,000;MESURE
2025-11-21 21:00:00+01:00;7017,000;1,000;MESURE
2025-11-21 22:00:00+01:00;6342,000;1,000;MESURE
2025-11-21 23:00:00+01:00;6327,000;1,000;MESURE
2025-11-22 00:00:00+01:00;6288,000;1,000;MESURE
2025-11-22 01:00:00+01:00;6303,000;1,000;MESURE
2025-11-22 02:00:00+01:00;6281,000;1,000;MESURE
2025-11-22 03:00:00+01:00;6291,000;1,000;MESURE
2025-11-22 04:00:00+01:00;6274,000;1,000;MESURE
2025-11-22 05:00:00+01:00;7003,000;1,000;MESURE
2025-11-22 06:00:00+01:00;7057,000;1,000;MESURE
2025-11-22 07:00:00+01:00;3946,000;1,000;MESURE
2025-11-22 08:00:00+01:00;1067,000;1,000;MESURE
2025-11-22 09:00:00+01:00;1059,000;1,000;MESURE
2025-11-22 10:00:00+01:00;1061,000;1,000;MESURE
2025-11-22 11:00:00+01:00;919,000;1,000;MESURE
2025-11-22 12:00:00+01:00;726,000;1,000;MESURE
2025-11-22 13:00:00+01:00;454,000;1,000;MESURE
2025-11-22 14:00:00+01:00;446,000;1,000;MESURE
2025-11-22 15:00:00+01:00;595,000;1,000;MESURE
2025-11-22 16:00:00+01:00;766,000;1,000;MESURE
2025-11-22 17:00:00+01:00;5631,000;1,000;MESURE
2025-11-22 18:00:00+01:00;7112,000;1,000;MESURE
2025-11-22 19:00:00+01:00;7112,000;1,000;MESURE
2025-11-22 20:00:00+01:00;7109,000;1,000;MESURE
2025-11-22 21:00:00+01:00;6973,000;1,000;MESURE
2025-11-22 22:00:00+01:00;6282,000;1,000;MESURE
2025-11-22 23:00:00+01:00;6298,000;1,000;MESURE
2025-11-23 00:00:00+01:00;6228,000;1,000;MESURE
2025-11-23 01:00:00+01:00;6275,000;1,000;MESURE
2025-11-23 02:00:00+01:00;6278,000;1,000;MESURE
2025-11-23 03:00:00+01:00;6282,000;1,000;MESURE
2025-11-23 04:00:00+01:00;6276,000;1,000;MESURE
2025-11-23 05:00:00+01:00;6965,000;1,000;MESURE
2025-11-23 06:00:00+01:00;6965,000;1,000;MESURE
2025-11-23 07:00:00+01:00;4022,000;1,000;MESURE
2025-11-23 08:00:00+01:00;1067,000;1,000;MESURE
2025-11-23 09:00:00+01:00;1055,000;1,000;MESURE
2025-11-23 10:00:00+01:00;1062,000;1,000;MESURE
2025-11-23 11:00:00+01:00;1052,000;1,000;MESURE
2025-11-23 12:00:00+01:00;1076,000;1,000;MESURE
2025-11-23 13:00:00+01:00;1073,000;1,000;MESURE
2025-11-23 14:00:00+01:00;1047,000;1,000;MESURE
2025-11-23 15:00:00+01:00;1018,000;1,000;MESURE
2025-11-23 16:00:00+01:00;1116,000;1,000;MESURE
2025-11-23 17:00:00+01:00;5770,000;1,000;MESURE
2025-11-23 18:00:00+01:00;7044,000;1,000;MESURE
2025-11-23 19:00:00+01:00;7078,000;1,000;MESURE
2025-11-23 20:00:00+01:00;6999,000;1,000;MESURE
2025-11-23 21:00:00+01:00;6945,000;1,000;MESURE
2025-11-23 22:00:00+01:00;6106,000;1,000;MESURE
2025-11-23 23:00:00+01:00;6024,000;1,000;MESURE
2025-11-24 00:00:00+01:00;5954,000;1,000;MESURE
2025-11-24 01:00:00+01:00;5838,000;1,000;MESURE
2025-11-24 02:00:00+01:00;5774,000;1,000;MESURE
2025-11-24 03:00:00+01:00;5717,000;1,000;MESURE
2025-11-24 04:00:00+01:00;5673,000;1,000;MESURE
2025-11-24 05:00:00+01:00;6306,000;1,000;MESURE
2025-11-24 06:00:00+01:00;6287,000;1,000;MESURE
2025-11-24 07:00:00+01:00;3392,000;1,000;MESURE
2025-11-24 08:00:00+01:00;313,000;1,000;MESURE
2025-11-24 09:00:00+01:00;258,000;1,000;MESURE
2025-11-24 10:00:00+01:00;215,000;1,000;MESURE
2025-11-24 11:00:00+01:00;152,000;1,000;MESURE
2025-11-24 12:00:00+01:00;147,000;1,000;MESURE
2025-11-24 13:00:00+01:00;137,000;1,000;MESURE
2025-11-24 14:00:00+01:00;141,000;1,000;MESURE
2025-11-24 15:00:00+01:00;2143,000;1,000;MESURE
2025-11-24 16:00:00+01:00;248,000;1,000;MESURE
2025-11-24 17:00:00+01:00;3381,000;1,000;MESURE
2025-11-24 18:00:00+01:00;3964,000;1,000;MESURE
2025-11-24 19:00:00+01:00;3994,000;1,000;MESURE
2025-11-24 20:00:00+01:00;4093,000;1,000;MESURE
2025-11-24 21:00:00+01:00;3997,000;1,000;MESURE
2025-11-24 22:00:00+01:00;3637,000;1,000;MESURE
2025-11-24 23:00:00+01:00;3601,000;1,000;MESURE
2025-11-25 00:00:00+01:00;3610,000;1,000;MESURE
2025-11-25 01:00:00+01:00;3735,000;1,000;MESURE
2025-11-25 02:00:00+01:00;3765,000;1,000;MESURE
2025-11-25 03:00:00+01:00;3811,000;1,000;MESURE
2025-11-25 04:00:00+01:00;3831,000;1,000;MESURE
2025-11-25 05:00:00+01:00;4340,000;1,000;MESURE
2025-11-25 06:00:00+01:00;4419,000;1,000;MESURE
2025-11-25 07:00:00+01:00;2653,000;1,000;MESURE
2025-11-25 08:00:00+01:00;751,000;1,000;MESURE
2025-11-25 09:00:00+01:00;701,000;1,000;MESURE
2025-11-25 10:00:00+01:00;538,000;1,000;MESURE
2025-11-25 11:00:00+01:00;508,000;1,000;MESURE
2025-11-25 12:00:00+01:00;432,000;1,000;MESURE
2025-11-25 13:00:00+01:00;395,000;1,000;MESURE
2025-11-25 14:00:00+01:00;420,000;1,000;MESURE
2025-11-25 15:00:00+01:00;384,000;1,000;MESURE
2025-11-25 16:00:00+01:00;1655,000;1,000;MESURE
2025-11-25 17:00:00+01:00;3653,000;1,000;MESURE
2025-11-25 18:00:00+01:00;4344,000;1,000;MESURE
2025-11-25 19:00:00+01:00;4405,000;1,000;MESURE
2025-11-25 20:00:00+01:00;4489,000;1,000;MESURE
2025-11-25 21:00:00+01:00;4539,000;1,000;MESURE
2025-11-25 22:00:00+01:00;4191,000;1,000;MESURE
2025-11-25 23:00:00+01:00;4190,000;1,000;MESURE
2025-11-26 00:00:00+01:00;4209,000;1,000;MESURE
2025-11-26 01:00:00+01:00;4221,000;1,000;MESURE
2025-11-26 02:00:00+01:00;4245,000;1,000;MESURE
2025-11-26 03:00:00+01:00;4302,000;1,000;MESURE
2025-11-26 04:00:00+01:00;4240,000;1,000;MESURE
2025-11-26 05:00:00+01:00;4615,000;1,000;MESURE
2025-11-26 06:00:00+01:00;4591,000;1,000;MESURE
2025-11-26 07:00:00+01:00;3052,000;1,000;MESURE
2025-11-26 08:00:00+01:00;1050,000;1,000;MESURE
2025-11-26 09:00:00+01:00;1419,000;1,000;MESURE
2025-11-26 10:00:00+01:00;827,000;1,000;MESURE
2025-11-26 11:00:00+01:00;680,000;1,000;MESURE
2025-11-26 12:00:00+01:00;486,000;1,000;MESURE
2025-11-26 13:00:00+01:00;359,000;1,000;MESURE
2025-11-26 14:00:00+01:00;417,000;1,000;MESURE
2025-11-26 15:00:00+01:00;328,000;1,000;MESURE
2025-11-26 16:00:00+01:00;462,000;1,000;MESURE
2025-11-26 17:00:00+01:00;3632,000;1,000;MESURE
2025-11-26 18:00:00+01:00;4241,000;1,000;MESURE
2025-11-26 19:00:00+01:00;4450,000;1,000;MESURE
2025-11-26 20:00:00+01:00;4589,000;1,000;MESURE
2025-11-26 21:00:00+01:00;4621,000;1,000;MESURE
2025-11-26 22:00:00+01:00;4309,000;1,000;MESURE
2025-11-26 23:00:00+01:00;4296,000;1,000;MESURE
2025-11-27 00:00:00+01:00;4278,000;1,000;MESURE
2025-11-27 01:00:00+01:00;4269,000;1,000;MESURE
2025-11-27 02:00:00+01:00;4289,000;1,000;MESURE
2025-11-27 03:00:00+01:00;4281,000;1,000;MESURE
2025-11-27 04:00:00+01:00;4278,000;1,000;MESURE
2025-11-27 05:00:00+01:00;4694,000;1,000;MESURE
2025-11-27 06:00:00+01:00;4769,000;1,000;MESURE
2025-11-27 07:00:00+01:00;3214,000;1,000;MESURE
2025-11-27 08:00:00+01:00;1062,000;1,000;MESURE
2025-11-27 09:00:00+01:00;1062,000;1,000;MESURE
2025-11-27 10:00:00+01:00;1036,000;1,000;MESURE
2025-11-27 11:00:00+01:00;1021,000;1,000;MESURE
2025-11-27 12:00:00+01:00;677,000;1,000;MESURE
2025-11-27 13:00:00+01:00;427,000;1,000;MESURE
2025-11-27 14:00:00+01:00;325,000;1,000;MESURE
2025-11-27 15:00:00+01:00;348,000;1,000;MESURE
2025-11-27 16:00:00+01:00;592,000;1,000;MESURE
2025-11-27 17:00:00+01:00;3917,000;1,000;MESURE
2025-11-27 18:00:00+01:00;4595,000;1,000;MESURE
2025-11-27 19:00:00+01:00;4713,000;1,000;MESURE
2025-11-27 20:00:00+01:00;4844,000;1,000;MESURE
2025-11-27 21:00:00+01:00;4771,000;1,000;MESURE
2025-11-27 22:00:00+01:00;4433,000;1,000;MESURE
2025-11-27 23:00:00+01:00;4314,000;1,000;MESURE
2025-11-28 00:00:00+01:00;4338,000;1,000;MESURE
2025-11-28 01:00:00+01:00;4348,000;1,000;MESURE
2025-11-28 02:00:00+01:00;4294,000;1,000;MESURE
2025-11-28 03:00:00+01:00;4305,000;1,000;MESURE
2025-11-28 04:00:00+01:00;4289,000;1,000;MESURE
2025-11-28 05:00:00+01:00;4711,000;1,000;MESURE
2025-11-28 06:00:00+01:00;4721,000;1,000;MESURE
2025-11-28 07:00:00+01:00;3254,000;1,000;MESURE
2025-11-28 08:00:00+01:00;1084,000;1,000;MESURE
2025-11-28 09:00:00+01:00;1067,000;1,000;MESURE
2025-11-28 10:00:00+01:00;1052,000;1,000;MESURE
2025-11-28 11:00:00+01:00;890,000;1,000;MESURE
2025-11-28 12:00:00+01:00;571,000;1,000;MESURE
2025-11-28 13:00:00+01:00;519,000;1,000;MESURE
2025-11-28 14:00:00+01:00;363,000;1,000;MESURE
2025-11-28 15:00:00+01:00;401,000;1,000;MESURE
2025-11-28 16:00:00+01:00;569,000;1,000;MESURE
2025-11-28 17:00:00+01:00;3939,000;1,000;MESURE
2025-11-28 18:00:00+01:00;4505,000;1,000;MESURE
2025-11-28 19:00:00+01:00;4541,000;1,000;MESURE
2025-11-28 20:00:00+01:00;4530,000;1,000;MESURE
2025-11-28 21:00:00+01:00;4627,000;1,000;MESURE
2025-11-28 22:00:00+01:00;4406,000;1,000;MESURE
2025-11-28 23:00:00+01:00;4257,000;1,000;MESURE
2025-11-29 00:00:00+01:00;4253,000;1,000;MESURE
2025-11-29 01:00:00+01:00;4255,000;1,000;MESURE
2025-11-29 02:00:00+01:00;4241,000;1,000;MESURE
2025-11-29 03:00:00+01:00;4250,000;1,000;MESURE
2025-11-29 04:00:00+01:00;4243,000;1,000;MESURE
2025-11-29 05:00:00+01:00;4657,000;1,000;MESURE
2025-11-29 06:00:00+01:00;4664,000;1,000;MESURE
2025-11-29 07:00:00+01:00;3369,000;1,000;MESURE
2025-11-29 08:00:00+01:00;1054,000;1,000;MESURE
2025-11-29 09:00:00+01:00;1014,000;1,000;MESURE
2025-11-29 10:00:00+01:00;831,000;1,000;MESURE
2025-11-29 11:00:00+01:00;368,000;1,000;MESURE
2025-11-29 12:00:00+01:00;120,000;1,000;MESURE
2025-11-29 13:00:00+01:00;104,000;1,000;MESURE
2025-11-29 14:00:00+01:00;670,000;1,000;MESURE
2025-11-29 15:00:00+01:00;81,000;1,000;MESURE
2025-11-29 16:00:00+01:00;228,000;1,000;MESURE
2025-11-29 17:00:00+01:00;3522,000;1,000;MESURE
2025-11-29 18:00:00+01:00;4059,000;1,000;MESURE
2025-11-29 19:00:00+01:00;4237,000;1,000;MESURE
2025-11-29 20:00:00+01:00;4316,000;1,000;MESURE
2025-11-29 21:00:00+01:00;4418,000;1,000;MESURE
2025-11-29 22:00:00+01:00;4235,000;1,000;MESURE
2025-11-29 23:00:00+01:00;4332,000;1,000;MESURE
2025-11-30 00:00:00+01:00;4297,000;1,000;MESURE
2025-11-30 01:00:00+01:00;4279,000;1,000;MESURE
2025-11-30 02:00:00+01:00;4256,000;1,000;MESURE
2025-11-30 03:00:00+01:00;4247,000;1,000;MESURE
2025-11-30 04:00:00+01:00;4247,000;1,000;MESURE
2025-11-30 05:00:00+01:00;4688,000;1,000;MESURE
2025-11-30 06:00:00+01:00;4796,000;1,000;MESURE
2025-11-30 07:00:00+01:00;3370,000;1,000;MESURE
2025-11-30 08:00:00+01:00;1050,000;1,000;MESURE
2025-11-30 09:00:00+01:00;1008,000;1,000;MESURE
2025-11-30 10:00:00+01:00;846,000;1,000;MESURE
2025-11-30 11:00:00+01:00;500,000;1,000;MESURE
2025-11-30 12:00:00+01:00;191,000;1,000;MESURE
2025-11-30 13:00:00+01:00;111,000;1,000;MESURE
2025-11-30 14:00:00+01:00;81,000;1,000;MESURE
2025-11-30 15:00:00+01:00;96,000;1,000;MESURE
2025-11-30 16:00:00+01:00;256,000;1,000;MESURE
2025-11-30 17:00:00+01:00;3533,000;1,000;MESURE
2025-11-30 18:00:00+01:00;4087,000;1,000;MESURE
2025-11-30 19:00:00+01:00;4148,000;1,000;MESURE
2025-11-30 20:00:00+01:00;4088,000;1,000;MESURE
2025-11-30 21:00:00+01:00;3984,000;1,000;MESURE
2025-11-30 22:00:00+01:00;3671,000;1,000;MESURE
2025-11-30 23:00:00+01:00;3708,000;1,000;MESURE
2025-12-01 00:00:00+01:00;3718,000;1,000;MESURE
2025-12-01 01:00:00+01:00;3802,000;1,000;MESURE
2025-12-01 02:00:00+01:00;3915,000;1,000;MESURE
2025-12-01 03:00:00+01:00;3958,000;1,000;MESURE
2025-12-01 04:00:00+01:00;3962,000;1,000;MESURE
2025-12-01 05:00:00+01:00;4399,000;1,000;MESURE
2025-12-01 06:00:00+01:00;4425,000;1,000;MESURE
2025-12-01 07:00:00+01:00;3208,000;1,000;MESURE
2025-12-01 08:00:00+01:00;766,000;1,000;MESURE
2025-12-01 09:00:00+01:00;694,000;1,000;MESURE
2025-12-01 10:00:00+01:00;652,000;1,000;MESURE
2025-12-01 11:00:00+01:00;613,000;1,000;MESURE
2025-12-01 12:00:00+01:00;570,000;1,000;MESURE
2025-12-01 13:00:00+01:00;502,000;1,000;MESURE
2025-12-01 14:00:00+01:00;463,000;1,000;MESURE
2025-12-01 15:00:00+01:00;459,000;1,000;MESURE
2025-12-01 16:00:00+01:00;605,000;1,000;MESURE
2025-12-01 17:00:00+01:00;3747,000;1,000;MESURE
2025-12-01 18:00:00+01:00;4605,000;1,000;MESURE
2025-12-01 19:00:00+01:00;4601,000;1,000;MESURE
2025-12-01 20:00:00+01:00;4234,000;1,000;MESURE
2025-12-01 21:00:00+01:00;4257,000;1,000;MESURE
2025-12-01 22:00:00+01:00;4316,000;0,167;INTERP_COURTE
2025-12-01 23:00:00+01:00;4375,000;0,000;INTERP_COURTE
2025-12-02 00:00:00+01:00;4434,000;1,000;MESURE
2025-12-02 01:00:00+01:00;4588,000;1,000;MESURE
2025-12-02 02:00:00+01:00;4610,000;1,000;MESURE
2025-12-02 03:00:00+01:00;4467,000;1,000;MESURE
2025-12-02 04:00:00+01:00;4311,000;1,000;MESURE
2025-12-02 05:00:00+01:00;4932,000;1,000;MESURE
2025-12-02 06:00:00+01:00;4945,000;1,000;MESURE
2025-12-02 07:00:00+01:00;3719,000;1,000;MESURE
2025-12-02 08:00:00+01:00;2824,000;1,000;MESURE
2025-12-02 09:00:00+01:00;4264,000;1,000;MESURE
2025-12-02 10:00:00+01:00;1004,000;1,000;MESURE
2025-12-02 11:00:00+01:00;797,000;1,000;MESURE
2025-12-02 12:00:00+01:00;633,000;1,000;MESURE
2025-12-02 13:00:00+01:00;535,000;1,000;MESURE
2025-12-02 14:00:00+01:00;446,000;1,000;MESURE
2025-12-02 15:00:00+01:00;396,000;1,000;MESURE
2025-12-02 16:00:00+01:00;1804,000;1,000;MESURE
2025-12-02 17:00:00+01:00;5245,000;1,000;MESURE
2025-12-02 18:00:00+01:00;5612,000;1,000;MESURE
2025-12-02 19:00:00+01:00;5049,000;1,000;MESURE
2025-12-02 20:00:00+01:00;5053,000;1,000;MESURE
2025-12-02 21:00:00+01:00;5117,000;1,000;MESURE
2025-12-02 22:00:00+01:00;4346,000;1,000;MESURE
2025-12-02 23:00:00+01:00;4340,000;1,000;MESURE
2025-12-03 00:00:00+01:00;4199,000;1,000;MESURE
2025-12-03 01:00:00+01:00;2737,000;1,000;MESURE
2025-12-03 02:00:00+01:00;2636,000;1,000;MESURE
2025-12-03 03:00:00+01:00;2619,000;1,000;MESURE
2025-12-03 04:00:00+01:00;2692,000;1,000;MESURE
2025-12-03 05:00:00+01:00;3399,000;1,000;MESURE
2025-12-03 06:00:00+01:00;3324,000;1,000;MESURE
2025-12-03 07:00:00+01:00;2631,000;1,000;MESURE
2025-12-03 08:00:00+01:00;1870,000;1,000;MESURE
2025-12-03 09:00:00+01:00;3218,000;1,000;MESURE
2025-12-03 10:00:00+01:00;3005,000;1,000;MESURE
2025-12-03 11:00:00+01:00;3893,000;1,000;MESURE
2025-12-03 12:00:00+01:00;2390,000;1,000;MESURE
2025-12-03 13:00:00+01:00;2447,000;1,000;MESURE
2025-12-03 14:00:00+01:00;2342,000;1,000;MESURE
2025-12-03 15:00:00+01:00;2442,000;1,000;MESURE
2025-12-03 16:00:00+01:00;2442,000;1,000;MESURE
2025-12-03 17:00:00+01:00;7764,000;1,000;MESURE
2025-12-03 18:00:00+01:00;9662,000;1,000;MESURE
2025-12-03 19:00:00+01:00;8907,000;1,000;MESURE
2025-12-03 20:00:00+01:00;8778,000;1,000;MESURE
2025-12-03 21:00:00+01:00;8707,000;1,000;MESURE
2025-12-03 22:00:00+01:00;7378,000;1,000;MESURE
2025-12-03 23:00:00+01:00;6027,000;1,000;MESURE
2025-12-04 00:00:00+01:00;6016,000;1,000;MESURE
2025-12-04 01:00:00+01:00;6007,000;1,000;MESURE
2025-12-04 02:00:00+01:00;6013,000;1,000;MESURE
2025-12-04 03:00:00+01:00;6060,000;1,000;MESURE
2025-12-04 04:00:00+01:00;6188,000;1,000;MESURE
2025-12-04 05:00:00+01:00;7621,000;1,000;MESURE
2025-12-04 06:00:00+01:00;7923,000;1,000;MESURE
2025-12-04 07:00:00+01:00;6127,000;1,000;MESURE
2025-12-04 08:00:00+01:00;1382,000;1,000;MESURE
2025-12-04 09:00:00+01:00;705,000;1,000;MESURE
2025-12-04 10:00:00+01:00;1509,000;1,000;MESURE
2025-12-04 11:00:00+01:00;1448,000;1,000;MESURE
2025-12-04 12:00:00+01:00;1305,000;1,000;MESURE
2025-12-04 13:00:00+01:00;1291,000;1,000;MESURE
2025-12-04 14:00:00+01:00;1104,000;1,000;MESURE
2025-12-04 15:00:00+01:00;1084,000;1,000;MESURE
2025-12-04 16:00:00+01:00;1414,000;1,000;MESURE
2025-12-04 17:00:00+01:00;6529,000;1,000;MESURE
2025-12-04 18:00:00+01:00;7546,000;1,000;MESURE
2025-12-04 19:00:00+01:00;7567,000;1,000;MESURE
2025-12-04 20:00:00+01:00;7571,000;1,000;MESURE
2025-12-04 21:00:00+01:00;7446,000;1,000;MESURE
2025-12-04 22:00:00+01:00;6584,000;1,000;MESURE
2025-12-04 23:00:00+01:00;6763,000;1,000;MESURE
2025-12-05 00:00:00+01:00;6645,000;1,000;MESURE
2025-12-05 01:00:00+01:00;6747,000;1,000;MESURE
2025-12-05 02:00:00+01:00;6737,000;1,000;MESURE
2025-12-05 03:00:00+01:00;6875,000;1,000;MESURE
2025-12-05 04:00:00+01:00;7153,000;1,000;MESURE
2025-12-05 05:00:00+01:00;8098,000;1,000;MESURE
2025-12-05 06:00:00+01:00;8165,000;1,000;MESURE
2025-12-05 07:00:00+01:00;6580,000;1,000;MESURE
2025-12-05 08:00:00+01:00;2248,000;1,000;MESURE
2025-12-05 09:00:00+01:00;2104,000;1,000;MESURE
2025-12-05 10:00:00+01:00;2058,000;1,000;MESURE
2025-12-05 11:00:00+01:00;1937,000;1,000;MESURE
2025-12-05 12:00:00+01:00;1796,000;1,000;MESURE
2025-12-05 13:00:00+01:00;1149,000;1,000;MESURE
2025-12-05 14:00:00+01:00;1014,000;1,000;MESURE
2025-12-05 15:00:00+01:00;1018,000;1,000;MESURE
2025-12-05 16:00:00+01:00;1351,000;1,000;MESURE
2025-12-05 17:00:00+01:00;6512,000;1,000;MESURE
2025-12-05 18:00:00+01:00;7490,000;1,000;MESURE
2025-12-05 19:00:00+01:00;7650,000;1,000;MESURE
2025-12-05 20:00:00+01:00;7930,000;1,000;MESURE
2025-12-05 21:00:00+01:00;9330,000;1,000;MESURE
2025-12-05 22:00:00+01:00;8661,000;1,000;MESURE
2025-12-05 23:00:00+01:00;8028,000;1,000;MESURE
2025-12-06 00:00:00+01:00;8010,000;1,000;MESURE
2025-12-06 01:00:00+01:00;8124,000;1,000;MESURE
2025-12-06 02:00:00+01:00;8006,000;1,000;MESURE
2025-12-06 03:00:00+01:00;7976,000;1,000;MESURE
2025-12-06 04:00:00+01:00;7926,000;1,000;MESURE
2025-12-06 05:00:00+01:00;8910,000;1,000;MESURE
2025-12-06 06:00:00+01:00;7955,000;1,000;MESURE
2025-12-06 07:00:00+01:00;6399,000;1,000;MESURE
2025-12-06 08:00:00+01:00;1594,000;1,000;MESURE
2025-12-06 09:00:00+01:00;1566,000;1,000;MESURE
2025-12-06 10:00:00+01:00;1335,000;1,000;MESURE
2025-12-06 11:00:00+01:00;1206,000;1,000;MESURE
2025-12-06 12:00:00+01:00;1066,000;1,000;MESURE
2025-12-06 13:00:00+01:00;1068,000;1,000;MESURE
2025-12-06 14:00:00+01:00;855,000;1,000;MESURE
2025-12-06 15:00:00+01:00;809,000;1,000;MESURE
2025-12-06 16:00:00+01:00;1245,000;1,000;MESURE
2025-12-06 17:00:00+01:00;6196,000;1,000;MESURE
2025-12-06 18:00:00+01:00;7144,000;1,000;MESURE
2025-12-06 19:00:00+01:00;7099,000;1,000;MESURE
2025-12-06 20:00:00+01:00;7257,000;1,000;MESURE
2025-12-06 21:00:00+01:00;8856,000;1,000;MESURE
2025-12-06 22:00:00+01:00;7563,000;1,000;MESURE
2025-12-06 23:00:00+01:00;7393,000;1,000;MESURE
2025-12-07 00:00:00+01:00;7193,000;1,000;MESURE
2025-12-07 01:00:00+01:00;7161,000;1,000;MESURE
2025-12-07 02:00:00+01:00;5902,000;1,000;MESURE
2025-12-07 03:00:00+01:00;5386,000;1,000;MESURE
2025-12-07 04:00:00+01:00;5411,000;1,000;MESURE
2025-12-07 05:00:00+01:00;6449,000;1,000;MESURE
2025-12-07 06:00:00+01:00;6338,000;1,000;MESURE
2025-12-07 07:00:00+01:00;4946,000;1,000;MESURE
2025-12-07 08:00:00+01:00;294,000;1,000;MESURE
2025-12-07 09:00:00+01:00;234,000;1,000;MESURE
2025-12-07 10:00:00+01:00;194,000;1,000;MESURE
2025-12-07 11:00:00+01:00;154,000;1,000;MESURE
2025-12-07 12:00:00+01:00;154,000;1,000;MESURE
2025-12-07 13:00:00+01:00;137,000;1,000;MESURE
2025-12-07 14:00:00+01:00;128,000;1,000;MESURE
2025-12-07 15:00:00+01:00;122,000;1,000;MESURE
2025-12-07 16:00:00+01:00;428,000;1,000;MESURE
2025-12-07 17:00:00+01:00;5430,000;1,000;MESURE
2025-12-07 18:00:00+01:00;6375,000;1,000;MESURE
2025-12-07 19:00:00+01:00;6361,000;1,000;MESURE
2025-12-07 20:00:00+01:00;6302,000;1,000;MESURE
2025-12-07 21:00:00+01:00;6176,000;1,000;MESURE
2025-12-07 22:00:00+01:00;5263,000;1,000;MESURE
2025-12-07 23:00:00+01:00;5277,000;1,000;MESURE
2025-12-08 00:00:00+01:00;5226,000;1,000;MESURE
2025-12-08 01:00:00+01:00;5227,000;1,000;MESURE
2025-12-08 02:00:00+01:00;5220,000;1,000;MESURE
2025-12-08 03:00:00+01:00;5222,000;1,000;MESURE
2025-12-08 04:00:00+01:00;5218,000;1,000;MESURE
2025-12-08 05:00:00+01:00;6159,000;1,000;MESURE
2025-12-08 06:00:00+01:00;6160,000;1,000;MESURE
2025-12-08 07:00:00+01:00;4846,000;1,000;MESURE
2025-12-08 08:00:00+01:00;115,000;1,000;MESURE
2025-12-08 09:00:00+01:00;112,000;1,000;MESURE
2025-12-08 10:00:00+01:00;102,000;1,000;MESURE
2025-12-08 11:00:00+01:00;95,000;1,000;MESURE
2025-12-08 12:00:00+01:00;81,000;1,000;MESURE
2025-12-08 13:00:00+01:00;104,000;1,000;MESURE
2025-12-08 14:00:00+01:00;109,000;1,000;MESURE
2025-12-08 15:00:00+01:00;113,000;1,000;MESURE
2025-12-08 16:00:00+01:00;413,000;1,000;MESURE
2025-12-08 17:00:00+01:00;5447,000;1,000;MESURE
2025-12-08 18:00:00+01:00;6303,000;1,000;MESURE
2025-12-08 19:00:00+01:00;6277,000;1,000;MESURE
2025-12-08 20:00:00+01:00;6284,000;1,000;MESURE
2025-12-08 21:00:00+01:00;6309,000;1,000;MESURE
2025-12-08 22:00:00+01:00;5503,000;1,000;MESURE
2025-12-08 23:00:00+01:00;5340,000;1,000;MESURE
2025-12-09 00:00:00+01:00;5291,000;1,000;MESURE
2025-12-09 01:00:00+01:00;5292,000;1,000;MESURE
2025-12-09 02:00:00+01:00;5311,000;1,000;MESURE
2025-12-09 03:00:00+01:00;5375,000;1,000;MESURE
2025-12-09 04:00:00+01:00;5415,000;1,000;MESURE
2025-12-09 05:00:00+01:00;6394,000;1,000;MESURE
2025-12-09 06:00:00+01:00;6446,000;1,000;MESURE
2025-12-09 07:00:00+01:00;5278,000;1,000;MESURE
2025-12-09 08:00:00+01:00;457,000;1,000;MESURE
2025-12-09 09:00:00+01:00;624,000;1,000;MESURE
2025-12-09 10:00:00+01:00;499,000;1,000;MESURE
2025-12-09 11:00:00+01:00;404,000;1,000;MESURE
2025-12-09 12:00:00+01:00;299,000;1,000;MESURE
2025-12-09 13:00:00+01:00;159,000;1,000;MESURE
2025-12-09 14:00:00+01:00;107,000;1,000;MESURE
2025-12-09 15:00:00+01:00;95,000;1,000;MESURE
2025-12-09 16:00:00+01:00;456,000;1,000;MESURE
2025-12-09 17:00:00+01:00;5579,000;1,000;MESURE
2025-12-09 18:00:00+01:00;6425,000;1,000;MESURE
2025-12-09 19:00:00+01:00;6505,000;1,000;MESURE
2025-12-09 20:00:00+01:00;6629,000;1,000;MESURE
2025-12-09 21:00:00+01:00;6691,000;1,000;MESURE
2025-12-09 22:00:00+01:00;5825,000;1,000;MESURE
2025-12-09 23:00:00+01:00;5924,000;1,000;MESURE
2025-12-10 00:00:00+01:00;5971,000;1,000;MESURE
2025-12-10 01:00:00+01:00;6015,000;1,000;MESURE
2025-12-10 02:00:00+01:00;6065,000;1,000;MESURE
2025-12-10 03:00:00+01:00;6073,000;1,000;MESURE
2025-12-10 04:00:00+01:00;6076,000;1,000;MESURE
2025-12-10 05:00:00+01:00;6903,000;1,000;MESURE
2025-12-10 06:00:00+01:00;6894,000;1,000;MESURE
2025-12-10 07:00:00+01:00;5782,000;1,000;MESURE
2025-12-10 08:00:00+01:00;882,000;1,000;MESURE
2025-12-10 09:00:00+01:00;748,000;1,000;MESURE
2025-12-10 10:00:00+01:00;619,000;1,000;MESURE
2025-12-10 11:00:00+01:00;382,000;1,000;MESURE
2025-12-10 12:00:00+01:00;182,000;1,000;MESURE
2025-12-10 13:00:00+01:00;96,000;1,000;MESURE
2025-12-10 14:00:00+01:00;276,000;1,000;MESURE
2025-12-10 15:00:00+01:00;99,000;1,000;MESURE
2025-12-10 16:00:00+01:00;418,000;1,000;MESURE
2025-12-10 17:00:00+01:00;5531,000;1,000;MESURE
2025-12-10 18:00:00+01:00;6382,000;1,000;MESURE
2025-12-10 19:00:00+01:00;6300,000;1,000;MESURE
2025-12-10 20:00:00+01:00;6334,000;1,000;MESURE
2025-12-10 21:00:00+01:00;6350,000;1,000;MESURE
2025-12-10 22:00:00+01:00;5468,000;1,000;MESURE
2025-12-10 23:00:00+01:00;5480,000;1,000;MESURE
2025-12-11 00:00:00+01:00;5505,000;1,000;MESURE
2025-12-11 01:00:00+01:00;5476,000;1,000;MESURE
2025-12-11 02:00:00+01:00;5403,000;1,000;MESURE
2025-12-11 03:00:00+01:00;5469,000;1,000;MESURE
2025-12-11 04:00:00+01:00;5511,000;1,000;MESURE
2025-12-11 05:00:00+01:00;6490,000;1,000;MESURE
2025-12-11 06:00:00+01:00;6566,000;1,000;MESURE
2025-12-11 07:00:00+01:00;5652,000;1,000;MESURE
2025-12-11 08:00:00+01:00;716,000;1,000;MESURE
2025-12-11 09:00:00+01:00;614,000;1,000;MESURE
2025-12-11 10:00:00+01:00;456,000;1,000;MESURE
2025-12-11 11:00:00+01:00;134,000;1,000;MESURE
2025-12-11 12:00:00+01:00;110,000;1,000;MESURE
2025-12-11 13:00:00+01:00;97,000;1,000;MESURE
2025-12-11 14:00:00+01:00;88,000;1,000;MESURE
2025-12-11 15:00:00+01:00;102,000;1,000;MESURE
2025-12-11 16:00:00+01:00;403,000;1,000;MESURE
2025-12-11 17:00:00+01:00;5564,000;1,000;MESURE
2025-12-11 18:00:00+01:00;6387,000;1,000;MESURE
2025-12-11 19:00:00+01:00;6307,000;1,000;MESURE
2025-12-11 20:00:00+01:00;6319,000;1,000;MESURE
2025-12-11 21:00:00+01:00;6399,000;1,000;MESURE
2025-12-11 22:00:00+01:00;5508,000;1,000;MESURE
2025-12-11 23:00:00+01:00;5478,000;1,000;MESURE
2025-12-12 00:00:00+01:00;5430,000;1,000;MESURE
2025-12-12 01:00:00+01:00;5492,000;1,000;MESURE
2025-12-12 02:00:00+01:00;5596,000;1,000;MESURE
2025-12-12 03:00:00+01:00;5781,000;1,000;MESURE
2025-12-12 04:00:00+01:00;5866,000;1,000;MESURE
2025-12-12 05:00:00+01:00;6739,000;1,000;MESURE
2025-12-12 06:00:00+01:00;6624,000;1,000;MESURE
2025-12-12 07:00:00+01:00;5591,000;1,000;MESURE
2025-12-12 08:00:00+01:00;535,000;1,000;MESURE
2025-12-12 09:00:00+01:00;457,000;1,000;MESURE
2025-12-12 10:00:00+01:00;386,000;1,000;MESURE
2025-12-12 11:00:00+01:00;303,000;1,000;MESURE
2025-12-12 12:00:00+01:00;260,000;1,000;MESURE
2025-12-12 13:00:00+01:00;1054,000;1,000;MESURE
2025-12-12 14:00:00+01:00;184,000;1,000;MESURE
2025-12-12 15:00:00+01:00;161,000;1,000;MESURE
2025-12-12 16:00:00+01:00;478,000;1,000;MESURE
2025-12-12 17:00:00+01:00;5579,000;1,000;MESURE
2025-12-12 18:00:00+01:00;6549,000;1,000;MESURE
2025-12-12 19:00:00+01:00;6568,000;1,000;MESURE
2025-12-12 20:00:00+01:00;6639,000;1,000;MESURE
2025-12-12 21:00:00+01:00;6668,000;1,000;MESURE
2025-12-12 22:00:00+01:00;5754,000;1,000;MESURE
2025-12-12 23:00:00+01:00;5630,000;1,000;MESURE
2025-12-13 00:00:00+01:00;5729,000;1,000;MESURE
2025-12-13 01:00:00+01:00;5785,000;1,000;MESURE
2025-12-13 02:00:00+01:00;5821,000;1,000;MESURE
2025-12-13 03:00:00+01:00;5740,000;1,000;MESURE
2025-12-13 04:00:00+01:00;5778,000;1,000;MESURE
2025-12-13 05:00:00+01:00;6759,000;1,000;MESURE
2025-12-13 06:00:00+01:00;6883,000;1,000;MESURE
2025-12-13 07:00:00+01:00;5900,000;1,000;MESURE
2025-12-13 08:00:00+01:00;680,000;1,000;MESURE
2025-12-13 09:00:00+01:00;694,000;1,000;MESURE
2025-12-13 10:00:00+01:00;656,000;1,000;MESURE
2025-12-13 11:00:00+01:00;651,000;1,000;MESURE
2025-12-13 12:00:00+01:00;607,000;1,000;MESURE
2025-12-13 13:00:00+01:00;584,000;1,000;MESURE
2025-12-13 14:00:00+01:00;570,000;1,000;MESURE
2025-12-13 15:00:00+01:00;520,000;1,000;MESURE
2025-12-13 16:00:00+01:00;854,000;1,000;MESURE
2025-12-13 17:00:00+01:00;5830,000;1,000;MESURE
2025-12-13 18:00:00+01:00;6890,000;1,000;MESURE
2025-12-13 19:00:00+01:00;6911,000;1,000;MESURE
2025-12-13 20:00:00+01:00;6920,000;1,000;MESURE
2025-12-13 21:00:00+01:00;6919,000;1,000;MESURE
2025-12-13 22:00:00+01:00;5884,000;1,000;MESURE
2025-12-13 23:00:00+01:00;5887,000;1,000;MESURE
2025-12-14 00:00:00+01:00;5897,000;1,000;MESURE
2025-12-14 01:00:00+01:00;5776,000;1,000;MESURE
2025-12-14 02:00:00+01:00;5787,000;1,000;MESURE
2025-12-14 03:00:00+01:00;5853,000;1,000;MESURE
2025-12-14 04:00:00+01:00;5978,000;1,000;MESURE
2025-12-14 05:00:00+01:00;6927,000;1,000;MESURE
2025-12-14 06:00:00+01:00;6889,000;1,000;MESURE
2025-12-14 07:00:00+01:00;6121,000;1,000;MESURE
2025-12-14 08:00:00+01:00;659,000;1,000;MESURE
2025-12-14 09:00:00+01:00;665,000;1,000;MESURE
2025-12-14 10:00:00+01:00;604,000;1,000;MESURE
2025-12-14 11:00:00+01:00;538,000;1,000;MESURE
2025-12-14 12:00:00+01:00;501,000;1,000;MESURE
2025-12-14 13:00:00+01:00;470,000;1,000;MESURE
2025-12-14 14:00:00+01:00;449,000;1,000;MESURE
2025-12-14 15:00:00+01:00;454,000;1,000;MESURE
2025-12-14 16:00:00+01:00;752,000;1,000;MESURE
2025-12-14 17:00:00+01:00;5936,000;1,000;MESURE
2025-12-14 18:00:00+01:00;6938,000;1,000;MESURE
2025-12-14 19:00:00+01:00;6977,000;1,000;MESURE
2025-12-14 20:00:00+01:00;7012,000;1,000;MESURE
2025-12-14 21:00:00+01:00;6986,000;1,000;MESURE
2025-12-14 22:00:00+01:00;6053,000;1,000;MESURE
2025-12-14 23:00:00+01:00;6036,000;1,000;MESURE
2025-12-15 00:00:00+01:00;6044,000;1,000;MESURE
2025-12-15 01:00:00+01:00;6076,000;1,000;MESURE
2025-12-15 02:00:00+01:00;6105,000;1,000;MESURE
2025-12-15 03:00:00+01:00;6142,000;1,000;MESURE
2025-12-15 04:00:00+01:00;6182,000;1,000;MESURE
2025-12-15 05:00:00+01:00;7154,000;1,000;MESURE
2025-12-15 06:00:00+01:00;7173,000;1,000;MESURE
2025-12-15 07:00:00+01:00;6510,000;1,000;MESURE
2025-12-15 08:00:00+01:00;1029,000;1,000;MESURE
2025-12-15 09:00:00+01:00;1009,000;1,000;MESURE
2025-12-15 10:00:00+01:00;1006,000;1,000;MESURE
2025-12-15 11:00:00+01:00;932,000;1,000;MESURE
2025-12-15 12:00:00+01:00;926,000;1,000;MESURE
2025-12-15 13:00:00+01:00;892,000;1,000;MESURE
2025-12-15 14:00:00+01:00;826,000;1,000;MESURE
2025-12-15 15:00:00+01:00;807,000;1,000;MESURE
2025-12-15 16:00:00+01:00;1079,000;1,000;MESURE
2025-12-15 17:00:00+01:00;6321,000;1,000;MESURE
2025-12-15 18:00:00+01:00;7285,000;1,000;MESURE
2025-12-15 19:00:00+01:00;7289,000;1,000;MESURE
2025-12-15 20:00:00+01:00;7147,000;1,000;MESURE
2025-12-15 21:00:00+01:00;7083,000;1,000;MESURE
2025-12-15 22:00:00+01:00;6178,000;1,000;MESURE
2025-12-15 23:00:00+01:00;6194,000;1,000;MESURE
2025-12-16 00:00:00+01:00;6066,000;1,000;MESURE
2025-12-16 01:00:00+01:00;6174,000;1,000;MESURE
2025-12-16 02:00:00+01:00;6194,000;1,000;MESURE
2025-12-16 03:00:00+01:00;6205,000;1,000;MESURE
2025-12-16 04:00:00+01:00;6225,000;1,000;MESURE
2025-12-16 05:00:00+01:00;7181,000;1,000;MESURE
2025-12-16 06:00:00+01:00;7186,000;1,000;MESURE
2025-12-16 07:00:00+01:00;6473,000;1,000;MESURE
2025-12-16 08:00:00+01:00;888,000;1,000;MESURE
2025-12-16 09:00:00+01:00;828,000;1,000;MESURE
2025-12-16 10:00:00+01:00;807,000;1,000;MESURE
2025-12-16 11:00:00+01:00;762,000;1,000;MESURE
2025-12-16 12:00:00+01:00;748,000;1,000;MESURE
2025-12-16 13:00:00+01:00;692,000;1,000;MESURE
2025-12-16 14:00:00+01:00;647,000;1,000;MESURE
2025-12-16 15:00:00+01:00;640,000;1,000;MESURE
2025-12-16 16:00:00+01:00;939,000;1,000;MESURE
2025-12-16 17:00:00+01:00;6072,000;1,000;MESURE
2025-12-16 18:00:00+01:00;7086,000;1,000;MESURE
2025-12-16 19:00:00+01:00;7150,000;1,000;MESURE
2025-12-16 20:00:00+01:00;7097,000;1,000;MESURE
2025-12-16 21:00:00+01:00;7026,000;1,000;MESURE
2025-12-16 22:00:00+01:00;6167,000;1,000;MESURE
2025-12-16 23:00:00+01:00;6176,000;1,000;MESURE
2025-12-17 00:00:00+01:00;6209,000;1,000;MESURE
2025-12-17 01:00:00+01:00;6283,000;1,000;MESURE
2025-12-17 02:00:00+01:00;6384,000;1,000;MESURE
2025-12-17 03:00:00+01:00;6425,000;1,000;MESURE
2025-12-17 04:00:00+01:00;6433,000;1,000;MESURE
2025-12-17 05:00:00+01:00;7347,000;1,000;MESURE
2025-12-17 06:00:00+01:00;7368,000;1,000;MESURE
2025-12-17 07:00:00+01:00;6766,000;1,000;MESURE
2025-12-17 08:00:00+01:00;1089,000;1,000;MESURE
2025-12-17 09:00:00+01:00;1074,000;1,000;MESURE
2025-12-17 10:00:00+01:00;1055,000;1,000;MESURE
2025-12-17 11:00:00+01:00;902,000;1,000;MESURE
2025-12-17 12:00:00+01:00;792,000;1,000;MESURE
2025-12-17 13:00:00+01:00;555,000;1,000;MESURE
2025-12-17 14:00:00+01:00;341,000;1,000;MESURE
2025-12-17 15:00:00+01:00;277,000;1,000;MESURE
2025-12-17 16:00:00+01:00;578,000;1,000;MESURE
2025-12-17 17:00:00+01:00;5791,000;1,000;MESURE
2025-12-17 18:00:00+01:00;6913,000;1,000;MESURE
2025-12-17 19:00:00+01:00;6996,000;1,000;MESURE
2025-12-17 20:00:00+01:00;7157,000;1,000;MESURE
2025-12-17 21:00:00+01:00;7114,000;1,000;MESURE
2025-12-17 22:00:00+01:00;6355,000;1,000;MESURE
2025-12-17 23:00:00+01:00;6422,000;1,000;MESURE
2025-12-18 00:00:00+01:00;6424,000;1,000;MESURE
2025-12-18 01:00:00+01:00;6418,000;1,000;MESURE
2025-12-18 02:00:00+01:00;6398,000;1,000;MESURE
2025-12-18 03:00:00+01:00;6402,000;1,000;MESURE
2025-12-18 04:00:00+01:00;6450,000;1,000;MESURE
2025-12-18 05:00:00+01:00;7397,000;1,000;MESURE
2025-12-18 06:00:00+01:00;7379,000;1,000;MESURE
2025-12-18 07:00:00+01:00;6848,000;1,000;MESURE
2025-12-18 08:00:00+01:00;1069,000;1,000;MESURE
2025-12-18 09:00:00+01:00;1072,000;1,000;MESURE
2025-12-18 10:00:00+01:00;1086,000;1,000;MESURE
2025-12-18 11:00:00+01:00;1030,000;1,000;MESURE
2025-12-18 12:00:00+01:00;938,000;1,000;MESURE
2025-12-18 13:00:00+01:00;835,000;1,000;MESURE
2025-12-18 14:00:00+01:00;740,000;1,000;MESURE
2025-12-18 15:00:00+01:00;739,000;1,000;MESURE
2025-12-18 16:00:00+01:00;1015,000;1,000;MESURE
2025-12-18 17:00:00+01:00;6124,000;1,000;MESURE
2025-12-18 18:00:00+01:00;7223,000;1,000;MESURE
2025-12-18 19:00:00+01:00;7269,000;1,000;MESURE
2025-12-18 20:00:00+01:00;7292,000;1,000;MESURE
2025-12-18 21:00:00+01:00;7238,000;1,000;MESURE
2025-12-18 22:00:00+01:00;6382,000;1,000;MESURE
2025-12-18 23:00:00+01:00;6391,000;1,000;MESURE
2025-12-19 00:00:00+01:00;6396,000;1,000;MESURE
2025-12-19 01:00:00+01:00;6393,000;1,000;MESURE
2025-12-19 02:00:00+01:00;6402,000;1,000;MESURE
2025-12-19 03:00:00+01:00;6411,000;1,000;MESURE
2025-12-19 04:00:00+01:00;6408,000;1,000;MESURE
2025-12-19 05:00:00+01:00;7336,000;1,000;MESURE
2025-12-19 06:00:00+01:00;7314,000;1,000;MESURE
2025-12-19 07:00:00+01:00;6779,000;1,000;MESURE
2025-12-19 08:00:00+01:00;995,000;1,000;MESURE
2025-12-19 09:00:00+01:00;963,000;1,000;MESURE
2025-12-19 10:00:00+01:00;853,000;1,000;MESURE
2025-12-19 11:00:00+01:00;662,000;1,000;MESURE
2025-12-19 12:00:00+01:00;430,000;1,000;MESURE
2025-12-19 13:00:00+01:00;327,000;1,000;MESURE
2025-12-19 14:00:00+01:00;270,000;1,000;MESURE
2025-12-19 15:00:00+01:00;221,000;1,000;MESURE
2025-12-19 16:00:00+01:00;472,000;1,000;MESURE
2025-12-19 17:00:00+01:00;5485,000;1,000;MESURE
2025-12-19 18:00:00+01:00;6627,000;1,000;MESURE
2025-12-19 19:00:00+01:00;6653,000;1,000;MESURE
2025-12-19 20:00:00+01:00;6684,000;1,000;MESURE
2025-12-19 21:00:00+01:00;6588,000;1,000;MESURE
2025-12-19 22:00:00+01:00;5660,000;1,000;MESURE
2025-12-19 23:00:00+01:00;5667,000;1,000;MESURE
2025-12-20 00:00:00+01:00;5679,000;1,000;MESURE
2025-12-20 01:00:00+01:00;5721,000;1,000;MESURE
2025-12-20 02:00:00+01:00;5763,000;1,000;MESURE
2025-12-20 03:00:00+01:00;5814,000;1,000;MESURE
2025-12-20 04:00:00+01:00;5829,000;1,000;MESURE
2025-12-20 05:00:00+01:00;6772,000;1,000;MESURE
2025-12-20 06:00:00+01:00;6769,000;1,000;MESURE
2025-12-20 07:00:00+01:00;6451,000;1,000;MESURE
2025-12-20 08:00:00+01:00;478,000;1,000;MESURE
2025-12-20 09:00:00+01:00;422,000;1,000;MESURE
2025-12-20 10:00:00+01:00;360,000;1,000;MESURE
2025-12-20 11:00:00+01:00;337,000;1,000;MESURE
2025-12-20 12:00:00+01:00;267,000;1,000;MESURE
2025-12-20 13:00:00+01:00;219,000;1,000;MESURE
2025-12-20 14:00:00+01:00;189,000;1,000;MESURE
2025-12-20 15:00:00+01:00;188,000;1,000;MESURE
2025-12-20 16:00:00+01:00;484,000;1,000;MESURE
2025-12-20 17:00:00+01:00;5488,000;1,000;MESURE
2025-12-20 18:00:00+01:00;6647,000;1,000;MESURE
2025-12-20 19:00:00+01:00;6653,000;1,000;MESURE
2025-12-20 20:00:00+01:00;6608,000;1,000;MESURE
2025-12-20 21:00:00+01:00;6571,000;1,000;MESURE
2025-12-20 22:00:00+01:00;5669,000;1,000;MESURE
2025-12-20 23:00:00+01:00;5665,000;1,000;MESURE
2025-12-21 00:00:00+01:00;5652,000;1,000;MESURE
2025-12-21 01:00:00+01:00;5648,000;1,000;MESURE
2025-12-21 02:00:00+01:00;5646,000;1,000;MESURE
2025-12-21 03:00:00+01:00;5680,000;1,000;MESURE
2025-12-21 04:00:00+01:00;5703,000;1,000;MESURE
2025-12-21 05:00:00+01:00;6646,000;1,000;MESURE
2025-12-21 06:00:00+01:00;6682,000;1,000;MESURE
2025-12-21 07:00:00+01:00;6257,000;1,000;MESURE
2025-12-21 08:00:00+01:00;367,000;1,000;MESURE
2025-12-21 09:00:00+01:00;355,000;1,000;MESURE
2025-12-21 10:00:00+01:00;335,000;1,000;MESURE
2025-12-21 11:00:00+01:00;328,000;1,000;MESURE
2025-12-21 12:00:00+01:00;271,000;1,000;MESURE
2025-12-21 13:00:00+01:00;257,000;1,000;MESURE
2025-12-21 14:00:00+01:00;245,000;1,000;MESURE
2025-12-21 15:00:00+01:00;258,000;1,000;MESURE
2025-12-21 16:00:00+01:00;537,000;1,000;MESURE
2025-12-21 17:00:00+01:00;5583,000;1,000;MESURE
2025-12-21 18:00:00+01:00;6755,000;1,000;MESURE
2025-12-21 19:00:00+01:00;6760,000;1,000;MESURE
2025-12-21 20:00:00+01:00;6740,000;1,000;MESURE
2025-12-21 21:00:00+01:00;6689,000;1,000;MESURE
2025-12-21 22:00:00+01:00;5810,000;1,000;MESURE
2025-12-21 23:00:00+01:00;5818,000;1,000;MESURE
2025-12-22 00:00:00+01:00;5811,000;1,000;MESURE
2025-12-22 01:00:00+01:00;5823,000;1,000;MESURE
2025-12-22 02:00:00+01:00;5809,000;1,000;MESURE
2025-12-22 03:00:00+01:00;5817,000;1,000;MESURE
2025-12-22 04:00:00+01:00;5851,000;1,000;MESURE
2025-12-22 05:00:00+01:00;6761,000;1,000;MESURE
2025-12-22 06:00:00+01:00;6797,000;1,000;MESURE
2025-12-22 07:00:00+01:00;6495,000;1,000;MESURE
2025-12-22 08:00:00+01:00;577,000;1,000;MESURE
2025-12-22 09:00:00+01:00;511,000;1,000;MESURE
2025-12-22 10:00:00+01:00;507,000;1,000;MESURE
2025-12-22 11:00:00+01:00;486,000;1,000;MESURE
2025-12-22 12:00:00+01:00;439,000;1,000;MESURE
2025-12-22 13:00:00+01:00;423,000;1,000;MESURE
2025-12-22 14:00:00+01:00;389,000;1,000;MESURE
2025-12-22 15:00:00+01:00;383,000;1,000;MESURE
2025-12-22 16:00:00+01:00;688,000;1,000;MESURE
2025-12-22 17:00:00+01:00;5581,000;1,000;MESURE
2025-12-22 18:00:00+01:00;6900,000;1,000;MESURE
2025-12-22 19:00:00+01:00;6869,000;1,000;MESURE
2025-12-22 20:00:00+01:00;6857,000;1,000;MESURE
2025-12-22 21:00:00+01:00;6778,000;1,000;MESURE
2025-12-22 22:00:00+01:00;5904,000;1,000;MESURE
2025-12-22 23:00:00+01:00;5911,000;1,000;MESURE
2025-12-23 00:00:00+01:00;5923,000;1,000;MESURE
2025-12-23 01:00:00+01:00;5948,000;1,000;MESURE
2025-12-23 02:00:00+01:00;5976,000;1,000;MESURE
2025-12-23 03:00:00+01:00;5986,000;1,000;MESURE
2025-12-23 04:00:00+01:00;6046,000;1,000;MESURE
2025-12-23 05:00:00+01:00;7006,000;1,000;MESURE
2025-12-23 06:00:00+01:00;7050,000;1,000;MESURE
2025-12-23 07:00:00+01:00;6767,000;1,000;MESURE
2025-12-23 08:00:00+01:00;866,000;1,000;MESURE
2025-12-23 09:00:00+01:00;786,000;1,000;MESURE
2025-12-23 10:00:00+01:00;780,000;1,000;MESURE
2025-12-23 11:00:00+01:00;792,000;1,000;MESURE
2025-12-23 12:00:00+01:00;788,000;1,000;MESURE
2025-12-23 13:00:00+01:00;780,000;1,000;MESURE
2025-12-23 14:00:00+01:00;779,000;1,000;MESURE
2025-12-23 15:00:00+01:00;774,000;1,000;MESURE
2025-12-23 16:00:00+01:00;1051,000;1,000;MESURE
2025-12-23 17:00:00+01:00;6046,000;1,000;MESURE
2025-12-23 18:00:00+01:00;7325,000;1,000;MESURE
2025-12-23 19:00:00+01:00;7357,000;1,000;MESURE
2025-12-23 20:00:00+01:00;7403,000;1,000;MESURE
2025-12-23 21:00:00+01:00;7306,000;1,000;MESURE
2025-12-23 22:00:00+01:00;6403,000;1,000;MESURE
2025-12-23 23:00:00+01:00;6414,000;1,000;MESURE
2025-12-24 00:00:00+01:00;6413,000;1,000;MESURE
2025-12-24 01:00:00+01:00;6423,000;1,000;MESURE
2025-12-24 02:00:00+01:00;6468,000;1,000;MESURE
2025-12-24 03:00:00+01:00;6417,000;1,000;MESURE
2025-12-24 04:00:00+01:00;6425,000;1,000;MESURE
2025-12-24 05:00:00+01:00;7436,000;1,000;MESURE
2025-12-24 06:00:00+01:00;7392,000;1,000;MESURE
2025-12-24 07:00:00+01:00;7167,000;1,000;MESURE
2025-12-24 08:00:00+01:00;1068,000;1,000;MESURE
2025-12-24 09:00:00+01:00;1056,000;1,000;MESURE
2025-12-24 10:00:00+01:00;1057,000;1,000;MESURE
2025-12-24 11:00:00+01:00;1056,000;1,000;MESURE
2025-12-24 12:00:00+01:00;1057,000;1,000;MESURE
2025-12-24 13:00:00+01:00;1064,000;1,000;MESURE
2025-12-24 14:00:00+01:00;1070,000;1,000;MESURE
2025-12-24 15:00:00+01:00;1026,000;1,000;MESURE
2025-12-24 16:00:00+01:00;1301,000;1,000;MESURE
2025-12-24 17:00:00+01:00;6145,000;1,000;MESURE
2025-12-24 18:00:00+01:00;7514,000;1,000;MESURE
2025-12-24 19:00:00+01:00;7521,000;1,000;MESURE
2025-12-24 20:00:00+01:00;7497,000;1,000;MESURE
2025-12-24 21:00:00+01:00;7413,000;1,000;MESURE
2025-12-24 22:00:00+01:00;6745,000;1,000;MESURE
2025-12-24 23:00:00+01:00;6705,000;1,000;MESURE
2025-12-25 00:00:00+01:00;6707,000;1,000;MESURE
2025-12-25 01:00:00+01:00;6694,000;1,000;MESURE
2025-12-25 02:00:00+01:00;6676,000;1,000;MESURE
2025-12-25 03:00:00+01:00;6685,000;1,000;MESURE
2025-12-25 04:00:00+01:00;6685,000;1,000;MESURE
2025-12-25 05:00:00+01:00;7381,000;1,000;MESURE
2025-12-25 06:00:00+01:00;7409,000;1,000;MESURE
2025-12-25 07:00:00+01:00;7210,000;1,000;MESURE
2025-12-25 08:00:00+01:00;1075,000;1,000;MESURE
2025-12-25 09:00:00+01:00;1067,000;1,000;MESURE
2025-12-25 10:00:00+01:00;1068,000;1,000;MESURE
2025-12-25 11:00:00+01:00;1067,000;1,000;MESURE
2025-12-25 12:00:00+01:00;1058,000;1,000;MESURE
2025-12-25 13:00:00+01:00;1050,000;1,000;MESURE
2025-12-25 14:00:00+01:00;1056,000;1,000;MESURE
2025-12-25 15:00:00+01:00;1064,000;1,000;MESURE
2025-12-25 16:00:00+01:00;1311,000;1,000;MESURE
2025-12-25 17:00:00+01:00;6085,000;1,000;MESURE
2025-12-25 18:00:00+01:00;7517,000;1,000;MESURE
2025-12-25 19:00:00+01:00;7504,000;1,000;MESURE
2025-12-25 20:00:00+01:00;7514,000;1,000;MESURE
2025-12-25 21:00:00+01:00;7405,000;1,000;MESURE
2025-12-25 22:00:00+01:00;6453,000;1,000;MESURE
2025-12-25 23:00:00+01:00;6459,000;1,000;MESURE
2025-12-26 00:00:00+01:00;6427,000;1,000;MESURE
2025-12-26 01:00:00+01:00;6426,000;1,000;MESURE
2025-12-26 02:00:00+01:00;6413,000;1,000;MESURE
2025-12-26 03:00:00+01:00;6429,000;1,000;MESURE
2025-12-26 04:00:00+01:00;6437,000;1,000;MESURE
2025-12-26 05:00:00+01:00;7366,000;1,000;MESURE
2025-12-26 06:00:00+01:00;7376,000;1,000;MESURE
2025-12-26 07:00:00+01:00;7159,000;1,000;MESURE
2025-12-26 08:00:00+01:00;1070,000;1,000;MESURE
2025-12-26 09:00:00+01:00;1059,000;1,000;MESURE
2025-12-26 10:00:00+01:00;1065,000;1,000;MESURE
2025-12-26 11:00:00+01:00;1070,000;1,000;MESURE
2025-12-26 12:00:00+01:00;1071,000;1,000;MESURE
2025-12-26 13:00:00+01:00;1071,000;1,000;MESURE
2025-12-26 14:00:00+01:00;1059,000;1,000;MESURE
2025-12-26 15:00:00+01:00;1068,000;1,000;MESURE
2025-12-26 16:00:00+01:00;1291,000;1,000;MESURE
2025-12-26 17:00:00+01:00;6067,000;1,000;MESURE
2025-12-26 18:00:00+01:00;7512,000;1,000;MESURE
2025-12-26 19:00:00+01:00;7497,000;1,000;MESURE
2025-12-26 20:00:00+01:00;7519,000;1,000;MESURE
2025-12-26 21:00:00+01:00;7390,000;1,000;MESURE
2025-12-26 22:00:00+01:00;6460,000;1,000;MESURE
2025-12-26 23:00:00+01:00;6434,000;1,000;MESURE
2025-12-27 00:00:00+01:00;6436,000;1,000;MESURE
2025-12-27 01:00:00+01:00;6424,000;1,000;MESURE
2025-12-27 02:00:00+01:00;6405,000;1,000;MESURE
2025-12-27 03:00:00+01:00;6415,000;1,000;MESURE
2025-12-27 04:00:00+01:00;6413,000;1,000;MESURE
2025-12-27 05:00:00+01:00;7359,000;1,000;MESURE
2025-12-27 06:00:00+01:00;7377,000;1,000;MESURE
2025-12-27 07:00:00+01:00;7276,000;1,000;MESURE
2025-12-27 08:00:00+01:00;1062,000;1,000;MESURE
2025-12-27 09:00:00+01:00;1071,000;1,000;MESURE
2025-12-27 10:00:00+01:00;1068,000;1,000;MESURE
2025-12-27 11:00:00+01:00;1055,000;1,000;MESURE
2025-12-27 12:00:00+01:00;1097,000;1,000;MESURE
2025-12-27 13:00:00+01:00;1091,000;1,000;MESURE
2025-12-27 14:00:00+01:00;1085,000;1,000;MESURE
2025-12-27 15:00:00+01:00;1061,000;1,000;MESURE
2025-12-27 16:00:00+01:00;1285,000;1,000;MESURE
2025-12-27 17:00:00+01:00;5978,000;1,000;MESURE
2025-12-27 18:00:00+01:00;7519,000;1,000;MESURE
2025-12-27 19:00:00+01:00;7498,000;1,000;MESURE
2025-12-27 20:00:00+01:00;7516,000;1,000;MESURE
2025-12-27 21:00:00+01:00;7542,000;1,000;MESURE
2025-12-27 22:00:00+01:00;6527,000;1,000;MESURE
2025-12-27 23:00:00+01:00;6449,000;1,000;MESURE
2025-12-28 00:00:00+01:00;6448,000;1,000;MESURE
2025-12-28 01:00:00+01:00;6436,000;1,000;MESURE
2025-12-28 02:00:00+01:00;6417,000;1,000;MESURE
2025-12-28 03:00:00+01:00;6437,000;1,000;MESURE
2025-12-28 04:00:00+01:00;6451,000;1,000;MESURE
2025-12-28 05:00:00+01:00;7382,000;1,000;MESURE
2025-12-28 06:00:00+01:00;7402,000;1,000;MESURE
2025-12-28 07:00:00+01:00;7281,000;1,000;MESURE
2025-12-28 08:00:00+01:00;1061,000;1,000;MESURE
2025-12-28 09:00:00+01:00;1055,000;1,000;MESURE
2025-12-28 10:00:00+01:00;1059,000;1,000;MESURE
2025-12-28 11:00:00+01:00;1073,000;1,000;MESURE
2025-12-28 12:00:00+01:00;1065,000;1,000;MESURE
2025-12-28 13:00:00+01:00;1073,000;1,000;MESURE
2025-12-28 14:00:00+01:00;1057,000;1,000;MESURE
2025-12-28 15:00:00+01:00;1055,000;1,000;MESURE
2025-12-28 16:00:00+01:00;1288,000;1,000;MESURE
2025-12-28 17:00:00+01:00;5948,000;1,000;MESURE
2025-12-28 18:00:00+01:00;7501,000;1,000;MESURE
2025-12-28 19:00:00+01:00;7500,000;1,000;MESURE
2025-12-28 20:00:00+01:00;7471,000;1,000;MESURE
2025-12-28 21:00:00+01:00;7397,000;1,000;MESURE
2025-12-28 22:00:00+01:00;6485,000;1,000;MESURE
2025-12-28 23:00:00+01:00;6456,000;1,000;MESURE
2025-12-29 00:00:00+01:00;6446,000;1,000;MESURE
2025-12-29 01:00:00+01:00;6440,000;1,000;MESURE
2025-12-29 02:00:00+01:00;6433,000;1,000;MESURE
2025-12-29 03:00:00+01:00;6442,000;1,000;MESURE
2025-12-29 04:00:00+01:00;6441,000;1,000;MESURE
2025-12-29 05:00:00+01:00;7382,000;1,000;MESURE
2025-12-29 06:00:00+01:00;7377,000;1,000;MESURE
2025-12-29 07:00:00+01:00;7295,000;1,000;MESURE
2025-12-29 08:00:00+01:00;1068,000;1,000;MESURE
2025-12-29 09:00:00+01:00;1051,000;1,000;MESURE
2025-12-29 10:00:00+01:00;1077,000;1,000;MESURE
2025-12-29 11:00:00+01:00;1074,000;1,000;MESURE
2025-12-29 12:00:00+01:00;1053,000;1,000;MESURE
2025-12-29 13:00:00+01:00;1064,000;1,000;MESURE
2025-12-29 14:00:00+01:00;1068,000;1,000;MESURE
2025-12-29 15:00:00+01:00;1066,000;1,000;MESURE
2025-12-29 16:00:00+01:00;1264,000;1,000;MESURE
2025-12-29 17:00:00+01:00;5810,000;1,000;MESURE
2025-12-29 18:00:00+01:00;7525,000;1,000;MESURE
2025-12-29 19:00:00+01:00;7524,000;1,000;MESURE
2025-12-29 20:00:00+01:00;7491,000;1,000;MESURE
2025-12-29 21:00:00+01:00;7529,000;1,000;MESURE
2025-12-29 22:00:00+01:00;6614,000;1,000;MESURE
2025-12-29 23:00:00+01:00;6581,000;1,000;MESURE
2025-12-30 00:00:00+01:00;6577,000;1,000;MESURE
2025-12-30 01:00:00+01:00;6564,000;1,000;MESURE
2025-12-30 02:00:00+01:00;6463,000;1,000;MESURE
2025-12-30 03:00:00+01:00;6422,000;1,000;MESURE
2025-12-30 04:00:00+01:00;6419,000;1,000;MESURE
2025-12-30 05:00:00+01:00;7356,000;1,000;MESURE
2025-12-30 06:00:00+01:00;7383,000;1,000;MESURE
2025-12-30 07:00:00+01:00;7292,000;1,000;MESURE
2025-12-30 08:00:00+01:00;1058,000;1,000;MESURE
2025-12-30 09:00:00+01:00;1064,000;1,000;MESURE
2025-12-30 10:00:00+01:00;1069,000;1,000;MESURE
2025-12-30 11:00:00+01:00;1051,000;1,000;MESURE
2025-12-30 12:00:00+01:00;1065,000;1,000;MESURE
2025-12-30 13:00:00+01:00;1073,000;1,000;MESURE
2025-12-30 14:00:00+01:00;1049,000;1,000;MESURE
2025-12-30 15:00:00+01:00;1070,000;1,000;MESURE
2025-12-30 16:00:00+01:00;1258,000;1,000;MESURE
2025-12-30 17:00:00+01:00;5868,000;1,000;MESURE
2025-12-30 18:00:00+01:00;7585,000;1,000;MESURE
2025-12-30 19:00:00+01:00;7589,000;1,000;MESURE
2025-12-30 20:00:00+01:00;7572,000;1,000;MESURE
2025-12-30 21:00:00+01:00;7441,000;1,000;MESURE
2025-12-30 22:00:00+01:00;6489,000;1,000;MESURE
2025-12-30 23:00:00+01:00;6475,000;1,000;MESURE
2025-12-31 00:00:00+01:00;6454,000;1,000;MESURE
2025-12-31 01:00:00+01:00;6453,000;1,000;MESURE
2025-12-31 02:00:00+01:00;6447,000;1,000;MESURE
2025-12-31 03:00:00+01:00;6456,000;1,000;MESURE
2025-12-31 04:00:00+01:00;6457,000;1,000;MESURE
2025-12-31 05:00:00+01:00;7397,000;1,000;MESURE
2025-12-31 06:00:00+01:00;7391,000;1,000;MESURE
2025-12-31 07:00:00+01:00;7288,000;1,000;MESURE
2025-12-31 08:00:00+01:00;1054,000;1,000;MESURE
2025-12-31 09:00:00+01:00;1061,000;1,000;MESURE
2025-12-31 10:00:00+01:00;1071,000;1,000;MESURE
2025-12-31 11:00:00+01:00;1068,000;1,000;MESURE
2025-12-31 12:00:00+01:00;1060,000;1,000;MESURE
2025-12-31 13:00:00+01:00;1038,000;1,000;MESURE
2025-12-31 14:00:00+01:00;966,000;1,000;MESURE
2025-12-31 15:00:00+01:00;1056,000;1,000;MESURE
2025-12-31 16:00:00+01:00;1224,000;1,000;MESURE
2025-12-31 17:00:00+01:00;5828,000;1,000;MESURE
2025-12-31 18:00:00+01:00;7581,000;1,000;MESURE
2025-12-31 19:00:00+01:00;7559,000;1,000;MESURE
2025-12-31 20:00:00+01:00;7507,000;1,000;MESURE
2025-12-31 21:00:00+01:00;7522,000;1,000;MESURE
2025-12-31 22:00:00+01:00;6852,000;1,000;MESURE
2025-12-31 23:00:00+01:00;6813,000;1,000;MESURE
