horodate_locale;puissance_W;couverture;origine
2024-06-23 00:00:00+02:00;160,000;1,000;MESURE
2024-06-23 01:00:00+02:00;94,000;1,000;MESURE
2024-06-23 02:00:00+02:00;40,000;1,000;MESURE
2024-06-23 03:00:00+02:00;201,000;1,000;MESURE
2024-06-23 04:00:00+02:00;61,000;1,000;MESURE
2024-06-23 05:00:00+02:00;87,000;1,000;MESURE
2024-06-23 06:00:00+02:00;161,000;1,000;MESURE
2024-06-23 07:00:00+02:00;105,000;1,000;MESURE
2024-06-23 08:00:00+02:00;62,000;1,000;MESURE
2024-06-23 09:00:00+02:00;135,000;1,000;MESURE
2024-06-23 10:00:00+02:00;351,000;1,000;MESURE
2024-06-23 11:00:00+02:00;392,000;1,000;MESURE
2024-06-23 12:00:00+02:00;475,000;1,000;MESURE
2024-06-23 13:00:00+02:00;296,000;1,000;MESURE
2024-06-23 14:00:00+02:00;343,000;1,000;MESURE
2024-06-23 15:00:00+02:00;372,000;1,000;MESURE
2024-06-23 16:00:00+02:00;302,000;1,000;MESURE
2024-06-23 17:00:00+02:00;356,000;1,000;MESURE
2024-06-23 18:00:00+02:00;349,000;1,000;MESURE
2024-06-23 19:00:00+02:00;249,000;1,000;MESURE
2024-06-23 20:00:00+02:00;432,000;1,000;MESURE
2024-06-23 21:00:00+02:00;241,000;1,000;MESURE
2024-06-23 22:00:00+02:00;320,000;1,000;MESURE
2024-06-23 23:00:00+02:00;318,000;1,000;MESURE
2024-06-24 00:00:00+02:00;1373,000;1,000;MESURE
2024-06-24 01:00:00+02:00;343,000;1,000;MESURE
2024-06-24 02:00:00+02:00;288,000;1,000;MESURE
2024-06-24 03:00:00+02:00;246,000;1,000;MESURE
2024-06-24 04:00:00+02:00;352,000;1,000;MESURE
2024-06-24 05:00:00+02:00;323,000;1,000;MESURE
2024-06-24 06:00:00+02:00;294,000;1,000;MESURE
2024-06-24 07:00:00+02:00;369,000;1,000;MESURE
2024-06-24 08:00:00+02:00;286,000;1,000;MESURE
2024-06-24 09:00:00+02:00;262,000;1,000;MESURE
2024-06-24 10:00:00+02:00;351,000;1,000;MESURE
2024-06-24 11:00:00+02:00;284,000;1,000;MESURE
2024-06-24 12:00:00+02:00;268,000;1,000;MESURE
2024-06-24 13:00:00+02:00;417,000;1,000;MESURE
2024-06-24 14:00:00+02:00;265,000;1,000;MESURE
2024-06-24 15:00:00+02:00;407,000;1,000;MESURE
2024-06-24 16:00:00+02:00;314,000;1,000;MESURE
2024-06-24 17:00:00+02:00;360,000;1,000;MESURE
2024-06-24 18:00:00+02:00;393,000;1,000;MESURE
2024-06-24 19:00:00+02:00;311,000;1,000;MESURE
2024-06-24 20:00:00+02:00;429,000;1,000;MESURE
2024-06-24 21:00:00+02:00;327,000;1,000;MESURE
2024-06-24 22:00:00+02:00;369,000;1,000;MESURE
2024-06-24 23:00:00+02:00;362,000;1,000;MESURE
2024-06-25 00:00:00+02:00;297,000;1,000;MESURE
2024-06-25 01:00:00+02:00;387,000;1,000;MESURE
2024-06-25 02:00:00+02:00;246,000;1,000;MESURE
2024-06-25 03:00:00+02:00;409,000;1,000;MESURE
2024-06-25 04:00:00+02:00;279,000;1,000;MESURE
2024-06-25 05:00:00+02:00;291,000;1,000;MESURE
2024-06-25 06:00:00+02:00;354,000;1,000;MESURE
2024-06-25 07:00:00+02:00;280,000;1,000;MESURE
2024-06-25 08:00:00+02:00;324,000;1,000;MESURE
2024-06-25 09:00:00+02:00;335,000;1,000;MESURE
2024-06-25 10:00:00+02:00;286,000;1,000;MESURE
2024-06-25 11:00:00+02:00;1835,000;1,000;MESURE
2024-06-25 12:00:00+02:00;563,000;1,000;MESURE
2024-06-25 13:00:00+02:00;416,000;1,000;MESURE
2024-06-25 14:00:00+02:00;333,000;1,000;MESURE
2024-06-25 15:00:00+02:00;399,000;1,000;MESURE
2024-06-25 16:00:00+02:00;426,000;1,000;MESURE
2024-06-25 17:00:00+02:00;352,000;1,000;MESURE
2024-06-25 18:00:00+02:00;458,000;1,000;MESURE
2024-06-25 19:00:00+02:00;387,000;1,000;MESURE
2024-06-25 20:00:00+02:00;389,000;1,000;MESURE
2024-06-25 21:00:00+02:00;424,000;1,000;MESURE
2024-06-25 22:00:00+02:00;311,000;1,000;MESURE
2024-06-25 23:00:00+02:00;456,000;1,000;MESURE
2024-06-26 00:00:00+02:00;269,000;1,000;MESURE
2024-06-26 01:00:00+02:00;438,000;1,000;MESURE
2024-06-26 02:00:00+02:00;283,000;1,000;MESURE
2024-06-26 03:00:00+02:00;334,000;1,000;MESURE
2024-06-26 04:00:00+02:00;350,000;1,000;MESURE
2024-06-26 05:00:00+02:00;295,000;1,000;MESURE
2024-06-26 06:00:00+02:00;379,000;1,000;MESURE
2024-06-26 07:00:00+02:00;289,000;1,000;MESURE
2024-06-26 08:00:00+02:00;295,000;1,000;MESURE
2024-06-26 09:00:00+02:00;425,000;1,000;MESURE
2024-06-26 10:00:00+02:00;257,000;1,000;MESURE
2024-06-26 11:00:00+02:00;429,000;1,000;MESURE
2024-06-26 12:00:00+02:00;306,000;1,000;MESURE
2024-06-26 13:00:00+02:00;400,000;1,000;MESURE
2024-06-26 14:00:00+02:00;400,000;1,000;MESURE
2024-06-26 15:00:00+02:00;360,000;1,000;MESURE
2024-06-26 16:00:00+02:00;442,000;1,000;MESURE
2024-06-26 17:00:00+02:00;405,000;1,000;MESURE
2024-06-26 18:00:00+02:00;392,000;1,000;MESURE
2024-06-26 19:00:00+02:00;475,000;1,000;MESURE
2024-06-26 20:00:00+02:00;307,000;1,000;MESURE
2024-06-26 21:00:00+02:00;495,000;1,000;MESURE
2024-06-26 22:00:00+02:00;295,000;1,000;MESURE
2024-06-26 23:00:00+02:00;445,000;1,000;MESURE
2024-06-27 00:00:00+02:00;335,000;1,000;MESURE
2024-06-27 01:00:00+02:00;373,000;1,000;MESURE
2024-06-27 02:00:00+02:00;386,000;1,000;MESURE
2024-06-27 03:00:00+02:00;1523,000;1,000;MESURE
2024-06-27 04:00:00+02:00;1132,000;1,000;MESURE
2024-06-27 05:00:00+02:00;322,000;1,000;MESURE
2024-06-27 06:00:00+02:00;344,000;1,000;MESURE
2024-06-27 07:00:00+02:00;390,000;1,000;MESURE
2024-06-27 08:00:00+02:00;289,000;1,000;MESURE
2024-06-27 09:00:00+02:00;438,000;1,000;MESURE
2024-06-27 10:00:00+02:00;291,000;1,000;MESURE
2024-06-27 11:00:00+02:00;453,000;1,000;MESURE
2024-06-27 12:00:00+02:00;381,000;1,000;MESURE
2024-06-27 13:00:00+02:00;394,000;1,000;MESURE
2024-06-27 14:00:00+02:00;467,000;1,000;MESURE
2024-06-27 15:00:00+02:00;382,000;1,000;MESURE
2024-06-27 16:00:00+02:00;440,000;1,000;MESURE
2024-06-27 17:00:00+02:00;442,000;1,000;MESURE
2024-06-27 18:00:00+02:00;342,000;1,000;MESURE
2024-06-27 19:00:00+02:00;504,000;1,000;MESURE
2024-06-27 20:00:00+02:00;309,000;1,000;MESURE
2024-06-27 21:00:00+02:00;461,000;1,000;MESURE
2024-06-27 22:00:00+02:00;356,000;1,000;MESURE
2024-06-27 23:00:00+02:00;393,000;1,000;MESURE
2024-06-28 00:00:00+02:00;395,000;1,000;MESURE
2024-06-28 01:00:00+02:00;322,000;1,000;MESURE
2024-06-28 02:00:00+02:00;420,000;1,000;MESURE
2024-06-28 03:00:00+02:00;311,000;1,000;MESURE
2024-06-28 04:00:00+02:00;331,000;1,000;MESURE
2024-06-28 05:00:00+02:00;381,000;1,000;MESURE
2024-06-28 06:00:00+02:00;260,000;1,000;MESURE
2024-06-28 07:00:00+02:00;465,000;1,000;MESURE
2024-06-28 08:00:00+02:00;242,000;1,000;MESURE
2024-06-28 09:00:00+02:00;416,000;1,000;MESURE
2024-06-28 10:00:00+02:00;364,000;1,000;MESURE
2024-06-28 11:00:00+02:00;374,000;1,000;MESURE
2024-06-28 12:00:00+02:00;445,000;1,000;MESURE
2024-06-28 13:00:00+02:00;351,000;1,000;MESURE
2024-06-28 14:00:00+02:00;433,000;1,000;MESURE
2024-06-28 15:00:00+02:00;470,000;1,000;MESURE
2024-06-28 16:00:00+02:00;323,000;1,000;MESURE
2024-06-28 17:00:00+02:00;486,000;1,000;MESURE
2024-06-28 18:00:00+02:00;405,000;1,000;MESURE
2024-06-28 19:00:00+02:00;395,000;1,000;MESURE
2024-06-28 20:00:00+02:00;460,000;1,000;MESURE
2024-06-28 21:00:00+02:00;315,000;1,000;MESURE
2024-06-28 22:00:00+02:00;2388,000;1,000;MESURE
2024-06-28 23:00:00+02:00;378,000;1,000;MESURE
2024-06-29 00:00:00+02:00;388,000;1,000;MESURE
2024-06-29 01:00:00+02:00;360,000;1,000;MESURE
2024-06-29 02:00:00+02:00;342,000;1,000;MESURE
2024-06-29 03:00:00+02:00;409,000;1,000;MESURE
2024-06-29 04:00:00+02:00;303,000;1,000;MESURE
2024-06-29 05:00:00+02:00;371,000;1,000;MESURE
2024-06-29 06:00:00+02:00;329,000;1,000;MESURE
2024-06-29 07:00:00+02:00;337,000;1,000;MESURE
2024-06-29 08:00:00+02:00;1094,000;1,000;MESURE
2024-06-29 09:00:00+02:00;466,000;1,000;MESURE
2024-06-29 10:00:00+02:00;444,000;1,000;MESURE
2024-06-29 11:00:00+02:00;329,000;1,000;MESURE
2024-06-29 12:00:00+02:00;402,000;1,000;MESURE
2024-06-29 13:00:00+02:00;412,000;1,000;MESURE
2024-06-29 14:00:00+02:00;330,000;1,000;MESURE
2024-06-29 15:00:00+02:00;437,000;1,000;MESURE
2024-06-29 16:00:00+02:00;351,000;1,000;MESURE
2024-06-29 17:00:00+02:00;415,000;1,000;MESURE
2024-06-29 18:00:00+02:00;456,000;1,000;MESURE
2024-06-29 19:00:00+02:00;300,000;1,000;MESURE
2024-06-29 20:00:00+02:00;469,000;1,000;MESURE
2024-06-29 21:00:00+02:00;304,000;1,000;MESURE
2024-06-29 22:00:00+02:00;361,000;1,000;MESURE
2024-06-29 23:00:00+02:00;347,000;1,000;MESURE
2024-06-30 00:00:00+02:00;311,000;1,000;MESURE
2024-06-30 01:00:00+02:00;408,000;1,000;MESURE
2024-06-30 02:00:00+02:00;270,000;1,000;MESURE
2024-06-30 03:00:00+02:00;345,000;1,000;MESURE
2024-06-30 04:00:00+02:00;357,000;1,000;MESURE
2024-06-30 05:00:00+02:00;228,000;1,000;MESURE
2024-06-30 06:00:00+02:00;440,000;1,000;MESURE
2024-06-30 07:00:00+02:00;1003,000;1,000;MESURE
2024-06-30 08:00:00+02:00;1484,000;1,000;MESURE
2024-06-30 09:00:00+02:00;325,000;1,000;MESURE
2024-06-30 10:00:00+02:00;289,000;1,000;MESURE
2024-06-30 11:00:00+02:00;370,000;1,000;MESURE
2024-06-30 12:00:00+02:00;292,000;1,000;MESURE
2024-06-30 13:00:00+02:00;331,000;1,000;MESURE
2024-06-30 14:00:00+02:00;338,000;1,000;MESURE
2024-06-30 15:00:00+02:00;264,000;1,000;MESURE
2024-06-30 16:00:00+02:00;451,000;1,000;MESURE
2024-06-30 17:00:00+02:00;236,000;1,000;MESURE
2024-06-30 18:00:00+02:00;379,000;1,000;MESURE
2024-06-30 19:00:00+02:00;323,000;1,000;MESURE
2024-06-30 20:00:00+02:00;309,000;1,000;MESURE
2024-06-30 21:00:00+02:00;360,000;1,000;MESURE
2024-06-30 22:00:00+02:00;289,000;1,000;MESURE
2024-06-30 23:00:00+02:00;344,000;1,000;MESURE
2024-07-01 00:00:00+02:00;312,000;1,000;MESURE
2024-07-01 01:00:00+02:00;252,000;1,000;MESURE
2024-07-01 02:00:00+02:00;426,000;1,000;MESURE
2024-07-01 03:00:00+02:00;223,000;1,000;MESURE
2024-07-01 04:00:00+02:00;324,000;1,000;MESURE
2024-07-01 05:00:00+02:00;339,000;1,000;MESURE
2024-07-01 06:00:00+02:00;246,000;1,000;MESURE
2024-07-01 07:00:00+02:00;358,000;1,000;MESURE
2024-07-01 08:00:00+02:00;278,000;1,000;MESURE
2024-07-01 09:00:00+02:00;294,000;1,000;MESURE
2024-07-01 10:00:00+02:00;381,000;1,000;MESURE
2024-07-01 11:00:00+02:00;268,000;1,000;MESURE
2024-07-01 12:00:00+02:00;383,000;1,000;MESURE
2024-07-01 13:00:00+02:00;337,000;1,000;MESURE
2024-07-01 14:00:00+02:00;307,000;1,000;MESURE
2024-07-01 15:00:00+02:00;413,000;1,000;MESURE
2024-07-01 16:00:00+02:00;292,000;1,000;MESURE
2024-07-01 17:00:00+02:00;456,000;1,000;MESURE
2024-07-01 18:00:00+02:00;311,000;1,000;MESURE
2024-07-01 19:00:00+02:00;1397,000;1,000;MESURE
2024-07-01 20:00:00+02:00;1274,000;1,000;MESURE
2024-07-01 21:00:00+02:00;320,000;1,000;MESURE
2024-07-01 22:00:00+02:00;394,000;1,000;MESURE
2024-07-01 23:00:00+02:00;247,000;1,000;MESURE
2024-07-02 00:00:00+02:00;405,000;1,000;MESURE
2024-07-02 01:00:00+02:00;291,000;1,000;MESURE
2024-07-02 02:00:00+02:00;278,000;1,000;MESURE
2024-07-02 03:00:00+02:00;376,000;1,000;MESURE
2024-07-02 04:00:00+02:00;252,000;1,000;MESURE
2024-07-02 05:00:00+02:00;316,000;1,000;MESURE
2024-07-02 06:00:00+02:00;327,000;1,000;MESURE
2024-07-02 07:00:00+02:00;234,000;1,000;MESURE
2024-07-02 08:00:00+02:00;376,000;1,000;MESURE
2024-07-02 09:00:00+02:00;274,000;1,000;MESURE
2024-07-02 10:00:00+02:00;307,000;1,000;MESURE
2024-07-02 11:00:00+02:00;380,000;1,000;MESURE
2024-07-02 12:00:00+02:00;244,000;1,000;MESURE
2024-07-02 13:00:00+02:00;417,000;1,000;MESURE
2024-07-02 14:00:00+02:00;281,000;1,000;MESURE
2024-07-02 15:00:00+02:00;342,000;1,000;MESURE
2024-07-02 16:00:00+02:00;357,000;1,000;MESURE
2024-07-02 17:00:00+02:00;295,000;1,000;MESURE
2024-07-02 18:00:00+02:00;389,000;1,000;MESURE
2024-07-02 19:00:00+02:00;290,000;1,000;MESURE
2024-07-02 20:00:00+02:00;353,000;1,000;MESURE
2024-07-02 21:00:00+02:00;313,000;1,000;MESURE
2024-07-02 22:00:00+02:00;252,000;1,000;MESURE
2024-07-02 23:00:00+02:00;423,000;1,000;MESURE
2024-07-03 00:00:00+02:00;217,000;1,000;MESURE
2024-07-03 01:00:00+02:00;310,000;1,000;MESURE
2024-07-03 02:00:00+02:00;320,000;1,000;MESURE
2024-07-03 03:00:00+02:00;278,000;1,000;MESURE
2024-07-03 04:00:00+02:00;244,000;1,000;MESURE
2024-07-03 05:00:00+02:00;1131,000;1,000;MESURE
2024-07-03 06:00:00+02:00;1419,000;1,000;MESURE
2024-07-03 07:00:00+02:00;267,000;1,000;MESURE
2024-07-03 08:00:00+02:00;356,000;1,000;MESURE
2024-07-03 09:00:00+02:00;241,000;1,000;MESURE
2024-07-03 10:00:00+02:00;312,000;1,000;MESURE
2024-07-03 11:00:00+02:00;326,000;1,000;MESURE
2024-07-03 12:00:00+02:00;254,000;1,000;MESURE
2024-07-03 13:00:00+02:00;383,000;1,000;MESURE
2024-07-03 14:00:00+02:00;296,000;1,000;MESURE
2024-07-03 15:00:00+02:00;281,000;1,000;MESURE
2024-07-03 16:00:00+02:00;371,000;1,000;MESURE
2024-07-03 17:00:00+02:00;264,000;1,000;MESURE
2024-07-03 18:00:00+02:00;361,000;1,000;MESURE
2024-07-03 19:00:00+02:00;292,000;1,000;MESURE
2024-07-03 20:00:00+02:00;279,000;1,000;MESURE
2024-07-03 21:00:00+02:00;358,000;1,000;MESURE
2024-07-03 22:00:00+02:00;268,000;1,000;MESURE
2024-07-03 23:00:00+02:00;322,000;1,000;MESURE
2024-07-04 00:00:00+02:00;318,000;1,000;MESURE
2024-07-04 01:00:00+02:00;214,000;1,000;MESURE
2024-07-04 02:00:00+02:00;408,000;1,000;MESURE
2024-07-04 03:00:00+02:00;223,000;1,000;MESURE
2024-07-04 04:00:00+02:00;272,000;1,000;MESURE
2024-07-04 05:00:00+02:00;358,000;1,000;MESURE
2024-07-04 06:00:00+02:00;245,000;1,000;MESURE
2024-07-04 07:00:00+02:00;261,000;1,000;MESURE
2024-07-04 08:00:00+02:00;351,000;1,000;MESURE
2024-07-04 09:00:00+02:00;218,000;1,000;MESURE
2024-07-04 10:00:00+02:00;307,000;1,000;MESURE
2024-07-04 11:00:00+02:00;326,000;1,000;MESURE
2024-07-04 12:00:00+02:00;255,000;1,000;MESURE
2024-07-04 13:00:00+02:00;1922,000;1,000;MESURE
2024-07-04 14:00:00+02:00;662,000;1,000;MESURE
2024-07-04 15:00:00+02:00;347,000;1,000;MESURE
2024-07-04 16:00:00+02:00;386,000;1,000;MESURE
2024-07-04 17:00:00+02:00;276,000;1,000;MESURE
2024-07-04 18:00:00+02:00;431,000;1,000;MESURE
2024-07-04 19:00:00+02:00;327,000;1,000;MESURE
2024-07-04 20:00:00+02:00;364,000;1,000;MESURE
2024-07-04 21:00:00+02:00;331,000;1,000;MESURE
2024-07-04 22:00:00+02:00;289,000;1,000;MESURE
2024-07-04 23:00:00+02:00;421,000;1,000;MESURE
2024-07-05 00:00:00+02:00;234,000;1,000;MESURE
2024-07-05 01:00:00+02:00;372,000;1,000;MESURE
2024-07-05 02:00:00+02:00;309,000;1,000;MESURE
2024-07-05 03:00:00+02:00;249,000;1,000;MESURE
2024-07-05 04:00:00+02:00;393,000;1,000;MESURE
2024-07-05 05:00:00+02:00;253,000;1,000;MESURE
2024-07-05 06:00:00+02:00;257,000;1,000;MESURE
2024-07-05 07:00:00+02:00;375,000;1,000;MESURE
2024-07-05 08:00:00+02:00;238,000;1,000;MESURE
2024-07-05 09:00:00+02:00;347,000;1,000;MESURE
2024-07-05 10:00:00+02:00;316,000;1,000;MESURE
2024-07-05 11:00:00+02:00;313,000;1,000;MESURE
2024-07-05 12:00:00+02:00;368,000;1,000;MESURE
2024-07-05 13:00:00+02:00;305,000;1,000;MESURE
2024-07-05 14:00:00+02:00;427,000;1,000;MESURE
2024-07-05 15:00:00+02:00;372,000;1,000;MESURE
2024-07-05 16:00:00+02:00;329,000;1,000;MESURE
2024-07-05 17:00:00+02:00;431,000;1,000;MESURE
2024-07-05 18:00:00+02:00;293,000;1,000;MESURE
2024-07-05 19:00:00+02:00;485,000;1,000;MESURE
2024-07-05 20:00:00+02:00;308,000;1,000;MESURE
2024-07-05 21:00:00+02:00;431,000;1,000;MESURE
2024-07-05 22:00:00+02:00;310,000;1,000;MESURE
2024-07-05 23:00:00+02:00;367,000;1,000;MESURE
2024-07-06 00:00:00+02:00;370,000;1,000;MESURE
2024-07-06 01:00:00+02:00;1532,000;1,000;MESURE
2024-07-06 02:00:00+02:00;1100,000;1,000;MESURE
2024-07-06 03:00:00+02:00;306,000;1,000;MESURE
2024-07-06 04:00:00+02:00;348,000;1,000;MESURE
2024-07-06 05:00:00+02:00;327,000;1,000;MESURE
2024-07-06 06:00:00+02:00;261,000;1,000;MESURE
2024-07-06 07:00:00+02:00;447,000;1,000;MESURE
2024-07-06 08:00:00+02:00;551,000;1,000;MESURE
2024-07-06 09:00:00+02:00;388,000;1,000;MESURE
2024-07-06 10:00:00+02:00;746,000;1,000;MESURE
2024-07-06 11:00:00+02:00;820,000;1,000;MESURE
2024-07-06 12:00:00+02:00;959,000;1,000;MESURE
2024-07-06 13:00:00+02:00;2478,000;1,000;MESURE
2024-07-06 14:00:00+02:00;873,000;1,000;MESURE
2024-07-06 15:00:00+02:00;1723,000;1,000;MESURE
2024-07-06 16:00:00+02:00;2155,000;1,000;MESURE
2024-07-06 17:00:00+02:00;379,000;1,000;MESURE
2024-07-06 18:00:00+02:00;263,000;1,000;MESURE
2024-07-06 19:00:00+02:00;415,000;1,000;MESURE
2024-07-06 20:00:00+02:00;258,000;1,000;MESURE
2024-07-06 21:00:00+02:00;320,000;1,000;MESURE
2024-07-06 22:00:00+02:00;348,000;1,000;MESURE
2024-07-06 23:00:00+02:00;250,000;1,000;MESURE
2024-07-07 00:00:00+02:00;355,000;1,000;MESURE
2024-07-07 01:00:00+02:00;305,000;1,000;MESURE
2024-07-07 02:00:00+02:00;223,000;1,000;MESURE
2024-07-07 03:00:00+02:00;418,000;1,000;MESURE
2024-07-07 04:00:00+02:00;214,000;1,000;MESURE
2024-07-07 05:00:00+02:00;285,000;1,000;MESURE
2024-07-07 06:00:00+02:00;344,000;1,000;MESURE
2024-07-07 07:00:00+02:00;262,000;1,000;MESURE
2024-07-07 08:00:00+02:00;251,000;1,000;MESURE
2024-07-07 09:00:00+02:00;372,000;1,000;MESURE
2024-07-07 10:00:00+02:00;242,000;1,000;MESURE
2024-07-07 11:00:00+02:00;361,000;1,000;MESURE
2024-07-07 12:00:00+02:00;290,000;1,000;MESURE
2024-07-07 13:00:00+02:00;332,000;1,000;MESURE
2024-07-07 14:00:00+02:00;337,000;1,000;MESURE
2024-07-07 15:00:00+02:00;300,000;1,000;MESURE
2024-07-07 16:00:00+02:00;410,000;1,000;MESURE
2024-07-07 17:00:00+02:00;325,000;1,000;MESURE
2024-07-07 18:00:00+02:00;344,000;1,000;MESURE
2024-07-07 19:00:00+02:00;359,000;1,000;MESURE
2024-07-07 20:00:00+02:00;309,000;1,000;MESURE
2024-07-07 21:00:00+02:00;418,000;1,000;MESURE
2024-07-07 22:00:00+02:00;261,000;1,000;MESURE
2024-07-07 23:00:00+02:00;384,000;1,000;MESURE
2024-07-08 00:00:00+02:00;274,000;1,000;MESURE
2024-07-08 01:00:00+02:00;300,000;1,000;MESURE
2024-07-08 02:00:00+02:00;341,000;1,000;MESURE
2024-07-08 03:00:00+02:00;273,000;1,000;MESURE
2024-07-08 04:00:00+02:00;1794,000;1,000;MESURE
2024-07-08 05:00:00+02:00;362,000;1,000;MESURE
2024-07-08 06:00:00+02:00;235,000;1,000;MESURE
2024-07-08 07:00:00+02:00;279,000;1,000;MESURE
2024-07-08 08:00:00+02:00;372,000;1,000;MESURE
2024-07-08 09:00:00+02:00;238,000;1,000;MESURE
2024-07-08 10:00:00+02:00;370,000;1,000;MESURE
2024-07-08 11:00:00+02:00;291,000;1,000;MESURE
2024-07-08 12:00:00+02:00;324,000;1,000;MESURE
2024-07-08 13:00:00+02:00;359,000;1,000;MESURE
2024-07-08 14:00:00+02:00;308,000;1,000;MESURE
2024-07-08 15:00:00+02:00;438,000;1,000;MESURE
2024-07-08 16:00:00+02:00;338,000;1,000;MESURE
2024-07-08 17:00:00+02:00;389,000;1,000;MESURE
2024-07-08 18:00:00+02:00;378,000;1,000;MESURE
2024-07-08 19:00:00+02:00;371,000;1,000;MESURE
2024-07-08 20:00:00+02:00;427,000;1,000;MESURE
2024-07-08 21:00:00+02:00;321,000;1,000;MESURE
2024-07-08 22:00:00+02:00;447,000;1,000;MESURE
2024-07-08 23:00:00+02:00;278,000;1,000;MESURE
2024-07-09 00:00:00+02:00;416,000;1,000;MESURE
2024-07-09 01:00:00+02:00;284,000;1,000;MESURE
2024-07-09 02:00:00+02:00;386,000;1,000;MESURE
2024-07-09 03:00:00+02:00;334,000;1,000;MESURE
2024-07-09 04:00:00+02:00;299,000;1,000;MESURE
2024-07-09 05:00:00+02:00;372,000;1,000;MESURE
2024-07-09 06:00:00+02:00;279,000;1,000;MESURE
2024-07-09 07:00:00+02:00;375,000;1,000;MESURE
2024-07-09 08:00:00+02:00;300,000;1,000;MESURE
2024-07-09 09:00:00+02:00;363,000;1,000;MESURE
2024-07-09 10:00:00+02:00;403,000;1,000;MESURE
2024-07-09 11:00:00+02:00;317,000;1,000;MESURE
2024-07-09 12:00:00+02:00;440,000;1,000;MESURE
2024-07-09 13:00:00+02:00;301,000;1,000;MESURE
2024-07-09 14:00:00+02:00;433,000;1,000;MESURE
2024-07-09 15:00:00+02:00;401,000;1,000;MESURE
2024-07-09 16:00:00+02:00;393,000;1,000;MESURE
2024-07-09 17:00:00+02:00;482,000;1,000;MESURE
2024-07-09 18:00:00+02:00;1679,000;1,000;MESURE
2024-07-09 19:00:00+02:00;1028,000;1,000;MESURE
2024-07-09 20:00:00+02:00;378,000;1,000;MESURE
2024-07-09 21:00:00+02:00;392,000;1,000;MESURE
2024-07-09 22:00:00+02:00;381,000;1,000;MESURE
2024-07-09 23:00:00+02:00;344,000;1,000;MESURE
2024-07-10 00:00:00+02:00;420,000;1,000;MESURE
2024-07-10 01:00:00+02:00;314,000;1,000;MESURE
2024-07-10 02:00:00+02:00;413,000;1,000;MESURE
2024-07-10 03:00:00+02:00;334,000;1,000;MESURE
2024-07-10 04:00:00+02:00;344,000;1,000;MESURE
2024-07-10 05:00:00+02:00;355,000;1,000;MESURE
2024-07-10 06:00:00+02:00;301,000;1,000;MESURE
2024-07-10 07:00:00+02:00;421,000;1,000;MESURE
2024-07-10 08:00:00+02:00;256,000;1,000;MESURE
2024-07-10 09:00:00+02:00;403,000;1,000;MESURE
2024-07-10 10:00:00+02:00;281,000;1,000;MESURE
2024-07-10 11:00:00+02:00;393,000;1,000;MESURE
2024-07-10 12:00:00+02:00;357,000;1,000;MESURE
2024-07-10 13:00:00+02:00;359,000;1,000;MESURE
2024-07-10 14:00:00+02:00;407,000;1,000;MESURE
2024-07-10 15:00:00+02:00;358,000;1,000;MESURE
2024-07-10 16:00:00+02:00;333,000;1,000;MESURE
2024-07-10 17:00:00+02:00;315,000;1,000;MESURE
2024-07-10 18:00:00+02:00;257,000;1,000;MESURE
2024-07-10 19:00:00+02:00;354,000;1,000;MESURE
2024-07-10 20:00:00+02:00;197,000;1,000;MESURE
2024-07-10 21:00:00+02:00;378,000;1,000;MESURE
2024-07-10 22:00:00+02:00;256,000;1,000;MESURE
2024-07-10 23:00:00+02:00;362,000;1,000;MESURE
2024-07-11 00:00:00+02:00;206,000;1,000;MESURE
2024-07-11 01:00:00+02:00;314,000;1,000;MESURE
2024-07-11 02:00:00+02:00;1669,000;1,000;MESURE
2024-07-11 03:00:00+02:00;632,000;1,000;MESURE
2024-07-11 04:00:00+02:00;320,000;1,000;MESURE
2024-07-11 05:00:00+02:00;269,000;1,000;MESURE
2024-07-11 06:00:00+02:00;248,000;1,000;MESURE
2024-07-11 07:00:00+02:00;245,000;1,000;MESURE
2024-07-11 08:00:00+02:00;294,000;1,000;MESURE
2024-07-11 09:00:00+02:00;304,000;1,000;MESURE
2024-07-11 10:00:00+02:00;204,000;1,000;MESURE
2024-07-11 11:00:00+02:00;437,000;1,000;MESURE
2024-07-11 12:00:00+02:00;223,000;1,000;MESURE
2024-07-11 13:00:00+02:00;368,000;1,000;MESURE
2024-07-11 14:00:00+02:00;374,000;1,000;MESURE
2024-07-11 15:00:00+02:00;262,000;1,000;MESURE
2024-07-11 16:00:00+02:00;488,000;1,000;MESURE
2024-07-11 17:00:00+02:00;265,000;1,000;MESURE
2024-07-11 18:00:00+02:00;399,000;1,000;MESURE
2024-07-11 19:00:00+02:00;428,000;1,000;MESURE
2024-07-11 20:00:00+02:00;247,000;1,000;MESURE
2024-07-11 21:00:00+02:00;417,000;1,000;MESURE
2024-07-11 22:00:00+02:00;220,000;1,000;MESURE
2024-07-11 23:00:00+02:00;422,000;1,000;MESURE
2024-07-12 00:00:00+02:00;236,000;1,000;MESURE
2024-07-12 01:00:00+02:00;286,000;1,000;MESURE
2024-07-12 02:00:00+02:00;324,000;1,000;MESURE
2024-07-12 03:00:00+02:00;213,000;1,000;MESURE
2024-07-12 04:00:00+02:00;410,000;1,000;MESURE
2024-07-12 05:00:00+02:00;140,000;1,000;MESURE
2024-07-12 06:00:00+02:00;391,000;1,000;MESURE
2024-07-12 07:00:00+02:00;223,000;1,000;MESURE
2024-07-12 08:00:00+02:00;239,000;1,000;MESURE
2024-07-12 09:00:00+02:00;339,000;1,000;MESURE
2024-07-12 10:00:00+02:00;209,000;1,000;MESURE
2024-07-12 11:00:00+02:00;344,000;1,000;MESURE
2024-07-12 12:00:00+02:00;246,000;1,000;MESURE
2024-07-12 13:00:00+02:00;270,000;1,000;MESURE
2024-07-12 14:00:00+02:00;386,000;1,000;MESURE
2024-07-12 15:00:00+02:00;187,000;1,000;MESURE
2024-07-12 16:00:00+02:00;721,000;1,000;MESURE
2024-07-12 17:00:00+02:00;1895,000;1,000;MESURE
2024-07-12 18:00:00+02:00;331,000;1,000;MESURE
2024-07-12 19:00:00+02:00;256,000;1,000;MESURE
2024-07-12 20:00:00+02:00;251,000;1,000;MESURE
2024-07-12 21:00:00+02:00;352,000;1,000;MESURE
2024-07-12 22:00:00+02:00;183,000;1,000;MESURE
2024-07-12 23:00:00+02:00;280,000;1,000;MESURE
2024-07-13 00:00:00+02:00;283,000;1,000;MESURE
2024-07-13 01:00:00+02:00;127,000;1,000;MESURE
2024-07-13 02:00:00+02:00;391,000;1,000;MESURE
2024-07-13 03:00:00+02:00;137,000;1,000;MESURE
2024-07-13 04:00:00+02:00;182,000;1,000;MESURE
2024-07-13 05:00:00+02:00;338,000;1,000;MESURE
2024-07-13 06:00:00+02:00;183,000;1,000;MESURE
2024-07-13 07:00:00+02:00;169,000;1,000;MESURE
2024-07-13 08:00:00+02:00;1121,000;1,000;MESURE
2024-07-13 09:00:00+02:00;1507,000;1,000;MESURE
2024-07-13 10:00:00+02:00;263,000;1,000;MESURE
2024-07-13 11:00:00+02:00;1363,000;1,000;MESURE
2024-07-13 12:00:00+02:00;1871,000;1,000;MESURE
2024-07-13 13:00:00+02:00;467,000;1,000;MESURE
2024-07-13 14:00:00+02:00;331,000;1,000;MESURE
2024-07-13 15:00:00+02:00;325,000;1,000;MESURE
2024-07-13 16:00:00+02:00;265,000;1,000;MESURE
2024-07-13 17:00:00+02:00;887,000;1,000;MESURE
2024-07-13 18:00:00+02:00;321,000;1,000;MESURE
2024-07-13 19:00:00+02:00;214,000;1,000;MESURE
2024-07-13 20:00:00+02:00;1464,000;1,000;MESURE
2024-07-13 21:00:00+02:00;211,000;1,000;MESURE
2024-07-13 22:00:00+02:00;264,000;1,000;MESURE
2024-07-13 23:00:00+02:00;306,000;1,000;MESURE
2024-07-14 00:00:00+02:00;138,000;1,000;MESURE
2024-07-14 01:00:00+02:00;365,000;1,000;MESURE
2024-07-14 02:00:00+02:00;156,000;1,000;MESURE
2024-07-14 03:00:00+02:00;189,000;1,000;MESURE
2024-07-14 04:00:00+02:00;320,000;1,000;MESURE
2024-07-14 05:00:00+02:00;191,000;1,000;MESURE
2024-07-14 06:00:00+02:00;295,000;1,000;MESURE
2024-07-14 07:00:00+02:00;242,000;1,000;MESURE
2024-07-14 08:00:00+02:00;197,000;1,000;MESURE
2024-07-14 09:00:00+02:00;198,000;1,000;MESURE
2024-07-14 10:00:00+02:00;332,000;1,000;MESURE
2024-07-14 11:00:00+02:00;164,000;1,000;MESURE
2024-07-14 12:00:00+02:00;336,000;1,000;MESURE
2024-07-14 13:00:00+02:00;235,000;1,000;MESURE
2024-07-14 14:00:00+02:00;101,000;1,000;MESURE
2024-07-14 15:00:00+02:00;397,000;1,000;MESURE
2024-07-14 16:00:00+02:00;214,000;1,000;MESURE
2024-07-14 17:00:00+02:00;417,000;1,000;MESURE
2024-07-14 18:00:00+02:00;269,000;1,000;MESURE
2024-07-14 19:00:00+02:00;311,000;1,000;MESURE
2024-07-14 20:00:00+02:00;369,000;1,000;MESURE
2024-07-14 21:00:00+02:00;227,000;1,000;MESURE
2024-07-14 22:00:00+02:00;389,000;1,000;MESURE
2024-07-14 23:00:00+02:00;233,000;1,000;MESURE
2024-07-15 00:00:00+02:00;350,000;1,000;MESURE
2024-07-15 01:00:00+02:00;176,000;1,000;MESURE
2024-07-15 02:00:00+02:00;367,000;1,000;MESURE
2024-07-15 03:00:00+02:00;219,000;1,000;MESURE
2024-07-15 04:00:00+02:00;257,000;1,000;MESURE
2024-07-15 05:00:00+02:00;291,000;1,000;MESURE
2024-07-15 06:00:00+02:00;192,000;1,000;MESURE
2024-07-15 07:00:00+02:00;351,000;1,000;MESURE
2024-07-15 08:00:00+02:00;176,000;1,000;MESURE
2024-07-15 09:00:00+02:00;341,000;1,000;MESURE
2024-07-15 10:00:00+02:00;1799,000;1,000;MESURE
2024-07-15 11:00:00+02:00;269,000;1,000;MESURE
2024-07-15 12:00:00+02:00;321,000;1,000;MESURE
2024-07-15 13:00:00+02:00;257,000;1,000;MESURE
2024-07-15 14:00:00+02:00;366,000;1,000;MESURE
2024-07-15 15:00:00+02:00;327,000;1,000;MESURE
2024-07-15 16:00:00+02:00;340,000;1,000;MESURE
2024-07-15 17:00:00+02:00;372,000;1,000;MESURE
2024-07-15 18:00:00+02:00;260,000;1,000;MESURE
2024-07-15 19:00:00+02:00;387,000;1,000;MESURE
2024-07-15 20:00:00+02:00;250,000;1,000;MESURE
2024-07-15 21:00:00+02:00;361,000;1,000;MESURE
2024-07-15 22:00:00+02:00;262,000;1,000;MESURE
2024-07-15 23:00:00+02:00;296,000;1,000;MESURE
2024-07-16 00:00:00+02:00;302,000;1,000;MESURE
2024-07-16 01:00:00+02:00;268,000;1,000;MESURE
2024-07-16 02:00:00+02:00;293,000;1,000;MESURE
2024-07-16 03:00:00+02:00;305,000;1,000;MESURE
2024-07-16 04:00:00+02:00;226,000;1,000;MESURE
2024-07-16 05:00:00+02:00;307,000;1,000;MESURE
2024-07-16 06:00:00+02:00;170,000;1,000;MESURE
2024-07-16 07:00:00+02:00;354,000;1,000;MESURE
2024-07-16 08:00:00+02:00;218,000;1,000;MESURE
2024-07-16 09:00:00+02:00;259,000;1,000;MESURE
2024-07-16 10:00:00+02:00;309,000;1,000;MESURE
2024-07-16 11:00:00+02:00;190,000;1,000;MESURE
2024-07-16 12:00:00+02:00;397,000;1,000;MESURE
2024-07-16 13:00:00+02:00;190,000;1,000;MESURE
2024-07-16 14:00:00+02:00;342,000;1,000;MESURE
2024-07-16 15:00:00+02:00;309,000;1,000;MESURE
2024-07-16 16:00:00+02:00;285,000;1,000;MESURE
2024-07-16 17:00:00+02:00;384,000;1,000;MESURE
2024-07-16 18:00:00+02:00;251,000;1,000;MESURE
2024-07-16 19:00:00+02:00;411,000;1,000;MESURE
2024-07-16 20:00:00+02:00;223,000;1,000;MESURE
2024-07-16 21:00:00+02:00;394,000;1,000;MESURE
2024-07-16 22:00:00+02:00;215,000;1,000;MESURE
2024-07-16 23:00:00+02:00;340,000;1,000;MESURE
2024-07-17 00:00:00+02:00;2189,000;1,000;MESURE
2024-07-17 01:00:00+02:00;215,000;1,000;MESURE
2024-07-17 02:00:00+02:00;350,000;1,000;MESURE
2024-07-17 03:00:00+02:00;167,000;1,000;MESURE
2024-07-17 04:00:00+02:00;323,000;1,000;MESURE
2024-07-17 05:00:00+02:00;197,000;1,000;MESURE
2024-07-17 06:00:00+02:00;239,000;1,000;MESURE
2024-07-17 07:00:00+02:00;261,000;1,000;MESURE
2024-07-17 08:00:00+02:00;233,000;1,000;MESURE
2024-07-17 09:00:00+02:00;234,000;1,000;MESURE
2024-07-17 10:00:00+02:00;294,000;1,000;MESURE
2024-07-17 11:00:00+02:00;232,000;1,000;MESURE
2024-07-17 12:00:00+02:00;356,000;1,000;MESURE
2024-07-17 13:00:00+02:00;241,000;1,000;MESURE
2024-07-17 14:00:00+02:00;329,000;1,000;MESURE
2024-07-17 15:00:00+02:00;302,000;1,000;MESURE
2024-07-17 16:00:00+02:00;310,000;1,000;MESURE
2024-07-17 17:00:00+02:00;338,000;1,000;MESURE
2024-07-17 18:00:00+02:00;293,000;1,000;MESURE
2024-07-17 19:00:00+02:00;325,000;1,000;MESURE
2024-07-17 20:00:00+02:00;349,000;1,000;MESURE
2024-07-17 21:00:00+02:00;270,000;1,000;MESURE
2024-07-17 22:00:00+02:00;343,000;1,000;MESURE
2024-07-17 23:00:00+02:00;234,000;1,000;MESURE
2024-07-18 00:00:00+02:00;363,000;1,000;MESURE
2024-07-18 01:00:00+02:00;145,000;1,000;MESURE
2024-07-18 02:00:00+02:00;405,000;1,000;MESURE
2024-07-18 03:00:00+02:00;171,000;1,000;MESURE
2024-07-18 04:00:00+02:00;263,000;1,000;MESURE
2024-07-18 05:00:00+02:00;271,000;1,000;MESURE
2024-07-18 06:00:00+02:00;164,000;1,000;MESURE
2024-07-18 07:00:00+02:00;313,000;1,000;MESURE
2024-07-18 08:00:00+02:00;208,000;1,000;MESURE
2024-07-18 09:00:00+02:00;254,000;1,000;MESURE
2024-07-18 10:00:00+02:00;1845,000;1,000;MESURE
2024-07-18 11:00:00+02:00;587,000;1,000;MESURE
2024-07-18 12:00:00+02:00;310,000;1,000;MESURE
2024-07-18 13:00:00+02:00;271,000;1,000;MESURE
2024-07-18 14:00:00+02:00;344,000;1,000;MESURE
2024-07-18 15:00:00+02:00;324,000;1,000;MESURE
2024-07-18 16:00:00+02:00;311,000;1,000;MESURE
2024-07-18 17:00:00+02:00;399,000;1,000;MESURE
2024-07-18 18:00:00+02:00;305,000;1,000;MESURE
2024-07-18 19:00:00+02:00;394,000;1,000;MESURE
2024-07-18 20:00:00+02:00;331,000;1,000;MESURE
2024-07-18 21:00:00+02:00;334,000;1,000;MESURE
2024-07-18 22:00:00+02:00;343,000;1,000;MESURE
2024-07-18 23:00:00+02:00;236,000;1,000;MESURE
2024-07-19 00:00:00+02:00;385,000;1,000;MESURE
2024-07-19 01:00:00+02:00;216,000;1,000;MESURE
2024-07-19 02:00:00+02:00;290,000;1,000;MESURE
2024-07-19 03:00:00+02:00;290,000;1,000;MESURE
2024-07-19 04:00:00+02:00;185,000;1,000;MESURE
2024-07-19 05:00:00+02:00;365,000;1,000;MESURE
2024-07-19 06:00:00+02:00;143,000;1,000;MESURE
2024-07-19 07:00:00+02:00;314,000;1,000;MESURE
2024-07-19 08:00:00+02:00;241,000;1,000;MESURE
2024-07-19 09:00:00+02:00;275,000;1,000;MESURE
2024-07-19 10:00:00+02:00;302,000;1,000;MESURE
2024-07-19 11:00:00+02:00;280,000;1,000;MESURE
2024-07-19 12:00:00+02:00;284,000;1,000;MESURE
2024-07-19 13:00:00+02:00;348,000;1,000;MESURE
2024-07-19 14:00:00+02:00;259,000;1,000;MESURE
2024-07-19 15:00:00+02:00;371,000;1,000;MESURE
2024-07-19 16:00:00+02:00;255,000;1,000;MESURE
2024-07-19 17:00:00+02:00;380,000;1,000;MESURE
2024-07-19 18:00:00+02:00;331,000;1,000;MESURE
2024-07-19 19:00:00+02:00;318,000;1,000;MESURE
2024-07-19 20:00:00+02:00;372,000;1,000;MESURE
2024-07-19 21:00:00+02:00;273,000;1,000;MESURE
2024-07-19 22:00:00+02:00;392,000;1,000;MESURE
2024-07-19 23:00:00+02:00;192,000;1,000;MESURE
2024-07-20 00:00:00+02:00;422,000;1,000;MESURE
2024-07-20 01:00:00+02:00;392,000;1,000;MESURE
2024-07-20 02:00:00+02:00;2097,000;1,000;MESURE
2024-07-20 03:00:00+02:00;229,000;1,000;MESURE
2024-07-20 04:00:00+02:00;290,000;1,000;MESURE
2024-07-20 05:00:00+02:00;288,000;1,000;MESURE
2024-07-20 06:00:00+02:00;215,000;1,000;MESURE
2024-07-20 07:00:00+02:00;276,000;1,000;MESURE
2024-07-20 08:00:00+02:00;256,000;1,000;MESURE
2024-07-20 09:00:00+02:00;278,000;1,000;MESURE
2024-07-20 10:00:00+02:00;960,000;1,000;MESURE
2024-07-20 11:00:00+02:00;1424,000;1,000;MESURE
2024-07-20 12:00:00+02:00;730,000;1,000;MESURE
2024-07-20 13:00:00+02:00;312,000;1,000;MESURE
2024-07-20 14:00:00+02:00;479,000;1,000;MESURE
2024-07-20 15:00:00+02:00;2487,000;1,000;MESURE
2024-07-20 16:00:00+02:00;427,000;1,000;MESURE
2024-07-20 17:00:00+02:00;475,000;1,000;MESURE
2024-07-20 18:00:00+02:00;424,000;1,000;MESURE
2024-07-20 19:00:00+02:00;393,000;1,000;MESURE
2024-07-20 20:00:00+02:00;473,000;1,000;MESURE
2024-07-20 21:00:00+02:00;340,000;1,000;MESURE
2024-07-20 22:00:00+02:00;462,000;1,000;MESURE
2024-07-20 23:00:00+02:00;287,000;1,000;MESURE
2024-07-21 00:00:00+02:00;459,000;1,000;MESURE
2024-07-21 01:00:00+02:00;320,000;1,000;MESURE
2024-07-21 02:00:00+02:00;404,000;1,000;MESURE
2024-07-21 03:00:00+02:00;311,000;1,000;MESURE
2024-07-21 04:00:00+02:00;351,000;1,000;MESURE
2024-07-21 05:00:00+02:00;342,000;1,000;MESURE
2024-07-21 06:00:00+02:00;291,000;1,000;MESURE
2024-07-21 07:00:00+02:00;403,000;1,000;MESURE
2024-07-21 08:00:00+02:00;265,000;1,000;MESURE
2024-07-21 09:00:00+02:00;412,000;1,000;MESURE
2024-07-21 10:00:00+02:00;263,000;1,000;MESURE
2024-07-21 11:00:00+02:00;357,000;1,000;MESURE
2024-07-21 12:00:00+02:00;314,000;1,000;MESURE
2024-07-21 13:00:00+02:00;327,000;1,000;MESURE
2024-07-21 14:00:00+02:00;367,000;1,000;MESURE
2024-07-21 15:00:00+02:00;303,000;1,000;MESURE
2024-07-21 16:00:00+02:00;410,000;1,000;MESURE
2024-07-21 17:00:00+02:00;336,000;1,000;MESURE
2024-07-21 18:00:00+02:00;401,000;1,000;MESURE
2024-07-21 19:00:00+02:00;344,000;1,000;MESURE
2024-07-21 20:00:00+02:00;354,000;1,000;MESURE
2024-07-21 21:00:00+02:00;355,000;1,000;MESURE
2024-07-21 22:00:00+02:00;322,000;1,000;MESURE
2024-07-21 23:00:00+02:00;373,000;1,000;MESURE
2024-07-22 00:00:00+02:00;284,000;1,000;MESURE
2024-07-22 01:00:00+02:00;414,000;1,000;MESURE
2024-07-22 02:00:00+02:00;259,000;1,000;MESURE
2024-07-22 03:00:00+02:00;410,000;1,000;MESURE
2024-07-22 04:00:00+02:00;260,000;1,000;MESURE
2024-07-22 05:00:00+02:00;348,000;1,000;MESURE
2024-07-22 06:00:00+02:00;311,000;1,000;MESURE
2024-07-22 07:00:00+02:00;1313,000;1,000;MESURE
2024-07-22 08:00:00+02:00;1300,000;1,000;MESURE
2024-07-22 09:00:00+02:00;2030,000;1,000;MESURE
2024-07-22 10:00:00+02:00;342,000;1,000;MESURE
2024-07-22 11:00:00+02:00;151,000;1,000;MESURE
2024-07-22 12:00:00+02:00;319,000;1,000;MESURE
2024-07-22 13:00:00+02:00;191,000;1,000;MESURE
2024-07-22 14:00:00+02:00;351,000;1,000;MESURE
2024-07-22 15:00:00+02:00;344,000;1,000;MESURE
2024-07-22 16:00:00+02:00;382,000;1,000;MESURE
2024-07-22 17:00:00+02:00;385,000;1,000;MESURE
2024-07-22 18:00:00+02:00;371,000;1,000;MESURE
2024-07-22 19:00:00+02:00;398,000;1,000;MESURE
2024-07-22 20:00:00+02:00;310,000;1,000;MESURE
2024-07-22 21:00:00+02:00;413,000;1,000;MESURE
2024-07-22 22:00:00+02:00;305,000;1,000;MESURE
2024-07-22 23:00:00+02:00;364,000;1,000;MESURE
2024-07-23 00:00:00+02:00;318,000;1,000;MESURE
2024-07-23 01:00:00+02:00;308,000;1,000;MESURE
2024-07-23 02:00:00+02:00;355,000;1,000;MESURE
2024-07-23 03:00:00+02:00;238,000;1,000;MESURE
2024-07-23 04:00:00+02:00;411,000;1,000;MESURE
2024-07-23 05:00:00+02:00;170,000;1,000;MESURE
2024-07-23 06:00:00+02:00;261,000;1,000;MESURE
2024-07-23 07:00:00+02:00;196,000;1,000;MESURE
2024-07-23 08:00:00+02:00;196,000;1,000;MESURE
2024-07-23 09:00:00+02:00;283,000;1,000;MESURE
2024-07-23 10:00:00+02:00;159,000;1,000;MESURE
2024-07-23 11:00:00+02:00;438,000;1,000;MESURE
2024-07-23 12:00:00+02:00;281,000;1,000;MESURE
2024-07-23 13:00:00+02:00;424,000;1,000;MESURE
2024-07-23 14:00:00+02:00;308,000;1,000;MESURE
2024-07-23 15:00:00+02:00;405,000;1,000;MESURE
2024-07-23 16:00:00+02:00;344,000;1,000;MESURE
2024-07-23 17:00:00+02:00;384,000;1,000;MESURE
2024-07-23 18:00:00+02:00;381,000;1,000;MESURE
2024-07-23 19:00:00+02:00;376,000;1,000;MESURE
2024-07-23 20:00:00+02:00;414,000;1,000;MESURE
2024-07-23 21:00:00+02:00;315,000;1,000;MESURE
2024-07-23 22:00:00+02:00;409,000;1,000;MESURE
2024-07-23 23:00:00+02:00;315,000;1,000;MESURE
2024-07-24 00:00:00+02:00;370,000;1,000;MESURE
2024-07-24 01:00:00+02:00;335,000;1,000;MESURE
2024-07-24 02:00:00+02:00;322,000;1,000;MESURE
2024-07-24 03:00:00+02:00;2044,000;1,000;MESURE
2024-07-24 04:00:00+02:00;265,000;1,000;MESURE
2024-07-24 05:00:00+02:00;401,000;1,000;MESURE
2024-07-24 06:00:00+02:00;236,000;1,000;MESURE
2024-07-24 07:00:00+02:00;357,000;1,000;MESURE
2024-07-24 08:00:00+02:00;177,000;1,000;MESURE
2024-07-24 09:00:00+02:00;251,000;1,000;MESURE
2024-07-24 10:00:00+02:00;236,000;1,000;MESURE
2024-07-24 11:00:00+02:00;220,000;1,000;MESURE
2024-07-24 12:00:00+02:00;307,000;1,000;MESURE
2024-07-24 13:00:00+02:00;309,000;1,000;MESURE
2024-07-24 14:00:00+02:00;442,000;1,000;MESURE
2024-07-24 15:00:00+02:00;292,000;1,000;MESURE
2024-07-24 16:00:00+02:00;460,000;1,000;MESURE
2024-07-24 17:00:00+02:00;316,000;1,000;MESURE
2024-07-24 18:00:00+02:00;418,000;1,000;MESURE
2024-07-24 19:00:00+02:00;330,000;1,000;MESURE
2024-07-24 20:00:00+02:00;379,000;1,000;MESURE
2024-07-24 21:00:00+02:00;337,000;1,000;MESURE
2024-07-24 22:00:00+02:00;328,000;1,000;MESURE
2024-07-24 23:00:00+02:00;361,000;1,000;MESURE
2024-07-25 00:00:00+02:00;292,000;1,000;MESURE
2024-07-25 01:00:00+02:00;370,000;1,000;MESURE
2024-07-25 02:00:00+02:00;293,000;1,000;MESURE
2024-07-25 03:00:00+02:00;297,000;1,000;MESURE
2024-07-25 04:00:00+02:00;350,000;1,000;MESURE
2024-07-25 05:00:00+02:00;145,000;1,000;MESURE
2024-07-25 06:00:00+02:00;312,000;1,000;MESURE
2024-07-25 07:00:00+02:00;145,000;1,000;MESURE
2024-07-25 08:00:00+02:00;224,000;1,000;MESURE
2024-07-25 09:00:00+02:00;226,000;1,000;MESURE
2024-07-25 10:00:00+02:00;171,000;1,000;MESURE
2024-07-25 11:00:00+02:00;424,000;1,000;MESURE
2024-07-25 12:00:00+02:00;270,000;1,000;MESURE
2024-07-25 13:00:00+02:00;412,000;1,000;MESURE
2024-07-25 14:00:00+02:00;310,000;1,000;MESURE
2024-07-25 15:00:00+02:00;2285,000;1,000;MESURE
2024-07-25 16:00:00+02:00;353,000;1,000;MESURE
2024-07-25 17:00:00+02:00;409,000;1,000;MESURE
2024-07-25 18:00:00+02:00;376,000;1,000;MESURE
2024-07-25 19:00:00+02:00;354,000;1,000;MESURE
2024-07-25 20:00:00+02:00;393,000;1,000;MESURE
2024-07-25 21:00:00+02:00;317,000;1,000;MESURE
2024-07-25 22:00:00+02:00;403,000;1,000;MESURE
2024-07-25 23:00:00+02:00;309,000;1,000;MESURE
2024-07-26 00:00:00+02:00;380,000;1,000;MESURE
2024-07-26 01:00:00+02:00;317,000;1,000;MESURE
2024-07-26 02:00:00+02:00;301,000;1,000;MESURE
2024-07-26 03:00:00+02:00;348,000;1,000;MESURE
2024-07-26 04:00:00+02:00;226,000;1,000;MESURE
2024-07-26 05:00:00+02:00;374,000;1,000;MESURE
2024-07-26 06:00:00+02:00;145,000;1,000;MESURE
2024-07-26 07:00:00+02:00;216,000;1,000;MESURE
2024-07-26 08:00:00+02:00;250,000;1,000;MESURE
2024-07-26 09:00:00+02:00;168,000;1,000;MESURE
2024-07-26 10:00:00+02:00;309,000;1,000;MESURE
2024-07-26 11:00:00+02:00;257,000;1,000;MESURE
2024-07-26 12:00:00+02:00;397,000;1,000;MESURE
2024-07-26 13:00:00+02:00;346,000;1,000;MESURE
2024-07-26 14:00:00+02:00;380,000;1,000;MESURE
2024-07-26 15:00:00+02:00;389,000;1,000;MESURE
2024-07-26 16:00:00+02:00;358,000;1,000;MESURE
2024-07-26 17:00:00+02:00;448,000;1,000;MESURE
2024-07-26 18:00:00+02:00;323,000;1,000;MESURE
2024-07-26 19:00:00+02:00;478,000;1,000;MESURE
2024-07-26 20:00:00+02:00;379,000;1,000;MESURE
2024-07-26 21:00:00+02:00;385,000;1,000;MESURE
2024-07-26 22:00:00+02:00;387,000;1,000;MESURE
2024-07-26 23:00:00+02:00;328,000;1,000;MESURE
2024-07-27 00:00:00+02:00;400,000;1,000;MESURE
2024-07-27 01:00:00+02:00;271,000;1,000;MESURE
2024-07-27 02:00:00+02:00;437,000;1,000;MESURE
2024-07-27 03:00:00+02:00;255,000;1,000;MESURE
2024-07-27 04:00:00+02:00;426,000;1,000;MESURE
2024-07-27 05:00:00+02:00;259,000;1,000;MESURE
2024-07-27 06:00:00+02:00;1543,000;1,000;MESURE
2024-07-27 07:00:00+02:00;1085,000;1,000;MESURE
2024-07-27 08:00:00+02:00;477,000;1,000;MESURE
2024-07-27 09:00:00+02:00;380,000;1,000;MESURE
2024-07-27 10:00:00+02:00;365,000;1,000;MESURE
2024-07-27 11:00:00+02:00;501,000;1,000;MESURE
2024-07-27 12:00:00+02:00;387,000;1,000;MESURE
2024-07-27 13:00:00+02:00;562,000;1,000;MESURE
2024-07-27 14:00:00+02:00;2186,000;1,000;MESURE
2024-07-27 15:00:00+02:00;1068,000;1,000;MESURE
2024-07-27 16:00:00+02:00;498,000;1,000;MESURE
2024-07-27 17:00:00+02:00;369,000;1,000;MESURE
2024-07-27 18:00:00+02:00;432,000;1,000;MESURE
2024-07-27 19:00:00+02:00;487,000;1,000;MESURE
2024-07-27 20:00:00+02:00;331,000;1,000;MESURE
2024-07-27 21:00:00+02:00;503,000;1,000;MESURE
2024-07-27 22:00:00+02:00;304,000;1,000;MESURE
2024-07-27 23:00:00+02:00;457,000;1,000;MESURE
2024-07-28 00:00:00+02:00;335,000;1,000;MESURE
2024-07-28 01:00:00+02:00;414,000;1,000;MESURE
2024-07-28 02:00:00+02:00;366,000;1,000;MESURE
2024-07-28 03:00:00+02:00;333,000;1,000;MESURE
2024-07-28 04:00:00+02:00;398,000;1,000;MESURE
2024-07-28 05:00:00+02:00;295,000;1,000;MESURE
2024-07-28 06:00:00+02:00;399,000;1,000;MESURE
2024-07-28 07:00:00+02:00;305,000;1,000;MESURE
2024-07-28 08:00:00+02:00;356,000;1,000;MESURE
2024-07-28 09:00:00+02:00;340,000;1,000;MESURE
2024-07-28 10:00:00+02:00;317,000;1,000;MESURE
2024-07-28 11:00:00+02:00;382,000;1,000;MESURE
2024-07-28 12:00:00+02:00;313,000;1,000;MESURE
2024-07-28 13:00:00+02:00;445,000;1,000;MESURE
2024-07-28 14:00:00+02:00;312,000;1,000;MESURE
2024-07-28 15:00:00+02:00;431,000;1,000;MESURE
2024-07-28 16:00:00+02:00;369,000;1,000;MESURE
2024-07-28 17:00:00+02:00;389,000;1,000;MESURE
2024-07-28 18:00:00+02:00;449,000;1,000;MESURE
2024-07-28 19:00:00+02:00;344,000;1,000;MESURE
2024-07-28 20:00:00+02:00;491,000;1,000;MESURE
2024-07-28 21:00:00+02:00;281,000;1,000;MESURE
2024-07-28 22:00:00+02:00;468,000;1,000;MESURE
2024-07-28 23:00:00+02:00;294,000;1,000;MESURE
2024-07-29 00:00:00+02:00;417,000;1,000;MESURE
2024-07-29 01:00:00+02:00;326,000;1,000;MESURE
2024-07-29 02:00:00+02:00;373,000;1,000;MESURE
2024-07-29 03:00:00+02:00;344,000;1,000;MESURE
2024-07-29 04:00:00+02:00;306,000;1,000;MESURE
2024-07-29 05:00:00+02:00;379,000;1,000;MESURE
2024-07-29 06:00:00+02:00;287,000;1,000;MESURE
2024-07-29 07:00:00+02:00;347,000;1,000;MESURE
2024-07-29 08:00:00+02:00;337,000;1,000;MESURE
2024-07-29 09:00:00+02:00;327,000;1,000;MESURE
2024-07-29 10:00:00+02:00;373,000;1,000;MESURE
2024-07-29 11:00:00+02:00;2029,000;1,000;MESURE
2024-07-29 12:00:00+02:00;430,000;1,000;MESURE
2024-07-29 13:00:00+02:00;293,000;1,000;MESURE
2024-07-29 14:00:00+02:00;459,000;1,000;MESURE
2024-07-29 15:00:00+02:00;362,000;1,000;MESURE
2024-07-29 16:00:00+02:00;423,000;1,000;MESURE
2024-07-29 17:00:00+02:00;484,000;1,000;MESURE
2024-07-29 18:00:00+02:00;350,000;1,000;MESURE
2024-07-29 19:00:00+02:00;503,000;1,000;MESURE
2024-07-29 20:00:00+02:00;404,000;1,000;MESURE
2024-07-29 21:00:00+02:00;402,000;1,000;MESURE
2024-07-29 22:00:00+02:00;429,000;1,000;MESURE
2024-07-29 23:00:00+02:00;368,000;1,000;MESURE
2024-07-30 00:00:00+02:00;435,000;1,000;MESURE
2024-07-30 01:00:00+02:00;367,000;1,000;MESURE
2024-07-30 02:00:00+02:00;365,000;1,000;MESURE
2024-07-30 03:00:00+02:00;380,000;1,000;MESURE
2024-07-30 04:00:00+02:00;320,000;1,000;MESURE
2024-07-30 05:00:00+02:00;400,000;1,000;MESURE
2024-07-30 06:00:00+02:00;273,000;1,000;MESURE
2024-07-30 07:00:00+02:00;434,000;1,000;MESURE
2024-07-30 08:00:00+02:00;257,000;1,000;MESURE
2024-07-30 09:00:00+02:00;466,000;1,000;MESURE
2024-07-30 10:00:00+02:00;309,000;1,000;MESURE
2024-07-30 11:00:00+02:00;437,000;1,000;MESURE
2024-07-30 12:00:00+02:00;404,000;1,000;MESURE
2024-07-30 13:00:00+02:00;350,000;1,000;MESURE
2024-07-30 14:00:00+02:00;457,000;1,000;MESURE
2024-07-30 15:00:00+02:00;455,000;1,000;MESURE
2024-07-30 16:00:00+02:00;384,000;1,000;MESURE
2024-07-30 17:00:00+02:00;511,000;1,000;MESURE
2024-07-30 18:00:00+02:00;487,000;1,000;MESURE
2024-07-30 19:00:00+02:00;443,000;1,000;MESURE
2024-07-30 20:00:00+02:00;399,000;1,000;MESURE
2024-07-30 21:00:00+02:00;447,000;1,000;MESURE
2024-07-30 22:00:00+02:00;446,000;1,000;MESURE
2024-07-30 23:00:00+02:00;403,000;1,000;MESURE
2024-07-31 00:00:00+02:00;448,000;1,000;MESURE
2024-07-31 01:00:00+02:00;319,000;1,000;MESURE
2024-07-31 02:00:00+02:00;473,000;1,000;MESURE
2024-07-31 03:00:00+02:00;274,000;1,000;MESURE
2024-07-31 04:00:00+02:00;474,000;1,000;MESURE
2024-07-31 05:00:00+02:00;310,000;1,000;MESURE
2024-07-31 06:00:00+02:00;419,000;1,000;MESURE
2024-07-31 07:00:00+02:00;321,000;1,000;MESURE
2024-07-31 08:00:00+02:00;381,000;1,000;MESURE
2024-07-31 09:00:00+02:00;1136,000;1,000;MESURE
2024-07-31 10:00:00+02:00;1663,000;1,000;MESURE
2024-07-31 11:00:00+02:00;440,000;1,000;MESURE
2024-07-31 12:00:00+02:00;370,000;1,000;MESURE
2024-07-31 13:00:00+02:00;410,000;1,000;MESURE
2024-07-31 14:00:00+02:00;469,000;1,000;MESURE
2024-07-31 15:00:00+02:00;384,000;1,000;MESURE
2024-07-31 16:00:00+02:00;455,000;1,000;MESURE
2024-07-31 17:00:00+02:00;490,000;1,000;MESURE
2024-07-31 18:00:00+02:00;364,000;1,000;MESURE
2024-07-31 19:00:00+02:00;475,000;1,000;MESURE
2024-07-31 20:00:00+02:00;447,000;1,000;MESURE
2024-07-31 21:00:00+02:00;413,000;1,000;MESURE
2024-07-31 22:00:00+02:00;442,000;1,000;MESURE
2024-07-31 23:00:00+02:00;420,000;1,000;MESURE
2024-08-01 00:00:00+02:00;350,000;1,000;MESURE
2024-08-01 01:00:00+02:00;448,000;1,000;MESURE
2024-08-01 02:00:00+02:00;297,000;1,000;MESURE
2024-08-01 03:00:00+02:00;470,000;1,000;MESURE
2024-08-01 04:00:00+02:00;311,000;1,000;MESURE
2024-08-01 05:00:00+02:00;432,000;1,000;MESURE
2024-08-01 06:00:00+02:00;332,000;1,000;MESURE
2024-08-01 07:00:00+02:00;366,000;1,000;MESURE
2024-08-01 08:00:00+02:00;371,000;1,000;MESURE
2024-08-01 09:00:00+02:00;330,000;1,000;MESURE
2024-08-01 10:00:00+02:00;448,000;1,000;MESURE
2024-08-01 11:00:00+02:00;280,000;1,000;MESURE
2024-08-01 12:00:00+02:00;473,000;1,000;MESURE
2024-08-01 13:00:00+02:00;375,000;1,000;MESURE
2024-08-01 14:00:00+02:00;409,000;1,000;MESURE
2024-08-01 15:00:00+02:00;446,000;1,000;MESURE
2024-08-01 16:00:00+02:00;448,000;1,000;MESURE
2024-08-01 17:00:00+02:00;410,000;1,000;MESURE
2024-08-01 18:00:00+02:00;499,000;1,000;MESURE
2024-08-01 19:00:00+02:00;345,000;1,000;MESURE
2024-08-01 20:00:00+02:00;479,000;1,000;MESURE
2024-08-01 21:00:00+02:00;423,000;1,000;MESURE
2024-08-01 22:00:00+02:00;373,000;1,000;MESURE
2024-08-01 23:00:00+02:00;476,000;1,000;MESURE
2024-08-02 00:00:00+02:00;331,000;1,000;MESURE
2024-08-02 01:00:00+02:00;438,000;1,000;MESURE
2024-08-02 02:00:00+02:00;336,000;1,000;MESURE
2024-08-02 03:00:00+02:00;386,000;1,000;MESURE
2024-08-02 04:00:00+02:00;353,000;1,000;MESURE
2024-08-02 05:00:00+02:00;343,000;1,000;MESURE
2024-08-02 06:00:00+02:00;385,000;1,000;MESURE
2024-08-02 07:00:00+02:00;293,000;1,000;MESURE
2024-08-02 08:00:00+02:00;408,000;1,000;MESURE
2024-08-02 09:00:00+02:00;1407,000;1,000;MESURE
2024-08-02 10:00:00+02:00;1287,000;1,000;MESURE
2024-08-02 11:00:00+02:00;402,000;1,000;MESURE
2024-08-02 12:00:00+02:00;330,000;1,000;MESURE
2024-08-02 13:00:00+02:00;484,000;1,000;MESURE
2024-08-02 14:00:00+02:00;305,000;1,000;MESURE
2024-08-02 15:00:00+02:00;514,000;1,000;MESURE
2024-08-02 16:00:00+02:00;424,000;1,000;MESURE
2024-08-02 17:00:00+02:00;356,000;1,000;MESURE
2024-08-02 18:00:00+02:00;365,000;1,000;MESURE
2024-08-02 19:00:00+02:00;324,000;1,000;MESURE
2024-08-02 20:00:00+02:00;300,000;1,000;MESURE
2024-08-02 21:00:00+02:00;379,000;1,000;MESURE
2024-08-02 22:00:00+02:00;335,000;1,000;MESURE
2024-08-02 23:00:00+02:00;457,000;1,000;MESURE
2024-08-03 00:00:00+02:00;227,000;1,000;MESURE
2024-08-03 01:00:00+02:00;293,000;1,000;MESURE
2024-08-03 02:00:00+02:00;312,000;1,000;MESURE
2024-08-03 03:00:00+02:00;328,000;1,000;MESURE
2024-08-03 04:00:00+02:00;290,000;1,000;MESURE
2024-08-03 05:00:00+02:00;169,000;1,000;MESURE
2024-08-03 06:00:00+02:00;417,000;1,000;MESURE
2024-08-03 07:00:00+02:00;210,000;1,000;MESURE
2024-08-03 08:00:00+02:00;317,000;1,000;MESURE
2024-08-03 09:00:00+02:00;216,000;1,000;MESURE
2024-08-03 10:00:00+02:00;561,000;1,000;MESURE
2024-08-03 11:00:00+02:00;324,000;1,000;MESURE
2024-08-03 12:00:00+02:00;314,000;1,000;MESURE
2024-08-03 13:00:00+02:00;442,000;1,000;MESURE
2024-08-03 14:00:00+02:00;354,000;1,000;MESURE
2024-08-03 15:00:00+02:00;712,000;1,000;MESURE
2024-08-03 16:00:00+02:00;421,000;1,000;MESURE
2024-08-03 17:00:00+02:00;391,000;1,000;MESURE
2024-08-03 18:00:00+02:00;424,000;1,000;MESURE
2024-08-03 19:00:00+02:00;339,000;1,000;MESURE
2024-08-03 20:00:00+02:00;1076,000;1,000;MESURE
2024-08-03 21:00:00+02:00;1362,000;1,000;MESURE
2024-08-03 22:00:00+02:00;410,000;1,000;MESURE
2024-08-03 23:00:00+02:00;296,000;1,000;MESURE
2024-08-04 00:00:00+02:00;361,000;1,000;MESURE
2024-08-04 01:00:00+02:00;219,000;1,000;MESURE
2024-08-04 02:00:00+02:00;242,000;1,000;MESURE
2024-08-04 03:00:00+02:00;366,000;1,000;MESURE
2024-08-04 04:00:00+02:00;241,000;1,000;MESURE
2024-08-04 05:00:00+02:00;319,000;1,000;MESURE
2024-08-04 06:00:00+02:00;149,000;1,000;MESURE
2024-08-04 07:00:00+02:00;366,000;1,000;MESURE
2024-08-04 08:00:00+02:00;263,000;1,000;MESURE
2024-08-04 09:00:00+02:00;239,000;1,000;MESURE
2024-08-04 10:00:00+02:00;238,000;1,000;MESURE
2024-08-04 11:00:00+02:00;284,000;1,000;MESURE
2024-08-04 12:00:00+02:00;414,000;1,000;MESURE
2024-08-04 13:00:00+02:00;250,000;1,000;MESURE
2024-08-04 14:00:00+02:00;308,000;1,000;MESURE
2024-08-04 15:00:00+02:00;299,000;1,000;MESURE
2024-08-04 16:00:00+02:00;402,000;1,000;MESURE
2024-08-04 17:00:00+02:00;428,000;1,000;MESURE
2024-08-04 18:00:00+02:00;298,000;1,000;MESURE
2024-08-04 19:00:00+02:00;348,000;1,000;MESURE
2024-08-04 20:00:00+02:00;198,000;1,000;MESURE
2024-08-04 21:00:00+02:00;462,000;1,000;MESURE
2024-08-04 22:00:00+02:00;298,000;1,000;MESURE
2024-08-04 23:00:00+02:00;294,000;1,000;MESURE
2024-08-05 00:00:00+02:00;230,000;1,000;MESURE
2024-08-05 01:00:00+02:00;291,000;1,000;MESURE
2024-08-05 02:00:00+02:00;373,000;1,000;MESURE
2024-08-05 03:00:00+02:00;174,000;1,000;MESURE
2024-08-05 04:00:00+02:00;325,000;1,000;MESURE
2024-08-05 05:00:00+02:00;169,000;1,000;MESURE
2024-08-05 06:00:00+02:00;372,000;1,000;MESURE
2024-08-05 07:00:00+02:00;209,000;1,000;MESURE
2024-08-05 08:00:00+02:00;212,000;1,000;MESURE
2024-08-05 09:00:00+02:00;324,000;1,000;MESURE
2024-08-05 10:00:00+02:00;303,000;1,000;MESURE
2024-08-05 11:00:00+02:00;2251,000;1,000;MESURE
2024-08-05 12:00:00+02:00;249,000;1,000;MESURE
2024-08-05 13:00:00+02:00;290,000;1,000;MESURE
2024-08-05 14:00:00+02:00;417,000;1,000;MESURE
2024-08-05 15:00:00+02:00;331,000;1,000;MESURE
2024-08-05 16:00:00+02:00;404,000;1,000;MESURE
2024-08-05 17:00:00+02:00;200,000;1,000;MESURE
2024-08-05 18:00:00+02:00;415,000;1,000;MESURE
2024-08-05 19:00:00+02:00;370,000;1,000;MESURE
2024-08-05 20:00:00+02:00;407,000;1,000;MESURE
2024-08-05 21:00:00+02:00;353,000;1,000;MESURE
2024-08-05 22:00:00+02:00;249,000;1,000;MESURE
2024-08-05 23:00:00+02:00;339,000;1,000;MESURE
2024-08-06 00:00:00+02:00;290,000;1,000;MESURE
2024-08-06 01:00:00+02:00;419,000;1,000;MESURE
2024-08-06 02:00:00+02:00;155,000;1,000;MESURE
2024-08-06 03:00:00+02:00;306,000;1,000;MESURE
2024-08-06 04:00:00+02:00;263,000;1,000;MESURE
2024-08-06 05:00:00+02:00;291,000;1,000;MESURE
2024-08-06 06:00:00+02:00;244,000;1,000;MESURE
2024-08-06 07:00:00+02:00;188,000;1,000;MESURE
2024-08-06 08:00:00+02:00;335,000;1,000;MESURE
2024-08-06 09:00:00+02:00;314,000;1,000;MESURE
2024-08-06 10:00:00+02:00;233,000;1,000;MESURE
2024-08-06 11:00:00+02:00;283,000;1,000;MESURE
2024-08-06 12:00:00+02:00;292,000;1,000;MESURE
2024-08-06 13:00:00+02:00;451,000;1,000;MESURE
2024-08-06 14:00:00+02:00;303,000;1,000;MESURE
2024-08-06 15:00:00+02:00;416,000;1,000;MESURE
2024-08-06 16:00:00+02:00;298,000;1,000;MESURE
2024-08-06 17:00:00+02:00;334,000;1,000;MESURE
2024-08-06 18:00:00+02:00;496,000;1,000;MESURE
2024-08-06 19:00:00+02:00;333,000;1,000;MESURE
2024-08-06 20:00:00+02:00;508,000;1,000;MESURE
2024-08-06 21:00:00+02:00;393,000;1,000;MESURE
2024-08-06 22:00:00+02:00;326,000;1,000;MESURE
2024-08-06 23:00:00+02:00;307,000;1,000;MESURE
2024-08-07 00:00:00+02:00;289,000;1,000;MESURE
2024-08-07 01:00:00+02:00;432,000;1,000;MESURE
2024-08-07 02:00:00+02:00;289,000;1,000;MESURE
2024-08-07 03:00:00+02:00;288,000;1,000;MESURE
2024-08-07 04:00:00+02:00;591,000;1,000;MESURE
2024-08-07 05:00:00+02:00;1967,000;1,000;MESURE
2024-08-07 06:00:00+02:00;338,000;1,000;MESURE
2024-08-07 07:00:00+02:00;199,000;1,000;MESURE
2024-08-07 08:00:00+02:00;312,000;1,000;MESURE
2024-08-07 09:00:00+02:00;256,000;1,000;MESURE
2024-08-07 10:00:00+02:00;429,000;1,000;MESURE
2024-08-07 11:00:00+02:00;241,000;1,000;MESURE
2024-08-07 12:00:00+02:00;296,000;1,000;MESURE
2024-08-07 13:00:00+02:00;356,000;1,000;MESURE
2024-08-07 14:00:00+02:00;365,000;1,000;MESURE
2024-08-07 15:00:00+02:00;483,000;1,000;MESURE
2024-08-07 16:00:00+02:00;305,000;1,000;MESURE
2024-08-07 17:00:00+02:00;478,000;1,000;MESURE
2024-08-07 18:00:00+02:00;299,000;1,000;MESURE
2024-08-07 19:00:00+02:00;313,000;1,000;MESURE
2024-08-07 20:00:00+02:00;460,000;1,000;MESURE
2024-08-07 21:00:00+02:00;374,000;1,000;MESURE
2024-08-07 22:00:00+02:00;423,000;1,000;MESURE
2024-08-07 23:00:00+02:00;287,000;1,000;MESURE
2024-08-08 00:00:00+02:00;268,000;1,000;MESURE
2024-08-08 01:00:00+02:00;363,000;1,000;MESURE
2024-08-08 02:00:00+02:00;322,000;1,000;MESURE
2024-08-08 03:00:00+02:00;363,000;1,000;MESURE
2024-08-08 04:00:00+02:00;177,000;1,000;MESURE
2024-08-08 05:00:00+02:00;353,000;1,000;MESURE
2024-08-08 06:00:00+02:00;296,000;1,000;MESURE
2024-08-08 07:00:00+02:00;329,000;1,000;MESURE
2024-08-08 08:00:00+02:00;232,000;1,000;MESURE
2024-08-08 09:00:00+02:00;216,000;1,000;MESURE
2024-08-08 10:00:00+02:00;423,000;1,000;MESURE
2024-08-08 11:00:00+02:00;251,000;1,000;MESURE
2024-08-08 12:00:00+02:00;363,000;1,000;MESURE
2024-08-08 13:00:00+02:00;175,000;1,000;MESURE
2024-08-08 14:00:00+02:00;474,000;1,000;MESURE
2024-08-08 15:00:00+02:00;329,000;1,000;MESURE
2024-08-08 16:00:00+02:00;434,000;1,000;MESURE
2024-08-08 17:00:00+02:00;333,000;1,000;MESURE
2024-08-08 18:00:00+02:00;290,000;1,000;MESURE
2024-08-08 19:00:00+02:00;399,000;1,000;MESURE
2024-08-08 20:00:00+02:00;350,000;1,000;MESURE
2024-08-08 21:00:00+02:00;409,000;1,000;MESURE
2024-08-08 22:00:00+02:00;258,000;1,000;MESURE
2024-08-08 23:00:00+02:00;1663,000;1,000;MESURE
2024-08-09 00:00:00+02:00;956,000;1,000;MESURE
2024-08-09 01:00:00+02:00;301,000;1,000;MESURE
2024-08-09 02:00:00+02:00;308,000;1,000;MESURE
2024-08-09 03:00:00+02:00;157,000;1,000;MESURE
2024-08-09 04:00:00+02:00;345,000;1,000;MESURE
2024-08-09 05:00:00+02:00;284,000;1,000;MESURE
2024-08-09 06:00:00+02:00;195,000;1,000;MESURE
2024-08-09 07:00:00+02:00;247,000;1,000;MESURE
2024-08-09 08:00:00+02:00;175,000;1,000;MESURE
2024-08-09 09:00:00+02:00;415,000;1,000;MESURE
2024-08-09 10:00:00+02:00;192,000;1,000;MESURE
2024-08-09 11:00:00+02:00;284,000;1,000;MESURE
2024-08-09 12:00:00+02:00;279,000;1,000;MESURE
2024-08-09 13:00:00+02:00;378,000;1,000;MESURE
2024-08-09 14:00:00+02:00;410,000;1,000;MESURE
2024-08-09 15:00:00+02:00;256,000;1,000;MESURE
2024-08-09 16:00:00+02:00;305,000;1,000;MESURE
2024-08-09 17:00:00+02:00;404,000;1,000;MESURE
2024-08-09 18:00:00+02:00;398,000;1,000;MESURE
2024-08-09 19:00:00+02:00;425,000;1,000;MESURE
2024-08-09 20:00:00+02:00;228,000;1,000;MESURE
2024-08-09 21:00:00+02:00;371,000;1,000;MESURE
2024-08-09 22:00:00+02:00;286,000;1,000;MESURE
2024-08-09 23:00:00+02:00;423,000;1,000;MESURE
2024-08-10 00:00:00+02:00;259,000;1,000;MESURE
2024-08-10 01:00:00+02:00;269,000;1,000;MESURE
2024-08-10 02:00:00+02:00;287,000;1,000;MESURE
2024-08-10 03:00:00+02:00;317,000;1,000;MESURE
2024-08-10 04:00:00+02:00;290,000;1,000;MESURE
2024-08-10 05:00:00+02:00;167,000;1,000;MESURE
2024-08-10 06:00:00+02:00;366,000;1,000;MESURE
2024-08-10 07:00:00+02:00;238,000;1,000;MESURE
2024-08-10 08:00:00+02:00;261,000;1,000;MESURE
2024-08-10 09:00:00+02:00;226,000;1,000;MESURE
2024-08-10 10:00:00+02:00;301,000;1,000;MESURE
2024-08-10 11:00:00+02:00;391,000;1,000;MESURE
2024-08-10 12:00:00+02:00;222,000;1,000;MESURE
2024-08-10 13:00:00+02:00;310,000;1,000;MESURE
2024-08-10 14:00:00+02:00;527,000;1,000;MESURE
2024-08-10 15:00:00+02:00;2209,000;1,000;MESURE
2024-08-10 16:00:00+02:00;483,000;1,000;MESURE
2024-08-10 17:00:00+02:00;292,000;1,000;MESURE
2024-08-10 18:00:00+02:00;374,000;1,000;MESURE
2024-08-10 19:00:00+02:00;346,000;1,000;MESURE
2024-08-10 20:00:00+02:00;380,000;1,000;MESURE
2024-08-10 21:00:00+02:00;452,000;1,000;MESURE
2024-08-10 22:00:00+02:00;289,000;1,000;MESURE
2024-08-10 23:00:00+02:00;312,000;1,000;MESURE
2024-08-11 00:00:00+02:00;287,000;1,000;MESURE
2024-08-11 01:00:00+02:00;381,000;1,000;MESURE
2024-08-11 02:00:00+02:00;325,000;1,000;MESURE
2024-08-11 03:00:00+02:00;209,000;1,000;MESURE
2024-08-11 04:00:00+02:00;313,000;1,000;MESURE
2024-08-11 05:00:00+02:00;297,000;1,000;MESURE
2024-08-11 06:00:00+02:00;320,000;1,000;MESURE
2024-08-11 07:00:00+02:00;228,000;1,000;MESURE
2024-08-11 08:00:00+02:00;235,000;1,000;MESURE
2024-08-11 09:00:00+02:00;404,000;1,000;MESURE
2024-08-11 10:00:00+02:00;231,000;1,000;MESURE
2024-08-11 11:00:00+02:00;356,000;1,000;MESURE
2024-08-11 12:00:00+02:00;214,000;1,000;MESURE
2024-08-11 13:00:00+02:00;500,000;1,000;MESURE
2024-08-11 14:00:00+02:00;379,000;1,000;MESURE
2024-08-11 15:00:00+02:00;392,000;1,000;MESURE
2024-08-11 16:00:00+02:00;468,000;1,000;MESURE
2024-08-11 17:00:00+02:00;475,000;1,000;MESURE
2024-08-11 18:00:00+02:00;490,000;1,000;MESURE
2024-08-11 19:00:00+02:00;459,000;1,000;MESURE
2024-08-11 20:00:00+02:00;460,000;1,000;MESURE
2024-08-11 21:00:00+02:00;343,000;1,000;MESURE
2024-08-11 22:00:00+02:00;430,000;1,000;MESURE
2024-08-11 23:00:00+02:00;209,000;1,000;MESURE
2024-08-12 00:00:00+02:00;432,000;1,000;MESURE
2024-08-12 01:00:00+02:00;355,000;1,000;MESURE
2024-08-12 02:00:00+02:00;424,000;1,000;MESURE
2024-08-12 03:00:00+02:00;294,000;1,000;MESURE
2024-08-12 04:00:00+02:00;255,000;1,000;MESURE
2024-08-12 05:00:00+02:00;363,000;1,000;MESURE
2024-08-12 06:00:00+02:00;320,000;1,000;MESURE
2024-08-12 07:00:00+02:00;364,000;1,000;MESURE
2024-08-12 08:00:00+02:00;243,000;1,000;MESURE
2024-08-12 09:00:00+02:00;316,000;1,000;MESURE
2024-08-12 10:00:00+02:00;423,000;1,000;MESURE
2024-08-12 11:00:00+02:00;344,000;1,000;MESURE
2024-08-12 12:00:00+02:00;450,000;1,000;MESURE
2024-08-12 13:00:00+02:00;2123,000;1,000;MESURE
2024-08-12 14:00:00+02:00;479,000;1,000;MESURE
2024-08-12 15:00:00+02:00;527,000;1,000;MESURE
2024-08-12 16:00:00+02:00;449,000;1,000;MESURE
2024-08-12 17:00:00+02:00;427,000;1,000;MESURE
2024-08-12 18:00:00+02:00;458,000;1,000;MESURE
2024-08-12 19:00:00+02:00;477,000;1,000;MESURE
2024-08-12 20:00:00+02:00;387,000;1,000;MESURE
2024-08-12 21:00:00+02:00;421,000;1,000;MESURE
2024-08-12 22:00:00+02:00;492,000;1,000;MESURE
2024-08-12 23:00:00+02:00;236,000;1,000;MESURE
2024-08-13 00:00:00+02:00;402,000;1,000;MESURE
2024-08-13 01:00:00+02:00;237,000;1,000;MESURE
2024-08-13 02:00:00+02:00;465,000;1,000;MESURE
2024-08-13 03:00:00+02:00;343,000;1,000;MESURE
2024-08-13 04:00:00+02:00;310,000;1,000;MESURE
2024-08-13 05:00:00+02:00;246,000;1,000;MESURE
2024-08-13 06:00:00+02:00;314,000;1,000;MESURE
2024-08-13 07:00:00+02:00;404,000;1,000;MESURE
2024-08-13 08:00:00+02:00;217,000;1,000;MESURE
2024-08-13 09:00:00+02:00;332,000;1,000;MESURE
2024-08-13 10:00:00+02:00;302,000;1,000;MESURE
2024-08-13 11:00:00+02:00;393,000;1,000;MESURE
2024-08-13 12:00:00+02:00;453,000;1,000;MESURE
2024-08-13 13:00:00+02:00;275,000;1,000;MESURE
2024-08-13 14:00:00+02:00;358,000;1,000;MESURE
2024-08-13 15:00:00+02:00;436,000;1,000;MESURE
2024-08-13 16:00:00+02:00;392,000;1,000;MESURE
2024-08-13 17:00:00+02:00;496,000;1,000;MESURE
2024-08-13 18:00:00+02:00;462,000;1,000;MESURE
2024-08-13 19:00:00+02:00;455,000;1,000;MESURE
2024-08-13 20:00:00+02:00;373,000;1,000;MESURE
2024-08-13 21:00:00+02:00;476,000;1,000;MESURE
2024-08-13 22:00:00+02:00;375,000;1,000;MESURE
2024-08-13 23:00:00+02:00;295,000;1,000;MESURE
2024-08-14 00:00:00+02:00;299,000;1,000;MESURE
2024-08-14 01:00:00+02:00;291,000;1,000;MESURE
2024-08-14 02:00:00+02:00;447,000;1,000;MESURE
2024-08-14 03:00:00+02:00;205,000;1,000;MESURE
2024-08-14 04:00:00+02:00;340,000;1,000;MESURE
2024-08-14 05:00:00+02:00;215,000;1,000;MESURE
2024-08-14 06:00:00+02:00;406,000;1,000;MESURE
2024-08-14 07:00:00+02:00;226,000;1,000;MESURE
2024-08-14 08:00:00+02:00;243,000;1,000;MESURE
2024-08-14 09:00:00+02:00;304,000;1,000;MESURE
2024-08-14 10:00:00+02:00;318,000;1,000;MESURE
2024-08-14 11:00:00+02:00;1514,000;1,000;MESURE
2024-08-14 12:00:00+02:00;1072,000;1,000;MESURE
2024-08-14 13:00:00+02:00;363,000;1,000;MESURE
2024-08-14 14:00:00+02:00;380,000;1,000;MESURE
2024-08-14 15:00:00+02:00;371,000;1,000;MESURE
2024-08-14 16:00:00+02:00;357,000;1,000;MESURE
2024-08-14 17:00:00+02:00;214,000;1,000;MESURE
2024-08-14 18:00:00+02:00;454,000;1,000;MESURE
2024-08-14 19:00:00+02:00;360,000;1,000;MESURE
2024-08-14 20:00:00+02:00;366,000;1,000;MESURE
2024-08-14 21:00:00+02:00;314,000;1,000;MESURE
2024-08-14 22:00:00+02:00;212,000;1,000;MESURE
2024-08-14 23:00:00+02:00;451,000;1,000;MESURE
2024-08-15 00:00:00+02:00;243,000;1,000;MESURE
2024-08-15 01:00:00+02:00;340,000;1,000;MESURE
2024-08-15 02:00:00+02:00;174,000;1,000;MESURE
2024-08-15 03:00:00+02:00;413,000;1,000;MESURE
2024-08-15 04:00:00+02:00;251,000;1,000;MESURE
2024-08-15 05:00:00+02:00;237,000;1,000;MESURE
2024-08-15 06:00:00+02:00;254,000;1,000;MESURE
2024-08-15 07:00:00+02:00;318,000;1,000;MESURE
2024-08-15 08:00:00+02:00;290,000;1,000;MESURE
2024-08-15 09:00:00+02:00;230,000;1,000;MESURE
2024-08-15 10:00:00+02:00;216,000;1,000;MESURE
2024-08-15 11:00:00+02:00;394,000;1,000;MESURE
2024-08-15 12:00:00+02:00;207,000;1,000;MESURE
2024-08-15 13:00:00+02:00;337,000;1,000;MESURE
2024-08-15 14:00:00+02:00;226,000;1,000;MESURE
2024-08-15 15:00:00+02:00;414,000;1,000;MESURE
2024-08-15 16:00:00+02:00;340,000;1,000;MESURE
2024-08-15 17:00:00+02:00;297,000;1,000;MESURE
2024-08-15 18:00:00+02:00;317,000;1,000;MESURE
2024-08-15 19:00:00+02:00;337,000;1,000;MESURE
2024-08-15 20:00:00+02:00;493,000;1,000;MESURE
2024-08-15 21:00:00+02:00;187,000;1,000;MESURE
2024-08-15 22:00:00+02:00;357,000;1,000;MESURE
2024-08-15 23:00:00+02:00;263,000;1,000;MESURE
2024-08-16 00:00:00+02:00;435,000;1,000;MESURE
2024-08-16 01:00:00+02:00;204,000;1,000;MESURE
2024-08-16 02:00:00+02:00;274,000;1,000;MESURE
2024-08-16 03:00:00+02:00;1008,000;1,000;MESURE
2024-08-16 04:00:00+02:00;1570,000;1,000;MESURE
2024-08-16 05:00:00+02:00;319,000;1,000;MESURE
2024-08-16 06:00:00+02:00;164,000;1,000;MESURE
2024-08-16 07:00:00+02:00;346,000;1,000;MESURE
2024-08-16 08:00:00+02:00;277,000;1,000;MESURE
2024-08-16 09:00:00+02:00;249,000;1,000;MESURE
2024-08-16 10:00:00+02:00;261,000;1,000;MESURE
2024-08-16 11:00:00+02:00;311,000;1,000;MESURE
2024-08-16 12:00:00+02:00;412,000;1,000;MESURE
2024-08-16 13:00:00+02:00;231,000;1,000;MESURE
2024-08-16 14:00:00+02:00;322,000;1,000;MESURE
2024-08-16 15:00:00+02:00;381,000;1,000;MESURE
2024-08-16 16:00:00+02:00;356,000;1,000;MESURE
2024-08-16 17:00:00+02:00;487,000;1,000;MESURE
2024-08-16 18:00:00+02:00;225,000;1,000;MESURE
2024-08-16 19:00:00+02:00;460,000;1,000;MESURE
2024-08-16 20:00:00+02:00;313,000;1,000;MESURE
2024-08-16 21:00:00+02:00;443,000;1,000;MESURE
2024-08-16 22:00:00+02:00;304,000;1,000;MESURE
2024-08-16 23:00:00+02:00;275,000;1,000;MESURE
2024-08-17 00:00:00+02:00;324,000;1,000;MESURE
2024-08-17 01:00:00+02:00;328,000;1,000;MESURE
2024-08-17 02:00:00+02:00;358,000;1,000;MESURE
2024-08-17 03:00:00+02:00;210,000;1,000;MESURE
2024-08-17 04:00:00+02:00;318,000;1,000;MESURE
2024-08-17 05:00:00+02:00;339,000;1,000;MESURE
2024-08-17 06:00:00+02:00;265,000;1,000;MESURE
2024-08-17 07:00:00+02:00;338,000;1,000;MESURE
2024-08-17 08:00:00+02:00;316,000;1,000;MESURE
2024-08-17 09:00:00+02:00;457,000;1,000;MESURE
2024-08-17 10:00:00+02:00;190,000;1,000;MESURE
2024-08-17 11:00:00+02:00;329,000;1,000;MESURE
2024-08-17 12:00:00+02:00;542,000;1,000;MESURE
2024-08-17 13:00:00+02:00;2465,000;1,000;MESURE
2024-08-17 14:00:00+02:00;478,000;1,000;MESURE
2024-08-17 15:00:00+02:00;214,000;1,000;MESURE
2024-08-17 16:00:00+02:00;903,000;1,000;MESURE
2024-08-17 17:00:00+02:00;337,000;1,000;MESURE
2024-08-17 18:00:00+02:00;426,000;1,000;MESURE
2024-08-17 19:00:00+02:00;316,000;1,000;MESURE
2024-08-17 20:00:00+02:00;262,000;1,000;MESURE
2024-08-17 21:00:00+02:00;371,000;1,000;MESURE
2024-08-17 22:00:00+02:00;309,000;1,000;MESURE
2024-08-17 23:00:00+02:00;337,000;1,000;MESURE
2024-08-18 00:00:00+02:00;191,000;1,000;MESURE
2024-08-18 01:00:00+02:00;363,000;1,000;MESURE
2024-08-18 02:00:00+02:00;297,000;1,000;MESURE
2024-08-18 03:00:00+02:00;250,000;1,000;MESURE
2024-08-18 04:00:00+02:00;244,000;1,000;MESURE
2024-08-18 05:00:00+02:00;295,000;1,000;MESURE
2024-08-18 06:00:00+02:00;348,000;1,000;MESURE
2024-08-18 07:00:00+02:00;204,000;1,000;MESURE
2024-08-18 08:00:00+02:00;209,000;1,000;MESURE
2024-08-18 09:00:00+02:00;372,000;1,000;MESURE
2024-08-18 10:00:00+02:00;220,000;1,000;MESURE
2024-08-18 11:00:00+02:00;314,000;1,000;MESURE
2024-08-18 12:00:00+02:00;164,000;1,000;MESURE
2024-08-18 13:00:00+02:00;386,000;1,000;MESURE
2024-08-18 14:00:00+02:00;249,000;1,000;MESURE
2024-08-18 15:00:00+02:00;196,000;1,000;MESURE
2024-08-18 16:00:00+02:00;274,000;1,000;MESURE
2024-08-18 17:00:00+02:00;259,000;1,000;MESURE
2024-08-18 18:00:00+02:00;326,000;1,000;MESURE
2024-08-18 19:00:00+02:00;171,000;1,000;MESURE
2024-08-18 20:00:00+02:00;206,000;1,000;MESURE
2024-08-18 21:00:00+02:00;346,000;1,000;MESURE
2024-08-18 22:00:00+02:00;216,000;1,000;MESURE
2024-08-18 23:00:00+02:00;1986,000;1,000;MESURE
2024-08-19 00:00:00+02:00;204,000;1,000;MESURE
2024-08-19 01:00:00+02:00;253,000;1,000;MESURE
2024-08-19 02:00:00+02:00;309,000;1,000;MESURE
2024-08-19 03:00:00+02:00;164,000;1,000;MESURE
2024-08-19 04:00:00+02:00;138,000;1,000;MESURE
2024-08-19 05:00:00+02:00;380,000;1,000;MESURE
2024-08-19 06:00:00+02:00;172,000;1,000;MESURE
2024-08-19 07:00:00+02:00;208,000;1,000;MESURE
2024-08-19 08:00:00+02:00;231,000;1,000;MESURE
2024-08-19 09:00:00+02:00;204,000;1,000;MESURE
2024-08-19 10:00:00+02:00;306,000;1,000;MESURE
2024-08-19 11:00:00+02:00;205,000;1,000;MESURE
2024-08-19 12:00:00+02:00;170,000;1,000;MESURE
2024-08-19 13:00:00+02:00;317,000;1,000;MESURE
2024-08-19 14:00:00+02:00;295,000;1,000;MESURE
2024-08-19 15:00:00+02:00;229,000;1,000;MESURE
2024-08-19 16:00:00+02:00;260,000;1,000;MESURE
2024-08-19 17:00:00+02:00;226,000;1,000;MESURE
2024-08-19 18:00:00+02:00;418,000;1,000;MESURE
2024-08-19 19:00:00+02:00;167,000;1,000;MESURE
2024-08-19 20:00:00+02:00;338,000;1,000;MESURE
2024-08-19 21:00:00+02:00;200,000;1,000;MESURE
2024-08-19 22:00:00+02:00;372,000;1,000;MESURE
2024-08-19 23:00:00+02:00;237,000;1,000;MESURE
2024-08-20 00:00:00+02:00;177,000;1,000;MESURE
2024-08-20 01:00:00+02:00;297,000;1,000;MESURE
2024-08-20 02:00:00+02:00;257,000;1,000;MESURE
2024-08-20 03:00:00+02:00;276,000;1,000;MESURE
2024-08-20 04:00:00+02:00;173,000;1,000;MESURE
2024-08-20 05:00:00+02:00;169,000;1,000;MESURE
2024-08-20 06:00:00+02:00;380,000;1,000;MESURE
2024-08-20 07:00:00+02:00;1094,000;1,000;MESURE
2024-08-20 08:00:00+02:00;1154,000;1,000;MESURE
2024-08-20 09:00:00+02:00;292,000;1,000;MESURE
2024-08-20 10:00:00+02:00;260,000;1,000;MESURE
2024-08-20 11:00:00+02:00;261,000;1,000;MESURE
2024-08-20 12:00:00+02:00;269,000;1,000;MESURE
2024-08-20 13:00:00+02:00;163,000;1,000;MESURE
2024-08-20 14:00:00+02:00;454,000;1,000;MESURE
2024-08-20 15:00:00+02:00;271,000;1,000;MESURE
2024-08-20 16:00:00+02:00;330,000;1,000;MESURE
2024-08-20 17:00:00+02:00;211,000;1,000;MESURE
2024-08-20 18:00:00+02:00;396,000;1,000;MESURE
2024-08-20 19:00:00+02:00;364,000;1,000;MESURE
2024-08-20 20:00:00+02:00;268,000;1,000;MESURE
2024-08-20 21:00:00+02:00;301,000;1,000;MESURE
2024-08-20 22:00:00+02:00;222,000;1,000;MESURE
2024-08-20 23:00:00+02:00;441,000;1,000;MESURE
2024-08-21 00:00:00+02:00;174,000;1,000;MESURE
2024-08-21 01:00:00+02:00;292,000;1,000;MESURE
2024-08-21 02:00:00+02:00;222,000;1,000;MESURE
2024-08-21 03:00:00+02:00;309,000;1,000;MESURE
2024-08-21 04:00:00+02:00;262,000;1,000;MESURE
2024-08-21 05:00:00+02:00;196,000;1,000;MESURE
2024-08-21 06:00:00+02:00;259,000;1,000;MESURE
2024-08-21 07:00:00+02:00;339,000;1,000;MESURE
2024-08-21 08:00:00+02:00;138,000;1,000;MESURE
2024-08-21 09:00:00+02:00;307,000;1,000;MESURE
2024-08-21 10:00:00+02:00;226,000;1,000;MESURE
2024-08-21 11:00:00+02:00;335,000;1,000;MESURE
2024-08-21 12:00:00+02:00;253,000;1,000;MESURE
2024-08-21 13:00:00+02:00;198,000;1,000;MESURE
2024-08-21 14:00:00+02:00;381,000;1,000;MESURE
2024-08-21 15:00:00+02:00;266,000;1,000;MESURE
2024-08-21 16:00:00+02:00;363,000;1,000;MESURE
2024-08-21 17:00:00+02:00;165,000;1,000;MESURE
2024-08-21 18:00:00+02:00;380,000;1,000;MESURE
2024-08-21 19:00:00+02:00;326,000;1,000;MESURE
2024-08-21 20:00:00+02:00;1866,000;1,000;MESURE
2024-08-21 21:00:00+02:00;584,000;1,000;MESURE
2024-08-21 22:00:00+02:00;229,000;1,000;MESURE
2024-08-21 23:00:00+02:00;375,000;1,000;MESURE
2024-08-22 00:00:00+02:00;183,000;1,000;MESURE
2024-08-22 01:00:00+02:00;169,000;1,000;MESURE
2024-08-22 02:00:00+02:00;315,000;1,000;MESURE
2024-08-22 03:00:00+02:00;250,000;1,000;MESURE
2024-08-22 04:00:00+02:00;137,000;1,000;MESURE
2024-08-22 05:00:00+02:00;289,000;1,000;MESURE
2024-08-22 06:00:00+02:00;190,000;1,000;MESURE
2024-08-22 07:00:00+02:00;276,000;1,000;MESURE
2024-08-22 08:00:00+02:00;248,000;1,000;MESURE
2024-08-22 09:00:00+02:00;167,000;1,000;MESURE
2024-08-22 10:00:00+02:00;152,000;1,000;MESURE
2024-08-22 11:00:00+02:00;377,000;1,000;MESURE
2024-08-22 12:00:00+02:00;216,000;1,000;MESURE
2024-08-22 13:00:00+02:00;217,000;1,000;MESURE
2024-08-22 14:00:00+02:00;276,000;1,000;MESURE
2024-08-22 15:00:00+02:00;273,000;1,000;MESURE
2024-08-22 16:00:00+02:00;444,000;1,000;MESURE
2024-08-22 17:00:00+02:00;165,000;1,000;MESURE
2024-08-22 18:00:00+02:00;350,000;1,000;MESURE
2024-08-22 19:00:00+02:00;270,000;1,000;MESURE
2024-08-22 20:00:00+02:00;413,000;1,000;MESURE
2024-08-22 21:00:00+02:00;233,000;1,000;MESURE
2024-08-22 22:00:00+02:00;196,000;1,000;MESURE
2024-08-22 23:00:00+02:00;333,000;1,000;MESURE
2024-08-23 00:00:00+02:00;244,000;1,000;MESURE
2024-08-23 01:00:00+02:00;270,000;1,000;MESURE
2024-08-23 02:00:00+02:00;167,000;1,000;MESURE
2024-08-23 03:00:00+02:00;229,000;1,000;MESURE
2024-08-23 04:00:00+02:00;331,000;1,000;MESURE
2024-08-23 05:00:00+02:00;170,000;1,000;MESURE
2024-08-23 06:00:00+02:00;1890,000;1,000;MESURE
2024-08-23 07:00:00+02:00;472,000;1,000;MESURE
2024-08-23 08:00:00+02:00;236,000;1,000;MESURE
2024-08-23 09:00:00+02:00;138,000;1,000;MESURE
2024-08-23 10:00:00+02:00;296,000;1,000;MESURE
2024-08-23 11:00:00+02:00;167,000;1,000;MESURE
2024-08-23 12:00:00+02:00;362,000;1,000;MESURE
2024-08-23 13:00:00+02:00;269,000;1,000;MESURE
2024-08-23 14:00:00+02:00;238,000;1,000;MESURE
2024-08-23 15:00:00+02:00;316,000;1,000;MESURE
2024-08-23 16:00:00+02:00;339,000;1,000;MESURE
2024-08-23 17:00:00+02:00;439,000;1,000;MESURE
2024-08-23 18:00:00+02:00;297,000;1,000;MESURE
2024-08-23 19:00:00+02:00;380,000;1,000;MESURE
2024-08-23 20:00:00+02:00;359,000;1,000;MESURE
2024-08-23 21:00:00+02:00;330,000;1,000;MESURE
2024-08-23 22:00:00+02:00;332,000;1,000;MESURE
2024-08-23 23:00:00+02:00;196,000;1,000;MESURE
2024-08-24 00:00:00+02:00;368,000;1,000;MESURE
2024-08-24 01:00:00+02:00;250,000;1,000;MESURE
2024-08-24 02:00:00+02:00;343,000;1,000;MESURE
2024-08-24 03:00:00+02:00;191,000;1,000;MESURE
2024-08-24 04:00:00+02:00;259,000;1,000;MESURE
2024-08-24 05:00:00+02:00;364,000;1,000;MESURE
2024-08-24 06:00:00+02:00;142,000;1,000;MESURE
2024-08-24 07:00:00+02:00;336,000;1,000;MESURE
2024-08-24 08:00:00+02:00;174,000;1,000;MESURE
2024-08-24 09:00:00+02:00;544,000;1,000;MESURE
2024-08-24 10:00:00+02:00;236,000;1,000;MESURE
2024-08-24 11:00:00+02:00;259,000;1,000;MESURE
2024-08-24 12:00:00+02:00;1590,000;1,000;MESURE
2024-08-24 13:00:00+02:00;2311,000;1,000;MESURE
2024-08-24 14:00:00+02:00;584,000;1,000;MESURE
2024-08-24 15:00:00+02:00;386,000;1,000;MESURE
2024-08-24 16:00:00+02:00;1598,000;1,000;MESURE
2024-08-24 17:00:00+02:00;1458,000;1,000;MESURE
2024-08-24 18:00:00+02:00;344,000;1,000;MESURE
2024-08-24 19:00:00+02:00;456,000;1,000;MESURE
2024-08-24 20:00:00+02:00;382,000;1,000;MESURE
2024-08-24 21:00:00+02:00;314,000;1,000;MESURE
2024-08-24 22:00:00+02:00;322,000;1,000;MESURE
2024-08-24 23:00:00+02:00;335,000;1,000;MESURE
2024-08-25 00:00:00+02:00;452,000;1,000;MESURE
2024-08-25 01:00:00+02:00;203,000;1,000;MESURE
2024-08-25 02:00:00+02:00;368,000;1,000;MESURE
2024-08-25 03:00:00+02:00;234,000;1,000;MESURE
2024-08-25 04:00:00+02:00;375,000;1,000;MESURE
2024-08-25 05:00:00+02:00;199,000;1,000;MESURE
2024-08-25 06:00:00+02:00;206,000;1,000;MESURE
2024-08-25 07:00:00+02:00;369,000;1,000;MESURE
2024-08-25 08:00:00+02:00;215,000;1,000;MESURE
2024-08-25 09:00:00+02:00;222,000;1,000;MESURE
2024-08-25 10:00:00+02:00;246,000;1,000;MESURE
2024-08-25 11:00:00+02:00;282,000;1,000;MESURE
2024-08-25 12:00:00+02:00;295,000;1,000;MESURE
2024-08-25 13:00:00+02:00;200,000;1,000;MESURE
2024-08-25 14:00:00+02:00;261,000;1,000;MESURE
2024-08-25 15:00:00+02:00;389,000;1,000;MESURE
2024-08-25 16:00:00+02:00;179,000;1,000;MESURE
2024-08-25 17:00:00+02:00;324,000;1,000;MESURE
2024-08-25 18:00:00+02:00;233,000;1,000;MESURE
2024-08-25 19:00:00+02:00;426,000;1,000;MESURE
2024-08-25 20:00:00+02:00;158,000;1,000;MESURE
2024-08-25 21:00:00+02:00;267,000;1,000;MESURE
2024-08-25 22:00:00+02:00;322,000;1,000;MESURE
2024-08-25 23:00:00+02:00;207,000;1,000;MESURE
2024-08-26 00:00:00+02:00;301,000;1,000;MESURE
2024-08-26 01:00:00+02:00;133,000;1,000;MESURE
2024-08-26 02:00:00+02:00;309,000;1,000;MESURE
2024-08-26 03:00:00+02:00;247,000;1,000;MESURE
2024-08-26 04:00:00+02:00;161,000;1,000;MESURE
2024-08-26 05:00:00+02:00;175,000;1,000;MESURE
2024-08-26 06:00:00+02:00;361,000;1,000;MESURE
2024-08-26 07:00:00+02:00;1615,000;1,000;MESURE
2024-08-26 08:00:00+02:00;331,000;1,000;MESURE
2024-08-26 09:00:00+02:00;282,000;1,000;MESURE
2024-08-26 10:00:00+02:00;206,000;1,000;MESURE
2024-08-26 11:00:00+02:00;259,000;1,000;MESURE
2024-08-26 12:00:00+02:00;228,000;1,000;MESURE
2024-08-26 13:00:00+02:00;190,000;1,000;MESURE
2024-08-26 14:00:00+02:00;318,000;1,000;MESURE
2024-08-26 15:00:00+02:00;309,000;1,000;MESURE
2024-08-26 16:00:00+02:00;230,000;1,000;MESURE
2024-08-26 17:00:00+02:00;247,000;1,000;MESURE
2024-08-26 18:00:00+02:00;272,000;1,000;MESURE
2024-08-26 19:00:00+02:00;393,000;1,000;MESURE
2024-08-26 20:00:00+02:00;165,000;1,000;MESURE
2024-08-26 21:00:00+02:00;259,000;1,000;MESURE
2024-08-26 22:00:00+02:00;313,000;1,000;MESURE
2024-08-26 23:00:00+02:00;211,000;1,000;MESURE
2024-08-27 00:00:00+02:00;294,000;1,000;MESURE
2024-08-27 01:00:00+02:00;124,000;1,000;MESURE
2024-08-27 02:00:00+02:00;351,000;1,000;MESURE
2024-08-27 03:00:00+02:00;214,000;1,000;MESURE
2024-08-27 04:00:00+02:00;137,000;1,000;MESURE
2024-08-27 05:00:00+02:00;238,000;1,000;MESURE
2024-08-27 06:00:00+02:00;271,000;1,000;MESURE
2024-08-27 07:00:00+02:00;227,000;1,000;MESURE
2024-08-27 08:00:00+02:00;173,000;1,000;MESURE
2024-08-27 09:00:00+02:00;246,000;1,000;MESURE
2024-08-27 10:00:00+02:00;179,000;1,000;MESURE
2024-08-27 11:00:00+02:00;324,000;1,000;MESURE
2024-08-27 12:00:00+02:00;200,000;1,000;MESURE
2024-08-27 13:00:00+02:00;165,000;1,000;MESURE
2024-08-27 14:00:00+02:00;362,000;1,000;MESURE
2024-08-27 15:00:00+02:00;265,000;1,000;MESURE
2024-08-27 16:00:00+02:00;2231,000;1,000;MESURE
2024-08-27 17:00:00+02:00;198,000;1,000;MESURE
2024-08-27 18:00:00+02:00;334,000;1,000;MESURE
2024-08-27 19:00:00+02:00;351,000;1,000;MESURE
2024-08-27 20:00:00+02:00;274,000;1,000;MESURE
2024-08-27 21:00:00+02:00;282,000;1,000;MESURE
2024-08-27 22:00:00+02:00;234,000;1,000;MESURE
2024-08-27 23:00:00+02:00;384,000;1,000;MESURE
2024-08-28 00:00:00+02:00;192,000;1,000;MESURE
2024-08-28 01:00:00+02:00;230,000;1,000;MESURE
2024-08-28 02:00:00+02:00;282,000;1,000;MESURE
2024-08-28 03:00:00+02:00;258,000;1,000;MESURE
2024-08-28 04:00:00+02:00;258,000;1,000;MESURE
2024-08-28 05:00:00+02:00;200,000;1,000;MESURE
2024-08-28 06:00:00+02:00;219,000;1,000;MESURE
2024-08-28 07:00:00+02:00;361,000;1,000;MESURE
2024-08-28 08:00:00+02:00;124,000;1,000;MESURE
2024-08-28 09:00:00+02:00;244,000;1,000;MESURE
2024-08-28 10:00:00+02:00;303,000;1,000;MESURE
2024-08-28 11:00:00+02:00;254,000;1,000;MESURE
2024-08-28 12:00:00+02:00;335,000;1,000;MESURE
2024-08-28 13:00:00+02:00;185,000;1,000;MESURE
2024-08-28 14:00:00+02:00;443,000;1,000;MESURE
2024-08-28 15:00:00+02:00;350,000;1,000;MESURE
2024-08-28 16:00:00+02:00;333,000;1,000;MESURE
2024-08-28 17:00:00+02:00;315,000;1,000;MESURE
2024-08-28 18:00:00+02:00;335,000;1,000;MESURE
2024-08-28 19:00:00+02:00;436,000;1,000;MESURE
2024-08-28 20:00:00+02:00;363,000;1,000;MESURE
2024-08-28 21:00:00+02:00;276,000;1,000;MESURE
2024-08-28 22:00:00+02:00;297,000;1,000;MESURE
2024-08-28 23:00:00+02:00;347,000;1,000;MESURE
2024-08-29 00:00:00+02:00;399,000;1,000;MESURE
2024-08-29 01:00:00+02:00;190,000;1,000;MESURE
2024-08-29 02:00:00+02:00;351,000;1,000;MESURE
2024-08-29 03:00:00+02:00;286,000;1,000;MESURE
2024-08-29 04:00:00+02:00;329,000;1,000;MESURE
2024-08-29 05:00:00+02:00;236,000;1,000;MESURE
2024-08-29 06:00:00+02:00;1884,000;1,000;MESURE
2024-08-29 07:00:00+02:00;755,000;1,000;MESURE
2024-08-29 08:00:00+02:00;190,000;1,000;MESURE
2024-08-29 09:00:00+02:00;355,000;1,000;MESURE
2024-08-29 10:00:00+02:00;198,000;1,000;MESURE
2024-08-29 11:00:00+02:00;464,000;1,000;MESURE
2024-08-29 12:00:00+02:00;221,000;1,000;MESURE
2024-08-29 13:00:00+02:00;328,000;1,000;MESURE
2024-08-29 14:00:00+02:00;405,000;1,000;MESURE
2024-08-29 15:00:00+02:00;360,000;1,000;MESURE
2024-08-29 16:00:00+02:00;466,000;1,000;MESURE
2024-08-29 17:00:00+02:00;398,000;1,000;MESURE
2024-08-29 18:00:00+02:00;351,000;1,000;MESURE
2024-08-29 19:00:00+02:00;347,000;1,000;MESURE
2024-08-29 20:00:00+02:00;339,000;1,000;MESURE
2024-08-29 21:00:00+02:00;424,000;1,000;MESURE
2024-08-29 22:00:00+02:00;374,000;1,000;MESURE
2024-08-29 23:00:00+02:00;242,000;1,000;MESURE
2024-08-30 00:00:00+02:00;323,000;1,000;MESURE
2024-08-30 01:00:00+02:00;306,000;1,000;MESURE
2024-08-30 02:00:00+02:00;415,000;1,000;MESURE
2024-08-30 03:00:00+02:00;160,000;1,000;MESURE
2024-08-30 04:00:00+02:00;339,000;1,000;MESURE
2024-08-30 05:00:00+02:00;297,000;1,000;MESURE
2024-08-30 06:00:00+02:00;295,000;1,000;MESURE
2024-08-30 07:00:00+02:00;224,000;1,000;MESURE
2024-08-30 08:00:00+02:00;228,000;1,000;MESURE
2024-08-30 09:00:00+02:00;434,000;1,000;MESURE
2024-08-30 10:00:00+02:00;141,000;1,000;MESURE
2024-08-30 11:00:00+02:00;333,000;1,000;MESURE
2024-08-30 12:00:00+02:00;299,000;1,000;MESURE
2024-08-30 13:00:00+02:00;417,000;1,000;MESURE
2024-08-30 14:00:00+02:00;316,000;1,000;MESURE
2024-08-30 15:00:00+02:00;262,000;1,000;MESURE
2024-08-30 16:00:00+02:00;429,000;1,000;MESURE
2024-08-30 17:00:00+02:00;468,000;1,000;MESURE
2024-08-30 18:00:00+02:00;349,000;1,000;MESURE
2024-08-30 19:00:00+02:00;478,000;1,000;MESURE
2024-08-30 20:00:00+02:00;249,000;1,000;MESURE
2024-08-30 21:00:00+02:00;358,000;1,000;MESURE
2024-08-30 22:00:00+02:00;397,000;1,000;MESURE
2024-08-30 23:00:00+02:00;320,000;1,000;MESURE
2024-08-31 00:00:00+02:00;318,000;1,000;MESURE
2024-08-31 01:00:00+02:00;548,000;1,000;MESURE
2024-08-31 02:00:00+02:00;2130,000;1,000;MESURE
2024-08-31 03:00:00+02:00;256,000;1,000;MESURE
2024-08-31 04:00:00+02:00;273,000;1,000;MESURE
2024-08-31 05:00:00+02:00;252,000;1,000;MESURE
2024-08-31 06:00:00+02:00;344,000;1,000;MESURE
2024-08-31 07:00:00+02:00;282,000;1,000;MESURE
2024-08-31 08:00:00+02:00;205,000;1,000;MESURE
2024-08-31 09:00:00+02:00;343,000;1,000;MESURE
2024-08-31 10:00:00+02:00;328,000;1,000;MESURE
2024-08-31 11:00:00+02:00;284,000;1,000;MESURE
2024-08-31 12:00:00+02:00;310,000;1,000;MESURE
2024-08-31 13:00:00+02:00;295,000;1,000;MESURE
2024-08-31 14:00:00+02:00;475,000;1,000;MESURE
2024-08-31 15:00:00+02:00;321,000;1,000;MESURE
2024-08-31 16:00:00+02:00;436,000;1,000;MESURE
2024-08-31 17:00:00+02:00;349,000;1,000;MESURE
2024-08-31 18:00:00+02:00;301,000;1,000;MESURE
2024-08-31 19:00:00+02:00;485,000;1,000;MESURE
2024-08-31 20:00:00+02:00;408,000;1,000;MESURE
2024-08-31 21:00:00+02:00;333,000;1,000;MESURE
2024-08-31 22:00:00+02:00;334,000;1,000;MESURE
2024-08-31 23:00:00+02:00;247,000;1,000;MESURE
2024-09-01 00:00:00+02:00;426,000;1,000;MESURE
2024-09-01 01:00:00+02:00;293,000;1,000;MESURE
2024-09-01 02:00:00+02:00;275,000;1,000;MESURE
2024-09-01 03:00:00+02:00;289,000;1,000;MESURE
2024-09-01 04:00:00+02:00;322,000;1,000;MESURE
2024-09-01 05:00:00+02:00;341,000;1,000;MESURE
2024-09-01 06:00:00+02:00;140,000;1,000;MESURE
2024-09-01 07:00:00+02:00;414,000;1,000;MESURE
2024-09-01 08:00:00+02:00;259,000;1,000;MESURE
2024-09-01 09:00:00+02:00;290,000;1,000;MESURE
2024-09-01 10:00:00+02:00;223,000;1,000;MESURE
2024-09-01 11:00:00+02:00;357,000;1,000;MESURE
2024-09-01 12:00:00+02:00;372,000;1,000;MESURE
2024-09-01 13:00:00+02:00;240,000;1,000;MESURE
2024-09-01 14:00:00+02:00;359,000;1,000;MESURE
2024-09-01 15:00:00+02:00;340,000;1,000;MESURE
2024-09-01 16:00:00+02:00;452,000;1,000;MESURE
2024-09-01 17:00:00+02:00;363,000;1,000;MESURE
2024-09-01 18:00:00+02:00;266,000;1,000;MESURE
2024-09-01 19:00:00+02:00;340,000;1,000;MESURE
2024-09-01 20:00:00+02:00;1026,000;1,000;MESURE
2024-09-01 21:00:00+02:00;1690,000;1,000;MESURE
2024-09-01 22:00:00+02:00;208,000;1,000;MESURE
2024-09-01 23:00:00+02:00;280,000;1,000;MESURE
2024-09-02 00:00:00+02:00;378,000;1,000;MESURE
2024-09-02 01:00:00+02:00;194,000;1,000;MESURE
2024-09-02 02:00:00+02:00;318,000;1,000;MESURE
2024-09-02 03:00:00+02:00;199,000;1,000;MESURE
2024-09-02 04:00:00+02:00;383,000;1,000;MESURE
2024-09-02 05:00:00+02:00;211,000;1,000;MESURE
2024-09-02 06:00:00+02:00;178,000;1,000;MESURE
2024-09-02 07:00:00+02:00;372,000;1,000;MESURE
2024-09-02 08:00:00+02:00;198,000;1,000;MESURE
2024-09-02 09:00:00+02:00;312,000;1,000;MESURE
2024-09-02 10:00:00+02:00;174,000;1,000;MESURE
2024-09-02 11:00:00+02:00;374,000;1,000;MESURE
2024-09-02 12:00:00+02:00;293,000;1,000;MESURE
2024-09-02 13:00:00+02:00;247,000;1,000;MESURE
2024-09-02 14:00:00+02:00;323,000;1,000;MESURE
2024-09-02 15:00:00+02:00;313,000;1,000;MESURE
2024-09-02 16:00:00+02:00;437,000;1,000;MESURE
2024-09-02 17:00:00+02:00;272,000;1,000;MESURE
2024-09-02 18:00:00+02:00;305,000;1,000;MESURE
2024-09-02 19:00:00+02:00;362,000;1,000;MESURE
2024-09-02 20:00:00+02:00;355,000;1,000;MESURE
2024-09-02 21:00:00+02:00;314,000;1,000;MESURE
2024-09-02 22:00:00+02:00;208,000;1,000;MESURE
2024-09-02 23:00:00+02:00;375,000;1,000;MESURE
2024-09-03 00:00:00+02:00;300,000;1,000;MESURE
2024-09-03 01:00:00+02:00;254,000;1,000;MESURE
2024-09-03 02:00:00+02:00;237,000;1,000;MESURE
2024-09-03 03:00:00+02:00;289,000;1,000;MESURE
2024-09-03 04:00:00+02:00;334,000;1,000;MESURE
2024-09-03 05:00:00+02:00;153,000;1,000;MESURE
2024-09-03 06:00:00+02:00;287,000;1,000;MESURE
2024-09-03 07:00:00+02:00;296,000;1,000;MESURE
2024-09-03 08:00:00+02:00;207,000;1,000;MESURE
2024-09-03 09:00:00+02:00;272,000;1,000;MESURE
2024-09-03 10:00:00+02:00;1079,000;1,000;MESURE
2024-09-03 11:00:00+02:00;1514,000;1,000;MESURE
2024-09-03 12:00:00+02:00;212,000;1,000;MESURE
2024-09-03 13:00:00+02:00;298,000;1,000;MESURE
2024-09-03 14:00:00+02:00;314,000;1,000;MESURE
2024-09-03 15:00:00+02:00;392,000;1,000;MESURE
2024-09-03 16:00:00+02:00;399,000;1,000;MESURE
2024-09-03 17:00:00+02:00;226,000;1,000;MESURE
2024-09-03 18:00:00+02:00;359,000;1,000;MESURE
2024-09-03 19:00:00+02:00;372,000;1,000;MESURE
2024-09-03 20:00:00+02:00;389,000;1,000;MESURE
2024-09-03 21:00:00+02:00;275,000;1,000;MESURE
2024-09-03 22:00:00+02:00;245,000;1,000;MESURE
2024-09-03 23:00:00+02:00;397,000;1,000;MESURE
2024-09-04 00:00:00+02:00;276,000;1,000;MESURE
2024-09-04 01:00:00+02:00;305,000;1,000;MESURE
2024-09-04 02:00:00+02:00;214,000;1,000;MESURE
2024-09-04 03:00:00+02:00;391,000;1,000;MESURE
2024-09-04 04:00:00+02:00;254,000;1,000;MESURE
2024-09-04 05:00:00+02:00;222,000;1,000;MESURE
2024-09-04 06:00:00+02:00;326,000;1,000;MESURE
2024-09-04 07:00:00+02:00;254,000;1,000;MESURE
2024-09-04 08:00:00+02:00;342,000;1,000;MESURE
2024-09-04 09:00:00+02:00;146,000;1,000;MESURE
2024-09-04 10:00:00+02:00;340,000;1,000;MESURE
2024-09-04 11:00:00+02:00;341,000;1,000;MESURE
2024-09-04 12:00:00+02:00;212,000;1,000;MESURE
2024-09-04 13:00:00+02:00;296,000;1,000;MESURE
2024-09-04 14:00:00+02:00;253,000;1,000;MESURE
2024-09-04 15:00:00+02:00;426,000;1,000;MESURE
2024-09-04 16:00:00+02:00;160,000;1,000;MESURE
2024-09-04 17:00:00+02:00;322,000;1,000;MESURE
2024-09-04 18:00:00+02:00;315,000;1,000;MESURE
2024-09-04 19:00:00+02:00;315,000;1,000;MESURE
2024-09-04 20:00:00+02:00;253,000;1,000;MESURE
2024-09-04 21:00:00+02:00;206,000;1,000;MESURE
2024-09-04 22:00:00+02:00;412,000;1,000;MESURE
2024-09-04 23:00:00+02:00;196,000;1,000;MESURE
2024-09-05 00:00:00+02:00;455,000;1,000;MESURE
2024-09-05 01:00:00+02:00;2009,000;1,000;MESURE
2024-09-05 02:00:00+02:00;343,000;1,000;MESURE
2024-09-05 03:00:00+02:00;235,000;1,000;MESURE
2024-09-05 04:00:00+02:00;196,000;1,000;MESURE
2024-09-05 05:00:00+02:00;308,000;1,000;MESURE
2024-09-05 06:00:00+02:00;296,000;1,000;MESURE
2024-09-05 07:00:00+02:00;173,000;1,000;MESURE
2024-09-05 08:00:00+02:00;277,000;1,000;MESURE
2024-09-05 09:00:00+02:00;186,000;1,000;MESURE
2024-09-05 10:00:00+02:00;323,000;1,000;MESURE
2024-09-05 11:00:00+02:00;211,000;1,000;MESURE
2024-09-05 12:00:00+02:00;131,000;1,000;MESURE
2024-09-05 13:00:00+02:00;351,000;1,000;MESURE
2024-09-05 14:00:00+02:00;242,000;1,000;MESURE
2024-09-05 15:00:00+02:00;218,000;1,000;MESURE
2024-09-05 16:00:00+02:00;251,000;1,000;MESURE
2024-09-05 17:00:00+02:00;212,000;1,000;MESURE
2024-09-05 18:00:00+02:00;372,000;1,000;MESURE
2024-09-05 19:00:00+02:00;176,000;1,000;MESURE
2024-09-05 20:00:00+02:00;210,000;1,000;MESURE
2024-09-05 21:00:00+02:00;283,000;1,000;MESURE
2024-09-05 22:00:00+02:00;257,000;1,000;MESURE
2024-09-05 23:00:00+02:00;233,000;1,000;MESURE
2024-09-06 00:00:00+02:00;218,000;1,000;MESURE
2024-09-06 01:00:00+02:00;152,000;1,000;MESURE
2024-09-06 02:00:00+02:00;356,000;1,000;MESURE
2024-09-06 03:00:00+02:00;179,000;1,000;MESURE
2024-09-06 04:00:00+02:00;124,000;1,000;MESURE
2024-09-06 05:00:00+02:00;268,000;1,000;MESURE
2024-09-06 06:00:00+02:00;253,000;1,000;MESURE
2024-09-06 07:00:00+02:00;196,000;1,000;MESURE
2024-09-06 08:00:00+02:00;381,000;1,000;MESURE
2024-09-06 09:00:00+02:00;1945,000;1,000;MESURE
2024-09-06 10:00:00+02:00;215,000;1,000;MESURE
2024-09-06 11:00:00+02:00;294,000;1,000;MESURE
2024-09-06 12:00:00+02:00;223,000;1,000;MESURE
2024-09-06 13:00:00+02:00;134,000;1,000;MESURE
2024-09-06 14:00:00+02:00;377,000;1,000;MESURE
2024-09-06 15:00:00+02:00;254,000;1,000;MESURE
2024-09-06 16:00:00+02:00;289,000;1,000;MESURE
2024-09-06 17:00:00+02:00;203,000;1,000;MESURE
2024-09-06 18:00:00+02:00;263,000;1,000;MESURE
2024-09-06 19:00:00+02:00;385,000;1,000;MESURE
2024-09-06 20:00:00+02:00;161,000;1,000;MESURE
2024-09-06 21:00:00+02:00;349,000;1,000;MESURE
2024-09-06 22:00:00+02:00;161,000;1,000;MESURE
2024-09-06 23:00:00+02:00;394,000;1,000;MESURE
2024-09-07 00:00:00+02:00;187,000;1,000;MESURE
2024-09-07 01:00:00+02:00;201,000;1,000;MESURE
2024-09-07 02:00:00+02:00;294,000;1,000;MESURE
2024-09-07 03:00:00+02:00;269,000;1,000;MESURE
2024-09-07 04:00:00+02:00;229,000;1,000;MESURE
2024-09-07 05:00:00+02:00;187,000;1,000;MESURE
2024-09-07 06:00:00+02:00;207,000;1,000;MESURE
2024-09-07 07:00:00+02:00;346,000;1,000;MESURE
2024-09-07 08:00:00+02:00;1714,000;1,000;MESURE
2024-09-07 09:00:00+02:00;2827,000;1,000;MESURE
2024-09-07 10:00:00+02:00;467,000;1,000;MESURE
2024-09-07 11:00:00+02:00;255,000;1,000;MESURE
2024-09-07 12:00:00+02:00;297,000;1,000;MESURE
2024-09-07 13:00:00+02:00;347,000;1,000;MESURE
2024-09-07 14:00:00+02:00;971,000;1,000;MESURE
2024-09-07 15:00:00+02:00;548,000;1,000;MESURE
2024-09-07 16:00:00+02:00;1604,000;1,000;MESURE
2024-09-07 17:00:00+02:00;705,000;1,000;MESURE
2024-09-07 18:00:00+02:00;707,000;1,000;MESURE
2024-09-07 19:00:00+02:00;460,000;1,000;MESURE
2024-09-07 20:00:00+02:00;249,000;1,000;MESURE
2024-09-07 21:00:00+02:00;305,000;1,000;MESURE
2024-09-07 22:00:00+02:00;323,000;1,000;MESURE
2024-09-07 23:00:00+02:00;313,000;1,000;MESURE
2024-09-08 00:00:00+02:00;286,000;1,000;MESURE
2024-09-08 01:00:00+02:00;179,000;1,000;MESURE
2024-09-08 02:00:00+02:00;420,000;1,000;MESURE
2024-09-08 03:00:00+02:00;202,000;1,000;MESURE
2024-09-08 04:00:00+02:00;292,000;1,000;MESURE
2024-09-08 05:00:00+02:00;189,000;1,000;MESURE
2024-09-08 06:00:00+02:00;304,000;1,000;MESURE
2024-09-08 07:00:00+02:00;295,000;1,000;MESURE
2024-09-08 08:00:00+02:00;172,000;1,000;MESURE
2024-09-08 09:00:00+02:00;224,000;1,000;MESURE
2024-09-08 10:00:00+02:00;335,000;1,000;MESURE
2024-09-08 11:00:00+02:00;189,000;1,000;MESURE
2024-09-08 12:00:00+02:00;254,000;1,000;MESURE
2024-09-08 13:00:00+02:00;216,000;1,000;MESURE
2024-09-08 14:00:00+02:00;281,000;1,000;MESURE
2024-09-08 15:00:00+02:00;326,000;1,000;MESURE
2024-09-08 16:00:00+02:00;131,000;1,000;MESURE
2024-09-08 17:00:00+02:00;315,000;1,000;MESURE
2024-09-08 18:00:00+02:00;266,000;1,000;MESURE
2024-09-08 19:00:00+02:00;261,000;1,000;MESURE
2024-09-08 20:00:00+02:00;241,000;1,000;MESURE
2024-09-08 21:00:00+02:00;156,000;1,000;MESURE
2024-09-08 22:00:00+02:00;374,000;1,000;MESURE
2024-09-08 23:00:00+02:00;220,000;1,000;MESURE
2024-09-09 00:00:00+02:00;365,000;1,000;MESURE
2024-09-09 01:00:00+02:00;1601,000;1,000;MESURE
2024-09-09 02:00:00+02:00;236,000;1,000;MESURE
2024-09-09 03:00:00+02:00;272,000;1,000;MESURE
2024-09-09 04:00:00+02:00;220,000;1,000;MESURE
2024-09-09 05:00:00+02:00;159,000;1,000;MESURE
2024-09-09 06:00:00+02:00;217,000;1,000;MESURE
2024-09-09 07:00:00+02:00;323,000;1,000;MESURE
2024-09-09 08:00:00+02:00;147,000;1,000;MESURE
2024-09-09 09:00:00+02:00;373,000;1,000;MESURE
2024-09-09 10:00:00+02:00;0,000;1,000;MESURE
2024-09-09 11:00:00+02:00;0,000;1,000;MESURE
2024-09-09 12:00:00+02:00;0,000;1,000;MESURE
2024-09-09 13:00:00+02:00;0,000;1,000;MESURE
2024-09-09 14:00:00+02:00;0,000;1,000;MESURE
2024-09-09 15:00:00+02:00;0,000;1,000;MESURE
2024-09-09 16:00:00+02:00;0,000;1,000;MESURE
2024-09-09 17:00:00+02:00;0,000;1,000;MESURE
2024-09-09 18:00:00+02:00;0,000;1,000;MESURE
2024-09-09 19:00:00+02:00;0,000;1,000;MESURE
2024-09-09 20:00:00+02:00;0,000;1,000;MESURE
2024-09-09 21:00:00+02:00;0,000;1,000;MESURE
2024-09-09 22:00:00+02:00;0,000;1,000;MESURE
2024-09-09 23:00:00+02:00;0,000;1,000;MESURE
2024-09-10 00:00:00+02:00;0,000;1,000;MESURE
2024-09-10 01:00:00+02:00;0,000;1,000;MESURE
2024-09-10 02:00:00+02:00;0,000;1,000;MESURE
2024-09-10 03:00:00+02:00;0,000;1,000;MESURE
2024-09-10 04:00:00+02:00;0,000;1,000;MESURE
2024-09-10 05:00:00+02:00;0,000;1,000;MESURE
2024-09-10 06:00:00+02:00;0,000;1,000;MESURE
2024-09-10 07:00:00+02:00;0,000;1,000;MESURE
2024-09-10 08:00:00+02:00;0,000;1,000;MESURE
2024-09-10 09:00:00+02:00;0,000;1,000;MESURE
2024-09-10 10:00:00+02:00;0,000;1,000;MESURE
2024-09-10 11:00:00+02:00;0,000;1,000;MESURE
2024-09-10 12:00:00+02:00;0,000;1,000;MESURE
2024-09-10 13:00:00+02:00;0,000;1,000;MESURE
2024-09-10 14:00:00+02:00;0,000;1,000;MESURE
2024-09-10 15:00:00+02:00;0,000;1,000;MESURE
2024-09-10 16:00:00+02:00;0,000;1,000;MESURE
2024-09-10 17:00:00+02:00;0,000;1,000;MESURE
2024-09-10 18:00:00+02:00;0,000;1,000;MESURE
2024-09-10 19:00:00+02:00;0,000;1,000;MESURE
2024-09-10 20:00:00+02:00;0,000;1,000;MESURE
2024-09-10 21:00:00+02:00;0,000;1,000;MESURE
2024-09-10 22:00:00+02:00;0,000;1,000;MESURE
2024-09-10 23:00:00+02:00;0,000;1,000;MESURE
2024-09-11 00:00:00+02:00;0,000;1,000;MESURE
2024-09-11 01:00:00+02:00;0,000;1,000;MESURE
2024-09-11 02:00:00+02:00;0,000;1,000;MESURE
2024-09-11 03:00:00+02:00;0,000;1,000;MESURE
2024-09-11 04:00:00+02:00;0,000;1,000;MESURE
2024-09-11 05:00:00+02:00;0,000;1,000;MESURE
2024-09-11 06:00:00+02:00;0,000;1,000;MESURE
2024-09-11 07:00:00+02:00;0,000;1,000;MESURE
2024-09-11 08:00:00+02:00;0,000;1,000;MESURE
2024-09-11 09:00:00+02:00;0,000;1,000;MESURE
2024-09-11 10:00:00+02:00;0,000;1,000;MESURE
2024-09-11 11:00:00+02:00;0,000;1,000;MESURE
2024-09-11 12:00:00+02:00;0,000;1,000;MESURE
2024-09-11 13:00:00+02:00;0,000;1,000;MESURE
2024-09-11 14:00:00+02:00;0,000;1,000;MESURE
2024-09-11 15:00:00+02:00;0,000;1,000;MESURE
2024-09-11 16:00:00+02:00;0,000;1,000;MESURE
2024-09-11 17:00:00+02:00;640,000;1,000;MESURE
2024-09-11 18:00:00+02:00;2825,000;1,000;MESURE
2024-09-11 19:00:00+02:00;1699,000;1,000;MESURE
2024-09-11 20:00:00+02:00;389,000;1,000;MESURE
2024-09-11 21:00:00+02:00;408,000;1,000;MESURE
2024-09-11 22:00:00+02:00;499,000;1,000;MESURE
2024-09-11 23:00:00+02:00;303,000;1,000;MESURE
2024-09-12 00:00:00+02:00;321,000;1,000;MESURE
2024-09-12 01:00:00+02:00;504,000;1,000;MESURE
2024-09-12 02:00:00+02:00;425,000;1,000;MESURE
2024-09-12 03:00:00+02:00;538,000;1,000;MESURE
2024-09-12 04:00:00+02:00;638,000;1,000;MESURE
2024-09-12 05:00:00+02:00;546,000;1,000;MESURE
2024-09-12 06:00:00+02:00;587,000;1,000;MESURE
2024-09-12 07:00:00+02:00;715,000;1,000;MESURE
2024-09-12 08:00:00+02:00;912,000;1,000;MESURE
2024-09-12 09:00:00+02:00;938,000;1,000;MESURE
2024-09-12 10:00:00+02:00;716,000;1,000;MESURE
2024-09-12 11:00:00+02:00;521,000;1,000;MESURE
2024-09-12 12:00:00+02:00;226,000;1,000;MESURE
2024-09-12 13:00:00+02:00;218,000;1,000;MESURE
2024-09-12 14:00:00+02:00;316,000;1,000;MESURE
2024-09-12 15:00:00+02:00;311,000;1,000;MESURE
2024-09-12 16:00:00+02:00;269,000;1,000;MESURE
2024-09-12 17:00:00+02:00;363,000;1,000;MESURE
2024-09-12 18:00:00+02:00;197,000;1,000;MESURE
2024-09-12 19:00:00+02:00;230,000;1,000;MESURE
2024-09-12 20:00:00+02:00;331,000;1,000;MESURE
2024-09-12 21:00:00+02:00;373,000;1,000;MESURE
2024-09-12 22:00:00+02:00;1510,000;1,000;MESURE
2024-09-12 23:00:00+02:00;1228,000;1,000;MESURE
2024-09-13 00:00:00+02:00;648,000;1,000;MESURE
2024-09-13 01:00:00+02:00;890,000;1,000;MESURE
2024-09-13 02:00:00+02:00;1313,000;1,000;MESURE
2024-09-13 03:00:00+02:00;1781,000;1,000;MESURE
2024-09-13 04:00:00+02:00;2079,000;1,000;MESURE
2024-09-13 05:00:00+02:00;2047,000;1,000;MESURE
2024-09-13 06:00:00+02:00;2054,000;1,000;MESURE
2024-09-13 07:00:00+02:00;2068,000;1,000;MESURE
2024-09-13 08:00:00+02:00;2093,000;1,000;MESURE
2024-09-13 09:00:00+02:00;1982,000;1,000;MESURE
2024-09-13 10:00:00+02:00;1802,000;1,000;MESURE
2024-09-13 11:00:00+02:00;1149,000;1,000;MESURE
2024-09-13 12:00:00+02:00;494,000;1,000;MESURE
2024-09-13 13:00:00+02:00;277,000;1,000;MESURE
2024-09-13 14:00:00+02:00;274,000;1,000;MESURE
2024-09-13 15:00:00+02:00;228,000;1,000;MESURE
2024-09-13 16:00:00+02:00;272,000;1,000;MESURE
2024-09-13 17:00:00+02:00;411,000;1,000;MESURE
2024-09-13 18:00:00+02:00;234,000;1,000;MESURE
2024-09-13 19:00:00+02:00;225,000;1,000;MESURE
2024-09-13 20:00:00+02:00;384,000;1,000;MESURE
2024-09-13 21:00:00+02:00;510,000;1,000;MESURE
2024-09-13 22:00:00+02:00;599,000;1,000;MESURE
2024-09-13 23:00:00+02:00;880,000;1,000;MESURE
2024-09-14 00:00:00+02:00;1155,000;1,000;MESURE
2024-09-14 01:00:00+02:00;2431,000;1,000;MESURE
2024-09-14 02:00:00+02:00;2383,000;1,000;MESURE
2024-09-14 03:00:00+02:00;1754,000;1,000;MESURE
2024-09-14 04:00:00+02:00;1886,000;1,000;MESURE
2024-09-14 05:00:00+02:00;2002,000;1,000;MESURE
2024-09-14 06:00:00+02:00;2110,000;1,000;MESURE
2024-09-14 07:00:00+02:00;2001,000;1,000;MESURE
2024-09-14 08:00:00+02:00;2726,000;1,000;MESURE
2024-09-14 09:00:00+02:00;2958,000;1,000;MESURE
2024-09-14 10:00:00+02:00;2917,000;1,000;MESURE
2024-09-14 11:00:00+02:00;3776,000;1,000;MESURE
2024-09-14 12:00:00+02:00;3459,000;1,000;MESURE
2024-09-14 13:00:00+02:00;3997,000;1,000;MESURE
2024-09-14 14:00:00+02:00;1337,000;1,000;MESURE
2024-09-14 15:00:00+02:00;1802,000;1,000;MESURE
2024-09-14 16:00:00+02:00;1765,000;1,000;MESURE
2024-09-14 17:00:00+02:00;292,000;1,000;MESURE
2024-09-14 18:00:00+02:00;258,000;1,000;MESURE
2024-09-14 19:00:00+02:00;156,000;1,000;MESURE
2024-09-14 20:00:00+02:00;299,000;1,000;MESURE
2024-09-14 21:00:00+02:00;120,000;1,000;MESURE
2024-09-14 22:00:00+02:00;187,000;1,000;MESURE
2024-09-14 23:00:00+02:00;425,000;1,000;MESURE
2024-09-15 00:00:00+02:00;361,000;1,000;MESURE
2024-09-15 01:00:00+02:00;500,000;1,000;MESURE
2024-09-15 02:00:00+02:00;690,000;1,000;MESURE
2024-09-15 03:00:00+02:00;990,000;1,000;MESURE
2024-09-15 04:00:00+02:00;1431,000;1,000;MESURE
2024-09-15 05:00:00+02:00;1564,000;1,000;MESURE
2024-09-15 06:00:00+02:00;1744,000;1,000;MESURE
2024-09-15 07:00:00+02:00;1906,000;1,000;MESURE
2024-09-15 08:00:00+02:00;2051,000;1,000;MESURE
2024-09-15 09:00:00+02:00;1993,000;1,000;MESURE
2024-09-15 10:00:00+02:00;2055,000;1,000;MESURE
2024-09-15 11:00:00+02:00;1487,000;1,000;MESURE
2024-09-15 12:00:00+02:00;784,000;1,000;MESURE
2024-09-15 13:00:00+02:00;127,000;1,000;MESURE
2024-09-15 14:00:00+02:00;250,000;1,000;MESURE
2024-09-15 15:00:00+02:00;149,000;1,000;MESURE
2024-09-15 16:00:00+02:00;211,000;1,000;MESURE
2024-09-15 17:00:00+02:00;327,000;1,000;MESURE
2024-09-15 18:00:00+02:00;168,000;1,000;MESURE
2024-09-15 19:00:00+02:00;129,000;1,000;MESURE
2024-09-15 20:00:00+02:00;285,000;1,000;MESURE
2024-09-15 21:00:00+02:00;123,000;1,000;MESURE
2024-09-15 22:00:00+02:00;1653,000;1,000;MESURE
2024-09-15 23:00:00+02:00;368,000;1,000;MESURE
2024-09-16 00:00:00+02:00;384,000;1,000;MESURE
2024-09-16 01:00:00+02:00;569,000;1,000;MESURE
2024-09-16 02:00:00+02:00;933,000;1,000;MESURE
2024-09-16 03:00:00+02:00;1184,000;1,000;MESURE
2024-09-16 04:00:00+02:00;1526,000;1,000;MESURE
2024-09-16 05:00:00+02:00;1556,000;1,000;MESURE
2024-09-16 06:00:00+02:00;1604,000;1,000;MESURE
2024-09-16 07:00:00+02:00;1685,000;1,000;MESURE
2024-09-16 08:00:00+02:00;1773,000;1,000;MESURE
2024-09-16 09:00:00+02:00;1956,000;1,000;MESURE
2024-09-16 10:00:00+02:00;1280,000;1,000;MESURE
2024-09-16 11:00:00+02:00;764,000;1,000;MESURE
2024-09-16 12:00:00+02:00;248,000;1,000;MESURE
2024-09-16 13:00:00+02:00;234,000;1,000;MESURE
2024-09-16 14:00:00+02:00;136,000;1,000;MESURE
2024-09-16 15:00:00+02:00;197,000;1,000;MESURE
2024-09-16 16:00:00+02:00;212,000;1,000;MESURE
2024-09-16 17:00:00+02:00;314,000;1,000;MESURE
2024-09-16 18:00:00+02:00;259,000;1,000;MESURE
2024-09-16 19:00:00+02:00;205,000;1,000;MESURE
2024-09-16 20:00:00+02:00;141,000;1,000;MESURE
2024-09-16 21:00:00+02:00;230,000;1,000;MESURE
2024-09-16 22:00:00+02:00;208,000;1,000;MESURE
2024-09-16 23:00:00+02:00;242,000;1,000;MESURE
2024-09-17 00:00:00+02:00;247,000;1,000;MESURE
2024-09-17 01:00:00+02:00;1797,000;1,000;MESURE
2024-09-17 02:00:00+02:00;271,000;1,000;MESURE
2024-09-17 03:00:00+02:00;188,000;1,000;MESURE
2024-09-17 04:00:00+02:00;336,000;1,000;MESURE
2024-09-17 05:00:00+02:00;383,000;1,000;MESURE
2024-09-17 06:00:00+02:00;308,000;1,000;MESURE
2024-09-17 07:00:00+02:00;478,000;1,000;MESURE
2024-09-17 08:00:00+02:00;578,000;1,000;MESURE
2024-09-17 09:00:00+02:00;541,000;1,000;MESURE
2024-09-17 10:00:00+02:00;500,000;1,000;MESURE
2024-09-17 11:00:00+02:00;442,000;1,000;MESURE
2024-09-17 12:00:00+02:00;171,000;1,000;MESURE
2024-09-17 13:00:00+02:00;118,000;1,000;MESURE
2024-09-17 14:00:00+02:00;294,000;1,000;MESURE
2024-09-17 15:00:00+02:00;133,000;1,000;MESURE
2024-09-17 16:00:00+02:00;175,000;1,000;MESURE
2024-09-17 17:00:00+02:00;385,000;1,000;MESURE
2024-09-17 18:00:00+02:00;139,000;1,000;MESURE
2024-09-17 19:00:00+02:00;195,000;1,000;MESURE
2024-09-17 20:00:00+02:00;216,000;1,000;MESURE
2024-09-17 21:00:00+02:00;127,000;1,000;MESURE
2024-09-17 22:00:00+02:00;296,000;1,000;MESURE
2024-09-17 23:00:00+02:00;380,000;1,000;MESURE
2024-09-18 00:00:00+02:00;254,000;1,000;MESURE
2024-09-18 01:00:00+02:00;421,000;1,000;MESURE
2024-09-18 02:00:00+02:00;602,000;1,000;MESURE
2024-09-18 03:00:00+02:00;871,000;1,000;MESURE
2024-09-18 04:00:00+02:00;1114,000;1,000;MESURE
2024-09-18 05:00:00+02:00;2388,000;1,000;MESURE
2024-09-18 06:00:00+02:00;2036,000;1,000;MESURE
2024-09-18 07:00:00+02:00;1600,000;1,000;MESURE
2024-09-18 08:00:00+02:00;1525,000;1,000;MESURE
2024-09-18 09:00:00+02:00;1432,000;1,000;MESURE
2024-09-18 10:00:00+02:00;1112,000;1,000;MESURE
2024-09-18 11:00:00+02:00;808,000;1,000;MESURE
2024-09-18 12:00:00+02:00;141,000;1,000;MESURE
2024-09-18 13:00:00+02:00;154,000;1,000;MESURE
2024-09-18 14:00:00+02:00;213,000;1,000;MESURE
2024-09-18 15:00:00+02:00;205,000;1,000;MESURE
2024-09-18 16:00:00+02:00;214,000;1,000;MESURE
2024-09-18 17:00:00+02:00;366,000;1,000;MESURE
2024-09-18 18:00:00+02:00;168,000;1,000;MESURE
2024-09-18 19:00:00+02:00;169,000;1,000;MESURE
2024-09-18 20:00:00+02:00;270,000;1,000;MESURE
2024-09-18 21:00:00+02:00;166,000;1,000;MESURE
2024-09-18 22:00:00+02:00;328,000;1,000;MESURE
2024-09-18 23:00:00+02:00;202,000;1,000;MESURE
2024-09-19 00:00:00+02:00;169,000;1,000;MESURE
2024-09-19 01:00:00+02:00;192,000;1,000;MESURE
2024-09-19 02:00:00+02:00;367,000;1,000;MESURE
2024-09-19 03:00:00+02:00;439,000;1,000;MESURE
2024-09-19 04:00:00+02:00;481,000;1,000;MESURE
2024-09-19 05:00:00+02:00;631,000;1,000;MESURE
2024-09-19 06:00:00+02:00;1054,000;1,000;MESURE
2024-09-19 07:00:00+02:00;1054,000;1,000;MESURE
2024-09-19 08:00:00+02:00;1141,000;1,000;MESURE
2024-09-19 09:00:00+02:00;1067,000;1,000;MESURE
2024-09-19 10:00:00+02:00;2155,000;1,000;MESURE
2024-09-19 11:00:00+02:00;536,000;1,000;MESURE
2024-09-19 12:00:00+02:00;142,000;1,000;MESURE
2024-09-19 13:00:00+02:00;262,000;1,000;MESURE
2024-09-19 14:00:00+02:00;194,000;1,000;MESURE
2024-09-19 15:00:00+02:00;267,000;1,000;MESURE
2024-09-19 16:00:00+02:00;329,000;1,000;MESURE
2024-09-19 17:00:00+02:00;155,000;1,000;MESURE
2024-09-19 18:00:00+02:00;232,000;1,000;MESURE
2024-09-19 19:00:00+02:00;256,000;1,000;MESURE
2024-09-19 20:00:00+02:00;288,000;1,000;MESURE
2024-09-19 21:00:00+02:00;274,000;1,000;MESURE
2024-09-19 22:00:00+02:00;187,000;1,000;MESURE
2024-09-19 23:00:00+02:00;131,000;1,000;MESURE
2024-09-20 00:00:00+02:00;309,000;1,000;MESURE
2024-09-20 01:00:00+02:00;246,000;1,000;MESURE
2024-09-20 02:00:00+02:00;175,000;1,000;MESURE
2024-09-20 03:00:00+02:00;219,000;1,000;MESURE
2024-09-20 04:00:00+02:00;173,000;1,000;MESURE
2024-09-20 05:00:00+02:00;150,000;1,000;MESURE
2024-09-20 06:00:00+02:00;281,000;1,000;MESURE
2024-09-20 07:00:00+02:00;281,000;1,000;MESURE
2024-09-20 08:00:00+02:00;127,000;1,000;MESURE
2024-09-20 09:00:00+02:00;196,000;1,000;MESURE
2024-09-20 10:00:00+02:00;232,000;1,000;MESURE
2024-09-20 11:00:00+02:00;217,000;1,000;MESURE
2024-09-20 12:00:00+02:00;318,000;1,000;MESURE
2024-09-20 13:00:00+02:00;228,000;1,000;MESURE
2024-09-20 14:00:00+02:00;153,000;1,000;MESURE
2024-09-20 15:00:00+02:00;318,000;1,000;MESURE
2024-09-20 16:00:00+02:00;268,000;1,000;MESURE
2024-09-20 17:00:00+02:00;703,000;1,000;MESURE
2024-09-20 18:00:00+02:00;1781,000;1,000;MESURE
2024-09-20 19:00:00+02:00;187,000;1,000;MESURE
2024-09-20 20:00:00+02:00;280,000;1,000;MESURE
2024-09-20 21:00:00+02:00;270,000;1,000;MESURE
2024-09-20 22:00:00+02:00;299,000;1,000;MESURE
2024-09-20 23:00:00+02:00;204,000;1,000;MESURE
2024-09-21 00:00:00+02:00;165,000;1,000;MESURE
2024-09-21 01:00:00+02:00;271,000;1,000;MESURE
2024-09-21 02:00:00+02:00;282,000;1,000;MESURE
2024-09-21 03:00:00+02:00;169,000;1,000;MESURE
2024-09-21 04:00:00+02:00;295,000;1,000;MESURE
2024-09-21 05:00:00+02:00;129,000;1,000;MESURE
2024-09-21 06:00:00+02:00;171,000;1,000;MESURE
2024-09-21 07:00:00+02:00;370,000;1,000;MESURE
2024-09-21 08:00:00+02:00;461,000;1,000;MESURE
2024-09-21 09:00:00+02:00;144,000;1,000;MESURE
2024-09-21 10:00:00+02:00;289,000;1,000;MESURE
2024-09-21 11:00:00+02:00;139,000;1,000;MESURE
2024-09-21 12:00:00+02:00;336,000;1,000;MESURE
2024-09-21 13:00:00+02:00;291,000;1,000;MESURE
2024-09-21 14:00:00+02:00;172,000;1,000;MESURE
2024-09-21 15:00:00+02:00;316,000;1,000;MESURE
2024-09-21 16:00:00+02:00;232,000;1,000;MESURE
2024-09-21 17:00:00+02:00;358,000;1,000;MESURE
2024-09-21 18:00:00+02:00;301,000;1,000;MESURE
2024-09-21 19:00:00+02:00;184,000;1,000;MESURE
2024-09-21 20:00:00+02:00;316,000;1,000;MESURE
2024-09-21 21:00:00+02:00;232,000;1,000;MESURE
2024-09-21 22:00:00+02:00;373,000;1,000;MESURE
2024-09-21 23:00:00+02:00;217,000;1,000;MESURE
2024-09-22 00:00:00+02:00;163,000;1,000;MESURE
2024-09-22 01:00:00+02:00;309,000;1,000;MESURE
2024-09-22 02:00:00+02:00;722,000;1,000;MESURE
2024-09-22 03:00:00+02:00;1720,000;1,000;MESURE
2024-09-22 04:00:00+02:00;242,000;1,000;MESURE
2024-09-22 05:00:00+02:00;164,000;1,000;MESURE
2024-09-22 06:00:00+02:00;229,000;1,000;MESURE
2024-09-22 07:00:00+02:00;322,000;1,000;MESURE
2024-09-22 08:00:00+02:00;163,000;1,000;MESURE
2024-09-22 09:00:00+02:00;251,000;1,000;MESURE
2024-09-22 10:00:00+02:00;172,000;1,000;MESURE
2024-09-22 11:00:00+02:00;210,000;1,000;MESURE
2024-09-22 12:00:00+02:00;346,000;1,000;MESURE
2024-09-22 13:00:00+02:00;194,000;1,000;MESURE
2024-09-22 14:00:00+02:00;156,000;1,000;MESURE
2024-09-22 15:00:00+02:00;301,000;1,000;MESURE
2024-09-22 16:00:00+02:00;192,000;1,000;MESURE
2024-09-22 17:00:00+02:00;320,000;1,000;MESURE
2024-09-22 18:00:00+02:00;214,000;1,000;MESURE
2024-09-22 19:00:00+02:00;174,000;1,000;MESURE
2024-09-22 20:00:00+02:00;223,000;1,000;MESURE
2024-09-22 21:00:00+02:00;236,000;1,000;MESURE
2024-09-22 22:00:00+02:00;253,000;1,000;MESURE
2024-09-22 23:00:00+02:00;229,000;1,000;MESURE
2024-09-23 00:00:00+02:00;191,000;1,000;MESURE
2024-09-23 01:00:00+02:00;123,000;1,000;MESURE
2024-09-23 02:00:00+02:00;310,000;1,000;MESURE
2024-09-23 03:00:00+02:00;257,000;1,000;MESURE
2024-09-23 04:00:00+02:00;149,000;1,000;MESURE
2024-09-23 05:00:00+02:00;210,000;1,000;MESURE
2024-09-23 06:00:00+02:00;176,000;1,000;MESURE
2024-09-23 07:00:00+02:00;157,000;1,000;MESURE
2024-09-23 08:00:00+02:00;295,000;1,000;MESURE
2024-09-23 09:00:00+02:00;275,000;1,000;MESURE
2024-09-23 10:00:00+02:00;2138,000;1,000;MESURE
2024-09-23 11:00:00+02:00;169,000;1,000;MESURE
2024-09-23 12:00:00+02:00;251,000;1,000;MESURE
2024-09-23 13:00:00+02:00;198,000;1,000;MESURE
2024-09-23 14:00:00+02:00;313,000;1,000;MESURE
2024-09-23 15:00:00+02:00;210,000;1,000;MESURE
2024-09-23 16:00:00+02:00;182,000;1,000;MESURE
2024-09-23 17:00:00+02:00;242,000;1,000;MESURE
2024-09-23 18:00:00+02:00;293,000;1,000;MESURE
2024-09-23 19:00:00+02:00;213,000;1,000;MESURE
2024-09-23 20:00:00+02:00;308,000;1,000;MESURE
2024-09-23 21:00:00+02:00;145,000;1,000;MESURE
2024-09-23 22:00:00+02:00;185,000;1,000;MESURE
2024-09-23 23:00:00+02:00;320,000;1,000;MESURE
2024-09-24 00:00:00+02:00;231,000;1,000;MESURE
2024-09-24 01:00:00+02:00;145,000;1,000;MESURE
2024-09-24 02:00:00+02:00;257,000;1,000;MESURE
2024-09-24 03:00:00+02:00;148,000;1,000;MESURE
2024-09-24 04:00:00+02:00;204,000;1,000;MESURE
2024-09-24 05:00:00+02:00;350,000;1,000;MESURE
2024-09-24 06:00:00+02:00;141,000;1,000;MESURE
2024-09-24 07:00:00+02:00;168,000;1,000;MESURE
2024-09-24 08:00:00+02:00;229,000;1,000;MESURE
2024-09-24 09:00:00+02:00;204,000;1,000;MESURE
2024-09-24 10:00:00+02:00;278,000;1,000;MESURE
2024-09-24 11:00:00+02:00;176,000;1,000;MESURE
2024-09-24 12:00:00+02:00;252,000;1,000;MESURE
2024-09-24 13:00:00+02:00;124,000;1,000;MESURE
2024-09-24 14:00:00+02:00;230,000;1,000;MESURE
2024-09-24 15:00:00+02:00;332,000;1,000;MESURE
2024-09-24 16:00:00+02:00;168,000;1,000;MESURE
2024-09-24 17:00:00+02:00;313,000;1,000;MESURE
2024-09-24 18:00:00+02:00;2044,000;1,000;MESURE
2024-09-24 19:00:00+02:00;160,000;1,000;MESURE
2024-09-24 20:00:00+02:00;322,000;1,000;MESURE
2024-09-24 21:00:00+02:00;234,000;1,000;MESURE
2024-09-24 22:00:00+02:00;134,000;1,000;MESURE
2024-09-24 23:00:00+02:00;253,000;1,000;MESURE
2024-09-25 00:00:00+02:00;159,000;1,000;MESURE
2024-09-25 01:00:00+02:00;191,000;1,000;MESURE
2024-09-25 02:00:00+02:00;311,000;1,000;MESURE
2024-09-25 03:00:00+02:00;187,000;1,000;MESURE
2024-09-25 04:00:00+02:00;166,000;1,000;MESURE
2024-09-25 05:00:00+02:00;190,000;1,000;MESURE
2024-09-25 06:00:00+02:00;249,000;1,000;MESURE
2024-09-25 07:00:00+02:00;290,000;1,000;MESURE
2024-09-25 08:00:00+02:00;227,000;1,000;MESURE
2024-09-25 09:00:00+02:00;273,000;1,000;MESURE
2024-09-25 10:00:00+02:00;142,000;1,000;MESURE
2024-09-25 11:00:00+02:00;154,000;1,000;MESURE
2024-09-25 12:00:00+02:00;324,000;1,000;MESURE
2024-09-25 13:00:00+02:00;202,000;1,000;MESURE
2024-09-25 14:00:00+02:00;204,000;1,000;MESURE
2024-09-25 15:00:00+02:00;253,000;1,000;MESURE
2024-09-25 16:00:00+02:00;163,000;1,000;MESURE
2024-09-25 17:00:00+02:00;251,000;1,000;MESURE
2024-09-25 18:00:00+02:00;348,000;1,000;MESURE
2024-09-25 19:00:00+02:00;128,000;1,000;MESURE
2024-09-25 20:00:00+02:00;279,000;1,000;MESURE
2024-09-25 21:00:00+02:00;162,000;1,000;MESURE
2024-09-25 22:00:00+02:00;131,000;1,000;MESURE
2024-09-25 23:00:00+02:00;371,000;1,000;MESURE
2024-09-26 00:00:00+02:00;2056,000;1,000;MESURE
2024-09-26 01:00:00+02:00;193,000;1,000;MESURE
2024-09-26 02:00:00+02:00;258,000;1,000;MESURE
2024-09-26 03:00:00+02:00;157,000;1,000;MESURE
2024-09-26 04:00:00+02:00;205,000;1,000;MESURE
2024-09-26 05:00:00+02:00;332,000;1,000;MESURE
2024-09-26 06:00:00+02:00;154,000;1,000;MESURE
2024-09-26 07:00:00+02:00;122,000;1,000;MESURE
2024-09-26 08:00:00+02:00;272,000;1,000;MESURE
2024-09-26 09:00:00+02:00;170,000;1,000;MESURE
2024-09-26 10:00:00+02:00;260,000;1,000;MESURE
2024-09-26 11:00:00+02:00;238,000;1,000;MESURE
2024-09-26 12:00:00+02:00;174,000;1,000;MESURE
2024-09-26 13:00:00+02:00;145,000;1,000;MESURE
2024-09-26 14:00:00+02:00;230,000;1,000;MESURE
2024-09-26 15:00:00+02:00;277,000;1,000;MESURE
2024-09-26 16:00:00+02:00;169,000;1,000;MESURE
2024-09-26 17:00:00+02:00;368,000;1,000;MESURE
2024-09-26 18:00:00+02:00;161,000;1,000;MESURE
2024-09-26 19:00:00+02:00;122,000;1,000;MESURE
2024-09-26 20:00:00+02:00;332,000;1,000;MESURE
2024-09-26 21:00:00+02:00;219,000;1,000;MESURE
2024-09-26 22:00:00+02:00;174,000;1,000;MESURE
2024-09-26 23:00:00+02:00;234,000;1,000;MESURE
2024-09-27 00:00:00+02:00;195,000;1,000;MESURE
2024-09-27 01:00:00+02:00;143,000;1,000;MESURE
2024-09-27 02:00:00+02:00;303,000;1,000;MESURE
2024-09-27 03:00:00+02:00;324,000;1,000;MESURE
2024-09-27 04:00:00+02:00;150,000;1,000;MESURE
2024-09-27 05:00:00+02:00;1484,000;1,000;MESURE
2024-09-27 06:00:00+02:00;930,000;1,000;MESURE
2024-09-27 07:00:00+02:00;167,000;1,000;MESURE
2024-09-27 08:00:00+02:00;289,000;1,000;MESURE
2024-09-27 09:00:00+02:00;241,000;1,000;MESURE
2024-09-27 10:00:00+02:00;199,000;1,000;MESURE
2024-09-27 11:00:00+02:00;133,000;1,000;MESURE
2024-09-27 12:00:00+02:00;196,000;1,000;MESURE
2024-09-27 13:00:00+02:00;285,000;1,000;MESURE
2024-09-27 14:00:00+02:00;206,000;1,000;MESURE
2024-09-27 15:00:00+02:00;277,000;1,000;MESURE
2024-09-27 16:00:00+02:00;295,000;1,000;MESURE
2024-09-27 17:00:00+02:00;297,000;1,000;MESURE
2024-09-27 18:00:00+02:00;268,000;1,000;MESURE
2024-09-27 19:00:00+02:00;283,000;1,000;MESURE
2024-09-27 20:00:00+02:00;146,000;1,000;MESURE
2024-09-27 21:00:00+02:00;209,000;1,000;MESURE
2024-09-27 22:00:00+02:00;225,000;1,000;MESURE
2024-09-27 23:00:00+02:00;153,000;1,000;MESURE
2024-09-28 00:00:00+02:00;288,000;1,000;MESURE
2024-09-28 01:00:00+02:00;369,000;1,000;MESURE
2024-09-28 02:00:00+02:00;210,000;1,000;MESURE
2024-09-28 03:00:00+02:00;252,000;1,000;MESURE
2024-09-28 04:00:00+02:00;282,000;1,000;MESURE
2024-09-28 05:00:00+02:00;342,000;1,000;MESURE
2024-09-28 06:00:00+02:00;357,000;1,000;MESURE
2024-09-28 07:00:00+02:00;339,000;1,000;MESURE
2024-09-28 08:00:00+02:00;1121,000;1,000;MESURE
2024-09-28 09:00:00+02:00;1127,000;1,000;MESURE
2024-09-28 10:00:00+02:00;5297,000;1,000;MESURE
2024-09-28 11:00:00+02:00;3790,000;1,000;MESURE
2024-09-28 12:00:00+02:00;3815,000;1,000;MESURE
2024-09-28 13:00:00+02:00;4357,000;1,000;MESURE
2024-09-28 14:00:00+02:00;2018,000;1,000;MESURE
2024-09-28 15:00:00+02:00;1125,000;1,000;MESURE
2024-09-28 16:00:00+02:00;1072,000;1,000;MESURE
2024-09-28 17:00:00+02:00;2385,000;1,000;MESURE
2024-09-28 18:00:00+02:00;136,000;1,000;MESURE
2024-09-28 19:00:00+02:00;337,000;1,000;MESURE
2024-09-28 20:00:00+02:00;458,000;1,000;MESURE
2024-09-28 21:00:00+02:00;703,000;1,000;MESURE
2024-09-28 22:00:00+02:00;1088,000;1,000;MESURE
2024-09-28 23:00:00+02:00;1594,000;1,000;MESURE
2024-09-29 00:00:00+02:00;2056,000;1,000;MESURE
2024-09-29 01:00:00+02:00;2362,000;1,000;MESURE
2024-09-29 02:00:00+02:00;2684,000;1,000;MESURE
2024-09-29 03:00:00+02:00;2658,000;1,000;MESURE
2024-09-29 04:00:00+02:00;2805,000;1,000;MESURE
2024-09-29 05:00:00+02:00;2983,000;1,000;MESURE
2024-09-29 06:00:00+02:00;3065,000;1,000;MESURE
2024-09-29 07:00:00+02:00;3246,000;1,000;MESURE
2024-09-29 08:00:00+02:00;3266,000;1,000;MESURE
2024-09-29 09:00:00+02:00;2937,000;1,000;MESURE
2024-09-29 10:00:00+02:00;2627,000;1,000;MESURE
2024-09-29 11:00:00+02:00;2083,000;1,000;MESURE
2024-09-29 12:00:00+02:00;1226,000;1,000;MESURE
2024-09-29 13:00:00+02:00;598,000;1,000;MESURE
2024-09-29 14:00:00+02:00;306,000;1,000;MESURE
2024-09-29 15:00:00+02:00;164,000;1,000;MESURE
2024-09-29 16:00:00+02:00;121,000;1,000;MESURE
2024-09-29 17:00:00+02:00;284,000;1,000;MESURE
2024-09-29 18:00:00+02:00;141,000;1,000;MESURE
2024-09-29 19:00:00+02:00;254,000;1,000;MESURE
2024-09-29 20:00:00+02:00;287,000;1,000;MESURE
2024-09-29 21:00:00+02:00;156,000;1,000;MESURE
2024-09-29 22:00:00+02:00;1843,000;1,000;MESURE
2024-09-29 23:00:00+02:00;213,000;1,000;MESURE
2024-09-30 00:00:00+02:00;291,000;1,000;MESURE
2024-09-30 01:00:00+02:00;257,000;1,000;MESURE
2024-09-30 02:00:00+02:00;200,000;1,000;MESURE
2024-09-30 03:00:00+02:00;371,000;1,000;MESURE
2024-09-30 04:00:00+02:00;233,000;1,000;MESURE
2024-09-30 05:00:00+02:00;280,000;1,000;MESURE
2024-09-30 06:00:00+02:00;539,000;1,000;MESURE
2024-09-30 07:00:00+02:00;422,000;1,000;MESURE
2024-09-30 08:00:00+02:00;428,000;1,000;MESURE
2024-09-30 09:00:00+02:00;421,000;1,000;MESURE
2024-09-30 10:00:00+02:00;405,000;1,000;MESURE
2024-09-30 11:00:00+02:00;208,000;1,000;MESURE
2024-09-30 12:00:00+02:00;256,000;1,000;MESURE
2024-09-30 13:00:00+02:00;277,000;1,000;MESURE
2024-09-30 14:00:00+02:00;124,000;1,000;MESURE
2024-09-30 15:00:00+02:00;251,000;1,000;MESURE
2024-09-30 16:00:00+02:00;216,000;1,000;MESURE
2024-09-30 17:00:00+02:00;298,000;1,000;MESURE
2024-09-30 18:00:00+02:00;292,000;1,000;MESURE
2024-09-30 19:00:00+02:00;189,000;1,000;MESURE
2024-09-30 20:00:00+02:00;162,000;1,000;MESURE
2024-09-30 21:00:00+02:00;289,000;1,000;MESURE
2024-09-30 22:00:00+02:00;246,000;1,000;MESURE
2024-09-30 23:00:00+02:00;231,000;1,000;MESURE
2024-10-01 00:00:00+02:00;229,000;1,000;MESURE
2024-10-01 01:00:00+02:00;130,000;1,000;MESURE
2024-10-01 02:00:00+02:00;241,000;1,000;MESURE
2024-10-01 03:00:00+02:00;1977,000;1,000;MESURE
2024-10-01 04:00:00+02:00;386,000;1,000;MESURE
2024-10-01 05:00:00+02:00;201,000;1,000;MESURE
2024-10-01 06:00:00+02:00;218,000;1,000;MESURE
2024-10-01 07:00:00+02:00;158,000;1,000;MESURE
2024-10-01 08:00:00+02:00;301,000;1,000;MESURE
2024-10-01 09:00:00+02:00;268,000;1,000;MESURE
2024-10-01 10:00:00+02:00;128,000;1,000;MESURE
2024-10-01 11:00:00+02:00;173,000;1,000;MESURE
2024-10-01 12:00:00+02:00;228,000;1,000;MESURE
2024-10-01 13:00:00+02:00;236,000;1,000;MESURE
2024-10-01 14:00:00+02:00;261,000;1,000;MESURE
2024-10-01 15:00:00+02:00;208,000;1,000;MESURE
2024-10-01 16:00:00+02:00;188,000;0,750;MESURE_PARTIELLE
2024-10-01 17:00:00+02:00;162,667;0,750;MESURE_PARTIELLE
2024-10-01 18:00:00+02:00;315,000;1,000;MESURE
2024-10-01 19:00:00+02:00;220,000;1,000;MESURE
2024-10-01 20:00:00+02:00;166,000;1,000;MESURE
2024-10-01 21:00:00+02:00;263,000;1,000;MESURE
2024-10-01 22:00:00+02:00;132,000;1,000;MESURE
2024-10-01 23:00:00+02:00;223,000;1,000;MESURE
2024-10-02 00:00:00+02:00;331,000;1,000;MESURE
2024-10-02 01:00:00+02:00;159,000;1,000;MESURE
2024-10-02 02:00:00+02:00;282,000;1,000;MESURE
2024-10-02 03:00:00+02:00;255,000;1,000;MESURE
2024-10-02 04:00:00+02:00;275,000;1,000;MESURE
2024-10-02 05:00:00+02:00;409,000;1,000;MESURE
2024-10-02 06:00:00+02:00;499,000;1,000;MESURE
2024-10-02 07:00:00+02:00;418,000;1,000;MESURE
2024-10-02 08:00:00+02:00;1945,000;1,000;MESURE
2024-10-02 09:00:00+02:00;1029,000;1,000;MESURE
2024-10-02 10:00:00+02:00;304,000;1,000;MESURE
2024-10-02 11:00:00+02:00;283,000;1,000;MESURE
2024-10-02 12:00:00+02:00;159,000;1,000;MESURE
2024-10-02 13:00:00+02:00;270,000;1,000;MESURE
2024-10-02 14:00:00+02:00;134,000;1,000;MESURE
2024-10-02 15:00:00+02:00;145,000;1,000;MESURE
2024-10-02 16:00:00+02:00;379,000;1,000;MESURE
2024-10-02 17:00:00+02:00;182,000;1,000;MESURE
2024-10-02 18:00:00+02:00;161,000;1,000;MESURE
2024-10-02 19:00:00+02:00;262,000;1,000;MESURE
2024-10-02 20:00:00+02:00;201,000;1,000;MESURE
2024-10-02 21:00:00+02:00;339,000;1,000;MESURE
2024-10-02 22:00:00+02:00;456,000;1,000;MESURE
2024-10-02 23:00:00+02:00;448,000;1,000;MESURE
2024-10-03 00:00:00+02:00;425,000;1,000;MESURE
2024-10-03 01:00:00+02:00;536,000;1,000;MESURE
2024-10-03 02:00:00+02:00;874,000;1,000;MESURE
2024-10-03 03:00:00+02:00;1037,000;1,000;MESURE
2024-10-03 04:00:00+02:00;1068,000;1,000;MESURE
2024-10-03 05:00:00+02:00;1117,000;1,000;MESURE
2024-10-03 06:00:00+02:00;1275,000;1,000;MESURE
2024-10-03 07:00:00+02:00;1271,000;1,000;MESURE
2024-10-03 08:00:00+02:00;1303,000;1,000;MESURE
2024-10-03 09:00:00+02:00;1311,000;1,000;MESURE
2024-10-03 10:00:00+02:00;1060,000;1,000;MESURE
2024-10-03 11:00:00+02:00;662,000;1,000;MESURE
2024-10-03 12:00:00+02:00;1081,000;1,000;MESURE
2024-10-03 13:00:00+02:00;1511,000;1,000;MESURE
2024-10-03 14:00:00+02:00;311,000;1,000;MESURE
2024-10-03 15:00:00+02:00;263,000;1,000;MESURE
2024-10-03 16:00:00+02:00;140,000;1,000;MESURE
2024-10-03 17:00:00+02:00;308,000;1,000;MESURE
2024-10-03 18:00:00+02:00;160,000;1,000;MESURE
2024-10-03 19:00:00+02:00;228,000;1,000;MESURE
2024-10-03 20:00:00+02:00;543,000;1,000;MESURE
2024-10-03 21:00:00+02:00;586,000;1,000;MESURE
2024-10-03 22:00:00+02:00;709,000;1,000;MESURE
2024-10-03 23:00:00+02:00;826,000;1,000;MESURE
2024-10-04 00:00:00+02:00;1117,000;1,000;MESURE
2024-10-04 01:00:00+02:00;1243,000;1,000;MESURE
2024-10-04 02:00:00+02:00;1482,000;1,000;MESURE
2024-10-04 03:00:00+02:00;1530,000;1,000;MESURE
2024-10-04 04:00:00+02:00;1558,000;1,000;MESURE
2024-10-04 05:00:00+02:00;1707,000;1,000;MESURE
2024-10-04 06:00:00+02:00;1647,000;1,000;MESURE
2024-10-04 07:00:00+02:00;1729,000;1,000;MESURE
2024-10-04 08:00:00+02:00;1915,000;1,000;MESURE
2024-10-04 09:00:00+02:00;1944,000;1,000;MESURE
2024-10-04 10:00:00+02:00;1698,000;1,000;MESURE
2024-10-04 11:00:00+02:00;1239,000;1,000;MESURE
2024-10-04 12:00:00+02:00;724,000;1,000;MESURE
2024-10-04 13:00:00+02:00;569,000;1,000;MESURE
2024-10-04 14:00:00+02:00;499,000;1,000;MESURE
2024-10-04 15:00:00+02:00;339,000;1,000;MESURE
2024-10-04 16:00:00+02:00;2346,000;1,000;MESURE
2024-10-04 17:00:00+02:00;1301,000;1,000;MESURE
2024-10-04 18:00:00+02:00;347,000;1,000;MESURE
2024-10-04 19:00:00+02:00;497,000;1,000;MESURE
2024-10-04 20:00:00+02:00;836,000;1,000;MESURE
2024-10-04 21:00:00+02:00;1034,000;1,000;MESURE
2024-10-04 22:00:00+02:00;1327,000;1,000;MESURE
2024-10-04 23:00:00+02:00;1674,000;1,000;MESURE
2024-10-05 00:00:00+02:00;1984,000;1,000;MESURE
2024-10-05 01:00:00+02:00;2402,000;1,000;MESURE
2024-10-05 02:00:00+02:00;2451,000;1,000;MESURE
2024-10-05 03:00:00+02:00;2454,000;1,000;MESURE
2024-10-05 04:00:00+02:00;2383,000;1,000;MESURE
2024-10-05 05:00:00+02:00;2255,000;1,000;MESURE
2024-10-05 06:00:00+02:00;2269,000;1,000;MESURE
2024-10-05 07:00:00+02:00;2179,000;1,000;MESURE
2024-10-05 08:00:00+02:00;3195,000;1,000;MESURE
2024-10-05 09:00:00+02:00;3170,000;1,000;MESURE
2024-10-05 10:00:00+02:00;2809,000;1,000;MESURE
2024-10-05 11:00:00+02:00;2451,000;1,000;MESURE
2024-10-05 12:00:00+02:00;3532,000;1,000;MESURE
2024-10-05 13:00:00+02:00;3980,000;1,000;MESURE
2024-10-05 14:00:00+02:00;2418,000;1,000;MESURE
2024-10-05 15:00:00+02:00;1452,000;1,000;MESURE
2024-10-05 16:00:00+02:00;1617,000;1,000;MESURE
2024-10-05 17:00:00+02:00;164,000;1,000;MESURE
2024-10-05 18:00:00+02:00;453,000;1,000;MESURE
2024-10-05 19:00:00+02:00;432,000;1,000;MESURE
2024-10-05 20:00:00+02:00;444,000;1,000;MESURE
2024-10-05 21:00:00+02:00;677,000;1,000;MESURE
2024-10-05 22:00:00+02:00;1052,000;1,000;MESURE
2024-10-05 23:00:00+02:00;1490,000;1,000;MESURE
2024-10-06 00:00:00+02:00;2032,000;1,000;MESURE
2024-10-06 01:00:00+02:00;2006,000;1,000;MESURE
2024-10-06 02:00:00+02:00;2028,000;1,000;MESURE
2024-10-06 03:00:00+02:00;2003,000;1,000;MESURE
2024-10-06 04:00:00+02:00;1944,000;1,000;MESURE
2024-10-06 05:00:00+02:00;1818,000;1,000;MESURE
2024-10-06 06:00:00+02:00;1880,000;1,000;MESURE
2024-10-06 07:00:00+02:00;1457,000;1,000;MESURE
2024-10-06 08:00:00+02:00;1712,000;1,000;MESURE
2024-10-06 09:00:00+02:00;2262,000;1,000;MESURE
2024-10-06 10:00:00+02:00;1127,000;1,000;MESURE
2024-10-06 11:00:00+02:00;891,000;1,000;MESURE
2024-10-06 12:00:00+02:00;636,000;1,000;MESURE
2024-10-06 13:00:00+02:00;477,000;1,000;MESURE
2024-10-06 14:00:00+02:00;225,000;1,000;MESURE
2024-10-06 15:00:00+02:00;156,000;1,000;MESURE
2024-10-06 16:00:00+02:00;156,000;1,000;MESURE
2024-10-06 17:00:00+02:00;208,000;1,000;MESURE
2024-10-06 18:00:00+02:00;220,000;1,000;MESURE
2024-10-06 19:00:00+02:00;195,000;1,000;MESURE
2024-10-06 20:00:00+02:00;233,000;1,000;MESURE
2024-10-06 21:00:00+02:00;206,000;1,000;MESURE
2024-10-06 22:00:00+02:00;128,000;1,000;MESURE
2024-10-06 23:00:00+02:00;217,000;1,000;MESURE
2024-10-07 00:00:00+02:00;324,000;1,000;MESURE
2024-10-07 01:00:00+02:00;211,000;1,000;MESURE
2024-10-07 02:00:00+02:00;168,000;1,000;MESURE
2024-10-07 03:00:00+02:00;338,000;1,000;MESURE
2024-10-07 04:00:00+02:00;235,000;1,000;MESURE
2024-10-07 05:00:00+02:00;194,000;1,000;MESURE
2024-10-07 06:00:00+02:00;398,000;1,000;MESURE
2024-10-07 07:00:00+02:00;316,000;1,000;MESURE
2024-10-07 08:00:00+02:00;245,000;1,000;MESURE
2024-10-07 09:00:00+02:00;234,000;1,000;MESURE
2024-10-07 10:00:00+02:00;279,000;1,000;MESURE
2024-10-07 11:00:00+02:00;695,000;1,000;MESURE
2024-10-07 12:00:00+02:00;1454,000;1,000;MESURE
2024-10-07 13:00:00+02:00;324,000;1,000;MESURE
2024-10-07 14:00:00+02:00;126,000;1,000;MESURE
2024-10-07 15:00:00+02:00;179,000;1,000;MESURE
2024-10-07 16:00:00+02:00;244,000;1,000;MESURE
2024-10-07 17:00:00+02:00;178,000;1,000;MESURE
2024-10-07 18:00:00+02:00;345,000;1,000;MESURE
2024-10-07 19:00:00+02:00;185,000;1,000;MESURE
2024-10-07 20:00:00+02:00;159,000;1,000;MESURE
2024-10-07 21:00:00+02:00;264,000;1,000;MESURE
2024-10-07 22:00:00+02:00;180,000;1,000;MESURE
2024-10-07 23:00:00+02:00;267,000;1,000;MESURE
2024-10-08 00:00:00+02:00;265,000;1,000;MESURE
2024-10-08 01:00:00+02:00;174,000;1,000;MESURE
2024-10-08 02:00:00+02:00;173,000;1,000;MESURE
2024-10-08 03:00:00+02:00;236,000;1,000;MESURE
2024-10-08 04:00:00+02:00;240,000;1,000;MESURE
2024-10-08 05:00:00+02:00;214,000;1,000;MESURE
2024-10-08 06:00:00+02:00;219,000;1,000;MESURE
2024-10-08 07:00:00+02:00;139,000;1,000;MESURE
2024-10-08 08:00:00+02:00;227,000;1,000;MESURE
2024-10-08 09:00:00+02:00;469,000;1,000;MESURE
2024-10-08 10:00:00+02:00;682,000;1,000;MESURE
2024-10-08 11:00:00+02:00;181,000;1,000;MESURE
2024-10-08 12:00:00+02:00;281,000;1,000;MESURE
2024-10-08 13:00:00+02:00;155,000;1,000;MESURE
2024-10-08 14:00:00+02:00;187,000;1,000;MESURE
2024-10-08 15:00:00+02:00;349,000;1,000;MESURE
2024-10-08 16:00:00+02:00;561,000;1,000;MESURE
2024-10-08 17:00:00+02:00;1595,000;1,000;MESURE
2024-10-08 18:00:00+02:00;236,000;1,000;MESURE
2024-10-08 19:00:00+02:00;205,000;1,000;MESURE
2024-10-08 20:00:00+02:00;221,000;1,000;MESURE
2024-10-08 21:00:00+02:00;329,000;1,000;MESURE
2024-10-08 22:00:00+02:00;222,000;1,000;MESURE
2024-10-08 23:00:00+02:00;190,000;1,000;MESURE
2024-10-09 00:00:00+02:00;280,000;1,000;MESURE
2024-10-09 01:00:00+02:00;361,000;1,000;MESURE
2024-10-09 02:00:00+02:00;474,000;1,000;MESURE
2024-10-09 03:00:00+02:00;428,000;1,000;MESURE
2024-10-09 04:00:00+02:00;619,000;1,000;MESURE
2024-10-09 05:00:00+02:00;606,000;1,000;MESURE
2024-10-09 06:00:00+02:00;648,000;1,000;MESURE
2024-10-09 07:00:00+02:00;619,000;1,000;MESURE
2024-10-09 08:00:00+02:00;812,000;1,000;MESURE
2024-10-09 09:00:00+02:00;567,000;1,000;MESURE
2024-10-09 10:00:00+02:00;537,000;1,000;MESURE
2024-10-09 11:00:00+02:00;250,000;1,000;MESURE
2024-10-09 12:00:00+02:00;199,000;1,000;MESURE
2024-10-09 13:00:00+02:00;151,000;1,000;MESURE
2024-10-09 14:00:00+02:00;311,000;1,000;MESURE
2024-10-09 15:00:00+02:00;357,000;1,000;MESURE
2024-10-09 16:00:00+02:00;576,000;1,000;MESURE
2024-10-09 17:00:00+02:00;319,000;1,000;MESURE
2024-10-09 18:00:00+02:00;202,000;1,000;MESURE
2024-10-09 19:00:00+02:00;247,000;1,000;MESURE
2024-10-09 20:00:00+02:00;124,000;1,000;MESURE
2024-10-09 21:00:00+02:00;2072,000;1,000;MESURE
2024-10-09 22:00:00+02:00;120,000;1,000;MESURE
2024-10-09 23:00:00+02:00;189,000;1,000;MESURE
2024-10-10 00:00:00+02:00;249,000;1,000;MESURE
2024-10-10 01:00:00+02:00;158,000;1,000;MESURE
2024-10-10 02:00:00+02:00;126,000;1,000;MESURE
2024-10-10 03:00:00+02:00;141,000;1,000;MESURE
2024-10-10 04:00:00+02:00;166,000;1,000;MESURE
2024-10-10 05:00:00+02:00;247,000;1,000;MESURE
2024-10-10 06:00:00+02:00;182,000;1,000;MESURE
2024-10-10 07:00:00+02:00;215,000;1,000;MESURE
2024-10-10 08:00:00+02:00;300,000;1,000;MESURE
2024-10-10 09:00:00+02:00;229,000;1,000;MESURE
2024-10-10 10:00:00+02:00;221,000;1,000;MESURE
2024-10-10 11:00:00+02:00;223,000;1,000;MESURE
2024-10-10 12:00:00+02:00;127,000;1,000;MESURE
2024-10-10 13:00:00+02:00;126,000;1,000;MESURE
2024-10-10 14:00:00+02:00;149,000;1,000;MESURE
2024-10-10 15:00:00+02:00;160,000;1,000;MESURE
2024-10-10 16:00:00+02:00;276,000;1,000;MESURE
2024-10-10 17:00:00+02:00;120,000;1,000;MESURE
2024-10-10 18:00:00+02:00;148,000;1,000;MESURE
2024-10-10 19:00:00+02:00;128,000;1,000;MESURE
2024-10-10 20:00:00+02:00;157,000;1,000;MESURE
2024-10-10 21:00:00+02:00;254,000;1,000;MESURE
2024-10-10 22:00:00+02:00;178,000;1,000;MESURE
2024-10-10 23:00:00+02:00;258,000;1,000;MESURE
2024-10-11 00:00:00+02:00;247,000;1,000;MESURE
2024-10-11 01:00:00+02:00;838,000;1,000;MESURE
2024-10-11 02:00:00+02:00;1795,000;1,000;MESURE
2024-10-11 03:00:00+02:00;610,000;1,000;MESURE
2024-10-11 04:00:00+02:00;752,000;1,000;MESURE
2024-10-11 05:00:00+02:00;977,000;1,000;MESURE
2024-10-11 06:00:00+02:00;1209,000;1,000;MESURE
2024-10-11 07:00:00+02:00;1404,000;1,000;MESURE
2024-10-11 08:00:00+02:00;1663,000;1,000;MESURE
2024-10-11 09:00:00+02:00;1635,000;1,000;MESURE
2024-10-11 10:00:00+02:00;1396,000;1,000;MESURE
2024-10-11 11:00:00+02:00;985,000;1,000;MESURE
2024-10-11 12:00:00+02:00;408,000;1,000;MESURE
2024-10-11 13:00:00+02:00;155,000;1,000;MESURE
2024-10-11 14:00:00+02:00;192,000;1,000;MESURE
2024-10-11 15:00:00+02:00;178,000;1,000;MESURE
2024-10-11 16:00:00+02:00;132,000;1,000;MESURE
2024-10-11 17:00:00+02:00;395,000;1,000;MESURE
2024-10-11 18:00:00+02:00;307,000;1,000;MESURE
2024-10-11 19:00:00+02:00;227,000;1,000;MESURE
2024-10-11 20:00:00+02:00;213,000;1,000;MESURE
2024-10-11 21:00:00+02:00;370,000;1,000;MESURE
2024-10-11 22:00:00+02:00;573,000;1,000;MESURE
2024-10-11 23:00:00+02:00;760,000;1,000;MESURE
2024-10-12 00:00:00+02:00;1112,000;1,000;MESURE
2024-10-12 01:00:00+02:00;1680,000;1,000;MESURE
2024-10-12 02:00:00+02:00;1800,000;1,000;MESURE
2024-10-12 03:00:00+02:00;2091,000;1,000;MESURE
2024-10-12 04:00:00+02:00;2999,000;1,000;MESURE
2024-10-12 05:00:00+02:00;3346,000;1,000;MESURE
2024-10-12 06:00:00+02:00;2326,000;1,000;MESURE
2024-10-12 07:00:00+02:00;2303,000;1,000;MESURE
2024-10-12 08:00:00+02:00;2491,000;1,000;MESURE
2024-10-12 09:00:00+02:00;2236,000;1,000;MESURE
2024-10-12 10:00:00+02:00;1643,000;1,000;MESURE
2024-10-12 11:00:00+02:00;4111,000;1,000;MESURE
2024-10-12 12:00:00+02:00;6246,000;1,000;MESURE
2024-10-12 13:00:00+02:00;5333,000;1,000;MESURE
2024-10-12 14:00:00+02:00;5190,000;1,000;MESURE
2024-10-12 15:00:00+02:00;5397,000;1,000;MESURE
2024-10-12 16:00:00+02:00;4688,000;1,000;MESURE
2024-10-12 17:00:00+02:00;3442,000;1,000;MESURE
2024-10-12 18:00:00+02:00;3105,000;1,000;MESURE
2024-10-12 19:00:00+02:00;3055,000;1,000;MESURE
2024-10-12 20:00:00+02:00;3048,000;1,000;MESURE
2024-10-12 21:00:00+02:00;3085,000;1,000;MESURE
2024-10-12 22:00:00+02:00;3155,000;1,000;MESURE
2024-10-12 23:00:00+02:00;3069,000;1,000;MESURE
2024-10-13 00:00:00+02:00;3086,000;1,000;MESURE
2024-10-13 01:00:00+02:00;3070,000;1,000;MESURE
2024-10-13 02:00:00+02:00;3171,000;1,000;MESURE
2024-10-13 03:00:00+02:00;3148,000;1,000;MESURE
2024-10-13 04:00:00+02:00;3086,000;1,000;MESURE
2024-10-13 05:00:00+02:00;3034,000;1,000;MESURE
2024-10-13 06:00:00+02:00;3116,000;1,000;MESURE
2024-10-13 07:00:00+02:00;3120,000;1,000;MESURE
2024-10-13 08:00:00+02:00;3100,000;1,000;MESURE
2024-10-13 09:00:00+02:00;3042,000;1,000;MESURE
2024-10-13 10:00:00+02:00;2972,000;1,000;MESURE
2024-10-13 11:00:00+02:00;2977,000;1,000;MESURE
2024-10-13 12:00:00+02:00;2743,000;1,000;MESURE
2024-10-13 13:00:00+02:00;2332,000;1,000;MESURE
2024-10-13 14:00:00+02:00;2082,000;1,000;MESURE
2024-10-13 15:00:00+02:00;1907,000;1,000;MESURE
2024-10-13 16:00:00+02:00;1758,000;1,000;MESURE
2024-10-13 17:00:00+02:00;1661,000;1,000;MESURE
2024-10-13 18:00:00+02:00;1673,000;1,000;MESURE
2024-10-13 19:00:00+02:00;1888,000;1,000;MESURE
2024-10-13 20:00:00+02:00;2033,000;1,000;MESURE
2024-10-13 21:00:00+02:00;2141,000;1,000;MESURE
2024-10-13 22:00:00+02:00;2745,000;1,000;MESURE
2024-10-13 23:00:00+02:00;3429,000;1,000;MESURE
2024-10-14 00:00:00+02:00;2589,000;1,000;MESURE
2024-10-14 01:00:00+02:00;2611,000;1,000;MESURE
2024-10-14 02:00:00+02:00;2608,000;1,000;MESURE
2024-10-14 03:00:00+02:00;2698,000;1,000;MESURE
2024-10-14 04:00:00+02:00;2820,000;1,000;MESURE
2024-10-14 05:00:00+02:00;2854,000;1,000;MESURE
2024-10-14 06:00:00+02:00;2749,000;1,000;MESURE
2024-10-14 07:00:00+02:00;2799,000;1,000;MESURE
2024-10-14 08:00:00+02:00;2846,000;1,000;MESURE
2024-10-14 09:00:00+02:00;2827,000;1,000;MESURE
2024-10-14 10:00:00+02:00;2735,000;1,000;MESURE
2024-10-14 11:00:00+02:00;2686,000;1,000;MESURE
2024-10-14 12:00:00+02:00;2674,000;1,000;MESURE
2024-10-14 13:00:00+02:00;2206,000;1,000;MESURE
2024-10-14 14:00:00+02:00;734,000;1,000;MESURE
2024-10-14 15:00:00+02:00;288,000;1,000;MESURE
2024-10-14 16:00:00+02:00;252,000;1,000;MESURE
2024-10-14 17:00:00+02:00;258,000;1,000;MESURE
2024-10-14 18:00:00+02:00;178,000;1,000;MESURE
2024-10-14 19:00:00+02:00;145,000;1,000;MESURE
2024-10-14 20:00:00+02:00;227,000;1,000;MESURE
2024-10-14 21:00:00+02:00;249,000;1,000;MESURE
2024-10-14 22:00:00+02:00;254,000;1,000;MESURE
2024-10-14 23:00:00+02:00;257,000;1,000;MESURE
2024-10-15 00:00:00+02:00;403,000;1,000;MESURE
2024-10-15 01:00:00+02:00;545,000;1,000;MESURE
2024-10-15 02:00:00+02:00;576,000;1,000;MESURE
2024-10-15 03:00:00+02:00;603,000;1,000;MESURE
2024-10-15 04:00:00+02:00;710,000;1,000;MESURE
2024-10-15 05:00:00+02:00;849,000;1,000;MESURE
2024-10-15 06:00:00+02:00;846,000;1,000;MESURE
2024-10-15 07:00:00+02:00;823,000;1,000;MESURE
2024-10-15 08:00:00+02:00;1547,000;1,000;MESURE
2024-10-15 09:00:00+02:00;2105,000;1,000;MESURE
2024-10-15 10:00:00+02:00;923,000;1,000;MESURE
2024-10-15 11:00:00+02:00;662,000;1,000;MESURE
2024-10-15 12:00:00+02:00;367,000;1,000;MESURE
2024-10-15 13:00:00+02:00;172,000;1,000;MESURE
2024-10-15 14:00:00+02:00;243,000;1,000;MESURE
2024-10-15 15:00:00+02:00;499,000;1,000;MESURE
2024-10-15 16:00:00+02:00;264,000;1,000;MESURE
2024-10-15 17:00:00+02:00;150,000;1,000;MESURE
2024-10-15 18:00:00+02:00;235,000;1,000;MESURE
2024-10-15 19:00:00+02:00;231,000;1,000;MESURE
2024-10-15 20:00:00+02:00;218,000;1,000;MESURE
2024-10-15 21:00:00+02:00;187,000;1,000;MESURE
2024-10-15 22:00:00+02:00;316,000;1,000;MESURE
2024-10-15 23:00:00+02:00;443,000;1,000;MESURE
2024-10-16 00:00:00+02:00;460,000;1,000;MESURE
2024-10-16 01:00:00+02:00;457,000;1,000;MESURE
2024-10-16 02:00:00+02:00;520,000;1,000;MESURE
2024-10-16 03:00:00+02:00;673,000;1,000;MESURE
2024-10-16 04:00:00+02:00;673,000;1,000;MESURE
2024-10-16 05:00:00+02:00;735,000;1,000;MESURE
2024-10-16 06:00:00+02:00;726,000;1,000;MESURE
2024-10-16 07:00:00+02:00;816,000;1,000;MESURE
2024-10-16 08:00:00+02:00;918,000;1,000;MESURE
2024-10-16 09:00:00+02:00;849,000;1,000;MESURE
2024-10-16 10:00:00+02:00;808,000;1,000;MESURE
2024-10-16 11:00:00+02:00;682,000;1,000;MESURE
2024-10-16 12:00:00+02:00;525,000;1,000;MESURE
2024-10-16 13:00:00+02:00;334,000;1,000;MESURE
2024-10-16 14:00:00+02:00;177,000;1,000;MESURE
2024-10-16 15:00:00+02:00;147,000;1,000;MESURE
2024-10-16 16:00:00+02:00;945,000;1,000;MESURE
2024-10-16 17:00:00+02:00;1435,000;1,000;MESURE
2024-10-16 18:00:00+02:00;183,000;1,000;MESURE
2024-10-16 19:00:00+02:00;158,000;1,000;MESURE
2024-10-16 20:00:00+02:00;189,000;1,000;MESURE
2024-10-16 21:00:00+02:00;292,000;1,000;MESURE
2024-10-16 22:00:00+02:00;302,000;1,000;MESURE
2024-10-16 23:00:00+02:00;293,000;1,000;MESURE
2024-10-17 00:00:00+02:00;344,000;1,000;MESURE
2024-10-17 01:00:00+02:00;488,000;1,000;MESURE
2024-10-17 02:00:00+02:00;545,000;1,000;MESURE
2024-10-17 03:00:00+02:00;564,000;1,000;MESURE
2024-10-17 04:00:00+02:00;556,000;1,000;MESURE
2024-10-17 05:00:00+02:00;648,000;1,000;MESURE
2024-10-17 06:00:00+02:00;722,000;1,000;MESURE
2024-10-17 07:00:00+02:00;729,000;1,000;MESURE
2024-10-17 08:00:00+02:00;785,000;1,000;MESURE
2024-10-17 09:00:00+02:00;795,000;1,000;MESURE
2024-10-17 10:00:00+02:00;900,000;1,000;MESURE
2024-10-17 11:00:00+02:00;966,000;1,000;MESURE
2024-10-17 12:00:00+02:00;870,000;1,000;MESURE
2024-10-17 13:00:00+02:00;764,000;1,000;MESURE
2024-10-17 14:00:00+02:00;658,000;1,000;MESURE
2024-10-17 15:00:00+02:00;444,000;1,000;MESURE
2024-10-17 16:00:00+02:00;229,000;1,000;MESURE
2024-10-17 17:00:00+02:00;174,000;1,000;MESURE
2024-10-17 18:00:00+02:00;188,000;1,000;MESURE
2024-10-17 19:00:00+02:00;305,000;1,000;MESURE
2024-10-17 20:00:00+02:00;432,000;1,000;MESURE
2024-10-17 21:00:00+02:00;483,000;1,000;MESURE
2024-10-17 22:00:00+02:00;590,000;1,000;MESURE
2024-10-17 23:00:00+02:00;713,000;1,000;MESURE
2024-10-18 00:00:00+02:00;2604,000;1,000;MESURE
2024-10-18 01:00:00+02:00;1198,000;1,000;MESURE
2024-10-18 02:00:00+02:00;943,000;1,000;MESURE
2024-10-18 03:00:00+02:00;984,000;1,000;MESURE
2024-10-18 04:00:00+02:00;1126,000;1,000;MESURE
2024-10-18 05:00:00+02:00;1214,000;1,000;MESURE
2024-10-18 06:00:00+02:00;1192,000;1,000;MESURE
2024-10-18 07:00:00+02:00;1208,000;1,000;MESURE
2024-10-18 08:00:00+02:00;1312,000;1,000;MESURE
2024-10-18 09:00:00+02:00;1420,000;1,000;MESURE
2024-10-18 10:00:00+02:00;1387,000;1,000;MESURE
2024-10-18 11:00:00+02:00;1258,000;1,000;MESURE
2024-10-18 12:00:00+02:00;1040,000;1,000;MESURE
2024-10-18 13:00:00+02:00;692,000;1,000;MESURE
2024-10-18 14:00:00+02:00;540,000;1,000;MESURE
2024-10-18 15:00:00+02:00;305,000;1,000;MESURE
2024-10-18 16:00:00+02:00;349,000;1,000;MESURE
2024-10-18 17:00:00+02:00;481,000;1,000;MESURE
2024-10-18 18:00:00+02:00;568,000;1,000;MESURE
2024-10-18 19:00:00+02:00;578,000;1,000;MESURE
2024-10-18 20:00:00+02:00;723,000;1,000;MESURE
2024-10-18 21:00:00+02:00;814,000;1,000;MESURE
2024-10-18 22:00:00+02:00;1002,000;1,000;MESURE
2024-10-18 23:00:00+02:00;1022,000;1,000;MESURE
2024-10-19 00:00:00+02:00;1020,000;1,000;MESURE
2024-10-19 01:00:00+02:00;1131,000;1,000;MESURE
2024-10-19 02:00:00+02:00;1160,000;1,000;MESURE
2024-10-19 03:00:00+02:00;1373,000;1,000;MESURE
2024-10-19 04:00:00+02:00;1328,000;1,000;MESURE
2024-10-19 05:00:00+02:00;1355,000;1,000;MESURE
2024-10-19 06:00:00+02:00;1990,000;1,000;MESURE
2024-10-19 07:00:00+02:00;2933,000;1,000;MESURE
2024-10-19 08:00:00+02:00;2186,000;1,000;MESURE
2024-10-19 09:00:00+02:00;2132,000;1,000;MESURE
2024-10-19 10:00:00+02:00;2189,000;1,000;MESURE
2024-10-19 11:00:00+02:00;2369,000;1,000;MESURE
2024-10-19 12:00:00+02:00;3269,000;1,000;MESURE
2024-10-19 13:00:00+02:00;3049,000;1,000;MESURE
2024-10-19 14:00:00+02:00;2094,000;1,000;MESURE
2024-10-19 15:00:00+02:00;780,000;1,000;MESURE
2024-10-19 16:00:00+02:00;285,000;1,000;MESURE
2024-10-19 17:00:00+02:00;190,000;1,000;MESURE
2024-10-19 18:00:00+02:00;124,000;1,000;MESURE
2024-10-19 19:00:00+02:00;143,000;1,000;MESURE
2024-10-19 20:00:00+02:00;228,000;1,000;MESURE
2024-10-19 21:00:00+02:00;229,000;1,000;MESURE
2024-10-19 22:00:00+02:00;120,000;1,000;MESURE
2024-10-19 23:00:00+02:00;124,000;1,000;MESURE
2024-10-20 00:00:00+02:00;180,000;1,000;MESURE
2024-10-20 01:00:00+02:00;267,000;1,000;MESURE
2024-10-20 02:00:00+02:00;276,000;1,000;MESURE
2024-10-20 03:00:00+02:00;310,000;1,000;MESURE
2024-10-20 04:00:00+02:00;371,000;1,000;MESURE
2024-10-20 05:00:00+02:00;398,000;1,000;MESURE
2024-10-20 06:00:00+02:00;430,000;1,000;MESURE
2024-10-20 07:00:00+02:00;311,000;1,000;MESURE
2024-10-20 08:00:00+02:00;316,000;1,000;MESURE
2024-10-20 09:00:00+02:00;351,000;1,000;MESURE
2024-10-20 10:00:00+02:00;247,000;1,000;MESURE
2024-10-20 11:00:00+02:00;222,000;1,000;MESURE
2024-10-20 12:00:00+02:00;192,000;1,000;MESURE
2024-10-20 13:00:00+02:00;116,000;1,000;MESURE
2024-10-20 14:00:00+02:00;172,000;1,000;MESURE
2024-10-20 15:00:00+02:00;132,000;1,000;MESURE
2024-10-20 16:00:00+02:00;179,000;1,000;MESURE
2024-10-20 17:00:00+02:00;195,000;1,000;MESURE
2024-10-20 18:00:00+02:00;132,000;1,000;MESURE
2024-10-20 19:00:00+02:00;164,000;1,000;MESURE
2024-10-20 20:00:00+02:00;134,000;1,000;MESURE
2024-10-20 21:00:00+02:00;201,000;1,000;MESURE
2024-10-20 22:00:00+02:00;1217,000;1,000;MESURE
2024-10-20 23:00:00+02:00;586,000;1,000;MESURE
2024-10-21 00:00:00+02:00;230,000;1,000;MESURE
2024-10-21 01:00:00+02:00;370,000;1,000;MESURE
2024-10-21 02:00:00+02:00;436,000;1,000;MESURE
2024-10-21 03:00:00+02:00;570,000;1,000;MESURE
2024-10-21 04:00:00+02:00;511,000;1,000;MESURE
2024-10-21 05:00:00+02:00;523,000;1,000;MESURE
2024-10-21 06:00:00+02:00;492,000;1,000;MESURE
2024-10-21 07:00:00+02:00;484,000;1,000;MESURE
2024-10-21 08:00:00+02:00;496,000;1,000;MESURE
2024-10-21 09:00:00+02:00;491,000;1,000;MESURE
2024-10-21 10:00:00+02:00;297,000;1,000;MESURE
2024-10-21 11:00:00+02:00;117,000;1,000;MESURE
2024-10-21 12:00:00+02:00;117,000;1,000;MESURE
2024-10-21 13:00:00+02:00;157,000;1,000;MESURE
2024-10-21 14:00:00+02:00;249,000;1,000;MESURE
2024-10-21 15:00:00+02:00;160,000;1,000;MESURE
2024-10-21 16:00:00+02:00;183,000;1,000;MESURE
2024-10-21 17:00:00+02:00;122,000;1,000;MESURE
2024-10-21 18:00:00+02:00;198,000;1,000;MESURE
2024-10-21 19:00:00+02:00;236,000;1,000;MESURE
2024-10-21 20:00:00+02:00;128,000;1,000;MESURE
2024-10-21 21:00:00+02:00;136,000;1,000;MESURE
2024-10-21 22:00:00+02:00;141,000;1,000;MESURE
2024-10-21 23:00:00+02:00;216,000;1,000;MESURE
2024-10-22 00:00:00+02:00;202,000;1,000;MESURE
2024-10-22 01:00:00+02:00;158,000;1,000;MESURE
2024-10-22 02:00:00+02:00;119,000;1,000;MESURE
2024-10-22 03:00:00+02:00;1673,000;1,000;MESURE
2024-10-22 04:00:00+02:00;447,000;1,000;MESURE
2024-10-22 05:00:00+02:00;168,000;1,000;MESURE
2024-10-22 06:00:00+02:00;171,000;1,000;MESURE
2024-10-22 07:00:00+02:00;137,000;1,000;MESURE
2024-10-22 08:00:00+02:00;153,000;1,000;MESURE
2024-10-22 09:00:00+02:00;223,000;1,000;MESURE
2024-10-22 10:00:00+02:00;146,000;1,000;MESURE
2024-10-22 11:00:00+02:00;171,000;1,000;MESURE
2024-10-22 12:00:00+02:00;120,000;1,000;MESURE
2024-10-22 13:00:00+02:00;145,000;1,000;MESURE
2024-10-22 14:00:00+02:00;247,000;1,000;MESURE
2024-10-22 15:00:00+02:00;146,000;1,000;MESURE
2024-10-22 16:00:00+02:00;178,000;1,000;MESURE
2024-10-22 17:00:00+02:00;122,000;1,000;MESURE
2024-10-22 18:00:00+02:00;248,000;1,000;MESURE
2024-10-22 19:00:00+02:00;180,000;1,000;MESURE
2024-10-22 20:00:00+02:00;120,000;1,000;MESURE
2024-10-22 21:00:00+02:00;128,000;1,000;MESURE
2024-10-22 22:00:00+02:00;153,000;1,000;MESURE
2024-10-22 23:00:00+02:00;257,000;1,000;MESURE
2024-10-23 00:00:00+02:00;133,000;1,000;MESURE
2024-10-23 01:00:00+02:00;168,000;1,000;MESURE
2024-10-23 02:00:00+02:00;126,000;1,000;MESURE
2024-10-23 03:00:00+02:00;122,000;1,000;MESURE
2024-10-23 04:00:00+02:00;225,000;1,000;MESURE
2024-10-23 05:00:00+02:00;120,000;1,000;MESURE
2024-10-23 06:00:00+02:00;173,000;1,000;MESURE
2024-10-23 07:00:00+02:00;122,000;1,000;MESURE
2024-10-23 08:00:00+02:00;1512,000;1,000;MESURE
2024-10-23 09:00:00+02:00;749,000;1,000;MESURE
2024-10-23 10:00:00+02:00;135,000;1,000;MESURE
2024-10-23 11:00:00+02:00;188,000;1,000;MESURE
2024-10-23 12:00:00+02:00;123,000;1,000;MESURE
2024-10-23 13:00:00+02:00;118,000;1,000;MESURE
2024-10-23 14:00:00+02:00;204,000;1,000;MESURE
2024-10-23 15:00:00+02:00;235,000;1,000;MESURE
2024-10-23 16:00:00+02:00;240,000;1,000;MESURE
2024-10-23 17:00:00+02:00;123,000;1,000;MESURE
2024-10-23 18:00:00+02:00;151,000;1,000;MESURE
2024-10-23 19:00:00+02:00;212,000;1,000;MESURE
2024-10-23 20:00:00+02:00;125,000;1,000;MESURE
2024-10-23 21:00:00+02:00;169,000;1,000;MESURE
2024-10-23 22:00:00+02:00;126,000;1,000;MESURE
2024-10-23 23:00:00+02:00;168,000;1,000;MESURE
2024-10-24 00:00:00+02:00;281,000;1,000;MESURE
2024-10-24 01:00:00+02:00;243,000;1,000;MESURE
2024-10-24 02:00:00+02:00;404,000;1,000;MESURE
2024-10-24 03:00:00+02:00;577,000;1,000;MESURE
2024-10-24 04:00:00+02:00;665,000;1,000;MESURE
2024-10-24 05:00:00+02:00;773,000;1,000;MESURE
2024-10-24 06:00:00+02:00;793,000;1,000;MESURE
2024-10-24 07:00:00+02:00;791,000;1,000;MESURE
2024-10-24 08:00:00+02:00;782,000;1,000;MESURE
2024-10-24 09:00:00+02:00;740,000;1,000;MESURE
2024-10-24 10:00:00+02:00;657,000;1,000;MESURE
2024-10-24 11:00:00+02:00;672,000;1,000;MESURE
2024-10-24 12:00:00+02:00;1962,000;1,000;MESURE
2024-10-24 13:00:00+02:00;117,000;1,000;MESURE
2024-10-24 14:00:00+02:00;117,000;1,000;MESURE
2024-10-24 15:00:00+02:00;117,000;1,000;MESURE
2024-10-24 16:00:00+02:00;223,000;1,000;MESURE
2024-10-24 17:00:00+02:00;220,000;1,000;MESURE
2024-10-24 18:00:00+02:00;235,000;1,000;MESURE
2024-10-24 19:00:00+02:00;122,000;1,000;MESURE
2024-10-24 20:00:00+02:00;134,000;1,000;MESURE
2024-10-24 21:00:00+02:00;247,000;1,000;MESURE
2024-10-24 22:00:00+02:00;169,000;1,000;MESURE
2024-10-24 23:00:00+02:00;135,000;1,000;MESURE
2024-10-25 00:00:00+02:00;161,000;1,000;MESURE
2024-10-25 01:00:00+02:00;118,000;1,000;MESURE
2024-10-25 02:00:00+02:00;220,000;1,000;MESURE
2024-10-25 03:00:00+02:00;176,000;1,000;MESURE
2024-10-25 04:00:00+02:00;116,000;1,000;MESURE
2024-10-25 05:00:00+02:00;120,000;1,000;MESURE
2024-10-25 06:00:00+02:00;178,000;1,000;MESURE
2024-10-25 07:00:00+02:00;186,000;1,000;MESURE
2024-10-25 08:00:00+02:00;182,000;1,000;MESURE
2024-10-25 09:00:00+02:00;116,000;1,000;MESURE
2024-10-25 10:00:00+02:00;548,000;1,000;MESURE
2024-10-25 11:00:00+02:00;1485,000;1,000;MESURE
2024-10-25 12:00:00+02:00;162,000;1,000;MESURE
2024-10-25 13:00:00+02:00;239,000;1,000;MESURE
2024-10-25 14:00:00+02:00;150,000;1,000;MESURE
2024-10-25 15:00:00+02:00;121,000;1,000;MESURE
2024-10-25 16:00:00+02:00;185,000;1,000;MESURE
2024-10-25 17:00:00+02:00;276,000;1,000;MESURE
2024-10-25 18:00:00+02:00;235,000;1,000;MESURE
2024-10-25 19:00:00+02:00;125,000;1,000;MESURE
2024-10-25 20:00:00+02:00;120,000;1,000;MESURE
2024-10-25 21:00:00+02:00;155,000;1,000;MESURE
2024-10-25 22:00:00+02:00;228,000;1,000;MESURE
2024-10-25 23:00:00+02:00;188,000;1,000;MESURE
2024-10-26 00:00:00+02:00;139,000;1,000;MESURE
2024-10-26 01:00:00+02:00;122,000;1,000;MESURE
2024-10-26 02:00:00+02:00;166,000;1,000;MESURE
2024-10-26 03:00:00+02:00;196,000;1,000;MESURE
2024-10-26 04:00:00+02:00;180,000;1,000;MESURE
2024-10-26 05:00:00+02:00;140,000;1,000;MESURE
2024-10-26 06:00:00+02:00;123,000;1,000;MESURE
2024-10-26 07:00:00+02:00;217,000;1,000;MESURE
2024-10-26 08:00:00+02:00;690,000;1,000;MESURE
2024-10-26 09:00:00+02:00;487,000;1,000;MESURE
2024-10-26 10:00:00+02:00;212,000;1,000;MESURE
2024-10-26 11:00:00+02:00;1553,000;1,000;MESURE
2024-10-26 12:00:00+02:00;4425,000;1,000;MESURE
2024-10-26 13:00:00+02:00;3538,000;1,000;MESURE
2024-10-26 14:00:00+02:00;2220,000;1,000;MESURE
2024-10-26 15:00:00+02:00;1008,000;1,000;MESURE
2024-10-26 16:00:00+02:00;221,000;1,000;MESURE
2024-10-26 17:00:00+02:00;180,000;1,000;MESURE
2024-10-26 18:00:00+02:00;212,000;1,000;MESURE
2024-10-26 19:00:00+02:00;121,000;1,000;MESURE
2024-10-26 20:00:00+02:00;150,000;1,000;MESURE
2024-10-26 21:00:00+02:00;232,000;1,000;MESURE
2024-10-26 22:00:00+02:00;121,000;1,000;MESURE
2024-10-26 23:00:00+02:00;1529,000;1,000;MESURE
2024-10-27 00:00:00+02:00;165,000;1,000;MESURE
2024-10-27 01:00:00+02:00;155,000;1,000;MESURE
2024-10-27 02:00:00+02:00;239,000;1,000;MESURE
2024-10-27 02:00:00+01:00;116,000;1,000;MESURE
2024-10-27 03:00:00+01:00;116,000;1,000;MESURE
2024-10-27 04:00:00+01:00;143,000;1,000;MESURE
2024-10-27 05:00:00+01:00;157,000;1,000;MESURE
2024-10-27 06:00:00+01:00;225,000;1,000;MESURE
2024-10-27 07:00:00+01:00;121,000;1,000;MESURE
2024-10-27 08:00:00+01:00;154,000;1,000;MESURE
2024-10-27 09:00:00+01:00;122,000;1,000;MESURE
2024-10-27 10:00:00+01:00;120,000;1,000;MESURE
2024-10-27 11:00:00+01:00;208,000;1,000;MESURE
2024-10-27 12:00:00+01:00;194,000;1,000;MESURE
2024-10-27 13:00:00+01:00;119,000;1,000;MESURE
2024-10-27 14:00:00+01:00;172,000;1,000;MESURE
2024-10-27 15:00:00+01:00;129,000;1,000;MESURE
2024-10-27 16:00:00+01:00;214,000;1,000;MESURE
2024-10-27 17:00:00+01:00;175,000;1,000;MESURE
2024-10-27 18:00:00+01:00;121,000;1,000;MESURE
2024-10-27 19:00:00+01:00;174,000;1,000;MESURE
2024-10-27 20:00:00+01:00;140,000;1,000;MESURE
2024-10-27 21:00:00+01:00;236,000;1,000;MESURE
2024-10-27 22:00:00+01:00;164,000;1,000;MESURE
2024-10-27 23:00:00+01:00;116,000;1,000;MESURE
2024-10-28 00:00:00+01:00;137,000;1,000;MESURE
2024-10-28 01:00:00+01:00;155,000;1,000;MESURE
2024-10-28 02:00:00+01:00;234,000;1,000;MESURE
2024-10-28 03:00:00+01:00;934,000;1,000;MESURE
2024-10-28 04:00:00+01:00;1072,000;1,000;MESURE
2024-10-28 05:00:00+01:00;115,000;1,000;MESURE
2024-10-28 06:00:00+01:00;115,000;1,000;MESURE
2024-10-28 07:00:00+01:00;207,000;1,000;MESURE
2024-10-28 08:00:00+01:00;185,000;1,000;MESURE
2024-10-28 09:00:00+01:00;115,000;1,000;MESURE
2024-10-28 10:00:00+01:00;116,000;1,000;MESURE
2024-10-28 11:00:00+01:00;155,000;1,000;MESURE
2024-10-28 12:00:00+01:00;180,000;1,000;MESURE
2024-10-28 13:00:00+01:00;195,000;1,000;MESURE
2024-10-28 14:00:00+01:00;125,000;1,000;MESURE
2024-10-28 15:00:00+01:00;137,000;1,000;MESURE
2024-10-28 16:00:00+01:00;180,000;1,000;MESURE
2024-10-28 17:00:00+01:00;216,000;1,000;MESURE
2024-10-28 18:00:00+01:00;152,000;1,000;MESURE
2024-10-28 19:00:00+01:00;134,000;1,000;MESURE
2024-10-28 20:00:00+01:00;120,000;1,000;MESURE
2024-10-28 21:00:00+01:00;180,000;1,000;MESURE
2024-10-28 22:00:00+01:00;223,000;1,000;MESURE
2024-10-28 23:00:00+01:00;125,000;1,000;MESURE
2024-10-29 00:00:00+01:00;114,000;1,000;MESURE
2024-10-29 01:00:00+01:00;171,000;1,000;MESURE
2024-10-29 02:00:00+01:00;153,000;1,000;MESURE
2024-10-29 03:00:00+01:00;232,000;1,000;MESURE
2024-10-29 04:00:00+01:00;211,000;1,000;MESURE
2024-10-29 05:00:00+01:00;225,000;1,000;MESURE
2024-10-29 06:00:00+01:00;275,000;1,000;MESURE
2024-10-29 07:00:00+01:00;756,000;1,000;MESURE
2024-10-29 08:00:00+01:00;1757,000;1,000;MESURE
2024-10-29 09:00:00+01:00;316,000;1,000;MESURE
2024-10-29 10:00:00+01:00;157,000;1,000;MESURE
2024-10-29 11:00:00+01:00;116,000;1,000;MESURE
2024-10-29 12:00:00+01:00;168,000;1,000;MESURE
2024-10-29 13:00:00+01:00;117,000;1,000;MESURE
2024-10-29 14:00:00+01:00;154,000;1,000;MESURE
2024-10-29 15:00:00+01:00;246,000;1,000;MESURE
2024-10-29 16:00:00+01:00;154,000;1,000;MESURE
2024-10-29 17:00:00+01:00;133,000;1,000;MESURE
2024-10-29 18:00:00+01:00;157,000;1,000;MESURE
2024-10-29 19:00:00+01:00;135,000;1,000;MESURE
2024-10-29 20:00:00+01:00;209,000;1,000;MESURE
2024-10-29 21:00:00+01:00;148,000;1,000;MESURE
2024-10-29 22:00:00+01:00;142,000;1,000;MESURE
2024-10-29 23:00:00+01:00;122,000;1,000;MESURE
2024-10-30 00:00:00+01:00;122,000;1,000;MESURE
2024-10-30 01:00:00+01:00;220,000;1,000;MESURE
2024-10-30 02:00:00+01:00;175,000;1,000;MESURE
2024-10-30 03:00:00+01:00;108,000;1,000;MESURE
2024-10-30 04:00:00+01:00;112,000;1,000;MESURE
2024-10-30 05:00:00+01:00;152,000;1,000;MESURE
2024-10-30 06:00:00+01:00;158,000;1,000;MESURE
2024-10-30 07:00:00+01:00;235,000;1,000;MESURE
2024-10-30 08:00:00+01:00;144,000;1,000;MESURE
2024-10-30 09:00:00+01:00;137,000;1,000;MESURE
2024-10-30 10:00:00+01:00;273,000;1,000;MESURE
2024-10-30 11:00:00+01:00;1920,000;1,000;MESURE
2024-10-30 12:00:00+01:00;134,000;1,000;MESURE
2024-10-30 13:00:00+01:00;216,000;1,000;MESURE
2024-10-30 14:00:00+01:00;159,000;1,000;MESURE
2024-10-30 15:00:00+01:00;154,000;1,000;MESURE
2024-10-30 16:00:00+01:00;115,000;1,000;MESURE
2024-10-30 17:00:00+01:00;159,000;1,000;MESURE
2024-10-30 18:00:00+01:00;184,000;1,000;MESURE
2024-10-30 19:00:00+01:00;162,000;1,000;MESURE
2024-10-30 20:00:00+01:00;131,000;1,000;MESURE
2024-10-30 21:00:00+01:00;142,000;1,000;MESURE
2024-10-30 22:00:00+01:00;113,000;1,000;MESURE
2024-10-30 23:00:00+01:00;115,000;1,000;MESURE
2024-10-31 00:00:00+01:00;271,000;1,000;MESURE
2024-10-31 01:00:00+01:00;144,000;1,000;MESURE
2024-10-31 02:00:00+01:00;145,000;1,000;MESURE
2024-10-31 03:00:00+01:00;151,000;1,000;MESURE
2024-10-31 04:00:00+01:00;924,000;1,000;MESURE
2024-10-31 05:00:00+01:00;1110,000;1,000;MESURE
2024-10-31 06:00:00+01:00;276,000;1,000;MESURE
2024-10-31 07:00:00+01:00;190,000;1,000;MESURE
2024-10-31 08:00:00+01:00;239,000;1,000;MESURE
2024-10-31 09:00:00+01:00;194,000;1,000;MESURE
2024-10-31 10:00:00+01:00;168,000;1,000;MESURE
2024-10-31 11:00:00+01:00;174,000;1,000;MESURE
2024-10-31 12:00:00+01:00;249,000;1,000;MESURE
2024-10-31 13:00:00+01:00;121,000;1,000;MESURE
2024-10-31 14:00:00+01:00;115,000;1,000;MESURE
2024-10-31 15:00:00+01:00;108,000;1,000;MESURE
2024-10-31 16:00:00+01:00;184,000;1,000;MESURE
2024-10-31 17:00:00+01:00;182,000;1,000;MESURE
2024-10-31 18:00:00+01:00;168,000;1,000;MESURE
2024-10-31 19:00:00+01:00;127,000;1,000;MESURE
2024-10-31 20:00:00+01:00;188,000;1,000;MESURE
2024-10-31 21:00:00+01:00;156,000;1,000;MESURE
2024-10-31 22:00:00+01:00;172,000;1,000;MESURE
2024-10-31 23:00:00+01:00;269,000;1,000;MESURE
2024-11-01 00:00:00+01:00;249,000;1,000;MESURE
2024-11-01 01:00:00+01:00;226,000;1,000;MESURE
2024-11-01 02:00:00+01:00;209,000;1,000;MESURE
2024-11-01 03:00:00+01:00;243,000;1,000;MESURE
2024-11-01 04:00:00+01:00;285,000;1,000;MESURE
2024-11-01 05:00:00+01:00;436,000;1,000;MESURE
2024-11-01 06:00:00+01:00;424,000;1,000;MESURE
2024-11-01 07:00:00+01:00;2126,000;1,000;MESURE
2024-11-01 08:00:00+01:00;469,000;1,000;MESURE
2024-11-01 09:00:00+01:00;367,000;1,000;MESURE
2024-11-01 10:00:00+01:00;346,000;1,000;MESURE
2024-11-01 11:00:00+01:00;229,000;1,000;MESURE
2024-11-01 12:00:00+01:00;143,000;1,000;MESURE
2024-11-01 13:00:00+01:00;151,000;1,000;MESURE
2024-11-01 14:00:00+01:00;130,000;1,000;MESURE
2024-11-01 15:00:00+01:00;118,000;1,000;MESURE
2024-11-01 16:00:00+01:00;171,000;1,000;MESURE
2024-11-01 17:00:00+01:00;226,000;1,000;MESURE
2024-11-01 18:00:00+01:00;115,000;1,000;MESURE
2024-11-01 19:00:00+01:00;149,000;1,000;MESURE
2024-11-01 20:00:00+01:00;237,000;1,000;MESURE
2024-11-01 21:00:00+01:00;329,000;1,000;MESURE
2024-11-01 22:00:00+01:00;541,000;1,000;MESURE
2024-11-01 23:00:00+01:00;692,000;1,000;MESURE
2024-11-02 00:00:00+01:00;719,000;1,000;MESURE
2024-11-02 01:00:00+01:00;700,000;1,000;MESURE
2024-11-02 02:00:00+01:00;835,000;1,000;MESURE
2024-11-02 03:00:00+01:00;935,000;1,000;MESURE
2024-11-02 04:00:00+01:00;1070,000;1,000;MESURE
2024-11-02 05:00:00+01:00;1026,000;1,000;MESURE
2024-11-02 06:00:00+01:00;980,000;1,000;MESURE
2024-11-02 07:00:00+01:00;1028,000;1,000;MESURE
2024-11-02 08:00:00+01:00;1105,000;1,000;MESURE
2024-11-02 09:00:00+01:00;2006,000;1,000;MESURE
2024-11-02 10:00:00+01:00;1961,000;1,000;MESURE
2024-11-02 11:00:00+01:00;836,000;1,000;MESURE
2024-11-02 12:00:00+01:00;639,000;1,000;MESURE
2024-11-02 13:00:00+01:00;532,000;1,000;MESURE
2024-11-02 14:00:00+01:00;473,000;1,000;MESURE
2024-11-02 15:00:00+01:00;406,000;1,000;MESURE
2024-11-02 16:00:00+01:00;505,000;1,000;MESURE
2024-11-02 17:00:00+01:00;568,000;1,000;MESURE
2024-11-02 18:00:00+01:00;617,000;1,000;MESURE
2024-11-02 19:00:00+01:00;783,000;1,000;MESURE
2024-11-02 20:00:00+01:00;883,000;1,000;MESURE
2024-11-02 21:00:00+01:00;928,000;1,000;MESURE
2024-11-02 22:00:00+01:00;1009,000;1,000;MESURE
2024-11-02 23:00:00+01:00;1064,000;1,000;MESURE
2024-11-03 00:00:00+01:00;930,000;1,000;MESURE
2024-11-03 01:00:00+01:00;914,000;1,000;MESURE
2024-11-03 02:00:00+01:00;915,000;1,000;MESURE
2024-11-03 03:00:00+01:00;939,000;1,000;MESURE
2024-11-03 04:00:00+01:00;1041,000;1,000;MESURE
2024-11-03 05:00:00+01:00;1068,000;1,000;MESURE
2024-11-03 06:00:00+01:00;973,000;1,000;MESURE
2024-11-03 07:00:00+01:00;975,000;1,000;MESURE
2024-11-03 08:00:00+01:00;977,000;1,000;MESURE
2024-11-03 09:00:00+01:00;898,000;1,000;MESURE
2024-11-03 10:00:00+01:00;783,000;1,000;MESURE
2024-11-03 11:00:00+01:00;1943,000;1,000;MESURE
2024-11-03 12:00:00+01:00;888,000;1,000;MESURE
2024-11-03 13:00:00+01:00;167,000;1,000;MESURE
2024-11-03 14:00:00+01:00;132,000;1,000;MESURE
2024-11-03 15:00:00+01:00;141,000;1,000;MESURE
2024-11-03 16:00:00+01:00;217,000;1,000;MESURE
2024-11-03 17:00:00+01:00;285,000;1,000;MESURE
2024-11-03 18:00:00+01:00;342,000;1,000;MESURE
2024-11-03 19:00:00+01:00;495,000;1,000;MESURE
2024-11-03 20:00:00+01:00;650,000;1,000;MESURE
2024-11-03 21:00:00+01:00;699,000;1,000;MESURE
2024-11-03 22:00:00+01:00;811,000;1,000;MESURE
2024-11-03 23:00:00+01:00;757,000;1,000;MESURE
2024-11-04 00:00:00+01:00;707,000;1,000;MESURE
2024-11-04 01:00:00+01:00;730,000;1,000;MESURE
2024-11-04 02:00:00+01:00;863,000;1,000;MESURE
2024-11-04 03:00:00+01:00;863,000;1,000;MESURE
2024-11-04 04:00:00+01:00;918,000;1,000;MESURE
2024-11-04 05:00:00+01:00;926,000;1,000;MESURE
2024-11-04 06:00:00+01:00;911,000;1,000;MESURE
2024-11-04 07:00:00+01:00;1002,000;1,000;MESURE
2024-11-04 08:00:00+01:00;1067,000;1,000;MESURE
2024-11-04 09:00:00+01:00;1040,000;1,000;MESURE
2024-11-04 10:00:00+01:00;1045,000;1,000;MESURE
2024-11-04 11:00:00+01:00;537,000;1,000;MESURE
2024-11-04 12:00:00+01:00;152,000;1,000;MESURE
2024-11-04 13:00:00+01:00;1997,000;1,000;MESURE
2024-11-04 14:00:00+01:00;123,000;1,000;MESURE
2024-11-04 15:00:00+01:00;169,000;1,000;MESURE
2024-11-04 16:00:00+01:00;216,000;1,000;MESURE
2024-11-04 17:00:00+01:00;114,000;1,000;MESURE
2024-11-04 18:00:00+01:00;175,000;1,000;MESURE
2024-11-04 19:00:00+01:00;152,000;1,000;MESURE
2024-11-04 20:00:00+01:00;220,000;1,000;MESURE
2024-11-04 21:00:00+01:00;326,000;1,000;MESURE
2024-11-04 22:00:00+01:00;384,000;1,000;MESURE
2024-11-04 23:00:00+01:00;339,000;1,000;MESURE
2024-11-05 00:00:00+01:00;371,000;1,000;MESURE
2024-11-05 01:00:00+01:00;467,000;1,000;MESURE
2024-11-05 02:00:00+01:00;492,000;1,000;MESURE
2024-11-05 03:00:00+01:00;637,000;1,000;MESURE
2024-11-05 04:00:00+01:00;603,000;1,000;MESURE
2024-11-05 05:00:00+01:00;557,000;1,000;MESURE
2024-11-05 06:00:00+01:00;570,000;1,000;MESURE
2024-11-05 07:00:00+01:00;605,000;1,000;MESURE
2024-11-05 08:00:00+01:00;645,000;1,000;MESURE
2024-11-05 09:00:00+01:00;601,000;1,000;MESURE
2024-11-05 10:00:00+01:00;279,000;1,000;MESURE
2024-11-05 11:00:00+01:00;116,000;1,000;MESURE
2024-11-05 12:00:00+01:00;151,000;1,000;MESURE
2024-11-05 13:00:00+01:00;121,000;1,000;MESURE
2024-11-05 14:00:00+01:00;134,000;1,000;MESURE
2024-11-05 15:00:00+01:00;1529,000;1,000;MESURE
2024-11-05 16:00:00+01:00;749,000;1,000;MESURE
2024-11-05 17:00:00+01:00;117,000;1,000;MESURE
2024-11-05 18:00:00+01:00;157,000;1,000;MESURE
2024-11-05 19:00:00+01:00;115,000;1,000;MESURE
2024-11-05 20:00:00+01:00;213,000;1,000;MESURE
2024-11-05 21:00:00+01:00;170,000;1,000;MESURE
2024-11-05 22:00:00+01:00;149,000;1,000;MESURE
2024-11-05 23:00:00+01:00;206,000;1,000;MESURE
2024-11-06 00:00:00+01:00;270,000;1,000;MESURE
2024-11-06 01:00:00+01:00;466,000;1,000;MESURE
2024-11-06 02:00:00+01:00;549,000;1,000;MESURE
2024-11-06 03:00:00+01:00;543,000;1,000;MESURE
2024-11-06 04:00:00+01:00;663,000;1,000;MESURE
2024-11-06 05:00:00+01:00;827,000;1,000;MESURE
2024-11-06 06:00:00+01:00;906,000;1,000;MESURE
2024-11-06 07:00:00+01:00;1000,000;1,000;MESURE
2024-11-06 08:00:00+01:00;953,000;1,000;MESURE
2024-11-06 09:00:00+01:00;746,000;1,000;MESURE
2024-11-06 10:00:00+01:00;531,000;1,000;MESURE
2024-11-06 11:00:00+01:00;208,000;1,000;MESURE
2024-11-06 12:00:00+01:00;108,000;1,000;MESURE
2024-11-06 13:00:00+01:00;184,000;1,000;MESURE
2024-11-06 14:00:00+01:00;202,000;1,000;MESURE
2024-11-06 15:00:00+01:00;122,000;1,000;MESURE
2024-11-06 16:00:00+01:00;115,000;1,000;MESURE
2024-11-06 17:00:00+01:00;156,000;1,000;MESURE
2024-11-06 18:00:00+01:00;2038,000;1,000;MESURE
2024-11-06 19:00:00+01:00;196,000;1,000;MESURE
2024-11-06 20:00:00+01:00;142,000;1,000;MESURE
2024-11-06 21:00:00+01:00;172,000;1,000;MESURE
2024-11-06 22:00:00+01:00;162,000;1,000;MESURE
2024-11-06 23:00:00+01:00;168,000;1,000;MESURE
2024-11-07 00:00:00+01:00;250,000;1,000;MESURE
2024-11-07 01:00:00+01:00;269,000;1,000;MESURE
2024-11-07 02:00:00+01:00;218,000;1,000;MESURE
2024-11-07 03:00:00+01:00;219,000;1,000;MESURE
2024-11-07 04:00:00+01:00;229,000;1,000;MESURE
2024-11-07 05:00:00+01:00;267,000;1,000;MESURE
2024-11-07 06:00:00+01:00;396,000;1,000;MESURE
2024-11-07 07:00:00+01:00;292,000;1,000;MESURE
2024-11-07 08:00:00+01:00;262,000;1,000;MESURE
2024-11-07 09:00:00+01:00;250,000;1,000;MESURE
2024-11-07 10:00:00+01:00;232,000;1,000;MESURE
2024-11-07 11:00:00+01:00;153,000;1,000;MESURE
2024-11-07 12:00:00+01:00;208,000;1,000;MESURE
2024-11-07 13:00:00+01:00;122,000;1,000;MESURE
2024-11-07 14:00:00+01:00;148,000;1,000;MESURE
2024-11-07 15:00:00+01:00;115,000;1,000;MESURE
2024-11-07 16:00:00+01:00;115,000;1,000;MESURE
2024-11-07 17:00:00+01:00;242,000;1,000;MESURE
2024-11-07 18:00:00+01:00;144,000;1,000;MESURE
2024-11-07 19:00:00+01:00;138,000;1,000;MESURE
2024-11-07 20:00:00+01:00;928,000;1,000;MESURE
2024-11-07 21:00:00+01:00;1556,000;1,000;MESURE
2024-11-07 22:00:00+01:00;463,000;1,000;MESURE
2024-11-07 23:00:00+01:00;603,000;1,000;MESURE
2024-11-08 00:00:00+01:00;551,000;1,000;MESURE
2024-11-08 01:00:00+01:00;578,000;1,000;MESURE
2024-11-08 02:00:00+01:00;534,000;1,000;MESURE
2024-11-08 03:00:00+01:00;590,000;1,000;MESURE
2024-11-08 04:00:00+01:00;696,000;1,000;MESURE
2024-11-08 05:00:00+01:00;815,000;1,000;MESURE
2024-11-08 06:00:00+01:00;750,000;1,000;MESURE
2024-11-08 07:00:00+01:00;780,000;1,000;MESURE
2024-11-08 08:00:00+01:00;840,000;1,000;MESURE
2024-11-08 09:00:00+01:00;799,000;1,000;MESURE
2024-11-08 10:00:00+01:00;769,000;1,000;MESURE
2024-11-08 11:00:00+01:00;551,000;1,000;MESURE
2024-11-08 12:00:00+01:00;213,000;1,000;MESURE
2024-11-08 13:00:00+01:00;133,000;1,000;MESURE
2024-11-08 14:00:00+01:00;128,000;1,000;MESURE
2024-11-08 15:00:00+01:00;172,000;1,000;MESURE
2024-11-08 16:00:00+01:00;182,000;1,000;MESURE
2024-11-08 17:00:00+01:00;186,000;1,000;MESURE
2024-11-08 18:00:00+01:00;217,000;1,000;MESURE
2024-11-08 19:00:00+01:00;305,000;1,000;MESURE
2024-11-08 20:00:00+01:00;309,000;1,000;MESURE
2024-11-08 21:00:00+01:00;413,000;1,000;MESURE
2024-11-08 22:00:00+01:00;741,000;1,000;MESURE
2024-11-08 23:00:00+01:00;2336,000;1,000;MESURE
2024-11-09 00:00:00+01:00;571,000;1,000;MESURE
2024-11-09 01:00:00+01:00;587,000;1,000;MESURE
2024-11-09 02:00:00+01:00;584,000;1,000;MESURE
2024-11-09 03:00:00+01:00;602,000;1,000;MESURE
2024-11-09 04:00:00+01:00;774,000;1,000;MESURE
2024-11-09 05:00:00+01:00;739,000;1,000;MESURE
2024-11-09 06:00:00+01:00;870,000;1,000;MESURE
2024-11-09 07:00:00+01:00;910,000;1,000;MESURE
2024-11-09 08:00:00+01:00;5285,000;1,000;MESURE
2024-11-09 09:00:00+01:00;6331,000;1,000;MESURE
2024-11-09 10:00:00+01:00;7448,000;1,000;MESURE
2024-11-09 11:00:00+01:00;3981,000;1,000;MESURE
2024-11-09 12:00:00+01:00;2172,000;1,000;MESURE
2024-11-09 13:00:00+01:00;2296,000;1,000;MESURE
2024-11-09 14:00:00+01:00;3385,000;1,000;MESURE
2024-11-09 15:00:00+01:00;184,000;1,000;MESURE
2024-11-09 16:00:00+01:00;129,000;1,000;MESURE
2024-11-09 17:00:00+01:00;209,000;1,000;MESURE
2024-11-09 18:00:00+01:00;256,000;1,000;MESURE
2024-11-09 19:00:00+01:00;298,000;1,000;MESURE
2024-11-09 20:00:00+01:00;484,000;1,000;MESURE
2024-11-09 21:00:00+01:00;853,000;1,000;MESURE
2024-11-09 22:00:00+01:00;1401,000;1,000;MESURE
2024-11-09 23:00:00+01:00;1802,000;1,000;MESURE
2024-11-10 00:00:00+01:00;2235,000;1,000;MESURE
2024-11-10 01:00:00+01:00;2170,000;1,000;MESURE
2024-11-10 02:00:00+01:00;2279,000;1,000;MESURE
2024-11-10 03:00:00+01:00;2264,000;1,000;MESURE
2024-11-10 04:00:00+01:00;2216,000;1,000;MESURE
2024-11-10 05:00:00+01:00;2210,000;1,000;MESURE
2024-11-10 06:00:00+01:00;2271,000;1,000;MESURE
2024-11-10 07:00:00+01:00;2431,000;1,000;MESURE
2024-11-10 08:00:00+01:00;2375,000;1,000;MESURE
2024-11-10 09:00:00+01:00;2346,000;1,000;MESURE
2024-11-10 10:00:00+01:00;2290,000;1,000;MESURE
2024-11-10 11:00:00+01:00;1961,000;1,000;MESURE
2024-11-10 12:00:00+01:00;1890,000;1,000;MESURE
2024-11-10 13:00:00+01:00;1680,000;1,000;MESURE
2024-11-10 14:00:00+01:00;1605,000;1,000;MESURE
2024-11-10 15:00:00+01:00;1617,000;1,000;MESURE
2024-11-10 16:00:00+01:00;1650,000;1,000;MESURE
2024-11-10 17:00:00+01:00;1838,000;1,000;MESURE
2024-11-10 18:00:00+01:00;1902,000;1,000;MESURE
2024-11-10 19:00:00+01:00;2822,000;1,000;MESURE
2024-11-10 20:00:00+01:00;3507,000;1,000;MESURE
2024-11-10 21:00:00+01:00;2602,000;1,000;MESURE
2024-11-10 22:00:00+01:00;2801,000;1,000;MESURE
2024-11-10 23:00:00+01:00;2709,000;1,000;MESURE
2024-11-11 00:00:00+01:00;2765,000;1,000;MESURE
2024-11-11 01:00:00+01:00;2756,000;1,000;MESURE
2024-11-11 02:00:00+01:00;2822,000;1,000;MESURE
2024-11-11 03:00:00+01:00;2943,000;1,000;MESURE
2024-11-11 04:00:00+01:00;2841,000;1,000;MESURE
2024-11-11 05:00:00+01:00;2847,000;1,000;MESURE
2024-11-11 06:00:00+01:00;2872,000;1,000;MESURE
2024-11-11 07:00:00+01:00;2995,000;1,000;MESURE
2024-11-11 08:00:00+01:00;3103,000;1,000;MESURE
2024-11-11 09:00:00+01:00;2927,000;1,000;MESURE
2024-11-11 10:00:00+01:00;2782,000;1,000;MESURE
2024-11-11 11:00:00+01:00;2687,000;1,000;MESURE
2024-11-11 12:00:00+01:00;2640,000;1,000;MESURE
2024-11-11 13:00:00+01:00;2773,000;1,000;MESURE
2024-11-11 14:00:00+01:00;2721,000;1,000;MESURE
2024-11-11 15:00:00+01:00;2755,000;1,000;MESURE
2024-11-11 16:00:00+01:00;2747,000;1,000;MESURE
2024-11-11 17:00:00+01:00;2862,000;1,000;MESURE
2024-11-11 18:00:00+01:00;2987,000;1,000;MESURE
2024-11-11 19:00:00+01:00;2949,000;1,000;MESURE
2024-11-11 20:00:00+01:00;2918,000;1,000;MESURE
2024-11-11 21:00:00+01:00;2954,000;1,000;MESURE
2024-11-11 22:00:00+01:00;3537,000;1,000;MESURE
2024-11-11 23:00:00+01:00;4517,000;1,000;MESURE
2024-11-12 00:00:00+01:00;3128,000;1,000;MESURE
2024-11-12 01:00:00+01:00;3202,000;1,000;MESURE
2024-11-12 02:00:00+01:00;3388,000;1,000;MESURE
2024-11-12 03:00:00+01:00;3657,000;1,000;MESURE
2024-11-12 04:00:00+01:00;3845,000;1,000;MESURE
2024-11-12 05:00:00+01:00;3908,000;1,000;MESURE
2024-11-12 06:00:00+01:00;4028,000;1,000;MESURE
2024-11-12 07:00:00+01:00;4180,000;1,000;MESURE
2024-11-12 08:00:00+01:00;4129,000;1,000;MESURE
2024-11-12 09:00:00+01:00;4092,000;1,000;MESURE
2024-11-12 10:00:00+01:00;3865,000;1,000;MESURE
2024-11-12 11:00:00+01:00;3417,000;1,000;MESURE
2024-11-12 12:00:00+01:00;3171,000;1,000;MESURE
2024-11-12 13:00:00+01:00;2987,000;1,000;MESURE
2024-11-12 14:00:00+01:00;2905,000;1,000;MESURE
2024-11-12 15:00:00+01:00;3396,000;1,000;MESURE
2024-11-12 16:00:00+01:00;2802,000;1,000;MESURE
2024-11-12 17:00:00+01:00;2873,000;1,000;MESURE
2024-11-12 18:00:00+01:00;3247,000;1,000;MESURE
2024-11-12 19:00:00+01:00;3863,000;1,000;MESURE
2024-11-12 20:00:00+01:00;4378,000;1,000;MESURE
2024-11-12 21:00:00+01:00;4564,000;1,000;MESURE
2024-11-12 22:00:00+01:00;4879,000;1,000;MESURE
2024-11-12 23:00:00+01:00;5206,000;1,000;MESURE
2024-11-13 00:00:00+01:00;5370,000;1,000;MESURE
2024-11-13 01:00:00+01:00;7128,000;1,000;MESURE
2024-11-13 02:00:00+01:00;5164,000;1,000;MESURE
2024-11-13 03:00:00+01:00;4510,000;1,000;MESURE
2024-11-13 04:00:00+01:00;4199,000;1,000;MESURE
2024-11-13 05:00:00+01:00;3947,000;1,000;MESURE
2024-11-13 06:00:00+01:00;4017,000;1,000;MESURE
2024-11-13 07:00:00+01:00;3897,000;1,000;MESURE
2024-11-13 08:00:00+01:00;3807,000;1,000;MESURE
2024-11-13 09:00:00+01:00;3686,000;1,000;MESURE
2024-11-13 10:00:00+01:00;4094,000;1,000;MESURE
2024-11-13 11:00:00+01:00;3570,000;1,000;MESURE
2024-11-13 12:00:00+01:00;3272,000;1,000;MESURE
2024-11-13 13:00:00+01:00;3152,000;1,000;MESURE
2024-11-13 14:00:00+01:00;3241,000;1,000;MESURE
2024-11-13 15:00:00+01:00;3369,000;1,000;MESURE
2024-11-13 16:00:00+01:00;3726,000;1,000;MESURE
2024-11-13 17:00:00+01:00;3962,000;1,000;MESURE
2024-11-13 18:00:00+01:00;4041,000;1,000;MESURE
2024-11-13 19:00:00+01:00;4059,000;1,000;MESURE
2024-11-13 20:00:00+01:00;4071,000;1,000;MESURE
2024-11-13 21:00:00+01:00;4060,000;1,000;MESURE
2024-11-13 22:00:00+01:00;4061,000;1,000;MESURE
2024-11-13 23:00:00+01:00;3975,000;1,000;MESURE
2024-11-14 00:00:00+01:00;4023,000;1,000;MESURE
2024-11-14 01:00:00+01:00;4021,000;1,000;MESURE
2024-11-14 02:00:00+01:00;4000,000;1,000;MESURE
2024-11-14 03:00:00+01:00;4812,000;1,000;MESURE
2024-11-14 04:00:00+01:00;5512,000;1,000;MESURE
2024-11-14 05:00:00+01:00;4298,000;1,000;MESURE
2024-11-14 06:00:00+01:00;4254,000;1,000;MESURE
2024-11-14 07:00:00+01:00;4296,000;1,000;MESURE
2024-11-14 08:00:00+01:00;4376,000;1,000;MESURE
2024-11-14 09:00:00+01:00;4219,000;1,000;MESURE
2024-11-14 10:00:00+01:00;4020,000;1,000;MESURE
2024-11-14 11:00:00+01:00;3833,000;1,000;MESURE
2024-11-14 12:00:00+01:00;3567,000;1,000;MESURE
2024-11-14 13:00:00+01:00;3359,000;1,000;MESURE
2024-11-14 14:00:00+01:00;2763,000;1,000;MESURE
2024-11-14 15:00:00+01:00;2660,000;1,000;MESURE
2024-11-14 16:00:00+01:00;2806,000;1,000;MESURE
2024-11-14 17:00:00+01:00;3363,000;1,000;MESURE
2024-11-14 18:00:00+01:00;4201,000;1,000;MESURE
2024-11-14 19:00:00+01:00;4686,000;1,000;MESURE
2024-11-14 20:00:00+01:00;4999,000;1,000;MESURE
2024-11-14 21:00:00+01:00;5026,000;1,000;MESURE
2024-11-14 22:00:00+01:00;4876,000;1,000;MESURE
2024-11-14 23:00:00+01:00;4642,000;1,000;MESURE
2024-11-15 00:00:00+01:00;4221,000;1,000;MESURE
2024-11-15 01:00:00+01:00;4017,000;1,000;MESURE
2024-11-15 02:00:00+01:00;3970,000;1,000;MESURE
2024-11-15 03:00:00+01:00;3959,000;1,000;MESURE
2024-11-15 04:00:00+01:00;4103,000;1,000;MESURE
2024-11-15 05:00:00+01:00;4168,000;1,000;MESURE
2024-11-15 06:00:00+01:00;6102,000;1,000;MESURE
2024-11-15 07:00:00+01:00;4761,000;1,000;MESURE
2024-11-15 08:00:00+01:00;4445,000;1,000;MESURE
2024-11-15 09:00:00+01:00;4249,000;1,000;MESURE
2024-11-15 10:00:00+01:00;3756,000;1,000;MESURE
2024-11-15 11:00:00+01:00;2862,000;1,000;MESURE
2024-11-15 12:00:00+01:00;2559,000;1,000;MESURE
2024-11-15 13:00:00+01:00;2415,000;1,000;MESURE
2024-11-15 14:00:00+01:00;2371,000;1,000;MESURE
2024-11-15 15:00:00+01:00;2397,000;1,000;MESURE
2024-11-15 16:00:00+01:00;2523,000;1,000;MESURE
2024-11-15 17:00:00+01:00;4787,000;1,000;MESURE
2024-11-15 18:00:00+01:00;6085,000;1,000;MESURE
2024-11-15 19:00:00+01:00;5156,000;1,000;MESURE
2024-11-15 20:00:00+01:00;5293,000;1,000;MESURE
2024-11-15 21:00:00+01:00;5517,000;1,000;MESURE
2024-11-15 22:00:00+01:00;5668,000;1,000;MESURE
2024-11-15 23:00:00+01:00;5764,000;1,000;MESURE
2024-11-16 00:00:00+01:00;5784,000;1,000;MESURE
2024-11-16 01:00:00+01:00;5761,000;1,000;MESURE
2024-11-16 02:00:00+01:00;5449,000;1,000;MESURE
2024-11-16 03:00:00+01:00;5039,000;1,000;MESURE
2024-11-16 04:00:00+01:00;4838,000;1,000;MESURE
2024-11-16 05:00:00+01:00;4716,000;1,000;MESURE
2024-11-16 06:00:00+01:00;4860,000;1,000;MESURE
2024-11-16 07:00:00+01:00;4758,000;1,000;MESURE
2024-11-16 08:00:00+01:00;7561,000;1,000;MESURE
2024-11-16 09:00:00+01:00;6546,000;1,000;MESURE
2024-11-16 10:00:00+01:00;5791,000;1,000;MESURE
2024-11-16 11:00:00+01:00;8487,000;1,000;MESURE
2024-11-16 12:00:00+01:00;7179,000;1,000;MESURE
2024-11-16 13:00:00+01:00;6644,000;1,000;MESURE
2024-11-16 14:00:00+01:00;6698,000;1,000;MESURE
2024-11-16 15:00:00+01:00;5495,000;1,000;MESURE
2024-11-16 16:00:00+01:00;3734,000;1,000;MESURE
2024-11-16 17:00:00+01:00;4127,000;1,000;MESURE
2024-11-16 18:00:00+01:00;1636,000;1,000;MESURE
2024-11-16 19:00:00+01:00;1992,000;1,000;MESURE
2024-11-16 20:00:00+01:00;2670,000;1,000;MESURE
2024-11-16 21:00:00+01:00;3179,000;1,000;MESURE
2024-11-16 22:00:00+01:00;3627,000;1,000;MESURE
2024-11-16 23:00:00+01:00;3833,000;1,000;MESURE
2024-11-17 00:00:00+01:00;3845,000;1,000;MESURE
2024-11-17 01:00:00+01:00;3756,000;1,000;MESURE
2024-11-17 02:00:00+01:00;3806,000;1,000;MESURE
2024-11-17 03:00:00+01:00;3958,000;1,000;MESURE
2024-11-17 04:00:00+01:00;4355,000;1,000;MESURE
2024-11-17 05:00:00+01:00;4864,000;1,000;MESURE
2024-11-17 06:00:00+01:00;5047,000;1,000;MESURE
2024-11-17 07:00:00+01:00;4962,000;1,000;MESURE
2024-11-17 08:00:00+01:00;4747,000;1,000;MESURE
2024-11-17 09:00:00+01:00;4397,000;1,000;MESURE
2024-11-17 10:00:00+01:00;3623,000;1,000;MESURE
2024-11-17 11:00:00+01:00;2957,000;1,000;MESURE
2024-11-17 12:00:00+01:00;2440,000;1,000;MESURE
2024-11-17 13:00:00+01:00;1927,000;1,000;MESURE
2024-11-17 14:00:00+01:00;1623,000;1,000;MESURE
2024-11-17 15:00:00+01:00;1577,000;1,000;MESURE
2024-11-17 16:00:00+01:00;1690,000;1,000;MESURE
2024-11-17 17:00:00+01:00;1879,000;1,000;MESURE
2024-11-17 18:00:00+01:00;2185,000;1,000;MESURE
2024-11-17 19:00:00+01:00;2410,000;1,000;MESURE
2024-11-17 20:00:00+01:00;2349,000;1,000;MESURE
2024-11-17 21:00:00+01:00;2713,000;1,000;MESURE
2024-11-17 22:00:00+01:00;3289,000;1,000;MESURE
2024-11-17 23:00:00+01:00;3765,000;1,000;MESURE
2024-11-18 00:00:00+01:00;4732,000;1,000;MESURE
2024-11-18 01:00:00+01:00;4255,000;1,000;MESURE
2024-11-18 02:00:00+01:00;3793,000;1,000;MESURE
2024-11-18 03:00:00+01:00;3763,000;1,000;MESURE
2024-11-18 04:00:00+01:00;3848,000;1,000;MESURE
2024-11-18 05:00:00+01:00;3796,000;1,000;MESURE
2024-11-18 06:00:00+01:00;3761,000;1,000;MESURE
2024-11-18 07:00:00+01:00;3743,000;1,000;MESURE
2024-11-18 08:00:00+01:00;3678,000;1,000;MESURE
2024-11-18 09:00:00+01:00;5974,000;1,000;MESURE
2024-11-18 10:00:00+01:00;7505,000;1,000;MESURE
2024-11-18 11:00:00+01:00;6607,000;1,000;MESURE
2024-11-18 12:00:00+01:00;3561,000;1,000;MESURE
2024-11-18 13:00:00+01:00;2073,000;1,000;MESURE
2024-11-18 14:00:00+01:00;1684,000;1,000;MESURE
2024-11-18 15:00:00+01:00;1619,000;1,000;MESURE
2024-11-18 16:00:00+01:00;1563,000;1,000;MESURE
2024-11-18 17:00:00+01:00;999,000;1,000;MESURE
2024-11-18 18:00:00+01:00;1154,000;1,000;MESURE
2024-11-18 19:00:00+01:00;1577,000;1,000;MESURE
2024-11-18 20:00:00+01:00;1905,000;1,000;MESURE
2024-11-18 21:00:00+01:00;2125,000;1,000;MESURE
2024-11-18 22:00:00+01:00;2265,000;1,000;MESURE
2024-11-18 23:00:00+01:00;2620,000;1,000;MESURE
2024-11-19 00:00:00+01:00;2992,000;1,000;MESURE
2024-11-19 01:00:00+01:00;3233,000;1,000;MESURE
2024-11-19 02:00:00+01:00;3207,000;1,000;MESURE
2024-11-19 03:00:00+01:00;3662,000;1,000;MESURE
2024-11-19 04:00:00+01:00;4397,000;1,000;MESURE
2024-11-19 05:00:00+01:00;3052,000;1,000;MESURE
2024-11-19 06:00:00+01:00;2966,000;1,000;MESURE
2024-11-19 07:00:00+01:00;2924,000;1,000;MESURE
2024-11-19 08:00:00+01:00;3771,000;1,000;MESURE
2024-11-19 09:00:00+01:00;6698,000;1,000;MESURE
2024-11-19 10:00:00+01:00;6555,000;1,000;MESURE
2024-11-19 11:00:00+01:00;5928,000;1,000;MESURE
2024-11-19 12:00:00+01:00;3683,000;1,000;MESURE
2024-11-19 13:00:00+01:00;2623,000;1,000;MESURE
2024-11-19 14:00:00+01:00;3953,000;1,000;MESURE
2024-11-19 15:00:00+01:00;4298,000;1,000;MESURE
2024-11-19 16:00:00+01:00;3148,000;1,000;MESURE
2024-11-19 17:00:00+01:00;1739,000;1,000;MESURE
2024-11-19 18:00:00+01:00;1631,000;1,000;MESURE
2024-11-19 19:00:00+01:00;1542,000;1,000;MESURE
2024-11-19 20:00:00+01:00;1519,000;1,000;MESURE
2024-11-19 21:00:00+01:00;1526,000;1,000;MESURE
2024-11-19 22:00:00+01:00;1574,000;1,000;MESURE
2024-11-19 23:00:00+01:00;1658,000;1,000;MESURE
2024-11-20 00:00:00+01:00;1615,000;1,000;MESURE
2024-11-20 01:00:00+01:00;1760,000;1,000;MESURE
2024-11-20 02:00:00+01:00;2000,000;1,000;MESURE
2024-11-20 03:00:00+01:00;2261,000;1,000;MESURE
2024-11-20 04:00:00+01:00;2495,000;1,000;MESURE
2024-11-20 05:00:00+01:00;2990,000;1,000;MESURE
2024-11-20 06:00:00+01:00;4394,000;1,000;MESURE
2024-11-20 07:00:00+01:00;2905,000;1,000;MESURE
2024-11-20 08:00:00+01:00;5953,000;1,000;MESURE
2024-11-20 09:00:00+01:00;3904,000;1,000;MESURE
2024-11-20 10:00:00+01:00;4035,000;1,000;MESURE
2024-11-20 11:00:00+01:00;3154,000;1,000;MESURE
2024-11-20 12:00:00+01:00;3035,000;1,000;MESURE
2024-11-20 13:00:00+01:00;2737,000;1,000;MESURE
2024-11-20 14:00:00+01:00;2911,000;1,000;MESURE
2024-11-20 15:00:00+01:00;5440,000;1,000;MESURE
2024-11-20 16:00:00+01:00;7702,000;1,000;MESURE
2024-11-20 17:00:00+01:00;4857,000;1,000;MESURE
2024-11-20 18:00:00+01:00;3904,000;1,000;MESURE
2024-11-20 19:00:00+01:00;3562,000;1,000;MESURE
2024-11-20 20:00:00+01:00;3764,000;1,000;MESURE
2024-11-20 21:00:00+01:00;3915,000;1,000;MESURE
2024-11-20 22:00:00+01:00;4181,000;1,000;MESURE
2024-11-20 23:00:00+01:00;4503,000;1,000;MESURE
2024-11-21 00:00:00+01:00;4624,000;1,000;MESURE
2024-11-21 01:00:00+01:00;4662,000;1,000;MESURE
2024-11-21 02:00:00+01:00;4687,000;1,000;MESURE
2024-11-21 03:00:00+01:00;4578,000;1,000;MESURE
2024-11-21 04:00:00+01:00;4557,000;1,000;MESURE
2024-11-21 05:00:00+01:00;4557,000;1,000;MESURE
2024-11-21 06:00:00+01:00;4521,000;1,000;MESURE
2024-11-21 07:00:00+01:00;4643,000;1,000;MESURE
2024-11-21 08:00:00+01:00;10390,000;1,000;MESURE
2024-11-21 09:00:00+01:00;9883,000;1,000;MESURE
2024-11-21 10:00:00+01:00;8871,000;1,000;MESURE
2024-11-21 11:00:00+01:00;8806,000;1,000;MESURE
2024-11-21 12:00:00+01:00;7101,000;1,000;MESURE
2024-11-21 13:00:00+01:00;6025,000;1,000;MESURE
2024-11-21 14:00:00+01:00;5379,000;1,000;MESURE
2024-11-21 15:00:00+01:00;5283,000;1,000;MESURE
2024-11-21 16:00:00+01:00;5130,000;1,000;MESURE
2024-11-21 17:00:00+01:00;4754,000;1,000;MESURE
2024-11-21 18:00:00+01:00;4712,000;1,000;MESURE
2024-11-21 19:00:00+01:00;4385,000;1,000;MESURE
2024-11-21 20:00:00+01:00;4244,000;1,000;MESURE
2024-11-21 21:00:00+01:00;4119,000;1,000;MESURE
2024-11-21 22:00:00+01:00;4115,000;1,000;MESURE
2024-11-21 23:00:00+01:00;4063,000;1,000;MESURE
2024-11-22 00:00:00+01:00;3940,000;1,000;MESURE
2024-11-22 01:00:00+01:00;4098,000;1,000;MESURE
2024-11-22 02:00:00+01:00;6369,000;1,000;MESURE
2024-11-22 03:00:00+01:00;5061,000;1,000;MESURE
2024-11-22 04:00:00+01:00;5361,000;1,000;MESURE
2024-11-22 05:00:00+01:00;5406,000;1,000;MESURE
2024-11-22 06:00:00+01:00;5461,000;1,000;MESURE
2024-11-22 07:00:00+01:00;5563,000;1,000;MESURE
2024-11-22 08:00:00+01:00;5529,000;1,000;MESURE
2024-11-22 09:00:00+01:00;5608,000;1,000;MESURE
2024-11-22 10:00:00+01:00;5496,000;1,000;MESURE
2024-11-22 11:00:00+01:00;5325,000;1,000;MESURE
2024-11-22 12:00:00+01:00;4899,000;1,000;MESURE
2024-11-22 13:00:00+01:00;4647,000;1,000;MESURE
2024-11-22 14:00:00+01:00;4665,000;1,000;MESURE
2024-11-22 15:00:00+01:00;4628,000;1,000;MESURE
2024-11-22 16:00:00+01:00;4593,000;1,000;MESURE
2024-11-22 17:00:00+01:00;4908,000;1,000;MESURE
2024-11-22 18:00:00+01:00;5045,000;1,000;MESURE
2024-11-22 19:00:00+01:00;5360,000;1,000;MESURE
2024-11-22 20:00:00+01:00;5394,000;1,000;MESURE
2024-11-22 21:00:00+01:00;5291,000;1,000;MESURE
2024-11-22 22:00:00+01:00;5331,000;1,000;MESURE
2024-11-22 23:00:00+01:00;5314,000;1,000;MESURE
2024-11-23 00:00:00+01:00;5391,000;1,000;MESURE
2024-11-23 01:00:00+01:00;5217,000;1,000;MESURE
2024-11-23 02:00:00+01:00;5346,000;1,000;MESURE
2024-11-23 03:00:00+01:00;5532,000;1,000;MESURE
2024-11-23 04:00:00+01:00;5819,000;1,000;MESURE
2024-11-23 05:00:00+01:00;7194,000;1,000;MESURE
2024-11-23 06:00:00+01:00;6946,000;1,000;MESURE
2024-11-23 07:00:00+01:00;6357,000;1,000;MESURE
2024-11-23 08:00:00+01:00;9281,000;1,000;MESURE
2024-11-23 09:00:00+01:00;9791,000;1,000;MESURE
2024-11-23 10:00:00+01:00;9369,000;1,000;MESURE
2024-11-23 11:00:00+01:00;8890,000;1,000;MESURE
2024-11-23 12:00:00+01:00;8968,000;1,000;MESURE
2024-11-23 13:00:00+01:00;5838,000;1,000;MESURE
2024-11-23 14:00:00+01:00;3964,000;1,000;MESURE
2024-11-23 15:00:00+01:00;4355,000;1,000;MESURE
2024-11-23 16:00:00+01:00;3847,000;1,000;MESURE
2024-11-23 17:00:00+01:00;3107,000;1,000;MESURE
2024-11-23 18:00:00+01:00;2127,000;1,000;MESURE
2024-11-23 19:00:00+01:00;2034,000;1,000;MESURE
2024-11-23 20:00:00+01:00;2372,000;1,000;MESURE
2024-11-23 21:00:00+01:00;2528,000;1,000;MESURE
2024-11-23 22:00:00+01:00;2802,000;1,000;MESURE
2024-11-23 23:00:00+01:00;2814,000;1,000;MESURE
2024-11-24 00:00:00+01:00;2688,000;1,000;MESURE
2024-11-24 01:00:00+01:00;2566,000;1,000;MESURE
2024-11-24 02:00:00+01:00;2332,000;1,000;MESURE
2024-11-24 03:00:00+01:00;2341,000;1,000;MESURE
2024-11-24 04:00:00+01:00;2194,000;1,000;MESURE
2024-11-24 05:00:00+01:00;2134,000;1,000;MESURE
2024-11-24 06:00:00+01:00;2163,000;1,000;MESURE
2024-11-24 07:00:00+01:00;2055,000;1,000;MESURE
2024-11-24 08:00:00+01:00;2221,000;1,000;MESURE
2024-11-24 09:00:00+01:00;1741,000;1,000;MESURE
2024-11-24 10:00:00+01:00;1211,000;1,000;MESURE
2024-11-24 11:00:00+01:00;804,000;1,000;MESURE
2024-11-24 12:00:00+01:00;1664,000;1,000;MESURE
2024-11-24 13:00:00+01:00;378,000;1,000;MESURE
2024-11-24 14:00:00+01:00;236,000;1,000;MESURE
2024-11-24 15:00:00+01:00;243,000;1,000;MESURE
2024-11-24 16:00:00+01:00;324,000;1,000;MESURE
2024-11-24 17:00:00+01:00;645,000;1,000;MESURE
2024-11-24 18:00:00+01:00;956,000;1,000;MESURE
2024-11-24 19:00:00+01:00;1307,000;1,000;MESURE
2024-11-24 20:00:00+01:00;1537,000;1,000;MESURE
2024-11-24 21:00:00+01:00;1654,000;1,000;MESURE
2024-11-24 22:00:00+01:00;1925,000;1,000;MESURE
2024-11-24 23:00:00+01:00;1981,000;1,000;MESURE
2024-11-25 00:00:00+01:00;1811,000;1,000;MESURE
2024-11-25 01:00:00+01:00;1939,000;1,000;MESURE
2024-11-25 02:00:00+01:00;1789,000;1,000;MESURE
2024-11-25 03:00:00+01:00;1642,000;1,000;MESURE
2024-11-25 04:00:00+01:00;1624,000;1,000;MESURE
2024-11-25 05:00:00+01:00;1427,000;1,000;MESURE
2024-11-25 06:00:00+01:00;1344,000;1,000;MESURE
2024-11-25 07:00:00+01:00;1201,000;1,000;MESURE
2024-11-25 08:00:00+01:00;1409,000;1,000;MESURE
2024-11-25 09:00:00+01:00;1253,000;1,000;MESURE
2024-11-25 10:00:00+01:00;591,000;1,000;MESURE
2024-11-25 11:00:00+01:00;453,000;1,000;MESURE
2024-11-25 12:00:00+01:00;269,000;1,000;MESURE
2024-11-25 13:00:00+01:00;230,000;1,000;MESURE
2024-11-25 14:00:00+01:00;530,000;1,000;MESURE
2024-11-25 15:00:00+01:00;225,000;1,000;MESURE
2024-11-25 16:00:00+01:00;207,000;1,000;MESURE
2024-11-25 17:00:00+01:00;2174,000;1,000;MESURE
2024-11-25 18:00:00+01:00;294,000;1,000;MESURE
2024-11-25 19:00:00+01:00;291,000;1,000;MESURE
2024-11-25 20:00:00+01:00;248,000;1,000;MESURE
2024-11-25 21:00:00+01:00;360,000;1,000;MESURE
2024-11-25 22:00:00+01:00;529,000;1,000;MESURE
2024-11-25 23:00:00+01:00;865,000;1,000;MESURE
2024-11-26 00:00:00+01:00;1104,000;1,000;MESURE
2024-11-26 01:00:00+01:00;1311,000;1,000;MESURE
2024-11-26 02:00:00+01:00;1570,000;1,000;MESURE
2024-11-26 03:00:00+01:00;1679,000;1,000;MESURE
2024-11-26 04:00:00+01:00;2103,000;1,000;MESURE
2024-11-26 05:00:00+01:00;2214,000;1,000;MESURE
2024-11-26 06:00:00+01:00;2423,000;1,000;MESURE
2024-11-26 07:00:00+01:00;3118,000;1,000;MESURE
2024-11-26 08:00:00+01:00;6971,000;1,000;MESURE
2024-11-26 09:00:00+01:00;4979,000;1,000;MESURE
2024-11-26 10:00:00+01:00;2709,000;1,000;MESURE
2024-11-26 11:00:00+01:00;1683,000;1,000;MESURE
2024-11-26 12:00:00+01:00;1010,000;1,000;MESURE
2024-11-26 13:00:00+01:00;723,000;1,000;MESURE
2024-11-26 14:00:00+01:00;2253,000;1,000;MESURE
2024-11-26 15:00:00+01:00;2336,000;1,000;MESURE
2024-11-26 16:00:00+01:00;2383,000;1,000;MESURE
2024-11-26 17:00:00+01:00;3671,000;1,000;MESURE
2024-11-26 18:00:00+01:00;1551,000;1,000;MESURE
2024-11-26 19:00:00+01:00;1711,000;1,000;MESURE
2024-11-26 20:00:00+01:00;1938,000;1,000;MESURE
2024-11-26 21:00:00+01:00;4312,000;1,000;MESURE
2024-11-26 22:00:00+01:00;2588,000;1,000;MESURE
2024-11-26 23:00:00+01:00;2662,000;1,000;MESURE
2024-11-27 00:00:00+01:00;2948,000;1,000;MESURE
2024-11-27 01:00:00+01:00;3230,000;1,000;MESURE
2024-11-27 02:00:00+01:00;3543,000;1,000;MESURE
2024-11-27 03:00:00+01:00;3854,000;1,000;MESURE
2024-11-27 04:00:00+01:00;4112,000;1,000;MESURE
2024-11-27 05:00:00+01:00;4424,000;1,000;MESURE
2024-11-27 06:00:00+01:00;4512,000;1,000;MESURE
2024-11-27 07:00:00+01:00;4658,000;1,000;MESURE
2024-11-27 08:00:00+01:00;5022,000;1,000;MESURE
2024-11-27 09:00:00+01:00;4504,000;1,000;MESURE
2024-11-27 10:00:00+01:00;4002,000;1,000;MESURE
2024-11-27 11:00:00+01:00;5504,000;1,000;MESURE
2024-11-27 12:00:00+01:00;3186,000;1,000;MESURE
2024-11-27 13:00:00+01:00;1787,000;1,000;MESURE
2024-11-27 14:00:00+01:00;1631,000;1,000;MESURE
2024-11-27 15:00:00+01:00;2406,000;1,000;MESURE
2024-11-27 16:00:00+01:00;6285,000;1,000;MESURE
2024-11-27 17:00:00+01:00;5395,000;1,000;MESURE
2024-11-27 18:00:00+01:00;5042,000;1,000;MESURE
2024-11-27 19:00:00+01:00;5018,000;1,000;MESURE
2024-11-27 20:00:00+01:00;4967,000;1,000;MESURE
2024-11-27 21:00:00+01:00;4914,000;1,000;MESURE
2024-11-27 22:00:00+01:00;4634,000;1,000;MESURE
2024-11-27 23:00:00+01:00;4698,000;1,000;MESURE
2024-11-28 00:00:00+01:00;4951,000;1,000;MESURE
2024-11-28 01:00:00+01:00;4942,000;1,000;MESURE
2024-11-28 02:00:00+01:00;4661,000;1,000;MESURE
2024-11-28 03:00:00+01:00;4362,000;1,000;MESURE
2024-11-28 04:00:00+01:00;4119,000;1,000;MESURE
2024-11-28 05:00:00+01:00;4047,000;1,000;MESURE
2024-11-28 06:00:00+01:00;4140,000;1,000;MESURE
2024-11-28 07:00:00+01:00;4023,000;1,000;MESURE
2024-11-28 08:00:00+01:00;7899,000;1,000;MESURE
2024-11-28 09:00:00+01:00;5665,000;1,000;MESURE
2024-11-28 10:00:00+01:00;3846,000;1,000;MESURE
2024-11-28 11:00:00+01:00;4804,000;1,000;MESURE
2024-11-28 12:00:00+01:00;3173,000;1,000;MESURE
2024-11-28 13:00:00+01:00;2426,000;1,000;MESURE
2024-11-28 14:00:00+01:00;3717,000;1,000;MESURE
2024-11-28 15:00:00+01:00;6598,000;1,000;MESURE
2024-11-28 16:00:00+01:00;3934,000;1,000;MESURE
2024-11-28 17:00:00+01:00;4197,000;1,000;MESURE
2024-11-28 18:00:00+01:00;2517,000;1,000;MESURE
2024-11-28 19:00:00+01:00;2510,000;1,000;MESURE
2024-11-28 20:00:00+01:00;2801,000;1,000;MESURE
2024-11-28 21:00:00+01:00;3181,000;1,000;MESURE
2024-11-28 22:00:00+01:00;5489,000;1,000;MESURE
2024-11-28 23:00:00+01:00;3930,000;1,000;MESURE
2024-11-29 00:00:00+01:00;4063,000;1,000;MESURE
2024-11-29 01:00:00+01:00;4112,000;1,000;MESURE
2024-11-29 02:00:00+01:00;4330,000;1,000;MESURE
2024-11-29 03:00:00+01:00;4512,000;1,000;MESURE
2024-11-29 04:00:00+01:00;4553,000;1,000;MESURE
2024-11-29 05:00:00+01:00;4634,000;1,000;MESURE
2024-11-29 06:00:00+01:00;4813,000;1,000;MESURE
2024-11-29 07:00:00+01:00;5057,000;1,000;MESURE
2024-11-29 08:00:00+01:00;5199,000;1,000;MESURE
2024-11-29 09:00:00+01:00;5085,000;1,000;MESURE
2024-11-29 10:00:00+01:00;5028,000;1,000;MESURE
2024-11-29 11:00:00+01:00;4820,000;1,000;MESURE
2024-11-29 12:00:00+01:00;4617,000;1,000;MESURE
2024-11-29 13:00:00+01:00;4284,000;1,000;MESURE
2024-11-29 14:00:00+01:00;4171,000;1,000;MESURE
2024-11-29 15:00:00+01:00;4158,000;1,000;MESURE
2024-11-29 16:00:00+01:00;9861,000;1,000;MESURE
2024-11-29 17:00:00+01:00;5989,000;1,000;MESURE
2024-11-29 18:00:00+01:00;4532,000;1,000;MESURE
2024-11-29 19:00:00+01:00;4382,000;1,000;MESURE
2024-11-29 20:00:00+01:00;4545,000;1,000;MESURE
2024-11-29 21:00:00+01:00;4655,000;1,000;MESURE
2024-11-29 22:00:00+01:00;4737,000;1,000;MESURE
2024-11-29 23:00:00+01:00;4948,000;1,000;MESURE
2024-11-30 00:00:00+01:00;5036,000;1,000;MESURE
2024-11-30 01:00:00+01:00;5025,000;1,000;MESURE
2024-11-30 02:00:00+01:00;5610,000;1,000;MESURE
2024-11-30 03:00:00+01:00;6751,000;1,000;MESURE
2024-11-30 04:00:00+01:00;5344,000;1,000;MESURE
2024-11-30 05:00:00+01:00;5775,000;1,000;MESURE
2024-11-30 06:00:00+01:00;6204,000;1,000;MESURE
2024-11-30 07:00:00+01:00;7040,000;1,000;MESURE
2024-11-30 08:00:00+01:00;7534,000;1,000;MESURE
2024-11-30 09:00:00+01:00;5818,000;1,000;MESURE
2024-11-30 10:00:00+01:00;4995,000;1,000;MESURE
2024-11-30 11:00:00+01:00;5983,000;1,000;MESURE
2024-11-30 12:00:00+01:00;5260,000;1,000;MESURE
2024-11-30 13:00:00+01:00;2677,000;1,000;MESURE
2024-11-30 14:00:00+01:00;5135,000;1,000;MESURE
2024-11-30 15:00:00+01:00;4222,000;1,000;MESURE
2024-11-30 16:00:00+01:00;3451,000;1,000;MESURE
2024-11-30 17:00:00+01:00;4313,000;1,000;MESURE
2024-11-30 18:00:00+01:00;5033,000;1,000;MESURE
2024-11-30 19:00:00+01:00;5896,000;1,000;MESURE
2024-11-30 20:00:00+01:00;6115,000;1,000;MESURE
2024-11-30 21:00:00+01:00;6231,000;1,000;MESURE
2024-11-30 22:00:00+01:00;6178,000;1,000;MESURE
2024-11-30 23:00:00+01:00;6293,000;1,000;MESURE
2024-12-01 00:00:00+01:00;6330,000;1,000;MESURE
2024-12-01 01:00:00+01:00;6634,000;1,000;MESURE
2024-12-01 02:00:00+01:00;6657,000;1,000;MESURE
2024-12-01 03:00:00+01:00;6723,000;1,000;MESURE
2024-12-01 04:00:00+01:00;6821,000;1,000;MESURE
2024-12-01 05:00:00+01:00;6892,000;1,000;MESURE
2024-12-01 06:00:00+01:00;7080,000;1,000;MESURE
2024-12-01 07:00:00+01:00;7815,000;1,000;MESURE
2024-12-01 08:00:00+01:00;8403,000;1,000;MESURE
2024-12-01 09:00:00+01:00;8149,000;1,000;MESURE
2024-12-01 10:00:00+01:00;9600,000;1,000;MESURE
2024-12-01 11:00:00+01:00;5636,000;1,000;MESURE
2024-12-01 12:00:00+01:00;5687,000;1,000;MESURE
2024-12-01 13:00:00+01:00;4784,000;1,000;MESURE
2024-12-01 14:00:00+01:00;5052,000;1,000;MESURE
2024-12-01 15:00:00+01:00;4409,000;1,000;MESURE
2024-12-01 16:00:00+01:00;3387,000;1,000;MESURE
2024-12-01 17:00:00+01:00;2613,000;1,000;MESURE
2024-12-01 18:00:00+01:00;2066,000;1,000;MESURE
2024-12-01 19:00:00+01:00;2575,000;1,000;MESURE
2024-12-01 20:00:00+01:00;3008,000;1,000;MESURE
2024-12-01 21:00:00+01:00;3768,000;1,000;MESURE
2024-12-01 22:00:00+01:00;3791,000;1,000;MESURE
2024-12-01 23:00:00+01:00;3965,000;1,000;MESURE
2024-12-02 00:00:00+01:00;4269,000;1,000;MESURE
2024-12-02 01:00:00+01:00;4338,000;1,000;MESURE
2024-12-02 02:00:00+01:00;4351,000;1,000;MESURE
2024-12-02 03:00:00+01:00;4331,000;1,000;MESURE
2024-12-02 04:00:00+01:00;4337,000;1,000;MESURE
2024-12-02 05:00:00+01:00;4423,000;1,000;MESURE
2024-12-02 06:00:00+01:00;4633,000;1,000;MESURE
2024-12-02 07:00:00+01:00;4558,000;1,000;MESURE
2024-12-02 08:00:00+01:00;4423,000;1,000;MESURE
2024-12-02 09:00:00+01:00;4978,000;1,000;MESURE
2024-12-02 10:00:00+01:00;4661,000;1,000;MESURE
2024-12-02 11:00:00+01:00;3497,000;1,000;MESURE
2024-12-02 12:00:00+01:00;2351,000;1,000;MESURE
2024-12-02 13:00:00+01:00;1973,000;1,000;MESURE
2024-12-02 14:00:00+01:00;1993,000;1,000;MESURE
2024-12-02 15:00:00+01:00;1985,000;1,000;MESURE
2024-12-02 16:00:00+01:00;2545,000;1,000;MESURE
2024-12-02 17:00:00+01:00;3200,000;1,000;MESURE
2024-12-02 18:00:00+01:00;3741,000;1,000;MESURE
2024-12-02 19:00:00+01:00;3672,000;1,000;MESURE
2024-12-02 20:00:00+01:00;3854,000;1,000;MESURE
2024-12-02 21:00:00+01:00;3819,000;1,000;MESURE
2024-12-02 22:00:00+01:00;3953,000;1,000;MESURE
2024-12-02 23:00:00+01:00;4130,000;1,000;MESURE
2024-12-03 00:00:00+01:00;4317,000;1,000;MESURE
2024-12-03 01:00:00+01:00;4147,000;1,000;MESURE
2024-12-03 02:00:00+01:00;4355,000;1,000;MESURE
2024-12-03 03:00:00+01:00;4941,000;1,000;MESURE
2024-12-03 04:00:00+01:00;6336,000;1,000;MESURE
2024-12-03 05:00:00+01:00;5256,000;1,000;MESURE
2024-12-03 06:00:00+01:00;5225,000;1,000;MESURE
2024-12-03 07:00:00+01:00;5222,000;1,000;MESURE
2024-12-03 08:00:00+01:00;5204,000;1,000;MESURE
2024-12-03 09:00:00+01:00;5302,000;1,000;MESURE
2024-12-03 10:00:00+01:00;7137,000;1,000;MESURE
2024-12-03 11:00:00+01:00;7349,000;1,000;MESURE
2024-12-03 12:00:00+01:00;5408,000;1,000;MESURE
2024-12-03 13:00:00+01:00;3776,000;1,000;MESURE
2024-12-03 14:00:00+01:00;3450,000;1,000;MESURE
2024-12-03 15:00:00+01:00;3397,000;1,000;MESURE
2024-12-03 16:00:00+01:00;3644,000;1,000;MESURE
2024-12-03 17:00:00+01:00;3722,000;1,000;MESURE
2024-12-03 18:00:00+01:00;3806,000;1,000;MESURE
2024-12-03 19:00:00+01:00;3942,000;1,000;MESURE
2024-12-03 20:00:00+01:00;4013,000;1,000;MESURE
2024-12-03 21:00:00+01:00;4209,000;1,000;MESURE
2024-12-03 22:00:00+01:00;4206,000;1,000;MESURE
2024-12-03 23:00:00+01:00;4369,000;1,000;MESURE
2024-12-04 00:00:00+01:00;4643,000;1,000;MESURE
2024-12-04 01:00:00+01:00;4970,000;1,000;MESURE
2024-12-04 02:00:00+01:00;5309,000;1,000;MESURE
2024-12-04 03:00:00+01:00;5541,000;1,000;MESURE
2024-12-04 04:00:00+01:00;5719,000;1,000;MESURE
2024-12-04 05:00:00+01:00;5865,000;1,000;MESURE
2024-12-04 06:00:00+01:00;5751,000;1,000;MESURE
2024-12-04 07:00:00+01:00;5892,000;1,000;MESURE
2024-12-04 08:00:00+01:00;6069,000;1,000;MESURE
2024-12-04 09:00:00+01:00;9593,000;1,000;MESURE
2024-12-04 10:00:00+01:00;7241,000;1,000;MESURE
2024-12-04 11:00:00+01:00;5429,000;1,000;MESURE
2024-12-04 12:00:00+01:00;4514,000;1,000;MESURE
2024-12-04 13:00:00+01:00;4045,000;1,000;MESURE
2024-12-04 14:00:00+01:00;3837,000;1,000;MESURE
2024-12-04 15:00:00+01:00;3892,000;1,000;MESURE
2024-12-04 16:00:00+01:00;4226,000;1,000;MESURE
2024-12-04 17:00:00+01:00;4515,000;1,000;MESURE
2024-12-04 18:00:00+01:00;4806,000;1,000;MESURE
2024-12-04 19:00:00+01:00;5048,000;1,000;MESURE
2024-12-04 20:00:00+01:00;5344,000;1,000;MESURE
2024-12-04 21:00:00+01:00;5660,000;1,000;MESURE
2024-12-04 22:00:00+01:00;6046,000;1,000;MESURE
2024-12-04 23:00:00+01:00;6153,000;1,000;MESURE
2024-12-05 00:00:00+01:00;6309,000;1,000;MESURE
2024-12-05 01:00:00+01:00;6492,000;1,000;MESURE
2024-12-05 02:00:00+01:00;6685,000;1,000;MESURE
2024-12-05 03:00:00+01:00;7032,000;1,000;MESURE
2024-12-05 04:00:00+01:00;7121,000;1,000;MESURE
2024-12-05 05:00:00+01:00;7325,000;1,000;MESURE
2024-12-05 06:00:00+01:00;7613,000;1,000;MESURE
2024-12-05 07:00:00+01:00;7773,000;1,000;MESURE
2024-12-05 08:00:00+01:00;7656,000;1,000;MESURE
2024-12-05 09:00:00+01:00;6983,000;1,000;MESURE
2024-12-05 10:00:00+01:00;6206,000;1,000;MESURE
2024-12-05 11:00:00+01:00;5286,000;1,000;MESURE
2024-12-05 12:00:00+01:00;6193,000;1,000;MESURE
2024-12-05 13:00:00+01:00;5887,000;1,000;MESURE
2024-12-05 14:00:00+01:00;4069,000;1,000;MESURE
2024-12-05 15:00:00+01:00;3835,000;1,000;MESURE
2024-12-05 16:00:00+01:00;3859,000;1,000;MESURE
2024-12-05 17:00:00+01:00;4061,000;1,000;MESURE
2024-12-05 18:00:00+01:00;4396,000;1,000;MESURE
2024-12-05 19:00:00+01:00;4255,000;1,000;MESURE
2024-12-05 20:00:00+01:00;4224,000;1,000;MESURE
2024-12-05 21:00:00+01:00;4340,000;1,000;MESURE
2024-12-05 22:00:00+01:00;4660,000;1,000;MESURE
2024-12-05 23:00:00+01:00;4616,000;1,000;MESURE
2024-12-06 00:00:00+01:00;4402,000;1,000;MESURE
2024-12-06 01:00:00+01:00;4470,000;1,000;MESURE
2024-12-06 02:00:00+01:00;4401,000;1,000;MESURE
2024-12-06 03:00:00+01:00;4397,000;1,000;MESURE
2024-12-06 04:00:00+01:00;4335,000;1,000;MESURE
2024-12-06 05:00:00+01:00;4135,000;1,000;MESURE
2024-12-06 06:00:00+01:00;3853,000;1,000;MESURE
2024-12-06 07:00:00+01:00;3914,000;1,000;MESURE
2024-12-06 08:00:00+01:00;3911,000;1,000;MESURE
2024-12-06 09:00:00+01:00;5259,000;1,000;MESURE
2024-12-06 10:00:00+01:00;3804,000;1,000;MESURE
2024-12-06 11:00:00+01:00;0,000;1,000;MESURE
2024-12-06 12:00:00+01:00;0,000;1,000;MESURE
2024-12-06 13:00:00+01:00;0,000;1,000;MESURE
2024-12-06 14:00:00+01:00;0,000;1,000;MESURE
2024-12-06 15:00:00+01:00;0,000;1,000;MESURE
2024-12-06 16:00:00+01:00;833,000;1,000;MESURE
2024-12-06 17:00:00+01:00;10536,000;1,000;MESURE
2024-12-06 18:00:00+01:00;6304,000;1,000;MESURE
2024-12-06 19:00:00+01:00;5549,000;1,000;MESURE
2024-12-06 20:00:00+01:00;5293,000;1,000;MESURE
2024-12-06 21:00:00+01:00;5414,000;1,000;MESURE
2024-12-06 22:00:00+01:00;5485,000;1,000;MESURE
2024-12-06 23:00:00+01:00;5762,000;1,000;MESURE
2024-12-07 00:00:00+01:00;5674,000;1,000;MESURE
2024-12-07 01:00:00+01:00;5997,000;1,000;MESURE
2024-12-07 02:00:00+01:00;6237,000;1,000;MESURE
2024-12-07 03:00:00+01:00;5896,000;1,000;MESURE
2024-12-07 04:00:00+01:00;5520,000;1,000;MESURE
2024-12-07 05:00:00+01:00;5080,000;1,000;MESURE
2024-12-07 06:00:00+01:00;5056,000;1,000;MESURE
2024-12-07 07:00:00+01:00;4786,000;1,000;MESURE
2024-12-07 08:00:00+01:00;6126,000;1,000;MESURE
2024-12-07 09:00:00+01:00;5083,000;1,000;MESURE
2024-12-07 10:00:00+01:00;6344,000;1,000;MESURE
2024-12-07 11:00:00+01:00;3991,000;1,000;MESURE
2024-12-07 12:00:00+01:00;4081,000;1,000;MESURE
2024-12-07 13:00:00+01:00;8323,000;1,000;MESURE
2024-12-07 14:00:00+01:00;10350,000;1,000;MESURE
2024-12-07 15:00:00+01:00;9624,000;1,000;MESURE
2024-12-07 16:00:00+01:00;8223,000;1,000;MESURE
2024-12-07 17:00:00+01:00;4447,000;1,000;MESURE
2024-12-07 18:00:00+01:00;3899,000;1,000;MESURE
2024-12-07 19:00:00+01:00;4350,000;1,000;MESURE
2024-12-07 20:00:00+01:00;4655,000;1,000;MESURE
2024-12-07 21:00:00+01:00;4980,000;1,000;MESURE
2024-12-07 22:00:00+01:00;4888,000;1,000;MESURE
2024-12-07 23:00:00+01:00;5008,000;1,000;MESURE
2024-12-08 00:00:00+01:00;4999,000;1,000;MESURE
2024-12-08 01:00:00+01:00;5228,000;1,000;MESURE
2024-12-08 02:00:00+01:00;5447,000;1,000;MESURE
2024-12-08 03:00:00+01:00;5578,000;1,000;MESURE
2024-12-08 04:00:00+01:00;5851,000;1,000;MESURE
2024-12-08 05:00:00+01:00;6025,000;1,000;MESURE
2024-12-08 06:00:00+01:00;6082,000;1,000;MESURE
2024-12-08 07:00:00+01:00;6168,000;1,000;MESURE
2024-12-08 08:00:00+01:00;6238,000;1,000;MESURE
2024-12-08 09:00:00+01:00;6167,000;1,000;MESURE
2024-12-08 10:00:00+01:00;5880,000;1,000;MESURE
2024-12-08 11:00:00+01:00;5917,000;1,000;MESURE
2024-12-08 12:00:00+01:00;5455,000;1,000;MESURE
2024-12-08 13:00:00+01:00;4953,000;1,000;MESURE
2024-12-08 14:00:00+01:00;4918,000;1,000;MESURE
2024-12-08 15:00:00+01:00;5098,000;1,000;MESURE
2024-12-08 16:00:00+01:00;5061,000;1,000;MESURE
2024-12-08 17:00:00+01:00;5256,000;1,000;MESURE
2024-12-08 18:00:00+01:00;5296,000;1,000;MESURE
2024-12-08 19:00:00+01:00;5228,000;1,000;MESURE
2024-12-08 20:00:00+01:00;5756,000;1,000;MESURE
2024-12-08 21:00:00+01:00;6621,000;1,000;MESURE
2024-12-08 22:00:00+01:00;5287,000;1,000;MESURE
2024-12-08 23:00:00+01:00;5321,000;1,000;MESURE
2024-12-09 00:00:00+01:00;5417,000;1,000;MESURE
2024-12-09 01:00:00+01:00;5417,000;1,000;MESURE
2024-12-09 02:00:00+01:00;5592,000;1,000;MESURE
2024-12-09 03:00:00+01:00;5682,000;1,000;MESURE
2024-12-09 04:00:00+01:00;6190,000;1,000;MESURE
2024-12-09 05:00:00+01:00;6025,000;1,000;MESURE
2024-12-09 06:00:00+01:00;6121,000;1,000;MESURE
2024-12-09 07:00:00+01:00;6016,000;1,000;MESURE
2024-12-09 08:00:00+01:00;5901,000;1,000;MESURE
2024-12-09 09:00:00+01:00;6290,000;1,000;MESURE
2024-12-09 10:00:00+01:00;6491,000;1,000;MESURE
2024-12-09 11:00:00+01:00;6540,000;1,000;MESURE
2024-12-09 12:00:00+01:00;6043,000;1,000;MESURE
2024-12-09 13:00:00+01:00;5716,000;1,000;MESURE
2024-12-09 14:00:00+01:00;5901,000;1,000;MESURE
2024-12-09 15:00:00+01:00;6095,000;1,000;MESURE
2024-12-09 16:00:00+01:00;5827,000;1,000;MESURE
2024-12-09 17:00:00+01:00;5953,000;1,000;MESURE
2024-12-09 18:00:00+01:00;5931,000;1,000;MESURE
2024-12-09 19:00:00+01:00;6210,000;1,000;MESURE
2024-12-09 20:00:00+01:00;6022,000;1,000;MESURE
2024-12-09 21:00:00+01:00;6070,000;1,000;MESURE
2024-12-09 22:00:00+01:00;6350,000;1,000;MESURE
2024-12-09 23:00:00+01:00;6174,000;1,000;MESURE
2024-12-10 00:00:00+01:00;6894,000;1,000;MESURE
2024-12-10 01:00:00+01:00;7493,000;1,000;MESURE
2024-12-10 02:00:00+01:00;6297,000;1,000;MESURE
2024-12-10 03:00:00+01:00;6386,000;1,000;MESURE
2024-12-10 04:00:00+01:00;6144,000;1,000;MESURE
2024-12-10 05:00:00+01:00;6079,000;1,000;MESURE
2024-12-10 06:00:00+01:00;6033,000;1,000;MESURE
2024-12-10 07:00:00+01:00;6241,000;1,000;MESURE
2024-12-10 08:00:00+01:00;6084,000;1,000;MESURE
2024-12-10 09:00:00+01:00;5891,000;1,000;MESURE
2024-12-10 10:00:00+01:00;5607,000;1,000;MESURE
2024-12-10 11:00:00+01:00;5210,000;1,000;MESURE
2024-12-10 12:00:00+01:00;5138,000;1,000;MESURE
2024-12-10 13:00:00+01:00;5006,000;1,000;MESURE
2024-12-10 14:00:00+01:00;4888,000;1,000;MESURE
2024-12-10 15:00:00+01:00;4940,000;1,000;MESURE
2024-12-10 16:00:00+01:00;4987,000;1,000;MESURE
2024-12-10 17:00:00+01:00;5035,000;1,000;MESURE
2024-12-10 18:00:00+01:00;5216,000;1,000;MESURE
2024-12-10 19:00:00+01:00;5153,000;1,000;MESURE
2024-12-10 20:00:00+01:00;5274,000;1,000;MESURE
2024-12-10 21:00:00+01:00;5433,000;1,000;MESURE
2024-12-10 22:00:00+01:00;5676,000;1,000;MESURE
2024-12-10 23:00:00+01:00;6046,000;1,000;MESURE
2024-12-11 00:00:00+01:00;6616,000;1,000;MESURE
2024-12-11 01:00:00+01:00;6774,000;1,000;MESURE
2024-12-11 02:00:00+01:00;7225,000;1,000;MESURE
2024-12-11 03:00:00+01:00;7319,000;1,000;MESURE
2024-12-11 04:00:00+01:00;7033,000;1,000;MESURE
2024-12-11 05:00:00+01:00;8682,000;1,000;MESURE
2024-12-11 06:00:00+01:00;7374,000;1,000;MESURE
2024-12-11 07:00:00+01:00;6979,000;1,000;MESURE
2024-12-11 08:00:00+01:00;6743,000;1,000;MESURE
2024-12-11 09:00:00+01:00;6769,000;1,000;MESURE
2024-12-11 10:00:00+01:00;6727,000;1,000;MESURE
2024-12-11 11:00:00+01:00;6482,000;1,000;MESURE
2024-12-11 12:00:00+01:00;6451,000;1,000;MESURE
2024-12-11 13:00:00+01:00;6243,000;1,000;MESURE
2024-12-11 14:00:00+01:00;6170,000;1,000;MESURE
2024-12-11 15:00:00+01:00;5983,000;1,000;MESURE
2024-12-11 16:00:00+01:00;6168,000;1,000;MESURE
2024-12-11 17:00:00+01:00;6131,000;1,000;MESURE
2024-12-11 18:00:00+01:00;6175,000;1,000;MESURE
2024-12-11 19:00:00+01:00;6413,000;1,000;MESURE
2024-12-11 20:00:00+01:00;6507,000;1,000;MESURE
2024-12-11 21:00:00+01:00;6514,000;1,000;MESURE
2024-12-11 22:00:00+01:00;6678,000;1,000;MESURE
2024-12-11 23:00:00+01:00;6599,000;1,000;MESURE
2024-12-12 00:00:00+01:00;6747,000;1,000;MESURE
2024-12-12 01:00:00+01:00;6446,000;1,000;MESURE
2024-12-12 02:00:00+01:00;6641,000;1,000;MESURE
2024-12-12 03:00:00+01:00;6668,000;1,000;MESURE
2024-12-12 04:00:00+01:00;6500,000;1,000;MESURE
2024-12-12 05:00:00+01:00;6498,000;1,000;MESURE
2024-12-12 06:00:00+01:00;6310,000;1,000;MESURE
2024-12-12 07:00:00+01:00;6632,000;1,000;MESURE
2024-12-12 08:00:00+01:00;6419,000;1,000;MESURE
2024-12-12 09:00:00+01:00;7058,000;1,000;MESURE
2024-12-12 10:00:00+01:00;7909,000;1,000;MESURE
2024-12-12 11:00:00+01:00;6552,000;1,000;MESURE
2024-12-12 12:00:00+01:00;6108,000;1,000;MESURE
2024-12-12 13:00:00+01:00;6016,000;1,000;MESURE
2024-12-12 14:00:00+01:00;8586,000;1,000;MESURE
2024-12-12 15:00:00+01:00;12648,000;1,000;MESURE
2024-12-12 16:00:00+01:00;10373,000;1,000;MESURE
2024-12-12 17:00:00+01:00;7784,000;1,000;MESURE
2024-12-12 18:00:00+01:00;6574,000;1,000;MESURE
2024-12-12 19:00:00+01:00;6139,000;1,000;MESURE
2024-12-12 20:00:00+01:00;6317,000;1,000;MESURE
2024-12-12 21:00:00+01:00;6256,000;1,000;MESURE
2024-12-12 22:00:00+01:00;6266,000;1,000;MESURE
2024-12-12 23:00:00+01:00;6475,000;1,000;MESURE
2024-12-13 00:00:00+01:00;6359,000;1,000;MESURE
2024-12-13 01:00:00+01:00;6526,000;1,000;MESURE
2024-12-13 02:00:00+01:00;6491,000;1,000;MESURE
2024-12-13 03:00:00+01:00;6744,000;1,000;MESURE
2024-12-13 04:00:00+01:00;6573,000;1,000;MESURE
2024-12-13 05:00:00+01:00;6708,000;1,000;MESURE
2024-12-13 06:00:00+01:00;6606,000;1,000;MESURE
2024-12-13 07:00:00+01:00;6898,000;1,000;MESURE
2024-12-13 08:00:00+01:00;6781,000;1,000;MESURE
2024-12-13 09:00:00+01:00;7055,000;1,000;MESURE
2024-12-13 10:00:00+01:00;6731,000;1,000;MESURE
2024-12-13 11:00:00+01:00;6934,000;1,000;MESURE
2024-12-13 12:00:00+01:00;6268,000;1,000;MESURE
2024-12-13 13:00:00+01:00;6605,000;1,000;MESURE
2024-12-13 14:00:00+01:00;7650,000;1,000;MESURE
2024-12-13 15:00:00+01:00;6181,000;1,000;MESURE
2024-12-13 16:00:00+01:00;6197,000;1,000;MESURE
2024-12-13 17:00:00+01:00;6411,000;1,000;MESURE
2024-12-13 18:00:00+01:00;6583,000;1,000;MESURE
2024-12-13 19:00:00+01:00;6269,000;1,000;MESURE
2024-12-13 20:00:00+01:00;6576,000;1,000;MESURE
2024-12-13 21:00:00+01:00;6355,000;1,000;MESURE
2024-12-13 22:00:00+01:00;6494,000;1,000;MESURE
2024-12-13 23:00:00+01:00;6192,000;1,000;MESURE
2024-12-14 00:00:00+01:00;6109,000;1,000;MESURE
2024-12-14 01:00:00+01:00;6313,000;1,000;MESURE
2024-12-14 02:00:00+01:00;6389,000;1,000;MESURE
2024-12-14 03:00:00+01:00;6088,000;1,000;MESURE
2024-12-14 04:00:00+01:00;6119,000;1,000;MESURE
2024-12-14 05:00:00+01:00;5926,000;1,000;MESURE
2024-12-14 06:00:00+01:00;5721,000;1,000;MESURE
2024-12-14 07:00:00+01:00;5759,000;1,000;MESURE
2024-12-14 08:00:00+01:00;8463,000;1,000;MESURE
2024-12-14 09:00:00+01:00;7216,000;1,000;MESURE
2024-12-14 10:00:00+01:00;6491,000;1,000;MESURE
2024-12-14 11:00:00+01:00;7733,000;1,000;MESURE
2024-12-14 12:00:00+01:00;7104,000;1,000;MESURE
2024-12-14 13:00:00+01:00;8319,000;1,000;MESURE
2024-12-14 14:00:00+01:00;7207,000;1,000;MESURE
2024-12-14 15:00:00+01:00;7090,000;1,000;MESURE
2024-12-14 16:00:00+01:00;7225,000;1,000;MESURE
2024-12-14 17:00:00+01:00;5532,000;1,000;MESURE
2024-12-14 18:00:00+01:00;5519,000;1,000;MESURE
2024-12-14 19:00:00+01:00;5547,000;1,000;MESURE
2024-12-14 20:00:00+01:00;5636,000;1,000;MESURE
2024-12-14 21:00:00+01:00;5823,000;1,000;MESURE
2024-12-14 22:00:00+01:00;5730,000;1,000;MESURE
2024-12-14 23:00:00+01:00;5729,000;1,000;MESURE
2024-12-15 00:00:00+01:00;5729,000;1,000;MESURE
2024-12-15 01:00:00+01:00;5927,000;1,000;MESURE
2024-12-15 02:00:00+01:00;5913,000;1,000;MESURE
2024-12-15 03:00:00+01:00;6040,000;1,000;MESURE
2024-12-15 04:00:00+01:00;6327,000;1,000;MESURE
2024-12-15 05:00:00+01:00;6560,000;1,000;MESURE
2024-12-15 06:00:00+01:00;6750,000;1,000;MESURE
2024-12-15 07:00:00+01:00;6698,000;1,000;MESURE
2024-12-15 08:00:00+01:00;6619,000;1,000;MESURE
2024-12-15 09:00:00+01:00;6433,000;1,000;MESURE
2024-12-15 10:00:00+01:00;6281,000;1,000;MESURE
2024-12-15 11:00:00+01:00;6138,000;1,000;MESURE
2024-12-15 12:00:00+01:00;6226,000;1,000;MESURE
2024-12-15 13:00:00+01:00;6153,000;1,000;MESURE
2024-12-15 14:00:00+01:00;6348,000;1,000;MESURE
2024-12-15 15:00:00+01:00;6221,000;1,000;MESURE
2024-12-15 16:00:00+01:00;6217,000;1,000;MESURE
2024-12-15 17:00:00+01:00;6440,000;1,000;MESURE
2024-12-15 18:00:00+01:00;7012,000;1,000;MESURE
2024-12-15 19:00:00+01:00;7225,000;1,000;MESURE
2024-12-15 20:00:00+01:00;7380,000;1,000;MESURE
2024-12-15 21:00:00+01:00;7515,000;1,000;MESURE
2024-12-15 22:00:00+01:00;7686,000;1,000;MESURE
2024-12-15 23:00:00+01:00;8985,000;1,000;MESURE
2024-12-16 00:00:00+01:00;8131,000;1,000;MESURE
2024-12-16 01:00:00+01:00;8023,000;1,000;MESURE
2024-12-16 02:00:00+01:00;8051,000;1,000;MESURE
2024-12-16 03:00:00+01:00;8246,000;1,000;MESURE
2024-12-16 04:00:00+01:00;8399,000;1,000;MESURE
2024-12-16 05:00:00+01:00;8214,000;1,000;MESURE
2024-12-16 06:00:00+01:00;7986,000;1,000;MESURE
2024-12-16 07:00:00+01:00;7850,000;1,000;MESURE
2024-12-16 08:00:00+01:00;8021,000;1,000;MESURE
2024-12-16 09:00:00+01:00;7670,000;1,000;MESURE
2024-12-16 10:00:00+01:00;7378,000;1,000;MESURE
2024-12-16 11:00:00+01:00;6868,000;1,000;MESURE
2024-12-16 12:00:00+01:00;6656,000;1,000;MESURE
2024-12-16 13:00:00+01:00;6545,000;1,000;MESURE
2024-12-16 14:00:00+01:00;6581,000;1,000;MESURE
2024-12-16 15:00:00+01:00;6325,000;1,000;MESURE
2024-12-16 16:00:00+01:00;6212,000;1,000;MESURE
2024-12-16 17:00:00+01:00;6196,000;1,000;MESURE
2024-12-16 18:00:00+01:00;6238,000;1,000;MESURE
2024-12-16 19:00:00+01:00;6253,000;1,000;MESURE
2024-12-16 20:00:00+01:00;6593,000;1,000;MESURE
2024-12-16 21:00:00+01:00;6920,000;1,000;MESURE
2024-12-16 22:00:00+01:00;7466,000;1,000;MESURE
2024-12-16 23:00:00+01:00;7606,000;1,000;MESURE
2024-12-17 00:00:00+01:00;7784,000;1,000;MESURE
2024-12-17 01:00:00+01:00;7904,000;1,000;MESURE
2024-12-17 02:00:00+01:00;8039,000;1,000;MESURE
2024-12-17 03:00:00+01:00;7974,000;1,000;MESURE
2024-12-17 04:00:00+01:00;8059,000;1,000;MESURE
2024-12-17 05:00:00+01:00;8130,000;1,000;MESURE
2024-12-17 06:00:00+01:00;9848,000;1,000;MESURE
2024-12-17 07:00:00+01:00;8042,000;1,000;MESURE
2024-12-17 08:00:00+01:00;7815,000;1,000;MESURE
2024-12-17 09:00:00+01:00;7848,000;1,000;MESURE
2024-12-17 10:00:00+01:00;7557,000;1,000;MESURE
2024-12-17 11:00:00+01:00;7173,000;1,000;MESURE
2024-12-17 12:00:00+01:00;6615,000;1,000;MESURE
2024-12-17 13:00:00+01:00;5592,000;1,000;MESURE
2024-12-17 14:00:00+01:00;5106,000;1,000;MESURE
2024-12-17 15:00:00+01:00;4865,000;1,000;MESURE
2024-12-17 16:00:00+01:00;5270,000;1,000;MESURE
2024-12-17 17:00:00+01:00;5752,000;1,000;MESURE
2024-12-17 18:00:00+01:00;5770,000;1,000;MESURE
2024-12-17 19:00:00+01:00;5805,000;1,000;MESURE
2024-12-17 20:00:00+01:00;5929,000;1,000;MESURE
2024-12-17 21:00:00+01:00;5918,000;1,000;MESURE
2024-12-17 22:00:00+01:00;5916,000;1,000;MESURE
2024-12-17 23:00:00+01:00;5913,000;1,000;MESURE
2024-12-18 00:00:00+01:00;5920,000;1,000;MESURE
2024-12-18 01:00:00+01:00;5941,000;1,000;MESURE
2024-12-18 02:00:00+01:00;5864,000;1,000;MESURE
2024-12-18 03:00:00+01:00;5837,000;1,000;MESURE
2024-12-18 04:00:00+01:00;5854,000;1,000;MESURE
2024-12-18 05:00:00+01:00;6058,000;1,000;MESURE
2024-12-18 06:00:00+01:00;5754,000;1,000;MESURE
2024-12-18 07:00:00+01:00;5749,000;1,000;MESURE
2024-12-18 08:00:00+01:00;5884,000;1,000;MESURE
2024-12-18 09:00:00+01:00;5803,000;1,000;MESURE
2024-12-18 10:00:00+01:00;5381,000;1,000;MESURE
2024-12-18 11:00:00+01:00;6607,000;1,000;MESURE
2024-12-18 12:00:00+01:00;4382,000;1,000;MESURE
2024-12-18 13:00:00+01:00;3980,000;1,000;MESURE
2024-12-18 14:00:00+01:00;3857,000;1,000;MESURE
2024-12-18 15:00:00+01:00;3856,000;1,000;MESURE
2024-12-18 16:00:00+01:00;3882,000;1,000;MESURE
2024-12-18 17:00:00+01:00;4196,000;1,000;MESURE
2024-12-18 18:00:00+01:00;4645,000;1,000;MESURE
2024-12-18 19:00:00+01:00;4750,000;1,000;MESURE
2024-12-18 20:00:00+01:00;5133,000;1,000;MESURE
2024-12-18 21:00:00+01:00;5477,000;1,000;MESURE
2024-12-18 22:00:00+01:00;5679,000;1,000;MESURE
2024-12-18 23:00:00+01:00;5830,000;1,000;MESURE
2024-12-19 00:00:00+01:00;5898,000;1,000;MESURE
2024-12-19 01:00:00+01:00;5984,000;1,000;MESURE
2024-12-19 02:00:00+01:00;6092,000;1,000;MESURE
2024-12-19 03:00:00+01:00;5917,000;1,000;MESURE
2024-12-19 04:00:00+01:00;5727,000;1,000;MESURE
2024-12-19 05:00:00+01:00;5545,000;1,000;MESURE
2024-12-19 06:00:00+01:00;5578,000;1,000;MESURE
2024-12-19 07:00:00+01:00;5523,000;1,000;MESURE
2024-12-19 08:00:00+01:00;5438,000;1,000;MESURE
2024-12-19 09:00:00+01:00;5500,000;1,000;MESURE
2024-12-19 10:00:00+01:00;5523,000;1,000;MESURE
2024-12-19 11:00:00+01:00;5335,000;1,000;MESURE
2024-12-19 12:00:00+01:00;4974,000;1,000;MESURE
2024-12-19 13:00:00+01:00;4408,000;1,000;MESURE
2024-12-19 14:00:00+01:00;4429,000;1,000;MESURE
2024-12-19 15:00:00+01:00;4713,000;1,000;MESURE
2024-12-19 16:00:00+01:00;6396,000;1,000;MESURE
2024-12-19 17:00:00+01:00;5820,000;1,000;MESURE
2024-12-19 18:00:00+01:00;5488,000;1,000;MESURE
2024-12-19 19:00:00+01:00;5659,000;1,000;MESURE
2024-12-19 20:00:00+01:00;5716,000;1,000;MESURE
2024-12-19 21:00:00+01:00;5764,000;1,000;MESURE
2024-12-19 22:00:00+01:00;6455,000;1,000;MESURE
2024-12-19 23:00:00+01:00;6935,000;1,000;MESURE
2024-12-20 00:00:00+01:00;6991,000;1,000;MESURE
2024-12-20 01:00:00+01:00;6837,000;1,000;MESURE
2024-12-20 02:00:00+01:00;6654,000;1,000;MESURE
2024-12-20 03:00:00+01:00;6775,000;1,000;MESURE
2024-12-20 04:00:00+01:00;6923,000;1,000;MESURE
2024-12-20 05:00:00+01:00;6970,000;1,000;MESURE
2024-12-20 06:00:00+01:00;6984,000;1,000;MESURE
2024-12-20 07:00:00+01:00;7023,000;1,000;MESURE
2024-12-20 08:00:00+01:00;7377,000;1,000;MESURE
2024-12-20 09:00:00+01:00;7305,000;1,000;MESURE
2024-12-20 10:00:00+01:00;7248,000;1,000;MESURE
2024-12-20 11:00:00+01:00;6796,000;1,000;MESURE
2024-12-20 12:00:00+01:00;6322,000;1,000;MESURE
2024-12-20 13:00:00+01:00;6035,000;1,000;MESURE
2024-12-20 14:00:00+01:00;5713,000;1,000;MESURE
2024-12-20 15:00:00+01:00;5860,000;1,000;MESURE
2024-12-20 16:00:00+01:00;6059,000;1,000;MESURE
2024-12-20 17:00:00+01:00;6540,000;1,000;MESURE
2024-12-20 18:00:00+01:00;6710,000;1,000;MESURE
2024-12-20 19:00:00+01:00;6995,000;1,000;MESURE
2024-12-20 20:00:00+01:00;6872,000;1,000;MESURE
2024-12-20 21:00:00+01:00;8235,000;1,000;MESURE
2024-12-20 22:00:00+01:00;7946,000;1,000;MESURE
2024-12-20 23:00:00+01:00;7005,000;1,000;MESURE
2024-12-21 00:00:00+01:00;6839,000;1,000;MESURE
2024-12-21 01:00:00+01:00;6753,000;1,000;MESURE
2024-12-21 02:00:00+01:00;6861,000;1,000;MESURE
2024-12-21 03:00:00+01:00;6919,000;1,000;MESURE
2024-12-21 04:00:00+01:00;6885,000;1,000;MESURE
2024-12-21 05:00:00+01:00;6833,000;1,000;MESURE
2024-12-21 06:00:00+01:00;6936,000;1,000;MESURE
2024-12-21 07:00:00+01:00;6923,000;1,000;MESURE
2024-12-21 08:00:00+01:00;7940,000;1,000;MESURE
2024-12-21 09:00:00+01:00;8888,000;1,000;MESURE
2024-12-21 10:00:00+01:00;9965,000;1,000;MESURE
2024-12-21 11:00:00+01:00;8899,000;1,000;MESURE
2024-12-21 12:00:00+01:00;7907,000;1,000;MESURE
2024-12-21 13:00:00+01:00;7118,000;1,000;MESURE
2024-12-21 14:00:00+01:00;6637,000;1,000;MESURE
2024-12-21 15:00:00+01:00;6128,000;1,000;MESURE
2024-12-21 16:00:00+01:00;3820,000;1,000;MESURE
2024-12-21 17:00:00+01:00;3547,000;1,000;MESURE
2024-12-21 18:00:00+01:00;3913,000;1,000;MESURE
2024-12-21 19:00:00+01:00;4411,000;1,000;MESURE
2024-12-21 20:00:00+01:00;4711,000;1,000;MESURE
2024-12-21 21:00:00+01:00;5184,000;1,000;MESURE
2024-12-21 22:00:00+01:00;5564,000;1,000;MESURE
2024-12-21 23:00:00+01:00;5611,000;1,000;MESURE
2024-12-22 00:00:00+01:00;5738,000;1,000;MESURE
2024-12-22 01:00:00+01:00;5782,000;1,000;MESURE
2024-12-22 02:00:00+01:00;5837,000;1,000;MESURE
2024-12-22 03:00:00+01:00;5650,000;1,000;MESURE
2024-12-22 04:00:00+01:00;5845,000;1,000;MESURE
2024-12-22 05:00:00+01:00;5637,000;1,000;MESURE
2024-12-22 06:00:00+01:00;5619,000;1,000;MESURE
2024-12-22 07:00:00+01:00;6863,000;1,000;MESURE
2024-12-22 08:00:00+01:00;5267,000;1,000;MESURE
2024-12-22 09:00:00+01:00;4986,000;1,000;MESURE
2024-12-22 10:00:00+01:00;4840,000;1,000;MESURE
2024-12-22 11:00:00+01:00;4728,000;1,000;MESURE
2024-12-22 12:00:00+01:00;4753,000;1,000;MESURE
2024-12-22 13:00:00+01:00;4572,000;1,000;MESURE
2024-12-22 14:00:00+01:00;4754,000;1,000;MESURE
2024-12-22 15:00:00+01:00;5191,000;1,000;MESURE
2024-12-22 16:00:00+01:00;5446,000;1,000;MESURE
2024-12-22 17:00:00+01:00;5599,000;1,000;MESURE
2024-12-22 18:00:00+01:00;5705,000;1,000;MESURE
2024-12-22 19:00:00+01:00;5724,000;1,000;MESURE
2024-12-22 20:00:00+01:00;5865,000;1,000;MESURE
2024-12-22 21:00:00+01:00;6069,000;1,000;MESURE
2024-12-22 22:00:00+01:00;6546,000;1,000;MESURE
2024-12-22 23:00:00+01:00;6465,000;1,000;MESURE
2024-12-23 00:00:00+01:00;6589,000;1,000;MESURE
2024-12-23 01:00:00+01:00;6495,000;1,000;MESURE
2024-12-23 02:00:00+01:00;6728,000;1,000;MESURE
2024-12-23 03:00:00+01:00;6525,000;1,000;MESURE
2024-12-23 04:00:00+01:00;6390,000;1,000;MESURE
2024-12-23 05:00:00+01:00;6312,000;1,000;MESURE
2024-12-23 06:00:00+01:00;6279,000;1,000;MESURE
2024-12-23 07:00:00+01:00;6178,000;1,000;MESURE
2024-12-23 08:00:00+01:00;6023,000;1,000;MESURE
2024-12-23 09:00:00+01:00;5936,000;1,000;MESURE
2024-12-23 10:00:00+01:00;6045,000;1,000;MESURE
2024-12-23 11:00:00+01:00;6324,000;1,000;MESURE
2024-12-23 12:00:00+01:00;6576,000;1,000;MESURE
2024-12-23 13:00:00+01:00;7286,000;1,000;MESURE
2024-12-23 14:00:00+01:00;6005,000;1,000;MESURE
2024-12-23 15:00:00+01:00;6233,000;1,000;MESURE
2024-12-23 16:00:00+01:00;6043,000;1,000;MESURE
2024-12-23 17:00:00+01:00;6010,000;1,000;MESURE
2024-12-23 18:00:00+01:00;6053,000;1,000;MESURE
2024-12-23 19:00:00+01:00;6010,000;1,000;MESURE
2024-12-23 20:00:00+01:00;5997,000;1,000;MESURE
2024-12-23 21:00:00+01:00;6058,000;1,000;MESURE
2024-12-23 22:00:00+01:00;6089,000;1,000;MESURE
2024-12-23 23:00:00+01:00;6081,000;1,000;MESURE
2024-12-24 00:00:00+01:00;6156,000;1,000;MESURE
2024-12-24 01:00:00+01:00;6119,000;1,000;MESURE
2024-12-24 02:00:00+01:00;6240,000;1,000;MESURE
2024-12-24 03:00:00+01:00;6567,000;1,000;MESURE
2024-12-24 04:00:00+01:00;6828,000;1,000;MESURE
2024-12-24 05:00:00+01:00;6855,000;1,000;MESURE
2024-12-24 06:00:00+01:00;6914,000;1,000;MESURE
2024-12-24 07:00:00+01:00;7084,000;1,000;MESURE
2024-12-24 08:00:00+01:00;7340,000;1,000;MESURE
2024-12-24 09:00:00+01:00;7351,000;1,000;MESURE
2024-12-24 10:00:00+01:00;7243,000;1,000;MESURE
2024-12-24 11:00:00+01:00;6751,000;1,000;MESURE
2024-12-24 12:00:00+01:00;6391,000;1,000;MESURE
2024-12-24 13:00:00+01:00;6188,000;1,000;MESURE
2024-12-24 14:00:00+01:00;6698,000;1,000;MESURE
2024-12-24 15:00:00+01:00;6269,000;1,000;MESURE
2024-12-24 16:00:00+01:00;6083,000;1,000;MESURE
2024-12-24 17:00:00+01:00;6972,000;1,000;MESURE
2024-12-24 18:00:00+01:00;7992,000;1,000;MESURE
2024-12-24 19:00:00+01:00;6824,000;1,000;MESURE
2024-12-24 20:00:00+01:00;7238,000;1,000;MESURE
2024-12-24 21:00:00+01:00;7208,000;1,000;MESURE
2024-12-24 22:00:00+01:00;7436,000;1,000;MESURE
2024-12-24 23:00:00+01:00;7109,000;1,000;MESURE
2024-12-25 00:00:00+01:00;7168,000;1,000;MESURE
2024-12-25 01:00:00+01:00;7261,000;1,000;MESURE
2024-12-25 02:00:00+01:00;7300,000;1,000;MESURE
2024-12-25 03:00:00+01:00;7264,000;1,000;MESURE
2024-12-25 04:00:00+01:00;7309,000;1,000;MESURE
2024-12-25 05:00:00+01:00;7601,000;1,000;MESURE
2024-12-25 06:00:00+01:00;7541,000;1,000;MESURE
2024-12-25 07:00:00+01:00;7364,000;1,000;MESURE
2024-12-25 08:00:00+01:00;7227,000;1,000;MESURE
2024-12-25 09:00:00+01:00;7224,000;1,000;MESURE
2024-12-25 10:00:00+01:00;7096,000;1,000;MESURE
2024-12-25 11:00:00+01:00;6733,000;1,000;MESURE
2024-12-25 12:00:00+01:00;6266,000;1,000;MESURE
2024-12-25 13:00:00+01:00;6000,000;1,000;MESURE
2024-12-25 14:00:00+01:00;5694,000;1,000;MESURE
2024-12-25 15:00:00+01:00;5727,000;1,000;MESURE
2024-12-25 16:00:00+01:00;5761,000;1,000;MESURE
2024-12-25 17:00:00+01:00;6225,000;1,000;MESURE
2024-12-25 18:00:00+01:00;6634,000;1,000;MESURE
2024-12-25 19:00:00+01:00;7118,000;1,000;MESURE
2024-12-25 20:00:00+01:00;7362,000;1,000;MESURE
2024-12-25 21:00:00+01:00;7459,000;1,000;MESURE
2024-12-25 22:00:00+01:00;7885,000;1,000;MESURE
2024-12-25 23:00:00+01:00;10109,000;1,000;MESURE
2024-12-26 00:00:00+01:00;7992,000;1,000;MESURE
2024-12-26 01:00:00+01:00;8063,000;1,000;MESURE
2024-12-26 02:00:00+01:00;8277,000;1,000;MESURE
2024-12-26 03:00:00+01:00;8501,000;1,000;MESURE
2024-12-26 04:00:00+01:00;8502,000;1,000;MESURE
2024-12-26 05:00:00+01:00;8470,000;1,000;MESURE
2024-12-26 06:00:00+01:00;8647,000;1,000;MESURE
2024-12-26 07:00:00+01:00;8745,000;1,000;MESURE
2024-12-26 08:00:00+01:00;8675,000;1,000;MESURE
2024-12-26 09:00:00+01:00;8583,000;1,000;MESURE
2024-12-26 10:00:00+01:00;8299,000;1,000;MESURE
2024-12-26 11:00:00+01:00;7476,000;1,000;MESURE
2024-12-26 12:00:00+01:00;6503,000;1,000;MESURE
2024-12-26 13:00:00+01:00;5821,000;1,000;MESURE
2024-12-26 14:00:00+01:00;5826,000;1,000;MESURE
2024-12-26 15:00:00+01:00;7485,000;1,000;MESURE
2024-12-26 16:00:00+01:00;8500,000;1,000;MESURE
2024-12-26 17:00:00+01:00;7499,000;1,000;MESURE
2024-12-26 18:00:00+01:00;6183,000;1,000;MESURE
2024-12-26 19:00:00+01:00;6682,000;1,000;MESURE
2024-12-26 20:00:00+01:00;7210,000;1,000;MESURE
2024-12-26 21:00:00+01:00;7792,000;1,000;MESURE
2024-12-26 22:00:00+01:00;9037,000;1,000;MESURE
2024-12-26 23:00:00+01:00;9057,000;1,000;MESURE
2024-12-27 00:00:00+01:00;8226,000;1,000;MESURE
2024-12-27 01:00:00+01:00;7913,000;1,000;MESURE
2024-12-27 02:00:00+01:00;7693,000;1,000;MESURE
2024-12-27 03:00:00+01:00;7502,000;1,000;MESURE
2024-12-27 04:00:00+01:00;7567,000;1,000;MESURE
2024-12-27 05:00:00+01:00;7524,000;1,000;MESURE
2024-12-27 06:00:00+01:00;7804,000;1,000;MESURE
2024-12-27 07:00:00+01:00;7775,000;1,000;MESURE
2024-12-27 08:00:00+01:00;7873,000;1,000;MESURE
2024-12-27 09:00:00+01:00;7769,000;1,000;MESURE
2024-12-27 10:00:00+01:00;7842,000;1,000;MESURE
2024-12-27 11:00:00+01:00;7502,000;1,000;MESURE
2024-12-27 12:00:00+01:00;6761,000;1,000;MESURE
2024-12-27 13:00:00+01:00;6216,000;1,000;MESURE
2024-12-27 14:00:00+01:00;5694,000;1,000;MESURE
2024-12-27 15:00:00+01:00;5911,000;1,000;MESURE
2024-12-27 16:00:00+01:00;6135,000;1,000;MESURE
2024-12-27 17:00:00+01:00;7710,000;1,000;MESURE
2024-12-27 18:00:00+01:00;6125,000;1,000;MESURE
2024-12-27 19:00:00+01:00;6457,000;1,000;MESURE
2024-12-27 20:00:00+01:00;6509,000;1,000;MESURE
2024-12-27 21:00:00+01:00;6690,000;1,000;MESURE
2024-12-27 22:00:00+01:00;7004,000;1,000;MESURE
2024-12-27 23:00:00+01:00;7255,000;1,000;MESURE
2024-12-28 00:00:00+01:00;7364,000;1,000;MESURE
2024-12-28 01:00:00+01:00;7409,000;1,000;MESURE
2024-12-28 02:00:00+01:00;9393,000;1,000;MESURE
2024-12-28 03:00:00+01:00;7911,000;1,000;MESURE
2024-12-28 04:00:00+01:00;7730,000;1,000;MESURE
2024-12-28 05:00:00+01:00;7775,000;1,000;MESURE
2024-12-28 06:00:00+01:00;7735,000;1,000;MESURE
2024-12-28 07:00:00+01:00;7675,000;1,000;MESURE
2024-12-28 08:00:00+01:00;7707,000;1,000;MESURE
2024-12-28 09:00:00+01:00;7625,000;1,000;MESURE
2024-12-28 10:00:00+01:00;7240,000;1,000;MESURE
2024-12-28 11:00:00+01:00;6684,000;1,000;MESURE
2024-12-28 12:00:00+01:00;5989,000;1,000;MESURE
2024-12-28 13:00:00+01:00;5460,000;1,000;MESURE
2024-12-28 14:00:00+01:00;5223,000;1,000;MESURE
2024-12-28 15:00:00+01:00;4980,000;1,000;MESURE
2024-12-28 16:00:00+01:00;5134,000;1,000;MESURE
2024-12-28 17:00:00+01:00;5663,000;1,000;MESURE
2024-12-28 18:00:00+01:00;6190,000;1,000;MESURE
2024-12-28 19:00:00+01:00;6580,000;1,000;MESURE
2024-12-28 20:00:00+01:00;6557,000;1,000;MESURE
2024-12-28 21:00:00+01:00;6699,000;1,000;MESURE
2024-12-28 22:00:00+01:00;6821,000;1,000;MESURE
2024-12-28 23:00:00+01:00;7023,000;1,000;MESURE
2024-12-29 00:00:00+01:00;6995,000;1,000;MESURE
2024-12-29 01:00:00+01:00;7002,000;1,000;MESURE
2024-12-29 02:00:00+01:00;7188,000;1,000;MESURE
2024-12-29 03:00:00+01:00;7184,000;1,000;MESURE
2024-12-29 04:00:00+01:00;7225,000;1,000;MESURE
2024-12-29 05:00:00+01:00;8695,000;1,000;MESURE
2024-12-29 06:00:00+01:00;7783,000;1,000;MESURE
2024-12-29 07:00:00+01:00;7332,000;1,000;MESURE
2024-12-29 08:00:00+01:00;7300,000;1,000;MESURE
2024-12-29 09:00:00+01:00;7407,000;1,000;MESURE
2024-12-29 10:00:00+01:00;7299,000;1,000;MESURE
2024-12-29 11:00:00+01:00;7071,000;1,000;MESURE
2024-12-29 12:00:00+01:00;6760,000;1,000;MESURE
2024-12-29 13:00:00+01:00;6560,000;1,000;MESURE
2024-12-29 14:00:00+01:00;6507,000;1,000;MESURE
2024-12-29 15:00:00+01:00;6307,000;1,000;MESURE
2024-12-29 16:00:00+01:00;6504,000;1,000;MESURE
2024-12-29 17:00:00+01:00;6860,000;1,000;MESURE
2024-12-29 18:00:00+01:00;7080,000;1,000;MESURE
2024-12-29 19:00:00+01:00;7044,000;1,000;MESURE
2024-12-29 20:00:00+01:00;7140,000;1,000;MESURE
2024-12-29 21:00:00+01:00;7193,000;1,000;MESURE
2024-12-29 22:00:00+01:00;7211,000;1,000;MESURE
2024-12-29 23:00:00+01:00;7357,000;1,000;MESURE
2024-12-30 00:00:00+01:00;7483,000;1,000;MESURE
2024-12-30 01:00:00+01:00;7563,000;1,000;MESURE
2024-12-30 02:00:00+01:00;7698,000;1,000;MESURE
2024-12-30 03:00:00+01:00;7689,000;1,000;MESURE
2024-12-30 04:00:00+01:00;7809,000;1,000;MESURE
2024-12-30 05:00:00+01:00;7771,000;1,000;MESURE
2024-12-30 06:00:00+01:00;7348,000;1,000;MESURE
2024-12-30 07:00:00+01:00;7458,000;1,000;MESURE
2024-12-30 08:00:00+01:00;9356,000;1,000;MESURE
2024-12-30 09:00:00+01:00;8129,000;1,000;MESURE
2024-12-30 10:00:00+01:00;7451,000;1,000;MESURE
2024-12-30 11:00:00+01:00;7533,000;1,000;MESURE
2024-12-30 12:00:00+01:00;7129,000;1,000;MESURE
2024-12-30 13:00:00+01:00;6897,000;1,000;MESURE
2024-12-30 14:00:00+01:00;6618,000;1,000;MESURE
2024-12-30 15:00:00+01:00;6610,000;1,000;MESURE
2024-12-30 16:00:00+01:00;6766,000;1,000;MESURE
2024-12-30 17:00:00+01:00;6884,000;1,000;MESURE
2024-12-30 18:00:00+01:00;7095,000;1,000;MESURE
2024-12-30 19:00:00+01:00;7211,000;1,000;MESURE
2024-12-30 20:00:00+01:00;7250,000;1,000;MESURE
2024-12-30 21:00:00+01:00;7177,000;1,000;MESURE
2024-12-30 22:00:00+01:00;7300,000;1,000;MESURE
2024-12-30 23:00:00+01:00;7276,000;1,000;MESURE
2024-12-31 00:00:00+01:00;7089,000;1,000;MESURE
2024-12-31 01:00:00+01:00;6952,000;1,000;MESURE
2024-12-31 02:00:00+01:00;6988,000;1,000;MESURE
2024-12-31 03:00:00+01:00;6987,000;1,000;MESURE
2024-12-31 04:00:00+01:00;7060,000;1,000;MESURE
2024-12-31 05:00:00+01:00;6771,000;1,000;MESURE
2024-12-31 06:00:00+01:00;6906,000;1,000;MESURE
2024-12-31 07:00:00+01:00;6947,000;1,000;MESURE
2024-12-31 08:00:00+01:00;6973,000;1,000;MESURE
2024-12-31 09:00:00+01:00;6937,000;1,000;MESURE
2024-12-31 10:00:00+01:00;6761,000;1,000;MESURE
2024-12-31 11:00:00+01:00;7569,000;1,000;MESURE
2024-12-31 12:00:00+01:00;6941,000;1,000;MESURE
2024-12-31 13:00:00+01:00;5655,000;1,000;MESURE
2024-12-31 14:00:00+01:00;5488,000;1,000;MESURE
2024-12-31 15:00:00+01:00;7442,000;1,000;MESURE
2024-12-31 16:00:00+01:00;8005,000;1,000;MESURE
2024-12-31 17:00:00+01:00;6345,000;1,000;MESURE
2024-12-31 18:00:00+01:00;6577,000;1,000;MESURE
2024-12-31 19:00:00+01:00;6653,000;1,000;MESURE
2024-12-31 20:00:00+01:00;6930,000;1,000;MESURE
2024-12-31 21:00:00+01:00;6953,000;1,000;MESURE
2024-12-31 22:00:00+01:00;6995,000;1,000;MESURE
2024-12-31 23:00:00+01:00;7117,000;1,000;MESURE
2025-01-01 00:00:00+01:00;6901,000;1,000;MESURE
2025-01-01 01:00:00+01:00;7101,000;1,000;MESURE
2025-01-01 02:00:00+01:00;7215,000;1,000;MESURE
2025-01-01 03:00:00+01:00;7581,000;1,000;MESURE
2025-01-01 04:00:00+01:00;7779,000;1,000;MESURE
2025-01-01 05:00:00+01:00;8215,000;1,000;MESURE
2025-01-01 06:00:00+01:00;8407,000;1,000;MESURE
2025-01-01 07:00:00+01:00;8263,000;1,000;MESURE
2025-01-01 08:00:00+01:00;8172,000;1,000;MESURE
2025-01-01 09:00:00+01:00;7372,000;1,000;MESURE
2025-01-01 10:00:00+01:00;6703,000;1,000;MESURE
2025-01-01 11:00:00+01:00;5278,000;1,000;MESURE
2025-01-01 12:00:00+01:00;4087,000;1,000;MESURE
2025-01-01 13:00:00+01:00;3291,000;1,000;MESURE
2025-01-01 14:00:00+01:00;3075,000;1,000;MESURE
2025-01-01 15:00:00+01:00;4197,000;1,000;MESURE
2025-01-01 16:00:00+01:00;2987,000;1,000;MESURE
2025-01-01 17:00:00+01:00;4108,000;1,000;MESURE
2025-01-01 18:00:00+01:00;5354,000;1,000;MESURE
2025-01-01 19:00:00+01:00;5629,000;1,000;MESURE
2025-01-01 20:00:00+01:00;6182,000;1,000;MESURE
2025-01-01 21:00:00+01:00;5972,000;1,000;MESURE
2025-01-01 22:00:00+01:00;6449,000;1,000;MESURE
2025-01-01 23:00:00+01:00;6186,000;1,000;MESURE
2025-01-02 00:00:00+01:00;6341,000;1,000;MESURE
2025-01-02 01:00:00+01:00;6172,000;1,000;MESURE
2025-01-02 02:00:00+01:00;6163,000;1,000;MESURE
2025-01-02 03:00:00+01:00;6208,000;1,000;MESURE
2025-01-02 04:00:00+01:00;5872,000;1,000;MESURE
2025-01-02 05:00:00+01:00;6051,000;1,000;MESURE
2025-01-02 06:00:00+01:00;5823,000;1,000;MESURE
2025-01-02 07:00:00+01:00;6015,000;1,000;MESURE
2025-01-02 08:00:00+01:00;5354,000;1,000;MESURE
2025-01-02 09:00:00+01:00;5106,000;1,000;MESURE
2025-01-02 10:00:00+01:00;4748,000;1,000;MESURE
2025-01-02 11:00:00+01:00;3970,000;1,000;MESURE
2025-01-02 12:00:00+01:00;2868,000;1,000;MESURE
2025-01-02 13:00:00+01:00;2342,000;1,000;MESURE
2025-01-02 14:00:00+01:00;2607,000;1,000;MESURE
2025-01-02 15:00:00+01:00;2757,000;1,000;MESURE
2025-01-02 16:00:00+01:00;3756,000;1,000;MESURE
2025-01-02 17:00:00+01:00;4294,000;1,000;MESURE
2025-01-02 18:00:00+01:00;5061,000;1,000;MESURE
2025-01-02 19:00:00+01:00;4223,000;1,000;MESURE
2025-01-02 20:00:00+01:00;3555,000;1,000;MESURE
2025-01-02 21:00:00+01:00;3632,000;1,000;MESURE
2025-01-02 22:00:00+01:00;3965,000;1,000;MESURE
2025-01-02 23:00:00+01:00;4088,000;1,000;MESURE
2025-01-03 00:00:00+01:00;4579,000;1,000;MESURE
2025-01-03 01:00:00+01:00;5245,000;1,000;MESURE
2025-01-03 02:00:00+01:00;5423,000;1,000;MESURE
2025-01-03 03:00:00+01:00;5516,000;1,000;MESURE
2025-01-03 04:00:00+01:00;5764,000;1,000;MESURE
2025-01-03 05:00:00+01:00;5799,000;1,000;MESURE
2025-01-03 06:00:00+01:00;6150,000;1,000;MESURE
2025-01-03 07:00:00+01:00;6439,000;1,000;MESURE
2025-01-03 08:00:00+01:00;6438,000;1,000;MESURE
2025-01-03 09:00:00+01:00;6474,000;1,000;MESURE
2025-01-03 10:00:00+01:00;6478,000;1,000;MESURE
2025-01-03 11:00:00+01:00;5822,000;1,000;MESURE
2025-01-03 12:00:00+01:00;5828,000;1,000;MESURE
2025-01-03 13:00:00+01:00;5146,000;1,000;MESURE
2025-01-03 14:00:00+01:00;5048,000;1,000;MESURE
2025-01-03 15:00:00+01:00;4805,000;1,000;MESURE
2025-01-03 16:00:00+01:00;5229,000;1,000;MESURE
2025-01-03 17:00:00+01:00;5479,000;1,000;MESURE
2025-01-03 18:00:00+01:00;6107,000;1,000;MESURE
2025-01-03 19:00:00+01:00;6572,000;1,000;MESURE
2025-01-03 20:00:00+01:00;6770,000;1,000;MESURE
2025-01-03 21:00:00+01:00;8971,000;1,000;MESURE
2025-01-03 22:00:00+01:00;7925,000;1,000;MESURE
2025-01-03 23:00:00+01:00;7805,000;1,000;MESURE
2025-01-04 00:00:00+01:00;7933,000;1,000;MESURE
2025-01-04 01:00:00+01:00;8258,000;1,000;MESURE
2025-01-04 02:00:00+01:00;7734,000;1,000;MESURE
2025-01-04 03:00:00+01:00;7280,000;1,000;MESURE
2025-01-04 04:00:00+01:00;6795,000;1,000;MESURE
2025-01-04 05:00:00+01:00;6859,000;1,000;MESURE
2025-01-04 06:00:00+01:00;7143,000;1,000;MESURE
2025-01-04 07:00:00+01:00;7060,000;1,000;MESURE
2025-01-04 08:00:00+01:00;8430,000;1,000;MESURE
2025-01-04 09:00:00+01:00;10230,000;1,000;MESURE
2025-01-04 10:00:00+01:00;9666,000;1,000;MESURE
2025-01-04 11:00:00+01:00;8804,000;1,000;MESURE
2025-01-04 12:00:00+01:00;7078,000;1,000;MESURE
2025-01-04 13:00:00+01:00;6220,000;1,000;MESURE
2025-01-04 14:00:00+01:00;5869,000;1,000;MESURE
2025-01-04 15:00:00+01:00;5476,000;1,000;MESURE
2025-01-04 16:00:00+01:00;5364,000;1,000;MESURE
2025-01-04 17:00:00+01:00;3558,000;1,000;MESURE
2025-01-04 18:00:00+01:00;3530,000;1,000;MESURE
2025-01-04 19:00:00+01:00;4109,000;1,000;MESURE
2025-01-04 20:00:00+01:00;4731,000;1,000;MESURE
2025-01-04 21:00:00+01:00;5068,000;1,000;MESURE
2025-01-04 22:00:00+01:00;5126,000;1,000;MESURE
2025-01-04 23:00:00+01:00;5126,000;1,000;MESURE
2025-01-05 00:00:00+01:00;4879,000;1,000;MESURE
2025-01-05 01:00:00+01:00;4855,000;1,000;MESURE
2025-01-05 02:00:00+01:00;4904,000;1,000;MESURE
2025-01-05 03:00:00+01:00;4521,000;1,000;MESURE
2025-01-05 04:00:00+01:00;4355,000;1,000;MESURE
2025-01-05 05:00:00+01:00;4635,000;1,000;MESURE
2025-01-05 06:00:00+01:00;4447,000;1,000;MESURE
2025-01-05 07:00:00+01:00;4429,000;1,000;MESURE
2025-01-05 08:00:00+01:00;4421,000;1,000;MESURE
2025-01-05 09:00:00+01:00;4130,000;1,000;MESURE
2025-01-05 10:00:00+01:00;4002,000;1,000;MESURE
2025-01-05 11:00:00+01:00;3454,000;1,000;MESURE
2025-01-05 12:00:00+01:00;2803,000;1,000;MESURE
2025-01-05 13:00:00+01:00;2073,000;1,000;MESURE
2025-01-05 14:00:00+01:00;1956,000;1,000;MESURE
2025-01-05 15:00:00+01:00;1764,000;1,000;MESURE
2025-01-05 16:00:00+01:00;2107,000;1,000;MESURE
2025-01-05 17:00:00+01:00;2500,000;1,000;MESURE
2025-01-05 18:00:00+01:00;2595,000;1,000;MESURE
2025-01-05 19:00:00+01:00;2651,000;1,000;MESURE
2025-01-05 20:00:00+01:00;2933,000;1,000;MESURE
2025-01-05 21:00:00+01:00;3549,000;1,000;MESURE
2025-01-05 22:00:00+01:00;4818,000;1,000;MESURE
2025-01-05 23:00:00+01:00;3243,000;1,000;MESURE
2025-01-06 00:00:00+01:00;3277,000;1,000;MESURE
2025-01-06 01:00:00+01:00;3085,000;1,000;MESURE
2025-01-06 02:00:00+01:00;3176,000;1,000;MESURE
2025-01-06 03:00:00+01:00;3218,000;1,000;MESURE
2025-01-06 04:00:00+01:00;2963,000;1,000;MESURE
2025-01-06 05:00:00+01:00;2814,000;1,000;MESURE
2025-01-06 06:00:00+01:00;2931,000;1,000;MESURE
2025-01-06 07:00:00+01:00;2892,000;1,000;MESURE
2025-01-06 08:00:00+01:00;2965,000;1,000;MESURE
2025-01-06 09:00:00+01:00;2950,000;1,000;MESURE
2025-01-06 10:00:00+01:00;3385,000;1,000;MESURE
2025-01-06 11:00:00+01:00;2788,000;1,000;MESURE
2025-01-06 12:00:00+01:00;2621,000;1,000;MESURE
2025-01-06 13:00:00+01:00;2669,000;1,000;MESURE
2025-01-06 14:00:00+01:00;2605,000;1,000;MESURE
2025-01-06 15:00:00+01:00;2382,000;1,000;MESURE
2025-01-06 16:00:00+01:00;2361,000;1,000;MESURE
2025-01-06 17:00:00+01:00;2655,000;1,000;MESURE
2025-01-06 18:00:00+01:00;3123,000;1,000;MESURE
2025-01-06 19:00:00+01:00;2965,000;1,000;MESURE
2025-01-06 20:00:00+01:00;3170,000;1,000;MESURE
2025-01-06 21:00:00+01:00;3344,000;1,000;MESURE
2025-01-06 22:00:00+01:00;3570,000;1,000;MESURE
2025-01-06 23:00:00+01:00;3423,000;1,000;MESURE
2025-01-07 00:00:00+01:00;3462,000;1,000;MESURE
2025-01-07 01:00:00+01:00;3955,000;1,000;MESURE
2025-01-07 02:00:00+01:00;5408,000;1,000;MESURE
2025-01-07 03:00:00+01:00;4307,000;1,000;MESURE
2025-01-07 04:00:00+01:00;4810,000;1,000;MESURE
2025-01-07 05:00:00+01:00;5339,000;1,000;MESURE
2025-01-07 06:00:00+01:00;5278,000;1,000;MESURE
2025-01-07 07:00:00+01:00;5222,000;1,000;MESURE
2025-01-07 08:00:00+01:00;5359,000;1,000;MESURE
2025-01-07 09:00:00+01:00;5084,000;1,000;MESURE
2025-01-07 10:00:00+01:00;4732,000;1,000;MESURE
2025-01-07 11:00:00+01:00;3682,000;1,000;MESURE
2025-01-07 12:00:00+01:00;2803,000;1,000;MESURE
2025-01-07 13:00:00+01:00;2473,000;1,000;MESURE
2025-01-07 14:00:00+01:00;1972,000;1,000;MESURE
2025-01-07 15:00:00+01:00;1987,000;1,000;MESURE
2025-01-07 16:00:00+01:00;2383,000;1,000;MESURE
2025-01-07 17:00:00+01:00;3014,000;1,000;MESURE
2025-01-07 18:00:00+01:00;3647,000;1,000;MESURE
2025-01-07 19:00:00+01:00;3970,000;1,000;MESURE
2025-01-07 20:00:00+01:00;4127,000;1,000;MESURE
2025-01-07 21:00:00+01:00;4191,000;1,000;MESURE
2025-01-07 22:00:00+01:00;4023,000;1,000;MESURE
2025-01-07 23:00:00+01:00;4224,000;1,000;MESURE
2025-01-08 00:00:00+01:00;4263,000;1,000;MESURE
2025-01-08 01:00:00+01:00;4473,000;1,000;MESURE
2025-01-08 02:00:00+01:00;4277,000;1,000;MESURE
2025-01-08 03:00:00+01:00;4010,000;1,000;MESURE
2025-01-08 04:00:00+01:00;3983,000;1,000;MESURE
2025-01-08 05:00:00+01:00;6160,000;1,000;MESURE
2025-01-08 06:00:00+01:00;3954,000;1,000;MESURE
2025-01-08 07:00:00+01:00;3558,000;1,000;MESURE
2025-01-08 08:00:00+01:00;3220,000;1,000;MESURE
2025-01-08 09:00:00+01:00;3193,000;1,000;MESURE
2025-01-08 10:00:00+01:00;2932,000;1,000;MESURE
2025-01-08 11:00:00+01:00;2917,000;1,000;MESURE
2025-01-08 12:00:00+01:00;2460,000;1,000;MESURE
2025-01-08 13:00:00+01:00;1940,000;1,000;MESURE
2025-01-08 14:00:00+01:00;1556,000;1,000;MESURE
2025-01-08 15:00:00+01:00;1687,000;1,000;MESURE
2025-01-08 16:00:00+01:00;1871,000;1,000;MESURE
2025-01-08 17:00:00+01:00;2316,000;1,000;MESURE
2025-01-08 18:00:00+01:00;2566,000;1,000;MESURE
2025-01-08 19:00:00+01:00;2732,000;1,000;MESURE
2025-01-08 20:00:00+01:00;2760,000;1,000;MESURE
2025-01-08 21:00:00+01:00;2711,000;1,000;MESURE
2025-01-08 22:00:00+01:00;2746,000;1,000;MESURE
2025-01-08 23:00:00+01:00;2791,000;1,000;MESURE
2025-01-09 00:00:00+01:00;2616,000;1,000;MESURE
2025-01-09 01:00:00+01:00;2960,000;1,000;MESURE
2025-01-09 02:00:00+01:00;3103,000;1,000;MESURE
2025-01-09 03:00:00+01:00;3234,000;1,000;MESURE
2025-01-09 04:00:00+01:00;3060,000;1,000;MESURE
2025-01-09 05:00:00+01:00;3094,000;1,000;MESURE
2025-01-09 06:00:00+01:00;3003,000;1,000;MESURE
2025-01-09 07:00:00+01:00;3087,000;1,000;MESURE
2025-01-09 08:00:00+01:00;4036,000;1,000;MESURE
2025-01-09 09:00:00+01:00;4140,000;1,000;MESURE
2025-01-09 10:00:00+01:00;3195,000;1,000;MESURE
2025-01-09 11:00:00+01:00;3175,000;1,000;MESURE
2025-01-09 12:00:00+01:00;3048,000;1,000;MESURE
2025-01-09 13:00:00+01:00;2465,000;1,000;MESURE
2025-01-09 14:00:00+01:00;1827,000;1,000;MESURE
2025-01-09 15:00:00+01:00;1611,000;1,000;MESURE
2025-01-09 16:00:00+01:00;1756,000;1,000;MESURE
2025-01-09 17:00:00+01:00;2245,000;1,000;MESURE
2025-01-09 18:00:00+01:00;3047,000;1,000;MESURE
2025-01-09 19:00:00+01:00;3762,000;1,000;MESURE
2025-01-09 20:00:00+01:00;4262,000;1,000;MESURE
2025-01-09 21:00:00+01:00;5101,000;1,000;MESURE
2025-01-09 22:00:00+01:00;5589,000;1,000;MESURE
2025-01-09 23:00:00+01:00;5393,000;1,000;MESURE
2025-01-10 00:00:00+01:00;5449,000;1,000;MESURE
2025-01-10 01:00:00+01:00;5488,000;1,000;MESURE
2025-01-10 02:00:00+01:00;5178,000;1,000;MESURE
2025-01-10 03:00:00+01:00;5286,000;1,000;MESURE
2025-01-10 04:00:00+01:00;5723,000;1,000;MESURE
2025-01-10 05:00:00+01:00;5654,000;1,000;MESURE
2025-01-10 06:00:00+01:00;5556,000;1,000;MESURE
2025-01-10 07:00:00+01:00;5387,000;1,000;MESURE
2025-01-10 08:00:00+01:00;5493,000;1,000;MESURE
2025-01-10 09:00:00+01:00;5283,000;1,000;MESURE
2025-01-10 10:00:00+01:00;4731,000;1,000;MESURE
2025-01-10 11:00:00+01:00;5247,000;1,000;MESURE
2025-01-10 12:00:00+01:00;5680,000;1,000;MESURE
2025-01-10 13:00:00+01:00;4399,000;1,000;MESURE
2025-01-10 14:00:00+01:00;4151,000;1,000;MESURE
2025-01-10 15:00:00+01:00;4366,000;1,000;MESURE
2025-01-10 16:00:00+01:00;4603,000;1,000;MESURE
2025-01-10 17:00:00+01:00;7257,000;1,000;MESURE
2025-01-10 18:00:00+01:00;5587,000;1,000;MESURE
2025-01-10 19:00:00+01:00;5119,000;1,000;MESURE
2025-01-10 20:00:00+01:00;4938,000;1,000;MESURE
2025-01-10 21:00:00+01:00;4925,000;1,000;MESURE
2025-01-10 22:00:00+01:00;4840,000;1,000;MESURE
2025-01-10 23:00:00+01:00;4898,000;1,000;MESURE
2025-01-11 00:00:00+01:00;4990,000;1,000;MESURE
2025-01-11 01:00:00+01:00;5082,000;1,000;MESURE
2025-01-11 02:00:00+01:00;5140,000;1,000;MESURE
2025-01-11 03:00:00+01:00;5095,000;1,000;MESURE
2025-01-11 04:00:00+01:00;5175,000;1,000;MESURE
2025-01-11 05:00:00+01:00;5314,000;1,000;MESURE
2025-01-11 06:00:00+01:00;5524,000;1,000;MESURE
2025-01-11 07:00:00+01:00;5786,000;1,000;MESURE
2025-01-11 08:00:00+01:00;8731,000;1,000;MESURE
2025-01-11 09:00:00+01:00;6640,000;1,000;MESURE
2025-01-11 10:00:00+01:00;7208,000;1,000;MESURE
2025-01-11 11:00:00+01:00;7093,000;1,000;MESURE
2025-01-11 12:00:00+01:00;9291,000;1,000;MESURE
2025-01-11 13:00:00+01:00;9212,000;1,000;MESURE
2025-01-11 14:00:00+01:00;7320,000;1,000;MESURE
2025-01-11 15:00:00+01:00;7819,000;1,000;MESURE
2025-01-11 16:00:00+01:00;10147,000;1,000;MESURE
2025-01-11 17:00:00+01:00;8227,000;1,000;MESURE
2025-01-11 18:00:00+01:00;7389,000;1,000;MESURE
2025-01-11 19:00:00+01:00;7512,000;1,000;MESURE
2025-01-11 20:00:00+01:00;7731,000;1,000;MESURE
2025-01-11 21:00:00+01:00;8096,000;1,000;MESURE
2025-01-11 22:00:00+01:00;8450,000;1,000;MESURE
2025-01-11 23:00:00+01:00;8584,000;1,000;MESURE
2025-01-12 00:00:00+01:00;8840,000;1,000;MESURE
2025-01-12 01:00:00+01:00;8946,000;1,000;MESURE
2025-01-12 02:00:00+01:00;9195,000;1,000;MESURE
2025-01-12 03:00:00+01:00;9031,000;1,000;MESURE
2025-01-12 04:00:00+01:00;8988,000;1,000;MESURE
2025-01-12 05:00:00+01:00;9199,000;1,000;MESURE
2025-01-12 06:00:00+01:00;9205,000;1,000;MESURE
2025-01-12 07:00:00+01:00;10595,000;1,000;MESURE
2025-01-12 08:00:00+01:00;10044,000;1,000;MESURE
2025-01-12 09:00:00+01:00;10760,000;1,000;MESURE
2025-01-12 10:00:00+01:00;10995,000;1,000;MESURE
2025-01-12 11:00:00+01:00;11963,000;1,000;MESURE
2025-01-12 12:00:00+01:00;12396,000;1,000;MESURE
2025-01-12 13:00:00+01:00;11683,000;1,000;MESURE
2025-01-12 14:00:00+01:00;10923,000;1,000;MESURE
2025-01-12 15:00:00+01:00;10240,000;1,000;MESURE
2025-01-12 16:00:00+01:00;9424,000;1,000;MESURE
2025-01-12 17:00:00+01:00;9374,000;1,000;MESURE
2025-01-12 18:00:00+01:00;6181,000;1,000;MESURE
2025-01-12 19:00:00+01:00;6934,000;1,000;MESURE
2025-01-12 20:00:00+01:00;7448,000;1,000;MESURE
2025-01-12 21:00:00+01:00;8109,000;1,000;MESURE
2025-01-12 22:00:00+01:00;8542,000;1,000;MESURE
2025-01-12 23:00:00+01:00;8851,000;1,000;MESURE
2025-01-13 00:00:00+01:00;8763,000;1,000;MESURE
2025-01-13 01:00:00+01:00;8999,000;1,000;MESURE
2025-01-13 02:00:00+01:00;9257,000;1,000;MESURE
2025-01-13 03:00:00+01:00;9544,000;1,000;MESURE
2025-01-13 04:00:00+01:00;9731,000;1,000;MESURE
2025-01-13 05:00:00+01:00;9752,000;1,000;MESURE
2025-01-13 06:00:00+01:00;9989,000;1,000;MESURE
2025-01-13 07:00:00+01:00;10286,000;1,000;MESURE
2025-01-13 08:00:00+01:00;10297,000;1,000;MESURE
2025-01-13 09:00:00+01:00;9960,000;1,000;MESURE
2025-01-13 10:00:00+01:00;6752,000;1,000;MESURE
2025-01-13 11:00:00+01:00;3768,000;1,000;MESURE
2025-01-13 12:00:00+01:00;3549,000;1,000;MESURE
2025-01-13 13:00:00+01:00;4094,000;1,000;MESURE
2025-01-13 14:00:00+01:00;4734,000;1,000;MESURE
2025-01-13 15:00:00+01:00;5106,000;1,000;MESURE
2025-01-13 16:00:00+01:00;5964,000;1,000;MESURE
2025-01-13 17:00:00+01:00;5493,000;1,000;MESURE
2025-01-13 18:00:00+01:00;6638,000;1,000;MESURE
2025-01-13 19:00:00+01:00;7604,000;1,000;MESURE
2025-01-13 20:00:00+01:00;8015,000;1,000;MESURE
2025-01-13 21:00:00+01:00;8195,000;1,000;MESURE
2025-01-13 22:00:00+01:00;8207,000;1,000;MESURE
2025-01-13 23:00:00+01:00;8357,000;1,000;MESURE
2025-01-14 00:00:00+01:00;8446,000;1,000;MESURE
2025-01-14 01:00:00+01:00;8517,000;1,000;MESURE
2025-01-14 02:00:00+01:00;8754,000;1,000;MESURE
2025-01-14 03:00:00+01:00;8840,000;1,000;MESURE
2025-01-14 04:00:00+01:00;8889,000;1,000;MESURE
2025-01-14 05:00:00+01:00;9023,000;1,000;MESURE
2025-01-14 06:00:00+01:00;9140,000;1,000;MESURE
2025-01-14 07:00:00+01:00;9327,000;1,000;MESURE
2025-01-14 08:00:00+01:00;9109,000;1,000;MESURE
2025-01-14 09:00:00+01:00;8493,000;1,000;MESURE
2025-01-14 10:00:00+01:00;7630,000;1,000;MESURE
2025-01-14 11:00:00+01:00;6936,000;1,000;MESURE
2025-01-14 12:00:00+01:00;6718,000;1,000;MESURE
2025-01-14 13:00:00+01:00;6561,000;1,000;MESURE
2025-01-14 14:00:00+01:00;6292,000;1,000;MESURE
2025-01-14 15:00:00+01:00;6161,000;1,000;MESURE
2025-01-14 16:00:00+01:00;6314,000;1,000;MESURE
2025-01-14 17:00:00+01:00;6876,000;1,000;MESURE
2025-01-14 18:00:00+01:00;7525,000;1,000;MESURE
2025-01-14 19:00:00+01:00;7564,000;1,000;MESURE
2025-01-14 20:00:00+01:00;7720,000;1,000;MESURE
2025-01-14 21:00:00+01:00;9116,000;1,000;MESURE
2025-01-14 22:00:00+01:00;7317,000;1,000;MESURE
2025-01-14 23:00:00+01:00;7456,000;1,000;MESURE
2025-01-15 00:00:00+01:00;7401,000;1,000;MESURE
2025-01-15 01:00:00+01:00;7292,000;1,000;MESURE
2025-01-15 02:00:00+01:00;7222,000;1,000;MESURE
2025-01-15 03:00:00+01:00;7190,000;1,000;MESURE
2025-01-15 04:00:00+01:00;7363,000;1,000;MESURE
2025-01-15 05:00:00+01:00;7270,000;1,000;MESURE
2025-01-15 06:00:00+01:00;7319,000;1,000;MESURE
2025-01-15 07:00:00+01:00;7281,000;1,000;MESURE
2025-01-15 08:00:00+01:00;7205,000;1,000;MESURE
2025-01-15 09:00:00+01:00;7270,000;1,000;MESURE
2025-01-15 10:00:00+01:00;7164,000;1,000;MESURE
2025-01-15 11:00:00+01:00;6851,000;1,000;MESURE
2025-01-15 12:00:00+01:00;6542,000;1,000;MESURE
2025-01-15 13:00:00+01:00;6377,000;1,000;MESURE
2025-01-15 14:00:00+01:00;6252,000;1,000;MESURE
2025-01-15 15:00:00+01:00;6206,000;1,000;MESURE
2025-01-15 16:00:00+01:00;6374,000;1,000;MESURE
2025-01-15 17:00:00+01:00;6677,000;1,000;MESURE
2025-01-15 18:00:00+01:00;7025,000;1,000;MESURE
2025-01-15 19:00:00+01:00;6822,000;1,000;MESURE
2025-01-15 20:00:00+01:00;6768,000;1,000;MESURE
2025-01-15 21:00:00+01:00;6556,000;1,000;MESURE
2025-01-15 22:00:00+01:00;6405,000;1,000;MESURE
2025-01-15 23:00:00+01:00;6437,000;1,000;MESURE
2025-01-16 00:00:00+01:00;8123,000;1,000;MESURE
2025-01-16 01:00:00+01:00;5945,000;1,000;MESURE
2025-01-16 02:00:00+01:00;5589,000;1,000;MESURE
2025-01-16 03:00:00+01:00;5373,000;1,000;MESURE
2025-01-16 04:00:00+01:00;5716,000;1,000;MESURE
2025-01-16 05:00:00+01:00;5376,000;1,000;MESURE
2025-01-16 06:00:00+01:00;5702,000;1,000;MESURE
2025-01-16 07:00:00+01:00;5535,000;1,000;MESURE
2025-01-16 08:00:00+01:00;5663,000;1,000;MESURE
2025-01-16 09:00:00+01:00;5649,000;1,000;MESURE
2025-01-16 10:00:00+01:00;5362,000;1,000;MESURE
2025-01-16 11:00:00+01:00;5185,000;1,000;MESURE
2025-01-16 12:00:00+01:00;4765,000;1,000;MESURE
2025-01-16 13:00:00+01:00;4493,000;1,000;MESURE
2025-01-16 14:00:00+01:00;4369,000;1,000;MESURE
2025-01-16 15:00:00+01:00;4537,000;1,000;MESURE
2025-01-16 16:00:00+01:00;4780,000;1,000;MESURE
2025-01-16 17:00:00+01:00;4914,000;1,000;MESURE
2025-01-16 18:00:00+01:00;5375,000;1,000;MESURE
2025-01-16 19:00:00+01:00;5427,000;1,000;MESURE
2025-01-16 20:00:00+01:00;5489,000;1,000;MESURE
2025-01-16 21:00:00+01:00;5909,000;1,000;MESURE
2025-01-16 22:00:00+01:00;5745,000;1,000;MESURE
2025-01-16 23:00:00+01:00;5740,000;1,000;MESURE
2025-01-17 00:00:00+01:00;5748,000;1,000;MESURE
2025-01-17 01:00:00+01:00;5707,000;1,000;MESURE
2025-01-17 02:00:00+01:00;5830,000;1,000;MESURE
2025-01-17 03:00:00+01:00;7926,000;1,000;MESURE
2025-01-17 04:00:00+01:00;7484,000;1,000;MESURE
2025-01-17 05:00:00+01:00;7077,000;1,000;MESURE
2025-01-17 06:00:00+01:00;7116,000;1,000;MESURE
2025-01-17 07:00:00+01:00;6828,000;1,000;MESURE
2025-01-17 08:00:00+01:00;6651,000;1,000;MESURE
2025-01-17 09:00:00+01:00;6597,000;1,000;MESURE
2025-01-17 10:00:00+01:00;6282,000;1,000;MESURE
2025-01-17 11:00:00+01:00;5783,000;1,000;MESURE
2025-01-17 12:00:00+01:00;4878,000;1,000;MESURE
2025-01-17 13:00:00+01:00;4771,000;1,000;MESURE
2025-01-17 14:00:00+01:00;4786,000;1,000;MESURE
2025-01-17 15:00:00+01:00;4762,000;1,000;MESURE
2025-01-17 16:00:00+01:00;5981,000;1,000;MESURE
2025-01-17 17:00:00+01:00;5902,000;1,000;MESURE
2025-01-17 18:00:00+01:00;6065,000;1,000;MESURE
2025-01-17 19:00:00+01:00;6227,000;1,000;MESURE
2025-01-17 20:00:00+01:00;6558,000;1,000;MESURE
2025-01-17 21:00:00+01:00;6577,000;1,000;MESURE
2025-01-17 22:00:00+01:00;6995,000;1,000;MESURE
2025-01-17 23:00:00+01:00;7033,000;1,000;MESURE
2025-01-18 00:00:00+01:00;6534,000;1,000;MESURE
2025-01-18 01:00:00+01:00;6210,000;1,000;MESURE
2025-01-18 02:00:00+01:00;6375,000;1,000;MESURE
2025-01-18 03:00:00+01:00;6250,000;1,000;MESURE
2025-01-18 04:00:00+01:00;6650,000;1,000;MESURE
2025-01-18 05:00:00+01:00;6795,000;1,000;MESURE
2025-01-18 06:00:00+01:00;7333,000;1,000;MESURE
2025-01-18 07:00:00+01:00;7957,000;1,000;MESURE
2025-01-18 08:00:00+01:00;9400,000;1,000;MESURE
2025-01-18 09:00:00+01:00;6810,000;1,000;MESURE
2025-01-18 10:00:00+01:00;6543,000;1,000;MESURE
2025-01-18 11:00:00+01:00;6264,000;1,000;MESURE
2025-01-18 12:00:00+01:00;6587,000;1,000;MESURE
2025-01-18 13:00:00+01:00;6035,000;1,000;MESURE
2025-01-18 14:00:00+01:00;5929,000;1,000;MESURE
2025-01-18 15:00:00+01:00;7658,000;1,000;MESURE
2025-01-18 16:00:00+01:00;8418,000;1,000;MESURE
2025-01-18 17:00:00+01:00;6409,000;1,000;MESURE
2025-01-18 18:00:00+01:00;6547,000;1,000;MESURE
2025-01-18 19:00:00+01:00;6595,000;1,000;MESURE
2025-01-18 20:00:00+01:00;6643,000;1,000;MESURE
2025-01-18 21:00:00+01:00;6757,000;1,000;MESURE
2025-01-18 22:00:00+01:00;6673,000;1,000;MESURE
2025-01-18 23:00:00+01:00;6796,000;1,000;MESURE
2025-01-19 00:00:00+01:00;6681,000;1,000;MESURE
2025-01-19 01:00:00+01:00;6707,000;1,000;MESURE
2025-01-19 02:00:00+01:00;6834,000;1,000;MESURE
2025-01-19 03:00:00+01:00;6799,000;1,000;MESURE
2025-01-19 04:00:00+01:00;6797,000;1,000;MESURE
2025-01-19 05:00:00+01:00;6825,000;1,000;MESURE
2025-01-19 06:00:00+01:00;6848,000;1,000;MESURE
2025-01-19 07:00:00+01:00;6928,000;1,000;MESURE
2025-01-19 08:00:00+01:00;6776,000;1,000;MESURE
2025-01-19 09:00:00+01:00;6739,000;1,000;MESURE
2025-01-19 10:00:00+01:00;6697,000;1,000;MESURE
2025-01-19 11:00:00+01:00;6370,000;1,000;MESURE
2025-01-19 12:00:00+01:00;6060,000;1,000;MESURE
2025-01-19 13:00:00+01:00;5387,000;1,000;MESURE
2025-01-19 14:00:00+01:00;5132,000;1,000;MESURE
2025-01-19 15:00:00+01:00;5175,000;1,000;MESURE
2025-01-19 16:00:00+01:00;5434,000;1,000;MESURE
2025-01-19 17:00:00+01:00;5879,000;1,000;MESURE
2025-01-19 18:00:00+01:00;5946,000;1,000;MESURE
2025-01-19 19:00:00+01:00;6198,000;1,000;MESURE
2025-01-19 20:00:00+01:00;6621,000;1,000;MESURE
2025-01-19 21:00:00+01:00;7755,000;1,000;MESURE
2025-01-19 22:00:00+01:00;6629,000;1,000;MESURE
2025-01-19 23:00:00+01:00;6573,000;1,000;MESURE
2025-01-20 00:00:00+01:00;6382,000;1,000;MESURE
2025-01-20 01:00:00+01:00;6463,000;1,000;MESURE
2025-01-20 02:00:00+01:00;6535,000;1,000;MESURE
2025-01-20 03:00:00+01:00;6456,000;1,000;MESURE
2025-01-20 04:00:00+01:00;6445,000;1,000;MESURE
2025-01-20 05:00:00+01:00;6584,000;1,000;MESURE
2025-01-20 06:00:00+01:00;6581,000;1,000;MESURE
2025-01-20 07:00:00+01:00;6581,000;1,000;MESURE
2025-01-20 08:00:00+01:00;6535,000;1,000;MESURE
2025-01-20 09:00:00+01:00;6461,000;1,000;MESURE
2025-01-20 10:00:00+01:00;6280,000;1,000;MESURE
2025-01-20 11:00:00+01:00;5776,000;1,000;MESURE
2025-01-20 12:00:00+01:00;5367,000;1,000;MESURE
2025-01-20 13:00:00+01:00;4821,000;1,000;MESURE
2025-01-20 14:00:00+01:00;4648,000;1,000;MESURE
2025-01-20 15:00:00+01:00;4688,000;1,000;MESURE
2025-01-20 16:00:00+01:00;4490,000;1,000;MESURE
2025-01-20 17:00:00+01:00;4926,000;1,000;MESURE
2025-01-20 18:00:00+01:00;5388,000;1,000;MESURE
2025-01-20 19:00:00+01:00;5499,000;1,000;MESURE
2025-01-20 20:00:00+01:00;5650,000;1,000;MESURE
2025-01-20 21:00:00+01:00;5795,000;1,000;MESURE
2025-01-20 22:00:00+01:00;6121,000;1,000;MESURE
2025-01-20 23:00:00+01:00;6201,000;1,000;MESURE
2025-01-21 00:00:00+01:00;6222,000;1,000;MESURE
2025-01-21 01:00:00+01:00;7995,000;1,000;MESURE
2025-01-21 02:00:00+01:00;6388,000;1,000;MESURE
2025-01-21 03:00:00+01:00;6539,000;1,000;MESURE
2025-01-21 04:00:00+01:00;6660,000;1,000;MESURE
2025-01-21 05:00:00+01:00;6671,000;1,000;MESURE
2025-01-21 06:00:00+01:00;6542,000;1,000;MESURE
2025-01-21 07:00:00+01:00;6635,000;1,000;MESURE
2025-01-21 08:00:00+01:00;6879,000;1,000;MESURE
2025-01-21 09:00:00+01:00;6605,000;1,000;MESURE
2025-01-21 10:00:00+01:00;6546,000;1,000;MESURE
2025-01-21 11:00:00+01:00;6113,000;1,000;MESURE
2025-01-21 12:00:00+01:00;5677,000;1,000;MESURE
2025-01-21 13:00:00+01:00;5010,000;1,000;MESURE
2025-01-21 14:00:00+01:00;4445,000;1,000;MESURE
2025-01-21 15:00:00+01:00;3968,000;1,000;MESURE
2025-01-21 16:00:00+01:00;4048,000;1,000;MESURE
2025-01-21 17:00:00+01:00;4418,000;1,000;MESURE
2025-01-21 18:00:00+01:00;4906,000;1,000;MESURE
2025-01-21 19:00:00+01:00;5105,000;1,000;MESURE
2025-01-21 20:00:00+01:00;5192,000;1,000;MESURE
2025-01-21 21:00:00+01:00;5310,000;1,000;MESURE
2025-01-21 22:00:00+01:00;5315,000;1,000;MESURE
2025-01-21 23:00:00+01:00;5142,000;1,000;MESURE
2025-01-22 00:00:00+01:00;4842,000;1,000;MESURE
2025-01-22 01:00:00+01:00;4732,000;1,000;MESURE
2025-01-22 02:00:00+01:00;4820,000;1,000;MESURE
2025-01-22 03:00:00+01:00;4803,000;1,000;MESURE
2025-01-22 04:00:00+01:00;4710,000;1,000;MESURE
2025-01-22 05:00:00+01:00;6829,000;1,000;MESURE
2025-01-22 06:00:00+01:00;4940,000;1,000;MESURE
2025-01-22 07:00:00+01:00;5163,000;1,000;MESURE
2025-01-22 08:00:00+01:00;5260,000;1,000;MESURE
2025-01-22 09:00:00+01:00;5153,000;1,000;MESURE
2025-01-22 10:00:00+01:00;4859,000;1,000;MESURE
2025-01-22 11:00:00+01:00;4406,000;1,000;MESURE
2025-01-22 12:00:00+01:00;3961,000;1,000;MESURE
2025-01-22 13:00:00+01:00;3386,000;1,000;MESURE
2025-01-22 14:00:00+01:00;2778,000;1,000;MESURE
2025-01-22 15:00:00+01:00;2531,000;1,000;MESURE
2025-01-22 16:00:00+01:00;2408,000;1,000;MESURE
2025-01-22 17:00:00+01:00;2575,000;1,000;MESURE
2025-01-22 18:00:00+01:00;2622,000;1,000;MESURE
2025-01-22 19:00:00+01:00;2864,000;1,000;MESURE
2025-01-22 20:00:00+01:00;3070,000;1,000;MESURE
2025-01-22 21:00:00+01:00;3221,000;1,000;MESURE
2025-01-22 22:00:00+01:00;3430,000;1,000;MESURE
2025-01-22 23:00:00+01:00;3438,000;1,000;MESURE
2025-01-23 00:00:00+01:00;3513,000;1,000;MESURE
2025-01-23 01:00:00+01:00;3322,000;1,000;MESURE
2025-01-23 02:00:00+01:00;3457,000;1,000;MESURE
2025-01-23 03:00:00+01:00;3330,000;1,000;MESURE
2025-01-23 04:00:00+01:00;3355,000;1,000;MESURE
2025-01-23 05:00:00+01:00;3370,000;1,000;MESURE
2025-01-23 06:00:00+01:00;3478,000;1,000;MESURE
2025-01-23 07:00:00+01:00;3777,000;1,000;MESURE
2025-01-23 08:00:00+01:00;3708,000;1,000;MESURE
2025-01-23 09:00:00+01:00;3803,000;1,000;MESURE
2025-01-23 10:00:00+01:00;5443,000;1,000;MESURE
2025-01-23 11:00:00+01:00;3798,000;1,000;MESURE
2025-01-23 12:00:00+01:00;3206,000;1,000;MESURE
2025-01-23 13:00:00+01:00;2773,000;1,000;MESURE
2025-01-23 14:00:00+01:00;2795,000;1,000;MESURE
2025-01-23 15:00:00+01:00;3782,000;1,000;MESURE
2025-01-23 16:00:00+01:00;3215,000;1,000;MESURE
2025-01-23 17:00:00+01:00;3287,000;1,000;MESURE
2025-01-23 18:00:00+01:00;3619,000;1,000;MESURE
2025-01-23 19:00:00+01:00;4300,000;1,000;MESURE
2025-01-23 20:00:00+01:00;5089,000;1,000;MESURE
2025-01-23 21:00:00+01:00;5587,000;1,000;MESURE
2025-01-23 22:00:00+01:00;5880,000;1,000;MESURE
2025-01-23 23:00:00+01:00;6146,000;1,000;MESURE
2025-01-24 00:00:00+01:00;6146,000;1,000;MESURE
2025-01-24 01:00:00+01:00;6248,000;1,000;MESURE
2025-01-24 02:00:00+01:00;6240,000;1,000;MESURE
2025-01-24 03:00:00+01:00;6179,000;1,000;MESURE
2025-01-24 04:00:00+01:00;6091,000;1,000;MESURE
2025-01-24 05:00:00+01:00;6063,000;1,000;MESURE
2025-01-24 06:00:00+01:00;5843,000;1,000;MESURE
2025-01-24 07:00:00+01:00;5549,000;1,000;MESURE
2025-01-24 08:00:00+01:00;5518,000;1,000;MESURE
2025-01-24 09:00:00+01:00;5239,000;1,000;MESURE
2025-01-24 10:00:00+01:00;4706,000;1,000;MESURE
2025-01-24 11:00:00+01:00;3951,000;1,000;MESURE
2025-01-24 12:00:00+01:00;3203,000;1,000;MESURE
2025-01-24 13:00:00+01:00;2840,000;1,000;MESURE
2025-01-24 14:00:00+01:00;3835,000;1,000;MESURE
2025-01-24 15:00:00+01:00;3592,000;1,000;MESURE
2025-01-24 16:00:00+01:00;2752,000;1,000;MESURE
2025-01-24 17:00:00+01:00;2661,000;1,000;MESURE
2025-01-24 18:00:00+01:00;2727,000;1,000;MESURE
2025-01-24 19:00:00+01:00;2898,000;1,000;MESURE
2025-01-24 20:00:00+01:00;3198,000;1,000;MESURE
2025-01-24 21:00:00+01:00;3204,000;1,000;MESURE
2025-01-24 22:00:00+01:00;3453,000;1,000;MESURE
2025-01-24 23:00:00+01:00;3557,000;1,000;MESURE
2025-01-25 00:00:00+01:00;3714,000;1,000;MESURE
2025-01-25 01:00:00+01:00;3613,000;1,000;MESURE
2025-01-25 02:00:00+01:00;3558,000;1,000;MESURE
2025-01-25 03:00:00+01:00;3476,000;1,000;MESURE
2025-01-25 04:00:00+01:00;3530,000;1,000;MESURE
2025-01-25 05:00:00+01:00;3462,000;1,000;MESURE
2025-01-25 06:00:00+01:00;3276,000;1,000;MESURE
2025-01-25 07:00:00+01:00;3280,000;1,000;MESURE
2025-01-25 08:00:00+01:00;3995,000;1,000;MESURE
2025-01-25 09:00:00+01:00;3589,000;1,000;MESURE
2025-01-25 10:00:00+01:00;3400,000;1,000;MESURE
2025-01-25 11:00:00+01:00;2459,000;1,000;MESURE
2025-01-25 12:00:00+01:00;1969,000;1,000;MESURE
2025-01-25 13:00:00+01:00;1738,000;1,000;MESURE
2025-01-25 14:00:00+01:00;1713,000;1,000;MESURE
2025-01-25 15:00:00+01:00;1622,000;1,000;MESURE
2025-01-25 16:00:00+01:00;1650,000;1,000;MESURE
2025-01-25 17:00:00+01:00;2323,000;1,000;MESURE
2025-01-25 18:00:00+01:00;3553,000;1,000;MESURE
2025-01-25 19:00:00+01:00;2263,000;1,000;MESURE
2025-01-25 20:00:00+01:00;2495,000;1,000;MESURE
2025-01-25 21:00:00+01:00;2746,000;1,000;MESURE
2025-01-25 22:00:00+01:00;3017,000;1,000;MESURE
2025-01-25 23:00:00+01:00;3391,000;1,000;MESURE
2025-01-26 00:00:00+01:00;3354,000;1,000;MESURE
2025-01-26 01:00:00+01:00;3591,000;1,000;MESURE
2025-01-26 02:00:00+01:00;3953,000;1,000;MESURE
2025-01-26 03:00:00+01:00;4184,000;1,000;MESURE
2025-01-26 04:00:00+01:00;4320,000;1,000;MESURE
2025-01-26 05:00:00+01:00;4667,000;1,000;MESURE
2025-01-26 06:00:00+01:00;4985,000;1,000;MESURE
2025-01-26 07:00:00+01:00;5430,000;1,000;MESURE
2025-01-26 08:00:00+01:00;5870,000;1,000;MESURE
2025-01-26 09:00:00+01:00;5431,000;1,000;MESURE
2025-01-26 10:00:00+01:00;4752,000;1,000;MESURE
2025-01-26 11:00:00+01:00;3960,000;1,000;MESURE
2025-01-26 12:00:00+01:00;3277,000;1,000;MESURE
2025-01-26 13:00:00+01:00;2882,000;1,000;MESURE
2025-01-26 14:00:00+01:00;2716,000;1,000;MESURE
2025-01-26 15:00:00+01:00;2858,000;1,000;MESURE
2025-01-26 16:00:00+01:00;3064,000;1,000;MESURE
2025-01-26 17:00:00+01:00;3496,000;1,000;MESURE
2025-01-26 18:00:00+01:00;3557,000;1,000;MESURE
2025-01-26 19:00:00+01:00;3796,000;1,000;MESURE
2025-01-26 20:00:00+01:00;3800,000;1,000;MESURE
2025-01-26 21:00:00+01:00;3934,000;1,000;MESURE
2025-01-26 22:00:00+01:00;5120,000;1,000;MESURE
2025-01-26 23:00:00+01:00;5164,000;1,000;MESURE
2025-01-27 00:00:00+01:00;4209,000;1,000;MESURE
2025-01-27 01:00:00+01:00;4058,000;1,000;MESURE
2025-01-27 02:00:00+01:00;4119,000;1,000;MESURE
2025-01-27 03:00:00+01:00;3989,000;1,000;MESURE
2025-01-27 04:00:00+01:00;3784,000;1,000;MESURE
2025-01-27 05:00:00+01:00;3760,000;1,000;MESURE
2025-01-27 06:00:00+01:00;3448,000;1,000;MESURE
2025-01-27 07:00:00+01:00;3324,000;1,000;MESURE
2025-01-27 08:00:00+01:00;3196,000;1,000;MESURE
2025-01-27 09:00:00+01:00;3197,000;1,000;MESURE
2025-01-27 10:00:00+01:00;3069,000;1,000;MESURE
2025-01-27 11:00:00+01:00;2913,000;1,000;MESURE
2025-01-27 12:00:00+01:00;2643,000;1,000;MESURE
2025-01-27 13:00:00+01:00;2578,000;1,000;MESURE
2025-01-27 14:00:00+01:00;2662,000;1,000;MESURE
2025-01-27 15:00:00+01:00;2719,000;1,000;MESURE
2025-01-27 16:00:00+01:00;2823,000;1,000;MESURE
2025-01-27 17:00:00+01:00;2775,000;1,000;MESURE
2025-01-27 18:00:00+01:00;2901,000;1,000;MESURE
2025-01-27 19:00:00+01:00;3159,000;1,000;MESURE
2025-01-27 20:00:00+01:00;3301,000;1,000;MESURE
2025-01-27 21:00:00+01:00;3305,000;1,000;MESURE
2025-01-27 22:00:00+01:00;3477,000;1,000;MESURE
2025-01-27 23:00:00+01:00;3655,000;1,000;MESURE
2025-01-28 00:00:00+01:00;3649,000;1,000;MESURE
2025-01-28 01:00:00+01:00;3665,000;1,000;MESURE
2025-01-28 02:00:00+01:00;3734,000;1,000;MESURE
2025-01-28 03:00:00+01:00;4455,000;1,000;MESURE
2025-01-28 04:00:00+01:00;5254,000;1,000;MESURE
2025-01-28 05:00:00+01:00;4079,000;1,000;MESURE
2025-01-28 06:00:00+01:00;4207,000;1,000;MESURE
2025-01-28 07:00:00+01:00;4421,000;1,000;MESURE
2025-01-28 08:00:00+01:00;4688,000;1,000;MESURE
2025-01-28 09:00:00+01:00;4598,000;1,000;MESURE
2025-01-28 10:00:00+01:00;4399,000;1,000;MESURE
2025-01-28 11:00:00+01:00;3744,000;1,000;MESURE
2025-01-28 12:00:00+01:00;3203,000;1,000;MESURE
2025-01-28 13:00:00+01:00;3000,000;1,000;MESURE
2025-01-28 14:00:00+01:00;3212,000;1,000;MESURE
2025-01-28 15:00:00+01:00;3533,000;1,000;MESURE
2025-01-28 16:00:00+01:00;3846,000;1,000;MESURE
2025-01-28 17:00:00+01:00;4101,000;1,000;MESURE
2025-01-28 18:00:00+01:00;4317,000;1,000;MESURE
2025-01-28 19:00:00+01:00;4428,000;1,000;MESURE
2025-01-28 20:00:00+01:00;4445,000;1,000;MESURE
2025-01-28 21:00:00+01:00;4435,000;1,000;MESURE
2025-01-28 22:00:00+01:00;4400,000;1,000;MESURE
2025-01-28 23:00:00+01:00;4396,000;1,000;MESURE
2025-01-29 00:00:00+01:00;4426,000;1,000;MESURE
2025-01-29 01:00:00+01:00;4356,000;1,000;MESURE
2025-01-29 02:00:00+01:00;4526,000;1,000;MESURE
2025-01-29 03:00:00+01:00;4455,000;1,000;MESURE
2025-01-29 04:00:00+01:00;4559,000;1,000;MESURE
2025-01-29 05:00:00+01:00;4680,000;1,000;MESURE
2025-01-29 06:00:00+01:00;4762,000;1,000;MESURE
2025-01-29 07:00:00+01:00;4863,000;1,000;MESURE
2025-01-29 08:00:00+01:00;6525,000;1,000;MESURE
2025-01-29 09:00:00+01:00;5331,000;1,000;MESURE
2025-01-29 10:00:00+01:00;4452,000;1,000;MESURE
2025-01-29 11:00:00+01:00;3788,000;1,000;MESURE
2025-01-29 12:00:00+01:00;3277,000;1,000;MESURE
2025-01-29 13:00:00+01:00;2734,000;1,000;MESURE
2025-01-29 14:00:00+01:00;2442,000;1,000;MESURE
2025-01-29 15:00:00+01:00;2269,000;1,000;MESURE
2025-01-29 16:00:00+01:00;2304,000;1,000;MESURE
2025-01-29 17:00:00+01:00;2604,000;1,000;MESURE
2025-01-29 18:00:00+01:00;2956,000;1,000;MESURE
2025-01-29 19:00:00+01:00;3167,000;1,000;MESURE
2025-01-29 20:00:00+01:00;3486,000;1,000;MESURE
2025-01-29 21:00:00+01:00;3585,000;1,000;MESURE
2025-01-29 22:00:00+01:00;3783,000;1,000;MESURE
2025-01-29 23:00:00+01:00;3766,000;1,000;MESURE
2025-01-30 00:00:00+01:00;3806,000;1,000;MESURE
2025-01-30 01:00:00+01:00;3735,000;1,000;MESURE
2025-01-30 02:00:00+01:00;3834,000;1,000;MESURE
2025-01-30 03:00:00+01:00;3841,000;1,000;MESURE
2025-01-30 04:00:00+01:00;3901,000;1,000;MESURE
2025-01-30 05:00:00+01:00;3838,000;1,000;MESURE
2025-01-30 06:00:00+01:00;3906,000;1,000;MESURE
2025-01-30 07:00:00+01:00;3995,000;1,000;MESURE
2025-01-30 08:00:00+01:00;4129,000;1,000;MESURE
2025-01-30 09:00:00+01:00;4009,000;1,000;MESURE
2025-01-30 10:00:00+01:00;4122,000;1,000;MESURE
2025-01-30 11:00:00+01:00;4065,000;1,000;MESURE
2025-01-30 12:00:00+01:00;4079,000;1,000;MESURE
2025-01-30 13:00:00+01:00;5625,000;1,000;MESURE
2025-01-30 14:00:00+01:00;4290,000;1,000;MESURE
2025-01-30 15:00:00+01:00;3689,000;1,000;MESURE
2025-01-30 16:00:00+01:00;3535,000;1,000;MESURE
2025-01-30 17:00:00+01:00;3394,000;1,000;MESURE
2025-01-30 18:00:00+01:00;3532,000;1,000;MESURE
2025-01-30 19:00:00+01:00;3516,000;1,000;MESURE
2025-01-30 20:00:00+01:00;3781,000;1,000;MESURE
2025-01-30 21:00:00+01:00;3887,000;1,000;MESURE
2025-01-30 22:00:00+01:00;3935,000;1,000;MESURE
2025-01-30 23:00:00+01:00;4128,000;1,000;MESURE
2025-01-31 00:00:00+01:00;4224,000;1,000;MESURE
2025-01-31 01:00:00+01:00;4062,000;1,000;MESURE
2025-01-31 02:00:00+01:00;4135,000;1,000;MESURE
2025-01-31 03:00:00+01:00;4098,000;1,000;MESURE
2025-01-31 04:00:00+01:00;4170,000;1,000;MESURE
2025-01-31 05:00:00+01:00;4215,000;1,000;MESURE
2025-01-31 06:00:00+01:00;4378,000;1,000;MESURE
2025-01-31 07:00:00+01:00;4539,000;1,000;MESURE
2025-01-31 08:00:00+01:00;4674,000;1,000;MESURE
2025-01-31 09:00:00+01:00;4657,000;1,000;MESURE
2025-01-31 10:00:00+01:00;4628,000;1,000;MESURE
2025-01-31 11:00:00+01:00;4689,000;1,000;MESURE
2025-01-31 12:00:00+01:00;4371,000;1,000;MESURE
2025-01-31 13:00:00+01:00;4328,000;1,000;MESURE
2025-01-31 14:00:00+01:00;4161,000;1,000;MESURE
2025-01-31 15:00:00+01:00;4225,000;1,000;MESURE
2025-01-31 16:00:00+01:00;4222,000;1,000;MESURE
2025-01-31 17:00:00+01:00;5020,000;1,000;MESURE
2025-01-31 18:00:00+01:00;6532,000;1,000;MESURE
2025-01-31 19:00:00+01:00;4953,000;1,000;MESURE
2025-01-31 20:00:00+01:00;4908,000;1,000;MESURE
2025-01-31 21:00:00+01:00;5127,000;1,000;MESURE
2025-01-31 22:00:00+01:00;5142,000;1,000;MESURE
2025-01-31 23:00:00+01:00;5227,000;1,000;MESURE
2025-02-01 00:00:00+01:00;5337,000;1,000;MESURE
2025-02-01 01:00:00+01:00;5479,000;1,000;MESURE
2025-02-01 02:00:00+01:00;5697,000;1,000;MESURE
2025-02-01 03:00:00+01:00;5799,000;1,000;MESURE
2025-02-01 04:00:00+01:00;5723,000;1,000;MESURE
2025-02-01 05:00:00+01:00;5607,000;1,000;MESURE
2025-02-01 06:00:00+01:00;5588,000;1,000;MESURE
2025-02-01 07:00:00+01:00;5392,000;1,000;MESURE
2025-02-01 08:00:00+01:00;5889,000;1,000;MESURE
2025-02-01 09:00:00+01:00;5486,000;1,000;MESURE
2025-02-01 10:00:00+01:00;4940,000;1,000;MESURE
2025-02-01 11:00:00+01:00;4607,000;1,000;MESURE
2025-02-01 12:00:00+01:00;7803,000;1,000;MESURE
2025-02-01 13:00:00+01:00;9337,000;1,000;MESURE
2025-02-01 14:00:00+01:00;8023,000;1,000;MESURE
2025-02-01 15:00:00+01:00;7640,000;1,000;MESURE
2025-02-01 16:00:00+01:00;4643,000;1,000;MESURE
2025-02-01 17:00:00+01:00;3460,000;1,000;MESURE
2025-02-01 18:00:00+01:00;3938,000;1,000;MESURE
2025-02-01 19:00:00+01:00;4335,000;1,000;MESURE
2025-02-01 20:00:00+01:00;4867,000;1,000;MESURE
2025-02-01 21:00:00+01:00;5093,000;1,000;MESURE
2025-02-01 22:00:00+01:00;5273,000;1,000;MESURE
2025-02-01 23:00:00+01:00;5035,000;1,000;MESURE
2025-02-02 00:00:00+01:00;5162,000;1,000;MESURE
2025-02-02 01:00:00+01:00;5233,000;1,000;MESURE
2025-02-02 02:00:00+01:00;5106,000;1,000;MESURE
2025-02-02 03:00:00+01:00;5115,000;1,000;MESURE
2025-02-02 04:00:00+01:00;5272,000;1,000;MESURE
2025-02-02 05:00:00+01:00;5161,000;1,000;MESURE
2025-02-02 06:00:00+01:00;5181,000;1,000;MESURE
2025-02-02 07:00:00+01:00;5385,000;1,000;MESURE
2025-02-02 08:00:00+01:00;5272,000;1,000;MESURE
2025-02-02 09:00:00+01:00;5468,000;1,000;MESURE
2025-02-02 10:00:00+01:00;5235,000;1,000;MESURE
2025-02-02 11:00:00+01:00;4660,000;1,000;MESURE
2025-02-02 12:00:00+01:00;4285,000;1,000;MESURE
2025-02-02 13:00:00+01:00;3839,000;1,000;MESURE
2025-02-02 14:00:00+01:00;3635,000;1,000;MESURE
2025-02-02 15:00:00+01:00;3659,000;1,000;MESURE
2025-02-02 16:00:00+01:00;3944,000;1,000;MESURE
2025-02-02 17:00:00+01:00;4477,000;1,000;MESURE
2025-02-02 18:00:00+01:00;4705,000;1,000;MESURE
2025-02-02 19:00:00+01:00;5136,000;1,000;MESURE
2025-02-02 20:00:00+01:00;7013,000;1,000;MESURE
2025-02-02 21:00:00+01:00;5747,000;1,000;MESURE
2025-02-02 22:00:00+01:00;5387,000;1,000;MESURE
2025-02-02 23:00:00+01:00;5391,000;1,000;MESURE
2025-02-03 00:00:00+01:00;5339,000;1,000;MESURE
2025-02-03 01:00:00+01:00;5687,000;1,000;MESURE
2025-02-03 02:00:00+01:00;5531,000;1,000;MESURE
2025-02-03 03:00:00+01:00;5853,000;1,000;MESURE
2025-02-03 04:00:00+01:00;5566,000;1,000;MESURE
2025-02-03 05:00:00+01:00;5878,000;1,000;MESURE
2025-02-03 06:00:00+01:00;5939,000;1,000;MESURE
2025-02-03 07:00:00+01:00;5676,000;1,000;MESURE
2025-02-03 08:00:00+01:00;5855,000;1,000;MESURE
2025-02-03 09:00:00+01:00;6022,000;1,000;MESURE
2025-02-03 10:00:00+01:00;6156,000;1,000;MESURE
2025-02-03 11:00:00+01:00;5723,000;1,000;MESURE
2025-02-03 12:00:00+01:00;5439,000;1,000;MESURE
2025-02-03 13:00:00+01:00;5063,000;1,000;MESURE
2025-02-03 14:00:00+01:00;5009,000;1,000;MESURE
2025-02-03 15:00:00+01:00;4782,000;1,000;MESURE
2025-02-03 16:00:00+01:00;4875,000;1,000;MESURE
2025-02-03 17:00:00+01:00;5183,000;1,000;MESURE
2025-02-03 18:00:00+01:00;5722,000;1,000;MESURE
2025-02-03 19:00:00+01:00;6006,000;1,000;MESURE
2025-02-03 20:00:00+01:00;5847,000;1,000;MESURE
2025-02-03 21:00:00+01:00;5942,000;1,000;MESURE
2025-02-03 22:00:00+01:00;5676,000;1,000;MESURE
2025-02-03 23:00:00+01:00;5922,000;1,000;MESURE
2025-02-04 00:00:00+01:00;6705,000;1,000;MESURE
2025-02-04 01:00:00+01:00;7126,000;1,000;MESURE
2025-02-04 02:00:00+01:00;5862,000;1,000;MESURE
2025-02-04 03:00:00+01:00;5752,000;1,000;MESURE
2025-02-04 04:00:00+01:00;5794,000;1,000;MESURE
2025-02-04 05:00:00+01:00;5799,000;1,000;MESURE
2025-02-04 06:00:00+01:00;6148,000;1,000;MESURE
2025-02-04 07:00:00+01:00;6120,000;1,000;MESURE
2025-02-04 08:00:00+01:00;6114,000;1,000;MESURE
2025-02-04 09:00:00+01:00;6052,000;1,000;MESURE
2025-02-04 10:00:00+01:00;5720,000;1,000;MESURE
2025-02-04 11:00:00+01:00;5660,000;1,000;MESURE
2025-02-04 12:00:00+01:00;5286,000;1,000;MESURE
2025-02-04 13:00:00+01:00;5457,000;1,000;MESURE
2025-02-04 14:00:00+01:00;5386,000;1,000;MESURE
2025-02-04 15:00:00+01:00;9361,000;1,000;MESURE
2025-02-04 16:00:00+01:00;7905,000;1,000;MESURE
2025-02-04 17:00:00+01:00;6031,000;1,000;MESURE
2025-02-04 18:00:00+01:00;5637,000;1,000;MESURE
2025-02-04 19:00:00+01:00;5397,000;1,000;MESURE
2025-02-04 20:00:00+01:00;5733,000;1,000;MESURE
2025-02-04 21:00:00+01:00;5657,000;1,000;MESURE
2025-02-04 22:00:00+01:00;5890,000;1,000;MESURE
2025-02-04 23:00:00+01:00;6046,000;1,000;MESURE
2025-02-05 00:00:00+01:00;6016,000;1,000;MESURE
2025-02-05 01:00:00+01:00;6227,000;1,000;MESURE
2025-02-05 02:00:00+01:00;6117,000;1,000;MESURE
2025-02-05 03:00:00+01:00;6614,000;1,000;MESURE
2025-02-05 04:00:00+01:00;8166,000;1,000;MESURE
2025-02-05 05:00:00+01:00;6513,000;1,000;MESURE
2025-02-05 06:00:00+01:00;6664,000;1,000;MESURE
2025-02-05 07:00:00+01:00;6764,000;1,000;MESURE
2025-02-05 08:00:00+01:00;6839,000;1,000;MESURE
2025-02-05 09:00:00+01:00;6798,000;1,000;MESURE
2025-02-05 10:00:00+01:00;6666,000;1,000;MESURE
2025-02-05 11:00:00+01:00;6299,000;1,000;MESURE
2025-02-05 12:00:00+01:00;6156,000;1,000;MESURE
2025-02-05 13:00:00+01:00;5657,000;1,000;MESURE
2025-02-05 14:00:00+01:00;5604,000;1,000;MESURE
2025-02-05 15:00:00+01:00;5287,000;1,000;MESURE
2025-02-05 16:00:00+01:00;5044,000;1,000;MESURE
2025-02-05 17:00:00+01:00;5240,000;1,000;MESURE
2025-02-05 18:00:00+01:00;5317,000;1,000;MESURE
2025-02-05 19:00:00+01:00;5741,000;1,000;MESURE
2025-02-05 20:00:00+01:00;5752,000;1,000;MESURE
2025-02-05 21:00:00+01:00;5898,000;1,000;MESURE
2025-02-05 22:00:00+01:00;5661,000;1,000;MESURE
2025-02-05 23:00:00+01:00;5554,000;1,000;MESURE
2025-02-06 00:00:00+01:00;5533,000;1,000;MESURE
2025-02-06 01:00:00+01:00;5398,000;1,000;MESURE
2025-02-06 02:00:00+01:00;5629,000;1,000;MESURE
2025-02-06 03:00:00+01:00;5535,000;1,000;MESURE
2025-02-06 04:00:00+01:00;5834,000;1,000;MESURE
2025-02-06 05:00:00+01:00;6002,000;1,000;MESURE
2025-02-06 06:00:00+01:00;6283,000;1,000;MESURE
2025-02-06 07:00:00+01:00;6417,000;1,000;MESURE
2025-02-06 08:00:00+01:00;7448,000;1,000;MESURE
2025-02-06 09:00:00+01:00;6880,000;1,000;MESURE
2025-02-06 10:00:00+01:00;5778,000;1,000;MESURE
2025-02-06 11:00:00+01:00;5262,000;1,000;MESURE
2025-02-06 12:00:00+01:00;5134,000;1,000;MESURE
2025-02-06 13:00:00+01:00;4873,000;1,000;MESURE
2025-02-06 14:00:00+01:00;4856,000;1,000;MESURE
2025-02-06 15:00:00+01:00;4556,000;1,000;MESURE
2025-02-06 16:00:00+01:00;4643,000;1,000;MESURE
2025-02-06 17:00:00+01:00;4902,000;1,000;MESURE
2025-02-06 18:00:00+01:00;5191,000;1,000;MESURE
2025-02-06 19:00:00+01:00;5885,000;1,000;MESURE
2025-02-06 20:00:00+01:00;6485,000;1,000;MESURE
2025-02-06 21:00:00+01:00;7134,000;1,000;MESURE
2025-02-06 22:00:00+01:00;7527,000;1,000;MESURE
2025-02-06 23:00:00+01:00;7656,000;1,000;MESURE
2025-02-07 00:00:00+01:00;7819,000;1,000;MESURE
2025-02-07 01:00:00+01:00;7941,000;1,000;MESURE
2025-02-07 02:00:00+01:00;8000,000;1,000;MESURE
2025-02-07 03:00:00+01:00;7927,000;1,000;MESURE
2025-02-07 04:00:00+01:00;7906,000;1,000;MESURE
2025-02-07 05:00:00+01:00;7822,000;1,000;MESURE
2025-02-07 06:00:00+01:00;7703,000;1,000;MESURE
2025-02-07 07:00:00+01:00;7487,000;1,000;MESURE
2025-02-07 08:00:00+01:00;7360,000;1,000;MESURE
2025-02-07 09:00:00+01:00;7047,000;1,000;MESURE
2025-02-07 10:00:00+01:00;6362,000;1,000;MESURE
2025-02-07 11:00:00+01:00;5485,000;1,000;MESURE
2025-02-07 12:00:00+01:00;4872,000;1,000;MESURE
2025-02-07 13:00:00+01:00;4478,000;1,000;MESURE
2025-02-07 14:00:00+01:00;3035,000;1,000;MESURE
2025-02-07 15:00:00+01:00;2875,000;1,000;MESURE
2025-02-07 16:00:00+01:00;3558,000;1,000;MESURE
2025-02-07 17:00:00+01:00;3292,000;1,000;MESURE
2025-02-07 18:00:00+01:00;3690,000;1,000;MESURE
2025-02-07 19:00:00+01:00;4194,000;1,000;MESURE
2025-02-07 20:00:00+01:00;4782,000;1,000;MESURE
2025-02-07 21:00:00+01:00;5199,000;1,000;MESURE
2025-02-07 22:00:00+01:00;5174,000;1,000;MESURE
2025-02-07 23:00:00+01:00;5095,000;1,000;MESURE
2025-02-08 00:00:00+01:00;4951,000;1,000;MESURE
2025-02-08 01:00:00+01:00;4763,000;1,000;MESURE
2025-02-08 02:00:00+01:00;4495,000;1,000;MESURE
2025-02-08 03:00:00+01:00;4370,000;1,000;MESURE
2025-02-08 04:00:00+01:00;4452,000;1,000;MESURE
2025-02-08 05:00:00+01:00;4229,000;1,000;MESURE
2025-02-08 06:00:00+01:00;4431,000;1,000;MESURE
2025-02-08 07:00:00+01:00;4596,000;1,000;MESURE
2025-02-08 08:00:00+01:00;7655,000;1,000;MESURE
2025-02-08 09:00:00+01:00;7636,000;1,000;MESURE
2025-02-08 10:00:00+01:00;6401,000;1,000;MESURE
2025-02-08 11:00:00+01:00;4994,000;1,000;MESURE
2025-02-08 12:00:00+01:00;2624,000;1,000;MESURE
2025-02-08 13:00:00+01:00;5188,000;1,000;MESURE
2025-02-08 14:00:00+01:00;5258,000;1,000;MESURE
2025-02-08 15:00:00+01:00;9588,000;1,000;MESURE
2025-02-08 16:00:00+01:00;5531,000;1,000;MESURE
2025-02-08 17:00:00+01:00;4056,000;1,000;MESURE
2025-02-08 18:00:00+01:00;4220,000;1,000;MESURE
2025-02-08 19:00:00+01:00;4803,000;1,000;MESURE
2025-02-08 20:00:00+01:00;5204,000;1,000;MESURE
2025-02-08 21:00:00+01:00;5603,000;1,000;MESURE
2025-02-08 22:00:00+01:00;5620,000;1,000;MESURE
2025-02-08 23:00:00+01:00;5829,000;1,000;MESURE
2025-02-09 00:00:00+01:00;5757,000;1,000;MESURE
2025-02-09 01:00:00+01:00;5859,000;1,000;MESURE
2025-02-09 02:00:00+01:00;5705,000;1,000;MESURE
2025-02-09 03:00:00+01:00;5829,000;1,000;MESURE
2025-02-09 04:00:00+01:00;5680,000;1,000;MESURE
2025-02-09 05:00:00+01:00;5756,000;1,000;MESURE
2025-02-09 06:00:00+01:00;5885,000;1,000;MESURE
2025-02-09 07:00:00+01:00;5736,000;1,000;MESURE
2025-02-09 08:00:00+01:00;5652,000;1,000;MESURE
2025-02-09 09:00:00+01:00;5789,000;1,000;MESURE
2025-02-09 10:00:00+01:00;5442,000;1,000;MESURE
2025-02-09 11:00:00+01:00;4928,000;1,000;MESURE
2025-02-09 12:00:00+01:00;4105,000;1,000;MESURE
2025-02-09 13:00:00+01:00;3246,000;1,000;MESURE
2025-02-09 14:00:00+01:00;2983,000;1,000;MESURE
2025-02-09 15:00:00+01:00;2765,000;1,000;MESURE
2025-02-09 16:00:00+01:00;2999,000;1,000;MESURE
2025-02-09 17:00:00+01:00;3329,000;1,000;MESURE
2025-02-09 18:00:00+01:00;4201,000;1,000;MESURE
2025-02-09 19:00:00+01:00;4811,000;1,000;MESURE
2025-02-09 20:00:00+01:00;5005,000;1,000;MESURE
2025-02-09 21:00:00+01:00;5997,000;1,000;MESURE
2025-02-09 22:00:00+01:00;5780,000;1,000;MESURE
2025-02-09 23:00:00+01:00;5077,000;1,000;MESURE
2025-02-10 00:00:00+01:00;5077,000;1,000;MESURE
2025-02-10 01:00:00+01:00;4924,000;1,000;MESURE
2025-02-10 02:00:00+01:00;4622,000;1,000;MESURE
2025-02-10 03:00:00+01:00;4641,000;1,000;MESURE
2025-02-10 04:00:00+01:00;4533,000;1,000;MESURE
2025-02-10 05:00:00+01:00;4414,000;1,000;MESURE
2025-02-10 06:00:00+01:00;4601,000;1,000;MESURE
2025-02-10 07:00:00+01:00;4661,000;1,000;MESURE
2025-02-10 08:00:00+01:00;4706,000;1,000;MESURE
2025-02-10 09:00:00+01:00;5039,000;1,000;MESURE
2025-02-10 10:00:00+01:00;4039,000;1,000;MESURE
2025-02-10 11:00:00+01:00;3325,000;1,000;MESURE
2025-02-10 12:00:00+01:00;3019,000;1,000;MESURE
2025-02-10 13:00:00+01:00;2994,000;1,000;MESURE
2025-02-10 14:00:00+01:00;2906,000;1,000;MESURE
2025-02-10 15:00:00+01:00;2948,000;1,000;MESURE
2025-02-10 16:00:00+01:00;3153,000;1,000;MESURE
2025-02-10 17:00:00+01:00;3335,000;1,000;MESURE
2025-02-10 18:00:00+01:00;3626,000;1,000;MESURE
2025-02-10 19:00:00+01:00;3490,000;1,000;MESURE
2025-02-10 20:00:00+01:00;3495,000;1,000;MESURE
2025-02-10 21:00:00+01:00;3624,000;1,000;MESURE
2025-02-10 22:00:00+01:00;3772,000;1,000;MESURE
2025-02-10 23:00:00+01:00;3553,000;1,000;MESURE
2025-02-11 00:00:00+01:00;3586,000;1,000;MESURE
2025-02-11 01:00:00+01:00;4142,000;1,000;MESURE
2025-02-11 02:00:00+01:00;5119,000;1,000;MESURE
2025-02-11 03:00:00+01:00;3506,000;1,000;MESURE
2025-02-11 04:00:00+01:00;3535,000;1,000;MESURE
2025-02-11 05:00:00+01:00;3441,000;1,000;MESURE
2025-02-11 06:00:00+01:00;3666,000;1,000;MESURE
2025-02-11 07:00:00+01:00;3846,000;1,000;MESURE
2025-02-11 08:00:00+01:00;3679,000;1,000;MESURE
2025-02-11 09:00:00+01:00;3690,000;1,000;MESURE
2025-02-11 10:00:00+01:00;3467,000;1,000;MESURE
2025-02-11 11:00:00+01:00;3562,000;1,000;MESURE
2025-02-11 12:00:00+01:00;3210,000;1,000;MESURE
2025-02-11 13:00:00+01:00;3078,000;1,000;MESURE
2025-02-11 14:00:00+01:00;2995,000;1,000;MESURE
2025-02-11 15:00:00+01:00;2848,000;1,000;MESURE
2025-02-11 16:00:00+01:00;2620,000;1,000;MESURE
2025-02-11 17:00:00+01:00;2609,000;1,000;MESURE
2025-02-11 18:00:00+01:00;2783,000;1,000;MESURE
2025-02-11 19:00:00+01:00;3135,000;1,000;MESURE
2025-02-11 20:00:00+01:00;3234,000;1,000;MESURE
2025-02-11 21:00:00+01:00;3564,000;1,000;MESURE
2025-02-11 22:00:00+01:00;3639,000;1,000;MESURE
2025-02-11 23:00:00+01:00;3754,000;1,000;MESURE
2025-02-12 00:00:00+01:00;3811,000;1,000;MESURE
2025-02-12 01:00:00+01:00;3735,000;1,000;MESURE
2025-02-12 02:00:00+01:00;3996,000;1,000;MESURE
2025-02-12 03:00:00+01:00;4214,000;1,000;MESURE
2025-02-12 04:00:00+01:00;4204,000;1,000;MESURE
2025-02-12 05:00:00+01:00;4352,000;1,000;MESURE
2025-02-12 06:00:00+01:00;5731,000;1,000;MESURE
2025-02-12 07:00:00+01:00;4086,000;1,000;MESURE
2025-02-12 08:00:00+01:00;4139,000;1,000;MESURE
2025-02-12 09:00:00+01:00;4278,000;1,000;MESURE
2025-02-12 10:00:00+01:00;3382,000;1,000;MESURE
2025-02-12 11:00:00+01:00;2776,000;1,000;MESURE
2025-02-12 12:00:00+01:00;2188,000;1,000;MESURE
2025-02-12 13:00:00+01:00;1667,000;1,000;MESURE
2025-02-12 14:00:00+01:00;1320,000;1,000;MESURE
2025-02-12 15:00:00+01:00;1148,000;1,000;MESURE
2025-02-12 16:00:00+01:00;1192,000;1,000;MESURE
2025-02-12 17:00:00+01:00;1423,000;1,000;MESURE
2025-02-12 18:00:00+01:00;1980,000;1,000;MESURE
2025-02-12 19:00:00+01:00;2450,000;1,000;MESURE
2025-02-12 20:00:00+01:00;2874,000;1,000;MESURE
2025-02-12 21:00:00+01:00;2876,000;1,000;MESURE
2025-02-12 22:00:00+01:00;3055,000;1,000;MESURE
2025-02-12 23:00:00+01:00;3283,000;1,000;MESURE
2025-02-13 00:00:00+01:00;3188,000;1,000;MESURE
2025-02-13 01:00:00+01:00;3219,000;1,000;MESURE
2025-02-13 02:00:00+01:00;3383,000;1,000;MESURE
2025-02-13 03:00:00+01:00;3242,000;1,000;MESURE
2025-02-13 04:00:00+01:00;3271,000;1,000;MESURE
2025-02-13 05:00:00+01:00;3216,000;1,000;MESURE
2025-02-13 06:00:00+01:00;3287,000;1,000;MESURE
2025-02-13 07:00:00+01:00;3362,000;1,000;MESURE
2025-02-13 08:00:00+01:00;3415,000;1,000;MESURE
2025-02-13 09:00:00+01:00;3256,000;1,000;MESURE
2025-02-13 10:00:00+01:00;4779,000;1,000;MESURE
2025-02-13 11:00:00+01:00;3578,000;1,000;MESURE
2025-02-13 12:00:00+01:00;2391,000;1,000;MESURE
2025-02-13 13:00:00+01:00;2283,000;1,000;MESURE
2025-02-13 14:00:00+01:00;1981,000;1,000;MESURE
2025-02-13 15:00:00+01:00;2022,000;1,000;MESURE
2025-02-13 16:00:00+01:00;2503,000;1,000;MESURE
2025-02-13 17:00:00+01:00;3443,000;1,000;MESURE
2025-02-13 18:00:00+01:00;3760,000;1,000;MESURE
2025-02-13 19:00:00+01:00;4023,000;1,000;MESURE
2025-02-13 20:00:00+01:00;4130,000;1,000;MESURE
2025-02-13 21:00:00+01:00;4404,000;1,000;MESURE
2025-02-13 22:00:00+01:00;4429,000;1,000;MESURE
2025-02-13 23:00:00+01:00;4623,000;1,000;MESURE
2025-02-14 00:00:00+01:00;4882,000;1,000;MESURE
2025-02-14 01:00:00+01:00;4891,000;1,000;MESURE
2025-02-14 02:00:00+01:00;4831,000;1,000;MESURE
2025-02-14 03:00:00+01:00;4997,000;1,000;MESURE
2025-02-14 04:00:00+01:00;5480,000;1,000;MESURE
2025-02-14 05:00:00+01:00;5561,000;1,000;MESURE
2025-02-14 06:00:00+01:00;5901,000;1,000;MESURE
2025-02-14 07:00:00+01:00;6307,000;1,000;MESURE
2025-02-14 08:00:00+01:00;6581,000;1,000;MESURE
2025-02-14 09:00:00+01:00;6515,000;1,000;MESURE
2025-02-14 10:00:00+01:00;6088,000;1,000;MESURE
2025-02-14 11:00:00+01:00;5275,000;1,000;MESURE
2025-02-14 12:00:00+01:00;4472,000;1,000;MESURE
2025-02-14 13:00:00+01:00;3855,000;1,000;MESURE
2025-02-14 14:00:00+01:00;5578,000;1,000;MESURE
2025-02-14 15:00:00+01:00;4273,000;1,000;MESURE
2025-02-14 16:00:00+01:00;5642,000;1,000;MESURE
2025-02-14 17:00:00+01:00;5652,000;1,000;MESURE
2025-02-14 18:00:00+01:00;5831,000;1,000;MESURE
2025-02-14 19:00:00+01:00;6305,000;1,000;MESURE
2025-02-14 20:00:00+01:00;7086,000;1,000;MESURE
2025-02-14 21:00:00+01:00;7299,000;1,000;MESURE
2025-02-14 22:00:00+01:00;7354,000;1,000;MESURE
2025-02-14 23:00:00+01:00;7463,000;1,000;MESURE
2025-02-15 00:00:00+01:00;7222,000;1,000;MESURE
2025-02-15 01:00:00+01:00;7482,000;1,000;MESURE
2025-02-15 02:00:00+01:00;7710,000;1,000;MESURE
2025-02-15 03:00:00+01:00;7827,000;1,000;MESURE
2025-02-15 04:00:00+01:00;7929,000;1,000;MESURE
2025-02-15 05:00:00+01:00;8244,000;1,000;MESURE
2025-02-15 06:00:00+01:00;8324,000;1,000;MESURE
2025-02-15 07:00:00+01:00;8019,000;1,000;MESURE
2025-02-15 08:00:00+01:00;9174,000;1,000;MESURE
2025-02-15 09:00:00+01:00;10023,000;1,000;MESURE
2025-02-15 10:00:00+01:00;7465,000;1,000;MESURE
2025-02-15 11:00:00+01:00;4942,000;1,000;MESURE
2025-02-15 12:00:00+01:00;3817,000;1,000;MESURE
2025-02-15 13:00:00+01:00;4337,000;1,000;MESURE
2025-02-15 14:00:00+01:00;6765,000;1,000;MESURE
2025-02-15 15:00:00+01:00;5084,000;1,000;MESURE
2025-02-15 16:00:00+01:00;4227,000;1,000;MESURE
2025-02-15 17:00:00+01:00;2444,000;1,000;MESURE
2025-02-15 18:00:00+01:00;3510,000;1,000;MESURE
2025-02-15 19:00:00+01:00;4800,000;1,000;MESURE
2025-02-15 20:00:00+01:00;6064,000;1,000;MESURE
2025-02-15 21:00:00+01:00;7664,000;1,000;MESURE
2025-02-15 22:00:00+01:00;7760,000;1,000;MESURE
2025-02-15 23:00:00+01:00;7550,000;1,000;MESURE
2025-02-16 00:00:00+01:00;7791,000;1,000;MESURE
2025-02-16 01:00:00+01:00;7899,000;1,000;MESURE
2025-02-16 02:00:00+01:00;7773,000;1,000;MESURE
2025-02-16 03:00:00+01:00;7751,000;1,000;MESURE
2025-02-16 04:00:00+01:00;7948,000;1,000;MESURE
2025-02-16 05:00:00+01:00;7966,000;1,000;MESURE
2025-02-16 06:00:00+01:00;7959,000;1,000;MESURE
2025-02-16 07:00:00+01:00;8014,000;1,000;MESURE
2025-02-16 08:00:00+01:00;7896,000;1,000;MESURE
2025-02-16 09:00:00+01:00;7257,000;1,000;MESURE
2025-02-16 10:00:00+01:00;5764,000;1,000;MESURE
2025-02-16 11:00:00+01:00;4161,000;1,000;MESURE
2025-02-16 12:00:00+01:00;2750,000;1,000;MESURE
2025-02-16 13:00:00+01:00;2193,000;1,000;MESURE
2025-02-16 14:00:00+01:00;2083,000;1,000;MESURE
2025-02-16 15:00:00+01:00;1939,000;1,000;MESURE
2025-02-16 16:00:00+01:00;2008,000;1,000;MESURE
2025-02-16 17:00:00+01:00;2352,000;1,000;MESURE
2025-02-16 18:00:00+01:00;3410,000;1,000;MESURE
2025-02-16 19:00:00+01:00;4576,000;1,000;MESURE
2025-02-16 20:00:00+01:00;5599,000;1,000;MESURE
2025-02-16 21:00:00+01:00;3551,000;1,000;MESURE
2025-02-16 22:00:00+01:00;1586,000;1,000;MESURE
2025-02-16 23:00:00+01:00;1684,000;1,000;MESURE
2025-02-17 00:00:00+01:00;1864,000;1,000;MESURE
2025-02-17 01:00:00+01:00;2157,000;1,000;MESURE
2025-02-17 02:00:00+01:00;2862,000;1,000;MESURE
2025-02-17 03:00:00+01:00;2872,000;1,000;MESURE
2025-02-17 04:00:00+01:00;2052,000;1,000;MESURE
2025-02-17 05:00:00+01:00;2051,000;1,000;MESURE
2025-02-17 06:00:00+01:00;2201,000;1,000;MESURE
2025-02-17 07:00:00+01:00;2070,000;1,000;MESURE
2025-02-17 08:00:00+01:00;2018,000;1,000;MESURE
2025-02-17 09:00:00+01:00;2055,000;1,000;MESURE
2025-02-17 10:00:00+01:00;2070,000;1,000;MESURE
2025-02-17 11:00:00+01:00;2182,000;1,000;MESURE
2025-02-17 12:00:00+01:00;2110,000;1,000;MESURE
2025-02-17 13:00:00+01:00;2081,000;1,000;MESURE
2025-02-17 14:00:00+01:00;2085,000;1,000;MESURE
2025-02-17 15:00:00+01:00;1515,000;1,000;MESURE
2025-02-17 16:00:00+01:00;1184,000;1,000;MESURE
2025-02-17 17:00:00+01:00;1082,000;1,000;MESURE
2025-02-17 18:00:00+01:00;1501,000;1,000;MESURE
2025-02-17 19:00:00+01:00;2069,000;1,000;MESURE
2025-02-17 20:00:00+01:00;2168,000;1,000;MESURE
2025-02-17 21:00:00+01:00;2050,000;1,000;MESURE
2025-02-17 22:00:00+01:00;2048,000;1,000;MESURE
2025-02-17 23:00:00+01:00;2047,000;1,000;MESURE
2025-02-18 00:00:00+01:00;2076,000;1,000;MESURE
2025-02-18 01:00:00+01:00;2112,000;1,000;MESURE
2025-02-18 02:00:00+01:00;3129,000;1,000;MESURE
2025-02-18 03:00:00+01:00;2809,000;1,000;MESURE
2025-02-18 04:00:00+01:00;2016,000;1,000;MESURE
2025-02-18 05:00:00+01:00;2064,000;1,000;MESURE
2025-02-18 06:00:00+01:00;2124,000;1,000;MESURE
2025-02-18 07:00:00+01:00;2106,000;1,000;MESURE
2025-02-18 08:00:00+01:00;2030,000;1,000;MESURE
2025-02-18 09:00:00+01:00;2068,000;1,000;MESURE
2025-02-18 10:00:00+01:00;2057,000;1,000;MESURE
2025-02-18 11:00:00+01:00;2086,000;1,000;MESURE
2025-02-18 12:00:00+01:00;2209,000;1,000;MESURE
2025-02-18 13:00:00+01:00;1939,000;1,000;MESURE
2025-02-18 14:00:00+01:00;1182,000;1,000;MESURE
2025-02-18 15:00:00+01:00;607,000;1,000;MESURE
2025-02-18 16:00:00+01:00;710,000;1,000;MESURE
2025-02-18 17:00:00+01:00;845,000;1,000;MESURE
2025-02-18 18:00:00+01:00;906,000;1,000;MESURE
2025-02-18 19:00:00+01:00;1118,000;1,000;MESURE
2025-02-18 20:00:00+01:00;1670,000;1,000;MESURE
2025-02-18 21:00:00+01:00;1820,000;1,000;MESURE
2025-02-18 22:00:00+01:00;1871,000;1,000;MESURE
2025-02-18 23:00:00+01:00;2083,000;1,000;MESURE
2025-02-19 00:00:00+01:00;2195,000;1,000;MESURE
2025-02-19 01:00:00+01:00;2114,000;1,000;MESURE
2025-02-19 02:00:00+01:00;2550,000;1,000;MESURE
2025-02-19 03:00:00+01:00;3417,000;1,000;MESURE
2025-02-19 04:00:00+01:00;2099,000;1,000;MESURE
2025-02-19 05:00:00+01:00;2137,000;1,000;MESURE
2025-02-19 06:00:00+01:00;2058,000;1,000;MESURE
2025-02-19 07:00:00+01:00;2039,000;1,000;MESURE
2025-02-19 08:00:00+01:00;2096,000;1,000;MESURE
2025-02-19 09:00:00+01:00;1973,000;1,000;MESURE
2025-02-19 10:00:00+01:00;1291,000;1,000;MESURE
2025-02-19 11:00:00+01:00;779,000;1,000;MESURE
2025-02-19 12:00:00+01:00;840,000;1,000;MESURE
2025-02-19 13:00:00+01:00;519,000;1,000;MESURE
2025-02-19 14:00:00+01:00;254,000;1,000;MESURE
2025-02-19 15:00:00+01:00;230,000;1,000;MESURE
2025-02-19 16:00:00+01:00;160,000;1,000;MESURE
2025-02-19 17:00:00+01:00;377,000;1,000;MESURE
2025-02-19 18:00:00+01:00;299,000;1,000;MESURE
2025-02-19 19:00:00+01:00;538,000;1,000;MESURE
2025-02-19 20:00:00+01:00;616,000;1,000;MESURE
2025-02-19 21:00:00+01:00;620,000;1,000;MESURE
2025-02-19 22:00:00+01:00;908,000;1,000;MESURE
2025-02-19 23:00:00+01:00;827,000;1,000;MESURE
2025-02-20 00:00:00+01:00;871,000;1,000;MESURE
2025-02-20 01:00:00+01:00;1109,000;1,000;MESURE
2025-02-20 02:00:00+01:00;1071,000;1,000;MESURE
2025-02-20 03:00:00+01:00;1092,000;1,000;MESURE
2025-02-20 04:00:00+01:00;2916,000;1,000;MESURE
2025-02-20 05:00:00+01:00;1099,000;1,000;MESURE
2025-02-20 06:00:00+01:00;1070,000;1,000;MESURE
2025-02-20 07:00:00+01:00;1144,000;1,000;MESURE
2025-02-20 08:00:00+01:00;1208,000;1,000;MESURE
2025-02-20 09:00:00+01:00;1083,000;1,000;MESURE
2025-02-20 10:00:00+01:00;841,000;1,000;MESURE
2025-02-20 11:00:00+01:00;698,000;1,000;MESURE
2025-02-20 12:00:00+01:00;664,000;1,000;MESURE
2025-02-20 13:00:00+01:00;288,000;1,000;MESURE
2025-02-20 14:00:00+01:00;326,000;1,000;MESURE
2025-02-20 15:00:00+01:00;268,000;1,000;MESURE
2025-02-20 16:00:00+01:00;102,000;1,000;MESURE
2025-02-20 17:00:00+01:00;261,000;1,000;MESURE
2025-02-20 18:00:00+01:00;196,000;1,000;MESURE
2025-02-20 19:00:00+01:00;474,000;1,000;MESURE
2025-02-20 20:00:00+01:00;532,000;1,000;MESURE
2025-02-20 21:00:00+01:00;789,000;1,000;MESURE
2025-02-20 22:00:00+01:00;740,000;1,000;MESURE
2025-02-20 23:00:00+01:00;1161,000;1,000;MESURE
2025-02-21 00:00:00+01:00;1252,000;1,000;MESURE
2025-02-21 01:00:00+01:00;1122,000;1,000;MESURE
2025-02-21 02:00:00+01:00;1169,000;1,000;MESURE
2025-02-21 03:00:00+01:00;1135,000;1,000;MESURE
2025-02-21 04:00:00+01:00;1298,000;1,000;MESURE
2025-02-21 05:00:00+01:00;1817,000;1,000;MESURE
2025-02-21 06:00:00+01:00;2545,000;1,000;MESURE
2025-02-21 07:00:00+01:00;1293,000;1,000;MESURE
2025-02-21 08:00:00+01:00;1193,000;1,000;MESURE
2025-02-21 09:00:00+01:00;1106,000;1,000;MESURE
2025-02-21 10:00:00+01:00;940,000;1,000;MESURE
2025-02-21 11:00:00+01:00;822,000;1,000;MESURE
2025-02-21 12:00:00+01:00;477,000;1,000;MESURE
2025-02-21 13:00:00+01:00;432,000;1,000;MESURE
2025-02-21 14:00:00+01:00;433,000;1,000;MESURE
2025-02-21 15:00:00+01:00;233,000;1,000;MESURE
2025-02-21 16:00:00+01:00;353,000;1,000;MESURE
2025-02-21 17:00:00+01:00;6650,000;1,000;MESURE
2025-02-21 18:00:00+01:00;6159,000;1,000;MESURE
2025-02-21 19:00:00+01:00;5130,000;1,000;MESURE
2025-02-21 20:00:00+01:00;4437,000;1,000;MESURE
2025-02-21 21:00:00+01:00;4170,000;1,000;MESURE
2025-02-21 22:00:00+01:00;3987,000;1,000;MESURE
2025-02-21 23:00:00+01:00;3843,000;1,000;MESURE
2025-02-22 00:00:00+01:00;3938,000;1,000;MESURE
2025-02-22 01:00:00+01:00;3892,000;1,000;MESURE
2025-02-22 02:00:00+01:00;4137,000;1,000;MESURE
2025-02-22 03:00:00+01:00;4037,000;1,000;MESURE
2025-02-22 04:00:00+01:00;4238,000;1,000;MESURE
2025-02-22 05:00:00+01:00;3989,000;1,000;MESURE
2025-02-22 06:00:00+01:00;3983,000;1,000;MESURE
2025-02-22 07:00:00+01:00;3911,000;1,000;MESURE
2025-02-22 08:00:00+01:00;5472,000;1,000;MESURE
2025-02-22 09:00:00+01:00;3958,000;1,000;MESURE
2025-02-22 10:00:00+01:00;3866,000;1,000;MESURE
2025-02-22 11:00:00+01:00;3995,000;1,000;MESURE
2025-02-22 12:00:00+01:00;3889,000;1,000;MESURE
2025-02-22 13:00:00+01:00;3740,000;1,000;MESURE
2025-02-22 14:00:00+01:00;3595,000;1,000;MESURE
2025-02-22 15:00:00+01:00;3560,000;1,000;MESURE
2025-02-22 16:00:00+01:00;3315,000;1,000;MESURE
2025-02-22 17:00:00+01:00;3055,000;1,000;MESURE
2025-02-22 18:00:00+01:00;2845,000;1,000;MESURE
2025-02-22 19:00:00+01:00;2528,000;1,000;MESURE
2025-02-22 20:00:00+01:00;2647,000;1,000;MESURE
2025-02-22 21:00:00+01:00;2711,000;1,000;MESURE
2025-02-22 22:00:00+01:00;2728,000;1,000;MESURE
2025-02-22 23:00:00+01:00;2995,000;1,000;MESURE
2025-02-23 00:00:00+01:00;2822,000;1,000;MESURE
2025-02-23 01:00:00+01:00;2948,000;1,000;MESURE
2025-02-23 02:00:00+01:00;2970,000;1,000;MESURE
2025-02-23 03:00:00+01:00;3006,000;1,000;MESURE
2025-02-23 04:00:00+01:00;2871,000;1,000;MESURE
2025-02-23 05:00:00+01:00;2978,000;1,000;MESURE
2025-02-23 06:00:00+01:00;3003,000;1,000;MESURE
2025-02-23 07:00:00+01:00;3096,000;1,000;MESURE
2025-02-23 08:00:00+01:00;3047,000;1,000;MESURE
2025-02-23 09:00:00+01:00;3019,000;1,000;MESURE
2025-02-23 10:00:00+01:00;2808,000;1,000;MESURE
2025-02-23 11:00:00+01:00;2604,000;1,000;MESURE
2025-02-23 12:00:00+01:00;2028,000;1,000;MESURE
2025-02-23 13:00:00+01:00;1714,000;1,000;MESURE
2025-02-23 14:00:00+01:00;1824,000;1,000;MESURE
2025-02-23 15:00:00+01:00;1712,000;1,000;MESURE
2025-02-23 16:00:00+01:00;1772,000;1,000;MESURE
2025-02-23 17:00:00+01:00;1816,000;1,000;MESURE
2025-02-23 18:00:00+01:00;1966,000;1,000;MESURE
2025-02-23 19:00:00+01:00;2242,000;1,000;MESURE
2025-02-23 20:00:00+01:00;2580,000;1,000;MESURE
2025-02-23 21:00:00+01:00;2867,000;1,000;MESURE
2025-02-23 22:00:00+01:00;3143,000;1,000;MESURE
2025-02-23 23:00:00+01:00;4086,000;1,000;MESURE
2025-02-24 00:00:00+01:00;3985,000;1,000;MESURE
2025-02-24 01:00:00+01:00;3431,000;1,000;MESURE
2025-02-24 02:00:00+01:00;3496,000;1,000;MESURE
2025-02-24 03:00:00+01:00;3709,000;1,000;MESURE
2025-02-24 04:00:00+01:00;3796,000;1,000;MESURE
2025-02-24 05:00:00+01:00;3831,000;1,000;MESURE
2025-02-24 06:00:00+01:00;3722,000;1,000;MESURE
2025-02-24 07:00:00+01:00;3779,000;1,000;MESURE
2025-02-24 08:00:00+01:00;3669,000;1,000;MESURE
2025-02-24 09:00:00+01:00;3498,000;1,000;MESURE
2025-02-24 10:00:00+01:00;3035,000;1,000;MESURE
2025-02-24 11:00:00+01:00;2908,000;1,000;MESURE
2025-02-24 12:00:00+01:00;2573,000;1,000;MESURE
2025-02-24 13:00:00+01:00;2435,000;1,000;MESURE
2025-02-24 14:00:00+01:00;2352,000;1,000;MESURE
2025-02-24 15:00:00+01:00;2144,000;1,000;MESURE
2025-02-24 16:00:00+01:00;1995,000;1,000;MESURE
2025-02-24 17:00:00+01:00;2234,000;1,000;MESURE
2025-02-24 18:00:00+01:00;2289,000;1,000;MESURE
2025-02-24 19:00:00+01:00;2333,000;1,000;MESURE
2025-02-24 20:00:00+01:00;2530,000;1,000;MESURE
2025-02-24 21:00:00+01:00;2620,000;1,000;MESURE
2025-02-24 22:00:00+01:00;2806,000;1,000;MESURE
2025-02-24 23:00:00+01:00;2826,000;1,000;MESURE
2025-02-25 00:00:00+01:00;2842,000;1,000;MESURE
2025-02-25 01:00:00+01:00;2819,000;1,000;MESURE
2025-02-25 02:00:00+01:00;2972,000;1,000;MESURE
2025-02-25 03:00:00+01:00;3163,000;1,000;MESURE
2025-02-25 04:00:00+01:00;4457,000;1,000;MESURE
2025-02-25 05:00:00+01:00;2874,000;1,000;MESURE
2025-02-25 06:00:00+01:00;3046,000;1,000;MESURE
2025-02-25 07:00:00+01:00;3129,000;1,000;MESURE
2025-02-25 08:00:00+01:00;3008,000;1,000;MESURE
2025-02-25 09:00:00+01:00;3079,000;1,000;MESURE
2025-02-25 10:00:00+01:00;3157,000;1,000;MESURE
2025-02-25 11:00:00+01:00;3047,000;1,000;MESURE
2025-02-25 12:00:00+01:00;2845,000;1,000;MESURE
2025-02-25 13:00:00+01:00;2669,000;1,000;MESURE
2025-02-25 14:00:00+01:00;2290,000;1,000;MESURE
2025-02-25 15:00:00+01:00;2020,000;1,000;MESURE
2025-02-25 16:00:00+01:00;2136,000;1,000;MESURE
2025-02-25 17:00:00+01:00;2234,000;1,000;MESURE
2025-02-25 18:00:00+01:00;2450,000;1,000;MESURE
2025-02-25 19:00:00+01:00;2672,000;1,000;MESURE
2025-02-25 20:00:00+01:00;2996,000;1,000;MESURE
2025-02-25 21:00:00+01:00;3202,000;1,000;MESURE
2025-02-25 22:00:00+01:00;3366,000;1,000;MESURE
2025-02-25 23:00:00+01:00;3273,000;1,000;MESURE
2025-02-26 00:00:00+01:00;3540,000;1,000;MESURE
2025-02-26 01:00:00+01:00;3565,000;1,000;MESURE
2025-02-26 02:00:00+01:00;3731,000;1,000;MESURE
2025-02-26 03:00:00+01:00;3999,000;1,000;MESURE
2025-02-26 04:00:00+01:00;3964,000;1,000;MESURE
2025-02-26 05:00:00+01:00;4075,000;1,000;MESURE
2025-02-26 06:00:00+01:00;4141,000;1,000;MESURE
2025-02-26 07:00:00+01:00;4522,000;1,000;MESURE
2025-02-26 08:00:00+01:00;5880,000;1,000;MESURE
2025-02-26 09:00:00+01:00;4134,000;1,000;MESURE
2025-02-26 10:00:00+01:00;3567,000;1,000;MESURE
2025-02-26 11:00:00+01:00;3168,000;1,000;MESURE
2025-02-26 12:00:00+01:00;2578,000;1,000;MESURE
2025-02-26 13:00:00+01:00;2446,000;1,000;MESURE
2025-02-26 14:00:00+01:00;2201,000;1,000;MESURE
2025-02-26 15:00:00+01:00;2152,000;1,000;MESURE
2025-02-26 16:00:00+01:00;2133,000;1,000;MESURE
2025-02-26 17:00:00+01:00;2374,000;1,000;MESURE
2025-02-26 18:00:00+01:00;2848,000;1,000;MESURE
2025-02-26 19:00:00+01:00;3578,000;1,000;MESURE
2025-02-26 20:00:00+01:00;4293,000;1,000;MESURE
2025-02-26 21:00:00+01:00;4594,000;1,000;MESURE
2025-02-26 22:00:00+01:00;4689,000;1,000;MESURE
2025-02-26 23:00:00+01:00;4959,000;1,000;MESURE
2025-02-27 00:00:00+01:00;4799,000;1,000;MESURE
2025-02-27 01:00:00+01:00;4655,000;1,000;MESURE
2025-02-27 02:00:00+01:00;4576,000;1,000;MESURE
2025-02-27 03:00:00+01:00;4430,000;1,000;MESURE
2025-02-27 04:00:00+01:00;4391,000;1,000;MESURE
2025-02-27 05:00:00+01:00;4368,000;1,000;MESURE
2025-02-27 06:00:00+01:00;4564,000;1,000;MESURE
2025-02-27 07:00:00+01:00;4325,000;1,000;MESURE
2025-02-27 08:00:00+01:00;4407,000;1,000;MESURE
2025-02-27 09:00:00+01:00;4075,000;1,000;MESURE
2025-02-27 10:00:00+01:00;3547,000;1,000;MESURE
2025-02-27 11:00:00+01:00;4343,000;1,000;MESURE
2025-02-27 12:00:00+01:00;3067,000;1,000;MESURE
2025-02-27 13:00:00+01:00;2220,000;1,000;MESURE
2025-02-27 14:00:00+01:00;1886,000;1,000;MESURE
2025-02-27 15:00:00+01:00;1765,000;1,000;MESURE
2025-02-27 16:00:00+01:00;1889,000;1,000;MESURE
2025-02-27 17:00:00+01:00;2168,000;1,000;MESURE
2025-02-27 18:00:00+01:00;2515,000;1,000;MESURE
2025-02-27 19:00:00+01:00;3092,000;1,000;MESURE
2025-02-27 20:00:00+01:00;3739,000;1,000;MESURE
2025-02-27 21:00:00+01:00;4214,000;1,000;MESURE
2025-02-27 22:00:00+01:00;4605,000;1,000;MESURE
2025-02-27 23:00:00+01:00;4929,000;1,000;MESURE
2025-02-28 00:00:00+01:00;5304,000;1,000;MESURE
2025-02-28 01:00:00+01:00;5621,000;1,000;MESURE
2025-02-28 02:00:00+01:00;5923,000;1,000;MESURE
2025-02-28 03:00:00+01:00;6187,000;1,000;MESURE
2025-02-28 04:00:00+01:00;6338,000;1,000;MESURE
2025-02-28 05:00:00+01:00;6254,000;1,000;MESURE
2025-02-28 06:00:00+01:00;6523,000;1,000;MESURE
2025-02-28 07:00:00+01:00;6659,000;1,000;MESURE
2025-02-28 08:00:00+01:00;6267,000;1,000;MESURE
2025-02-28 09:00:00+01:00;5371,000;1,000;MESURE
2025-02-28 10:00:00+01:00;4327,000;1,000;MESURE
2025-02-28 11:00:00+01:00;3379,000;1,000;MESURE
2025-02-28 12:00:00+01:00;2811,000;1,000;MESURE
2025-02-28 13:00:00+01:00;2468,000;1,000;MESURE
2025-02-28 14:00:00+01:00;2679,000;1,000;MESURE
2025-02-28 15:00:00+01:00;3701,000;1,000;MESURE
2025-02-28 16:00:00+01:00;2309,000;1,000;MESURE
2025-02-28 17:00:00+01:00;2674,000;1,000;MESURE
2025-02-28 18:00:00+01:00;3484,000;1,000;MESURE
2025-02-28 19:00:00+01:00;3998,000;1,000;MESURE
2025-02-28 20:00:00+01:00;4589,000;1,000;MESURE
2025-02-28 21:00:00+01:00;4910,000;1,000;MESURE
2025-02-28 22:00:00+01:00;5081,000;1,000;MESURE
2025-02-28 23:00:00+01:00;5392,000;1,000;MESURE
2025-03-01 00:00:00+01:00;5582,000;1,000;MESURE
2025-03-01 01:00:00+01:00;5819,000;1,000;MESURE
2025-03-01 02:00:00+01:00;6217,000;1,000;MESURE
2025-03-01 03:00:00+01:00;6511,000;1,000;MESURE
2025-03-01 04:00:00+01:00;6541,000;1,000;MESURE
2025-03-01 05:00:00+01:00;6673,000;1,000;MESURE
2025-03-01 06:00:00+01:00;6751,000;1,000;MESURE
2025-03-01 07:00:00+01:00;6723,000;1,000;MESURE
2025-03-01 08:00:00+01:00;6996,000;1,000;MESURE
2025-03-01 09:00:00+01:00;6579,000;1,000;MESURE
2025-03-01 10:00:00+01:00;5898,000;1,000;MESURE
2025-03-01 11:00:00+01:00;5250,000;1,000;MESURE
2025-03-01 12:00:00+01:00;4549,000;1,000;MESURE
2025-03-01 13:00:00+01:00;3487,000;1,000;MESURE
2025-03-01 14:00:00+01:00;2817,000;1,000;MESURE
2025-03-01 15:00:00+01:00;2374,000;1,000;MESURE
2025-03-01 16:00:00+01:00;2074,000;1,000;MESURE
2025-03-01 17:00:00+01:00;2623,000;1,000;MESURE
2025-03-01 18:00:00+01:00;4313,000;1,000;MESURE
2025-03-01 19:00:00+01:00;3566,000;1,000;MESURE
2025-03-01 20:00:00+01:00;4299,000;1,000;MESURE
2025-03-01 21:00:00+01:00;4965,000;1,000;MESURE
2025-03-01 22:00:00+01:00;5359,000;1,000;MESURE
2025-03-01 23:00:00+01:00;5597,000;1,000;MESURE
2025-03-02 00:00:00+01:00;5930,000;1,000;MESURE
2025-03-02 01:00:00+01:00;6073,000;1,000;MESURE
2025-03-02 02:00:00+01:00;6444,000;1,000;MESURE
2025-03-02 03:00:00+01:00;6585,000;1,000;MESURE
2025-03-02 04:00:00+01:00;6836,000;1,000;MESURE
2025-03-02 05:00:00+01:00;7010,000;1,000;MESURE
2025-03-02 06:00:00+01:00;7043,000;1,000;MESURE
2025-03-02 07:00:00+01:00;7341,000;1,000;MESURE
2025-03-02 08:00:00+01:00;7046,000;1,000;MESURE
2025-03-02 09:00:00+01:00;6143,000;1,000;MESURE
2025-03-02 10:00:00+01:00;4767,000;1,000;MESURE
2025-03-02 11:00:00+01:00;3574,000;1,000;MESURE
2025-03-02 12:00:00+01:00;2981,000;1,000;MESURE
2025-03-02 13:00:00+01:00;2271,000;1,000;MESURE
2025-03-02 14:00:00+01:00;1893,000;1,000;MESURE
2025-03-02 15:00:00+01:00;1843,000;1,000;MESURE
2025-03-02 16:00:00+01:00;1953,000;1,000;MESURE
2025-03-02 17:00:00+01:00;2058,000;1,000;MESURE
2025-03-02 18:00:00+01:00;2455,000;1,000;MESURE
2025-03-02 19:00:00+01:00;3314,000;1,000;MESURE
2025-03-02 20:00:00+01:00;4389,000;1,000;MESURE
2025-03-02 21:00:00+01:00;6642,000;1,000;MESURE
2025-03-02 22:00:00+01:00;5179,000;1,000;MESURE
2025-03-02 23:00:00+01:00;5570,000;1,000;MESURE
2025-03-03 00:00:00+01:00;5813,000;1,000;MESURE
2025-03-03 01:00:00+01:00;6009,000;1,000;MESURE
2025-03-03 02:00:00+01:00;6288,000;1,000;MESURE
2025-03-03 03:00:00+01:00;6471,000;1,000;MESURE
2025-03-03 04:00:00+01:00;6737,000;1,000;MESURE
2025-03-03 05:00:00+01:00;6875,000;1,000;MESURE
2025-03-03 06:00:00+01:00;6941,000;1,000;MESURE
2025-03-03 07:00:00+01:00;7045,000;1,000;MESURE
2025-03-03 08:00:00+01:00;6774,000;1,000;MESURE
2025-03-03 09:00:00+01:00;5749,000;1,000;MESURE
2025-03-03 10:00:00+01:00;4333,000;1,000;MESURE
2025-03-03 11:00:00+01:00;3158,000;1,000;MESURE
2025-03-03 12:00:00+01:00;2282,000;1,000;MESURE
2025-03-03 13:00:00+01:00;1784,000;1,000;MESURE
2025-03-03 14:00:00+01:00;1834,000;1,000;MESURE
2025-03-03 15:00:00+01:00;1704,000;1,000;MESURE
2025-03-03 16:00:00+01:00;1750,000;1,000;MESURE
2025-03-03 17:00:00+01:00;1740,000;1,000;MESURE
2025-03-03 18:00:00+01:00;1953,000;1,000;MESURE
2025-03-03 19:00:00+01:00;2389,000;1,000;MESURE
2025-03-03 20:00:00+01:00;3062,000;1,000;MESURE
2025-03-03 21:00:00+01:00;3786,000;1,000;MESURE
2025-03-03 22:00:00+01:00;4262,000;1,000;MESURE
2025-03-03 23:00:00+01:00;4652,000;1,000;MESURE
2025-03-04 00:00:00+01:00;6463,000;1,000;MESURE
2025-03-04 01:00:00+01:00;5891,000;1,000;MESURE
2025-03-04 02:00:00+01:00;5494,000;1,000;MESURE
2025-03-04 03:00:00+01:00;5821,000;1,000;MESURE
2025-03-04 04:00:00+01:00;6062,000;1,000;MESURE
2025-03-04 05:00:00+01:00;6300,000;1,000;MESURE
2025-03-04 06:00:00+01:00;6533,000;1,000;MESURE
2025-03-04 07:00:00+01:00;6611,000;1,000;MESURE
2025-03-04 08:00:00+01:00;6411,000;1,000;MESURE
2025-03-04 09:00:00+01:00;5277,000;1,000;MESURE
2025-03-04 10:00:00+01:00;3948,000;1,000;MESURE
2025-03-04 11:00:00+01:00;2901,000;1,000;MESURE
2025-03-04 12:00:00+01:00;1936,000;1,000;MESURE
2025-03-04 13:00:00+01:00;1848,000;1,000;MESURE
2025-03-04 14:00:00+01:00;1651,000;1,000;MESURE
2025-03-04 15:00:00+01:00;1513,000;1,000;MESURE
2025-03-04 16:00:00+01:00;1351,000;1,000;MESURE
2025-03-04 17:00:00+01:00;1308,000;1,000;MESURE
2025-03-04 18:00:00+01:00;1497,000;1,000;MESURE
2025-03-04 19:00:00+01:00;1779,000;1,000;MESURE
2025-03-04 20:00:00+01:00;2191,000;1,000;MESURE
2025-03-04 21:00:00+01:00;2891,000;1,000;MESURE
2025-03-04 22:00:00+01:00;3416,000;1,000;MESURE
2025-03-04 23:00:00+01:00;4060,000;1,000;MESURE
2025-03-05 00:00:00+01:00;4693,000;1,000;MESURE
2025-03-05 01:00:00+01:00;5126,000;1,000;MESURE
2025-03-05 02:00:00+01:00;5251,000;1,000;MESURE
2025-03-05 03:00:00+01:00;6656,000;1,000;MESURE
2025-03-05 04:00:00+01:00;6805,000;1,000;MESURE
2025-03-05 05:00:00+01:00;6161,000;1,000;MESURE
2025-03-05 06:00:00+01:00;6241,000;1,000;MESURE
2025-03-05 07:00:00+01:00;6373,000;1,000;MESURE
2025-03-05 08:00:00+01:00;6131,000;1,000;MESURE
2025-03-05 09:00:00+01:00;5112,000;1,000;MESURE
2025-03-05 10:00:00+01:00;3850,000;1,000;MESURE
2025-03-05 11:00:00+01:00;2584,000;1,000;MESURE
2025-03-05 12:00:00+01:00;1889,000;1,000;MESURE
2025-03-05 13:00:00+01:00;1702,000;1,000;MESURE
2025-03-05 14:00:00+01:00;1684,000;1,000;MESURE
2025-03-05 15:00:00+01:00;1584,000;1,000;MESURE
2025-03-05 16:00:00+01:00;1362,000;1,000;MESURE
2025-03-05 17:00:00+01:00;1237,000;1,000;MESURE
2025-03-05 18:00:00+01:00;1489,000;1,000;MESURE
2025-03-05 19:00:00+01:00;1800,000;1,000;MESURE
2025-03-05 20:00:00+01:00;2047,000;1,000;MESURE
2025-03-05 21:00:00+01:00;2281,000;1,000;MESURE
2025-03-05 22:00:00+01:00;2687,000;1,000;MESURE
2025-03-05 23:00:00+01:00;3162,000;1,000;MESURE
2025-03-06 00:00:00+01:00;3600,000;1,000;MESURE
2025-03-06 01:00:00+01:00;3633,000;1,000;MESURE
2025-03-06 02:00:00+01:00;3928,000;1,000;MESURE
2025-03-06 03:00:00+01:00;4234,000;1,000;MESURE
2025-03-06 04:00:00+01:00;4531,000;1,000;MESURE
2025-03-06 05:00:00+01:00;4815,000;1,000;MESURE
2025-03-06 06:00:00+01:00;4978,000;1,000;MESURE
2025-03-06 07:00:00+01:00;6267,000;1,000;MESURE
2025-03-06 08:00:00+01:00;5241,000;1,000;MESURE
2025-03-06 09:00:00+01:00;3790,000;1,000;MESURE
2025-03-06 10:00:00+01:00;2969,000;1,000;MESURE
2025-03-06 11:00:00+01:00;2183,000;1,000;MESURE
2025-03-06 12:00:00+01:00;1705,000;1,000;MESURE
2025-03-06 13:00:00+01:00;1625,000;1,000;MESURE
2025-03-06 14:00:00+01:00;1612,000;1,000;MESURE
2025-03-06 15:00:00+01:00;1554,000;1,000;MESURE
2025-03-06 16:00:00+01:00;1571,000;1,000;MESURE
2025-03-06 17:00:00+01:00;1551,000;1,000;MESURE
2025-03-06 18:00:00+01:00;1687,000;1,000;MESURE
2025-03-06 19:00:00+01:00;1781,000;1,000;MESURE
2025-03-06 20:00:00+01:00;1981,000;1,000;MESURE
2025-03-06 21:00:00+01:00;2160,000;1,000;MESURE
2025-03-06 22:00:00+01:00;2390,000;1,000;MESURE
2025-03-06 23:00:00+01:00;2736,000;1,000;MESURE
2025-03-07 00:00:00+01:00;3096,000;1,000;MESURE
2025-03-07 01:00:00+01:00;3432,000;1,000;MESURE
2025-03-07 02:00:00+01:00;3726,000;1,000;MESURE
2025-03-07 03:00:00+01:00;4156,000;1,000;MESURE
2025-03-07 04:00:00+01:00;4320,000;1,000;MESURE
2025-03-07 05:00:00+01:00;4460,000;1,000;MESURE
2025-03-07 06:00:00+01:00;4646,000;1,000;MESURE
2025-03-07 07:00:00+01:00;4734,000;1,000;MESURE
2025-03-07 08:00:00+01:00;4352,000;1,000;MESURE
2025-03-07 09:00:00+01:00;3685,000;1,000;MESURE
2025-03-07 10:00:00+01:00;2964,000;1,000;MESURE
2025-03-07 11:00:00+01:00;3680,000;1,000;MESURE
2025-03-07 12:00:00+01:00;1924,000;1,000;MESURE
2025-03-07 13:00:00+01:00;1708,000;1,000;MESURE
2025-03-07 14:00:00+01:00;1473,000;1,000;MESURE
2025-03-07 15:00:00+01:00;1285,000;1,000;MESURE
2025-03-07 16:00:00+01:00;1066,000;1,000;MESURE
2025-03-07 17:00:00+01:00;1831,000;1,000;MESURE
2025-03-07 18:00:00+01:00;3354,000;1,000;MESURE
2025-03-07 19:00:00+01:00;1620,000;1,000;MESURE
2025-03-07 20:00:00+01:00;1724,000;1,000;MESURE
2025-03-07 21:00:00+01:00;1985,000;1,000;MESURE
2025-03-07 22:00:00+01:00;2027,000;1,000;MESURE
2025-03-07 23:00:00+01:00;2286,000;1,000;MESURE
2025-03-08 00:00:00+01:00;2746,000;1,000;MESURE
2025-03-08 01:00:00+01:00;2831,000;1,000;MESURE
2025-03-08 02:00:00+01:00;3133,000;1,000;MESURE
2025-03-08 03:00:00+01:00;3185,000;1,000;MESURE
2025-03-08 04:00:00+01:00;3233,000;1,000;MESURE
2025-03-08 05:00:00+01:00;3347,000;1,000;MESURE
2025-03-08 06:00:00+01:00;3425,000;1,000;MESURE
2025-03-08 07:00:00+01:00;3664,000;1,000;MESURE
2025-03-08 08:00:00+01:00;4896,000;1,000;MESURE
2025-03-08 09:00:00+01:00;4330,000;1,000;MESURE
2025-03-08 10:00:00+01:00;4440,000;1,000;MESURE
2025-03-08 11:00:00+01:00;3972,000;1,000;MESURE
2025-03-08 12:00:00+01:00;2225,000;1,000;MESURE
2025-03-08 13:00:00+01:00;3824,000;1,000;MESURE
2025-03-08 14:00:00+01:00;1771,000;1,000;MESURE
2025-03-08 15:00:00+01:00;3977,000;1,000;MESURE
2025-03-08 16:00:00+01:00;966,000;1,000;MESURE
2025-03-08 17:00:00+01:00;728,000;1,000;MESURE
2025-03-08 18:00:00+01:00;882,000;1,000;MESURE
2025-03-08 19:00:00+01:00;1032,000;1,000;MESURE
2025-03-08 20:00:00+01:00;1595,000;1,000;MESURE
2025-03-08 21:00:00+01:00;1915,000;1,000;MESURE
2025-03-08 22:00:00+01:00;2167,000;1,000;MESURE
2025-03-08 23:00:00+01:00;2458,000;1,000;MESURE
2025-03-09 00:00:00+01:00;2703,000;1,000;MESURE
2025-03-09 01:00:00+01:00;3116,000;1,000;MESURE
2025-03-09 02:00:00+01:00;3065,000;1,000;MESURE
2025-03-09 03:00:00+01:00;3180,000;1,000;MESURE
2025-03-09 04:00:00+01:00;3245,000;1,000;MESURE
2025-03-09 05:00:00+01:00;3470,000;1,000;MESURE
2025-03-09 06:00:00+01:00;3543,000;1,000;MESURE
2025-03-09 07:00:00+01:00;3553,000;1,000;MESURE
2025-03-09 08:00:00+01:00;3525,000;1,000;MESURE
2025-03-09 09:00:00+01:00;3106,000;1,000;MESURE
2025-03-09 10:00:00+01:00;2383,000;1,000;MESURE
2025-03-09 11:00:00+01:00;1892,000;1,000;MESURE
2025-03-09 12:00:00+01:00;1758,000;1,000;MESURE
2025-03-09 13:00:00+01:00;1670,000;1,000;MESURE
2025-03-09 14:00:00+01:00;1450,000;1,000;MESURE
2025-03-09 15:00:00+01:00;1502,000;1,000;MESURE
2025-03-09 16:00:00+01:00;1370,000;1,000;MESURE
2025-03-09 17:00:00+01:00;1230,000;1,000;MESURE
2025-03-09 18:00:00+01:00;1361,000;1,000;MESURE
2025-03-09 19:00:00+01:00;1642,000;1,000;MESURE
2025-03-09 20:00:00+01:00;1880,000;1,000;MESURE
2025-03-09 21:00:00+01:00;2120,000;1,000;MESURE
2025-03-09 22:00:00+01:00;2161,000;1,000;MESURE
2025-03-09 23:00:00+01:00;3940,000;1,000;MESURE
2025-03-10 00:00:00+01:00;2454,000;1,000;MESURE
2025-03-10 01:00:00+01:00;2657,000;1,000;MESURE
2025-03-10 02:00:00+01:00;2805,000;1,000;MESURE
2025-03-10 03:00:00+01:00;2712,000;1,000;MESURE
2025-03-10 04:00:00+01:00;2789,000;1,000;MESURE
2025-03-10 05:00:00+01:00;2869,000;1,000;MESURE
2025-03-10 06:00:00+01:00;3247,000;1,000;MESURE
2025-03-10 07:00:00+01:00;3331,000;1,000;MESURE
2025-03-10 08:00:00+01:00;2978,000;1,000;MESURE
2025-03-10 09:00:00+01:00;2362,000;1,000;MESURE
2025-03-10 10:00:00+01:00;1814,000;1,000;MESURE
2025-03-10 11:00:00+01:00;1784,000;1,000;MESURE
2025-03-10 12:00:00+01:00;1775,000;1,000;MESURE
2025-03-10 13:00:00+01:00;1593,000;1,000;MESURE
2025-03-10 14:00:00+01:00;1421,000;1,000;MESURE
2025-03-10 15:00:00+01:00;1323,000;1,000;MESURE
2025-03-10 16:00:00+01:00;1471,000;1,000;MESURE
2025-03-10 17:00:00+01:00;1269,000;1,000;MESURE
2025-03-10 18:00:00+01:00;1623,000;1,000;MESURE
2025-03-10 19:00:00+01:00;1902,000;1,000;MESURE
2025-03-10 20:00:00+01:00;2191,000;1,000;MESURE
2025-03-10 21:00:00+01:00;2471,000;1,000;MESURE
2025-03-10 22:00:00+01:00;2520,000;1,000;MESURE
2025-03-10 23:00:00+01:00;2697,000;1,000;MESURE
2025-03-11 00:00:00+01:00;2812,000;1,000;MESURE
2025-03-11 01:00:00+01:00;2888,000;1,000;MESURE
2025-03-11 02:00:00+01:00;2893,000;1,000;MESURE
2025-03-11 03:00:00+01:00;2892,000;1,000;MESURE
2025-03-11 04:00:00+01:00;3660,000;1,000;MESURE
2025-03-11 05:00:00+01:00;3992,000;1,000;MESURE
2025-03-11 06:00:00+01:00;3173,000;1,000;MESURE
2025-03-11 07:00:00+01:00;3270,000;1,000;MESURE
2025-03-11 08:00:00+01:00;3086,000;1,000;MESURE
2025-03-11 09:00:00+01:00;2366,000;1,000;MESURE
2025-03-11 10:00:00+01:00;1861,000;1,000;MESURE
2025-03-11 11:00:00+01:00;1895,000;1,000;MESURE
2025-03-11 12:00:00+01:00;1715,000;1,000;MESURE
2025-03-11 13:00:00+01:00;1722,000;1,000;MESURE
2025-03-11 14:00:00+01:00;1660,000;1,000;MESURE
2025-03-11 15:00:00+01:00;1651,000;1,000;MESURE
2025-03-11 16:00:00+01:00;2007,000;1,000;MESURE
2025-03-11 17:00:00+01:00;1973,000;1,000;MESURE
2025-03-11 18:00:00+01:00;2182,000;1,000;MESURE
2025-03-11 19:00:00+01:00;2369,000;1,000;MESURE
2025-03-11 20:00:00+01:00;2666,000;1,000;MESURE
2025-03-11 21:00:00+01:00;2901,000;1,000;MESURE
2025-03-11 22:00:00+01:00;2892,000;1,000;MESURE
2025-03-11 23:00:00+01:00;2880,000;1,000;MESURE
2025-03-12 00:00:00+01:00;2894,000;1,000;MESURE
2025-03-12 01:00:00+01:00;2971,000;1,000;MESURE
2025-03-12 02:00:00+01:00;3127,000;1,000;MESURE
2025-03-12 03:00:00+01:00;3086,000;1,000;MESURE
2025-03-12 04:00:00+01:00;3069,000;1,000;MESURE
2025-03-12 05:00:00+01:00;3052,000;1,000;MESURE
2025-03-12 06:00:00+01:00;3192,000;1,000;MESURE
2025-03-12 07:00:00+01:00;3222,000;1,000;MESURE
2025-03-12 08:00:00+01:00;3052,000;1,000;MESURE
2025-03-12 09:00:00+01:00;4253,000;1,000;MESURE
2025-03-12 10:00:00+01:00;3689,000;1,000;MESURE
2025-03-12 11:00:00+01:00;2593,000;1,000;MESURE
2025-03-12 12:00:00+01:00;2210,000;1,000;MESURE
2025-03-12 13:00:00+01:00;1967,000;1,000;MESURE
2025-03-12 14:00:00+01:00;2121,000;1,000;MESURE
2025-03-12 15:00:00+01:00;1953,000;1,000;MESURE
2025-03-12 16:00:00+01:00;1907,000;1,000;MESURE
2025-03-12 17:00:00+01:00;2102,000;1,000;MESURE
2025-03-12 18:00:00+01:00;2188,000;1,000;MESURE
2025-03-12 19:00:00+01:00;2416,000;1,000;MESURE
2025-03-12 20:00:00+01:00;2862,000;1,000;MESURE
2025-03-12 21:00:00+01:00;3135,000;1,000;MESURE
2025-03-12 22:00:00+01:00;3279,000;1,000;MESURE
2025-03-12 23:00:00+01:00;3321,000;1,000;MESURE
2025-03-13 00:00:00+01:00;3568,000;1,000;MESURE
2025-03-13 01:00:00+01:00;3551,000;1,000;MESURE
2025-03-13 02:00:00+01:00;3502,000;1,000;MESURE
2025-03-13 03:00:00+01:00;3588,000;1,000;MESURE
2025-03-13 04:00:00+01:00;3558,000;1,000;MESURE
2025-03-13 05:00:00+01:00;3827,000;1,000;MESURE
2025-03-13 06:00:00+01:00;4159,000;1,000;MESURE
2025-03-13 07:00:00+01:00;4209,000;1,000;MESURE
2025-03-13 08:00:00+01:00;4054,000;1,000;MESURE
2025-03-13 09:00:00+01:00;3629,000;1,000;MESURE
2025-03-13 10:00:00+01:00;3244,000;1,000;MESURE
2025-03-13 11:00:00+01:00;3010,000;1,000;MESURE
2025-03-13 12:00:00+01:00;2588,000;0,750;MESURE_PARTIELLE
2025-03-13 13:00:00+01:00;2660,000;1,000;MESURE
2025-03-13 14:00:00+01:00;3644,000;1,000;MESURE
2025-03-13 15:00:00+01:00;1977,000;1,000;MESURE
2025-03-13 16:00:00+01:00;2264,000;1,000;MESURE
2025-03-13 17:00:00+01:00;2527,000;1,000;MESURE
2025-03-13 18:00:00+01:00;3034,000;1,000;MESURE
2025-03-13 19:00:00+01:00;3536,000;1,000;MESURE
2025-03-13 20:00:00+01:00;3689,000;1,000;MESURE
2025-03-13 21:00:00+01:00;3848,000;1,000;MESURE
2025-03-13 22:00:00+01:00;4160,000;1,000;MESURE
2025-03-13 23:00:00+01:00;4355,000;1,000;MESURE
2025-03-14 00:00:00+01:00;4707,000;1,000;MESURE
2025-03-14 01:00:00+01:00;5002,000;1,000;MESURE
2025-03-14 02:00:00+01:00;5215,000;1,000;MESURE
2025-03-14 03:00:00+01:00;5059,000;1,000;MESURE
2025-03-14 04:00:00+01:00;5023,000;1,000;MESURE
2025-03-14 05:00:00+01:00;4984,000;1,000;MESURE
2025-03-14 06:00:00+01:00;5090,000;1,000;MESURE
2025-03-14 07:00:00+01:00;5001,000;1,000;MESURE
2025-03-14 08:00:00+01:00;4990,000;1,000;MESURE
2025-03-14 09:00:00+01:00;4739,000;1,000;MESURE
2025-03-14 10:00:00+01:00;4510,000;1,000;MESURE
2025-03-14 11:00:00+01:00;4117,000;1,000;MESURE
2025-03-14 12:00:00+01:00;3969,000;1,000;MESURE
2025-03-14 13:00:00+01:00;3752,000;1,000;MESURE
2025-03-14 14:00:00+01:00;3561,000;1,000;MESURE
2025-03-14 15:00:00+01:00;3688,000;1,000;MESURE
2025-03-14 16:00:00+01:00;3749,000;1,000;MESURE
2025-03-14 17:00:00+01:00;5043,000;1,000;MESURE
2025-03-14 18:00:00+01:00;5085,000;1,000;MESURE
2025-03-14 19:00:00+01:00;4331,000;1,000;MESURE
2025-03-14 20:00:00+01:00;4533,000;1,000;MESURE
2025-03-14 21:00:00+01:00;4580,000;1,000;MESURE
2025-03-14 22:00:00+01:00;4555,000;1,000;MESURE
2025-03-14 23:00:00+01:00;4566,000;1,000;MESURE
2025-03-15 00:00:00+01:00;4484,000;1,000;MESURE
2025-03-15 01:00:00+01:00;4380,000;1,000;MESURE
2025-03-15 02:00:00+01:00;4411,000;1,000;MESURE
2025-03-15 03:00:00+01:00;4399,000;1,000;MESURE
2025-03-15 04:00:00+01:00;4375,000;1,000;MESURE
2025-03-15 05:00:00+01:00;4512,000;1,000;MESURE
2025-03-15 06:00:00+01:00;4720,000;1,000;MESURE
2025-03-15 07:00:00+01:00;4654,000;1,000;MESURE
2025-03-15 08:00:00+01:00;5054,000;1,000;MESURE
2025-03-15 09:00:00+01:00;4808,000;1,000;MESURE
2025-03-15 10:00:00+01:00;4541,000;1,000;MESURE
2025-03-15 11:00:00+01:00;3739,000;1,000;MESURE
2025-03-15 12:00:00+01:00;2775,000;1,000;MESURE
2025-03-15 13:00:00+01:00;2480,000;1,000;MESURE
2025-03-15 14:00:00+01:00;2718,000;1,000;MESURE
2025-03-15 15:00:00+01:00;3054,000;1,000;MESURE
2025-03-15 16:00:00+01:00;3323,000;1,000;MESURE
2025-03-15 17:00:00+01:00;3408,000;1,000;MESURE
2025-03-15 18:00:00+01:00;3472,000;1,000;MESURE
2025-03-15 19:00:00+01:00;3667,000;1,000;MESURE
2025-03-15 20:00:00+01:00;5248,000;1,000;MESURE
2025-03-15 21:00:00+01:00;4517,000;1,000;MESURE
2025-03-15 22:00:00+01:00;4099,000;1,000;MESURE
2025-03-15 23:00:00+01:00;4230,000;1,000;MESURE
2025-03-16 00:00:00+01:00;4077,000;1,000;MESURE
2025-03-16 01:00:00+01:00;4142,000;1,000;MESURE
2025-03-16 02:00:00+01:00;4208,000;1,000;MESURE
2025-03-16 03:00:00+01:00;4287,000;1,000;MESURE
2025-03-16 04:00:00+01:00;4338,000;1,000;MESURE
2025-03-16 05:00:00+01:00;4567,000;1,000;MESURE
2025-03-16 06:00:00+01:00;4393,000;1,000;MESURE
2025-03-16 07:00:00+01:00;4473,000;1,000;MESURE
2025-03-16 08:00:00+01:00;4338,000;1,000;MESURE
2025-03-16 09:00:00+01:00;3763,000;1,000;MESURE
2025-03-16 10:00:00+01:00;3070,000;1,000;MESURE
2025-03-16 11:00:00+01:00;2722,000;1,000;MESURE
2025-03-16 12:00:00+01:00;2296,000;1,000;MESURE
2025-03-16 13:00:00+01:00;2142,000;1,000;MESURE
2025-03-16 14:00:00+01:00;2018,000;1,000;MESURE
2025-03-16 15:00:00+01:00;2009,000;1,000;MESURE
2025-03-16 16:00:00+01:00;2226,000;1,000;MESURE
2025-03-16 17:00:00+01:00;2618,000;1,000;MESURE
2025-03-16 18:00:00+01:00;2935,000;1,000;MESURE
2025-03-16 19:00:00+01:00;3287,000;1,000;MESURE
2025-03-16 20:00:00+01:00;3552,000;1,000;MESURE
2025-03-16 21:00:00+01:00;4147,000;1,000;MESURE
2025-03-16 22:00:00+01:00;4571,000;1,000;MESURE
2025-03-16 23:00:00+01:00;6520,000;1,000;MESURE
2025-03-17 00:00:00+01:00;5258,000;1,000;MESURE
2025-03-17 01:00:00+01:00;4896,000;1,000;MESURE
2025-03-17 02:00:00+01:00;5082,000;1,000;MESURE
2025-03-17 03:00:00+01:00;4971,000;1,000;MESURE
2025-03-17 04:00:00+01:00;4846,000;1,000;MESURE
2025-03-17 05:00:00+01:00;4759,000;1,000;MESURE
2025-03-17 06:00:00+01:00;4595,000;1,000;MESURE
2025-03-17 07:00:00+01:00;4716,000;1,000;MESURE
2025-03-17 08:00:00+01:00;4445,000;1,000;MESURE
2025-03-17 09:00:00+01:00;4253,000;1,000;MESURE
2025-03-17 10:00:00+01:00;3759,000;1,000;MESURE
2025-03-17 11:00:00+01:00;3354,000;1,000;MESURE
2025-03-17 12:00:00+01:00;2761,000;1,000;MESURE
2025-03-17 13:00:00+01:00;2251,000;1,000;MESURE
2025-03-17 14:00:00+01:00;1835,000;1,000;MESURE
2025-03-17 15:00:00+01:00;1466,000;1,000;MESURE
2025-03-17 16:00:00+01:00;1575,000;1,000;MESURE
2025-03-17 17:00:00+01:00;1577,000;1,000;MESURE
2025-03-17 18:00:00+01:00;1812,000;1,000;MESURE
2025-03-17 19:00:00+01:00;2211,000;1,000;MESURE
2025-03-17 20:00:00+01:00;2541,000;1,000;MESURE
2025-03-17 21:00:00+01:00;3292,000;1,000;MESURE
2025-03-17 22:00:00+01:00;4015,000;1,000;MESURE
2025-03-17 23:00:00+01:00;4524,000;1,000;MESURE
2025-03-18 00:00:00+01:00;4842,000;1,000;MESURE
2025-03-18 01:00:00+01:00;5164,000;1,000;MESURE
2025-03-18 02:00:00+01:00;5629,000;1,000;MESURE
2025-03-18 03:00:00+01:00;7585,000;1,000;MESURE
2025-03-18 04:00:00+01:00;5821,000;1,000;MESURE
2025-03-18 05:00:00+01:00;6022,000;1,000;MESURE
2025-03-18 06:00:00+01:00;5919,000;1,000;MESURE
2025-03-18 07:00:00+01:00;6034,000;1,000;MESURE
2025-03-18 08:00:00+01:00;5279,000;1,000;MESURE
2025-03-18 09:00:00+01:00;3602,000;1,000;MESURE
2025-03-18 10:00:00+01:00;2577,000;1,000;MESURE
2025-03-18 11:00:00+01:00;1439,000;1,000;MESURE
2025-03-18 12:00:00+01:00;544,000;1,000;MESURE
2025-03-18 13:00:00+01:00;179,000;1,000;MESURE
2025-03-18 14:00:00+01:00;195,000;1,000;MESURE
2025-03-18 15:00:00+01:00;231,000;1,000;MESURE
2025-03-18 16:00:00+01:00;236,000;1,000;MESURE
2025-03-18 17:00:00+01:00;184,000;1,000;MESURE
2025-03-18 18:00:00+01:00;216,000;1,000;MESURE
2025-03-18 19:00:00+01:00;249,000;1,000;MESURE
2025-03-18 20:00:00+01:00;572,000;1,000;MESURE
2025-03-18 21:00:00+01:00;867,000;1,000;MESURE
2025-03-18 22:00:00+01:00;1283,000;1,000;MESURE
2025-03-18 23:00:00+01:00;1524,000;1,000;MESURE
2025-03-19 00:00:00+01:00;1690,000;1,000;MESURE
2025-03-19 01:00:00+01:00;1905,000;1,000;MESURE
2025-03-19 02:00:00+01:00;2461,000;1,000;MESURE
2025-03-19 03:00:00+01:00;3037,000;1,000;MESURE
2025-03-19 04:00:00+01:00;3343,000;1,000;MESURE
2025-03-19 05:00:00+01:00;3636,000;1,000;MESURE
2025-03-19 06:00:00+01:00;5466,000;1,000;MESURE
2025-03-19 07:00:00+01:00;4762,000;1,000;MESURE
2025-03-19 08:00:00+01:00;3636,000;1,000;MESURE
2025-03-19 09:00:00+01:00;2717,000;1,000;MESURE
2025-03-19 10:00:00+01:00;1923,000;1,000;MESURE
2025-03-19 11:00:00+01:00;1100,000;1,000;MESURE
2025-03-19 12:00:00+01:00;368,000;1,000;MESURE
2025-03-19 13:00:00+01:00;182,000;1,000;MESURE
2025-03-19 14:00:00+01:00;305,000;1,000;MESURE
2025-03-19 15:00:00+01:00;165,000;1,000;MESURE
2025-03-19 16:00:00+01:00;360,000;1,000;MESURE
2025-03-19 17:00:00+01:00;292,000;1,000;MESURE
2025-03-19 18:00:00+01:00;639,000;1,000;MESURE
2025-03-19 19:00:00+01:00;950,000;1,000;MESURE
2025-03-19 20:00:00+01:00;1503,000;1,000;MESURE
2025-03-19 21:00:00+01:00;1843,000;1,000;MESURE
2025-03-19 22:00:00+01:00;2081,000;1,000;MESURE
2025-03-19 23:00:00+01:00;2538,000;1,000;MESURE
2025-03-20 00:00:00+01:00;2970,000;1,000;MESURE
2025-03-20 01:00:00+01:00;3356,000;1,000;MESURE
2025-03-20 02:00:00+01:00;3225,000;1,000;MESURE
2025-03-20 03:00:00+01:00;3308,000;1,000;MESURE
2025-03-20 04:00:00+01:00;3423,000;1,000;MESURE
2025-03-20 05:00:00+01:00;3667,000;1,000;MESURE
2025-03-20 06:00:00+01:00;3954,000;1,000;MESURE
2025-03-20 07:00:00+01:00;3816,000;1,000;MESURE
2025-03-20 08:00:00+01:00;3304,000;1,000;MESURE
2025-03-20 09:00:00+01:00;4422,000;1,000;MESURE
2025-03-20 10:00:00+01:00;1901,000;1,000;MESURE
2025-03-20 11:00:00+01:00;862,000;1,000;MESURE
2025-03-20 12:00:00+01:00;227,000;1,000;MESURE
2025-03-20 13:00:00+01:00;280,000;1,000;MESURE
2025-03-20 14:00:00+01:00;190,000;1,000;MESURE
2025-03-20 15:00:00+01:00;199,000;1,000;MESURE
2025-03-20 16:00:00+01:00;138,000;1,000;MESURE
2025-03-20 17:00:00+01:00;225,000;1,000;MESURE
2025-03-20 18:00:00+01:00;321,000;1,000;MESURE
2025-03-20 19:00:00+01:00;377,000;1,000;MESURE
2025-03-20 20:00:00+01:00;632,000;1,000;MESURE
2025-03-20 21:00:00+01:00;1021,000;1,000;MESURE
2025-03-20 22:00:00+01:00;1359,000;1,000;MESURE
2025-03-20 23:00:00+01:00;1722,000;1,000;MESURE
2025-03-21 00:00:00+01:00;1890,000;1,000;MESURE
2025-03-21 01:00:00+01:00;1975,000;1,000;MESURE
2025-03-21 02:00:00+01:00;2239,000;1,000;MESURE
2025-03-21 03:00:00+01:00;2569,000;1,000;MESURE
2025-03-21 04:00:00+01:00;2570,000;1,000;MESURE
2025-03-21 05:00:00+01:00;2757,000;1,000;MESURE
2025-03-21 06:00:00+01:00;2688,000;1,000;MESURE
2025-03-21 07:00:00+01:00;2760,000;1,000;MESURE
2025-03-21 08:00:00+01:00;2412,000;1,000;MESURE
2025-03-21 09:00:00+01:00;1865,000;1,000;MESURE
2025-03-21 10:00:00+01:00;1084,000;1,000;MESURE
2025-03-21 11:00:00+01:00;294,000;1,000;MESURE
2025-03-21 12:00:00+01:00;1014,000;1,000;MESURE
2025-03-21 13:00:00+01:00;1195,000;1,000;MESURE
2025-03-21 14:00:00+01:00;221,000;1,000;MESURE
2025-03-21 15:00:00+01:00;264,000;1,000;MESURE
2025-03-21 16:00:00+01:00;253,000;1,000;MESURE
2025-03-21 17:00:00+01:00;200,000;1,000;MESURE
2025-03-21 18:00:00+01:00;237,000;1,000;MESURE
2025-03-21 19:00:00+01:00;235,000;1,000;MESURE
2025-03-21 20:00:00+01:00;285,000;1,000;MESURE
2025-03-21 21:00:00+01:00;383,000;1,000;MESURE
2025-03-21 22:00:00+01:00;555,000;1,000;MESURE
2025-03-21 23:00:00+01:00;720,000;1,000;MESURE
2025-03-22 00:00:00+01:00;1096,000;1,000;MESURE
2025-03-22 01:00:00+01:00;1261,000;1,000;MESURE
2025-03-22 02:00:00+01:00;1576,000;1,000;MESURE
2025-03-22 03:00:00+01:00;1698,000;1,000;MESURE
2025-03-22 04:00:00+01:00;1785,000;1,000;MESURE
2025-03-22 05:00:00+01:00;1988,000;1,000;MESURE
2025-03-22 06:00:00+01:00;2139,000;1,000;MESURE
2025-03-22 07:00:00+01:00;2336,000;1,000;MESURE
2025-03-22 08:00:00+01:00;3546,000;1,000;MESURE
2025-03-22 09:00:00+01:00;2591,000;1,000;MESURE
2025-03-22 10:00:00+01:00;1061,000;1,000;MESURE
2025-03-22 11:00:00+01:00;940,000;1,000;MESURE
2025-03-22 12:00:00+01:00;1979,000;1,000;MESURE
2025-03-22 13:00:00+01:00;3696,000;1,000;MESURE
2025-03-22 14:00:00+01:00;2624,000;1,000;MESURE
2025-03-22 15:00:00+01:00;777,000;1,000;MESURE
2025-03-22 16:00:00+01:00;1432,000;1,000;MESURE
2025-03-22 17:00:00+01:00;289,000;1,000;MESURE
2025-03-22 18:00:00+01:00;349,000;1,000;MESURE
2025-03-22 19:00:00+01:00;439,000;1,000;MESURE
2025-03-22 20:00:00+01:00;628,000;1,000;MESURE
2025-03-22 21:00:00+01:00;830,000;1,000;MESURE
2025-03-22 22:00:00+01:00;1187,000;1,000;MESURE
2025-03-22 23:00:00+01:00;1627,000;1,000;MESURE
2025-03-23 00:00:00+01:00;1848,000;1,000;MESURE
2025-03-23 01:00:00+01:00;2073,000;1,000;MESURE
2025-03-23 02:00:00+01:00;2398,000;1,000;MESURE
2025-03-23 03:00:00+01:00;2486,000;1,000;MESURE
2025-03-23 04:00:00+01:00;2754,000;1,000;MESURE
2025-03-23 05:00:00+01:00;4178,000;1,000;MESURE
2025-03-23 06:00:00+01:00;3272,000;1,000;MESURE
2025-03-23 07:00:00+01:00;3418,000;1,000;MESURE
2025-03-23 08:00:00+01:00;3011,000;1,000;MESURE
2025-03-23 09:00:00+01:00;2292,000;1,000;MESURE
2025-03-23 10:00:00+01:00;1475,000;1,000;MESURE
2025-03-23 11:00:00+01:00;463,000;1,000;MESURE
2025-03-23 12:00:00+01:00;156,000;1,000;MESURE
2025-03-23 13:00:00+01:00;293,000;1,000;MESURE
2025-03-23 14:00:00+01:00;222,000;1,000;MESURE
2025-03-23 15:00:00+01:00;194,000;1,000;MESURE
2025-03-23 16:00:00+01:00;138,000;1,000;MESURE
2025-03-23 17:00:00+01:00;231,000;1,000;MESURE
2025-03-23 18:00:00+01:00;257,000;1,000;MESURE
2025-03-23 19:00:00+01:00;338,000;1,000;MESURE
2025-03-23 20:00:00+01:00;498,000;1,000;MESURE
2025-03-23 21:00:00+01:00;902,000;1,000;MESURE
2025-03-23 22:00:00+01:00;1409,000;1,000;MESURE
2025-03-23 23:00:00+01:00;1631,000;1,000;MESURE
2025-03-24 00:00:00+01:00;1817,000;1,000;MESURE
2025-03-24 01:00:00+01:00;2059,000;1,000;MESURE
2025-03-24 02:00:00+01:00;2175,000;1,000;MESURE
2025-03-24 03:00:00+01:00;2354,000;1,000;MESURE
2025-03-24 04:00:00+01:00;2531,000;1,000;MESURE
2025-03-24 05:00:00+01:00;2920,000;1,000;MESURE
2025-03-24 06:00:00+01:00;3105,000;1,000;MESURE
2025-03-24 07:00:00+01:00;3178,000;1,000;MESURE
2025-03-24 08:00:00+01:00;3058,000;1,000;MESURE
2025-03-24 09:00:00+01:00;3431,000;1,000;MESURE
2025-03-24 10:00:00+01:00;2448,000;1,000;MESURE
2025-03-24 11:00:00+01:00;905,000;1,000;MESURE
2025-03-24 12:00:00+01:00;296,000;1,000;MESURE
2025-03-24 13:00:00+01:00;133,000;1,000;MESURE
2025-03-24 14:00:00+01:00;179,000;1,000;MESURE
2025-03-24 15:00:00+01:00;196,000;1,000;MESURE
2025-03-24 16:00:00+01:00;323,000;1,000;MESURE
2025-03-24 17:00:00+01:00;365,000;1,000;MESURE
2025-03-24 18:00:00+01:00;379,000;1,000;MESURE
2025-03-24 19:00:00+01:00;803,000;1,000;MESURE
2025-03-24 20:00:00+01:00;1124,000;1,000;MESURE
2025-03-24 21:00:00+01:00;1485,000;1,000;MESURE
2025-03-24 22:00:00+01:00;1969,000;1,000;MESURE
2025-03-24 23:00:00+01:00;2138,000;1,000;MESURE
2025-03-25 00:00:00+01:00;2543,000;1,000;MESURE
2025-03-25 01:00:00+01:00;3181,000;1,000;MESURE
2025-03-25 02:00:00+01:00;3559,000;1,000;MESURE
2025-03-25 03:00:00+01:00;3852,000;1,000;MESURE
2025-03-25 04:00:00+01:00;4110,000;1,000;MESURE
2025-03-25 05:00:00+01:00;4319,000;1,000;MESURE
2025-03-25 06:00:00+01:00;4477,000;1,000;MESURE
2025-03-25 07:00:00+01:00;4445,000;1,000;MESURE
2025-03-25 08:00:00+01:00;3860,000;1,000;MESURE
2025-03-25 09:00:00+01:00;2869,000;1,000;MESURE
2025-03-25 10:00:00+01:00;2136,000;1,000;MESURE
2025-03-25 11:00:00+01:00;1069,000;1,000;MESURE
2025-03-25 12:00:00+01:00;2194,000;1,000;MESURE
2025-03-25 13:00:00+01:00;157,000;1,000;MESURE
2025-03-25 14:00:00+01:00;151,000;1,000;MESURE
2025-03-25 15:00:00+01:00;429,000;1,000;MESURE
2025-03-25 16:00:00+01:00;315,000;1,000;MESURE
2025-03-25 17:00:00+01:00;705,000;1,000;MESURE
2025-03-25 18:00:00+01:00;862,000;1,000;MESURE
2025-03-25 19:00:00+01:00;1175,000;1,000;MESURE
2025-03-25 20:00:00+01:00;1706,000;1,000;MESURE
2025-03-25 21:00:00+01:00;1883,000;1,000;MESURE
2025-03-25 22:00:00+01:00;1975,000;1,000;MESURE
2025-03-25 23:00:00+01:00;2222,000;1,000;MESURE
2025-03-26 00:00:00+01:00;2432,000;1,000;MESURE
2025-03-26 01:00:00+01:00;2472,000;1,000;MESURE
2025-03-26 02:00:00+01:00;2715,000;1,000;MESURE
2025-03-26 03:00:00+01:00;2968,000;1,000;MESURE
2025-03-26 04:00:00+01:00;3094,000;1,000;MESURE
2025-03-26 05:00:00+01:00;3284,000;1,000;MESURE
2025-03-26 06:00:00+01:00;3462,000;1,000;MESURE
2025-03-26 07:00:00+01:00;3605,000;1,000;MESURE
2025-03-26 08:00:00+01:00;3618,000;1,000;MESURE
2025-03-26 09:00:00+01:00;3077,000;1,000;MESURE
2025-03-26 10:00:00+01:00;2582,000;1,000;MESURE
2025-03-26 11:00:00+01:00;2098,000;1,000;MESURE
2025-03-26 12:00:00+01:00;1666,000;1,000;MESURE
2025-03-26 13:00:00+01:00;1157,000;1,000;MESURE
2025-03-26 14:00:00+01:00;1414,000;1,000;MESURE
2025-03-26 15:00:00+01:00;2053,000;1,000;MESURE
2025-03-26 16:00:00+01:00;631,000;1,000;MESURE
2025-03-26 17:00:00+01:00;779,000;1,000;MESURE
2025-03-26 18:00:00+01:00;908,000;1,000;MESURE
2025-03-26 19:00:00+01:00;1192,000;1,000;MESURE
2025-03-26 20:00:00+01:00;1713,000;1,000;MESURE
2025-03-26 21:00:00+01:00;1909,000;1,000;MESURE
2025-03-26 22:00:00+01:00;2325,000;1,000;MESURE
2025-03-26 23:00:00+01:00;2810,000;1,000;MESURE
2025-03-27 00:00:00+01:00;3046,000;1,000;MESURE
2025-03-27 01:00:00+01:00;3245,000;1,000;MESURE
2025-03-27 02:00:00+01:00;3276,000;1,000;MESURE
2025-03-27 03:00:00+01:00;3373,000;1,000;MESURE
2025-03-27 04:00:00+01:00;3465,000;1,000;MESURE
2025-03-27 05:00:00+01:00;3508,000;1,000;MESURE
2025-03-27 06:00:00+01:00;3608,000;1,000;MESURE
2025-03-27 07:00:00+01:00;3465,000;1,000;MESURE
2025-03-27 08:00:00+01:00;3181,000;1,000;MESURE
2025-03-27 09:00:00+01:00;3167,000;1,000;MESURE
2025-03-27 10:00:00+01:00;2749,000;1,000;MESURE
2025-03-27 11:00:00+01:00;2349,000;1,000;MESURE
2025-03-27 12:00:00+01:00;1785,000;1,000;MESURE
2025-03-27 13:00:00+01:00;1519,000;1,000;MESURE
2025-03-27 14:00:00+01:00;1004,000;1,000;MESURE
2025-03-27 15:00:00+01:00;568,000;1,000;MESURE
2025-03-27 16:00:00+01:00;411,000;1,000;MESURE
2025-03-27 17:00:00+01:00;1138,000;1,000;MESURE
2025-03-27 18:00:00+01:00;1485,000;1,000;MESURE
2025-03-27 19:00:00+01:00;519,000;1,000;MESURE
2025-03-27 20:00:00+01:00;932,000;1,000;MESURE
2025-03-27 21:00:00+01:00;1450,000;1,000;MESURE
2025-03-27 22:00:00+01:00;2020,000;1,000;MESURE
2025-03-27 23:00:00+01:00;2556,000;1,000;MESURE
2025-03-28 00:00:00+01:00;3290,000;1,000;MESURE
2025-03-28 01:00:00+01:00;3811,000;1,000;MESURE
2025-03-28 02:00:00+01:00;3928,000;1,000;MESURE
2025-03-28 03:00:00+01:00;4337,000;1,000;MESURE
2025-03-28 04:00:00+01:00;4626,000;1,000;MESURE
2025-03-28 05:00:00+01:00;4773,000;1,000;MESURE
2025-03-28 06:00:00+01:00;5090,000;1,000;MESURE
2025-03-28 07:00:00+01:00;5005,000;1,000;MESURE
2025-03-28 08:00:00+01:00;4007,000;1,000;MESURE
2025-03-28 09:00:00+01:00;3038,000;1,000;MESURE
2025-03-28 10:00:00+01:00;2157,000;1,000;MESURE
2025-03-28 11:00:00+01:00;1271,000;1,000;MESURE
2025-03-28 12:00:00+01:00;506,000;1,000;MESURE
2025-03-28 13:00:00+01:00;284,000;1,000;MESURE
2025-03-28 14:00:00+01:00;127,000;1,000;MESURE
2025-03-28 15:00:00+01:00;176,000;1,000;MESURE
2025-03-28 16:00:00+01:00;220,000;1,000;MESURE
2025-03-28 17:00:00+01:00;258,000;1,000;MESURE
2025-03-28 18:00:00+01:00;323,000;1,000;MESURE
2025-03-28 19:00:00+01:00;312,000;1,000;MESURE
2025-03-28 20:00:00+01:00;1204,000;1,000;MESURE
2025-03-28 21:00:00+01:00;1651,000;1,000;MESURE
2025-03-28 22:00:00+01:00;916,000;1,000;MESURE
2025-03-28 23:00:00+01:00;1322,000;1,000;MESURE
2025-03-29 00:00:00+01:00;1495,000;1,000;MESURE
2025-03-29 01:00:00+01:00;1812,000;1,000;MESURE
2025-03-29 02:00:00+01:00;2301,000;1,000;MESURE
2025-03-29 03:00:00+01:00;2743,000;1,000;MESURE
2025-03-29 04:00:00+01:00;3352,000;1,000;MESURE
2025-03-29 05:00:00+01:00;3650,000;1,000;MESURE
2025-03-29 06:00:00+01:00;3714,000;1,000;MESURE
2025-03-29 07:00:00+01:00;3621,000;1,000;MESURE
2025-03-29 08:00:00+01:00;5085,000;1,000;MESURE
2025-03-29 09:00:00+01:00;5058,000;1,000;MESURE
2025-03-29 10:00:00+01:00;3218,000;1,000;MESURE
2025-03-29 11:00:00+01:00;2678,000;1,000;MESURE
2025-03-29 12:00:00+01:00;2062,000;1,000;MESURE
2025-03-29 13:00:00+01:00;2105,000;1,000;MESURE
2025-03-29 14:00:00+01:00;2263,000;1,000;MESURE
2025-03-29 15:00:00+01:00;2412,000;1,000;MESURE
2025-03-29 16:00:00+01:00;2424,000;1,000;MESURE
2025-03-29 17:00:00+01:00;2459,000;1,000;MESURE
2025-03-29 18:00:00+01:00;2585,000;1,000;MESURE
2025-03-29 19:00:00+01:00;2658,000;1,000;MESURE
2025-03-29 20:00:00+01:00;2567,000;1,000;MESURE
2025-03-29 21:00:00+01:00;2744,000;1,000;MESURE
2025-03-29 22:00:00+01:00;3140,000;1,000;MESURE
2025-03-29 23:00:00+01:00;4564,000;1,000;MESURE
2025-03-30 00:00:00+01:00;3609,000;1,000;MESURE
2025-03-30 01:00:00+01:00;4089,000;1,000;MESURE
2025-03-30 03:00:00+02:00;4113,000;1,000;MESURE
2025-03-30 04:00:00+02:00;4525,000;1,000;MESURE
2025-03-30 05:00:00+02:00;4789,000;1,000;MESURE
2025-03-30 06:00:00+02:00;4762,000;1,000;MESURE
2025-03-30 07:00:00+02:00;4819,000;1,000;MESURE
2025-03-30 08:00:00+02:00;4613,000;1,000;MESURE
2025-03-30 09:00:00+02:00;3659,000;1,000;MESURE
2025-03-30 10:00:00+02:00;2689,000;1,000;MESURE
2025-03-30 11:00:00+02:00;1783,000;1,000;MESURE
2025-03-30 12:00:00+02:00;970,000;1,000;MESURE
2025-03-30 13:00:00+02:00;357,000;1,000;MESURE
2025-03-30 14:00:00+02:00;169,000;1,000;MESURE
2025-03-30 15:00:00+02:00;347,000;1,000;MESURE
2025-03-30 16:00:00+02:00;198,000;1,000;MESURE
2025-03-30 17:00:00+02:00;186,000;1,000;MESURE
2025-03-30 18:00:00+02:00;159,000;1,000;MESURE
2025-03-30 19:00:00+02:00;226,000;1,000;MESURE
2025-03-30 20:00:00+02:00;458,000;1,000;MESURE
2025-03-30 21:00:00+02:00;685,000;1,000;MESURE
2025-03-30 22:00:00+02:00;1149,000;1,000;MESURE
2025-03-30 23:00:00+02:00;1240,000;1,000;MESURE
2025-03-31 00:00:00+02:00;1574,000;1,000;MESURE
2025-03-31 01:00:00+02:00;1898,000;1,000;MESURE
2025-03-31 02:00:00+02:00;2190,000;1,000;MESURE
2025-03-31 03:00:00+02:00;4005,000;1,000;MESURE
2025-03-31 04:00:00+02:00;3041,000;1,000;MESURE
2025-03-31 05:00:00+02:00;3153,000;1,000;MESURE
2025-03-31 06:00:00+02:00;3419,000;1,000;MESURE
2025-03-31 07:00:00+02:00;3539,000;1,000;MESURE
2025-03-31 08:00:00+02:00;3428,000;1,000;MESURE
2025-03-31 09:00:00+02:00;2937,000;1,000;MESURE
2025-03-31 10:00:00+02:00;2407,000;1,000;MESURE
2025-03-31 11:00:00+02:00;1791,000;1,000;MESURE
2025-03-31 12:00:00+02:00;1014,000;1,000;MESURE
2025-03-31 13:00:00+02:00;399,000;1,000;MESURE
2025-03-31 14:00:00+02:00;271,000;1,000;MESURE
2025-03-31 15:00:00+02:00;274,000;1,000;MESURE
2025-03-31 16:00:00+02:00;119,000;1,000;MESURE
2025-03-31 17:00:00+02:00;227,000;1,000;MESURE
2025-03-31 18:00:00+02:00;134,000;1,000;MESURE
2025-03-31 19:00:00+02:00;502,000;1,000;MESURE
2025-03-31 20:00:00+02:00;551,000;1,000;MESURE
2025-03-31 21:00:00+02:00;971,000;1,000;MESURE
2025-03-31 22:00:00+02:00;1485,000;1,000;MESURE
2025-03-31 23:00:00+02:00;1977,000;1,000;MESURE
2025-04-01 00:00:00+02:00;2738,000;1,000;MESURE
2025-04-01 01:00:00+02:00;3511,000;1,000;MESURE
2025-04-01 02:00:00+02:00;3661,000;1,000;MESURE
2025-04-01 03:00:00+02:00;3993,000;1,000;MESURE
2025-04-01 04:00:00+02:00;4285,000;1,000;MESURE
2025-04-01 05:00:00+02:00;5501,000;1,000;MESURE
2025-04-01 06:00:00+02:00;5893,000;1,000;MESURE
2025-04-01 07:00:00+02:00;5209,000;1,000;MESURE
2025-04-01 08:00:00+02:00;4791,000;1,000;MESURE
2025-04-01 09:00:00+02:00;3724,000;1,000;MESURE
2025-04-01 10:00:00+02:00;2666,000;1,000;MESURE
2025-04-01 11:00:00+02:00;1568,000;1,000;MESURE
2025-04-01 12:00:00+02:00;686,000;1,000;MESURE
2025-04-01 13:00:00+02:00;302,000;1,000;MESURE
2025-04-01 14:00:00+02:00;245,000;1,000;MESURE
2025-04-01 15:00:00+02:00;114,000;1,000;MESURE
2025-04-01 16:00:00+02:00;227,000;1,000;MESURE
2025-04-01 17:00:00+02:00;175,000;1,000;MESURE
2025-04-01 18:00:00+02:00;316,000;1,000;MESURE
2025-04-01 19:00:00+02:00;184,000;1,000;MESURE
2025-04-01 20:00:00+02:00;283,000;1,000;MESURE
2025-04-01 21:00:00+02:00;647,000;1,000;MESURE
2025-04-01 22:00:00+02:00;1129,000;1,000;MESURE
2025-04-01 23:00:00+02:00;1595,000;1,000;MESURE
2025-04-02 00:00:00+02:00;1780,000;1,000;MESURE
2025-04-02 01:00:00+02:00;2073,000;1,000;MESURE
2025-04-02 02:00:00+02:00;2555,000;1,000;MESURE
2025-04-02 03:00:00+02:00;3032,000;1,000;MESURE
2025-04-02 04:00:00+02:00;3296,000;1,000;MESURE
2025-04-02 05:00:00+02:00;3406,000;1,000;MESURE
2025-04-02 06:00:00+02:00;3401,000;1,000;MESURE
2025-04-02 07:00:00+02:00;3449,000;1,000;MESURE
2025-04-02 08:00:00+02:00;5209,000;1,000;MESURE
2025-04-02 09:00:00+02:00;3399,000;1,000;MESURE
2025-04-02 10:00:00+02:00;2765,000;1,000;MESURE
2025-04-02 11:00:00+02:00;2216,000;1,000;MESURE
2025-04-02 12:00:00+02:00;1368,000;1,000;MESURE
2025-04-02 13:00:00+02:00;482,000;1,000;MESURE
2025-04-02 14:00:00+02:00;153,000;1,000;MESURE
2025-04-02 15:00:00+02:00;196,000;1,000;MESURE
2025-04-02 16:00:00+02:00;287,000;1,000;MESURE
2025-04-02 17:00:00+02:00;218,000;1,000;MESURE
2025-04-02 18:00:00+02:00;180,000;1,000;MESURE
2025-04-02 19:00:00+02:00;191,000;1,000;MESURE
2025-04-02 20:00:00+02:00;164,000;1,000;MESURE
2025-04-02 21:00:00+02:00;411,000;1,000;MESURE
2025-04-02 22:00:00+02:00;526,000;1,000;MESURE
2025-04-02 23:00:00+02:00;1039,000;1,000;MESURE
2025-04-03 00:00:00+02:00;1694,000;1,000;MESURE
2025-04-03 01:00:00+02:00;2067,000;1,000;MESURE
2025-04-03 02:00:00+02:00;2424,000;1,000;MESURE
2025-04-03 03:00:00+02:00;2588,000;1,000;MESURE
2025-04-03 04:00:00+02:00;2877,000;1,000;MESURE
2025-04-03 05:00:00+02:00;2905,000;1,000;MESURE
2025-04-03 06:00:00+02:00;3022,000;1,000;MESURE
2025-04-03 07:00:00+02:00;3113,000;1,000;MESURE
2025-04-03 08:00:00+02:00;3068,000;1,000;MESURE
2025-04-03 09:00:00+02:00;2301,000;1,000;MESURE
2025-04-03 10:00:00+02:00;1385,000;1,000;MESURE
2025-04-03 11:00:00+02:00;2373,000;1,000;MESURE
2025-04-03 12:00:00+02:00;210,000;1,000;MESURE
2025-04-03 13:00:00+02:00;242,000;1,000;MESURE
2025-04-03 14:00:00+02:00;231,000;1,000;MESURE
2025-04-03 15:00:00+02:00;220,000;1,000;MESURE
2025-04-03 16:00:00+02:00;180,000;1,000;MESURE
2025-04-03 17:00:00+02:00;319,000;1,000;MESURE
2025-04-03 18:00:00+02:00;305,000;1,000;MESURE
2025-04-03 19:00:00+02:00;189,000;1,000;MESURE
2025-04-03 20:00:00+02:00;252,000;1,000;MESURE
2025-04-03 21:00:00+02:00;212,000;1,000;MESURE
2025-04-03 22:00:00+02:00;270,000;1,000;MESURE
2025-04-03 23:00:00+02:00;318,000;1,000;MESURE
2025-04-04 00:00:00+02:00;438,000;1,000;MESURE
2025-04-04 01:00:00+02:00;589,000;1,000;MESURE
2025-04-04 02:00:00+02:00;1026,000;1,000;MESURE
2025-04-04 03:00:00+02:00;1172,000;1,000;MESURE
2025-04-04 04:00:00+02:00;1475,000;1,000;MESURE
2025-04-04 05:00:00+02:00;1528,000;1,000;MESURE
2025-04-04 06:00:00+02:00;1707,000;1,000;MESURE
2025-04-04 07:00:00+02:00;1770,000;1,000;MESURE
2025-04-04 08:00:00+02:00;1536,000;1,000;MESURE
2025-04-04 09:00:00+02:00;1144,000;1,000;MESURE
2025-04-04 10:00:00+02:00;391,000;1,000;MESURE
2025-04-04 11:00:00+02:00;251,000;1,000;MESURE
2025-04-04 12:00:00+02:00;211,000;1,000;MESURE
2025-04-04 13:00:00+02:00;243,000;1,000;MESURE
2025-04-04 14:00:00+02:00;172,000;1,000;MESURE
2025-04-04 15:00:00+02:00;1371,000;1,000;MESURE
2025-04-04 16:00:00+02:00;1101,000;1,000;MESURE
2025-04-04 17:00:00+02:00;223,000;1,000;MESURE
2025-04-04 18:00:00+02:00;182,000;1,000;MESURE
2025-04-04 19:00:00+02:00;218,000;1,000;MESURE
2025-04-04 20:00:00+02:00;364,000;1,000;MESURE
2025-04-04 21:00:00+02:00;198,000;1,000;MESURE
2025-04-04 22:00:00+02:00;192,000;1,000;MESURE
2025-04-04 23:00:00+02:00;194,000;1,000;MESURE
2025-04-05 00:00:00+02:00;189,000;1,000;MESURE
2025-04-05 01:00:00+02:00;443,000;1,000;MESURE
2025-04-05 02:00:00+02:00;308,000;1,000;MESURE
2025-04-05 03:00:00+02:00;452,000;1,000;MESURE
2025-04-05 04:00:00+02:00;692,000;1,000;MESURE
2025-04-05 05:00:00+02:00;1090,000;1,000;MESURE
2025-04-05 06:00:00+02:00;1450,000;1,000;MESURE
2025-04-05 07:00:00+02:00;1569,000;1,000;MESURE
2025-04-05 08:00:00+02:00;1706,000;1,000;MESURE
2025-04-05 09:00:00+02:00;1049,000;1,000;MESURE
2025-04-05 10:00:00+02:00;370,000;1,000;MESURE
2025-04-05 11:00:00+02:00;296,000;1,000;MESURE
2025-04-05 12:00:00+02:00;201,000;1,000;MESURE
2025-04-05 13:00:00+02:00;702,000;1,000;MESURE
2025-04-05 14:00:00+02:00;2583,000;1,000;MESURE
2025-04-05 15:00:00+02:00;688,000;1,000;MESURE
2025-04-05 16:00:00+02:00;841,000;1,000;MESURE
2025-04-05 17:00:00+02:00;2150,000;1,000;MESURE
2025-04-05 18:00:00+02:00;355,000;1,000;MESURE
2025-04-05 19:00:00+02:00;268,000;1,000;MESURE
2025-04-05 20:00:00+02:00;251,000;1,000;MESURE
2025-04-05 21:00:00+02:00;206,000;1,000;MESURE
2025-04-05 22:00:00+02:00;245,000;1,000;MESURE
2025-04-05 23:00:00+02:00;297,000;1,000;MESURE
2025-04-06 00:00:00+02:00;292,000;1,000;MESURE
2025-04-06 01:00:00+02:00;406,000;1,000;MESURE
2025-04-06 02:00:00+02:00;985,000;1,000;MESURE
2025-04-06 03:00:00+02:00;1837,000;1,000;MESURE
2025-04-06 04:00:00+02:00;2429,000;1,000;MESURE
2025-04-06 05:00:00+02:00;3087,000;1,000;MESURE
2025-04-06 06:00:00+02:00;3359,000;1,000;MESURE
2025-04-06 07:00:00+02:00;3744,000;1,000;MESURE
2025-04-06 08:00:00+02:00;3030,000;1,000;MESURE
2025-04-06 09:00:00+02:00;1482,000;1,000;MESURE
2025-04-06 10:00:00+02:00;671,000;1,000;MESURE
2025-04-06 11:00:00+02:00;284,000;1,000;MESURE
2025-04-06 12:00:00+02:00;161,000;1,000;MESURE
2025-04-06 13:00:00+02:00;306,000;1,000;MESURE
2025-04-06 14:00:00+02:00;180,000;1,000;MESURE
2025-04-06 15:00:00+02:00;212,000;1,000;MESURE
2025-04-06 16:00:00+02:00;163,000;1,000;MESURE
2025-04-06 17:00:00+02:00;237,000;1,000;MESURE
2025-04-06 18:00:00+02:00;300,000;1,000;MESURE
2025-04-06 19:00:00+02:00;133,000;1,000;MESURE
2025-04-06 20:00:00+02:00;290,000;1,000;MESURE
2025-04-06 21:00:00+02:00;216,000;1,000;MESURE
2025-04-06 22:00:00+02:00;491,000;1,000;MESURE
2025-04-06 23:00:00+02:00;1129,000;1,000;MESURE
2025-04-07 00:00:00+02:00;2875,000;1,000;MESURE
2025-04-07 01:00:00+02:00;3882,000;1,000;MESURE
2025-04-07 02:00:00+02:00;3819,000;1,000;MESURE
2025-04-07 03:00:00+02:00;4464,000;1,000;MESURE
2025-04-07 04:00:00+02:00;4935,000;1,000;MESURE
2025-04-07 05:00:00+02:00;5472,000;1,000;MESURE
2025-04-07 06:00:00+02:00;6075,000;1,000;MESURE
2025-04-07 07:00:00+02:00;6678,000;1,000;MESURE
2025-04-07 08:00:00+02:00;4935,000;1,000;MESURE
2025-04-07 09:00:00+02:00;1425,000;1,000;MESURE
2025-04-07 10:00:00+02:00;1047,000;1,000;MESURE
2025-04-07 11:00:00+02:00;385,000;1,000;MESURE
2025-04-07 12:00:00+02:00;115,000;1,000;MESURE
2025-04-07 13:00:00+02:00;255,000;1,000;MESURE
2025-04-07 14:00:00+02:00;189,000;1,000;MESURE
2025-04-07 15:00:00+02:00;251,000;1,000;MESURE
2025-04-07 16:00:00+02:00;212,000;1,000;MESURE
2025-04-07 17:00:00+02:00;145,000;1,000;MESURE
2025-04-07 18:00:00+02:00;213,000;1,000;MESURE
2025-04-07 19:00:00+02:00;250,000;1,000;MESURE
2025-04-07 20:00:00+02:00;287,000;1,000;MESURE
2025-04-07 21:00:00+02:00;141,000;1,000;MESURE
2025-04-07 22:00:00+02:00;225,000;1,000;MESURE
2025-04-07 23:00:00+02:00;192,000;1,000;MESURE
2025-04-08 00:00:00+02:00;267,000;1,000;MESURE
2025-04-08 01:00:00+02:00;687,000;1,000;MESURE
2025-04-08 02:00:00+02:00;960,000;1,000;MESURE
2025-04-08 03:00:00+02:00;1526,000;1,000;MESURE
2025-04-08 04:00:00+02:00;3838,000;1,000;MESURE
2025-04-08 05:00:00+02:00;2991,000;1,000;MESURE
2025-04-08 06:00:00+02:00;3310,000;1,000;MESURE
2025-04-08 07:00:00+02:00;3633,000;1,000;MESURE
2025-04-08 08:00:00+02:00;3500,000;1,000;MESURE
2025-04-08 09:00:00+02:00;1700,000;1,000;MESURE
2025-04-08 10:00:00+02:00;1196,000;1,000;MESURE
2025-04-08 11:00:00+02:00;639,000;1,000;MESURE
2025-04-08 12:00:00+02:00;177,000;1,000;MESURE
2025-04-08 13:00:00+02:00;353,000;1,000;MESURE
2025-04-08 14:00:00+02:00;142,000;1,000;MESURE
2025-04-08 15:00:00+02:00;202,000;1,000;MESURE
2025-04-08 16:00:00+02:00;198,000;1,000;MESURE
2025-04-08 17:00:00+02:00;277,000;1,000;MESURE
2025-04-08 18:00:00+02:00;241,000;1,000;MESURE
2025-04-08 19:00:00+02:00;250,000;1,000;MESURE
2025-04-08 20:00:00+02:00;149,000;1,000;MESURE
2025-04-08 21:00:00+02:00;192,000;1,000;MESURE
2025-04-08 22:00:00+02:00;234,000;1,000;MESURE
2025-04-08 23:00:00+02:00;284,000;1,000;MESURE
2025-04-09 00:00:00+02:00;145,000;1,000;MESURE
2025-04-09 01:00:00+02:00;242,000;1,000;MESURE
2025-04-09 02:00:00+02:00;410,000;1,000;MESURE
2025-04-09 03:00:00+02:00;432,000;1,000;MESURE
2025-04-09 04:00:00+02:00;694,000;1,000;MESURE
2025-04-09 05:00:00+02:00;602,000;1,000;MESURE
2025-04-09 06:00:00+02:00;639,000;1,000;MESURE
2025-04-09 07:00:00+02:00;2411,000;1,000;MESURE
2025-04-09 08:00:00+02:00;548,000;1,000;MESURE
2025-04-09 09:00:00+02:00;432,000;1,000;MESURE
2025-04-09 10:00:00+02:00;379,000;1,000;MESURE
2025-04-09 11:00:00+02:00;120,000;1,000;MESURE
2025-04-09 12:00:00+02:00;196,000;1,000;MESURE
2025-04-09 13:00:00+02:00;145,000;1,000;MESURE
2025-04-09 14:00:00+02:00;234,000;1,000;MESURE
2025-04-09 15:00:00+02:00;229,000;1,000;MESURE
2025-04-09 16:00:00+02:00;253,000;1,000;MESURE
2025-04-09 17:00:00+02:00;247,000;1,000;MESURE
2025-04-09 18:00:00+02:00;138,000;1,000;MESURE
2025-04-09 19:00:00+02:00;219,000;1,000;MESURE
2025-04-09 20:00:00+02:00;199,000;1,000;MESURE
2025-04-09 21:00:00+02:00;324,000;1,000;MESURE
2025-04-09 22:00:00+02:00;128,000;1,000;MESURE
2025-04-09 23:00:00+02:00;238,000;1,000;MESURE
2025-04-10 00:00:00+02:00;181,000;1,000;MESURE
2025-04-10 01:00:00+02:00;383,000;1,000;MESURE
2025-04-10 02:00:00+02:00;593,000;1,000;MESURE
2025-04-10 03:00:00+02:00;891,000;1,000;MESURE
2025-04-10 04:00:00+02:00;1211,000;1,000;MESURE
2025-04-10 05:00:00+02:00;1821,000;1,000;MESURE
2025-04-10 06:00:00+02:00;2209,000;1,000;MESURE
2025-04-10 07:00:00+02:00;2624,000;1,000;MESURE
2025-04-10 08:00:00+02:00;2124,000;1,000;MESURE
2025-04-10 09:00:00+02:00;2282,000;1,000;MESURE
2025-04-10 10:00:00+02:00;1813,000;1,000;MESURE
2025-04-10 11:00:00+02:00;552,000;1,000;MESURE
2025-04-10 12:00:00+02:00;149,000;1,000;MESURE
2025-04-10 13:00:00+02:00;253,000;1,000;MESURE
2025-04-10 14:00:00+02:00;259,000;1,000;MESURE
2025-04-10 15:00:00+02:00;167,000;1,000;MESURE
2025-04-10 16:00:00+02:00;229,000;1,000;MESURE
2025-04-10 17:00:00+02:00;170,000;1,000;MESURE
2025-04-10 18:00:00+02:00;275,000;1,000;MESURE
2025-04-10 19:00:00+02:00;317,000;1,000;MESURE
2025-04-10 20:00:00+02:00;163,000;1,000;MESURE
2025-04-10 21:00:00+02:00;197,000;1,000;MESURE
2025-04-10 22:00:00+02:00;162,000;1,000;MESURE
2025-04-10 23:00:00+02:00;311,000;1,000;MESURE
2025-04-11 00:00:00+02:00;192,000;1,000;MESURE
2025-04-11 01:00:00+02:00;246,000;1,000;MESURE
2025-04-11 02:00:00+02:00;329,000;1,000;MESURE
2025-04-11 03:00:00+02:00;590,000;1,000;MESURE
2025-04-11 04:00:00+02:00;919,000;1,000;MESURE
2025-04-11 05:00:00+02:00;1453,000;1,000;MESURE
2025-04-11 06:00:00+02:00;1750,000;1,000;MESURE
2025-04-11 07:00:00+02:00;1986,000;1,000;MESURE
2025-04-11 08:00:00+02:00;1477,000;1,000;MESURE
2025-04-11 09:00:00+02:00;988,000;1,000;MESURE
2025-04-11 10:00:00+02:00;805,000;1,000;MESURE
2025-04-11 11:00:00+02:00;294,000;1,000;MESURE
2025-04-11 12:00:00+02:00;629,000;1,000;MESURE
2025-04-11 13:00:00+02:00;1609,000;1,000;MESURE
2025-04-11 14:00:00+02:00;145,000;1,000;MESURE
2025-04-11 15:00:00+02:00;292,000;1,000;MESURE
2025-04-11 16:00:00+02:00;301,000;1,000;MESURE
2025-04-11 17:00:00+02:00;219,000;1,000;MESURE
2025-04-11 18:00:00+02:00;239,000;1,000;MESURE
2025-04-11 19:00:00+02:00;275,000;1,000;MESURE
2025-04-11 20:00:00+02:00;246,000;1,000;MESURE
2025-04-11 21:00:00+02:00;283,000;1,000;MESURE
2025-04-11 22:00:00+02:00;170,000;1,000;MESURE
2025-04-11 23:00:00+02:00;248,000;1,000;MESURE
2025-04-12 00:00:00+02:00;150,000;1,000;MESURE
2025-04-12 01:00:00+02:00;268,000;1,000;MESURE
2025-04-12 02:00:00+02:00;182,000;1,000;MESURE
2025-04-12 03:00:00+02:00;244,000;1,000;MESURE
2025-04-12 04:00:00+02:00;242,000;1,000;MESURE
2025-04-12 05:00:00+02:00;228,000;1,000;MESURE
2025-04-12 06:00:00+02:00;390,000;1,000;MESURE
2025-04-12 07:00:00+02:00;332,000;1,000;MESURE
2025-04-12 08:00:00+02:00;1304,000;1,000;MESURE
2025-04-12 09:00:00+02:00;2366,000;1,000;MESURE
2025-04-12 10:00:00+02:00;3099,000;1,000;MESURE
2025-04-12 11:00:00+02:00;4517,000;1,000;MESURE
2025-04-12 12:00:00+02:00;5349,000;1,000;MESURE
2025-04-12 13:00:00+02:00;2357,000;1,000;MESURE
2025-04-12 14:00:00+02:00;2086,000;1,000;MESURE
2025-04-12 15:00:00+02:00;1173,000;1,000;MESURE
2025-04-12 16:00:00+02:00;1781,000;1,000;MESURE
2025-04-12 17:00:00+02:00;2522,000;1,000;MESURE
2025-04-12 18:00:00+02:00;305,000;1,000;MESURE
2025-04-12 19:00:00+02:00;320,000;1,000;MESURE
2025-04-12 20:00:00+02:00;420,000;1,000;MESURE
2025-04-12 21:00:00+02:00;303,000;1,000;MESURE
2025-04-12 22:00:00+02:00;358,000;1,000;MESURE
2025-04-12 23:00:00+02:00;287,000;1,000;MESURE
2025-04-13 00:00:00+02:00;297,000;1,000;MESURE
2025-04-13 01:00:00+02:00;445,000;1,000;MESURE
2025-04-13 02:00:00+02:00;252,000;1,000;MESURE
2025-04-13 03:00:00+02:00;293,000;1,000;MESURE
2025-04-13 04:00:00+02:00;246,000;1,000;MESURE
2025-04-13 05:00:00+02:00;383,000;1,000;MESURE
2025-04-13 06:00:00+02:00;304,000;1,000;MESURE
2025-04-13 07:00:00+02:00;255,000;1,000;MESURE
2025-04-13 08:00:00+02:00;284,000;1,000;MESURE
2025-04-13 09:00:00+02:00;265,000;1,000;MESURE
2025-04-13 10:00:00+02:00;373,000;1,000;MESURE
2025-04-13 11:00:00+02:00;282,000;1,000;MESURE
2025-04-13 12:00:00+02:00;231,000;1,000;MESURE
2025-04-13 13:00:00+02:00;308,000;1,000;MESURE
2025-04-13 14:00:00+02:00;261,000;1,000;MESURE
2025-04-13 15:00:00+02:00;337,000;1,000;MESURE
2025-04-13 16:00:00+02:00;327,000;1,000;MESURE
2025-04-13 17:00:00+02:00;295,000;1,000;MESURE
2025-04-13 18:00:00+02:00;261,000;1,000;MESURE
2025-04-13 19:00:00+02:00;305,000;1,000;MESURE
2025-04-13 20:00:00+02:00;223,000;1,000;MESURE
2025-04-13 21:00:00+02:00;397,000;1,000;MESURE
2025-04-13 22:00:00+02:00;261,000;1,000;MESURE
2025-04-13 23:00:00+02:00;1706,000;1,000;MESURE
2025-04-14 00:00:00+02:00;316,000;1,000;MESURE
2025-04-14 01:00:00+02:00;212,000;1,000;MESURE
2025-04-14 02:00:00+02:00;348,000;1,000;MESURE
2025-04-14 03:00:00+02:00;333,000;1,000;MESURE
2025-04-14 04:00:00+02:00;243,000;1,000;MESURE
2025-04-14 05:00:00+02:00;271,000;1,000;MESURE
2025-04-14 06:00:00+02:00;218,000;1,000;MESURE
2025-04-14 07:00:00+02:00;300,000;1,000;MESURE
2025-04-14 08:00:00+02:00;350,000;1,000;MESURE
2025-04-14 09:00:00+02:00;266,000;1,000;MESURE
2025-04-14 10:00:00+02:00;299,000;1,000;MESURE
2025-04-14 11:00:00+02:00;210,000;1,000;MESURE
2025-04-14 12:00:00+02:00;336,000;1,000;MESURE
2025-04-14 13:00:00+02:00;249,000;1,000;MESURE
2025-04-14 14:00:00+02:00;401,000;1,000;MESURE
2025-04-14 15:00:00+02:00;264,000;1,000;MESURE
2025-04-14 16:00:00+02:00;302,000;1,000;MESURE
2025-04-14 17:00:00+02:00;357,000;1,000;MESURE
2025-04-14 18:00:00+02:00;233,000;1,000;MESURE
2025-04-14 19:00:00+02:00;416,000;1,000;MESURE
2025-04-14 20:00:00+02:00;358,000;1,000;MESURE
2025-04-14 21:00:00+02:00;276,000;1,000;MESURE
2025-04-14 22:00:00+02:00;294,000;1,000;MESURE
2025-04-14 23:00:00+02:00;232,000;1,000;MESURE
2025-04-15 00:00:00+02:00;442,000;1,000;MESURE
2025-04-15 01:00:00+02:00;265,000;1,000;MESURE
2025-04-15 02:00:00+02:00;320,000;1,000;MESURE
2025-04-15 03:00:00+02:00;2022,000;1,000;MESURE
2025-04-15 04:00:00+02:00;335,000;1,000;MESURE
2025-04-15 05:00:00+02:00;285,000;1,000;MESURE
2025-04-15 06:00:00+02:00;378,000;1,000;MESURE
2025-04-15 07:00:00+02:00;213,000;1,000;MESURE
2025-04-15 08:00:00+02:00;284,000;1,000;MESURE
2025-04-15 09:00:00+02:00;309,000;1,000;MESURE
2025-04-15 10:00:00+02:00;210,000;1,000;MESURE
2025-04-15 11:00:00+02:00;393,000;1,000;MESURE
2025-04-15 12:00:00+02:00;261,000;1,000;MESURE
2025-04-15 13:00:00+02:00;290,000;1,000;MESURE
2025-04-15 14:00:00+02:00;284,000;1,000;MESURE
2025-04-15 15:00:00+02:00;312,000;1,000;MESURE
2025-04-15 16:00:00+02:00;282,000;1,000;MESURE
2025-04-15 17:00:00+02:00;388,000;1,000;MESURE
2025-04-15 18:00:00+02:00;263,000;1,000;MESURE
2025-04-15 19:00:00+02:00;318,000;1,000;MESURE
2025-04-15 20:00:00+02:00;218,000;1,000;MESURE
2025-04-15 21:00:00+02:00;322,000;1,000;MESURE
2025-04-15 22:00:00+02:00;388,000;1,000;MESURE
2025-04-15 23:00:00+02:00;297,000;1,000;MESURE
2025-04-16 00:00:00+02:00;215,000;1,000;MESURE
2025-04-16 01:00:00+02:00;277,000;1,000;MESURE
2025-04-16 02:00:00+02:00;262,000;1,000;MESURE
2025-04-16 03:00:00+02:00;304,000;1,000;MESURE
2025-04-16 04:00:00+02:00;388,000;1,000;MESURE
2025-04-16 05:00:00+02:00;213,000;1,000;MESURE
2025-04-16 06:00:00+02:00;1959,000;1,000;MESURE
2025-04-16 07:00:00+02:00;502,000;1,000;MESURE
2025-04-16 08:00:00+02:00;282,000;1,000;MESURE
2025-04-16 09:00:00+02:00;524,000;1,000;MESURE
2025-04-16 10:00:00+02:00;556,000;1,000;MESURE
2025-04-16 11:00:00+02:00;529,000;1,000;MESURE
2025-04-16 12:00:00+02:00;343,000;1,000;MESURE
2025-04-16 13:00:00+02:00;413,000;1,000;MESURE
2025-04-16 14:00:00+02:00;415,000;1,000;MESURE
2025-04-16 15:00:00+02:00;400,000;1,000;MESURE
2025-04-16 16:00:00+02:00;502,000;1,000;MESURE
2025-04-16 17:00:00+02:00;385,000;1,000;MESURE
2025-04-16 18:00:00+02:00;422,000;1,000;MESURE
2025-04-16 19:00:00+02:00;606,000;1,000;MESURE
2025-04-16 20:00:00+02:00;676,000;1,000;MESURE
2025-04-16 21:00:00+02:00;761,000;1,000;MESURE
2025-04-16 22:00:00+02:00;838,000;1,000;MESURE
2025-04-16 23:00:00+02:00;1079,000;1,000;MESURE
2025-04-17 00:00:00+02:00;1170,000;1,000;MESURE
2025-04-17 01:00:00+02:00;1145,000;1,000;MESURE
2025-04-17 02:00:00+02:00;1059,000;1,000;MESURE
2025-04-17 03:00:00+02:00;1276,000;1,000;MESURE
2025-04-17 04:00:00+02:00;1107,000;1,000;MESURE
2025-04-17 05:00:00+02:00;1580,000;1,000;MESURE
2025-04-17 06:00:00+02:00;1602,000;1,000;MESURE
2025-04-17 07:00:00+02:00;3075,000;1,000;MESURE
2025-04-17 08:00:00+02:00;1575,000;1,000;MESURE
2025-04-17 09:00:00+02:00;1591,000;1,000;MESURE
2025-04-17 10:00:00+02:00;1424,000;1,000;MESURE
2025-04-17 11:00:00+02:00;1373,000;1,000;MESURE
2025-04-17 12:00:00+02:00;881,000;1,000;MESURE
2025-04-17 13:00:00+02:00;785,000;1,000;MESURE
2025-04-17 14:00:00+02:00;682,000;1,000;MESURE
2025-04-17 15:00:00+02:00;1004,000;1,000;MESURE
2025-04-17 16:00:00+02:00;949,000;1,000;MESURE
2025-04-17 17:00:00+02:00;839,000;1,000;MESURE
2025-04-17 18:00:00+02:00;991,000;1,000;MESURE
2025-04-17 19:00:00+02:00;894,000;1,000;MESURE
2025-04-17 20:00:00+02:00;1209,000;1,000;MESURE
2025-04-17 21:00:00+02:00;1403,000;1,000;MESURE
2025-04-17 22:00:00+02:00;1244,000;1,000;MESURE
2025-04-17 23:00:00+02:00;1477,000;1,000;MESURE
2025-04-18 00:00:00+02:00;1702,000;1,000;MESURE
2025-04-18 01:00:00+02:00;1656,000;1,000;MESURE
2025-04-18 02:00:00+02:00;1659,000;1,000;MESURE
2025-04-18 03:00:00+02:00;1960,000;1,000;MESURE
2025-04-18 04:00:00+02:00;1782,000;1,000;MESURE
2025-04-18 05:00:00+02:00;1818,000;1,000;MESURE
2025-04-18 06:00:00+02:00;2171,000;1,000;MESURE
2025-04-18 07:00:00+02:00;4181,000;1,000;MESURE
2025-04-18 08:00:00+02:00;2113,000;1,000;MESURE
2025-04-18 09:00:00+02:00;1375,000;1,000;MESURE
2025-04-18 10:00:00+02:00;989,000;1,000;MESURE
2025-04-18 11:00:00+02:00;232,000;1,000;MESURE
2025-04-18 12:00:00+02:00;209,000;1,000;MESURE
2025-04-18 13:00:00+02:00;253,000;1,000;MESURE
2025-04-18 14:00:00+02:00;315,000;1,000;MESURE
2025-04-18 15:00:00+02:00;253,000;1,000;MESURE
2025-04-18 16:00:00+02:00;369,000;1,000;MESURE
2025-04-18 17:00:00+02:00;312,000;1,000;MESURE
2025-04-18 18:00:00+02:00;298,000;1,000;MESURE
2025-04-18 19:00:00+02:00;282,000;1,000;MESURE
2025-04-18 20:00:00+02:00;230,000;1,000;MESURE
2025-04-18 21:00:00+02:00;303,000;1,000;MESURE
2025-04-18 22:00:00+02:00;309,000;1,000;MESURE
2025-04-18 23:00:00+02:00;352,000;1,000;MESURE
2025-04-19 00:00:00+02:00;249,000;1,000;MESURE
2025-04-19 01:00:00+02:00;227,000;1,000;MESURE
2025-04-19 02:00:00+02:00;251,000;1,000;MESURE
2025-04-19 03:00:00+02:00;309,000;1,000;MESURE
2025-04-19 04:00:00+02:00;357,000;1,000;MESURE
2025-04-19 05:00:00+02:00;433,000;1,000;MESURE
2025-04-19 06:00:00+02:00;605,000;1,000;MESURE
2025-04-19 07:00:00+02:00;506,000;1,000;MESURE
2025-04-19 08:00:00+02:00;1080,000;1,000;MESURE
2025-04-19 09:00:00+02:00;2837,000;1,000;MESURE
2025-04-19 10:00:00+02:00;975,000;1,000;MESURE
2025-04-19 11:00:00+02:00;713,000;1,000;MESURE
2025-04-19 12:00:00+02:00;722,000;1,000;MESURE
2025-04-19 13:00:00+02:00;158,000;1,000;MESURE
2025-04-19 14:00:00+02:00;294,000;1,000;MESURE
2025-04-19 15:00:00+02:00;237,000;1,000;MESURE
2025-04-19 16:00:00+02:00;210,000;1,000;MESURE
2025-04-19 17:00:00+02:00;243,000;1,000;MESURE
2025-04-19 18:00:00+02:00;178,000;1,000;MESURE
2025-04-19 19:00:00+02:00;275,000;1,000;MESURE
2025-04-19 20:00:00+02:00;314,000;1,000;MESURE
2025-04-19 21:00:00+02:00;177,000;1,000;MESURE
2025-04-19 22:00:00+02:00;193,000;1,000;MESURE
2025-04-19 23:00:00+02:00;144,000;1,000;MESURE
2025-04-20 00:00:00+02:00;321,000;1,000;MESURE
2025-04-20 01:00:00+02:00;208,000;1,000;MESURE
2025-04-20 02:00:00+02:00;201,000;1,000;MESURE
2025-04-20 03:00:00+02:00;140,000;1,000;MESURE
2025-04-20 04:00:00+02:00;204,000;1,000;MESURE
2025-04-20 05:00:00+02:00;222,000;1,000;MESURE
2025-04-20 06:00:00+02:00;242,000;1,000;MESURE
2025-04-20 07:00:00+02:00;237,000;1,000;MESURE
2025-04-20 08:00:00+02:00;186,000;1,000;MESURE
2025-04-20 09:00:00+02:00;1854,000;1,000;MESURE
2025-04-20 10:00:00+02:00;237,000;1,000;MESURE
2025-04-20 11:00:00+02:00;246,000;1,000;MESURE
2025-04-20 12:00:00+02:00;169,000;1,000;MESURE
2025-04-20 13:00:00+02:00;224,000;1,000;MESURE
2025-04-20 14:00:00+02:00;184,000;1,000;MESURE
2025-04-20 15:00:00+02:00;184,000;1,000;MESURE
2025-04-20 16:00:00+02:00;293,000;1,000;MESURE
2025-04-20 17:00:00+02:00;240,000;1,000;MESURE
2025-04-20 18:00:00+02:00;239,000;1,000;MESURE
2025-04-20 19:00:00+02:00;119,000;1,000;MESURE
2025-04-20 20:00:00+02:00;245,000;1,000;MESURE
2025-04-20 21:00:00+02:00;235,000;1,000;MESURE
2025-04-20 22:00:00+02:00;253,000;1,000;MESURE
2025-04-20 23:00:00+02:00;115,000;1,000;MESURE
2025-04-21 00:00:00+02:00;232,000;1,000;MESURE
2025-04-21 01:00:00+02:00;154,000;1,000;MESURE
2025-04-21 02:00:00+02:00;235,000;1,000;MESURE
2025-04-21 03:00:00+02:00;211,000;1,000;MESURE
2025-04-21 04:00:00+02:00;134,000;1,000;MESURE
2025-04-21 05:00:00+02:00;259,000;1,000;MESURE
2025-04-21 06:00:00+02:00;115,000;1,000;MESURE
2025-04-21 07:00:00+02:00;183,000;1,000;MESURE
2025-04-21 08:00:00+02:00;369,000;1,000;MESURE
2025-04-21 09:00:00+02:00;145,000;1,000;MESURE
2025-04-21 10:00:00+02:00;208,000;1,000;MESURE
2025-04-21 11:00:00+02:00;198,000;1,000;MESURE
2025-04-21 12:00:00+02:00;126,000;1,000;MESURE
2025-04-21 13:00:00+02:00;2030,000;1,000;MESURE
2025-04-21 14:00:00+02:00;265,000;1,000;MESURE
2025-04-21 15:00:00+02:00;186,000;1,000;MESURE
2025-04-21 16:00:00+02:00;213,000;1,000;MESURE
2025-04-21 17:00:00+02:00;116,000;1,000;MESURE
2025-04-21 18:00:00+02:00;223,000;1,000;MESURE
2025-04-21 19:00:00+02:00;282,000;1,000;MESURE
2025-04-21 20:00:00+02:00;210,000;1,000;MESURE
2025-04-21 21:00:00+02:00;139,000;1,000;MESURE
2025-04-21 22:00:00+02:00;198,000;1,000;MESURE
2025-04-21 23:00:00+02:00;163,000;1,000;MESURE
2025-04-22 00:00:00+02:00;260,000;1,000;MESURE
2025-04-22 01:00:00+02:00;194,000;1,000;MESURE
2025-04-22 02:00:00+02:00;193,000;1,000;MESURE
2025-04-22 03:00:00+02:00;438,000;1,000;MESURE
2025-04-22 04:00:00+02:00;569,000;1,000;MESURE
2025-04-22 05:00:00+02:00;894,000;1,000;MESURE
2025-04-22 06:00:00+02:00;1266,000;1,000;MESURE
2025-04-22 07:00:00+02:00;1301,000;1,000;MESURE
2025-04-22 08:00:00+02:00;531,000;1,000;MESURE
2025-04-22 09:00:00+02:00;172,000;1,000;MESURE
2025-04-22 10:00:00+02:00;227,000;1,000;MESURE
2025-04-22 11:00:00+02:00;181,000;1,000;MESURE
2025-04-22 12:00:00+02:00;164,000;1,000;MESURE
2025-04-22 13:00:00+02:00;280,000;1,000;MESURE
2025-04-22 14:00:00+02:00;200,000;1,000;MESURE
2025-04-22 15:00:00+02:00;1049,000;1,000;MESURE
2025-04-22 16:00:00+02:00;1223,000;1,000;MESURE
2025-04-22 17:00:00+02:00;180,000;1,000;MESURE
2025-04-22 18:00:00+02:00;394,000;1,000;MESURE
2025-04-22 19:00:00+02:00;123,000;1,000;MESURE
2025-04-22 20:00:00+02:00;220,000;1,000;MESURE
2025-04-22 21:00:00+02:00;180,000;1,000;MESURE
2025-04-22 22:00:00+02:00;226,000;1,000;MESURE
2025-04-22 23:00:00+02:00;252,000;1,000;MESURE
2025-04-23 00:00:00+02:00;202,000;1,000;MESURE
2025-04-23 01:00:00+02:00;128,000;1,000;MESURE
2025-04-23 02:00:00+02:00;240,000;1,000;MESURE
2025-04-23 03:00:00+02:00;132,000;1,000;MESURE
2025-04-23 04:00:00+02:00;234,000;1,000;MESURE
2025-04-23 05:00:00+02:00;305,000;1,000;MESURE
2025-04-23 06:00:00+02:00;264,000;1,000;MESURE
2025-04-23 07:00:00+02:00;313,000;1,000;MESURE
2025-04-23 08:00:00+02:00;217,000;1,000;MESURE
2025-04-23 09:00:00+02:00;112,000;1,000;MESURE
2025-04-23 10:00:00+02:00;234,000;1,000;MESURE
2025-04-23 11:00:00+02:00;238,000;1,000;MESURE
2025-04-23 12:00:00+02:00;165,000;1,000;MESURE
2025-04-23 13:00:00+02:00;201,000;1,000;MESURE
2025-04-23 14:00:00+02:00;141,000;1,000;MESURE
2025-04-23 15:00:00+02:00;290,000;1,000;MESURE
2025-04-23 16:00:00+02:00;199,000;1,000;MESURE
2025-04-23 17:00:00+02:00;229,000;1,000;MESURE
2025-04-23 18:00:00+02:00;114,000;1,000;MESURE
2025-04-23 19:00:00+02:00;2089,000;1,000;MESURE
2025-04-23 20:00:00+02:00;158,000;1,000;MESURE
2025-04-23 21:00:00+02:00;299,000;1,000;MESURE
2025-04-23 22:00:00+02:00;239,000;1,000;MESURE
2025-04-23 23:00:00+02:00;253,000;1,000;MESURE
2025-04-24 00:00:00+02:00;363,000;1,000;MESURE
2025-04-24 01:00:00+02:00;598,000;1,000;MESURE
2025-04-24 02:00:00+02:00;693,000;1,000;MESURE
2025-04-24 03:00:00+02:00;682,000;1,000;MESURE
2025-04-24 04:00:00+02:00;547,000;1,000;MESURE
2025-04-24 05:00:00+02:00;534,000;1,000;MESURE
2025-04-24 06:00:00+02:00;627,000;1,000;MESURE
2025-04-24 07:00:00+02:00;658,000;1,000;MESURE
2025-04-24 08:00:00+02:00;253,000;1,000;MESURE
2025-04-24 09:00:00+02:00;224,000;1,000;MESURE
2025-04-24 10:00:00+02:00;262,000;1,000;MESURE
2025-04-24 11:00:00+02:00;126,000;1,000;MESURE
2025-04-24 12:00:00+02:00;114,000;1,000;MESURE
2025-04-24 13:00:00+02:00;234,000;1,000;MESURE
2025-04-24 14:00:00+02:00;155,000;1,000;MESURE
2025-04-24 15:00:00+02:00;256,000;1,000;MESURE
2025-04-24 16:00:00+02:00;178,000;1,000;MESURE
2025-04-24 17:00:00+02:00;224,000;1,000;MESURE
2025-04-24 18:00:00+02:00;183,000;1,000;MESURE
2025-04-24 19:00:00+02:00;172,000;1,000;MESURE
2025-04-24 20:00:00+02:00;1630,000;1,000;MESURE
2025-04-24 21:00:00+02:00;599,000;1,000;MESURE
2025-04-24 22:00:00+02:00;230,000;1,000;MESURE
2025-04-24 23:00:00+02:00;173,000;1,000;MESURE
2025-04-25 00:00:00+02:00;317,000;1,000;MESURE
2025-04-25 01:00:00+02:00;487,000;1,000;MESURE
2025-04-25 02:00:00+02:00;737,000;1,000;MESURE
2025-04-25 03:00:00+02:00;1132,000;1,000;MESURE
2025-04-25 04:00:00+02:00;1243,000;1,000;MESURE
2025-04-25 05:00:00+02:00;1584,000;1,000;MESURE
2025-04-25 06:00:00+02:00;2053,000;1,000;MESURE
2025-04-25 07:00:00+02:00;1692,000;1,000;MESURE
2025-04-25 08:00:00+02:00;707,000;1,000;MESURE
2025-04-25 09:00:00+02:00;181,000;1,000;MESURE
2025-04-25 10:00:00+02:00;310,000;1,000;MESURE
2025-04-25 11:00:00+02:00;162,000;1,000;MESURE
2025-04-25 12:00:00+02:00;204,000;1,000;MESURE
2025-04-25 13:00:00+02:00;176,000;1,000;MESURE
2025-04-25 14:00:00+02:00;120,000;1,000;MESURE
2025-04-25 15:00:00+02:00;215,000;1,000;MESURE
2025-04-25 16:00:00+02:00;288,000;1,000;MESURE
2025-04-25 17:00:00+02:00;231,000;1,000;MESURE
2025-04-25 18:00:00+02:00;706,000;1,000;MESURE
2025-04-25 19:00:00+02:00;485,000;1,000;MESURE
2025-04-25 20:00:00+02:00;130,000;1,000;MESURE
2025-04-25 21:00:00+02:00;314,000;1,000;MESURE
2025-04-25 22:00:00+02:00;1610,000;1,000;MESURE
2025-04-25 23:00:00+02:00;623,000;1,000;MESURE
2025-04-26 00:00:00+02:00;198,000;1,000;MESURE
2025-04-26 01:00:00+02:00;245,000;1,000;MESURE
2025-04-26 02:00:00+02:00;446,000;1,000;MESURE
2025-04-26 03:00:00+02:00;617,000;1,000;MESURE
2025-04-26 04:00:00+02:00;598,000;1,000;MESURE
2025-04-26 05:00:00+02:00;430,000;1,000;MESURE
2025-04-26 06:00:00+02:00;523,000;1,000;MESURE
2025-04-26 07:00:00+02:00;534,000;1,000;MESURE
2025-04-26 08:00:00+02:00;1970,000;1,000;MESURE
2025-04-26 09:00:00+02:00;2185,000;1,000;MESURE
2025-04-26 10:00:00+02:00;952,000;1,000;MESURE
2025-04-26 11:00:00+02:00;3872,000;1,000;MESURE
2025-04-26 12:00:00+02:00;3564,000;1,000;MESURE
2025-04-26 13:00:00+02:00;2108,000;1,000;MESURE
2025-04-26 14:00:00+02:00;3156,000;1,000;MESURE
2025-04-26 15:00:00+02:00;1178,000;1,000;MESURE
2025-04-26 16:00:00+02:00;260,000;1,000;MESURE
2025-04-26 17:00:00+02:00;246,000;1,000;MESURE
2025-04-26 18:00:00+02:00;246,000;1,000;MESURE
2025-04-26 19:00:00+02:00;248,000;1,000;MESURE
2025-04-26 20:00:00+02:00;154,000;1,000;MESURE
2025-04-26 21:00:00+02:00;202,000;1,000;MESURE
2025-04-26 22:00:00+02:00;231,000;1,000;MESURE
2025-04-26 23:00:00+02:00;246,000;1,000;MESURE
2025-04-27 00:00:00+02:00;203,000;1,000;MESURE
2025-04-27 01:00:00+02:00;141,000;1,000;MESURE
2025-04-27 02:00:00+02:00;200,000;1,000;MESURE
2025-04-27 03:00:00+02:00;182,000;1,000;MESURE
2025-04-27 04:00:00+02:00;238,000;1,000;MESURE
2025-04-27 05:00:00+02:00;228,000;1,000;MESURE
2025-04-27 06:00:00+02:00;115,000;1,000;MESURE
2025-04-27 07:00:00+02:00;194,000;1,000;MESURE
2025-04-27 08:00:00+02:00;137,000;1,000;MESURE
2025-04-27 09:00:00+02:00;245,000;1,000;MESURE
2025-04-27 10:00:00+02:00;271,000;1,000;MESURE
2025-04-27 11:00:00+02:00;115,000;1,000;MESURE
2025-04-27 12:00:00+02:00;175,000;1,000;MESURE
2025-04-27 13:00:00+02:00;172,000;1,000;MESURE
2025-04-27 14:00:00+02:00;322,000;1,000;MESURE
2025-04-27 15:00:00+02:00;206,000;1,000;MESURE
2025-04-27 16:00:00+02:00;202,000;1,000;MESURE
2025-04-27 17:00:00+02:00;215,000;1,000;MESURE
2025-04-27 18:00:00+02:00;193,000;1,000;MESURE
2025-04-27 19:00:00+02:00;300,000;1,000;MESURE
2025-04-27 20:00:00+02:00;249,000;1,000;MESURE
2025-04-27 21:00:00+02:00;488,000;1,000;MESURE
2025-04-27 22:00:00+02:00;1208,000;1,000;MESURE
2025-04-27 23:00:00+02:00;209,000;1,000;MESURE
2025-04-28 00:00:00+02:00;208,000;1,000;MESURE
2025-04-28 01:00:00+02:00;326,000;1,000;MESURE
2025-04-28 02:00:00+02:00;116,000;1,000;MESURE
2025-04-28 03:00:00+02:00;213,000;1,000;MESURE
2025-04-28 04:00:00+02:00;127,000;1,000;MESURE
2025-04-28 05:00:00+02:00;261,000;1,000;MESURE
2025-04-28 06:00:00+02:00;225,000;1,000;MESURE
2025-04-28 07:00:00+02:00;181,000;1,000;MESURE
2025-04-28 08:00:00+02:00;172,000;1,000;MESURE
2025-04-28 09:00:00+02:00;180,000;1,000;MESURE
2025-04-28 10:00:00+02:00;164,000;1,000;MESURE
2025-04-28 11:00:00+02:00;327,000;1,000;MESURE
2025-04-28 12:00:00+02:00;155,000;1,000;MESURE
2025-04-28 13:00:00+02:00;222,000;1,000;MESURE
2025-04-28 14:00:00+02:00;189,000;1,000;MESURE
2025-04-28 15:00:00+02:00;212,000;1,000;MESURE
2025-04-28 16:00:00+02:00;367,000;1,000;MESURE
2025-04-28 17:00:00+02:00;205,000;1,000;MESURE
2025-04-28 18:00:00+02:00;221,000;1,000;MESURE
2025-04-28 19:00:00+02:00;212,000;1,000;MESURE
2025-04-28 20:00:00+02:00;270,000;1,000;MESURE
2025-04-28 21:00:00+02:00;332,000;1,000;MESURE
2025-04-28 22:00:00+02:00;217,000;1,000;MESURE
2025-04-28 23:00:00+02:00;134,000;1,000;MESURE
2025-04-29 00:00:00+02:00;276,000;1,000;MESURE
2025-04-29 01:00:00+02:00;219,000;1,000;MESURE
2025-04-29 02:00:00+02:00;274,000;1,000;MESURE
2025-04-29 03:00:00+02:00;686,000;1,000;MESURE
2025-04-29 04:00:00+02:00;1428,000;1,000;MESURE
2025-04-29 05:00:00+02:00;167,000;1,000;MESURE
2025-04-29 06:00:00+02:00;316,000;1,000;MESURE
2025-04-29 07:00:00+02:00;146,000;1,000;MESURE
2025-04-29 08:00:00+02:00;158,000;1,000;MESURE
2025-04-29 09:00:00+02:00;224,000;1,000;MESURE
2025-04-29 10:00:00+02:00;202,000;1,000;MESURE
2025-04-29 11:00:00+02:00;252,000;1,000;MESURE
2025-04-29 12:00:00+02:00;253,000;1,000;MESURE
2025-04-29 13:00:00+02:00;202,000;1,000;MESURE
2025-04-29 14:00:00+02:00;253,000;1,000;MESURE
2025-04-29 15:00:00+02:00;261,000;1,000;MESURE
2025-04-29 16:00:00+02:00;296,000;1,000;MESURE
2025-04-29 17:00:00+02:00;251,000;1,000;MESURE
2025-04-29 18:00:00+02:00;280,000;1,000;MESURE
2025-04-29 19:00:00+02:00;238,000;1,000;MESURE
2025-04-29 20:00:00+02:00;325,000;1,000;MESURE
2025-04-29 21:00:00+02:00;289,000;1,000;MESURE
2025-04-29 22:00:00+02:00;207,000;1,000;MESURE
2025-04-29 23:00:00+02:00;190,000;1,000;MESURE
2025-04-30 00:00:00+02:00;262,000;1,000;MESURE
2025-04-30 01:00:00+02:00;331,000;1,000;MESURE
2025-04-30 02:00:00+02:00;154,000;1,000;MESURE
2025-04-30 03:00:00+02:00;231,000;1,000;MESURE
2025-04-30 04:00:00+02:00;153,000;1,000;MESURE
2025-04-30 05:00:00+02:00;295,000;1,000;MESURE
2025-04-30 06:00:00+02:00;200,000;1,000;MESURE
2025-04-30 07:00:00+02:00;143,000;1,000;MESURE
2025-04-30 08:00:00+02:00;208,000;1,000;MESURE
2025-04-30 09:00:00+02:00;443,000;1,000;MESURE
2025-04-30 10:00:00+02:00;1938,000;1,000;MESURE
2025-04-30 11:00:00+02:00;266,000;1,000;MESURE
2025-04-30 12:00:00+02:00;192,000;1,000;MESURE
2025-04-30 13:00:00+02:00;253,000;1,000;MESURE
2025-04-30 14:00:00+02:00;265,000;1,000;MESURE
2025-04-30 15:00:00+02:00;341,000;1,000;MESURE
2025-04-30 16:00:00+02:00;237,000;1,000;MESURE
2025-04-30 17:00:00+02:00;246,000;1,000;MESURE
2025-04-30 18:00:00+02:00;266,000;1,000;MESURE
2025-04-30 19:00:00+02:00;357,000;1,000;MESURE
2025-04-30 20:00:00+02:00;304,000;1,000;MESURE
2025-04-30 21:00:00+02:00;276,000;1,000;MESURE
2025-04-30 22:00:00+02:00;251,000;1,000;MESURE
2025-04-30 23:00:00+02:00;175,000;1,000;MESURE
2025-05-01 00:00:00+02:00;331,000;1,000;MESURE
2025-05-01 01:00:00+02:00;257,000;1,000;MESURE
2025-05-01 02:00:00+02:00;194,000;1,000;MESURE
2025-05-01 03:00:00+02:00;183,000;1,000;MESURE
2025-05-01 04:00:00+02:00;297,000;1,000;MESURE
2025-05-01 05:00:00+02:00;255,000;1,000;MESURE
2025-05-01 06:00:00+02:00;163,000;1,000;MESURE
2025-05-01 07:00:00+02:00;186,000;1,000;MESURE
2025-05-01 08:00:00+02:00;175,000;1,000;MESURE
2025-05-01 09:00:00+02:00;396,000;1,000;MESURE
2025-05-01 10:00:00+02:00;135,000;1,000;MESURE
2025-05-01 11:00:00+02:00;242,000;1,000;MESURE
2025-05-01 12:00:00+02:00;275,000;1,000;MESURE
2025-05-01 13:00:00+02:00;250,000;1,000;MESURE
2025-05-01 14:00:00+02:00;354,000;1,000;MESURE
2025-05-01 15:00:00+02:00;267,000;1,000;MESURE
2025-05-01 16:00:00+02:00;235,000;1,000;MESURE
2025-05-01 17:00:00+02:00;333,000;1,000;MESURE
2025-05-01 18:00:00+02:00;347,000;1,000;MESURE
2025-05-01 19:00:00+02:00;1079,000;1,000;MESURE
2025-05-01 20:00:00+02:00;1487,000;1,000;MESURE
2025-05-01 21:00:00+02:00;192,000;1,000;MESURE
2025-05-01 22:00:00+02:00;365,000;1,000;MESURE
2025-05-01 23:00:00+02:00;294,000;1,000;MESURE
2025-05-02 00:00:00+02:00;188,000;1,000;MESURE
2025-05-02 01:00:00+02:00;243,000;1,000;MESURE
2025-05-02 02:00:00+02:00;306,000;1,000;MESURE
2025-05-02 03:00:00+02:00;222,000;1,000;MESURE
2025-05-02 04:00:00+02:00;233,000;1,000;MESURE
2025-05-02 05:00:00+02:00;182,000;1,000;MESURE
2025-05-02 06:00:00+02:00;238,000;1,000;MESURE
2025-05-02 07:00:00+02:00;249,000;1,000;MESURE
2025-05-02 08:00:00+02:00;232,000;1,000;MESURE
2025-05-02 09:00:00+02:00;146,000;1,000;MESURE
2025-05-02 10:00:00+02:00;260,000;1,000;MESURE
2025-05-02 11:00:00+02:00;295,000;1,000;MESURE
2025-05-02 12:00:00+02:00;263,000;1,000;MESURE
2025-05-02 13:00:00+02:00;282,000;1,000;MESURE
2025-05-02 14:00:00+02:00;221,000;1,000;MESURE
2025-05-02 15:00:00+02:00;295,000;1,000;MESURE
2025-05-02 16:00:00+02:00;332,000;1,000;MESURE
2025-05-02 17:00:00+02:00;310,000;1,000;MESURE
2025-05-02 18:00:00+02:00;318,000;1,000;MESURE
2025-05-02 19:00:00+02:00;230,000;1,000;MESURE
2025-05-02 20:00:00+02:00;299,000;1,000;MESURE
2025-05-02 21:00:00+02:00;347,000;1,000;MESURE
2025-05-02 22:00:00+02:00;241,000;1,000;MESURE
2025-05-02 23:00:00+02:00;176,000;1,000;MESURE
2025-05-03 00:00:00+02:00;324,000;1,000;MESURE
2025-05-03 01:00:00+02:00;289,000;1,000;MESURE
2025-05-03 02:00:00+02:00;173,000;1,000;MESURE
2025-05-03 03:00:00+02:00;272,000;1,000;MESURE
2025-05-03 04:00:00+02:00;307,000;1,000;MESURE
2025-05-03 05:00:00+02:00;2138,000;1,000;MESURE
2025-05-03 06:00:00+02:00;144,000;1,000;MESURE
2025-05-03 07:00:00+02:00;260,000;1,000;MESURE
2025-05-03 08:00:00+02:00;787,000;1,000;MESURE
2025-05-03 09:00:00+02:00;356,000;1,000;MESURE
2025-05-03 10:00:00+02:00;216,000;1,000;MESURE
2025-05-03 11:00:00+02:00;259,000;1,000;MESURE
2025-05-03 12:00:00+02:00;275,000;1,000;MESURE
2025-05-03 13:00:00+02:00;1588,000;1,000;MESURE
2025-05-03 14:00:00+02:00;1346,000;1,000;MESURE
2025-05-03 15:00:00+02:00;1054,000;1,000;MESURE
2025-05-03 16:00:00+02:00;2663,000;1,000;MESURE
2025-05-03 17:00:00+02:00;1031,000;1,000;MESURE
2025-05-03 18:00:00+02:00;300,000;1,000;MESURE
2025-05-03 19:00:00+02:00;175,000;1,000;MESURE
2025-05-03 20:00:00+02:00;306,000;1,000;MESURE
2025-05-03 21:00:00+02:00;293,000;1,000;MESURE
2025-05-03 22:00:00+02:00;212,000;1,000;MESURE
2025-05-03 23:00:00+02:00;281,000;1,000;MESURE
2025-05-04 00:00:00+02:00;177,000;1,000;MESURE
2025-05-04 01:00:00+02:00;248,000;1,000;MESURE
2025-05-04 02:00:00+02:00;180,000;1,000;MESURE
2025-05-04 03:00:00+02:00;0,000;1,000;MESURE
2025-05-04 04:00:00+02:00;0,000;1,000;MESURE
2025-05-04 05:00:00+02:00;0,000;1,000;MESURE
2025-05-04 06:00:00+02:00;0,000;1,000;MESURE
2025-05-04 07:00:00+02:00;0,000;1,000;MESURE
2025-05-04 08:00:00+02:00;0,000;1,000;MESURE
2025-05-04 09:00:00+02:00;0,000;1,000;MESURE
2025-05-04 10:00:00+02:00;0,000;1,000;MESURE
2025-05-04 11:00:00+02:00;0,000;1,000;MESURE
2025-05-04 12:00:00+02:00;0,000;1,000;MESURE
2025-05-04 13:00:00+02:00;0,000;1,000;MESURE
2025-05-04 14:00:00+02:00;0,000;1,000;MESURE
2025-05-04 15:00:00+02:00;0,000;1,000;MESURE
2025-05-04 16:00:00+02:00;0,000;1,000;MESURE
2025-05-04 17:00:00+02:00;0,000;1,000;MESURE
2025-05-04 18:00:00+02:00;0,000;1,000;MESURE
2025-05-04 19:00:00+02:00;0,000;1,000;MESURE
2025-05-04 20:00:00+02:00;0,000;1,000;MESURE
2025-05-04 21:00:00+02:00;0,000;1,000;MESURE
2025-05-04 22:00:00+02:00;0,000;1,000;MESURE
2025-05-04 23:00:00+02:00;0,000;1,000;MESURE
2025-05-05 00:00:00+02:00;0,000;1,000;MESURE
2025-05-05 01:00:00+02:00;0,000;1,000;MESURE
2025-05-05 02:00:00+02:00;0,000;1,000;MESURE
2025-05-05 03:00:00+02:00;0,000;1,000;MESURE
2025-05-05 04:00:00+02:00;0,000;1,000;MESURE
2025-05-05 05:00:00+02:00;0,000;1,000;MESURE
2025-05-05 06:00:00+02:00;0,000;1,000;MESURE
2025-05-05 07:00:00+02:00;0,000;1,000;MESURE
2025-05-05 08:00:00+02:00;0,000;1,000;MESURE
2025-05-05 09:00:00+02:00;30,000;1,000;MESURE
2025-05-05 10:00:00+02:00;2822,000;1,000;MESURE
2025-05-05 11:00:00+02:00;819,000;1,000;MESURE
2025-05-05 12:00:00+02:00;354,000;1,000;MESURE
2025-05-05 13:00:00+02:00;212,000;1,000;MESURE
2025-05-05 14:00:00+02:00;346,000;1,000;MESURE
2025-05-05 15:00:00+02:00;159,000;1,000;MESURE
2025-05-05 16:00:00+02:00;157,000;1,000;MESURE
2025-05-05 17:00:00+02:00;325,000;1,000;MESURE
2025-05-05 18:00:00+02:00;189,000;1,000;MESURE
2025-05-05 19:00:00+02:00;185,000;1,000;MESURE
2025-05-05 20:00:00+02:00;222,000;1,000;MESURE
2025-05-05 21:00:00+02:00;263,000;1,000;MESURE
2025-05-05 22:00:00+02:00;259,000;1,000;MESURE
2025-05-05 23:00:00+02:00;376,000;1,000;MESURE
2025-05-06 00:00:00+02:00;385,000;1,000;MESURE
2025-05-06 01:00:00+02:00;499,000;1,000;MESURE
2025-05-06 02:00:00+02:00;840,000;1,000;MESURE
2025-05-06 03:00:00+02:00;1052,000;1,000;MESURE
2025-05-06 04:00:00+02:00;1121,000;1,000;MESURE
2025-05-06 05:00:00+02:00;1433,000;1,000;MESURE
2025-05-06 06:00:00+02:00;1387,000;1,000;MESURE
2025-05-06 07:00:00+02:00;1402,000;1,000;MESURE
2025-05-06 08:00:00+02:00;1061,000;1,000;MESURE
2025-05-06 09:00:00+02:00;325,000;1,000;MESURE
2025-05-06 10:00:00+02:00;365,000;1,000;MESURE
2025-05-06 11:00:00+02:00;1793,000;1,000;MESURE
2025-05-06 12:00:00+02:00;348,000;1,000;MESURE
2025-05-06 13:00:00+02:00;216,000;1,000;MESURE
2025-05-06 14:00:00+02:00;114,000;1,000;MESURE
2025-05-06 15:00:00+02:00;208,000;1,000;MESURE
2025-05-06 16:00:00+02:00;234,000;1,000;MESURE
2025-05-06 17:00:00+02:00;187,000;1,000;MESURE
2025-05-06 18:00:00+02:00;214,000;1,000;MESURE
2025-05-06 19:00:00+02:00;114,000;1,000;MESURE
2025-05-06 20:00:00+02:00;226,000;1,000;MESURE
2025-05-06 21:00:00+02:00;164,000;1,000;MESURE
2025-05-06 22:00:00+02:00;173,000;1,000;MESURE
2025-05-06 23:00:00+02:00;262,000;1,000;MESURE
2025-05-07 00:00:00+02:00;128,000;1,000;MESURE
2025-05-07 01:00:00+02:00;144,000;1,000;MESURE
2025-05-07 02:00:00+02:00;308,000;1,000;MESURE
2025-05-07 03:00:00+02:00;239,000;1,000;MESURE
2025-05-07 04:00:00+02:00;202,000;1,000;MESURE
2025-05-07 05:00:00+02:00;487,000;1,000;MESURE
2025-05-07 06:00:00+02:00;488,000;1,000;MESURE
2025-05-07 07:00:00+02:00;445,000;1,000;MESURE
2025-05-07 08:00:00+02:00;344,000;1,000;MESURE
2025-05-07 09:00:00+02:00;397,000;1,000;MESURE
2025-05-07 10:00:00+02:00;379,000;1,000;MESURE
2025-05-07 11:00:00+02:00;270,000;1,000;MESURE
2025-05-07 12:00:00+02:00;872,000;1,000;MESURE
2025-05-07 13:00:00+02:00;1554,000;1,000;MESURE
2025-05-07 14:00:00+02:00;202,000;1,000;MESURE
2025-05-07 15:00:00+02:00;133,000;1,000;MESURE
2025-05-07 16:00:00+02:00;218,000;1,000;MESURE
2025-05-07 17:00:00+02:00;218,000;1,000;MESURE
2025-05-07 18:00:00+02:00;147,000;1,000;MESURE
2025-05-07 19:00:00+02:00;258,000;1,000;MESURE
2025-05-07 20:00:00+02:00;214,000;1,000;MESURE
2025-05-07 21:00:00+02:00;179,000;1,000;MESURE
2025-05-07 22:00:00+02:00;123,000;1,000;MESURE
2025-05-07 23:00:00+02:00;323,000;1,000;MESURE
2025-05-08 00:00:00+02:00;347,000;1,000;MESURE
2025-05-08 01:00:00+02:00;262,000;1,000;MESURE
2025-05-08 02:00:00+02:00;422,000;1,000;MESURE
2025-05-08 03:00:00+02:00;453,000;1,000;MESURE
2025-05-08 04:00:00+02:00;674,000;1,000;MESURE
2025-05-08 05:00:00+02:00;1063,000;1,000;MESURE
2025-05-08 06:00:00+02:00;850,000;1,000;MESURE
2025-05-08 07:00:00+02:00;914,000;1,000;MESURE
2025-05-08 08:00:00+02:00;465,000;1,000;MESURE
2025-05-08 09:00:00+02:00;246,000;1,000;MESURE
2025-05-08 10:00:00+02:00;175,000;1,000;MESURE
2025-05-08 11:00:00+02:00;181,000;1,000;MESURE
2025-05-08 12:00:00+02:00;167,000;1,000;MESURE
2025-05-08 13:00:00+02:00;576,000;1,000;MESURE
2025-05-08 14:00:00+02:00;1643,000;1,000;MESURE
2025-05-08 15:00:00+02:00;265,000;1,000;MESURE
2025-05-08 16:00:00+02:00;202,000;1,000;MESURE
2025-05-08 17:00:00+02:00;236,000;1,000;MESURE
2025-05-08 18:00:00+02:00;163,000;1,000;MESURE
2025-05-08 19:00:00+02:00;128,000;1,000;MESURE
2025-05-08 20:00:00+02:00;193,000;1,000;MESURE
2025-05-08 21:00:00+02:00;163,000;1,000;MESURE
2025-05-08 22:00:00+02:00;364,000;1,000;MESURE
2025-05-08 23:00:00+02:00;113,000;1,000;MESURE
2025-05-09 00:00:00+02:00;130,000;1,000;MESURE
2025-05-09 01:00:00+02:00;214,000;1,000;MESURE
2025-05-09 02:00:00+02:00;113,000;1,000;MESURE
2025-05-09 03:00:00+02:00;146,000;1,000;MESURE
2025-05-09 04:00:00+02:00;387,000;1,000;MESURE
2025-05-09 05:00:00+02:00;213,000;1,000;MESURE
2025-05-09 06:00:00+02:00;195,000;1,000;MESURE
2025-05-09 07:00:00+02:00;276,000;1,000;MESURE
2025-05-09 08:00:00+02:00;148,000;1,000;MESURE
2025-05-09 09:00:00+02:00;168,000;1,000;MESURE
2025-05-09 10:00:00+02:00;271,000;1,000;MESURE
2025-05-09 11:00:00+02:00;224,000;1,000;MESURE
2025-05-09 12:00:00+02:00;185,000;1,000;MESURE
2025-05-09 13:00:00+02:00;177,000;1,000;MESURE
2025-05-09 14:00:00+02:00;228,000;1,000;MESURE
2025-05-09 15:00:00+02:00;159,000;1,000;MESURE
2025-05-09 16:00:00+02:00;1557,000;1,000;MESURE
2025-05-09 17:00:00+02:00;835,000;1,000;MESURE
2025-05-09 18:00:00+02:00;251,000;1,000;MESURE
2025-05-09 19:00:00+02:00;187,000;1,000;MESURE
2025-05-09 20:00:00+02:00;206,000;1,000;MESURE
2025-05-09 21:00:00+02:00;263,000;1,000;MESURE
2025-05-09 22:00:00+02:00;274,000;1,000;MESURE
2025-05-09 23:00:00+02:00;174,000;1,000;MESURE
2025-05-10 00:00:00+02:00;173,000;1,000;MESURE
2025-05-10 01:00:00+02:00;118,000;1,000;MESURE
2025-05-10 02:00:00+02:00;278,000;1,000;MESURE
2025-05-10 03:00:00+02:00;225,000;1,000;MESURE
2025-05-10 04:00:00+02:00;167,000;1,000;MESURE
2025-05-10 05:00:00+02:00;185,000;1,000;MESURE
2025-05-10 06:00:00+02:00;182,000;1,000;MESURE
2025-05-10 07:00:00+02:00;132,000;1,000;MESURE
2025-05-10 08:00:00+02:00;612,000;1,000;MESURE
2025-05-10 09:00:00+02:00;218,000;1,000;MESURE
2025-05-10 10:00:00+02:00;270,000;1,000;MESURE
2025-05-10 11:00:00+02:00;164,000;1,000;MESURE
2025-05-10 12:00:00+02:00;1535,000;1,000;MESURE
2025-05-10 13:00:00+02:00;344,000;1,000;MESURE
2025-05-10 14:00:00+02:00;3092,000;1,000;MESURE
2025-05-10 15:00:00+02:00;930,000;1,000;MESURE
2025-05-10 16:00:00+02:00;1475,000;1,000;MESURE
2025-05-10 17:00:00+02:00;1109,000;1,000;MESURE
2025-05-10 18:00:00+02:00;2131,000;1,000;MESURE
2025-05-10 19:00:00+02:00;234,000;1,000;MESURE
2025-05-10 20:00:00+02:00;201,000;1,000;MESURE
2025-05-10 21:00:00+02:00;259,000;1,000;MESURE
2025-05-10 22:00:00+02:00;332,000;1,000;MESURE
2025-05-10 23:00:00+02:00;194,000;1,000;MESURE
2025-05-11 00:00:00+02:00;240,000;1,000;MESURE
2025-05-11 01:00:00+02:00;142,000;1,000;MESURE
2025-05-11 02:00:00+02:00;289,000;1,000;MESURE
2025-05-11 03:00:00+02:00;225,000;1,000;MESURE
2025-05-11 04:00:00+02:00;251,000;1,000;MESURE
2025-05-11 05:00:00+02:00;127,000;1,000;MESURE
2025-05-11 06:00:00+02:00;153,000;1,000;MESURE
2025-05-11 07:00:00+02:00;263,000;1,000;MESURE
2025-05-11 08:00:00+02:00;181,000;1,000;MESURE
2025-05-11 09:00:00+02:00;222,000;1,000;MESURE
2025-05-11 10:00:00+02:00;205,000;1,000;MESURE
2025-05-11 11:00:00+02:00;208,000;1,000;MESURE
2025-05-11 12:00:00+02:00;321,000;1,000;MESURE
2025-05-11 13:00:00+02:00;206,000;1,000;MESURE
2025-05-11 14:00:00+02:00;292,000;1,000;MESURE
2025-05-11 15:00:00+02:00;229,000;1,000;MESURE
2025-05-11 16:00:00+02:00;197,000;1,000;MESURE
2025-05-11 17:00:00+02:00;360,000;1,000;MESURE
2025-05-11 18:00:00+02:00;292,000;1,000;MESURE
2025-05-11 19:00:00+02:00;145,000;1,000;MESURE
2025-05-11 20:00:00+02:00;244,000;1,000;MESURE
2025-05-11 21:00:00+02:00;248,000;1,000;MESURE
2025-05-11 22:00:00+02:00;297,000;1,000;MESURE
2025-05-11 23:00:00+02:00;124,000;1,000;MESURE
2025-05-12 00:00:00+02:00;239,000;1,000;MESURE
2025-05-12 01:00:00+02:00;179,000;1,000;MESURE
2025-05-12 02:00:00+02:00;483,000;1,000;MESURE
2025-05-12 03:00:00+02:00;1560,000;1,000;MESURE
2025-05-12 04:00:00+02:00;199,000;1,000;MESURE
2025-05-12 05:00:00+02:00;198,000;1,000;MESURE
2025-05-12 06:00:00+02:00;142,000;1,000;MESURE
2025-05-12 07:00:00+02:00;304,000;1,000;MESURE
2025-05-12 08:00:00+02:00;162,000;1,000;MESURE
2025-05-12 09:00:00+02:00;191,000;1,000;MESURE
2025-05-12 10:00:00+02:00;169,000;1,000;MESURE
2025-05-12 11:00:00+02:00;143,000;1,000;MESURE
2025-05-12 12:00:00+02:00;346,000;1,000;MESURE
2025-05-12 13:00:00+02:00;251,000;1,000;MESURE
2025-05-12 14:00:00+02:00;173,000;1,000;MESURE
2025-05-12 15:00:00+02:00;210,000;1,000;MESURE
2025-05-12 16:00:00+02:00;222,000;1,000;MESURE
2025-05-12 17:00:00+02:00;334,000;1,000;MESURE
2025-05-12 18:00:00+02:00;208,000;1,000;MESURE
2025-05-12 19:00:00+02:00;215,000;1,000;MESURE
2025-05-12 20:00:00+02:00;200,000;1,000;MESURE
2025-05-12 21:00:00+02:00;174,000;1,000;MESURE
2025-05-12 22:00:00+02:00;391,000;1,000;MESURE
2025-05-12 23:00:00+02:00;156,000;1,000;MESURE
2025-05-13 00:00:00+02:00;224,000;1,000;MESURE
2025-05-13 01:00:00+02:00;120,000;1,000;MESURE
2025-05-13 02:00:00+02:00;193,000;1,000;MESURE
2025-05-13 03:00:00+02:00;356,000;1,000;MESURE
2025-05-13 04:00:00+02:00;113,000;1,000;MESURE
2025-05-13 05:00:00+02:00;149,000;1,000;MESURE
2025-05-13 06:00:00+02:00;251,000;1,000;MESURE
2025-05-13 07:00:00+02:00;368,000;1,000;MESURE
2025-05-13 08:00:00+02:00;1852,000;1,000;MESURE
2025-05-13 09:00:00+02:00;244,000;1,000;MESURE
2025-05-13 10:00:00+02:00;115,000;1,000;MESURE
2025-05-13 11:00:00+02:00;134,000;1,000;MESURE
2025-05-13 12:00:00+02:00;261,000;1,000;MESURE
2025-05-13 13:00:00+02:00;191,000;1,000;MESURE
2025-05-13 14:00:00+02:00;318,000;1,000;MESURE
2025-05-13 15:00:00+02:00;132,000;1,000;MESURE
2025-05-13 16:00:00+02:00;215,000;1,000;MESURE
2025-05-13 17:00:00+02:00;154,000;1,000;MESURE
2025-05-13 18:00:00+02:00;373,000;1,000;MESURE
2025-05-13 19:00:00+02:00;308,000;1,000;MESURE
2025-05-13 20:00:00+02:00;151,000;1,000;MESURE
2025-05-13 21:00:00+02:00;218,000;1,000;MESURE
2025-05-13 22:00:00+02:00;213,000;1,000;MESURE
2025-05-13 23:00:00+02:00;296,000;1,000;MESURE
2025-05-14 00:00:00+02:00;196,000;1,000;MESURE
2025-05-14 01:00:00+02:00;229,000;1,000;MESURE
2025-05-14 02:00:00+02:00;151,000;1,000;MESURE
2025-05-14 03:00:00+02:00;219,000;1,000;MESURE
2025-05-14 04:00:00+02:00;224,000;1,000;MESURE
2025-05-14 05:00:00+02:00;144,000;1,000;MESURE
2025-05-14 06:00:00+02:00;218,000;1,000;MESURE
2025-05-14 07:00:00+02:00;126,000;1,000;MESURE
2025-05-14 08:00:00+02:00;186,000;1,000;MESURE
2025-05-14 09:00:00+02:00;267,000;1,000;MESURE
2025-05-14 10:00:00+02:00;203,000;1,000;MESURE
2025-05-14 11:00:00+02:00;211,000;1,000;MESURE
2025-05-14 12:00:00+02:00;1203,000;1,000;MESURE
2025-05-14 13:00:00+02:00;1125,000;1,000;MESURE
2025-05-14 14:00:00+02:00;292,000;1,000;MESURE
2025-05-14 15:00:00+02:00;328,000;1,000;MESURE
2025-05-14 16:00:00+02:00;200,000;1,000;MESURE
2025-05-14 17:00:00+02:00;225,000;1,000;MESURE
2025-05-14 18:00:00+02:00;219,000;1,000;MESURE
2025-05-14 19:00:00+02:00;348,000;1,000;MESURE
2025-05-14 20:00:00+02:00;297,000;1,000;MESURE
2025-05-14 21:00:00+02:00;218,000;1,000;MESURE
2025-05-14 22:00:00+02:00;170,000;1,000;MESURE
2025-05-14 23:00:00+02:00;297,000;1,000;MESURE
2025-05-15 00:00:00+02:00;270,000;1,000;MESURE
2025-05-15 01:00:00+02:00;208,000;1,000;MESURE
2025-05-15 02:00:00+02:00;159,000;1,000;MESURE
2025-05-15 03:00:00+02:00;212,000;1,000;MESURE
2025-05-15 04:00:00+02:00;187,000;1,000;MESURE
2025-05-15 05:00:00+02:00;352,000;1,000;MESURE
2025-05-15 06:00:00+02:00;128,000;1,000;MESURE
2025-05-15 07:00:00+02:00;131,000;1,000;MESURE
2025-05-15 08:00:00+02:00;221,000;1,000;MESURE
2025-05-15 09:00:00+02:00;222,000;1,000;MESURE
2025-05-15 10:00:00+02:00;299,000;1,000;MESURE
2025-05-15 11:00:00+02:00;176,000;1,000;MESURE
2025-05-15 12:00:00+02:00;161,000;1,000;MESURE
2025-05-15 13:00:00+02:00;226,000;1,000;MESURE
2025-05-15 14:00:00+02:00;291,000;1,000;MESURE
2025-05-15 15:00:00+02:00;309,000;1,000;MESURE
2025-05-15 16:00:00+02:00;249,000;1,000;MESURE
2025-05-15 17:00:00+02:00;225,000;1,000;MESURE
2025-05-15 18:00:00+02:00;245,000;1,000;MESURE
2025-05-15 19:00:00+02:00;517,000;1,000;MESURE
2025-05-15 20:00:00+02:00;1994,000;1,000;MESURE
2025-05-15 21:00:00+02:00;146,000;1,000;MESURE
2025-05-15 22:00:00+02:00;207,000;1,000;MESURE
2025-05-15 23:00:00+02:00;269,000;1,000;MESURE
2025-05-16 00:00:00+02:00;303,000;1,000;MESURE
2025-05-16 01:00:00+02:00;209,000;1,000;MESURE
2025-05-16 02:00:00+02:00;157,000;1,000;MESURE
2025-05-16 03:00:00+02:00;129,000;1,000;MESURE
2025-05-16 04:00:00+02:00;372,000;1,000;MESURE
2025-05-16 05:00:00+02:00;145,000;1,000;MESURE
2025-05-16 06:00:00+02:00;156,000;1,000;MESURE
2025-05-16 07:00:00+02:00;190,000;1,000;MESURE
2025-05-16 08:00:00+02:00;134,000;1,000;MESURE
2025-05-16 09:00:00+02:00;346,000;1,000;MESURE
2025-05-16 10:00:00+02:00;175,000;1,000;MESURE
2025-05-16 11:00:00+02:00;198,000;1,000;MESURE
2025-05-16 12:00:00+02:00;138,000;1,000;MESURE
2025-05-16 13:00:00+02:00;220,000;1,000;MESURE
2025-05-16 14:00:00+02:00;233,000;1,000;MESURE
2025-05-16 15:00:00+02:00;313,000;1,000;MESURE
2025-05-16 16:00:00+02:00;234,000;1,000;MESURE
2025-05-16 17:00:00+02:00;171,000;1,000;MESURE
2025-05-16 18:00:00+02:00;262,000;1,000;MESURE
2025-05-16 19:00:00+02:00;328,000;1,000;MESURE
2025-05-16 20:00:00+02:00;212,000;1,000;MESURE
2025-05-16 21:00:00+02:00;207,000;1,000;MESURE
2025-05-16 22:00:00+02:00;155,000;1,000;MESURE
2025-05-16 23:00:00+02:00;319,000;1,000;MESURE
2025-05-17 00:00:00+02:00;214,000;1,000;MESURE
2025-05-17 01:00:00+02:00;1139,000;1,000;MESURE
2025-05-17 02:00:00+02:00;1109,000;1,000;MESURE
2025-05-17 03:00:00+02:00;150,000;1,000;MESURE
2025-05-17 04:00:00+02:00;312,000;1,000;MESURE
2025-05-17 05:00:00+02:00;222,000;1,000;MESURE
2025-05-17 06:00:00+02:00;201,000;1,000;MESURE
2025-05-17 07:00:00+02:00;137,000;1,000;MESURE
2025-05-17 08:00:00+02:00;402,000;1,000;MESURE
2025-05-17 09:00:00+02:00;165,000;1,000;MESURE
2025-05-17 10:00:00+02:00;309,000;1,000;MESURE
2025-05-17 11:00:00+02:00;142,000;1,000;MESURE
2025-05-17 12:00:00+02:00;223,000;1,000;MESURE
2025-05-17 13:00:00+02:00;1420,000;1,000;MESURE
2025-05-17 14:00:00+02:00;639,000;1,000;MESURE
2025-05-17 15:00:00+02:00;315,000;1,000;MESURE
2025-05-17 16:00:00+02:00;170,000;1,000;MESURE
2025-05-17 17:00:00+02:00;225,000;1,000;MESURE
2025-05-17 18:00:00+02:00;188,000;1,000;MESURE
2025-05-17 19:00:00+02:00;346,000;1,000;MESURE
2025-05-17 20:00:00+02:00;309,000;1,000;MESURE
2025-05-17 21:00:00+02:00;144,000;1,000;MESURE
2025-05-17 22:00:00+02:00;223,000;1,000;MESURE
2025-05-17 23:00:00+02:00;199,000;1,000;MESURE
2025-05-18 00:00:00+02:00;314,000;1,000;MESURE
2025-05-18 01:00:00+02:00;164,000;1,000;MESURE
2025-05-18 02:00:00+02:00;229,000;1,000;MESURE
2025-05-18 03:00:00+02:00;164,000;1,000;MESURE
2025-05-18 04:00:00+02:00;177,000;1,000;MESURE
2025-05-18 05:00:00+02:00;284,000;1,000;MESURE
2025-05-18 06:00:00+02:00;116,000;1,000;MESURE
2025-05-18 07:00:00+02:00;138,000;1,000;MESURE
2025-05-18 08:00:00+02:00;269,000;1,000;MESURE
2025-05-18 09:00:00+02:00;118,000;1,000;MESURE
2025-05-18 10:00:00+02:00;308,000;1,000;MESURE
2025-05-18 11:00:00+02:00;165,000;1,000;MESURE
2025-05-18 12:00:00+02:00;221,000;1,000;MESURE
2025-05-18 13:00:00+02:00;160,000;1,000;MESURE
2025-05-18 14:00:00+02:00;275,000;1,000;MESURE
2025-05-18 15:00:00+02:00;368,000;1,000;MESURE
2025-05-18 16:00:00+02:00;207,000;1,000;MESURE
2025-05-18 17:00:00+02:00;215,000;1,000;MESURE
2025-05-18 18:00:00+02:00;295,000;1,000;MESURE
2025-05-18 19:00:00+02:00;243,000;1,000;MESURE
2025-05-18 20:00:00+02:00;324,000;1,000;MESURE
2025-05-18 21:00:00+02:00;1985,000;1,000;MESURE
2025-05-18 22:00:00+02:00;212,000;1,000;MESURE
2025-05-18 23:00:00+02:00;226,000;1,000;MESURE
2025-05-19 00:00:00+02:00;270,000;1,000;MESURE
2025-05-19 01:00:00+02:00;297,000;1,000;MESURE
2025-05-19 02:00:00+02:00;116,000;1,000;MESURE
2025-05-19 03:00:00+02:00;235,000;1,000;MESURE
2025-05-19 04:00:00+02:00;138,000;1,000;MESURE
2025-05-19 05:00:00+02:00;343,000;1,000;MESURE
2025-05-19 06:00:00+02:00;186,000;1,000;MESURE
2025-05-19 07:00:00+02:00;119,000;1,000;MESURE
2025-05-19 08:00:00+02:00;226,000;1,000;MESURE
2025-05-19 09:00:00+02:00;204,000;1,000;MESURE
2025-05-19 10:00:00+02:00;333,000;1,000;MESURE
2025-05-19 11:00:00+02:00;157,000;1,000;MESURE
2025-05-19 12:00:00+02:00;187,000;1,000;MESURE
2025-05-19 13:00:00+02:00;226,000;1,000;MESURE
2025-05-19 14:00:00+02:00;280,000;1,000;MESURE
2025-05-19 15:00:00+02:00;313,000;1,000;MESURE
2025-05-19 16:00:00+02:00;256,000;1,000;MESURE
2025-05-19 17:00:00+02:00;231,000;1,000;MESURE
2025-05-19 18:00:00+02:00;232,000;1,000;MESURE
2025-05-19 19:00:00+02:00;351,000;1,000;MESURE
2025-05-19 20:00:00+02:00;265,000;1,000;MESURE
2025-05-19 21:00:00+02:00;216,000;1,000;MESURE
2025-05-19 22:00:00+02:00;216,000;1,000;MESURE
2025-05-19 23:00:00+02:00;311,000;1,000;MESURE
2025-05-20 00:00:00+02:00;235,000;1,000;MESURE
2025-05-20 01:00:00+02:00;237,000;1,000;MESURE
2025-05-20 02:00:00+02:00;191,000;1,000;MESURE
2025-05-20 03:00:00+02:00;187,000;1,000;MESURE
2025-05-20 04:00:00+02:00;2185,000;1,000;MESURE
2025-05-20 05:00:00+02:00;249,000;1,000;MESURE
2025-05-20 06:00:00+02:00;185,000;1,000;MESURE
2025-05-20 07:00:00+02:00;187,000;1,000;MESURE
2025-05-20 08:00:00+02:00;257,000;1,000;MESURE
2025-05-20 09:00:00+02:00;997,000;1,000;MESURE
2025-05-20 10:00:00+02:00;1078,000;1,000;MESURE
2025-05-20 11:00:00+02:00;350,000;1,000;MESURE
2025-05-20 12:00:00+02:00;125,000;1,000;MESURE
2025-05-20 13:00:00+02:00;296,000;1,000;MESURE
2025-05-20 14:00:00+02:00;206,000;1,000;MESURE
2025-05-20 15:00:00+02:00;217,000;1,000;MESURE
2025-05-20 16:00:00+02:00;269,000;1,000;MESURE
2025-05-20 17:00:00+02:00;178,000;1,000;MESURE
2025-05-20 18:00:00+02:00;351,000;1,000;MESURE
2025-05-20 19:00:00+02:00;253,000;1,000;MESURE
2025-05-20 20:00:00+02:00;178,000;1,000;MESURE
2025-05-20 21:00:00+02:00;229,000;1,000;MESURE
2025-05-20 22:00:00+02:00;201,000;1,000;MESURE
2025-05-20 23:00:00+02:00;348,000;1,000;MESURE
2025-05-21 00:00:00+02:00;176,000;1,000;MESURE
2025-05-21 01:00:00+02:00;201,000;1,000;MESURE
2025-05-21 02:00:00+02:00;161,000;1,000;MESURE
2025-05-21 03:00:00+02:00;318,000;1,000;MESURE
2025-05-21 04:00:00+02:00;336,000;1,000;MESURE
2025-05-21 05:00:00+02:00;242,000;1,000;MESURE
2025-05-21 06:00:00+02:00;326,000;1,000;MESURE
2025-05-21 07:00:00+02:00;261,000;1,000;MESURE
2025-05-21 08:00:00+02:00;330,000;1,000;MESURE
2025-05-21 09:00:00+02:00;201,000;1,000;MESURE
2025-05-21 10:00:00+02:00;1844,000;1,000;MESURE
2025-05-21 11:00:00+02:00;528,000;1,000;MESURE
2025-05-21 12:00:00+02:00;229,000;1,000;MESURE
2025-05-21 13:00:00+02:00;348,000;1,000;MESURE
2025-05-21 14:00:00+02:00;220,000;1,000;MESURE
2025-05-21 15:00:00+02:00;236,000;1,000;MESURE
2025-05-21 16:00:00+02:00;281,000;1,000;MESURE
2025-05-21 17:00:00+02:00;281,000;1,000;MESURE
2025-05-21 18:00:00+02:00;298,000;1,000;MESURE
2025-05-21 19:00:00+02:00;230,000;1,000;MESURE
2025-05-21 20:00:00+02:00;225,000;1,000;MESURE
2025-05-21 21:00:00+02:00;258,000;1,000;MESURE
2025-05-21 22:00:00+02:00;292,000;1,000;MESURE
2025-05-21 23:00:00+02:00;212,000;1,000;MESURE
2025-05-22 00:00:00+02:00;245,000;1,000;MESURE
2025-05-22 01:00:00+02:00;146,000;1,000;MESURE
2025-05-22 02:00:00+02:00;288,000;1,000;MESURE
2025-05-22 03:00:00+02:00;251,000;1,000;MESURE
2025-05-22 04:00:00+02:00;318,000;1,000;MESURE
2025-05-22 05:00:00+02:00;283,000;1,000;MESURE
2025-05-22 06:00:00+02:00;383,000;1,000;MESURE
2025-05-22 07:00:00+02:00;653,000;1,000;MESURE
2025-05-22 08:00:00+02:00;471,000;1,000;MESURE
2025-05-22 09:00:00+02:00;519,000;1,000;MESURE
2025-05-22 10:00:00+02:00;505,000;1,000;MESURE
2025-05-22 11:00:00+02:00;453,000;1,000;MESURE
2025-05-22 12:00:00+02:00;606,000;1,000;MESURE
2025-05-22 13:00:00+02:00;482,000;1,000;MESURE
2025-05-22 14:00:00+02:00;468,000;1,000;MESURE
2025-05-22 15:00:00+02:00;573,000;1,000;MESURE
2025-05-22 16:00:00+02:00;1455,000;1,000;MESURE
2025-05-22 17:00:00+02:00;1847,000;1,000;MESURE
2025-05-22 18:00:00+02:00;548,000;1,000;MESURE
2025-05-22 19:00:00+02:00;559,000;1,000;MESURE
2025-05-22 20:00:00+02:00;665,000;1,000;MESURE
2025-05-22 21:00:00+02:00;704,000;1,000;MESURE
2025-05-22 22:00:00+02:00;1102,000;1,000;MESURE
2025-05-22 23:00:00+02:00;1483,000;1,000;MESURE
2025-05-23 00:00:00+02:00;1809,000;1,000;MESURE
2025-05-23 01:00:00+02:00;2201,000;1,000;MESURE
2025-05-23 02:00:00+02:00;2767,000;1,000;MESURE
2025-05-23 03:00:00+02:00;3074,000;1,000;MESURE
2025-05-23 04:00:00+02:00;3323,000;1,000;MESURE
2025-05-23 05:00:00+02:00;3330,000;1,000;MESURE
2025-05-23 06:00:00+02:00;3481,000;1,000;MESURE
2025-05-23 07:00:00+02:00;3449,000;1,000;MESURE
2025-05-23 08:00:00+02:00;2723,000;1,000;MESURE
2025-05-23 09:00:00+02:00;1745,000;1,000;MESURE
2025-05-23 10:00:00+02:00;690,000;1,000;MESURE
2025-05-23 11:00:00+02:00;182,000;1,000;MESURE
2025-05-23 12:00:00+02:00;155,000;1,000;MESURE
2025-05-23 13:00:00+02:00;213,000;1,000;MESURE
2025-05-23 14:00:00+02:00;315,000;1,000;MESURE
2025-05-23 15:00:00+02:00;267,000;1,000;MESURE
2025-05-23 16:00:00+02:00;189,000;1,000;MESURE
2025-05-23 17:00:00+02:00;221,000;1,000;MESURE
2025-05-23 18:00:00+02:00;2075,000;1,000;MESURE
2025-05-23 19:00:00+02:00;275,000;1,000;MESURE
2025-05-23 20:00:00+02:00;258,000;1,000;MESURE
2025-05-23 21:00:00+02:00;145,000;1,000;MESURE
2025-05-23 22:00:00+02:00;259,000;1,000;MESURE
2025-05-23 23:00:00+02:00;322,000;1,000;MESURE
2025-05-24 00:00:00+02:00;610,000;1,000;MESURE
2025-05-24 01:00:00+02:00;866,000;1,000;MESURE
2025-05-24 02:00:00+02:00;1209,000;1,000;MESURE
2025-05-24 03:00:00+02:00;1738,000;1,000;MESURE
2025-05-24 04:00:00+02:00;2452,000;1,000;MESURE
2025-05-24 05:00:00+02:00;2973,000;1,000;MESURE
2025-05-24 06:00:00+02:00;3163,000;1,000;MESURE
2025-05-24 07:00:00+02:00;3224,000;1,000;MESURE
2025-05-24 08:00:00+02:00;3681,000;1,000;MESURE
2025-05-24 09:00:00+02:00;2575,000;1,000;MESURE
2025-05-24 10:00:00+02:00;1126,000;1,000;MESURE
2025-05-24 11:00:00+02:00;575,000;1,000;MESURE
2025-05-24 12:00:00+02:00;1395,000;1,000;MESURE
2025-05-24 13:00:00+02:00;950,000;1,000;MESURE
2025-05-24 14:00:00+02:00;295,000;1,000;MESURE
2025-05-24 15:00:00+02:00;1897,000;1,000;MESURE
2025-05-24 16:00:00+02:00;728,000;1,000;MESURE
2025-05-24 17:00:00+02:00;349,000;1,000;MESURE
2025-05-24 18:00:00+02:00;252,000;1,000;MESURE
2025-05-24 19:00:00+02:00;232,000;1,000;MESURE
2025-05-24 20:00:00+02:00;207,000;1,000;MESURE
2025-05-24 21:00:00+02:00;237,000;1,000;MESURE
2025-05-24 22:00:00+02:00;237,000;1,000;MESURE
2025-05-24 23:00:00+02:00;226,000;1,000;MESURE
2025-05-25 00:00:00+02:00;176,000;1,000;MESURE
2025-05-25 01:00:00+02:00;251,000;1,000;MESURE
2025-05-25 02:00:00+02:00;214,000;1,000;MESURE
2025-05-25 03:00:00+02:00;397,000;1,000;MESURE
2025-05-25 04:00:00+02:00;376,000;1,000;MESURE
2025-05-25 05:00:00+02:00;683,000;1,000;MESURE
2025-05-25 06:00:00+02:00;892,000;1,000;MESURE
2025-05-25 07:00:00+02:00;907,000;1,000;MESURE
2025-05-25 08:00:00+02:00;508,000;1,000;MESURE
2025-05-25 09:00:00+02:00;243,000;1,000;MESURE
2025-05-25 10:00:00+02:00;210,000;1,000;MESURE
2025-05-25 11:00:00+02:00;197,000;1,000;MESURE
2025-05-25 12:00:00+02:00;312,000;1,000;MESURE
2025-05-25 13:00:00+02:00;199,000;1,000;MESURE
2025-05-25 14:00:00+02:00;257,000;1,000;MESURE
2025-05-25 15:00:00+02:00;231,000;1,000;MESURE
2025-05-25 16:00:00+02:00;292,000;1,000;MESURE
2025-05-25 17:00:00+02:00;281,000;1,000;MESURE
2025-05-25 18:00:00+02:00;236,000;1,000;MESURE
2025-05-25 19:00:00+02:00;293,000;1,000;MESURE
2025-05-25 20:00:00+02:00;266,000;1,000;MESURE
2025-05-25 21:00:00+02:00;306,000;1,000;MESURE
2025-05-25 22:00:00+02:00;306,000;1,000;MESURE
2025-05-25 23:00:00+02:00;208,000;1,000;MESURE
2025-05-26 00:00:00+02:00;423,000;1,000;MESURE
2025-05-26 01:00:00+02:00;1692,000;1,000;MESURE
2025-05-26 02:00:00+02:00;253,000;1,000;MESURE
2025-05-26 03:00:00+02:00;209,000;1,000;MESURE
2025-05-26 04:00:00+02:00;162,000;1,000;MESURE
2025-05-26 05:00:00+02:00;256,000;1,000;MESURE
2025-05-26 06:00:00+02:00;288,000;1,000;MESURE
2025-05-26 07:00:00+02:00;214,000;1,000;MESURE
2025-05-26 08:00:00+02:00;160,000;1,000;MESURE
2025-05-26 09:00:00+02:00;258,000;1,000;MESURE
2025-05-26 10:00:00+02:00;343,000;1,000;MESURE
2025-05-26 11:00:00+02:00;217,000;1,000;MESURE
2025-05-26 12:00:00+02:00;225,000;1,000;MESURE
2025-05-26 13:00:00+02:00;125,000;1,000;MESURE
2025-05-26 14:00:00+02:00;295,000;1,000;MESURE
2025-05-26 15:00:00+02:00;282,000;1,000;MESURE
2025-05-26 16:00:00+02:00;242,000;1,000;MESURE
2025-05-26 17:00:00+02:00;264,000;1,000;MESURE
2025-05-26 18:00:00+02:00;214,000;1,000;MESURE
2025-05-26 19:00:00+02:00;309,000;1,000;MESURE
2025-05-26 20:00:00+02:00;276,000;1,000;MESURE
2025-05-26 21:00:00+02:00;160,000;1,000;MESURE
2025-05-26 22:00:00+02:00;233,000;1,000;MESURE
2025-05-26 23:00:00+02:00;315,000;1,000;MESURE
2025-05-27 00:00:00+02:00;258,000;1,000;MESURE
2025-05-27 01:00:00+02:00;159,000;1,000;MESURE
2025-05-27 02:00:00+02:00;194,000;1,000;MESURE
2025-05-27 03:00:00+02:00;204,000;1,000;MESURE
2025-05-27 04:00:00+02:00;428,000;1,000;MESURE
2025-05-27 05:00:00+02:00;351,000;1,000;MESURE
2025-05-27 06:00:00+02:00;542,000;1,000;MESURE
2025-05-27 07:00:00+02:00;1963,000;1,000;MESURE
2025-05-27 08:00:00+02:00;720,000;1,000;MESURE
2025-05-27 09:00:00+02:00;343,000;1,000;MESURE
2025-05-27 10:00:00+02:00;147,000;1,000;MESURE
2025-05-27 11:00:00+02:00;199,000;1,000;MESURE
2025-05-27 12:00:00+02:00;228,000;1,000;MESURE
2025-05-27 13:00:00+02:00;304,000;1,000;MESURE
2025-05-27 14:00:00+02:00;264,000;1,000;MESURE
2025-05-27 15:00:00+02:00;211,000;1,000;MESURE
2025-05-27 16:00:00+02:00;171,000;1,000;MESURE
2025-05-27 17:00:00+02:00;380,000;1,000;MESURE
2025-05-27 18:00:00+02:00;304,000;1,000;MESURE
2025-05-27 19:00:00+02:00;164,000;1,000;MESURE
2025-05-27 20:00:00+02:00;266,000;1,000;MESURE
2025-05-27 21:00:00+02:00;268,000;1,000;MESURE
2025-05-27 22:00:00+02:00;291,000;1,000;MESURE
2025-05-27 23:00:00+02:00;219,000;1,000;MESURE
2025-05-28 00:00:00+02:00;196,000;1,000;MESURE
2025-05-28 01:00:00+02:00;234,000;1,000;MESURE
2025-05-28 02:00:00+02:00;236,000;1,000;MESURE
2025-05-28 03:00:00+02:00;318,000;1,000;MESURE
2025-05-28 04:00:00+02:00;396,000;1,000;MESURE
2025-05-28 05:00:00+02:00;484,000;1,000;MESURE
2025-05-28 06:00:00+02:00;722,000;1,000;MESURE
2025-05-28 07:00:00+02:00;601,000;1,000;MESURE
2025-05-28 08:00:00+02:00;305,000;1,000;MESURE
2025-05-28 09:00:00+02:00;165,000;1,000;MESURE
2025-05-28 10:00:00+02:00;236,000;1,000;MESURE
2025-05-28 11:00:00+02:00;234,000;1,000;MESURE
2025-05-28 12:00:00+02:00;320,000;1,000;MESURE
2025-05-28 13:00:00+02:00;184,000;1,000;MESURE
2025-05-28 14:00:00+02:00;1548,000;1,000;MESURE
2025-05-28 15:00:00+02:00;856,000;1,000;MESURE
2025-05-28 16:00:00+02:00;335,000;1,000;MESURE
2025-05-28 17:00:00+02:00;254,000;1,000;MESURE
2025-05-28 18:00:00+02:00;257,000;1,000;MESURE
2025-05-28 19:00:00+02:00;236,000;1,000;MESURE
2025-05-28 20:00:00+02:00;302,000;1,000;MESURE
2025-05-28 21:00:00+02:00;298,000;1,000;MESURE
2025-05-28 22:00:00+02:00;234,000;1,000;MESURE
2025-05-28 23:00:00+02:00;163,000;1,000;MESURE
2025-05-29 00:00:00+02:00;296,000;1,000;MESURE
2025-05-29 01:00:00+02:00;281,000;1,000;MESURE
2025-05-29 02:00:00+02:00;181,000;1,000;MESURE
2025-05-29 03:00:00+02:00;209,000;1,000;MESURE
2025-05-29 04:00:00+02:00;172,000;1,000;MESURE
2025-05-29 05:00:00+02:00;364,000;1,000;MESURE
2025-05-29 06:00:00+02:00;158,000;1,000;MESURE
2025-05-29 07:00:00+02:00;181,000;1,000;MESURE
2025-05-29 08:00:00+02:00;220,000;1,000;MESURE
2025-05-29 09:00:00+02:00;296,000;1,000;MESURE
2025-05-29 10:00:00+02:00;206,000;1,000;MESURE
2025-05-29 11:00:00+02:00;200,000;1,000;MESURE
2025-05-29 12:00:00+02:00;284,000;1,000;MESURE
2025-05-29 13:00:00+02:00;260,000;1,000;MESURE
2025-05-29 14:00:00+02:00;266,000;1,000;MESURE
2025-05-29 15:00:00+02:00;235,000;1,000;MESURE
2025-05-29 16:00:00+02:00;297,000;1,000;MESURE
2025-05-29 17:00:00+02:00;208,000;1,000;MESURE
2025-05-29 18:00:00+02:00;322,000;1,000;MESURE
2025-05-29 19:00:00+02:00;336,000;1,000;MESURE
2025-05-29 20:00:00+02:00;206,000;1,000;MESURE
2025-05-29 21:00:00+02:00;187,000;1,000;MESURE
2025-05-29 22:00:00+02:00;366,000;1,000;MESURE
2025-05-29 23:00:00+02:00;1498,000;1,000;MESURE
2025-05-30 00:00:00+02:00;960,000;1,000;MESURE
2025-05-30 01:00:00+02:00;230,000;1,000;MESURE
2025-05-30 02:00:00+02:00;269,000;1,000;MESURE
2025-05-30 03:00:00+02:00;277,000;1,000;MESURE
2025-05-30 04:00:00+02:00;154,000;1,000;MESURE
2025-05-30 05:00:00+02:00;267,000;1,000;MESURE
2025-05-30 06:00:00+02:00;391,000;1,000;MESURE
2025-05-30 07:00:00+02:00;237,000;1,000;MESURE
2025-05-30 08:00:00+02:00;199,000;1,000;MESURE
2025-05-30 09:00:00+02:00;212,000;1,000;MESURE
2025-05-30 10:00:00+02:00;192,000;1,000;MESURE
2025-05-30 11:00:00+02:00;312,000;1,000;MESURE
2025-05-30 12:00:00+02:00;298,000;1,000;MESURE
2025-05-30 13:00:00+02:00;226,000;1,000;MESURE
2025-05-30 14:00:00+02:00;239,000;1,000;MESURE
2025-05-30 15:00:00+02:00;1630,000;1,000;MESURE
2025-05-30 16:00:00+02:00;1564,000;1,000;MESURE
2025-05-30 17:00:00+02:00;274,000;1,000;MESURE
2025-05-30 18:00:00+02:00;300,000;1,000;MESURE
2025-05-30 19:00:00+02:00;384,000;1,000;MESURE
2025-05-30 20:00:00+02:00;347,000;1,000;MESURE
2025-05-30 21:00:00+02:00;323,000;1,000;MESURE
2025-05-30 22:00:00+02:00;257,000;1,000;MESURE
2025-05-30 23:00:00+02:00;242,000;1,000;MESURE
2025-05-31 00:00:00+02:00;344,000;1,000;MESURE
2025-05-31 01:00:00+02:00;316,000;1,000;MESURE
2025-05-31 02:00:00+02:00;234,000;1,000;MESURE
2025-05-31 03:00:00+02:00;202,000;1,000;MESURE
2025-05-31 04:00:00+02:00;315,000;1,000;MESURE
2025-05-31 05:00:00+02:00;270,000;1,000;MESURE
2025-05-31 06:00:00+02:00;226,000;1,000;MESURE
2025-05-31 07:00:00+02:00;389,000;1,000;MESURE
2025-05-31 08:00:00+02:00;964,000;1,000;MESURE
2025-05-31 09:00:00+02:00;1155,000;1,000;MESURE
2025-05-31 10:00:00+02:00;459,000;1,000;MESURE
2025-05-31 11:00:00+02:00;343,000;1,000;MESURE
2025-05-31 12:00:00+02:00;489,000;1,000;MESURE
2025-05-31 13:00:00+02:00;430,000;1,000;MESURE
2025-05-31 14:00:00+02:00;1424,000;1,000;MESURE
2025-05-31 15:00:00+02:00;1228,000;1,000;MESURE
2025-05-31 16:00:00+02:00;431,000;1,000;MESURE
2025-05-31 17:00:00+02:00;389,000;1,000;MESURE
2025-05-31 18:00:00+02:00;362,000;1,000;MESURE
2025-05-31 19:00:00+02:00;249,000;1,000;MESURE
2025-05-31 20:00:00+02:00;291,000;1,000;MESURE
2025-05-31 21:00:00+02:00;440,000;1,000;MESURE
2025-05-31 22:00:00+02:00;324,000;1,000;MESURE
2025-05-31 23:00:00+02:00;214,000;1,000;MESURE
2025-06-01 00:00:00+02:00;246,000;1,000;MESURE
2025-06-01 01:00:00+02:00;272,000;1,000;MESURE
2025-06-01 02:00:00+02:00;313,000;1,000;MESURE
2025-06-01 03:00:00+02:00;320,000;1,000;MESURE
2025-06-01 04:00:00+02:00;150,000;1,000;MESURE
2025-06-01 05:00:00+02:00;303,000;1,000;MESURE
2025-06-01 06:00:00+02:00;287,000;1,000;MESURE
2025-06-01 07:00:00+02:00;657,000;1,000;MESURE
2025-06-01 08:00:00+02:00;781,000;1,000;MESURE
2025-06-01 09:00:00+02:00;2021,000;1,000;MESURE
2025-06-01 10:00:00+02:00;448,000;1,000;MESURE
2025-06-01 11:00:00+02:00;710,000;1,000;MESURE
2025-06-01 12:00:00+02:00;964,000;1,000;MESURE
2025-06-01 13:00:00+02:00;518,000;1,000;MESURE
2025-06-01 14:00:00+02:00;397,000;1,000;MESURE
2025-06-01 15:00:00+02:00;347,000;1,000;MESURE
2025-06-01 16:00:00+02:00;399,000;1,000;MESURE
2025-06-01 17:00:00+02:00;488,000;1,000;MESURE
2025-06-01 18:00:00+02:00;461,000;1,000;MESURE
2025-06-01 19:00:00+02:00;357,000;1,000;MESURE
2025-06-01 20:00:00+02:00;380,000;1,000;MESURE
2025-06-01 21:00:00+02:00;381,000;1,000;MESURE
2025-06-01 22:00:00+02:00;449,000;1,000;MESURE
2025-06-01 23:00:00+02:00;361,000;1,000;MESURE
2025-06-02 00:00:00+02:00;283,000;1,000;MESURE
2025-06-02 01:00:00+02:00;376,000;1,000;MESURE
2025-06-02 02:00:00+02:00;418,000;1,000;MESURE
2025-06-02 03:00:00+02:00;308,000;1,000;MESURE
2025-06-02 04:00:00+02:00;340,000;1,000;MESURE
2025-06-02 05:00:00+02:00;289,000;1,000;MESURE
2025-06-02 06:00:00+02:00;431,000;1,000;MESURE
2025-06-02 07:00:00+02:00;278,000;1,000;MESURE
2025-06-02 08:00:00+02:00;355,000;1,000;MESURE
2025-06-02 09:00:00+02:00;301,000;1,000;MESURE
2025-06-02 10:00:00+02:00;787,000;1,000;MESURE
2025-06-02 11:00:00+02:00;1549,000;1,000;MESURE
2025-06-02 12:00:00+02:00;257,000;1,000;MESURE
2025-06-02 13:00:00+02:00;290,000;1,000;MESURE
2025-06-02 14:00:00+02:00;455,000;1,000;MESURE
2025-06-02 15:00:00+02:00;354,000;1,000;MESURE
2025-06-02 16:00:00+02:00;282,000;1,000;MESURE
2025-06-02 17:00:00+02:00;338,000;1,000;MESURE
2025-06-02 18:00:00+02:00;439,000;1,000;MESURE
2025-06-02 19:00:00+02:00;319,000;1,000;MESURE
2025-06-02 20:00:00+02:00;332,000;1,000;MESURE
2025-06-02 21:00:00+02:00;283,000;1,000;MESURE
2025-06-02 22:00:00+02:00;355,000;1,000;MESURE
2025-06-02 23:00:00+02:00;358,000;1,000;MESURE
2025-06-03 00:00:00+02:00;310,000;1,000;MESURE
2025-06-03 01:00:00+02:00;308,000;1,000;MESURE
2025-06-03 02:00:00+02:00;285,000;1,000;MESURE
2025-06-03 03:00:00+02:00;384,000;1,000;MESURE
2025-06-03 04:00:00+02:00;285,000;1,000;MESURE
2025-06-03 05:00:00+02:00;306,000;1,000;MESURE
2025-06-03 06:00:00+02:00;239,000;1,000;MESURE
2025-06-03 07:00:00+02:00;370,000;1,000;MESURE
2025-06-03 08:00:00+02:00;335,000;1,000;MESURE
2025-06-03 09:00:00+02:00;307,000;1,000;MESURE
2025-06-03 10:00:00+02:00;232,000;1,000;MESURE
2025-06-03 11:00:00+02:00;1058,000;1,000;MESURE
2025-06-03 12:00:00+02:00;531,000;1,000;MESURE
2025-06-03 13:00:00+02:00;257,000;1,000;MESURE
2025-06-03 14:00:00+02:00;376,000;1,000;MESURE
2025-06-03 15:00:00+02:00;393,000;1,000;MESURE
2025-06-03 16:00:00+02:00;416,000;1,000;MESURE
2025-06-03 17:00:00+02:00;407,000;1,000;MESURE
2025-06-03 18:00:00+02:00;347,000;1,000;MESURE
2025-06-03 19:00:00+02:00;341,000;1,000;MESURE
2025-06-03 20:00:00+02:00;1411,000;1,000;MESURE
2025-06-03 21:00:00+02:00;1296,000;1,000;MESURE
2025-06-03 22:00:00+02:00;348,000;1,000;MESURE
2025-06-03 23:00:00+02:00;325,000;1,000;MESURE
2025-06-04 00:00:00+02:00;325,000;1,000;MESURE
2025-06-04 01:00:00+02:00;457,000;1,000;MESURE
2025-06-04 02:00:00+02:00;239,000;1,000;MESURE
2025-06-04 03:00:00+02:00;323,000;1,000;MESURE
2025-06-04 04:00:00+02:00;282,000;1,000;MESURE
2025-06-04 05:00:00+02:00;440,000;1,000;MESURE
2025-06-04 06:00:00+02:00;275,000;1,000;MESURE
2025-06-04 07:00:00+02:00;273,000;1,000;MESURE
2025-06-04 08:00:00+02:00;328,000;1,000;MESURE
2025-06-04 09:00:00+02:00;369,000;1,000;MESURE
2025-06-04 10:00:00+02:00;321,000;1,000;MESURE
2025-06-04 11:00:00+02:00;231,000;1,000;MESURE
2025-06-04 12:00:00+02:00;345,000;1,000;MESURE
2025-06-04 13:00:00+02:00;371,000;1,000;MESURE
2025-06-04 14:00:00+02:00;351,000;1,000;MESURE
2025-06-04 15:00:00+02:00;291,000;1,000;MESURE
2025-06-04 16:00:00+02:00;284,000;1,000;MESURE
2025-06-04 17:00:00+02:00;348,000;1,000;MESURE
2025-06-04 18:00:00+02:00;408,000;1,000;MESURE
2025-06-04 19:00:00+02:00;339,000;1,000;MESURE
2025-06-04 20:00:00+02:00;266,000;1,000;MESURE
2025-06-04 21:00:00+02:00;303,000;1,000;MESURE
2025-06-04 22:00:00+02:00;322,000;1,000;MESURE
2025-06-04 23:00:00+02:00;355,000;1,000;MESURE
2025-06-05 00:00:00+02:00;221,000;1,000;MESURE
2025-06-05 01:00:00+02:00;359,000;1,000;MESURE
2025-06-05 02:00:00+02:00;257,000;1,000;MESURE
2025-06-05 03:00:00+02:00;392,000;1,000;MESURE
2025-06-05 04:00:00+02:00;1861,000;1,000;MESURE
2025-06-05 05:00:00+02:00;648,000;1,000;MESURE
2025-06-05 06:00:00+02:00;196,000;1,000;MESURE
2025-06-05 07:00:00+02:00;364,000;1,000;MESURE
2025-06-05 08:00:00+02:00;322,000;1,000;MESURE
2025-06-05 09:00:00+02:00;287,000;1,000;MESURE
2025-06-05 10:00:00+02:00;254,000;1,000;MESURE
2025-06-05 11:00:00+02:00;320,000;1,000;MESURE
2025-06-05 12:00:00+02:00;334,000;1,000;MESURE
2025-06-05 13:00:00+02:00;362,000;1,000;MESURE
2025-06-05 14:00:00+02:00;310,000;1,000;MESURE
2025-06-05 15:00:00+02:00;260,000;1,000;MESURE
2025-06-05 16:00:00+02:00;460,000;1,000;MESURE
2025-06-05 17:00:00+02:00;391,000;1,000;MESURE
2025-06-05 18:00:00+02:00;262,000;1,000;MESURE
2025-06-05 19:00:00+02:00;352,000;1,000;MESURE
2025-06-05 20:00:00+02:00;396,000;1,000;MESURE
2025-06-05 21:00:00+02:00;356,000;1,000;MESURE
2025-06-05 22:00:00+02:00;337,000;1,000;MESURE
2025-06-05 23:00:00+02:00;355,000;1,000;MESURE
2025-06-06 00:00:00+02:00;235,000;1,000;MESURE
2025-06-06 01:00:00+02:00;418,000;1,000;MESURE
2025-06-06 02:00:00+02:00;372,000;1,000;MESURE
2025-06-06 03:00:00+02:00;251,000;1,000;MESURE
2025-06-06 04:00:00+02:00;312,000;1,000;MESURE
2025-06-06 05:00:00+02:00;289,000;1,000;MESURE
2025-06-06 06:00:00+02:00;454,000;1,000;MESURE
2025-06-06 07:00:00+02:00;258,000;1,000;MESURE
2025-06-06 08:00:00+02:00;285,000;1,000;MESURE
2025-06-06 09:00:00+02:00;308,000;1,000;MESURE
2025-06-06 10:00:00+02:00;420,000;1,000;MESURE
2025-06-06 11:00:00+02:00;313,000;1,000;MESURE
2025-06-06 12:00:00+02:00;1724,000;1,000;MESURE
2025-06-06 13:00:00+02:00;823,000;1,000;MESURE
2025-06-06 14:00:00+02:00;415,000;1,000;MESURE
2025-06-06 15:00:00+02:00;348,000;1,000;MESURE
2025-06-06 16:00:00+02:00;394,000;1,000;MESURE
2025-06-06 17:00:00+02:00;330,000;1,000;MESURE
2025-06-06 18:00:00+02:00;378,000;1,000;MESURE
2025-06-06 19:00:00+02:00;444,000;1,000;MESURE
2025-06-06 20:00:00+02:00;342,000;1,000;MESURE
2025-06-06 21:00:00+02:00;322,000;1,000;MESURE
2025-06-06 22:00:00+02:00;359,000;1,000;MESURE
2025-06-06 23:00:00+02:00;420,000;1,000;MESURE
2025-06-07 00:00:00+02:00;352,000;1,000;MESURE
2025-06-07 01:00:00+02:00;285,000;1,000;MESURE
2025-06-07 02:00:00+02:00;327,000;1,000;MESURE
2025-06-07 03:00:00+02:00;375,000;1,000;MESURE
2025-06-07 04:00:00+02:00;319,000;1,000;MESURE
2025-06-07 05:00:00+02:00;330,000;1,000;MESURE
2025-06-07 06:00:00+02:00;269,000;1,000;MESURE
2025-06-07 07:00:00+02:00;358,000;1,000;MESURE
2025-06-07 08:00:00+02:00;905,000;1,000;MESURE
2025-06-07 09:00:00+02:00;844,000;1,000;MESURE
2025-06-07 10:00:00+02:00;766,000;1,000;MESURE
2025-06-07 11:00:00+02:00;2249,000;1,000;MESURE
2025-06-07 12:00:00+02:00;1331,000;1,000;MESURE
2025-06-07 13:00:00+02:00;873,000;1,000;MESURE
2025-06-07 14:00:00+02:00;1557,000;1,000;MESURE
2025-06-07 15:00:00+02:00;977,000;1,000;MESURE
2025-06-07 16:00:00+02:00;828,000;1,000;MESURE
2025-06-07 17:00:00+02:00;2213,000;1,000;MESURE
2025-06-07 18:00:00+02:00;1450,000;1,000;MESURE
2025-06-07 19:00:00+02:00;350,000;1,000;MESURE
2025-06-07 20:00:00+02:00;281,000;1,000;MESURE
2025-06-07 21:00:00+02:00;206,000;1,000;MESURE
2025-06-07 22:00:00+02:00;247,000;1,000;MESURE
2025-06-07 23:00:00+02:00;307,000;1,000;MESURE
2025-06-08 00:00:00+02:00;292,000;1,000;MESURE
2025-06-08 01:00:00+02:00;205,000;1,000;MESURE
2025-06-08 02:00:00+02:00;185,000;1,000;MESURE
2025-06-08 03:00:00+02:00;360,000;1,000;MESURE
2025-06-08 04:00:00+02:00;223,000;1,000;MESURE
2025-06-08 05:00:00+02:00;211,000;1,000;MESURE
2025-06-08 06:00:00+02:00;194,000;1,000;MESURE
2025-06-08 07:00:00+02:00;264,000;1,000;MESURE
2025-06-08 08:00:00+02:00;275,000;1,000;MESURE
2025-06-08 09:00:00+02:00;181,000;1,000;MESURE
2025-06-08 10:00:00+02:00;185,000;1,000;MESURE
2025-06-08 11:00:00+02:00;318,000;1,000;MESURE
2025-06-08 12:00:00+02:00;277,000;1,000;MESURE
2025-06-08 13:00:00+02:00;257,000;1,000;MESURE
2025-06-08 14:00:00+02:00;280,000;1,000;MESURE
2025-06-08 15:00:00+02:00;183,000;1,000;MESURE
2025-06-08 16:00:00+02:00;345,000;1,000;MESURE
2025-06-08 17:00:00+02:00;374,000;1,000;MESURE
2025-06-08 18:00:00+02:00;185,000;1,000;MESURE
2025-06-08 19:00:00+02:00;236,000;1,000;MESURE
2025-06-08 20:00:00+02:00;348,000;1,000;MESURE
2025-06-08 21:00:00+02:00;265,000;1,000;MESURE
2025-06-08 22:00:00+02:00;245,000;1,000;MESURE
2025-06-08 23:00:00+02:00;154,000;1,000;MESURE
2025-06-09 00:00:00+02:00;324,000;1,000;MESURE
2025-06-09 01:00:00+02:00;247,000;1,000;MESURE
2025-06-09 02:00:00+02:00;242,000;1,000;MESURE
2025-06-09 03:00:00+02:00;132,000;1,000;MESURE
2025-06-09 04:00:00+02:00;288,000;1,000;MESURE
2025-06-09 05:00:00+02:00;1363,000;1,000;MESURE
2025-06-09 06:00:00+02:00;1269,000;1,000;MESURE
2025-06-09 07:00:00+02:00;457,000;1,000;MESURE
2025-06-09 08:00:00+02:00;319,000;1,000;MESURE
2025-06-09 09:00:00+02:00;195,000;1,000;MESURE
2025-06-09 10:00:00+02:00;364,000;1,000;MESURE
2025-06-09 11:00:00+02:00;158,000;1,000;MESURE
2025-06-09 12:00:00+02:00;252,000;1,000;MESURE
2025-06-09 13:00:00+02:00;194,000;1,000;MESURE
2025-06-09 14:00:00+02:00;295,000;1,000;MESURE
2025-06-09 15:00:00+02:00;312,000;1,000;MESURE
2025-06-09 16:00:00+02:00;237,000;1,000;MESURE
2025-06-09 17:00:00+02:00;247,000;1,000;MESURE
2025-06-09 18:00:00+02:00;289,000;1,000;MESURE
2025-06-09 19:00:00+02:00;331,000;1,000;MESURE
2025-06-09 20:00:00+02:00;268,000;1,000;MESURE
2025-06-09 21:00:00+02:00;217,000;1,000;MESURE
2025-06-09 22:00:00+02:00;220,000;1,000;MESURE
2025-06-09 23:00:00+02:00;373,000;1,000;MESURE
2025-06-10 00:00:00+02:00;180,000;1,000;MESURE
2025-06-10 01:00:00+02:00;247,000;1,000;MESURE
2025-06-10 02:00:00+02:00;193,000;1,000;MESURE
2025-06-10 03:00:00+02:00;269,000;1,000;MESURE
2025-06-10 04:00:00+02:00;245,000;1,000;MESURE
2025-06-10 05:00:00+02:00;237,000;1,000;MESURE
2025-06-10 06:00:00+02:00;464,000;1,000;MESURE
2025-06-10 07:00:00+02:00;240,000;1,000;MESURE
2025-06-10 08:00:00+02:00;279,000;1,000;MESURE
2025-06-10 09:00:00+02:00;216,000;1,000;MESURE
2025-06-10 10:00:00+02:00;186,000;1,000;MESURE
2025-06-10 11:00:00+02:00;236,000;1,000;MESURE
2025-06-10 12:00:00+02:00;368,000;1,000;MESURE
2025-06-10 13:00:00+02:00;2110,000;1,000;MESURE
2025-06-10 14:00:00+02:00;293,000;1,000;MESURE
2025-06-10 15:00:00+02:00;247,000;1,000;MESURE
2025-06-10 16:00:00+02:00;271,000;1,000;MESURE
2025-06-10 17:00:00+02:00;390,000;1,000;MESURE
2025-06-10 18:00:00+02:00;334,000;1,000;MESURE
2025-06-10 19:00:00+02:00;281,000;1,000;MESURE
2025-06-10 20:00:00+02:00;256,000;1,000;MESURE
2025-06-10 21:00:00+02:00;308,000;1,000;MESURE
2025-06-10 22:00:00+02:00;387,000;1,000;MESURE
2025-06-10 23:00:00+02:00;269,000;1,000;MESURE
2025-06-11 00:00:00+02:00;174,000;1,000;MESURE
2025-06-11 01:00:00+02:00;280,000;1,000;MESURE
2025-06-11 02:00:00+02:00;325,000;1,000;MESURE
2025-06-11 03:00:00+02:00;228,000;1,000;MESURE
2025-06-11 04:00:00+02:00;163,000;1,000;MESURE
2025-06-11 05:00:00+02:00;256,000;1,000;MESURE
2025-06-11 06:00:00+02:00;283,000;1,000;MESURE
2025-06-11 07:00:00+02:00;240,000;1,000;MESURE
2025-06-11 08:00:00+02:00;131,000;1,000;MESURE
2025-06-11 09:00:00+02:00;1334,000;1,000;MESURE
2025-06-11 10:00:00+02:00;1936,000;1,000;MESURE
2025-06-11 11:00:00+02:00;273,000;1,000;MESURE
2025-06-11 12:00:00+02:00;237,000;1,000;MESURE
2025-06-11 13:00:00+02:00;270,000;1,000;MESURE
2025-06-11 14:00:00+02:00;262,000;1,000;MESURE
2025-06-11 15:00:00+02:00;404,000;1,000;MESURE
2025-06-11 16:00:00+02:00;376,000;1,000;MESURE
2025-06-11 17:00:00+02:00;220,000;1,000;MESURE
2025-06-11 18:00:00+02:00;278,000;1,000;MESURE
2025-06-11 19:00:00+02:00;433,000;1,000;MESURE
2025-06-11 20:00:00+02:00;376,000;1,000;MESURE
2025-06-11 21:00:00+02:00;311,000;1,000;MESURE
2025-06-11 22:00:00+02:00;243,000;1,000;MESURE
2025-06-11 23:00:00+02:00;268,000;1,000;MESURE
2025-06-12 00:00:00+02:00;407,000;1,000;MESURE
2025-06-12 01:00:00+02:00;253,000;1,000;MESURE
2025-06-12 02:00:00+02:00;246,000;1,000;MESURE
2025-06-12 03:00:00+02:00;213,000;1,000;MESURE
2025-06-12 04:00:00+02:00;333,000;1,000;MESURE
2025-06-12 05:00:00+02:00;211,000;1,000;MESURE
2025-06-12 06:00:00+02:00;289,000;1,000;MESURE
2025-06-12 07:00:00+02:00;163,000;1,000;MESURE
2025-06-12 08:00:00+02:00;296,000;1,000;MESURE
2025-06-12 09:00:00+02:00;332,000;1,000;MESURE
2025-06-12 10:00:00+02:00;198,000;1,000;MESURE
2025-06-12 11:00:00+02:00;244,000;1,000;MESURE
2025-06-12 12:00:00+02:00;360,000;1,000;MESURE
2025-06-12 13:00:00+02:00;355,000;1,000;MESURE
2025-06-12 14:00:00+02:00;289,000;1,000;MESURE
2025-06-12 15:00:00+02:00;337,000;1,000;MESURE
2025-06-12 16:00:00+02:00;322,000;1,000;MESURE
2025-06-12 17:00:00+02:00;346,000;1,000;MESURE
2025-06-12 18:00:00+02:00;442,000;1,000;MESURE
2025-06-12 19:00:00+02:00;398,000;1,000;MESURE
2025-06-12 20:00:00+02:00;313,000;1,000;MESURE
2025-06-12 21:00:00+02:00;291,000;1,000;MESURE
2025-06-12 22:00:00+02:00;321,000;1,000;MESURE
2025-06-12 23:00:00+02:00;418,000;1,000;MESURE
2025-06-13 00:00:00+02:00;325,000;1,000;MESURE
2025-06-13 01:00:00+02:00;193,000;1,000;MESURE
2025-06-13 02:00:00+02:00;303,000;1,000;MESURE
2025-06-13 03:00:00+02:00;2039,000;1,000;MESURE
2025-06-13 04:00:00+02:00;498,000;1,000;MESURE
2025-06-13 05:00:00+02:00;284,000;1,000;MESURE
2025-06-13 06:00:00+02:00;244,000;1,000;MESURE
2025-06-13 07:00:00+02:00;242,000;1,000;MESURE
2025-06-13 08:00:00+02:00;387,000;1,000;MESURE
2025-06-13 09:00:00+02:00;258,000;1,000;MESURE
2025-06-13 10:00:00+02:00;208,000;1,000;MESURE
2025-06-13 11:00:00+02:00;366,000;1,000;MESURE
2025-06-13 12:00:00+02:00;394,000;1,000;MESURE
2025-06-13 13:00:00+02:00;303,000;1,000;MESURE
2025-06-13 14:00:00+02:00;330,000;1,000;MESURE
2025-06-13 15:00:00+02:00;310,000;1,000;MESURE
2025-06-13 16:00:00+02:00;410,000;1,000;MESURE
2025-06-13 17:00:00+02:00;447,000;1,000;MESURE
2025-06-13 18:00:00+02:00;415,000;1,000;MESURE
2025-06-13 19:00:00+02:00;384,000;1,000;MESURE
2025-06-13 20:00:00+02:00;469,000;1,000;MESURE
2025-06-13 21:00:00+02:00;308,000;1,000;MESURE
2025-06-13 22:00:00+02:00;277,000;1,000;MESURE
2025-06-13 23:00:00+02:00;328,000;1,000;MESURE
2025-06-14 00:00:00+02:00;361,000;1,000;MESURE
2025-06-14 01:00:00+02:00;343,000;1,000;MESURE
2025-06-14 02:00:00+02:00;303,000;1,000;MESURE
2025-06-14 03:00:00+02:00;263,000;1,000;MESURE
2025-06-14 04:00:00+02:00;298,000;1,000;MESURE
2025-06-14 05:00:00+02:00;333,000;1,000;MESURE
2025-06-14 06:00:00+02:00;275,000;1,000;MESURE
2025-06-14 07:00:00+02:00;244,000;1,000;MESURE
2025-06-14 08:00:00+02:00;792,000;1,000;MESURE
2025-06-14 09:00:00+02:00;431,000;1,000;MESURE
2025-06-14 10:00:00+02:00;503,000;1,000;MESURE
2025-06-14 11:00:00+02:00;352,000;1,000;MESURE
2025-06-14 12:00:00+02:00;2462,000;1,000;MESURE
2025-06-14 13:00:00+02:00;870,000;1,000;MESURE
2025-06-14 14:00:00+02:00;797,000;1,000;MESURE
2025-06-14 15:00:00+02:00;665,000;1,000;MESURE
2025-06-14 16:00:00+02:00;411,000;1,000;MESURE
2025-06-14 17:00:00+02:00;423,000;1,000;MESURE
2025-06-14 18:00:00+02:00;393,000;1,000;MESURE
2025-06-14 19:00:00+02:00;455,000;1,000;MESURE
2025-06-14 20:00:00+02:00;472,000;1,000;MESURE
2025-06-14 21:00:00+02:00;337,000;1,000;MESURE
2025-06-14 22:00:00+02:00;289,000;1,000;MESURE
2025-06-14 23:00:00+02:00;267,000;1,000;MESURE
2025-06-15 00:00:00+02:00;377,000;1,000;MESURE
2025-06-15 01:00:00+02:00;379,000;1,000;MESURE
2025-06-15 02:00:00+02:00;212,000;1,000;MESURE
2025-06-15 03:00:00+02:00;266,000;1,000;MESURE
2025-06-15 04:00:00+02:00;336,000;1,000;MESURE
2025-06-15 05:00:00+02:00;317,000;1,000;MESURE
2025-06-15 06:00:00+02:00;253,000;1,000;MESURE
2025-06-15 07:00:00+02:00;219,000;1,000;MESURE
2025-06-15 08:00:00+02:00;283,000;1,000;MESURE
2025-06-15 09:00:00+02:00;371,000;1,000;MESURE
2025-06-15 10:00:00+02:00;283,000;1,000;MESURE
2025-06-15 11:00:00+02:00;240,000;1,000;MESURE
2025-06-15 12:00:00+02:00;261,000;1,000;MESURE
2025-06-15 13:00:00+02:00;373,000;1,000;MESURE
2025-06-15 14:00:00+02:00;327,000;1,000;MESURE
2025-06-15 15:00:00+02:00;198,000;1,000;MESURE
2025-06-15 16:00:00+02:00;267,000;1,000;MESURE
2025-06-15 17:00:00+02:00;422,000;1,000;MESURE
2025-06-15 18:00:00+02:00;273,000;1,000;MESURE
2025-06-15 19:00:00+02:00;868,000;1,000;MESURE
2025-06-15 20:00:00+02:00;1368,000;1,000;MESURE
2025-06-15 21:00:00+02:00;334,000;1,000;MESURE
2025-06-15 22:00:00+02:00;216,000;1,000;MESURE
2025-06-15 23:00:00+02:00;317,000;1,000;MESURE
2025-06-16 00:00:00+02:00;200,000;1,000;MESURE
2025-06-16 01:00:00+02:00;290,000;1,000;MESURE
2025-06-16 02:00:00+02:00;314,000;1,000;MESURE
2025-06-16 03:00:00+02:00;183,000;1,000;MESURE
2025-06-16 04:00:00+02:00;220,000;1,000;MESURE
2025-06-16 05:00:00+02:00;250,000;1,000;MESURE
2025-06-16 06:00:00+02:00;319,000;1,000;MESURE
2025-06-16 07:00:00+02:00;167,000;1,000;MESURE
2025-06-16 08:00:00+02:00;207,000;1,000;MESURE
2025-06-16 09:00:00+02:00;366,000;1,000;MESURE
2025-06-16 10:00:00+02:00;327,000;1,000;MESURE
2025-06-16 11:00:00+02:00;157,000;1,000;MESURE
2025-06-16 12:00:00+02:00;246,000;1,000;MESURE
2025-06-16 13:00:00+02:00;319,000;1,000;MESURE
2025-06-16 14:00:00+02:00;311,000;1,000;MESURE
2025-06-16 15:00:00+02:00;227,000;1,000;MESURE
2025-06-16 16:00:00+02:00;216,000;1,000;MESURE
2025-06-16 17:00:00+02:00;361,000;1,000;MESURE
2025-06-16 18:00:00+02:00;366,000;1,000;MESURE
2025-06-16 19:00:00+02:00;243,000;1,000;MESURE
2025-06-16 20:00:00+02:00;248,000;1,000;MESURE
2025-06-16 21:00:00+02:00;292,000;1,000;MESURE
2025-06-16 22:00:00+02:00;348,000;1,000;MESURE
2025-06-16 23:00:00+02:00;220,000;1,000;MESURE
2025-06-17 00:00:00+02:00;270,000;1,000;MESURE
2025-06-17 01:00:00+02:00;202,000;1,000;MESURE
2025-06-17 02:00:00+02:00;337,000;1,000;MESURE
2025-06-17 03:00:00+02:00;241,000;1,000;MESURE
2025-06-17 04:00:00+02:00;1367,000;1,000;MESURE
2025-06-17 05:00:00+02:00;877,000;1,000;MESURE
2025-06-17 06:00:00+02:00;391,000;1,000;MESURE
2025-06-17 07:00:00+02:00;141,000;1,000;MESURE
2025-06-17 08:00:00+02:00;254,000;1,000;MESURE
2025-06-17 09:00:00+02:00;134,000;1,000;MESURE
2025-06-17 10:00:00+02:00;394,000;1,000;MESURE
2025-06-17 11:00:00+02:00;259,000;1,000;MESURE
2025-06-17 12:00:00+02:00;173,000;1,000;MESURE
2025-06-17 13:00:00+02:00;280,000;1,000;MESURE
2025-06-17 14:00:00+02:00;399,000;1,000;MESURE
2025-06-17 15:00:00+02:00;289,000;1,000;MESURE
2025-06-17 16:00:00+02:00;253,000;1,000;MESURE
2025-06-17 17:00:00+02:00;335,000;1,000;MESURE
2025-06-17 18:00:00+02:00;679,000;1,000;MESURE
2025-06-17 19:00:00+02:00;595,000;1,000;MESURE
2025-06-17 20:00:00+02:00;404,000;1,000;MESURE
2025-06-17 21:00:00+02:00;395,000;1,000;MESURE
2025-06-17 22:00:00+02:00;414,000;1,000;MESURE
2025-06-17 23:00:00+02:00;441,000;1,000;MESURE
2025-06-18 00:00:00+02:00;380,000;1,000;MESURE
2025-06-18 01:00:00+02:00;328,000;1,000;MESURE
2025-06-18 02:00:00+02:00;323,000;1,000;MESURE
2025-06-18 03:00:00+02:00;422,000;1,000;MESURE
2025-06-18 04:00:00+02:00;347,000;1,000;MESURE
2025-06-18 05:00:00+02:00;275,000;1,000;MESURE
2025-06-18 06:00:00+02:00;271,000;1,000;MESURE
2025-06-18 07:00:00+02:00;378,000;1,000;MESURE
2025-06-18 08:00:00+02:00;231,000;1,000;MESURE
2025-06-18 09:00:00+02:00;273,000;1,000;MESURE
2025-06-18 10:00:00+02:00;318,000;1,000;MESURE
2025-06-18 11:00:00+02:00;428,000;1,000;MESURE
2025-06-18 12:00:00+02:00;352,000;1,000;MESURE
2025-06-18 13:00:00+02:00;325,000;1,000;MESURE
2025-06-18 14:00:00+02:00;378,000;1,000;MESURE
2025-06-18 15:00:00+02:00;2391,000;1,000;MESURE
2025-06-18 16:00:00+02:00;454,000;1,000;MESURE
2025-06-18 17:00:00+02:00;434,000;1,000;MESURE
2025-06-18 18:00:00+02:00;318,000;1,000;MESURE
2025-06-18 19:00:00+02:00;400,000;1,000;MESURE
2025-06-18 20:00:00+02:00;454,000;1,000;MESURE
2025-06-18 21:00:00+02:00;324,000;1,000;MESURE
2025-06-18 22:00:00+02:00;247,000;1,000;MESURE
2025-06-18 23:00:00+02:00;322,000;1,000;MESURE
2025-06-19 00:00:00+02:00;263,000;1,000;MESURE
2025-06-19 01:00:00+02:00;379,000;1,000;MESURE
2025-06-19 02:00:00+02:00;291,000;1,000;MESURE
2025-06-19 03:00:00+02:00;158,000;1,000;MESURE
2025-06-19 04:00:00+02:00;357,000;1,000;MESURE
2025-06-19 05:00:00+02:00;320,000;1,000;MESURE
2025-06-19 06:00:00+02:00;151,000;1,000;MESURE
2025-06-19 07:00:00+02:00;312,000;1,000;MESURE
2025-06-19 08:00:00+02:00;239,000;1,000;MESURE
2025-06-19 09:00:00+02:00;325,000;1,000;MESURE
2025-06-19 10:00:00+02:00;257,000;1,000;MESURE
2025-06-19 11:00:00+02:00;222,000;1,000;MESURE
2025-06-19 12:00:00+02:00;366,000;1,000;MESURE
2025-06-19 13:00:00+02:00;358,000;1,000;MESURE
2025-06-19 14:00:00+02:00;341,000;1,000;MESURE
2025-06-19 15:00:00+02:00;341,000;1,000;MESURE
2025-06-19 16:00:00+02:00;328,000;1,000;MESURE
2025-06-19 17:00:00+02:00;534,000;1,000;MESURE
2025-06-19 18:00:00+02:00;389,000;1,000;MESURE
2025-06-19 19:00:00+02:00;318,000;1,000;MESURE
2025-06-19 20:00:00+02:00;489,000;1,000;MESURE
2025-06-19 21:00:00+02:00;314,000;1,000;MESURE
2025-06-19 22:00:00+02:00;229,000;1,000;MESURE
2025-06-19 23:00:00+02:00;382,000;1,000;MESURE
2025-06-20 00:00:00+02:00;372,000;1,000;MESURE
2025-06-20 01:00:00+02:00;246,000;1,000;MESURE
2025-06-20 02:00:00+02:00;288,000;1,000;MESURE
2025-06-20 03:00:00+02:00;265,000;1,000;MESURE
2025-06-20 04:00:00+02:00;336,000;1,000;MESURE
2025-06-20 05:00:00+02:00;307,000;1,000;MESURE
2025-06-20 06:00:00+02:00;145,000;1,000;MESURE
2025-06-20 07:00:00+02:00;1764,000;1,000;MESURE
2025-06-20 08:00:00+02:00;1002,000;1,000;MESURE
2025-06-20 09:00:00+02:00;160,000;1,000;MESURE
2025-06-20 10:00:00+02:00;313,000;1,000;MESURE
2025-06-20 11:00:00+02:00;377,000;1,000;MESURE
2025-06-20 12:00:00+02:00;283,000;1,000;MESURE
2025-06-20 13:00:00+02:00;422,000;1,000;MESURE
2025-06-20 14:00:00+02:00;356,000;1,000;MESURE
2025-06-20 15:00:00+02:00;360,000;1,000;MESURE
2025-06-20 16:00:00+02:00;519,000;1,000;MESURE
2025-06-20 17:00:00+02:00;484,000;1,000;MESURE
2025-06-20 18:00:00+02:00;445,000;1,000;MESURE
2025-06-20 19:00:00+02:00;502,000;1,000;MESURE
2025-06-20 20:00:00+02:00;301,000;1,000;MESURE
2025-06-20 21:00:00+02:00;293,000;1,000;MESURE
2025-06-20 22:00:00+02:00;374,000;1,000;MESURE
2025-06-20 23:00:00+02:00;230,000;1,000;MESURE
2025-06-21 00:00:00+02:00;376,000;1,000;MESURE
2025-06-21 01:00:00+02:00;382,000;1,000;MESURE
2025-06-21 02:00:00+02:00;165,000;1,000;MESURE
2025-06-21 03:00:00+02:00;297,000;1,000;MESURE
2025-06-21 04:00:00+02:00;365,000;1,000;MESURE
2025-06-21 05:00:00+02:00;218,000;1,000;MESURE
2025-06-21 06:00:00+02:00;309,000;1,000;MESURE
2025-06-21 07:00:00+02:00;222,000;1,000;MESURE
2025-06-21 08:00:00+02:00;467,000;1,000;MESURE
2025-06-21 09:00:00+02:00;396,000;1,000;MESURE
2025-06-21 10:00:00+02:00;251,000;1,000;MESURE
2025-06-21 11:00:00+02:00;771,000;1,000;MESURE
2025-06-21 12:00:00+02:00;1568,000;1,000;MESURE
2025-06-21 13:00:00+02:00;464,000;1,000;MESURE
2025-06-21 14:00:00+02:00;2721,000;1,000;MESURE
2025-06-21 15:00:00+02:00;2074,000;1,000;MESURE
2025-06-21 16:00:00+02:00;513,000;1,000;MESURE
2025-06-21 17:00:00+02:00;440,000;1,000;MESURE
2025-06-21 18:00:00+02:00;484,000;1,000;MESURE
2025-06-21 19:00:00+02:00;504,000;1,000;MESURE
2025-06-21 20:00:00+02:00;423,000;1,000;MESURE
2025-06-21 21:00:00+02:00;291,000;1,000;MESURE
2025-06-21 22:00:00+02:00;373,000;1,000;MESURE
2025-06-21 23:00:00+02:00;362,000;1,000;MESURE
2025-06-22 00:00:00+02:00;181,000;1,000;MESURE
2025-06-22 01:00:00+02:00;432,000;1,000;MESURE
2025-06-22 02:00:00+02:00;398,000;1,000;MESURE
2025-06-22 03:00:00+02:00;196,000;1,000;MESURE
2025-06-22 04:00:00+02:00;327,000;1,000;MESURE
2025-06-22 05:00:00+02:00;284,000;1,000;MESURE
2025-06-22 06:00:00+02:00;268,000;1,000;MESURE
2025-06-22 07:00:00+02:00;390,000;1,000;MESURE
2025-06-22 08:00:00+02:00;201,000;1,000;MESURE
2025-06-22 09:00:00+02:00;254,000;1,000;MESURE
2025-06-22 10:00:00+02:00;470,000;1,000;MESURE
2025-06-22 11:00:00+02:00;366,000;1,000;MESURE
2025-06-22 12:00:00+02:00;205,000;1,000;MESURE
2025-06-22 13:00:00+02:00;403,000;1,000;MESURE
2025-06-22 14:00:00+02:00;436,000;1,000;MESURE
2025-06-22 15:00:00+02:00;463,000;1,000;MESURE
2025-06-22 16:00:00+02:00;521,000;1,000;MESURE
2025-06-22 17:00:00+02:00;474,000;1,000;MESURE
2025-06-22 18:00:00+02:00;481,000;1,000;MESURE
2025-06-22 19:00:00+02:00;525,000;1,000;MESURE
2025-06-22 20:00:00+02:00;464,000;1,000;MESURE
2025-06-22 21:00:00+02:00;383,000;1,000;MESURE
2025-06-22 22:00:00+02:00;365,000;1,000;MESURE
2025-06-22 23:00:00+02:00;380,000;1,000;MESURE
2025-06-23 00:00:00+02:00;364,000;1,000;MESURE
2025-06-23 01:00:00+02:00;221,000;1,000;MESURE
2025-06-23 02:00:00+02:00;377,000;1,000;MESURE
2025-06-23 03:00:00+02:00;440,000;1,000;MESURE
2025-06-23 04:00:00+02:00;214,000;1,000;MESURE
2025-06-23 05:00:00+02:00;286,000;1,000;MESURE
2025-06-23 06:00:00+02:00;311,000;1,000;MESURE
2025-06-23 07:00:00+02:00;286,000;1,000;MESURE
2025-06-23 08:00:00+02:00;374,000;1,000;MESURE
2025-06-23 09:00:00+02:00;243,000;1,000;MESURE
2025-06-23 10:00:00+02:00;260,000;1,000;MESURE
2025-06-23 11:00:00+02:00;410,000;1,000;MESURE
2025-06-23 12:00:00+02:00;355,000;1,000;MESURE
2025-06-23 13:00:00+02:00;345,000;1,000;MESURE
2025-06-23 14:00:00+02:00;365,000;1,000;MESURE
2025-06-23 15:00:00+02:00;452,000;1,000;MESURE
2025-06-23 16:00:00+02:00;2132,000;1,000;MESURE
2025-06-23 17:00:00+02:00;756,000;1,000;MESURE
2025-06-23 18:00:00+02:00;385,000;1,000;MESURE
2025-06-23 19:00:00+02:00;310,000;1,000;MESURE
2025-06-23 20:00:00+02:00;469,000;1,000;MESURE
2025-06-23 21:00:00+02:00;462,000;1,000;MESURE
2025-06-23 22:00:00+02:00;193,000;1,000;MESURE
2025-06-23 23:00:00+02:00;330,000;1,000;MESURE
2025-06-24 00:00:00+02:00;404,000;1,000;MESURE
2025-06-24 01:00:00+02:00;280,000;1,000;MESURE
2025-06-24 02:00:00+02:00;388,000;1,000;MESURE
2025-06-24 03:00:00+02:00;223,000;1,000;MESURE
2025-06-24 04:00:00+02:00;199,000;1,000;MESURE
2025-06-24 05:00:00+02:00;463,000;1,000;MESURE
2025-06-24 06:00:00+02:00;195,000;1,000;MESURE
2025-06-24 07:00:00+02:00;196,000;1,000;MESURE
2025-06-24 08:00:00+02:00;290,000;1,000;MESURE
2025-06-24 09:00:00+02:00;314,000;1,000;MESURE
2025-06-24 10:00:00+02:00;351,000;1,000;MESURE
2025-06-24 11:00:00+02:00;231,000;1,000;MESURE
2025-06-24 12:00:00+02:00;269,000;1,000;MESURE
2025-06-24 13:00:00+02:00;445,000;1,000;MESURE
2025-06-24 14:00:00+02:00;352,000;1,000;MESURE
2025-06-24 15:00:00+02:00;383,000;1,000;MESURE
2025-06-24 16:00:00+02:00;431,000;1,000;MESURE
2025-06-24 17:00:00+02:00;360,000;1,000;MESURE
2025-06-24 18:00:00+02:00;459,000;1,000;MESURE
2025-06-24 19:00:00+02:00;411,000;1,000;MESURE
2025-06-24 20:00:00+02:00;326,000;1,000;MESURE
2025-06-24 21:00:00+02:00;442,000;1,000;MESURE
2025-06-24 22:00:00+02:00;305,000;1,000;MESURE
2025-06-24 23:00:00+02:00;210,000;1,000;MESURE
2025-06-25 00:00:00+02:00;367,000;1,000;MESURE
2025-06-25 01:00:00+02:00;316,000;1,000;MESURE
2025-06-25 02:00:00+02:00;281,000;1,000;MESURE
2025-06-25 03:00:00+02:00;323,000;1,000;MESURE
2025-06-25 04:00:00+02:00;159,000;1,000;MESURE
2025-06-25 05:00:00+02:00;320,000;1,000;MESURE
2025-06-25 06:00:00+02:00;358,000;1,000;MESURE
2025-06-25 07:00:00+02:00;153,000;1,000;MESURE
2025-06-25 08:00:00+02:00;263,000;1,000;MESURE
2025-06-25 09:00:00+02:00;303,000;1,000;MESURE
2025-06-25 10:00:00+02:00;1784,000;1,000;MESURE
2025-06-25 11:00:00+02:00;883,000;1,000;MESURE
2025-06-25 12:00:00+02:00;189,000;1,000;MESURE
2025-06-25 13:00:00+02:00;424,000;1,000;MESURE
2025-06-25 14:00:00+02:00;447,000;1,000;MESURE
2025-06-25 15:00:00+02:00;429,000;1,000;MESURE
2025-06-25 16:00:00+02:00;514,000;1,000;MESURE
2025-06-25 17:00:00+02:00;466,000;1,000;MESURE
2025-06-25 18:00:00+02:00;438,000;1,000;MESURE
2025-06-25 19:00:00+02:00;407,000;1,000;MESURE
2025-06-25 20:00:00+02:00;380,000;1,000;MESURE
2025-06-25 21:00:00+02:00;449,000;1,000;MESURE
2025-06-25 22:00:00+02:00;389,000;1,000;MESURE
2025-06-25 23:00:00+02:00;254,000;1,000;MESURE
2025-06-26 00:00:00+02:00;343,000;1,000;MESURE
2025-06-26 01:00:00+02:00;314,000;1,000;MESURE
2025-06-26 02:00:00+02:00;378,000;1,000;MESURE
2025-06-26 03:00:00+02:00;396,000;1,000;MESURE
2025-06-26 04:00:00+02:00;187,000;1,000;MESURE
2025-06-26 05:00:00+02:00;314,000;1,000;MESURE
2025-06-26 06:00:00+02:00;302,000;1,000;MESURE
2025-06-26 07:00:00+02:00;274,000;1,000;MESURE
2025-06-26 08:00:00+02:00;406,000;1,000;MESURE
2025-06-26 09:00:00+02:00;192,000;1,000;MESURE
2025-06-26 10:00:00+02:00;279,000;1,000;MESURE
2025-06-26 11:00:00+02:00;456,000;1,000;MESURE
2025-06-26 12:00:00+02:00;236,000;1,000;MESURE
2025-06-26 13:00:00+02:00;314,000;1,000;MESURE
2025-06-26 14:00:00+02:00;361,000;1,000;MESURE
2025-06-26 15:00:00+02:00;347,000;1,000;MESURE
2025-06-26 16:00:00+02:00;411,000;1,000;MESURE
2025-06-26 17:00:00+02:00;476,000;1,000;MESURE
2025-06-26 18:00:00+02:00;370,000;1,000;MESURE
2025-06-26 19:00:00+02:00;240,000;1,000;MESURE
2025-06-26 20:00:00+02:00;322,000;1,000;MESURE
2025-06-26 21:00:00+02:00;424,000;1,000;MESURE
2025-06-26 22:00:00+02:00;340,000;1,000;MESURE
2025-06-26 23:00:00+02:00;271,000;1,000;MESURE
2025-06-27 00:00:00+02:00;258,000;1,000;MESURE
2025-06-27 01:00:00+02:00;284,000;1,000;MESURE
2025-06-27 02:00:00+02:00;395,000;1,000;MESURE
2025-06-27 03:00:00+02:00;207,000;1,000;MESURE
2025-06-27 04:00:00+02:00;229,000;1,000;MESURE
2025-06-27 05:00:00+02:00;1224,000;1,000;MESURE
2025-06-27 06:00:00+02:00;1362,000;1,000;MESURE
2025-06-27 07:00:00+02:00;262,000;1,000;MESURE
2025-06-27 08:00:00+02:00;283,000;1,000;MESURE
2025-06-27 09:00:00+02:00;196,000;1,000;MESURE
2025-06-27 10:00:00+02:00;411,000;1,000;MESURE
2025-06-27 11:00:00+02:00;287,000;1,000;MESURE
2025-06-27 12:00:00+02:00;258,000;1,000;MESURE
2025-06-27 13:00:00+02:00;324,000;1,000;MESURE
2025-06-27 14:00:00+02:00;415,000;1,000;MESURE
2025-06-27 15:00:00+02:00;322,000;1,000;MESURE
2025-06-27 16:00:00+02:00;400,000;1,000;MESURE
2025-06-27 17:00:00+02:00;395,000;1,000;MESURE
2025-06-27 18:00:00+02:00;326,000;1,000;MESURE
2025-06-27 19:00:00+02:00;326,000;1,000;MESURE
2025-06-27 20:00:00+02:00;439,000;1,000;MESURE
2025-06-27 21:00:00+02:00;433,000;1,000;MESURE
2025-06-27 22:00:00+02:00;235,000;1,000;MESURE
2025-06-27 23:00:00+02:00;295,000;1,000;MESURE
2025-06-28 00:00:00+02:00;346,000;1,000;MESURE
2025-06-28 01:00:00+02:00;304,000;1,000;MESURE
2025-06-28 02:00:00+02:00;343,000;1,000;MESURE
2025-06-28 03:00:00+02:00;208,000;1,000;MESURE
2025-06-28 04:00:00+02:00;224,000;1,000;MESURE
2025-06-28 05:00:00+02:00;450,000;1,000;MESURE
2025-06-28 06:00:00+02:00;187,000;1,000;MESURE
2025-06-28 07:00:00+02:00;241,000;1,000;MESURE
2025-06-28 08:00:00+02:00;287,000;1,000;MESURE
2025-06-28 09:00:00+02:00;293,000;1,000;MESURE
2025-06-28 10:00:00+02:00;366,000;1,000;MESURE
2025-06-28 11:00:00+02:00;345,000;1,000;MESURE
2025-06-28 12:00:00+02:00;234,000;1,000;MESURE
2025-06-28 13:00:00+02:00;380,000;1,000;MESURE
2025-06-28 14:00:00+02:00;476,000;1,000;MESURE
2025-06-28 15:00:00+02:00;461,000;1,000;MESURE
2025-06-28 16:00:00+02:00;431,000;1,000;MESURE
2025-06-28 17:00:00+02:00;467,000;1,000;MESURE
2025-06-28 18:00:00+02:00;510,000;1,000;MESURE
2025-06-28 19:00:00+02:00;449,000;1,000;MESURE
2025-06-28 20:00:00+02:00;482,000;1,000;MESURE
2025-06-28 21:00:00+02:00;314,000;1,000;MESURE
2025-06-28 22:00:00+02:00;179,000;1,000;MESURE
2025-06-28 23:00:00+02:00;2386,000;1,000;MESURE
2025-06-29 00:00:00+02:00;482,000;1,000;MESURE
2025-06-29 01:00:00+02:00;273,000;1,000;MESURE
2025-06-29 02:00:00+02:00;362,000;1,000;MESURE
2025-06-29 03:00:00+02:00;218,000;1,000;MESURE
2025-06-29 04:00:00+02:00;215,000;1,000;MESURE
2025-06-29 05:00:00+02:00;480,000;1,000;MESURE
2025-06-29 06:00:00+02:00;215,000;1,000;MESURE
2025-06-29 07:00:00+02:00;207,000;1,000;MESURE
2025-06-29 08:00:00+02:00;374,000;1,000;MESURE
2025-06-29 09:00:00+02:00;277,000;1,000;MESURE
2025-06-29 10:00:00+02:00;354,000;1,000;MESURE
2025-06-29 11:00:00+02:00;381,000;1,000;MESURE
2025-06-29 12:00:00+02:00;341,000;1,000;MESURE
2025-06-29 13:00:00+02:00;444,000;1,000;MESURE
2025-06-29 14:00:00+02:00;525,000;1,000;MESURE
2025-06-29 15:00:00+02:00;379,000;1,000;MESURE
2025-06-29 16:00:00+02:00;337,000;1,000;MESURE
2025-06-29 17:00:00+02:00;519,000;1,000;MESURE
2025-06-29 18:00:00+02:00;448,000;1,000;MESURE
2025-06-29 19:00:00+02:00;451,000;1,000;MESURE
2025-06-29 20:00:00+02:00;541,000;1,000;MESURE
2025-06-29 21:00:00+02:00;495,000;1,000;MESURE
2025-06-29 22:00:00+02:00;325,000;1,000;MESURE
2025-06-29 23:00:00+02:00;336,000;1,000;MESURE
2025-06-30 00:00:00+02:00;408,000;1,000;MESURE
2025-06-30 01:00:00+02:00;216,000;1,000;MESURE
2025-06-30 02:00:00+02:00;299,000;1,000;MESURE
2025-06-30 03:00:00+02:00;469,000;1,000;MESURE
2025-06-30 04:00:00+02:00;270,000;1,000;MESURE
2025-06-30 05:00:00+02:00;298,000;1,000;MESURE
2025-06-30 06:00:00+02:00;278,000;1,000;MESURE
2025-06-30 07:00:00+02:00;223,000;1,000;MESURE
2025-06-30 08:00:00+02:00;452,000;1,000;MESURE
2025-06-30 09:00:00+02:00;398,000;1,000;MESURE
2025-06-30 10:00:00+02:00;200,000;1,000;MESURE
2025-06-30 11:00:00+02:00;338,000;1,000;MESURE
2025-06-30 12:00:00+02:00;481,000;1,000;MESURE
2025-06-30 13:00:00+02:00;445,000;1,000;MESURE
2025-06-30 14:00:00+02:00;521,000;1,000;MESURE
2025-06-30 15:00:00+02:00;469,000;1,000;MESURE
2025-06-30 16:00:00+02:00;463,000;1,000;MESURE
2025-06-30 17:00:00+02:00;534,000;1,000;MESURE
2025-06-30 18:00:00+02:00;512,000;1,000;MESURE
2025-06-30 19:00:00+02:00;467,000;1,000;MESURE
2025-06-30 20:00:00+02:00;514,000;1,000;MESURE
2025-06-30 21:00:00+02:00;507,000;1,000;MESURE
2025-06-30 22:00:00+02:00;373,000;1,000;MESURE
2025-06-30 23:00:00+02:00;2307,000;1,000;MESURE
2025-07-01 00:00:00+02:00;511,000;1,000;MESURE
2025-07-01 01:00:00+02:00;307,000;1,000;MESURE
2025-07-01 02:00:00+02:00;259,000;1,000;MESURE
2025-07-01 03:00:00+02:00;346,000;1,000;MESURE
2025-07-01 04:00:00+02:00;390,000;1,000;MESURE
2025-07-01 05:00:00+02:00;315,000;1,000;MESURE
2025-07-01 06:00:00+02:00;296,000;1,000;MESURE
2025-07-01 07:00:00+02:00;220,000;1,000;MESURE
2025-07-01 08:00:00+02:00;351,000;1,000;MESURE
2025-07-01 09:00:00+02:00;424,000;1,000;MESURE
2025-07-01 10:00:00+02:00;401,000;1,000;MESURE
2025-07-01 11:00:00+02:00;396,000;1,000;MESURE
2025-07-01 12:00:00+02:00;196,000;1,000;MESURE
2025-07-01 13:00:00+02:00;374,000;1,000;MESURE
2025-07-01 14:00:00+02:00;524,000;1,000;MESURE
2025-07-01 15:00:00+02:00;529,000;1,000;MESURE
2025-07-01 16:00:00+02:00;468,000;1,000;MESURE
2025-07-01 17:00:00+02:00;521,000;1,000;MESURE
2025-07-01 18:00:00+02:00;488,000;1,000;MESURE
2025-07-01 19:00:00+02:00;456,000;1,000;MESURE
2025-07-01 20:00:00+02:00;452,000;1,000;MESURE
2025-07-01 21:00:00+02:00;465,000;1,000;MESURE
2025-07-01 22:00:00+02:00;355,000;1,000;MESURE
2025-07-01 23:00:00+02:00;362,000;1,000;MESURE
2025-07-02 00:00:00+02:00;422,000;1,000;MESURE
2025-07-02 01:00:00+02:00;235,000;1,000;MESURE
2025-07-02 02:00:00+02:00;250,000;1,000;MESURE
2025-07-02 03:00:00+02:00;397,000;1,000;MESURE
2025-07-02 04:00:00+02:00;290,000;1,000;MESURE
2025-07-02 05:00:00+02:00;351,000;1,000;MESURE
2025-07-02 06:00:00+02:00;274,000;1,000;MESURE
2025-07-02 07:00:00+02:00;164,000;1,000;MESURE
2025-07-02 08:00:00+02:00;377,000;1,000;MESURE
2025-07-02 09:00:00+02:00;379,000;1,000;MESURE
2025-07-02 10:00:00+02:00;291,000;1,000;MESURE
2025-07-02 11:00:00+02:00;331,000;1,000;MESURE
2025-07-02 12:00:00+02:00;372,000;1,000;MESURE
2025-07-02 13:00:00+02:00;469,000;1,000;MESURE
2025-07-02 14:00:00+02:00;327,000;1,000;MESURE
2025-07-02 15:00:00+02:00;431,000;1,000;MESURE
2025-07-02 16:00:00+02:00;455,000;1,000;MESURE
2025-07-02 17:00:00+02:00;468,000;1,000;MESURE
2025-07-02 18:00:00+02:00;554,000;1,000;MESURE
2025-07-02 19:00:00+02:00;491,000;1,000;MESURE
2025-07-02 20:00:00+02:00;483,000;1,000;MESURE
2025-07-02 21:00:00+02:00;360,000;1,000;MESURE
2025-07-02 22:00:00+02:00;400,000;1,000;MESURE
2025-07-02 23:00:00+02:00;448,000;1,000;MESURE
2025-07-03 00:00:00+02:00;805,000;1,000;MESURE
2025-07-03 01:00:00+02:00;1896,000;1,000;MESURE
2025-07-03 02:00:00+02:00;345,000;1,000;MESURE
2025-07-03 03:00:00+02:00;228,000;1,000;MESURE
2025-07-03 04:00:00+02:00;363,000;1,000;MESURE
2025-07-03 05:00:00+02:00;421,000;1,000;MESURE
2025-07-03 06:00:00+02:00;260,000;1,000;MESURE
2025-07-03 07:00:00+02:00;303,000;1,000;MESURE
2025-07-03 08:00:00+02:00;243,000;1,000;MESURE
2025-07-03 09:00:00+02:00;344,000;1,000;MESURE
2025-07-03 10:00:00+02:00;423,000;1,000;MESURE
2025-07-03 11:00:00+02:00;286,000;1,000;MESURE
2025-07-03 12:00:00+02:00;248,000;1,000;MESURE
2025-07-03 13:00:00+02:00;396,000;1,000;MESURE
2025-07-03 14:00:00+02:00;425,000;1,000;MESURE
2025-07-03 15:00:00+02:00;318,000;1,000;MESURE
2025-07-03 16:00:00+02:00;405,000;1,000;MESURE
2025-07-03 17:00:00+02:00;470,000;1,000;MESURE
2025-07-03 18:00:00+02:00;380,000;1,000;MESURE
2025-07-03 19:00:00+02:00;226,000;1,000;MESURE
2025-07-03 20:00:00+02:00;388,000;1,000;MESURE
2025-07-03 21:00:00+02:00;359,000;1,000;MESURE
2025-07-03 22:00:00+02:00;325,000;1,000;MESURE
2025-07-03 23:00:00+02:00;431,000;1,000;MESURE
2025-07-04 00:00:00+02:00;282,000;1,000;MESURE
2025-07-04 01:00:00+02:00;200,000;1,000;MESURE
2025-07-04 02:00:00+02:00;362,000;1,000;MESURE
2025-07-04 03:00:00+02:00;290,000;1,000;MESURE
2025-07-04 04:00:00+02:00;333,000;1,000;MESURE
2025-07-04 05:00:00+02:00;278,000;1,000;MESURE
2025-07-04 06:00:00+02:00;157,000;1,000;MESURE
2025-07-04 07:00:00+02:00;359,000;1,000;MESURE
2025-07-04 08:00:00+02:00;323,000;1,000;MESURE
2025-07-04 09:00:00+02:00;253,000;1,000;MESURE
2025-07-04 10:00:00+02:00;304,000;1,000;MESURE
2025-07-04 11:00:00+02:00;241,000;1,000;MESURE
2025-07-04 12:00:00+02:00;381,000;1,000;MESURE
2025-07-04 13:00:00+02:00;435,000;1,000;MESURE
2025-07-04 14:00:00+02:00;220,000;1,000;MESURE
2025-07-04 15:00:00+02:00;287,000;1,000;MESURE
2025-07-04 16:00:00+02:00;427,000;1,000;MESURE
2025-07-04 17:00:00+02:00;423,000;1,000;MESURE
2025-07-04 18:00:00+02:00;317,000;1,000;MESURE
2025-07-04 19:00:00+02:00;1430,000;1,000;MESURE
2025-07-04 20:00:00+02:00;1468,000;1,000;MESURE
2025-07-04 21:00:00+02:00;179,000;1,000;MESURE
2025-07-04 22:00:00+02:00;285,000;1,000;MESURE
2025-07-04 23:00:00+02:00;394,000;1,000;MESURE
2025-07-05 00:00:00+02:00;304,000;1,000;MESURE
2025-07-05 01:00:00+02:00;312,000;1,000;MESURE
2025-07-05 02:00:00+02:00;236,000;1,000;MESURE
2025-07-05 03:00:00+02:00;201,000;1,000;MESURE
2025-07-05 04:00:00+02:00;376,000;1,000;MESURE
2025-07-05 05:00:00+02:00;201,000;1,000;MESURE
2025-07-05 06:00:00+02:00;264,000;1,000;MESURE
2025-07-05 07:00:00+02:00;224,000;1,000;MESURE
2025-07-05 08:00:00+02:00;267,000;1,000;MESURE
2025-07-05 09:00:00+02:00;374,000;1,000;MESURE
2025-07-05 10:00:00+02:00;189,000;1,000;MESURE
2025-07-05 11:00:00+02:00;274,000;1,000;MESURE
2025-07-05 12:00:00+02:00;342,000;1,000;MESURE
2025-07-05 13:00:00+02:00;286,000;1,000;MESURE
2025-07-05 14:00:00+02:00;424,000;1,000;MESURE
2025-07-05 15:00:00+02:00;306,000;1,000;MESURE
2025-07-05 16:00:00+02:00;216,000;1,000;MESURE
2025-07-05 17:00:00+02:00;452,000;1,000;MESURE
2025-07-05 18:00:00+02:00;424,000;1,000;MESURE
2025-07-05 19:00:00+02:00;330,000;1,000;MESURE
2025-07-05 20:00:00+02:00;392,000;1,000;MESURE
2025-07-05 21:00:00+02:00;397,000;1,000;MESURE
2025-07-05 22:00:00+02:00;190,000;1,000;MESURE
2025-07-05 23:00:00+02:00;316,000;1,000;MESURE
2025-07-06 00:00:00+02:00;324,000;1,000;MESURE
2025-07-06 01:00:00+02:00;312,000;1,000;MESURE
2025-07-06 02:00:00+02:00;295,000;1,000;MESURE
2025-07-06 03:00:00+02:00;195,000;1,000;MESURE
2025-07-06 04:00:00+02:00;263,000;1,000;MESURE
2025-07-06 05:00:00+02:00;349,000;1,000;MESURE
2025-07-06 06:00:00+02:00;188,000;1,000;MESURE
2025-07-06 07:00:00+02:00;306,000;1,000;MESURE
2025-07-06 08:00:00+02:00;2076,000;1,000;MESURE
2025-07-06 09:00:00+02:00;330,000;1,000;MESURE
2025-07-06 10:00:00+02:00;313,000;1,000;MESURE
2025-07-06 11:00:00+02:00;178,000;1,000;MESURE
2025-07-06 12:00:00+02:00;298,000;1,000;MESURE
2025-07-06 13:00:00+02:00;225,000;1,000;MESURE
2025-07-06 14:00:00+02:00;362,000;1,000;MESURE
2025-07-06 15:00:00+02:00;264,000;1,000;MESURE
2025-07-06 16:00:00+02:00;175,000;1,000;MESURE
2025-07-06 17:00:00+02:00;317,000;1,000;MESURE
2025-07-06 18:00:00+02:00;304,000;1,000;MESURE
2025-07-06 19:00:00+02:00;336,000;1,000;MESURE
2025-07-06 20:00:00+02:00;212,000;1,000;MESURE
2025-07-06 21:00:00+02:00;187,000;1,000;MESURE
2025-07-06 22:00:00+02:00;352,000;1,000;MESURE
2025-07-06 23:00:00+02:00;270,000;1,000;MESURE
2025-07-07 00:00:00+02:00;273,000;1,000;MESURE
2025-07-07 01:00:00+02:00;194,000;1,000;MESURE
2025-07-07 02:00:00+02:00;212,000;1,000;MESURE
2025-07-07 03:00:00+02:00;361,000;1,000;MESURE
2025-07-07 04:00:00+02:00;172,000;1,000;MESURE
2025-07-07 05:00:00+02:00;260,000;1,000;MESURE
2025-07-07 06:00:00+02:00;163,000;1,000;MESURE
2025-07-07 07:00:00+02:00;291,000;1,000;MESURE
2025-07-07 08:00:00+02:00;319,000;1,000;MESURE
2025-07-07 09:00:00+02:00;147,000;1,000;MESURE
2025-07-07 10:00:00+02:00;267,000;1,000;MESURE
2025-07-07 11:00:00+02:00;229,000;1,000;MESURE
2025-07-07 12:00:00+02:00;338,000;1,000;MESURE
2025-07-07 13:00:00+02:00;261,000;1,000;MESURE
2025-07-07 14:00:00+02:00;187,000;1,000;MESURE
2025-07-07 15:00:00+02:00;291,000;1,000;MESURE
2025-07-07 16:00:00+02:00;301,000;1,000;MESURE
2025-07-07 17:00:00+02:00;526,000;1,000;MESURE
2025-07-07 18:00:00+02:00;2057,000;1,000;MESURE
2025-07-07 19:00:00+02:00;179,000;1,000;MESURE
2025-07-07 20:00:00+02:00;338,000;1,000;MESURE
2025-07-07 21:00:00+02:00;282,000;1,000;MESURE
2025-07-07 22:00:00+02:00;241,000;1,000;MESURE
2025-07-07 23:00:00+02:00;251,000;1,000;MESURE
2025-07-08 00:00:00+02:00;150,000;1,000;MESURE
2025-07-08 01:00:00+02:00;363,000;1,000;MESURE
2025-07-08 02:00:00+02:00;234,000;1,000;MESURE
2025-07-08 03:00:00+02:00;193,000;1,000;MESURE
2025-07-08 04:00:00+02:00;242,000;1,000;MESURE
2025-07-08 05:00:00+02:00;181,000;1,000;MESURE
2025-07-08 06:00:00+02:00;312,000;1,000;MESURE
2025-07-08 07:00:00+02:00;187,000;1,000;MESURE
2025-07-08 08:00:00+02:00;154,000;1,000;MESURE
2025-07-08 09:00:00+02:00;328,000;1,000;MESURE
2025-07-08 10:00:00+02:00;214,000;1,000;MESURE
2025-07-08 11:00:00+02:00;300,000;1,000;MESURE
2025-07-08 12:00:00+02:00;243,000;1,000;MESURE
2025-07-08 13:00:00+02:00;168,000;1,000;MESURE
2025-07-08 14:00:00+02:00;311,000;1,000;MESURE
2025-07-08 15:00:00+02:00;314,000;1,000;MESURE
2025-07-08 16:00:00+02:00;259,000;1,000;MESURE
2025-07-08 17:00:00+02:00;255,000;1,000;MESURE
2025-07-08 18:00:00+02:00;185,000;1,000;MESURE
2025-07-08 19:00:00+02:00;326,000;1,000;MESURE
2025-07-08 20:00:00+02:00;290,000;1,000;MESURE
2025-07-08 21:00:00+02:00;164,000;1,000;MESURE
2025-07-08 22:00:00+02:00;295,000;1,000;MESURE
2025-07-08 23:00:00+02:00;154,000;1,000;MESURE
2025-07-09 00:00:00+02:00;333,000;1,000;MESURE
2025-07-09 01:00:00+02:00;226,000;1,000;MESURE
2025-07-09 02:00:00+02:00;115,000;1,000;MESURE
2025-07-09 03:00:00+02:00;2199,000;1,000;MESURE
2025-07-09 04:00:00+02:00;360,000;1,000;MESURE
2025-07-09 05:00:00+02:00;479,000;1,000;MESURE
2025-07-09 06:00:00+02:00;416,000;1,000;MESURE
2025-07-09 07:00:00+02:00;509,000;1,000;MESURE
2025-07-09 08:00:00+02:00;138,000;1,000;MESURE
2025-07-09 09:00:00+02:00;238,000;1,000;MESURE
2025-07-09 10:00:00+02:00;311,000;1,000;MESURE
2025-07-09 11:00:00+02:00;143,000;1,000;MESURE
2025-07-09 12:00:00+02:00;204,000;1,000;MESURE
2025-07-09 13:00:00+02:00;285,000;1,000;MESURE
2025-07-09 14:00:00+02:00;263,000;1,000;MESURE
2025-07-09 15:00:00+02:00;315,000;1,000;MESURE
2025-07-09 16:00:00+02:00;253,000;1,000;MESURE
2025-07-09 17:00:00+02:00;155,000;1,000;MESURE
2025-07-09 18:00:00+02:00;412,000;1,000;MESURE
2025-07-09 19:00:00+02:00;321,000;1,000;MESURE
2025-07-09 20:00:00+02:00;211,000;1,000;MESURE
2025-07-09 21:00:00+02:00;308,000;1,000;MESURE
2025-07-09 22:00:00+02:00;139,000;1,000;MESURE
2025-07-09 23:00:00+02:00;338,000;1,000;MESURE
2025-07-10 00:00:00+02:00;260,000;1,000;MESURE
2025-07-10 01:00:00+02:00;147,000;1,000;MESURE
2025-07-10 02:00:00+02:00;307,000;1,000;MESURE
2025-07-10 03:00:00+02:00;200,000;1,000;MESURE
2025-07-10 04:00:00+02:00;238,000;1,000;MESURE
2025-07-10 05:00:00+02:00;234,000;1,000;MESURE
2025-07-10 06:00:00+02:00;145,000;1,000;MESURE
2025-07-10 07:00:00+02:00;151,000;1,000;MESURE
2025-07-10 08:00:00+02:00;431,000;1,000;MESURE
2025-07-10 09:00:00+02:00;183,000;1,000;MESURE
2025-07-10 10:00:00+02:00;234,000;1,000;MESURE
2025-07-10 11:00:00+02:00;2132,000;1,000;MESURE
2025-07-10 12:00:00+02:00;247,000;1,000;MESURE
2025-07-10 13:00:00+02:00;389,000;1,000;MESURE
2025-07-10 14:00:00+02:00;250,000;1,000;MESURE
2025-07-10 15:00:00+02:00;218,000;1,000;MESURE
2025-07-10 16:00:00+02:00;346,000;1,000;MESURE
2025-07-10 17:00:00+02:00;282,000;1,000;MESURE
2025-07-10 18:00:00+02:00;406,000;1,000;MESURE
2025-07-10 19:00:00+02:00;271,000;1,000;MESURE
2025-07-10 20:00:00+02:00;200,000;1,000;MESURE
2025-07-10 21:00:00+02:00;353,000;1,000;MESURE
2025-07-10 22:00:00+02:00;327,000;1,000;MESURE
2025-07-10 23:00:00+02:00;235,000;1,000;MESURE
2025-07-11 00:00:00+02:00;295,000;1,000;MESURE
2025-07-11 01:00:00+02:00;131,000;1,000;MESURE
2025-07-11 02:00:00+02:00;367,000;1,000;MESURE
2025-07-11 03:00:00+02:00;240,000;1,000;MESURE
2025-07-11 04:00:00+02:00;186,000;1,000;MESURE
2025-07-11 05:00:00+02:00;398,000;1,000;MESURE
2025-07-11 06:00:00+02:00;390,000;1,000;MESURE
2025-07-11 07:00:00+02:00;251,000;1,000;MESURE
2025-07-11 08:00:00+02:00;251,000;1,000;MESURE
2025-07-11 09:00:00+02:00;140,000;1,000;MESURE
2025-07-11 10:00:00+02:00;287,000;1,000;MESURE
2025-07-11 11:00:00+02:00;288,000;1,000;MESURE
2025-07-11 12:00:00+02:00;259,000;1,000;MESURE
2025-07-11 13:00:00+02:00;299,000;1,000;MESURE
2025-07-11 14:00:00+02:00;200,000;1,000;MESURE
2025-07-11 15:00:00+02:00;330,000;1,000;MESURE
2025-07-11 16:00:00+02:00;455,000;1,000;MESURE
2025-07-11 17:00:00+02:00;273,000;1,000;MESURE
2025-07-11 18:00:00+02:00;312,000;1,000;MESURE
2025-07-11 19:00:00+02:00;316,000;1,000;MESURE
2025-07-11 20:00:00+02:00;291,000;1,000;MESURE
2025-07-11 21:00:00+02:00;389,000;1,000;MESURE
2025-07-11 22:00:00+02:00;427,000;1,000;MESURE
2025-07-11 23:00:00+02:00;2089,000;1,000;MESURE
2025-07-12 00:00:00+02:00;299,000;1,000;MESURE
2025-07-12 01:00:00+02:00;293,000;1,000;MESURE
2025-07-12 02:00:00+02:00;270,000;1,000;MESURE
2025-07-12 03:00:00+02:00;313,000;1,000;MESURE
2025-07-12 04:00:00+02:00;164,000;1,000;MESURE
2025-07-12 05:00:00+02:00;230,000;1,000;MESURE
2025-07-12 06:00:00+02:00;347,000;1,000;MESURE
2025-07-12 07:00:00+02:00;249,000;1,000;MESURE
2025-07-12 08:00:00+02:00;346,000;1,000;MESURE
2025-07-12 09:00:00+02:00;199,000;1,000;MESURE
2025-07-12 10:00:00+02:00;329,000;1,000;MESURE
2025-07-12 11:00:00+02:00;364,000;1,000;MESURE
2025-07-12 12:00:00+02:00;157,000;1,000;MESURE
2025-07-12 13:00:00+02:00;335,000;1,000;MESURE
2025-07-12 14:00:00+02:00;312,000;1,000;MESURE
2025-07-12 15:00:00+02:00;343,000;1,000;MESURE
2025-07-12 16:00:00+02:00;471,000;1,000;MESURE
2025-07-12 17:00:00+02:00;427,000;1,000;MESURE
2025-07-12 18:00:00+02:00;323,000;1,000;MESURE
2025-07-12 19:00:00+02:00;398,000;1,000;MESURE
2025-07-12 20:00:00+02:00;400,000;1,000;MESURE
2025-07-12 21:00:00+02:00;247,000;1,000;MESURE
2025-07-12 22:00:00+02:00;288,000;1,000;MESURE
2025-07-12 23:00:00+02:00;442,000;1,000;MESURE
2025-07-13 00:00:00+02:00;324,000;1,000;MESURE
2025-07-13 01:00:00+02:00;271,000;1,000;MESURE
2025-07-13 02:00:00+02:00;323,000;1,000;MESURE
2025-07-13 03:00:00+02:00;191,000;1,000;MESURE
2025-07-13 04:00:00+02:00;392,000;1,000;MESURE
2025-07-13 05:00:00+02:00;326,000;1,000;MESURE
2025-07-13 06:00:00+02:00;192,000;1,000;MESURE
2025-07-13 07:00:00+02:00;295,000;1,000;MESURE
2025-07-13 08:00:00+02:00;250,000;1,000;MESURE
2025-07-13 09:00:00+02:00;417,000;1,000;MESURE
2025-07-13 10:00:00+02:00;311,000;1,000;MESURE
2025-07-13 11:00:00+02:00;206,000;1,000;MESURE
2025-07-13 12:00:00+02:00;549,000;1,000;MESURE
2025-07-13 13:00:00+02:00;2252,000;1,000;MESURE
2025-07-13 14:00:00+02:00;359,000;1,000;MESURE
2025-07-13 15:00:00+02:00;363,000;1,000;MESURE
2025-07-13 16:00:00+02:00;469,000;1,000;MESURE
2025-07-13 17:00:00+02:00;460,000;1,000;MESURE
2025-07-13 18:00:00+02:00;477,000;1,000;MESURE
2025-07-13 19:00:00+02:00;332,000;1,000;MESURE
2025-07-13 20:00:00+02:00;408,000;1,000;MESURE
2025-07-13 21:00:00+02:00;490,000;1,000;MESURE
2025-07-13 22:00:00+02:00;258,000;1,000;MESURE
2025-07-13 23:00:00+02:00;245,000;1,000;MESURE
2025-07-14 00:00:00+02:00;395,000;1,000;MESURE
2025-07-14 01:00:00+02:00;297,000;1,000;MESURE
2025-07-14 02:00:00+02:00;376,000;1,000;MESURE
2025-07-14 03:00:00+02:00;287,000;1,000;MESURE
2025-07-14 04:00:00+02:00;204,000;1,000;MESURE
2025-07-14 05:00:00+02:00;310,000;1,000;MESURE
2025-07-14 06:00:00+02:00;351,000;1,000;MESURE
2025-07-14 07:00:00+02:00;252,000;1,000;MESURE
2025-07-14 08:00:00+02:00;310,000;1,000;MESURE
2025-07-14 09:00:00+02:00;161,000;1,000;MESURE
2025-07-14 10:00:00+02:00;404,000;1,000;MESURE
2025-07-14 11:00:00+02:00;362,000;1,000;MESURE
2025-07-14 12:00:00+02:00;240,000;1,000;MESURE
2025-07-14 13:00:00+02:00;368,000;1,000;MESURE
2025-07-14 14:00:00+02:00;379,000;1,000;MESURE
2025-07-14 15:00:00+02:00;395,000;1,000;MESURE
2025-07-14 16:00:00+02:00;351,000;1,000;MESURE
2025-07-14 17:00:00+02:00;493,000;1,000;MESURE
2025-07-14 18:00:00+02:00;451,000;1,000;MESURE
2025-07-14 19:00:00+02:00;398,000;1,000;MESURE
2025-07-14 20:00:00+02:00;328,000;1,000;MESURE
2025-07-14 21:00:00+02:00;363,000;1,000;MESURE
2025-07-14 22:00:00+02:00;275,000;1,000;MESURE
2025-07-14 23:00:00+02:00;243,000;1,000;MESURE
2025-07-15 00:00:00+02:00;442,000;1,000;MESURE
2025-07-15 01:00:00+02:00;317,000;1,000;MESURE
2025-07-15 02:00:00+02:00;218,000;1,000;MESURE
2025-07-15 03:00:00+02:00;296,000;1,000;MESURE
2025-07-15 04:00:00+02:00;225,000;1,000;MESURE
2025-07-15 05:00:00+02:00;405,000;1,000;MESURE
2025-07-15 06:00:00+02:00;214,000;1,000;MESURE
2025-07-15 07:00:00+02:00;204,000;1,000;MESURE
2025-07-15 08:00:00+02:00;1300,000;1,000;MESURE
2025-07-15 09:00:00+02:00;1359,000;1,000;MESURE
2025-07-15 10:00:00+02:00;323,000;1,000;MESURE
2025-07-15 11:00:00+02:00;252,000;1,000;MESURE
2025-07-15 12:00:00+02:00;179,000;1,000;MESURE
2025-07-15 13:00:00+02:00;459,000;1,000;MESURE
2025-07-15 14:00:00+02:00;333,000;1,000;MESURE
2025-07-15 15:00:00+02:00;287,000;1,000;MESURE
2025-07-15 16:00:00+02:00;356,000;1,000;MESURE
2025-07-15 17:00:00+02:00;294,000;1,000;MESURE
2025-07-15 18:00:00+02:00;337,000;1,000;MESURE
2025-07-15 19:00:00+02:00;440,000;1,000;MESURE
2025-07-15 20:00:00+02:00;339,000;1,000;MESURE
2025-07-15 21:00:00+02:00;239,000;1,000;MESURE
2025-07-15 22:00:00+02:00;334,000;1,000;MESURE
2025-07-15 23:00:00+02:00;320,000;1,000;MESURE
2025-07-16 00:00:00+02:00;315,000;1,000;MESURE
2025-07-16 01:00:00+02:00;309,000;1,000;MESURE
2025-07-16 02:00:00+02:00;157,000;1,000;MESURE
2025-07-16 03:00:00+02:00;315,000;1,000;MESURE
2025-07-16 04:00:00+02:00;320,000;1,000;MESURE
2025-07-16 05:00:00+02:00;198,000;1,000;MESURE
2025-07-16 06:00:00+02:00;291,000;1,000;MESURE
2025-07-16 07:00:00+02:00;147,000;1,000;MESURE
2025-07-16 08:00:00+02:00;354,000;1,000;MESURE
2025-07-16 09:00:00+02:00;288,000;1,000;MESURE
2025-07-16 10:00:00+02:00;192,000;1,000;MESURE
2025-07-16 11:00:00+02:00;317,000;1,000;MESURE
2025-07-16 12:00:00+02:00;271,000;1,000;MESURE
2025-07-16 13:00:00+02:00;347,000;1,000;MESURE
2025-07-16 14:00:00+02:00;345,000;1,000;MESURE
2025-07-16 15:00:00+02:00;184,000;1,000;MESURE
2025-07-16 16:00:00+02:00;357,000;1,000;MESURE
2025-07-16 17:00:00+02:00;470,000;1,000;MESURE
2025-07-16 18:00:00+02:00;312,000;1,000;MESURE
2025-07-16 19:00:00+02:00;350,000;1,000;MESURE
2025-07-16 20:00:00+02:00;356,000;1,000;MESURE
2025-07-16 21:00:00+02:00;216,000;1,000;MESURE
2025-07-16 22:00:00+02:00;356,000;1,000;MESURE
2025-07-16 23:00:00+02:00;403,000;1,000;MESURE
2025-07-17 00:00:00+02:00;1313,000;1,000;MESURE
2025-07-17 01:00:00+02:00;1188,000;1,000;MESURE
2025-07-17 02:00:00+02:00;262,000;1,000;MESURE
2025-07-17 03:00:00+02:00;316,000;1,000;MESURE
2025-07-17 04:00:00+02:00;333,000;1,000;MESURE
2025-07-17 05:00:00+02:00;197,000;1,000;MESURE
2025-07-17 06:00:00+02:00;243,000;1,000;MESURE
2025-07-17 07:00:00+02:00;362,000;1,000;MESURE
2025-07-17 08:00:00+02:00;237,000;1,000;MESURE
2025-07-17 09:00:00+02:00;295,000;1,000;MESURE
2025-07-17 10:00:00+02:00;243,000;1,000;MESURE
2025-07-17 11:00:00+02:00;320,000;1,000;MESURE
2025-07-17 12:00:00+02:00;414,000;1,000;MESURE
2025-07-17 13:00:00+02:00;299,000;1,000;MESURE
2025-07-17 14:00:00+02:00;195,000;1,000;MESURE
2025-07-17 15:00:00+02:00;403,000;1,000;MESURE
2025-07-17 16:00:00+02:00;428,000;1,000;MESURE
2025-07-17 17:00:00+02:00;278,000;1,000;MESURE
2025-07-17 18:00:00+02:00;434,000;1,000;MESURE
2025-07-17 19:00:00+02:00;309,000;1,000;MESURE
2025-07-17 20:00:00+02:00;226,000;1,000;MESURE
2025-07-17 21:00:00+02:00;383,000;1,000;MESURE
2025-07-17 22:00:00+02:00;400,000;1,000;MESURE
2025-07-17 23:00:00+02:00;220,000;1,000;MESURE
2025-07-18 00:00:00+02:00;293,000;1,000;MESURE
2025-07-18 01:00:00+02:00;203,000;1,000;MESURE
2025-07-18 02:00:00+02:00;349,000;1,000;MESURE
2025-07-18 03:00:00+02:00;363,000;1,000;MESURE
2025-07-18 04:00:00+02:00;176,000;1,000;MESURE
2025-07-18 05:00:00+02:00;252,000;1,000;MESURE
2025-07-18 06:00:00+02:00;265,000;1,000;MESURE
2025-07-18 07:00:00+02:00;237,000;1,000;MESURE
2025-07-18 08:00:00+02:00;270,000;1,000;MESURE
2025-07-18 09:00:00+02:00;162,000;1,000;MESURE
2025-07-18 10:00:00+02:00;278,000;1,000;MESURE
2025-07-18 11:00:00+02:00;396,000;1,000;MESURE
2025-07-18 12:00:00+02:00;241,000;1,000;MESURE
2025-07-18 13:00:00+02:00;291,000;1,000;MESURE
2025-07-18 14:00:00+02:00;1234,000;1,000;MESURE
2025-07-18 15:00:00+02:00;1328,000;1,000;MESURE
2025-07-18 16:00:00+02:00;427,000;1,000;MESURE
2025-07-18 17:00:00+02:00;425,000;1,000;MESURE
2025-07-18 18:00:00+02:00;202,000;1,000;MESURE
2025-07-18 19:00:00+02:00;352,000;1,000;MESURE
2025-07-18 20:00:00+02:00;380,000;1,000;MESURE
2025-07-18 21:00:00+02:00;329,000;1,000;MESURE
2025-07-18 22:00:00+02:00;366,000;1,000;MESURE
2025-07-18 23:00:00+02:00;251,000;1,000;MESURE
2025-07-19 00:00:00+02:00;167,000;1,000;MESURE
2025-07-19 01:00:00+02:00;442,000;1,000;MESURE
2025-07-19 02:00:00+02:00;290,000;1,000;MESURE
2025-07-19 03:00:00+02:00;258,000;1,000;MESURE
2025-07-19 04:00:00+02:00;280,000;1,000;MESURE
2025-07-19 05:00:00+02:00;163,000;1,000;MESURE
2025-07-19 06:00:00+02:00;414,000;1,000;MESURE
2025-07-19 07:00:00+02:00;272,000;1,000;MESURE
2025-07-19 08:00:00+02:00;700,000;1,000;MESURE
2025-07-19 09:00:00+02:00;551,000;1,000;MESURE
2025-07-19 10:00:00+02:00;803,000;1,000;MESURE
2025-07-19 11:00:00+02:00;877,000;1,000;MESURE
2025-07-19 12:00:00+02:00;247,000;1,000;MESURE
2025-07-19 13:00:00+02:00;202,000;1,000;MESURE
2025-07-19 14:00:00+02:00;491,000;1,000;MESURE
2025-07-19 15:00:00+02:00;339,000;1,000;MESURE
2025-07-19 16:00:00+02:00;299,000;1,000;MESURE
2025-07-19 17:00:00+02:00;330,000;1,000;MESURE
2025-07-19 18:00:00+02:00;265,000;1,000;MESURE
2025-07-19 19:00:00+02:00;437,000;1,000;MESURE
2025-07-19 20:00:00+02:00;398,000;1,000;MESURE
2025-07-19 21:00:00+02:00;224,000;1,000;MESURE
2025-07-19 22:00:00+02:00;367,000;1,000;MESURE
2025-07-19 23:00:00+02:00;320,000;1,000;MESURE
2025-07-20 00:00:00+02:00;322,000;1,000;MESURE
2025-07-20 01:00:00+02:00;317,000;1,000;MESURE
2025-07-20 02:00:00+02:00;249,000;1,000;MESURE
2025-07-20 03:00:00+02:00;1691,000;1,000;MESURE
2025-07-20 04:00:00+02:00;1024,000;1,000;MESURE
2025-07-20 05:00:00+02:00;269,000;1,000;MESURE
2025-07-20 06:00:00+02:00;284,000;1,000;MESURE
2025-07-20 07:00:00+02:00;243,000;1,000;MESURE
2025-07-20 08:00:00+02:00;421,000;1,000;MESURE
2025-07-20 09:00:00+02:00;322,000;1,000;MESURE
2025-07-20 10:00:00+02:00;234,000;1,000;MESURE
2025-07-20 11:00:00+02:00;337,000;1,000;MESURE
2025-07-20 12:00:00+02:00;327,000;1,000;MESURE
2025-07-20 13:00:00+02:00;433,000;1,000;MESURE
2025-07-20 14:00:00+02:00;437,000;1,000;MESURE
2025-07-20 15:00:00+02:00;390,000;1,000;MESURE
2025-07-20 16:00:00+02:00;242,000;1,000;MESURE
2025-07-20 17:00:00+02:00;483,000;1,000;MESURE
2025-07-20 18:00:00+02:00;436,000;1,000;MESURE
2025-07-20 19:00:00+02:00;250,000;1,000;MESURE
2025-07-20 20:00:00+02:00;328,000;1,000;MESURE
2025-07-20 21:00:00+02:00;337,000;1,000;MESURE
2025-07-20 22:00:00+02:00;338,000;1,000;MESURE
2025-07-20 23:00:00+02:00;447,000;1,000;MESURE
2025-07-21 00:00:00+02:00;204,000;1,000;MESURE
2025-07-21 01:00:00+02:00;276,000;1,000;MESURE
2025-07-21 02:00:00+02:00;318,000;1,000;MESURE
2025-07-21 03:00:00+02:00;341,000;1,000;MESURE
2025-07-21 04:00:00+02:00;339,000;1,000;MESURE
2025-07-21 05:00:00+02:00;237,000;1,000;MESURE
2025-07-21 06:00:00+02:00;279,000;1,000;MESURE
2025-07-21 07:00:00+02:00;394,000;1,000;MESURE
2025-07-21 08:00:00+02:00;229,000;1,000;MESURE
2025-07-21 09:00:00+02:00;330,000;1,000;MESURE
2025-07-21 10:00:00+02:00;220,000;1,000;MESURE
2025-07-21 11:00:00+02:00;336,000;1,000;MESURE
2025-07-21 12:00:00+02:00;376,000;1,000;MESURE
2025-07-21 13:00:00+02:00;249,000;1,000;MESURE
2025-07-21 14:00:00+02:00;358,000;1,000;MESURE
2025-07-21 15:00:00+02:00;516,000;1,000;MESURE
2025-07-21 16:00:00+02:00;2206,000;1,000;MESURE
2025-07-21 17:00:00+02:00;418,000;1,000;MESURE
2025-07-21 18:00:00+02:00;258,000;1,000;MESURE
2025-07-21 19:00:00+02:00;324,000;1,000;MESURE
2025-07-21 20:00:00+02:00;480,000;1,000;MESURE
2025-07-21 21:00:00+02:00;312,000;1,000;MESURE
2025-07-21 22:00:00+02:00;339,000;1,000;MESURE
2025-07-21 23:00:00+02:00;240,000;1,000;MESURE
2025-07-22 00:00:00+02:00;300,000;1,000;MESURE
2025-07-22 01:00:00+02:00;426,000;1,000;MESURE
2025-07-22 02:00:00+02:00;219,000;1,000;MESURE
2025-07-22 03:00:00+02:00;283,000;1,000;MESURE
2025-07-22 04:00:00+02:00;267,000;1,000;MESURE
2025-07-22 05:00:00+02:00;317,000;1,000;MESURE
2025-07-22 06:00:00+02:00;390,000;1,000;MESURE
2025-07-22 07:00:00+02:00;209,000;1,000;MESURE
2025-07-22 08:00:00+02:00;273,000;1,000;MESURE
2025-07-22 09:00:00+02:00;342,000;1,000;MESURE
2025-07-22 10:00:00+02:00;306,000;1,000;MESURE
2025-07-22 11:00:00+02:00;330,000;1,000;MESURE
2025-07-22 12:00:00+02:00;240,000;1,000;MESURE
2025-07-22 13:00:00+02:00;286,000;1,000;MESURE
2025-07-22 14:00:00+02:00;446,000;1,000;MESURE
2025-07-22 15:00:00+02:00;253,000;1,000;MESURE
2025-07-22 16:00:00+02:00;335,000;1,000;MESURE
2025-07-22 17:00:00+02:00;354,000;1,000;MESURE
2025-07-22 18:00:00+02:00;355,000;1,000;MESURE
2025-07-22 19:00:00+02:00;463,000;1,000;MESURE
2025-07-22 20:00:00+02:00;316,000;1,000;MESURE
2025-07-22 21:00:00+02:00;240,000;1,000;MESURE
2025-07-22 22:00:00+02:00;390,000;1,000;MESURE
2025-07-22 23:00:00+02:00;309,000;1,000;MESURE
2025-07-23 00:00:00+02:00;306,000;1,000;MESURE
2025-07-23 01:00:00+02:00;239,000;1,000;MESURE
2025-07-23 02:00:00+02:00;254,000;1,000;MESURE
2025-07-23 03:00:00+02:00;423,000;1,000;MESURE
2025-07-23 04:00:00+02:00;2137,000;1,000;MESURE
2025-07-23 05:00:00+02:00;325,000;1,000;MESURE
2025-07-23 06:00:00+02:00;322,000;1,000;MESURE
2025-07-23 07:00:00+02:00;230,000;1,000;MESURE
2025-07-23 08:00:00+02:00;367,000;1,000;MESURE
2025-07-23 09:00:00+02:00;269,000;1,000;MESURE
2025-07-23 10:00:00+02:00;173,000;1,000;MESURE
2025-07-23 11:00:00+02:00;382,000;1,000;MESURE
2025-07-23 12:00:00+02:00;319,000;1,000;MESURE
2025-07-23 13:00:00+02:00;328,000;1,000;MESURE
2025-07-23 14:00:00+02:00;282,000;1,000;MESURE
2025-07-23 15:00:00+02:00;192,000;1,000;MESURE
2025-07-23 16:00:00+02:00;492,000;1,000;MESURE
2025-07-23 17:00:00+02:00;375,000;1,000;MESURE
2025-07-23 18:00:00+02:00;205,000;1,000;MESURE
2025-07-23 19:00:00+02:00;355,000;1,000;MESURE
2025-07-23 20:00:00+02:00;289,000;1,000;MESURE
2025-07-23 21:00:00+02:00;397,000;1,000;MESURE
2025-07-23 22:00:00+02:00;330,000;1,000;MESURE
2025-07-23 23:00:00+02:00;201,000;1,000;MESURE
2025-07-24 00:00:00+02:00;338,000;1,000;MESURE
2025-07-24 01:00:00+02:00;334,000;1,000;MESURE
2025-07-24 02:00:00+02:00;286,000;1,000;MESURE
2025-07-24 03:00:00+02:00;298,000;1,000;MESURE
2025-07-24 04:00:00+02:00;222,000;1,000;MESURE
2025-07-24 05:00:00+02:00;301,000;1,000;MESURE
2025-07-24 06:00:00+02:00;334,000;1,000;MESURE
2025-07-24 07:00:00+02:00;191,000;1,000;MESURE
2025-07-24 08:00:00+02:00;266,000;1,000;MESURE
2025-07-24 09:00:00+02:00;281,000;1,000;MESURE
2025-07-24 10:00:00+02:00;325,000;1,000;MESURE
2025-07-24 11:00:00+02:00;330,000;1,000;MESURE
2025-07-24 12:00:00+02:00;195,000;1,000;MESURE
2025-07-24 13:00:00+02:00;413,000;1,000;MESURE
2025-07-24 14:00:00+02:00;2231,000;1,000;MESURE
2025-07-24 15:00:00+02:00;294,000;1,000;MESURE
2025-07-24 16:00:00+02:00;371,000;1,000;MESURE
2025-07-24 17:00:00+02:00;242,000;1,000;MESURE
2025-07-24 18:00:00+02:00;331,000;1,000;MESURE
2025-07-24 19:00:00+02:00;455,000;1,000;MESURE
2025-07-24 20:00:00+02:00;318,000;1,000;MESURE
2025-07-24 21:00:00+02:00;283,000;1,000;MESURE
2025-07-24 22:00:00+02:00;250,000;1,000;MESURE
2025-07-24 23:00:00+02:00;229,000;1,000;MESURE
2025-07-25 00:00:00+02:00;464,000;1,000;MESURE
2025-07-25 01:00:00+02:00;231,000;1,000;MESURE
2025-07-25 02:00:00+02:00;229,000;1,000;MESURE
2025-07-25 03:00:00+02:00;264,000;1,000;MESURE
2025-07-25 04:00:00+02:00;297,000;1,000;MESURE
2025-07-25 05:00:00+02:00;343,000;1,000;MESURE
2025-07-25 06:00:00+02:00;221,000;1,000;MESURE
2025-07-25 07:00:00+02:00;220,000;1,000;MESURE
2025-07-25 08:00:00+02:00;324,000;1,000;MESURE
2025-07-25 09:00:00+02:00;327,000;1,000;MESURE
2025-07-25 10:00:00+02:00;188,000;1,000;MESURE
2025-07-25 11:00:00+02:00;311,000;1,000;MESURE
2025-07-25 12:00:00+02:00;216,000;1,000;MESURE
2025-07-25 13:00:00+02:00;439,000;1,000;MESURE
2025-07-25 14:00:00+02:00;302,000;1,000;MESURE
2025-07-25 15:00:00+02:00;229,000;1,000;MESURE
2025-07-25 16:00:00+02:00;322,000;1,000;MESURE
2025-07-25 17:00:00+02:00;434,000;1,000;MESURE
2025-07-25 18:00:00+02:00;525,000;1,000;MESURE
2025-07-25 19:00:00+02:00;311,000;1,000;MESURE
2025-07-25 20:00:00+02:00;1289,000;1,000;MESURE
2025-07-25 21:00:00+02:00;1141,000;1,000;MESURE
2025-07-25 22:00:00+02:00;396,000;1,000;MESURE
2025-07-25 23:00:00+02:00;196,000;1,000;MESURE
2025-07-26 00:00:00+02:00;324,000;1,000;MESURE
2025-07-26 01:00:00+02:00;237,000;1,000;MESURE
2025-07-26 02:00:00+02:00;313,000;1,000;MESURE
2025-07-26 03:00:00+02:00;348,000;1,000;MESURE
2025-07-26 04:00:00+02:00;189,000;1,000;MESURE
2025-07-26 05:00:00+02:00;244,000;1,000;MESURE
2025-07-26 06:00:00+02:00;290,000;1,000;MESURE
2025-07-26 07:00:00+02:00;267,000;1,000;MESURE
2025-07-26 08:00:00+02:00;360,000;1,000;MESURE
2025-07-26 09:00:00+02:00;272,000;1,000;MESURE
2025-07-26 10:00:00+02:00;243,000;1,000;MESURE
2025-07-26 11:00:00+02:00;391,000;1,000;MESURE
2025-07-26 12:00:00+02:00;240,000;1,000;MESURE
2025-07-26 13:00:00+02:00;275,000;1,000;MESURE
2025-07-26 14:00:00+02:00;294,000;1,000;MESURE
2025-07-26 15:00:00+02:00;311,000;1,000;MESURE
2025-07-26 16:00:00+02:00;476,000;1,000;MESURE
2025-07-26 17:00:00+02:00;259,000;1,000;MESURE
2025-07-26 18:00:00+02:00;279,000;1,000;MESURE
2025-07-26 19:00:00+02:00;348,000;1,000;MESURE
2025-07-26 20:00:00+02:00;331,000;1,000;MESURE
2025-07-26 21:00:00+02:00;316,000;1,000;MESURE
2025-07-26 22:00:00+02:00;304,000;1,000;MESURE
2025-07-26 23:00:00+02:00;198,000;1,000;MESURE
2025-07-27 00:00:00+02:00;408,000;1,000;MESURE
2025-07-27 01:00:00+02:00;285,000;1,000;MESURE
2025-07-27 02:00:00+02:00;204,000;1,000;MESURE
2025-07-27 03:00:00+02:00;355,000;1,000;MESURE
2025-07-27 04:00:00+02:00;649,000;1,000;MESURE
2025-07-27 05:00:00+02:00;1829,000;1,000;MESURE
2025-07-27 06:00:00+02:00;249,000;1,000;MESURE
2025-07-27 07:00:00+02:00;189,000;1,000;MESURE
2025-07-27 08:00:00+02:00;341,000;1,000;MESURE
2025-07-27 09:00:00+02:00;293,000;1,000;MESURE
2025-07-27 10:00:00+02:00;314,000;1,000;MESURE
2025-07-27 11:00:00+02:00;300,000;1,000;MESURE
2025-07-27 12:00:00+02:00;197,000;1,000;MESURE
2025-07-27 13:00:00+02:00;392,000;1,000;MESURE
2025-07-27 14:00:00+02:00;364,000;1,000;MESURE
2025-07-27 15:00:00+02:00;283,000;1,000;MESURE
2025-07-27 16:00:00+02:00;363,000;1,000;MESURE
2025-07-27 17:00:00+02:00;229,000;1,000;MESURE
2025-07-27 18:00:00+02:00;368,000;1,000;MESURE
2025-07-27 19:00:00+02:00;419,000;1,000;MESURE
2025-07-27 20:00:00+02:00;200,000;1,000;MESURE
2025-07-27 21:00:00+02:00;345,000;1,000;MESURE
2025-07-27 22:00:00+02:00;332,000;1,000;MESURE
2025-07-27 23:00:00+02:00;339,000;1,000;MESURE
2025-07-28 00:00:00+02:00;318,000;1,000;MESURE
2025-07-28 01:00:00+02:00;240,000;1,000;MESURE
2025-07-28 02:00:00+02:00;230,000;1,000;MESURE
2025-07-28 03:00:00+02:00;409,000;1,000;MESURE
2025-07-28 04:00:00+02:00;224,000;1,000;MESURE
2025-07-28 05:00:00+02:00;268,000;1,000;MESURE
2025-07-28 06:00:00+02:00;294,000;1,000;MESURE
2025-07-28 07:00:00+02:00;250,000;1,000;MESURE
2025-07-28 08:00:00+02:00;380,000;1,000;MESURE
2025-07-28 09:00:00+02:00;202,000;1,000;MESURE
2025-07-28 10:00:00+02:00;262,000;1,000;MESURE
2025-07-28 11:00:00+02:00;292,000;1,000;MESURE
2025-07-28 12:00:00+02:00;304,000;1,000;MESURE
2025-07-28 13:00:00+02:00;333,000;1,000;MESURE
2025-07-28 14:00:00+02:00;2057,000;1,000;MESURE
2025-07-28 15:00:00+02:00;341,000;1,000;MESURE
2025-07-28 16:00:00+02:00;423,000;1,000;MESURE
2025-07-28 17:00:00+02:00;306,000;1,000;MESURE
2025-07-28 18:00:00+02:00;259,000;1,000;MESURE
2025-07-28 19:00:00+02:00;292,000;1,000;MESURE
2025-07-28 20:00:00+02:00;210,000;1,000;MESURE
2025-07-28 21:00:00+02:00;463,000;1,000;MESURE
2025-07-28 22:00:00+02:00;199,000;1,000;MESURE
2025-07-28 23:00:00+02:00;267,000;1,000;MESURE
2025-07-29 00:00:00+02:00;284,000;1,000;MESURE
2025-07-29 01:00:00+02:00;249,000;1,000;MESURE
2025-07-29 02:00:00+02:00;355,000;1,000;MESURE
2025-07-29 03:00:00+02:00;226,000;1,000;MESURE
2025-07-29 04:00:00+02:00;159,000;1,000;MESURE
2025-07-29 05:00:00+02:00;299,000;1,000;MESURE
2025-07-29 06:00:00+02:00;282,000;1,000;MESURE
2025-07-29 07:00:00+02:00;265,000;1,000;MESURE
2025-07-29 08:00:00+02:00;279,000;1,000;MESURE
2025-07-29 09:00:00+02:00;202,000;1,000;MESURE
2025-07-29 10:00:00+02:00;254,000;1,000;MESURE
2025-07-29 11:00:00+02:00;413,000;1,000;MESURE
2025-07-29 12:00:00+02:00;202,000;1,000;MESURE
2025-07-29 13:00:00+02:00;268,000;1,000;MESURE
2025-07-29 14:00:00+02:00;244,000;1,000;MESURE
2025-07-29 15:00:00+02:00;352,000;1,000;MESURE
2025-07-29 16:00:00+02:00;442,000;1,000;MESURE
2025-07-29 17:00:00+02:00;258,000;1,000;MESURE
2025-07-29 18:00:00+02:00;254,000;1,000;MESURE
2025-07-29 19:00:00+02:00;389,000;1,000;MESURE
2025-07-29 20:00:00+02:00;326,000;1,000;MESURE
2025-07-29 21:00:00+02:00;323,000;1,000;MESURE
2025-07-29 22:00:00+02:00;538,000;1,000;MESURE
2025-07-29 23:00:00+02:00;1875,000;1,000;MESURE
2025-07-30 00:00:00+02:00;417,000;1,000;MESURE
2025-07-30 01:00:00+02:00;278,000;1,000;MESURE
2025-07-30 02:00:00+02:00;258,000;1,000;MESURE
2025-07-30 03:00:00+02:00;271,000;1,000;MESURE
2025-07-30 04:00:00+02:00;216,000;1,000;MESURE
2025-07-30 05:00:00+02:00;382,000;1,000;MESURE
2025-07-30 06:00:00+02:00;246,000;1,000;MESURE
2025-07-30 07:00:00+02:00;155,000;1,000;MESURE
2025-07-30 08:00:00+02:00;325,000;1,000;MESURE
2025-07-30 09:00:00+02:00;255,000;1,000;MESURE
2025-07-30 10:00:00+02:00;306,000;1,000;MESURE
2025-07-30 11:00:00+02:00;315,000;1,000;MESURE
2025-07-30 12:00:00+02:00;208,000;1,000;MESURE
2025-07-30 13:00:00+02:00;283,000;1,000;MESURE
2025-07-30 14:00:00+02:00;423,000;1,000;MESURE
2025-07-30 15:00:00+02:00;269,000;1,000;MESURE
2025-07-30 16:00:00+02:00;359,000;1,000;MESURE
2025-07-30 17:00:00+02:00;247,000;1,000;MESURE
2025-07-30 18:00:00+02:00;301,000;1,000;MESURE
2025-07-30 19:00:00+02:00;451,000;1,000;MESURE
2025-07-30 20:00:00+02:00;304,000;1,000;MESURE
2025-07-30 21:00:00+02:00;258,000;1,000;MESURE
2025-07-30 22:00:00+02:00;331,000;1,000;MESURE
2025-07-30 23:00:00+02:00;291,000;1,000;MESURE
2025-07-31 00:00:00+02:00;345,000;1,000;MESURE
2025-07-31 01:00:00+02:00;238,000;1,000;MESURE
2025-07-31 02:00:00+02:00;191,000;1,000;MESURE
2025-07-31 03:00:00+02:00;461,000;1,000;MESURE
2025-07-31 04:00:00+02:00;238,000;1,000;MESURE
2025-07-31 05:00:00+02:00;272,000;1,000;MESURE
2025-07-31 06:00:00+02:00;272,000;1,000;MESURE
2025-07-31 07:00:00+02:00;229,000;1,000;MESURE
2025-07-31 08:00:00+02:00;1143,000;1,000;MESURE
2025-07-31 09:00:00+02:00;1475,000;1,000;MESURE
2025-07-31 10:00:00+02:00;285,000;1,000;MESURE
2025-07-31 11:00:00+02:00;288,000;1,000;MESURE
2025-07-31 12:00:00+02:00;318,000;1,000;MESURE
2025-07-31 13:00:00+02:00;412,000;1,000;MESURE
2025-07-31 14:00:00+02:00;295,000;1,000;MESURE
2025-07-31 15:00:00+02:00;227,000;1,000;MESURE
2025-07-31 16:00:00+02:00;422,000;1,000;MESURE
2025-07-31 17:00:00+02:00;349,000;1,000;MESURE
2025-07-31 18:00:00+02:00;419,000;1,000;MESURE
2025-07-31 19:00:00+02:00;345,000;1,000;MESURE
2025-07-31 20:00:00+02:00;242,000;1,000;MESURE
2025-07-31 21:00:00+02:00;413,000;1,000;MESURE
2025-07-31 22:00:00+02:00;395,000;1,000;MESURE
2025-07-31 23:00:00+02:00;207,000;1,000;MESURE
2025-08-01 00:00:00+02:00;334,000;1,000;MESURE
2025-08-01 01:00:00+02:00;231,000;1,000;MESURE
2025-08-01 02:00:00+02:00;414,000;1,000;MESURE
2025-08-01 03:00:00+02:00;276,000;1,000;MESURE
2025-08-01 04:00:00+02:00;226,000;1,000;MESURE
2025-08-01 05:00:00+02:00;293,000;1,000;MESURE
2025-08-01 06:00:00+02:00;338,000;1,000;MESURE
2025-08-01 07:00:00+02:00;226,000;1,000;MESURE
2025-08-01 08:00:00+02:00;334,000;1,000;MESURE
2025-08-01 09:00:00+02:00;190,000;1,000;MESURE
2025-08-01 10:00:00+02:00;317,000;1,000;MESURE
2025-08-01 11:00:00+02:00;348,000;1,000;MESURE
2025-08-01 12:00:00+02:00;244,000;1,000;MESURE
2025-08-01 13:00:00+02:00;387,000;1,000;MESURE
2025-08-01 14:00:00+02:00;304,000;1,000;MESURE
2025-08-01 15:00:00+02:00;391,000;1,000;MESURE
2025-08-01 16:00:00+02:00;488,000;1,000;MESURE
2025-08-01 17:00:00+02:00;246,000;1,000;MESURE
2025-08-01 18:00:00+02:00;303,000;1,000;MESURE
2025-08-01 19:00:00+02:00;459,000;1,000;MESURE
2025-08-01 20:00:00+02:00;322,000;1,000;MESURE
2025-08-01 21:00:00+02:00;378,000;1,000;MESURE
2025-08-01 22:00:00+02:00;1718,000;1,000;MESURE
2025-08-01 23:00:00+02:00;773,000;1,000;MESURE
2025-08-02 00:00:00+02:00;392,000;1,000;MESURE
2025-08-02 01:00:00+02:00;374,000;1,000;MESURE
2025-08-02 02:00:00+02:00;211,000;1,000;MESURE
2025-08-02 03:00:00+02:00;359,000;1,000;MESURE
2025-08-02 04:00:00+02:00;251,000;1,000;MESURE
2025-08-02 05:00:00+02:00;403,000;1,000;MESURE
2025-08-02 06:00:00+02:00;254,000;1,000;MESURE
2025-08-02 07:00:00+02:00;213,000;1,000;MESURE
2025-08-02 08:00:00+02:00;852,000;1,000;MESURE
2025-08-02 09:00:00+02:00;317,000;1,000;MESURE
2025-08-02 10:00:00+02:00;313,000;1,000;MESURE
2025-08-02 11:00:00+02:00;264,000;1,000;MESURE
2025-08-02 12:00:00+02:00;213,000;1,000;MESURE
2025-08-02 13:00:00+02:00;444,000;1,000;MESURE
2025-08-02 14:00:00+02:00;298,000;1,000;MESURE
2025-08-02 15:00:00+02:00;282,000;1,000;MESURE
2025-08-02 16:00:00+02:00;312,000;1,000;MESURE
2025-08-02 17:00:00+02:00;324,000;1,000;MESURE
2025-08-02 18:00:00+02:00;428,000;1,000;MESURE
2025-08-02 19:00:00+02:00;259,000;1,000;MESURE
2025-08-02 20:00:00+02:00;1898,000;1,000;MESURE
2025-08-02 21:00:00+02:00;356,000;1,000;MESURE
2025-08-02 22:00:00+02:00;287,000;1,000;MESURE
2025-08-02 23:00:00+02:00;295,000;1,000;MESURE
2025-08-03 00:00:00+02:00;216,000;1,000;MESURE
2025-08-03 01:00:00+02:00;178,000;1,000;MESURE
2025-08-03 02:00:00+02:00;414,000;1,000;MESURE
2025-08-03 03:00:00+02:00;265,000;1,000;MESURE
2025-08-03 04:00:00+02:00;216,000;1,000;MESURE
2025-08-03 05:00:00+02:00;295,000;1,000;MESURE
2025-08-03 06:00:00+02:00;235,000;1,000;MESURE
2025-08-03 07:00:00+02:00;328,000;1,000;MESURE
2025-08-03 08:00:00+02:00;217,000;1,000;MESURE
2025-08-03 09:00:00+02:00;217,000;1,000;MESURE
2025-08-03 10:00:00+02:00;247,000;1,000;MESURE
2025-08-03 11:00:00+02:00;324,000;1,000;MESURE
2025-08-03 12:00:00+02:00;270,000;1,000;MESURE
2025-08-03 13:00:00+02:00;282,000;1,000;MESURE
2025-08-03 14:00:00+02:00;243,000;1,000;MESURE
2025-08-03 15:00:00+02:00;282,000;1,000;MESURE
2025-08-03 16:00:00+02:00;435,000;1,000;MESURE
2025-08-03 17:00:00+02:00;241,000;1,000;MESURE
2025-08-03 18:00:00+02:00;289,000;1,000;MESURE
2025-08-03 19:00:00+02:00;276,000;1,000;MESURE
2025-08-03 20:00:00+02:00;339,000;1,000;MESURE
2025-08-03 21:00:00+02:00;379,000;1,000;MESURE
2025-08-03 22:00:00+02:00;234,000;1,000;MESURE
2025-08-03 23:00:00+02:00;239,000;1,000;MESURE
2025-08-04 00:00:00+02:00;352,000;1,000;MESURE
2025-08-04 01:00:00+02:00;255,000;1,000;MESURE
2025-08-04 02:00:00+02:00;277,000;1,000;MESURE
2025-08-04 03:00:00+02:00;230,000;1,000;MESURE
2025-08-04 04:00:00+02:00;234,000;1,000;MESURE
2025-08-04 05:00:00+02:00;1066,000;1,000;MESURE
2025-08-04 06:00:00+02:00;1490,000;1,000;MESURE
2025-08-04 07:00:00+02:00;196,000;1,000;MESURE
2025-08-04 08:00:00+02:00;282,000;1,000;MESURE
2025-08-04 09:00:00+02:00;273,000;1,000;MESURE
2025-08-04 10:00:00+02:00;257,000;1,000;MESURE
2025-08-04 11:00:00+02:00;326,000;1,000;MESURE
2025-08-04 12:00:00+02:00;193,000;1,000;MESURE
2025-08-04 13:00:00+02:00;278,000;1,000;MESURE
2025-08-04 14:00:00+02:00;410,000;1,000;MESURE
2025-08-04 15:00:00+02:00;277,000;1,000;MESURE
2025-08-04 16:00:00+02:00;390,000;1,000;MESURE
2025-08-04 17:00:00+02:00;238,000;1,000;MESURE
2025-08-04 18:00:00+02:00;344,000;1,000;MESURE
2025-08-04 19:00:00+02:00;456,000;1,000;MESURE
2025-08-04 20:00:00+02:00;263,000;1,000;MESURE
2025-08-04 21:00:00+02:00;322,000;1,000;MESURE
2025-08-04 22:00:00+02:00;335,000;1,000;MESURE
2025-08-04 23:00:00+02:00;320,000;1,000;MESURE
2025-08-05 00:00:00+02:00;388,000;1,000;MESURE
2025-08-05 01:00:00+02:00;224,000;1,000;MESURE
2025-08-05 02:00:00+02:00;241,000;1,000;MESURE
2025-08-05 03:00:00+02:00;379,000;1,000;MESURE
2025-08-05 04:00:00+02:00;271,000;1,000;MESURE
2025-08-05 05:00:00+02:00;260,000;1,000;MESURE
2025-08-05 06:00:00+02:00;275,000;1,000;MESURE
2025-08-05 07:00:00+02:00;202,000;1,000;MESURE
2025-08-05 08:00:00+02:00;422,000;1,000;MESURE
2025-08-05 09:00:00+02:00;223,000;1,000;MESURE
2025-08-05 10:00:00+02:00;223,000;1,000;MESURE
2025-08-05 11:00:00+02:00;346,000;1,000;MESURE
2025-08-05 12:00:00+02:00;340,000;1,000;MESURE
2025-08-05 13:00:00+02:00;407,000;1,000;MESURE
2025-08-05 14:00:00+02:00;351,000;1,000;MESURE
2025-08-05 15:00:00+02:00;266,000;1,000;MESURE
2025-08-05 16:00:00+02:00;387,000;1,000;MESURE
2025-08-05 17:00:00+02:00;735,000;1,000;MESURE
2025-08-05 18:00:00+02:00;2059,000;1,000;MESURE
2025-08-05 19:00:00+02:00;306,000;1,000;MESURE
2025-08-05 20:00:00+02:00;361,000;1,000;MESURE
2025-08-05 21:00:00+02:00;375,000;1,000;MESURE
2025-08-05 22:00:00+02:00;380,000;1,000;MESURE
2025-08-05 23:00:00+02:00;327,000;1,000;MESURE
2025-08-06 00:00:00+02:00;230,000;1,000;MESURE
2025-08-06 01:00:00+02:00;351,000;1,000;MESURE
2025-08-06 02:00:00+02:00;370,000;1,000;MESURE
2025-08-06 03:00:00+02:00;236,000;1,000;MESURE
2025-08-06 04:00:00+02:00;320,000;1,000;MESURE
2025-08-06 05:00:00+02:00;235,000;1,000;MESURE
2025-08-06 06:00:00+02:00;327,000;1,000;MESURE
2025-08-06 07:00:00+02:00;264,000;1,000;MESURE
2025-08-06 08:00:00+02:00;187,000;1,000;MESURE
2025-08-06 09:00:00+02:00;273,000;1,000;MESURE
2025-08-06 10:00:00+02:00;331,000;1,000;MESURE
2025-08-06 11:00:00+02:00;291,000;1,000;MESURE
2025-08-06 12:00:00+02:00;320,000;1,000;MESURE
2025-08-06 13:00:00+02:00;211,000;1,000;MESURE
2025-08-06 14:00:00+02:00;367,000;1,000;MESURE
2025-08-06 15:00:00+02:00;348,000;1,000;MESURE
2025-08-06 16:00:00+02:00;238,000;1,000;MESURE
2025-08-06 17:00:00+02:00;347,000;1,000;MESURE
2025-08-06 18:00:00+02:00;307,000;1,000;MESURE
2025-08-06 19:00:00+02:00;374,000;1,000;MESURE
2025-08-06 20:00:00+02:00;363,000;1,000;MESURE
2025-08-06 21:00:00+02:00;245,000;1,000;MESURE
2025-08-06 22:00:00+02:00;313,000;1,000;MESURE
2025-08-06 23:00:00+02:00;379,000;1,000;MESURE
2025-08-07 00:00:00+02:00;212,000;1,000;MESURE
2025-08-07 01:00:00+02:00;333,000;1,000;MESURE
2025-08-07 02:00:00+02:00;187,000;1,000;MESURE
2025-08-07 03:00:00+02:00;375,000;1,000;MESURE
2025-08-07 04:00:00+02:00;276,000;1,000;MESURE
2025-08-07 05:00:00+02:00;1117,000;1,000;MESURE
2025-08-07 06:00:00+02:00;1471,000;1,000;MESURE
2025-08-07 07:00:00+02:00;280,000;1,000;MESURE
2025-08-07 08:00:00+02:00;270,000;1,000;MESURE
2025-08-07 09:00:00+02:00;323,000;1,000;MESURE
2025-08-07 10:00:00+02:00;192,000;1,000;MESURE
2025-08-07 11:00:00+02:00;285,000;1,000;MESURE
2025-08-07 12:00:00+02:00;410,000;1,000;MESURE
2025-08-07 13:00:00+02:00;245,000;1,000;MESURE
2025-08-07 14:00:00+02:00;347,000;1,000;MESURE
2025-08-07 15:00:00+02:00;275,000;1,000;MESURE
2025-08-07 16:00:00+02:00;348,000;1,000;MESURE
2025-08-07 17:00:00+02:00;562,000;1,000;MESURE
2025-08-07 18:00:00+02:00;415,000;1,000;MESURE
2025-08-07 19:00:00+02:00;288,000;1,000;MESURE
2025-08-07 20:00:00+02:00;391,000;1,000;MESURE
2025-08-07 21:00:00+02:00;335,000;1,000;MESURE
2025-08-07 22:00:00+02:00;355,000;1,000;MESURE
2025-08-07 23:00:00+02:00;433,000;1,000;MESURE
2025-08-08 00:00:00+02:00;254,000;1,000;MESURE
2025-08-08 01:00:00+02:00;242,000;1,000;MESURE
2025-08-08 02:00:00+02:00;435,000;1,000;MESURE
2025-08-08 03:00:00+02:00;299,000;1,000;MESURE
2025-08-08 04:00:00+02:00;331,000;1,000;MESURE
2025-08-08 05:00:00+02:00;239,000;1,000;MESURE
2025-08-08 06:00:00+02:00;290,000;1,000;MESURE
2025-08-08 07:00:00+02:00;421,000;1,000;MESURE
2025-08-08 08:00:00+02:00;202,000;1,000;MESURE
2025-08-08 09:00:00+02:00;287,000;1,000;MESURE
2025-08-08 10:00:00+02:00;303,000;1,000;MESURE
2025-08-08 11:00:00+02:00;379,000;1,000;MESURE
2025-08-08 12:00:00+02:00;429,000;1,000;MESURE
2025-08-08 13:00:00+02:00;395,000;1,000;MESURE
2025-08-08 14:00:00+02:00;301,000;1,000;MESURE
2025-08-08 15:00:00+02:00;413,000;1,000;MESURE
2025-08-08 16:00:00+02:00;534,000;1,000;MESURE
2025-08-08 17:00:00+02:00;487,000;1,000;MESURE
2025-08-08 18:00:00+02:00;516,000;1,000;MESURE
2025-08-08 19:00:00+02:00;519,000;1,000;MESURE
2025-08-08 20:00:00+02:00;420,000;1,000;MESURE
2025-08-08 21:00:00+02:00;300,000;1,000;MESURE
2025-08-08 22:00:00+02:00;360,000;1,000;MESURE
2025-08-08 23:00:00+02:00;580,000;1,000;MESURE
2025-08-09 00:00:00+02:00;2159,000;1,000;MESURE
2025-08-09 01:00:00+02:00;485,000;1,000;MESURE
2025-08-09 02:00:00+02:00;340,000;1,000;MESURE
2025-08-09 03:00:00+02:00;235,000;1,000;MESURE
2025-08-09 04:00:00+02:00;346,000;1,000;MESURE
2025-08-09 05:00:00+02:00;359,000;1,000;MESURE
2025-08-09 06:00:00+02:00;384,000;1,000;MESURE
2025-08-09 07:00:00+02:00;387,000;1,000;MESURE
2025-08-09 08:00:00+02:00;286,000;1,000;MESURE
2025-08-09 09:00:00+02:00;459,000;1,000;MESURE
2025-08-09 10:00:00+02:00;357,000;1,000;MESURE
2025-08-09 11:00:00+02:00;335,000;1,000;MESURE
2025-08-09 12:00:00+02:00;360,000;1,000;MESURE
2025-08-09 13:00:00+02:00;466,000;1,000;MESURE
2025-08-09 14:00:00+02:00;409,000;1,000;MESURE
2025-08-09 15:00:00+02:00;419,000;1,000;MESURE
2025-08-09 16:00:00+02:00;504,000;1,000;MESURE
2025-08-09 17:00:00+02:00;526,000;1,000;MESURE
2025-08-09 18:00:00+02:00;542,000;1,000;MESURE
2025-08-09 19:00:00+02:00;373,000;1,000;MESURE
2025-08-09 20:00:00+02:00;462,000;1,000;MESURE
2025-08-09 21:00:00+02:00;524,000;1,000;MESURE
2025-08-09 22:00:00+02:00;334,000;1,000;MESURE
2025-08-09 23:00:00+02:00;316,000;1,000;MESURE
2025-08-10 00:00:00+02:00;407,000;1,000;MESURE
2025-08-10 01:00:00+02:00;325,000;1,000;MESURE
2025-08-10 02:00:00+02:00;423,000;1,000;MESURE
2025-08-10 03:00:00+02:00;426,000;1,000;MESURE
2025-08-10 04:00:00+02:00;234,000;1,000;MESURE
2025-08-10 05:00:00+02:00;342,000;1,000;MESURE
2025-08-10 06:00:00+02:00;352,000;1,000;MESURE
2025-08-10 07:00:00+02:00;334,000;1,000;MESURE
2025-08-10 08:00:00+02:00;384,000;1,000;MESURE
2025-08-10 09:00:00+02:00;246,000;1,000;MESURE
2025-08-10 10:00:00+02:00;330,000;1,000;MESURE
2025-08-10 11:00:00+02:00;473,000;1,000;MESURE
2025-08-10 12:00:00+02:00;324,000;1,000;MESURE
2025-08-10 13:00:00+02:00;343,000;1,000;MESURE
2025-08-10 14:00:00+02:00;407,000;1,000;MESURE
2025-08-10 15:00:00+02:00;475,000;1,000;MESURE
2025-08-10 16:00:00+02:00;335,000;1,000;MESURE
2025-08-10 17:00:00+02:00;441,000;1,000;MESURE
2025-08-10 18:00:00+02:00;567,000;1,000;MESURE
2025-08-10 19:00:00+02:00;481,000;1,000;MESURE
2025-08-10 20:00:00+02:00;328,000;1,000;MESURE
2025-08-10 21:00:00+02:00;2034,000;1,000;MESURE
2025-08-10 22:00:00+02:00;777,000;1,000;MESURE
2025-08-10 23:00:00+02:00;368,000;1,000;MESURE
2025-08-11 00:00:00+02:00;384,000;1,000;MESURE
2025-08-11 01:00:00+02:00;387,000;1,000;MESURE
2025-08-11 02:00:00+02:00;203,000;1,000;MESURE
2025-08-11 03:00:00+02:00;365,000;1,000;MESURE
2025-08-11 04:00:00+02:00;409,000;1,000;MESURE
2025-08-11 05:00:00+02:00;221,000;1,000;MESURE
2025-08-11 06:00:00+02:00;355,000;1,000;MESURE
2025-08-11 07:00:00+02:00;224,000;1,000;MESURE
2025-08-11 08:00:00+02:00;387,000;1,000;MESURE
2025-08-11 09:00:00+02:00;356,000;1,000;MESURE
2025-08-11 10:00:00+02:00;195,000;1,000;MESURE
2025-08-11 11:00:00+02:00;343,000;1,000;MESURE
2025-08-11 12:00:00+02:00;391,000;1,000;MESURE
2025-08-11 13:00:00+02:00;319,000;1,000;MESURE
2025-08-11 14:00:00+02:00;462,000;1,000;MESURE
2025-08-11 15:00:00+02:00;398,000;1,000;MESURE
2025-08-11 16:00:00+02:00;306,000;1,000;MESURE
2025-08-11 17:00:00+02:00;478,000;1,000;MESURE
2025-08-11 18:00:00+02:00;490,000;1,000;MESURE
2025-08-11 19:00:00+02:00;533,000;1,000;MESURE
2025-08-11 20:00:00+02:00;444,000;1,000;MESURE
2025-08-11 21:00:00+02:00;344,000;1,000;MESURE
2025-08-11 22:00:00+02:00;331,000;1,000;MESURE
2025-08-11 23:00:00+02:00;370,000;1,000;MESURE
2025-08-12 00:00:00+02:00;315,000;1,000;MESURE
2025-08-12 01:00:00+02:00;441,000;1,000;MESURE
2025-08-12 02:00:00+02:00;347,000;1,000;MESURE
2025-08-12 03:00:00+02:00;240,000;1,000;MESURE
2025-08-12 04:00:00+02:00;363,000;1,000;MESURE
2025-08-12 05:00:00+02:00;352,000;1,000;MESURE
2025-08-12 06:00:00+02:00;362,000;1,000;MESURE
2025-08-12 07:00:00+02:00;281,000;1,000;MESURE
2025-08-12 08:00:00+02:00;229,000;1,000;MESURE
2025-08-12 09:00:00+02:00;412,000;1,000;MESURE
2025-08-12 10:00:00+02:00;371,000;1,000;MESURE
2025-08-12 11:00:00+02:00;309,000;1,000;MESURE
2025-08-12 12:00:00+02:00;368,000;1,000;MESURE
2025-08-12 13:00:00+02:00;420,000;1,000;MESURE
2025-08-12 14:00:00+02:00;768,000;1,000;MESURE
2025-08-12 15:00:00+02:00;2172,000;1,000;MESURE
2025-08-12 16:00:00+02:00;542,000;1,000;MESURE
2025-08-12 17:00:00+02:00;497,000;1,000;MESURE
2025-08-12 18:00:00+02:00;491,000;1,000;MESURE
2025-08-12 19:00:00+02:00;542,000;1,000;MESURE
2025-08-12 20:00:00+02:00;519,000;1,000;MESURE
2025-08-12 21:00:00+02:00;406,000;1,000;MESURE
2025-08-12 22:00:00+02:00;386,000;1,000;MESURE
2025-08-12 23:00:00+02:00;425,000;1,000;MESURE
2025-08-13 00:00:00+02:00;300,000;1,000;MESURE
2025-08-13 01:00:00+02:00;288,000;1,000;MESURE
2025-08-13 02:00:00+02:00;502,000;1,000;MESURE
2025-08-13 03:00:00+02:00;352,000;1,000;MESURE
2025-08-13 04:00:00+02:00;274,000;1,000;MESURE
2025-08-13 05:00:00+02:00;355,000;1,000;MESURE
2025-08-13 06:00:00+02:00;250,000;1,000;MESURE
2025-08-13 07:00:00+02:00;393,000;1,000;MESURE
2025-08-13 08:00:00+02:00;358,000;1,000;MESURE
2025-08-13 09:00:00+02:00;234,000;1,000;MESURE
2025-08-13 10:00:00+02:00;359,000;1,000;MESURE
2025-08-13 11:00:00+02:00;425,000;1,000;MESURE
2025-08-13 12:00:00+02:00;343,000;1,000;MESURE
2025-08-13 13:00:00+02:00;501,000;1,000;MESURE
2025-08-13 14:00:00+02:00;446,000;1,000;MESURE
2025-08-13 15:00:00+02:00;418,000;1,000;MESURE
2025-08-13 16:00:00+02:00;443,000;1,000;MESURE
2025-08-13 17:00:00+02:00;534,000;1,000;MESURE
2025-08-13 18:00:00+02:00;548,000;1,000;MESURE
2025-08-13 19:00:00+02:00;518,000;1,000;MESURE
2025-08-13 20:00:00+02:00;518,000;1,000;MESURE
2025-08-13 21:00:00+02:00;438,000;1,000;MESURE
2025-08-13 22:00:00+02:00;347,000;1,000;MESURE
2025-08-13 23:00:00+02:00;517,000;1,000;MESURE
2025-08-14 00:00:00+02:00;292,000;1,000;MESURE
2025-08-14 01:00:00+02:00;264,000;1,000;MESURE
2025-08-14 02:00:00+02:00;399,000;1,000;MESURE
2025-08-14 03:00:00+02:00;388,000;1,000;MESURE
2025-08-14 04:00:00+02:00;330,000;1,000;MESURE
2025-08-14 05:00:00+02:00;372,000;1,000;MESURE
2025-08-14 06:00:00+02:00;227,000;1,000;MESURE
2025-08-14 07:00:00+02:00;355,000;1,000;MESURE
2025-08-14 08:00:00+02:00;413,000;1,000;MESURE
2025-08-14 09:00:00+02:00;234,000;1,000;MESURE
2025-08-14 10:00:00+02:00;389,000;1,000;MESURE
2025-08-14 11:00:00+02:00;309,000;1,000;MESURE
2025-08-14 12:00:00+02:00;381,000;1,000;MESURE
2025-08-14 13:00:00+02:00;1565,000;1,000;MESURE
2025-08-14 14:00:00+02:00;1392,000;1,000;MESURE
2025-08-14 15:00:00+02:00;245,000;1,000;MESURE
2025-08-14 16:00:00+02:00;428,000;1,000;MESURE
2025-08-14 17:00:00+02:00;536,000;1,000;MESURE
2025-08-14 18:00:00+02:00;758,000;1,000;MESURE
2025-08-14 19:00:00+02:00;353,000;1,000;MESURE
2025-08-14 20:00:00+02:00;493,000;1,000;MESURE
2025-08-14 21:00:00+02:00;526,000;1,000;MESURE
2025-08-14 22:00:00+02:00;256,000;1,000;MESURE
2025-08-14 23:00:00+02:00;347,000;1,000;MESURE
2025-08-15 00:00:00+02:00;447,000;1,000;MESURE
2025-08-15 01:00:00+02:00;354,000;1,000;MESURE
2025-08-15 02:00:00+02:00;394,000;1,000;MESURE
2025-08-15 03:00:00+02:00;303,000;1,000;MESURE
2025-08-15 04:00:00+02:00;238,000;1,000;MESURE
2025-08-15 05:00:00+02:00;464,000;1,000;MESURE
2025-08-15 06:00:00+02:00;335,000;1,000;MESURE
2025-08-15 07:00:00+02:00;268,000;1,000;MESURE
2025-08-15 08:00:00+02:00;344,000;1,000;MESURE
2025-08-15 09:00:00+02:00;265,000;1,000;MESURE
2025-08-15 10:00:00+02:00;457,000;1,000;MESURE
2025-08-15 11:00:00+02:00;402,000;1,000;MESURE
2025-08-15 12:00:00+02:00;215,000;1,000;MESURE
2025-08-15 13:00:00+02:00;403,000;1,000;MESURE
2025-08-15 14:00:00+02:00;519,000;1,000;MESURE
2025-08-15 15:00:00+02:00;427,000;1,000;MESURE
2025-08-15 16:00:00+02:00;405,000;1,000;MESURE
2025-08-15 17:00:00+02:00;540,000;1,000;MESURE
2025-08-15 18:00:00+02:00;530,000;1,000;MESURE
2025-08-15 19:00:00+02:00;498,000;1,000;MESURE
2025-08-15 20:00:00+02:00;374,000;1,000;MESURE
2025-08-15 21:00:00+02:00;373,000;1,000;MESURE
2025-08-15 22:00:00+02:00;403,000;1,000;MESURE
2025-08-15 23:00:00+02:00;288,000;1,000;MESURE
2025-08-16 00:00:00+02:00;379,000;1,000;MESURE
2025-08-16 01:00:00+02:00;500,000;1,000;MESURE
2025-08-16 02:00:00+02:00;291,000;1,000;MESURE
2025-08-16 03:00:00+02:00;277,000;1,000;MESURE
2025-08-16 04:00:00+02:00;336,000;1,000;MESURE
2025-08-16 05:00:00+02:00;353,000;1,000;MESURE
2025-08-16 06:00:00+02:00;405,000;1,000;MESURE
2025-08-16 07:00:00+02:00;265,000;1,000;MESURE
2025-08-16 08:00:00+02:00;343,000;1,000;MESURE
2025-08-16 09:00:00+02:00;2379,000;1,000;MESURE
2025-08-16 10:00:00+02:00;333,000;1,000;MESURE
2025-08-16 11:00:00+02:00;331,000;1,000;MESURE
2025-08-16 12:00:00+02:00;381,000;1,000;MESURE
2025-08-16 13:00:00+02:00;283,000;1,000;MESURE
2025-08-16 14:00:00+02:00;432,000;1,000;MESURE
2025-08-16 15:00:00+02:00;508,000;1,000;MESURE
2025-08-16 16:00:00+02:00;468,000;1,000;MESURE
2025-08-16 17:00:00+02:00;333,000;1,000;MESURE
2025-08-16 18:00:00+02:00;420,000;1,000;MESURE
2025-08-16 19:00:00+02:00;404,000;1,000;MESURE
2025-08-16 20:00:00+02:00;345,000;1,000;MESURE
2025-08-16 21:00:00+02:00;388,000;1,000;MESURE
2025-08-16 22:00:00+02:00;500,000;1,000;MESURE
2025-08-16 23:00:00+02:00;311,000;1,000;MESURE
2025-08-17 00:00:00+02:00;254,000;1,000;MESURE
2025-08-17 01:00:00+02:00;396,000;1,000;MESURE
2025-08-17 02:00:00+02:00;344,000;1,000;MESURE
2025-08-17 03:00:00+02:00;354,000;1,000;MESURE
2025-08-17 04:00:00+02:00;289,000;1,000;MESURE
2025-08-17 05:00:00+02:00;215,000;1,000;MESURE
2025-08-17 06:00:00+02:00;412,000;1,000;MESURE
2025-08-17 07:00:00+02:00;302,000;1,000;MESURE
2025-08-17 08:00:00+02:00;278,000;1,000;MESURE
2025-08-17 09:00:00+02:00;319,000;1,000;MESURE
2025-08-17 10:00:00+02:00;254,000;1,000;MESURE
2025-08-17 11:00:00+02:00;458,000;1,000;MESURE
2025-08-17 12:00:00+02:00;320,000;1,000;MESURE
2025-08-17 13:00:00+02:00;256,000;1,000;MESURE
2025-08-17 14:00:00+02:00;398,000;1,000;MESURE
2025-08-17 15:00:00+02:00;419,000;1,000;MESURE
2025-08-17 16:00:00+02:00;390,000;1,000;MESURE
2025-08-17 17:00:00+02:00;465,000;1,000;MESURE
2025-08-17 18:00:00+02:00;332,000;1,000;MESURE
2025-08-17 19:00:00+02:00;250,000;1,000;MESURE
2025-08-17 20:00:00+02:00;474,000;1,000;MESURE
2025-08-17 21:00:00+02:00;420,000;1,000;MESURE
2025-08-17 22:00:00+02:00;308,000;1,000;MESURE
2025-08-17 23:00:00+02:00;373,000;1,000;MESURE
2025-08-18 00:00:00+02:00;247,000;1,000;MESURE
2025-08-18 01:00:00+02:00;343,000;1,000;MESURE
2025-08-18 02:00:00+02:00;2274,000;1,000;MESURE
2025-08-18 03:00:00+02:00;413,000;1,000;MESURE
2025-08-18 04:00:00+02:00;308,000;1,000;MESURE
2025-08-18 05:00:00+02:00;314,000;1,000;MESURE
2025-08-18 06:00:00+02:00;303,000;1,000;MESURE
2025-08-18 07:00:00+02:00;357,000;1,000;MESURE
2025-08-18 08:00:00+02:00;202,000;1,000;MESURE
2025-08-18 09:00:00+02:00;276,000;1,000;MESURE
2025-08-18 10:00:00+02:00;401,000;1,000;MESURE
2025-08-18 11:00:00+02:00;282,000;1,000;MESURE
2025-08-18 12:00:00+02:00;353,000;1,000;MESURE
2025-08-18 13:00:00+02:00;243,000;1,000;MESURE
2025-08-18 14:00:00+02:00;384,000;1,000;MESURE
2025-08-18 15:00:00+02:00;491,000;1,000;MESURE
2025-08-18 16:00:00+02:00;363,000;1,000;MESURE
2025-08-18 17:00:00+02:00;363,000;1,000;MESURE
2025-08-18 18:00:00+02:00;403,000;1,000;MESURE
2025-08-18 19:00:00+02:00;317,000;1,000;MESURE
2025-08-18 20:00:00+02:00;364,000;1,000;MESURE
2025-08-18 21:00:00+02:00;496,000;1,000;MESURE
2025-08-18 22:00:00+02:00;318,000;1,000;MESURE
2025-08-18 23:00:00+02:00;275,000;1,000;MESURE
2025-08-19 00:00:00+02:00;336,000;1,000;MESURE
2025-08-19 01:00:00+02:00;338,000;1,000;MESURE
2025-08-19 02:00:00+02:00;407,000;1,000;MESURE
2025-08-19 03:00:00+02:00;259,000;1,000;MESURE
2025-08-19 04:00:00+02:00;225,000;1,000;MESURE
2025-08-19 05:00:00+02:00;418,000;1,000;MESURE
2025-08-19 06:00:00+02:00;279,000;1,000;MESURE
2025-08-19 07:00:00+02:00;293,000;1,000;MESURE
2025-08-19 08:00:00+02:00;272,000;1,000;MESURE
2025-08-19 09:00:00+02:00;220,000;1,000;MESURE
2025-08-19 10:00:00+02:00;432,000;1,000;MESURE
2025-08-19 11:00:00+02:00;261,000;1,000;MESURE
2025-08-19 12:00:00+02:00;279,000;1,000;MESURE
2025-08-19 13:00:00+02:00;345,000;1,000;MESURE
2025-08-19 14:00:00+02:00;280,000;1,000;MESURE
2025-08-19 15:00:00+02:00;1087,000;1,000;MESURE
2025-08-19 16:00:00+02:00;1684,000;1,000;MESURE
2025-08-19 17:00:00+02:00;204,000;1,000;MESURE
2025-08-19 18:00:00+02:00;388,000;1,000;MESURE
2025-08-19 19:00:00+02:00;359,000;1,000;MESURE
2025-08-19 20:00:00+02:00;344,000;1,000;MESURE
2025-08-19 21:00:00+02:00;324,000;1,000;MESURE
2025-08-19 22:00:00+02:00;225,000;1,000;MESURE
2025-08-19 23:00:00+02:00;395,000;1,000;MESURE
2025-08-20 00:00:00+02:00;333,000;1,000;MESURE
2025-08-20 01:00:00+02:00;231,000;1,000;MESURE
2025-08-20 02:00:00+02:00;342,000;1,000;MESURE
2025-08-20 03:00:00+02:00;207,000;1,000;MESURE
2025-08-20 04:00:00+02:00;412,000;1,000;MESURE
2025-08-20 05:00:00+02:00;269,000;1,000;MESURE
2025-08-20 06:00:00+02:00;209,000;1,000;MESURE
2025-08-20 07:00:00+02:00;351,000;1,000;MESURE
2025-08-20 08:00:00+02:00;263,000;1,000;MESURE
2025-08-20 09:00:00+02:00;352,000;1,000;MESURE
2025-08-20 10:00:00+02:00;276,000;1,000;MESURE
2025-08-20 11:00:00+02:00;220,000;1,000;MESURE
2025-08-20 12:00:00+02:00;323,000;1,000;MESURE
2025-08-20 13:00:00+02:00;331,000;1,000;MESURE
2025-08-20 14:00:00+02:00;358,000;1,000;MESURE
2025-08-20 15:00:00+02:00;290,000;1,000;MESURE
2025-08-20 16:00:00+02:00;211,000;1,000;MESURE
2025-08-20 17:00:00+02:00;412,000;1,000;MESURE
2025-08-20 18:00:00+02:00;339,000;1,000;MESURE
2025-08-20 19:00:00+02:00;239,000;1,000;MESURE
2025-08-20 20:00:00+02:00;333,000;1,000;MESURE
2025-08-20 21:00:00+02:00;171,000;1,000;MESURE
2025-08-20 22:00:00+02:00;419,000;1,000;MESURE
2025-08-20 23:00:00+02:00;293,000;1,000;MESURE
2025-08-21 00:00:00+02:00;173,000;1,000;MESURE
2025-08-21 01:00:00+02:00;334,000;1,000;MESURE
2025-08-21 02:00:00+02:00;2266,000;1,000;MESURE
2025-08-21 03:00:00+02:00;313,000;1,000;MESURE
2025-08-21 04:00:00+02:00;282,000;1,000;MESURE
2025-08-21 05:00:00+02:00;199,000;1,000;MESURE
2025-08-21 06:00:00+02:00;270,000;1,000;MESURE
2025-08-21 07:00:00+02:00;308,000;1,000;MESURE
2025-08-21 08:00:00+02:00;247,000;1,000;MESURE
2025-08-21 09:00:00+02:00;322,000;1,000;MESURE
2025-08-21 10:00:00+02:00;176,000;1,000;MESURE
2025-08-21 11:00:00+02:00;242,000;1,000;MESURE
2025-08-21 12:00:00+02:00;419,000;1,000;MESURE
2025-08-21 13:00:00+02:00;222,000;1,000;MESURE
2025-08-21 14:00:00+02:00;320,000;1,000;MESURE
2025-08-21 15:00:00+02:00;259,000;1,000;MESURE
2025-08-21 16:00:00+02:00;230,000;1,000;MESURE
2025-08-21 17:00:00+02:00;447,000;1,000;MESURE
2025-08-21 18:00:00+02:00;249,000;1,000;MESURE
2025-08-21 19:00:00+02:00;296,000;1,000;MESURE
2025-08-21 20:00:00+02:00;230,000;1,000;MESURE
2025-08-21 21:00:00+02:00;279,000;1,000;MESURE
2025-08-21 22:00:00+02:00;438,000;1,000;MESURE
2025-08-21 23:00:00+02:00;190,000;1,000;MESURE
2025-08-22 00:00:00+02:00;236,000;1,000;MESURE
2025-08-22 01:00:00+02:00;307,000;1,000;MESURE
2025-08-22 02:00:00+02:00;285,000;1,000;MESURE
2025-08-22 03:00:00+02:00;335,000;1,000;MESURE
2025-08-22 04:00:00+02:00;244,000;1,000;MESURE
2025-08-22 05:00:00+02:00;173,000;1,000;MESURE
2025-08-22 06:00:00+02:00;339,000;1,000;MESURE
2025-08-22 07:00:00+02:00;316,000;1,000;MESURE
2025-08-22 08:00:00+02:00;215,000;1,000;MESURE
2025-08-22 09:00:00+02:00;304,000;1,000;MESURE
2025-08-22 10:00:00+02:00;1865,000;1,000;MESURE
2025-08-22 11:00:00+02:00;628,000;1,000;MESURE
2025-08-22 12:00:00+02:00;345,000;1,000;MESURE
2025-08-22 13:00:00+02:00;217,000;1,000;MESURE
2025-08-22 14:00:00+02:00;352,000;1,000;MESURE
2025-08-22 15:00:00+02:00;200,000;1,000;MESURE
2025-08-22 16:00:00+02:00;414,000;1,000;MESURE
2025-08-22 17:00:00+02:00;399,000;1,000;MESURE
2025-08-22 18:00:00+02:00;193,000;1,000;MESURE
2025-08-22 19:00:00+02:00;326,000;1,000;MESURE
2025-08-22 20:00:00+02:00;279,000;1,000;MESURE
2025-08-22 21:00:00+02:00;359,000;1,000;MESURE
2025-08-22 22:00:00+02:00;347,000;1,000;MESURE
2025-08-22 23:00:00+02:00;187,000;1,000;MESURE
2025-08-23 00:00:00+02:00;302,000;1,000;MESURE
2025-08-23 01:00:00+02:00;309,000;1,000;MESURE
2025-08-23 02:00:00+02:00;284,000;1,000;MESURE
2025-08-23 03:00:00+02:00;323,000;1,000;MESURE
2025-08-23 04:00:00+02:00;191,000;1,000;MESURE
2025-08-23 05:00:00+02:00;196,000;1,000;MESURE
2025-08-23 06:00:00+02:00;426,000;1,000;MESURE
2025-08-23 07:00:00+02:00;197,000;1,000;MESURE
2025-08-23 08:00:00+02:00;232,000;1,000;MESURE
2025-08-23 09:00:00+02:00;282,000;1,000;MESURE
2025-08-23 10:00:00+02:00;201,000;1,000;MESURE
2025-08-23 11:00:00+02:00;396,000;1,000;MESURE
2025-08-23 12:00:00+02:00;262,000;1,000;MESURE
2025-08-23 13:00:00+02:00;216,000;1,000;MESURE
2025-08-23 14:00:00+02:00;336,000;1,000;MESURE
2025-08-23 15:00:00+02:00;276,000;1,000;MESURE
2025-08-23 16:00:00+02:00;364,000;1,000;MESURE
2025-08-23 17:00:00+02:00;327,000;1,000;MESURE
2025-08-23 18:00:00+02:00;210,000;1,000;MESURE
2025-08-23 19:00:00+02:00;2011,000;1,000;MESURE
2025-08-23 20:00:00+02:00;604,000;1,000;MESURE
2025-08-23 21:00:00+02:00;275,000;1,000;MESURE
2025-08-23 22:00:00+02:00;342,000;1,000;MESURE
2025-08-23 23:00:00+02:00;185,000;1,000;MESURE
2025-08-24 00:00:00+02:00;304,000;1,000;MESURE
2025-08-24 01:00:00+02:00;379,000;1,000;MESURE
2025-08-24 02:00:00+02:00;171,000;1,000;MESURE
2025-08-24 03:00:00+02:00;305,000;1,000;MESURE
2025-08-24 04:00:00+02:00;233,000;1,000;MESURE
2025-08-24 05:00:00+02:00;239,000;1,000;MESURE
2025-08-24 06:00:00+02:00;407,000;1,000;MESURE
2025-08-24 07:00:00+02:00;281,000;1,000;MESURE
2025-08-24 08:00:00+02:00;174,000;1,000;MESURE
2025-08-24 09:00:00+02:00;288,000;1,000;MESURE
2025-08-24 10:00:00+02:00;294,000;1,000;MESURE
2025-08-24 11:00:00+02:00;260,000;1,000;MESURE
2025-08-24 12:00:00+02:00;326,000;1,000;MESURE
2025-08-24 13:00:00+02:00;199,000;1,000;MESURE
2025-08-24 14:00:00+02:00;252,000;1,000;MESURE
2025-08-24 15:00:00+02:00;464,000;1,000;MESURE
2025-08-24 16:00:00+02:00;281,000;1,000;MESURE
2025-08-24 17:00:00+02:00;293,000;1,000;MESURE
2025-08-24 18:00:00+02:00;294,000;1,000;MESURE
2025-08-24 19:00:00+02:00;254,000;1,000;MESURE
2025-08-24 20:00:00+02:00;451,000;1,000;MESURE
2025-08-24 21:00:00+02:00;280,000;1,000;MESURE
2025-08-24 22:00:00+02:00;230,000;1,000;MESURE
2025-08-24 23:00:00+02:00;311,000;1,000;MESURE
2025-08-25 00:00:00+02:00;287,000;1,000;MESURE
2025-08-25 01:00:00+02:00;322,000;1,000;MESURE
2025-08-25 02:00:00+02:00;282,000;1,000;MESURE
2025-08-25 03:00:00+02:00;1269,000;1,000;MESURE
2025-08-25 04:00:00+02:00;1130,000;1,000;MESURE
2025-08-25 05:00:00+02:00;348,000;1,000;MESURE
2025-08-25 06:00:00+02:00;251,000;1,000;MESURE
2025-08-25 07:00:00+02:00;268,000;1,000;MESURE
2025-08-25 08:00:00+02:00;261,000;1,000;MESURE
2025-08-25 09:00:00+02:00;192,000;1,000;MESURE
2025-08-25 10:00:00+02:00;392,000;1,000;MESURE
2025-08-25 11:00:00+02:00;239,000;1,000;MESURE
2025-08-25 12:00:00+02:00;213,000;1,000;MESURE
2025-08-25 13:00:00+02:00;357,000;1,000;MESURE
2025-08-25 14:00:00+02:00;272,000;1,000;MESURE
2025-08-25 15:00:00+02:00;376,000;1,000;MESURE
2025-08-25 16:00:00+02:00;390,000;1,000;MESURE
2025-08-25 17:00:00+02:00;234,000;1,000;MESURE
2025-08-25 18:00:00+02:00;334,000;1,000;MESURE
2025-08-25 19:00:00+02:00;433,000;1,000;MESURE
2025-08-25 20:00:00+02:00;337,000;1,000;MESURE
2025-08-25 21:00:00+02:00;378,000;1,000;MESURE
2025-08-25 22:00:00+02:00;242,000;1,000;MESURE
2025-08-25 23:00:00+02:00;260,000;1,000;MESURE
2025-08-26 00:00:00+02:00;461,000;1,000;MESURE
2025-08-26 01:00:00+02:00;228,000;1,000;MESURE
2025-08-26 02:00:00+02:00;299,000;1,000;MESURE
2025-08-26 03:00:00+02:00;276,000;1,000;MESURE
2025-08-26 04:00:00+02:00;260,000;1,000;MESURE
2025-08-26 05:00:00+02:00;419,000;1,000;MESURE
2025-08-26 06:00:00+02:00;203,000;1,000;MESURE
2025-08-26 07:00:00+02:00;232,000;1,000;MESURE
2025-08-26 08:00:00+02:00;302,000;1,000;MESURE
2025-08-26 09:00:00+02:00;299,000;1,000;MESURE
2025-08-26 10:00:00+02:00;374,000;1,000;MESURE
2025-08-26 11:00:00+02:00;228,000;1,000;MESURE
2025-08-26 12:00:00+02:00;285,000;1,000;MESURE
2025-08-26 13:00:00+02:00;1953,000;1,000;MESURE
2025-08-26 14:00:00+02:00;849,000;1,000;MESURE
2025-08-26 15:00:00+02:00;404,000;1,000;MESURE
2025-08-26 16:00:00+02:00;397,000;1,000;MESURE
2025-08-26 17:00:00+02:00;266,000;1,000;MESURE
2025-08-26 18:00:00+02:00;433,000;1,000;MESURE
2025-08-26 19:00:00+02:00;490,000;1,000;MESURE
2025-08-26 20:00:00+02:00;342,000;1,000;MESURE
2025-08-26 21:00:00+02:00;305,000;1,000;MESURE
2025-08-26 22:00:00+02:00;327,000;1,000;MESURE
2025-08-26 23:00:00+02:00;318,000;1,000;MESURE
2025-08-27 00:00:00+02:00;441,000;1,000;MESURE
2025-08-27 01:00:00+02:00;283,000;1,000;MESURE
2025-08-27 02:00:00+02:00;211,000;1,000;MESURE
2025-08-27 03:00:00+02:00;401,000;1,000;MESURE
2025-08-27 04:00:00+02:00;336,000;1,000;MESURE
2025-08-27 05:00:00+02:00;328,000;1,000;MESURE
2025-08-27 06:00:00+02:00;284,000;1,000;MESURE
2025-08-27 07:00:00+02:00;217,000;1,000;MESURE
2025-08-27 08:00:00+02:00;422,000;1,000;MESURE
2025-08-27 09:00:00+02:00;286,000;1,000;MESURE
2025-08-27 10:00:00+02:00;304,000;1,000;MESURE
2025-08-27 11:00:00+02:00;271,000;1,000;MESURE
2025-08-27 12:00:00+02:00;293,000;1,000;MESURE
2025-08-27 13:00:00+02:00;486,000;1,000;MESURE
2025-08-27 14:00:00+02:00;268,000;1,000;MESURE
2025-08-27 15:00:00+02:00;323,000;1,000;MESURE
2025-08-27 16:00:00+02:00;388,000;1,000;MESURE
2025-08-27 17:00:00+02:00;420,000;1,000;MESURE
2025-08-27 18:00:00+02:00;371,000;1,000;MESURE
2025-08-27 19:00:00+02:00;390,000;1,000;MESURE
2025-08-27 20:00:00+02:00;211,000;1,000;MESURE
2025-08-27 21:00:00+02:00;258,000;1,000;MESURE
2025-08-27 22:00:00+02:00;433,000;1,000;MESURE
2025-08-27 23:00:00+02:00;291,000;1,000;MESURE
2025-08-28 00:00:00+02:00;292,000;1,000;MESURE
2025-08-28 01:00:00+02:00;249,000;1,000;MESURE
2025-08-28 02:00:00+02:00;240,000;1,000;MESURE
2025-08-28 03:00:00+02:00;441,000;1,000;MESURE
2025-08-28 04:00:00+02:00;2234,000;1,000;MESURE
2025-08-28 05:00:00+02:00;236,000;1,000;MESURE
2025-08-28 06:00:00+02:00;287,000;1,000;MESURE
2025-08-28 07:00:00+02:00;260,000;1,000;MESURE
2025-08-28 08:00:00+02:00;335,000;1,000;MESURE
2025-08-28 09:00:00+02:00;198,000;1,000;MESURE
2025-08-28 10:00:00+02:00;188,000;1,000;MESURE
2025-08-28 11:00:00+02:00;333,000;1,000;MESURE
2025-08-28 12:00:00+02:00;244,000;1,000;MESURE
2025-08-28 13:00:00+02:00;273,000;1,000;MESURE
2025-08-28 14:00:00+02:00;211,000;1,000;MESURE
2025-08-28 15:00:00+02:00;213,000;1,000;MESURE
2025-08-28 16:00:00+02:00;404,000;1,000;MESURE
2025-08-28 17:00:00+02:00;239,000;1,000;MESURE
2025-08-28 18:00:00+02:00;266,000;1,000;MESURE
2025-08-28 19:00:00+02:00;197,000;1,000;MESURE
2025-08-28 20:00:00+02:00;225,000;1,000;MESURE
2025-08-28 21:00:00+02:00;415,000;1,000;MESURE
2025-08-28 22:00:00+02:00;145,000;1,000;MESURE
2025-08-28 23:00:00+02:00;226,000;1,000;MESURE
2025-08-29 00:00:00+02:00;203,000;1,000;MESURE
2025-08-29 01:00:00+02:00;266,000;1,000;MESURE
2025-08-29 02:00:00+02:00;319,000;1,000;MESURE
2025-08-29 03:00:00+02:00;142,000;1,000;MESURE
2025-08-29 04:00:00+02:00;172,000;1,000;MESURE
2025-08-29 05:00:00+02:00;272,000;1,000;MESURE
2025-08-29 06:00:00+02:00;244,000;1,000;MESURE
2025-08-29 07:00:00+02:00;207,000;1,000;MESURE
2025-08-29 08:00:00+02:00;187,000;1,000;MESURE
2025-08-29 09:00:00+02:00;155,000;1,000;MESURE
2025-08-29 10:00:00+02:00;314,000;1,000;MESURE
2025-08-29 11:00:00+02:00;239,000;1,000;MESURE
2025-08-29 12:00:00+02:00;224,000;1,000;MESURE
2025-08-29 13:00:00+02:00;1088,000;1,000;MESURE
2025-08-29 14:00:00+02:00;1257,000;1,000;MESURE
2025-08-29 15:00:00+02:00;402,000;1,000;MESURE
2025-08-29 16:00:00+02:00;212,000;1,000;MESURE
2025-08-29 17:00:00+02:00;179,000;1,000;MESURE
2025-08-29 18:00:00+02:00;253,000;1,000;MESURE
2025-08-29 19:00:00+02:00;224,000;1,000;MESURE
2025-08-29 20:00:00+02:00;342,000;1,000;MESURE
2025-08-29 21:00:00+02:00;164,000;1,000;MESURE
2025-08-29 22:00:00+02:00;180,000;1,000;MESURE
2025-08-29 23:00:00+02:00;240,000;1,000;MESURE
2025-08-30 00:00:00+02:00;226,000;1,000;MESURE
2025-08-30 01:00:00+02:00;262,000;1,000;MESURE
2025-08-30 02:00:00+02:00;204,000;1,000;MESURE
2025-08-30 03:00:00+02:00;134,000;1,000;MESURE
2025-08-30 04:00:00+02:00;212,000;1,000;MESURE
2025-08-30 05:00:00+02:00;309,000;1,000;MESURE
2025-08-30 06:00:00+02:00;131,000;1,000;MESURE
2025-08-30 07:00:00+02:00;257,000;1,000;MESURE
2025-08-30 08:00:00+02:00;557,000;1,000;MESURE
2025-08-30 09:00:00+02:00;739,000;1,000;MESURE
2025-08-30 10:00:00+02:00;1553,000;1,000;MESURE
2025-08-30 11:00:00+02:00;893,000;1,000;MESURE
2025-08-30 12:00:00+02:00;174,000;1,000;MESURE
2025-08-30 13:00:00+02:00;236,000;1,000;MESURE
2025-08-30 14:00:00+02:00;181,000;1,000;MESURE
2025-08-30 15:00:00+02:00;331,000;1,000;MESURE
2025-08-30 16:00:00+02:00;245,000;1,000;MESURE
2025-08-30 17:00:00+02:00;139,000;1,000;MESURE
2025-08-30 18:00:00+02:00;283,000;1,000;MESURE
2025-08-30 19:00:00+02:00;306,000;1,000;MESURE
2025-08-30 20:00:00+02:00;234,000;1,000;MESURE
2025-08-30 21:00:00+02:00;306,000;1,000;MESURE
2025-08-30 22:00:00+02:00;114,000;1,000;MESURE
2025-08-30 23:00:00+02:00;268,000;1,000;MESURE
2025-08-31 00:00:00+02:00;268,000;1,000;MESURE
2025-08-31 01:00:00+02:00;139,000;1,000;MESURE
2025-08-31 02:00:00+02:00;280,000;1,000;MESURE
2025-08-31 03:00:00+02:00;144,000;1,000;MESURE
2025-08-31 04:00:00+02:00;287,000;1,000;MESURE
2025-08-31 05:00:00+02:00;270,000;1,000;MESURE
2025-08-31 06:00:00+02:00;127,000;1,000;MESURE
2025-08-31 07:00:00+02:00;216,000;1,000;MESURE
2025-08-31 08:00:00+02:00;223,000;1,000;MESURE
2025-08-31 09:00:00+02:00;255,000;1,000;MESURE
2025-08-31 10:00:00+02:00;275,000;1,000;MESURE
2025-08-31 11:00:00+02:00;148,000;1,000;MESURE
2025-08-31 12:00:00+02:00;194,000;1,000;MESURE
2025-08-31 13:00:00+02:00;389,000;1,000;MESURE
2025-08-31 14:00:00+02:00;265,000;1,000;MESURE
2025-08-31 15:00:00+02:00;263,000;1,000;MESURE
2025-08-31 16:00:00+02:00;216,000;1,000;MESURE
2025-08-31 17:00:00+02:00;237,000;1,000;MESURE
2025-08-31 18:00:00+02:00;451,000;1,000;MESURE
2025-08-31 19:00:00+02:00;297,000;1,000;MESURE
2025-08-31 20:00:00+02:00;221,000;1,000;MESURE
2025-08-31 21:00:00+02:00;1654,000;1,000;MESURE
2025-08-31 22:00:00+02:00;766,000;1,000;MESURE
2025-08-31 23:00:00+02:00;366,000;1,000;MESURE
2025-09-01 00:00:00+02:00;235,000;1,000;MESURE
2025-09-01 01:00:00+02:00;158,000;1,000;MESURE
2025-09-01 02:00:00+02:00;297,000;1,000;MESURE
2025-09-01 03:00:00+02:00;253,000;1,000;MESURE
2025-09-01 04:00:00+02:00;293,000;1,000;MESURE
2025-09-01 05:00:00+02:00;178,000;1,000;MESURE
2025-09-01 06:00:00+02:00;157,000;1,000;MESURE
2025-09-01 07:00:00+02:00;341,000;1,000;MESURE
2025-09-01 08:00:00+02:00;236,000;1,000;MESURE
2025-09-01 09:00:00+02:00;176,000;1,000;MESURE
2025-09-01 10:00:00+02:00;317,000;1,000;MESURE
2025-09-01 11:00:00+02:00;153,000;1,000;MESURE
2025-09-01 12:00:00+02:00;357,000;1,000;MESURE
2025-09-01 13:00:00+02:00;224,000;1,000;MESURE
2025-09-01 14:00:00+02:00;207,000;1,000;MESURE
2025-09-01 15:00:00+02:00;232,000;1,000;MESURE
2025-09-01 16:00:00+02:00;213,000;1,000;MESURE
2025-09-01 17:00:00+02:00;353,000;1,000;MESURE
2025-09-01 18:00:00+02:00;169,000;1,000;MESURE
2025-09-01 19:00:00+02:00;162,000;1,000;MESURE
2025-09-01 20:00:00+02:00;262,000;1,000;MESURE
2025-09-01 21:00:00+02:00;246,000;1,000;MESURE
2025-09-01 22:00:00+02:00;268,000;1,000;MESURE
2025-09-01 23:00:00+02:00;184,000;1,000;MESURE
2025-09-02 00:00:00+02:00;127,000;1,000;MESURE
2025-09-02 01:00:00+02:00;321,000;1,000;MESURE
2025-09-02 02:00:00+02:00;206,000;1,000;MESURE
2025-09-02 03:00:00+02:00;185,000;1,000;MESURE
2025-09-02 04:00:00+02:00;231,000;1,000;MESURE
2025-09-02 05:00:00+02:00;124,000;1,000;MESURE
2025-09-02 06:00:00+02:00;1172,000;1,000;MESURE
2025-09-02 07:00:00+02:00;1372,000;1,000;MESURE
2025-09-02 08:00:00+02:00;986,000;1,000;MESURE
2025-09-02 09:00:00+02:00;1847,000;1,000;MESURE
2025-09-02 10:00:00+02:00;178,000;1,000;MESURE
2025-09-02 11:00:00+02:00;234,000;1,000;MESURE
2025-09-02 12:00:00+02:00;278,000;1,000;MESURE
2025-09-02 13:00:00+02:00;189,000;1,000;MESURE
2025-09-02 14:00:00+02:00;162,000;1,000;MESURE
2025-09-02 15:00:00+02:00;279,000;1,000;MESURE
2025-09-02 16:00:00+02:00;266,000;1,000;MESURE
2025-09-02 17:00:00+02:00;282,000;1,000;MESURE
2025-09-02 18:00:00+02:00;257,000;1,000;MESURE
2025-09-02 19:00:00+02:00;142,000;1,000;MESURE
2025-09-02 20:00:00+02:00;329,000;1,000;MESURE
2025-09-02 21:00:00+02:00;288,000;1,000;MESURE
2025-09-02 22:00:00+02:00;152,000;1,000;MESURE
2025-09-02 23:00:00+02:00;272,000;1,000;MESURE
2025-09-03 00:00:00+02:00;148,000;1,000;MESURE
2025-09-03 01:00:00+02:00;319,000;1,000;MESURE
2025-09-03 02:00:00+02:00;250,000;1,000;MESURE
2025-09-03 03:00:00+02:00;141,000;1,000;MESURE
2025-09-03 04:00:00+02:00;257,000;1,000;MESURE
2025-09-03 05:00:00+02:00;181,000;1,000;MESURE
2025-09-03 06:00:00+02:00;254,000;1,000;MESURE
2025-09-03 07:00:00+02:00;284,000;1,000;MESURE
2025-09-03 08:00:00+02:00;107,000;1,000;MESURE
2025-09-03 09:00:00+02:00;198,000;1,000;MESURE
2025-09-03 10:00:00+02:00;299,000;1,000;MESURE
2025-09-03 11:00:00+02:00;233,000;1,000;MESURE
2025-09-03 12:00:00+02:00;261,000;1,000;MESURE
2025-09-03 13:00:00+02:00;205,000;1,000;MESURE
2025-09-03 14:00:00+02:00;206,000;1,000;MESURE
2025-09-03 15:00:00+02:00;422,000;1,000;MESURE
2025-09-03 16:00:00+02:00;262,000;1,000;MESURE
2025-09-03 17:00:00+02:00;223,000;1,000;MESURE
2025-09-03 18:00:00+02:00;327,000;1,000;MESURE
2025-09-03 19:00:00+02:00;267,000;1,000;MESURE
2025-09-03 20:00:00+02:00;364,000;1,000;MESURE
2025-09-03 21:00:00+02:00;281,000;1,000;MESURE
2025-09-03 22:00:00+02:00;1827,000;1,000;MESURE
2025-09-03 23:00:00+02:00;305,000;1,000;MESURE
2025-09-04 00:00:00+02:00;312,000;1,000;MESURE
2025-09-04 01:00:00+02:00;250,000;1,000;MESURE
2025-09-04 02:00:00+02:00;307,000;1,000;MESURE
2025-09-04 03:00:00+02:00;133,000;1,000;MESURE
2025-09-04 04:00:00+02:00;301,000;1,000;MESURE
2025-09-04 05:00:00+02:00;327,000;1,000;MESURE
2025-09-04 06:00:00+02:00;146,000;1,000;MESURE
2025-09-04 07:00:00+02:00;303,000;1,000;MESURE
2025-09-04 08:00:00+02:00;175,000;1,000;MESURE
2025-09-04 09:00:00+02:00;315,000;1,000;MESURE
2025-09-04 10:00:00+02:00;254,000;1,000;MESURE
2025-09-04 11:00:00+02:00;173,000;1,000;MESURE
2025-09-04 12:00:00+02:00;321,000;1,000;MESURE
2025-09-04 13:00:00+02:00;244,000;1,000;MESURE
2025-09-04 14:00:00+02:00;292,000;1,000;MESURE
2025-09-04 15:00:00+02:00;246,000;1,000;MESURE
2025-09-04 16:00:00+02:00;145,000;1,000;MESURE
2025-09-04 17:00:00+02:00;357,000;1,000;MESURE
2025-09-04 18:00:00+02:00;237,000;1,000;MESURE
2025-09-04 19:00:00+02:00;194,000;1,000;MESURE
2025-09-04 20:00:00+02:00;241,000;1,000;MESURE
2025-09-04 21:00:00+02:00;155,000;1,000;MESURE
2025-09-04 22:00:00+02:00;350,000;1,000;MESURE
2025-09-04 23:00:00+02:00;195,000;1,000;MESURE
2025-09-05 00:00:00+02:00;176,000;1,000;MESURE
2025-09-05 01:00:00+02:00;234,000;1,000;MESURE
2025-09-05 02:00:00+02:00;190,000;1,000;MESURE
2025-09-05 03:00:00+02:00;280,000;1,000;MESURE
2025-09-05 04:00:00+02:00;209,000;1,000;MESURE
2025-09-05 05:00:00+02:00;137,000;1,000;MESURE
2025-09-05 06:00:00+02:00;230,000;1,000;MESURE
2025-09-05 07:00:00+02:00;1671,000;1,000;MESURE
2025-09-05 08:00:00+02:00;750,000;1,000;MESURE
2025-09-05 09:00:00+02:00;264,000;1,000;MESURE
2025-09-05 10:00:00+02:00;127,000;1,000;MESURE
2025-09-05 11:00:00+02:00;188,000;1,000;MESURE
2025-09-05 12:00:00+02:00;339,000;1,000;MESURE
2025-09-05 13:00:00+02:00;165,000;1,000;MESURE
2025-09-05 14:00:00+02:00;235,000;1,000;MESURE
2025-09-05 15:00:00+02:00;193,000;1,000;MESURE
2025-09-05 16:00:00+02:00;228,000;1,000;MESURE
2025-09-05 17:00:00+02:00;368,000;1,000;MESURE
2025-09-05 18:00:00+02:00;155,000;1,000;MESURE
2025-09-05 19:00:00+02:00;195,000;1,000;MESURE
2025-09-05 20:00:00+02:00;246,000;1,000;MESURE
2025-09-05 21:00:00+02:00;243,000;1,000;MESURE
2025-09-05 22:00:00+02:00;261,000;1,000;MESURE
2025-09-05 23:00:00+02:00;209,000;1,000;MESURE
2025-09-06 00:00:00+02:00;110,000;1,000;MESURE
2025-09-06 01:00:00+02:00;288,000;1,000;MESURE
2025-09-06 02:00:00+02:00;251,000;1,000;MESURE
2025-09-06 03:00:00+02:00;130,000;1,000;MESURE
2025-09-06 04:00:00+02:00;200,000;1,000;MESURE
2025-09-06 05:00:00+02:00;186,000;1,000;MESURE
2025-09-06 06:00:00+02:00;158,000;1,000;MESURE
2025-09-06 07:00:00+02:00;197,000;1,000;MESURE
2025-09-06 08:00:00+02:00;972,000;1,000;MESURE
2025-09-06 09:00:00+02:00;417,000;1,000;MESURE
2025-09-06 10:00:00+02:00;156,000;1,000;MESURE
2025-09-06 11:00:00+02:00;2175,000;1,000;MESURE
2025-09-06 12:00:00+02:00;599,000;1,000;MESURE
2025-09-06 13:00:00+02:00;226,000;1,000;MESURE
2025-09-06 14:00:00+02:00;316,000;1,000;MESURE
2025-09-06 15:00:00+02:00;253,000;1,000;MESURE
2025-09-06 16:00:00+02:00;874,000;1,000;MESURE
2025-09-06 17:00:00+02:00;268,000;1,000;MESURE
2025-09-06 18:00:00+02:00;168,000;1,000;MESURE
2025-09-06 19:00:00+02:00;283,000;1,000;MESURE
2025-09-06 20:00:00+02:00;323,000;1,000;MESURE
2025-09-06 21:00:00+02:00;201,000;1,000;MESURE
2025-09-06 22:00:00+02:00;277,000;1,000;MESURE
2025-09-06 23:00:00+02:00;184,000;1,000;MESURE
2025-09-07 00:00:00+02:00;267,000;1,000;MESURE
2025-09-07 01:00:00+02:00;301,000;1,000;MESURE
2025-09-07 02:00:00+02:00;1591,000;1,000;MESURE
2025-09-07 03:00:00+02:00;229,000;1,000;MESURE
2025-09-07 04:00:00+02:00;234,000;1,000;MESURE
2025-09-07 05:00:00+02:00;244,000;1,000;MESURE
2025-09-07 06:00:00+02:00;261,000;1,000;MESURE
2025-09-07 07:00:00+02:00;147,000;1,000;MESURE
2025-09-07 08:00:00+02:00;164,000;1,000;MESURE
2025-09-07 09:00:00+02:00;354,000;1,000;MESURE
2025-09-07 10:00:00+02:00;195,000;1,000;MESURE
2025-09-07 11:00:00+02:00;244,000;1,000;MESURE
2025-09-07 12:00:00+02:00;187,000;1,000;MESURE
2025-09-07 13:00:00+02:00;244,000;1,000;MESURE
2025-09-07 14:00:00+02:00;435,000;1,000;MESURE
2025-09-07 15:00:00+02:00;212,000;1,000;MESURE
2025-09-07 16:00:00+02:00;218,000;1,000;MESURE
2025-09-07 17:00:00+02:00;364,000;1,000;MESURE
2025-09-07 18:00:00+02:00;310,000;1,000;MESURE
2025-09-07 19:00:00+02:00;337,000;1,000;MESURE
2025-09-07 20:00:00+02:00;273,000;1,000;MESURE
2025-09-07 21:00:00+02:00;179,000;1,000;MESURE
2025-09-07 22:00:00+02:00;357,000;1,000;MESURE
2025-09-07 23:00:00+02:00;325,000;1,000;MESURE
2025-09-08 00:00:00+02:00;157,000;1,000;MESURE
2025-09-08 01:00:00+02:00;300,000;1,000;MESURE
2025-09-08 02:00:00+02:00;192,000;1,000;MESURE
2025-09-08 03:00:00+02:00;332,000;1,000;MESURE
2025-09-08 04:00:00+02:00;258,000;1,000;MESURE
2025-09-08 05:00:00+02:00;153,000;1,000;MESURE
2025-09-08 06:00:00+02:00;268,000;1,000;MESURE
2025-09-08 07:00:00+02:00;262,000;1,000;MESURE
2025-09-08 08:00:00+02:00;286,000;1,000;MESURE
2025-09-08 09:00:00+02:00;2058,000;1,000;MESURE
2025-09-08 10:00:00+02:00;177,000;1,000;MESURE
2025-09-08 11:00:00+02:00;352,000;1,000;MESURE
2025-09-08 12:00:00+02:00;256,000;1,000;MESURE
2025-09-08 13:00:00+02:00;194,000;1,000;MESURE
2025-09-08 14:00:00+02:00;233,000;1,000;MESURE
2025-09-08 15:00:00+02:00;184,000;1,000;MESURE
2025-09-08 16:00:00+02:00;419,000;1,000;MESURE
2025-09-08 17:00:00+02:00;211,000;1,000;MESURE
2025-09-08 18:00:00+02:00;226,000;1,000;MESURE
2025-09-08 19:00:00+02:00;240,000;1,000;MESURE
2025-09-08 20:00:00+02:00;234,000;1,000;MESURE
2025-09-08 21:00:00+02:00;383,000;1,000;MESURE
2025-09-08 22:00:00+02:00;176,000;1,000;MESURE
2025-09-08 23:00:00+02:00;194,000;1,000;MESURE
2025-09-09 00:00:00+02:00;253,000;1,000;MESURE
2025-09-09 01:00:00+02:00;269,000;1,000;MESURE
2025-09-09 02:00:00+02:00;288,000;1,000;MESURE
2025-09-09 03:00:00+02:00;121,000;1,000;MESURE
2025-09-09 04:00:00+02:00;221,000;1,000;MESURE
2025-09-09 05:00:00+02:00;318,000;1,000;MESURE
2025-09-09 06:00:00+02:00;158,000;1,000;MESURE
2025-09-09 07:00:00+02:00;274,000;1,000;MESURE
2025-09-09 08:00:00+02:00;169,000;1,000;MESURE
2025-09-09 09:00:00+02:00;171,000;1,000;MESURE
2025-09-09 10:00:00+02:00;362,000;1,000;MESURE
2025-09-09 11:00:00+02:00;152,000;1,000;MESURE
2025-09-09 12:00:00+02:00;241,000;1,000;MESURE
2025-09-09 13:00:00+02:00;172,000;1,000;MESURE
2025-09-09 14:00:00+02:00;290,000;1,000;MESURE
2025-09-09 15:00:00+02:00;307,000;1,000;MESURE
2025-09-09 16:00:00+02:00;168,000;1,000;MESURE
2025-09-09 17:00:00+02:00;263,000;1,000;MESURE
2025-09-09 18:00:00+02:00;1236,000;1,000;MESURE
2025-09-09 19:00:00+02:00;1186,000;1,000;MESURE
2025-09-09 20:00:00+02:00;270,000;1,000;MESURE
2025-09-09 21:00:00+02:00;167,000;1,000;MESURE
2025-09-09 22:00:00+02:00;241,000;1,000;MESURE
2025-09-09 23:00:00+02:00;259,000;1,000;MESURE
2025-09-10 00:00:00+02:00;214,000;1,000;MESURE
2025-09-10 01:00:00+02:00;269,000;1,000;MESURE
2025-09-10 02:00:00+02:00;123,000;1,000;MESURE
2025-09-10 03:00:00+02:00;239,000;1,000;MESURE
2025-09-10 04:00:00+02:00;296,000;1,000;MESURE
2025-09-10 05:00:00+02:00;141,000;1,000;MESURE
2025-09-10 06:00:00+02:00;210,000;1,000;MESURE
2025-09-10 07:00:00+02:00;189,000;1,000;MESURE
2025-09-10 08:00:00+02:00;155,000;1,000;MESURE
2025-09-10 09:00:00+02:00;348,000;1,000;MESURE
2025-09-10 10:00:00+02:00;140,000;1,000;MESURE
2025-09-10 11:00:00+02:00;170,000;1,000;MESURE
2025-09-10 12:00:00+02:00;254,000;1,000;MESURE
2025-09-10 13:00:00+02:00;206,000;1,000;MESURE
2025-09-10 14:00:00+02:00;339,000;1,000;MESURE
2025-09-10 15:00:00+02:00;219,000;1,000;MESURE
2025-09-10 16:00:00+02:00;149,000;1,000;MESURE
2025-09-10 17:00:00+02:00;297,000;1,000;MESURE
2025-09-10 18:00:00+02:00;281,000;1,000;MESURE
2025-09-10 19:00:00+02:00;293,000;1,000;MESURE
2025-09-10 20:00:00+02:00;221,000;1,000;MESURE
2025-09-10 21:00:00+02:00;169,000;1,000;MESURE
2025-09-10 22:00:00+02:00;324,000;1,000;MESURE
2025-09-10 23:00:00+02:00;249,000;1,000;MESURE
2025-09-11 00:00:00+02:00;214,000;1,000;MESURE
2025-09-11 01:00:00+02:00;242,000;1,000;MESURE
2025-09-11 02:00:00+02:00;1670,000;1,000;MESURE
2025-09-11 03:00:00+02:00;728,000;1,000;MESURE
2025-09-11 04:00:00+02:00;220,000;1,000;MESURE
2025-09-11 05:00:00+02:00;154,000;1,000;MESURE
2025-09-11 06:00:00+02:00;239,000;1,000;MESURE
2025-09-11 07:00:00+02:00;187,000;1,000;MESURE
2025-09-11 08:00:00+02:00;306,000;1,000;MESURE
2025-09-11 09:00:00+02:00;205,000;1,000;MESURE
2025-09-11 10:00:00+02:00;137,000;1,000;MESURE
2025-09-11 11:00:00+02:00;249,000;1,000;MESURE
2025-09-11 12:00:00+02:00;243,000;1,000;MESURE
2025-09-11 13:00:00+02:00;273,000;1,000;MESURE
2025-09-11 14:00:00+02:00;239,000;1,000;MESURE
2025-09-11 15:00:00+02:00;144,000;1,000;MESURE
2025-09-11 16:00:00+02:00;297,000;1,000;MESURE
2025-09-11 17:00:00+02:00;313,000;1,000;MESURE
2025-09-11 18:00:00+02:00;204,000;1,000;MESURE
2025-09-11 19:00:00+02:00;287,000;1,000;MESURE
2025-09-11 20:00:00+02:00;163,000;1,000;MESURE
2025-09-11 21:00:00+02:00;287,000;1,000;MESURE
2025-09-11 22:00:00+02:00;275,000;1,000;MESURE
2025-09-11 23:00:00+02:00;158,000;1,000;MESURE
2025-09-12 00:00:00+02:00;283,000;1,000;MESURE
2025-09-12 01:00:00+02:00;137,000;1,000;MESURE
2025-09-12 02:00:00+02:00;299,000;1,000;MESURE
2025-09-12 03:00:00+02:00;259,000;1,000;MESURE
2025-09-12 04:00:00+02:00;111,000;1,000;MESURE
2025-09-12 05:00:00+02:00;228,000;1,000;MESURE
2025-09-12 06:00:00+02:00;268,000;1,000;MESURE
2025-09-12 07:00:00+02:00;195,000;1,000;MESURE
2025-09-12 08:00:00+02:00;237,000;1,000;MESURE
2025-09-12 09:00:00+02:00;542,000;1,000;MESURE
2025-09-12 10:00:00+02:00;1681,000;1,000;MESURE
2025-09-12 11:00:00+02:00;366,000;1,000;MESURE
2025-09-12 12:00:00+02:00;174,000;1,000;MESURE
2025-09-12 13:00:00+02:00;209,000;1,000;MESURE
2025-09-12 14:00:00+02:00;242,000;1,000;MESURE
2025-09-12 15:00:00+02:00;174,000;1,000;MESURE
2025-09-12 16:00:00+02:00;349,000;1,000;MESURE
2025-09-12 17:00:00+02:00;222,000;1,000;MESURE
2025-09-12 18:00:00+02:00;180,000;1,000;MESURE
2025-09-12 19:00:00+02:00;285,000;1,000;MESURE
2025-09-12 20:00:00+02:00;202,000;1,000;MESURE
2025-09-12 21:00:00+02:00;288,000;1,000;MESURE
2025-09-12 22:00:00+02:00;226,000;1,000;MESURE
2025-09-12 23:00:00+02:00;109,000;1,000;MESURE
2025-09-13 00:00:00+02:00;249,000;1,000;MESURE
2025-09-13 01:00:00+02:00;304,000;1,000;MESURE
2025-09-13 02:00:00+02:00;131,000;1,000;MESURE
2025-09-13 03:00:00+02:00;238,000;1,000;MESURE
2025-09-13 04:00:00+02:00;151,000;1,000;MESURE
2025-09-13 05:00:00+02:00;183,000;1,000;MESURE
2025-09-13 06:00:00+02:00;306,000;1,000;MESURE
2025-09-13 07:00:00+02:00;170,000;1,000;MESURE
2025-09-13 08:00:00+02:00;888,000;1,000;MESURE
2025-09-13 09:00:00+02:00;805,000;1,000;MESURE
2025-09-13 10:00:00+02:00;2247,000;1,000;MESURE
2025-09-13 11:00:00+02:00;3216,000;1,000;MESURE
2025-09-13 12:00:00+02:00;3777,000;1,000;MESURE
2025-09-13 13:00:00+02:00;3600,000;1,000;MESURE
2025-09-13 14:00:00+02:00;1126,000;1,000;MESURE
2025-09-13 15:00:00+02:00;931,000;1,000;MESURE
2025-09-13 16:00:00+02:00;1736,000;1,000;MESURE
2025-09-13 17:00:00+02:00;2329,000;1,000;MESURE
2025-09-13 18:00:00+02:00;358,000;1,000;MESURE
2025-09-13 19:00:00+02:00;236,000;1,000;MESURE
2025-09-13 20:00:00+02:00;210,000;1,000;MESURE
2025-09-13 21:00:00+02:00;274,000;1,000;MESURE
2025-09-13 22:00:00+02:00;147,000;1,000;MESURE
2025-09-13 23:00:00+02:00;316,000;1,000;MESURE
2025-09-14 00:00:00+02:00;271,000;1,000;MESURE
2025-09-14 01:00:00+02:00;167,000;1,000;MESURE
2025-09-14 02:00:00+02:00;210,000;1,000;MESURE
2025-09-14 03:00:00+02:00;253,000;1,000;MESURE
2025-09-14 04:00:00+02:00;256,000;1,000;MESURE
2025-09-14 05:00:00+02:00;229,000;1,000;MESURE
2025-09-14 06:00:00+02:00;186,000;1,000;MESURE
2025-09-14 07:00:00+02:00;141,000;1,000;MESURE
2025-09-14 08:00:00+02:00;343,000;1,000;MESURE
2025-09-14 09:00:00+02:00;226,000;1,000;MESURE
2025-09-14 10:00:00+02:00;137,000;1,000;MESURE
2025-09-14 11:00:00+02:00;295,000;1,000;MESURE
2025-09-14 12:00:00+02:00;156,000;1,000;MESURE
2025-09-14 13:00:00+02:00;280,000;1,000;MESURE
2025-09-14 14:00:00+02:00;328,000;1,000;MESURE
2025-09-14 15:00:00+02:00;174,000;1,000;MESURE
2025-09-14 16:00:00+02:00;241,000;1,000;MESURE
2025-09-14 17:00:00+02:00;251,000;1,000;MESURE
2025-09-14 18:00:00+02:00;280,000;1,000;MESURE
2025-09-14 19:00:00+02:00;318,000;1,000;MESURE
2025-09-14 20:00:00+02:00;162,000;1,000;MESURE
2025-09-14 21:00:00+02:00;188,000;1,000;MESURE
2025-09-14 22:00:00+02:00;350,000;1,000;MESURE
2025-09-14 23:00:00+02:00;233,000;1,000;MESURE
2025-09-15 00:00:00+02:00;250,000;1,000;MESURE
2025-09-15 01:00:00+02:00;193,000;1,000;MESURE
2025-09-15 02:00:00+02:00;181,000;1,000;MESURE
2025-09-15 03:00:00+02:00;408,000;1,000;MESURE
2025-09-15 04:00:00+02:00;1635,000;1,000;MESURE
2025-09-15 05:00:00+02:00;204,000;1,000;MESURE
2025-09-15 06:00:00+02:00;238,000;1,000;MESURE
2025-09-15 07:00:00+02:00;224,000;1,000;MESURE
2025-09-15 08:00:00+02:00;331,000;1,000;MESURE
2025-09-15 09:00:00+02:00;169,000;1,000;MESURE
2025-09-15 10:00:00+02:00;196,000;1,000;MESURE
2025-09-15 11:00:00+02:00;288,000;1,000;MESURE
2025-09-15 12:00:00+02:00;273,000;1,000;MESURE
2025-09-15 13:00:00+02:00;336,000;1,000;MESURE
2025-09-15 14:00:00+02:00;247,000;1,000;MESURE
2025-09-15 15:00:00+02:00;195,000;1,000;MESURE
2025-09-15 16:00:00+02:00;411,000;1,000;MESURE
2025-09-15 17:00:00+02:00;307,000;1,000;MESURE
2025-09-15 18:00:00+02:00;287,000;1,000;MESURE
2025-09-15 19:00:00+02:00;284,000;1,000;MESURE
2025-09-15 20:00:00+02:00;183,000;1,000;MESURE
2025-09-15 21:00:00+02:00;411,000;1,000;MESURE
2025-09-15 22:00:00+02:00;264,000;1,000;MESURE
2025-09-15 23:00:00+02:00;183,000;1,000;MESURE
2025-09-16 00:00:00+02:00;276,000;1,000;MESURE
2025-09-16 01:00:00+02:00;248,000;1,000;MESURE
2025-09-16 02:00:00+02:00;341,000;1,000;MESURE
2025-09-16 03:00:00+02:00;207,000;1,000;MESURE
2025-09-16 04:00:00+02:00;187,000;1,000;MESURE
2025-09-16 05:00:00+02:00;285,000;1,000;MESURE
2025-09-16 06:00:00+02:00;250,000;1,000;MESURE
2025-09-16 07:00:00+02:00;256,000;1,000;MESURE
2025-09-16 08:00:00+02:00;219,000;1,000;MESURE
2025-09-16 09:00:00+02:00;124,000;1,000;MESURE
2025-09-16 10:00:00+02:00;361,000;1,000;MESURE
2025-09-16 11:00:00+02:00;231,000;1,000;MESURE
2025-09-16 12:00:00+02:00;218,000;1,000;MESURE
2025-09-16 13:00:00+02:00;1801,000;1,000;MESURE
2025-09-16 14:00:00+02:00;480,000;1,000;MESURE
2025-09-16 15:00:00+02:00;393,000;1,000;MESURE
2025-09-16 16:00:00+02:00;214,000;1,000;MESURE
2025-09-16 17:00:00+02:00;202,000;1,000;MESURE
2025-09-16 18:00:00+02:00;233,000;1,000;MESURE
2025-09-16 19:00:00+02:00;266,000;1,000;MESURE
2025-09-16 20:00:00+02:00;317,000;1,000;MESURE
2025-09-16 21:00:00+02:00;191,000;1,000;MESURE
2025-09-16 22:00:00+02:00;135,000;1,000;MESURE
2025-09-16 23:00:00+02:00;326,000;1,000;MESURE
2025-09-17 00:00:00+02:00;264,000;1,000;MESURE
2025-09-17 01:00:00+02:00;126,000;1,000;MESURE
2025-09-17 02:00:00+02:00;282,000;1,000;MESURE
2025-09-17 03:00:00+02:00;134,000;1,000;MESURE
2025-09-17 04:00:00+02:00;192,000;1,000;MESURE
2025-09-17 05:00:00+02:00;335,000;1,000;MESURE
2025-09-17 06:00:00+02:00;158,000;1,000;MESURE
2025-09-17 07:00:00+02:00;133,000;1,000;MESURE
2025-09-17 08:00:00+02:00;185,000;1,000;MESURE
2025-09-17 09:00:00+02:00;238,000;1,000;MESURE
2025-09-17 10:00:00+02:00;246,000;1,000;MESURE
2025-09-17 11:00:00+02:00;145,000;1,000;MESURE
2025-09-17 12:00:00+02:00;274,000;1,000;MESURE
2025-09-17 13:00:00+02:00;145,000;1,000;MESURE
2025-09-17 14:00:00+02:00;205,000;1,000;MESURE
2025-09-17 15:00:00+02:00;408,000;1,000;MESURE
2025-09-17 16:00:00+02:00;159,000;1,000;MESURE
2025-09-17 17:00:00+02:00;181,000;1,000;MESURE
2025-09-17 18:00:00+02:00;273,000;1,000;MESURE
2025-09-17 19:00:00+02:00;1637,000;1,000;MESURE
2025-09-17 20:00:00+02:00;883,000;1,000;MESURE
2025-09-17 21:00:00+02:00;197,000;1,000;MESURE
2025-09-17 22:00:00+02:00;164,000;1,000;MESURE
2025-09-17 23:00:00+02:00;253,000;1,000;MESURE
2025-09-18 00:00:00+02:00;259,000;1,000;MESURE
2025-09-18 01:00:00+02:00;198,000;1,000;MESURE
2025-09-18 02:00:00+02:00;257,000;1,000;MESURE
2025-09-18 03:00:00+02:00;150,000;1,000;MESURE
2025-09-18 04:00:00+02:00;158,000;1,000;MESURE
2025-09-18 05:00:00+02:00;307,000;1,000;MESURE
2025-09-18 06:00:00+02:00;229,000;1,000;MESURE
2025-09-18 07:00:00+02:00;131,000;1,000;MESURE
2025-09-18 08:00:00+02:00;139,000;1,000;MESURE
2025-09-18 09:00:00+02:00;270,000;1,000;MESURE
2025-09-18 10:00:00+02:00;217,000;1,000;MESURE
2025-09-18 11:00:00+02:00;206,000;1,000;MESURE
2025-09-18 12:00:00+02:00;249,000;1,000;MESURE
2025-09-18 13:00:00+02:00;172,000;1,000;MESURE
2025-09-18 14:00:00+02:00;194,000;1,000;MESURE
2025-09-18 15:00:00+02:00;407,000;1,000;MESURE
2025-09-18 16:00:00+02:00;216,000;1,000;MESURE
2025-09-18 17:00:00+02:00;225,000;1,000;MESURE
2025-09-18 18:00:00+02:00;245,000;1,000;MESURE
2025-09-18 19:00:00+02:00;235,000;1,000;MESURE
2025-09-18 20:00:00+02:00;390,000;1,000;MESURE
2025-09-18 21:00:00+02:00;187,000;1,000;MESURE
2025-09-18 22:00:00+02:00;173,000;1,000;MESURE
2025-09-18 23:00:00+02:00;288,000;1,000;MESURE
2025-09-19 00:00:00+02:00;220,000;1,000;MESURE
2025-09-19 01:00:00+02:00;241,000;1,000;MESURE
2025-09-19 02:00:00+02:00;1729,000;1,000;MESURE
2025-09-19 03:00:00+02:00;570,000;1,000;MESURE
2025-09-19 04:00:00+02:00;195,000;1,000;MESURE
2025-09-19 05:00:00+02:00;341,000;1,000;MESURE
2025-09-19 06:00:00+02:00;163,000;1,000;MESURE
2025-09-19 07:00:00+02:00;122,000;1,000;MESURE
2025-09-19 08:00:00+02:00;293,000;1,000;MESURE
2025-09-19 09:00:00+02:00;137,000;1,000;MESURE
2025-09-19 10:00:00+02:00;269,000;1,000;MESURE
2025-09-19 11:00:00+02:00;285,000;1,000;MESURE
2025-09-19 12:00:00+02:00;158,000;1,000;MESURE
2025-09-19 13:00:00+02:00;243,000;1,000;MESURE
2025-09-19 14:00:00+02:00;315,000;1,000;MESURE
2025-09-19 15:00:00+02:00;278,000;1,000;MESURE
2025-09-19 16:00:00+02:00;323,000;1,000;MESURE
2025-09-19 17:00:00+02:00;232,000;1,000;MESURE
2025-09-19 18:00:00+02:00;226,000;1,000;MESURE
2025-09-19 19:00:00+02:00;426,000;1,000;MESURE
2025-09-19 20:00:00+02:00;251,000;1,000;MESURE
2025-09-19 21:00:00+02:00;270,000;1,000;MESURE
2025-09-19 22:00:00+02:00;249,000;1,000;MESURE
2025-09-19 23:00:00+02:00;234,000;1,000;MESURE
2025-09-20 00:00:00+02:00;414,000;1,000;MESURE
2025-09-20 01:00:00+02:00;187,000;1,000;MESURE
2025-09-20 02:00:00+02:00;210,000;1,000;MESURE
2025-09-20 03:00:00+02:00;253,000;1,000;MESURE
2025-09-20 04:00:00+02:00;282,000;1,000;MESURE
2025-09-20 05:00:00+02:00;327,000;1,000;MESURE
2025-09-20 06:00:00+02:00;156,000;1,000;MESURE
2025-09-20 07:00:00+02:00;231,000;1,000;MESURE
2025-09-20 08:00:00+02:00;962,000;1,000;MESURE
2025-09-20 09:00:00+02:00;1718,000;1,000;MESURE
2025-09-20 10:00:00+02:00;1870,000;1,000;MESURE
2025-09-20 11:00:00+02:00;746,000;1,000;MESURE
2025-09-20 12:00:00+02:00;967,000;1,000;MESURE
2025-09-20 13:00:00+02:00;947,000;1,000;MESURE
2025-09-20 14:00:00+02:00;1101,000;1,000;MESURE
2025-09-20 15:00:00+02:00;1118,000;1,000;MESURE
2025-09-20 16:00:00+02:00;2568,000;1,000;MESURE
2025-09-20 17:00:00+02:00;408,000;1,000;MESURE
2025-09-20 18:00:00+02:00;366,000;1,000;MESURE
2025-09-20 19:00:00+02:00;209,000;1,000;MESURE
2025-09-20 20:00:00+02:00;374,000;1,000;MESURE
2025-09-20 21:00:00+02:00;400,000;1,000;MESURE
2025-09-20 22:00:00+02:00;226,000;1,000;MESURE
2025-09-20 23:00:00+02:00;307,000;1,000;MESURE
2025-09-21 00:00:00+02:00;284,000;1,000;MESURE
2025-09-21 01:00:00+02:00;347,000;1,000;MESURE
2025-09-21 02:00:00+02:00;300,000;1,000;MESURE
2025-09-21 03:00:00+02:00;174,000;1,000;MESURE
2025-09-21 04:00:00+02:00;348,000;1,000;MESURE
2025-09-21 05:00:00+02:00;311,000;1,000;MESURE
2025-09-21 06:00:00+02:00;230,000;1,000;MESURE
2025-09-21 07:00:00+02:00;262,000;1,000;MESURE
2025-09-21 08:00:00+02:00;187,000;1,000;MESURE
2025-09-21 09:00:00+02:00;419,000;1,000;MESURE
2025-09-21 10:00:00+02:00;200,000;1,000;MESURE
2025-09-21 11:00:00+02:00;248,000;1,000;MESURE
2025-09-21 12:00:00+02:00;211,000;1,000;MESURE
2025-09-21 13:00:00+02:00;305,000;1,000;MESURE
2025-09-21 14:00:00+02:00;340,000;1,000;MESURE
2025-09-21 15:00:00+02:00;56,000;1,000;MESURE
2025-09-21 16:00:00+02:00;0,000;1,000;MESURE
2025-09-21 17:00:00+02:00;0,000;1,000;MESURE
2025-09-21 18:00:00+02:00;0,000;1,000;MESURE
2025-09-21 19:00:00+02:00;0,000;1,000;MESURE
2025-09-21 20:00:00+02:00;0,000;1,000;MESURE
2025-09-21 21:00:00+02:00;0,000;1,000;MESURE
2025-09-21 22:00:00+02:00;0,000;1,000;MESURE
2025-09-21 23:00:00+02:00;0,000;1,000;MESURE
2025-09-22 00:00:00+02:00;0,000;1,000;MESURE
2025-09-22 01:00:00+02:00;0,000;1,000;MESURE
2025-09-22 02:00:00+02:00;0,000;1,000;MESURE
2025-09-22 03:00:00+02:00;0,000;1,000;MESURE
2025-09-22 04:00:00+02:00;0,000;1,000;MESURE
2025-09-22 05:00:00+02:00;0,000;1,000;MESURE
2025-09-22 06:00:00+02:00;0,000;1,000;MESURE
2025-09-22 07:00:00+02:00;0,000;1,000;MESURE
2025-09-22 08:00:00+02:00;0,000;1,000;MESURE
2025-09-22 09:00:00+02:00;0,000;1,000;MESURE
2025-09-22 10:00:00+02:00;703,000;1,000;MESURE
2025-09-22 11:00:00+02:00;2305,000;1,000;MESURE
2025-09-22 12:00:00+02:00;433,000;1,000;MESURE
2025-09-22 13:00:00+02:00;493,000;1,000;MESURE
2025-09-22 14:00:00+02:00;210,000;1,000;MESURE
2025-09-22 15:00:00+02:00;250,000;1,000;MESURE
2025-09-22 16:00:00+02:00;228,000;1,000;MESURE
2025-09-22 17:00:00+02:00;278,000;1,000;MESURE
2025-09-22 18:00:00+02:00;309,000;1,000;MESURE
2025-09-22 19:00:00+02:00;153,000;1,000;MESURE
2025-09-22 20:00:00+02:00;288,000;1,000;MESURE
2025-09-22 21:00:00+02:00;157,000;1,000;MESURE
2025-09-22 22:00:00+02:00;344,000;1,000;MESURE
2025-09-22 23:00:00+02:00;207,000;1,000;MESURE
2025-09-23 00:00:00+02:00;132,000;1,000;MESURE
2025-09-23 01:00:00+02:00;274,000;1,000;MESURE
2025-09-23 02:00:00+02:00;146,000;1,000;MESURE
2025-09-23 03:00:00+02:00;249,000;1,000;MESURE
2025-09-23 04:00:00+02:00;256,000;1,000;MESURE
2025-09-23 05:00:00+02:00;134,000;1,000;MESURE
2025-09-23 06:00:00+02:00;135,000;1,000;MESURE
2025-09-23 07:00:00+02:00;258,000;1,000;MESURE
2025-09-23 08:00:00+02:00;212,000;1,000;MESURE
2025-09-23 09:00:00+02:00;176,000;1,000;MESURE
2025-09-23 10:00:00+02:00;209,000;1,000;MESURE
2025-09-23 11:00:00+02:00;194,000;1,000;MESURE
2025-09-23 12:00:00+02:00;112,000;1,000;MESURE
2025-09-23 13:00:00+02:00;148,000;1,000;MESURE
2025-09-23 14:00:00+02:00;1731,000;1,000;MESURE
2025-09-23 15:00:00+02:00;663,000;1,000;MESURE
2025-09-23 16:00:00+02:00;146,000;1,000;MESURE
2025-09-23 17:00:00+02:00;186,000;1,000;MESURE
2025-09-23 18:00:00+02:00;222,000;1,000;MESURE
2025-09-23 19:00:00+02:00;128,000;1,000;MESURE
2025-09-23 20:00:00+02:00;239,000;1,000;MESURE
2025-09-23 21:00:00+02:00;238,000;1,000;MESURE
2025-09-23 22:00:00+02:00;169,000;1,000;MESURE
2025-09-23 23:00:00+02:00;113,000;1,000;MESURE
2025-09-24 00:00:00+02:00;152,000;1,000;MESURE
2025-09-24 01:00:00+02:00;229,000;1,000;MESURE
2025-09-24 02:00:00+02:00;274,000;1,000;MESURE
2025-09-24 03:00:00+02:00;140,000;1,000;MESURE
2025-09-24 04:00:00+02:00;131,000;1,000;MESURE
2025-09-24 05:00:00+02:00;198,000;1,000;MESURE
2025-09-24 06:00:00+02:00;213,000;1,000;MESURE
2025-09-24 07:00:00+02:00;113,000;1,000;MESURE
2025-09-24 08:00:00+02:00;219,000;1,000;MESURE
2025-09-24 09:00:00+02:00;199,000;1,000;MESURE
2025-09-24 10:00:00+02:00;883,000;1,000;MESURE
2025-09-24 11:00:00+02:00;538,000;1,000;MESURE
2025-09-24 12:00:00+02:00;113,000;1,000;MESURE
2025-09-24 13:00:00+02:00;157,000;1,000;MESURE
2025-09-24 14:00:00+02:00;314,000;1,000;MESURE
2025-09-24 15:00:00+02:00;210,000;1,000;MESURE
2025-09-24 16:00:00+02:00;1887,000;1,000;MESURE
2025-09-24 17:00:00+02:00;197,000;1,000;MESURE
2025-09-24 18:00:00+02:00;204,000;1,000;MESURE
2025-09-24 19:00:00+02:00;188,000;1,000;MESURE
2025-09-24 20:00:00+02:00;210,000;1,000;MESURE
2025-09-24 21:00:00+02:00;181,000;1,000;MESURE
2025-09-24 22:00:00+02:00;144,000;1,000;MESURE
2025-09-24 23:00:00+02:00;276,000;1,000;MESURE
2025-09-25 00:00:00+02:00;134,000;1,000;MESURE
2025-09-25 01:00:00+02:00;113,000;1,000;MESURE
2025-09-25 02:00:00+02:00;185,000;1,000;MESURE
2025-09-25 03:00:00+02:00;297,000;1,000;MESURE
2025-09-25 04:00:00+02:00;236,000;1,000;MESURE
2025-09-25 05:00:00+02:00;205,000;1,000;MESURE
2025-09-25 06:00:00+02:00;185,000;1,000;MESURE
2025-09-25 07:00:00+02:00;226,000;1,000;MESURE
2025-09-25 08:00:00+02:00;218,000;1,000;MESURE
2025-09-25 09:00:00+02:00;334,000;1,000;MESURE
2025-09-25 10:00:00+02:00;212,000;1,000;MESURE
2025-09-25 11:00:00+02:00;114,000;1,000;MESURE
2025-09-25 12:00:00+02:00;150,000;1,000;MESURE
2025-09-25 13:00:00+02:00;204,000;1,000;MESURE
2025-09-25 14:00:00+02:00;184,000;1,000;MESURE
2025-09-25 15:00:00+02:00;198,000;1,000;MESURE
2025-09-25 16:00:00+02:00;215,000;1,000;MESURE
2025-09-25 17:00:00+02:00;606,000;1,000;MESURE
2025-09-25 18:00:00+02:00;1724,000;1,000;MESURE
2025-09-25 19:00:00+02:00;131,000;1,000;MESURE
2025-09-25 20:00:00+02:00;144,000;1,000;MESURE
2025-09-25 21:00:00+02:00;153,000;1,000;MESURE
2025-09-25 22:00:00+02:00;309,000;1,000;MESURE
2025-09-25 23:00:00+02:00;271,000;1,000;MESURE
2025-09-26 00:00:00+02:00;190,000;1,000;MESURE
2025-09-26 01:00:00+02:00;218,000;1,000;MESURE
2025-09-26 02:00:00+02:00;200,000;1,000;MESURE
2025-09-26 03:00:00+02:00;280,000;1,000;MESURE
2025-09-26 04:00:00+02:00;456,000;1,000;MESURE
2025-09-26 05:00:00+02:00;452,000;1,000;MESURE
2025-09-26 06:00:00+02:00;353,000;1,000;MESURE
2025-09-26 07:00:00+02:00;382,000;1,000;MESURE
2025-09-26 08:00:00+02:00;429,000;1,000;MESURE
2025-09-26 09:00:00+02:00;411,000;1,000;MESURE
2025-09-26 10:00:00+02:00;245,000;1,000;MESURE
2025-09-26 11:00:00+02:00;219,000;1,000;MESURE
2025-09-26 12:00:00+02:00;203,000;1,000;MESURE
2025-09-26 13:00:00+02:00;113,000;1,000;MESURE
2025-09-26 14:00:00+02:00;231,000;1,000;MESURE
2025-09-26 15:00:00+02:00;169,000;1,000;MESURE
2025-09-26 16:00:00+02:00;139,000;1,000;MESURE
2025-09-26 17:00:00+02:00;158,000;1,000;MESURE
2025-09-26 18:00:00+02:00;216,000;1,000;MESURE
2025-09-26 19:00:00+02:00;1687,000;1,000;MESURE
2025-09-26 20:00:00+02:00;627,000;1,000;MESURE
2025-09-26 21:00:00+02:00;134,000;1,000;MESURE
2025-09-26 22:00:00+02:00;113,000;1,000;MESURE
2025-09-26 23:00:00+02:00;147,000;1,000;MESURE
2025-09-27 00:00:00+02:00;339,000;1,000;MESURE
2025-09-27 01:00:00+02:00;210,000;1,000;MESURE
2025-09-27 02:00:00+02:00;165,000;1,000;MESURE
2025-09-27 03:00:00+02:00;184,000;1,000;MESURE
2025-09-27 04:00:00+02:00;251,000;1,000;MESURE
2025-09-27 05:00:00+02:00;397,000;1,000;MESURE
2025-09-27 06:00:00+02:00;564,000;1,000;MESURE
2025-09-27 07:00:00+02:00;477,000;1,000;MESURE
2025-09-27 08:00:00+02:00;1483,000;1,000;MESURE
2025-09-27 09:00:00+02:00;3628,000;1,000;MESURE
2025-09-27 10:00:00+02:00;6215,000;1,000;MESURE
2025-09-27 11:00:00+02:00;6258,000;1,000;MESURE
2025-09-27 12:00:00+02:00;6555,000;1,000;MESURE
2025-09-27 13:00:00+02:00;4326,000;1,000;MESURE
2025-09-27 14:00:00+02:00;1996,000;1,000;MESURE
2025-09-27 15:00:00+02:00;2677,000;1,000;MESURE
2025-09-27 16:00:00+02:00;3075,000;1,000;MESURE
2025-09-27 17:00:00+02:00;587,000;1,000;MESURE
2025-09-27 18:00:00+02:00;263,000;1,000;MESURE
2025-09-27 19:00:00+02:00;220,000;1,000;MESURE
2025-09-27 20:00:00+02:00;337,000;1,000;MESURE
2025-09-27 21:00:00+02:00;385,000;1,000;MESURE
2025-09-27 22:00:00+02:00;404,000;1,000;MESURE
2025-09-27 23:00:00+02:00;626,000;1,000;MESURE
2025-09-28 00:00:00+02:00;891,000;1,000;MESURE
2025-09-28 01:00:00+02:00;1350,000;1,000;MESURE
2025-09-28 02:00:00+02:00;1707,000;1,000;MESURE
2025-09-28 03:00:00+02:00;1937,000;1,000;MESURE
2025-09-28 04:00:00+02:00;2124,000;1,000;MESURE
2025-09-28 05:00:00+02:00;2349,000;1,000;MESURE
2025-09-28 06:00:00+02:00;2571,000;1,000;MESURE
2025-09-28 07:00:00+02:00;2699,000;1,000;MESURE
2025-09-28 08:00:00+02:00;2736,000;1,000;MESURE
2025-09-28 09:00:00+02:00;2419,000;1,000;MESURE
2025-09-28 10:00:00+02:00;2085,000;1,000;MESURE
2025-09-28 11:00:00+02:00;1625,000;1,000;MESURE
2025-09-28 12:00:00+02:00;851,000;1,000;MESURE
2025-09-28 13:00:00+02:00;432,000;1,000;MESURE
2025-09-28 14:00:00+02:00;326,000;1,000;MESURE
2025-09-28 15:00:00+02:00;224,000;1,000;MESURE
2025-09-28 16:00:00+02:00;231,000;1,000;MESURE
2025-09-28 17:00:00+02:00;284,000;1,000;MESURE
2025-09-28 18:00:00+02:00;431,000;1,000;MESURE
2025-09-28 19:00:00+02:00;266,000;1,000;MESURE
2025-09-28 20:00:00+02:00;220,000;1,000;MESURE
2025-09-28 21:00:00+02:00;237,000;1,000;MESURE
2025-09-28 22:00:00+02:00;1311,000;1,000;MESURE
2025-09-28 23:00:00+02:00;1175,000;1,000;MESURE
2025-09-29 00:00:00+02:00;885,000;1,000;MESURE
2025-09-29 01:00:00+02:00;1121,000;1,000;MESURE
2025-09-29 02:00:00+02:00;1355,000;1,000;MESURE
2025-09-29 03:00:00+02:00;1876,000;1,000;MESURE
2025-09-29 04:00:00+02:00;1978,000;1,000;MESURE
2025-09-29 05:00:00+02:00;2080,000;1,000;MESURE
2025-09-29 06:00:00+02:00;2072,000;1,000;MESURE
2025-09-29 07:00:00+02:00;2026,000;1,000;MESURE
2025-09-29 08:00:00+02:00;2059,000;1,000;MESURE
2025-09-29 09:00:00+02:00;2004,000;1,000;MESURE
2025-09-29 10:00:00+02:00;1795,000;1,000;MESURE
2025-09-29 11:00:00+02:00;1402,000;1,000;MESURE
2025-09-29 12:00:00+02:00;1033,000;1,000;MESURE
2025-09-29 13:00:00+02:00;715,000;1,000;MESURE
2025-09-29 14:00:00+02:00;426,000;1,000;MESURE
2025-09-29 15:00:00+02:00;375,000;1,000;MESURE
2025-09-29 16:00:00+02:00;304,000;1,000;MESURE
2025-09-29 17:00:00+02:00;417,000;1,000;MESURE
2025-09-29 18:00:00+02:00;473,000;1,000;MESURE
2025-09-29 19:00:00+02:00;742,000;1,000;MESURE
2025-09-29 20:00:00+02:00;1044,000;1,000;MESURE
2025-09-29 21:00:00+02:00;1349,000;1,000;MESURE
2025-09-29 22:00:00+02:00;1610,000;1,000;MESURE
2025-09-29 23:00:00+02:00;1903,000;1,000;MESURE
2025-09-30 00:00:00+02:00;2190,000;1,000;MESURE
2025-09-30 01:00:00+02:00;2765,000;1,000;MESURE
2025-09-30 02:00:00+02:00;3135,000;1,000;MESURE
2025-09-30 03:00:00+02:00;1775,000;1,000;MESURE
2025-09-30 04:00:00+02:00;1652,000;1,000;MESURE
2025-09-30 05:00:00+02:00;1550,000;1,000;MESURE
2025-09-30 06:00:00+02:00;1434,000;1,000;MESURE
2025-09-30 07:00:00+02:00;1343,000;1,000;MESURE
2025-09-30 08:00:00+02:00;1320,000;1,000;MESURE
2025-09-30 09:00:00+02:00;1206,000;1,000;MESURE
2025-09-30 10:00:00+02:00;1188,000;1,000;MESURE
2025-09-30 11:00:00+02:00;1014,000;1,000;MESURE
2025-09-30 12:00:00+02:00;812,000;1,000;MESURE
2025-09-30 13:00:00+02:00;601,000;1,000;MESURE
2025-09-30 14:00:00+02:00;411,000;1,000;MESURE
2025-09-30 15:00:00+02:00;346,000;1,000;MESURE
2025-09-30 16:00:00+02:00;351,000;1,000;MESURE
2025-09-30 17:00:00+02:00;237,000;1,000;MESURE
2025-09-30 18:00:00+02:00;353,000;1,000;MESURE
2025-09-30 19:00:00+02:00;311,000;1,000;MESURE
2025-09-30 20:00:00+02:00;697,000;1,000;MESURE
2025-09-30 21:00:00+02:00;776,000;1,000;MESURE
2025-09-30 22:00:00+02:00;1041,000;1,000;MESURE
2025-09-30 23:00:00+02:00;1349,000;1,000;MESURE
2025-10-01 00:00:00+02:00;1606,000;1,000;MESURE
2025-10-01 01:00:00+02:00;1784,000;1,000;MESURE
2025-10-01 02:00:00+02:00;1863,000;1,000;MESURE
2025-10-01 03:00:00+02:00;2057,000;1,000;MESURE
2025-10-01 04:00:00+02:00;3503,000;1,000;MESURE
2025-10-01 05:00:00+02:00;2613,000;1,000;MESURE
2025-10-01 06:00:00+02:00;2039,000;1,000;MESURE
2025-10-01 07:00:00+02:00;1824,000;1,000;MESURE
2025-10-01 08:00:00+02:00;1737,000;1,000;MESURE
2025-10-01 09:00:00+02:00;1637,000;1,000;MESURE
2025-10-01 10:00:00+02:00;1677,000;1,000;MESURE
2025-10-01 11:00:00+02:00;1467,000;1,000;MESURE
2025-10-01 12:00:00+02:00;830,000;1,000;MESURE
2025-10-01 13:00:00+02:00;241,000;1,000;MESURE
2025-10-01 14:00:00+02:00;220,000;1,000;MESURE
2025-10-01 15:00:00+02:00;296,000;1,000;MESURE
2025-10-01 16:00:00+02:00;451,000;1,000;MESURE
2025-10-01 17:00:00+02:00;223,000;1,000;MESURE
2025-10-01 18:00:00+02:00;234,000;1,000;MESURE
2025-10-01 19:00:00+02:00;218,000;1,000;MESURE
2025-10-01 20:00:00+02:00;392,000;1,000;MESURE
2025-10-01 21:00:00+02:00;447,000;1,000;MESURE
2025-10-01 22:00:00+02:00;541,000;1,000;MESURE
2025-10-01 23:00:00+02:00;691,000;1,000;MESURE
2025-10-02 00:00:00+02:00;1122,000;1,000;MESURE
2025-10-02 01:00:00+02:00;1494,000;1,000;MESURE
2025-10-02 02:00:00+02:00;1893,000;1,000;MESURE
2025-10-02 03:00:00+02:00;1979,000;1,000;MESURE
2025-10-02 04:00:00+02:00;2095,000;1,000;MESURE
2025-10-02 05:00:00+02:00;2120,000;1,000;MESURE
2025-10-02 06:00:00+02:00;2165,000;1,000;MESURE
2025-10-02 07:00:00+02:00;2971,000;1,000;MESURE
2025-10-02 08:00:00+02:00;3004,000;1,000;MESURE
2025-10-02 09:00:00+02:00;1801,000;1,000;MESURE
2025-10-02 10:00:00+02:00;1718,000;1,000;MESURE
2025-10-02 11:00:00+02:00;1680,000;1,000;MESURE
2025-10-02 12:00:00+02:00;1252,000;1,000;MESURE
2025-10-02 13:00:00+02:00;866,000;1,000;MESURE
2025-10-02 14:00:00+02:00;257,000;1,000;MESURE
2025-10-02 15:00:00+02:00;202,000;1,000;MESURE
2025-10-02 16:00:00+02:00;386,000;1,000;MESURE
2025-10-02 17:00:00+02:00;317,000;1,000;MESURE
2025-10-02 18:00:00+02:00;319,000;1,000;MESURE
2025-10-02 19:00:00+02:00;359,000;1,000;MESURE
2025-10-02 20:00:00+02:00;653,000;1,000;MESURE
2025-10-02 21:00:00+02:00;1086,000;1,000;MESURE
2025-10-02 22:00:00+02:00;1339,000;1,000;MESURE
2025-10-02 23:00:00+02:00;1833,000;1,000;MESURE
2025-10-03 00:00:00+02:00;2092,000;1,000;MESURE
2025-10-03 01:00:00+02:00;2331,000;1,000;MESURE
2025-10-03 02:00:00+02:00;2690,000;1,000;MESURE
2025-10-03 03:00:00+02:00;2944,000;1,000;MESURE
2025-10-03 04:00:00+02:00;3070,000;1,000;MESURE
2025-10-03 05:00:00+02:00;3184,000;1,000;MESURE
2025-10-03 06:00:00+02:00;3106,000;1,000;MESURE
2025-10-03 07:00:00+02:00;3120,000;1,000;MESURE
2025-10-03 08:00:00+02:00;3111,000;1,000;MESURE
2025-10-03 09:00:00+02:00;3016,000;1,000;MESURE
2025-10-03 10:00:00+02:00;4033,000;1,000;MESURE
2025-10-03 11:00:00+02:00;1719,000;1,000;MESURE
2025-10-03 12:00:00+02:00;376,000;1,000;MESURE
2025-10-03 13:00:00+02:00;204,000;1,000;MESURE
2025-10-03 14:00:00+02:00;316,000;1,000;MESURE
2025-10-03 15:00:00+02:00;397,000;1,000;MESURE
2025-10-03 16:00:00+02:00;299,000;1,000;MESURE
2025-10-03 17:00:00+02:00;227,000;1,000;MESURE
2025-10-03 18:00:00+02:00;239,000;1,000;MESURE
2025-10-03 19:00:00+02:00;378,000;1,000;MESURE
2025-10-03 20:00:00+02:00;290,000;1,000;MESURE
2025-10-03 21:00:00+02:00;295,000;1,000;MESURE
2025-10-03 22:00:00+02:00;238,000;1,000;MESURE
2025-10-03 23:00:00+02:00;346,000;1,000;MESURE
2025-10-04 00:00:00+02:00;339,000;1,000;MESURE
2025-10-04 01:00:00+02:00;446,000;1,000;MESURE
2025-10-04 02:00:00+02:00;374,000;1,000;MESURE
2025-10-04 03:00:00+02:00;446,000;1,000;MESURE
2025-10-04 04:00:00+02:00;451,000;1,000;MESURE
2025-10-04 05:00:00+02:00;502,000;1,000;MESURE
2025-10-04 06:00:00+02:00;428,000;1,000;MESURE
2025-10-04 07:00:00+02:00;672,000;1,000;MESURE
2025-10-04 08:00:00+02:00;907,000;1,000;MESURE
2025-10-04 09:00:00+02:00;2436,000;1,000;MESURE
2025-10-04 10:00:00+02:00;196,000;1,000;MESURE
2025-10-04 11:00:00+02:00;175,000;1,000;MESURE
2025-10-04 12:00:00+02:00;355,000;1,000;MESURE
2025-10-04 13:00:00+02:00;210,000;1,000;MESURE
2025-10-04 14:00:00+02:00;149,000;1,000;MESURE
2025-10-04 15:00:00+02:00;290,000;1,000;MESURE
2025-10-04 16:00:00+02:00;175,000;1,000;MESURE
2025-10-04 17:00:00+02:00;256,000;1,000;MESURE
2025-10-04 18:00:00+02:00;262,000;1,000;MESURE
2025-10-04 19:00:00+02:00;197,000;1,000;MESURE
2025-10-04 20:00:00+02:00;302,000;1,000;MESURE
2025-10-04 21:00:00+02:00;499,000;1,000;MESURE
2025-10-04 22:00:00+02:00;823,000;1,000;MESURE
2025-10-04 23:00:00+02:00;987,000;1,000;MESURE
2025-10-05 00:00:00+02:00;1184,000;1,000;MESURE
2025-10-05 01:00:00+02:00;1367,000;1,000;MESURE
2025-10-05 02:00:00+02:00;1559,000;1,000;MESURE
2025-10-05 03:00:00+02:00;1757,000;1,000;MESURE
2025-10-05 04:00:00+02:00;1800,000;1,000;MESURE
2025-10-05 05:00:00+02:00;1649,000;1,000;MESURE
2025-10-05 06:00:00+02:00;2169,000;1,000;MESURE
2025-10-05 07:00:00+02:00;3114,000;1,000;MESURE
2025-10-05 08:00:00+02:00;1917,000;1,000;MESURE
2025-10-05 09:00:00+02:00;1957,000;1,000;MESURE
2025-10-05 10:00:00+02:00;1639,000;1,000;MESURE
2025-10-05 11:00:00+02:00;1064,000;1,000;MESURE
2025-10-05 12:00:00+02:00;548,000;1,000;MESURE
2025-10-05 13:00:00+02:00;183,000;1,000;MESURE
2025-10-05 14:00:00+02:00;251,000;1,000;MESURE
2025-10-05 15:00:00+02:00;168,000;1,000;MESURE
2025-10-05 16:00:00+02:00;230,000;1,000;MESURE
2025-10-05 17:00:00+02:00;216,000;1,000;MESURE
2025-10-05 18:00:00+02:00;230,000;1,000;MESURE
2025-10-05 19:00:00+02:00;524,000;1,000;MESURE
2025-10-05 20:00:00+02:00;789,000;1,000;MESURE
2025-10-05 21:00:00+02:00;1344,000;1,000;MESURE
2025-10-05 22:00:00+02:00;1613,000;1,000;MESURE
2025-10-05 23:00:00+02:00;2022,000;1,000;MESURE
2025-10-06 00:00:00+02:00;2402,000;1,000;MESURE
2025-10-06 01:00:00+02:00;2801,000;1,000;MESURE
2025-10-06 02:00:00+02:00;2960,000;1,000;MESURE
2025-10-06 03:00:00+02:00;3060,000;1,000;MESURE
2025-10-06 04:00:00+02:00;2966,000;1,000;MESURE
2025-10-06 05:00:00+02:00;2994,000;1,000;MESURE
2025-10-06 06:00:00+02:00;3046,000;1,000;MESURE
2025-10-06 07:00:00+02:00;2951,000;1,000;MESURE
2025-10-06 08:00:00+02:00;2948,000;1,000;MESURE
2025-10-06 09:00:00+02:00;3421,000;1,000;MESURE
2025-10-06 10:00:00+02:00;3523,000;1,000;MESURE
2025-10-06 11:00:00+02:00;900,000;1,000;MESURE
2025-10-06 12:00:00+02:00;337,000;1,000;MESURE
2025-10-06 13:00:00+02:00;129,000;1,000;MESURE
2025-10-06 14:00:00+02:00;235,000;1,000;MESURE
2025-10-06 15:00:00+02:00;220,000;1,000;MESURE
2025-10-06 16:00:00+02:00;201,000;1,000;MESURE
2025-10-06 17:00:00+02:00;215,000;1,000;MESURE
2025-10-06 18:00:00+02:00;149,000;1,000;MESURE
2025-10-06 19:00:00+02:00;355,000;1,000;MESURE
2025-10-06 20:00:00+02:00;336,000;1,000;MESURE
2025-10-06 21:00:00+02:00;366,000;1,000;MESURE
2025-10-06 22:00:00+02:00;652,000;1,000;MESURE
2025-10-06 23:00:00+02:00;775,000;1,000;MESURE
2025-10-07 00:00:00+02:00;1165,000;1,000;MESURE
2025-10-07 01:00:00+02:00;1328,000;1,000;MESURE
2025-10-07 02:00:00+02:00;1648,000;1,000;MESURE
2025-10-07 03:00:00+02:00;2004,000;1,000;MESURE
2025-10-07 04:00:00+02:00;2292,000;1,000;MESURE
2025-10-07 05:00:00+02:00;2521,000;1,000;MESURE
2025-10-07 06:00:00+02:00;2951,000;1,000;MESURE
2025-10-07 07:00:00+02:00;3039,000;1,000;MESURE
2025-10-07 08:00:00+02:00;3129,000;1,000;MESURE
2025-10-07 09:00:00+02:00;3766,000;1,000;MESURE
2025-10-07 10:00:00+02:00;3867,000;1,000;MESURE
2025-10-07 11:00:00+02:00;3666,000;1,000;MESURE
2025-10-07 12:00:00+02:00;4444,000;1,000;MESURE
2025-10-07 13:00:00+02:00;2260,000;1,000;MESURE
2025-10-07 14:00:00+02:00;397,000;1,000;MESURE
2025-10-07 15:00:00+02:00;251,000;1,000;MESURE
2025-10-07 16:00:00+02:00;169,000;1,000;MESURE
2025-10-07 17:00:00+02:00;145,000;1,000;MESURE
2025-10-07 18:00:00+02:00;289,000;1,000;MESURE
2025-10-07 19:00:00+02:00;156,000;1,000;MESURE
2025-10-07 20:00:00+02:00;344,000;1,000;MESURE
2025-10-07 21:00:00+02:00;413,000;1,000;MESURE
2025-10-07 22:00:00+02:00;578,000;1,000;MESURE
2025-10-07 23:00:00+02:00;828,000;1,000;MESURE
2025-10-08 00:00:00+02:00;1006,000;1,000;MESURE
2025-10-08 01:00:00+02:00;1115,000;1,000;MESURE
2025-10-08 02:00:00+02:00;1414,000;1,000;MESURE
2025-10-08 03:00:00+02:00;1597,000;1,000;MESURE
2025-10-08 04:00:00+02:00;1935,000;1,000;MESURE
2025-10-08 05:00:00+02:00;2280,000;1,000;MESURE
2025-10-08 06:00:00+02:00;2295,000;1,000;MESURE
2025-10-08 07:00:00+02:00;2351,000;1,000;MESURE
2025-10-08 08:00:00+02:00;2389,000;1,000;MESURE
2025-10-08 09:00:00+02:00;2125,000;1,000;MESURE
2025-10-08 10:00:00+02:00;1874,000;1,000;MESURE
2025-10-08 11:00:00+02:00;1553,000;1,000;MESURE
2025-10-08 12:00:00+02:00;748,000;1,000;MESURE
2025-10-08 13:00:00+02:00;217,000;1,000;MESURE
2025-10-08 14:00:00+02:00;218,000;1,000;MESURE
2025-10-08 15:00:00+02:00;2004,000;1,000;MESURE
2025-10-08 16:00:00+02:00;290,000;1,000;MESURE
2025-10-08 17:00:00+02:00;152,000;1,000;MESURE
2025-10-08 18:00:00+02:00;209,000;1,000;MESURE
2025-10-08 19:00:00+02:00;237,000;1,000;MESURE
2025-10-08 20:00:00+02:00;255,000;1,000;MESURE
2025-10-08 21:00:00+02:00;276,000;1,000;MESURE
2025-10-08 22:00:00+02:00;253,000;1,000;MESURE
2025-10-08 23:00:00+02:00;346,000;1,000;MESURE
2025-10-09 00:00:00+02:00;464,000;1,000;MESURE
2025-10-09 01:00:00+02:00;646,000;1,000;MESURE
2025-10-09 02:00:00+02:00;465,000;1,000;MESURE
2025-10-09 03:00:00+02:00;559,000;1,000;MESURE
2025-10-09 04:00:00+02:00;541,000;1,000;MESURE
2025-10-09 05:00:00+02:00;698,000;1,000;MESURE
2025-10-09 06:00:00+02:00;732,000;1,000;MESURE
2025-10-09 07:00:00+02:00;596,000;1,000;MESURE
2025-10-09 08:00:00+02:00;578,000;1,000;MESURE
2025-10-09 09:00:00+02:00;626,000;1,000;MESURE
2025-10-09 10:00:00+02:00;635,000;1,000;MESURE
2025-10-09 11:00:00+02:00;700,000;1,000;MESURE
2025-10-09 12:00:00+02:00;473,000;1,000;MESURE
2025-10-09 13:00:00+02:00;378,000;1,000;MESURE
2025-10-09 14:00:00+02:00;318,000;1,000;MESURE
2025-10-09 15:00:00+02:00;335,000;1,000;MESURE
2025-10-09 16:00:00+02:00;261,000;1,000;MESURE
2025-10-09 17:00:00+02:00;787,000;1,000;MESURE
2025-10-09 18:00:00+02:00;1659,000;1,000;MESURE
2025-10-09 19:00:00+02:00;422,000;1,000;MESURE
2025-10-09 20:00:00+02:00;221,000;1,000;MESURE
2025-10-09 21:00:00+02:00;323,000;1,000;MESURE
2025-10-09 22:00:00+02:00;472,000;1,000;MESURE
2025-10-09 23:00:00+02:00;554,000;1,000;MESURE
2025-10-10 00:00:00+02:00;413,000;1,000;MESURE
2025-10-10 01:00:00+02:00;542,000;1,000;MESURE
2025-10-10 02:00:00+02:00;648,000;1,000;MESURE
2025-10-10 03:00:00+02:00;861,000;1,000;MESURE
2025-10-10 04:00:00+02:00;839,000;1,000;MESURE
2025-10-10 05:00:00+02:00;753,000;1,000;MESURE
2025-10-10 06:00:00+02:00;747,000;1,000;MESURE
2025-10-10 07:00:00+02:00;850,000;1,000;MESURE
2025-10-10 08:00:00+02:00;906,000;1,000;MESURE
2025-10-10 09:00:00+02:00;856,000;1,000;MESURE
2025-10-10 10:00:00+02:00;917,000;1,000;MESURE
2025-10-10 11:00:00+02:00;781,000;1,000;MESURE
2025-10-10 12:00:00+02:00;798,000;1,000;MESURE
2025-10-10 13:00:00+02:00;502,000;1,000;MESURE
2025-10-10 14:00:00+02:00;405,000;1,000;MESURE
2025-10-10 15:00:00+02:00;368,000;1,000;MESURE
2025-10-10 16:00:00+02:00;338,000;1,000;MESURE
2025-10-10 17:00:00+02:00;213,000;1,000;MESURE
2025-10-10 18:00:00+02:00;181,000;1,000;MESURE
2025-10-10 19:00:00+02:00;335,000;1,000;MESURE
2025-10-10 20:00:00+02:00;1960,000;1,000;MESURE
2025-10-10 21:00:00+02:00;746,000;1,000;MESURE
2025-10-10 22:00:00+02:00;432,000;1,000;MESURE
2025-10-10 23:00:00+02:00;485,000;1,000;MESURE
2025-10-11 00:00:00+02:00;597,000;1,000;MESURE
2025-10-11 01:00:00+02:00;632,000;1,000;MESURE
2025-10-11 02:00:00+02:00;703,000;1,000;MESURE
2025-10-11 03:00:00+02:00;857,000;1,000;MESURE
2025-10-11 04:00:00+02:00;861,000;1,000;MESURE
2025-10-11 05:00:00+02:00;960,000;1,000;MESURE
2025-10-11 06:00:00+02:00;880,000;1,000;MESURE
2025-10-11 07:00:00+02:00;911,000;1,000;MESURE
2025-10-11 08:00:00+02:00;1487,000;1,000;MESURE
2025-10-11 09:00:00+02:00;3432,000;1,000;MESURE
2025-10-11 10:00:00+02:00;4616,000;1,000;MESURE
2025-10-11 11:00:00+02:00;4281,000;1,000;MESURE
2025-10-11 12:00:00+02:00;4589,000;1,000;MESURE
2025-10-11 13:00:00+02:00;5097,000;1,000;MESURE
2025-10-11 14:00:00+02:00;3630,000;1,000;MESURE
2025-10-11 15:00:00+02:00;3543,000;1,000;MESURE
2025-10-11 16:00:00+02:00;1804,000;1,000;MESURE
2025-10-11 17:00:00+02:00;264,000;1,000;MESURE
2025-10-11 18:00:00+02:00;275,000;1,000;MESURE
2025-10-11 19:00:00+02:00;177,000;1,000;MESURE
2025-10-11 20:00:00+02:00;148,000;1,000;MESURE
2025-10-11 21:00:00+02:00;220,000;1,000;MESURE
2025-10-11 22:00:00+02:00;343,000;1,000;MESURE
2025-10-11 23:00:00+02:00;376,000;1,000;MESURE
2025-10-12 00:00:00+02:00;319,000;1,000;MESURE
2025-10-12 01:00:00+02:00;514,000;1,000;MESURE
2025-10-12 02:00:00+02:00;563,000;1,000;MESURE
2025-10-12 03:00:00+02:00;734,000;1,000;MESURE
2025-10-12 04:00:00+02:00;608,000;1,000;MESURE
2025-10-12 05:00:00+02:00;694,000;1,000;MESURE
2025-10-12 06:00:00+02:00;802,000;1,000;MESURE
2025-10-12 07:00:00+02:00;754,000;1,000;MESURE
2025-10-12 08:00:00+02:00;1060,000;1,000;MESURE
2025-10-12 09:00:00+02:00;838,000;1,000;MESURE
2025-10-12 10:00:00+02:00;769,000;1,000;MESURE
2025-10-12 11:00:00+02:00;698,000;1,000;MESURE
2025-10-12 12:00:00+02:00;548,000;1,000;MESURE
2025-10-12 13:00:00+02:00;1027,000;1,000;MESURE
2025-10-12 14:00:00+02:00;1462,000;1,000;MESURE
2025-10-12 15:00:00+02:00;127,000;1,000;MESURE
2025-10-12 16:00:00+02:00;144,000;1,000;MESURE
2025-10-12 17:00:00+02:00;234,000;1,000;MESURE
2025-10-12 18:00:00+02:00;259,000;1,000;MESURE
2025-10-12 19:00:00+02:00;320,000;1,000;MESURE
2025-10-12 20:00:00+02:00;328,000;1,000;MESURE
2025-10-12 21:00:00+02:00;415,000;1,000;MESURE
2025-10-12 22:00:00+02:00;512,000;1,000;MESURE
2025-10-12 23:00:00+02:00;448,000;1,000;MESURE
2025-10-13 00:00:00+02:00;599,000;1,000;MESURE
2025-10-13 01:00:00+02:00;654,000;1,000;MESURE
2025-10-13 02:00:00+02:00;759,000;1,000;MESURE
2025-10-13 03:00:00+02:00;613,000;1,000;MESURE
2025-10-13 04:00:00+02:00;715,000;1,000;MESURE
2025-10-13 05:00:00+02:00;775,000;1,000;MESURE
2025-10-13 06:00:00+02:00;967,000;1,000;MESURE
2025-10-13 07:00:00+02:00;914,000;1,000;MESURE
2025-10-13 08:00:00+02:00;968,000;1,000;MESURE
2025-10-13 09:00:00+02:00;886,000;1,000;MESURE
2025-10-13 10:00:00+02:00;732,000;1,000;MESURE
2025-10-13 11:00:00+02:00;604,000;1,000;MESURE
2025-10-13 12:00:00+02:00;409,000;1,000;MESURE
2025-10-13 13:00:00+02:00;134,000;1,000;MESURE
2025-10-13 14:00:00+02:00;136,000;1,000;MESURE
2025-10-13 15:00:00+02:00;914,000;1,000;MESURE
2025-10-13 16:00:00+02:00;1290,000;1,000;MESURE
2025-10-13 17:00:00+02:00;247,000;1,000;MESURE
2025-10-13 18:00:00+02:00;198,000;1,000;MESURE
2025-10-13 19:00:00+02:00;280,000;1,000;MESURE
2025-10-13 20:00:00+02:00;361,000;1,000;MESURE
2025-10-13 21:00:00+02:00;398,000;1,000;MESURE
2025-10-13 22:00:00+02:00;442,000;1,000;MESURE
2025-10-13 23:00:00+02:00;592,000;1,000;MESURE
2025-10-14 00:00:00+02:00;582,000;1,000;MESURE
2025-10-14 01:00:00+02:00;632,000;1,000;MESURE
2025-10-14 02:00:00+02:00;653,000;1,000;MESURE
2025-10-14 03:00:00+02:00;753,000;1,000;MESURE
2025-10-14 04:00:00+02:00;959,000;1,000;MESURE
2025-10-14 05:00:00+02:00;961,000;1,000;MESURE
2025-10-14 06:00:00+02:00;966,000;1,000;MESURE
2025-10-14 07:00:00+02:00;1071,000;1,000;MESURE
2025-10-14 08:00:00+02:00;1196,000;1,000;MESURE
2025-10-14 09:00:00+02:00;1249,000;1,000;MESURE
2025-10-14 10:00:00+02:00;872,000;1,000;MESURE
2025-10-14 11:00:00+02:00;576,000;1,000;MESURE
2025-10-14 12:00:00+02:00;349,000;1,000;MESURE
2025-10-14 13:00:00+02:00;246,000;1,000;MESURE
2025-10-14 14:00:00+02:00;240,000;1,000;MESURE
2025-10-14 15:00:00+02:00;192,000;1,000;MESURE
2025-10-14 16:00:00+02:00;296,000;1,000;MESURE
2025-10-14 17:00:00+02:00;1712,000;1,000;MESURE
2025-10-14 18:00:00+02:00;720,000;1,000;MESURE
2025-10-14 19:00:00+02:00;326,000;1,000;MESURE
2025-10-14 20:00:00+02:00;388,000;1,000;MESURE
2025-10-14 21:00:00+02:00;584,000;1,000;MESURE
2025-10-14 22:00:00+02:00;641,000;1,000;MESURE
2025-10-14 23:00:00+02:00;611,000;1,000;MESURE
2025-10-15 00:00:00+02:00;569,000;1,000;MESURE
2025-10-15 01:00:00+02:00;660,000;1,000;MESURE
2025-10-15 02:00:00+02:00;743,000;1,000;MESURE
2025-10-15 03:00:00+02:00;827,000;1,000;MESURE
2025-10-15 04:00:00+02:00;788,000;1,000;MESURE
2025-10-15 05:00:00+02:00;769,000;1,000;MESURE
2025-10-15 06:00:00+02:00;817,000;1,000;MESURE
2025-10-15 07:00:00+02:00;1010,000;1,000;MESURE
2025-10-15 08:00:00+02:00;852,000;1,000;MESURE
2025-10-15 09:00:00+02:00;888,000;1,000;MESURE
2025-10-15 10:00:00+02:00;691,000;1,000;MESURE
2025-10-15 11:00:00+02:00;713,000;1,000;MESURE
2025-10-15 12:00:00+02:00;500,000;1,000;MESURE
2025-10-15 13:00:00+02:00;364,000;1,000;MESURE
2025-10-15 14:00:00+02:00;185,000;1,000;MESURE
2025-10-15 15:00:00+02:00;308,000;1,000;MESURE
2025-10-15 16:00:00+02:00;237,000;1,000;MESURE
2025-10-15 17:00:00+02:00;150,000;1,000;MESURE
2025-10-15 18:00:00+02:00;173,000;1,000;MESURE
2025-10-15 19:00:00+02:00;2183,000;1,000;MESURE
2025-10-15 20:00:00+02:00;511,000;1,000;MESURE
2025-10-15 21:00:00+02:00;535,000;1,000;MESURE
2025-10-15 22:00:00+02:00;539,000;1,000;MESURE
2025-10-15 23:00:00+02:00;712,000;1,000;MESURE
2025-10-16 00:00:00+02:00;992,000;1,000;MESURE
2025-10-16 01:00:00+02:00;1245,000;1,000;MESURE
2025-10-16 02:00:00+02:00;1498,000;1,000;MESURE
2025-10-16 03:00:00+02:00;1562,000;1,000;MESURE
2025-10-16 04:00:00+02:00;1701,000;1,000;MESURE
2025-10-16 05:00:00+02:00;1951,000;1,000;MESURE
2025-10-16 06:00:00+02:00;1977,000;1,000;MESURE
2025-10-16 07:00:00+02:00;1979,000;1,000;MESURE
2025-10-16 08:00:00+02:00;2115,000;1,000;MESURE
2025-10-16 09:00:00+02:00;2279,000;1,000;MESURE
2025-10-16 10:00:00+02:00;1912,000;1,000;MESURE
2025-10-16 11:00:00+02:00;1649,000;1,000;MESURE
2025-10-16 12:00:00+02:00;1423,000;1,000;MESURE
2025-10-16 13:00:00+02:00;1082,000;1,000;MESURE
2025-10-16 14:00:00+02:00;777,000;1,000;MESURE
2025-10-16 15:00:00+02:00;297,000;1,000;MESURE
2025-10-16 16:00:00+02:00;238,000;1,000;MESURE
2025-10-16 17:00:00+02:00;372,000;1,000;MESURE
2025-10-16 18:00:00+02:00;433,000;1,000;MESURE
2025-10-16 19:00:00+02:00;628,000;1,000;MESURE
2025-10-16 20:00:00+02:00;1150,000;1,000;MESURE
2025-10-16 21:00:00+02:00;2408,000;1,000;MESURE
2025-10-16 22:00:00+02:00;1051,000;1,000;MESURE
2025-10-16 23:00:00+02:00;982,000;1,000;MESURE
2025-10-17 00:00:00+02:00;966,000;1,000;MESURE
2025-10-17 01:00:00+02:00;1039,000;1,000;MESURE
2025-10-17 02:00:00+02:00;1041,000;1,000;MESURE
2025-10-17 03:00:00+02:00;1105,000;1,000;MESURE
2025-10-17 04:00:00+02:00;1086,000;1,000;MESURE
2025-10-17 05:00:00+02:00;1156,000;1,000;MESURE
2025-10-17 06:00:00+02:00;1083,000;1,000;MESURE
2025-10-17 07:00:00+02:00;1093,000;1,000;MESURE
2025-10-17 08:00:00+02:00;1145,000;1,000;MESURE
2025-10-17 09:00:00+02:00;1128,000;1,000;MESURE
2025-10-17 10:00:00+02:00;1099,000;1,000;MESURE
2025-10-17 11:00:00+02:00;800,000;1,000;MESURE
2025-10-17 12:00:00+02:00;581,000;1,000;MESURE
2025-10-17 13:00:00+02:00;225,000;1,000;MESURE
2025-10-17 14:00:00+02:00;245,000;1,000;MESURE
2025-10-17 15:00:00+02:00;295,000;1,000;MESURE
2025-10-17 16:00:00+02:00;150,000;1,000;MESURE
2025-10-17 17:00:00+02:00;198,000;1,000;MESURE
2025-10-17 18:00:00+02:00;232,000;1,000;MESURE
2025-10-17 19:00:00+02:00;450,000;1,000;MESURE
2025-10-17 20:00:00+02:00;673,000;1,000;MESURE
2025-10-17 21:00:00+02:00;664,000;1,000;MESURE
2025-10-17 22:00:00+02:00;2251,000;1,000;MESURE
2025-10-17 23:00:00+02:00;1392,000;1,000;MESURE
2025-10-18 00:00:00+02:00;1011,000;1,000;MESURE
2025-10-18 01:00:00+02:00;1120,000;1,000;MESURE
2025-10-18 02:00:00+02:00;1150,000;1,000;MESURE
2025-10-18 03:00:00+02:00;1099,000;1,000;MESURE
2025-10-18 04:00:00+02:00;1005,000;1,000;MESURE
2025-10-18 05:00:00+02:00;1028,000;1,000;MESURE
2025-10-18 06:00:00+02:00;1091,000;1,000;MESURE
2025-10-18 07:00:00+02:00;1258,000;1,000;MESURE
2025-10-18 08:00:00+02:00;3924,000;1,000;MESURE
2025-10-18 09:00:00+02:00;5692,000;1,000;MESURE
2025-10-18 10:00:00+02:00;5974,000;1,000;MESURE
2025-10-18 11:00:00+02:00;5901,000;1,000;MESURE
2025-10-18 12:00:00+02:00;3986,000;1,000;MESURE
2025-10-18 13:00:00+02:00;2883,000;1,000;MESURE
2025-10-18 14:00:00+02:00;3888,000;1,000;MESURE
2025-10-18 15:00:00+02:00;2453,000;1,000;MESURE
2025-10-18 16:00:00+02:00;1692,000;1,000;MESURE
2025-10-18 17:00:00+02:00;461,000;1,000;MESURE
2025-10-18 18:00:00+02:00;2095,000;1,000;MESURE
2025-10-18 19:00:00+02:00;879,000;1,000;MESURE
2025-10-18 20:00:00+02:00;1457,000;1,000;MESURE
2025-10-18 21:00:00+02:00;2096,000;1,000;MESURE
2025-10-18 22:00:00+02:00;2444,000;1,000;MESURE
2025-10-18 23:00:00+02:00;2628,000;1,000;MESURE
2025-10-19 00:00:00+02:00;2771,000;1,000;MESURE
2025-10-19 01:00:00+02:00;2819,000;1,000;MESURE
2025-10-19 02:00:00+02:00;2764,000;1,000;MESURE
2025-10-19 03:00:00+02:00;2881,000;1,000;MESURE
2025-10-19 04:00:00+02:00;2779,000;1,000;MESURE
2025-10-19 05:00:00+02:00;2790,000;1,000;MESURE
2025-10-19 06:00:00+02:00;2901,000;1,000;MESURE
2025-10-19 07:00:00+02:00;2922,000;1,000;MESURE
2025-10-19 08:00:00+02:00;2946,000;1,000;MESURE
2025-10-19 09:00:00+02:00;2910,000;1,000;MESURE
2025-10-19 10:00:00+02:00;2543,000;1,000;MESURE
2025-10-19 11:00:00+02:00;2099,000;1,000;MESURE
2025-10-19 12:00:00+02:00;1433,000;1,000;MESURE
2025-10-19 13:00:00+02:00;772,000;1,000;MESURE
2025-10-19 14:00:00+02:00;284,000;1,000;MESURE
2025-10-19 15:00:00+02:00;144,000;1,000;MESURE
2025-10-19 16:00:00+02:00;216,000;1,000;MESURE
2025-10-19 17:00:00+02:00;351,000;1,000;MESURE
2025-10-19 18:00:00+02:00;214,000;1,000;MESURE
2025-10-19 19:00:00+02:00;339,000;1,000;MESURE
2025-10-19 20:00:00+02:00;552,000;1,000;MESURE
2025-10-19 21:00:00+02:00;961,000;1,000;MESURE
2025-10-19 22:00:00+02:00;1068,000;1,000;MESURE
2025-10-19 23:00:00+02:00;2280,000;1,000;MESURE
2025-10-20 00:00:00+02:00;1086,000;1,000;MESURE
2025-10-20 01:00:00+02:00;1213,000;1,000;MESURE
2025-10-20 02:00:00+02:00;1232,000;1,000;MESURE
2025-10-20 03:00:00+02:00;1255,000;1,000;MESURE
2025-10-20 04:00:00+02:00;1419,000;1,000;MESURE
2025-10-20 05:00:00+02:00;1379,000;1,000;MESURE
2025-10-20 06:00:00+02:00;1472,000;1,000;MESURE
2025-10-20 07:00:00+02:00;1632,000;1,000;MESURE
2025-10-20 08:00:00+02:00;1734,000;1,000;MESURE
2025-10-20 09:00:00+02:00;1567,000;1,000;MESURE
2025-10-20 10:00:00+02:00;1611,000;1,000;MESURE
2025-10-20 11:00:00+02:00;1688,000;1,000;MESURE
2025-10-20 12:00:00+02:00;1717,000;1,000;MESURE
2025-10-20 13:00:00+02:00;1621,000;1,000;MESURE
2025-10-20 14:00:00+02:00;1415,000;1,000;MESURE
2025-10-20 15:00:00+02:00;1403,000;1,000;MESURE
2025-10-20 16:00:00+02:00;1034,000;1,000;MESURE
2025-10-20 17:00:00+02:00;1019,000;1,000;MESURE
2025-10-20 18:00:00+02:00;1128,000;1,000;MESURE
2025-10-20 19:00:00+02:00;1159,000;1,000;MESURE
2025-10-20 20:00:00+02:00;1172,000;1,000;MESURE
2025-10-20 21:00:00+02:00;1375,000;1,000;MESURE
2025-10-20 22:00:00+02:00;1564,000;1,000;MESURE
2025-10-20 23:00:00+02:00;1577,000;1,000;MESURE
2025-10-21 00:00:00+02:00;1475,000;1,000;MESURE
2025-10-21 01:00:00+02:00;1538,000;1,000;MESURE
2025-10-21 02:00:00+02:00;2363,000;1,000;MESURE
2025-10-21 03:00:00+02:00;2420,000;1,000;MESURE
2025-10-21 04:00:00+02:00;1610,000;1,000;MESURE
2025-10-21 05:00:00+02:00;1644,000;1,000;MESURE
2025-10-21 06:00:00+02:00;1527,000;1,000;MESURE
2025-10-21 07:00:00+02:00;1545,000;1,000;MESURE
2025-10-21 08:00:00+02:00;1655,000;1,000;MESURE
2025-10-21 09:00:00+02:00;1721,000;1,000;MESURE
2025-10-21 10:00:00+02:00;1453,000;1,000;MESURE
2025-10-21 11:00:00+02:00;1238,000;1,000;MESURE
2025-10-21 12:00:00+02:00;1157,000;1,000;MESURE
2025-10-21 13:00:00+02:00;1036,000;1,000;MESURE
2025-10-21 14:00:00+02:00;1059,000;1,000;MESURE
2025-10-21 15:00:00+02:00;1119,000;1,000;MESURE
2025-10-21 16:00:00+02:00;951,000;1,000;MESURE
2025-10-21 17:00:00+02:00;885,000;1,000;MESURE
2025-10-21 18:00:00+02:00;1116,000;1,000;MESURE
2025-10-21 19:00:00+02:00;1262,000;1,000;MESURE
2025-10-21 20:00:00+02:00;1325,000;1,000;MESURE
2025-10-21 21:00:00+02:00;1298,000;1,000;MESURE
2025-10-21 22:00:00+02:00;1440,000;1,000;MESURE
2025-10-21 23:00:00+02:00;1333,000;1,000;MESURE
2025-10-22 00:00:00+02:00;1443,000;1,000;MESURE
2025-10-22 01:00:00+02:00;1589,000;1,000;MESURE
2025-10-22 02:00:00+02:00;1425,000;1,000;MESURE
2025-10-22 03:00:00+02:00;1327,000;1,000;MESURE
2025-10-22 04:00:00+02:00;1405,000;1,000;MESURE
2025-10-22 05:00:00+02:00;1408,000;1,000;MESURE
2025-10-22 06:00:00+02:00;3302,000;1,000;MESURE
2025-10-22 07:00:00+02:00;1338,000;1,000;MESURE
2025-10-22 08:00:00+02:00;1428,000;1,000;MESURE
2025-10-22 09:00:00+02:00;1390,000;1,000;MESURE
2025-10-22 10:00:00+02:00;1302,000;1,000;MESURE
2025-10-22 11:00:00+02:00;1034,000;1,000;MESURE
2025-10-22 12:00:00+02:00;638,000;1,000;MESURE
2025-10-22 13:00:00+02:00;217,000;1,000;MESURE
2025-10-22 14:00:00+02:00;197,000;1,000;MESURE
2025-10-22 15:00:00+02:00;237,000;1,000;MESURE
2025-10-22 16:00:00+02:00;243,000;1,000;MESURE
2025-10-22 17:00:00+02:00;278,000;1,000;MESURE
2025-10-22 18:00:00+02:00;260,000;1,000;MESURE
2025-10-22 19:00:00+02:00;226,000;1,000;MESURE
2025-10-22 20:00:00+02:00;496,000;1,000;MESURE
2025-10-22 21:00:00+02:00;653,000;1,000;MESURE
2025-10-22 22:00:00+02:00;634,000;1,000;MESURE
2025-10-22 23:00:00+02:00;846,000;1,000;MESURE
2025-10-23 00:00:00+02:00;972,000;1,000;MESURE
2025-10-23 01:00:00+02:00;904,000;1,000;MESURE
2025-10-23 02:00:00+02:00;1166,000;1,000;MESURE
2025-10-23 03:00:00+02:00;1076,000;1,000;MESURE
2025-10-23 04:00:00+02:00;1016,000;1,000;MESURE
2025-10-23 05:00:00+02:00;1028,000;1,000;MESURE
2025-10-23 06:00:00+02:00;939,000;1,000;MESURE
2025-10-23 07:00:00+02:00;1074,000;1,000;MESURE
2025-10-23 08:00:00+02:00;1036,000;1,000;MESURE
2025-10-23 09:00:00+02:00;1447,000;1,000;MESURE
2025-10-23 10:00:00+02:00;2737,000;1,000;MESURE
2025-10-23 11:00:00+02:00;1875,000;1,000;MESURE
2025-10-23 12:00:00+02:00;1590,000;1,000;MESURE
2025-10-23 13:00:00+02:00;1443,000;1,000;MESURE
2025-10-23 14:00:00+02:00;1145,000;1,000;MESURE
2025-10-23 15:00:00+02:00;951,000;1,000;MESURE
2025-10-23 16:00:00+02:00;961,000;1,000;MESURE
2025-10-23 17:00:00+02:00;1138,000;1,000;MESURE
2025-10-23 18:00:00+02:00;1399,000;1,000;MESURE
2025-10-23 19:00:00+02:00;1610,000;1,000;MESURE
2025-10-23 20:00:00+02:00;1964,000;1,000;MESURE
2025-10-23 21:00:00+02:00;2451,000;1,000;MESURE
2025-10-23 22:00:00+02:00;2749,000;1,000;MESURE
2025-10-23 23:00:00+02:00;2930,000;1,000;MESURE
2025-10-24 00:00:00+02:00;2896,000;1,000;MESURE
2025-10-24 01:00:00+02:00;3205,000;1,000;MESURE
2025-10-24 02:00:00+02:00;3074,000;1,000;MESURE
2025-10-24 03:00:00+02:00;3146,000;1,000;MESURE
2025-10-24 04:00:00+02:00;3281,000;1,000;MESURE
2025-10-24 05:00:00+02:00;3192,000;1,000;MESURE
2025-10-24 06:00:00+02:00;3188,000;1,000;MESURE
2025-10-24 07:00:00+02:00;3131,000;1,000;MESURE
2025-10-24 08:00:00+02:00;3176,000;1,000;MESURE
2025-10-24 09:00:00+02:00;3289,000;1,000;MESURE
2025-10-24 10:00:00+02:00;3340,000;1,000;MESURE
2025-10-24 11:00:00+02:00;3151,000;1,000;MESURE
2025-10-24 12:00:00+02:00;2991,000;1,000;MESURE
2025-10-24 13:00:00+02:00;4230,000;1,000;MESURE
2025-10-24 14:00:00+02:00;2525,000;1,000;MESURE
2025-10-24 15:00:00+02:00;1834,000;1,000;MESURE
2025-10-24 16:00:00+02:00;1685,000;1,000;MESURE
2025-10-24 17:00:00+02:00;1766,000;1,000;MESURE
2025-10-24 18:00:00+02:00;1864,000;1,000;MESURE
2025-10-24 19:00:00+02:00;2137,000;1,000;MESURE
2025-10-24 20:00:00+02:00;2215,000;1,000;MESURE
2025-10-24 21:00:00+02:00;2330,000;1,000;MESURE
2025-10-24 22:00:00+02:00;2521,000;1,000;MESURE
2025-10-24 23:00:00+02:00;2607,000;1,000;MESURE
2025-10-25 00:00:00+02:00;2869,000;1,000;MESURE
2025-10-25 01:00:00+02:00;2668,000;1,000;MESURE
2025-10-25 02:00:00+02:00;2712,000;1,000;MESURE
2025-10-25 03:00:00+02:00;2701,000;1,000;MESURE
2025-10-25 04:00:00+02:00;2640,000;1,000;MESURE
2025-10-25 05:00:00+02:00;2854,000;1,000;MESURE
2025-10-25 06:00:00+02:00;2602,000;1,000;MESURE
2025-10-25 07:00:00+02:00;2573,000;1,000;MESURE
2025-10-25 08:00:00+02:00;3653,000;1,000;MESURE
2025-10-25 09:00:00+02:00;3588,000;1,000;MESURE
2025-10-25 10:00:00+02:00;3878,000;1,000;MESURE
2025-10-25 11:00:00+02:00;2501,000;1,000;MESURE
2025-10-25 12:00:00+02:00;2348,000;1,000;MESURE
2025-10-25 13:00:00+02:00;1504,000;1,000;MESURE
2025-10-25 14:00:00+02:00;1554,000;1,000;MESURE
2025-10-25 15:00:00+02:00;2450,000;1,000;MESURE
2025-10-25 16:00:00+02:00;2816,000;1,000;MESURE
2025-10-25 17:00:00+02:00;1709,000;1,000;MESURE
2025-10-25 18:00:00+02:00;1892,000;1,000;MESURE
2025-10-25 19:00:00+02:00;2132,000;1,000;MESURE
2025-10-25 20:00:00+02:00;2592,000;1,000;MESURE
2025-10-25 21:00:00+02:00;2751,000;1,000;MESURE
2025-10-25 22:00:00+02:00;2870,000;1,000;MESURE
2025-10-25 23:00:00+02:00;2942,000;1,000;MESURE
2025-10-26 00:00:00+02:00;3067,000;1,000;MESURE
2025-10-26 01:00:00+02:00;3265,000;1,000;MESURE
2025-10-26 02:00:00+02:00;3271,000;1,000;MESURE
2025-10-26 02:00:00+01:00;3320,000;1,000;MESURE
2025-10-26 03:00:00+01:00;3330,000;1,000;MESURE
2025-10-26 04:00:00+01:00;3386,000;1,000;MESURE
2025-10-26 05:00:00+01:00;3489,000;1,000;MESURE
2025-10-26 06:00:00+01:00;3719,000;1,000;MESURE
2025-10-26 07:00:00+01:00;3653,000;1,000;MESURE
2025-10-26 08:00:00+01:00;3542,000;1,000;MESURE
2025-10-26 09:00:00+01:00;3394,000;1,000;MESURE
2025-10-26 10:00:00+01:00;3272,000;1,000;MESURE
2025-10-26 11:00:00+01:00;2988,000;1,000;MESURE
2025-10-26 12:00:00+01:00;2760,000;1,000;MESURE
2025-10-26 13:00:00+01:00;2376,000;1,000;MESURE
2025-10-26 14:00:00+01:00;1845,000;1,000;MESURE
2025-10-26 15:00:00+01:00;1643,000;1,000;MESURE
2025-10-26 16:00:00+01:00;1534,000;1,000;MESURE
2025-10-26 17:00:00+01:00;1720,000;1,000;MESURE
2025-10-26 18:00:00+01:00;3914,000;1,000;MESURE
2025-10-26 19:00:00+01:00;3010,000;1,000;MESURE
2025-10-26 20:00:00+01:00;3233,000;1,000;MESURE
2025-10-26 21:00:00+01:00;3478,000;1,000;MESURE
2025-10-26 22:00:00+01:00;3470,000;1,000;MESURE
2025-10-26 23:00:00+01:00;3644,000;1,000;MESURE
2025-10-27 00:00:00+01:00;3770,000;1,000;MESURE
2025-10-27 01:00:00+01:00;3955,000;1,000;MESURE
2025-10-27 02:00:00+01:00;3794,000;1,000;MESURE
2025-10-27 03:00:00+01:00;3664,000;1,000;MESURE
2025-10-27 04:00:00+01:00;3672,000;1,000;MESURE
2025-10-27 05:00:00+01:00;3711,000;1,000;MESURE
2025-10-27 06:00:00+01:00;3761,000;1,000;MESURE
2025-10-27 07:00:00+01:00;3702,000;1,000;MESURE
2025-10-27 08:00:00+01:00;3630,000;1,000;MESURE
2025-10-27 09:00:00+01:00;3691,000;1,000;MESURE
2025-10-27 10:00:00+01:00;3494,000;1,000;MESURE
2025-10-27 11:00:00+01:00;3480,000;1,000;MESURE
2025-10-27 12:00:00+01:00;3331,000;1,000;MESURE
2025-10-27 13:00:00+01:00;3125,000;1,000;MESURE
2025-10-27 14:00:00+01:00;3000,000;1,000;MESURE
2025-10-27 15:00:00+01:00;2945,000;1,000;MESURE
2025-10-27 16:00:00+01:00;2989,000;1,000;MESURE
2025-10-27 17:00:00+01:00;2802,000;1,000;MESURE
2025-10-27 18:00:00+01:00;2639,000;1,000;MESURE
2025-10-27 19:00:00+01:00;2663,000;1,000;MESURE
2025-10-27 20:00:00+01:00;2719,000;1,000;MESURE
2025-10-27 21:00:00+01:00;4045,000;1,000;MESURE
2025-10-27 22:00:00+01:00;3318,000;1,000;MESURE
2025-10-27 23:00:00+01:00;2670,000;1,000;MESURE
2025-10-28 00:00:00+01:00;2596,000;1,000;MESURE
2025-10-28 01:00:00+01:00;2601,000;1,000;MESURE
2025-10-28 02:00:00+01:00;2706,000;1,000;MESURE
2025-10-28 03:00:00+01:00;2713,000;1,000;MESURE
2025-10-28 04:00:00+01:00;2776,000;1,000;MESURE
2025-10-28 05:00:00+01:00;2913,000;1,000;MESURE
2025-10-28 06:00:00+01:00;2751,000;1,000;MESURE
2025-10-28 07:00:00+01:00;2830,000;1,000;MESURE
2025-10-28 08:00:00+01:00;2706,000;1,000;MESURE
2025-10-28 09:00:00+01:00;2631,000;1,000;MESURE
2025-10-28 10:00:00+01:00;2225,000;1,000;MESURE
2025-10-28 11:00:00+01:00;1855,000;1,000;MESURE
2025-10-28 12:00:00+01:00;1424,000;1,000;MESURE
2025-10-28 13:00:00+01:00;1099,000;1,000;MESURE
2025-10-28 14:00:00+01:00;742,000;1,000;MESURE
2025-10-28 15:00:00+01:00;465,000;1,000;MESURE
2025-10-28 16:00:00+01:00;594,000;1,000;MESURE
2025-10-28 17:00:00+01:00;868,000;1,000;MESURE
2025-10-28 18:00:00+01:00;1272,000;1,000;MESURE
2025-10-28 19:00:00+01:00;1870,000;1,000;MESURE
2025-10-28 20:00:00+01:00;2399,000;1,000;MESURE
2025-10-28 21:00:00+01:00;3032,000;1,000;MESURE
2025-10-28 22:00:00+01:00;3468,000;1,000;MESURE
2025-10-28 23:00:00+01:00;3368,000;1,000;MESURE
2025-10-29 00:00:00+01:00;4170,000;1,000;MESURE
2025-10-29 01:00:00+01:00;4675,000;1,000;MESURE
2025-10-29 02:00:00+01:00;3711,000;1,000;MESURE
2025-10-29 03:00:00+01:00;3881,000;1,000;MESURE
2025-10-29 04:00:00+01:00;3926,000;1,000;MESURE
2025-10-29 05:00:00+01:00;3822,000;1,000;MESURE
2025-10-29 06:00:00+01:00;3786,000;1,000;MESURE
2025-10-29 07:00:00+01:00;3803,000;1,000;MESURE
2025-10-29 08:00:00+01:00;3726,000;1,000;MESURE
2025-10-29 09:00:00+01:00;3290,000;1,000;MESURE
2025-10-29 10:00:00+01:00;2890,000;1,000;MESURE
2025-10-29 11:00:00+01:00;1922,000;1,000;MESURE
2025-10-29 12:00:00+01:00;964,000;1,000;MESURE
2025-10-29 13:00:00+01:00;615,000;1,000;MESURE
2025-10-29 14:00:00+01:00;470,000;1,000;MESURE
2025-10-29 15:00:00+01:00;507,000;1,000;MESURE
2025-10-29 16:00:00+01:00;515,000;1,000;MESURE
2025-10-29 17:00:00+01:00;779,000;1,000;MESURE
2025-10-29 18:00:00+01:00;1149,000;1,000;MESURE
2025-10-29 19:00:00+01:00;1369,000;1,000;MESURE
2025-10-29 20:00:00+01:00;1397,000;1,000;MESURE
2025-10-29 21:00:00+01:00;1561,000;1,000;MESURE
2025-10-29 22:00:00+01:00;1759,000;1,000;MESURE
2025-10-29 23:00:00+01:00;1918,000;1,000;MESURE
2025-10-30 00:00:00+01:00;1934,000;1,000;MESURE
2025-10-30 01:00:00+01:00;1833,000;1,000;MESURE
2025-10-30 02:00:00+01:00;1777,000;1,000;MESURE
2025-10-30 03:00:00+01:00;1796,000;1,000;MESURE
2025-10-30 04:00:00+01:00;3807,000;1,000;MESURE
2025-10-30 05:00:00+01:00;1778,000;1,000;MESURE
2025-10-30 06:00:00+01:00;1714,000;1,000;MESURE
2025-10-30 07:00:00+01:00;1752,000;1,000;MESURE
2025-10-30 08:00:00+01:00;1930,000;1,000;MESURE
2025-10-30 09:00:00+01:00;2000,000;1,000;MESURE
2025-10-30 10:00:00+01:00;1903,000;1,000;MESURE
2025-10-30 11:00:00+01:00;1599,000;1,000;MESURE
2025-10-30 12:00:00+01:00;1184,000;1,000;MESURE
2025-10-30 13:00:00+01:00;873,000;1,000;MESURE
2025-10-30 14:00:00+01:00;672,000;1,000;MESURE
2025-10-30 15:00:00+01:00;671,000;1,000;MESURE
2025-10-30 16:00:00+01:00;794,000;1,000;MESURE
2025-10-30 17:00:00+01:00;911,000;1,000;MESURE
2025-10-30 18:00:00+01:00;1115,000;1,000;MESURE
2025-10-30 19:00:00+01:00;1319,000;1,000;MESURE
2025-10-30 20:00:00+01:00;1657,000;1,000;MESURE
2025-10-30 21:00:00+01:00;1947,000;1,000;MESURE
2025-10-30 22:00:00+01:00;2373,000;1,000;MESURE
2025-10-30 23:00:00+01:00;2821,000;1,000;MESURE
2025-10-31 00:00:00+01:00;3140,000;1,000;MESURE
2025-10-31 01:00:00+01:00;3508,000;1,000;MESURE
2025-10-31 02:00:00+01:00;3251,000;1,000;MESURE
2025-10-31 03:00:00+01:00;3261,000;1,000;MESURE
2025-10-31 04:00:00+01:00;3196,000;1,000;MESURE
2025-10-31 05:00:00+01:00;3195,000;1,000;MESURE
2025-10-31 06:00:00+01:00;3284,000;1,000;MESURE
2025-10-31 07:00:00+01:00;4748,000;1,000;MESURE
2025-10-31 08:00:00+01:00;2808,000;1,000;MESURE
2025-10-31 09:00:00+01:00;2578,000;1,000;MESURE
2025-10-31 10:00:00+01:00;2075,000;1,000;MESURE
2025-10-31 11:00:00+01:00;1396,000;1,000;MESURE
2025-10-31 12:00:00+01:00;657,000;1,000;MESURE
2025-10-31 13:00:00+01:00;376,000;1,000;MESURE
2025-10-31 14:00:00+01:00;281,000;1,000;MESURE
2025-10-31 15:00:00+01:00;380,000;1,000;MESURE
2025-10-31 16:00:00+01:00;588,000;1,000;MESURE
2025-10-31 17:00:00+01:00;389,000;1,000;MESURE
2025-10-31 18:00:00+01:00;751,000;1,000;MESURE
2025-10-31 19:00:00+01:00;767,000;1,000;MESURE
2025-10-31 20:00:00+01:00;994,000;1,000;MESURE
2025-10-31 21:00:00+01:00;1126,000;1,000;MESURE
2025-10-31 22:00:00+01:00;1325,000;1,000;MESURE
2025-10-31 23:00:00+01:00;1256,000;1,000;MESURE
2025-11-01 00:00:00+01:00;1341,000;1,000;MESURE
2025-11-01 01:00:00+01:00;1551,000;1,000;MESURE
2025-11-01 02:00:00+01:00;1849,000;1,000;MESURE
2025-11-01 03:00:00+01:00;1626,000;1,000;MESURE
2025-11-01 04:00:00+01:00;1822,000;1,000;MESURE
2025-11-01 05:00:00+01:00;2007,000;1,000;MESURE
2025-11-01 06:00:00+01:00;1959,000;1,000;MESURE
2025-11-01 07:00:00+01:00;2232,000;1,000;MESURE
2025-11-01 08:00:00+01:00;4623,000;1,000;MESURE
2025-11-01 09:00:00+01:00;2274,000;1,000;MESURE
2025-11-01 10:00:00+01:00;1642,000;1,000;MESURE
2025-11-01 11:00:00+01:00;1698,000;1,000;MESURE
2025-11-01 12:00:00+01:00;2436,000;1,000;MESURE
2025-11-01 13:00:00+01:00;851,000;1,000;MESURE
2025-11-01 14:00:00+01:00;1013,000;1,000;MESURE
2025-11-01 15:00:00+01:00;3216,000;1,000;MESURE
2025-11-01 16:00:00+01:00;704,000;1,000;MESURE
2025-11-01 17:00:00+01:00;443,000;1,000;MESURE
2025-11-01 18:00:00+01:00;557,000;1,000;MESURE
2025-11-01 19:00:00+01:00;727,000;1,000;MESURE
2025-11-01 20:00:00+01:00;812,000;1,000;MESURE
2025-11-01 21:00:00+01:00;891,000;1,000;MESURE
2025-11-01 22:00:00+01:00;923,000;1,000;MESURE
2025-11-01 23:00:00+01:00;1025,000;1,000;MESURE
2025-11-02 00:00:00+01:00;1066,000;1,000;MESURE
2025-11-02 01:00:00+01:00;1285,000;1,000;MESURE
2025-11-02 02:00:00+01:00;1604,000;1,000;MESURE
2025-11-02 03:00:00+01:00;1553,000;1,000;MESURE
2025-11-02 04:00:00+01:00;1689,000;1,000;MESURE
2025-11-02 05:00:00+01:00;1791,000;1,000;MESURE
2025-11-02 06:00:00+01:00;1957,000;1,000;MESURE
2025-11-02 07:00:00+01:00;2038,000;1,000;MESURE
2025-11-02 08:00:00+01:00;2084,000;1,000;MESURE
2025-11-02 09:00:00+01:00;2194,000;1,000;MESURE
2025-11-02 10:00:00+01:00;2257,000;1,000;MESURE
2025-11-02 11:00:00+01:00;2214,000;1,000;MESURE
2025-11-02 12:00:00+01:00;2158,000;1,000;MESURE
2025-11-02 13:00:00+01:00;2004,000;1,000;MESURE
2025-11-02 14:00:00+01:00;1744,000;1,000;MESURE
2025-11-02 15:00:00+01:00;1536,000;1,000;MESURE
2025-11-02 16:00:00+01:00;1564,000;1,000;MESURE
2025-11-02 17:00:00+01:00;1774,000;1,000;MESURE
2025-11-02 18:00:00+01:00;1744,000;1,000;MESURE
2025-11-02 19:00:00+01:00;2059,000;1,000;MESURE
2025-11-02 20:00:00+01:00;3915,000;1,000;MESURE
2025-11-02 21:00:00+01:00;3271,000;1,000;MESURE
2025-11-02 22:00:00+01:00;3650,000;1,000;MESURE
2025-11-02 23:00:00+01:00;3684,000;1,000;MESURE
2025-11-03 00:00:00+01:00;3971,000;1,000;MESURE
2025-11-03 01:00:00+01:00;4020,000;1,000;MESURE
2025-11-03 02:00:00+01:00;4059,000;1,000;MESURE
2025-11-03 03:00:00+01:00;4196,000;1,000;MESURE
2025-11-03 04:00:00+01:00;3983,000;1,000;MESURE
2025-11-03 05:00:00+01:00;3922,000;1,000;MESURE
2025-11-03 06:00:00+01:00;3840,000;1,000;MESURE
2025-11-03 07:00:00+01:00;3825,000;1,000;MESURE
2025-11-03 08:00:00+01:00;3762,000;1,000;MESURE
2025-11-03 09:00:00+01:00;3419,000;1,000;MESURE
2025-11-03 10:00:00+01:00;2965,000;1,000;MESURE
2025-11-03 11:00:00+01:00;2245,000;1,000;MESURE
2025-11-03 12:00:00+01:00;1460,000;1,000;MESURE
2025-11-03 13:00:00+01:00;716,000;1,000;MESURE
2025-11-03 14:00:00+01:00;428,000;1,000;MESURE
2025-11-03 15:00:00+01:00;412,000;1,000;MESURE
2025-11-03 16:00:00+01:00;432,000;1,000;MESURE
2025-11-03 17:00:00+01:00;933,000;1,000;MESURE
2025-11-03 18:00:00+01:00;1541,000;1,000;MESURE
2025-11-03 19:00:00+01:00;2113,000;1,000;MESURE
2025-11-03 20:00:00+01:00;2927,000;1,000;MESURE
2025-11-03 21:00:00+01:00;3344,000;1,000;MESURE
2025-11-03 22:00:00+01:00;3890,000;1,000;MESURE
2025-11-03 23:00:00+01:00;5250,000;1,000;MESURE
2025-11-04 00:00:00+01:00;5151,000;1,000;MESURE
2025-11-04 01:00:00+01:00;4405,000;1,000;MESURE
2025-11-04 02:00:00+01:00;4564,000;1,000;MESURE
2025-11-04 03:00:00+01:00;4761,000;1,000;MESURE
2025-11-04 04:00:00+01:00;4667,000;1,000;MESURE
2025-11-04 05:00:00+01:00;4602,000;1,000;MESURE
2025-11-04 06:00:00+01:00;4478,000;1,000;MESURE
2025-11-04 07:00:00+01:00;4407,000;1,000;MESURE
2025-11-04 08:00:00+01:00;4325,000;1,000;MESURE
2025-11-04 09:00:00+01:00;3807,000;1,000;MESURE
2025-11-04 10:00:00+01:00;3125,000;1,000;MESURE
2025-11-04 11:00:00+01:00;2169,000;1,000;MESURE
2025-11-04 12:00:00+01:00;1102,000;1,000;MESURE
2025-11-04 13:00:00+01:00;564,000;1,000;MESURE
2025-11-04 14:00:00+01:00;214,000;1,000;MESURE
2025-11-04 15:00:00+01:00;174,000;1,000;MESURE
2025-11-04 16:00:00+01:00;405,000;1,000;MESURE
2025-11-04 17:00:00+01:00;584,000;1,000;MESURE
2025-11-04 18:00:00+01:00;1006,000;1,000;MESURE
2025-11-04 19:00:00+01:00;1324,000;1,000;MESURE
2025-11-04 20:00:00+01:00;1709,000;1,000;MESURE
2025-11-04 21:00:00+01:00;2186,000;1,000;MESURE
2025-11-04 22:00:00+01:00;2426,000;1,000;MESURE
2025-11-04 23:00:00+01:00;2678,000;1,000;MESURE
2025-11-05 00:00:00+01:00;2765,000;1,000;MESURE
2025-11-05 01:00:00+01:00;2983,000;1,000;MESURE
2025-11-05 02:00:00+01:00;4279,000;1,000;MESURE
2025-11-05 03:00:00+01:00;4341,000;1,000;MESURE
2025-11-05 04:00:00+01:00;3545,000;1,000;MESURE
2025-11-05 05:00:00+01:00;3480,000;1,000;MESURE
2025-11-05 06:00:00+01:00;3575,000;1,000;MESURE
2025-11-05 07:00:00+01:00;3560,000;1,000;MESURE
2025-11-05 08:00:00+01:00;3631,000;1,000;MESURE
2025-11-05 09:00:00+01:00;3494,000;1,000;MESURE
2025-11-05 10:00:00+01:00;2639,000;1,000;MESURE
2025-11-05 11:00:00+01:00;1644,000;1,000;MESURE
2025-11-05 12:00:00+01:00;786,000;1,000;MESURE
2025-11-05 13:00:00+01:00;374,000;1,000;MESURE
2025-11-05 14:00:00+01:00;391,000;1,000;MESURE
2025-11-05 15:00:00+01:00;168,000;1,000;MESURE
2025-11-05 16:00:00+01:00;246,000;1,000;MESURE
2025-11-05 17:00:00+01:00;450,000;1,000;MESURE
2025-11-05 18:00:00+01:00;943,000;1,000;MESURE
2025-11-05 19:00:00+01:00;1112,000;1,000;MESURE
2025-11-05 20:00:00+01:00;1323,000;1,000;MESURE
2025-11-05 21:00:00+01:00;1630,000;1,000;MESURE
2025-11-05 22:00:00+01:00;1895,000;1,000;MESURE
2025-11-05 23:00:00+01:00;2147,000;1,000;MESURE
2025-11-06 00:00:00+01:00;2257,000;1,000;MESURE
2025-11-06 01:00:00+01:00;2412,000;1,000;MESURE
2025-11-06 02:00:00+01:00;2725,000;1,000;MESURE
2025-11-06 03:00:00+01:00;3145,000;1,000;MESURE
2025-11-06 04:00:00+01:00;3392,000;1,000;MESURE
2025-11-06 05:00:00+01:00;3395,000;1,000;MESURE
2025-11-06 06:00:00+01:00;4610,000;1,000;MESURE
2025-11-06 07:00:00+01:00;3832,000;1,000;MESURE
2025-11-06 08:00:00+01:00;3343,000;1,000;MESURE
2025-11-06 09:00:00+01:00;3138,000;1,000;MESURE
2025-11-06 10:00:00+01:00;2528,000;1,000;MESURE
2025-11-06 11:00:00+01:00;1745,000;1,000;MESURE
2025-11-06 12:00:00+01:00;1184,000;1,000;MESURE
2025-11-06 13:00:00+01:00;952,000;1,000;MESURE
2025-11-06 14:00:00+01:00;553,000;1,000;MESURE
2025-11-06 15:00:00+01:00;321,000;1,000;MESURE
2025-11-06 16:00:00+01:00;289,000;1,000;MESURE
2025-11-06 17:00:00+01:00;648,000;1,000;MESURE
2025-11-06 18:00:00+01:00;950,000;1,000;MESURE
2025-11-06 19:00:00+01:00;1633,000;1,000;MESURE
2025-11-06 20:00:00+01:00;2008,000;1,000;MESURE
2025-11-06 21:00:00+01:00;2358,000;1,000;MESURE
2025-11-06 22:00:00+01:00;2680,000;1,000;MESURE
2025-11-06 23:00:00+01:00;3006,000;1,000;MESURE
2025-11-07 00:00:00+01:00;3320,000;1,000;MESURE
2025-11-07 01:00:00+01:00;3372,000;1,000;MESURE
2025-11-07 02:00:00+01:00;3286,000;1,000;MESURE
2025-11-07 03:00:00+01:00;3425,000;1,000;MESURE
2025-11-07 04:00:00+01:00;3310,000;1,000;MESURE
2025-11-07 05:00:00+01:00;3455,000;1,000;MESURE
2025-11-07 06:00:00+01:00;3416,000;1,000;MESURE
2025-11-07 07:00:00+01:00;3443,000;1,000;MESURE
2025-11-07 08:00:00+01:00;3452,000;1,000;MESURE
2025-11-07 09:00:00+01:00;4174,000;1,000;MESURE
2025-11-07 10:00:00+01:00;3744,000;1,000;MESURE
2025-11-07 11:00:00+01:00;1750,000;1,000;MESURE
2025-11-07 12:00:00+01:00;773,000;1,000;MESURE
2025-11-07 13:00:00+01:00;380,000;1,000;MESURE
2025-11-07 14:00:00+01:00;323,000;1,000;MESURE
2025-11-07 15:00:00+01:00;261,000;1,000;MESURE
2025-11-07 16:00:00+01:00;404,000;1,000;MESURE
2025-11-07 17:00:00+01:00;605,000;1,000;MESURE
2025-11-07 18:00:00+01:00;1213,000;1,000;MESURE
2025-11-07 19:00:00+01:00;1619,000;1,000;MESURE
2025-11-07 20:00:00+01:00;2090,000;1,000;MESURE
2025-11-07 21:00:00+01:00;2645,000;1,000;MESURE
2025-11-07 22:00:00+01:00;3139,000;1,000;MESURE
2025-11-07 23:00:00+01:00;3521,000;1,000;MESURE
2025-11-08 00:00:00+01:00;3713,000;1,000;MESURE
2025-11-08 01:00:00+01:00;3682,000;1,000;MESURE
2025-11-08 02:00:00+01:00;3721,000;1,000;MESURE
2025-11-08 03:00:00+01:00;3773,000;1,000;MESURE
2025-11-08 04:00:00+01:00;3790,000;1,000;MESURE
2025-11-08 05:00:00+01:00;4070,000;1,000;MESURE
2025-11-08 06:00:00+01:00;4327,000;1,000;MESURE
2025-11-08 07:00:00+01:00;4827,000;1,000;MESURE
2025-11-08 08:00:00+01:00;5750,000;1,000;MESURE
2025-11-08 09:00:00+01:00;5315,000;1,000;MESURE
2025-11-08 10:00:00+01:00;5280,000;1,000;MESURE
2025-11-08 11:00:00+01:00;6504,000;1,000;MESURE
2025-11-08 12:00:00+01:00;4483,000;1,000;MESURE
2025-11-08 13:00:00+01:00;2639,000;1,000;MESURE
2025-11-08 14:00:00+01:00;2651,000;1,000;MESURE
2025-11-08 15:00:00+01:00;3417,000;1,000;MESURE
2025-11-08 16:00:00+01:00;3785,000;1,000;MESURE
2025-11-08 17:00:00+01:00;1945,000;1,000;MESURE
2025-11-08 18:00:00+01:00;2272,000;1,000;MESURE
2025-11-08 19:00:00+01:00;2606,000;1,000;MESURE
2025-11-08 20:00:00+01:00;3041,000;1,000;MESURE
2025-11-08 21:00:00+01:00;3400,000;1,000;MESURE
2025-11-08 22:00:00+01:00;3703,000;1,000;MESURE
2025-11-08 23:00:00+01:00;4044,000;1,000;MESURE
2025-11-09 00:00:00+01:00;4319,000;1,000;MESURE
2025-11-09 01:00:00+01:00;4329,000;1,000;MESURE
2025-11-09 02:00:00+01:00;4392,000;1,000;MESURE
2025-11-09 03:00:00+01:00;4365,000;1,000;MESURE
2025-11-09 04:00:00+01:00;4295,000;1,000;MESURE
2025-11-09 05:00:00+01:00;4137,000;1,000;MESURE
2025-11-09 06:00:00+01:00;4073,000;1,000;MESURE
2025-11-09 07:00:00+01:00;4146,000;1,000;MESURE
2025-11-09 08:00:00+01:00;3981,000;1,000;MESURE
2025-11-09 09:00:00+01:00;3779,000;1,000;MESURE
2025-11-09 10:00:00+01:00;3598,000;1,000;MESURE
2025-11-09 11:00:00+01:00;3367,000;1,000;MESURE
2025-11-09 12:00:00+01:00;3096,000;1,000;MESURE
2025-11-09 13:00:00+01:00;2937,000;1,000;MESURE
2025-11-09 14:00:00+01:00;2821,000;1,000;MESURE
2025-11-09 15:00:00+01:00;2590,000;1,000;MESURE
2025-11-09 16:00:00+01:00;2554,000;1,000;MESURE
2025-11-09 17:00:00+01:00;2610,000;1,000;MESURE
2025-11-09 18:00:00+01:00;2822,000;1,000;MESURE
2025-11-09 19:00:00+01:00;3177,000;1,000;MESURE
2025-11-09 20:00:00+01:00;3613,000;1,000;MESURE
2025-11-09 21:00:00+01:00;3864,000;1,000;MESURE
2025-11-09 22:00:00+01:00;3957,000;1,000;MESURE
2025-11-09 23:00:00+01:00;3960,000;1,000;MESURE
2025-11-10 00:00:00+01:00;5389,000;1,000;MESURE
2025-11-10 01:00:00+01:00;3998,000;1,000;MESURE
2025-11-10 02:00:00+01:00;4081,000;1,000;MESURE
2025-11-10 03:00:00+01:00;3959,000;1,000;MESURE
2025-11-10 04:00:00+01:00;3896,000;1,000;MESURE
2025-11-10 05:00:00+01:00;3840,000;1,000;MESURE
2025-11-10 06:00:00+01:00;3883,000;1,000;MESURE
2025-11-10 07:00:00+01:00;3927,000;1,000;MESURE
2025-11-10 08:00:00+01:00;3873,000;1,000;MESURE
2025-11-10 09:00:00+01:00;3925,000;1,000;MESURE
2025-11-10 10:00:00+01:00;3573,000;1,000;MESURE
2025-11-10 11:00:00+01:00;3023,000;1,000;MESURE
2025-11-10 12:00:00+01:00;2397,000;1,000;MESURE
2025-11-10 13:00:00+01:00;1867,000;1,000;MESURE
2025-11-10 14:00:00+01:00;1575,000;1,000;MESURE
2025-11-10 15:00:00+01:00;1616,000;1,000;MESURE
2025-11-10 16:00:00+01:00;1605,000;1,000;MESURE
2025-11-10 17:00:00+01:00;1965,000;1,000;MESURE
2025-11-10 18:00:00+01:00;2449,000;1,000;MESURE
2025-11-10 19:00:00+01:00;2861,000;1,000;MESURE
2025-11-10 20:00:00+01:00;3332,000;1,000;MESURE
2025-11-10 21:00:00+01:00;3694,000;1,000;MESURE
2025-11-10 22:00:00+01:00;3682,000;1,000;MESURE
2025-11-10 23:00:00+01:00;3792,000;1,000;MESURE
2025-11-11 00:00:00+01:00;3805,000;1,000;MESURE
2025-11-11 01:00:00+01:00;3857,000;1,000;MESURE
2025-11-11 02:00:00+01:00;3936,000;1,000;MESURE
2025-11-11 03:00:00+01:00;4151,000;1,000;MESURE
2025-11-11 04:00:00+01:00;4188,000;1,000;MESURE
2025-11-11 05:00:00+01:00;4650,000;1,000;MESURE
2025-11-11 06:00:00+01:00;6075,000;1,000;MESURE
2025-11-11 07:00:00+01:00;4880,000;1,000;MESURE
2025-11-11 08:00:00+01:00;4904,000;1,000;MESURE
2025-11-11 09:00:00+01:00;4700,000;1,000;MESURE
2025-11-11 10:00:00+01:00;4115,000;1,000;MESURE
2025-11-11 11:00:00+01:00;3648,000;1,000;MESURE
2025-11-11 12:00:00+01:00;3060,000;1,000;MESURE
2025-11-11 13:00:00+01:00;2303,000;1,000;MESURE
2025-11-11 14:00:00+01:00;1780,000;1,000;MESURE
2025-11-11 15:00:00+01:00;1565,000;1,000;MESURE
2025-11-11 16:00:00+01:00;1597,000;1,000;MESURE
2025-11-11 17:00:00+01:00;2028,000;1,000;MESURE
2025-11-11 18:00:00+01:00;2485,000;1,000;MESURE
2025-11-11 19:00:00+01:00;2899,000;1,000;MESURE
2025-11-11 20:00:00+01:00;3312,000;1,000;MESURE
2025-11-11 21:00:00+01:00;3493,000;1,000;MESURE
2025-11-11 22:00:00+01:00;3540,000;1,000;MESURE
2025-11-11 23:00:00+01:00;3738,000;1,000;MESURE
2025-11-12 00:00:00+01:00;3908,000;1,000;MESURE
2025-11-12 01:00:00+01:00;3835,000;1,000;MESURE
2025-11-12 02:00:00+01:00;3920,000;1,000;MESURE
2025-11-12 03:00:00+01:00;3958,000;1,000;MESURE
2025-11-12 04:00:00+01:00;3952,000;1,000;MESURE
2025-11-12 05:00:00+01:00;3946,000;1,000;MESURE
2025-11-12 06:00:00+01:00;4115,000;1,000;MESURE
2025-11-12 07:00:00+01:00;4113,000;1,000;MESURE
2025-11-12 08:00:00+01:00;4003,000;1,000;MESURE
2025-11-12 09:00:00+01:00;3824,000;1,000;MESURE
2025-11-12 10:00:00+01:00;5072,000;1,000;MESURE
2025-11-12 11:00:00+01:00;3127,000;1,000;MESURE
2025-11-12 12:00:00+01:00;2173,000;1,000;MESURE
2025-11-12 13:00:00+01:00;1508,000;1,000;MESURE
2025-11-12 14:00:00+01:00;1005,000;1,000;MESURE
2025-11-12 15:00:00+01:00;899,000;1,000;MESURE
2025-11-12 16:00:00+01:00;913,000;1,000;MESURE
2025-11-12 17:00:00+01:00;1216,000;1,000;MESURE
2025-11-12 18:00:00+01:00;1353,000;1,000;MESURE
2025-11-12 19:00:00+01:00;1589,000;1,000;MESURE
2025-11-12 20:00:00+01:00;1921,000;1,000;MESURE
2025-11-12 21:00:00+01:00;2246,000;1,000;MESURE
2025-11-12 22:00:00+01:00;2309,000;1,000;MESURE
2025-11-12 23:00:00+01:00;2297,000;1,000;MESURE
2025-11-13 00:00:00+01:00;2404,000;1,000;MESURE
2025-11-13 01:00:00+01:00;2603,000;1,000;MESURE
2025-11-13 02:00:00+01:00;2727,000;1,000;MESURE
2025-11-13 03:00:00+01:00;2761,000;1,000;MESURE
2025-11-13 04:00:00+01:00;2819,000;1,000;MESURE
2025-11-13 05:00:00+01:00;2980,000;1,000;MESURE
2025-11-13 06:00:00+01:00;3020,000;1,000;MESURE
2025-11-13 07:00:00+01:00;3000,000;1,000;MESURE
2025-11-13 08:00:00+01:00;3034,000;1,000;MESURE
2025-11-13 09:00:00+01:00;2855,000;1,000;MESURE
2025-11-13 10:00:00+01:00;2493,000;1,000;MESURE
2025-11-13 11:00:00+01:00;1718,000;1,000;MESURE
2025-11-13 12:00:00+01:00;1059,000;1,000;MESURE
2025-11-13 13:00:00+01:00;823,000;1,000;MESURE
2025-11-13 14:00:00+01:00;660,000;1,000;MESURE
2025-11-13 15:00:00+01:00;1618,000;1,000;MESURE
2025-11-13 16:00:00+01:00;1507,000;1,000;MESURE
2025-11-13 17:00:00+01:00;927,000;1,000;MESURE
2025-11-13 18:00:00+01:00;1043,000;1,000;MESURE
2025-11-13 19:00:00+01:00;1350,000;1,000;MESURE
2025-11-13 20:00:00+01:00;1788,000;1,000;MESURE
2025-11-13 21:00:00+01:00;1980,000;1,000;MESURE
2025-11-13 22:00:00+01:00;2241,000;1,000;MESURE
2025-11-13 23:00:00+01:00;2458,000;1,000;MESURE
2025-11-14 00:00:00+01:00;2695,000;1,000;MESURE
2025-11-14 01:00:00+01:00;2685,000;1,000;MESURE
2025-11-14 02:00:00+01:00;2753,000;1,000;MESURE
2025-11-14 03:00:00+01:00;2878,000;1,000;MESURE
2025-11-14 04:00:00+01:00;2992,000;1,000;MESURE
2025-11-14 05:00:00+01:00;3056,000;1,000;MESURE
2025-11-14 06:00:00+01:00;3045,000;1,000;MESURE
2025-11-14 07:00:00+01:00;3188,000;1,000;MESURE
2025-11-14 08:00:00+01:00;3023,000;1,000;MESURE
2025-11-14 09:00:00+01:00;2839,000;1,000;MESURE
2025-11-14 10:00:00+01:00;2567,000;1,000;MESURE
2025-11-14 11:00:00+01:00;2269,000;1,000;MESURE
2025-11-14 12:00:00+01:00;1756,000;1,000;MESURE
2025-11-14 13:00:00+01:00;1618,000;1,000;MESURE
2025-11-14 14:00:00+01:00;1645,000;1,000;MESURE
2025-11-14 15:00:00+01:00;1703,000;1,000;MESURE
2025-11-14 16:00:00+01:00;1539,000;1,000;MESURE
2025-11-14 17:00:00+01:00;1615,000;1,000;MESURE
2025-11-14 18:00:00+01:00;1744,000;1,000;MESURE
2025-11-14 19:00:00+01:00;1697,000;1,000;MESURE
2025-11-14 20:00:00+01:00;2984,000;1,000;MESURE
2025-11-14 21:00:00+01:00;2625,000;1,000;MESURE
2025-11-14 22:00:00+01:00;1979,000;1,000;MESURE
2025-11-14 23:00:00+01:00;1953,000;1,000;MESURE
2025-11-15 00:00:00+01:00;1937,000;1,000;MESURE
2025-11-15 01:00:00+01:00;1892,000;1,000;MESURE
2025-11-15 02:00:00+01:00;1655,000;1,000;MESURE
2025-11-15 03:00:00+01:00;1675,000;1,000;MESURE
2025-11-15 04:00:00+01:00;1901,000;1,000;MESURE
2025-11-15 05:00:00+01:00;1902,000;1,000;MESURE
2025-11-15 06:00:00+01:00;2073,000;1,000;MESURE
2025-11-15 07:00:00+01:00;2298,000;1,000;MESURE
2025-11-15 08:00:00+01:00;3496,000;1,000;MESURE
2025-11-15 09:00:00+01:00;3511,000;1,000;MESURE
2025-11-15 10:00:00+01:00;3499,000;1,000;MESURE
2025-11-15 11:00:00+01:00;5266,000;1,000;MESURE
2025-11-15 12:00:00+01:00;5749,000;1,000;MESURE
2025-11-15 13:00:00+01:00;5663,000;1,000;MESURE
2025-11-15 14:00:00+01:00;3821,000;1,000;MESURE
2025-11-15 15:00:00+01:00;4867,000;1,000;MESURE
2025-11-15 16:00:00+01:00;5212,000;1,000;MESURE
2025-11-15 17:00:00+01:00;3113,000;1,000;MESURE
2025-11-15 18:00:00+01:00;3173,000;1,000;MESURE
2025-11-15 19:00:00+01:00;3168,000;1,000;MESURE
2025-11-15 20:00:00+01:00;3205,000;1,000;MESURE
2025-11-15 21:00:00+01:00;3390,000;1,000;MESURE
2025-11-15 22:00:00+01:00;3518,000;1,000;MESURE
2025-11-15 23:00:00+01:00;3565,000;1,000;MESURE
2025-11-16 00:00:00+01:00;3590,000;1,000;MESURE
2025-11-16 01:00:00+01:00;3555,000;1,000;MESURE
2025-11-16 02:00:00+01:00;3474,000;1,000;MESURE
2025-11-16 03:00:00+01:00;3580,000;1,000;MESURE
2025-11-16 04:00:00+01:00;3478,000;1,000;MESURE
2025-11-16 05:00:00+01:00;3432,000;1,000;MESURE
2025-11-16 06:00:00+01:00;3381,000;1,000;MESURE
2025-11-16 07:00:00+01:00;3506,000;1,000;MESURE
2025-11-16 08:00:00+01:00;3503,000;1,000;MESURE
2025-11-16 09:00:00+01:00;3227,000;1,000;MESURE
2025-11-16 10:00:00+01:00;3236,000;1,000;MESURE
2025-11-16 11:00:00+01:00;3237,000;1,000;MESURE
2025-11-16 12:00:00+01:00;3316,000;1,000;MESURE
2025-11-16 13:00:00+01:00;3389,000;1,000;MESURE
2025-11-16 14:00:00+01:00;3028,000;1,000;MESURE
2025-11-16 15:00:00+01:00;2711,000;1,000;MESURE
2025-11-16 16:00:00+01:00;2618,000;1,000;MESURE
2025-11-16 17:00:00+01:00;2843,000;1,000;MESURE
2025-11-16 18:00:00+01:00;3022,000;1,000;MESURE
2025-11-16 19:00:00+01:00;3195,000;1,000;MESURE
2025-11-16 20:00:00+01:00;3310,000;1,000;MESURE
2025-11-16 21:00:00+01:00;3516,000;1,000;MESURE
2025-11-16 22:00:00+01:00;3751,000;1,000;MESURE
2025-11-16 23:00:00+01:00;3691,000;1,000;MESURE
2025-11-17 00:00:00+01:00;3753,000;1,000;MESURE
2025-11-17 01:00:00+01:00;4943,000;1,000;MESURE
2025-11-17 02:00:00+01:00;3615,000;1,000;MESURE
2025-11-17 03:00:00+01:00;3700,000;1,000;MESURE
2025-11-17 04:00:00+01:00;3731,000;1,000;MESURE
2025-11-17 05:00:00+01:00;3778,000;1,000;MESURE
2025-11-17 06:00:00+01:00;3671,000;1,000;MESURE
2025-11-17 07:00:00+01:00;3602,000;1,000;MESURE
2025-11-17 08:00:00+01:00;3539,000;1,000;MESURE
2025-11-17 09:00:00+01:00;3168,000;1,000;MESURE
2025-11-17 10:00:00+01:00;4673,000;1,000;MESURE
2025-11-17 11:00:00+01:00;4387,000;1,000;MESURE
2025-11-17 12:00:00+01:00;4437,000;1,000;MESURE
2025-11-17 13:00:00+01:00;4504,000;1,000;MESURE
2025-11-17 14:00:00+01:00;4462,000;1,000;MESURE
2025-11-17 15:00:00+01:00;5817,000;1,000;MESURE
2025-11-17 16:00:00+01:00;5600,000;1,000;MESURE
2025-11-17 17:00:00+01:00;5895,000;1,000;MESURE
2025-11-17 18:00:00+01:00;6135,000;1,000;MESURE
2025-11-17 19:00:00+01:00;7066,000;1,000;MESURE
2025-11-17 20:00:00+01:00;6913,000;1,000;MESURE
2025-11-17 21:00:00+01:00;7340,000;1,000;MESURE
2025-11-17 22:00:00+01:00;7721,000;1,000;MESURE
2025-11-17 23:00:00+01:00;7457,000;1,000;MESURE
2025-11-18 00:00:00+01:00;6656,000;1,000;MESURE
2025-11-18 01:00:00+01:00;6990,000;1,000;MESURE
2025-11-18 02:00:00+01:00;9145,000;1,000;MESURE
2025-11-18 03:00:00+01:00;8042,000;1,000;MESURE
2025-11-18 04:00:00+01:00;6925,000;1,000;MESURE
2025-11-18 05:00:00+01:00;6822,000;1,000;MESURE
2025-11-18 06:00:00+01:00;8248,000;1,000;MESURE
2025-11-18 07:00:00+01:00;7214,000;1,000;MESURE
2025-11-18 08:00:00+01:00;6675,000;1,000;MESURE
2025-11-18 09:00:00+01:00;7038,000;1,000;MESURE
2025-11-18 10:00:00+01:00;8327,000;1,000;MESURE
2025-11-18 11:00:00+01:00;7543,000;1,000;MESURE
2025-11-18 12:00:00+01:00;7040,000;1,000;MESURE
2025-11-18 13:00:00+01:00;6840,000;1,000;MESURE
2025-11-18 14:00:00+01:00;6884,000;1,000;MESURE
2025-11-18 15:00:00+01:00;6730,000;1,000;MESURE
2025-11-18 16:00:00+01:00;6660,000;1,000;MESURE
2025-11-18 17:00:00+01:00;7084,000;1,000;MESURE
2025-11-18 18:00:00+01:00;8008,000;1,000;MESURE
2025-11-18 19:00:00+01:00;8028,000;1,000;MESURE
2025-11-18 20:00:00+01:00;8905,000;1,000;MESURE
2025-11-18 21:00:00+01:00;9113,000;1,000;MESURE
2025-11-18 22:00:00+01:00;9066,000;1,000;MESURE
2025-11-18 23:00:00+01:00;9641,000;1,000;MESURE
2025-11-19 00:00:00+01:00;9654,000;1,000;MESURE
2025-11-19 01:00:00+01:00;9576,000;1,000;MESURE
2025-11-19 02:00:00+01:00;9782,000;1,000;MESURE
2025-11-19 03:00:00+01:00;9672,000;1,000;MESURE
2025-11-19 04:00:00+01:00;9294,000;1,000;MESURE
2025-11-19 05:00:00+01:00;8968,000;1,000;MESURE
2025-11-19 06:00:00+01:00;9440,000;1,000;MESURE
2025-11-19 07:00:00+01:00;9413,000;1,000;MESURE
2025-11-19 08:00:00+01:00;10431,000;1,000;MESURE
2025-11-19 09:00:00+01:00;11414,000;1,000;MESURE
2025-11-19 10:00:00+01:00;9550,000;1,000;MESURE
2025-11-19 11:00:00+01:00;8416,000;1,000;MESURE
2025-11-19 12:00:00+01:00;6024,000;1,000;MESURE
2025-11-19 13:00:00+01:00;5420,000;1,000;MESURE
2025-11-19 14:00:00+01:00;5276,000;1,000;MESURE
2025-11-19 15:00:00+01:00;5512,000;1,000;MESURE
2025-11-19 16:00:00+01:00;6614,000;1,000;MESURE
2025-11-19 17:00:00+01:00;6722,000;1,000;MESURE
2025-11-19 18:00:00+01:00;6810,000;1,000;MESURE
2025-11-19 19:00:00+01:00;8976,000;1,000;MESURE
2025-11-19 20:00:00+01:00;8002,000;1,000;MESURE
2025-11-19 21:00:00+01:00;6305,000;1,000;MESURE
2025-11-19 22:00:00+01:00;6566,000;1,000;MESURE
2025-11-19 23:00:00+01:00;6425,000;1,000;MESURE
2025-11-20 00:00:00+01:00;6528,000;1,000;MESURE
2025-11-20 01:00:00+01:00;6640,000;1,000;MESURE
2025-11-20 02:00:00+01:00;6675,000;1,000;MESURE
2025-11-20 03:00:00+01:00;6839,000;1,000;MESURE
2025-11-20 04:00:00+01:00;8013,000;1,000;MESURE
2025-11-20 05:00:00+01:00;7655,000;1,000;MESURE
2025-11-20 06:00:00+01:00;7946,000;1,000;MESURE
2025-11-20 07:00:00+01:00;7416,000;1,000;MESURE
2025-11-20 08:00:00+01:00;6777,000;1,000;MESURE
2025-11-20 09:00:00+01:00;6919,000;1,000;MESURE
2025-11-20 10:00:00+01:00;7925,000;1,000;MESURE
2025-11-20 11:00:00+01:00;7066,000;1,000;MESURE
2025-11-20 12:00:00+01:00;6874,000;1,000;MESURE
2025-11-20 13:00:00+01:00;7110,000;1,000;MESURE
2025-11-20 14:00:00+01:00;6757,000;1,000;MESURE
2025-11-20 15:00:00+01:00;7406,000;1,000;MESURE
2025-11-20 16:00:00+01:00;7892,000;1,000;MESURE
2025-11-20 17:00:00+01:00;8544,000;1,000;MESURE
2025-11-20 18:00:00+01:00;7637,000;1,000;MESURE
2025-11-20 19:00:00+01:00;8073,000;1,000;MESURE
2025-11-20 20:00:00+01:00;8448,000;1,000;MESURE
2025-11-20 21:00:00+01:00;8424,000;1,000;MESURE
2025-11-20 22:00:00+01:00;8606,000;1,000;MESURE
2025-11-20 23:00:00+01:00;8765,000;1,000;MESURE
2025-11-21 00:00:00+01:00;8804,000;1,000;MESURE
2025-11-21 01:00:00+01:00;8612,000;1,000;MESURE
2025-11-21 02:00:00+01:00;8169,000;1,000;MESURE
2025-11-21 03:00:00+01:00;8514,000;1,000;MESURE
2025-11-21 04:00:00+01:00;9388,000;1,000;MESURE
2025-11-21 05:00:00+01:00;9060,000;1,000;MESURE
2025-11-21 06:00:00+01:00;9204,000;1,000;MESURE
2025-11-21 07:00:00+01:00;9310,000;1,000;MESURE
2025-11-21 08:00:00+01:00;9428,000;1,000;MESURE
2025-11-21 09:00:00+01:00;12242,000;1,000;MESURE
2025-11-21 10:00:00+01:00;10536,000;1,000;MESURE
2025-11-21 11:00:00+01:00;8796,000;1,000;MESURE
2025-11-21 12:00:00+01:00;9086,000;1,000;MESURE
2025-11-21 13:00:00+01:00;9259,000;1,000;MESURE
2025-11-21 14:00:00+01:00;9105,000;1,000;MESURE
2025-11-21 15:00:00+01:00;8768,000;1,000;MESURE
2025-11-21 16:00:00+01:00;9665,000;1,000;MESURE
2025-11-21 17:00:00+01:00;9081,000;1,000;MESURE
2025-11-21 18:00:00+01:00;10061,000;1,000;MESURE
2025-11-21 19:00:00+01:00;11409,000;1,000;MESURE
2025-11-21 20:00:00+01:00;10586,000;1,000;MESURE
2025-11-21 21:00:00+01:00;10078,000;1,000;MESURE
2025-11-21 22:00:00+01:00;10025,000;1,000;MESURE
2025-11-21 23:00:00+01:00;10555,000;1,000;MESURE
2025-11-22 00:00:00+01:00;10256,000;1,000;MESURE
2025-11-22 01:00:00+01:00;11352,000;1,000;MESURE
2025-11-22 02:00:00+01:00;11013,000;1,000;MESURE
2025-11-22 03:00:00+01:00;11059,000;1,000;MESURE
2025-11-22 04:00:00+01:00;10732,000;1,000;MESURE
2025-11-22 05:00:00+01:00;11251,000;1,000;MESURE
2025-11-22 06:00:00+01:00;12527,000;1,000;MESURE
2025-11-22 07:00:00+01:00;13024,000;1,000;MESURE
2025-11-22 08:00:00+01:00;12455,000;1,000;MESURE
2025-11-22 09:00:00+01:00;10622,000;1,000;MESURE
2025-11-22 10:00:00+01:00;12307,000;1,000;MESURE
2025-11-22 11:00:00+01:00;11716,000;1,000;MESURE
2025-11-22 12:00:00+01:00;10834,000;1,000;MESURE
2025-11-22 13:00:00+01:00;10058,000;1,000;MESURE
2025-11-22 14:00:00+01:00;9880,000;1,000;MESURE
2025-11-22 15:00:00+01:00;12208,000;1,000;MESURE
2025-11-22 16:00:00+01:00;11933,000;1,000;MESURE
2025-11-22 17:00:00+01:00;12071,000;1,000;MESURE
2025-11-22 18:00:00+01:00;10847,000;1,000;MESURE
2025-11-22 19:00:00+01:00;9784,000;1,000;MESURE
2025-11-22 20:00:00+01:00;10311,000;1,000;MESURE
2025-11-22 21:00:00+01:00;10468,000;1,000;MESURE
2025-11-22 22:00:00+01:00;10711,000;1,000;MESURE
2025-11-22 23:00:00+01:00;10772,000;1,000;MESURE
2025-11-23 00:00:00+01:00;10865,000;1,000;MESURE
2025-11-23 01:00:00+01:00;10772,000;1,000;MESURE
2025-11-23 02:00:00+01:00;10852,000;1,000;MESURE
2025-11-23 03:00:00+01:00;10931,000;1,000;MESURE
2025-11-23 04:00:00+01:00;11071,000;1,000;MESURE
2025-11-23 05:00:00+01:00;10406,000;1,000;MESURE
2025-11-23 06:00:00+01:00;12680,000;1,000;MESURE
2025-11-23 07:00:00+01:00;11959,000;1,000;MESURE
2025-11-23 08:00:00+01:00;11563,000;1,000;MESURE
2025-11-23 09:00:00+01:00;13280,000;1,000;MESURE
2025-11-23 10:00:00+01:00;14797,000;1,000;MESURE
2025-11-23 11:00:00+01:00;12188,000;1,000;MESURE
2025-11-23 12:00:00+01:00;7816,000;1,000;MESURE
2025-11-23 13:00:00+01:00;5875,000;1,000;MESURE
2025-11-23 14:00:00+01:00;6223,000;1,000;MESURE
2025-11-23 15:00:00+01:00;5072,000;1,000;MESURE
2025-11-23 16:00:00+01:00;5487,000;1,000;MESURE
2025-11-23 17:00:00+01:00;9357,000;1,000;MESURE
2025-11-23 18:00:00+01:00;10862,000;1,000;MESURE
2025-11-23 19:00:00+01:00;10786,000;1,000;MESURE
2025-11-23 20:00:00+01:00;10163,000;1,000;MESURE
2025-11-23 21:00:00+01:00;8676,000;1,000;MESURE
2025-11-23 22:00:00+01:00;5340,000;1,000;MESURE
2025-11-23 23:00:00+01:00;5367,000;1,000;MESURE
2025-11-24 00:00:00+01:00;5444,000;1,000;MESURE
2025-11-24 01:00:00+01:00;5335,000;1,000;MESURE
2025-11-24 02:00:00+01:00;5229,000;1,000;MESURE
2025-11-24 03:00:00+01:00;5168,000;1,000;MESURE
2025-11-24 04:00:00+01:00;5088,000;1,000;MESURE
2025-11-24 05:00:00+01:00;5133,000;1,000;MESURE
2025-11-24 06:00:00+01:00;5078,000;1,000;MESURE
2025-11-24 07:00:00+01:00;4994,000;1,000;MESURE
2025-11-24 08:00:00+01:00;5004,000;1,000;MESURE
2025-11-24 09:00:00+01:00;5097,000;1,000;MESURE
2025-11-24 10:00:00+01:00;6022,000;1,000;MESURE
2025-11-24 11:00:00+01:00;5898,000;1,000;MESURE
2025-11-24 12:00:00+01:00;3627,000;1,000;MESURE
2025-11-24 13:00:00+01:00;3613,000;1,000;MESURE
2025-11-24 14:00:00+01:00;3804,000;1,000;MESURE
2025-11-24 15:00:00+01:00;3943,000;1,000;MESURE
2025-11-24 16:00:00+01:00;3782,000;1,000;MESURE
2025-11-24 17:00:00+01:00;3870,000;1,000;MESURE
2025-11-24 18:00:00+01:00;3909,000;1,000;MESURE
2025-11-24 19:00:00+01:00;4025,000;1,000;MESURE
2025-11-24 20:00:00+01:00;4334,000;1,000;MESURE
2025-11-24 21:00:00+01:00;4352,000;1,000;MESURE
2025-11-24 22:00:00+01:00;4477,000;1,000;MESURE
2025-11-24 23:00:00+01:00;4885,000;1,000;MESURE
2025-11-25 00:00:00+01:00;5072,000;1,000;MESURE
2025-11-25 01:00:00+01:00;5271,000;1,000;MESURE
2025-11-25 02:00:00+01:00;5206,000;1,000;MESURE
2025-11-25 03:00:00+01:00;5169,000;1,000;MESURE
2025-11-25 04:00:00+01:00;5115,000;1,000;MESURE
2025-11-25 05:00:00+01:00;5181,000;1,000;MESURE
2025-11-25 06:00:00+01:00;5161,000;1,000;MESURE
2025-11-25 07:00:00+01:00;5266,000;1,000;MESURE
2025-11-25 08:00:00+01:00;5163,000;1,000;MESURE
2025-11-25 09:00:00+01:00;5075,000;1,000;MESURE
2025-11-25 10:00:00+01:00;4920,000;1,000;MESURE
2025-11-25 11:00:00+01:00;4688,000;1,000;MESURE
2025-11-25 12:00:00+01:00;4570,000;1,000;MESURE
2025-11-25 13:00:00+01:00;4446,000;1,000;MESURE
2025-11-25 14:00:00+01:00;4399,000;1,000;MESURE
2025-11-25 15:00:00+01:00;4432,000;1,000;MESURE
2025-11-25 16:00:00+01:00;4446,000;1,000;MESURE
2025-11-25 17:00:00+01:00;4550,000;1,000;MESURE
2025-11-25 18:00:00+01:00;4670,000;1,000;MESURE
2025-11-25 19:00:00+01:00;5507,000;1,000;MESURE
2025-11-25 20:00:00+01:00;5344,000;1,000;MESURE
2025-11-25 21:00:00+01:00;5015,000;1,000;MESURE
2025-11-25 22:00:00+01:00;5159,000;1,000;MESURE
2025-11-25 23:00:00+01:00;5291,000;1,000;MESURE
2025-11-26 00:00:00+01:00;5298,000;1,000;MESURE
2025-11-26 01:00:00+01:00;5399,000;1,000;MESURE
2025-11-26 02:00:00+01:00;5465,000;1,000;MESURE
2025-11-26 03:00:00+01:00;5590,000;1,000;MESURE
2025-11-26 04:00:00+01:00;5685,000;1,000;MESURE
2025-11-26 05:00:00+01:00;5815,000;1,000;MESURE
2025-11-26 06:00:00+01:00;5793,000;1,000;MESURE
2025-11-26 07:00:00+01:00;5806,000;1,000;MESURE
2025-11-26 08:00:00+01:00;5835,000;1,000;MESURE
2025-11-26 09:00:00+01:00;5984,000;1,000;MESURE
2025-11-26 10:00:00+01:00;5980,000;1,000;MESURE
2025-11-26 11:00:00+01:00;5979,000;1,000;MESURE
2025-11-26 12:00:00+01:00;5799,000;1,000;MESURE
2025-11-26 13:00:00+01:00;5474,000;1,000;MESURE
2025-11-26 14:00:00+01:00;5400,000;1,000;MESURE
2025-11-26 15:00:00+01:00;5322,000;1,000;MESURE
2025-11-26 16:00:00+01:00;5475,000;1,000;MESURE
2025-11-26 17:00:00+01:00;5473,000;1,000;MESURE
2025-11-26 18:00:00+01:00;5583,000;1,000;MESURE
2025-11-26 19:00:00+01:00;5980,000;1,000;MESURE
2025-11-26 20:00:00+01:00;6213,000;1,000;MESURE
2025-11-26 21:00:00+01:00;6706,000;1,000;MESURE
2025-11-26 22:00:00+01:00;6810,000;1,000;MESURE
2025-11-26 23:00:00+01:00;6586,000;1,000;MESURE
2025-11-27 00:00:00+01:00;8091,000;1,000;MESURE
2025-11-27 01:00:00+01:00;6629,000;1,000;MESURE
2025-11-27 02:00:00+01:00;6519,000;1,000;MESURE
2025-11-27 03:00:00+01:00;6727,000;1,000;MESURE
2025-11-27 04:00:00+01:00;6859,000;1,000;MESURE
2025-11-27 05:00:00+01:00;6780,000;1,000;MESURE
2025-11-27 06:00:00+01:00;6954,000;1,000;MESURE
2025-11-27 07:00:00+01:00;6944,000;1,000;MESURE
2025-11-27 08:00:00+01:00;6914,000;1,000;MESURE
2025-11-27 09:00:00+01:00;6954,000;1,000;MESURE
2025-11-27 10:00:00+01:00;6427,000;1,000;MESURE
2025-11-27 11:00:00+01:00;5656,000;1,000;MESURE
2025-11-27 12:00:00+01:00;5098,000;1,000;MESURE
2025-11-27 13:00:00+01:00;4556,000;1,000;MESURE
2025-11-27 14:00:00+01:00;4525,000;1,000;MESURE
2025-11-27 15:00:00+01:00;4366,000;1,000;MESURE
2025-11-27 16:00:00+01:00;4371,000;1,000;MESURE
2025-11-27 17:00:00+01:00;4925,000;1,000;MESURE
2025-11-27 18:00:00+01:00;5525,000;1,000;MESURE
2025-11-27 19:00:00+01:00;6012,000;1,000;MESURE
2025-11-27 20:00:00+01:00;6439,000;1,000;MESURE
2025-11-27 21:00:00+01:00;6684,000;1,000;MESURE
2025-11-27 22:00:00+01:00;6813,000;1,000;MESURE
2025-11-27 23:00:00+01:00;7009,000;1,000;MESURE
2025-11-28 00:00:00+01:00;6875,000;1,000;MESURE
2025-11-28 01:00:00+01:00;6859,000;1,000;MESURE
2025-11-28 02:00:00+01:00;6839,000;1,000;MESURE
2025-11-28 03:00:00+01:00;8167,000;1,000;MESURE
2025-11-28 04:00:00+01:00;7199,000;1,000;MESURE
2025-11-28 05:00:00+01:00;6508,000;1,000;MESURE
2025-11-28 06:00:00+01:00;6542,000;1,000;MESURE
2025-11-28 07:00:00+01:00;6532,000;1,000;MESURE
2025-11-28 08:00:00+01:00;6542,000;1,000;MESURE
2025-11-28 09:00:00+01:00;6384,000;1,000;MESURE
2025-11-28 10:00:00+01:00;6021,000;1,000;MESURE
2025-11-28 11:00:00+01:00;5421,000;1,000;MESURE
2025-11-28 12:00:00+01:00;4512,000;1,000;MESURE
2025-11-28 13:00:00+01:00;3877,000;1,000;MESURE
2025-11-28 14:00:00+01:00;3678,000;1,000;MESURE
2025-11-28 15:00:00+01:00;3513,000;1,000;MESURE
2025-11-28 16:00:00+01:00;3599,000;1,000;MESURE
2025-11-28 17:00:00+01:00;4009,000;1,000;MESURE
2025-11-28 18:00:00+01:00;4562,000;1,000;MESURE
2025-11-28 19:00:00+01:00;4944,000;1,000;MESURE
2025-11-28 20:00:00+01:00;5178,000;1,000;MESURE
2025-11-28 21:00:00+01:00;5141,000;1,000;MESURE
2025-11-28 22:00:00+01:00;5110,000;1,000;MESURE
2025-11-28 23:00:00+01:00;5010,000;1,000;MESURE
2025-11-29 00:00:00+01:00;4957,000;1,000;MESURE
2025-11-29 01:00:00+01:00;5036,000;1,000;MESURE
2025-11-29 02:00:00+01:00;5122,000;1,000;MESURE
2025-11-29 03:00:00+01:00;5073,000;1,000;MESURE
2025-11-29 04:00:00+01:00;5110,000;1,000;MESURE
2025-11-29 05:00:00+01:00;4991,000;1,000;MESURE
2025-11-29 06:00:00+01:00;5657,000;1,000;MESURE
2025-11-29 07:00:00+01:00;6368,000;1,000;MESURE
2025-11-29 08:00:00+01:00;8154,000;1,000;MESURE
2025-11-29 09:00:00+01:00;8354,000;1,000;MESURE
2025-11-29 10:00:00+01:00;6785,000;1,000;MESURE
2025-11-29 11:00:00+01:00;7587,000;1,000;MESURE
2025-11-29 12:00:00+01:00;6593,000;1,000;MESURE
2025-11-29 13:00:00+01:00;5826,000;1,000;MESURE
2025-11-29 14:00:00+01:00;6478,000;1,000;MESURE
2025-11-29 15:00:00+01:00;5858,000;1,000;MESURE
2025-11-29 16:00:00+01:00;5812,000;1,000;MESURE
2025-11-29 17:00:00+01:00;5211,000;1,000;MESURE
2025-11-29 18:00:00+01:00;5180,000;1,000;MESURE
2025-11-29 19:00:00+01:00;5293,000;1,000;MESURE
2025-11-29 20:00:00+01:00;5370,000;1,000;MESURE
2025-11-29 21:00:00+01:00;5566,000;1,000;MESURE
2025-11-29 22:00:00+01:00;5488,000;1,000;MESURE
2025-11-29 23:00:00+01:00;5466,000;1,000;MESURE
2025-11-30 00:00:00+01:00;5285,000;1,000;MESURE
2025-11-30 01:00:00+01:00;5117,000;1,000;MESURE
2025-11-30 02:00:00+01:00;5059,000;1,000;MESURE
2025-11-30 03:00:00+01:00;5092,000;1,000;MESURE
2025-11-30 04:00:00+01:00;5069,000;1,000;MESURE
2025-11-30 05:00:00+01:00;5001,000;1,000;MESURE
2025-11-30 06:00:00+01:00;4985,000;1,000;MESURE
2025-11-30 07:00:00+01:00;4931,000;1,000;MESURE
2025-11-30 08:00:00+01:00;4942,000;1,000;MESURE
2025-11-30 09:00:00+01:00;4882,000;1,000;MESURE
2025-11-30 10:00:00+01:00;4554,000;1,000;MESURE
2025-11-30 11:00:00+01:00;3911,000;1,000;MESURE
2025-11-30 12:00:00+01:00;3517,000;1,000;MESURE
2025-11-30 13:00:00+01:00;3672,000;1,000;MESURE
2025-11-30 14:00:00+01:00;4036,000;1,000;MESURE
2025-11-30 15:00:00+01:00;4257,000;1,000;MESURE
2025-11-30 16:00:00+01:00;4474,000;1,000;MESURE
2025-11-30 17:00:00+01:00;4761,000;1,000;MESURE
2025-11-30 18:00:00+01:00;4961,000;1,000;MESURE
2025-11-30 19:00:00+01:00;5113,000;1,000;MESURE
2025-11-30 20:00:00+01:00;5303,000;1,000;MESURE
2025-11-30 21:00:00+01:00;5551,000;1,000;MESURE
2025-11-30 22:00:00+01:00;6427,000;1,000;MESURE
2025-11-30 23:00:00+01:00;5260,000;1,000;MESURE
2025-12-01 00:00:00+01:00;5272,000;1,000;MESURE
2025-12-01 01:00:00+01:00;5453,000;1,000;MESURE
2025-12-01 02:00:00+01:00;5192,000;1,000;MESURE
2025-12-01 03:00:00+01:00;5231,000;1,000;MESURE
2025-12-01 04:00:00+01:00;5572,000;1,000;MESURE
2025-12-01 05:00:00+01:00;5803,000;1,000;MESURE
2025-12-01 06:00:00+01:00;6004,000;1,000;MESURE
2025-12-01 07:00:00+01:00;5981,000;1,000;MESURE
2025-12-01 08:00:00+01:00;5854,000;1,000;MESURE
2025-12-01 09:00:00+01:00;5735,000;1,000;MESURE
2025-12-01 10:00:00+01:00;5621,000;1,000;MESURE
2025-12-01 11:00:00+01:00;5220,000;1,000;MESURE
2025-12-01 12:00:00+01:00;4897,000;1,000;MESURE
2025-12-01 13:00:00+01:00;4608,000;1,000;MESURE
2025-12-01 14:00:00+01:00;4637,000;1,000;MESURE
2025-12-01 15:00:00+01:00;4607,000;1,000;MESURE
2025-12-01 16:00:00+01:00;4703,000;1,000;MESURE
2025-12-01 17:00:00+01:00;5425,000;1,000;MESURE
2025-12-01 18:00:00+01:00;5844,000;1,000;MESURE
2025-12-01 19:00:00+01:00;6204,000;1,000;MESURE
2025-12-01 20:00:00+01:00;6450,000;1,000;MESURE
2025-12-01 21:00:00+01:00;6619,000;1,000;MESURE
2025-12-01 22:00:00+01:00;6543,000;1,000;MESURE
2025-12-01 23:00:00+01:00;6542,000;1,000;MESURE
2025-12-02 00:00:00+01:00;6278,000;1,000;MESURE
2025-12-02 01:00:00+01:00;6210,000;1,000;MESURE
2025-12-02 02:00:00+01:00;7905,000;1,000;MESURE
2025-12-02 03:00:00+01:00;6205,000;1,000;MESURE
2025-12-02 04:00:00+01:00;6206,000;1,000;MESURE
2025-12-02 05:00:00+01:00;5968,000;1,000;MESURE
2025-12-02 06:00:00+01:00;5936,000;1,000;MESURE
2025-12-02 07:00:00+01:00;5810,000;1,000;MESURE
2025-12-02 08:00:00+01:00;5798,000;1,000;MESURE
2025-12-02 09:00:00+01:00;5706,000;1,000;MESURE
2025-12-02 10:00:00+01:00;5482,000;1,000;MESURE
2025-12-02 11:00:00+01:00;5019,000;1,000;MESURE
2025-12-02 12:00:00+01:00;4703,000;1,000;MESURE
2025-12-02 13:00:00+01:00;4603,000;1,000;MESURE
2025-12-02 14:00:00+01:00;4261,000;1,000;MESURE
2025-12-02 15:00:00+01:00;4270,000;1,000;MESURE
2025-12-02 16:00:00+01:00;4184,000;1,000;MESURE
2025-12-02 17:00:00+01:00;4273,000;1,000;MESURE
2025-12-02 18:00:00+01:00;4481,000;1,000;MESURE
2025-12-02 19:00:00+01:00;4663,000;1,000;MESURE
2025-12-02 20:00:00+01:00;4938,000;1,000;MESURE
2025-12-02 21:00:00+01:00;4968,000;1,000;MESURE
2025-12-02 22:00:00+01:00;4906,000;1,000;MESURE
2025-12-02 23:00:00+01:00;4893,000;1,000;MESURE
2025-12-03 00:00:00+01:00;4959,000;1,000;MESURE
2025-12-03 01:00:00+01:00;5177,000;1,000;MESURE
2025-12-03 02:00:00+01:00;5120,000;1,000;MESURE
2025-12-03 03:00:00+01:00;4985,000;1,000;MESURE
2025-12-03 04:00:00+01:00;4948,000;1,000;MESURE
2025-12-03 05:00:00+01:00;5808,000;1,000;MESURE
2025-12-03 06:00:00+01:00;6296,000;1,000;MESURE
2025-12-03 07:00:00+01:00;5244,000;1,000;MESURE
2025-12-03 08:00:00+01:00;5158,000;1,000;MESURE
2025-12-03 09:00:00+01:00;5103,000;1,000;MESURE
2025-12-03 10:00:00+01:00;5091,000;1,000;MESURE
2025-12-03 11:00:00+01:00;4993,000;1,000;MESURE
2025-12-03 12:00:00+01:00;4941,000;1,000;MESURE
2025-12-03 13:00:00+01:00;4740,000;1,000;MESURE
2025-12-03 14:00:00+01:00;4747,000;1,000;MESURE
2025-12-03 15:00:00+01:00;4847,000;1,000;MESURE
2025-12-03 16:00:00+01:00;4768,000;1,000;MESURE
2025-12-03 17:00:00+01:00;4887,000;1,000;MESURE
2025-12-03 18:00:00+01:00;4951,000;1,000;MESURE
2025-12-03 19:00:00+01:00;4968,000;1,000;MESURE
2025-12-03 20:00:00+01:00;5093,000;1,000;MESURE
2025-12-03 21:00:00+01:00;5186,000;1,000;MESURE
2025-12-03 22:00:00+01:00;5257,000;1,000;MESURE
2025-12-03 23:00:00+01:00;5324,000;1,000;MESURE
2025-12-04 00:00:00+01:00;5246,000;1,000;MESURE
2025-12-04 01:00:00+01:00;5280,000;1,000;MESURE
2025-12-04 02:00:00+01:00;5406,000;1,000;MESURE
2025-12-04 03:00:00+01:00;5509,000;1,000;MESURE
2025-12-04 04:00:00+01:00;5862,000;1,000;MESURE
2025-12-04 05:00:00+01:00;5850,000;1,000;MESURE
2025-12-04 06:00:00+01:00;5839,000;1,000;MESURE
2025-12-04 07:00:00+01:00;5896,000;1,000;MESURE
2025-12-04 08:00:00+01:00;6354,000;1,000;MESURE
2025-12-04 09:00:00+01:00;7686,000;1,000;MESURE
2025-12-04 10:00:00+01:00;5939,000;1,000;MESURE
2025-12-04 11:00:00+01:00;5270,000;1,000;MESURE
2025-12-04 12:00:00+01:00;4652,000;1,000;MESURE
2025-12-04 13:00:00+01:00;4395,000;1,000;MESURE
2025-12-04 14:00:00+01:00;4165,000;1,000;MESURE
2025-12-04 15:00:00+01:00;4227,000;1,000;MESURE
2025-12-04 16:00:00+01:00;4313,000;1,000;MESURE
2025-12-04 17:00:00+01:00;4530,000;1,000;MESURE
2025-12-04 18:00:00+01:00;4815,000;1,000;MESURE
2025-12-04 19:00:00+01:00;4981,000;1,000;MESURE
2025-12-04 20:00:00+01:00;5118,000;1,000;MESURE
2025-12-04 21:00:00+01:00;5202,000;1,000;MESURE
2025-12-04 22:00:00+01:00;5151,000;1,000;MESURE
2025-12-04 23:00:00+01:00;5299,000;1,000;MESURE
2025-12-05 00:00:00+01:00;5594,000;1,000;MESURE
2025-12-05 01:00:00+01:00;5670,000;1,000;MESURE
2025-12-05 02:00:00+01:00;5884,000;1,000;MESURE
2025-12-05 03:00:00+01:00;5641,000;1,000;MESURE
2025-12-05 04:00:00+01:00;5572,000;1,000;MESURE
2025-12-05 05:00:00+01:00;5451,000;1,000;MESURE
2025-12-05 06:00:00+01:00;5503,000;1,000;MESURE
2025-12-05 07:00:00+01:00;5560,000;1,000;MESURE
2025-12-05 08:00:00+01:00;5505,000;1,000;MESURE
2025-12-05 09:00:00+01:00;5648,000;1,000;MESURE
2025-12-05 10:00:00+01:00;5225,000;1,000;MESURE
2025-12-05 11:00:00+01:00;5002,000;1,000;MESURE
2025-12-05 12:00:00+01:00;5591,000;1,000;MESURE
2025-12-05 13:00:00+01:00;5922,000;1,000;MESURE
2025-12-05 14:00:00+01:00;4432,000;1,000;MESURE
2025-12-05 15:00:00+01:00;4442,000;1,000;MESURE
2025-12-05 16:00:00+01:00;4817,000;1,000;MESURE
2025-12-05 17:00:00+01:00;5355,000;1,000;MESURE
2025-12-05 18:00:00+01:00;5743,000;1,000;MESURE
2025-12-05 19:00:00+01:00;5967,000;1,000;MESURE
2025-12-05 20:00:00+01:00;6184,000;1,000;MESURE
2025-12-05 21:00:00+01:00;6317,000;1,000;MESURE
2025-12-05 22:00:00+01:00;6292,000;1,000;MESURE
2025-12-05 23:00:00+01:00;6447,000;1,000;MESURE
2025-12-06 00:00:00+01:00;6281,000;1,000;MESURE
2025-12-06 01:00:00+01:00;6142,000;1,000;MESURE
2025-12-06 02:00:00+01:00;6040,000;1,000;MESURE
2025-12-06 03:00:00+01:00;5843,000;1,000;MESURE
2025-12-06 04:00:00+01:00;5858,000;1,000;MESURE
2025-12-06 05:00:00+01:00;5670,000;1,000;MESURE
2025-12-06 06:00:00+01:00;5575,000;1,000;MESURE
2025-12-06 07:00:00+01:00;5538,000;1,000;MESURE
2025-12-06 08:00:00+01:00;6517,000;1,000;MESURE
2025-12-06 09:00:00+01:00;5987,000;1,000;MESURE
2025-12-06 10:00:00+01:00;6118,000;1,000;MESURE
2025-12-06 11:00:00+01:00;7441,000;1,000;MESURE
2025-12-06 12:00:00+01:00;5811,000;1,000;MESURE
2025-12-06 13:00:00+01:00;4605,000;1,000;MESURE
2025-12-06 14:00:00+01:00;4617,000;1,000;MESURE
2025-12-06 15:00:00+01:00;5214,000;1,000;MESURE
2025-12-06 16:00:00+01:00;5218,000;1,000;MESURE
2025-12-06 17:00:00+01:00;3341,000;1,000;MESURE
2025-12-06 18:00:00+01:00;3450,000;1,000;MESURE
2025-12-06 19:00:00+01:00;3747,000;1,000;MESURE
2025-12-06 20:00:00+01:00;3756,000;1,000;MESURE
2025-12-06 21:00:00+01:00;3797,000;1,000;MESURE
2025-12-06 22:00:00+01:00;3991,000;1,000;MESURE
2025-12-06 23:00:00+01:00;4003,000;1,000;MESURE
2025-12-07 00:00:00+01:00;3989,000;1,000;MESURE
2025-12-07 01:00:00+01:00;3994,000;1,000;MESURE
2025-12-07 02:00:00+01:00;4001,000;1,000;MESURE
2025-12-07 03:00:00+01:00;3980,000;1,000;MESURE
2025-12-07 04:00:00+01:00;4100,000;1,000;MESURE
2025-12-07 05:00:00+01:00;4261,000;1,000;MESURE
2025-12-07 06:00:00+01:00;4231,000;1,000;MESURE
2025-12-07 07:00:00+01:00;4167,000;1,000;MESURE
2025-12-07 08:00:00+01:00;4175,000;1,000;MESURE
2025-12-07 09:00:00+01:00;4133,000;1,000;MESURE
2025-12-07 10:00:00+01:00;3850,000;1,000;MESURE
2025-12-07 11:00:00+01:00;3813,000;1,000;MESURE
2025-12-07 12:00:00+01:00;4036,000;1,000;MESURE
2025-12-07 13:00:00+01:00;5673,000;1,000;MESURE
2025-12-07 14:00:00+01:00;7024,000;1,000;MESURE
2025-12-07 15:00:00+01:00;5748,000;1,000;MESURE
2025-12-07 16:00:00+01:00;5056,000;1,000;MESURE
2025-12-07 17:00:00+01:00;5117,000;1,000;MESURE
2025-12-07 18:00:00+01:00;4936,000;1,000;MESURE
2025-12-07 19:00:00+01:00;4937,000;1,000;MESURE
2025-12-07 20:00:00+01:00;5026,000;1,000;MESURE
2025-12-07 21:00:00+01:00;5030,000;1,000;MESURE
2025-12-07 22:00:00+01:00;5017,000;1,000;MESURE
2025-12-07 23:00:00+01:00;4964,000;1,000;MESURE
2025-12-08 00:00:00+01:00;4984,000;1,000;MESURE
2025-12-08 01:00:00+01:00;5086,000;1,000;MESURE
2025-12-08 02:00:00+01:00;4950,000;1,000;MESURE
2025-12-08 03:00:00+01:00;4843,000;1,000;MESURE
2025-12-08 04:00:00+01:00;4820,000;1,000;MESURE
2025-12-08 05:00:00+01:00;4903,000;1,000;MESURE
2025-12-08 06:00:00+01:00;4981,000;1,000;MESURE
2025-12-08 07:00:00+01:00;5002,000;1,000;MESURE
2025-12-08 08:00:00+01:00;5101,000;1,000;MESURE
2025-12-08 09:00:00+01:00;4895,000;1,000;MESURE
2025-12-08 10:00:00+01:00;4716,000;1,000;MESURE
2025-12-08 11:00:00+01:00;4384,000;1,000;MESURE
2025-12-08 12:00:00+01:00;3989,000;1,000;MESURE
2025-12-08 13:00:00+01:00;3732,000;1,000;MESURE
2025-12-08 14:00:00+01:00;3855,000;1,000;MESURE
2025-12-08 15:00:00+01:00;3858,000;1,000;MESURE
2025-12-08 16:00:00+01:00;4166,000;1,000;MESURE
2025-12-08 17:00:00+01:00;1975,000;1,000;MESURE
2025-12-08 18:00:00+01:00;1889,000;1,000;MESURE
2025-12-08 19:00:00+01:00;2307,000;1,000;MESURE
2025-12-08 20:00:00+01:00;3491,000;1,000;MESURE
2025-12-08 21:00:00+01:00;3791,000;1,000;MESURE
2025-12-08 22:00:00+01:00;3118,000;1,000;MESURE
2025-12-08 23:00:00+01:00;3355,000;1,000;MESURE
2025-12-09 00:00:00+01:00;3496,000;1,000;MESURE
2025-12-09 01:00:00+01:00;3829,000;1,000;MESURE
2025-12-09 02:00:00+01:00;3944,000;1,000;MESURE
2025-12-09 03:00:00+01:00;3821,000;1,000;MESURE
2025-12-09 04:00:00+01:00;3852,000;1,000;MESURE
2025-12-09 05:00:00+01:00;4136,000;1,000;MESURE
2025-12-09 06:00:00+01:00;4313,000;1,000;MESURE
2025-12-09 07:00:00+01:00;4334,000;1,000;MESURE
2025-12-09 08:00:00+01:00;4488,000;1,000;MESURE
2025-12-09 09:00:00+01:00;4414,000;1,000;MESURE
2025-12-09 10:00:00+01:00;4046,000;1,000;MESURE
2025-12-09 11:00:00+01:00;3433,000;1,000;MESURE
2025-12-09 12:00:00+01:00;2586,000;1,000;MESURE
2025-12-09 13:00:00+01:00;2078,000;1,000;MESURE
2025-12-09 14:00:00+01:00;1884,000;1,000;MESURE
2025-12-09 15:00:00+01:00;1199,000;1,000;MESURE
2025-12-09 16:00:00+01:00;1267,000;1,000;MESURE
2025-12-09 17:00:00+01:00;1634,000;1,000;MESURE
2025-12-09 18:00:00+01:00;2037,000;1,000;MESURE
2025-12-09 19:00:00+01:00;2349,000;1,000;MESURE
2025-12-09 20:00:00+01:00;2548,000;1,000;MESURE
2025-12-09 21:00:00+01:00;2803,000;1,000;MESURE
2025-12-09 22:00:00+01:00;2987,000;1,000;MESURE
2025-12-09 23:00:00+01:00;3107,000;1,000;MESURE
2025-12-10 00:00:00+01:00;4669,000;1,000;MESURE
2025-12-10 01:00:00+01:00;4004,000;1,000;MESURE
2025-12-10 02:00:00+01:00;3317,000;1,000;MESURE
2025-12-10 03:00:00+01:00;3249,000;1,000;MESURE
2025-12-10 04:00:00+01:00;3033,000;1,000;MESURE
2025-12-10 05:00:00+01:00;3040,000;1,000;MESURE
2025-12-10 06:00:00+01:00;3126,000;1,000;MESURE
2025-12-10 07:00:00+01:00;3176,000;1,000;MESURE
2025-12-10 08:00:00+01:00;3210,000;1,000;MESURE
2025-12-10 09:00:00+01:00;3196,000;1,000;MESURE
2025-12-10 10:00:00+01:00;2785,000;1,000;MESURE
2025-12-10 11:00:00+01:00;2362,000;1,000;MESURE
2025-12-10 12:00:00+01:00;2138,000;1,000;MESURE
2025-12-10 13:00:00+01:00;2000,000;1,000;MESURE
2025-12-10 14:00:00+01:00;1865,000;1,000;MESURE
2025-12-10 15:00:00+01:00;1817,000;1,000;MESURE
2025-12-10 16:00:00+01:00;1837,000;1,000;MESURE
2025-12-10 17:00:00+01:00;1970,000;1,000;MESURE
2025-12-10 18:00:00+01:00;2067,000;1,000;MESURE
2025-12-10 19:00:00+01:00;2122,000;1,000;MESURE
2025-12-10 20:00:00+01:00;2235,000;1,000;MESURE
2025-12-10 21:00:00+01:00;2247,000;1,000;MESURE
2025-12-10 22:00:00+01:00;2472,000;1,000;MESURE
2025-12-10 23:00:00+01:00;2658,000;1,000;MESURE
2025-12-11 00:00:00+01:00;2657,000;1,000;MESURE
2025-12-11 01:00:00+01:00;2724,000;1,000;MESURE
2025-12-11 02:00:00+01:00;2717,000;1,000;MESURE
2025-12-11 03:00:00+01:00;3239,000;1,000;MESURE
2025-12-11 04:00:00+01:00;4295,000;1,000;MESURE
2025-12-11 05:00:00+01:00;3011,000;1,000;MESURE
2025-12-11 06:00:00+01:00;3286,000;1,000;MESURE
2025-12-11 07:00:00+01:00;3650,000;1,000;MESURE
2025-12-11 08:00:00+01:00;3880,000;1,000;MESURE
2025-12-11 09:00:00+01:00;3964,000;1,000;MESURE
2025-12-11 10:00:00+01:00;3672,000;1,000;MESURE
2025-12-11 11:00:00+01:00;3009,000;1,000;MESURE
2025-12-11 12:00:00+01:00;2478,000;1,000;MESURE
2025-12-11 13:00:00+01:00;2166,000;1,000;MESURE
2025-12-11 14:00:00+01:00;2010,000;1,000;MESURE
2025-12-11 15:00:00+01:00;1973,000;1,000;MESURE
2025-12-11 16:00:00+01:00;2180,000;1,000;MESURE
2025-12-11 17:00:00+01:00;2341,000;1,000;MESURE
2025-12-11 18:00:00+01:00;2689,000;1,000;MESURE
2025-12-11 19:00:00+01:00;2948,000;1,000;MESURE
2025-12-11 20:00:00+01:00;3324,000;1,000;MESURE
2025-12-11 21:00:00+01:00;3400,000;1,000;MESURE
2025-12-11 22:00:00+01:00;3597,000;1,000;MESURE
2025-12-11 23:00:00+01:00;3735,000;1,000;MESURE
2025-12-12 00:00:00+01:00;3690,000;1,000;MESURE
2025-12-12 01:00:00+01:00;3639,000;1,000;MESURE
2025-12-12 02:00:00+01:00;3684,000;1,000;MESURE
2025-12-12 03:00:00+01:00;3827,000;1,000;MESURE
2025-12-12 04:00:00+01:00;4014,000;1,000;MESURE
2025-12-12 05:00:00+01:00;4362,000;1,000;MESURE
2025-12-12 06:00:00+01:00;5298,000;1,000;MESURE
2025-12-12 07:00:00+01:00;5572,000;1,000;MESURE
2025-12-12 08:00:00+01:00;4537,000;1,000;MESURE
2025-12-12 09:00:00+01:00;4568,000;1,000;MESURE
2025-12-12 10:00:00+01:00;4101,000;1,000;MESURE
2025-12-12 11:00:00+01:00;3168,000;1,000;MESURE
2025-12-12 12:00:00+01:00;2308,000;1,000;MESURE
2025-12-12 13:00:00+01:00;2150,000;1,000;MESURE
2025-12-12 14:00:00+01:00;1837,000;1,000;MESURE
2025-12-12 15:00:00+01:00;1800,000;1,000;MESURE
2025-12-12 16:00:00+01:00;1904,000;1,000;MESURE
2025-12-12 17:00:00+01:00;2111,000;1,000;MESURE
2025-12-12 18:00:00+01:00;2463,000;1,000;MESURE
2025-12-12 19:00:00+01:00;2919,000;1,000;MESURE
2025-12-12 20:00:00+01:00;3321,000;1,000;MESURE
2025-12-12 21:00:00+01:00;3693,000;1,000;MESURE
2025-12-12 22:00:00+01:00;3788,000;1,000;MESURE
2025-12-12 23:00:00+01:00;3898,000;1,000;MESURE
2025-12-13 00:00:00+01:00;4036,000;1,000;MESURE
2025-12-13 01:00:00+01:00;4376,000;1,000;MESURE
2025-12-13 02:00:00+01:00;4665,000;1,000;MESURE
2025-12-13 03:00:00+01:00;4732,000;1,000;MESURE
2025-12-13 04:00:00+01:00;4800,000;1,000;MESURE
2025-12-13 05:00:00+01:00;4867,000;1,000;MESURE
2025-12-13 06:00:00+01:00;4969,000;1,000;MESURE
2025-12-13 07:00:00+01:00;5144,000;1,000;MESURE
2025-12-13 08:00:00+01:00;7457,000;1,000;MESURE
2025-12-13 09:00:00+01:00;9953,000;1,000;MESURE
2025-12-13 10:00:00+01:00;7430,000;1,000;MESURE
2025-12-13 11:00:00+01:00;6775,000;1,000;MESURE
2025-12-13 12:00:00+01:00;7550,000;1,000;MESURE
2025-12-13 13:00:00+01:00;6490,000;1,000;MESURE
2025-12-13 14:00:00+01:00;5706,000;1,000;MESURE
2025-12-13 15:00:00+01:00;5437,000;1,000;MESURE
2025-12-13 16:00:00+01:00;6961,000;1,000;MESURE
2025-12-13 17:00:00+01:00;3769,000;1,000;MESURE
2025-12-13 18:00:00+01:00;2737,000;1,000;MESURE
2025-12-13 19:00:00+01:00;3696,000;1,000;MESURE
2025-12-13 20:00:00+01:00;4447,000;1,000;MESURE
2025-12-13 21:00:00+01:00;4821,000;1,000;MESURE
2025-12-13 22:00:00+01:00;5045,000;1,000;MESURE
2025-12-13 23:00:00+01:00;5125,000;1,000;MESURE
2025-12-14 00:00:00+01:00;4917,000;1,000;MESURE
2025-12-14 01:00:00+01:00;4686,000;1,000;MESURE
2025-12-14 02:00:00+01:00;4591,000;1,000;MESURE
2025-12-14 03:00:00+01:00;4583,000;1,000;MESURE
2025-12-14 04:00:00+01:00;4695,000;1,000;MESURE
2025-12-14 05:00:00+01:00;4624,000;1,000;MESURE
2025-12-14 06:00:00+01:00;4544,000;1,000;MESURE
2025-12-14 07:00:00+01:00;4634,000;1,000;MESURE
2025-12-14 08:00:00+01:00;4673,000;1,000;MESURE
2025-12-14 09:00:00+01:00;4719,000;1,000;MESURE
2025-12-14 10:00:00+01:00;4696,000;1,000;MESURE
2025-12-14 11:00:00+01:00;4567,000;1,000;MESURE
2025-12-14 12:00:00+01:00;4365,000;1,000;MESURE
2025-12-14 13:00:00+01:00;3819,000;1,000;MESURE
2025-12-14 14:00:00+01:00;3737,000;1,000;MESURE
2025-12-14 15:00:00+01:00;3839,000;1,000;MESURE
2025-12-14 16:00:00+01:00;3725,000;1,000;MESURE
2025-12-14 17:00:00+01:00;4240,000;1,000;MESURE
2025-12-14 18:00:00+01:00;4949,000;1,000;MESURE
2025-12-14 19:00:00+01:00;5359,000;1,000;MESURE
2025-12-14 20:00:00+01:00;6605,000;1,000;MESURE
2025-12-14 21:00:00+01:00;6669,000;1,000;MESURE
2025-12-14 22:00:00+01:00;5780,000;1,000;MESURE
2025-12-14 23:00:00+01:00;5679,000;1,000;MESURE
2025-12-15 00:00:00+01:00;5628,000;1,000;MESURE
2025-12-15 01:00:00+01:00;5718,000;1,000;MESURE
2025-12-15 02:00:00+01:00;5476,000;1,000;MESURE
2025-12-15 03:00:00+01:00;5434,000;1,000;MESURE
2025-12-15 04:00:00+01:00;5591,000;1,000;MESURE
2025-12-15 05:00:00+01:00;5897,000;1,000;MESURE
2025-12-15 06:00:00+01:00;5859,000;1,000;MESURE
2025-12-15 07:00:00+01:00;6030,000;1,000;MESURE
2025-12-15 08:00:00+01:00;5906,000;1,000;MESURE
2025-12-15 09:00:00+01:00;5918,000;1,000;MESURE
2025-12-15 10:00:00+01:00;5360,000;1,000;MESURE
2025-12-15 11:00:00+01:00;4663,000;1,000;MESURE
2025-12-15 12:00:00+01:00;4438,000;1,000;MESURE
2025-12-15 13:00:00+01:00;3694,000;1,000;MESURE
2025-12-15 14:00:00+01:00;2871,000;1,000;MESURE
2025-12-15 15:00:00+01:00;2840,000;1,000;MESURE
2025-12-15 16:00:00+01:00;3086,000;1,000;MESURE
2025-12-15 17:00:00+01:00;3568,000;1,000;MESURE
2025-12-15 18:00:00+01:00;3951,000;1,000;MESURE
2025-12-15 19:00:00+01:00;4000,000;1,000;MESURE
2025-12-15 20:00:00+01:00;4239,000;1,000;MESURE
2025-12-15 21:00:00+01:00;4493,000;1,000;MESURE
2025-12-15 22:00:00+01:00;4934,000;1,000;MESURE
2025-12-15 23:00:00+01:00;5963,000;1,000;MESURE
2025-12-16 00:00:00+01:00;6213,000;1,000;MESURE
2025-12-16 01:00:00+01:00;4995,000;1,000;MESURE
2025-12-16 02:00:00+01:00;4930,000;1,000;MESURE
2025-12-16 03:00:00+01:00;5035,000;1,000;MESURE
2025-12-16 04:00:00+01:00;5165,000;1,000;MESURE
2025-12-16 05:00:00+01:00;5092,000;1,000;MESURE
2025-12-16 06:00:00+01:00;4920,000;1,000;MESURE
2025-12-16 07:00:00+01:00;4878,000;1,000;MESURE
2025-12-16 08:00:00+01:00;4650,000;1,000;MESURE
2025-12-16 09:00:00+01:00;4541,000;1,000;MESURE
2025-12-16 10:00:00+01:00;4378,000;1,000;MESURE
2025-12-16 11:00:00+01:00;4155,000;1,000;MESURE
2025-12-16 12:00:00+01:00;3778,000;1,000;MESURE
2025-12-16 13:00:00+01:00;3438,000;1,000;MESURE
2025-12-16 14:00:00+01:00;3094,000;1,000;MESURE
2025-12-16 15:00:00+01:00;3074,000;1,000;MESURE
2025-12-16 16:00:00+01:00;3474,000;1,000;MESURE
2025-12-16 17:00:00+01:00;3274,000;1,000;MESURE
2025-12-16 18:00:00+01:00;3596,000;1,000;MESURE
2025-12-16 19:00:00+01:00;3950,000;1,000;MESURE
2025-12-16 20:00:00+01:00;4367,000;1,000;MESURE
2025-12-16 21:00:00+01:00;4563,000;1,000;MESURE
2025-12-16 22:00:00+01:00;4697,000;1,000;MESURE
2025-12-16 23:00:00+01:00;4829,000;1,000;MESURE
2025-12-17 00:00:00+01:00;4984,000;1,000;MESURE
2025-12-17 01:00:00+01:00;5394,000;1,000;MESURE
2025-12-17 02:00:00+01:00;7461,000;1,000;MESURE
2025-12-17 03:00:00+01:00;6259,000;1,000;MESURE
2025-12-17 04:00:00+01:00;6006,000;1,000;MESURE
2025-12-17 05:00:00+01:00;5910,000;1,000;MESURE
2025-12-17 06:00:00+01:00;5688,000;1,000;MESURE
2025-12-17 07:00:00+01:00;5879,000;1,000;MESURE
2025-12-17 08:00:00+01:00;6004,000;1,000;MESURE
2025-12-17 09:00:00+01:00;5784,000;1,000;MESURE
2025-12-17 10:00:00+01:00;5101,000;1,000;MESURE
2025-12-17 11:00:00+01:00;2395,000;1,000;MESURE
2025-12-17 12:00:00+01:00;1415,000;1,000;MESURE
2025-12-17 13:00:00+01:00;1337,000;1,000;MESURE
2025-12-17 14:00:00+01:00;1243,000;1,000;MESURE
2025-12-17 15:00:00+01:00;900,000;1,000;MESURE
2025-12-17 16:00:00+01:00;1362,000;1,000;MESURE
2025-12-17 17:00:00+01:00;2257,000;1,000;MESURE
2025-12-17 18:00:00+01:00;3275,000;1,000;MESURE
2025-12-17 19:00:00+01:00;4185,000;1,000;MESURE
2025-12-17 20:00:00+01:00;4776,000;1,000;MESURE
2025-12-17 21:00:00+01:00;5112,000;1,000;MESURE
2025-12-17 22:00:00+01:00;5341,000;1,000;MESURE
2025-12-17 23:00:00+01:00;5236,000;1,000;MESURE
2025-12-18 00:00:00+01:00;5162,000;1,000;MESURE
2025-12-18 01:00:00+01:00;5095,000;1,000;MESURE
2025-12-18 02:00:00+01:00;4619,000;1,000;MESURE
2025-12-18 03:00:00+01:00;4373,000;1,000;MESURE
2025-12-18 04:00:00+01:00;4428,000;1,000;MESURE
2025-12-18 05:00:00+01:00;6375,000;1,000;MESURE
2025-12-18 06:00:00+01:00;4583,000;1,000;MESURE
2025-12-18 07:00:00+01:00;4475,000;1,000;MESURE
2025-12-18 08:00:00+01:00;4413,000;1,000;MESURE
2025-12-18 09:00:00+01:00;4384,000;1,000;MESURE
2025-12-18 10:00:00+01:00;3879,000;1,000;MESURE
2025-12-18 11:00:00+01:00;3241,000;1,000;MESURE
2025-12-18 12:00:00+01:00;1970,000;1,000;MESURE
2025-12-18 13:00:00+01:00;1019,000;1,000;MESURE
2025-12-18 14:00:00+01:00;743,000;1,000;MESURE
2025-12-18 15:00:00+01:00;923,000;1,000;MESURE
2025-12-18 16:00:00+01:00;1481,000;1,000;MESURE
2025-12-18 17:00:00+01:00;2183,000;1,000;MESURE
2025-12-18 18:00:00+01:00;2617,000;1,000;MESURE
2025-12-18 19:00:00+01:00;2919,000;1,000;MESURE
2025-12-18 20:00:00+01:00;3118,000;1,000;MESURE
2025-12-18 21:00:00+01:00;3263,000;1,000;MESURE
2025-12-18 22:00:00+01:00;3407,000;1,000;MESURE
2025-12-18 23:00:00+01:00;3082,000;1,000;MESURE
2025-12-19 00:00:00+01:00;3051,000;1,000;MESURE
2025-12-19 01:00:00+01:00;2964,000;1,000;MESURE
2025-12-19 02:00:00+01:00;2551,000;1,000;MESURE
2025-12-19 03:00:00+01:00;2519,000;1,000;MESURE
2025-12-19 04:00:00+01:00;2570,000;1,000;MESURE
2025-12-19 05:00:00+01:00;2593,000;1,000;MESURE
2025-12-19 06:00:00+01:00;2702,000;1,000;MESURE
2025-12-19 07:00:00+01:00;2847,000;1,000;MESURE
2025-12-19 08:00:00+01:00;4094,000;1,000;MESURE
2025-12-19 09:00:00+01:00;3774,000;1,000;MESURE
2025-12-19 10:00:00+01:00;3108,000;1,000;MESURE
2025-12-19 11:00:00+01:00;2081,000;1,000;MESURE
2025-12-19 12:00:00+01:00;1492,000;1,000;MESURE
2025-12-19 13:00:00+01:00;1601,000;1,000;MESURE
2025-12-19 14:00:00+01:00;1671,000;1,000;MESURE
2025-12-19 15:00:00+01:00;1859,000;1,000;MESURE
2025-12-19 16:00:00+01:00;2257,000;1,000;MESURE
2025-12-19 17:00:00+01:00;2452,000;1,000;MESURE
2025-12-19 18:00:00+01:00;2822,000;1,000;MESURE
2025-12-19 19:00:00+01:00;3100,000;1,000;MESURE
2025-12-19 20:00:00+01:00;2992,000;1,000;MESURE
2025-12-19 21:00:00+01:00;3200,000;1,000;MESURE
2025-12-19 22:00:00+01:00;3166,000;1,000;MESURE
2025-12-19 23:00:00+01:00;3232,000;1,000;MESURE
2025-12-20 00:00:00+01:00;3459,000;1,000;MESURE
2025-12-20 01:00:00+01:00;3276,000;1,000;MESURE
2025-12-20 02:00:00+01:00;3268,000;1,000;MESURE
2025-12-20 03:00:00+01:00;3222,000;1,000;MESURE
2025-12-20 04:00:00+01:00;3325,000;1,000;MESURE
2025-12-20 05:00:00+01:00;3383,000;1,000;MESURE
2025-12-20 06:00:00+01:00;3372,000;1,000;MESURE
2025-12-20 07:00:00+01:00;3482,000;1,000;MESURE
2025-12-20 08:00:00+01:00;5756,000;1,000;MESURE
2025-12-20 09:00:00+01:00;6447,000;1,000;MESURE
2025-12-20 10:00:00+01:00;6886,000;1,000;MESURE
2025-12-20 11:00:00+01:00;6761,000;1,000;MESURE
2025-12-20 12:00:00+01:00;3835,000;1,000;MESURE
2025-12-20 13:00:00+01:00;3073,000;1,000;MESURE
2025-12-20 14:00:00+01:00;2020,000;1,000;MESURE
2025-12-20 15:00:00+01:00;3857,000;1,000;MESURE
2025-12-20 16:00:00+01:00;3028,000;1,000;MESURE
2025-12-20 17:00:00+01:00;7233,000;1,000;MESURE
2025-12-20 18:00:00+01:00;2501,000;1,000;MESURE
2025-12-20 19:00:00+01:00;2123,000;1,000;MESURE
2025-12-20 20:00:00+01:00;2482,000;1,000;MESURE
2025-12-20 21:00:00+01:00;2518,000;1,000;MESURE
2025-12-20 22:00:00+01:00;2800,000;1,000;MESURE
2025-12-20 23:00:00+01:00;2875,000;1,000;MESURE
2025-12-21 00:00:00+01:00;3304,000;1,000;MESURE
2025-12-21 01:00:00+01:00;3466,000;1,000;MESURE
2025-12-21 02:00:00+01:00;3585,000;1,000;MESURE
2025-12-21 03:00:00+01:00;3922,000;1,000;MESURE
2025-12-21 04:00:00+01:00;4163,000;1,000;MESURE
2025-12-21 05:00:00+01:00;4199,000;1,000;MESURE
2025-12-21 06:00:00+01:00;4327,000;1,000;MESURE
2025-12-21 07:00:00+01:00;4472,000;1,000;MESURE
2025-12-21 08:00:00+01:00;4622,000;1,000;MESURE
2025-12-21 09:00:00+01:00;4710,000;1,000;MESURE
2025-12-21 10:00:00+01:00;4169,000;1,000;MESURE
2025-12-21 11:00:00+01:00;3142,000;1,000;MESURE
2025-12-21 12:00:00+01:00;2024,000;1,000;MESURE
2025-12-21 13:00:00+01:00;1412,000;1,000;MESURE
2025-12-21 14:00:00+01:00;1733,000;1,000;MESURE
2025-12-21 15:00:00+01:00;1705,000;1,000;MESURE
2025-12-21 16:00:00+01:00;2220,000;1,000;MESURE
2025-12-21 17:00:00+01:00;2716,000;1,000;MESURE
2025-12-21 18:00:00+01:00;2851,000;1,000;MESURE
2025-12-21 19:00:00+01:00;3294,000;1,000;MESURE
2025-12-21 20:00:00+01:00;4823,000;1,000;MESURE
2025-12-21 21:00:00+01:00;3521,000;1,000;MESURE
2025-12-21 22:00:00+01:00;3618,000;1,000;MESURE
2025-12-21 23:00:00+01:00;3640,000;1,000;MESURE
2025-12-22 00:00:00+01:00;3690,000;1,000;MESURE
2025-12-22 01:00:00+01:00;3682,000;1,000;MESURE
2025-12-22 02:00:00+01:00;3825,000;1,000;MESURE
2025-12-22 03:00:00+01:00;4142,000;1,000;MESURE
2025-12-22 04:00:00+01:00;3898,000;1,000;MESURE
2025-12-22 05:00:00+01:00;3923,000;1,000;MESURE
2025-12-22 06:00:00+01:00;3917,000;1,000;MESURE
2025-12-22 07:00:00+01:00;3888,000;1,000;MESURE
2025-12-22 08:00:00+01:00;4065,000;1,000;MESURE
2025-12-22 09:00:00+01:00;4030,000;1,000;MESURE
2025-12-22 10:00:00+01:00;3859,000;1,000;MESURE
2025-12-22 11:00:00+01:00;3749,000;1,000;MESURE
2025-12-22 12:00:00+01:00;3380,000;1,000;MESURE
2025-12-22 13:00:00+01:00;3162,000;1,000;MESURE
2025-12-22 14:00:00+01:00;3069,000;1,000;MESURE
2025-12-22 15:00:00+01:00;2776,000;1,000;MESURE
2025-12-22 16:00:00+01:00;2897,000;1,000;MESURE
2025-12-22 17:00:00+01:00;3050,000;1,000;MESURE
2025-12-22 18:00:00+01:00;3507,000;1,000;MESURE
2025-12-22 19:00:00+01:00;3801,000;1,000;MESURE
2025-12-22 20:00:00+01:00;3813,000;1,000;MESURE
2025-12-22 21:00:00+01:00;3846,000;1,000;MESURE
2025-12-22 22:00:00+01:00;3937,000;1,000;MESURE
2025-12-22 23:00:00+01:00;5031,000;1,000;MESURE
2025-12-23 00:00:00+01:00;4311,000;1,000;MESURE
2025-12-23 01:00:00+01:00;3723,000;1,000;MESURE
2025-12-23 02:00:00+01:00;3802,000;1,000;MESURE
2025-12-23 03:00:00+01:00;3777,000;1,000;MESURE
2025-12-23 04:00:00+01:00;3905,000;1,000;MESURE
2025-12-23 05:00:00+01:00;4171,000;1,000;MESURE
2025-12-23 06:00:00+01:00;4393,000;1,000;MESURE
2025-12-23 07:00:00+01:00;4403,000;1,000;MESURE
2025-12-23 08:00:00+01:00;4647,000;1,000;MESURE
2025-12-23 09:00:00+01:00;4732,000;1,000;MESURE
2025-12-23 10:00:00+01:00;4618,000;1,000;MESURE
2025-12-23 11:00:00+01:00;4734,000;1,000;MESURE
2025-12-23 12:00:00+01:00;4635,000;1,000;MESURE
2025-12-23 13:00:00+01:00;4659,000;1,000;MESURE
2025-12-23 14:00:00+01:00;4653,000;1,000;MESURE
2025-12-23 15:00:00+01:00;4777,000;1,000;MESURE
2025-12-23 16:00:00+01:00;4941,000;1,000;MESURE
2025-12-23 17:00:00+01:00;4971,000;1,000;MESURE
2025-12-23 18:00:00+01:00;4962,000;1,000;MESURE
2025-12-23 19:00:00+01:00;5282,000;1,000;MESURE
2025-12-23 20:00:00+01:00;5353,000;1,000;MESURE
2025-12-23 21:00:00+01:00;5679,000;1,000;MESURE
2025-12-23 22:00:00+01:00;5714,000;1,000;MESURE
2025-12-23 23:00:00+01:00;5516,000;1,000;MESURE
2025-12-24 00:00:00+01:00;5693,000;1,000;MESURE
2025-12-24 01:00:00+01:00;5599,000;1,000;MESURE
2025-12-24 02:00:00+01:00;7334,000;1,000;MESURE
2025-12-24 03:00:00+01:00;6056,000;1,000;MESURE
2025-12-24 04:00:00+01:00;5545,000;1,000;MESURE
2025-12-24 05:00:00+01:00;5453,000;1,000;MESURE
2025-12-24 06:00:00+01:00;5647,000;1,000;MESURE
2025-12-24 07:00:00+01:00;5717,000;1,000;MESURE
2025-12-24 08:00:00+01:00;5895,000;1,000;MESURE
2025-12-24 09:00:00+01:00;6192,000;1,000;MESURE
2025-12-24 10:00:00+01:00;6608,000;1,000;MESURE
2025-12-24 11:00:00+01:00;6310,000;1,000;MESURE
2025-12-24 12:00:00+01:00;6062,000;1,000;MESURE
2025-12-24 13:00:00+01:00;5756,000;1,000;MESURE
2025-12-24 14:00:00+01:00;5608,000;1,000;MESURE
2025-12-24 15:00:00+01:00;5681,000;1,000;MESURE
2025-12-24 16:00:00+01:00;6218,000;1,000;MESURE
2025-12-24 17:00:00+01:00;6718,000;1,000;MESURE
2025-12-24 18:00:00+01:00;6965,000;1,000;MESURE
2025-12-24 19:00:00+01:00;7155,000;1,000;MESURE
2025-12-24 20:00:00+01:00;7173,000;1,000;MESURE
2025-12-24 21:00:00+01:00;7155,000;1,000;MESURE
2025-12-24 22:00:00+01:00;7229,000;1,000;MESURE
2025-12-24 23:00:00+01:00;7364,000;1,000;MESURE
2025-12-25 00:00:00+01:00;7252,000;1,000;MESURE
2025-12-25 01:00:00+01:00;7001,000;1,000;MESURE
2025-12-25 02:00:00+01:00;6816,000;1,000;MESURE
2025-12-25 03:00:00+01:00;6605,000;1,000;MESURE
2025-12-25 04:00:00+01:00;6474,000;1,000;MESURE
2025-12-25 05:00:00+01:00;7543,000;1,000;MESURE
2025-12-25 06:00:00+01:00;7624,000;1,000;MESURE
2025-12-25 07:00:00+01:00;6475,000;1,000;MESURE
2025-12-25 08:00:00+01:00;6667,000;1,000;MESURE
2025-12-25 09:00:00+01:00;6524,000;1,000;MESURE
2025-12-25 10:00:00+01:00;6654,000;1,000;MESURE
2025-12-25 11:00:00+01:00;6407,000;1,000;MESURE
2025-12-25 12:00:00+01:00;6133,000;1,000;MESURE
2025-12-25 13:00:00+01:00;5969,000;1,000;MESURE
2025-12-25 14:00:00+01:00;5930,000;1,000;MESURE
2025-12-25 15:00:00+01:00;5983,000;1,000;MESURE
2025-12-25 16:00:00+01:00;6078,000;1,000;MESURE
2025-12-25 17:00:00+01:00;6183,000;1,000;MESURE
2025-12-25 18:00:00+01:00;6253,000;1,000;MESURE
2025-12-25 19:00:00+01:00;6345,000;1,000;MESURE
2025-12-25 20:00:00+01:00;6406,000;1,000;MESURE
2025-12-25 21:00:00+01:00;6514,000;1,000;MESURE
2025-12-25 22:00:00+01:00;6570,000;1,000;MESURE
2025-12-25 23:00:00+01:00;6430,000;1,000;MESURE
2025-12-26 00:00:00+01:00;6405,000;1,000;MESURE
2025-12-26 01:00:00+01:00;6384,000;1,000;MESURE
2025-12-26 02:00:00+01:00;6300,000;1,000;MESURE
2025-12-26 03:00:00+01:00;6470,000;1,000;MESURE
2025-12-26 04:00:00+01:00;6418,000;1,000;MESURE
2025-12-26 05:00:00+01:00;6433,000;1,000;MESURE
2025-12-26 06:00:00+01:00;6534,000;1,000;MESURE
2025-12-26 07:00:00+01:00;6497,000;1,000;MESURE
2025-12-26 08:00:00+01:00;6955,000;1,000;MESURE
2025-12-26 09:00:00+01:00;8245,000;1,000;MESURE
2025-12-26 10:00:00+01:00;6760,000;1,000;MESURE
2025-12-26 11:00:00+01:00;6527,000;1,000;MESURE
2025-12-26 12:00:00+01:00;6182,000;1,000;MESURE
2025-12-26 13:00:00+01:00;6104,000;1,000;MESURE
2025-12-26 14:00:00+01:00;5943,000;1,000;MESURE
2025-12-26 15:00:00+01:00;6021,000;1,000;MESURE
2025-12-26 16:00:00+01:00;6082,000;1,000;MESURE
2025-12-26 17:00:00+01:00;6292,000;1,000;MESURE
2025-12-26 18:00:00+01:00;6386,000;1,000;MESURE
2025-12-26 19:00:00+01:00;6460,000;1,000;MESURE
2025-12-26 20:00:00+01:00;6519,000;1,000;MESURE
2025-12-26 21:00:00+01:00;6559,000;1,000;MESURE
2025-12-26 22:00:00+01:00;6561,000;1,000;MESURE
2025-12-26 23:00:00+01:00;6605,000;1,000;MESURE
2025-12-27 00:00:00+01:00;6577,000;1,000;MESURE
2025-12-27 01:00:00+01:00;6494,000;1,000;MESURE
2025-12-27 02:00:00+01:00;6472,000;1,000;MESURE
2025-12-27 03:00:00+01:00;6545,000;1,000;MESURE
2025-12-27 04:00:00+01:00;6592,000;1,000;MESURE
2025-12-27 05:00:00+01:00;6625,000;1,000;MESURE
2025-12-27 06:00:00+01:00;6474,000;1,000;MESURE
2025-12-27 07:00:00+01:00;6522,000;1,000;MESURE
2025-12-27 08:00:00+01:00;6650,000;1,000;MESURE
2025-12-27 09:00:00+01:00;6597,000;1,000;MESURE
2025-12-27 10:00:00+01:00;6637,000;1,000;MESURE
2025-12-27 11:00:00+01:00;6458,000;1,000;MESURE
2025-12-27 12:00:00+01:00;7907,000;1,000;MESURE
2025-12-27 13:00:00+01:00;6010,000;1,000;MESURE
2025-12-27 14:00:00+01:00;6088,000;1,000;MESURE
2025-12-27 15:00:00+01:00;6213,000;1,000;MESURE
2025-12-27 16:00:00+01:00;6222,000;1,000;MESURE
2025-12-27 17:00:00+01:00;6319,000;1,000;MESURE
2025-12-27 18:00:00+01:00;6376,000;1,000;MESURE
2025-12-27 19:00:00+01:00;6709,000;1,000;MESURE
2025-12-27 20:00:00+01:00;6833,000;1,000;MESURE
2025-12-27 21:00:00+01:00;6810,000;1,000;MESURE
2025-12-27 22:00:00+01:00;6788,000;1,000;MESURE
2025-12-27 23:00:00+01:00;6768,000;1,000;MESURE
2025-12-28 00:00:00+01:00;6806,000;1,000;MESURE
2025-12-28 01:00:00+01:00;7020,000;1,000;MESURE
2025-12-28 02:00:00+01:00;7022,000;1,000;MESURE
2025-12-28 03:00:00+01:00;6795,000;1,000;MESURE
2025-12-28 04:00:00+01:00;6797,000;1,000;MESURE
2025-12-28 05:00:00+01:00;6917,000;1,000;MESURE
2025-12-28 06:00:00+01:00;6872,000;1,000;MESURE
2025-12-28 07:00:00+01:00;7029,000;1,000;MESURE
2025-12-28 08:00:00+01:00;6909,000;1,000;MESURE
2025-12-28 09:00:00+01:00;7190,000;1,000;MESURE
2025-12-28 10:00:00+01:00;7157,000;1,000;MESURE
2025-12-28 11:00:00+01:00;6979,000;1,000;MESURE
2025-12-28 12:00:00+01:00;6832,000;1,000;MESURE
2025-12-28 13:00:00+01:00;6604,000;1,000;MESURE
2025-12-28 14:00:00+01:00;6424,000;1,000;MESURE
2025-12-28 15:00:00+01:00;8324,000;1,000;MESURE
2025-12-28 16:00:00+01:00;6568,000;1,000;MESURE
2025-12-28 17:00:00+01:00;6769,000;1,000;MESURE
2025-12-28 18:00:00+01:00;6605,000;1,000;MESURE
2025-12-28 19:00:00+01:00;6809,000;1,000;MESURE
2025-12-28 20:00:00+01:00;6882,000;1,000;MESURE
2025-12-28 21:00:00+01:00;6949,000;1,000;MESURE
2025-12-28 22:00:00+01:00;6982,000;1,000;MESURE
2025-12-28 23:00:00+01:00;7034,000;1,000;MESURE
2025-12-29 00:00:00+01:00;6930,000;1,000;MESURE
2025-12-29 01:00:00+01:00;6943,000;1,000;MESURE
2025-12-29 02:00:00+01:00;7054,000;1,000;MESURE
2025-12-29 03:00:00+01:00;7036,000;1,000;MESURE
2025-12-29 04:00:00+01:00;6920,000;1,000;MESURE
2025-12-29 05:00:00+01:00;6949,000;1,000;MESURE
2025-12-29 06:00:00+01:00;6849,000;1,000;MESURE
2025-12-29 07:00:00+01:00;7017,000;1,000;MESURE
2025-12-29 08:00:00+01:00;6993,000;1,000;MESURE
2025-12-29 09:00:00+01:00;7482,000;1,000;MESURE
2025-12-29 10:00:00+01:00;6878,000;1,000;MESURE
2025-12-29 11:00:00+01:00;6716,000;1,000;MESURE
2025-12-29 12:00:00+01:00;6593,000;1,000;MESURE
2025-12-29 13:00:00+01:00;6282,000;1,000;MESURE
2025-12-29 14:00:00+01:00;6180,000;1,000;MESURE
2025-12-29 15:00:00+01:00;6098,000;1,000;MESURE
2025-12-29 16:00:00+01:00;6252,000;1,000;MESURE
2025-12-29 17:00:00+01:00;6766,000;1,000;MESURE
2025-12-29 18:00:00+01:00;8745,000;1,000;MESURE
2025-12-29 19:00:00+01:00;7901,000;1,000;MESURE
2025-12-29 20:00:00+01:00;7596,000;1,000;MESURE
2025-12-29 21:00:00+01:00;7711,000;1,000;MESURE
2025-12-29 22:00:00+01:00;7656,000;1,000;MESURE
2025-12-29 23:00:00+01:00;7716,000;1,000;MESURE
2025-12-30 00:00:00+01:00;7627,000;1,000;MESURE
2025-12-30 01:00:00+01:00;7640,000;1,000;MESURE
2025-12-30 02:00:00+01:00;7493,000;1,000;MESURE
2025-12-30 03:00:00+01:00;7449,000;1,000;MESURE
2025-12-30 04:00:00+01:00;7509,000;1,000;MESURE
2025-12-30 05:00:00+01:00;7731,000;1,000;MESURE
2025-12-30 06:00:00+01:00;7791,000;1,000;MESURE
2025-12-30 07:00:00+01:00;7884,000;1,000;MESURE
2025-12-30 08:00:00+01:00;7937,000;1,000;MESURE
2025-12-30 09:00:00+01:00;8189,000;1,000;MESURE
2025-12-30 10:00:00+01:00;8275,000;1,000;MESURE
2025-12-30 11:00:00+01:00;8362,000;1,000;MESURE
2025-12-30 12:00:00+01:00;7953,000;1,000;MESURE
2025-12-30 13:00:00+01:00;7712,000;1,000;MESURE
2025-12-30 14:00:00+01:00;7692,000;1,000;MESURE
2025-12-30 15:00:00+01:00;7557,000;1,000;MESURE
2025-12-30 16:00:00+01:00;7519,000;1,000;MESURE
2025-12-30 17:00:00+01:00;7274,000;1,000;MESURE
2025-12-30 18:00:00+01:00;7100,000;1,000;MESURE
2025-12-30 19:00:00+01:00;7233,000;1,000;MESURE
2025-12-30 20:00:00+01:00;7636,000;1,000;MESURE
2025-12-30 21:00:00+01:00;10328,000;1,000;MESURE
2025-12-30 22:00:00+01:00;8834,000;1,000;MESURE
2025-12-30 23:00:00+01:00;9144,000;1,000;MESURE
2025-12-31 00:00:00+01:00;9420,000;1,000;MESURE
2025-12-31 01:00:00+01:00;9550,000;1,000;MESURE
2025-12-31 02:00:00+01:00;9655,000;1,000;MESURE
2025-12-31 03:00:00+01:00;9761,000;1,000;MESURE
2025-12-31 04:00:00+01:00;9812,000;1,000;MESURE
2025-12-31 05:00:00+01:00;9880,000;1,000;MESURE
2025-12-31 06:00:00+01:00;10024,000;1,000;MESURE
2025-12-31 07:00:00+01:00;10090,000;1,000;MESURE
2025-12-31 08:00:00+01:00;10224,000;1,000;MESURE
2025-12-31 09:00:00+01:00;10012,000;1,000;MESURE
2025-12-31 10:00:00+01:00;9600,000;1,000;MESURE
2025-12-31 11:00:00+01:00;8815,000;1,000;MESURE
2025-12-31 12:00:00+01:00;7818,000;1,000;MESURE
2025-12-31 13:00:00+01:00;7412,000;1,000;MESURE
2025-12-31 14:00:00+01:00;7998,000;1,000;MESURE
2025-12-31 15:00:00+01:00;7369,000;1,000;MESURE
2025-12-31 16:00:00+01:00;7287,000;1,000;MESURE
2025-12-31 17:00:00+01:00;7590,000;1,000;MESURE
2025-12-31 18:00:00+01:00;8160,000;1,000;MESURE
2025-12-31 19:00:00+01:00;8655,000;1,000;MESURE
2025-12-31 20:00:00+01:00;9264,000;1,000;MESURE
2025-12-31 21:00:00+01:00;9553,000;1,000;MESURE
2025-12-31 22:00:00+01:00;9735,000;1,000;MESURE
2025-12-31 23:00:00+01:00;9869,000;1,000;MESURE
2026-01-01 00:00:00+01:00;11659,000;1,000;MESURE
2026-01-01 01:00:00+01:00;9676,000;1,000;MESURE
2026-01-01 02:00:00+01:00;9701,000;1,000;MESURE
2026-01-01 03:00:00+01:00;9627,000;1,000;MESURE
2026-01-01 04:00:00+01:00;9789,000;1,000;MESURE
2026-01-01 05:00:00+01:00;9807,000;1,000;MESURE
2026-01-01 06:00:00+01:00;9800,000;1,000;MESURE
2026-01-01 07:00:00+01:00;9835,000;1,000;MESURE
2026-01-01 08:00:00+01:00;9874,000;1,000;MESURE
2026-01-01 09:00:00+01:00;9907,000;1,000;MESURE
2026-01-01 10:00:00+01:00;9454,000;1,000;MESURE
2026-01-01 11:00:00+01:00;8332,000;1,000;MESURE
2026-01-01 12:00:00+01:00;7048,000;1,000;MESURE
2026-01-01 13:00:00+01:00;5789,000;1,000;MESURE
2026-01-01 14:00:00+01:00;5486,000;1,000;MESURE
2026-01-01 15:00:00+01:00;5414,000;1,000;MESURE
2026-01-01 16:00:00+01:00;5211,000;1,000;MESURE
2026-01-01 17:00:00+01:00;5817,000;1,000;MESURE
2026-01-01 18:00:00+01:00;6706,000;1,000;MESURE
2026-01-01 19:00:00+01:00;7206,000;1,000;MESURE
2026-01-01 20:00:00+01:00;7530,000;1,000;MESURE
2026-01-01 21:00:00+01:00;7555,000;1,000;MESURE
2026-01-01 22:00:00+01:00;7659,000;1,000;MESURE
2026-01-01 23:00:00+01:00;7750,000;1,000;MESURE
2026-01-02 00:00:00+01:00;8129,000;1,000;MESURE
2026-01-02 01:00:00+01:00;8562,000;1,000;MESURE
2026-01-02 02:00:00+01:00;8685,000;1,000;MESURE
2026-01-02 03:00:00+01:00;9501,000;1,000;MESURE
2026-01-02 04:00:00+01:00;10478,000;1,000;MESURE
2026-01-02 05:00:00+01:00;9453,000;1,000;MESURE
2026-01-02 06:00:00+01:00;9723,000;1,000;MESURE
2026-01-02 07:00:00+01:00;9784,000;1,000;MESURE
2026-01-02 08:00:00+01:00;9669,000;1,000;MESURE
2026-01-02 09:00:00+01:00;9646,000;1,000;MESURE
2026-01-02 10:00:00+01:00;9075,000;1,000;MESURE
2026-01-02 11:00:00+01:00;8044,000;1,000;MESURE
2026-01-02 12:00:00+01:00;6906,000;1,000;MESURE
2026-01-02 13:00:00+01:00;6197,000;1,000;MESURE
2026-01-02 14:00:00+01:00;6048,000;1,000;MESURE
2026-01-02 15:00:00+01:00;5742,000;1,000;MESURE
2026-01-02 16:00:00+01:00;5526,000;1,000;MESURE
2026-01-02 17:00:00+01:00;5838,000;1,000;MESURE
2026-01-02 18:00:00+01:00;6087,000;1,000;MESURE
2026-01-02 19:00:00+01:00;6432,000;1,000;MESURE
2026-01-02 20:00:00+01:00;6668,000;1,000;MESURE
2026-01-02 21:00:00+01:00;6867,000;1,000;MESURE
2026-01-02 22:00:00+01:00;7060,000;1,000;MESURE
2026-01-02 23:00:00+01:00;6987,000;1,000;MESURE
2026-01-03 00:00:00+01:00;6906,000;1,000;MESURE
2026-01-03 01:00:00+01:00;6824,000;1,000;MESURE
2026-01-03 02:00:00+01:00;6883,000;1,000;MESURE
2026-01-03 03:00:00+01:00;6901,000;1,000;MESURE
2026-01-03 04:00:00+01:00;6837,000;1,000;MESURE
2026-01-03 05:00:00+01:00;6825,000;1,000;MESURE
2026-01-03 06:00:00+01:00;6978,000;1,000;MESURE
2026-01-03 07:00:00+01:00;9022,000;1,000;MESURE
2026-01-03 08:00:00+01:00;7666,000;1,000;MESURE
2026-01-03 09:00:00+01:00;8942,000;1,000;MESURE
2026-01-03 10:00:00+01:00;10878,000;1,000;MESURE
2026-01-03 11:00:00+01:00;9246,000;1,000;MESURE
2026-01-03 12:00:00+01:00;7882,000;1,000;MESURE
2026-01-03 13:00:00+01:00;5790,000;1,000;MESURE
2026-01-03 14:00:00+01:00;5166,000;1,000;MESURE
2026-01-03 15:00:00+01:00;5194,000;1,000;MESURE
2026-01-03 16:00:00+01:00;5729,000;1,000;MESURE
2026-01-03 17:00:00+01:00;6847,000;1,000;MESURE
2026-01-03 18:00:00+01:00;7716,000;1,000;MESURE
2026-01-03 19:00:00+01:00;8377,000;1,000;MESURE
2026-01-03 20:00:00+01:00;8607,000;1,000;MESURE
2026-01-03 21:00:00+01:00;9537,000;1,000;MESURE
2026-01-03 22:00:00+01:00;9911,000;1,000;MESURE
2026-01-03 23:00:00+01:00;9038,000;1,000;MESURE
2026-01-04 00:00:00+01:00;9114,000;1,000;MESURE
2026-01-04 01:00:00+01:00;9220,000;1,000;MESURE
2026-01-04 02:00:00+01:00;9152,000;1,000;MESURE
2026-01-04 03:00:00+01:00;9204,000;1,000;MESURE
2026-01-04 04:00:00+01:00;9318,000;1,000;MESURE
2026-01-04 05:00:00+01:00;9609,000;1,000;MESURE
2026-01-04 06:00:00+01:00;9741,000;1,000;MESURE
2026-01-04 07:00:00+01:00;9821,000;1,000;MESURE
2026-01-04 08:00:00+01:00;10062,000;1,000;MESURE
2026-01-04 09:00:00+01:00;10184,000;1,000;MESURE
2026-01-04 10:00:00+01:00;9920,000;1,000;MESURE
2026-01-04 11:00:00+01:00;9524,000;1,000;MESURE
2026-01-04 12:00:00+01:00;8387,000;1,000;MESURE
2026-01-04 13:00:00+01:00;7328,000;1,000;MESURE
2026-01-04 14:00:00+01:00;6885,000;1,000;MESURE
2026-01-04 15:00:00+01:00;6873,000;1,000;MESURE
2026-01-04 16:00:00+01:00;7450,000;1,000;MESURE
2026-01-04 17:00:00+01:00;8211,000;1,000;MESURE
2026-01-04 18:00:00+01:00;8625,000;1,000;MESURE
2026-01-04 19:00:00+01:00;8804,000;1,000;MESURE
2026-01-04 20:00:00+01:00;8973,000;1,000;MESURE
2026-01-04 21:00:00+01:00;9125,000;1,000;MESURE
2026-01-04 22:00:00+01:00;9538,000;1,000;MESURE
2026-01-04 23:00:00+01:00;9649,000;1,000;MESURE
2026-01-05 00:00:00+01:00;9624,000;1,000;MESURE
2026-01-05 01:00:00+01:00;11520,000;1,000;MESURE
2026-01-05 02:00:00+01:00;9899,000;1,000;MESURE
2026-01-05 03:00:00+01:00;9971,000;1,000;MESURE
2026-01-05 04:00:00+01:00;10246,000;1,000;MESURE
2026-01-05 05:00:00+01:00;10551,000;1,000;MESURE
2026-01-05 06:00:00+01:00;10330,000;1,000;MESURE
2026-01-05 07:00:00+01:00;10455,000;1,000;MESURE
2026-01-05 08:00:00+01:00;10381,000;1,000;MESURE
2026-01-05 09:00:00+01:00;10581,000;1,000;MESURE
2026-01-05 10:00:00+01:00;10189,000;1,000;MESURE
2026-01-05 11:00:00+01:00;9150,000;1,000;MESURE
2026-01-05 12:00:00+01:00;8159,000;1,000;MESURE
2026-01-05 13:00:00+01:00;7316,000;1,000;MESURE
2026-01-05 14:00:00+01:00;7256,000;1,000;MESURE
2026-01-05 15:00:00+01:00;7443,000;1,000;MESURE
2026-01-05 16:00:00+01:00;7860,000;1,000;MESURE
2026-01-05 17:00:00+01:00;8480,000;1,000;MESURE
2026-01-05 18:00:00+01:00;8984,000;1,000;MESURE
2026-01-05 19:00:00+01:00;9355,000;1,000;MESURE
2026-01-05 20:00:00+01:00;9874,000;1,000;MESURE
2026-01-05 21:00:00+01:00;9870,000;1,000;MESURE
2026-01-05 22:00:00+01:00;10050,000;1,000;MESURE
2026-01-05 23:00:00+01:00;10238,000;1,000;MESURE
2026-01-06 00:00:00+01:00;10428,000;1,000;MESURE
2026-01-06 01:00:00+01:00;10563,000;1,000;MESURE
2026-01-06 02:00:00+01:00;10462,000;1,000;MESURE
2026-01-06 03:00:00+01:00;10849,000;1,000;MESURE
2026-01-06 04:00:00+01:00;11677,000;1,000;MESURE
2026-01-06 05:00:00+01:00;10214,000;1,000;MESURE
2026-01-06 06:00:00+01:00;10331,000;1,000;MESURE
2026-01-06 07:00:00+01:00;10154,000;1,000;MESURE
2026-01-06 08:00:00+01:00;10063,000;1,000;MESURE
2026-01-06 09:00:00+01:00;9858,000;1,000;MESURE
2026-01-06 10:00:00+01:00;9557,000;1,000;MESURE
2026-01-06 11:00:00+01:00;9169,000;1,000;MESURE
2026-01-06 12:00:00+01:00;8879,000;1,000;MESURE
2026-01-06 13:00:00+01:00;8824,000;1,000;MESURE
2026-01-06 14:00:00+01:00;9243,000;1,000;MESURE
2026-01-06 15:00:00+01:00;9298,000;1,000;MESURE
2026-01-06 16:00:00+01:00;9686,000;1,000;MESURE
2026-01-06 17:00:00+01:00;9964,000;1,000;MESURE
2026-01-06 18:00:00+01:00;10051,000;1,000;MESURE
2026-01-06 19:00:00+01:00;9888,000;1,000;MESURE
2026-01-06 20:00:00+01:00;9906,000;1,000;MESURE
2026-01-06 21:00:00+01:00;9609,000;1,000;MESURE
2026-01-06 22:00:00+01:00;9635,000;1,000;MESURE
2026-01-06 23:00:00+01:00;9565,000;1,000;MESURE
2026-01-07 00:00:00+01:00;9325,000;1,000;MESURE
2026-01-07 01:00:00+01:00;9235,000;1,000;MESURE
2026-01-07 02:00:00+01:00;9472,000;1,000;MESURE
2026-01-07 03:00:00+01:00;9803,000;1,000;MESURE
2026-01-07 04:00:00+01:00;10078,000;1,000;MESURE
2026-01-07 05:00:00+01:00;10416,000;1,000;MESURE
2026-01-07 06:00:00+01:00;11669,000;1,000;MESURE
2026-01-07 07:00:00+01:00;11765,000;1,000;MESURE
2026-01-07 08:00:00+01:00;10798,000;1,000;MESURE
2026-01-07 09:00:00+01:00;11011,000;1,000;MESURE
2026-01-07 10:00:00+01:00;10448,000;1,000;MESURE
2026-01-07 11:00:00+01:00;9200,000;1,000;MESURE
2026-01-07 12:00:00+01:00;7495,000;1,000;MESURE
2026-01-07 13:00:00+01:00;6408,000;1,000;MESURE
2026-01-07 14:00:00+01:00;6271,000;1,000;MESURE
2026-01-07 15:00:00+01:00;6380,000;1,000;MESURE
2026-01-07 16:00:00+01:00;7990,000;1,000;MESURE
2026-01-07 17:00:00+01:00;8192,000;1,000;MESURE
2026-01-07 18:00:00+01:00;8139,000;1,000;MESURE
2026-01-07 19:00:00+01:00;7920,000;1,000;MESURE
2026-01-07 20:00:00+01:00;7732,000;1,000;MESURE
2026-01-07 21:00:00+01:00;7673,000;1,000;MESURE
2026-01-07 22:00:00+01:00;7530,000;1,000;MESURE
2026-01-07 23:00:00+01:00;7614,000;1,000;MESURE
2026-01-08 00:00:00+01:00;7737,000;1,000;MESURE
2026-01-08 01:00:00+01:00;7927,000;1,000;MESURE
2026-01-08 02:00:00+01:00;7805,000;1,000;MESURE
2026-01-08 03:00:00+01:00;7668,000;1,000;MESURE
2026-01-08 04:00:00+01:00;7512,000;1,000;MESURE
2026-01-08 05:00:00+01:00;7406,000;1,000;MESURE
2026-01-08 06:00:00+01:00;7376,000;1,000;MESURE
2026-01-08 07:00:00+01:00;7436,000;1,000;MESURE
2026-01-08 08:00:00+01:00;7410,000;1,000;MESURE
2026-01-08 09:00:00+01:00;8375,000;1,000;MESURE
2026-01-08 10:00:00+01:00;8382,000;1,000;MESURE
2026-01-08 11:00:00+01:00;7524,000;1,000;MESURE
2026-01-08 12:00:00+01:00;7420,000;1,000;MESURE
2026-01-08 13:00:00+01:00;6858,000;1,000;MESURE
2026-01-08 14:00:00+01:00;6596,000;1,000;MESURE
2026-01-08 15:00:00+01:00;6349,000;1,000;MESURE
2026-01-08 16:00:00+01:00;6108,000;1,000;MESURE
2026-01-08 17:00:00+01:00;6151,000;1,000;MESURE
2026-01-08 18:00:00+01:00;5902,000;1,000;MESURE
2026-01-08 19:00:00+01:00;5642,000;1,000;MESURE
2026-01-08 20:00:00+01:00;5547,000;1,000;MESURE
2026-01-08 21:00:00+01:00;5498,000;1,000;MESURE
2026-01-08 22:00:00+01:00;5452,000;1,000;MESURE
2026-01-08 23:00:00+01:00;5399,000;1,000;MESURE
2026-01-09 00:00:00+01:00;5337,000;1,000;MESURE
2026-01-09 01:00:00+01:00;5232,000;1,000;MESURE
2026-01-09 02:00:00+01:00;5247,000;1,000;MESURE
2026-01-09 03:00:00+01:00;5297,000;1,000;MESURE
2026-01-09 04:00:00+01:00;5258,000;1,000;MESURE
2026-01-09 05:00:00+01:00;5255,000;1,000;MESURE
2026-01-09 06:00:00+01:00;5438,000;1,000;MESURE
2026-01-09 07:00:00+01:00;5385,000;1,000;MESURE
2026-01-09 08:00:00+01:00;5637,000;1,000;MESURE
2026-01-09 09:00:00+01:00;5691,000;1,000;MESURE
2026-01-09 10:00:00+01:00;5595,000;1,000;MESURE
2026-01-09 11:00:00+01:00;5527,000;1,000;MESURE
2026-01-09 12:00:00+01:00;6684,000;1,000;MESURE
2026-01-09 13:00:00+01:00;5288,000;1,000;MESURE
2026-01-09 14:00:00+01:00;4547,000;1,000;MESURE
2026-01-09 15:00:00+01:00;4338,000;1,000;MESURE
2026-01-09 16:00:00+01:00;4311,000;1,000;MESURE
2026-01-09 17:00:00+01:00;4772,000;1,000;MESURE
2026-01-09 18:00:00+01:00;5175,000;1,000;MESURE
2026-01-09 19:00:00+01:00;5703,000;1,000;MESURE
2026-01-09 20:00:00+01:00;6002,000;1,000;MESURE
2026-01-09 21:00:00+01:00;6280,000;1,000;MESURE
2026-01-09 22:00:00+01:00;6326,000;1,000;MESURE
2026-01-09 23:00:00+01:00;6073,000;1,000;MESURE
2026-01-10 00:00:00+01:00;6188,000;1,000;MESURE
2026-01-10 01:00:00+01:00;6022,000;1,000;MESURE
2026-01-10 02:00:00+01:00;6171,000;1,000;MESURE
2026-01-10 03:00:00+01:00;6164,000;1,000;MESURE
2026-01-10 04:00:00+01:00;6414,000;1,000;MESURE
2026-01-10 05:00:00+01:00;6487,000;1,000;MESURE
2026-01-10 06:00:00+01:00;6278,000;1,000;MESURE
2026-01-10 07:00:00+01:00;6275,000;1,000;MESURE
2026-01-10 08:00:00+01:00;8421,000;1,000;MESURE
2026-01-10 09:00:00+01:00;8064,000;1,000;MESURE
2026-01-10 10:00:00+01:00;9348,000;1,000;MESURE
2026-01-10 11:00:00+01:00;7189,000;1,000;MESURE
2026-01-10 12:00:00+01:00;6699,000;1,000;MESURE
2026-01-10 13:00:00+01:00;6405,000;1,000;MESURE
2026-01-10 14:00:00+01:00;7271,000;1,000;MESURE
2026-01-10 15:00:00+01:00;3211,000;1,000;MESURE
2026-01-10 16:00:00+01:00;3407,000;1,000;MESURE
2026-01-10 17:00:00+01:00;4208,000;1,000;MESURE
2026-01-10 18:00:00+01:00;5237,000;1,000;MESURE
2026-01-10 19:00:00+01:00;5984,000;1,000;MESURE
2026-01-10 20:00:00+01:00;6383,000;1,000;MESURE
2026-01-10 21:00:00+01:00;6708,000;1,000;MESURE
2026-01-10 22:00:00+01:00;6637,000;1,000;MESURE
2026-01-10 23:00:00+01:00;6516,000;1,000;MESURE
2026-01-11 00:00:00+01:00;6718,000;1,000;MESURE
2026-01-11 01:00:00+01:00;6614,000;1,000;MESURE
2026-01-11 02:00:00+01:00;6640,000;1,000;MESURE
2026-01-11 03:00:00+01:00;6681,000;1,000;MESURE
2026-01-11 04:00:00+01:00;6728,000;1,000;MESURE
2026-01-11 05:00:00+01:00;6605,000;1,000;MESURE
2026-01-11 06:00:00+01:00;6686,000;1,000;MESURE
2026-01-11 07:00:00+01:00;6740,000;1,000;MESURE
2026-01-11 08:00:00+01:00;6469,000;1,000;MESURE
2026-01-11 09:00:00+01:00;6604,000;1,000;MESURE
2026-01-11 10:00:00+01:00;6526,000;1,000;MESURE
2026-01-11 11:00:00+01:00;6147,000;1,000;MESURE
2026-01-11 12:00:00+01:00;5248,000;1,000;MESURE
2026-01-11 13:00:00+01:00;5102,000;1,000;MESURE
2026-01-11 14:00:00+01:00;5317,000;1,000;MESURE
2026-01-11 15:00:00+01:00;5514,000;1,000;MESURE
2026-01-11 16:00:00+01:00;5784,000;1,000;MESURE
2026-01-11 17:00:00+01:00;6024,000;1,000;MESURE
2026-01-11 18:00:00+01:00;6392,000;1,000;MESURE
2026-01-11 19:00:00+01:00;7047,000;1,000;MESURE
2026-01-11 20:00:00+01:00;7653,000;1,000;MESURE
2026-01-11 21:00:00+01:00;8460,000;1,000;MESURE
2026-01-11 22:00:00+01:00;7573,000;1,000;MESURE
2026-01-11 23:00:00+01:00;7229,000;1,000;MESURE
2026-01-12 00:00:00+01:00;7022,000;1,000;MESURE
2026-01-12 01:00:00+01:00;6889,000;1,000;MESURE
2026-01-12 02:00:00+01:00;6990,000;1,000;MESURE
2026-01-12 03:00:00+01:00;6631,000;1,000;MESURE
2026-01-12 04:00:00+01:00;6545,000;1,000;MESURE
2026-01-12 05:00:00+01:00;6445,000;1,000;MESURE
2026-01-12 06:00:00+01:00;6483,000;1,000;MESURE
2026-01-12 07:00:00+01:00;6117,000;1,000;MESURE
2026-01-12 08:00:00+01:00;6218,000;1,000;MESURE
2026-01-12 09:00:00+01:00;6001,000;1,000;MESURE
2026-01-12 10:00:00+01:00;5515,000;1,000;MESURE
2026-01-12 11:00:00+01:00;4978,000;1,000;MESURE
2026-01-12 12:00:00+01:00;4346,000;1,000;MESURE
2026-01-12 13:00:00+01:00;3646,000;1,000;MESURE
2026-01-12 14:00:00+01:00;3574,000;1,000;MESURE
2026-01-12 15:00:00+01:00;3520,000;1,000;MESURE
2026-01-12 16:00:00+01:00;3735,000;1,000;MESURE
2026-01-12 17:00:00+01:00;4125,000;1,000;MESURE
2026-01-12 18:00:00+01:00;4664,000;1,000;MESURE
2026-01-12 19:00:00+01:00;5164,000;1,000;MESURE
2026-01-12 20:00:00+01:00;5208,000;1,000;MESURE
2026-01-12 21:00:00+01:00;5530,000;1,000;MESURE
2026-01-12 22:00:00+01:00;5453,000;1,000;MESURE
2026-01-12 23:00:00+01:00;5385,000;1,000;MESURE
2026-01-13 00:00:00+01:00;5478,000;1,000;MESURE
2026-01-13 01:00:00+01:00;7175,000;1,000;MESURE
2026-01-13 02:00:00+01:00;5308,000;1,000;MESURE
2026-01-13 03:00:00+01:00;5338,000;1,000;MESURE
2026-01-13 04:00:00+01:00;5561,000;1,000;MESURE
2026-01-13 05:00:00+01:00;5569,000;1,000;MESURE
2026-01-13 06:00:00+01:00;5411,000;1,000;MESURE
2026-01-13 07:00:00+01:00;5483,000;1,000;MESURE
2026-01-13 08:00:00+01:00;5309,000;1,000;MESURE
2026-01-13 09:00:00+01:00;4899,000;1,000;MESURE
2026-01-13 10:00:00+01:00;4013,000;1,000;MESURE
2026-01-13 11:00:00+01:00;2943,000;1,000;MESURE
2026-01-13 12:00:00+01:00;1950,000;1,000;MESURE
2026-01-13 13:00:00+01:00;1432,000;1,000;MESURE
2026-01-13 14:00:00+01:00;1343,000;1,000;MESURE
2026-01-13 15:00:00+01:00;1711,000;1,000;MESURE
2026-01-13 16:00:00+01:00;2263,000;1,000;MESURE
2026-01-13 17:00:00+01:00;3101,000;1,000;MESURE
2026-01-13 18:00:00+01:00;3601,000;1,000;MESURE
2026-01-13 19:00:00+01:00;3428,000;1,000;MESURE
2026-01-13 20:00:00+01:00;3729,000;1,000;MESURE
2026-01-13 21:00:00+01:00;3872,000;1,000;MESURE
2026-01-13 22:00:00+01:00;3810,000;1,000;MESURE
2026-01-13 23:00:00+01:00;4199,000;1,000;MESURE
2026-01-14 00:00:00+01:00;4304,000;1,000;MESURE
2026-01-14 01:00:00+01:00;4264,000;1,000;MESURE
2026-01-14 02:00:00+01:00;4376,000;1,000;MESURE
2026-01-14 03:00:00+01:00;4231,000;1,000;MESURE
2026-01-14 04:00:00+01:00;5713,000;1,000;MESURE
2026-01-14 05:00:00+01:00;5513,000;1,000;MESURE
2026-01-14 06:00:00+01:00;4846,000;1,000;MESURE
2026-01-14 07:00:00+01:00;5091,000;1,000;MESURE
2026-01-14 08:00:00+01:00;5092,000;1,000;MESURE
2026-01-14 09:00:00+01:00;4957,000;1,000;MESURE
2026-01-14 10:00:00+01:00;4344,000;1,000;MESURE
2026-01-14 11:00:00+01:00;3407,000;1,000;MESURE
2026-01-14 12:00:00+01:00;2269,000;1,000;MESURE
2026-01-14 13:00:00+01:00;1375,000;1,000;MESURE
2026-01-14 14:00:00+01:00;1218,000;1,000;MESURE
2026-01-14 15:00:00+01:00;1317,000;1,000;MESURE
2026-01-14 16:00:00+01:00;4070,000;1,000;MESURE
2026-01-14 17:00:00+01:00;2635,000;1,000;MESURE
2026-01-14 18:00:00+01:00;2904,000;1,000;MESURE
2026-01-14 19:00:00+01:00;3049,000;1,000;MESURE
2026-01-14 20:00:00+01:00;3298,000;1,000;MESURE
2026-01-14 21:00:00+01:00;3589,000;1,000;MESURE
2026-01-14 22:00:00+01:00;3687,000;1,000;MESURE
2026-01-14 23:00:00+01:00;3945,000;1,000;MESURE
2026-01-15 00:00:00+01:00;3653,000;1,000;MESURE
2026-01-15 01:00:00+01:00;3562,000;1,000;MESURE
2026-01-15 02:00:00+01:00;3415,000;1,000;MESURE
2026-01-15 03:00:00+01:00;3506,000;1,000;MESURE
2026-01-15 04:00:00+01:00;3739,000;1,000;MESURE
2026-01-15 05:00:00+01:00;3656,000;1,000;MESURE
2026-01-15 06:00:00+01:00;3869,000;1,000;MESURE
2026-01-15 07:00:00+01:00;5121,000;1,000;MESURE
2026-01-15 08:00:00+01:00;4615,000;1,000;MESURE
2026-01-15 09:00:00+01:00;4228,000;1,000;MESURE
2026-01-15 10:00:00+01:00;3660,000;1,000;MESURE
2026-01-15 11:00:00+01:00;2888,000;1,000;MESURE
2026-01-15 12:00:00+01:00;2144,000;1,000;MESURE
2026-01-15 13:00:00+01:00;1814,000;1,000;MESURE
2026-01-15 14:00:00+01:00;1716,000;1,000;MESURE
2026-01-15 15:00:00+01:00;1742,000;1,000;MESURE
2026-01-15 16:00:00+01:00;2011,000;1,000;MESURE
2026-01-15 17:00:00+01:00;2593,000;1,000;MESURE
2026-01-15 18:00:00+01:00;3276,000;1,000;MESURE
2026-01-15 19:00:00+01:00;3598,000;1,000;MESURE
2026-01-15 20:00:00+01:00;4039,000;1,000;MESURE
2026-01-15 21:00:00+01:00;3728,000;1,000;MESURE
2026-01-15 22:00:00+01:00;3835,000;1,000;MESURE
2026-01-15 23:00:00+01:00;3844,000;1,000;MESURE
2026-01-16 00:00:00+01:00;3820,000;1,000;MESURE
2026-01-16 01:00:00+01:00;4059,000;1,000;MESURE
2026-01-16 02:00:00+01:00;4435,000;1,000;MESURE
2026-01-16 03:00:00+01:00;4530,000;1,000;MESURE
2026-01-16 04:00:00+01:00;4696,000;1,000;MESURE
2026-01-16 05:00:00+01:00;4968,000;1,000;MESURE
2026-01-16 06:00:00+01:00;5196,000;1,000;MESURE
2026-01-16 07:00:00+01:00;4775,000;1,000;MESURE
2026-01-16 08:00:00+01:00;4641,000;1,000;MESURE
2026-01-16 09:00:00+01:00;4395,000;1,000;MESURE
2026-01-16 10:00:00+01:00;5365,000;1,000;MESURE
2026-01-16 11:00:00+01:00;3162,000;1,000;MESURE
2026-01-16 12:00:00+01:00;1684,000;1,000;MESURE
2026-01-16 13:00:00+01:00;1237,000;1,000;MESURE
2026-01-16 14:00:00+01:00;1043,000;1,000;MESURE
2026-01-16 15:00:00+01:00;1150,000;1,000;MESURE
2026-01-16 16:00:00+01:00;1577,000;1,000;MESURE
2026-01-16 17:00:00+01:00;2024,000;1,000;MESURE
2026-01-16 18:00:00+01:00;2377,000;1,000;MESURE
2026-01-16 19:00:00+01:00;2660,000;1,000;MESURE
2026-01-16 20:00:00+01:00;2938,000;1,000;MESURE
2026-01-16 21:00:00+01:00;3212,000;1,000;MESURE
2026-01-16 22:00:00+01:00;3266,000;1,000;MESURE
2026-01-16 23:00:00+01:00;3460,000;1,000;MESURE
2026-01-17 00:00:00+01:00;3588,000;1,000;MESURE
2026-01-17 01:00:00+01:00;3933,000;1,000;MESURE
2026-01-17 02:00:00+01:00;4094,000;1,000;MESURE
2026-01-17 03:00:00+01:00;4321,000;1,000;MESURE
2026-01-17 04:00:00+01:00;4196,000;1,000;MESURE
2026-01-17 05:00:00+01:00;4113,000;1,000;MESURE
2026-01-17 06:00:00+01:00;4142,000;1,000;MESURE
2026-01-17 07:00:00+01:00;4033,000;1,000;MESURE
2026-01-17 08:00:00+01:00;4745,000;1,000;MESURE
2026-01-17 09:00:00+01:00;4158,000;1,000;MESURE
2026-01-17 10:00:00+01:00;3591,000;1,000;MESURE
2026-01-17 11:00:00+01:00;2894,000;1,000;MESURE
2026-01-17 12:00:00+01:00;4183,000;1,000;MESURE
2026-01-17 13:00:00+01:00;3447,000;1,000;MESURE
2026-01-17 14:00:00+01:00;3169,000;1,000;MESURE
2026-01-17 15:00:00+01:00;3280,000;1,000;MESURE
2026-01-17 16:00:00+01:00;3285,000;1,000;MESURE
2026-01-17 17:00:00+01:00;3369,000;1,000;MESURE
2026-01-17 18:00:00+01:00;3713,000;1,000;MESURE
2026-01-17 19:00:00+01:00;3896,000;1,000;MESURE
2026-01-17 20:00:00+01:00;3950,000;1,000;MESURE
2026-01-17 21:00:00+01:00;4048,000;1,000;MESURE
2026-01-17 22:00:00+01:00;4320,000;1,000;MESURE
2026-01-17 23:00:00+01:00;4619,000;1,000;MESURE
2026-01-18 00:00:00+01:00;4826,000;1,000;MESURE
2026-01-18 01:00:00+01:00;4517,000;1,000;MESURE
2026-01-18 02:00:00+01:00;4677,000;1,000;MESURE
2026-01-18 03:00:00+01:00;5005,000;1,000;MESURE
2026-01-18 04:00:00+01:00;5187,000;1,000;MESURE
2026-01-18 05:00:00+01:00;5456,000;1,000;MESURE
2026-01-18 06:00:00+01:00;5291,000;1,000;MESURE
2026-01-18 07:00:00+01:00;5260,000;1,000;MESURE
2026-01-18 08:00:00+01:00;5114,000;1,000;MESURE
2026-01-18 09:00:00+01:00;5108,000;1,000;MESURE
2026-01-18 10:00:00+01:00;4764,000;1,000;MESURE
2026-01-18 11:00:00+01:00;4380,000;1,000;MESURE
2026-01-18 12:00:00+01:00;4203,000;1,000;MESURE
2026-01-18 13:00:00+01:00;4014,000;1,000;MESURE
2026-01-18 14:00:00+01:00;3918,000;1,000;MESURE
2026-01-18 15:00:00+01:00;5436,000;1,000;MESURE
2026-01-18 16:00:00+01:00;3673,000;1,000;MESURE
2026-01-18 17:00:00+01:00;3777,000;1,000;MESURE
2026-01-18 18:00:00+01:00;4104,000;1,000;MESURE
2026-01-18 19:00:00+01:00;4373,000;1,000;MESURE
2026-01-18 20:00:00+01:00;4692,000;1,000;MESURE
2026-01-18 21:00:00+01:00;4540,000;1,000;MESURE
2026-01-18 22:00:00+01:00;4613,000;1,000;MESURE
2026-01-18 23:00:00+01:00;4625,000;1,000;MESURE
2026-01-19 00:00:00+01:00;4729,000;1,000;MESURE
2026-01-19 01:00:00+01:00;4939,000;1,000;MESURE
2026-01-19 02:00:00+01:00;5076,000;1,000;MESURE
2026-01-19 03:00:00+01:00;4983,000;1,000;MESURE
2026-01-19 04:00:00+01:00;4979,000;1,000;MESURE
2026-01-19 05:00:00+01:00;5337,000;1,000;MESURE
2026-01-19 06:00:00+01:00;5447,000;1,000;MESURE
2026-01-19 07:00:00+01:00;5637,000;1,000;MESURE
2026-01-19 08:00:00+01:00;5498,000;1,000;MESURE
2026-01-19 09:00:00+01:00;5761,000;1,000;MESURE
2026-01-19 10:00:00+01:00;5648,000;1,000;MESURE
2026-01-19 11:00:00+01:00;5520,000;1,000;MESURE
2026-01-19 12:00:00+01:00;5018,000;1,000;MESURE
2026-01-19 13:00:00+01:00;4454,000;1,000;MESURE
2026-01-19 14:00:00+01:00;4372,000;1,000;MESURE
2026-01-19 15:00:00+01:00;4322,000;1,000;MESURE
2026-01-19 16:00:00+01:00;4522,000;1,000;MESURE
2026-01-19 17:00:00+01:00;5710,000;1,000;MESURE
2026-01-19 18:00:00+01:00;6192,000;1,000;MESURE
2026-01-19 19:00:00+01:00;5277,000;1,000;MESURE
2026-01-19 20:00:00+01:00;5433,000;1,000;MESURE
2026-01-19 21:00:00+01:00;5359,000;1,000;MESURE
2026-01-19 22:00:00+01:00;5505,000;1,000;MESURE
2026-01-19 23:00:00+01:00;5572,000;1,000;MESURE
2026-01-20 00:00:00+01:00;5485,000;1,000;MESURE
2026-01-20 01:00:00+01:00;5367,000;1,000;MESURE
2026-01-20 02:00:00+01:00;5676,000;1,000;MESURE
2026-01-20 03:00:00+01:00;5876,000;1,000;MESURE
2026-01-20 04:00:00+01:00;6039,000;1,000;MESURE
2026-01-20 05:00:00+01:00;5965,000;1,000;MESURE
2026-01-20 06:00:00+01:00;5968,000;1,000;MESURE
2026-01-20 07:00:00+01:00;5882,000;1,000;MESURE
2026-01-20 08:00:00+01:00;6048,000;1,000;MESURE
2026-01-20 09:00:00+01:00;6095,000;1,000;MESURE
2026-01-20 10:00:00+01:00;5840,000;1,000;MESURE
2026-01-20 11:00:00+01:00;5668,000;1,000;MESURE
2026-01-20 12:00:00+01:00;5483,000;1,000;MESURE
2026-01-20 13:00:00+01:00;5325,000;1,000;MESURE
2026-01-20 14:00:00+01:00;5167,000;1,000;MESURE
2026-01-20 15:00:00+01:00;5042,000;1,000;MESURE
2026-01-20 16:00:00+01:00;5007,000;1,000;MESURE
2026-01-20 17:00:00+01:00;5249,000;1,000;MESURE
2026-01-20 18:00:00+01:00;5415,000;1,000;MESURE
2026-01-20 19:00:00+01:00;5712,000;1,000;MESURE
2026-01-20 20:00:00+01:00;6823,000;1,000;MESURE
2026-01-20 21:00:00+01:00;6217,000;1,000;MESURE
2026-01-20 22:00:00+01:00;5858,000;1,000;MESURE
2026-01-20 23:00:00+01:00;6097,000;1,000;MESURE
2026-01-21 00:00:00+01:00;6039,000;1,000;MESURE
2026-01-21 01:00:00+01:00;6270,000;1,000;MESURE
2026-01-21 02:00:00+01:00;6529,000;1,000;MESURE
2026-01-21 03:00:00+01:00;6681,000;1,000;MESURE
2026-01-21 04:00:00+01:00;6454,000;1,000;MESURE
2026-01-21 05:00:00+01:00;6877,000;1,000;MESURE
2026-01-21 06:00:00+01:00;6646,000;1,000;MESURE
2026-01-21 07:00:00+01:00;6447,000;1,000;MESURE
2026-01-21 08:00:00+01:00;6304,000;1,000;MESURE
2026-01-21 09:00:00+01:00;6006,000;1,000;MESURE
2026-01-21 10:00:00+01:00;5300,000;1,000;MESURE
2026-01-21 11:00:00+01:00;4281,000;1,000;MESURE
2026-01-21 12:00:00+01:00;3047,000;1,000;MESURE
2026-01-21 13:00:00+01:00;2483,000;1,000;MESURE
2026-01-21 14:00:00+01:00;2471,000;1,000;MESURE
2026-01-21 15:00:00+01:00;2619,000;1,000;MESURE
2026-01-21 16:00:00+01:00;2931,000;1,000;MESURE
2026-01-21 17:00:00+01:00;3331,000;1,000;MESURE
2026-01-21 18:00:00+01:00;3872,000;1,000;MESURE
2026-01-21 19:00:00+01:00;4582,000;1,000;MESURE
2026-01-21 20:00:00+01:00;4933,000;1,000;MESURE
2026-01-21 21:00:00+01:00;5151,000;1,000;MESURE
2026-01-21 22:00:00+01:00;5180,000;1,000;MESURE
2026-01-21 23:00:00+01:00;6666,000;1,000;MESURE
2026-01-22 00:00:00+01:00;5586,000;1,000;MESURE
2026-01-22 01:00:00+01:00;5210,000;1,000;MESURE
2026-01-22 02:00:00+01:00;4968,000;1,000;MESURE
2026-01-22 03:00:00+01:00;5140,000;1,000;MESURE
2026-01-22 04:00:00+01:00;5075,000;1,000;MESURE
2026-01-22 05:00:00+01:00;5136,000;1,000;MESURE
2026-01-22 06:00:00+01:00;5120,000;1,000;MESURE
2026-01-22 07:00:00+01:00;5040,000;1,000;MESURE
2026-01-22 08:00:00+01:00;5122,000;1,000;MESURE
2026-01-22 09:00:00+01:00;4923,000;1,000;MESURE
2026-01-22 10:00:00+01:00;4715,000;1,000;MESURE
2026-01-22 11:00:00+01:00;4493,000;1,000;MESURE
2026-01-22 12:00:00+01:00;3931,000;1,000;MESURE
2026-01-22 13:00:00+01:00;3260,000;1,000;MESURE
2026-01-22 14:00:00+01:00;2990,000;1,000;MESURE
2026-01-22 15:00:00+01:00;2932,000;1,000;MESURE
2026-01-22 16:00:00+01:00;3979,000;1,000;MESURE
2026-01-22 17:00:00+01:00;8702,000;1,000;MESURE
2026-01-22 18:00:00+01:00;8744,000;1,000;MESURE
2026-01-22 19:00:00+01:00;5673,000;1,000;MESURE
2026-01-22 20:00:00+01:00;4681,000;1,000;MESURE
2026-01-22 21:00:00+01:00;4603,000;1,000;MESURE
2026-01-22 22:00:00+01:00;4507,000;1,000;MESURE
2026-01-22 23:00:00+01:00;4556,000;1,000;MESURE
2026-01-23 00:00:00+01:00;4874,000;1,000;MESURE
2026-01-23 01:00:00+01:00;5119,000;1,000;MESURE
2026-01-23 02:00:00+01:00;7007,000;1,000;MESURE
2026-01-23 03:00:00+01:00;5701,000;1,000;MESURE
2026-01-23 04:00:00+01:00;5481,000;1,000;MESURE
2026-01-23 05:00:00+01:00;5671,000;1,000;MESURE
2026-01-23 06:00:00+01:00;5557,000;1,000;MESURE
2026-01-23 07:00:00+01:00;5713,000;1,000;MESURE
2026-01-23 08:00:00+01:00;5726,000;1,000;MESURE
2026-01-23 09:00:00+01:00;5703,000;1,000;MESURE
2026-01-23 10:00:00+01:00;5322,000;1,000;MESURE
2026-01-23 11:00:00+01:00;4838,000;1,000;MESURE
2026-01-23 12:00:00+01:00;4627,000;1,000;MESURE
2026-01-23 13:00:00+01:00;4207,000;1,000;MESURE
2026-01-23 14:00:00+01:00;3826,000;1,000;MESURE
2026-01-23 15:00:00+01:00;4170,000;1,000;MESURE
2026-01-23 16:00:00+01:00;4355,000;1,000;MESURE
2026-01-23 17:00:00+01:00;4207,000;1,000;MESURE
2026-01-23 18:00:00+01:00;4675,000;1,000;MESURE
2026-01-23 19:00:00+01:00;4751,000;1,000;MESURE
2026-01-23 20:00:00+01:00;5234,000;1,000;MESURE
2026-01-23 21:00:00+01:00;5804,000;1,000;MESURE
2026-01-23 22:00:00+01:00;5837,000;1,000;MESURE
2026-01-23 23:00:00+01:00;6046,000;1,000;MESURE
2026-01-24 00:00:00+01:00;6314,000;1,000;MESURE
2026-01-24 01:00:00+01:00;6797,000;1,000;MESURE
2026-01-24 02:00:00+01:00;6728,000;1,000;MESURE
2026-01-24 03:00:00+01:00;7222,000;1,000;MESURE
2026-01-24 04:00:00+01:00;6935,000;1,000;MESURE
2026-01-24 05:00:00+01:00;8996,000;1,000;MESURE
2026-01-24 06:00:00+01:00;7438,000;1,000;MESURE
2026-01-24 07:00:00+01:00;7198,000;1,000;MESURE
2026-01-24 08:00:00+01:00;8419,000;1,000;MESURE
2026-01-24 09:00:00+01:00;7670,000;1,000;MESURE
2026-01-24 10:00:00+01:00;6808,000;1,000;MESURE
2026-01-24 11:00:00+01:00;6577,000;1,000;MESURE
2026-01-24 12:00:00+01:00;5825,000;1,000;MESURE
2026-01-24 13:00:00+01:00;5740,000;1,000;MESURE
2026-01-24 14:00:00+01:00;5976,000;1,000;MESURE
2026-01-24 15:00:00+01:00;7356,000;1,000;MESURE
2026-01-24 16:00:00+01:00;6841,000;1,000;MESURE
2026-01-24 17:00:00+01:00;5260,000;1,000;MESURE
2026-01-24 18:00:00+01:00;3821,000;1,000;MESURE
2026-01-24 19:00:00+01:00;4114,000;1,000;MESURE
2026-01-24 20:00:00+01:00;4590,000;1,000;MESURE
2026-01-24 21:00:00+01:00;5041,000;1,000;MESURE
2026-01-24 22:00:00+01:00;5242,000;1,000;MESURE
2026-01-24 23:00:00+01:00;5418,000;1,000;MESURE
2026-01-25 00:00:00+01:00;5372,000;1,000;MESURE
2026-01-25 01:00:00+01:00;5333,000;1,000;MESURE
2026-01-25 02:00:00+01:00;6370,000;1,000;MESURE
2026-01-25 03:00:00+01:00;6068,000;1,000;MESURE
2026-01-25 04:00:00+01:00;5485,000;1,000;MESURE
2026-01-25 05:00:00+01:00;5525,000;1,000;MESURE
2026-01-25 06:00:00+01:00;5418,000;1,000;MESURE
2026-01-25 07:00:00+01:00;5557,000;1,000;MESURE
2026-01-25 08:00:00+01:00;5441,000;1,000;MESURE
2026-01-25 09:00:00+01:00;5567,000;1,000;MESURE
2026-01-25 10:00:00+01:00;5257,000;1,000;MESURE
2026-01-25 11:00:00+01:00;4329,000;1,000;MESURE
2026-01-25 12:00:00+01:00;3571,000;1,000;MESURE
2026-01-25 13:00:00+01:00;2971,000;1,000;MESURE
2026-01-25 14:00:00+01:00;2771,000;1,000;MESURE
2026-01-25 15:00:00+01:00;2935,000;1,000;MESURE
2026-01-25 16:00:00+01:00;3392,000;1,000;MESURE
2026-01-25 17:00:00+01:00;4009,000;1,000;MESURE
2026-01-25 18:00:00+01:00;4395,000;1,000;MESURE
2026-01-25 19:00:00+01:00;4629,000;1,000;MESURE
2026-01-25 20:00:00+01:00;4792,000;1,000;MESURE
2026-01-25 21:00:00+01:00;4850,000;1,000;MESURE
2026-01-25 22:00:00+01:00;4827,000;1,000;MESURE
2026-01-25 23:00:00+01:00;5036,000;1,000;MESURE
2026-01-26 00:00:00+01:00;5184,000;1,000;MESURE
2026-01-26 01:00:00+01:00;5245,000;1,000;MESURE
2026-01-26 02:00:00+01:00;5420,000;1,000;MESURE
2026-01-26 03:00:00+01:00;5330,000;1,000;MESURE
2026-01-26 04:00:00+01:00;5459,000;1,000;MESURE
2026-01-26 05:00:00+01:00;5628,000;1,000;MESURE
2026-01-26 06:00:00+01:00;5853,000;1,000;MESURE
2026-01-26 07:00:00+01:00;7564,000;1,000;MESURE
2026-01-26 08:00:00+01:00;6016,000;1,000;MESURE
2026-01-26 09:00:00+01:00;6067,000;1,000;MESURE
2026-01-26 10:00:00+01:00;5618,000;1,000;MESURE
2026-01-26 11:00:00+01:00;5387,000;1,000;MESURE
2026-01-26 12:00:00+01:00;3907,000;1,000;MESURE
2026-01-26 13:00:00+01:00;3323,000;1,000;MESURE
2026-01-26 14:00:00+01:00;3107,000;1,000;MESURE
2026-01-26 15:00:00+01:00;2680,000;1,000;MESURE
2026-01-26 16:00:00+01:00;3031,000;1,000;MESURE
2026-01-26 17:00:00+01:00;3872,000;1,000;MESURE
2026-01-26 18:00:00+01:00;4746,000;1,000;MESURE
2026-01-26 19:00:00+01:00;5724,000;1,000;MESURE
2026-01-26 20:00:00+01:00;6078,000;1,000;MESURE
2026-01-26 21:00:00+01:00;6505,000;1,000;MESURE
2026-01-26 22:00:00+01:00;6517,000;1,000;MESURE
2026-01-26 23:00:00+01:00;6575,000;1,000;MESURE
2026-01-27 00:00:00+01:00;6596,000;1,000;MESURE
2026-01-27 01:00:00+01:00;6362,000;1,000;MESURE
2026-01-27 02:00:00+01:00;6323,000;1,000;MESURE
2026-01-27 03:00:00+01:00;6123,000;1,000;MESURE
2026-01-27 04:00:00+01:00;6193,000;1,000;MESURE
2026-01-27 05:00:00+01:00;6247,000;1,000;MESURE
2026-01-27 06:00:00+01:00;6085,000;1,000;MESURE
2026-01-27 07:00:00+01:00;6080,000;1,000;MESURE
2026-01-27 08:00:00+01:00;7465,000;1,000;MESURE
2026-01-27 09:00:00+01:00;5579,000;1,000;MESURE
2026-01-27 10:00:00+01:00;5187,000;1,000;MESURE
2026-01-27 11:00:00+01:00;4833,000;1,000;MESURE
2026-01-27 12:00:00+01:00;4744,000;1,000;MESURE
2026-01-27 13:00:00+01:00;4820,000;1,000;MESURE
2026-01-27 14:00:00+01:00;4855,000;1,000;MESURE
2026-01-27 15:00:00+01:00;4921,000;1,000;MESURE
2026-01-27 16:00:00+01:00;4997,000;1,000;MESURE
2026-01-27 17:00:00+01:00;4857,000;1,000;MESURE
2026-01-27 18:00:00+01:00;4917,000;1,000;MESURE
2026-01-27 19:00:00+01:00;4859,000;1,000;MESURE
2026-01-27 20:00:00+01:00;4834,000;1,000;MESURE
2026-01-27 21:00:00+01:00;4605,000;1,000;MESURE
2026-01-27 22:00:00+01:00;4214,000;1,000;MESURE
2026-01-27 23:00:00+01:00;0,000;1,000;MESURE
2026-01-28 00:00:00+01:00;0,000;1,000;MESURE
2026-01-28 01:00:00+01:00;0,000;1,000;MESURE
2026-01-28 02:00:00+01:00;0,000;1,000;MESURE
2026-01-28 03:00:00+01:00;0,000;1,000;MESURE
2026-01-28 04:00:00+01:00;0,000;1,000;MESURE
2026-01-28 05:00:00+01:00;0,000;1,000;MESURE
2026-01-28 06:00:00+01:00;0,000;1,000;MESURE
2026-01-28 07:00:00+01:00;0,000;1,000;MESURE
2026-01-28 08:00:00+01:00;0,000;1,000;MESURE
2026-01-28 09:00:00+01:00;0,000;1,000;MESURE
2026-01-28 10:00:00+01:00;0,000;1,000;MESURE
2026-01-28 11:00:00+01:00;0,000;1,000;MESURE
2026-01-28 12:00:00+01:00;0,000;1,000;MESURE
2026-01-28 13:00:00+01:00;0,000;1,000;MESURE
2026-01-28 14:00:00+01:00;0,000;1,000;MESURE
2026-01-28 15:00:00+01:00;0,000;1,000;MESURE
2026-01-28 16:00:00+01:00;0,000;1,000;MESURE
2026-01-28 17:00:00+01:00;0,000;1,000;MESURE
2026-01-28 18:00:00+01:00;0,000;1,000;MESURE
2026-01-28 19:00:00+01:00;0,000;1,000;MESURE
2026-01-28 20:00:00+01:00;0,000;1,000;MESURE
2026-01-28 21:00:00+01:00;0,000;1,000;MESURE
2026-01-28 22:00:00+01:00;0,000;1,000;MESURE
2026-01-28 23:00:00+01:00;0,000;1,000;MESURE
2026-01-29 00:00:00+01:00;0,000;1,000;MESURE
2026-01-29 01:00:00+01:00;0,000;1,000;MESURE
2026-01-29 02:00:00+01:00;0,000;1,000;MESURE
2026-01-29 03:00:00+01:00;0,000;1,000;MESURE
2026-01-29 04:00:00+01:00;0,000;1,000;MESURE
2026-01-29 05:00:00+01:00;0,000;1,000;MESURE
2026-01-29 06:00:00+01:00;0,000;1,000;MESURE
2026-01-29 07:00:00+01:00;0,000;1,000;MESURE
2026-01-29 08:00:00+01:00;38,000;1,000;MESURE
2026-01-29 09:00:00+01:00;16350,000;1,000;MESURE
2026-01-29 10:00:00+01:00;16777,000;1,000;MESURE
2026-01-29 11:00:00+01:00;12777,000;1,000;MESURE
2026-01-29 12:00:00+01:00;10037,000;1,000;MESURE
2026-01-29 13:00:00+01:00;7960,000;1,000;MESURE
2026-01-29 14:00:00+01:00;6589,000;1,000;MESURE
2026-01-29 15:00:00+01:00;5773,000;1,000;MESURE
2026-01-29 16:00:00+01:00;5078,000;1,000;MESURE
2026-01-29 17:00:00+01:00;5075,000;1,000;MESURE
2026-01-29 18:00:00+01:00;5845,000;1,000;MESURE
2026-01-29 19:00:00+01:00;5317,000;1,000;MESURE
2026-01-29 20:00:00+01:00;5579,000;1,000;MESURE
2026-01-29 21:00:00+01:00;5818,000;1,000;MESURE
2026-01-29 22:00:00+01:00;5741,000;1,000;MESURE
2026-01-29 23:00:00+01:00;5844,000;1,000;MESURE
2026-01-30 00:00:00+01:00;5845,000;1,000;MESURE
2026-01-30 01:00:00+01:00;6045,000;1,000;MESURE
2026-01-30 02:00:00+01:00;6066,000;1,000;MESURE
2026-01-30 03:00:00+01:00;5846,000;1,000;MESURE
2026-01-30 04:00:00+01:00;5919,000;1,000;MESURE
2026-01-30 05:00:00+01:00;5949,000;1,000;MESURE
2026-01-30 06:00:00+01:00;5914,000;1,000;MESURE
2026-01-30 07:00:00+01:00;5988,000;1,000;MESURE
2026-01-30 08:00:00+01:00;5805,000;1,000;MESURE
2026-01-30 09:00:00+01:00;5616,000;1,000;MESURE
2026-01-30 10:00:00+01:00;5440,000;1,000;MESURE
2026-01-30 11:00:00+01:00;5305,000;1,000;MESURE
2026-01-30 12:00:00+01:00;5014,000;1,000;MESURE
2026-01-30 13:00:00+01:00;4606,000;1,000;MESURE
2026-01-30 14:00:00+01:00;6126,000;1,000;MESURE
2026-01-30 15:00:00+01:00;4158,000;1,000;MESURE
2026-01-30 16:00:00+01:00;5342,000;1,000;MESURE
2026-01-30 17:00:00+01:00;4164,000;1,000;MESURE
2026-01-30 18:00:00+01:00;2477,000;1,000;MESURE
2026-01-30 19:00:00+01:00;3408,000;1,000;MESURE
2026-01-30 20:00:00+01:00;4021,000;1,000;MESURE
2026-01-30 21:00:00+01:00;4595,000;1,000;MESURE
2026-01-30 22:00:00+01:00;4777,000;1,000;MESURE
2026-01-30 23:00:00+01:00;4984,000;1,000;MESURE
2026-01-31 00:00:00+01:00;5222,000;1,000;MESURE
2026-01-31 01:00:00+01:00;5473,000;1,000;MESURE
2026-01-31 02:00:00+01:00;5581,000;1,000;MESURE
2026-01-31 03:00:00+01:00;5550,000;1,000;MESURE
2026-01-31 04:00:00+01:00;5469,000;1,000;MESURE
2026-01-31 05:00:00+01:00;5230,000;1,000;MESURE
2026-01-31 06:00:00+01:00;5226,000;1,000;MESURE
2026-01-31 07:00:00+01:00;5283,000;1,000;MESURE
2026-01-31 08:00:00+01:00;6690,000;1,000;MESURE
2026-01-31 09:00:00+01:00;7541,000;1,000;MESURE
2026-01-31 10:00:00+01:00;5108,000;1,000;MESURE
2026-01-31 11:00:00+01:00;5246,000;1,000;MESURE
2026-01-31 12:00:00+01:00;5223,000;1,000;MESURE
2026-01-31 13:00:00+01:00;3123,000;1,000;MESURE
2026-01-31 14:00:00+01:00;2599,000;1,000;MESURE
2026-01-31 15:00:00+01:00;5426,000;1,000;MESURE
2026-01-31 16:00:00+01:00;7164,000;1,000;MESURE
2026-01-31 17:00:00+01:00;4053,000;1,000;MESURE
2026-01-31 18:00:00+01:00;3688,000;1,000;MESURE
2026-01-31 19:00:00+01:00;3908,000;1,000;MESURE
2026-01-31 20:00:00+01:00;4426,000;1,000;MESURE
2026-01-31 21:00:00+01:00;4613,000;1,000;MESURE
2026-01-31 22:00:00+01:00;4947,000;1,000;MESURE
2026-01-31 23:00:00+01:00;5133,000;1,000;MESURE
2026-02-01 00:00:00+01:00;5309,000;1,000;MESURE
2026-02-01 01:00:00+01:00;5211,000;1,000;MESURE
2026-02-01 02:00:00+01:00;5325,000;1,000;MESURE
2026-02-01 03:00:00+01:00;5260,000;1,000;MESURE
2026-02-01 04:00:00+01:00;5460,000;1,000;MESURE
2026-02-01 05:00:00+01:00;5611,000;1,000;MESURE
2026-02-01 06:00:00+01:00;5705,000;1,000;MESURE
2026-02-01 07:00:00+01:00;5713,000;1,000;MESURE
2026-02-01 08:00:00+01:00;5594,000;1,000;MESURE
2026-02-01 09:00:00+01:00;5199,000;1,000;MESURE
2026-02-01 10:00:00+01:00;4625,000;1,000;MESURE
2026-02-01 11:00:00+01:00;3594,000;1,000;MESURE
2026-02-01 12:00:00+01:00;2419,000;1,000;MESURE
2026-02-01 13:00:00+01:00;1696,000;1,000;MESURE
2026-02-01 14:00:00+01:00;1800,000;1,000;MESURE
2026-02-01 15:00:00+01:00;2091,000;1,000;MESURE
2026-02-01 16:00:00+01:00;4826,000;1,000;MESURE
2026-02-01 17:00:00+01:00;6300,000;1,000;MESURE
2026-02-01 18:00:00+01:00;4955,000;1,000;MESURE
2026-02-01 19:00:00+01:00;4366,000;1,000;MESURE
2026-02-01 20:00:00+01:00;4187,000;1,000;MESURE
2026-02-01 21:00:00+01:00;4384,000;1,000;MESURE
2026-02-01 22:00:00+01:00;4718,000;1,000;MESURE
2026-02-01 23:00:00+01:00;5867,000;1,000;MESURE
2026-02-02 00:00:00+01:00;4636,000;1,000;MESURE
2026-02-02 01:00:00+01:00;4741,000;1,000;MESURE
2026-02-02 02:00:00+01:00;4689,000;1,000;MESURE
2026-02-02 03:00:00+01:00;4738,000;1,000;MESURE
2026-02-02 04:00:00+01:00;4513,000;1,000;MESURE
2026-02-02 05:00:00+01:00;4566,000;1,000;MESURE
2026-02-02 06:00:00+01:00;4766,000;1,000;MESURE
2026-02-02 07:00:00+01:00;5181,000;1,000;MESURE
2026-02-02 08:00:00+01:00;5328,000;1,000;MESURE
2026-02-02 09:00:00+01:00;5521,000;1,000;MESURE
2026-02-02 10:00:00+01:00;4671,000;1,000;MESURE
2026-02-02 11:00:00+01:00;3469,000;1,000;MESURE
2026-02-02 12:00:00+01:00;2125,000;1,000;MESURE
2026-02-02 13:00:00+01:00;1440,000;1,000;MESURE
2026-02-02 14:00:00+01:00;1231,000;1,000;MESURE
2026-02-02 15:00:00+01:00;1556,000;1,000;MESURE
2026-02-02 16:00:00+01:00;3367,000;1,000;MESURE
2026-02-02 17:00:00+01:00;3357,000;1,000;MESURE
2026-02-02 18:00:00+01:00;3098,000;1,000;MESURE
2026-02-02 19:00:00+01:00;3471,000;1,000;MESURE
2026-02-02 20:00:00+01:00;3698,000;1,000;MESURE
2026-02-02 21:00:00+01:00;3959,000;1,000;MESURE
2026-02-02 22:00:00+01:00;3856,000;1,000;MESURE
2026-02-02 23:00:00+01:00;3875,000;1,000;MESURE
2026-02-03 00:00:00+01:00;3845,000;1,000;MESURE
2026-02-03 01:00:00+01:00;3825,000;1,000;MESURE
2026-02-03 02:00:00+01:00;5536,000;1,000;MESURE
2026-02-03 03:00:00+01:00;4119,000;1,000;MESURE
2026-02-03 04:00:00+01:00;3882,000;1,000;MESURE
2026-02-03 05:00:00+01:00;4299,000;1,000;MESURE
2026-02-03 06:00:00+01:00;4487,000;1,000;MESURE
2026-02-03 07:00:00+01:00;4828,000;1,000;MESURE
2026-02-03 08:00:00+01:00;5144,000;1,000;MESURE
2026-02-03 09:00:00+01:00;5119,000;1,000;MESURE
2026-02-03 10:00:00+01:00;4704,000;1,000;MESURE
2026-02-03 11:00:00+01:00;4313,000;1,000;MESURE
2026-02-03 12:00:00+01:00;3815,000;1,000;MESURE
2026-02-03 13:00:00+01:00;3086,000;1,000;MESURE
2026-02-03 14:00:00+01:00;2619,000;1,000;MESURE
2026-02-03 15:00:00+01:00;2125,000;1,000;MESURE
2026-02-03 16:00:00+01:00;2215,000;1,000;MESURE
2026-02-03 17:00:00+01:00;2801,000;1,000;MESURE
2026-02-03 18:00:00+01:00;3165,000;1,000;MESURE
2026-02-03 19:00:00+01:00;3539,000;1,000;MESURE
2026-02-03 20:00:00+01:00;3883,000;1,000;MESURE
2026-02-03 21:00:00+01:00;4258,000;1,000;MESURE
2026-02-03 22:00:00+01:00;4492,000;1,000;MESURE
2026-02-03 23:00:00+01:00;4686,000;1,000;MESURE
2026-02-04 00:00:00+01:00;4739,000;1,000;MESURE
2026-02-04 01:00:00+01:00;5043,000;1,000;MESURE
2026-02-04 02:00:00+01:00;5565,000;1,000;MESURE
2026-02-04 03:00:00+01:00;5490,000;1,000;MESURE
2026-02-04 04:00:00+01:00;7173,000;1,000;MESURE
2026-02-04 05:00:00+01:00;5991,000;1,000;MESURE
2026-02-04 06:00:00+01:00;5635,000;1,000;MESURE
2026-02-04 07:00:00+01:00;5647,000;1,000;MESURE
2026-02-04 08:00:00+01:00;5544,000;1,000;MESURE
2026-02-04 09:00:00+01:00;5458,000;1,000;MESURE
2026-02-04 10:00:00+01:00;4896,000;1,000;MESURE
2026-02-04 11:00:00+01:00;4012,000;1,000;MESURE
2026-02-04 12:00:00+01:00;2426,000;1,000;MESURE
2026-02-04 13:00:00+01:00;1490,000;1,000;MESURE
2026-02-04 14:00:00+01:00;1051,000;1,000;MESURE
2026-02-04 15:00:00+01:00;1119,000;1,000;MESURE
2026-02-04 16:00:00+01:00;2630,000;1,000;MESURE
2026-02-04 17:00:00+01:00;2728,000;1,000;MESURE
2026-02-04 18:00:00+01:00;3421,000;1,000;MESURE
2026-02-04 19:00:00+01:00;4262,000;1,000;MESURE
2026-02-04 20:00:00+01:00;6494,000;1,000;MESURE
2026-02-04 21:00:00+01:00;5063,000;1,000;MESURE
2026-02-04 22:00:00+01:00;4769,000;1,000;MESURE
2026-02-04 23:00:00+01:00;4820,000;1,000;MESURE
2026-02-05 00:00:00+01:00;5150,000;1,000;MESURE
2026-02-05 01:00:00+01:00;5112,000;1,000;MESURE
2026-02-05 02:00:00+01:00;5304,000;1,000;MESURE
2026-02-05 03:00:00+01:00;6439,000;1,000;MESURE
2026-02-05 04:00:00+01:00;5602,000;1,000;MESURE
2026-02-05 05:00:00+01:00;5554,000;1,000;MESURE
2026-02-05 06:00:00+01:00;8204,000;1,000;MESURE
2026-02-05 07:00:00+01:00;8208,000;1,000;MESURE
2026-02-05 08:00:00+01:00;5982,000;1,000;MESURE
2026-02-05 09:00:00+01:00;5188,000;1,000;MESURE
2026-02-05 10:00:00+01:00;4168,000;1,000;MESURE
2026-02-05 11:00:00+01:00;3427,000;1,000;MESURE
2026-02-05 12:00:00+01:00;2297,000;1,000;MESURE
2026-02-05 13:00:00+01:00;2353,000;1,000;MESURE
2026-02-05 14:00:00+01:00;1917,000;1,000;MESURE
2026-02-05 15:00:00+01:00;2806,000;1,000;MESURE
2026-02-05 16:00:00+01:00;4115,000;1,000;MESURE
2026-02-05 17:00:00+01:00;3016,000;1,000;MESURE
2026-02-05 18:00:00+01:00;3882,000;1,000;MESURE
2026-02-05 19:00:00+01:00;5785,000;1,000;MESURE
2026-02-05 20:00:00+01:00;5722,000;1,000;MESURE
2026-02-05 21:00:00+01:00;4695,000;1,000;MESURE
2026-02-05 22:00:00+01:00;4390,000;1,000;MESURE
2026-02-05 23:00:00+01:00;4893,000;1,000;MESURE
2026-02-06 00:00:00+01:00;4897,000;1,000;MESURE
2026-02-06 01:00:00+01:00;5132,000;1,000;MESURE
2026-02-06 02:00:00+01:00;5345,000;1,000;MESURE
2026-02-06 03:00:00+01:00;4996,000;1,000;MESURE
2026-02-06 04:00:00+01:00;5644,000;1,000;MESURE
2026-02-06 05:00:00+01:00;4946,000;1,000;MESURE
2026-02-06 06:00:00+01:00;7196,000;1,000;MESURE
2026-02-06 07:00:00+01:00;6942,000;1,000;MESURE
2026-02-06 08:00:00+01:00;5838,000;1,000;MESURE
2026-02-06 09:00:00+01:00;5543,000;1,000;MESURE
2026-02-06 10:00:00+01:00;7708,000;1,000;MESURE
2026-02-06 11:00:00+01:00;7471,000;1,000;MESURE
2026-02-06 12:00:00+01:00;5894,000;1,000;MESURE
2026-02-06 13:00:00+01:00;4827,000;1,000;MESURE
2026-02-06 14:00:00+01:00;3646,000;1,000;MESURE
2026-02-06 15:00:00+01:00;2642,000;1,000;MESURE
2026-02-06 16:00:00+01:00;2862,000;1,000;MESURE
2026-02-06 17:00:00+01:00;4288,000;1,000;MESURE
2026-02-06 18:00:00+01:00;5686,000;1,000;MESURE
2026-02-06 19:00:00+01:00;7434,000;1,000;MESURE
2026-02-06 20:00:00+01:00;9083,000;1,000;MESURE
2026-02-06 21:00:00+01:00;7023,000;1,000;MESURE
2026-02-06 22:00:00+01:00;8031,000;1,000;MESURE
2026-02-06 23:00:00+01:00;6366,000;1,000;MESURE
2026-02-07 00:00:00+01:00;8093,000;1,000;MESURE
2026-02-07 01:00:00+01:00;6920,000;1,000;MESURE
2026-02-07 02:00:00+01:00;7306,000;1,000;MESURE
2026-02-07 03:00:00+01:00;7834,000;1,000;MESURE
2026-02-07 04:00:00+01:00;9175,000;1,000;MESURE
2026-02-07 05:00:00+01:00;9859,000;1,000;MESURE
2026-02-07 06:00:00+01:00;12263,000;1,000;MESURE
2026-02-07 07:00:00+01:00;14647,000;1,000;MESURE
2026-02-07 08:00:00+01:00;9740,000;1,000;MESURE
2026-02-07 09:00:00+01:00;8520,000;1,000;MESURE
2026-02-07 10:00:00+01:00;6562,000;1,000;MESURE
2026-02-07 11:00:00+01:00;6755,000;1,000;MESURE
2026-02-07 12:00:00+01:00;6515,000;1,000;MESURE
2026-02-07 13:00:00+01:00;4060,000;1,000;MESURE
2026-02-07 14:00:00+01:00;4607,000;1,000;MESURE
2026-02-07 15:00:00+01:00;6988,000;1,000;MESURE
2026-02-07 16:00:00+01:00;4845,000;1,000;MESURE
2026-02-07 17:00:00+01:00;3626,000;1,000;MESURE
2026-02-07 18:00:00+01:00;7985,000;1,000;MESURE
2026-02-07 19:00:00+01:00;10106,000;1,000;MESURE
2026-02-07 20:00:00+01:00;8896,000;1,000;MESURE
2026-02-07 21:00:00+01:00;7292,000;1,000;MESURE
2026-02-07 22:00:00+01:00;6259,000;1,000;MESURE
2026-02-07 23:00:00+01:00;6253,000;1,000;MESURE
2026-02-08 00:00:00+01:00;7248,000;1,000;MESURE
2026-02-08 01:00:00+01:00;8229,000;1,000;MESURE
2026-02-08 02:00:00+01:00;8437,000;1,000;MESURE
2026-02-08 03:00:00+01:00;7797,000;1,000;MESURE
2026-02-08 04:00:00+01:00;8057,000;1,000;MESURE
2026-02-08 05:00:00+01:00;9537,000;1,000;MESURE
2026-02-08 06:00:00+01:00;9841,000;1,000;MESURE
2026-02-08 07:00:00+01:00;9014,000;1,000;MESURE
2026-02-08 08:00:00+01:00;9322,000;1,000;MESURE
2026-02-08 09:00:00+01:00;11097,000;1,000;MESURE
2026-02-08 10:00:00+01:00;9675,000;1,000;MESURE
2026-02-08 11:00:00+01:00;9038,000;1,000;MESURE
2026-02-08 12:00:00+01:00;6115,000;1,000;MESURE
2026-02-08 13:00:00+01:00;6174,000;1,000;MESURE
2026-02-08 14:00:00+01:00;5366,000;1,000;MESURE
2026-02-08 15:00:00+01:00;4631,000;1,000;MESURE
2026-02-08 16:00:00+01:00;4616,000;1,000;MESURE
2026-02-08 17:00:00+01:00;3273,000;1,000;MESURE
2026-02-08 18:00:00+01:00;2934,000;1,000;MESURE
2026-02-08 19:00:00+01:00;8411,000;1,000;MESURE
2026-02-08 20:00:00+01:00;11091,000;1,000;MESURE
2026-02-08 21:00:00+01:00;11062,000;1,000;MESURE
2026-02-08 22:00:00+01:00;9469,000;1,000;MESURE
2026-02-08 23:00:00+01:00;6121,000;1,000;MESURE
2026-02-09 00:00:00+01:00;6331,000;1,000;MESURE
2026-02-09 01:00:00+01:00;6589,000;1,000;MESURE
2026-02-09 02:00:00+01:00;7022,000;1,000;MESURE
2026-02-09 03:00:00+01:00;7387,000;1,000;MESURE
2026-02-09 04:00:00+01:00;7547,000;1,000;MESURE
2026-02-09 05:00:00+01:00;7617,000;1,000;MESURE
2026-02-09 06:00:00+01:00;7908,000;1,000;MESURE
2026-02-09 07:00:00+01:00;8035,000;1,000;MESURE
2026-02-09 08:00:00+01:00;8293,000;1,000;MESURE
2026-02-09 09:00:00+01:00;7320,000;1,000;MESURE
2026-02-09 10:00:00+01:00;7901,000;1,000;MESURE
2026-02-09 11:00:00+01:00;6159,000;1,000;MESURE
2026-02-09 12:00:00+01:00;4649,000;1,000;MESURE
2026-02-09 13:00:00+01:00;3345,000;1,000;MESURE
2026-02-09 14:00:00+01:00;2885,000;1,000;MESURE
2026-02-09 15:00:00+01:00;2630,000;1,000;MESURE
2026-02-09 16:00:00+01:00;2897,000;1,000;MESURE
2026-02-09 17:00:00+01:00;3101,000;1,000;MESURE
2026-02-09 18:00:00+01:00;3618,000;1,000;MESURE
2026-02-09 19:00:00+01:00;3883,000;1,000;MESURE
2026-02-09 20:00:00+01:00;4529,000;1,000;MESURE
2026-02-09 21:00:00+01:00;4780,000;1,000;MESURE
2026-02-09 22:00:00+01:00;4890,000;1,000;MESURE
2026-02-09 23:00:00+01:00;5208,000;1,000;MESURE
2026-02-10 00:00:00+01:00;5115,000;1,000;MESURE
2026-02-10 01:00:00+01:00;5455,000;1,000;MESURE
2026-02-10 02:00:00+01:00;6270,000;1,000;MESURE
2026-02-10 03:00:00+01:00;5901,000;1,000;MESURE
2026-02-10 04:00:00+01:00;5427,000;1,000;MESURE
2026-02-10 05:00:00+01:00;5497,000;1,000;MESURE
2026-02-10 06:00:00+01:00;5515,000;1,000;MESURE
2026-02-10 07:00:00+01:00;5141,000;1,000;MESURE
2026-02-10 08:00:00+01:00;5219,000;1,000;MESURE
2026-02-10 09:00:00+01:00;5217,000;1,000;MESURE
2026-02-10 10:00:00+01:00;4890,000;1,000;MESURE
2026-02-10 11:00:00+01:00;4738,000;1,000;MESURE
2026-02-10 12:00:00+01:00;4263,000;1,000;MESURE
2026-02-10 13:00:00+01:00;4238,000;1,000;MESURE
2026-02-10 14:00:00+01:00;4010,000;1,000;MESURE
2026-02-10 15:00:00+01:00;4329,000;1,000;MESURE
2026-02-10 16:00:00+01:00;4400,000;1,000;MESURE
2026-02-10 17:00:00+01:00;4693,000;1,000;MESURE
2026-02-10 18:00:00+01:00;4764,000;1,000;MESURE
2026-02-10 19:00:00+01:00;5032,000;1,000;MESURE
2026-02-10 20:00:00+01:00;4734,000;1,000;MESURE
2026-02-10 21:00:00+01:00;4786,000;1,000;MESURE
2026-02-10 22:00:00+01:00;4576,000;1,000;MESURE
2026-02-10 23:00:00+01:00;4776,000;1,000;MESURE
2026-02-11 00:00:00+01:00;4718,000;1,000;MESURE
2026-02-11 01:00:00+01:00;4862,000;1,000;MESURE
2026-02-11 02:00:00+01:00;4443,000;1,000;MESURE
2026-02-11 03:00:00+01:00;4537,000;1,000;MESURE
2026-02-11 04:00:00+01:00;4287,000;1,000;MESURE
2026-02-11 05:00:00+01:00;4702,000;1,000;MESURE
2026-02-11 06:00:00+01:00;4426,000;1,000;MESURE
2026-02-11 07:00:00+01:00;4627,000;1,000;MESURE
2026-02-11 08:00:00+01:00;6089,000;1,000;MESURE
2026-02-11 09:00:00+01:00;4554,000;1,000;MESURE
2026-02-11 10:00:00+01:00;4402,000;1,000;MESURE
2026-02-11 11:00:00+01:00;4654,000;1,000;MESURE
2026-02-11 12:00:00+01:00;4487,000;1,000;MESURE
2026-02-11 13:00:00+01:00;3649,000;1,000;MESURE
2026-02-11 14:00:00+01:00;2919,000;1,000;MESURE
2026-02-11 15:00:00+01:00;2490,000;1,000;MESURE
2026-02-11 16:00:00+01:00;2380,000;1,000;MESURE
2026-02-11 17:00:00+01:00;2490,000;1,000;MESURE
2026-02-11 18:00:00+01:00;2988,000;1,000;MESURE
2026-02-11 19:00:00+01:00;3407,000;1,000;MESURE
2026-02-11 20:00:00+01:00;3816,000;1,000;MESURE
2026-02-11 21:00:00+01:00;3659,000;1,000;MESURE
2026-02-11 22:00:00+01:00;4038,000;1,000;MESURE
2026-02-11 23:00:00+01:00;3979,000;1,000;MESURE
2026-02-12 00:00:00+01:00;4363,000;1,000;MESURE
2026-02-12 01:00:00+01:00;4241,000;1,000;MESURE
2026-02-12 02:00:00+01:00;4548,000;1,000;MESURE
2026-02-12 03:00:00+01:00;4552,000;1,000;MESURE
2026-02-12 04:00:00+01:00;4880,000;1,000;MESURE
2026-02-12 05:00:00+01:00;4488,000;1,000;MESURE
2026-02-12 06:00:00+01:00;4784,000;1,000;MESURE
2026-02-12 07:00:00+01:00;4524,000;1,000;MESURE
2026-02-12 08:00:00+01:00;4874,000;1,000;MESURE
2026-02-12 09:00:00+01:00;4745,000;1,000;MESURE
2026-02-12 10:00:00+01:00;4760,000;1,000;MESURE
2026-02-12 11:00:00+01:00;5180,000;1,000;MESURE
2026-02-12 12:00:00+01:00;5421,000;1,000;MESURE
2026-02-12 13:00:00+01:00;4196,000;1,000;MESURE
2026-02-12 14:00:00+01:00;3121,000;1,000;MESURE
2026-02-12 15:00:00+01:00;3268,000;1,000;MESURE
2026-02-12 16:00:00+01:00;3618,000;1,000;MESURE
2026-02-12 17:00:00+01:00;5058,000;1,000;MESURE
2026-02-12 18:00:00+01:00;4701,000;1,000;MESURE
2026-02-12 19:00:00+01:00;4541,000;1,000;MESURE
2026-02-12 20:00:00+01:00;4728,000;1,000;MESURE
2026-02-12 21:00:00+01:00;4724,000;1,000;MESURE
2026-02-12 22:00:00+01:00;4900,000;1,000;MESURE
2026-02-12 23:00:00+01:00;4995,000;1,000;MESURE
2026-02-13 00:00:00+01:00;4860,000;1,000;MESURE
2026-02-13 01:00:00+01:00;5037,000;1,000;MESURE
2026-02-13 02:00:00+01:00;5095,000;1,000;MESURE
2026-02-13 03:00:00+01:00;5079,000;1,000;MESURE
2026-02-13 04:00:00+01:00;5174,000;1,000;MESURE
2026-02-13 05:00:00+01:00;5374,000;1,000;MESURE
2026-02-13 06:00:00+01:00;5469,000;1,000;MESURE
2026-02-13 07:00:00+01:00;5797,000;1,000;MESURE
2026-02-13 08:00:00+01:00;5894,000;1,000;MESURE
2026-02-13 09:00:00+01:00;5674,000;1,000;MESURE
2026-02-13 10:00:00+01:00;5122,000;1,000;MESURE
2026-02-13 11:00:00+01:00;4123,000;1,000;MESURE
2026-02-13 12:00:00+01:00;3407,000;1,000;MESURE
2026-02-13 13:00:00+01:00;2779,000;1,000;MESURE
2026-02-13 14:00:00+01:00;2646,000;1,000;MESURE
2026-02-13 15:00:00+01:00;2812,000;1,000;MESURE
2026-02-13 16:00:00+01:00;5001,000;1,000;MESURE
2026-02-13 17:00:00+01:00;3490,000;1,000;MESURE
2026-02-13 18:00:00+01:00;3510,000;1,000;MESURE
2026-02-13 19:00:00+01:00;4159,000;1,000;MESURE
2026-02-13 20:00:00+01:00;4143,000;1,000;MESURE
2026-02-13 21:00:00+01:00;4747,000;1,000;MESURE
2026-02-13 22:00:00+01:00;4517,000;1,000;MESURE
2026-02-13 23:00:00+01:00;4778,000;1,000;MESURE
2026-02-14 00:00:00+01:00;4868,000;1,000;MESURE
2026-02-14 01:00:00+01:00;4915,000;1,000;MESURE
2026-02-14 02:00:00+01:00;5121,000;1,000;MESURE
2026-02-14 03:00:00+01:00;4878,000;1,000;MESURE
2026-02-14 04:00:00+01:00;5017,000;1,000;MESURE
2026-02-14 05:00:00+01:00;5275,000;1,000;MESURE
2026-02-14 06:00:00+01:00;5035,000;1,000;MESURE
2026-02-14 07:00:00+01:00;5093,000;1,000;MESURE
2026-02-14 08:00:00+01:00;6222,000;1,000;MESURE
2026-02-14 09:00:00+01:00;6097,000;1,000;MESURE
2026-02-14 10:00:00+01:00;7719,000;1,000;MESURE
2026-02-14 11:00:00+01:00;5598,000;1,000;MESURE
2026-02-14 12:00:00+01:00;5900,000;1,000;MESURE
2026-02-14 13:00:00+01:00;7736,000;1,000;MESURE
2026-02-14 14:00:00+01:00;6785,000;1,000;MESURE
2026-02-14 15:00:00+01:00;8392,000;1,000;MESURE
2026-02-14 16:00:00+01:00;7202,000;1,000;MESURE
2026-02-14 17:00:00+01:00;6432,000;1,000;MESURE
2026-02-14 18:00:00+01:00;6830,000;1,000;MESURE
2026-02-14 19:00:00+01:00;7231,000;1,000;MESURE
2026-02-14 20:00:00+01:00;7600,000;1,000;MESURE
2026-02-14 21:00:00+01:00;7794,000;1,000;MESURE
2026-02-14 22:00:00+01:00;8185,000;1,000;MESURE
2026-02-14 23:00:00+01:00;8306,000;1,000;MESURE
2026-02-15 00:00:00+01:00;8013,000;1,000;MESURE
2026-02-15 01:00:00+01:00;7864,000;1,000;MESURE
2026-02-15 02:00:00+01:00;7887,000;1,000;MESURE
2026-02-15 03:00:00+01:00;7957,000;1,000;MESURE
2026-02-15 04:00:00+01:00;7963,000;1,000;MESURE
2026-02-15 05:00:00+01:00;7821,000;1,000;MESURE
2026-02-15 06:00:00+01:00;7849,000;1,000;MESURE
2026-02-15 07:00:00+01:00;7738,000;1,000;MESURE
2026-02-15 08:00:00+01:00;7715,000;1,000;MESURE
2026-02-15 09:00:00+01:00;7367,000;1,000;MESURE
2026-02-15 10:00:00+01:00;7094,000;1,000;MESURE
2026-02-15 11:00:00+01:00;6932,000;1,000;MESURE
2026-02-15 12:00:00+01:00;6142,000;1,000;MESURE
2026-02-15 13:00:00+01:00;5646,000;1,000;MESURE
2026-02-15 14:00:00+01:00;5165,000;1,000;MESURE
2026-02-15 15:00:00+01:00;5124,000;1,000;MESURE
2026-02-15 16:00:00+01:00;5462,000;1,000;MESURE
2026-02-15 17:00:00+01:00;5838,000;1,000;MESURE
2026-02-15 18:00:00+01:00;6290,000;1,000;MESURE
2026-02-15 19:00:00+01:00;6401,000;1,000;MESURE
2026-02-15 20:00:00+01:00;6744,000;1,000;MESURE
2026-02-15 21:00:00+01:00;6578,000;1,000;MESURE
2026-02-15 22:00:00+01:00;7310,000;1,000;MESURE
2026-02-15 23:00:00+01:00;7039,000;1,000;MESURE
2026-02-16 00:00:00+01:00;6274,000;1,000;MESURE
2026-02-16 01:00:00+01:00;5933,000;1,000;MESURE
2026-02-16 02:00:00+01:00;5822,000;1,000;MESURE
2026-02-16 03:00:00+01:00;5589,000;1,000;MESURE
2026-02-16 04:00:00+01:00;5558,000;1,000;MESURE
2026-02-16 05:00:00+01:00;5545,000;1,000;MESURE
2026-02-16 06:00:00+01:00;5407,000;1,000;MESURE
2026-02-16 07:00:00+01:00;5734,000;1,000;MESURE
2026-02-16 08:00:00+01:00;5675,000;1,000;MESURE
2026-02-16 09:00:00+01:00;5737,000;1,000;MESURE
2026-02-16 10:00:00+01:00;5709,000;1,000;MESURE
2026-02-16 11:00:00+01:00;5708,000;1,000;MESURE
2026-02-16 12:00:00+01:00;5524,000;1,000;MESURE
2026-02-16 13:00:00+01:00;5191,000;1,000;MESURE
2026-02-16 14:00:00+01:00;4674,000;1,000;MESURE
2026-02-16 15:00:00+01:00;4521,000;1,000;MESURE
2026-02-16 16:00:00+01:00;4351,000;1,000;MESURE
2026-02-16 17:00:00+01:00;4373,000;1,000;MESURE
2026-02-16 18:00:00+01:00;4628,000;1,000;MESURE
2026-02-16 19:00:00+01:00;4648,000;1,000;MESURE
2026-02-16 20:00:00+01:00;5010,000;1,000;MESURE
2026-02-16 21:00:00+01:00;5174,000;1,000;MESURE
2026-02-16 22:00:00+01:00;5570,000;1,000;MESURE
2026-02-16 23:00:00+01:00;5691,000;1,000;MESURE
2026-02-17 00:00:00+01:00;5960,000;1,000;MESURE
2026-02-17 01:00:00+01:00;6090,000;1,000;MESURE
2026-02-17 02:00:00+01:00;6024,000;1,000;MESURE
2026-02-17 03:00:00+01:00;7911,000;1,000;MESURE
2026-02-17 04:00:00+01:00;5865,000;1,000;MESURE
2026-02-17 05:00:00+01:00;6173,000;1,000;MESURE
2026-02-17 06:00:00+01:00;5987,000;1,000;MESURE
2026-02-17 07:00:00+01:00;5945,000;1,000;MESURE
2026-02-17 08:00:00+01:00;5753,000;1,000;MESURE
2026-02-17 09:00:00+01:00;5706,000;1,000;MESURE
2026-02-17 10:00:00+01:00;5591,000;1,000;MESURE
2026-02-17 11:00:00+01:00;5161,000;1,000;MESURE
2026-02-17 12:00:00+01:00;4564,000;1,000;MESURE
2026-02-17 13:00:00+01:00;4038,000;1,000;MESURE
2026-02-17 14:00:00+01:00;3830,000;1,000;MESURE
2026-02-17 15:00:00+01:00;3871,000;1,000;MESURE
2026-02-17 16:00:00+01:00;3903,000;1,000;MESURE
2026-02-17 17:00:00+01:00;4018,000;1,000;MESURE
2026-02-17 18:00:00+01:00;4238,000;1,000;MESURE
2026-02-17 19:00:00+01:00;4823,000;1,000;MESURE
2026-02-17 20:00:00+01:00;5038,000;1,000;MESURE
2026-02-17 21:00:00+01:00;5244,000;1,000;MESURE
2026-02-17 22:00:00+01:00;5337,000;1,000;MESURE
2026-02-17 23:00:00+01:00;5445,000;1,000;MESURE
2026-02-18 00:00:00+01:00;5534,000;1,000;MESURE
2026-02-18 01:00:00+01:00;5570,000;1,000;MESURE
2026-02-18 02:00:00+01:00;5444,000;1,000;MESURE
2026-02-18 03:00:00+01:00;5599,000;1,000;MESURE
2026-02-18 04:00:00+01:00;5611,000;1,000;MESURE
2026-02-18 05:00:00+01:00;5685,000;1,000;MESURE
2026-02-18 06:00:00+01:00;6021,000;1,000;MESURE
2026-02-18 07:00:00+01:00;7117,000;1,000;MESURE
2026-02-18 08:00:00+01:00;5910,000;1,000;MESURE
2026-02-18 09:00:00+01:00;5689,000;1,000;MESURE
2026-02-18 10:00:00+01:00;5590,000;1,000;MESURE
2026-02-18 11:00:00+01:00;4816,000;1,000;MESURE
2026-02-18 12:00:00+01:00;3921,000;1,000;MESURE
2026-02-18 13:00:00+01:00;3551,000;1,000;MESURE
2026-02-18 14:00:00+01:00;3413,000;1,000;MESURE
2026-02-18 15:00:00+01:00;3291,000;1,000;MESURE
2026-02-18 16:00:00+01:00;3231,000;1,000;MESURE
2026-02-18 17:00:00+01:00;3174,000;1,000;MESURE
2026-02-18 18:00:00+01:00;3632,000;1,000;MESURE
2026-02-18 19:00:00+01:00;4160,000;1,000;MESURE
2026-02-18 20:00:00+01:00;4169,000;1,000;MESURE
2026-02-18 21:00:00+01:00;4421,000;1,000;MESURE
2026-02-18 22:00:00+01:00;4232,000;1,000;MESURE
2026-02-18 23:00:00+01:00;4399,000;1,000;MESURE
2026-02-19 00:00:00+01:00;4472,000;1,000;MESURE
2026-02-19 01:00:00+01:00;4723,000;1,000;MESURE
2026-02-19 02:00:00+01:00;4754,000;1,000;MESURE
2026-02-19 03:00:00+01:00;5289,000;1,000;MESURE
2026-02-19 04:00:00+01:00;5411,000;1,000;MESURE
2026-02-19 05:00:00+01:00;5455,000;1,000;MESURE
2026-02-19 06:00:00+01:00;5477,000;1,000;MESURE
2026-02-19 07:00:00+01:00;5471,000;1,000;MESURE
2026-02-19 08:00:00+01:00;5463,000;1,000;MESURE
2026-02-19 09:00:00+01:00;5574,000;1,000;MESURE
2026-02-19 10:00:00+01:00;6543,000;1,000;MESURE
2026-02-19 11:00:00+01:00;6109,000;1,000;MESURE
2026-02-19 12:00:00+01:00;4895,000;1,000;MESURE
2026-02-19 13:00:00+01:00;4402,000;1,000;MESURE
2026-02-19 14:00:00+01:00;4325,000;1,000;MESURE
2026-02-19 15:00:00+01:00;4312,000;1,000;MESURE
2026-02-19 16:00:00+01:00;4325,000;1,000;MESURE
2026-02-19 17:00:00+01:00;4575,000;1,000;MESURE
2026-02-19 18:00:00+01:00;4700,000;1,000;MESURE
2026-02-19 19:00:00+01:00;4879,000;1,000;MESURE
2026-02-19 20:00:00+01:00;4880,000;1,000;MESURE
2026-02-19 21:00:00+01:00;4925,000;1,000;MESURE
2026-02-19 22:00:00+01:00;4982,000;1,000;MESURE
2026-02-19 23:00:00+01:00;5175,000;1,000;MESURE
2026-02-20 00:00:00+01:00;5096,000;1,000;MESURE
2026-02-20 01:00:00+01:00;5151,000;1,000;MESURE
2026-02-20 02:00:00+01:00;5115,000;1,000;MESURE
2026-02-20 03:00:00+01:00;5254,000;1,000;MESURE
2026-02-20 04:00:00+01:00;5284,000;1,000;MESURE
2026-02-20 05:00:00+01:00;5295,000;1,000;MESURE
2026-02-20 06:00:00+01:00;5230,000;1,000;MESURE
2026-02-20 07:00:00+01:00;5388,000;1,000;MESURE
2026-02-20 08:00:00+01:00;5409,000;1,000;MESURE
2026-02-20 09:00:00+01:00;5252,000;1,000;MESURE
2026-02-20 10:00:00+01:00;5162,000;1,000;MESURE
2026-02-20 11:00:00+01:00;5056,000;1,000;MESURE
2026-02-20 12:00:00+01:00;4791,000;1,000;MESURE
2026-02-20 13:00:00+01:00;5174,000;1,000;MESURE
2026-02-20 14:00:00+01:00;7530,000;1,000;MESURE
2026-02-20 15:00:00+01:00;5440,000;1,000;MESURE
2026-02-20 16:00:00+01:00;5273,000;1,000;MESURE
2026-02-20 17:00:00+01:00;4830,000;1,000;MESURE
2026-02-20 18:00:00+01:00;5039,000;1,000;MESURE
2026-02-20 19:00:00+01:00;5225,000;1,000;MESURE
2026-02-20 20:00:00+01:00;5552,000;1,000;MESURE
2026-02-20 21:00:00+01:00;5512,000;1,000;MESURE
2026-02-20 22:00:00+01:00;5606,000;1,000;MESURE
2026-02-20 23:00:00+01:00;5543,000;1,000;MESURE
2026-02-21 00:00:00+01:00;5513,000;1,000;MESURE
2026-02-21 01:00:00+01:00;5420,000;1,000;MESURE
2026-02-21 02:00:00+01:00;5468,000;1,000;MESURE
2026-02-21 03:00:00+01:00;5423,000;1,000;MESURE
2026-02-21 04:00:00+01:00;5379,000;1,000;MESURE
2026-02-21 05:00:00+01:00;5393,000;1,000;MESURE
2026-02-21 06:00:00+01:00;5278,000;1,000;MESURE
2026-02-21 07:00:00+01:00;5333,000;1,000;MESURE
2026-02-21 08:00:00+01:00;6019,000;1,000;MESURE
2026-02-21 09:00:00+01:00;4097,000;1,000;MESURE
2026-02-21 10:00:00+01:00;3666,000;1,000;MESURE
2026-02-21 11:00:00+01:00;5613,000;1,000;MESURE
2026-02-21 12:00:00+01:00;5833,000;1,000;MESURE
2026-02-21 13:00:00+01:00;2800,000;1,000;MESURE
2026-02-21 14:00:00+01:00;4771,000;1,000;MESURE
2026-02-21 15:00:00+01:00;3011,000;1,000;MESURE
2026-02-21 16:00:00+01:00;2908,000;1,000;MESURE
2026-02-21 17:00:00+01:00;2982,000;1,000;MESURE
2026-02-21 18:00:00+01:00;2466,000;1,000;MESURE
2026-02-21 19:00:00+01:00;2017,000;1,000;MESURE
2026-02-21 20:00:00+01:00;2790,000;1,000;MESURE
2026-02-21 21:00:00+01:00;3953,000;1,000;MESURE
2026-02-21 22:00:00+01:00;4522,000;1,000;MESURE
2026-02-21 23:00:00+01:00;4896,000;1,000;MESURE
2026-02-22 00:00:00+01:00;4757,000;1,000;MESURE
2026-02-22 01:00:00+01:00;5125,000;1,000;MESURE
2026-02-22 02:00:00+01:00;5325,000;1,000;MESURE
2026-02-22 03:00:00+01:00;4962,000;1,000;MESURE
2026-02-22 04:00:00+01:00;5446,000;1,000;MESURE
2026-02-22 05:00:00+01:00;5637,000;1,000;MESURE
2026-02-22 06:00:00+01:00;5266,000;1,000;MESURE
2026-02-22 07:00:00+01:00;5570,000;1,000;MESURE
2026-02-22 08:00:00+01:00;5342,000;1,000;MESURE
2026-02-22 09:00:00+01:00;4730,000;1,000;MESURE
2026-02-22 10:00:00+01:00;3675,000;1,000;MESURE
2026-02-22 11:00:00+01:00;3768,000;1,000;MESURE
2026-02-22 12:00:00+01:00;1508,000;1,000;MESURE
2026-02-22 13:00:00+01:00;1072,000;1,000;MESURE
2026-02-22 14:00:00+01:00;963,000;1,000;MESURE
2026-02-22 15:00:00+01:00;685,000;1,000;MESURE
2026-02-22 16:00:00+01:00;779,000;1,000;MESURE
2026-02-22 17:00:00+01:00;900,000;1,000;MESURE
2026-02-22 18:00:00+01:00;1472,000;1,000;MESURE
2026-02-22 19:00:00+01:00;2400,000;1,000;MESURE
2026-02-22 20:00:00+01:00;3391,000;1,000;MESURE
2026-02-22 21:00:00+01:00;4099,000;1,000;MESURE
2026-02-22 22:00:00+01:00;4376,000;1,000;MESURE
2026-02-22 23:00:00+01:00;4487,000;1,000;MESURE
2026-02-23 00:00:00+01:00;4503,000;1,000;MESURE
2026-02-23 01:00:00+01:00;4543,000;1,000;MESURE
2026-02-23 02:00:00+01:00;4243,000;1,000;MESURE
2026-02-23 03:00:00+01:00;4354,000;1,000;MESURE
2026-02-23 04:00:00+01:00;4352,000;1,000;MESURE
2026-02-23 05:00:00+01:00;4659,000;1,000;MESURE
2026-02-23 06:00:00+01:00;4367,000;1,000;MESURE
2026-02-23 07:00:00+01:00;4762,000;1,000;MESURE
2026-02-23 08:00:00+01:00;4651,000;1,000;MESURE
2026-02-23 09:00:00+01:00;3812,000;1,000;MESURE
2026-02-23 10:00:00+01:00;2536,000;1,000;MESURE
2026-02-23 11:00:00+01:00;1746,000;1,000;MESURE
2026-02-23 12:00:00+01:00;1321,000;1,000;MESURE
2026-02-23 13:00:00+01:00;1207,000;1,000;MESURE
2026-02-23 14:00:00+01:00;939,000;1,000;MESURE
2026-02-23 15:00:00+01:00;820,000;1,000;MESURE
2026-02-23 16:00:00+01:00;1499,000;1,000;MESURE
2026-02-23 17:00:00+01:00;1740,000;1,000;MESURE
2026-02-23 18:00:00+01:00;1067,000;1,000;MESURE
2026-02-23 19:00:00+01:00;1587,000;1,000;MESURE
2026-02-23 20:00:00+01:00;1982,000;1,000;MESURE
2026-02-23 21:00:00+01:00;2639,000;1,000;MESURE
2026-02-23 22:00:00+01:00;3216,000;1,000;MESURE
2026-02-23 23:00:00+01:00;3435,000;1,000;MESURE
2026-02-24 00:00:00+01:00;3648,000;1,000;MESURE
2026-02-24 01:00:00+01:00;3874,000;1,000;MESURE
2026-02-24 02:00:00+01:00;4178,000;1,000;MESURE
2026-02-24 03:00:00+01:00;4621,000;1,000;MESURE
2026-02-24 04:00:00+01:00;4640,000;1,000;MESURE
2026-02-24 05:00:00+01:00;4465,000;1,000;MESURE
2026-02-24 06:00:00+01:00;4441,000;1,000;MESURE
2026-02-24 07:00:00+01:00;4723,000;1,000;MESURE
2026-02-24 08:00:00+01:00;4472,000;1,000;MESURE
2026-02-24 09:00:00+01:00;4165,000;1,000;MESURE
2026-02-24 10:00:00+01:00;3528,000;1,000;MESURE
2026-02-24 11:00:00+01:00;2657,000;1,000;MESURE
2026-02-24 12:00:00+01:00;1769,000;1,000;MESURE
2026-02-24 13:00:00+01:00;1181,000;1,000;MESURE
2026-02-24 14:00:00+01:00;770,000;1,000;MESURE
2026-02-24 15:00:00+01:00;438,000;1,000;MESURE
2026-02-24 16:00:00+01:00;447,000;1,000;MESURE
2026-02-24 17:00:00+01:00;707,000;1,000;MESURE
2026-02-24 18:00:00+01:00;826,000;1,000;MESURE
2026-02-24 19:00:00+01:00;1480,000;1,000;MESURE
2026-02-24 20:00:00+01:00;3256,000;1,000;MESURE
2026-02-24 21:00:00+01:00;4077,000;1,000;MESURE
2026-02-24 22:00:00+01:00;3667,000;1,000;MESURE
2026-02-24 23:00:00+01:00;4327,000;1,000;MESURE
2026-02-25 00:00:00+01:00;4614,000;1,000;MESURE
2026-02-25 01:00:00+01:00;4489,000;1,000;MESURE
2026-02-25 02:00:00+01:00;4897,000;1,000;MESURE
2026-02-25 03:00:00+01:00;5278,000;1,000;MESURE
2026-02-25 04:00:00+01:00;5333,000;1,000;MESURE
2026-02-25 05:00:00+01:00;5351,000;1,000;MESURE
2026-02-25 06:00:00+01:00;5629,000;1,000;MESURE
2026-02-25 07:00:00+01:00;5541,000;1,000;MESURE
2026-02-25 08:00:00+01:00;5084,000;1,000;MESURE
2026-02-25 09:00:00+01:00;4000,000;1,000;MESURE
2026-02-25 10:00:00+01:00;2406,000;1,000;MESURE
2026-02-25 11:00:00+01:00;1410,000;1,000;MESURE
2026-02-25 12:00:00+01:00;867,000;1,000;MESURE
2026-02-25 13:00:00+01:00;594,000;1,000;MESURE
2026-02-25 14:00:00+01:00;471,000;1,000;MESURE
2026-02-25 15:00:00+01:00;207,000;1,000;MESURE
2026-02-25 16:00:00+01:00;258,000;1,000;MESURE
2026-02-25 17:00:00+01:00;542,000;1,000;MESURE
2026-02-25 18:00:00+01:00;663,000;1,000;MESURE
2026-02-25 19:00:00+01:00;1097,000;1,000;MESURE
2026-02-25 20:00:00+01:00;1533,000;1,000;MESURE
2026-02-25 21:00:00+01:00;2180,000;1,000;MESURE
2026-02-25 22:00:00+01:00;2763,000;1,000;MESURE
2026-02-25 23:00:00+01:00;3384,000;1,000;MESURE
2026-02-26 00:00:00+01:00;5177,000;1,000;MESURE
2026-02-26 01:00:00+01:00;3779,000;1,000;MESURE
2026-02-26 02:00:00+01:00;3775,000;1,000;MESURE
2026-02-26 03:00:00+01:00;4078,000;1,000;MESURE
2026-02-26 04:00:00+01:00;3993,000;1,000;MESURE
2026-02-26 05:00:00+01:00;4080,000;1,000;MESURE
2026-02-26 06:00:00+01:00;4255,000;1,000;MESURE
2026-02-26 07:00:00+01:00;4422,000;1,000;MESURE
2026-02-26 08:00:00+01:00;4340,000;1,000;MESURE
2026-02-26 09:00:00+01:00;3517,000;1,000;MESURE
2026-02-26 10:00:00+01:00;2344,000;1,000;MESURE
2026-02-26 11:00:00+01:00;1433,000;1,000;MESURE
2026-02-26 12:00:00+01:00;898,000;1,000;MESURE
2026-02-26 13:00:00+01:00;642,000;1,000;MESURE
2026-02-26 14:00:00+01:00;371,000;1,000;MESURE
2026-02-26 15:00:00+01:00;311,000;1,000;MESURE
2026-02-26 16:00:00+01:00;475,000;1,000;MESURE
2026-02-26 17:00:00+01:00;500,000;1,000;MESURE
2026-02-26 18:00:00+01:00;650,000;1,000;MESURE
2026-02-26 19:00:00+01:00;1157,000;1,000;MESURE
2026-02-26 20:00:00+01:00;1681,000;1,000;MESURE
2026-02-26 21:00:00+01:00;2418,000;1,000;MESURE
2026-02-26 22:00:00+01:00;2987,000;1,000;MESURE
2026-02-26 23:00:00+01:00;3072,000;1,000;MESURE
2026-02-27 00:00:00+01:00;3310,000;1,000;MESURE
2026-02-27 01:00:00+01:00;3617,000;1,000;MESURE
2026-02-27 02:00:00+01:00;3792,000;1,000;MESURE
2026-02-27 03:00:00+01:00;5155,000;1,000;MESURE
2026-02-27 04:00:00+01:00;5039,000;1,000;MESURE
2026-02-27 05:00:00+01:00;4225,000;1,000;MESURE
2026-02-27 06:00:00+01:00;4475,000;1,000;MESURE
2026-02-27 07:00:00+01:00;4426,000;1,000;MESURE
2026-02-27 08:00:00+01:00;4082,000;1,000;MESURE
2026-02-27 09:00:00+01:00;3547,000;1,000;MESURE
2026-02-27 10:00:00+01:00;2908,000;1,000;MESURE
2026-02-27 11:00:00+01:00;1884,000;1,000;MESURE
2026-02-27 12:00:00+01:00;1157,000;1,000;MESURE
2026-02-27 13:00:00+01:00;641,000;1,000;MESURE
2026-02-27 14:00:00+01:00;530,000;1,000;MESURE
2026-02-27 15:00:00+01:00;303,000;1,000;MESURE
2026-02-27 16:00:00+01:00;505,000;1,000;MESURE
2026-02-27 17:00:00+01:00;838,000;1,000;MESURE
2026-02-27 18:00:00+01:00;1064,000;1,000;MESURE
2026-02-27 19:00:00+01:00;1440,000;1,000;MESURE
2026-02-27 20:00:00+01:00;2141,000;1,000;MESURE
2026-02-27 21:00:00+01:00;2720,000;1,000;MESURE
2026-02-27 22:00:00+01:00;3028,000;1,000;MESURE
2026-02-27 23:00:00+01:00;3413,000;1,000;MESURE
2026-02-28 00:00:00+01:00;3454,000;1,000;MESURE
2026-02-28 01:00:00+01:00;3706,000;1,000;MESURE
2026-02-28 02:00:00+01:00;3765,000;1,000;MESURE
2026-02-28 03:00:00+01:00;3930,000;1,000;MESURE
2026-02-28 04:00:00+01:00;3883,000;1,000;MESURE
2026-02-28 05:00:00+01:00;4069,000;1,000;MESURE
2026-02-28 06:00:00+01:00;4899,000;1,000;MESURE
2026-02-28 07:00:00+01:00;5386,000;1,000;MESURE
2026-02-28 08:00:00+01:00;4139,000;1,000;MESURE
2026-02-28 09:00:00+01:00;2803,000;1,000;MESURE
2026-02-28 10:00:00+01:00;2582,000;1,000;MESURE
2026-02-28 11:00:00+01:00;2318,000;1,000;MESURE
2026-02-28 12:00:00+01:00;2651,000;1,000;MESURE
2026-02-28 13:00:00+01:00;5834,000;1,000;MESURE
2026-02-28 14:00:00+01:00;4071,000;1,000;MESURE
2026-02-28 15:00:00+01:00;4843,000;1,000;MESURE
2026-02-28 16:00:00+01:00;1922,000;1,000;MESURE
2026-02-28 17:00:00+01:00;1672,000;1,000;MESURE
2026-02-28 18:00:00+01:00;2064,000;1,000;MESURE
2026-02-28 19:00:00+01:00;2165,000;1,000;MESURE
2026-02-28 20:00:00+01:00;2447,000;1,000;MESURE
2026-02-28 21:00:00+01:00;2806,000;1,000;MESURE
2026-02-28 22:00:00+01:00;3108,000;1,000;MESURE
2026-02-28 23:00:00+01:00;3533,000;1,000;MESURE
2026-03-01 00:00:00+01:00;3631,000;1,000;MESURE
2026-03-01 01:00:00+01:00;3844,000;1,000;MESURE
2026-03-01 02:00:00+01:00;4485,000;1,000;MESURE
2026-03-01 03:00:00+01:00;4940,000;1,000;MESURE
2026-03-01 04:00:00+01:00;4810,000;1,000;MESURE
2026-03-01 05:00:00+01:00;4764,000;1,000;MESURE
2026-03-01 06:00:00+01:00;4971,000;1,000;MESURE
2026-03-01 07:00:00+01:00;5140,000;1,000;MESURE
2026-03-01 08:00:00+01:00;5221,000;1,000;MESURE
2026-03-01 09:00:00+01:00;4842,000;1,000;MESURE
2026-03-01 10:00:00+01:00;3634,000;1,000;MESURE
2026-03-01 11:00:00+01:00;2749,000;1,000;MESURE
2026-03-01 12:00:00+01:00;1590,000;1,000;MESURE
2026-03-01 13:00:00+01:00;618,000;1,000;MESURE
2026-03-01 14:00:00+01:00;448,000;1,000;MESURE
2026-03-01 15:00:00+01:00;432,000;1,000;MESURE
2026-03-01 16:00:00+01:00;522,000;1,000;MESURE
2026-03-01 17:00:00+01:00;658,000;1,000;MESURE
2026-03-01 18:00:00+01:00;949,000;1,000;MESURE
2026-03-01 19:00:00+01:00;1947,000;1,000;MESURE
2026-03-01 20:00:00+01:00;4754,000;1,000;MESURE
2026-03-01 21:00:00+01:00;3849,000;1,000;MESURE
2026-03-01 22:00:00+01:00;4271,000;1,000;MESURE
2026-03-01 23:00:00+01:00;4615,000;1,000;MESURE
2026-03-02 00:00:00+01:00;4730,000;1,000;MESURE
2026-03-02 01:00:00+01:00;4582,000;1,000;MESURE
2026-03-02 02:00:00+01:00;4466,000;1,000;MESURE
2026-03-02 03:00:00+01:00;4337,000;1,000;MESURE
2026-03-02 04:00:00+01:00;4254,000;1,000;MESURE
2026-03-02 05:00:00+01:00;4166,000;1,000;MESURE
2026-03-02 06:00:00+01:00;3910,000;1,000;MESURE
2026-03-02 07:00:00+01:00;3761,000;1,000;MESURE
2026-03-02 08:00:00+01:00;3809,000;1,000;MESURE
2026-03-02 09:00:00+01:00;2931,000;1,000;MESURE
2026-03-02 10:00:00+01:00;2017,000;1,000;MESURE
2026-03-02 11:00:00+01:00;1206,000;1,000;MESURE
2026-03-02 12:00:00+01:00;404,000;1,000;MESURE
2026-03-02 13:00:00+01:00;263,000;1,000;MESURE
2026-03-02 14:00:00+01:00;363,000;1,000;MESURE
2026-03-02 15:00:00+01:00;676,000;1,000;MESURE
2026-03-02 16:00:00+01:00;378,000;1,000;MESURE
2026-03-02 17:00:00+01:00;407,000;1,000;MESURE
2026-03-02 18:00:00+01:00;711,000;1,000;MESURE
2026-03-02 19:00:00+01:00;1154,000;1,000;MESURE
2026-03-02 20:00:00+01:00;2056,000;1,000;MESURE
2026-03-02 21:00:00+01:00;2524,000;1,000;MESURE
2026-03-02 22:00:00+01:00;3390,000;1,000;MESURE
2026-03-02 23:00:00+01:00;4667,000;1,000;MESURE
2026-03-03 00:00:00+01:00;3620,000;1,000;MESURE
2026-03-03 01:00:00+01:00;3527,000;1,000;MESURE
2026-03-03 02:00:00+01:00;3233,000;1,000;MESURE
2026-03-03 03:00:00+01:00;3066,000;1,000;MESURE
2026-03-03 04:00:00+01:00;2997,000;1,000;MESURE
2026-03-03 05:00:00+01:00;3281,000;1,000;MESURE
2026-03-03 06:00:00+01:00;3590,000;1,000;MESURE
2026-03-03 07:00:00+01:00;3991,000;1,000;MESURE
2026-03-03 08:00:00+01:00;5212,000;1,000;MESURE
2026-03-03 09:00:00+01:00;3378,000;1,000;MESURE
2026-03-03 10:00:00+01:00;2067,000;1,000;MESURE
2026-03-03 11:00:00+01:00;791,000;1,000;MESURE
2026-03-03 12:00:00+01:00;414,000;1,000;MESURE
2026-03-03 13:00:00+01:00;181,000;1,000;MESURE
2026-03-03 14:00:00+01:00;254,000;1,000;MESURE
2026-03-03 15:00:00+01:00;319,000;1,000;MESURE
2026-03-03 16:00:00+01:00;167,000;1,000;MESURE
2026-03-03 17:00:00+01:00;258,000;1,000;MESURE
2026-03-03 18:00:00+01:00;468,000;1,000;MESURE
2026-03-03 19:00:00+01:00;857,000;1,000;MESURE
2026-03-03 20:00:00+01:00;1512,000;1,000;MESURE
2026-03-03 21:00:00+01:00;2659,000;1,000;MESURE
2026-03-03 22:00:00+01:00;2880,000;1,000;MESURE
2026-03-03 23:00:00+01:00;3490,000;1,000;MESURE
2026-03-04 00:00:00+01:00;3600,000;1,000;MESURE
2026-03-04 01:00:00+01:00;4323,000;1,000;MESURE
2026-03-04 02:00:00+01:00;6425,000;1,000;MESURE
2026-03-04 03:00:00+01:00;4773,000;1,000;MESURE
2026-03-04 04:00:00+01:00;4779,000;1,000;MESURE
2026-03-04 05:00:00+01:00;4788,000;1,000;MESURE
2026-03-04 06:00:00+01:00;4924,000;1,000;MESURE
2026-03-04 07:00:00+01:00;5318,000;1,000;MESURE
2026-03-04 08:00:00+01:00;5120,000;1,000;MESURE
2026-03-04 09:00:00+01:00;4163,000;1,000;MESURE
2026-03-04 10:00:00+01:00;2834,000;1,000;MESURE
2026-03-04 11:00:00+01:00;1270,000;1,000;MESURE
2026-03-04 12:00:00+01:00;373,000;1,000;MESURE
2026-03-04 13:00:00+01:00;395,000;1,000;MESURE
2026-03-04 14:00:00+01:00;252,000;1,000;MESURE
2026-03-04 15:00:00+01:00;203,000;1,000;MESURE
2026-03-04 16:00:00+01:00;168,000;1,000;MESURE
2026-03-04 17:00:00+01:00;322,000;1,000;MESURE
2026-03-04 18:00:00+01:00;386,000;1,000;MESURE
2026-03-04 19:00:00+01:00;554,000;1,000;MESURE
2026-03-04 20:00:00+01:00;1169,000;1,000;MESURE
2026-03-04 21:00:00+01:00;2125,000;1,000;MESURE
2026-03-04 22:00:00+01:00;2640,000;1,000;MESURE
2026-03-04 23:00:00+01:00;2926,000;1,000;MESURE
2026-03-05 00:00:00+01:00;3149,000;1,000;MESURE
2026-03-05 01:00:00+01:00;3340,000;1,000;MESURE
2026-03-05 02:00:00+01:00;3385,000;1,000;MESURE
2026-03-05 03:00:00+01:00;3292,000;1,000;MESURE
2026-03-05 04:00:00+01:00;3529,000;1,000;MESURE
2026-03-05 05:00:00+01:00;5082,000;1,000;MESURE
2026-03-05 06:00:00+01:00;3493,000;1,000;MESURE
2026-03-05 07:00:00+01:00;3574,000;1,000;MESURE
2026-03-05 08:00:00+01:00;3661,000;1,000;MESURE
2026-03-05 09:00:00+01:00;3322,000;1,000;MESURE
2026-03-05 10:00:00+01:00;2552,000;1,000;MESURE
2026-03-05 11:00:00+01:00;1341,000;1,000;MESURE
2026-03-05 12:00:00+01:00;490,000;1,000;MESURE
2026-03-05 13:00:00+01:00;237,000;1,000;MESURE
2026-03-05 14:00:00+01:00;275,000;1,000;MESURE
2026-03-05 15:00:00+01:00;193,000;1,000;MESURE
2026-03-05 16:00:00+01:00;247,000;1,000;MESURE
2026-03-05 17:00:00+01:00;289,000;1,000;MESURE
2026-03-05 18:00:00+01:00;239,000;1,000;MESURE
2026-03-05 19:00:00+01:00;379,000;1,000;MESURE
2026-03-05 20:00:00+01:00;660,000;1,000;MESURE
2026-03-05 21:00:00+01:00;750,000;1,000;MESURE
2026-03-05 22:00:00+01:00;1159,000;1,000;MESURE
2026-03-05 23:00:00+01:00;1437,000;1,000;MESURE
2026-03-06 00:00:00+01:00;1818,000;1,000;MESURE
2026-03-06 01:00:00+01:00;2331,000;1,000;MESURE
2026-03-06 02:00:00+01:00;2527,000;1,000;MESURE
2026-03-06 03:00:00+01:00;2849,000;1,000;MESURE
2026-03-06 04:00:00+01:00;3007,000;1,000;MESURE
2026-03-06 05:00:00+01:00;3228,000;1,000;MESURE
2026-03-06 06:00:00+01:00;3153,000;1,000;MESURE
2026-03-06 07:00:00+01:00;3091,000;1,000;MESURE
2026-03-06 08:00:00+01:00;5352,000;1,000;MESURE
2026-03-06 09:00:00+01:00;3137,000;1,000;MESURE
2026-03-06 10:00:00+01:00;1860,000;1,000;MESURE
2026-03-06 11:00:00+01:00;686,000;1,000;MESURE
2026-03-06 12:00:00+01:00;347,000;1,000;MESURE
2026-03-06 13:00:00+01:00;263,000;1,000;MESURE
2026-03-06 14:00:00+01:00;257,000;1,000;MESURE
2026-03-06 15:00:00+01:00;711,000;1,000;MESURE
2026-03-06 16:00:00+01:00;901,000;1,000;MESURE
2026-03-06 17:00:00+01:00;865,000;1,000;MESURE
2026-03-06 18:00:00+01:00;1055,000;1,000;MESURE
2026-03-06 19:00:00+01:00;1058,000;1,000;MESURE
2026-03-06 20:00:00+01:00;1196,000;1,000;MESURE
2026-03-06 21:00:00+01:00;1682,000;1,000;MESURE
2026-03-06 22:00:00+01:00;2105,000;1,000;MESURE
2026-03-06 23:00:00+01:00;2650,000;1,000;MESURE
2026-03-07 00:00:00+01:00;2953,000;1,000;MESURE
2026-03-07 01:00:00+01:00;3270,000;1,000;MESURE
2026-03-07 02:00:00+01:00;3574,000;1,000;MESURE
2026-03-07 03:00:00+01:00;3778,000;1,000;MESURE
2026-03-07 04:00:00+01:00;4010,000;1,000;MESURE
2026-03-07 05:00:00+01:00;3995,000;1,000;MESURE
2026-03-07 06:00:00+01:00;4107,000;1,000;MESURE
2026-03-07 07:00:00+01:00;4392,000;1,000;MESURE
2026-03-07 08:00:00+01:00;4426,000;1,000;MESURE
2026-03-07 09:00:00+01:00;4986,000;1,000;MESURE
2026-03-07 10:00:00+01:00;1794,000;1,000;MESURE
2026-03-07 11:00:00+01:00;514,000;1,000;MESURE
2026-03-07 12:00:00+01:00;171,000;1,000;MESURE
2026-03-07 13:00:00+01:00;378,000;1,000;MESURE
2026-03-07 14:00:00+01:00;181,000;1,000;MESURE
2026-03-07 15:00:00+01:00;146,000;1,000;MESURE
2026-03-07 16:00:00+01:00;256,000;1,000;MESURE
2026-03-07 17:00:00+01:00;231,000;1,000;MESURE
2026-03-07 18:00:00+01:00;332,000;1,000;MESURE
2026-03-07 19:00:00+01:00;326,000;1,000;MESURE
2026-03-07 20:00:00+01:00;606,000;1,000;MESURE
2026-03-07 21:00:00+01:00;1043,000;1,000;MESURE
2026-03-07 22:00:00+01:00;1413,000;1,000;MESURE
2026-03-07 23:00:00+01:00;1829,000;1,000;MESURE
2026-03-08 00:00:00+01:00;2266,000;1,000;MESURE
2026-03-08 01:00:00+01:00;2454,000;1,000;MESURE
2026-03-08 02:00:00+01:00;2710,000;1,000;MESURE
2026-03-08 03:00:00+01:00;3008,000;1,000;MESURE
2026-03-08 04:00:00+01:00;5085,000;1,000;MESURE
2026-03-08 05:00:00+01:00;3567,000;1,000;MESURE
2026-03-08 06:00:00+01:00;3676,000;1,000;MESURE
2026-03-08 07:00:00+01:00;3881,000;1,000;MESURE
2026-03-08 08:00:00+01:00;3564,000;1,000;MESURE
2026-03-08 09:00:00+01:00;2790,000;1,000;MESURE
2026-03-08 10:00:00+01:00;1680,000;1,000;MESURE
2026-03-08 11:00:00+01:00;768,000;1,000;MESURE
2026-03-08 12:00:00+01:00;332,000;1,000;MESURE
2026-03-08 13:00:00+01:00;153,000;1,000;MESURE
2026-03-08 14:00:00+01:00;145,000;1,000;MESURE
2026-03-08 15:00:00+01:00;373,000;1,000;MESURE
2026-03-08 16:00:00+01:00;196,000;1,000;MESURE
2026-03-08 17:00:00+01:00;175,000;1,000;MESURE
2026-03-08 18:00:00+01:00;267,000;1,000;MESURE
2026-03-08 19:00:00+01:00;402,000;1,000;MESURE
2026-03-08 20:00:00+01:00;999,000;1,000;MESURE
2026-03-08 21:00:00+01:00;1186,000;1,000;MESURE
2026-03-08 22:00:00+01:00;1509,000;1,000;MESURE
2026-03-08 23:00:00+01:00;1969,000;1,000;MESURE
2026-03-09 00:00:00+01:00;2443,000;1,000;MESURE
2026-03-09 01:00:00+01:00;2780,000;1,000;MESURE
2026-03-09 02:00:00+01:00;2939,000;1,000;MESURE
2026-03-09 03:00:00+01:00;3341,000;1,000;MESURE
2026-03-09 04:00:00+01:00;3407,000;1,000;MESURE
2026-03-09 05:00:00+01:00;3591,000;1,000;MESURE
2026-03-09 06:00:00+01:00;3628,000;1,000;MESURE
2026-03-09 07:00:00+01:00;4298,000;1,000;MESURE
2026-03-09 08:00:00+01:00;4625,000;1,000;MESURE
2026-03-09 09:00:00+01:00;2556,000;1,000;MESURE
2026-03-09 10:00:00+01:00;1514,000;1,000;MESURE
2026-03-09 11:00:00+01:00;608,000;1,000;MESURE
2026-03-09 12:00:00+01:00;310,000;1,000;MESURE
2026-03-09 13:00:00+01:00;165,000;1,000;MESURE
2026-03-09 14:00:00+01:00;229,000;1,000;MESURE
2026-03-09 15:00:00+01:00;269,000;1,000;MESURE
2026-03-09 16:00:00+01:00;204,000;1,000;MESURE
2026-03-09 17:00:00+01:00;179,000;1,000;MESURE
2026-03-09 18:00:00+01:00;346,000;1,000;MESURE
2026-03-09 19:00:00+01:00;302,000;1,000;MESURE
2026-03-09 20:00:00+01:00;636,000;1,000;MESURE
2026-03-09 21:00:00+01:00;720,000;1,000;MESURE
2026-03-09 22:00:00+01:00;1004,000;1,000;MESURE
2026-03-09 23:00:00+01:00;1366,000;1,000;MESURE
2026-03-10 00:00:00+01:00;1589,000;1,000;MESURE
2026-03-10 01:00:00+01:00;1797,000;1,000;MESURE
2026-03-10 02:00:00+01:00;1871,000;1,000;MESURE
2026-03-10 03:00:00+01:00;2248,000;1,000;MESURE
2026-03-10 04:00:00+01:00;2280,000;1,000;MESURE
2026-03-10 05:00:00+01:00;2454,000;1,000;MESURE
2026-03-10 06:00:00+01:00;2595,000;1,000;MESURE
2026-03-10 07:00:00+01:00;2703,000;1,000;MESURE
2026-03-10 08:00:00+01:00;2733,000;1,000;MESURE
2026-03-10 09:00:00+01:00;2598,000;1,000;MESURE
2026-03-10 10:00:00+01:00;3098,000;1,000;MESURE
2026-03-10 11:00:00+01:00;4049,000;1,000;MESURE
2026-03-10 12:00:00+01:00;1675,000;1,000;MESURE
2026-03-10 13:00:00+01:00;1088,000;1,000;MESURE
2026-03-10 14:00:00+01:00;1014,000;1,000;MESURE
2026-03-10 15:00:00+01:00;1090,000;1,000;MESURE
2026-03-10 16:00:00+01:00;1068,000;1,000;MESURE
2026-03-10 17:00:00+01:00;1327,000;1,000;MESURE
2026-03-10 18:00:00+01:00;1138,000;1,000;MESURE
2026-03-10 19:00:00+01:00;1531,000;1,000;MESURE
2026-03-10 20:00:00+01:00;1971,000;1,000;MESURE
2026-03-10 21:00:00+01:00;2355,000;1,000;MESURE
2026-03-10 22:00:00+01:00;2513,000;1,000;MESURE
2026-03-10 23:00:00+01:00;2442,000;1,000;MESURE
2026-03-11 00:00:00+01:00;2674,000;1,000;MESURE
2026-03-11 01:00:00+01:00;2662,000;1,000;MESURE
2026-03-11 02:00:00+01:00;2868,000;1,000;MESURE
2026-03-11 03:00:00+01:00;2769,000;1,000;MESURE
2026-03-11 04:00:00+01:00;2805,000;1,000;MESURE
2026-03-11 05:00:00+01:00;2846,000;1,000;MESURE
2026-03-11 06:00:00+01:00;2768,000;1,000;MESURE
2026-03-11 07:00:00+01:00;2839,000;1,000;MESURE
2026-03-11 08:00:00+01:00;2907,000;1,000;MESURE
2026-03-11 09:00:00+01:00;2807,000;1,000;MESURE
2026-03-11 10:00:00+01:00;2063,000;1,000;MESURE
2026-03-11 11:00:00+01:00;1598,000;1,000;MESURE
2026-03-11 12:00:00+01:00;990,000;1,000;MESURE
2026-03-11 13:00:00+01:00;1360,000;1,000;MESURE
2026-03-11 14:00:00+01:00;1977,000;1,000;MESURE
2026-03-11 15:00:00+01:00;1079,000;1,000;MESURE
2026-03-11 16:00:00+01:00;1502,000;1,000;MESURE
2026-03-11 17:00:00+01:00;1837,000;1,000;MESURE
2026-03-11 18:00:00+01:00;2341,000;1,000;MESURE
2026-03-11 19:00:00+01:00;2595,000;1,000;MESURE
2026-03-11 20:00:00+01:00;2632,000;1,000;MESURE
2026-03-11 21:00:00+01:00;2565,000;1,000;MESURE
2026-03-11 22:00:00+01:00;2684,000;1,000;MESURE
2026-03-11 23:00:00+01:00;2995,000;1,000;MESURE
2026-03-12 00:00:00+01:00;3004,000;1,000;MESURE
2026-03-12 01:00:00+01:00;3303,000;1,000;MESURE
2026-03-12 02:00:00+01:00;3304,000;1,000;MESURE
2026-03-12 03:00:00+01:00;3475,000;1,000;MESURE
2026-03-12 04:00:00+01:00;3877,000;1,000;MESURE
2026-03-12 05:00:00+01:00;4182,000;1,000;MESURE
2026-03-12 06:00:00+01:00;4415,000;1,000;MESURE
2026-03-12 07:00:00+01:00;4326,000;1,000;MESURE
2026-03-12 08:00:00+01:00;4300,000;1,000;MESURE
2026-03-12 09:00:00+01:00;3914,000;1,000;MESURE
2026-03-12 10:00:00+01:00;2983,000;1,000;MESURE
2026-03-12 11:00:00+01:00;1689,000;1,000;MESURE
2026-03-12 12:00:00+01:00;828,000;1,000;MESURE
2026-03-12 13:00:00+01:00;445,000;1,000;MESURE
2026-03-12 14:00:00+01:00;422,000;1,000;MESURE
2026-03-12 15:00:00+01:00;466,000;1,000;MESURE
2026-03-12 16:00:00+01:00;2220,000;1,000;MESURE
2026-03-12 17:00:00+01:00;453,000;1,000;MESURE
2026-03-12 18:00:00+01:00;876,000;1,000;MESURE
2026-03-12 19:00:00+01:00;1986,000;1,000;MESURE
2026-03-12 20:00:00+01:00;2703,000;1,000;MESURE
2026-03-12 21:00:00+01:00;3690,000;1,000;MESURE
2026-03-12 22:00:00+01:00;4557,000;1,000;MESURE
2026-03-12 23:00:00+01:00;5142,000;1,000;MESURE
2026-03-13 00:00:00+01:00;5416,000;1,000;MESURE
2026-03-13 01:00:00+01:00;5528,000;1,000;MESURE
2026-03-13 02:00:00+01:00;5688,000;1,000;MESURE
2026-03-13 03:00:00+01:00;5875,000;1,000;MESURE
2026-03-13 04:00:00+01:00;5998,000;1,000;MESURE
2026-03-13 05:00:00+01:00;5713,000;1,000;MESURE
2026-03-13 06:00:00+01:00;5760,000;1,000;MESURE
2026-03-13 07:00:00+01:00;5582,000;1,000;MESURE
2026-03-13 08:00:00+01:00;4936,000;1,000;MESURE
2026-03-13 09:00:00+01:00;3696,000;1,000;MESURE
2026-03-13 10:00:00+01:00;2267,000;1,000;MESURE
2026-03-13 11:00:00+01:00;1027,000;1,000;MESURE
2026-03-13 12:00:00+01:00;454,000;1,000;MESURE
2026-03-13 13:00:00+01:00;311,000;1,000;MESURE
2026-03-13 14:00:00+01:00;273,000;1,000;MESURE
2026-03-13 15:00:00+01:00;288,000;1,000;MESURE
2026-03-13 16:00:00+01:00;366,000;1,000;MESURE
2026-03-13 17:00:00+01:00;400,000;1,000;MESURE
2026-03-13 18:00:00+01:00;1603,000;1,000;MESURE
2026-03-13 19:00:00+01:00;1764,000;1,000;MESURE
2026-03-13 20:00:00+01:00;1119,000;1,000;MESURE
2026-03-13 21:00:00+01:00;1457,000;1,000;MESURE
2026-03-13 22:00:00+01:00;1958,000;1,000;MESURE
2026-03-13 23:00:00+01:00;1988,000;1,000;MESURE
2026-03-14 00:00:00+01:00;2209,000;1,000;MESURE
2026-03-14 01:00:00+01:00;2559,000;1,000;MESURE
2026-03-14 02:00:00+01:00;2963,000;1,000;MESURE
2026-03-14 03:00:00+01:00;3146,000;1,000;MESURE
2026-03-14 04:00:00+01:00;3340,000;1,000;MESURE
2026-03-14 05:00:00+01:00;3601,000;1,000;MESURE
2026-03-14 06:00:00+01:00;4408,000;1,000;MESURE
2026-03-14 07:00:00+01:00;4568,000;1,000;MESURE
2026-03-14 08:00:00+01:00;5492,000;1,000;MESURE
2026-03-14 09:00:00+01:00;4932,000;1,000;MESURE
2026-03-14 10:00:00+01:00;4305,000;1,000;MESURE
2026-03-14 11:00:00+01:00;4057,000;1,000;MESURE
2026-03-14 12:00:00+01:00;3839,000;1,000;MESURE
2026-03-14 13:00:00+01:00;3578,000;1,000;MESURE
2026-03-14 14:00:00+01:00;3610,000;1,000;MESURE
2026-03-14 15:00:00+01:00;4764,000;1,000;MESURE
2026-03-14 16:00:00+01:00;4765,000;1,000;MESURE
2026-03-14 17:00:00+01:00;4352,000;1,000;MESURE
2026-03-14 18:00:00+01:00;4606,000;1,000;MESURE
2026-03-14 19:00:00+01:00;4491,000;1,000;MESURE
2026-03-14 20:00:00+01:00;4858,000;1,000;MESURE
2026-03-14 21:00:00+01:00;5501,000;1,000;MESURE
2026-03-14 22:00:00+01:00;5790,000;1,000;MESURE
2026-03-14 23:00:00+01:00;5458,000;1,000;MESURE
2026-03-15 00:00:00+01:00;5970,000;1,000;MESURE
2026-03-15 01:00:00+01:00;5739,000;1,000;MESURE
2026-03-15 02:00:00+01:00;6186,000;1,000;MESURE
2026-03-15 03:00:00+01:00;6330,000;1,000;MESURE
2026-03-15 04:00:00+01:00;6262,000;1,000;MESURE
2026-03-15 05:00:00+01:00;6268,000;1,000;MESURE
2026-03-15 06:00:00+01:00;6109,000;1,000;MESURE
2026-03-15 07:00:00+01:00;6447,000;1,000;MESURE
2026-03-15 08:00:00+01:00;6335,000;1,000;MESURE
2026-03-15 09:00:00+01:00;5990,000;1,000;MESURE
2026-03-15 10:00:00+01:00;5379,000;1,000;MESURE
2026-03-15 11:00:00+01:00;4204,000;1,000;MESURE
2026-03-15 12:00:00+01:00;3077,000;1,000;MESURE
2026-03-15 13:00:00+01:00;2271,000;1,000;MESURE
2026-03-15 14:00:00+01:00;1846,000;1,000;MESURE
2026-03-15 15:00:00+01:00;1809,000;1,000;MESURE
2026-03-15 16:00:00+01:00;1870,000;1,000;MESURE
2026-03-15 17:00:00+01:00;2314,000;1,000;MESURE
2026-03-15 18:00:00+01:00;2895,000;1,000;MESURE
2026-03-15 19:00:00+01:00;5527,000;1,000;MESURE
2026-03-15 20:00:00+01:00;4326,000;1,000;MESURE
2026-03-15 21:00:00+01:00;4658,000;1,000;MESURE
2026-03-15 22:00:00+01:00;5008,000;1,000;MESURE
2026-03-15 23:00:00+01:00;5434,000;1,000;MESURE
2026-03-16 00:00:00+01:00;6085,000;1,000;MESURE
2026-03-16 01:00:00+01:00;6261,000;1,000;MESURE
2026-03-16 02:00:00+01:00;6478,000;1,000;MESURE
2026-03-16 03:00:00+01:00;6827,000;1,000;MESURE
2026-03-16 04:00:00+01:00;6680,000;1,000;MESURE
2026-03-16 05:00:00+01:00;7172,000;1,000;MESURE
2026-03-16 06:00:00+01:00;6752,000;1,000;MESURE
2026-03-16 07:00:00+01:00;7057,000;1,000;MESURE
2026-03-16 08:00:00+01:00;6387,000;1,000;MESURE
2026-03-16 09:00:00+01:00;5178,000;1,000;MESURE
2026-03-16 10:00:00+01:00;4016,000;1,000;MESURE
2026-03-16 11:00:00+01:00;3106,000;1,000;MESURE
2026-03-16 12:00:00+01:00;1698,000;1,000;MESURE
2026-03-16 13:00:00+01:00;892,000;1,000;MESURE
2026-03-16 14:00:00+01:00;506,000;1,000;MESURE
2026-03-16 15:00:00+01:00;380,000;1,000;MESURE
2026-03-16 16:00:00+01:00;546,000;1,000;MESURE
2026-03-16 17:00:00+01:00;841,000;1,000;MESURE
2026-03-16 18:00:00+01:00;1375,000;1,000;MESURE
2026-03-16 19:00:00+01:00;2069,000;1,000;MESURE
2026-03-16 20:00:00+01:00;2932,000;1,000;MESURE
2026-03-16 21:00:00+01:00;3496,000;1,000;MESURE
2026-03-16 22:00:00+01:00;6618,000;1,000;MESURE
2026-03-16 23:00:00+01:00;5243,000;1,000;MESURE
2026-03-17 00:00:00+01:00;5289,000;1,000;MESURE
2026-03-17 01:00:00+01:00;5185,000;1,000;MESURE
2026-03-17 02:00:00+01:00;5583,000;1,000;MESURE
2026-03-17 03:00:00+01:00;6060,000;1,000;MESURE
2026-03-17 04:00:00+01:00;5718,000;1,000;MESURE
2026-03-17 05:00:00+01:00;6212,000;1,000;MESURE
2026-03-17 06:00:00+01:00;6540,000;1,000;MESURE
2026-03-17 07:00:00+01:00;6421,000;1,000;MESURE
2026-03-17 08:00:00+01:00;6093,000;1,000;MESURE
2026-03-17 09:00:00+01:00;5469,000;1,000;MESURE
2026-03-17 10:00:00+01:00;4174,000;1,000;MESURE
2026-03-17 11:00:00+01:00;2449,000;1,000;MESURE
2026-03-17 12:00:00+01:00;1009,000;1,000;MESURE
2026-03-17 13:00:00+01:00;432,000;1,000;MESURE
2026-03-17 14:00:00+01:00;298,000;1,000;MESURE
2026-03-17 15:00:00+01:00;297,000;1,000;MESURE
2026-03-17 16:00:00+01:00;187,000;1,000;MESURE
2026-03-17 17:00:00+01:00;292,000;1,000;MESURE
2026-03-17 18:00:00+01:00;370,000;1,000;MESURE
2026-03-17 19:00:00+01:00;981,000;1,000;MESURE
2026-03-17 20:00:00+01:00;1910,000;1,000;MESURE
2026-03-17 21:00:00+01:00;2809,000;1,000;MESURE
2026-03-17 22:00:00+01:00;3524,000;1,000;MESURE
2026-03-17 23:00:00+01:00;4126,000;1,000;MESURE
2026-03-18 00:00:00+01:00;4725,000;1,000;MESURE
2026-03-18 01:00:00+01:00;6364,000;1,000;MESURE
2026-03-18 02:00:00+01:00;6884,000;1,000;MESURE
2026-03-18 03:00:00+01:00;5693,000;1,000;MESURE
2026-03-18 04:00:00+01:00;6013,000;1,000;MESURE
2026-03-18 05:00:00+01:00;6170,000;1,000;MESURE
2026-03-18 06:00:00+01:00;6137,000;1,000;MESURE
2026-03-18 07:00:00+01:00;6160,000;1,000;MESURE
2026-03-18 08:00:00+01:00;5717,000;1,000;MESURE
2026-03-18 09:00:00+01:00;4262,000;1,000;MESURE
2026-03-18 10:00:00+01:00;2552,000;1,000;MESURE
2026-03-18 11:00:00+01:00;1128,000;1,000;MESURE
2026-03-18 12:00:00+01:00;722,000;1,000;MESURE
2026-03-18 13:00:00+01:00;349,000;1,000;MESURE
2026-03-18 14:00:00+01:00;336,000;1,000;MESURE
2026-03-18 15:00:00+01:00;284,000;1,000;MESURE
2026-03-18 16:00:00+01:00;336,000;1,000;MESURE
2026-03-18 17:00:00+01:00;654,000;1,000;MESURE
2026-03-18 18:00:00+01:00;857,000;1,000;MESURE
2026-03-18 19:00:00+01:00;1773,000;1,000;MESURE
2026-03-18 20:00:00+01:00;2639,000;1,000;MESURE
2026-03-18 21:00:00+01:00;3544,000;1,000;MESURE
2026-03-18 22:00:00+01:00;4366,000;1,000;MESURE
2026-03-18 23:00:00+01:00;4896,000;1,000;MESURE
2026-03-19 00:00:00+01:00;5427,000;1,000;MESURE
2026-03-19 01:00:00+01:00;5583,000;1,000;MESURE
2026-03-19 02:00:00+01:00;5900,000;1,000;MESURE
2026-03-19 03:00:00+01:00;5937,000;1,000;MESURE
2026-03-19 04:00:00+01:00;6568,000;1,000;MESURE
2026-03-19 05:00:00+01:00;7446,000;1,000;MESURE
2026-03-19 06:00:00+01:00;5815,000;1,000;MESURE
2026-03-19 07:00:00+01:00;6050,000;1,000;MESURE
2026-03-19 08:00:00+01:00;5478,000;1,000;MESURE
2026-03-19 09:00:00+01:00;3650,000;1,000;MESURE
2026-03-19 10:00:00+01:00;2299,000;1,000;MESURE
2026-03-19 11:00:00+01:00;1146,000;1,000;MESURE
2026-03-19 12:00:00+01:00;509,000;1,000;MESURE
2026-03-19 13:00:00+01:00;210,000;1,000;MESURE
2026-03-19 14:00:00+01:00;190,000;1,000;MESURE
2026-03-19 15:00:00+01:00;290,000;1,000;MESURE
2026-03-19 16:00:00+01:00;296,000;1,000;MESURE
2026-03-19 17:00:00+01:00;207,000;1,000;MESURE
2026-03-19 18:00:00+01:00;351,000;1,000;MESURE
2026-03-19 19:00:00+01:00;953,000;1,000;MESURE
2026-03-19 20:00:00+01:00;1489,000;1,000;MESURE
2026-03-19 21:00:00+01:00;2414,000;1,000;MESURE
2026-03-19 22:00:00+01:00;3206,000;1,000;MESURE
2026-03-19 23:00:00+01:00;3798,000;1,000;MESURE
2026-03-20 00:00:00+01:00;4778,000;1,000;MESURE
2026-03-20 01:00:00+01:00;5343,000;1,000;MESURE
2026-03-20 02:00:00+01:00;5470,000;1,000;MESURE
2026-03-20 03:00:00+01:00;5686,000;1,000;MESURE
2026-03-20 04:00:00+01:00;5929,000;1,000;MESURE
2026-03-20 05:00:00+01:00;5951,000;1,000;MESURE
2026-03-20 06:00:00+01:00;6138,000;1,000;MESURE
2026-03-20 07:00:00+01:00;6200,000;1,000;MESURE
2026-03-20 08:00:00+01:00;6465,000;1,000;MESURE
2026-03-20 09:00:00+01:00;5376,000;1,000;MESURE
2026-03-20 10:00:00+01:00;2795,000;1,000;MESURE
2026-03-20 11:00:00+01:00;1255,000;1,000;MESURE
2026-03-20 12:00:00+01:00;306,000;1,000;MESURE
2026-03-20 13:00:00+01:00;136,000;1,000;MESURE
2026-03-20 14:00:00+01:00;149,000;1,000;MESURE
2026-03-20 15:00:00+01:00;349,000;1,000;MESURE
2026-03-20 16:00:00+01:00;246,000;1,000;MESURE
2026-03-20 17:00:00+01:00;158,000;1,000;MESURE
2026-03-20 18:00:00+01:00;234,000;1,000;MESURE
2026-03-20 19:00:00+01:00;556,000;1,000;MESURE
2026-03-20 20:00:00+01:00;960,000;1,000;MESURE
2026-03-20 21:00:00+01:00;1882,000;1,000;MESURE
2026-03-20 22:00:00+01:00;2983,000;1,000;MESURE
2026-03-20 23:00:00+01:00;3740,000;1,000;MESURE
2026-03-21 00:00:00+01:00;4140,000;1,000;MESURE
2026-03-21 01:00:00+01:00;4773,000;1,000;MESURE
2026-03-21 02:00:00+01:00;4981,000;1,000;MESURE
2026-03-21 03:00:00+01:00;5225,000;1,000;MESURE
2026-03-21 04:00:00+01:00;5472,000;1,000;MESURE
2026-03-21 05:00:00+01:00;5927,000;1,000;MESURE
2026-03-21 06:00:00+01:00;6157,000;1,000;MESURE
2026-03-21 07:00:00+01:00;5914,000;1,000;MESURE
2026-03-21 08:00:00+01:00;6970,000;1,000;MESURE
2026-03-21 09:00:00+01:00;7332,000;1,000;MESURE
2026-03-21 10:00:00+01:00;4465,000;1,000;MESURE
2026-03-21 11:00:00+01:00;2338,000;1,000;MESURE
2026-03-21 12:00:00+01:00;1139,000;1,000;MESURE
2026-03-21 13:00:00+01:00;641,000;1,000;MESURE
2026-03-21 14:00:00+01:00;198,000;1,000;MESURE
2026-03-21 15:00:00+01:00;920,000;1,000;MESURE
2026-03-21 16:00:00+01:00;326,000;1,000;MESURE
2026-03-21 17:00:00+01:00;260,000;1,000;MESURE
2026-03-21 18:00:00+01:00;325,000;1,000;MESURE
2026-03-21 19:00:00+01:00;682,000;1,000;MESURE
2026-03-21 20:00:00+01:00;1168,000;1,000;MESURE
2026-03-21 21:00:00+01:00;1559,000;1,000;MESURE
2026-03-21 22:00:00+01:00;2012,000;1,000;MESURE
2026-03-21 23:00:00+01:00;2258,000;1,000;MESURE
2026-03-22 00:00:00+01:00;2491,000;1,000;MESURE
2026-03-22 01:00:00+01:00;2574,000;1,000;MESURE
2026-03-22 02:00:00+01:00;2707,000;1,000;MESURE
2026-03-22 03:00:00+01:00;3327,000;1,000;MESURE
2026-03-22 04:00:00+01:00;4618,000;1,000;MESURE
2026-03-22 05:00:00+01:00;3318,000;1,000;MESURE
2026-03-22 06:00:00+01:00;3219,000;1,000;MESURE
2026-03-22 07:00:00+01:00;3069,000;1,000;MESURE
2026-03-22 08:00:00+01:00;3022,000;1,000;MESURE
2026-03-22 09:00:00+01:00;3099,000;1,000;MESURE
2026-03-22 10:00:00+01:00;2855,000;1,000;MESURE
2026-03-22 11:00:00+01:00;2466,000;1,000;MESURE
2026-03-22 12:00:00+01:00;2303,000;1,000;MESURE
2026-03-22 13:00:00+01:00;2227,000;1,000;MESURE
2026-03-22 14:00:00+01:00;2190,000;1,000;MESURE
2026-03-22 15:00:00+01:00;1917,000;1,000;MESURE
2026-03-22 16:00:00+01:00;1729,000;1,000;MESURE
2026-03-22 17:00:00+01:00;1787,000;1,000;MESURE
2026-03-22 18:00:00+01:00;1994,000;1,000;MESURE
2026-03-22 19:00:00+01:00;2544,000;1,000;MESURE
2026-03-22 20:00:00+01:00;2581,000;1,000;MESURE
2026-03-22 21:00:00+01:00;2761,000;1,000;MESURE
2026-03-22 22:00:00+01:00;2905,000;1,000;MESURE
2026-03-22 23:00:00+01:00;3100,000;1,000;MESURE
2026-03-23 00:00:00+01:00;3344,000;1,000;MESURE
2026-03-23 01:00:00+01:00;3650,000;1,000;MESURE
2026-03-23 02:00:00+01:00;4035,000;1,000;MESURE
2026-03-23 03:00:00+01:00;4076,000;1,000;MESURE
2026-03-23 04:00:00+01:00;4521,000;1,000;MESURE
2026-03-23 05:00:00+01:00;5494,000;1,000;MESURE
2026-03-23 06:00:00+01:00;7037,000;1,000;MESURE
2026-03-23 07:00:00+01:00;6018,000;1,000;MESURE
2026-03-23 08:00:00+01:00;5687,000;1,000;MESURE
2026-03-23 09:00:00+01:00;4756,000;1,000;MESURE
2026-03-23 10:00:00+01:00;3408,000;1,000;MESURE
2026-03-23 11:00:00+01:00;2995,000;1,000;MESURE
2026-03-23 12:00:00+01:00;2153,000;1,000;MESURE
2026-03-23 13:00:00+01:00;1034,000;1,000;MESURE
2026-03-23 14:00:00+01:00;498,000;1,000;MESURE
2026-03-23 15:00:00+01:00;388,000;1,000;MESURE
2026-03-23 16:00:00+01:00;336,000;1,000;MESURE
2026-03-23 17:00:00+01:00;335,000;1,000;MESURE
2026-03-23 18:00:00+01:00;411,000;1,000;MESURE
2026-03-23 19:00:00+01:00;860,000;1,000;MESURE
2026-03-23 20:00:00+01:00;1378,000;1,000;MESURE
2026-03-23 21:00:00+01:00;1961,000;1,000;MESURE
2026-03-23 22:00:00+01:00;2168,000;1,000;MESURE
2026-03-23 23:00:00+01:00;2629,000;1,000;MESURE
2026-03-24 00:00:00+01:00;3206,000;1,000;MESURE
2026-03-24 01:00:00+01:00;3484,000;1,000;MESURE
2026-03-24 02:00:00+01:00;3851,000;1,000;MESURE
2026-03-24 03:00:00+01:00;4458,000;1,000;MESURE
2026-03-24 04:00:00+01:00;5243,000;1,000;MESURE
2026-03-24 05:00:00+01:00;5577,000;1,000;MESURE
2026-03-24 06:00:00+01:00;5822,000;1,000;MESURE
2026-03-24 07:00:00+01:00;6968,000;1,000;MESURE
2026-03-24 08:00:00+01:00;4724,000;1,000;MESURE
2026-03-24 09:00:00+01:00;3683,000;1,000;MESURE
2026-03-24 10:00:00+01:00;2760,000;1,000;MESURE
2026-03-24 11:00:00+01:00;1303,000;1,000;MESURE
2026-03-24 12:00:00+01:00;404,000;1,000;MESURE
2026-03-24 13:00:00+01:00;152,000;1,000;MESURE
2026-03-24 14:00:00+01:00;215,000;1,000;MESURE
2026-03-24 15:00:00+01:00;319,000;1,000;MESURE
2026-03-24 16:00:00+01:00;210,000;1,000;MESURE
2026-03-24 17:00:00+01:00;141,000;1,000;MESURE
2026-03-24 18:00:00+01:00;260,000;1,000;MESURE
2026-03-24 19:00:00+01:00;717,000;1,000;MESURE
2026-03-24 20:00:00+01:00;1047,000;1,000;MESURE
2026-03-24 21:00:00+01:00;1591,000;1,000;MESURE
2026-03-24 22:00:00+01:00;2134,000;1,000;MESURE
2026-03-24 23:00:00+01:00;2499,000;1,000;MESURE
2026-03-25 00:00:00+01:00;2679,000;1,000;MESURE
2026-03-25 01:00:00+01:00;2923,000;1,000;MESURE
2026-03-25 02:00:00+01:00;3075,000;1,000;MESURE
2026-03-25 03:00:00+01:00;3271,000;1,000;MESURE
2026-03-25 04:00:00+01:00;3344,000;1,000;MESURE
2026-03-25 05:00:00+01:00;3588,000;1,000;MESURE
2026-03-25 06:00:00+01:00;3392,000;1,000;MESURE
2026-03-25 07:00:00+01:00;3441,000;1,000;MESURE
2026-03-25 08:00:00+01:00;3460,000;1,000;MESURE
2026-03-25 09:00:00+01:00;3608,000;1,000;MESURE
2026-03-25 10:00:00+01:00;1868,000;1,000;MESURE
2026-03-25 11:00:00+01:00;1003,000;1,000;MESURE
2026-03-25 12:00:00+01:00;569,000;1,000;MESURE
2026-03-25 13:00:00+01:00;575,000;1,000;MESURE
2026-03-25 14:00:00+01:00;842,000;1,000;MESURE
2026-03-25 15:00:00+01:00;880,000;1,000;MESURE
2026-03-25 16:00:00+01:00;878,000;1,000;MESURE
2026-03-25 17:00:00+01:00;1466,000;1,000;MESURE
2026-03-25 18:00:00+01:00;1979,000;1,000;MESURE
2026-03-25 19:00:00+01:00;2422,000;1,000;MESURE
2026-03-25 20:00:00+01:00;2713,000;1,000;MESURE
2026-03-25 21:00:00+01:00;3103,000;1,000;MESURE
2026-03-25 22:00:00+01:00;3353,000;1,000;MESURE
2026-03-25 23:00:00+01:00;3509,000;1,000;MESURE
2026-03-26 00:00:00+01:00;3917,000;1,000;MESURE
2026-03-26 01:00:00+01:00;4143,000;1,000;MESURE
2026-03-26 02:00:00+01:00;4144,000;1,000;MESURE
2026-03-26 03:00:00+01:00;5001,000;1,000;MESURE
2026-03-26 04:00:00+01:00;5375,000;1,000;MESURE
2026-03-26 05:00:00+01:00;5945,000;1,000;MESURE
2026-03-26 06:00:00+01:00;5824,000;1,000;MESURE
2026-03-26 07:00:00+01:00;5727,000;1,000;MESURE
2026-03-26 08:00:00+01:00;5429,000;1,000;MESURE
2026-03-26 09:00:00+01:00;5228,000;1,000;MESURE
2026-03-26 10:00:00+01:00;6676,000;1,000;MESURE
2026-03-26 11:00:00+01:00;4879,000;1,000;MESURE
2026-03-26 12:00:00+01:00;4305,000;1,000;MESURE
2026-03-26 13:00:00+01:00;4009,000;1,000;MESURE
2026-03-26 14:00:00+01:00;3799,000;1,000;MESURE
2026-03-26 15:00:00+01:00;4036,000;1,000;MESURE
2026-03-26 16:00:00+01:00;4361,000;1,000;MESURE
2026-03-26 17:00:00+01:00;4274,000;1,000;MESURE
2026-03-26 18:00:00+01:00;4852,000;1,000;MESURE
2026-03-26 19:00:00+01:00;5145,000;1,000;MESURE
2026-03-26 20:00:00+01:00;5411,000;1,000;MESURE
2026-03-26 21:00:00+01:00;5708,000;1,000;MESURE
2026-03-26 22:00:00+01:00;5631,000;1,000;MESURE
2026-03-26 23:00:00+01:00;5588,000;1,000;MESURE
2026-03-27 00:00:00+01:00;5832,000;1,000;MESURE
2026-03-27 01:00:00+01:00;5841,000;1,000;MESURE
2026-03-27 02:00:00+01:00;6369,000;1,000;MESURE
2026-03-27 03:00:00+01:00;6527,000;1,000;MESURE
2026-03-27 04:00:00+01:00;6782,000;1,000;MESURE
2026-03-27 05:00:00+01:00;6866,000;1,000;MESURE
2026-03-27 06:00:00+01:00;7313,000;1,000;MESURE
2026-03-27 07:00:00+01:00;7197,000;1,000;MESURE
2026-03-27 08:00:00+01:00;6783,000;1,000;MESURE
2026-03-27 09:00:00+01:00;6266,000;1,000;MESURE
2026-03-27 10:00:00+01:00;6562,000;1,000;MESURE
2026-03-27 11:00:00+01:00;4109,000;1,000;MESURE
2026-03-27 12:00:00+01:00;3598,000;1,000;MESURE
2026-03-27 13:00:00+01:00;3154,000;1,000;MESURE
2026-03-27 14:00:00+01:00;2867,000;1,000;MESURE
2026-03-27 15:00:00+01:00;2400,000;1,000;MESURE
2026-03-27 16:00:00+01:00;2532,000;1,000;MESURE
2026-03-27 17:00:00+01:00;2583,000;1,000;MESURE
2026-03-27 18:00:00+01:00;3069,000;1,000;MESURE
2026-03-27 19:00:00+01:00;3582,000;1,000;MESURE
2026-03-27 20:00:00+01:00;4137,000;1,000;MESURE
2026-03-27 21:00:00+01:00;4402,000;1,000;MESURE
2026-03-27 22:00:00+01:00;5042,000;1,000;MESURE
2026-03-27 23:00:00+01:00;5364,000;1,000;MESURE
2026-03-28 00:00:00+01:00;5913,000;1,000;MESURE
2026-03-28 01:00:00+01:00;6442,000;1,000;MESURE
2026-03-28 02:00:00+01:00;6688,000;1,000;MESURE
2026-03-28 03:00:00+01:00;6689,000;1,000;MESURE
2026-03-28 04:00:00+01:00;7190,000;1,000;MESURE
2026-03-28 05:00:00+01:00;7013,000;1,000;MESURE
2026-03-28 06:00:00+01:00;7174,000;1,000;MESURE
2026-03-28 07:00:00+01:00;6956,000;1,000;MESURE
2026-03-28 08:00:00+01:00;8339,000;1,000;MESURE
2026-03-28 09:00:00+01:00;6110,000;1,000;MESURE
2026-03-28 10:00:00+01:00;2557,000;1,000;MESURE
2026-03-28 11:00:00+01:00;2779,000;1,000;MESURE
2026-03-28 12:00:00+01:00;3685,000;1,000;MESURE
2026-03-28 13:00:00+01:00;3390,000;1,000;MESURE
2026-03-28 14:00:00+01:00;2553,000;1,000;MESURE
2026-03-28 15:00:00+01:00;2641,000;1,000;MESURE
2026-03-28 16:00:00+01:00;4280,000;1,000;MESURE
2026-03-28 17:00:00+01:00;2681,000;1,000;MESURE
2026-03-28 18:00:00+01:00;1622,000;1,000;MESURE
2026-03-28 19:00:00+01:00;2247,000;1,000;MESURE
2026-03-28 20:00:00+01:00;2514,000;1,000;MESURE
2026-03-28 21:00:00+01:00;2914,000;1,000;MESURE
2026-03-28 22:00:00+01:00;3338,000;1,000;MESURE
2026-03-28 23:00:00+01:00;3506,000;1,000;MESURE
2026-03-29 00:00:00+01:00;4039,000;1,000;MESURE
2026-03-29 01:00:00+01:00;4382,000;1,000;MESURE
2026-03-29 03:00:00+02:00;4338,000;1,000;MESURE
2026-03-29 04:00:00+02:00;4676,000;1,000;MESURE
2026-03-29 05:00:00+02:00;4831,000;1,000;MESURE
2026-03-29 06:00:00+02:00;5014,000;1,000;MESURE
2026-03-29 07:00:00+02:00;4928,000;1,000;MESURE
2026-03-29 08:00:00+02:00;5222,000;1,000;MESURE
2026-03-29 09:00:00+02:00;4219,000;1,000;MESURE
2026-03-29 10:00:00+02:00;3691,000;1,000;MESURE
2026-03-29 11:00:00+02:00;2511,000;1,000;MESURE
2026-03-29 12:00:00+02:00;1933,000;1,000;MESURE
2026-03-29 13:00:00+02:00;1564,000;1,000;MESURE
2026-03-29 14:00:00+02:00;1298,000;1,000;MESURE
2026-03-29 15:00:00+02:00;1205,000;1,000;MESURE
2026-03-29 16:00:00+02:00;1303,000;1,000;MESURE
2026-03-29 17:00:00+02:00;1330,000;1,000;MESURE
2026-03-29 18:00:00+02:00;2336,000;1,000;MESURE
2026-03-29 19:00:00+02:00;2787,000;1,000;MESURE
2026-03-29 20:00:00+02:00;2498,000;1,000;MESURE
2026-03-29 21:00:00+02:00;3113,000;1,000;MESURE
2026-03-29 22:00:00+02:00;3414,000;1,000;MESURE
2026-03-29 23:00:00+02:00;3561,000;1,000;MESURE
2026-03-30 00:00:00+02:00;3723,000;1,000;MESURE
2026-03-30 01:00:00+02:00;3983,000;1,000;MESURE
2026-03-30 02:00:00+02:00;4112,000;1,000;MESURE
2026-03-30 03:00:00+02:00;4269,000;1,000;MESURE
2026-03-30 04:00:00+02:00;4030,000;1,000;MESURE
2026-03-30 05:00:00+02:00;3917,000;1,000;MESURE
2026-03-30 06:00:00+02:00;3882,000;1,000;MESURE
2026-03-30 07:00:00+02:00;3887,000;1,000;MESURE
2026-03-30 08:00:00+02:00;3784,000;1,000;MESURE
2026-03-30 09:00:00+02:00;3299,000;1,000;MESURE
2026-03-30 10:00:00+02:00;2486,000;1,000;MESURE
2026-03-30 11:00:00+02:00;2084,000;1,000;MESURE
2026-03-30 12:00:00+02:00;2089,000;1,000;MESURE
2026-03-30 13:00:00+02:00;2400,000;1,000;MESURE
2026-03-30 14:00:00+02:00;2474,000;1,000;MESURE
2026-03-30 15:00:00+02:00;2184,000;1,000;MESURE
2026-03-30 16:00:00+02:00;1894,000;1,000;MESURE
2026-03-30 17:00:00+02:00;1753,000;1,000;MESURE
2026-03-30 18:00:00+02:00;2431,000;1,000;MESURE
2026-03-30 19:00:00+02:00;3495,000;1,000;MESURE
2026-03-30 20:00:00+02:00;2515,000;1,000;MESURE
2026-03-30 21:00:00+02:00;2758,000;1,000;MESURE
2026-03-30 22:00:00+02:00;2933,000;1,000;MESURE
2026-03-30 23:00:00+02:00;3043,000;1,000;MESURE
2026-03-31 00:00:00+02:00;3213,000;1,000;MESURE
2026-03-31 01:00:00+02:00;3481,000;1,000;MESURE
2026-03-31 02:00:00+02:00;3581,000;1,000;MESURE
2026-03-31 03:00:00+02:00;3918,000;1,000;MESURE
2026-03-31 04:00:00+02:00;4311,000;1,000;MESURE
2026-03-31 05:00:00+02:00;4518,000;1,000;MESURE
2026-03-31 06:00:00+02:00;4599,000;1,000;MESURE
2026-03-31 07:00:00+02:00;4666,000;1,000;MESURE
2026-03-31 08:00:00+02:00;4570,000;1,000;MESURE
2026-03-31 09:00:00+02:00;3964,000;1,000;MESURE
2026-03-31 10:00:00+02:00;3146,000;1,000;MESURE
2026-03-31 11:00:00+02:00;2411,000;1,000;MESURE
2026-03-31 12:00:00+02:00;1857,000;1,000;MESURE
2026-03-31 13:00:00+02:00;1519,000;1,000;MESURE
2026-03-31 14:00:00+02:00;1345,000;1,000;MESURE
2026-03-31 15:00:00+02:00;1520,000;1,000;MESURE
2026-03-31 16:00:00+02:00;1403,000;1,000;MESURE
2026-03-31 17:00:00+02:00;1591,000;1,000;MESURE
2026-03-31 18:00:00+02:00;2744,000;1,000;MESURE
2026-03-31 19:00:00+02:00;3400,000;1,000;MESURE
2026-03-31 20:00:00+02:00;3024,000;1,000;MESURE
2026-03-31 21:00:00+02:00;3180,000;1,000;MESURE
2026-03-31 22:00:00+02:00;3561,000;1,000;MESURE
2026-03-31 23:00:00+02:00;4064,000;1,000;MESURE
2026-04-01 00:00:00+02:00;4221,000;1,000;MESURE
2026-04-01 01:00:00+02:00;4449,000;1,000;MESURE
2026-04-01 02:00:00+02:00;4507,000;1,000;MESURE
2026-04-01 03:00:00+02:00;4348,000;1,000;MESURE
2026-04-01 04:00:00+02:00;4586,000;1,000;MESURE
2026-04-01 05:00:00+02:00;4466,000;1,000;MESURE
2026-04-01 06:00:00+02:00;4304,000;1,000;MESURE
2026-04-01 07:00:00+02:00;4197,000;1,000;MESURE
2026-04-01 08:00:00+02:00;4094,000;1,000;MESURE
2026-04-01 09:00:00+02:00;3706,000;1,000;MESURE
2026-04-01 10:00:00+02:00;2585,000;1,000;MESURE
2026-04-01 11:00:00+02:00;1701,000;1,000;MESURE
2026-04-01 12:00:00+02:00;1336,000;1,000;MESURE
2026-04-01 13:00:00+02:00;1095,000;1,000;MESURE
2026-04-01 14:00:00+02:00;1200,000;1,000;MESURE
2026-04-01 15:00:00+02:00;1028,000;1,000;MESURE
2026-04-01 16:00:00+02:00;1001,000;1,000;MESURE
2026-04-01 17:00:00+02:00;1204,000;1,000;MESURE
2026-04-01 18:00:00+02:00;1651,000;1,000;MESURE
2026-04-01 19:00:00+02:00;2525,000;1,000;MESURE
2026-04-01 20:00:00+02:00;1540,000;1,000;MESURE
2026-04-01 21:00:00+02:00;2101,000;1,000;MESURE
2026-04-01 22:00:00+02:00;2664,000;1,000;MESURE
2026-04-01 23:00:00+02:00;3032,000;1,000;MESURE
2026-04-02 00:00:00+02:00;3506,000;1,000;MESURE
2026-04-02 01:00:00+02:00;3761,000;1,000;MESURE
2026-04-02 02:00:00+02:00;4016,000;1,000;MESURE
2026-04-02 03:00:00+02:00;4440,000;1,000;MESURE
2026-04-02 04:00:00+02:00;4856,000;1,000;MESURE
2026-04-02 05:00:00+02:00;5083,000;1,000;MESURE
2026-04-02 06:00:00+02:00;5306,000;1,000;MESURE
2026-04-02 07:00:00+02:00;5154,000;1,000;MESURE
2026-04-02 08:00:00+02:00;4858,000;1,000;MESURE
2026-04-02 09:00:00+02:00;3620,000;1,000;MESURE
2026-04-02 10:00:00+02:00;2369,000;1,000;MESURE
2026-04-02 11:00:00+02:00;1589,000;1,000;MESURE
2026-04-02 12:00:00+02:00;1169,000;1,000;MESURE
2026-04-02 13:00:00+02:00;1137,000;1,000;MESURE
2026-04-02 14:00:00+02:00;1257,000;1,000;MESURE
2026-04-02 15:00:00+02:00;1048,000;1,000;MESURE
2026-04-02 16:00:00+02:00;993,000;1,000;MESURE
2026-04-02 17:00:00+02:00;1081,000;1,000;MESURE
2026-04-02 18:00:00+02:00;1204,000;1,000;MESURE
2026-04-02 19:00:00+02:00;2975,000;1,000;MESURE
2026-04-02 20:00:00+02:00;1119,000;1,000;MESURE
2026-04-02 21:00:00+02:00;1407,000;1,000;MESURE
2026-04-02 22:00:00+02:00;1955,000;1,000;MESURE
2026-04-02 23:00:00+02:00;2581,000;1,000;MESURE
2026-04-03 00:00:00+02:00;3116,000;1,000;MESURE
2026-04-03 01:00:00+02:00;3058,000;1,000;MESURE
2026-04-03 02:00:00+02:00;3261,000;1,000;MESURE
2026-04-03 03:00:00+02:00;3631,000;1,000;MESURE
2026-04-03 04:00:00+02:00;3799,000;1,000;MESURE
2026-04-03 05:00:00+02:00;4129,000;1,000;MESURE
2026-04-03 06:00:00+02:00;4329,000;1,000;MESURE
2026-04-03 07:00:00+02:00;4778,000;1,000;MESURE
2026-04-03 08:00:00+02:00;4157,000;1,000;MESURE
2026-04-03 09:00:00+02:00;2767,000;1,000;MESURE
2026-04-03 10:00:00+02:00;1920,000;1,000;MESURE
2026-04-03 11:00:00+02:00;1176,000;1,000;MESURE
2026-04-03 12:00:00+02:00;1096,000;1,000;MESURE
2026-04-03 13:00:00+02:00;985,000;1,000;MESURE
2026-04-03 14:00:00+02:00;1224,000;1,000;MESURE
2026-04-03 15:00:00+02:00;954,000;1,000;MESURE
2026-04-03 16:00:00+02:00;1082,000;1,000;MESURE
2026-04-03 17:00:00+02:00;1151,000;1,000;MESURE
2026-04-03 18:00:00+02:00;651,000;1,000;MESURE
2026-04-03 19:00:00+02:00;814,000;1,000;MESURE
2026-04-03 20:00:00+02:00;1309,000;1,000;MESURE
2026-04-03 21:00:00+02:00;217,000;1,000;MESURE
2026-04-03 22:00:00+02:00;325,000;1,000;MESURE
2026-04-03 23:00:00+02:00;348,000;1,000;MESURE
2026-04-04 00:00:00+02:00;415,000;1,000;MESURE
2026-04-04 01:00:00+02:00;650,000;1,000;MESURE
2026-04-04 02:00:00+02:00;765,000;1,000;MESURE
2026-04-04 03:00:00+02:00;1000,000;1,000;MESURE
2026-04-04 04:00:00+02:00;1069,000;1,000;MESURE
2026-04-04 05:00:00+02:00;1192,000;1,000;MESURE
2026-04-04 06:00:00+02:00;1276,000;1,000;MESURE
2026-04-04 07:00:00+02:00;1303,000;1,000;MESURE
2026-04-04 08:00:00+02:00;1983,000;1,000;MESURE
2026-04-04 09:00:00+02:00;1838,000;1,000;MESURE
2026-04-04 10:00:00+02:00;718,000;1,000;MESURE
2026-04-04 11:00:00+02:00;3090,000;1,000;MESURE
2026-04-04 12:00:00+02:00;2408,000;1,000;MESURE
2026-04-04 13:00:00+02:00;1447,000;1,000;MESURE
2026-04-04 14:00:00+02:00;3270,000;1,000;MESURE
2026-04-04 15:00:00+02:00;1023,000;1,000;MESURE
2026-04-04 16:00:00+02:00;560,000;1,000;MESURE
2026-04-04 17:00:00+02:00;267,000;1,000;MESURE
2026-04-04 18:00:00+02:00;399,000;1,000;MESURE
2026-04-04 19:00:00+02:00;541,000;1,000;MESURE
2026-04-04 20:00:00+02:00;521,000;1,000;MESURE
2026-04-04 21:00:00+02:00;624,000;1,000;MESURE
2026-04-04 22:00:00+02:00;805,000;1,000;MESURE
2026-04-04 23:00:00+02:00;1028,000;1,000;MESURE
2026-04-05 00:00:00+02:00;1307,000;1,000;MESURE
2026-04-05 01:00:00+02:00;1441,000;1,000;MESURE
2026-04-05 02:00:00+02:00;1705,000;1,000;MESURE
2026-04-05 03:00:00+02:00;2151,000;1,000;MESURE
2026-04-05 04:00:00+02:00;2127,000;1,000;MESURE
2026-04-05 05:00:00+02:00;2113,000;1,000;MESURE
2026-04-05 06:00:00+02:00;2200,000;1,000;MESURE
2026-04-05 07:00:00+02:00;2285,000;1,000;MESURE
2026-04-05 08:00:00+02:00;1968,000;1,000;MESURE
2026-04-05 09:00:00+02:00;1515,000;1,000;MESURE
2026-04-05 10:00:00+02:00;1355,000;1,000;MESURE
2026-04-05 11:00:00+02:00;981,000;1,000;MESURE
2026-04-05 12:00:00+02:00;764,000;1,000;MESURE
2026-04-05 13:00:00+02:00;404,000;1,000;MESURE
2026-04-05 14:00:00+02:00;153,000;1,000;MESURE
2026-04-05 15:00:00+02:00;286,000;1,000;MESURE
2026-04-05 16:00:00+02:00;325,000;1,000;MESURE
2026-04-05 17:00:00+02:00;288,000;1,000;MESURE
2026-04-05 18:00:00+02:00;146,000;1,000;MESURE
2026-04-05 19:00:00+02:00;352,000;1,000;MESURE
2026-04-05 20:00:00+02:00;287,000;1,000;MESURE
2026-04-05 21:00:00+02:00;979,000;1,000;MESURE
2026-04-05 22:00:00+02:00;934,000;1,000;MESURE
2026-04-05 23:00:00+02:00;634,000;1,000;MESURE
2026-04-06 00:00:00+02:00;612,000;1,000;MESURE
2026-04-06 01:00:00+02:00;652,000;1,000;MESURE
2026-04-06 02:00:00+02:00;790,000;1,000;MESURE
2026-04-06 03:00:00+02:00;1252,000;1,000;MESURE
2026-04-06 04:00:00+02:00;1147,000;1,000;MESURE
2026-04-06 05:00:00+02:00;1501,000;1,000;MESURE
2026-04-06 06:00:00+02:00;1923,000;1,000;MESURE
2026-04-06 07:00:00+02:00;2393,000;1,000;MESURE
2026-04-06 08:00:00+02:00;1964,000;1,000;MESURE
2026-04-06 09:00:00+02:00;1641,000;1,000;MESURE
2026-04-06 10:00:00+02:00;1303,000;1,000;MESURE
2026-04-06 11:00:00+02:00;1122,000;1,000;MESURE
2026-04-06 12:00:00+02:00;796,000;1,000;MESURE
2026-04-06 13:00:00+02:00;296,000;1,000;MESURE
2026-04-06 14:00:00+02:00;257,000;1,000;MESURE
2026-04-06 15:00:00+02:00;251,000;1,000;MESURE
2026-04-06 16:00:00+02:00;370,000;1,000;MESURE
2026-04-06 17:00:00+02:00;157,000;1,000;MESURE
2026-04-06 18:00:00+02:00;270,000;1,000;MESURE
2026-04-06 19:00:00+02:00;302,000;1,000;MESURE
2026-04-06 20:00:00+02:00;309,000;1,000;MESURE
2026-04-06 21:00:00+02:00;214,000;1,000;MESURE
2026-04-06 22:00:00+02:00;542,000;1,000;MESURE
2026-04-06 23:00:00+02:00;638,000;1,000;MESURE
2026-04-07 00:00:00+02:00;763,000;1,000;MESURE
2026-04-07 01:00:00+02:00;883,000;1,000;MESURE
2026-04-07 02:00:00+02:00;1231,000;1,000;MESURE
2026-04-07 03:00:00+02:00;3293,000;1,000;MESURE
2026-04-07 04:00:00+02:00;1695,000;1,000;MESURE
2026-04-07 05:00:00+02:00;2090,000;1,000;MESURE
2026-04-07 06:00:00+02:00;2306,000;1,000;MESURE
2026-04-07 07:00:00+02:00;2320,000;1,000;MESURE
2026-04-07 08:00:00+02:00;1880,000;1,000;MESURE
2026-04-07 09:00:00+02:00;1592,000;1,000;MESURE
2026-04-07 10:00:00+02:00;1223,000;1,000;MESURE
2026-04-07 11:00:00+02:00;941,000;1,000;MESURE
2026-04-07 12:00:00+02:00;496,000;1,000;MESURE
2026-04-07 13:00:00+02:00;152,000;1,000;MESURE
2026-04-07 14:00:00+02:00;307,000;1,000;MESURE
2026-04-07 15:00:00+02:00;312,000;1,000;MESURE
2026-04-07 16:00:00+02:00;263,000;1,000;MESURE
2026-04-07 17:00:00+02:00;189,000;1,000;MESURE
2026-04-07 18:00:00+02:00;328,000;1,000;MESURE
2026-04-07 19:00:00+02:00;343,000;1,000;MESURE
2026-04-07 20:00:00+02:00;226,000;1,000;MESURE
2026-04-07 21:00:00+02:00;333,000;1,000;MESURE
2026-04-07 22:00:00+02:00;376,000;1,000;MESURE
2026-04-07 23:00:00+02:00;659,000;1,000;MESURE
2026-04-08 00:00:00+02:00;532,000;1,000;MESURE
2026-04-08 01:00:00+02:00;655,000;1,000;MESURE
2026-04-08 02:00:00+02:00;886,000;1,000;MESURE
2026-04-08 03:00:00+02:00;921,000;1,000;MESURE
2026-04-08 04:00:00+02:00;1160,000;1,000;MESURE
2026-04-08 05:00:00+02:00;1284,000;1,000;MESURE
2026-04-08 06:00:00+02:00;1662,000;1,000;MESURE
2026-04-08 07:00:00+02:00;2522,000;1,000;MESURE
2026-04-08 08:00:00+02:00;2888,000;1,000;MESURE
2026-04-08 09:00:00+02:00;1361,000;1,000;MESURE
2026-04-08 10:00:00+02:00;1196,000;1,000;MESURE
2026-04-08 11:00:00+02:00;830,000;1,000;MESURE
2026-04-08 12:00:00+02:00;581,000;1,000;MESURE
2026-04-08 13:00:00+02:00;283,000;1,000;MESURE
2026-04-08 14:00:00+02:00;336,000;1,000;MESURE
2026-04-08 15:00:00+02:00;168,000;1,000;MESURE
2026-04-08 16:00:00+02:00;304,000;1,000;MESURE
2026-04-08 17:00:00+02:00;243,000;1,000;MESURE
2026-04-08 18:00:00+02:00;346,000;1,000;MESURE
2026-04-08 19:00:00+02:00;161,000;1,000;MESURE
2026-04-08 20:00:00+02:00;331,000;1,000;MESURE
2026-04-08 21:00:00+02:00;256,000;1,000;MESURE
2026-04-08 22:00:00+02:00;383,000;1,000;MESURE
2026-04-08 23:00:00+02:00;402,000;1,000;MESURE
2026-04-09 00:00:00+02:00;753,000;1,000;MESURE
2026-04-09 01:00:00+02:00;694,000;1,000;MESURE
2026-04-09 02:00:00+02:00;798,000;1,000;MESURE
2026-04-09 03:00:00+02:00;948,000;1,000;MESURE
2026-04-09 04:00:00+02:00;1109,000;1,000;MESURE
2026-04-09 05:00:00+02:00;1629,000;1,000;MESURE
2026-04-09 06:00:00+02:00;1636,000;1,000;MESURE
2026-04-09 07:00:00+02:00;1878,000;1,000;MESURE
2026-04-09 08:00:00+02:00;1708,000;1,000;MESURE
2026-04-09 09:00:00+02:00;1409,000;1,000;MESURE
2026-04-09 10:00:00+02:00;1120,000;1,000;MESURE
2026-04-09 11:00:00+02:00;907,000;1,000;MESURE
2026-04-09 12:00:00+02:00;676,000;1,000;MESURE
2026-04-09 13:00:00+02:00;1962,000;1,000;MESURE
2026-04-09 14:00:00+02:00;238,000;1,000;MESURE
2026-04-09 15:00:00+02:00;214,000;1,000;MESURE
2026-04-09 16:00:00+02:00;246,000;1,000;MESURE
2026-04-09 17:00:00+02:00;400,000;1,000;MESURE
2026-04-09 18:00:00+02:00;179,000;1,000;MESURE
2026-04-09 19:00:00+02:00;263,000;1,000;MESURE
2026-04-09 20:00:00+02:00;309,000;1,000;MESURE
2026-04-09 21:00:00+02:00;312,000;1,000;MESURE
2026-04-09 22:00:00+02:00;268,000;1,000;MESURE
2026-04-09 23:00:00+02:00;574,000;1,000;MESURE
2026-04-10 00:00:00+02:00;739,000;1,000;MESURE
2026-04-10 01:00:00+02:00;724,000;1,000;MESURE
2026-04-10 02:00:00+02:00;843,000;1,000;MESURE
2026-04-10 03:00:00+02:00;1060,000;1,000;MESURE
2026-04-10 04:00:00+02:00;1476,000;1,000;MESURE
2026-04-10 05:00:00+02:00;1487,000;1,000;MESURE
2026-04-10 06:00:00+02:00;1739,000;1,000;MESURE
2026-04-10 07:00:00+02:00;2135,000;1,000;MESURE
2026-04-10 08:00:00+02:00;1799,000;1,000;MESURE
2026-04-10 09:00:00+02:00;1351,000;1,000;MESURE
2026-04-10 10:00:00+02:00;1237,000;1,000;MESURE
2026-04-10 11:00:00+02:00;878,000;1,000;MESURE
2026-04-10 12:00:00+02:00;732,000;1,000;MESURE
2026-04-10 13:00:00+02:00;456,000;1,000;MESURE
2026-04-10 14:00:00+02:00;214,000;1,000;MESURE
2026-04-10 15:00:00+02:00;255,000;1,000;MESURE
2026-04-10 16:00:00+02:00;297,000;1,000;MESURE
2026-04-10 17:00:00+02:00;600,000;1,000;MESURE
2026-04-10 18:00:00+02:00;1662,000;1,000;MESURE
2026-04-10 19:00:00+02:00;330,000;1,000;MESURE
2026-04-10 20:00:00+02:00;281,000;1,000;MESURE
2026-04-10 21:00:00+02:00;345,000;1,000;MESURE
2026-04-10 22:00:00+02:00;468,000;1,000;MESURE
2026-04-10 23:00:00+02:00;761,000;1,000;MESURE
2026-04-11 00:00:00+02:00;632,000;1,000;MESURE
2026-04-11 01:00:00+02:00;912,000;1,000;MESURE
2026-04-11 02:00:00+02:00;952,000;1,000;MESURE
2026-04-11 03:00:00+02:00;1271,000;1,000;MESURE
2026-04-11 04:00:00+02:00;1560,000;1,000;MESURE
2026-04-11 05:00:00+02:00;1553,000;1,000;MESURE
2026-04-11 06:00:00+02:00;1653,000;1,000;MESURE
2026-04-11 07:00:00+02:00;2047,000;1,000;MESURE
2026-04-11 08:00:00+02:00;1741,000;1,000;MESURE
2026-04-11 09:00:00+02:00;1213,000;1,000;MESURE
2026-04-11 10:00:00+02:00;1093,000;1,000;MESURE
2026-04-11 11:00:00+02:00;2125,000;1,000;MESURE
2026-04-11 12:00:00+02:00;472,000;1,000;MESURE
2026-04-11 13:00:00+02:00;219,000;1,000;MESURE
2026-04-11 14:00:00+02:00;370,000;1,000;MESURE
2026-04-11 15:00:00+02:00;155,000;1,000;MESURE
2026-04-11 16:00:00+02:00;323,000;1,000;MESURE
2026-04-11 17:00:00+02:00;249,000;1,000;MESURE
2026-04-11 18:00:00+02:00;295,000;1,000;MESURE
2026-04-11 19:00:00+02:00;215,000;1,000;MESURE
2026-04-11 20:00:00+02:00;322,000;1,000;MESURE
2026-04-11 21:00:00+02:00;432,000;1,000;MESURE
2026-04-11 22:00:00+02:00;515,000;1,000;MESURE
2026-04-11 23:00:00+02:00;626,000;1,000;MESURE
2026-04-12 00:00:00+02:00;783,000;1,000;MESURE
2026-04-12 01:00:00+02:00;750,000;1,000;MESURE
2026-04-12 02:00:00+02:00;1022,000;1,000;MESURE
2026-04-12 03:00:00+02:00;1112,000;1,000;MESURE
2026-04-12 04:00:00+02:00;1367,000;1,000;MESURE
2026-04-12 05:00:00+02:00;1472,000;1,000;MESURE
2026-04-12 06:00:00+02:00;1512,000;1,000;MESURE
2026-04-12 07:00:00+02:00;1673,000;1,000;MESURE
2026-04-12 08:00:00+02:00;1894,000;1,000;MESURE
2026-04-12 09:00:00+02:00;1807,000;1,000;MESURE
2026-04-12 10:00:00+02:00;1791,000;1,000;MESURE
2026-04-12 11:00:00+02:00;1735,000;1,000;MESURE
2026-04-12 12:00:00+02:00;1874,000;1,000;MESURE
2026-04-12 13:00:00+02:00;1816,000;1,000;MESURE
2026-04-12 14:00:00+02:00;1741,000;1,000;MESURE
2026-04-12 15:00:00+02:00;3034,000;1,000;MESURE
2026-04-12 16:00:00+02:00;2351,000;1,000;MESURE
2026-04-12 17:00:00+02:00;1997,000;1,000;MESURE
2026-04-12 18:00:00+02:00;2045,000;1,000;MESURE
2026-04-12 19:00:00+02:00;2085,000;1,000;MESURE
2026-04-12 20:00:00+02:00;2261,000;1,000;MESURE
2026-04-12 21:00:00+02:00;2492,000;1,000;MESURE
2026-04-12 22:00:00+02:00;2670,000;1,000;MESURE
2026-04-12 23:00:00+02:00;2475,000;1,000;MESURE
2026-04-13 00:00:00+02:00;2516,000;1,000;MESURE
2026-04-13 01:00:00+02:00;2489,000;1,000;MESURE
2026-04-13 02:00:00+02:00;2655,000;1,000;MESURE
2026-04-13 03:00:00+02:00;2784,000;1,000;MESURE
2026-04-13 04:00:00+02:00;2982,000;1,000;MESURE
2026-04-13 05:00:00+02:00;2857,000;1,000;MESURE
2026-04-13 06:00:00+02:00;2945,000;1,000;MESURE
2026-04-13 07:00:00+02:00;2964,000;1,000;MESURE
2026-04-13 08:00:00+02:00;3141,000;1,000;MESURE
2026-04-13 09:00:00+02:00;3086,000;1,000;MESURE
2026-04-13 10:00:00+02:00;3225,000;1,000;MESURE
2026-04-13 11:00:00+02:00;2775,000;1,000;MESURE
2026-04-13 12:00:00+02:00;2625,000;1,000;MESURE
2026-04-13 13:00:00+02:00;2435,000;1,000;MESURE
2026-04-13 14:00:00+02:00;2330,000;1,000;MESURE
2026-04-13 15:00:00+02:00;2435,000;1,000;MESURE
2026-04-13 16:00:00+02:00;3341,000;1,000;MESURE
2026-04-13 17:00:00+02:00;2407,000;1,000;MESURE
2026-04-13 18:00:00+02:00;2163,000;1,000;MESURE
2026-04-13 19:00:00+02:00;2238,000;1,000;MESURE
2026-04-13 20:00:00+02:00;2230,000;1,000;MESURE
2026-04-13 21:00:00+02:00;2412,000;1,000;MESURE
2026-04-13 22:00:00+02:00;2412,000;1,000;MESURE
2026-04-13 23:00:00+02:00;2504,000;1,000;MESURE
2026-04-14 00:00:00+02:00;2607,000;1,000;MESURE
2026-04-14 01:00:00+02:00;2546,000;1,000;MESURE
2026-04-14 02:00:00+02:00;2802,000;1,000;MESURE
2026-04-14 03:00:00+02:00;2716,000;1,000;MESURE
2026-04-14 04:00:00+02:00;2830,000;1,000;MESURE
2026-04-14 05:00:00+02:00;3074,000;1,000;MESURE
2026-04-14 06:00:00+02:00;2848,000;1,000;MESURE
2026-04-14 07:00:00+02:00;3015,000;1,000;MESURE
2026-04-14 08:00:00+02:00;2601,000;1,000;MESURE
2026-04-14 09:00:00+02:00;1892,000;1,000;MESURE
2026-04-14 10:00:00+02:00;1287,000;1,000;MESURE
2026-04-14 11:00:00+02:00;954,000;1,000;MESURE
2026-04-14 12:00:00+02:00;898,000;1,000;MESURE
2026-04-14 13:00:00+02:00;793,000;1,000;MESURE
2026-04-14 14:00:00+02:00;630,000;1,000;MESURE
2026-04-14 15:00:00+02:00;689,000;1,000;MESURE
2026-04-14 16:00:00+02:00;1055,000;1,000;MESURE
2026-04-14 17:00:00+02:00;1698,000;1,000;MESURE
2026-04-14 18:00:00+02:00;567,000;1,000;MESURE
2026-04-14 19:00:00+02:00;732,000;1,000;MESURE
2026-04-14 20:00:00+02:00;734,000;1,000;MESURE
2026-04-14 21:00:00+02:00;859,000;1,000;MESURE
2026-04-14 22:00:00+02:00;926,000;1,000;MESURE
2026-04-14 23:00:00+02:00;1336,000;1,000;MESURE
2026-04-15 00:00:00+02:00;1327,000;1,000;MESURE
2026-04-15 01:00:00+02:00;1677,000;1,000;MESURE
2026-04-15 02:00:00+02:00;1905,000;1,000;MESURE
2026-04-15 03:00:00+02:00;2246,000;1,000;MESURE
2026-04-15 04:00:00+02:00;2763,000;1,000;MESURE
2026-04-15 05:00:00+02:00;3157,000;1,000;MESURE
2026-04-15 06:00:00+02:00;3396,000;1,000;MESURE
2026-04-15 07:00:00+02:00;3544,000;1,000;MESURE
2026-04-15 08:00:00+02:00;3177,000;1,000;MESURE
2026-04-15 09:00:00+02:00;2630,000;1,000;MESURE
2026-04-15 10:00:00+02:00;1862,000;1,000;MESURE
2026-04-15 11:00:00+02:00;1142,000;1,000;MESURE
2026-04-15 12:00:00+02:00;635,000;1,000;MESURE
2026-04-15 13:00:00+02:00;427,000;1,000;MESURE
2026-04-15 14:00:00+02:00;247,000;1,000;MESURE
2026-04-15 15:00:00+02:00;255,000;1,000;MESURE
2026-04-15 16:00:00+02:00;216,000;1,000;MESURE
2026-04-15 17:00:00+02:00;1269,000;1,000;MESURE
2026-04-15 18:00:00+02:00;953,000;1,000;MESURE
2026-04-15 19:00:00+02:00;179,000;1,000;MESURE
2026-04-15 20:00:00+02:00;209,000;1,000;MESURE
2026-04-15 21:00:00+02:00;356,000;1,000;MESURE
2026-04-15 22:00:00+02:00;294,000;1,000;MESURE
2026-04-15 23:00:00+02:00;532,000;1,000;MESURE
2026-04-16 00:00:00+02:00;1094,000;1,000;MESURE
2026-04-16 01:00:00+02:00;1447,000;1,000;MESURE
2026-04-16 02:00:00+02:00;1841,000;1,000;MESURE
2026-04-16 03:00:00+02:00;2370,000;1,000;MESURE
2026-04-16 04:00:00+02:00;2866,000;1,000;MESURE
2026-04-16 05:00:00+02:00;3119,000;1,000;MESURE
2026-04-16 06:00:00+02:00;3449,000;1,000;MESURE
2026-04-16 07:00:00+02:00;3270,000;1,000;MESURE
2026-04-16 08:00:00+02:00;2851,000;1,000;MESURE
2026-04-16 09:00:00+02:00;1436,000;1,000;MESURE
2026-04-16 10:00:00+02:00;731,000;1,000;MESURE
2026-04-16 11:00:00+02:00;698,000;1,000;MESURE
2026-04-16 12:00:00+02:00;252,000;1,000;MESURE
2026-04-16 13:00:00+02:00;194,000;1,000;MESURE
2026-04-16 14:00:00+02:00;174,000;1,000;MESURE
2026-04-16 15:00:00+02:00;325,000;1,000;MESURE
2026-04-16 16:00:00+02:00;179,000;1,000;MESURE
2026-04-16 17:00:00+02:00;1070,000;1,000;MESURE
2026-04-16 18:00:00+02:00;165,000;1,000;MESURE
2026-04-16 19:00:00+02:00;861,000;1,000;MESURE
2026-04-16 20:00:00+02:00;1466,000;1,000;MESURE
2026-04-16 21:00:00+02:00;194,000;1,000;MESURE
2026-04-16 22:00:00+02:00;269,000;1,000;MESURE
2026-04-16 23:00:00+02:00;331,000;1,000;MESURE
2026-04-17 00:00:00+02:00;334,000;1,000;MESURE
2026-04-17 01:00:00+02:00;475,000;1,000;MESURE
2026-04-17 02:00:00+02:00;662,000;1,000;MESURE
2026-04-17 03:00:00+02:00;1072,000;1,000;MESURE
2026-04-17 04:00:00+02:00;1519,000;1,000;MESURE
2026-04-17 05:00:00+02:00;1809,000;1,000;MESURE
2026-04-17 06:00:00+02:00;2263,000;1,000;MESURE
2026-04-17 07:00:00+02:00;2470,000;1,000;MESURE
2026-04-17 08:00:00+02:00;1964,000;1,000;MESURE
2026-04-17 09:00:00+02:00;770,000;1,000;MESURE
2026-04-17 10:00:00+02:00;511,000;1,000;MESURE
2026-04-17 11:00:00+02:00;493,000;1,000;MESURE
2026-04-17 12:00:00+02:00;274,000;1,000;MESURE
2026-04-17 13:00:00+02:00;232,000;1,000;MESURE
2026-04-17 14:00:00+02:00;260,000;1,000;MESURE
2026-04-17 15:00:00+02:00;148,000;1,000;MESURE
2026-04-17 16:00:00+02:00;317,000;1,000;MESURE
2026-04-17 17:00:00+02:00;371,000;1,000;MESURE
2026-04-17 18:00:00+02:00;240,000;1,000;MESURE
2026-04-17 19:00:00+02:00;171,000;1,000;MESURE
2026-04-17 20:00:00+02:00;366,000;1,000;MESURE
2026-04-17 21:00:00+02:00;185,000;1,000;MESURE
2026-04-17 22:00:00+02:00;200,000;1,000;MESURE
2026-04-17 23:00:00+02:00;1930,000;1,000;MESURE
2026-04-18 00:00:00+02:00;524,000;1,000;MESURE
2026-04-18 01:00:00+02:00;499,000;1,000;MESURE
2026-04-18 02:00:00+02:00;395,000;1,000;MESURE
2026-04-18 03:00:00+02:00;671,000;1,000;MESURE
2026-04-18 04:00:00+02:00;1112,000;1,000;MESURE
2026-04-18 05:00:00+02:00;1400,000;1,000;MESURE
2026-04-18 06:00:00+02:00;1848,000;1,000;MESURE
2026-04-18 07:00:00+02:00;1935,000;1,000;MESURE
2026-04-18 08:00:00+02:00;2236,000;1,000;MESURE
2026-04-18 09:00:00+02:00;1362,000;1,000;MESURE
2026-04-18 10:00:00+02:00;592,000;1,000;MESURE
2026-04-18 11:00:00+02:00;399,000;1,000;MESURE
2026-04-18 12:00:00+02:00;2173,000;1,000;MESURE
2026-04-18 13:00:00+02:00;3244,000;1,000;MESURE
2026-04-18 14:00:00+02:00;499,000;1,000;MESURE
2026-04-18 15:00:00+02:00;2856,000;1,000;MESURE
2026-04-18 16:00:00+02:00;388,000;1,000;MESURE
2026-04-18 17:00:00+02:00;1791,000;1,000;MESURE
2026-04-18 18:00:00+02:00;324,000;1,000;MESURE
2026-04-18 19:00:00+02:00;324,000;1,000;MESURE
2026-04-18 20:00:00+02:00;225,000;1,000;MESURE
2026-04-18 21:00:00+02:00;1215,000;1,000;MESURE
2026-04-18 22:00:00+02:00;367,000;1,000;MESURE
2026-04-18 23:00:00+02:00;183,000;1,000;MESURE
2026-04-19 00:00:00+02:00;243,000;1,000;MESURE
2026-04-19 01:00:00+02:00;159,000;1,000;MESURE
2026-04-19 02:00:00+02:00;446,000;1,000;MESURE
2026-04-19 03:00:00+02:00;274,000;1,000;MESURE
2026-04-19 04:00:00+02:00;283,000;1,000;MESURE
2026-04-19 05:00:00+02:00;406,000;1,000;MESURE
2026-04-19 06:00:00+02:00;351,000;1,000;MESURE
2026-04-19 07:00:00+02:00;453,000;1,000;MESURE
2026-04-19 08:00:00+02:00;385,000;1,000;MESURE
2026-04-19 09:00:00+02:00;273,000;1,000;MESURE
2026-04-19 10:00:00+02:00;398,000;1,000;MESURE
2026-04-19 11:00:00+02:00;180,000;1,000;MESURE
2026-04-19 12:00:00+02:00;236,000;1,000;MESURE
2026-04-19 13:00:00+02:00;200,000;1,000;MESURE
2026-04-19 14:00:00+02:00;267,000;1,000;MESURE
2026-04-19 15:00:00+02:00;234,000;1,000;MESURE
2026-04-19 16:00:00+02:00;196,000;1,000;MESURE
2026-04-19 17:00:00+02:00;261,000;1,000;MESURE
2026-04-19 18:00:00+02:00;234,000;1,000;MESURE
2026-04-19 19:00:00+02:00;278,000;1,000;MESURE
2026-04-19 20:00:00+02:00;153,000;1,000;MESURE
2026-04-19 21:00:00+02:00;291,000;1,000;MESURE
2026-04-19 22:00:00+02:00;202,000;1,000;MESURE
2026-04-19 23:00:00+02:00;403,000;1,000;MESURE
2026-04-20 00:00:00+02:00;407,000;1,000;MESURE
2026-04-20 01:00:00+02:00;537,000;1,000;MESURE
2026-04-20 02:00:00+02:00;1308,000;1,000;MESURE
2026-04-20 03:00:00+02:00;1459,000;1,000;MESURE
2026-04-20 04:00:00+02:00;2056,000;1,000;MESURE
2026-04-20 05:00:00+02:00;2701,000;1,000;MESURE
2026-04-20 06:00:00+02:00;4491,000;1,000;MESURE
2026-04-20 07:00:00+02:00;2892,000;1,000;MESURE
2026-04-20 08:00:00+02:00;1824,000;1,000;MESURE
2026-04-20 09:00:00+02:00;930,000;1,000;MESURE
2026-04-20 10:00:00+02:00;661,000;1,000;MESURE
2026-04-20 11:00:00+02:00;563,000;1,000;MESURE
2026-04-20 12:00:00+02:00;143,000;1,000;MESURE
2026-04-20 13:00:00+02:00;202,000;1,000;MESURE
2026-04-20 14:00:00+02:00;192,000;1,000;MESURE
2026-04-20 15:00:00+02:00;282,000;1,000;MESURE
2026-04-20 16:00:00+02:00;286,000;1,000;MESURE
2026-04-20 17:00:00+02:00;164,000;1,000;MESURE
2026-04-20 18:00:00+02:00;176,000;1,000;MESURE
2026-04-20 19:00:00+02:00;345,000;1,000;MESURE
2026-04-20 20:00:00+02:00;169,000;1,000;MESURE
2026-04-20 21:00:00+02:00;260,000;1,000;MESURE
2026-04-20 22:00:00+02:00;191,000;1,000;MESURE
2026-04-20 23:00:00+02:00;383,000;1,000;MESURE
2026-04-21 00:00:00+02:00;480,000;1,000;MESURE
2026-04-21 01:00:00+02:00;529,000;1,000;MESURE
2026-04-21 02:00:00+02:00;837,000;1,000;MESURE
2026-04-21 03:00:00+02:00;1630,000;1,000;MESURE
2026-04-21 04:00:00+02:00;2060,000;1,000;MESURE
2026-04-21 05:00:00+02:00;2669,000;1,000;MESURE
2026-04-21 06:00:00+02:00;2993,000;1,000;MESURE
2026-04-21 07:00:00+02:00;2798,000;1,000;MESURE
2026-04-21 08:00:00+02:00;2072,000;1,000;MESURE
2026-04-21 09:00:00+02:00;2300,000;1,000;MESURE
2026-04-21 10:00:00+02:00;1288,000;1,000;MESURE
2026-04-21 11:00:00+02:00;753,000;1,000;MESURE
2026-04-21 12:00:00+02:00;461,000;1,000;MESURE
2026-04-21 13:00:00+02:00;203,000;1,000;MESURE
2026-04-21 14:00:00+02:00;175,000;1,000;MESURE
2026-04-21 15:00:00+02:00;258,000;1,000;MESURE
2026-04-21 16:00:00+02:00;172,000;1,000;MESURE
2026-04-21 17:00:00+02:00;311,000;1,000;MESURE
2026-04-21 18:00:00+02:00;226,000;1,000;MESURE
2026-04-21 19:00:00+02:00;154,000;1,000;MESURE
2026-04-21 20:00:00+02:00;325,000;1,000;MESURE
2026-04-21 21:00:00+02:00;202,000;1,000;MESURE
2026-04-21 22:00:00+02:00;282,000;1,000;MESURE
2026-04-21 23:00:00+02:00;294,000;1,000;MESURE
2026-04-22 00:00:00+02:00;443,000;1,000;MESURE
2026-04-22 01:00:00+02:00;562,000;1,000;MESURE
2026-04-22 02:00:00+02:00;1152,000;1,000;MESURE
2026-04-22 03:00:00+02:00;1417,000;1,000;MESURE
2026-04-22 04:00:00+02:00;1954,000;1,000;MESURE
2026-04-22 05:00:00+02:00;2611,000;1,000;MESURE
2026-04-22 06:00:00+02:00;3356,000;1,000;MESURE
2026-04-22 07:00:00+02:00;3090,000;1,000;MESURE
2026-04-22 08:00:00+02:00;2309,000;1,000;MESURE
2026-04-22 09:00:00+02:00;1103,000;1,000;MESURE
2026-04-22 10:00:00+02:00;646,000;1,000;MESURE
2026-04-22 11:00:00+02:00;1629,000;1,000;MESURE
2026-04-22 12:00:00+02:00;991,000;1,000;MESURE
2026-04-22 13:00:00+02:00;120,000;1,000;MESURE
2026-04-22 14:00:00+02:00;252,000;1,000;MESURE
2026-04-22 15:00:00+02:00;209,000;1,000;MESURE
2026-04-22 16:00:00+02:00;273,000;1,000;MESURE
2026-04-22 17:00:00+02:00;243,000;1,000;MESURE
2026-04-22 18:00:00+02:00;153,000;1,000;MESURE
2026-04-22 19:00:00+02:00;283,000;1,000;MESURE
2026-04-22 20:00:00+02:00;307,000;1,000;MESURE
2026-04-22 21:00:00+02:00;131,000;1,000;MESURE
2026-04-22 22:00:00+02:00;309,000;1,000;MESURE
2026-04-22 23:00:00+02:00;276,000;1,000;MESURE
2026-04-23 00:00:00+02:00;370,000;1,000;MESURE
2026-04-23 01:00:00+02:00;583,000;1,000;MESURE
2026-04-23 02:00:00+02:00;661,000;1,000;MESURE
2026-04-23 03:00:00+02:00;1013,000;1,000;MESURE
2026-04-23 04:00:00+02:00;1630,000;1,000;MESURE
2026-04-23 05:00:00+02:00;2161,000;1,000;MESURE
2026-04-23 06:00:00+02:00;2541,000;1,000;MESURE
2026-04-23 07:00:00+02:00;2469,000;1,000;MESURE
2026-04-23 08:00:00+02:00;1571,000;1,000;MESURE
2026-04-23 09:00:00+02:00;869,000;1,000;MESURE
2026-04-23 10:00:00+02:00;497,000;1,000;MESURE
2026-04-23 11:00:00+02:00;281,000;1,000;MESURE
2026-04-23 12:00:00+02:00;204,000;1,000;MESURE
2026-04-23 13:00:00+02:00;312,000;1,000;MESURE
2026-04-23 14:00:00+02:00;1113,000;1,000;MESURE
2026-04-23 15:00:00+02:00;1159,000;1,000;MESURE
2026-04-23 16:00:00+02:00;198,000;1,000;MESURE
2026-04-23 17:00:00+02:00;299,000;1,000;MESURE
2026-04-23 18:00:00+02:00;240,000;1,000;MESURE
2026-04-23 19:00:00+02:00;210,000;1,000;MESURE
2026-04-23 20:00:00+02:00;264,000;1,000;MESURE
2026-04-23 21:00:00+02:00;241,000;1,000;MESURE
2026-04-23 22:00:00+02:00;260,000;1,000;MESURE
2026-04-23 23:00:00+02:00;204,000;1,000;MESURE
2026-04-24 00:00:00+02:00;337,000;1,000;MESURE
2026-04-24 01:00:00+02:00;363,000;1,000;MESURE
2026-04-24 02:00:00+02:00;356,000;1,000;MESURE
2026-04-24 03:00:00+02:00;697,000;1,000;MESURE
2026-04-24 04:00:00+02:00;1243,000;1,000;MESURE
2026-04-24 05:00:00+02:00;1477,000;1,000;MESURE
2026-04-24 06:00:00+02:00;2060,000;1,000;MESURE
2026-04-24 07:00:00+02:00;2021,000;1,000;MESURE
2026-04-24 08:00:00+02:00;1249,000;1,000;MESURE
2026-04-24 09:00:00+02:00;591,000;1,000;MESURE
2026-04-24 10:00:00+02:00;526,000;1,000;MESURE
2026-04-24 11:00:00+02:00;234,000;1,000;MESURE
2026-04-24 12:00:00+02:00;156,000;1,000;MESURE
2026-04-24 13:00:00+02:00;151,000;1,000;MESURE
2026-04-24 14:00:00+02:00;359,000;1,000;MESURE
2026-04-24 15:00:00+02:00;202,000;1,000;MESURE
2026-04-24 16:00:00+02:00;850,000;1,000;MESURE
2026-04-24 17:00:00+02:00;2357,000;1,000;MESURE
2026-04-24 18:00:00+02:00;1505,000;1,000;MESURE
2026-04-24 19:00:00+02:00;165,000;1,000;MESURE
2026-04-24 20:00:00+02:00;237,000;1,000;MESURE
2026-04-24 21:00:00+02:00;285,000;1,000;MESURE
2026-04-24 22:00:00+02:00;280,000;1,000;MESURE
2026-04-24 23:00:00+02:00;170,000;1,000;MESURE
2026-04-25 00:00:00+02:00;196,000;1,000;MESURE
2026-04-25 01:00:00+02:00;421,000;1,000;MESURE
2026-04-25 02:00:00+02:00;297,000;1,000;MESURE
2026-04-25 03:00:00+02:00;551,000;1,000;MESURE
2026-04-25 04:00:00+02:00;755,000;1,000;MESURE
2026-04-25 05:00:00+02:00;956,000;1,000;MESURE
2026-04-25 06:00:00+02:00;1571,000;1,000;MESURE
2026-04-25 07:00:00+02:00;1426,000;1,000;MESURE
2026-04-25 08:00:00+02:00;1306,000;1,000;MESURE
2026-04-25 09:00:00+02:00;293,000;1,000;MESURE
2026-04-25 10:00:00+02:00;356,000;1,000;MESURE
2026-04-25 11:00:00+02:00;184,000;1,000;MESURE
2026-04-25 12:00:00+02:00;191,000;1,000;MESURE
2026-04-25 13:00:00+02:00;1164,000;1,000;MESURE
2026-04-25 14:00:00+02:00;916,000;1,000;MESURE
2026-04-25 15:00:00+02:00;988,000;1,000;MESURE
2026-04-25 16:00:00+02:00;150,000;1,000;MESURE
2026-04-25 17:00:00+02:00;383,000;1,000;MESURE
2026-04-25 18:00:00+02:00;227,000;1,000;MESURE
2026-04-25 19:00:00+02:00;280,000;1,000;MESURE
2026-04-25 20:00:00+02:00;226,000;1,000;MESURE
2026-04-25 21:00:00+02:00;307,000;1,000;MESURE
2026-04-25 22:00:00+02:00;214,000;1,000;MESURE
2026-04-25 23:00:00+02:00;236,000;1,000;MESURE
2026-04-26 00:00:00+02:00;250,000;1,000;MESURE
2026-04-26 01:00:00+02:00;240,000;1,000;MESURE
2026-04-26 02:00:00+02:00;186,000;1,000;MESURE
2026-04-26 03:00:00+02:00;202,000;1,000;MESURE
2026-04-26 04:00:00+02:00;571,000;1,000;MESURE
2026-04-26 05:00:00+02:00;741,000;1,000;MESURE
2026-04-26 06:00:00+02:00;1039,000;1,000;MESURE
2026-04-26 07:00:00+02:00;1257,000;1,000;MESURE
2026-04-26 08:00:00+02:00;2000,000;1,000;MESURE
2026-04-26 09:00:00+02:00;1698,000;1,000;MESURE
2026-04-26 10:00:00+02:00;183,000;1,000;MESURE
2026-04-26 11:00:00+02:00;182,000;1,000;MESURE
2026-04-26 12:00:00+02:00;178,000;1,000;MESURE
2026-04-26 13:00:00+02:00;378,000;1,000;MESURE
2026-04-26 14:00:00+02:00;147,000;1,000;MESURE
2026-04-26 15:00:00+02:00;206,000;1,000;MESURE
2026-04-26 16:00:00+02:00;301,000;1,000;MESURE
2026-04-26 17:00:00+02:00;302,000;1,000;MESURE
2026-04-26 18:00:00+02:00;207,000;1,000;MESURE
2026-04-26 19:00:00+02:00;226,000;1,000;MESURE
2026-04-26 20:00:00+02:00;308,000;1,000;MESURE
2026-04-26 21:00:00+02:00;299,000;1,000;MESURE
2026-04-26 22:00:00+02:00;176,000;1,000;MESURE
2026-04-26 23:00:00+02:00;241,000;1,000;MESURE
2026-04-27 00:00:00+02:00;275,000;1,000;MESURE
2026-04-27 01:00:00+02:00;177,000;1,000;MESURE
2026-04-27 02:00:00+02:00;213,000;1,000;MESURE
2026-04-27 03:00:00+02:00;201,000;1,000;MESURE
2026-04-27 04:00:00+02:00;340,000;1,000;MESURE
2026-04-27 05:00:00+02:00;469,000;1,000;MESURE
2026-04-27 06:00:00+02:00;683,000;1,000;MESURE
2026-04-27 07:00:00+02:00;637,000;1,000;MESURE
2026-04-27 08:00:00+02:00;385,000;1,000;MESURE
2026-04-27 09:00:00+02:00;292,000;1,000;MESURE
2026-04-27 10:00:00+02:00;156,000;1,000;MESURE
2026-04-27 11:00:00+02:00;206,000;1,000;MESURE
2026-04-27 12:00:00+02:00;143,000;1,000;MESURE
2026-04-27 13:00:00+02:00;1271,000;1,000;MESURE
2026-04-27 14:00:00+02:00;1045,000;1,000;MESURE
2026-04-27 15:00:00+02:00;253,000;1,000;MESURE
2026-04-27 16:00:00+02:00;191,000;1,000;MESURE
2026-04-27 17:00:00+02:00;421,000;1,000;MESURE
2026-04-27 18:00:00+02:00;191,000;1,000;MESURE
2026-04-27 19:00:00+02:00;256,000;1,000;MESURE
2026-04-27 20:00:00+02:00;267,000;1,000;MESURE
2026-04-27 21:00:00+02:00;344,000;1,000;MESURE
2026-04-27 22:00:00+02:00;165,000;1,000;MESURE
2026-04-27 23:00:00+02:00;252,000;1,000;MESURE
2026-04-28 00:00:00+02:00;245,000;1,000;MESURE
2026-04-28 01:00:00+02:00;257,000;1,000;MESURE
2026-04-28 02:00:00+02:00;156,000;1,000;MESURE
2026-04-28 03:00:00+02:00;136,000;1,000;MESURE
2026-04-28 04:00:00+02:00;382,000;1,000;MESURE
2026-04-28 05:00:00+02:00;158,000;1,000;MESURE
2026-04-28 06:00:00+02:00;174,000;1,000;MESURE
2026-04-28 07:00:00+02:00;191,000;1,000;MESURE
2026-04-28 08:00:00+02:00;219,000;1,000;MESURE
2026-04-28 09:00:00+02:00;263,000;1,000;MESURE
2026-04-28 10:00:00+02:00;189,000;1,000;MESURE
2026-04-28 11:00:00+02:00;146,000;1,000;MESURE
2026-04-28 12:00:00+02:00;270,000;1,000;MESURE
2026-04-28 13:00:00+02:00;273,000;1,000;MESURE
2026-04-28 14:00:00+02:00;257,000;1,000;MESURE
2026-04-28 15:00:00+02:00;130,000;1,000;MESURE
2026-04-28 16:00:00+02:00;380,000;1,000;MESURE
2026-04-28 17:00:00+02:00;201,000;1,000;MESURE
2026-04-28 18:00:00+02:00;1607,000;1,000;MESURE
2026-04-28 19:00:00+02:00;604,000;1,000;MESURE
2026-04-28 20:00:00+02:00;340,000;1,000;MESURE
2026-04-28 21:00:00+02:00;195,000;1,000;MESURE
2026-04-28 22:00:00+02:00;227,000;1,000;MESURE
2026-04-28 23:00:00+02:00;162,000;1,000;MESURE
2026-04-29 00:00:00+02:00;233,000;1,000;MESURE
2026-04-29 01:00:00+02:00;285,000;1,000;MESURE
2026-04-29 02:00:00+02:00;148,000;1,000;MESURE
2026-04-29 03:00:00+02:00;202,000;1,000;MESURE
2026-04-29 04:00:00+02:00;199,000;1,000;MESURE
2026-04-29 05:00:00+02:00;246,000;1,000;MESURE
2026-04-29 06:00:00+02:00;323,000;1,000;MESURE
2026-04-29 07:00:00+02:00;226,000;1,000;MESURE
2026-04-29 08:00:00+02:00;151,000;1,000;MESURE
2026-04-29 09:00:00+02:00;298,000;1,000;MESURE
2026-04-29 10:00:00+02:00;171,000;1,000;MESURE
2026-04-29 11:00:00+02:00;217,000;1,000;MESURE
2026-04-29 12:00:00+02:00;242,000;1,000;MESURE
2026-04-29 13:00:00+02:00;187,000;1,000;MESURE
2026-04-29 14:00:00+02:00;367,000;1,000;MESURE
2026-04-29 15:00:00+02:00;168,000;1,000;MESURE
2026-04-29 16:00:00+02:00;262,000;1,000;MESURE
2026-04-29 17:00:00+02:00;258,000;1,000;MESURE
2026-04-29 18:00:00+02:00;366,000;1,000;MESURE
2026-04-29 19:00:00+02:00;164,000;1,000;MESURE
2026-04-29 20:00:00+02:00;258,000;1,000;MESURE
2026-04-29 21:00:00+02:00;315,000;1,000;MESURE
2026-04-29 22:00:00+02:00;1073,000;1,000;MESURE
2026-04-29 23:00:00+02:00;1255,000;1,000;MESURE
2026-04-30 00:00:00+02:00;231,000;1,000;MESURE
2026-04-30 01:00:00+02:00;311,000;1,000;MESURE
2026-04-30 02:00:00+02:00;213,000;1,000;MESURE
2026-04-30 03:00:00+02:00;142,000;1,000;MESURE
2026-04-30 04:00:00+02:00;310,000;1,000;MESURE
2026-04-30 05:00:00+02:00;222,000;1,000;MESURE
2026-04-30 06:00:00+02:00;190,000;1,000;MESURE
2026-04-30 07:00:00+02:00;171,000;1,000;MESURE
2026-04-30 08:00:00+02:00;156,000;1,000;MESURE
2026-04-30 09:00:00+02:00;359,000;1,000;MESURE
2026-04-30 10:00:00+02:00;170,000;1,000;MESURE
2026-04-30 11:00:00+02:00;236,000;1,000;MESURE
2026-04-30 12:00:00+02:00;188,000;1,000;MESURE
2026-04-30 13:00:00+02:00;397,000;1,000;MESURE
2026-04-30 14:00:00+02:00;190,000;1,000;MESURE
2026-04-30 15:00:00+02:00;250,000;1,000;MESURE
2026-04-30 16:00:00+02:00;289,000;1,000;MESURE
2026-04-30 17:00:00+02:00;388,000;1,000;MESURE
2026-04-30 18:00:00+02:00;182,000;1,000;MESURE
2026-04-30 19:00:00+02:00;297,000;1,000;MESURE
2026-04-30 20:00:00+02:00;292,000;1,000;MESURE
2026-04-30 21:00:00+02:00;304,000;1,000;MESURE
2026-04-30 22:00:00+02:00;235,000;1,000;MESURE
2026-04-30 23:00:00+02:00;193,000;1,000;MESURE
2026-05-01 00:00:00+02:00;356,000;1,000;MESURE
2026-05-01 01:00:00+02:00;207,000;1,000;MESURE
2026-05-01 02:00:00+02:00;176,000;1,000;MESURE
2026-05-01 03:00:00+02:00;256,000;1,000;MESURE
2026-05-01 04:00:00+02:00;254,000;1,000;MESURE
2026-05-01 05:00:00+02:00;2106,000;1,000;MESURE
2026-05-01 06:00:00+02:00;125,000;1,000;MESURE
2026-05-01 07:00:00+02:00;271,000;1,000;MESURE
2026-05-01 08:00:00+02:00;230,000;1,000;MESURE
2026-05-01 09:00:00+02:00;202,000;1,000;MESURE
2026-05-01 10:00:00+02:00;212,000;1,000;MESURE
2026-05-01 11:00:00+02:00;208,000;1,000;MESURE
2026-05-01 12:00:00+02:00;369,000;1,000;MESURE
2026-05-01 13:00:00+02:00;152,000;1,000;MESURE
2026-05-01 14:00:00+02:00;264,000;1,000;MESURE
2026-05-01 15:00:00+02:00;335,000;1,000;MESURE
2026-05-01 16:00:00+02:00;303,000;1,000;MESURE
2026-05-01 17:00:00+02:00;233,000;1,000;MESURE
2026-05-01 18:00:00+02:00;271,000;1,000;MESURE
2026-05-01 19:00:00+02:00;369,000;1,000;MESURE
2026-05-01 20:00:00+02:00;261,000;1,000;MESURE
2026-05-01 21:00:00+02:00;270,000;1,000;MESURE
2026-05-01 22:00:00+02:00;233,000;1,000;MESURE
2026-05-01 23:00:00+02:00;352,000;1,000;MESURE
2026-05-02 00:00:00+02:00;188,000;1,000;MESURE
2026-05-02 01:00:00+02:00;238,000;1,000;MESURE
2026-05-02 02:00:00+02:00;274,000;1,000;MESURE
2026-05-02 03:00:00+02:00;276,000;1,000;MESURE
2026-05-02 04:00:00+02:00;145,000;1,000;MESURE
2026-05-02 05:00:00+02:00;213,000;1,000;MESURE
2026-05-02 06:00:00+02:00;337,000;1,000;MESURE
2026-05-02 07:00:00+02:00;126,000;1,000;MESURE
2026-05-02 08:00:00+02:00;1473,000;1,000;MESURE
2026-05-02 09:00:00+02:00;1445,000;1,000;MESURE
2026-05-02 10:00:00+02:00;451,000;1,000;MESURE
2026-05-02 11:00:00+02:00;278,000;1,000;MESURE
2026-05-02 12:00:00+02:00;347,000;1,000;MESURE
2026-05-02 13:00:00+02:00;369,000;1,000;MESURE
2026-05-02 14:00:00+02:00;437,000;1,000;MESURE
2026-05-02 15:00:00+02:00;269,000;1,000;MESURE
2026-05-02 16:00:00+02:00;432,000;1,000;MESURE
2026-05-02 17:00:00+02:00;411,000;1,000;MESURE
2026-05-02 18:00:00+02:00;351,000;1,000;MESURE
2026-05-02 19:00:00+02:00;353,000;1,000;MESURE
2026-05-02 20:00:00+02:00;413,000;1,000;MESURE
2026-05-02 21:00:00+02:00;360,000;1,000;MESURE
2026-05-02 22:00:00+02:00;356,000;1,000;MESURE
2026-05-02 23:00:00+02:00;308,000;1,000;MESURE
2026-05-03 00:00:00+02:00;400,000;1,000;MESURE
2026-05-03 01:00:00+02:00;363,000;1,000;MESURE
2026-05-03 02:00:00+02:00;266,000;1,000;MESURE
2026-05-03 03:00:00+02:00;334,000;1,000;MESURE
2026-05-03 04:00:00+02:00;379,000;1,000;MESURE
2026-05-03 05:00:00+02:00;251,000;1,000;MESURE
2026-05-03 06:00:00+02:00;351,000;1,000;MESURE
2026-05-03 07:00:00+02:00;268,000;1,000;MESURE
2026-05-03 08:00:00+02:00;414,000;1,000;MESURE
2026-05-03 09:00:00+02:00;248,000;1,000;MESURE
2026-05-03 10:00:00+02:00;280,000;1,000;MESURE
2026-05-03 11:00:00+02:00;356,000;1,000;MESURE
2026-05-03 12:00:00+02:00;1975,000;1,000;MESURE
2026-05-03 13:00:00+02:00;371,000;1,000;MESURE
2026-05-03 14:00:00+02:00;284,000;1,000;MESURE
2026-05-03 15:00:00+02:00;383,000;1,000;MESURE
2026-05-03 16:00:00+02:00;314,000;1,000;MESURE
2026-05-03 17:00:00+02:00;346,000;1,000;MESURE
2026-05-03 18:00:00+02:00;282,000;1,000;MESURE
2026-05-03 19:00:00+02:00;371,000;1,000;MESURE
2026-05-03 20:00:00+02:00;338,000;1,000;MESURE
2026-05-03 21:00:00+02:00;289,000;1,000;MESURE
2026-05-03 22:00:00+02:00;343,000;1,000;MESURE
2026-05-03 23:00:00+02:00;289,000;1,000;MESURE
2026-05-04 00:00:00+02:00;373,000;1,000;MESURE
2026-05-04 01:00:00+02:00;224,000;1,000;MESURE
2026-05-04 02:00:00+02:00;354,000;1,000;MESURE
2026-05-04 03:00:00+02:00;350,000;1,000;MESURE
2026-05-04 04:00:00+02:00;271,000;1,000;MESURE
2026-05-04 05:00:00+02:00;320,000;1,000;MESURE
2026-05-04 06:00:00+02:00;269,000;1,000;MESURE
2026-05-04 07:00:00+02:00;269,000;1,000;MESURE
2026-05-04 08:00:00+02:00;435,000;1,000;MESURE
2026-05-04 09:00:00+02:00;219,000;1,000;MESURE
2026-05-04 10:00:00+02:00;255,000;1,000;MESURE
2026-05-04 11:00:00+02:00;308,000;1,000;MESURE
2026-05-04 12:00:00+02:00;348,000;1,000;MESURE
2026-05-04 13:00:00+02:00;319,000;1,000;MESURE
2026-05-04 14:00:00+02:00;294,000;1,000;MESURE
2026-05-04 15:00:00+02:00;1955,000;1,000;MESURE
2026-05-04 16:00:00+02:00;387,000;1,000;MESURE
2026-05-04 17:00:00+02:00;367,000;1,000;MESURE
2026-05-04 18:00:00+02:00;286,000;1,000;MESURE
2026-05-04 19:00:00+02:00;315,000;1,000;MESURE
2026-05-04 20:00:00+02:00;267,000;1,000;MESURE
2026-05-04 21:00:00+02:00;296,000;1,000;MESURE
2026-05-04 22:00:00+02:00;357,000;1,000;MESURE
2026-05-04 23:00:00+02:00;294,000;1,000;MESURE
2026-05-05 00:00:00+02:00;275,000;1,000;MESURE
2026-05-05 01:00:00+02:00;373,000;1,000;MESURE
2026-05-05 02:00:00+02:00;470,000;1,000;MESURE
2026-05-05 03:00:00+02:00;330,000;1,000;MESURE
2026-05-05 04:00:00+02:00;326,000;1,000;MESURE
2026-05-05 05:00:00+02:00;477,000;1,000;MESURE
2026-05-05 06:00:00+02:00;377,000;1,000;MESURE
2026-05-05 07:00:00+02:00;517,000;1,000;MESURE
2026-05-05 08:00:00+02:00;491,000;1,000;MESURE
2026-05-05 09:00:00+02:00;415,000;1,000;MESURE
2026-05-05 10:00:00+02:00;346,000;1,000;MESURE
2026-05-05 11:00:00+02:00;340,000;1,000;MESURE
2026-05-05 12:00:00+02:00;480,000;1,000;MESURE
2026-05-05 13:00:00+02:00;233,000;1,000;MESURE
2026-05-05 14:00:00+02:00;300,000;1,000;MESURE
2026-05-05 15:00:00+02:00;439,000;1,000;MESURE
2026-05-05 16:00:00+02:00;701,000;1,000;MESURE
2026-05-05 17:00:00+02:00;1553,000;1,000;MESURE
2026-05-05 18:00:00+02:00;200,000;1,000;MESURE
2026-05-05 19:00:00+02:00;180,000;1,000;MESURE
2026-05-05 20:00:00+02:00;241,000;1,000;MESURE
2026-05-05 21:00:00+02:00;220,000;1,000;MESURE
2026-05-05 22:00:00+02:00;165,000;1,000;MESURE
2026-05-05 23:00:00+02:00;215,000;1,000;MESURE
2026-05-06 00:00:00+02:00;203,000;1,000;MESURE
2026-05-06 01:00:00+02:00;233,000;1,000;MESURE
2026-05-06 02:00:00+02:00;337,000;1,000;MESURE
2026-05-06 03:00:00+02:00;229,000;1,000;MESURE
2026-05-06 04:00:00+02:00;273,000;1,000;MESURE
2026-05-06 05:00:00+02:00;450,000;1,000;MESURE
2026-05-06 06:00:00+02:00;535,000;1,000;MESURE
2026-05-06 07:00:00+02:00;481,000;1,000;MESURE
2026-05-06 08:00:00+02:00;493,000;1,000;MESURE
2026-05-06 09:00:00+02:00;546,000;1,000;MESURE
2026-05-06 10:00:00+02:00;595,000;1,000;MESURE
2026-05-06 11:00:00+02:00;538,000;1,000;MESURE
2026-05-06 12:00:00+02:00;416,000;1,000;MESURE
2026-05-06 13:00:00+02:00;310,000;1,000;MESURE
2026-05-06 14:00:00+02:00;132,000;1,000;MESURE
2026-05-06 15:00:00+02:00;172,000;1,000;MESURE
2026-05-06 16:00:00+02:00;300,000;1,000;MESURE
2026-05-06 17:00:00+02:00;156,000;1,000;MESURE
2026-05-06 18:00:00+02:00;578,000;1,000;MESURE
2026-05-06 19:00:00+02:00;1681,000;1,000;MESURE
2026-05-06 20:00:00+02:00;150,000;1,000;MESURE
2026-05-06 21:00:00+02:00;264,000;1,000;MESURE
2026-05-06 22:00:00+02:00;216,000;1,000;MESURE
2026-05-06 23:00:00+02:00;172,000;1,000;MESURE
2026-05-07 00:00:00+02:00;209,000;1,000;MESURE
2026-05-07 01:00:00+02:00;442,000;1,000;MESURE
2026-05-07 02:00:00+02:00;377,000;1,000;MESURE
2026-05-07 03:00:00+02:00;455,000;1,000;MESURE
2026-05-07 04:00:00+02:00;576,000;1,000;MESURE
2026-05-07 05:00:00+02:00;787,000;1,000;MESURE
2026-05-07 06:00:00+02:00;842,000;1,000;MESURE
2026-05-07 07:00:00+02:00;599,000;1,000;MESURE
2026-05-07 08:00:00+02:00;305,000;1,000;MESURE
2026-05-07 09:00:00+02:00;269,000;1,000;MESURE
2026-05-07 10:00:00+02:00;121,000;1,000;MESURE
2026-05-07 11:00:00+02:00;219,000;1,000;MESURE
2026-05-07 12:00:00+02:00;324,000;1,000;MESURE
2026-05-07 13:00:00+02:00;137,000;1,000;MESURE
2026-05-07 14:00:00+02:00;189,000;1,000;MESURE
2026-05-07 15:00:00+02:00;254,000;1,000;MESURE
2026-05-07 16:00:00+02:00;198,000;1,000;MESURE
2026-05-07 17:00:00+02:00;323,000;1,000;MESURE
2026-05-07 18:00:00+02:00;145,000;1,000;MESURE
2026-05-07 19:00:00+02:00;239,000;1,000;MESURE
2026-05-07 20:00:00+02:00;288,000;1,000;MESURE
2026-05-07 21:00:00+02:00;1259,000;1,000;MESURE
2026-05-07 22:00:00+02:00;1005,000;1,000;MESURE
2026-05-07 23:00:00+02:00;149,000;1,000;MESURE
2026-05-08 00:00:00+02:00;269,000;1,000;MESURE
2026-05-08 01:00:00+02:00;209,000;1,000;MESURE
2026-05-08 02:00:00+02:00;228,000;1,000;MESURE
2026-05-08 03:00:00+02:00;312,000;1,000;MESURE
2026-05-08 04:00:00+02:00;744,000;1,000;MESURE
2026-05-08 05:00:00+02:00;909,000;1,000;MESURE
2026-05-08 06:00:00+02:00;1176,000;1,000;MESURE
2026-05-08 07:00:00+02:00;963,000;1,000;MESURE
2026-05-08 08:00:00+02:00;445,000;1,000;MESURE
2026-05-08 09:00:00+02:00;315,000;1,000;MESURE
2026-05-08 10:00:00+02:00;162,000;1,000;MESURE
2026-05-08 11:00:00+02:00;218,000;1,000;MESURE
2026-05-08 12:00:00+02:00;126,000;1,000;MESURE
2026-05-08 13:00:00+02:00;346,000;1,000;MESURE
2026-05-08 14:00:00+02:00;252,000;1,000;MESURE
2026-05-08 15:00:00+02:00;163,000;1,000;MESURE
2026-05-08 16:00:00+02:00;258,000;1,000;MESURE
2026-05-08 17:00:00+02:00;292,000;1,000;MESURE
2026-05-08 18:00:00+02:00;336,000;1,000;MESURE
2026-05-08 19:00:00+02:00;135,000;1,000;MESURE
2026-05-08 20:00:00+02:00;293,000;1,000;MESURE
2026-05-08 21:00:00+02:00;288,000;1,000;MESURE
2026-05-08 22:00:00+02:00;297,000;1,000;MESURE
2026-05-08 23:00:00+02:00;128,000;1,000;MESURE
2026-05-09 00:00:00+02:00;296,000;1,000;MESURE
2026-05-09 01:00:00+02:00;420,000;1,000;MESURE
2026-05-09 02:00:00+02:00;1901,000;1,000;MESURE
2026-05-09 03:00:00+02:00;194,000;1,000;MESURE
2026-05-09 04:00:00+02:00;218,000;1,000;MESURE
2026-05-09 05:00:00+02:00;330,000;1,000;MESURE
2026-05-09 06:00:00+02:00;132,000;1,000;MESURE
2026-05-09 07:00:00+02:00;133,000;1,000;MESURE
2026-05-09 08:00:00+02:00;453,000;1,000;MESURE
2026-05-09 09:00:00+02:00;255,000;1,000;MESURE
2026-05-09 10:00:00+02:00;412,000;1,000;MESURE
2026-05-09 11:00:00+02:00;806,000;1,000;MESURE
2026-05-09 12:00:00+02:00;2406,000;1,000;MESURE
2026-05-09 13:00:00+02:00;641,000;1,000;MESURE
2026-05-09 14:00:00+02:00;950,000;1,000;MESURE
2026-05-09 15:00:00+02:00;484,000;1,000;MESURE
2026-05-09 16:00:00+02:00;829,000;1,000;MESURE
2026-05-09 17:00:00+02:00;177,000;1,000;MESURE
2026-05-09 18:00:00+02:00;261,000;1,000;MESURE
2026-05-09 19:00:00+02:00;286,000;1,000;MESURE
2026-05-09 20:00:00+02:00;388,000;1,000;MESURE
2026-05-09 21:00:00+02:00;210,000;1,000;MESURE
2026-05-09 22:00:00+02:00;227,000;1,000;MESURE
2026-05-09 23:00:00+02:00;320,000;1,000;MESURE
2026-05-10 00:00:00+02:00;268,000;1,000;MESURE
2026-05-10 01:00:00+02:00;251,000;1,000;MESURE
2026-05-10 02:00:00+02:00;220,000;1,000;MESURE
2026-05-10 03:00:00+02:00;295,000;1,000;MESURE
2026-05-10 04:00:00+02:00;204,000;1,000;MESURE
2026-05-10 05:00:00+02:00;246,000;1,000;MESURE
2026-05-10 06:00:00+02:00;268,000;1,000;MESURE
2026-05-10 07:00:00+02:00;213,000;1,000;MESURE
2026-05-10 08:00:00+02:00;211,000;1,000;MESURE
2026-05-10 09:00:00+02:00;199,000;1,000;MESURE
2026-05-10 10:00:00+02:00;320,000;1,000;MESURE
2026-05-10 11:00:00+02:00;154,000;1,000;MESURE
2026-05-10 12:00:00+02:00;221,000;1,000;MESURE
2026-05-10 13:00:00+02:00;231,000;1,000;MESURE
2026-05-10 14:00:00+02:00;256,000;1,000;MESURE
2026-05-10 15:00:00+02:00;1656,000;1,000;MESURE
2026-05-10 16:00:00+02:00;269,000;1,000;MESURE
2026-05-10 17:00:00+02:00;315,000;1,000;MESURE
2026-05-10 18:00:00+02:00;219,000;1,000;MESURE
2026-05-10 19:00:00+02:00;268,000;1,000;MESURE
2026-05-10 20:00:00+02:00;158,000;1,000;MESURE
2026-05-10 21:00:00+02:00;274,000;1,000;MESURE
2026-05-10 22:00:00+02:00;237,000;1,000;MESURE
2026-05-10 23:00:00+02:00;193,000;1,000;MESURE
2026-05-11 00:00:00+02:00;220,000;1,000;MESURE
2026-05-11 01:00:00+02:00;128,000;1,000;MESURE
2026-05-11 02:00:00+02:00;326,000;1,000;MESURE
2026-05-11 03:00:00+02:00;214,000;1,000;MESURE
2026-05-11 04:00:00+02:00;122,000;1,000;MESURE
2026-05-11 05:00:00+02:00;246,000;1,000;MESURE
2026-05-11 06:00:00+02:00;147,000;1,000;MESURE
2026-05-11 07:00:00+02:00;213,000;1,000;MESURE
2026-05-11 08:00:00+02:00;255,000;1,000;MESURE
2026-05-11 09:00:00+02:00;165,000;1,000;MESURE
2026-05-11 10:00:00+02:00;164,000;1,000;MESURE
2026-05-11 11:00:00+02:00;336,000;1,000;MESURE
2026-05-11 12:00:00+02:00;163,000;1,000;MESURE
2026-05-11 13:00:00+02:00;196,000;1,000;MESURE
2026-05-11 14:00:00+02:00;174,000;1,000;MESURE
2026-05-11 15:00:00+02:00;220,000;1,000;MESURE
2026-05-11 16:00:00+02:00;379,000;1,000;MESURE
2026-05-11 17:00:00+02:00;132,000;1,000;MESURE
2026-05-11 18:00:00+02:00;235,000;1,000;MESURE
2026-05-11 19:00:00+02:00;1995,000;1,000;MESURE
2026-05-11 20:00:00+02:00;284,000;1,000;MESURE
2026-05-11 21:00:00+02:00;205,000;1,000;MESURE
2026-05-11 22:00:00+02:00;124,000;1,000;MESURE
2026-05-11 23:00:00+02:00;234,000;1,000;MESURE
2026-05-12 00:00:00+02:00;298,000;1,000;MESURE
2026-05-12 01:00:00+02:00;142,000;1,000;MESURE
2026-05-12 02:00:00+02:00;262,000;1,000;MESURE
2026-05-12 03:00:00+02:00;324,000;1,000;MESURE
2026-05-12 04:00:00+02:00;425,000;1,000;MESURE
2026-05-12 05:00:00+02:00;526,000;1,000;MESURE
2026-05-12 06:00:00+02:00;882,000;1,000;MESURE
2026-05-12 07:00:00+02:00;902,000;1,000;MESURE
2026-05-12 08:00:00+02:00;683,000;1,000;MESURE
2026-05-12 09:00:00+02:00;369,000;1,000;MESURE
2026-05-12 10:00:00+02:00;273,000;1,000;MESURE
2026-05-12 11:00:00+02:00;189,000;1,000;MESURE
2026-05-12 12:00:00+02:00;158,000;1,000;MESURE
2026-05-12 13:00:00+02:00;168,000;1,000;MESURE
2026-05-12 14:00:00+02:00;360,000;1,000;MESURE
2026-05-12 15:00:00+02:00;125,000;1,000;MESURE
2026-05-12 16:00:00+02:00;128,000;1,000;MESURE
2026-05-12 17:00:00+02:00;331,000;1,000;MESURE
2026-05-12 18:00:00+02:00;234,000;1,000;MESURE
2026-05-12 19:00:00+02:00;153,000;1,000;MESURE
2026-05-12 20:00:00+02:00;234,000;1,000;MESURE
2026-05-12 21:00:00+02:00;1465,000;1,000;MESURE
2026-05-12 22:00:00+02:00;760,000;1,000;MESURE
2026-05-12 23:00:00+02:00;239,000;1,000;MESURE
2026-05-13 00:00:00+02:00;250,000;1,000;MESURE
2026-05-13 01:00:00+02:00;218,000;1,000;MESURE
2026-05-13 02:00:00+02:00;337,000;1,000;MESURE
2026-05-13 03:00:00+02:00;655,000;1,000;MESURE
2026-05-13 04:00:00+02:00;888,000;1,000;MESURE
2026-05-13 05:00:00+02:00;1024,000;1,000;MESURE
2026-05-13 06:00:00+02:00;1345,000;1,000;MESURE
2026-05-13 07:00:00+02:00;1256,000;1,000;MESURE
2026-05-13 08:00:00+02:00;759,000;1,000;MESURE
2026-05-13 09:00:00+02:00;378,000;1,000;MESURE
2026-05-13 10:00:00+02:00;193,000;1,000;MESURE
2026-05-13 11:00:00+02:00;223,000;1,000;MESURE
2026-05-13 12:00:00+02:00;167,000;1,000;MESURE
2026-05-13 13:00:00+02:00;328,000;1,000;MESURE
2026-05-13 14:00:00+02:00;125,000;1,000;MESURE
2026-05-13 15:00:00+02:00;138,000;1,000;MESURE
2026-05-13 16:00:00+02:00;237,000;1,000;MESURE
2026-05-13 17:00:00+02:00;282,000;1,000;MESURE
2026-05-13 18:00:00+02:00;241,000;1,000;MESURE
2026-05-13 19:00:00+02:00;203,000;1,000;MESURE
2026-05-13 20:00:00+02:00;126,000;1,000;MESURE
2026-05-13 21:00:00+02:00;268,000;1,000;MESURE
2026-05-13 22:00:00+02:00;307,000;1,000;MESURE
2026-05-13 23:00:00+02:00;1022,000;1,000;MESURE
2026-05-14 00:00:00+02:00;1161,000;1,000;MESURE
2026-05-14 01:00:00+02:00;153,000;1,000;MESURE
2026-05-14 02:00:00+02:00;228,000;1,000;MESURE
2026-05-14 03:00:00+02:00;212,000;1,000;MESURE
2026-05-14 04:00:00+02:00;297,000;1,000;MESURE
2026-05-14 05:00:00+02:00;246,000;1,000;MESURE
2026-05-14 06:00:00+02:00;378,000;1,000;MESURE
2026-05-14 07:00:00+02:00;607,000;1,000;MESURE
2026-05-14 08:00:00+02:00;606,000;1,000;MESURE
2026-05-14 09:00:00+02:00;468,000;1,000;MESURE
2026-05-14 10:00:00+02:00;404,000;1,000;MESURE
2026-05-14 11:00:00+02:00;396,000;1,000;MESURE
2026-05-14 12:00:00+02:00;220,000;1,000;MESURE
2026-05-14 13:00:00+02:00;133,000;1,000;MESURE
2026-05-14 14:00:00+02:00;189,000;1,000;MESURE
2026-05-14 15:00:00+02:00;196,000;1,000;MESURE
2026-05-14 16:00:00+02:00;266,000;1,000;MESURE
2026-05-14 17:00:00+02:00;177,000;1,000;MESURE
2026-05-14 18:00:00+02:00;268,000;1,000;MESURE
2026-05-14 19:00:00+02:00;133,000;1,000;MESURE
2026-05-14 20:00:00+02:00;200,000;1,000;MESURE
2026-05-14 21:00:00+02:00;547,000;1,000;MESURE
2026-05-14 22:00:00+02:00;946,000;1,000;MESURE
2026-05-14 23:00:00+02:00;1082,000;1,000;MESURE
2026-05-15 00:00:00+02:00;1260,000;1,000;MESURE
2026-05-15 01:00:00+02:00;3220,000;1,000;MESURE
2026-05-15 02:00:00+02:00;1622,000;1,000;MESURE
2026-05-15 03:00:00+02:00;1657,000;1,000;MESURE
2026-05-15 04:00:00+02:00;1497,000;1,000;MESURE
2026-05-15 05:00:00+02:00;1730,000;1,000;MESURE
2026-05-15 06:00:00+02:00;1728,000;1,000;MESURE
2026-05-15 07:00:00+02:00;2024,000;1,000;MESURE
2026-05-15 08:00:00+02:00;1882,000;1,000;MESURE
2026-05-15 09:00:00+02:00;1751,000;1,000;MESURE
2026-05-15 10:00:00+02:00;1304,000;1,000;MESURE
2026-05-15 11:00:00+02:00;973,000;1,000;MESURE
2026-05-15 12:00:00+02:00;967,000;1,000;MESURE
2026-05-15 13:00:00+02:00;805,000;1,000;MESURE
2026-05-15 14:00:00+02:00;364,000;1,000;MESURE
2026-05-15 15:00:00+02:00;306,000;1,000;MESURE
2026-05-15 16:00:00+02:00;329,000;1,000;MESURE
2026-05-15 17:00:00+02:00;412,000;1,000;MESURE
2026-05-15 18:00:00+02:00;534,000;1,000;MESURE
2026-05-15 19:00:00+02:00;517,000;1,000;MESURE
2026-05-15 20:00:00+02:00;821,000;1,000;MESURE
2026-05-15 21:00:00+02:00;1038,000;1,000;MESURE
2026-05-15 22:00:00+02:00;1459,000;1,000;MESURE
2026-05-15 23:00:00+02:00;2269,000;1,000;MESURE
2026-05-16 00:00:00+02:00;2353,000;1,000;MESURE
2026-05-16 01:00:00+02:00;3540,000;1,000;MESURE
2026-05-16 02:00:00+02:00;3993,000;1,000;MESURE
2026-05-16 03:00:00+02:00;3075,000;1,000;MESURE
2026-05-16 04:00:00+02:00;2858,000;1,000;MESURE
2026-05-16 05:00:00+02:00;2593,000;1,000;MESURE
2026-05-16 06:00:00+02:00;2270,000;1,000;MESURE
2026-05-16 07:00:00+02:00;2294,000;1,000;MESURE
2026-05-16 08:00:00+02:00;4877,000;1,000;MESURE
2026-05-16 09:00:00+02:00;5068,000;1,000;MESURE
2026-05-16 10:00:00+02:00;5060,000;1,000;MESURE
2026-05-16 11:00:00+02:00;4946,000;1,000;MESURE
2026-05-16 12:00:00+02:00;6194,000;1,000;MESURE
2026-05-16 13:00:00+02:00;4084,000;1,000;MESURE
2026-05-16 14:00:00+02:00;2414,000;1,000;MESURE
2026-05-16 15:00:00+02:00;2703,000;1,000;MESURE
2026-05-16 16:00:00+02:00;1264,000;1,000;MESURE
2026-05-16 17:00:00+02:00;230,000;1,000;MESURE
2026-05-16 18:00:00+02:00;220,000;1,000;MESURE
2026-05-16 19:00:00+02:00;307,000;1,000;MESURE
2026-05-16 20:00:00+02:00;136,000;1,000;MESURE
2026-05-16 21:00:00+02:00;229,000;1,000;MESURE
2026-05-16 22:00:00+02:00;185,000;1,000;MESURE
2026-05-16 23:00:00+02:00;292,000;1,000;MESURE
2026-05-17 00:00:00+02:00;239,000;1,000;MESURE
2026-05-17 01:00:00+02:00;586,000;1,000;MESURE
2026-05-17 02:00:00+02:00;835,000;1,000;MESURE
2026-05-17 03:00:00+02:00;1300,000;1,000;MESURE
2026-05-17 04:00:00+02:00;2081,000;1,000;MESURE
2026-05-17 05:00:00+02:00;2368,000;1,000;MESURE
2026-05-17 06:00:00+02:00;2374,000;1,000;MESURE
2026-05-17 07:00:00+02:00;2061,000;1,000;MESURE
2026-05-17 08:00:00+02:00;891,000;1,000;MESURE
2026-05-17 09:00:00+02:00;253,000;1,000;MESURE
2026-05-17 10:00:00+02:00;268,000;1,000;MESURE
2026-05-17 11:00:00+02:00;259,000;1,000;MESURE
2026-05-17 12:00:00+02:00;171,000;1,000;MESURE
2026-05-17 13:00:00+02:00;125,000;1,000;MESURE
2026-05-17 14:00:00+02:00;262,000;1,000;MESURE
2026-05-17 15:00:00+02:00;276,000;1,000;MESURE
2026-05-17 16:00:00+02:00;146,000;1,000;MESURE
2026-05-17 17:00:00+02:00;786,000;1,000;MESURE
2026-05-17 18:00:00+02:00;1103,000;1,000;MESURE
2026-05-17 19:00:00+02:00;287,000;1,000;MESURE
2026-05-17 20:00:00+02:00;222,000;1,000;MESURE
2026-05-17 21:00:00+02:00;213,000;1,000;MESURE
2026-05-17 22:00:00+02:00;214,000;1,000;MESURE
2026-05-17 23:00:00+02:00;259,000;1,000;MESURE
2026-05-18 00:00:00+02:00;156,000;1,000;MESURE
2026-05-18 01:00:00+02:00;237,000;1,000;MESURE
2026-05-18 02:00:00+02:00;202,000;1,000;MESURE
2026-05-18 03:00:00+02:00;198,000;1,000;MESURE
2026-05-18 04:00:00+02:00;220,000;1,000;MESURE
2026-05-18 05:00:00+02:00;184,000;1,000;MESURE
2026-05-18 06:00:00+02:00;121,000;1,000;MESURE
2026-05-18 07:00:00+02:00;159,000;1,000;MESURE
2026-05-18 08:00:00+02:00;361,000;1,000;MESURE
2026-05-18 09:00:00+02:00;155,000;1,000;MESURE
2026-05-18 10:00:00+02:00;138,000;1,000;MESURE
2026-05-18 11:00:00+02:00;251,000;1,000;MESURE
2026-05-18 12:00:00+02:00;206,000;1,000;MESURE
2026-05-18 13:00:00+02:00;167,000;1,000;MESURE
2026-05-18 14:00:00+02:00;293,000;1,000;MESURE
2026-05-18 15:00:00+02:00;144,000;1,000;MESURE
2026-05-18 16:00:00+02:00;304,000;1,000;MESURE
2026-05-18 17:00:00+02:00;209,000;1,000;MESURE
2026-05-18 18:00:00+02:00;245,000;1,000;MESURE
2026-05-18 19:00:00+02:00;220,000;1,000;MESURE
2026-05-18 20:00:00+02:00;207,000;1,000;MESURE
2026-05-18 21:00:00+02:00;322,000;1,000;MESURE
2026-05-18 22:00:00+02:00;1519,000;1,000;MESURE
2026-05-18 23:00:00+02:00;517,000;1,000;MESURE
2026-05-19 00:00:00+02:00;280,000;1,000;MESURE
2026-05-19 01:00:00+02:00;182,000;1,000;MESURE
2026-05-19 02:00:00+02:00;178,000;1,000;MESURE
2026-05-19 03:00:00+02:00;360,000;1,000;MESURE
2026-05-19 04:00:00+02:00;405,000;1,000;MESURE
2026-05-19 05:00:00+02:00;730,000;1,000;MESURE
2026-05-19 06:00:00+02:00;692,000;1,000;MESURE
2026-05-19 07:00:00+02:00;641,000;1,000;MESURE
2026-05-19 08:00:00+02:00;342,000;1,000;MESURE
2026-05-19 09:00:00+02:00;157,000;1,000;MESURE
2026-05-19 10:00:00+02:00;208,000;1,000;MESURE
2026-05-19 11:00:00+02:00;292,000;1,000;MESURE
2026-05-19 12:00:00+02:00;129,000;1,000;MESURE
2026-05-19 13:00:00+02:00;152,000;1,000;MESURE
2026-05-19 14:00:00+02:00;327,000;1,000;MESURE
2026-05-19 15:00:00+02:00;162,000;1,000;MESURE
2026-05-19 16:00:00+02:00;228,000;1,000;MESURE
2026-05-19 17:00:00+02:00;235,000;1,000;MESURE
2026-05-19 18:00:00+02:00;288,000;1,000;MESURE
2026-05-19 19:00:00+02:00;270,000;1,000;MESURE
2026-05-19 20:00:00+02:00;163,000;1,000;MESURE
2026-05-19 21:00:00+02:00;241,000;1,000;MESURE
2026-05-19 22:00:00+02:00;278,000;1,000;MESURE
2026-05-19 23:00:00+02:00;282,000;1,000;MESURE
2026-05-20 00:00:00+02:00;148,000;1,000;MESURE
2026-05-20 01:00:00+02:00;813,000;1,000;MESURE
2026-05-20 02:00:00+02:00;1491,000;1,000;MESURE
2026-05-20 03:00:00+02:00;167,000;1,000;MESURE
2026-05-20 04:00:00+02:00;241,000;1,000;MESURE
2026-05-20 05:00:00+02:00;138,000;1,000;MESURE
2026-05-20 06:00:00+02:00;275,000;1,000;MESURE
2026-05-20 07:00:00+02:00;253,000;1,000;MESURE
2026-05-20 08:00:00+02:00;121,000;1,000;MESURE
2026-05-20 09:00:00+02:00;235,000;1,000;MESURE
2026-05-20 10:00:00+02:00;207,000;1,000;MESURE
2026-05-20 11:00:00+02:00;301,000;1,000;MESURE
2026-05-20 12:00:00+02:00;175,000;1,000;MESURE
2026-05-20 13:00:00+02:00;294,000;1,000;MESURE
2026-05-20 14:00:00+02:00;208,000;1,000;MESURE
2026-05-20 15:00:00+02:00;368,000;1,000;MESURE
2026-05-20 16:00:00+02:00;167,000;1,000;MESURE
2026-05-20 17:00:00+02:00;286,000;1,000;MESURE
2026-05-20 18:00:00+02:00;265,000;1,000;MESURE
2026-05-20 19:00:00+02:00;335,000;1,000;MESURE
2026-05-20 20:00:00+02:00;237,000;1,000;MESURE
2026-05-20 21:00:00+02:00;253,000;1,000;MESURE
2026-05-20 22:00:00+02:00;315,000;1,000;MESURE
2026-05-20 23:00:00+02:00;245,000;1,000;MESURE
2026-05-21 00:00:00+02:00;186,000;1,000;MESURE
2026-05-21 01:00:00+02:00;284,000;1,000;MESURE
2026-05-21 02:00:00+02:00;235,000;1,000;MESURE
2026-05-21 03:00:00+02:00;261,000;1,000;MESURE
2026-05-21 04:00:00+02:00;124,000;1,000;MESURE
2026-05-21 05:00:00+02:00;268,000;1,000;MESURE
2026-05-21 06:00:00+02:00;390,000;1,000;MESURE
2026-05-21 07:00:00+02:00;1885,000;1,000;MESURE
2026-05-21 08:00:00+02:00;246,000;1,000;MESURE
2026-05-21 09:00:00+02:00;192,000;1,000;MESURE
2026-05-21 10:00:00+02:00;251,000;1,000;MESURE
2026-05-21 11:00:00+02:00;172,000;1,000;MESURE
2026-05-21 12:00:00+02:00;282,000;1,000;MESURE
2026-05-21 13:00:00+02:00;272,000;1,000;MESURE
2026-05-21 14:00:00+02:00;293,000;1,000;MESURE
2026-05-21 15:00:00+02:00;255,000;1,000;MESURE
2026-05-21 16:00:00+02:00;270,000;1,000;MESURE
2026-05-21 17:00:00+02:00;313,000;1,000;MESURE
2026-05-21 18:00:00+02:00;374,000;1,000;MESURE
2026-05-21 19:00:00+02:00;159,000;1,000;MESURE
2026-05-21 20:00:00+02:00;374,000;1,000;MESURE
2026-05-21 21:00:00+02:00;346,000;1,000;MESURE
2026-05-21 22:00:00+02:00;206,000;1,000;MESURE
2026-05-21 23:00:00+02:00;239,000;1,000;MESURE
2026-05-22 00:00:00+02:00;326,000;1,000;MESURE
2026-05-22 01:00:00+02:00;279,000;1,000;MESURE
2026-05-22 02:00:00+02:00;154,000;1,000;MESURE
2026-05-22 03:00:00+02:00;248,000;1,000;MESURE
2026-05-22 04:00:00+02:00;312,000;1,000;MESURE
2026-05-22 05:00:00+02:00;182,000;1,000;MESURE
2026-05-22 06:00:00+02:00;211,000;1,000;MESURE
2026-05-22 07:00:00+02:00;166,000;1,000;MESURE
2026-05-22 08:00:00+02:00;351,000;1,000;MESURE
2026-05-22 09:00:00+02:00;156,000;1,000;MESURE
2026-05-22 10:00:00+02:00;237,000;1,000;MESURE
2026-05-22 11:00:00+02:00;270,000;1,000;MESURE
2026-05-22 12:00:00+02:00;330,000;1,000;MESURE
2026-05-22 13:00:00+02:00;191,000;1,000;MESURE
2026-05-22 14:00:00+02:00;1851,000;1,000;MESURE
2026-05-22 15:00:00+02:00;644,000;1,000;MESURE
2026-05-22 16:00:00+02:00;328,000;1,000;MESURE
2026-05-22 17:00:00+02:00;299,000;1,000;MESURE
2026-05-22 18:00:00+02:00;282,000;1,000;MESURE
2026-05-22 19:00:00+02:00;429,000;1,000;MESURE
2026-05-22 20:00:00+02:00;275,000;1,000;MESURE
2026-05-22 21:00:00+02:00;336,000;1,000;MESURE
2026-05-22 22:00:00+02:00;265,000;1,000;MESURE
2026-05-22 23:00:00+02:00;355,000;1,000;MESURE
2026-05-23 00:00:00+02:00;277,000;1,000;MESURE
2026-05-23 01:00:00+02:00;222,000;1,000;MESURE
2026-05-23 02:00:00+02:00;336,000;1,000;MESURE
2026-05-23 03:00:00+02:00;197,000;1,000;MESURE
2026-05-23 04:00:00+02:00;313,000;1,000;MESURE
2026-05-23 05:00:00+02:00;150,000;1,000;MESURE
2026-05-23 06:00:00+02:00;341,000;1,000;MESURE
2026-05-23 07:00:00+02:00;154,000;1,000;MESURE
2026-05-23 08:00:00+02:00;218,000;1,000;MESURE
2026-05-23 09:00:00+02:00;532,000;1,000;MESURE
2026-05-23 10:00:00+02:00;330,000;1,000;MESURE
2026-05-23 11:00:00+02:00;161,000;1,000;MESURE
2026-05-23 12:00:00+02:00;345,000;1,000;MESURE
2026-05-23 13:00:00+02:00;664,000;1,000;MESURE
2026-05-23 14:00:00+02:00;649,000;1,000;MESURE
2026-05-23 15:00:00+02:00;2326,000;1,000;MESURE
2026-05-23 16:00:00+02:00;411,000;1,000;MESURE
2026-05-23 17:00:00+02:00;425,000;1,000;MESURE
2026-05-23 18:00:00+02:00;271,000;1,000;MESURE
2026-05-23 19:00:00+02:00;304,000;1,000;MESURE
2026-05-23 20:00:00+02:00;364,000;1,000;MESURE
2026-05-23 21:00:00+02:00;396,000;1,000;MESURE
2026-05-23 22:00:00+02:00;309,000;1,000;MESURE
2026-05-23 23:00:00+02:00;220,000;1,000;MESURE
2026-05-24 00:00:00+02:00;409,000;1,000;MESURE
2026-05-24 01:00:00+02:00;246,000;1,000;MESURE
2026-05-24 02:00:00+02:00;264,000;1,000;MESURE
2026-05-24 03:00:00+02:00;271,000;1,000;MESURE
2026-05-24 04:00:00+02:00;296,000;1,000;MESURE
2026-05-24 05:00:00+02:00;283,000;1,000;MESURE
2026-05-24 06:00:00+02:00;159,000;1,000;MESURE
2026-05-24 07:00:00+02:00;334,000;1,000;MESURE
2026-05-24 08:00:00+02:00;177,000;1,000;MESURE
2026-05-24 09:00:00+02:00;306,000;1,000;MESURE
2026-05-24 10:00:00+02:00;231,000;1,000;MESURE
2026-05-24 11:00:00+02:00;368,000;1,000;MESURE
2026-05-24 12:00:00+02:00;237,000;1,000;MESURE
2026-05-24 13:00:00+02:00;252,000;1,000;MESURE
2026-05-24 14:00:00+02:00;395,000;1,000;MESURE
2026-05-24 15:00:00+02:00;363,000;1,000;MESURE
2026-05-24 16:00:00+02:00;342,000;1,000;MESURE
2026-05-24 17:00:00+02:00;236,000;1,000;MESURE
2026-05-24 18:00:00+02:00;461,000;1,000;MESURE
2026-05-24 19:00:00+02:00;348,000;1,000;MESURE
2026-05-24 20:00:00+02:00;416,000;1,000;MESURE
2026-05-24 21:00:00+02:00;308,000;1,000;MESURE
2026-05-24 22:00:00+02:00;211,000;1,000;MESURE
2026-05-24 23:00:00+02:00;425,000;1,000;MESURE
2026-05-25 00:00:00+02:00;316,000;1,000;MESURE
2026-05-25 01:00:00+02:00;272,000;1,000;MESURE
2026-05-25 02:00:00+02:00;244,000;1,000;MESURE
2026-05-25 03:00:00+02:00;1100,000;1,000;MESURE
2026-05-25 04:00:00+02:00;1353,000;1,000;MESURE
2026-05-25 05:00:00+02:00;165,000;1,000;MESURE
2026-05-25 06:00:00+02:00;331,000;1,000;MESURE
2026-05-25 07:00:00+02:00;314,000;1,000;MESURE
2026-05-25 08:00:00+02:00;274,000;1,000;MESURE
2026-05-25 09:00:00+02:00;181,000;1,000;MESURE
2026-05-25 10:00:00+02:00;436,000;1,000;MESURE
2026-05-25 11:00:00+02:00;238,000;1,000;MESURE
2026-05-25 12:00:00+02:00;257,000;1,000;MESURE
2026-05-25 13:00:00+02:00;407,000;1,000;MESURE
2026-05-25 14:00:00+02:00;388,000;1,000;MESURE
2026-05-25 15:00:00+02:00;410,000;1,000;MESURE
2026-05-25 16:00:00+02:00;314,000;1,000;MESURE
2026-05-25 17:00:00+02:00;362,000;1,000;MESURE
2026-05-25 18:00:00+02:00;339,000;1,000;MESURE
2026-05-25 19:00:00+02:00;514,000;1,000;MESURE
2026-05-25 20:00:00+02:00;365,000;1,000;MESURE
2026-05-25 21:00:00+02:00;405,000;1,000;MESURE
2026-05-25 22:00:00+02:00;349,000;1,000;MESURE
2026-05-25 23:00:00+02:00;259,000;1,000;MESURE
2026-05-26 00:00:00+02:00;372,000;1,000;MESURE
2026-05-26 01:00:00+02:00;341,000;1,000;MESURE
2026-05-26 02:00:00+02:00;329,000;1,000;MESURE
2026-05-26 03:00:00+02:00;181,000;1,000;MESURE
2026-05-26 04:00:00+02:00;381,000;1,000;MESURE
2026-05-26 05:00:00+02:00;256,000;1,000;MESURE
2026-05-26 06:00:00+02:00;310,000;1,000;MESURE
2026-05-26 07:00:00+02:00;242,000;1,000;MESURE
2026-05-26 08:00:00+02:00;323,000;1,000;MESURE
2026-05-26 09:00:00+02:00;300,000;1,000;MESURE
2026-05-26 10:00:00+02:00;199,000;1,000;MESURE
2026-05-26 11:00:00+02:00;422,000;1,000;MESURE
2026-05-26 12:00:00+02:00;339,000;1,000;MESURE
2026-05-26 13:00:00+02:00;313,000;1,000;MESURE
2026-05-26 14:00:00+02:00;290,000;1,000;MESURE
2026-05-26 15:00:00+02:00;469,000;1,000;MESURE
2026-05-26 16:00:00+02:00;411,000;1,000;MESURE
2026-05-26 17:00:00+02:00;416,000;1,000;MESURE
2026-05-26 18:00:00+02:00;2290,000;1,000;MESURE
2026-05-26 19:00:00+02:00;452,000;1,000;MESURE
2026-05-26 20:00:00+02:00;384,000;1,000;MESURE
2026-05-26 21:00:00+02:00;375,000;1,000;MESURE
2026-05-26 22:00:00+02:00;340,000;1,000;MESURE
2026-05-26 23:00:00+02:00;236,000;1,000;MESURE
2026-05-27 00:00:00+02:00;421,000;1,000;MESURE
2026-05-27 01:00:00+02:00;329,000;1,000;MESURE
2026-05-27 02:00:00+02:00;291,000;1,000;MESURE
2026-05-27 03:00:00+02:00;220,000;1,000;MESURE
2026-05-27 04:00:00+02:00;385,000;1,000;MESURE
2026-05-27 05:00:00+02:00;266,000;1,000;MESURE
2026-05-27 06:00:00+02:00;254,000;1,000;MESURE
2026-05-27 07:00:00+02:00;350,000;1,000;MESURE
2026-05-27 08:00:00+02:00;244,000;1,000;MESURE
2026-05-27 09:00:00+02:00;279,000;1,000;MESURE
2026-05-27 10:00:00+02:00;260,000;1,000;MESURE
2026-05-27 11:00:00+02:00;407,000;1,000;MESURE
2026-05-27 12:00:00+02:00;330,000;1,000;MESURE
2026-05-27 13:00:00+02:00;359,000;1,000;MESURE
2026-05-27 14:00:00+02:00;343,000;1,000;MESURE
2026-05-27 15:00:00+02:00;406,000;1,000;MESURE
2026-05-27 16:00:00+02:00;481,000;1,000;MESURE
2026-05-27 17:00:00+02:00;362,000;1,000;MESURE
2026-05-27 18:00:00+02:00;441,000;1,000;MESURE
2026-05-27 19:00:00+02:00;408,000;1,000;MESURE
2026-05-27 20:00:00+02:00;399,000;1,000;MESURE
2026-05-27 21:00:00+02:00;207,000;1,000;MESURE
2026-05-27 22:00:00+02:00;413,000;1,000;MESURE
2026-05-27 23:00:00+02:00;337,000;1,000;MESURE
2026-05-28 00:00:00+02:00;326,000;1,000;MESURE
2026-05-28 01:00:00+02:00;294,000;1,000;MESURE
2026-05-28 02:00:00+02:00;254,000;1,000;MESURE
2026-05-28 03:00:00+02:00;336,000;1,000;MESURE
2026-05-28 04:00:00+02:00;230,000;1,000;MESURE
2026-05-28 05:00:00+02:00;278,000;1,000;MESURE
2026-05-28 06:00:00+02:00;234,000;1,000;MESURE
2026-05-28 07:00:00+02:00;886,000;1,000;MESURE
2026-05-28 08:00:00+02:00;1560,000;1,000;MESURE
2026-05-28 09:00:00+02:00;296,000;1,000;MESURE
2026-05-28 10:00:00+02:00;326,000;1,000;MESURE
2026-05-28 11:00:00+02:00;313,000;1,000;MESURE
2026-05-28 12:00:00+02:00;197,000;1,000;MESURE
2026-05-28 13:00:00+02:00;409,000;1,000;MESURE
2026-05-28 14:00:00+02:00;349,000;1,000;MESURE
2026-05-28 15:00:00+02:00;364,000;1,000;MESURE
2026-05-28 16:00:00+02:00;324,000;1,000;MESURE
2026-05-28 17:00:00+02:00;335,000;1,000;MESURE
2026-05-28 18:00:00+02:00;398,000;1,000;MESURE
2026-05-28 19:00:00+02:00;406,000;1,000;MESURE
2026-05-28 20:00:00+02:00;400,000;1,000;MESURE
2026-05-28 21:00:00+02:00;242,000;1,000;MESURE
2026-05-28 22:00:00+02:00;334,000;1,000;MESURE
2026-05-28 23:00:00+02:00;383,000;1,000;MESURE
2026-05-29 00:00:00+02:00;362,000;1,000;MESURE
2026-05-29 01:00:00+02:00;180,000;1,000;MESURE
2026-05-29 02:00:00+02:00;385,000;1,000;MESURE
2026-05-29 03:00:00+02:00;261,000;1,000;MESURE
2026-05-29 04:00:00+02:00;253,000;1,000;MESURE
2026-05-29 05:00:00+02:00;202,000;1,000;MESURE
2026-05-29 06:00:00+02:00;391,000;1,000;MESURE
2026-05-29 07:00:00+02:00;192,000;1,000;MESURE
2026-05-29 08:00:00+02:00;300,000;1,000;MESURE
2026-05-29 09:00:00+02:00;275,000;1,000;MESURE
2026-05-29 10:00:00+02:00;334,000;1,000;MESURE
2026-05-29 11:00:00+02:00;262,000;1,000;MESURE
2026-05-29 12:00:00+02:00;242,000;1,000;MESURE
2026-05-29 13:00:00+02:00;369,000;1,000;MESURE
2026-05-29 14:00:00+02:00;317,000;1,000;MESURE
2026-05-29 15:00:00+02:00;467,000;1,000;MESURE
2026-05-29 16:00:00+02:00;216,000;1,000;MESURE
2026-05-29 17:00:00+02:00;477,000;1,000;MESURE
2026-05-29 18:00:00+02:00;479,000;1,000;MESURE
2026-05-29 19:00:00+02:00;506,000;1,000;MESURE
2026-05-29 20:00:00+02:00;356,000;1,000;MESURE
2026-05-29 21:00:00+02:00;1390,000;1,000;MESURE
2026-05-29 22:00:00+02:00;1244,000;1,000;MESURE
2026-05-29 23:00:00+02:00;296,000;1,000;MESURE
2026-05-30 00:00:00+02:00;401,000;1,000;MESURE
2026-05-30 01:00:00+02:00;332,000;1,000;MESURE
2026-05-30 02:00:00+02:00;245,000;1,000;MESURE
2026-05-30 03:00:00+02:00;245,000;1,000;MESURE
2026-05-30 04:00:00+02:00;448,000;1,000;MESURE
2026-05-30 05:00:00+02:00;205,000;1,000;MESURE
2026-05-30 06:00:00+02:00;234,000;1,000;MESURE
2026-05-30 07:00:00+02:00;298,000;1,000;MESURE
2026-05-30 08:00:00+02:00;587,000;1,000;MESURE
2026-05-30 09:00:00+02:00;243,000;1,000;MESURE
2026-05-30 10:00:00+02:00;529,000;1,000;MESURE
2026-05-30 11:00:00+02:00;842,000;1,000;MESURE
2026-05-30 12:00:00+02:00;1823,000;1,000;MESURE
2026-05-30 13:00:00+02:00;445,000;1,000;MESURE
2026-05-30 14:00:00+02:00;1527,000;1,000;MESURE
2026-05-30 15:00:00+02:00;1656,000;1,000;MESURE
2026-05-30 16:00:00+02:00;545,000;1,000;MESURE
2026-05-30 17:00:00+02:00;364,000;1,000;MESURE
2026-05-30 18:00:00+02:00;458,000;1,000;MESURE
2026-05-30 19:00:00+02:00;395,000;1,000;MESURE
2026-05-30 20:00:00+02:00;393,000;1,000;MESURE
2026-05-30 21:00:00+02:00;257,000;1,000;MESURE
2026-05-30 22:00:00+02:00;476,000;1,000;MESURE
2026-05-30 23:00:00+02:00;294,000;1,000;MESURE
2026-05-31 00:00:00+02:00;332,000;1,000;MESURE
2026-05-31 01:00:00+02:00;246,000;1,000;MESURE
2026-05-31 02:00:00+02:00;350,000;1,000;MESURE
2026-05-31 03:00:00+02:00;283,000;1,000;MESURE
2026-05-31 04:00:00+02:00;231,000;1,000;MESURE
2026-05-31 05:00:00+02:00;344,000;1,000;MESURE
2026-05-31 06:00:00+02:00;288,000;1,000;MESURE
2026-05-31 07:00:00+02:00;250,000;1,000;MESURE
2026-05-31 08:00:00+02:00;281,000;1,000;MESURE
2026-05-31 09:00:00+02:00;331,000;1,000;MESURE
2026-05-31 10:00:00+02:00;199,000;1,000;MESURE
2026-05-31 11:00:00+02:00;375,000;1,000;MESURE
2026-05-31 12:00:00+02:00;302,000;1,000;MESURE
2026-05-31 13:00:00+02:00;314,000;1,000;MESURE
2026-05-31 14:00:00+02:00;256,000;1,000;MESURE
2026-05-31 15:00:00+02:00;424,000;1,000;MESURE
2026-05-31 16:00:00+02:00;304,000;1,000;MESURE
2026-05-31 17:00:00+02:00;326,000;1,000;MESURE
2026-05-31 18:00:00+02:00;343,000;1,000;MESURE
2026-05-31 19:00:00+02:00;377,000;1,000;MESURE
2026-05-31 20:00:00+02:00;280,000;1,000;MESURE
2026-05-31 21:00:00+02:00;280,000;1,000;MESURE
2026-05-31 22:00:00+02:00;395,000;1,000;MESURE
2026-05-31 23:00:00+02:00;240,000;1,000;MESURE
2026-06-01 00:00:00+02:00;283,000;1,000;MESURE
2026-06-01 01:00:00+02:00;311,000;1,000;MESURE
2026-06-01 02:00:00+02:00;347,000;1,000;MESURE
2026-06-01 03:00:00+02:00;157,000;1,000;MESURE
2026-06-01 04:00:00+02:00;326,000;1,000;MESURE
2026-06-01 05:00:00+02:00;291,000;1,000;MESURE
2026-06-01 06:00:00+02:00;268,000;1,000;MESURE
2026-06-01 07:00:00+02:00;224,000;1,000;MESURE
2026-06-01 08:00:00+02:00;1878,000;1,000;MESURE
2026-06-01 09:00:00+02:00;189,000;1,000;MESURE
2026-06-01 10:00:00+02:00;317,000;1,000;MESURE
2026-06-01 11:00:00+02:00;274,000;1,000;MESURE
2026-06-01 12:00:00+02:00;315,000;1,000;MESURE
2026-06-01 13:00:00+02:00;277,000;1,000;MESURE
2026-06-01 14:00:00+02:00;265,000;1,000;MESURE
2026-06-01 15:00:00+02:00;369,000;1,000;MESURE
2026-06-01 16:00:00+02:00;309,000;1,000;MESURE
2026-06-01 17:00:00+02:00;323,000;1,000;MESURE
2026-06-01 18:00:00+02:00;281,000;1,000;MESURE
2026-06-01 19:00:00+02:00;480,000;1,000;MESURE
2026-06-01 20:00:00+02:00;191,000;1,000;MESURE
2026-06-01 21:00:00+02:00;300,000;1,000;MESURE
2026-06-01 22:00:00+02:00;359,000;1,000;MESURE
2026-06-01 23:00:00+02:00;302,000;1,000;MESURE
2026-06-02 00:00:00+02:00;168,000;1,000;MESURE
2026-06-02 01:00:00+02:00;363,000;1,000;MESURE
2026-06-02 02:00:00+02:00;249,000;1,000;MESURE
2026-06-02 03:00:00+02:00;249,000;1,000;MESURE
2026-06-02 04:00:00+02:00;214,000;1,000;MESURE
2026-06-02 05:00:00+02:00;333,000;1,000;MESURE
2026-06-02 06:00:00+02:00;149,000;1,000;MESURE
2026-06-02 07:00:00+02:00;322,000;1,000;MESURE
2026-06-02 08:00:00+02:00;279,000;1,000;MESURE
2026-06-02 09:00:00+02:00;280,000;1,000;MESURE
2026-06-02 10:00:00+02:00;198,000;1,000;MESURE
2026-06-02 11:00:00+02:00;339,000;1,000;MESURE
2026-06-02 12:00:00+02:00;251,000;1,000;MESURE
2026-06-02 13:00:00+02:00;300,000;1,000;MESURE
2026-06-02 14:00:00+02:00;192,000;1,000;MESURE
2026-06-02 15:00:00+02:00;412,000;1,000;MESURE
2026-06-02 16:00:00+02:00;272,000;1,000;MESURE
2026-06-02 17:00:00+02:00;235,000;1,000;MESURE
2026-06-02 18:00:00+02:00;1538,000;1,000;MESURE
2026-06-02 19:00:00+02:00;924,000;1,000;MESURE
2026-06-02 20:00:00+02:00;255,000;1,000;MESURE
2026-06-02 21:00:00+02:00;212,000;1,000;MESURE
2026-06-02 22:00:00+02:00;378,000;1,000;MESURE
2026-06-02 23:00:00+02:00;207,000;1,000;MESURE
2026-06-03 00:00:00+02:00;192,000;1,000;MESURE
2026-06-03 01:00:00+02:00;334,000;1,000;MESURE
2026-06-03 02:00:00+02:00;187,000;1,000;MESURE
2026-06-03 03:00:00+02:00;259,000;1,000;MESURE
2026-06-03 04:00:00+02:00;117,000;1,000;MESURE
2026-06-03 05:00:00+02:00;378,000;1,000;MESURE
2026-06-03 06:00:00+02:00;191,000;1,000;MESURE
2026-06-03 07:00:00+02:00;132,000;1,000;MESURE
2026-06-03 08:00:00+02:00;274,000;1,000;MESURE
2026-06-03 09:00:00+02:00;260,000;1,000;MESURE
2026-06-03 10:00:00+02:00;259,000;1,000;MESURE
2026-06-03 11:00:00+02:00;147,000;1,000;MESURE
2026-06-03 12:00:00+02:00;339,000;1,000;MESURE
2026-06-03 13:00:00+02:00;271,000;1,000;MESURE
2026-06-03 14:00:00+02:00;253,000;1,000;MESURE
2026-06-03 15:00:00+02:00;205,000;1,000;MESURE
2026-06-03 16:00:00+02:00;414,000;1,000;MESURE
2026-06-03 17:00:00+02:00;181,000;1,000;MESURE
2026-06-03 18:00:00+02:00;283,000;1,000;MESURE
2026-06-03 19:00:00+02:00;312,000;1,000;MESURE
2026-06-03 20:00:00+02:00;329,000;1,000;MESURE
2026-06-03 21:00:00+02:00;196,000;1,000;MESURE
2026-06-03 22:00:00+02:00;323,000;1,000;MESURE
2026-06-03 23:00:00+02:00;230,000;1,000;MESURE
2026-06-04 00:00:00+02:00;270,000;1,000;MESURE
2026-06-04 01:00:00+02:00;181,000;1,000;MESURE
2026-06-04 02:00:00+02:00;1981,000;1,000;MESURE
2026-06-04 03:00:00+02:00;416,000;1,000;MESURE
2026-06-04 04:00:00+02:00;227,000;1,000;MESURE
2026-06-04 05:00:00+02:00;251,000;1,000;MESURE
2026-06-04 06:00:00+02:00;203,000;1,000;MESURE
2026-06-04 07:00:00+02:00;263,000;1,000;MESURE
2026-06-04 08:00:00+02:00;140,000;1,000;MESURE
2026-06-04 09:00:00+02:00;341,000;1,000;MESURE
2026-06-04 10:00:00+02:00;210,000;1,000;MESURE
2026-06-04 11:00:00+02:00;155,000;1,000;MESURE
2026-06-04 12:00:00+02:00;306,000;1,000;MESURE
2026-06-04 13:00:00+02:00;228,000;1,000;MESURE
2026-06-04 14:00:00+02:00;249,000;1,000;MESURE
2026-06-04 15:00:00+02:00;132,000;1,000;MESURE
2026-06-04 16:00:00+02:00;363,000;1,000;MESURE
2026-06-04 17:00:00+02:00;199,000;1,000;MESURE
2026-06-04 18:00:00+02:00;193,000;1,000;MESURE
2026-06-04 19:00:00+02:00;192,000;1,000;MESURE
2026-06-04 20:00:00+02:00;226,000;1,000;MESURE
2026-06-04 21:00:00+02:00;310,000;1,000;MESURE
2026-06-04 22:00:00+02:00;135,000;1,000;MESURE
2026-06-04 23:00:00+02:00;165,000;1,000;MESURE
2026-06-05 00:00:00+02:00;308,000;1,000;MESURE
2026-06-05 01:00:00+02:00;123,000;1,000;MESURE
2026-06-05 02:00:00+02:00;221,000;1,000;MESURE
2026-06-05 03:00:00+02:00;214,000;1,000;MESURE
2026-06-05 04:00:00+02:00;207,000;1,000;MESURE
2026-06-05 05:00:00+02:00;183,000;1,000;MESURE
2026-06-05 06:00:00+02:00;193,000;1,000;MESURE
2026-06-05 07:00:00+02:00;1951,000;1,000;MESURE
2026-06-05 08:00:00+02:00;263,000;1,000;MESURE
2026-06-05 09:00:00+02:00;276,000;1,000;MESURE
2026-06-05 10:00:00+02:00;112,000;1,000;MESURE
2026-06-05 11:00:00+02:00;195,000;1,000;MESURE
2026-06-05 12:00:00+02:00;224,000;1,000;MESURE
2026-06-05 13:00:00+02:00;229,000;1,000;MESURE
2026-06-05 14:00:00+02:00;294,000;1,000;MESURE
2026-06-05 15:00:00+02:00;117,000;1,000;MESURE
2026-06-05 16:00:00+02:00;279,000;1,000;MESURE
2026-06-05 17:00:00+02:00;283,000;1,000;MESURE
2026-06-05 18:00:00+02:00;210,000;1,000;MESURE
2026-06-05 19:00:00+02:00;207,000;1,000;MESURE
2026-06-05 20:00:00+02:00;231,000;1,000;MESURE
2026-06-05 21:00:00+02:00;346,000;1,000;MESURE
2026-06-05 22:00:00+02:00;144,000;1,000;MESURE
2026-06-05 23:00:00+02:00;226,000;1,000;MESURE
2026-06-06 00:00:00+02:00;257,000;1,000;MESURE
2026-06-06 01:00:00+02:00;194,000;1,000;MESURE
2026-06-06 02:00:00+02:00;235,000;1,000;MESURE
2026-06-06 03:00:00+02:00;158,000;1,000;MESURE
2026-06-06 04:00:00+02:00;254,000;1,000;MESURE
2026-06-06 05:00:00+02:00;199,000;1,000;MESURE
2026-06-06 06:00:00+02:00;174,000;1,000;MESURE
2026-06-06 07:00:00+02:00;221,000;1,000;MESURE
2026-06-06 08:00:00+02:00;422,000;1,000;MESURE
2026-06-06 09:00:00+02:00;155,000;1,000;MESURE
2026-06-06 10:00:00+02:00;261,000;1,000;MESURE
2026-06-06 11:00:00+02:00;1522,000;1,000;MESURE
2026-06-06 12:00:00+02:00;928,000;1,000;MESURE
2026-06-06 13:00:00+02:00;151,000;1,000;MESURE
2026-06-06 14:00:00+02:00;312,000;1,000;MESURE
2026-06-06 15:00:00+02:00;315,000;1,000;MESURE
2026-06-06 16:00:00+02:00;258,000;1,000;MESURE
2026-06-06 17:00:00+02:00;195,000;1,000;MESURE
2026-06-06 18:00:00+02:00;464,000;1,000;MESURE
2026-06-06 19:00:00+02:00;222,000;1,000;MESURE
2026-06-06 20:00:00+02:00;283,000;1,000;MESURE
2026-06-06 21:00:00+02:00;260,000;1,000;MESURE
2026-06-06 22:00:00+02:00;398,000;1,000;MESURE
2026-06-06 23:00:00+02:00;164,000;1,000;MESURE
2026-06-07 00:00:00+02:00;281,000;1,000;MESURE
2026-06-07 01:00:00+02:00;290,000;1,000;MESURE
2026-06-07 02:00:00+02:00;301,000;1,000;MESURE
2026-06-07 03:00:00+02:00;146,000;1,000;MESURE
2026-06-07 04:00:00+02:00;349,000;1,000;MESURE
2026-06-07 05:00:00+02:00;215,000;1,000;MESURE
2026-06-07 06:00:00+02:00;254,000;1,000;MESURE
2026-06-07 07:00:00+02:00;201,000;1,000;MESURE
2026-06-07 08:00:00+02:00;257,000;1,000;MESURE
2026-06-07 09:00:00+02:00;222,000;1,000;MESURE
2026-06-07 10:00:00+02:00;194,000;1,000;MESURE
2026-06-07 11:00:00+02:00;316,000;1,000;MESURE
2026-06-07 12:00:00+02:00;254,000;1,000;MESURE
2026-06-07 13:00:00+02:00;214,000;1,000;MESURE
2026-06-07 14:00:00+02:00;286,000;1,000;MESURE
2026-06-07 15:00:00+02:00;333,000;1,000;MESURE
2026-06-07 16:00:00+02:00;209,000;1,000;MESURE
2026-06-07 17:00:00+02:00;310,000;1,000;MESURE
2026-06-07 18:00:00+02:00;388,000;1,000;MESURE
2026-06-07 19:00:00+02:00;208,000;1,000;MESURE
2026-06-07 20:00:00+02:00;297,000;1,000;MESURE
2026-06-07 21:00:00+02:00;2167,000;1,000;MESURE
2026-06-07 22:00:00+02:00;274,000;1,000;MESURE
2026-06-07 23:00:00+02:00;188,000;1,000;MESURE
2026-06-08 00:00:00+02:00;385,000;1,000;MESURE
2026-06-08 01:00:00+02:00;210,000;1,000;MESURE
2026-06-08 02:00:00+02:00;212,000;1,000;MESURE
2026-06-08 03:00:00+02:00;257,000;1,000;MESURE
2026-06-08 04:00:00+02:00;232,000;1,000;MESURE
2026-06-08 05:00:00+02:00;226,000;1,000;MESURE
2026-06-08 06:00:00+02:00;139,000;1,000;MESURE
2026-06-08 07:00:00+02:00;402,000;1,000;MESURE
2026-06-08 08:00:00+02:00;151,000;1,000;MESURE
2026-06-08 09:00:00+02:00;216,000;1,000;MESURE
2026-06-08 10:00:00+02:00;214,000;1,000;MESURE
2026-06-08 11:00:00+02:00;354,000;1,000;MESURE
2026-06-08 12:00:00+02:00;207,000;1,000;MESURE
2026-06-08 13:00:00+02:00;311,000;1,000;MESURE
2026-06-08 14:00:00+02:00;317,000;1,000;MESURE
2026-06-08 15:00:00+02:00;378,000;1,000;MESURE
2026-06-08 16:00:00+02:00;165,000;1,000;MESURE
2026-06-08 17:00:00+02:00;391,000;1,000;MESURE
2026-06-08 18:00:00+02:00;356,000;1,000;MESURE
2026-06-08 19:00:00+02:00;223,000;1,000;MESURE
2026-06-08 20:00:00+02:00;246,000;1,000;MESURE
2026-06-08 21:00:00+02:00;335,000;1,000;MESURE
2026-06-08 22:00:00+02:00;281,000;1,000;MESURE
2026-06-08 23:00:00+02:00;182,000;1,000;MESURE
2026-06-09 00:00:00+02:00;337,000;1,000;MESURE
2026-06-09 01:00:00+02:00;247,000;1,000;MESURE
2026-06-09 02:00:00+02:00;241,000;1,000;MESURE
2026-06-09 03:00:00+02:00;225,000;1,000;MESURE
2026-06-09 04:00:00+02:00;330,000;1,000;MESURE
2026-06-09 05:00:00+02:00;1464,000;1,000;MESURE
2026-06-09 06:00:00+02:00;803,000;1,000;MESURE
2026-06-09 07:00:00+02:00;276,000;1,000;MESURE
2026-06-09 08:00:00+02:00;238,000;1,000;MESURE
2026-06-09 09:00:00+02:00;193,000;1,000;MESURE
2026-06-09 10:00:00+02:00;270,000;1,000;MESURE
2026-06-09 11:00:00+02:00;279,000;1,000;MESURE
2026-06-09 12:00:00+02:00;153,000;1,000;MESURE
2026-06-09 13:00:00+02:00;273,000;1,000;MESURE
2026-06-09 14:00:00+02:00;250,000;1,000;MESURE
2026-06-09 15:00:00+02:00;284,000;1,000;MESURE
2026-06-09 16:00:00+02:00;143,000;1,000;MESURE
2026-06-09 17:00:00+02:00;364,000;1,000;MESURE
2026-06-09 18:00:00+02:00;210,000;1,000;MESURE
2026-06-09 19:00:00+02:00;258,000;1,000;MESURE
2026-06-09 20:00:00+02:00;191,000;1,000;MESURE
2026-06-09 21:00:00+02:00;332,000;1,000;MESURE
2026-06-09 22:00:00+02:00;155,000;1,000;MESURE
2026-06-09 23:00:00+02:00;222,000;1,000;MESURE
2026-06-10 00:00:00+02:00;273,000;1,000;MESURE
2026-06-10 01:00:00+02:00;172,000;1,000;MESURE
2026-06-10 02:00:00+02:00;254,000;1,000;MESURE
2026-06-10 03:00:00+02:00;167,000;1,000;MESURE
2026-06-10 04:00:00+02:00;293,000;1,000;MESURE
2026-06-10 05:00:00+02:00;139,000;1,000;MESURE
2026-06-10 06:00:00+02:00;133,000;1,000;MESURE
2026-06-10 07:00:00+02:00;325,000;1,000;MESURE
2026-06-10 08:00:00+02:00;200,000;1,000;MESURE
2026-06-10 09:00:00+02:00;194,000;1,000;MESURE
2026-06-10 10:00:00+02:00;1903,000;1,000;MESURE
2026-06-10 11:00:00+02:00;385,000;1,000;MESURE
2026-06-10 12:00:00+02:00;324,000;1,000;MESURE
2026-06-10 13:00:00+02:00;133,000;1,000;MESURE
2026-06-10 14:00:00+02:00;239,000;1,000;MESURE
2026-06-10 15:00:00+02:00;245,000;1,000;MESURE
2026-06-10 16:00:00+02:00;343,000;1,000;MESURE
2026-06-10 17:00:00+02:00;143,000;1,000;MESURE
2026-06-10 18:00:00+02:00;297,000;1,000;MESURE
2026-06-10 19:00:00+02:00;306,000;1,000;MESURE
2026-06-10 20:00:00+02:00;241,000;1,000;MESURE
2026-06-10 21:00:00+02:00;171,000;1,000;MESURE
2026-06-10 22:00:00+02:00;289,000;1,000;MESURE
2026-06-10 23:00:00+02:00;248,000;1,000;MESURE
2026-06-11 00:00:00+02:00;137,000;1,000;MESURE
2026-06-11 01:00:00+02:00;296,000;1,000;MESURE
2026-06-11 02:00:00+02:00;195,000;1,000;MESURE
2026-06-11 03:00:00+02:00;134,000;1,000;MESURE
2026-06-11 04:00:00+02:00;324,000;1,000;MESURE
2026-06-11 05:00:00+02:00;195,000;1,000;MESURE
2026-06-11 06:00:00+02:00;171,000;1,000;MESURE
2026-06-11 07:00:00+02:00;228,000;1,000;MESURE
2026-06-11 08:00:00+02:00;109,000;1,000;MESURE
2026-06-11 09:00:00+02:00;329,000;1,000;MESURE
2026-06-11 10:00:00+02:00;241,000;1,000;MESURE
2026-06-11 11:00:00+02:00;196,000;1,000;MESURE
2026-06-11 12:00:00+02:00;191,000;1,000;MESURE
2026-06-11 13:00:00+02:00;284,000;1,000;MESURE
2026-06-11 14:00:00+02:00;292,000;1,000;MESURE
2026-06-11 15:00:00+02:00;859,000;1,000;MESURE
2026-06-11 16:00:00+02:00;1418,000;1,000;MESURE
2026-06-11 17:00:00+02:00;288,000;1,000;MESURE
2026-06-11 18:00:00+02:00;251,000;1,000;MESURE
2026-06-11 19:00:00+02:00;164,000;1,000;MESURE
2026-06-11 20:00:00+02:00;372,000;1,000;MESURE
2026-06-11 21:00:00+02:00;214,000;1,000;MESURE
2026-06-11 22:00:00+02:00;253,000;1,000;MESURE
2026-06-11 23:00:00+02:00;209,000;1,000;MESURE
2026-06-12 00:00:00+02:00;286,000;1,000;MESURE
2026-06-12 01:00:00+02:00;197,000;1,000;MESURE
2026-06-12 02:00:00+02:00;195,000;1,000;MESURE
2026-06-12 03:00:00+02:00;269,000;1,000;MESURE
2026-06-12 04:00:00+02:00;131,000;1,000;MESURE
2026-06-12 05:00:00+02:00;310,000;1,000;MESURE
2026-06-12 06:00:00+02:00;193,000;1,000;MESURE
2026-06-12 07:00:00+02:00;223,000;1,000;MESURE
2026-06-12 08:00:00+02:00;234,000;1,000;MESURE
2026-06-12 09:00:00+02:00;122,000;1,000;MESURE
2026-06-12 10:00:00+02:00;397,000;1,000;MESURE
2026-06-12 11:00:00+02:00;167,000;1,000;MESURE
2026-06-12 12:00:00+02:00;259,000;1,000;MESURE
2026-06-12 13:00:00+02:00;235,000;1,000;MESURE
2026-06-12 14:00:00+02:00;383,000;1,000;MESURE
2026-06-12 15:00:00+02:00;149,000;1,000;MESURE
2026-06-12 16:00:00+02:00;278,000;1,000;MESURE
2026-06-12 17:00:00+02:00;330,000;1,000;MESURE
2026-06-12 18:00:00+02:00;326,000;1,000;MESURE
2026-06-12 19:00:00+02:00;191,000;1,000;MESURE
2026-06-12 20:00:00+02:00;401,000;1,000;MESURE
2026-06-12 21:00:00+02:00;266,000;1,000;MESURE
2026-06-12 22:00:00+02:00;235,000;1,000;MESURE
2026-06-12 23:00:00+02:00;1550,000;1,000;MESURE
2026-06-13 00:00:00+02:00;888,000;1,000;MESURE
2026-06-13 01:00:00+02:00;188,000;1,000;MESURE
2026-06-13 02:00:00+02:00;206,000;1,000;MESURE
2026-06-13 03:00:00+02:00;278,000;1,000;MESURE
2026-06-13 04:00:00+02:00;279,000;1,000;MESURE
2026-06-13 05:00:00+02:00;171,000;1,000;MESURE
2026-06-13 06:00:00+02:00;324,000;1,000;MESURE
2026-06-13 07:00:00+02:00;184,000;1,000;MESURE
2026-06-13 08:00:00+02:00;334,000;1,000;MESURE
2026-06-13 09:00:00+02:00;327,000;1,000;MESURE
2026-06-13 10:00:00+02:00;329,000;1,000;MESURE
2026-06-13 11:00:00+02:00;158,000;1,000;MESURE
2026-06-13 12:00:00+02:00;364,000;1,000;MESURE
2026-06-13 13:00:00+02:00;306,000;1,000;MESURE
2026-06-13 14:00:00+02:00;308,000;1,000;MESURE
2026-06-13 15:00:00+02:00;379,000;1,000;MESURE
2026-06-13 16:00:00+02:00;2502,000;1,000;MESURE
2026-06-13 17:00:00+02:00;533,000;1,000;MESURE
2026-06-13 18:00:00+02:00;232,000;1,000;MESURE
2026-06-13 19:00:00+02:00;410,000;1,000;MESURE
2026-06-13 20:00:00+02:00;316,000;1,000;MESURE
2026-06-13 21:00:00+02:00;291,000;1,000;MESURE
2026-06-13 22:00:00+02:00;280,000;1,000;MESURE
2026-06-13 23:00:00+02:00;338,000;1,000;MESURE
2026-06-14 00:00:00+02:00;298,000;1,000;MESURE
2026-06-14 01:00:00+02:00;168,000;1,000;MESURE
2026-06-14 02:00:00+02:00;382,000;1,000;MESURE
2026-06-14 03:00:00+02:00;253,000;1,000;MESURE
2026-06-14 04:00:00+02:00;224,000;1,000;MESURE
2026-06-14 05:00:00+02:00;239,000;1,000;MESURE
2026-06-14 06:00:00+02:00;314,000;1,000;MESURE
2026-06-14 07:00:00+02:00;205,000;1,000;MESURE
2026-06-14 08:00:00+02:00;230,000;1,000;MESURE
2026-06-14 09:00:00+02:00;279,000;1,000;MESURE
2026-06-14 10:00:00+02:00;263,000;1,000;MESURE
2026-06-14 11:00:00+02:00;219,000;1,000;MESURE
2026-06-14 12:00:00+02:00;293,000;1,000;MESURE
2026-06-14 13:00:00+02:00;353,000;1,000;MESURE
2026-06-14 14:00:00+02:00;172,000;1,000;MESURE
2026-06-14 15:00:00+02:00;384,000;1,000;MESURE
2026-06-14 16:00:00+02:00;322,000;1,000;MESURE
2026-06-14 17:00:00+02:00;304,000;1,000;MESURE
2026-06-14 18:00:00+02:00;273,000;1,000;MESURE
2026-06-14 19:00:00+02:00;372,000;1,000;MESURE
2026-06-14 20:00:00+02:00;357,000;1,000;MESURE
2026-06-14 21:00:00+02:00;172,000;1,000;MESURE
2026-06-14 22:00:00+02:00;367,000;1,000;MESURE
2026-06-14 23:00:00+02:00;313,000;1,000;MESURE
2026-06-15 00:00:00+02:00;232,000;1,000;MESURE
2026-06-15 01:00:00+02:00;264,000;1,000;MESURE
2026-06-15 02:00:00+02:00;274,000;1,000;MESURE
2026-06-15 03:00:00+02:00;291,000;1,000;MESURE
2026-06-15 04:00:00+02:00;1025,000;1,000;MESURE
2026-06-15 05:00:00+02:00;1150,000;1,000;MESURE
2026-06-15 06:00:00+02:00;258,000;1,000;MESURE
2026-06-15 07:00:00+02:00;232,000;1,000;MESURE
2026-06-15 08:00:00+02:00;270,000;1,000;MESURE
2026-06-15 09:00:00+02:00;261,000;1,000;MESURE
2026-06-15 10:00:00+02:00;195,000;1,000;MESURE
2026-06-15 11:00:00+02:00;289,000;1,000;MESURE
2026-06-15 12:00:00+02:00;292,000;1,000;MESURE
2026-06-15 13:00:00+02:00;292,000;1,000;MESURE
2026-06-15 14:00:00+02:00;212,000;1,000;MESURE
2026-06-15 15:00:00+02:00;391,000;1,000;MESURE
2026-06-15 16:00:00+02:00;323,000;1,000;MESURE
2026-06-15 17:00:00+02:00;219,000;1,000;MESURE
2026-06-15 18:00:00+02:00;409,000;1,000;MESURE
2026-06-15 19:00:00+02:00;345,000;1,000;MESURE
2026-06-15 20:00:00+02:00;310,000;1,000;MESURE
2026-06-15 21:00:00+02:00;206,000;1,000;MESURE
2026-06-15 22:00:00+02:00;405,000;1,000;MESURE
2026-06-15 23:00:00+02:00;267,000;1,000;MESURE
2026-06-16 00:00:00+02:00;204,000;1,000;MESURE
2026-06-16 01:00:00+02:00;395,000;1,000;MESURE
2026-06-16 02:00:00+02:00;203,000;1,000;MESURE
2026-06-16 03:00:00+02:00;253,000;1,000;MESURE
2026-06-16 04:00:00+02:00;251,000;1,000;MESURE
2026-06-16 05:00:00+02:00;284,000;1,000;MESURE
2026-06-16 06:00:00+02:00;138,000;1,000;MESURE
2026-06-16 07:00:00+02:00;344,000;1,000;MESURE
2026-06-16 08:00:00+02:00;277,000;1,000;MESURE
2026-06-16 09:00:00+02:00;245,000;1,000;MESURE
2026-06-16 10:00:00+02:00;146,000;1,000;MESURE
2026-06-16 11:00:00+02:00;422,000;1,000;MESURE
2026-06-16 12:00:00+02:00;200,000;1,000;MESURE
2026-06-16 13:00:00+02:00;465,000;1,000;MESURE
2026-06-16 14:00:00+02:00;2054,000;1,000;MESURE
2026-06-16 15:00:00+02:00;337,000;1,000;MESURE
2026-06-16 16:00:00+02:00;297,000;1,000;MESURE
2026-06-16 17:00:00+02:00;289,000;1,000;MESURE
2026-06-16 18:00:00+02:00;438,000;1,000;MESURE
2026-06-16 19:00:00+02:00;296,000;1,000;MESURE
2026-06-16 20:00:00+02:00;394,000;1,000;MESURE
2026-06-16 21:00:00+02:00;265,000;1,000;MESURE
2026-06-16 22:00:00+02:00;351,000;1,000;MESURE
2026-06-16 23:00:00+02:00;341,000;1,000;MESURE
2026-06-17 00:00:00+02:00;231,000;1,000;MESURE
2026-06-17 01:00:00+02:00;357,000;1,000;MESURE
2026-06-17 02:00:00+02:00;281,000;1,000;MESURE
2026-06-17 03:00:00+02:00;262,000;1,000;MESURE
2026-06-17 04:00:00+02:00;211,000;1,000;MESURE
2026-06-17 05:00:00+02:00;318,000;1,000;MESURE
2026-06-17 06:00:00+02:00;249,000;1,000;MESURE
2026-06-17 07:00:00+02:00;228,000;1,000;MESURE
2026-06-17 08:00:00+02:00;363,000;1,000;MESURE
2026-06-17 09:00:00+02:00;249,000;1,000;MESURE
2026-06-17 10:00:00+02:00;249,000;1,000;MESURE
2026-06-17 11:00:00+02:00;289,000;1,000;MESURE
2026-06-17 12:00:00+02:00;371,000;1,000;MESURE
2026-06-17 13:00:00+02:00;193,000;1,000;MESURE
2026-06-17 14:00:00+02:00;386,000;1,000;MESURE
2026-06-17 15:00:00+02:00;433,000;1,000;MESURE
2026-06-17 16:00:00+02:00;325,000;1,000;MESURE
2026-06-17 17:00:00+02:00;317,000;1,000;MESURE
2026-06-17 18:00:00+02:00;388,000;1,000;MESURE
2026-06-17 19:00:00+02:00;414,000;1,000;MESURE
2026-06-17 20:00:00+02:00;399,000;1,000;MESURE
2026-06-17 21:00:00+02:00;404,000;1,000;MESURE
2026-06-17 22:00:00+02:00;207,000;1,000;MESURE
2026-06-17 23:00:00+02:00;419,000;1,000;MESURE
2026-06-18 00:00:00+02:00;329,000;1,000;MESURE
2026-06-18 01:00:00+02:00;247,000;1,000;MESURE
2026-06-18 02:00:00+02:00;327,000;1,000;MESURE
2026-06-18 03:00:00+02:00;303,000;1,000;MESURE
2026-06-18 04:00:00+02:00;271,000;1,000;MESURE
2026-06-18 05:00:00+02:00;1326,000;1,000;MESURE
2026-06-18 06:00:00+02:00;1206,000;1,000;MESURE
2026-06-18 07:00:00+02:00;183,000;1,000;MESURE
2026-06-18 08:00:00+02:00;323,000;1,000;MESURE
2026-06-18 09:00:00+02:00;291,000;1,000;MESURE
2026-06-18 10:00:00+02:00;303,000;1,000;MESURE
2026-06-18 11:00:00+02:00;285,000;1,000;MESURE
2026-06-18 12:00:00+02:00;277,000;1,000;MESURE
2026-06-18 13:00:00+02:00;485,000;1,000;MESURE
2026-06-18 14:00:00+02:00;283,000;1,000;MESURE
2026-06-18 15:00:00+02:00;331,000;1,000;MESURE
2026-06-18 16:00:00+02:00;383,000;1,000;MESURE
2026-06-18 17:00:00+02:00;505,000;1,000;MESURE
2026-06-18 18:00:00+02:00;365,000;1,000;MESURE
2026-06-18 19:00:00+02:00;478,000;1,000;MESURE
2026-06-18 20:00:00+02:00;428,000;1,000;MESURE
2026-06-18 21:00:00+02:00;375,000;1,000;MESURE
2026-06-18 22:00:00+02:00;313,000;1,000;MESURE
2026-06-18 23:00:00+02:00;351,000;1,000;MESURE
2026-06-19 00:00:00+02:00;291,000;1,000;MESURE
2026-06-19 01:00:00+02:00;418,000;1,000;MESURE
2026-06-19 02:00:00+02:00;223,000;1,000;MESURE
2026-06-19 03:00:00+02:00;328,000;1,000;MESURE
2026-06-19 04:00:00+02:00;377,000;1,000;MESURE
2026-06-19 05:00:00+02:00;203,000;1,000;MESURE
2026-06-19 06:00:00+02:00;307,000;1,000;MESURE
2026-06-19 07:00:00+02:00;304,000;1,000;MESURE
2026-06-19 08:00:00+02:00;334,000;1,000;MESURE
2026-06-19 09:00:00+02:00;204,000;1,000;MESURE
2026-06-19 10:00:00+02:00;372,000;1,000;MESURE
2026-06-19 11:00:00+02:00;340,000;1,000;MESURE
2026-06-19 12:00:00+02:00;282,000;1,000;MESURE
2026-06-19 13:00:00+02:00;380,000;1,000;MESURE
2026-06-19 14:00:00+02:00;388,000;1,000;MESURE
2026-06-19 15:00:00+02:00;454,000;1,000;MESURE
2026-06-19 16:00:00+02:00;363,000;1,000;MESURE
2026-06-19 17:00:00+02:00;376,000;1,000;MESURE
2026-06-19 18:00:00+02:00;342,000;1,000;MESURE
2026-06-19 19:00:00+02:00;446,000;1,000;MESURE
2026-06-19 20:00:00+02:00;425,000;1,000;MESURE
2026-06-19 21:00:00+02:00;419,000;1,000;MESURE
2026-06-19 22:00:00+02:00;261,000;1,000;MESURE
2026-06-19 23:00:00+02:00;704,000;1,000;MESURE
2026-06-20 00:00:00+02:00;2015,000;1,000;MESURE
2026-06-20 01:00:00+02:00;275,000;1,000;MESURE
2026-06-20 02:00:00+02:00;315,000;1,000;MESURE
2026-06-20 03:00:00+02:00;316,000;1,000;MESURE
2026-06-20 04:00:00+02:00;355,000;1,000;MESURE
2026-06-20 05:00:00+02:00;174,000;1,000;MESURE
2026-06-20 06:00:00+02:00;373,000;1,000;MESURE
2026-06-20 07:00:00+02:00;457,000;1,000;MESURE
2026-06-20 08:00:00+02:00;321,000;1,000;MESURE
2026-06-20 09:00:00+02:00;412,000;1,000;MESURE
2026-06-20 10:00:00+02:00;405,000;1,000;MESURE
2026-06-20 11:00:00+02:00;308,000;1,000;MESURE
2026-06-20 12:00:00+02:00;359,000;1,000;MESURE
2026-06-20 13:00:00+02:00;409,000;1,000;MESURE
2026-06-20 14:00:00+02:00;467,000;1,000;MESURE
2026-06-20 15:00:00+02:00;380,000;1,000;MESURE
2026-06-20 16:00:00+02:00;480,000;1,000;MESURE
2026-06-20 17:00:00+02:00;435,000;1,000;MESURE
2026-06-20 18:00:00+02:00;442,000;1,000;MESURE
2026-06-20 19:00:00+02:00;466,000;1,000;MESURE
2026-06-20 20:00:00+02:00;423,000;1,000;MESURE
2026-06-20 21:00:00+02:00;444,000;1,000;MESURE
2026-06-20 22:00:00+02:00;286,000;1,000;MESURE
2026-06-20 23:00:00+02:00;360,000;1,000;MESURE
2026-06-21 00:00:00+02:00;415,000;1,000;MESURE
2026-06-21 01:00:00+02:00;365,000;1,000;MESURE
2026-06-21 02:00:00+02:00;264,000;1,000;MESURE
2026-06-21 03:00:00+02:00;356,000;1,000;MESURE
2026-06-21 04:00:00+02:00;379,000;1,000;MESURE
2026-06-21 05:00:00+02:00;220,000;1,000;MESURE
2026-06-21 06:00:00+02:00;390,000;1,000;MESURE
2026-06-21 07:00:00+02:00;298,000;1,000;MESURE
2026-06-21 08:00:00+02:00;329,000;1,000;MESURE
2026-06-21 09:00:00+02:00;241,000;1,000;MESURE
2026-06-21 10:00:00+02:00;427,000;1,000;MESURE
2026-06-21 11:00:00+02:00;312,000;1,000;MESURE
2026-06-21 12:00:00+02:00;358,000;1,000;MESURE
2026-06-21 13:00:00+02:00;329,000;1,000;MESURE
2026-06-21 14:00:00+02:00;521,000;1,000;MESURE
2026-06-21 15:00:00+02:00;492,000;1,000;MESURE
2026-06-21 16:00:00+02:00;405,000;1,000;MESURE
2026-06-21 17:00:00+02:00;2281,000;1,000;MESURE
2026-06-21 18:00:00+02:00;640,000;1,000;MESURE
2026-06-21 19:00:00+02:00;434,000;1,000;MESURE
2026-06-21 20:00:00+02:00;519,000;1,000;MESURE
2026-06-21 21:00:00+02:00;422,000;1,000;MESURE
2026-06-21 22:00:00+02:00;445,000;1,000;MESURE
2026-06-21 23:00:00+02:00;265,000;1,000;MESURE
2026-06-22 00:00:00+02:00;368,000;1,000;MESURE
2026-06-22 01:00:00+02:00;365,000;1,000;MESURE
2026-06-22 02:00:00+02:00;406,000;1,000;MESURE
2026-06-22 03:00:00+02:00;232,000;1,000;MESURE
2026-06-22 04:00:00+02:00;360,000;1,000;MESURE
2026-06-22 05:00:00+02:00;311,000;1,000;MESURE
2026-06-22 06:00:00+02:00;357,000;1,000;MESURE
2026-06-22 07:00:00+02:00;240,000;1,000;MESURE
2026-06-22 08:00:00+02:00;412,000;1,000;MESURE
2026-06-22 09:00:00+02:00;327,000;1,000;MESURE
2026-06-22 10:00:00+02:00;290,000;1,000;MESURE
2026-06-22 11:00:00+02:00;386,000;1,000;MESURE
2026-06-22 12:00:00+02:00;436,000;1,000;MESURE
2026-06-22 13:00:00+02:00;407,000;1,000;MESURE
2026-06-22 14:00:00+02:00;465,000;1,000;MESURE
2026-06-22 15:00:00+02:00;485,000;1,000;MESURE
2026-06-22 16:00:00+02:00;397,000;1,000;MESURE
2026-06-22 17:00:00+02:00;481,000;1,000;MESURE
2026-06-22 18:00:00+02:00;487,000;1,000;MESURE
2026-06-22 19:00:00+02:00;397,000;1,000;MESURE
2026-06-22 20:00:00+02:00;564,000;1,000;MESURE
2026-06-22 21:00:00+02:00;433,000;1,000;MESURE
2026-06-22 22:00:00+02:00;359,000;1,000;MESURE
2026-06-22 23:00:00+02:00;314,000;1,000;MESURE
