horodate_locale;puissance_W;couverture;origine
2025-01-01 00:00:00+01:00;9109,000;1,000;MESURE
2025-01-01 01:00:00+01:00;9355,000;1,000;MESURE
2025-01-01 02:00:00+01:00;9301,000;1,000;MESURE
2025-01-01 03:00:00+01:00;9329,000;1,000;MESURE
2025-01-01 04:00:00+01:00;9337,000;1,000;MESURE
2025-01-01 05:00:00+01:00;9348,000;1,000;MESURE
2025-01-01 06:00:00+01:00;9315,000;1,000;MESURE
2025-01-01 07:00:00+01:00;9357,000;1,000;MESURE
2025-01-01 08:00:00+01:00;2881,000;1,000;MESURE
2025-01-01 09:00:00+01:00;0,000;1,000;MESURE
2025-01-01 10:00:00+01:00;0,000;1,000;MESURE
2025-01-01 11:00:00+01:00;0,000;1,000;MESURE
2025-01-01 12:00:00+01:00;0,000;1,000;MESURE
2025-01-01 13:00:00+01:00;0,000;1,000;MESURE
2025-01-01 14:00:00+01:00;0,000;1,000;MESURE
2025-01-01 15:00:00+01:00;0,000;1,000;MESURE
2025-01-01 16:00:00+01:00;0,000;1,000;MESURE
2025-01-01 17:00:00+01:00;6794,000;1,000;MESURE
2025-01-01 18:00:00+01:00;9253,000;1,000;MESURE
2025-01-01 19:00:00+01:00;9003,000;1,000;MESURE
2025-01-01 20:00:00+01:00;9045,000;1,000;MESURE
2025-01-01 21:00:00+01:00;9142,000;1,000;MESURE
2025-01-01 22:00:00+01:00;9262,000;1,000;MESURE
2025-01-01 23:00:00+01:00;9178,000;1,000;MESURE
2025-01-02 00:00:00+01:00;9326,000;1,000;MESURE
2025-01-02 01:00:00+01:00;9267,000;1,000;MESURE
2025-01-02 02:00:00+01:00;9320,000;1,000;MESURE
2025-01-02 03:00:00+01:00;9333,000;1,000;MESURE
2025-01-02 04:00:00+01:00;9279,000;1,000;MESURE
2025-01-02 05:00:00+01:00;9283,000;1,000;MESURE
2025-01-02 06:00:00+01:00;9315,000;1,000;MESURE
2025-01-02 07:00:00+01:00;8599,000;1,000;MESURE
2025-01-02 08:00:00+01:00;0,000;1,000;MESURE
2025-01-02 09:00:00+01:00;0,000;1,000;MESURE
2025-01-02 10:00:00+01:00;0,000;1,000;MESURE
2025-01-02 11:00:00+01:00;0,000;1,000;MESURE
2025-01-02 12:00:00+01:00;0,000;1,000;MESURE
2025-01-02 13:00:00+01:00;0,000;1,000;MESURE
2025-01-02 14:00:00+01:00;0,000;1,000;MESURE
2025-01-02 15:00:00+01:00;1995,000;1,000;MESURE
2025-01-02 16:00:00+01:00;9364,000;1,000;MESURE
2025-01-02 17:00:00+01:00;9146,000;1,000;MESURE
2025-01-02 18:00:00+01:00;9190,000;1,000;MESURE
2025-01-02 19:00:00+01:00;9339,000;1,000;MESURE
2025-01-02 20:00:00+01:00;9474,000;1,000;MESURE
2025-01-02 21:00:00+01:00;9443,000;1,000;MESURE
2025-01-02 22:00:00+01:00;9472,000;0,500;INTERP_COURTE
2025-01-02 23:00:00+01:00;9501,000;0,000;INTERP_COURTE
2025-01-03 00:00:00+01:00;9530,000;1,000;MESURE
2025-01-03 01:00:00+01:00;9611,000;1,000;MESURE
2025-01-03 02:00:00+01:00;9553,000;1,000;MESURE
2025-01-03 03:00:00+01:00;9604,000;1,000;MESURE
2025-01-03 04:00:00+01:00;9584,000;1,000;MESURE
2025-01-03 05:00:00+01:00;9546,000;1,000;MESURE
2025-01-03 06:00:00+01:00;9527,000;1,000;MESURE
2025-01-03 07:00:00+01:00;9468,000;1,000;MESURE
2025-01-03 08:00:00+01:00;2917,000;1,000;MESURE
2025-01-03 09:00:00+01:00;0,000;1,000;MESURE
2025-01-03 10:00:00+01:00;0,000;1,000;MESURE
2025-01-03 11:00:00+01:00;0,000;1,000;MESURE
2025-01-03 12:00:00+01:00;0,000;1,000;MESURE
2025-01-03 13:00:00+01:00;0,000;1,000;MESURE
2025-01-03 14:00:00+01:00;0,000;1,000;MESURE
2025-01-03 15:00:00+01:00;0,000;1,000;MESURE
2025-01-03 16:00:00+01:00;0,000;1,000;MESURE
2025-01-03 17:00:00+01:00;6740,000;1,000;MESURE
2025-01-03 18:00:00+01:00;9686,000;1,000;MESURE
2025-01-03 19:00:00+01:00;9471,000;1,000;MESURE
2025-01-03 20:00:00+01:00;9565,000;1,000;MESURE
2025-01-03 21:00:00+01:00;9401,000;1,000;MESURE
2025-01-03 22:00:00+01:00;9315,000;1,000;MESURE
2025-01-03 23:00:00+01:00;9240,000;1,000;MESURE
2025-01-04 00:00:00+01:00;9381,000;1,000;MESURE
2025-01-04 01:00:00+01:00;9448,000;1,000;MESURE
2025-01-04 02:00:00+01:00;9362,000;1,000;MESURE
2025-01-04 03:00:00+01:00;9321,000;1,000;MESURE
2025-01-04 04:00:00+01:00;9298,000;1,000;MESURE
2025-01-04 05:00:00+01:00;9267,000;1,000;MESURE
2025-01-04 06:00:00+01:00;9275,000;1,000;MESURE
2025-01-04 07:00:00+01:00;9475,000;1,000;MESURE
2025-01-04 08:00:00+01:00;2947,000;1,000;MESURE
2025-01-04 09:00:00+01:00;0,000;1,000;MESURE
2025-01-04 10:00:00+01:00;0,000;1,000;MESURE
2025-01-04 11:00:00+01:00;0,000;1,000;MESURE
2025-01-04 12:00:00+01:00;0,000;1,000;MESURE
2025-01-04 13:00:00+01:00;0,000;1,000;MESURE
2025-01-04 14:00:00+01:00;0,000;1,000;MESURE
2025-01-04 15:00:00+01:00;0,000;1,000;MESURE
2025-01-04 16:00:00+01:00;0,000;1,000;MESURE
2025-01-04 17:00:00+01:00;6619,000;1,000;MESURE
2025-01-04 18:00:00+01:00;9635,000;1,000;MESURE
2025-01-04 19:00:00+01:00;9423,000;1,000;MESURE
2025-01-04 20:00:00+01:00;9465,000;1,000;MESURE
2025-01-04 21:00:00+01:00;9295,000;1,000;MESURE
2025-01-04 22:00:00+01:00;9402,000;1,000;MESURE
2025-01-04 23:00:00+01:00;9411,000;1,000;MESURE
2025-01-05 00:00:00+01:00;9592,000;1,000;MESURE
2025-01-05 01:00:00+01:00;9517,000;1,000;MESURE
2025-01-05 02:00:00+01:00;9700,000;1,000;MESURE
2025-01-05 03:00:00+01:00;9582,000;1,000;MESURE
2025-01-05 04:00:00+01:00;9492,000;1,000;MESURE
2025-01-05 05:00:00+01:00;9547,000;1,000;MESURE
2025-01-05 06:00:00+01:00;9502,000;1,000;MESURE
2025-01-05 07:00:00+01:00;9544,000;1,000;MESURE
2025-01-05 08:00:00+01:00;2972,000;1,000;MESURE
2025-01-05 09:00:00+01:00;0,000;1,000;MESURE
2025-01-05 10:00:00+01:00;0,000;1,000;MESURE
2025-01-05 11:00:00+01:00;0,000;1,000;MESURE
2025-01-05 12:00:00+01:00;0,000;1,000;MESURE
2025-01-05 13:00:00+01:00;0,000;1,000;MESURE
2025-01-05 14:00:00+01:00;0,000;1,000;MESURE
2025-01-05 15:00:00+01:00;0,000;1,000;MESURE
2025-01-05 16:00:00+01:00;0,000;1,000;MESURE
2025-01-05 17:00:00+01:00;6413,000;1,000;MESURE
2025-01-05 18:00:00+01:00;9537,000;1,000;MESURE
2025-01-05 19:00:00+01:00;9372,000;1,000;MESURE
2025-01-05 20:00:00+01:00;9407,000;1,000;MESURE
2025-01-05 21:00:00+01:00;9483,000;1,000;MESURE
2025-01-05 22:00:00+01:00;9553,000;1,000;MESURE
2025-01-05 23:00:00+01:00;9401,000;1,000;MESURE
2025-01-06 00:00:00+01:00;9454,000;1,000;MESURE
2025-01-06 01:00:00+01:00;9431,000;1,000;MESURE
2025-01-06 02:00:00+01:00;9419,000;1,000;MESURE
2025-01-06 03:00:00+01:00;9476,000;1,000;MESURE
2025-01-06 04:00:00+01:00;9464,000;1,000;MESURE
2025-01-06 05:00:00+01:00;9400,000;1,000;MESURE
2025-01-06 06:00:00+01:00;9356,000;1,000;MESURE
2025-01-06 07:00:00+01:00;9362,000;1,000;MESURE
2025-01-06 08:00:00+01:00;2907,000;1,000;MESURE
2025-01-06 09:00:00+01:00;0,000;1,000;MESURE
2025-01-06 10:00:00+01:00;0,000;1,000;MESURE
2025-01-06 11:00:00+01:00;0,000;1,000;MESURE
2025-01-06 12:00:00+01:00;0,000;1,000;MESURE
2025-01-06 13:00:00+01:00;0,000;1,000;MESURE
2025-01-06 14:00:00+01:00;0,000;1,000;MESURE
2025-01-06 15:00:00+01:00;0,000;1,000;MESURE
2025-01-06 16:00:00+01:00;0,000;1,000;MESURE
2025-01-06 17:00:00+01:00;6213,000;1,000;MESURE
2025-01-06 18:00:00+01:00;9506,000;1,000;MESURE
2025-01-06 19:00:00+01:00;9307,000;1,000;MESURE
2025-01-06 20:00:00+01:00;9535,000;1,000;MESURE
2025-01-06 21:00:00+01:00;9716,000;1,000;MESURE
2025-01-06 22:00:00+01:00;9646,000;1,000;MESURE
2025-01-06 23:00:00+01:00;9573,000;1,000;MESURE
2025-01-07 00:00:00+01:00;9603,000;1,000;MESURE
2025-01-07 01:00:00+01:00;9777,000;1,000;MESURE
2025-01-07 02:00:00+01:00;9631,000;1,000;MESURE
2025-01-07 03:00:00+01:00;9681,000;1,000;MESURE
2025-01-07 04:00:00+01:00;9690,000;1,000;MESURE
2025-01-07 05:00:00+01:00;9573,000;1,000;MESURE
2025-01-07 06:00:00+01:00;9536,000;1,000;MESURE
2025-01-07 07:00:00+01:00;9424,000;1,000;MESURE
2025-01-07 08:00:00+01:00;2784,000;1,000;MESURE
2025-01-07 09:00:00+01:00;0,000;1,000;MESURE
2025-01-07 10:00:00+01:00;0,000;1,000;MESURE
2025-01-07 11:00:00+01:00;0,000;1,000;MESURE
2025-01-07 12:00:00+01:00;0,000;1,000;MESURE
2025-01-07 13:00:00+01:00;0,000;1,000;MESURE
2025-01-07 14:00:00+01:00;0,000;1,000;MESURE
2025-01-07 15:00:00+01:00;0,000;1,000;MESURE
2025-01-07 16:00:00+01:00;0,000;1,000;MESURE
2025-01-07 17:00:00+01:00;6246,000;1,000;MESURE
2025-01-07 18:00:00+01:00;9822,000;1,000;MESURE
2025-01-07 19:00:00+01:00;9585,000;1,000;MESURE
2025-01-07 20:00:00+01:00;9508,000;1,000;MESURE
2025-01-07 21:00:00+01:00;9395,000;1,000;MESURE
2025-01-07 22:00:00+01:00;9585,000;1,000;MESURE
2025-01-07 23:00:00+01:00;9509,000;1,000;MESURE
2025-01-08 00:00:00+01:00;9577,000;1,000;MESURE
2025-01-08 01:00:00+01:00;9532,000;1,000;MESURE
2025-01-08 02:00:00+01:00;9469,000;1,000;MESURE
2025-01-08 03:00:00+01:00;9484,000;1,000;MESURE
2025-01-08 04:00:00+01:00;9471,000;1,000;MESURE
2025-01-08 05:00:00+01:00;9447,000;1,000;MESURE
2025-01-08 06:00:00+01:00;9414,000;1,000;MESURE
2025-01-08 07:00:00+01:00;9383,000;1,000;MESURE
2025-01-08 08:00:00+01:00;2772,000;1,000;MESURE
2025-01-08 09:00:00+01:00;0,000;1,000;MESURE
2025-01-08 10:00:00+01:00;0,000;1,000;MESURE
2025-01-08 11:00:00+01:00;0,000;1,000;MESURE
2025-01-08 12:00:00+01:00;0,000;1,000;MESURE
2025-01-08 13:00:00+01:00;0,000;1,000;MESURE
2025-01-08 14:00:00+01:00;0,000;1,000;MESURE
2025-01-08 15:00:00+01:00;0,000;1,000;MESURE
2025-01-08 16:00:00+01:00;0,000;1,000;MESURE
2025-01-08 17:00:00+01:00;5941,000;1,000;MESURE
2025-01-08 18:00:00+01:00;9719,000;1,000;MESURE
2025-01-08 19:00:00+01:00;9454,000;1,000;MESURE
2025-01-08 20:00:00+01:00;9443,000;1,000;MESURE
2025-01-08 21:00:00+01:00;9354,000;1,000;MESURE
2025-01-08 22:00:00+01:00;9395,000;1,000;MESURE
2025-01-08 23:00:00+01:00;9439,000;1,000;MESURE
2025-01-09 00:00:00+01:00;9490,000;1,000;MESURE
2025-01-09 01:00:00+01:00;9469,000;1,000;MESURE
2025-01-09 02:00:00+01:00;9574,000;1,000;MESURE
2025-01-09 03:00:00+01:00;9470,000;1,000;MESURE
2025-01-09 04:00:00+01:00;9395,000;1,000;MESURE
2025-01-09 05:00:00+01:00;9463,000;1,000;MESURE
2025-01-09 06:00:00+01:00;9469,000;1,000;MESURE
2025-01-09 07:00:00+01:00;9411,000;1,000;MESURE
2025-01-09 08:00:00+01:00;2782,000;1,000;MESURE
2025-01-09 09:00:00+01:00;0,000;1,000;MESURE
2025-01-09 10:00:00+01:00;0,000;1,000;MESURE
2025-01-09 11:00:00+01:00;0,000;1,000;MESURE
2025-01-09 12:00:00+01:00;0,000;1,000;MESURE
2025-01-09 13:00:00+01:00;0,000;1,000;MESURE
2025-01-09 14:00:00+01:00;0,000;1,000;MESURE
2025-01-09 15:00:00+01:00;0,000;1,000;MESURE
2025-01-09 16:00:00+01:00;0,000;1,000;MESURE
2025-01-09 17:00:00+01:00;5864,000;1,000;MESURE
2025-01-09 18:00:00+01:00;9870,000;1,000;MESURE
2025-01-09 19:00:00+01:00;9572,000;1,000;MESURE
2025-01-09 20:00:00+01:00;9499,000;1,000;MESURE
2025-01-09 21:00:00+01:00;9564,000;1,000;MESURE
2025-01-09 22:00:00+01:00;9607,000;1,000;MESURE
2025-01-09 23:00:00+01:00;9531,000;1,000;MESURE
2025-01-10 00:00:00+01:00;9685,000;1,000;MESURE
2025-01-10 01:00:00+01:00;9589,000;1,000;MESURE
2025-01-10 02:00:00+01:00;9543,000;1,000;MESURE
2025-01-10 03:00:00+01:00;9588,000;1,000;MESURE
2025-01-10 04:00:00+01:00;9549,000;1,000;MESURE
2025-01-10 05:00:00+01:00;9495,000;1,000;MESURE
2025-01-10 06:00:00+01:00;9475,000;1,000;MESURE
2025-01-10 07:00:00+01:00;9592,000;1,000;MESURE
2025-01-10 08:00:00+01:00;2859,000;1,000;MESURE
2025-01-10 09:00:00+01:00;0,000;1,000;MESURE
2025-01-10 10:00:00+01:00;0,000;1,000;MESURE
2025-01-10 11:00:00+01:00;0,000;1,000;MESURE
2025-01-10 12:00:00+01:00;0,000;1,000;MESURE
2025-01-10 13:00:00+01:00;0,000;1,000;MESURE
2025-01-10 14:00:00+01:00;0,000;1,000;MESURE
2025-01-10 15:00:00+01:00;0,000;1,000;MESURE
2025-01-10 16:00:00+01:00;0,000;1,000;MESURE
2025-01-10 17:00:00+01:00;5688,000;1,000;MESURE
2025-01-10 18:00:00+01:00;9739,000;1,000;MESURE
2025-01-10 19:00:00+01:00;9473,000;1,000;MESURE
2025-01-10 20:00:00+01:00;9385,000;1,000;MESURE
2025-01-10 21:00:00+01:00;9490,000;1,000;MESURE
2025-01-10 22:00:00+01:00;9476,000;1,000;MESURE
2025-01-10 23:00:00+01:00;9387,000;1,000;MESURE
2025-01-11 00:00:00+01:00;9474,000;1,000;MESURE
2025-01-11 01:00:00+01:00;9540,000;1,000;MESURE
2025-01-11 02:00:00+01:00;9518,000;1,000;MESURE
2025-01-11 03:00:00+01:00;9574,000;1,000;MESURE
2025-01-11 04:00:00+01:00;9646,000;1,000;MESURE
2025-01-11 05:00:00+01:00;9510,000;1,000;MESURE
2025-01-11 06:00:00+01:00;9501,000;1,000;MESURE
2025-01-11 07:00:00+01:00;9496,000;1,000;MESURE
2025-01-11 08:00:00+01:00;2636,000;1,000;MESURE
2025-01-11 09:00:00+01:00;0,000;1,000;MESURE
2025-01-11 10:00:00+01:00;0,000;1,000;MESURE
2025-01-11 11:00:00+01:00;0,000;1,000;MESURE
2025-01-11 12:00:00+01:00;0,000;1,000;MESURE
2025-01-11 13:00:00+01:00;0,000;1,000;MESURE
2025-01-11 14:00:00+01:00;0,000;1,000;MESURE
2025-01-11 15:00:00+01:00;0,000;1,000;MESURE
2025-01-11 16:00:00+01:00;0,000;1,000;MESURE
2025-01-11 17:00:00+01:00;5367,000;1,000;MESURE
2025-01-11 18:00:00+01:00;9506,000;1,000;MESURE
2025-01-11 19:00:00+01:00;9530,000;1,000;MESURE
2025-01-11 20:00:00+01:00;9284,000;1,000;MESURE
2025-01-11 21:00:00+01:00;9299,000;1,000;MESURE
2025-01-11 22:00:00+01:00;9331,000;1,000;MESURE
2025-01-11 23:00:00+01:00;9257,000;1,000;MESURE
2025-01-12 00:00:00+01:00;9375,000;1,000;MESURE
2025-01-12 01:00:00+01:00;9374,000;1,000;MESURE
2025-01-12 02:00:00+01:00;9325,000;1,000;MESURE
2025-01-12 03:00:00+01:00;9375,000;1,000;MESURE
2025-01-12 04:00:00+01:00;9336,000;1,000;MESURE
2025-01-12 05:00:00+01:00;9341,000;1,000;MESURE
2025-01-12 06:00:00+01:00;9280,000;1,000;MESURE
2025-01-12 07:00:00+01:00;9426,000;1,000;MESURE
2025-01-12 08:00:00+01:00;2619,000;1,000;MESURE
2025-01-12 09:00:00+01:00;0,000;1,000;MESURE
2025-01-12 10:00:00+01:00;0,000;1,000;MESURE
2025-01-12 11:00:00+01:00;0,000;1,000;MESURE
2025-01-12 12:00:00+01:00;0,000;1,000;MESURE
2025-01-12 13:00:00+01:00;0,000;1,000;MESURE
2025-01-12 14:00:00+01:00;0,000;1,000;MESURE
2025-01-12 15:00:00+01:00;0,000;1,000;MESURE
2025-01-12 16:00:00+01:00;0,000;1,000;MESURE
2025-01-12 17:00:00+01:00;5134,000;1,000;MESURE
2025-01-12 18:00:00+01:00;9578,000;1,000;MESURE
2025-01-12 19:00:00+01:00;9358,000;1,000;MESURE
2025-01-12 20:00:00+01:00;9357,000;1,000;MESURE
2025-01-12 21:00:00+01:00;9448,000;1,000;MESURE
2025-01-12 22:00:00+01:00;9179,000;1,000;MESURE
2025-01-12 23:00:00+01:00;9369,000;1,000;MESURE
2025-01-13 00:00:00+01:00;9216,000;1,000;MESURE
2025-01-13 01:00:00+01:00;9235,000;1,000;MESURE
2025-01-13 02:00:00+01:00;9250,000;1,000;MESURE
2025-01-13 03:00:00+01:00;9213,000;1,000;MESURE
2025-01-13 04:00:00+01:00;9174,000;1,000;MESURE
2025-01-13 05:00:00+01:00;9154,000;1,000;MESURE
2025-01-13 06:00:00+01:00;9200,000;1,000;MESURE
2025-01-13 07:00:00+01:00;9418,000;1,000;MESURE
2025-01-13 08:00:00+01:00;2483,000;1,000;MESURE
2025-01-13 09:00:00+01:00;0,000;1,000;MESURE
2025-01-13 10:00:00+01:00;0,000;1,000;MESURE
2025-01-13 11:00:00+01:00;0,000;1,000;MESURE
2025-01-13 12:00:00+01:00;0,000;1,000;MESURE
2025-01-13 13:00:00+01:00;0,000;1,000;MESURE
2025-01-13 14:00:00+01:00;0,000;1,000;MESURE
2025-01-13 15:00:00+01:00;0,000;1,000;MESURE
2025-01-13 16:00:00+01:00;0,000;1,000;MESURE
2025-01-13 17:00:00+01:00;4870,000;1,000;MESURE
2025-01-13 18:00:00+01:00;9341,000;1,000;MESURE
2025-01-13 19:00:00+01:00;9113,000;1,000;MESURE
2025-01-13 20:00:00+01:00;9176,000;1,000;MESURE
2025-01-13 21:00:00+01:00;9208,000;1,000;MESURE
2025-01-13 22:00:00+01:00;9253,000;1,000;MESURE
2025-01-13 23:00:00+01:00;9163,000;1,000;MESURE
2025-01-14 00:00:00+01:00;9288,000;1,000;MESURE
2025-01-14 01:00:00+01:00;9300,000;1,000;MESURE
2025-01-14 02:00:00+01:00;9249,000;1,000;MESURE
2025-01-14 03:00:00+01:00;9290,000;1,000;MESURE
2025-01-14 04:00:00+01:00;9330,000;1,000;MESURE
2025-01-14 05:00:00+01:00;9275,000;1,000;MESURE
2025-01-14 06:00:00+01:00;9119,000;1,000;MESURE
2025-01-14 07:00:00+01:00;9255,000;1,000;MESURE
2025-01-14 08:00:00+01:00;2452,000;1,000;MESURE
2025-01-14 09:00:00+01:00;0,000;1,000;MESURE
2025-01-14 10:00:00+01:00;0,000;1,000;MESURE
2025-01-14 11:00:00+01:00;0,000;1,000;MESURE
2025-01-14 12:00:00+01:00;0,000;1,000;MESURE
2025-01-14 13:00:00+01:00;0,000;1,000;MESURE
2025-01-14 14:00:00+01:00;0,000;1,000;MESURE
2025-01-14 15:00:00+01:00;0,000;1,000;MESURE
2025-01-14 16:00:00+01:00;0,000;1,000;MESURE
2025-01-14 17:00:00+01:00;4644,000;1,000;MESURE
2025-01-14 18:00:00+01:00;9396,000;1,000;MESURE
2025-01-14 19:00:00+01:00;9302,000;1,000;MESURE
2025-01-14 20:00:00+01:00;9249,000;1,000;MESURE
2025-01-14 21:00:00+01:00;9123,000;1,000;MESURE
2025-01-14 22:00:00+01:00;9150,000;1,000;MESURE
2025-01-14 23:00:00+01:00;9076,000;1,000;MESURE
2025-01-15 00:00:00+01:00;9130,000;1,000;MESURE
2025-01-15 01:00:00+01:00;9127,000;1,000;MESURE
2025-01-15 02:00:00+01:00;9084,000;1,000;MESURE
2025-01-15 03:00:00+01:00;9124,000;1,000;MESURE
2025-01-15 04:00:00+01:00;9129,000;1,000;MESURE
2025-01-15 05:00:00+01:00;9094,000;1,000;MESURE
2025-01-15 06:00:00+01:00;9039,000;1,000;MESURE
2025-01-15 07:00:00+01:00;9243,000;1,000;MESURE
2025-01-15 08:00:00+01:00;2289,000;1,000;MESURE
2025-01-15 09:00:00+01:00;0,000;1,000;MESURE
2025-01-15 10:00:00+01:00;0,000;1,000;MESURE
2025-01-15 11:00:00+01:00;0,000;1,000;MESURE
2025-01-15 12:00:00+01:00;0,000;1,000;MESURE
2025-01-15 13:00:00+01:00;0,000;1,000;MESURE
2025-01-15 14:00:00+01:00;0,000;1,000;MESURE
2025-01-15 15:00:00+01:00;0,000;1,000;MESURE
2025-01-15 16:00:00+01:00;0,000;1,000;MESURE
2025-01-15 17:00:00+01:00;4338,000;1,000;MESURE
2025-01-15 18:00:00+01:00;9267,000;1,000;MESURE
2025-01-15 19:00:00+01:00;9324,000;1,000;MESURE
2025-01-15 20:00:00+01:00;9046,000;1,000;MESURE
2025-01-15 21:00:00+01:00;9081,000;1,000;MESURE
2025-01-15 22:00:00+01:00;9087,000;1,000;MESURE
2025-01-15 23:00:00+01:00;9004,000;1,000;MESURE
2025-01-16 00:00:00+01:00;9046,000;1,000;MESURE
2025-01-16 01:00:00+01:00;9054,000;1,000;MESURE
2025-01-16 02:00:00+01:00;9288,000;1,000;MESURE
2025-01-16 03:00:00+01:00;9058,000;1,000;MESURE
2025-01-16 04:00:00+01:00;9079,000;1,000;MESURE
2025-01-16 05:00:00+01:00;9069,000;1,000;MESURE
2025-01-16 06:00:00+01:00;9091,000;1,000;MESURE
2025-01-16 07:00:00+01:00;9048,000;1,000;MESURE
2025-01-16 08:00:00+01:00;2083,000;1,000;MESURE
2025-01-16 09:00:00+01:00;0,000;1,000;MESURE
2025-01-16 10:00:00+01:00;0,000;1,000;MESURE
2025-01-16 11:00:00+01:00;0,000;1,000;MESURE
2025-01-16 12:00:00+01:00;0,000;1,000;MESURE
2025-01-16 13:00:00+01:00;0,000;1,000;MESURE
2025-01-16 14:00:00+01:00;0,000;1,000;MESURE
2025-01-16 15:00:00+01:00;0,000;1,000;MESURE
2025-01-16 16:00:00+01:00;0,000;1,000;MESURE
2025-01-16 17:00:00+01:00;4167,000;1,000;MESURE
2025-01-16 18:00:00+01:00;9309,000;1,000;MESURE
2025-01-16 19:00:00+01:00;9087,000;1,000;MESURE
2025-01-16 20:00:00+01:00;9081,000;1,000;MESURE
2025-01-16 21:00:00+01:00;9181,000;1,000;MESURE
2025-01-16 22:00:00+01:00;9243,000;1,000;MESURE
2025-01-16 23:00:00+01:00;9107,000;1,000;MESURE
2025-01-17 00:00:00+01:00;9236,000;1,000;MESURE
2025-01-17 01:00:00+01:00;9148,000;1,000;MESURE
2025-01-17 02:00:00+01:00;9152,000;1,000;MESURE
2025-01-17 03:00:00+01:00;9188,000;1,000;MESURE
2025-01-17 04:00:00+01:00;9156,000;1,000;MESURE
2025-01-17 05:00:00+01:00;9083,000;1,000;MESURE
2025-01-17 06:00:00+01:00;9077,000;1,000;MESURE
2025-01-17 07:00:00+01:00;9257,000;1,000;MESURE
2025-01-17 08:00:00+01:00;2087,000;1,000;MESURE
2025-01-17 09:00:00+01:00;0,000;1,000;MESURE
2025-01-17 10:00:00+01:00;0,000;1,000;MESURE
2025-01-17 11:00:00+01:00;0,000;1,000;MESURE
2025-01-17 12:00:00+01:00;0,000;1,000;MESURE
2025-01-17 13:00:00+01:00;0,000;1,000;MESURE
2025-01-17 14:00:00+01:00;0,000;1,000;MESURE
2025-01-17 15:00:00+01:00;0,000;1,000;MESURE
2025-01-17 16:00:00+01:00;0,000;1,000;MESURE
2025-01-17 17:00:00+01:00;4103,000;1,000;MESURE
2025-01-17 18:00:00+01:00;9504,000;1,000;MESURE
2025-01-17 19:00:00+01:00;9324,000;1,000;MESURE
2025-01-17 20:00:00+01:00;9152,000;1,000;MESURE
2025-01-17 21:00:00+01:00;9131,000;1,000;MESURE
2025-01-17 22:00:00+01:00;9191,000;1,000;MESURE
2025-01-17 23:00:00+01:00;9110,000;1,000;MESURE
2025-01-18 00:00:00+01:00;9148,000;1,000;MESURE
2025-01-18 01:00:00+01:00;9200,000;1,000;MESURE
2025-01-18 02:00:00+01:00;9165,000;1,000;MESURE
2025-01-18 03:00:00+01:00;9167,000;1,000;MESURE
2025-01-18 04:00:00+01:00;9154,000;1,000;MESURE
2025-01-18 05:00:00+01:00;9149,000;1,000;MESURE
2025-01-18 06:00:00+01:00;9154,000;1,000;MESURE
2025-01-18 07:00:00+01:00;9184,000;1,000;MESURE
2025-01-18 08:00:00+01:00;1951,000;1,000;MESURE
2025-01-18 09:00:00+01:00;0,000;1,000;MESURE
2025-01-18 10:00:00+01:00;0,000;1,000;MESURE
2025-01-18 11:00:00+01:00;0,000;1,000;MESURE
2025-01-18 12:00:00+01:00;0,000;1,000;MESURE
2025-01-18 13:00:00+01:00;0,000;1,000;MESURE
2025-01-18 14:00:00+01:00;0,000;1,000;MESURE
2025-01-18 15:00:00+01:00;0,000;1,000;MESURE
2025-01-18 16:00:00+01:00;0,000;1,000;MESURE
2025-01-18 17:00:00+01:00;3670,000;1,000;MESURE
2025-01-18 18:00:00+01:00;9515,000;1,000;MESURE
2025-01-18 19:00:00+01:00;9325,000;1,000;MESURE
2025-01-18 20:00:00+01:00;9114,000;1,000;MESURE
2025-01-18 21:00:00+01:00;9104,000;1,000;MESURE
2025-01-18 22:00:00+01:00;9131,000;1,000;MESURE
2025-01-18 23:00:00+01:00;9083,000;1,000;MESURE
2025-01-19 00:00:00+01:00;9185,000;1,000;MESURE
2025-01-19 01:00:00+01:00;9193,000;1,000;MESURE
2025-01-19 02:00:00+01:00;9131,000;1,000;MESURE
2025-01-19 03:00:00+01:00;9156,000;1,000;MESURE
2025-01-19 04:00:00+01:00;9088,000;1,000;MESURE
2025-01-19 05:00:00+01:00;9068,000;1,000;MESURE
2025-01-19 06:00:00+01:00;9026,000;1,000;MESURE
2025-01-19 07:00:00+01:00;9155,000;1,000;MESURE
2025-01-19 08:00:00+01:00;1795,000;1,000;MESURE
2025-01-19 09:00:00+01:00;0,000;1,000;MESURE
2025-01-19 10:00:00+01:00;0,000;1,000;MESURE
2025-01-19 11:00:00+01:00;0,000;1,000;MESURE
2025-01-19 12:00:00+01:00;0,000;1,000;MESURE
2025-01-19 13:00:00+01:00;0,000;1,000;MESURE
2025-01-19 14:00:00+01:00;0,000;1,000;MESURE
2025-01-19 15:00:00+01:00;0,000;1,000;MESURE
2025-01-19 16:00:00+01:00;0,000;1,000;MESURE
2025-01-19 17:00:00+01:00;3578,000;1,000;MESURE
2025-01-19 18:00:00+01:00;9473,000;1,000;MESURE
2025-01-19 19:00:00+01:00;9274,000;1,000;MESURE
2025-01-19 20:00:00+01:00;9266,000;1,000;MESURE
2025-01-19 21:00:00+01:00;9035,000;1,000;MESURE
2025-01-19 22:00:00+01:00;9087,000;1,000;MESURE
2025-01-19 23:00:00+01:00;9124,000;1,000;MESURE
2025-01-20 00:00:00+01:00;9096,000;1,000;MESURE
2025-01-20 01:00:00+01:00;9025,000;1,000;MESURE
2025-01-20 02:00:00+01:00;9004,000;1,000;MESURE
2025-01-20 03:00:00+01:00;9043,000;1,000;MESURE
2025-01-20 04:00:00+01:00;9042,000;1,000;MESURE
2025-01-20 05:00:00+01:00;9033,000;1,000;MESURE
2025-01-20 06:00:00+01:00;9215,000;1,000;MESURE
2025-01-20 07:00:00+01:00;9245,000;1,000;MESURE
2025-01-20 08:00:00+01:00;1802,000;1,000;MESURE
2025-01-20 09:00:00+01:00;0,000;1,000;MESURE
2025-01-20 10:00:00+01:00;0,000;1,000;MESURE
2025-01-20 11:00:00+01:00;0,000;1,000;MESURE
2025-01-20 12:00:00+01:00;0,000;1,000;MESURE
2025-01-20 13:00:00+01:00;0,000;1,000;MESURE
2025-01-20 14:00:00+01:00;0,000;1,000;MESURE
2025-01-20 15:00:00+01:00;0,000;1,000;MESURE
2025-01-20 16:00:00+01:00;0,000;1,000;MESURE
2025-01-20 17:00:00+01:00;3448,000;1,000;MESURE
2025-01-20 18:00:00+01:00;9442,000;1,000;MESURE
2025-01-20 19:00:00+01:00;9234,000;1,000;MESURE
2025-01-20 20:00:00+01:00;9163,000;1,000;MESURE
2025-01-20 21:00:00+01:00;9045,000;1,000;MESURE
2025-01-20 22:00:00+01:00;9131,000;1,000;MESURE
2025-01-20 23:00:00+01:00;9114,000;1,000;MESURE
2025-01-21 00:00:00+01:00;9151,000;1,000;MESURE
2025-01-21 01:00:00+01:00;9169,000;1,000;MESURE
2025-01-21 02:00:00+01:00;9043,000;1,000;MESURE
2025-01-21 03:00:00+01:00;9074,000;1,000;MESURE
2025-01-21 04:00:00+01:00;9091,000;1,000;MESURE
2025-01-21 05:00:00+01:00;9063,000;1,000;MESURE
2025-01-21 06:00:00+01:00;9115,000;1,000;MESURE
2025-01-21 07:00:00+01:00;9240,000;1,000;MESURE
2025-01-21 08:00:00+01:00;1649,000;1,000;MESURE
2025-01-21 09:00:00+01:00;0,000;1,000;MESURE
2025-01-21 10:00:00+01:00;0,000;1,000;MESURE
2025-01-21 11:00:00+01:00;0,000;1,000;MESURE
2025-01-21 12:00:00+01:00;0,000;1,000;MESURE
2025-01-21 13:00:00+01:00;0,000;1,000;MESURE
2025-01-21 14:00:00+01:00;0,000;1,000;MESURE
2025-01-21 15:00:00+01:00;0,000;1,000;MESURE
2025-01-21 16:00:00+01:00;0,000;1,000;MESURE
2025-01-21 17:00:00+01:00;3118,000;1,000;MESURE
2025-01-21 18:00:00+01:00;9445,000;1,000;MESURE
2025-01-21 19:00:00+01:00;9238,000;1,000;MESURE
2025-01-21 20:00:00+01:00;9155,000;1,000;MESURE
2025-01-21 21:00:00+01:00;9059,000;1,000;MESURE
2025-01-21 22:00:00+01:00;9011,000;1,000;MESURE
2025-01-21 23:00:00+01:00;9168,000;1,000;MESURE
2025-01-22 00:00:00+01:00;9024,000;1,000;MESURE
2025-01-22 01:00:00+01:00;8993,000;1,000;MESURE
2025-01-22 02:00:00+01:00;9143,000;1,000;MESURE
2025-01-22 03:00:00+01:00;9051,000;1,000;MESURE
2025-01-22 04:00:00+01:00;9084,000;1,000;MESURE
2025-01-22 05:00:00+01:00;9086,000;1,000;MESURE
2025-01-22 06:00:00+01:00;9031,000;1,000;MESURE
2025-01-22 07:00:00+01:00;9028,000;1,000;MESURE
2025-01-22 08:00:00+01:00;1471,000;1,000;MESURE
2025-01-22 09:00:00+01:00;0,000;1,000;MESURE
2025-01-22 10:00:00+01:00;0,000;1,000;MESURE
2025-01-22 11:00:00+01:00;0,000;1,000;MESURE
2025-01-22 12:00:00+01:00;0,000;1,000;MESURE
2025-01-22 13:00:00+01:00;0,000;1,000;MESURE
2025-01-22 14:00:00+01:00;0,000;1,000;MESURE
2025-01-22 15:00:00+01:00;0,000;1,000;MESURE
2025-01-22 16:00:00+01:00;0,000;1,000;MESURE
2025-01-22 17:00:00+01:00;2966,000;1,000;MESURE
2025-01-22 18:00:00+01:00;9569,000;1,000;MESURE
2025-01-22 19:00:00+01:00;9346,000;1,000;MESURE
2025-01-22 20:00:00+01:00;9075,000;1,000;MESURE
2025-01-22 21:00:00+01:00;9111,000;1,000;MESURE
2025-01-22 22:00:00+01:00;9182,000;1,000;MESURE
2025-01-22 23:00:00+01:00;9112,000;1,000;MESURE
2025-01-23 00:00:00+01:00;9185,000;1,000;MESURE
2025-01-23 01:00:00+01:00;9195,000;1,000;MESURE
2025-01-23 02:00:00+01:00;9172,000;1,000;MESURE
2025-01-23 03:00:00+01:00;9245,000;1,000;MESURE
2025-01-23 04:00:00+01:00;9264,000;1,000;MESURE
2025-01-23 05:00:00+01:00;9240,000;1,000;MESURE
2025-01-23 06:00:00+01:00;9238,000;1,000;MESURE
2025-01-23 07:00:00+01:00;9270,000;1,000;MESURE
2025-01-23 08:00:00+01:00;1373,000;1,000;MESURE
2025-01-23 09:00:00+01:00;0,000;1,000;MESURE
2025-01-23 10:00:00+01:00;0,000;1,000;MESURE
2025-01-23 11:00:00+01:00;0,000;1,000;MESURE
2025-01-23 12:00:00+01:00;0,000;1,000;MESURE
2025-01-23 13:00:00+01:00;0,000;1,000;MESURE
2025-01-23 14:00:00+01:00;0,000;1,000;MESURE
2025-01-23 15:00:00+01:00;0,000;1,000;MESURE
2025-01-23 16:00:00+01:00;0,000;1,000;MESURE
2025-01-23 17:00:00+01:00;2807,000;1,000;MESURE
2025-01-23 18:00:00+01:00;9570,000;1,000;MESURE
2025-01-23 19:00:00+01:00;9326,000;1,000;MESURE
2025-01-23 20:00:00+01:00;9262,000;1,000;MESURE
2025-01-23 21:00:00+01:00;9294,000;1,000;MESURE
2025-01-23 22:00:00+01:00;9290,000;1,000;MESURE
2025-01-23 23:00:00+01:00;9152,000;1,000;MESURE
2025-01-24 00:00:00+01:00;9180,000;1,000;MESURE
2025-01-24 01:00:00+01:00;9446,000;1,000;MESURE
2025-01-24 02:00:00+01:00;9424,000;1,000;MESURE
2025-01-24 03:00:00+01:00;9429,000;1,000;MESURE
2025-01-24 04:00:00+01:00;9327,000;1,000;MESURE
2025-01-24 05:00:00+01:00;9366,000;1,000;MESURE
2025-01-24 06:00:00+01:00;9366,000;1,000;MESURE
2025-01-24 07:00:00+01:00;9178,000;1,000;MESURE
2025-01-24 08:00:00+01:00;1206,000;1,000;MESURE
2025-01-24 09:00:00+01:00;0,000;1,000;MESURE
2025-01-24 10:00:00+01:00;0,000;1,000;MESURE
2025-01-24 11:00:00+01:00;0,000;1,000;MESURE
2025-01-24 12:00:00+01:00;0,000;1,000;MESURE
2025-01-24 13:00:00+01:00;0,000;1,000;MESURE
2025-01-24 14:00:00+01:00;0,000;1,000;MESURE
2025-01-24 15:00:00+01:00;0,000;1,000;MESURE
2025-01-24 16:00:00+01:00;0,000;1,000;MESURE
2025-01-24 17:00:00+01:00;2495,000;1,000;MESURE
2025-01-24 18:00:00+01:00;9583,000;1,000;MESURE
2025-01-24 19:00:00+01:00;9392,000;1,000;MESURE
2025-01-24 20:00:00+01:00;9314,000;1,000;MESURE
2025-01-24 21:00:00+01:00;9290,000;1,000;MESURE
2025-01-24 22:00:00+01:00;9279,000;1,000;MESURE
2025-01-24 23:00:00+01:00;9151,000;1,000;MESURE
2025-01-25 00:00:00+01:00;9265,000;1,000;MESURE
2025-01-25 01:00:00+01:00;9262,000;1,000;MESURE
2025-01-25 02:00:00+01:00;9190,000;1,000;MESURE
2025-01-25 03:00:00+01:00;9236,000;1,000;MESURE
2025-01-25 04:00:00+01:00;9212,000;1,000;MESURE
2025-01-25 05:00:00+01:00;9206,000;1,000;MESURE
2025-01-25 06:00:00+01:00;9170,000;1,000;MESURE
2025-01-25 07:00:00+01:00;9159,000;1,000;MESURE
2025-01-25 08:00:00+01:00;1048,000;1,000;MESURE
2025-01-25 09:00:00+01:00;0,000;1,000;MESURE
2025-01-25 10:00:00+01:00;0,000;1,000;MESURE
2025-01-25 11:00:00+01:00;0,000;1,000;MESURE
2025-01-25 12:00:00+01:00;0,000;1,000;MESURE
2025-01-25 13:00:00+01:00;0,000;1,000;MESURE
2025-01-25 14:00:00+01:00;0,000;1,000;MESURE
2025-01-25 15:00:00+01:00;0,000;1,000;MESURE
2025-01-25 16:00:00+01:00;0,000;1,000;MESURE
2025-01-25 17:00:00+01:00;2313,000;1,000;MESURE
2025-01-25 18:00:00+01:00;9439,000;1,000;MESURE
2025-01-25 19:00:00+01:00;9186,000;1,000;MESURE
2025-01-25 20:00:00+01:00;9137,000;1,000;MESURE
2025-01-25 21:00:00+01:00;9160,000;1,000;MESURE
2025-01-25 22:00:00+01:00;9150,000;1,000;MESURE
2025-01-25 23:00:00+01:00;9069,000;1,000;MESURE
2025-01-26 00:00:00+01:00;9130,000;1,000;MESURE
2025-01-26 01:00:00+01:00;9190,000;1,000;MESURE
2025-01-26 02:00:00+01:00;9144,000;1,000;MESURE
2025-01-26 03:00:00+01:00;9165,000;1,000;MESURE
2025-01-26 04:00:00+01:00;9161,000;1,000;MESURE
2025-01-26 05:00:00+01:00;9202,000;1,000;MESURE
2025-01-26 06:00:00+01:00;9187,000;1,000;MESURE
2025-01-26 07:00:00+01:00;9179,000;1,000;MESURE
2025-01-26 08:00:00+01:00;893,000;1,000;MESURE
2025-01-26 09:00:00+01:00;0,000;1,000;MESURE
2025-01-26 10:00:00+01:00;0,000;1,000;MESURE
2025-01-26 11:00:00+01:00;0,000;1,000;MESURE
2025-01-26 12:00:00+01:00;0,000;1,000;MESURE
2025-01-26 13:00:00+01:00;0,000;1,000;MESURE
2025-01-26 14:00:00+01:00;0,000;1,000;MESURE
2025-01-26 15:00:00+01:00;0,000;1,000;MESURE
2025-01-26 16:00:00+01:00;0,000;1,000;MESURE
2025-01-26 17:00:00+01:00;2010,000;1,000;MESURE
2025-01-26 18:00:00+01:00;9588,000;1,000;MESURE
2025-01-26 19:00:00+01:00;9312,000;1,000;MESURE
2025-01-26 20:00:00+01:00;9280,000;1,000;MESURE
2025-01-26 21:00:00+01:00;9076,000;1,000;MESURE
2025-01-26 22:00:00+01:00;9116,000;1,000;MESURE
2025-01-26 23:00:00+01:00;9179,000;1,000;MESURE
2025-01-27 00:00:00+01:00;9119,000;1,000;MESURE
2025-01-27 01:00:00+01:00;9119,000;1,000;MESURE
2025-01-27 02:00:00+01:00;9108,000;1,000;MESURE
2025-01-27 03:00:00+01:00;9108,000;1,000;MESURE
2025-01-27 04:00:00+01:00;9113,000;1,000;MESURE
2025-01-27 05:00:00+01:00;9103,000;1,000;MESURE
2025-01-27 06:00:00+01:00;9134,000;1,000;MESURE
2025-01-27 07:00:00+01:00;9108,000;1,000;MESURE
2025-01-27 08:00:00+01:00;735,000;1,000;MESURE
2025-01-27 09:00:00+01:00;0,000;1,000;MESURE
2025-01-27 10:00:00+01:00;0,000;1,000;MESURE
2025-01-27 11:00:00+01:00;0,000;1,000;MESURE
2025-01-27 12:00:00+01:00;0,000;1,000;MESURE
2025-01-27 13:00:00+01:00;0,000;1,000;MESURE
2025-01-27 14:00:00+01:00;0,000;1,000;MESURE
2025-01-27 15:00:00+01:00;0,000;1,000;MESURE
2025-01-27 16:00:00+01:00;0,000;1,000;MESURE
2025-01-27 17:00:00+01:00;1872,000;1,000;MESURE
2025-01-27 18:00:00+01:00;9729,000;1,000;MESURE
2025-01-27 19:00:00+01:00;9592,000;1,000;MESURE
2025-01-27 20:00:00+01:00;9562,000;1,000;MESURE
2025-01-27 21:00:00+01:00;9596,000;1,000;MESURE
2025-01-27 22:00:00+01:00;9607,000;1,000;MESURE
2025-01-27 23:00:00+01:00;9475,000;1,000;MESURE
2025-01-28 00:00:00+01:00;9519,000;1,000;MESURE
2025-01-28 01:00:00+01:00;9520,000;1,000;MESURE
2025-01-28 02:00:00+01:00;9775,000;1,000;MESURE
2025-01-28 03:00:00+01:00;9590,000;1,000;MESURE
2025-01-28 04:00:00+01:00;9536,000;1,000;MESURE
2025-01-28 05:00:00+01:00;9631,000;1,000;MESURE
2025-01-28 06:00:00+01:00;9635,000;1,000;MESURE
2025-01-28 07:00:00+01:00;9657,000;1,000;MESURE
2025-01-28 08:00:00+01:00;617,000;1,000;MESURE
2025-01-28 09:00:00+01:00;0,000;1,000;MESURE
2025-01-28 10:00:00+01:00;0,000;1,000;MESURE
2025-01-28 11:00:00+01:00;0,000;1,000;MESURE
2025-01-28 12:00:00+01:00;0,000;1,000;MESURE
2025-01-28 13:00:00+01:00;0,000;1,000;MESURE
2025-01-28 14:00:00+01:00;0,000;1,000;MESURE
2025-01-28 15:00:00+01:00;0,000;1,000;MESURE
2025-01-28 16:00:00+01:00;0,000;1,000;MESURE
2025-01-28 17:00:00+01:00;1577,000;1,000;MESURE
2025-01-28 18:00:00+01:00;9877,000;1,000;MESURE
2025-01-28 19:00:00+01:00;9681,000;1,000;MESURE
2025-01-28 20:00:00+01:00;9505,000;1,000;MESURE
2025-01-28 21:00:00+01:00;9347,000;1,000;MESURE
2025-01-28 22:00:00+01:00;9425,000;1,000;MESURE
2025-01-28 23:00:00+01:00;9578,000;1,000;MESURE
2025-01-29 00:00:00+01:00;9642,000;1,000;MESURE
2025-01-29 01:00:00+01:00;9685,000;1,000;MESURE
2025-01-29 02:00:00+01:00;9675,000;1,000;MESURE
2025-01-29 03:00:00+01:00;9585,000;1,000;MESURE
2025-01-29 04:00:00+01:00;9550,000;1,000;MESURE
2025-01-29 05:00:00+01:00;9506,000;1,000;MESURE
2025-01-29 06:00:00+01:00;9563,000;1,000;MESURE
2025-01-29 07:00:00+01:00;9427,000;1,000;MESURE
2025-01-29 08:00:00+01:00;438,000;1,000;MESURE
2025-01-29 09:00:00+01:00;0,000;1,000;MESURE
2025-01-29 10:00:00+01:00;0,000;1,000;MESURE
2025-01-29 11:00:00+01:00;0,000;1,000;MESURE
2025-01-29 12:00:00+01:00;0,000;1,000;MESURE
2025-01-29 13:00:00+01:00;0,000;1,000;MESURE
2025-01-29 14:00:00+01:00;0,000;1,000;MESURE
2025-01-29 15:00:00+01:00;0,000;1,000;MESURE
2025-01-29 16:00:00+01:00;0,000;1,000;MESURE
2025-01-29 17:00:00+01:00;1393,000;1,000;MESURE
2025-01-29 18:00:00+01:00;9749,000;1,000;MESURE
2025-01-29 19:00:00+01:00;9548,000;1,000;MESURE
2025-01-29 20:00:00+01:00;9446,000;1,000;MESURE
2025-01-29 21:00:00+01:00;9431,000;1,000;MESURE
2025-01-29 22:00:00+01:00;9517,000;1,000;MESURE
2025-01-29 23:00:00+01:00;9458,000;1,000;MESURE
2025-01-30 00:00:00+01:00;9375,000;1,000;MESURE
2025-01-30 01:00:00+01:00;9378,000;1,000;MESURE
2025-01-30 02:00:00+01:00;9338,000;1,000;MESURE
2025-01-30 03:00:00+01:00;9333,000;1,000;MESURE
2025-01-30 04:00:00+01:00;9333,000;1,000;MESURE
2025-01-30 05:00:00+01:00;9325,000;1,000;MESURE
2025-01-30 06:00:00+01:00;9304,000;1,000;MESURE
2025-01-30 07:00:00+01:00;9276,000;1,000;MESURE
2025-01-30 08:00:00+01:00;276,000;1,000;MESURE
2025-01-30 09:00:00+01:00;0,000;1,000;MESURE
2025-01-30 10:00:00+01:00;0,000;1,000;MESURE
2025-01-30 11:00:00+01:00;0,000;1,000;MESURE
2025-01-30 12:00:00+01:00;0,000;1,000;MESURE
2025-01-30 13:00:00+01:00;0,000;1,000;MESURE
2025-01-30 14:00:00+01:00;0,000;1,000;MESURE
2025-01-30 15:00:00+01:00;0,000;1,000;MESURE
2025-01-30 16:00:00+01:00;0,000;1,000;MESURE
2025-01-30 17:00:00+01:00;1197,000;1,000;MESURE
2025-01-30 18:00:00+01:00;9712,000;1,000;MESURE
2025-01-30 19:00:00+01:00;9430,000;1,000;MESURE
2025-01-30 20:00:00+01:00;9198,000;1,000;MESURE
2025-01-30 21:00:00+01:00;9256,000;1,000;MESURE
2025-01-30 22:00:00+01:00;9220,000;1,000;MESURE
2025-01-30 23:00:00+01:00;9124,000;1,000;MESURE
2025-01-31 00:00:00+01:00;9213,000;1,000;MESURE
2025-01-31 01:00:00+01:00;9195,000;1,000;MESURE
2025-01-31 02:00:00+01:00;9236,000;1,000;MESURE
2025-01-31 03:00:00+01:00;9233,000;1,000;MESURE
2025-01-31 04:00:00+01:00;9209,000;1,000;MESURE
2025-01-31 05:00:00+01:00;9190,000;1,000;MESURE
2025-01-31 06:00:00+01:00;9180,000;1,000;MESURE
2025-01-31 07:00:00+01:00;9247,000;1,000;MESURE
2025-01-31 08:00:00+01:00;142,000;1,000;MESURE
2025-01-31 09:00:00+01:00;0,000;1,000;MESURE
2025-01-31 10:00:00+01:00;0,000;1,000;MESURE
2025-01-31 11:00:00+01:00;0,000;1,000;MESURE
2025-01-31 12:00:00+01:00;0,000;1,000;MESURE
2025-01-31 13:00:00+01:00;0,000;1,000;MESURE
2025-01-31 14:00:00+01:00;0,000;1,000;MESURE
2025-01-31 15:00:00+01:00;0,000;1,000;MESURE
2025-01-31 16:00:00+01:00;0,000;1,000;MESURE
2025-01-31 17:00:00+01:00;875,000;1,000;MESURE
2025-01-31 18:00:00+01:00;9590,000;1,000;MESURE
2025-01-31 19:00:00+01:00;9394,000;1,000;MESURE
2025-01-31 20:00:00+01:00;9110,000;1,000;MESURE
2025-01-31 21:00:00+01:00;9173,000;1,000;MESURE
2025-01-31 22:00:00+01:00;9172,000;1,000;MESURE
2025-01-31 23:00:00+01:00;9088,000;1,000;MESURE
2025-02-01 00:00:00+01:00;9173,000;1,000;MESURE
2025-02-01 01:00:00+01:00;9183,000;1,000;MESURE
2025-02-01 02:00:00+01:00;9178,000;1,000;MESURE
2025-02-01 03:00:00+01:00;9211,000;1,000;MESURE
2025-02-01 04:00:00+01:00;9186,000;1,000;MESURE
2025-02-01 05:00:00+01:00;9148,000;1,000;MESURE
2025-02-01 06:00:00+01:00;9125,000;1,000;MESURE
2025-02-01 07:00:00+01:00;9142,000;1,000;MESURE
2025-02-01 08:00:00+01:00;0,000;1,000;MESURE
2025-02-01 09:00:00+01:00;0,000;1,000;MESURE
2025-02-01 10:00:00+01:00;0,000;1,000;MESURE
2025-02-01 11:00:00+01:00;0,000;1,000;MESURE
2025-02-01 12:00:00+01:00;0,000;1,000;MESURE
2025-02-01 13:00:00+01:00;0,000;1,000;MESURE
2025-02-01 14:00:00+01:00;0,000;1,000;MESURE
2025-02-01 15:00:00+01:00;0,000;1,000;MESURE
2025-02-01 16:00:00+01:00;0,000;1,000;MESURE
2025-02-01 17:00:00+01:00;725,000;1,000;MESURE
2025-02-01 18:00:00+01:00;9564,000;1,000;MESURE
2025-02-01 19:00:00+01:00;9355,000;1,000;MESURE
2025-02-01 20:00:00+01:00;9044,000;1,000;MESURE
2025-02-01 21:00:00+01:00;8955,000;1,000;MESURE
2025-02-01 22:00:00+01:00;8991,000;1,000;MESURE
2025-02-01 23:00:00+01:00;9163,000;1,000;MESURE
2025-02-02 00:00:00+01:00;9032,000;1,000;MESURE
2025-02-02 01:00:00+01:00;9000,000;1,000;MESURE
2025-02-02 02:00:00+01:00;9197,000;1,000;MESURE
2025-02-02 03:00:00+01:00;9215,000;1,000;MESURE
2025-02-02 04:00:00+01:00;8991,000;1,000;MESURE
2025-02-02 05:00:00+01:00;9038,000;1,000;MESURE
2025-02-02 06:00:00+01:00;8978,000;1,000;MESURE
2025-02-02 07:00:00+01:00;8680,000;1,000;MESURE
2025-02-02 08:00:00+01:00;0,000;1,000;MESURE
2025-02-02 09:00:00+01:00;0,000;1,000;MESURE
2025-02-02 10:00:00+01:00;0,000;1,000;MESURE
2025-02-02 11:00:00+01:00;0,000;1,000;MESURE
2025-02-02 12:00:00+01:00;0,000;1,000;MESURE
2025-02-02 13:00:00+01:00;0,000;1,000;MESURE
2025-02-02 14:00:00+01:00;0,000;1,000;MESURE
2025-02-02 15:00:00+01:00;0,000;1,000;MESURE
2025-02-02 16:00:00+01:00;0,000;1,000;MESURE
2025-02-02 17:00:00+01:00;411,000;1,000;MESURE
2025-02-02 18:00:00+01:00;9387,000;1,000;MESURE
2025-02-02 19:00:00+01:00;9189,000;1,000;MESURE
2025-02-02 20:00:00+01:00;9136,000;1,000;MESURE
2025-02-02 21:00:00+01:00;9116,000;1,000;MESURE
2025-02-02 22:00:00+01:00;9075,000;1,000;MESURE
2025-02-02 23:00:00+01:00;8890,000;1,000;MESURE
2025-02-03 00:00:00+01:00;9025,000;1,000;MESURE
2025-02-03 01:00:00+01:00;8921,000;1,000;MESURE
2025-02-03 02:00:00+01:00;9089,000;1,000;MESURE
2025-02-03 03:00:00+01:00;9168,000;1,000;MESURE
2025-02-03 04:00:00+01:00;9164,000;1,000;MESURE
2025-02-03 05:00:00+01:00;9119,000;1,000;MESURE
2025-02-03 06:00:00+01:00;9154,000;1,000;MESURE
2025-02-03 07:00:00+01:00;8690,000;1,000;MESURE
2025-02-03 08:00:00+01:00;0,000;1,000;MESURE
2025-02-03 09:00:00+01:00;0,000;1,000;MESURE
2025-02-03 10:00:00+01:00;0,000;1,000;MESURE
2025-02-03 11:00:00+01:00;0,000;1,000;MESURE
2025-02-03 12:00:00+01:00;0,000;1,000;MESURE
2025-02-03 13:00:00+01:00;0,000;1,000;MESURE
2025-02-03 14:00:00+01:00;0,000;1,000;MESURE
2025-02-03 15:00:00+01:00;0,000;1,000;MESURE
2025-02-03 16:00:00+01:00;0,000;1,000;MESURE
2025-02-03 17:00:00+01:00;261,000;1,000;MESURE
2025-02-03 18:00:00+01:00;9234,000;1,000;MESURE
2025-02-03 19:00:00+01:00;9073,000;1,000;MESURE
2025-02-03 20:00:00+01:00;8961,000;1,000;MESURE
2025-02-03 21:00:00+01:00;9048,000;1,000;MESURE
2025-02-03 22:00:00+01:00;9097,000;1,000;MESURE
2025-02-03 23:00:00+01:00;8976,000;1,000;MESURE
2025-02-04 00:00:00+01:00;9012,000;1,000;MESURE
2025-02-04 01:00:00+01:00;8996,000;1,000;MESURE
2025-02-04 02:00:00+01:00;8965,000;1,000;MESURE
2025-02-04 03:00:00+01:00;8962,000;1,000;MESURE
2025-02-04 04:00:00+01:00;8933,000;1,000;MESURE
2025-02-04 05:00:00+01:00;8934,000;1,000;MESURE
2025-02-04 06:00:00+01:00;8912,000;1,000;MESURE
2025-02-04 07:00:00+01:00;8270,000;1,000;MESURE
2025-02-04 08:00:00+01:00;0,000;1,000;MESURE
2025-02-04 09:00:00+01:00;0,000;1,000;MESURE
2025-02-04 10:00:00+01:00;0,000;1,000;MESURE
2025-02-04 11:00:00+01:00;0,000;1,000;MESURE
2025-02-04 12:00:00+01:00;0,000;1,000;MESURE
2025-02-04 13:00:00+01:00;0,000;1,000;MESURE
2025-02-04 14:00:00+01:00;0,000;1,000;MESURE
2025-02-04 15:00:00+01:00;0,000;1,000;MESURE
2025-02-04 16:00:00+01:00;0,000;1,000;MESURE
2025-02-04 17:00:00+01:00;15,000;1,000;MESURE
2025-02-04 18:00:00+01:00;9434,000;1,000;MESURE
2025-02-04 19:00:00+01:00;9389,000;1,000;MESURE
2025-02-04 20:00:00+01:00;9252,000;1,000;MESURE
2025-02-04 21:00:00+01:00;9112,000;1,000;MESURE
2025-02-04 22:00:00+01:00;9001,000;1,000;MESURE
2025-02-04 23:00:00+01:00;8980,000;1,000;MESURE
2025-02-05 00:00:00+01:00;9033,000;1,000;MESURE
2025-02-05 01:00:00+01:00;9047,000;1,000;MESURE
2025-02-05 02:00:00+01:00;9127,000;1,000;MESURE
2025-02-05 03:00:00+01:00;9028,000;1,000;MESURE
2025-02-05 04:00:00+01:00;9029,000;1,000;MESURE
2025-02-05 05:00:00+01:00;9113,000;1,000;MESURE
2025-02-05 06:00:00+01:00;9215,000;1,000;MESURE
2025-02-05 07:00:00+01:00;8286,000;1,000;MESURE
2025-02-05 08:00:00+01:00;0,000;1,000;MESURE
2025-02-05 09:00:00+01:00;0,000;1,000;MESURE
2025-02-05 10:00:00+01:00;0,000;1,000;MESURE
2025-02-05 11:00:00+01:00;0,000;1,000;MESURE
2025-02-05 12:00:00+01:00;0,000;1,000;MESURE
2025-02-05 13:00:00+01:00;0,000;1,000;MESURE
2025-02-05 14:00:00+01:00;0,000;1,000;MESURE
2025-02-05 15:00:00+01:00;0,000;1,000;MESURE
2025-02-05 16:00:00+01:00;0,000;1,000;MESURE
2025-02-05 17:00:00+01:00;0,000;1,000;MESURE
2025-02-05 18:00:00+01:00;9364,000;1,000;MESURE
2025-02-05 19:00:00+01:00;9404,000;1,000;MESURE
2025-02-05 20:00:00+01:00;9260,000;1,000;MESURE
2025-02-05 21:00:00+01:00;9028,000;1,000;MESURE
2025-02-05 22:00:00+01:00;9043,000;1,000;MESURE
2025-02-05 23:00:00+01:00;8961,000;1,000;MESURE
2025-02-06 00:00:00+01:00;9070,000;1,000;MESURE
2025-02-06 01:00:00+01:00;9113,000;1,000;MESURE
2025-02-06 02:00:00+01:00;9208,000;1,000;MESURE
2025-02-06 03:00:00+01:00;9244,000;1,000;MESURE
2025-02-06 04:00:00+01:00;9260,000;1,000;MESURE
2025-02-06 05:00:00+01:00;9210,000;1,000;MESURE
2025-02-06 06:00:00+01:00;9203,000;1,000;MESURE
2025-02-06 07:00:00+01:00;8106,000;1,000;MESURE
2025-02-06 08:00:00+01:00;0,000;1,000;MESURE
2025-02-06 09:00:00+01:00;0,000;1,000;MESURE
2025-02-06 10:00:00+01:00;0,000;1,000;MESURE
2025-02-06 11:00:00+01:00;0,000;1,000;MESURE
2025-02-06 12:00:00+01:00;0,000;1,000;MESURE
2025-02-06 13:00:00+01:00;0,000;1,000;MESURE
2025-02-06 14:00:00+01:00;0,000;1,000;MESURE
2025-02-06 15:00:00+01:00;0,000;1,000;MESURE
2025-02-06 16:00:00+01:00;0,000;1,000;MESURE
2025-02-06 17:00:00+01:00;0,000;1,000;MESURE
2025-02-06 18:00:00+01:00;8861,000;1,000;MESURE
2025-02-06 19:00:00+01:00;9275,000;1,000;MESURE
2025-02-06 20:00:00+01:00;9137,000;1,000;MESURE
2025-02-06 21:00:00+01:00;9206,000;1,000;MESURE
2025-02-06 22:00:00+01:00;9245,000;1,000;MESURE
2025-02-06 23:00:00+01:00;9109,000;1,000;MESURE
2025-02-07 00:00:00+01:00;9136,000;1,000;MESURE
2025-02-07 01:00:00+01:00;9239,000;1,000;MESURE
2025-02-07 02:00:00+01:00;9163,000;1,000;MESURE
2025-02-07 03:00:00+01:00;9168,000;1,000;MESURE
2025-02-07 04:00:00+01:00;9175,000;1,000;MESURE
2025-02-07 05:00:00+01:00;9194,000;1,000;MESURE
2025-02-07 06:00:00+01:00;9060,000;1,000;MESURE
2025-02-07 07:00:00+01:00;7854,000;1,000;MESURE
2025-02-07 08:00:00+01:00;0,000;1,000;MESURE
2025-02-07 09:00:00+01:00;0,000;1,000;MESURE
2025-02-07 10:00:00+01:00;0,000;1,000;MESURE
2025-02-07 11:00:00+01:00;0,000;1,000;MESURE
2025-02-07 12:00:00+01:00;0,000;1,000;MESURE
2025-02-07 13:00:00+01:00;0,000;1,000;MESURE
2025-02-07 14:00:00+01:00;0,000;1,000;MESURE
2025-02-07 15:00:00+01:00;0,000;1,000;MESURE
2025-02-07 16:00:00+01:00;0,000;1,000;MESURE
2025-02-07 17:00:00+01:00;0,000;1,000;MESURE
2025-02-07 18:00:00+01:00;8641,000;1,000;MESURE
2025-02-07 19:00:00+01:00;9208,000;1,000;MESURE
2025-02-07 20:00:00+01:00;9034,000;1,000;MESURE
2025-02-07 21:00:00+01:00;9096,000;1,000;MESURE
2025-02-07 22:00:00+01:00;9127,000;1,000;MESURE
2025-02-07 23:00:00+01:00;9065,000;1,000;MESURE
2025-02-08 00:00:00+01:00;9167,000;1,000;MESURE
2025-02-08 01:00:00+01:00;9247,000;1,000;MESURE
2025-02-08 02:00:00+01:00;9211,000;1,000;MESURE
2025-02-08 03:00:00+01:00;9240,000;1,000;MESURE
2025-02-08 04:00:00+01:00;9210,000;1,000;MESURE
2025-02-08 05:00:00+01:00;9143,000;1,000;MESURE
2025-02-08 06:00:00+01:00;9130,000;1,000;MESURE
2025-02-08 07:00:00+01:00;7628,000;1,000;MESURE
2025-02-08 08:00:00+01:00;0,000;1,000;MESURE
2025-02-08 09:00:00+01:00;0,000;1,000;MESURE
2025-02-08 10:00:00+01:00;0,000;1,000;MESURE
2025-02-08 11:00:00+01:00;0,000;1,000;MESURE
2025-02-08 12:00:00+01:00;0,000;1,000;MESURE
2025-02-08 13:00:00+01:00;0,000;1,000;MESURE
2025-02-08 14:00:00+01:00;0,000;1,000;MESURE
2025-02-08 15:00:00+01:00;0,000;1,000;MESURE
2025-02-08 16:00:00+01:00;0,000;1,000;MESURE
2025-02-08 17:00:00+01:00;0,000;1,000;MESURE
2025-02-08 18:00:00+01:00;8340,000;1,000;MESURE
2025-02-08 19:00:00+01:00;9230,000;1,000;MESURE
2025-02-08 20:00:00+01:00;9092,000;1,000;MESURE
2025-02-08 21:00:00+01:00;9161,000;1,000;MESURE
2025-02-08 22:00:00+01:00;9173,000;1,000;MESURE
2025-02-08 23:00:00+01:00;9130,000;1,000;MESURE
2025-02-09 00:00:00+01:00;9173,000;1,000;MESURE
2025-02-09 01:00:00+01:00;9204,000;1,000;MESURE
2025-02-09 02:00:00+01:00;9212,000;1,000;MESURE
2025-02-09 03:00:00+01:00;9270,000;1,000;MESURE
2025-02-09 04:00:00+01:00;9309,000;1,000;MESURE
2025-02-09 05:00:00+01:00;9271,000;1,000;MESURE
2025-02-09 06:00:00+01:00;9199,000;1,000;MESURE
2025-02-09 07:00:00+01:00;7517,000;1,000;MESURE
2025-02-09 08:00:00+01:00;0,000;1,000;MESURE
2025-02-09 09:00:00+01:00;0,000;1,000;MESURE
2025-02-09 10:00:00+01:00;0,000;1,000;MESURE
2025-02-09 11:00:00+01:00;0,000;1,000;MESURE
2025-02-09 12:00:00+01:00;0,000;1,000;MESURE
2025-02-09 13:00:00+01:00;0,000;1,000;MESURE
2025-02-09 14:00:00+01:00;0,000;1,000;MESURE
2025-02-09 15:00:00+01:00;0,000;1,000;MESURE
2025-02-09 16:00:00+01:00;0,000;1,000;MESURE
2025-02-09 17:00:00+01:00;0,000;1,000;MESURE
2025-02-09 18:00:00+01:00;8365,000;1,000;MESURE
2025-02-09 19:00:00+01:00;9464,000;1,000;MESURE
2025-02-09 20:00:00+01:00;9029,000;1,000;MESURE
2025-02-09 21:00:00+01:00;9079,000;1,000;MESURE
2025-02-09 22:00:00+01:00;9136,000;1,000;MESURE
2025-02-09 23:00:00+01:00;9059,000;1,000;MESURE
2025-02-10 00:00:00+01:00;9117,000;1,000;MESURE
2025-02-10 01:00:00+01:00;9165,000;1,000;MESURE
2025-02-10 02:00:00+01:00;9159,000;1,000;MESURE
2025-02-10 03:00:00+01:00;9223,000;1,000;MESURE
2025-02-10 04:00:00+01:00;9174,000;1,000;MESURE
2025-02-10 05:00:00+01:00;9058,000;1,000;MESURE
2025-02-10 06:00:00+01:00;9130,000;1,000;MESURE
2025-02-10 07:00:00+01:00;7068,000;1,000;MESURE
2025-02-10 08:00:00+01:00;0,000;1,000;MESURE
2025-02-10 09:00:00+01:00;0,000;1,000;MESURE
2025-02-10 10:00:00+01:00;0,000;1,000;MESURE
2025-02-10 11:00:00+01:00;0,000;1,000;MESURE
2025-02-10 12:00:00+01:00;0,000;1,000;MESURE
2025-02-10 13:00:00+01:00;0,000;1,000;MESURE
2025-02-10 14:00:00+01:00;0,000;1,000;MESURE
2025-02-10 15:00:00+01:00;0,000;1,000;MESURE
2025-02-10 16:00:00+01:00;0,000;1,000;MESURE
2025-02-10 17:00:00+01:00;0,000;1,000;MESURE
2025-02-10 18:00:00+01:00;7845,000;1,000;MESURE
2025-02-10 19:00:00+01:00;9207,000;1,000;MESURE
2025-02-10 20:00:00+01:00;9106,000;1,000;MESURE
2025-02-10 21:00:00+01:00;9161,000;1,000;MESURE
2025-02-10 22:00:00+01:00;9226,000;1,000;MESURE
2025-02-10 23:00:00+01:00;9172,000;1,000;MESURE
2025-02-11 00:00:00+01:00;9279,000;1,000;MESURE
2025-02-11 01:00:00+01:00;9363,000;1,000;MESURE
2025-02-11 02:00:00+01:00;9258,000;1,000;MESURE
2025-02-11 03:00:00+01:00;9076,000;1,000;MESURE
2025-02-11 04:00:00+01:00;9368,000;1,000;MESURE
2025-02-11 05:00:00+01:00;9259,000;1,000;MESURE
2025-02-11 06:00:00+01:00;9142,000;1,000;MESURE
2025-02-11 07:00:00+01:00;6997,000;1,000;MESURE
2025-02-11 08:00:00+01:00;0,000;1,000;MESURE
2025-02-11 09:00:00+01:00;0,000;1,000;MESURE
2025-02-11 10:00:00+01:00;0,000;1,000;MESURE
2025-02-11 11:00:00+01:00;0,000;1,000;MESURE
2025-02-11 12:00:00+01:00;0,000;1,000;MESURE
2025-02-11 13:00:00+01:00;0,000;1,000;MESURE
2025-02-11 14:00:00+01:00;0,000;1,000;MESURE
2025-02-11 15:00:00+01:00;0,000;1,000;MESURE
2025-02-11 16:00:00+01:00;0,000;1,000;MESURE
2025-02-11 17:00:00+01:00;0,000;1,000;MESURE
2025-02-11 18:00:00+01:00;7752,000;1,000;MESURE
2025-02-11 19:00:00+01:00;9254,000;1,000;MESURE
2025-02-11 20:00:00+01:00;9115,000;1,000;MESURE
2025-02-11 21:00:00+01:00;9239,000;1,000;MESURE
2025-02-11 22:00:00+01:00;9231,000;1,000;MESURE
2025-02-11 23:00:00+01:00;9188,000;1,000;MESURE
2025-02-12 00:00:00+01:00;9285,000;1,000;MESURE
2025-02-12 01:00:00+01:00;9344,000;1,000;MESURE
2025-02-12 02:00:00+01:00;9324,000;1,000;MESURE
2025-02-12 03:00:00+01:00;9296,000;1,000;MESURE
2025-02-12 04:00:00+01:00;9292,000;1,000;MESURE
2025-02-12 05:00:00+01:00;9260,000;1,000;MESURE
2025-02-12 06:00:00+01:00;9122,000;1,000;MESURE
2025-02-12 07:00:00+01:00;6673,000;1,000;MESURE
2025-02-12 08:00:00+01:00;0,000;1,000;MESURE
2025-02-12 09:00:00+01:00;0,000;1,000;MESURE
2025-02-12 10:00:00+01:00;0,000;1,000;MESURE
2025-02-12 11:00:00+01:00;0,000;1,000;MESURE
2025-02-12 12:00:00+01:00;0,000;1,000;MESURE
2025-02-12 13:00:00+01:00;0,000;1,000;MESURE
2025-02-12 14:00:00+01:00;0,000;1,000;MESURE
2025-02-12 15:00:00+01:00;0,000;1,000;MESURE
2025-02-12 16:00:00+01:00;0,000;1,000;MESURE
2025-02-12 17:00:00+01:00;0,000;1,000;MESURE
2025-02-12 18:00:00+01:00;7602,000;1,000;MESURE
2025-02-12 19:00:00+01:00;9482,000;1,000;MESURE
2025-02-12 20:00:00+01:00;9074,000;1,000;MESURE
2025-02-12 21:00:00+01:00;9152,000;1,000;MESURE
2025-02-12 22:00:00+01:00;9197,000;1,000;MESURE
2025-02-12 23:00:00+01:00;9102,000;1,000;MESURE
2025-02-13 00:00:00+01:00;9187,000;1,000;MESURE
2025-02-13 01:00:00+01:00;9181,000;1,000;MESURE
2025-02-13 02:00:00+01:00;9154,000;1,000;MESURE
2025-02-13 03:00:00+01:00;9188,000;1,000;MESURE
2025-02-13 04:00:00+01:00;9199,000;1,000;MESURE
2025-02-13 05:00:00+01:00;9165,000;1,000;MESURE
2025-02-13 06:00:00+01:00;9126,000;1,000;MESURE
2025-02-13 07:00:00+01:00;6505,000;1,000;MESURE
2025-02-13 08:00:00+01:00;0,000;1,000;MESURE
2025-02-13 09:00:00+01:00;0,000;1,000;MESURE
2025-02-13 10:00:00+01:00;0,000;1,000;MESURE
2025-02-13 11:00:00+01:00;0,000;1,000;MESURE
2025-02-13 12:00:00+01:00;0,000;1,000;MESURE
2025-02-13 13:00:00+01:00;0,000;1,000;MESURE
2025-02-13 14:00:00+01:00;0,000;1,000;MESURE
2025-02-13 15:00:00+01:00;0,000;1,000;MESURE
2025-02-13 16:00:00+01:00;0,000;1,000;MESURE
2025-02-13 17:00:00+01:00;0,000;1,000;MESURE
2025-02-13 18:00:00+01:00;7416,000;1,000;MESURE
2025-02-13 19:00:00+01:00;9515,000;1,000;MESURE
2025-02-13 20:00:00+01:00;9195,000;1,000;MESURE
2025-02-13 21:00:00+01:00;9172,000;1,000;MESURE
2025-02-13 22:00:00+01:00;9195,000;1,000;MESURE
2025-02-13 23:00:00+01:00;9102,000;1,000;MESURE
2025-02-14 00:00:00+01:00;9223,000;1,000;MESURE
2025-02-14 01:00:00+01:00;9191,000;1,000;MESURE
2025-02-14 02:00:00+01:00;9156,000;1,000;MESURE
2025-02-14 03:00:00+01:00;9200,000;1,000;MESURE
2025-02-14 04:00:00+01:00;9161,000;1,000;MESURE
2025-02-14 05:00:00+01:00;9075,000;1,000;MESURE
2025-02-14 06:00:00+01:00;9046,000;1,000;MESURE
2025-02-14 07:00:00+01:00;6134,000;1,000;MESURE
2025-02-14 08:00:00+01:00;0,000;1,000;MESURE
2025-02-14 09:00:00+01:00;0,000;1,000;MESURE
2025-02-14 10:00:00+01:00;0,000;1,000;MESURE
2025-02-14 11:00:00+01:00;0,000;1,000;MESURE
2025-02-14 12:00:00+01:00;0,000;1,000;MESURE
2025-02-14 13:00:00+01:00;0,000;1,000;MESURE
2025-02-14 14:00:00+01:00;0,000;1,000;MESURE
2025-02-14 15:00:00+01:00;0,000;1,000;MESURE
2025-02-14 16:00:00+01:00;0,000;1,000;MESURE
2025-02-14 17:00:00+01:00;0,000;1,000;MESURE
2025-02-14 18:00:00+01:00;7127,000;1,000;MESURE
2025-02-14 19:00:00+01:00;9477,000;1,000;MESURE
2025-02-14 20:00:00+01:00;9168,000;1,000;MESURE
2025-02-14 21:00:00+01:00;9022,000;1,000;MESURE
2025-02-14 22:00:00+01:00;9064,000;1,000;MESURE
2025-02-14 23:00:00+01:00;9172,000;1,000;MESURE
2025-02-15 00:00:00+01:00;9059,000;1,000;MESURE
2025-02-15 01:00:00+01:00;9058,000;1,000;MESURE
2025-02-15 02:00:00+01:00;9074,000;1,000;MESURE
2025-02-15 03:00:00+01:00;9075,000;1,000;MESURE
2025-02-15 04:00:00+01:00;9035,000;1,000;MESURE
2025-02-15 05:00:00+01:00;9091,000;1,000;MESURE
2025-02-15 06:00:00+01:00;9065,000;1,000;MESURE
2025-02-15 07:00:00+01:00;6051,000;1,000;MESURE
2025-02-15 08:00:00+01:00;0,000;1,000;MESURE
2025-02-15 09:00:00+01:00;0,000;1,000;MESURE
2025-02-15 10:00:00+01:00;0,000;1,000;MESURE
2025-02-15 11:00:00+01:00;0,000;1,000;MESURE
2025-02-15 12:00:00+01:00;0,000;1,000;MESURE
2025-02-15 13:00:00+01:00;0,000;1,000;MESURE
2025-02-15 14:00:00+01:00;0,000;1,000;MESURE
2025-02-15 15:00:00+01:00;0,000;1,000;MESURE
2025-02-15 16:00:00+01:00;0,000;1,000;MESURE
2025-02-15 17:00:00+01:00;0,000;1,000;MESURE
2025-02-15 18:00:00+01:00;6850,000;1,000;MESURE
2025-02-15 19:00:00+01:00;9507,000;1,000;MESURE
2025-02-15 20:00:00+01:00;9057,000;1,000;MESURE
2025-02-15 21:00:00+01:00;9048,000;1,000;MESURE
2025-02-15 22:00:00+01:00;9070,000;1,000;MESURE
2025-02-15 23:00:00+01:00;9016,000;1,000;MESURE
2025-02-16 00:00:00+01:00;9024,000;1,000;MESURE
2025-02-16 01:00:00+01:00;9140,000;1,000;MESURE
2025-02-16 02:00:00+01:00;9129,000;1,000;MESURE
2025-02-16 03:00:00+01:00;9136,000;1,000;MESURE
2025-02-16 04:00:00+01:00;9104,000;1,000;MESURE
2025-02-16 05:00:00+01:00;9045,000;1,000;MESURE
2025-02-16 06:00:00+01:00;9157,000;1,000;MESURE
2025-02-16 07:00:00+01:00;5787,000;1,000;MESURE
2025-02-16 08:00:00+01:00;0,000;1,000;MESURE
2025-02-16 09:00:00+01:00;0,000;1,000;MESURE
2025-02-16 10:00:00+01:00;0,000;1,000;MESURE
2025-02-16 11:00:00+01:00;0,000;1,000;MESURE
2025-02-16 12:00:00+01:00;0,000;1,000;MESURE
2025-02-16 13:00:00+01:00;0,000;1,000;MESURE
2025-02-16 14:00:00+01:00;0,000;1,000;MESURE
2025-02-16 15:00:00+01:00;0,000;1,000;MESURE
2025-02-16 16:00:00+01:00;0,000;1,000;MESURE
2025-02-16 17:00:00+01:00;0,000;1,000;MESURE
2025-02-16 18:00:00+01:00;6606,000;1,000;MESURE
2025-02-16 19:00:00+01:00;9464,000;1,000;MESURE
2025-02-16 20:00:00+01:00;9305,000;1,000;MESURE
2025-02-16 21:00:00+01:00;9046,000;1,000;MESURE
2025-02-16 22:00:00+01:00;9147,000;1,000;MESURE
2025-02-16 23:00:00+01:00;9186,000;1,000;MESURE
2025-02-17 00:00:00+01:00;9040,000;1,000;MESURE
2025-02-17 01:00:00+01:00;9080,000;1,000;MESURE
2025-02-17 02:00:00+01:00;9153,000;1,000;MESURE
2025-02-17 03:00:00+01:00;9041,000;1,000;MESURE
2025-02-17 04:00:00+01:00;9054,000;1,000;MESURE
2025-02-17 05:00:00+01:00;9247,000;1,000;MESURE
2025-02-17 06:00:00+01:00;9249,000;1,000;MESURE
2025-02-17 07:00:00+01:00;5696,000;1,000;MESURE
2025-02-17 08:00:00+01:00;0,000;1,000;MESURE
2025-02-17 09:00:00+01:00;0,000;1,000;MESURE
2025-02-17 10:00:00+01:00;0,000;1,000;MESURE
2025-02-17 11:00:00+01:00;0,000;1,000;MESURE
2025-02-17 12:00:00+01:00;0,000;1,000;MESURE
2025-02-17 13:00:00+01:00;0,000;1,000;MESURE
2025-02-17 14:00:00+01:00;0,000;1,000;MESURE
2025-02-17 15:00:00+01:00;0,000;1,000;MESURE
2025-02-17 16:00:00+01:00;0,000;1,000;MESURE
2025-02-17 17:00:00+01:00;0,000;1,000;MESURE
2025-02-17 18:00:00+01:00;6360,000;1,000;MESURE
2025-02-17 19:00:00+01:00;9406,000;1,000;MESURE
2025-02-17 20:00:00+01:00;9224,000;1,000;MESURE
2025-02-17 21:00:00+01:00;9012,000;1,000;MESURE
2025-02-17 22:00:00+01:00;9020,000;1,000;MESURE
2025-02-17 23:00:00+01:00;8999,000;1,000;MESURE
2025-02-18 00:00:00+01:00;9017,000;1,000;MESURE
2025-02-18 01:00:00+01:00;9018,000;1,000;MESURE
2025-02-18 02:00:00+01:00;9052,000;1,000;MESURE
2025-02-18 03:00:00+01:00;9097,000;1,000;MESURE
2025-02-18 04:00:00+01:00;9086,000;1,000;MESURE
2025-02-18 05:00:00+01:00;9067,000;1,000;MESURE
2025-02-18 06:00:00+01:00;9001,000;1,000;MESURE
2025-02-18 07:00:00+01:00;5369,000;1,000;MESURE
2025-02-18 08:00:00+01:00;0,000;1,000;MESURE
2025-02-18 09:00:00+01:00;0,000;1,000;MESURE
2025-02-18 10:00:00+01:00;0,000;1,000;MESURE
2025-02-18 11:00:00+01:00;0,000;1,000;MESURE
2025-02-18 12:00:00+01:00;0,000;1,000;MESURE
2025-02-18 13:00:00+01:00;0,000;1,000;MESURE
2025-02-18 14:00:00+01:00;0,000;1,000;MESURE
2025-02-18 15:00:00+01:00;0,000;1,000;MESURE
2025-02-18 16:00:00+01:00;0,000;1,000;MESURE
2025-02-18 17:00:00+01:00;0,000;1,000;MESURE
2025-02-18 18:00:00+01:00;6261,000;1,000;MESURE
2025-02-18 19:00:00+01:00;9415,000;1,000;MESURE
2025-02-18 20:00:00+01:00;9132,000;1,000;MESURE
2025-02-18 21:00:00+01:00;9120,000;1,000;MESURE
2025-02-18 22:00:00+01:00;9169,000;1,000;MESURE
2025-02-18 23:00:00+01:00;9055,000;1,000;MESURE
2025-02-19 00:00:00+01:00;9166,000;1,000;MESURE
2025-02-19 01:00:00+01:00;9218,000;1,000;MESURE
2025-02-19 02:00:00+01:00;9208,000;1,000;MESURE
2025-02-19 03:00:00+01:00;9264,000;1,000;MESURE
2025-02-19 04:00:00+01:00;9242,000;1,000;MESURE
2025-02-19 05:00:00+01:00;9178,000;1,000;MESURE
2025-02-19 06:00:00+01:00;9100,000;1,000;MESURE
2025-02-19 07:00:00+01:00;4969,000;1,000;MESURE
2025-02-19 08:00:00+01:00;0,000;1,000;MESURE
2025-02-19 09:00:00+01:00;0,000;1,000;MESURE
2025-02-19 10:00:00+01:00;0,000;1,000;MESURE
2025-02-19 11:00:00+01:00;0,000;1,000;MESURE
2025-02-19 12:00:00+01:00;0,000;1,000;MESURE
2025-02-19 13:00:00+01:00;0,000;1,000;MESURE
2025-02-19 14:00:00+01:00;0,000;1,000;MESURE
2025-02-19 15:00:00+01:00;0,000;1,000;MESURE
2025-02-19 16:00:00+01:00;0,000;1,000;MESURE
2025-02-19 17:00:00+01:00;0,000;1,000;MESURE
2025-02-19 18:00:00+01:00;5854,000;1,000;MESURE
2025-02-19 19:00:00+01:00;9356,000;1,000;MESURE
2025-02-19 20:00:00+01:00;9101,000;1,000;MESURE
2025-02-19 21:00:00+01:00;9120,000;1,000;MESURE
2025-02-19 22:00:00+01:00;9170,000;1,000;MESURE
2025-02-19 23:00:00+01:00;9116,000;1,000;MESURE
2025-02-20 00:00:00+01:00;9123,000;1,000;MESURE
2025-02-20 01:00:00+01:00;9233,000;1,000;MESURE
2025-02-20 02:00:00+01:00;9201,000;1,000;MESURE
2025-02-20 03:00:00+01:00;9121,000;1,000;MESURE
2025-02-20 04:00:00+01:00;9146,000;1,000;MESURE
2025-02-20 05:00:00+01:00;9155,000;1,000;MESURE
2025-02-20 06:00:00+01:00;9125,000;1,000;MESURE
2025-02-20 07:00:00+01:00;4824,000;1,000;MESURE
2025-02-20 08:00:00+01:00;0,000;1,000;MESURE
2025-02-20 09:00:00+01:00;0,000;1,000;MESURE
2025-02-20 10:00:00+01:00;0,000;1,000;MESURE
2025-02-20 11:00:00+01:00;0,000;1,000;MESURE
2025-02-20 12:00:00+01:00;0,000;1,000;MESURE
2025-02-20 13:00:00+01:00;0,000;1,000;MESURE
2025-02-20 14:00:00+01:00;0,000;1,000;MESURE
2025-02-20 15:00:00+01:00;0,000;1,000;MESURE
2025-02-20 16:00:00+01:00;0,000;1,000;MESURE
2025-02-20 17:00:00+01:00;0,000;1,000;MESURE
2025-02-20 18:00:00+01:00;5701,000;1,000;MESURE
2025-02-20 19:00:00+01:00;9304,000;1,000;MESURE
2025-02-20 20:00:00+01:00;9168,000;1,000;MESURE
2025-02-20 21:00:00+01:00;9157,000;1,000;MESURE
2025-02-20 22:00:00+01:00;9179,000;1,000;MESURE
2025-02-20 23:00:00+01:00;9040,000;1,000;MESURE
2025-02-21 00:00:00+01:00;9157,000;1,000;MESURE
2025-02-21 01:00:00+01:00;9133,000;1,000;MESURE
2025-02-21 02:00:00+01:00;9129,000;1,000;MESURE
2025-02-21 03:00:00+01:00;9149,000;1,000;MESURE
2025-02-21 04:00:00+01:00;9080,000;1,000;MESURE
2025-02-21 05:00:00+01:00;9056,000;1,000;MESURE
2025-02-21 06:00:00+01:00;9109,000;1,000;MESURE
2025-02-21 07:00:00+01:00;4560,000;1,000;MESURE
2025-02-21 08:00:00+01:00;0,000;1,000;MESURE
2025-02-21 09:00:00+01:00;0,000;1,000;MESURE
2025-02-21 10:00:00+01:00;0,000;1,000;MESURE
2025-02-21 11:00:00+01:00;0,000;1,000;MESURE
2025-02-21 12:00:00+01:00;0,000;1,000;MESURE
2025-02-21 13:00:00+01:00;0,000;1,000;MESURE
2025-02-21 14:00:00+01:00;0,000;1,000;MESURE
2025-02-21 15:00:00+01:00;0,000;1,000;MESURE
2025-02-21 16:00:00+01:00;0,000;1,000;MESURE
2025-02-21 17:00:00+01:00;0,000;1,000;MESURE
2025-02-21 18:00:00+01:00;5427,000;1,000;MESURE
2025-02-21 19:00:00+01:00;9353,000;1,000;MESURE
2025-02-21 20:00:00+01:00;9217,000;1,000;MESURE
2025-02-21 21:00:00+01:00;9162,000;1,000;MESURE
2025-02-21 22:00:00+01:00;9170,000;1,000;MESURE
2025-02-21 23:00:00+01:00;9043,000;1,000;MESURE
2025-02-22 00:00:00+01:00;9127,000;1,000;MESURE
2025-02-22 01:00:00+01:00;9123,000;1,000;MESURE
2025-02-22 02:00:00+01:00;9096,000;1,000;MESURE
2025-02-22 03:00:00+01:00;9197,000;1,000;MESURE
2025-02-22 04:00:00+01:00;9181,000;1,000;MESURE
2025-02-22 05:00:00+01:00;9187,000;1,000;MESURE
2025-02-22 06:00:00+01:00;9230,000;1,000;MESURE
2025-02-22 07:00:00+01:00;4291,000;1,000;MESURE
2025-02-22 08:00:00+01:00;0,000;1,000;MESURE
2025-02-22 09:00:00+01:00;0,000;1,000;MESURE
2025-02-22 10:00:00+01:00;0,000;1,000;MESURE
2025-02-22 11:00:00+01:00;0,000;1,000;MESURE
2025-02-22 12:00:00+01:00;0,000;1,000;MESURE
2025-02-22 13:00:00+01:00;0,000;1,000;MESURE
2025-02-22 14:00:00+01:00;0,000;1,000;MESURE
2025-02-22 15:00:00+01:00;0,000;1,000;MESURE
2025-02-22 16:00:00+01:00;0,000;1,000;MESURE
2025-02-22 17:00:00+01:00;0,000;1,000;MESURE
2025-02-22 18:00:00+01:00;5292,000;1,000;MESURE
2025-02-22 19:00:00+01:00;9517,000;1,000;MESURE
2025-02-22 20:00:00+01:00;9171,000;1,000;MESURE
2025-02-22 21:00:00+01:00;9154,000;1,000;MESURE
2025-02-22 22:00:00+01:00;9094,000;1,000;MESURE
2025-02-22 23:00:00+01:00;9075,000;1,000;MESURE
2025-02-23 00:00:00+01:00;9174,000;1,000;MESURE
2025-02-23 01:00:00+01:00;9095,000;1,000;MESURE
2025-02-23 02:00:00+01:00;9122,000;1,000;MESURE
2025-02-23 03:00:00+01:00;9119,000;1,000;MESURE
2025-02-23 04:00:00+01:00;9093,000;1,000;MESURE
2025-02-23 05:00:00+01:00;9104,000;1,000;MESURE
2025-02-23 06:00:00+01:00;9090,000;1,000;MESURE
2025-02-23 07:00:00+01:00;4137,000;1,000;MESURE
2025-02-23 08:00:00+01:00;0,000;1,000;MESURE
2025-02-23 09:00:00+01:00;0,000;1,000;MESURE
2025-02-23 10:00:00+01:00;0,000;1,000;MESURE
2025-02-23 11:00:00+01:00;0,000;1,000;MESURE
2025-02-23 12:00:00+01:00;0,000;1,000;MESURE
2025-02-23 13:00:00+01:00;0,000;1,000;MESURE
2025-02-23 14:00:00+01:00;0,000;1,000;MESURE
2025-02-23 15:00:00+01:00;0,000;1,000;MESURE
2025-02-23 16:00:00+01:00;0,000;1,000;MESURE
2025-02-23 17:00:00+01:00;0,000;1,000;MESURE
2025-02-23 18:00:00+01:00;5037,000;1,000;MESURE
2025-02-23 19:00:00+01:00;9525,000;1,000;MESURE
2025-02-23 20:00:00+01:00;9303,000;1,000;MESURE
2025-02-23 21:00:00+01:00;9153,000;1,000;MESURE
2025-02-23 22:00:00+01:00;9071,000;1,000;MESURE
2025-02-23 23:00:00+01:00;9183,000;1,000;MESURE
2025-02-24 00:00:00+01:00;9174,000;1,000;MESURE
2025-02-24 01:00:00+01:00;9233,000;1,000;MESURE
2025-02-24 02:00:00+01:00;9287,000;1,000;MESURE
2025-02-24 03:00:00+01:00;9295,000;1,000;MESURE
2025-02-24 04:00:00+01:00;9274,000;1,000;MESURE
2025-02-24 05:00:00+01:00;9182,000;1,000;MESURE
2025-02-24 06:00:00+01:00;9239,000;1,000;MESURE
2025-02-24 07:00:00+01:00;3853,000;1,000;MESURE
2025-02-24 08:00:00+01:00;0,000;1,000;MESURE
2025-02-24 09:00:00+01:00;0,000;1,000;MESURE
2025-02-24 10:00:00+01:00;0,000;1,000;MESURE
2025-02-24 11:00:00+01:00;0,000;1,000;MESURE
2025-02-24 12:00:00+01:00;0,000;1,000;MESURE
2025-02-24 13:00:00+01:00;0,000;1,000;MESURE
2025-02-24 14:00:00+01:00;0,000;1,000;MESURE
2025-02-24 15:00:00+01:00;0,000;1,000;MESURE
2025-02-24 16:00:00+01:00;0,000;1,000;MESURE
2025-02-24 17:00:00+01:00;0,000;1,000;MESURE
2025-02-24 18:00:00+01:00;4761,000;1,000;MESURE
2025-02-24 19:00:00+01:00;9361,000;1,000;MESURE
2025-02-24 20:00:00+01:00;9250,000;1,000;MESURE
2025-02-24 21:00:00+01:00;9207,000;1,000;MESURE
2025-02-24 22:00:00+01:00;9240,000;1,000;MESURE
2025-02-24 23:00:00+01:00;9167,000;1,000;MESURE
2025-02-25 00:00:00+01:00;9218,000;1,000;MESURE
2025-02-25 01:00:00+01:00;9309,000;1,000;MESURE
2025-02-25 02:00:00+01:00;9272,000;1,000;MESURE
2025-02-25 03:00:00+01:00;9331,000;1,000;MESURE
2025-02-25 04:00:00+01:00;9355,000;1,000;MESURE
2025-02-25 05:00:00+01:00;9321,000;1,000;MESURE
2025-02-25 06:00:00+01:00;9226,000;1,000;MESURE
2025-02-25 07:00:00+01:00;3528,000;1,000;MESURE
2025-02-25 08:00:00+01:00;0,000;1,000;MESURE
2025-02-25 09:00:00+01:00;0,000;1,000;MESURE
2025-02-25 10:00:00+01:00;0,000;1,000;MESURE
2025-02-25 11:00:00+01:00;0,000;1,000;MESURE
2025-02-25 12:00:00+01:00;0,000;1,000;MESURE
2025-02-25 13:00:00+01:00;0,000;1,000;MESURE
2025-02-25 14:00:00+01:00;0,000;1,000;MESURE
2025-02-25 15:00:00+01:00;0,000;1,000;MESURE
2025-02-25 16:00:00+01:00;0,000;1,000;MESURE
2025-02-25 17:00:00+01:00;0,000;1,000;MESURE
2025-02-25 18:00:00+01:00;4424,000;1,000;MESURE
2025-02-25 19:00:00+01:00;9382,000;1,000;MESURE
2025-02-25 20:00:00+01:00;9158,000;1,000;MESURE
2025-02-25 21:00:00+01:00;9165,000;1,000;MESURE
2025-02-25 22:00:00+01:00;9177,000;1,000;MESURE
2025-02-25 23:00:00+01:00;9102,000;1,000;MESURE
2025-02-26 00:00:00+01:00;9101,000;1,000;MESURE
2025-02-26 01:00:00+01:00;9062,000;1,000;MESURE
2025-02-26 02:00:00+01:00;9028,000;1,000;MESURE
2025-02-26 03:00:00+01:00;9061,000;1,000;MESURE
2025-02-26 04:00:00+01:00;9055,000;1,000;MESURE
2025-02-26 05:00:00+01:00;9033,000;1,000;MESURE
2025-02-26 06:00:00+01:00;9046,000;1,000;MESURE
2025-02-26 07:00:00+01:00;3177,000;1,000;MESURE
2025-02-26 08:00:00+01:00;0,000;1,000;MESURE
2025-02-26 09:00:00+01:00;0,000;1,000;MESURE
2025-02-26 10:00:00+01:00;0,000;1,000;MESURE
2025-02-26 11:00:00+01:00;0,000;1,000;MESURE
2025-02-26 12:00:00+01:00;0,000;1,000;MESURE
2025-02-26 13:00:00+01:00;0,000;1,000;MESURE
2025-02-26 14:00:00+01:00;0,000;1,000;MESURE
2025-02-26 15:00:00+01:00;0,000;1,000;MESURE
2025-02-26 16:00:00+01:00;0,000;1,000;MESURE
2025-02-26 17:00:00+01:00;0,000;1,000;MESURE
2025-02-26 18:00:00+01:00;4271,000;1,000;MESURE
2025-02-26 19:00:00+01:00;9313,000;1,000;MESURE
2025-02-26 20:00:00+01:00;9141,000;1,000;MESURE
2025-02-26 21:00:00+01:00;9029,000;1,000;MESURE
2025-02-26 22:00:00+01:00;9049,000;1,000;MESURE
2025-02-26 23:00:00+01:00;9018,000;1,000;MESURE
2025-02-27 00:00:00+01:00;9122,000;1,000;MESURE
2025-02-27 01:00:00+01:00;9078,000;1,000;MESURE
2025-02-27 02:00:00+01:00;9014,000;1,000;MESURE
2025-02-27 03:00:00+01:00;9115,000;1,000;MESURE
2025-02-27 04:00:00+01:00;9095,000;1,000;MESURE
2025-02-27 05:00:00+01:00;9125,000;1,000;MESURE
2025-02-27 06:00:00+01:00;9098,000;1,000;MESURE
2025-02-27 07:00:00+01:00;3053,000;1,000;MESURE
2025-02-27 08:00:00+01:00;0,000;1,000;MESURE
2025-02-27 09:00:00+01:00;0,000;1,000;MESURE
2025-02-27 10:00:00+01:00;0,000;1,000;MESURE
2025-02-27 11:00:00+01:00;0,000;1,000;MESURE
2025-02-27 12:00:00+01:00;0,000;1,000;MESURE
2025-02-27 13:00:00+01:00;0,000;1,000;MESURE
2025-02-27 14:00:00+01:00;0,000;1,000;MESURE
2025-02-27 15:00:00+01:00;0,000;1,000;MESURE
2025-02-27 16:00:00+01:00;0,000;1,000;MESURE
2025-02-27 17:00:00+01:00;0,000;1,000;MESURE
2025-02-27 18:00:00+01:00;4065,000;1,000;MESURE
2025-02-27 19:00:00+01:00;9200,000;1,000;MESURE
2025-02-27 20:00:00+01:00;9040,000;1,000;MESURE
2025-02-27 21:00:00+01:00;8906,000;1,000;MESURE
2025-02-27 22:00:00+01:00;8973,000;1,000;MESURE
2025-02-27 23:00:00+01:00;8921,000;1,000;MESURE
2025-02-28 00:00:00+01:00;8998,000;1,000;MESURE
2025-02-28 01:00:00+01:00;8966,000;1,000;MESURE
2025-02-28 02:00:00+01:00;9011,000;1,000;MESURE
2025-02-28 03:00:00+01:00;9015,000;1,000;MESURE
2025-02-28 04:00:00+01:00;8964,000;1,000;MESURE
2025-02-28 05:00:00+01:00;8886,000;1,000;MESURE
2025-02-28 06:00:00+01:00;9127,000;1,000;MESURE
2025-02-28 07:00:00+01:00;2665,000;1,000;MESURE
2025-02-28 08:00:00+01:00;0,000;1,000;MESURE
2025-02-28 09:00:00+01:00;0,000;1,000;MESURE
2025-02-28 10:00:00+01:00;0,000;1,000;MESURE
2025-02-28 11:00:00+01:00;0,000;1,000;MESURE
2025-02-28 12:00:00+01:00;0,000;1,000;MESURE
2025-02-28 13:00:00+01:00;0,000;1,000;MESURE
2025-02-28 14:00:00+01:00;0,000;1,000;MESURE
2025-02-28 15:00:00+01:00;0,000;1,000;MESURE
2025-02-28 16:00:00+01:00;0,000;1,000;MESURE
2025-02-28 17:00:00+01:00;0,000;1,000;MESURE
2025-02-28 18:00:00+01:00;3743,000;1,000;MESURE
2025-02-28 19:00:00+01:00;9189,000;1,000;MESURE
2025-02-28 20:00:00+01:00;9032,000;1,000;MESURE
2025-02-28 21:00:00+01:00;8891,000;1,000;MESURE
2025-02-28 22:00:00+01:00;8935,000;1,000;MESURE
2025-02-28 23:00:00+01:00;8886,000;1,000;MESURE
2025-03-01 00:00:00+01:00;8993,000;1,000;MESURE
2025-03-01 01:00:00+01:00;9034,000;1,000;MESURE
2025-03-01 02:00:00+01:00;9102,000;1,000;MESURE
2025-03-01 03:00:00+01:00;9184,000;1,000;MESURE
2025-03-01 04:00:00+01:00;9192,000;1,000;MESURE
2025-03-01 05:00:00+01:00;9172,000;1,000;MESURE
2025-03-01 06:00:00+01:00;9136,000;1,000;MESURE
2025-03-01 07:00:00+01:00;2438,000;1,000;MESURE
2025-03-01 08:00:00+01:00;0,000;1,000;MESURE
2025-03-01 09:00:00+01:00;0,000;1,000;MESURE
2025-03-01 10:00:00+01:00;0,000;1,000;MESURE
2025-03-01 11:00:00+01:00;0,000;1,000;MESURE
2025-03-01 12:00:00+01:00;0,000;1,000;MESURE
2025-03-01 13:00:00+01:00;0,000;1,000;MESURE
2025-03-01 14:00:00+01:00;0,000;1,000;MESURE
2025-03-01 15:00:00+01:00;0,000;1,000;MESURE
2025-03-01 16:00:00+01:00;0,000;1,000;MESURE
2025-03-01 17:00:00+01:00;0,000;1,000;MESURE
2025-03-01 18:00:00+01:00;3726,000;1,000;MESURE
2025-03-01 19:00:00+01:00;9484,000;1,000;MESURE
2025-03-01 20:00:00+01:00;9365,000;1,000;MESURE
2025-03-01 21:00:00+01:00;9036,000;1,000;MESURE
2025-03-01 22:00:00+01:00;8990,000;1,000;MESURE
2025-03-01 23:00:00+01:00;8993,000;1,000;MESURE
2025-03-02 00:00:00+01:00;9055,000;1,000;MESURE
2025-03-02 01:00:00+01:00;9065,000;1,000;MESURE
2025-03-02 02:00:00+01:00;9065,000;1,000;MESURE
2025-03-02 03:00:00+01:00;9078,000;1,000;MESURE
2025-03-02 04:00:00+01:00;9093,000;1,000;MESURE
2025-03-02 05:00:00+01:00;9160,000;1,000;MESURE
2025-03-02 06:00:00+01:00;9081,000;1,000;MESURE
2025-03-02 07:00:00+01:00;2113,000;1,000;MESURE
2025-03-02 08:00:00+01:00;0,000;1,000;MESURE
2025-03-02 09:00:00+01:00;0,000;1,000;MESURE
2025-03-02 10:00:00+01:00;0,000;1,000;MESURE
2025-03-02 11:00:00+01:00;0,000;1,000;MESURE
2025-03-02 12:00:00+01:00;0,000;1,000;MESURE
2025-03-02 13:00:00+01:00;0,000;1,000;MESURE
2025-03-02 14:00:00+01:00;0,000;1,000;MESURE
2025-03-02 15:00:00+01:00;0,000;1,000;MESURE
2025-03-02 16:00:00+01:00;0,000;1,000;MESURE
2025-03-02 17:00:00+01:00;0,000;1,000;MESURE
2025-03-02 18:00:00+01:00;3404,000;1,000;MESURE
2025-03-02 19:00:00+01:00;9506,000;1,000;MESURE
2025-03-02 20:00:00+01:00;9337,000;1,000;MESURE
2025-03-02 21:00:00+01:00;9027,000;1,000;MESURE
2025-03-02 22:00:00+01:00;9096,000;1,000;MESURE
2025-03-02 23:00:00+01:00;9156,000;1,000;MESURE
2025-03-03 00:00:00+01:00;9084,000;1,000;MESURE
2025-03-03 01:00:00+01:00;9160,000;1,000;MESURE
2025-03-03 02:00:00+01:00;9094,000;1,000;MESURE
2025-03-03 03:00:00+01:00;9116,000;1,000;MESURE
2025-03-03 04:00:00+01:00;9073,000;1,000;MESURE
2025-03-03 05:00:00+01:00;9183,000;1,000;MESURE
2025-03-03 06:00:00+01:00;9175,000;1,000;MESURE
2025-03-03 07:00:00+01:00;1843,000;1,000;MESURE
2025-03-03 08:00:00+01:00;0,000;1,000;MESURE
2025-03-03 09:00:00+01:00;0,000;1,000;MESURE
2025-03-03 10:00:00+01:00;0,000;1,000;MESURE
2025-03-03 11:00:00+01:00;0,000;1,000;MESURE
2025-03-03 12:00:00+01:00;0,000;1,000;MESURE
2025-03-03 13:00:00+01:00;0,000;1,000;MESURE
2025-03-03 14:00:00+01:00;0,000;1,000;MESURE
2025-03-03 15:00:00+01:00;0,000;1,000;MESURE
2025-03-03 16:00:00+01:00;0,000;1,000;MESURE
2025-03-03 17:00:00+01:00;0,000;1,000;MESURE
2025-03-03 18:00:00+01:00;3190,000;1,000;MESURE
2025-03-03 19:00:00+01:00;9462,000;1,000;MESURE
2025-03-03 20:00:00+01:00;9364,000;1,000;MESURE
2025-03-03 21:00:00+01:00;9283,000;1,000;MESURE
2025-03-03 22:00:00+01:00;9198,000;1,000;MESURE
2025-03-03 23:00:00+01:00;9211,000;1,000;MESURE
2025-03-04 00:00:00+01:00;9265,000;1,000;MESURE
2025-03-04 01:00:00+01:00;9212,000;1,000;MESURE
2025-03-04 02:00:00+01:00;9266,000;1,000;MESURE
2025-03-04 03:00:00+01:00;9223,000;1,000;MESURE
2025-03-04 04:00:00+01:00;9205,000;1,000;MESURE
2025-03-04 05:00:00+01:00;9195,000;1,000;MESURE
2025-03-04 06:00:00+01:00;9179,000;1,000;MESURE
2025-03-04 07:00:00+01:00;1708,000;1,000;MESURE
2025-03-04 08:00:00+01:00;0,000;1,000;MESURE
2025-03-04 09:00:00+01:00;0,000;1,000;MESURE
2025-03-04 10:00:00+01:00;0,000;1,000;MESURE
2025-03-04 11:00:00+01:00;0,000;1,000;MESURE
2025-03-04 12:00:00+01:00;0,000;1,000;MESURE
2025-03-04 13:00:00+01:00;0,000;1,000;MESURE
2025-03-04 14:00:00+01:00;0,000;1,000;MESURE
2025-03-04 15:00:00+01:00;0,000;1,000;MESURE
2025-03-04 16:00:00+01:00;0,000;1,000;MESURE
2025-03-04 17:00:00+01:00;0,000;1,000;MESURE
2025-03-04 18:00:00+01:00;3089,000;1,000;MESURE
2025-03-04 19:00:00+01:00;9595,000;1,000;MESURE
2025-03-04 20:00:00+01:00;9405,000;1,000;MESURE
2025-03-04 21:00:00+01:00;9032,000;1,000;MESURE
2025-03-04 22:00:00+01:00;9061,000;1,000;MESURE
2025-03-04 23:00:00+01:00;9071,000;1,000;MESURE
2025-03-05 00:00:00+01:00;9187,000;1,000;MESURE
2025-03-05 01:00:00+01:00;9187,000;1,000;MESURE
2025-03-05 02:00:00+01:00;9245,000;1,000;MESURE
2025-03-05 03:00:00+01:00;9231,000;1,000;MESURE
2025-03-05 04:00:00+01:00;9103,000;1,000;MESURE
2025-03-05 05:00:00+01:00;9272,000;1,000;MESURE
2025-03-05 06:00:00+01:00;9152,000;1,000;MESURE
2025-03-05 07:00:00+01:00;1410,000;1,000;MESURE
2025-03-05 08:00:00+01:00;0,000;1,000;MESURE
2025-03-05 09:00:00+01:00;0,000;1,000;MESURE
2025-03-05 10:00:00+01:00;0,000;1,000;MESURE
2025-03-05 11:00:00+01:00;0,000;1,000;MESURE
2025-03-05 12:00:00+01:00;0,000;1,000;MESURE
2025-03-05 13:00:00+01:00;0,000;1,000;MESURE
2025-03-05 14:00:00+01:00;0,000;1,000;MESURE
2025-03-05 15:00:00+01:00;0,000;1,000;MESURE
2025-03-05 16:00:00+01:00;0,000;1,000;MESURE
2025-03-05 17:00:00+01:00;0,000;1,000;MESURE
2025-03-05 18:00:00+01:00;2686,000;1,000;MESURE
2025-03-05 19:00:00+01:00;9300,000;1,000;MESURE
2025-03-05 20:00:00+01:00;9244,000;1,000;MESURE
2025-03-05 21:00:00+01:00;9026,000;1,000;MESURE
2025-03-05 22:00:00+01:00;9040,000;1,000;MESURE
2025-03-05 23:00:00+01:00;9067,000;1,000;MESURE
2025-03-06 00:00:00+01:00;9047,000;1,000;MESURE
2025-03-06 01:00:00+01:00;9066,000;1,000;MESURE
2025-03-06 02:00:00+01:00;9074,000;1,000;MESURE
2025-03-06 03:00:00+01:00;9076,000;1,000;MESURE
2025-03-06 04:00:00+01:00;9155,000;1,000;MESURE
2025-03-06 05:00:00+01:00;9257,000;1,000;MESURE
2025-03-06 06:00:00+01:00;9263,000;1,000;MESURE
2025-03-06 07:00:00+01:00;1095,000;1,000;MESURE
2025-03-06 08:00:00+01:00;0,000;1,000;MESURE
2025-03-06 09:00:00+01:00;0,000;1,000;MESURE
2025-03-06 10:00:00+01:00;0,000;1,000;MESURE
2025-03-06 11:00:00+01:00;0,000;1,000;MESURE
2025-03-06 12:00:00+01:00;0,000;1,000;MESURE
2025-03-06 13:00:00+01:00;0,000;1,000;MESURE
2025-03-06 14:00:00+01:00;0,000;1,000;MESURE
2025-03-06 15:00:00+01:00;0,000;1,000;MESURE
2025-03-06 16:00:00+01:00;0,000;1,000;MESURE
2025-03-06 17:00:00+01:00;0,000;1,000;MESURE
2025-03-06 18:00:00+01:00;2536,000;1,000;MESURE
2025-03-06 19:00:00+01:00;9378,000;1,000;MESURE
2025-03-06 20:00:00+01:00;9202,000;1,000;MESURE
2025-03-06 21:00:00+01:00;9051,000;1,000;MESURE
2025-03-06 22:00:00+01:00;9103,000;1,000;MESURE
2025-03-06 23:00:00+01:00;9249,000;1,000;MESURE
2025-03-07 00:00:00+01:00;9148,000;1,000;MESURE
2025-03-07 01:00:00+01:00;9209,000;1,000;MESURE
2025-03-07 02:00:00+01:00;9134,000;1,000;MESURE
2025-03-07 03:00:00+01:00;9132,000;1,000;MESURE
2025-03-07 04:00:00+01:00;9107,000;1,000;MESURE
2025-03-07 05:00:00+01:00;9127,000;1,000;MESURE
2025-03-07 06:00:00+01:00;9134,000;1,000;MESURE
2025-03-07 07:00:00+01:00;772,000;1,000;MESURE
2025-03-07 08:00:00+01:00;0,000;1,000;MESURE
2025-03-07 09:00:00+01:00;0,000;1,000;MESURE
2025-03-07 10:00:00+01:00;0,000;1,000;MESURE
2025-03-07 11:00:00+01:00;0,000;1,000;MESURE
2025-03-07 12:00:00+01:00;0,000;1,000;MESURE
2025-03-07 13:00:00+01:00;0,000;1,000;MESURE
2025-03-07 14:00:00+01:00;0,000;1,000;MESURE
2025-03-07 15:00:00+01:00;0,000;1,000;MESURE
2025-03-07 16:00:00+01:00;0,000;1,000;MESURE
2025-03-07 17:00:00+01:00;0,000;1,000;MESURE
2025-03-07 18:00:00+01:00;2246,000;1,000;MESURE
2025-03-07 19:00:00+01:00;9392,000;1,000;MESURE
2025-03-07 20:00:00+01:00;9294,000;1,000;MESURE
2025-03-07 21:00:00+01:00;9157,000;1,000;MESURE
2025-03-07 22:00:00+01:00;9180,000;1,000;MESURE
2025-03-07 23:00:00+01:00;9067,000;1,000;MESURE
2025-03-08 00:00:00+01:00;9096,000;1,000;MESURE
2025-03-08 01:00:00+01:00;9089,000;1,000;MESURE
2025-03-08 02:00:00+01:00;9060,000;1,000;MESURE
2025-03-08 03:00:00+01:00;9048,000;1,000;MESURE
2025-03-08 04:00:00+01:00;9165,000;1,000;MESURE
2025-03-08 05:00:00+01:00;9133,000;1,000;MESURE
2025-03-08 06:00:00+01:00;9078,000;1,000;MESURE
2025-03-08 07:00:00+01:00;457,000;1,000;MESURE
2025-03-08 08:00:00+01:00;0,000;1,000;MESURE
2025-03-08 09:00:00+01:00;0,000;1,000;MESURE
2025-03-08 10:00:00+01:00;0,000;1,000;MESURE
2025-03-08 11:00:00+01:00;0,000;1,000;MESURE
2025-03-08 12:00:00+01:00;0,000;1,000;MESURE
2025-03-08 13:00:00+01:00;0,000;1,000;MESURE
2025-03-08 14:00:00+01:00;0,000;1,000;MESURE
2025-03-08 15:00:00+01:00;0,000;1,000;MESURE
2025-03-08 16:00:00+01:00;0,000;1,000;MESURE
2025-03-08 17:00:00+01:00;0,000;1,000;MESURE
2025-03-08 18:00:00+01:00;2054,000;1,000;MESURE
2025-03-08 19:00:00+01:00;9383,000;1,000;MESURE
2025-03-08 20:00:00+01:00;9203,000;1,000;MESURE
2025-03-08 21:00:00+01:00;9078,000;1,000;MESURE
2025-03-08 22:00:00+01:00;9079,000;1,000;MESURE
2025-03-08 23:00:00+01:00;9214,000;1,000;MESURE
2025-03-09 00:00:00+01:00;9062,000;1,000;MESURE
2025-03-09 01:00:00+01:00;9083,000;1,000;MESURE
2025-03-09 02:00:00+01:00;9061,000;1,000;MESURE
2025-03-09 03:00:00+01:00;9102,000;1,000;MESURE
2025-03-09 04:00:00+01:00;9098,000;1,000;MESURE
2025-03-09 05:00:00+01:00;9080,000;1,000;MESURE
2025-03-09 06:00:00+01:00;9088,000;1,000;MESURE
2025-03-09 07:00:00+01:00;157,000;1,000;MESURE
2025-03-09 08:00:00+01:00;0,000;1,000;MESURE
2025-03-09 09:00:00+01:00;0,000;1,000;MESURE
2025-03-09 10:00:00+01:00;0,000;1,000;MESURE
2025-03-09 11:00:00+01:00;0,000;1,000;MESURE
2025-03-09 12:00:00+01:00;0,000;1,000;MESURE
2025-03-09 13:00:00+01:00;0,000;1,000;MESURE
2025-03-09 14:00:00+01:00;0,000;1,000;MESURE
2025-03-09 15:00:00+01:00;0,000;1,000;MESURE
2025-03-09 16:00:00+01:00;0,000;1,000;MESURE
2025-03-09 17:00:00+01:00;0,000;1,000;MESURE
2025-03-09 18:00:00+01:00;1929,000;1,000;MESURE
2025-03-09 19:00:00+01:00;9375,000;1,000;MESURE
2025-03-09 20:00:00+01:00;9334,000;1,000;MESURE
2025-03-09 21:00:00+01:00;9232,000;1,000;MESURE
2025-03-09 22:00:00+01:00;9228,000;1,000;MESURE
2025-03-09 23:00:00+01:00;9160,000;1,000;MESURE
2025-03-10 00:00:00+01:00;9174,000;1,000;MESURE
2025-03-10 01:00:00+01:00;9202,000;1,000;MESURE
2025-03-10 02:00:00+01:00;9153,000;1,000;MESURE
2025-03-10 03:00:00+01:00;9187,000;1,000;MESURE
2025-03-10 04:00:00+01:00;9236,000;1,000;MESURE
2025-03-10 05:00:00+01:00;9164,000;1,000;MESURE
2025-03-10 06:00:00+01:00;8947,000;1,000;MESURE
2025-03-10 07:00:00+01:00;0,000;1,000;MESURE
2025-03-10 08:00:00+01:00;0,000;1,000;MESURE
2025-03-10 09:00:00+01:00;0,000;1,000;MESURE
2025-03-10 10:00:00+01:00;0,000;1,000;MESURE
2025-03-10 11:00:00+01:00;0,000;1,000;MESURE
2025-03-10 12:00:00+01:00;0,000;1,000;MESURE
2025-03-10 13:00:00+01:00;0,000;1,000;MESURE
2025-03-10 14:00:00+01:00;0,000;1,000;MESURE
2025-03-10 15:00:00+01:00;0,000;1,000;MESURE
2025-03-10 16:00:00+01:00;0,000;1,000;MESURE
2025-03-10 17:00:00+01:00;0,000;1,000;MESURE
2025-03-10 18:00:00+01:00;1663,000;1,000;MESURE
2025-03-10 19:00:00+01:00;9620,000;1,000;MESURE
2025-03-10 20:00:00+01:00;9440,000;1,000;MESURE
2025-03-10 21:00:00+01:00;9182,000;1,000;MESURE
2025-03-10 22:00:00+01:00;9110,000;1,000;MESURE
2025-03-10 23:00:00+01:00;9056,000;1,000;MESURE
2025-03-11 00:00:00+01:00;9174,000;1,000;MESURE
2025-03-11 01:00:00+01:00;9211,000;1,000;MESURE
2025-03-11 02:00:00+01:00;9201,000;1,000;MESURE
2025-03-11 03:00:00+01:00;9247,000;1,000;MESURE
2025-03-11 04:00:00+01:00;9203,000;1,000;MESURE
2025-03-11 05:00:00+01:00;9121,000;1,000;MESURE
2025-03-11 06:00:00+01:00;8639,000;1,000;MESURE
2025-03-11 07:00:00+01:00;0,000;1,000;MESURE
2025-03-11 08:00:00+01:00;0,000;1,000;MESURE
2025-03-11 09:00:00+01:00;0,000;1,000;MESURE
2025-03-11 10:00:00+01:00;0,000;1,000;MESURE
2025-03-11 11:00:00+01:00;0,000;1,000;MESURE
2025-03-11 12:00:00+01:00;0,000;1,000;MESURE
2025-03-11 13:00:00+01:00;0,000;1,000;MESURE
2025-03-11 14:00:00+01:00;0,000;1,000;MESURE
2025-03-11 15:00:00+01:00;0,000;1,000;MESURE
2025-03-11 16:00:00+01:00;0,000;1,000;MESURE
2025-03-11 17:00:00+01:00;0,000;1,000;MESURE
2025-03-11 18:00:00+01:00;1478,000;1,000;MESURE
2025-03-11 19:00:00+01:00;9456,000;1,000;MESURE
2025-03-11 20:00:00+01:00;9259,000;1,000;MESURE
2025-03-11 21:00:00+01:00;8979,000;1,000;MESURE
2025-03-11 22:00:00+01:00;8983,000;1,000;MESURE
2025-03-11 23:00:00+01:00;8988,000;1,000;MESURE
2025-03-12 00:00:00+01:00;8994,000;1,000;MESURE
2025-03-12 01:00:00+01:00;9030,000;1,000;MESURE
2025-03-12 02:00:00+01:00;9016,000;1,000;MESURE
2025-03-12 03:00:00+01:00;9057,000;1,000;MESURE
2025-03-12 04:00:00+01:00;9081,000;1,000;MESURE
2025-03-12 05:00:00+01:00;9061,000;1,000;MESURE
2025-03-12 06:00:00+01:00;8431,000;1,000;MESURE
2025-03-12 07:00:00+01:00;0,000;1,000;MESURE
2025-03-12 08:00:00+01:00;0,000;1,000;MESURE
2025-03-12 09:00:00+01:00;0,000;1,000;MESURE
2025-03-12 10:00:00+01:00;0,000;1,000;MESURE
2025-03-12 11:00:00+01:00;0,000;1,000;MESURE
2025-03-12 12:00:00+01:00;0,000;1,000;MESURE
2025-03-12 13:00:00+01:00;0,000;1,000;MESURE
2025-03-12 14:00:00+01:00;0,000;1,000;MESURE
2025-03-12 15:00:00+01:00;0,000;1,000;MESURE
2025-03-12 16:00:00+01:00;0,000;1,000;MESURE
2025-03-12 17:00:00+01:00;0,000;1,000;MESURE
2025-03-12 18:00:00+01:00;1144,000;1,000;MESURE
2025-03-12 19:00:00+01:00;9480,000;1,000;MESURE
2025-03-12 20:00:00+01:00;9281,000;1,000;MESURE
2025-03-12 21:00:00+01:00;9060,000;1,000;MESURE
2025-03-12 22:00:00+01:00;9002,000;1,000;MESURE
2025-03-12 23:00:00+01:00;8943,000;1,000;MESURE
2025-03-13 00:00:00+01:00;9012,000;1,000;MESURE
2025-03-13 01:00:00+01:00;9032,000;1,000;MESURE
2025-03-13 02:00:00+01:00;8974,000;1,000;MESURE
2025-03-13 03:00:00+01:00;8989,000;1,000;MESURE
2025-03-13 04:00:00+01:00;8990,000;1,000;MESURE
2025-03-13 05:00:00+01:00;8956,000;1,000;MESURE
2025-03-13 06:00:00+01:00;8253,000;1,000;MESURE
2025-03-13 07:00:00+01:00;0,000;1,000;MESURE
2025-03-13 08:00:00+01:00;0,000;1,000;MESURE
2025-03-13 09:00:00+01:00;0,000;1,000;MESURE
2025-03-13 10:00:00+01:00;0,000;1,000;MESURE
2025-03-13 11:00:00+01:00;0,000;1,000;MESURE
2025-03-13 12:00:00+01:00;0,000;1,000;MESURE
2025-03-13 13:00:00+01:00;0,000;1,000;MESURE
2025-03-13 14:00:00+01:00;0,000;1,000;MESURE
2025-03-13 15:00:00+01:00;0,000;1,000;MESURE
2025-03-13 16:00:00+01:00;0,000;1,000;MESURE
2025-03-13 17:00:00+01:00;0,000;1,000;MESURE
2025-03-13 18:00:00+01:00;984,000;1,000;MESURE
2025-03-13 19:00:00+01:00;9419,000;1,000;MESURE
2025-03-13 20:00:00+01:00;9337,000;1,000;MESURE
2025-03-13 21:00:00+01:00;8961,000;1,000;MESURE
2025-03-13 22:00:00+01:00;8991,000;1,000;MESURE
2025-03-13 23:00:00+01:00;8977,000;1,000;MESURE
2025-03-14 00:00:00+01:00;8964,000;1,000;MESURE
2025-03-14 01:00:00+01:00;8976,000;1,000;MESURE
2025-03-14 02:00:00+01:00;8984,000;1,000;MESURE
2025-03-14 03:00:00+01:00;8936,000;1,000;MESURE
2025-03-14 04:00:00+01:00;8981,000;1,000;MESURE
2025-03-14 05:00:00+01:00;8948,000;1,000;MESURE
2025-03-14 06:00:00+01:00;7925,000;1,000;MESURE
2025-03-14 07:00:00+01:00;0,000;1,000;MESURE
2025-03-14 08:00:00+01:00;0,000;1,000;MESURE
2025-03-14 09:00:00+01:00;0,000;1,000;MESURE
2025-03-14 10:00:00+01:00;0,000;1,000;MESURE
2025-03-14 11:00:00+01:00;0,000;1,000;MESURE
2025-03-14 12:00:00+01:00;0,000;1,000;MESURE
2025-03-14 13:00:00+01:00;0,000;1,000;MESURE
2025-03-14 14:00:00+01:00;0,000;1,000;MESURE
2025-03-14 15:00:00+01:00;0,000;1,000;MESURE
2025-03-14 16:00:00+01:00;0,000;1,000;MESURE
2025-03-14 17:00:00+01:00;0,000;1,000;MESURE
2025-03-14 18:00:00+01:00;832,000;1,000;MESURE
2025-03-14 19:00:00+01:00;9431,000;1,000;MESURE
2025-03-14 20:00:00+01:00;9220,000;1,000;MESURE
2025-03-14 21:00:00+01:00;9043,000;1,000;MESURE
2025-03-14 22:00:00+01:00;8968,000;1,000;MESURE
2025-03-14 23:00:00+01:00;9052,000;1,000;MESURE
2025-03-15 00:00:00+01:00;8968,000;1,000;MESURE
2025-03-15 01:00:00+01:00;9009,000;1,000;MESURE
2025-03-15 02:00:00+01:00;9057,000;1,000;MESURE
2025-03-15 03:00:00+01:00;9045,000;1,000;MESURE
2025-03-15 04:00:00+01:00;9062,000;1,000;MESURE
2025-03-15 05:00:00+01:00;9018,000;1,000;MESURE
2025-03-15 06:00:00+01:00;7521,000;1,000;MESURE
2025-03-15 07:00:00+01:00;0,000;1,000;MESURE
2025-03-15 08:00:00+01:00;0,000;1,000;MESURE
2025-03-15 09:00:00+01:00;0,000;1,000;MESURE
2025-03-15 10:00:00+01:00;0,000;1,000;MESURE
2025-03-15 11:00:00+01:00;0,000;1,000;MESURE
2025-03-15 12:00:00+01:00;0,000;1,000;MESURE
2025-03-15 13:00:00+01:00;0,000;1,000;MESURE
2025-03-15 14:00:00+01:00;0,000;1,000;MESURE
2025-03-15 15:00:00+01:00;0,000;1,000;MESURE
2025-03-15 16:00:00+01:00;0,000;1,000;MESURE
2025-03-15 17:00:00+01:00;0,000;1,000;MESURE
2025-03-15 18:00:00+01:00;523,000;1,000;MESURE
2025-03-15 19:00:00+01:00;9436,000;1,000;MESURE
2025-03-15 20:00:00+01:00;9396,000;1,000;MESURE
2025-03-15 21:00:00+01:00;9212,000;1,000;MESURE
2025-03-15 22:00:00+01:00;9141,000;1,000;MESURE
2025-03-15 23:00:00+01:00;9051,000;1,000;MESURE
2025-03-16 00:00:00+01:00;9146,000;1,000;MESURE
2025-03-16 01:00:00+01:00;9178,000;1,000;MESURE
2025-03-16 02:00:00+01:00;9240,000;1,000;MESURE
2025-03-16 03:00:00+01:00;9281,000;1,000;MESURE
2025-03-16 04:00:00+01:00;9297,000;1,000;MESURE
2025-03-16 05:00:00+01:00;9300,000;1,000;MESURE
2025-03-16 06:00:00+01:00;7493,000;1,000;MESURE
2025-03-16 07:00:00+01:00;0,000;1,000;MESURE
2025-03-16 08:00:00+01:00;0,000;1,000;MESURE
2025-03-16 09:00:00+01:00;0,000;1,000;MESURE
2025-03-16 10:00:00+01:00;0,000;1,000;MESURE
2025-03-16 11:00:00+01:00;0,000;1,000;MESURE
2025-03-16 12:00:00+01:00;0,000;1,000;MESURE
2025-03-16 13:00:00+01:00;0,000;1,000;MESURE
2025-03-16 14:00:00+01:00;0,000;1,000;MESURE
2025-03-16 15:00:00+01:00;0,000;1,000;MESURE
2025-03-16 16:00:00+01:00;0,000;1,000;MESURE
2025-03-16 17:00:00+01:00;0,000;1,000;MESURE
2025-03-16 18:00:00+01:00;372,000;1,000;MESURE
2025-03-16 19:00:00+01:00;9430,000;1,000;MESURE
2025-03-16 20:00:00+01:00;9420,000;1,000;MESURE
2025-03-16 21:00:00+01:00;9327,000;1,000;MESURE
2025-03-16 22:00:00+01:00;9357,000;1,000;MESURE
2025-03-16 23:00:00+01:00;9368,000;1,000;MESURE
2025-03-17 00:00:00+01:00;9227,000;1,000;MESURE
2025-03-17 01:00:00+01:00;9392,000;1,000;MESURE
2025-03-17 02:00:00+01:00;9397,000;1,000;MESURE
2025-03-17 03:00:00+01:00;9389,000;1,000;MESURE
2025-03-17 04:00:00+01:00;9316,000;1,000;MESURE
2025-03-17 05:00:00+01:00;9186,000;1,000;MESURE
2025-03-17 06:00:00+01:00;7000,000;1,000;MESURE
2025-03-17 07:00:00+01:00;0,000;1,000;MESURE
2025-03-17 08:00:00+01:00;0,000;1,000;MESURE
2025-03-17 09:00:00+01:00;0,000;1,000;MESURE
2025-03-17 10:00:00+01:00;0,000;1,000;MESURE
2025-03-17 11:00:00+01:00;0,000;1,000;MESURE
2025-03-17 12:00:00+01:00;0,000;1,000;MESURE
2025-03-17 13:00:00+01:00;0,000;1,000;MESURE
2025-03-17 14:00:00+01:00;0,000;1,000;MESURE
2025-03-17 15:00:00+01:00;0,000;1,000;MESURE
2025-03-17 16:00:00+01:00;0,000;1,000;MESURE
2025-03-17 17:00:00+01:00;0,000;1,000;MESURE
2025-03-17 18:00:00+01:00;237,000;1,000;MESURE
2025-03-17 19:00:00+01:00;9398,000;1,000;MESURE
2025-03-17 20:00:00+01:00;9317,000;1,000;MESURE
2025-03-17 21:00:00+01:00;9226,000;1,000;MESURE
2025-03-17 22:00:00+01:00;9178,000;1,000;MESURE
2025-03-17 23:00:00+01:00;9140,000;1,000;MESURE
2025-03-18 00:00:00+01:00;9215,000;1,000;MESURE
2025-03-18 01:00:00+01:00;9164,000;1,000;MESURE
2025-03-18 02:00:00+01:00;9125,000;1,000;MESURE
2025-03-18 03:00:00+01:00;9152,000;1,000;MESURE
2025-03-18 04:00:00+01:00;9176,000;1,000;MESURE
2025-03-18 05:00:00+01:00;9151,000;1,000;MESURE
2025-03-18 06:00:00+01:00;6657,000;1,000;MESURE
2025-03-18 07:00:00+01:00;0,000;1,000;MESURE
2025-03-18 08:00:00+01:00;0,000;1,000;MESURE
2025-03-18 09:00:00+01:00;0,000;1,000;MESURE
2025-03-18 10:00:00+01:00;0,000;1,000;MESURE
2025-03-18 11:00:00+01:00;0,000;1,000;MESURE
2025-03-18 12:00:00+01:00;0,000;1,000;MESURE
2025-03-18 13:00:00+01:00;0,000;1,000;MESURE
2025-03-18 14:00:00+01:00;0,000;1,000;MESURE
2025-03-18 15:00:00+01:00;0,000;1,000;MESURE
2025-03-18 16:00:00+01:00;0,000;1,000;MESURE
2025-03-18 17:00:00+01:00;0,000;1,000;MESURE
2025-03-18 18:00:00+01:00;0,000;1,000;MESURE
2025-03-18 19:00:00+01:00;9449,000;1,000;MESURE
2025-03-18 20:00:00+01:00;9307,000;1,000;MESURE
2025-03-18 21:00:00+01:00;9125,000;1,000;MESURE
2025-03-18 22:00:00+01:00;9072,000;1,000;MESURE
2025-03-18 23:00:00+01:00;9108,000;1,000;MESURE
2025-03-19 00:00:00+01:00;9145,000;1,000;MESURE
2025-03-19 01:00:00+01:00;9163,000;1,000;MESURE
2025-03-19 02:00:00+01:00;9199,000;1,000;MESURE
2025-03-19 03:00:00+01:00;8985,000;1,000;MESURE
2025-03-19 04:00:00+01:00;9012,000;1,000;MESURE
2025-03-19 05:00:00+01:00;9171,000;1,000;MESURE
2025-03-19 06:00:00+01:00;6372,000;1,000;MESURE
2025-03-19 07:00:00+01:00;0,000;1,000;MESURE
2025-03-19 08:00:00+01:00;0,000;1,000;MESURE
2025-03-19 09:00:00+01:00;0,000;1,000;MESURE
2025-03-19 10:00:00+01:00;0,000;1,000;MESURE
2025-03-19 11:00:00+01:00;0,000;1,000;MESURE
2025-03-19 12:00:00+01:00;0,000;1,000;MESURE
2025-03-19 13:00:00+01:00;0,000;1,000;MESURE
2025-03-19 14:00:00+01:00;0,000;1,000;MESURE
2025-03-19 15:00:00+01:00;0,000;1,000;MESURE
2025-03-19 16:00:00+01:00;0,000;1,000;MESURE
2025-03-19 17:00:00+01:00;0,000;1,000;MESURE
2025-03-19 18:00:00+01:00;0,000;1,000;MESURE
2025-03-19 19:00:00+01:00;9285,000;1,000;MESURE
2025-03-19 20:00:00+01:00;9380,000;1,000;MESURE
2025-03-19 21:00:00+01:00;9083,000;1,000;MESURE
2025-03-19 22:00:00+01:00;9022,000;1,000;MESURE
2025-03-19 23:00:00+01:00;9074,000;1,000;MESURE
2025-03-20 00:00:00+01:00;9188,000;1,000;MESURE
2025-03-20 01:00:00+01:00;9198,000;1,000;MESURE
2025-03-20 02:00:00+01:00;9203,000;1,000;MESURE
2025-03-20 03:00:00+01:00;9218,000;1,000;MESURE
2025-03-20 04:00:00+01:00;9224,000;1,000;MESURE
2025-03-20 05:00:00+01:00;9154,000;1,000;MESURE
2025-03-20 06:00:00+01:00;6009,000;1,000;MESURE
2025-03-20 07:00:00+01:00;0,000;1,000;MESURE
2025-03-20 08:00:00+01:00;0,000;1,000;MESURE
2025-03-20 09:00:00+01:00;0,000;1,000;MESURE
2025-03-20 10:00:00+01:00;0,000;1,000;MESURE
2025-03-20 11:00:00+01:00;0,000;1,000;MESURE
2025-03-20 12:00:00+01:00;0,000;1,000;MESURE
2025-03-20 13:00:00+01:00;0,000;1,000;MESURE
2025-03-20 14:00:00+01:00;0,000;1,000;MESURE
2025-03-20 15:00:00+01:00;0,000;1,000;MESURE
2025-03-20 16:00:00+01:00;0,000;1,000;MESURE
2025-03-20 17:00:00+01:00;0,000;1,000;MESURE
2025-03-20 18:00:00+01:00;0,000;1,000;MESURE
2025-03-20 19:00:00+01:00;9089,000;1,000;MESURE
2025-03-20 20:00:00+01:00;9391,000;1,000;MESURE
2025-03-20 21:00:00+01:00;9183,000;1,000;MESURE
2025-03-20 22:00:00+01:00;8994,000;1,000;MESURE
2025-03-20 23:00:00+01:00;9086,000;1,000;MESURE
2025-03-21 00:00:00+01:00;9039,000;1,000;MESURE
2025-03-21 01:00:00+01:00;9059,000;1,000;MESURE
2025-03-21 02:00:00+01:00;9069,000;1,000;MESURE
2025-03-21 03:00:00+01:00;9106,000;1,000;MESURE
2025-03-21 04:00:00+01:00;9202,000;1,000;MESURE
2025-03-21 05:00:00+01:00;9125,000;1,000;MESURE
2025-03-21 06:00:00+01:00;5722,000;1,000;MESURE
2025-03-21 07:00:00+01:00;0,000;1,000;MESURE
2025-03-21 08:00:00+01:00;0,000;1,000;MESURE
2025-03-21 09:00:00+01:00;0,000;1,000;MESURE
2025-03-21 10:00:00+01:00;0,000;1,000;MESURE
2025-03-21 11:00:00+01:00;0,000;1,000;MESURE
2025-03-21 12:00:00+01:00;0,000;1,000;MESURE
2025-03-21 13:00:00+01:00;0,000;1,000;MESURE
2025-03-21 14:00:00+01:00;0,000;1,000;MESURE
2025-03-21 15:00:00+01:00;0,000;1,000;MESURE
2025-03-21 16:00:00+01:00;0,000;1,000;MESURE
2025-03-21 17:00:00+01:00;0,000;1,000;MESURE
2025-03-21 18:00:00+01:00;0,000;1,000;MESURE
2025-03-21 19:00:00+01:00;8641,000;1,000;MESURE
2025-03-21 20:00:00+01:00;9238,000;1,000;MESURE
2025-03-21 21:00:00+01:00;9076,000;1,000;MESURE
2025-03-21 22:00:00+01:00;9054,000;1,000;MESURE
2025-03-21 23:00:00+01:00;9019,000;1,000;MESURE
2025-03-22 00:00:00+01:00;9159,000;1,000;MESURE
2025-03-22 01:00:00+01:00;9158,000;1,000;MESURE
2025-03-22 02:00:00+01:00;9109,000;1,000;MESURE
2025-03-22 03:00:00+01:00;9170,000;1,000;MESURE
2025-03-22 04:00:00+01:00;9173,000;1,000;MESURE
2025-03-22 05:00:00+01:00;9151,000;1,000;MESURE
2025-03-22 06:00:00+01:00;5509,000;1,000;MESURE
2025-03-22 07:00:00+01:00;0,000;1,000;MESURE
2025-03-22 08:00:00+01:00;0,000;1,000;MESURE
2025-03-22 09:00:00+01:00;0,000;1,000;MESURE
2025-03-22 10:00:00+01:00;0,000;1,000;MESURE
2025-03-22 11:00:00+01:00;0,000;1,000;MESURE
2025-03-22 12:00:00+01:00;0,000;1,000;MESURE
2025-03-22 13:00:00+01:00;0,000;1,000;MESURE
2025-03-22 14:00:00+01:00;0,000;1,000;MESURE
2025-03-22 15:00:00+01:00;0,000;1,000;MESURE
2025-03-22 16:00:00+01:00;0,000;1,000;MESURE
2025-03-22 17:00:00+01:00;0,000;1,000;MESURE
2025-03-22 18:00:00+01:00;0,000;1,000;MESURE
2025-03-22 19:00:00+01:00;8638,000;1,000;MESURE
2025-03-22 20:00:00+01:00;9341,000;1,000;MESURE
2025-03-22 21:00:00+01:00;9070,000;1,000;MESURE
2025-03-22 22:00:00+01:00;9003,000;1,000;MESURE
2025-03-22 23:00:00+01:00;9190,000;1,000;MESURE
2025-03-23 00:00:00+01:00;9013,000;1,000;MESURE
2025-03-23 01:00:00+01:00;8989,000;1,000;MESURE
2025-03-23 02:00:00+01:00;8989,000;1,000;MESURE
2025-03-23 03:00:00+01:00;8973,000;1,000;MESURE
2025-03-23 04:00:00+01:00;9063,000;1,000;MESURE
2025-03-23 05:00:00+01:00;9094,000;1,000;MESURE
2025-03-23 06:00:00+01:00;5169,000;1,000;MESURE
2025-03-23 07:00:00+01:00;0,000;1,000;MESURE
2025-03-23 08:00:00+01:00;0,000;1,000;MESURE
2025-03-23 09:00:00+01:00;0,000;1,000;MESURE
2025-03-23 10:00:00+01:00;0,000;1,000;MESURE
2025-03-23 11:00:00+01:00;0,000;1,000;MESURE
2025-03-23 12:00:00+01:00;0,000;1,000;MESURE
2025-03-23 13:00:00+01:00;0,000;1,000;MESURE
2025-03-23 14:00:00+01:00;0,000;1,000;MESURE
2025-03-23 15:00:00+01:00;0,000;1,000;MESURE
2025-03-23 16:00:00+01:00;0,000;1,000;MESURE
2025-03-23 17:00:00+01:00;0,000;1,000;MESURE
2025-03-23 18:00:00+01:00;0,000;1,000;MESURE
2025-03-23 19:00:00+01:00;8389,000;1,000;MESURE
2025-03-23 20:00:00+01:00;9426,000;1,000;MESURE
2025-03-23 21:00:00+01:00;9254,000;1,000;MESURE
2025-03-23 22:00:00+01:00;9145,000;1,000;MESURE
2025-03-23 23:00:00+01:00;9210,000;1,000;MESURE
2025-03-24 00:00:00+01:00;9147,000;1,000;MESURE
2025-03-24 01:00:00+01:00;9021,000;1,000;MESURE
2025-03-24 02:00:00+01:00;9164,000;1,000;MESURE
2025-03-24 03:00:00+01:00;9216,000;1,000;MESURE
2025-03-24 04:00:00+01:00;9213,000;1,000;MESURE
2025-03-24 05:00:00+01:00;9210,000;1,000;MESURE
2025-03-24 06:00:00+01:00;4901,000;1,000;MESURE
2025-03-24 07:00:00+01:00;0,000;1,000;MESURE
2025-03-24 08:00:00+01:00;0,000;1,000;MESURE
2025-03-24 09:00:00+01:00;0,000;1,000;MESURE
2025-03-24 10:00:00+01:00;0,000;1,000;MESURE
2025-03-24 11:00:00+01:00;0,000;1,000;MESURE
2025-03-24 12:00:00+01:00;0,000;1,000;MESURE
2025-03-24 13:00:00+01:00;0,000;1,000;MESURE
2025-03-24 14:00:00+01:00;0,000;1,000;MESURE
2025-03-24 15:00:00+01:00;0,000;1,000;MESURE
2025-03-24 16:00:00+01:00;0,000;1,000;MESURE
2025-03-24 17:00:00+01:00;0,000;1,000;MESURE
2025-03-24 18:00:00+01:00;0,000;1,000;MESURE
2025-03-24 19:00:00+01:00;8051,000;1,000;MESURE
2025-03-24 20:00:00+01:00;9266,000;1,000;MESURE
2025-03-24 21:00:00+01:00;9214,000;1,000;MESURE
2025-03-24 22:00:00+01:00;9092,000;1,000;MESURE
2025-03-24 23:00:00+01:00;9126,000;1,000;MESURE
2025-03-25 00:00:00+01:00;9070,000;1,000;MESURE
2025-03-25 01:00:00+01:00;9060,000;1,000;MESURE
2025-03-25 02:00:00+01:00;9034,000;1,000;MESURE
2025-03-25 03:00:00+01:00;9069,000;1,000;MESURE
2025-03-25 04:00:00+01:00;9001,000;1,000;MESURE
2025-03-25 05:00:00+01:00;9169,000;1,000;MESURE
2025-03-25 06:00:00+01:00;4617,000;1,000;MESURE
2025-03-25 07:00:00+01:00;0,000;1,000;MESURE
2025-03-25 08:00:00+01:00;0,000;1,000;MESURE
2025-03-25 09:00:00+01:00;0,000;1,000;MESURE
2025-03-25 10:00:00+01:00;0,000;1,000;MESURE
2025-03-25 11:00:00+01:00;0,000;1,000;MESURE
2025-03-25 12:00:00+01:00;0,000;1,000;MESURE
2025-03-25 13:00:00+01:00;0,000;1,000;MESURE
2025-03-25 14:00:00+01:00;0,000;1,000;MESURE
2025-03-25 15:00:00+01:00;0,000;1,000;MESURE
2025-03-25 16:00:00+01:00;0,000;1,000;MESURE
2025-03-25 17:00:00+01:00;0,000;1,000;MESURE
2025-03-25 18:00:00+01:00;0,000;1,000;MESURE
2025-03-25 19:00:00+01:00;7794,000;1,000;MESURE
2025-03-25 20:00:00+01:00;9281,000;1,000;MESURE
2025-03-25 21:00:00+01:00;9204,000;1,000;MESURE
2025-03-25 22:00:00+01:00;9152,000;1,000;MESURE
2025-03-25 23:00:00+01:00;9152,000;1,000;MESURE
2025-03-26 00:00:00+01:00;9175,000;1,000;MESURE
2025-03-26 01:00:00+01:00;9177,000;1,000;MESURE
2025-03-26 02:00:00+01:00;9117,000;1,000;MESURE
2025-03-26 03:00:00+01:00;9148,000;1,000;MESURE
2025-03-26 04:00:00+01:00;9129,000;1,000;MESURE
2025-03-26 05:00:00+01:00;9140,000;1,000;MESURE
2025-03-26 06:00:00+01:00;4273,000;1,000;MESURE
2025-03-26 07:00:00+01:00;0,000;1,000;MESURE
2025-03-26 08:00:00+01:00;0,000;1,000;MESURE
2025-03-26 09:00:00+01:00;0,000;1,000;MESURE
2025-03-26 10:00:00+01:00;0,000;1,000;MESURE
2025-03-26 11:00:00+01:00;0,000;1,000;MESURE
2025-03-26 12:00:00+01:00;0,000;1,000;MESURE
2025-03-26 13:00:00+01:00;0,000;1,000;MESURE
2025-03-26 14:00:00+01:00;0,000;1,000;MESURE
2025-03-26 15:00:00+01:00;0,000;1,000;MESURE
2025-03-26 16:00:00+01:00;0,000;1,000;MESURE
2025-03-26 17:00:00+01:00;0,000;1,000;MESURE
2025-03-26 18:00:00+01:00;0,000;1,000;MESURE
2025-03-26 19:00:00+01:00;7668,000;1,000;MESURE
2025-03-26 20:00:00+01:00;9324,000;1,000;MESURE
2025-03-26 21:00:00+01:00;9239,000;1,000;MESURE
2025-03-26 22:00:00+01:00;9146,000;1,000;MESURE
2025-03-26 23:00:00+01:00;9142,000;1,000;MESURE
2025-03-27 00:00:00+01:00;9166,000;1,000;MESURE
2025-03-27 01:00:00+01:00;9048,000;1,000;MESURE
2025-03-27 02:00:00+01:00;9023,000;1,000;MESURE
2025-03-27 03:00:00+01:00;9235,000;1,000;MESURE
2025-03-27 04:00:00+01:00;9187,000;1,000;MESURE
2025-03-27 05:00:00+01:00;9064,000;1,000;MESURE
2025-03-27 06:00:00+01:00;3930,000;1,000;MESURE
2025-03-27 07:00:00+01:00;0,000;1,000;MESURE
2025-03-27 08:00:00+01:00;0,000;1,000;MESURE
2025-03-27 09:00:00+01:00;0,000;1,000;MESURE
2025-03-27 10:00:00+01:00;0,000;1,000;MESURE
2025-03-27 11:00:00+01:00;0,000;1,000;MESURE
2025-03-27 12:00:00+01:00;0,000;1,000;MESURE
2025-03-27 13:00:00+01:00;0,000;1,000;MESURE
2025-03-27 14:00:00+01:00;0,000;1,000;MESURE
2025-03-27 15:00:00+01:00;0,000;1,000;MESURE
2025-03-27 16:00:00+01:00;0,000;1,000;MESURE
2025-03-27 17:00:00+01:00;0,000;1,000;MESURE
2025-03-27 18:00:00+01:00;0,000;1,000;MESURE
2025-03-27 19:00:00+01:00;7347,000;1,000;MESURE
2025-03-27 20:00:00+01:00;9268,000;1,000;MESURE
2025-03-27 21:00:00+01:00;9152,000;1,000;MESURE
2025-03-27 22:00:00+01:00;9024,000;1,000;MESURE
2025-03-27 23:00:00+01:00;9087,000;1,000;MESURE
2025-03-28 00:00:00+01:00;9107,000;1,000;MESURE
2025-03-28 01:00:00+01:00;9109,000;1,000;MESURE
2025-03-28 02:00:00+01:00;9118,000;1,000;MESURE
2025-03-28 03:00:00+01:00;9161,000;1,000;MESURE
2025-03-28 04:00:00+01:00;9126,000;1,000;MESURE
2025-03-28 05:00:00+01:00;9014,000;1,000;MESURE
2025-03-28 06:00:00+01:00;3631,000;1,000;MESURE
2025-03-28 07:00:00+01:00;0,000;1,000;MESURE
2025-03-28 08:00:00+01:00;0,000;1,000;MESURE
2025-03-28 09:00:00+01:00;0,000;1,000;MESURE
2025-03-28 10:00:00+01:00;0,000;1,000;MESURE
2025-03-28 11:00:00+01:00;0,000;1,000;MESURE
2025-03-28 12:00:00+01:00;0,000;1,000;MESURE
2025-03-28 13:00:00+01:00;0,000;1,000;MESURE
2025-03-28 14:00:00+01:00;0,000;1,000;MESURE
2025-03-28 15:00:00+01:00;0,000;1,000;MESURE
2025-03-28 16:00:00+01:00;0,000;1,000;MESURE
2025-03-28 17:00:00+01:00;0,000;1,000;MESURE
2025-03-28 18:00:00+01:00;0,000;1,000;MESURE
2025-03-28 19:00:00+01:00;7230,000;1,000;MESURE
2025-03-28 20:00:00+01:00;9230,000;1,000;MESURE
2025-03-28 21:00:00+01:00;9120,000;1,000;MESURE
2025-03-28 22:00:00+01:00;9034,000;1,000;MESURE
2025-03-28 23:00:00+01:00;9041,000;1,000;MESURE
2025-03-29 00:00:00+01:00;9132,000;1,000;MESURE
2025-03-29 01:00:00+01:00;9072,000;1,000;MESURE
2025-03-29 02:00:00+01:00;9016,000;1,000;MESURE
2025-03-29 03:00:00+01:00;9034,000;1,000;MESURE
2025-03-29 04:00:00+01:00;9078,000;1,000;MESURE
2025-03-29 05:00:00+01:00;9114,000;1,000;MESURE
2025-03-29 06:00:00+01:00;3509,000;1,000;MESURE
2025-03-29 07:00:00+01:00;0,000;1,000;MESURE
2025-03-29 08:00:00+01:00;0,000;1,000;MESURE
2025-03-29 09:00:00+01:00;0,000;1,000;MESURE
2025-03-29 10:00:00+01:00;0,000;1,000;MESURE
2025-03-29 11:00:00+01:00;0,000;1,000;MESURE
2025-03-29 12:00:00+01:00;0,000;1,000;MESURE
2025-03-29 13:00:00+01:00;0,000;1,000;MESURE
2025-03-29 14:00:00+01:00;0,000;1,000;MESURE
2025-03-29 15:00:00+01:00;0,000;1,000;MESURE
2025-03-29 16:00:00+01:00;0,000;1,000;MESURE
2025-03-29 17:00:00+01:00;0,000;1,000;MESURE
2025-03-29 18:00:00+01:00;0,000;1,000;MESURE
2025-03-29 19:00:00+01:00;6803,000;1,000;MESURE
2025-03-29 20:00:00+01:00;9280,000;1,000;MESURE
2025-03-29 21:00:00+01:00;9148,000;1,000;MESURE
2025-03-29 22:00:00+01:00;9008,000;1,000;MESURE
2025-03-29 23:00:00+01:00;8923,000;1,000;MESURE
2025-03-30 00:00:00+01:00;9001,000;1,000;MESURE
2025-03-30 01:00:00+01:00;9103,000;1,000;MESURE
2025-03-30 03:00:00+02:00;9108,000;1,000;MESURE
2025-03-30 04:00:00+02:00;9180,000;1,000;MESURE
2025-03-30 05:00:00+02:00;9093,000;1,000;MESURE
2025-03-30 06:00:00+02:00;9093,000;1,000;MESURE
2025-03-30 07:00:00+02:00;3213,000;1,000;MESURE
2025-03-30 08:00:00+02:00;0,000;1,000;MESURE
2025-03-30 09:00:00+02:00;0,000;1,000;MESURE
2025-03-30 10:00:00+02:00;0,000;1,000;MESURE
2025-03-30 11:00:00+02:00;0,000;1,000;MESURE
2025-03-30 12:00:00+02:00;0,000;1,000;MESURE
2025-03-30 13:00:00+02:00;0,000;1,000;MESURE
2025-03-30 14:00:00+02:00;0,000;1,000;MESURE
2025-03-30 15:00:00+02:00;0,000;1,000;MESURE
2025-03-30 16:00:00+02:00;0,000;1,000;MESURE
2025-03-30 17:00:00+02:00;0,000;1,000;MESURE
2025-03-30 18:00:00+02:00;0,000;1,000;MESURE
2025-03-30 19:00:00+02:00;0,000;1,000;MESURE
2025-03-30 20:00:00+02:00;6650,000;1,000;MESURE
2025-03-30 21:00:00+02:00;9227,000;1,000;MESURE
2025-03-30 22:00:00+02:00;9090,000;1,000;MESURE
2025-03-30 23:00:00+02:00;8900,000;1,000;MESURE
2025-03-31 00:00:00+02:00;9032,000;1,000;MESURE
2025-03-31 01:00:00+02:00;8972,000;1,000;MESURE
2025-03-31 02:00:00+02:00;8944,000;1,000;MESURE
2025-03-31 03:00:00+02:00;8933,000;1,000;MESURE
2025-03-31 04:00:00+02:00;9086,000;1,000;MESURE
2025-03-31 05:00:00+02:00;9020,000;1,000;MESURE
2025-03-31 06:00:00+02:00;9175,000;1,000;MESURE
2025-03-31 07:00:00+02:00;2839,000;1,000;MESURE
2025-03-31 08:00:00+02:00;0,000;1,000;MESURE
2025-03-31 09:00:00+02:00;0,000;1,000;MESURE
2025-03-31 10:00:00+02:00;0,000;1,000;MESURE
2025-03-31 11:00:00+02:00;0,000;1,000;MESURE
2025-03-31 12:00:00+02:00;0,000;1,000;MESURE
2025-03-31 13:00:00+02:00;0,000;1,000;MESURE
2025-03-31 14:00:00+02:00;0,000;1,000;MESURE
2025-03-31 15:00:00+02:00;0,000;1,000;MESURE
2025-03-31 16:00:00+02:00;0,000;1,000;MESURE
2025-03-31 17:00:00+02:00;0,000;1,000;MESURE
2025-03-31 18:00:00+02:00;0,000;1,000;MESURE
2025-03-31 19:00:00+02:00;0,000;1,000;MESURE
2025-03-31 20:00:00+02:00;6552,000;1,000;MESURE
2025-03-31 21:00:00+02:00;9216,000;1,000;MESURE
2025-03-31 22:00:00+02:00;9138,000;1,000;MESURE
2025-03-31 23:00:00+02:00;9056,000;1,000;MESURE
2025-04-01 00:00:00+02:00;9029,000;1,000;MESURE
2025-04-01 01:00:00+02:00;9027,000;1,000;MESURE
2025-04-01 02:00:00+02:00;9208,000;1,000;MESURE
2025-04-01 03:00:00+02:00;8993,000;1,000;MESURE
2025-04-01 04:00:00+02:00;9071,000;1,000;MESURE
2025-04-01 05:00:00+02:00;9156,000;1,000;MESURE
2025-04-01 06:00:00+02:00;8931,000;1,000;MESURE
2025-04-01 07:00:00+02:00;2397,000;1,000;MESURE
2025-04-01 08:00:00+02:00;0,000;1,000;MESURE
2025-04-01 09:00:00+02:00;0,000;1,000;MESURE
2025-04-01 10:00:00+02:00;0,000;1,000;MESURE
2025-04-01 11:00:00+02:00;0,000;1,000;MESURE
2025-04-01 12:00:00+02:00;0,000;1,000;MESURE
2025-04-01 13:00:00+02:00;0,000;1,000;MESURE
2025-04-01 14:00:00+02:00;0,000;1,000;MESURE
2025-04-01 15:00:00+02:00;0,000;1,000;MESURE
2025-04-01 16:00:00+02:00;0,000;1,000;MESURE
2025-04-01 17:00:00+02:00;0,000;1,000;MESURE
2025-04-01 18:00:00+02:00;0,000;1,000;MESURE
2025-04-01 19:00:00+02:00;0,000;1,000;MESURE
2025-04-01 20:00:00+02:00;6272,000;1,000;MESURE
2025-04-01 21:00:00+02:00;9348,000;1,000;MESURE
2025-04-01 22:00:00+02:00;9258,000;1,000;MESURE
2025-04-01 23:00:00+02:00;8988,000;1,000;MESURE
2025-04-02 00:00:00+02:00;9078,000;1,000;MESURE
2025-04-02 01:00:00+02:00;9109,000;1,000;MESURE
2025-04-02 02:00:00+02:00;9029,000;1,000;MESURE
2025-04-02 03:00:00+02:00;9067,000;1,000;MESURE
2025-04-02 04:00:00+02:00;9088,000;1,000;MESURE
2025-04-02 05:00:00+02:00;9023,000;1,000;MESURE
2025-04-02 06:00:00+02:00;8975,000;1,000;MESURE
2025-04-02 07:00:00+02:00;1996,000;1,000;MESURE
2025-04-02 08:00:00+02:00;0,000;1,000;MESURE
2025-04-02 09:00:00+02:00;0,000;1,000;MESURE
2025-04-02 10:00:00+02:00;0,000;1,000;MESURE
2025-04-02 11:00:00+02:00;0,000;1,000;MESURE
2025-04-02 12:00:00+02:00;0,000;1,000;MESURE
2025-04-02 13:00:00+02:00;0,000;1,000;MESURE
2025-04-02 14:00:00+02:00;0,000;1,000;MESURE
2025-04-02 15:00:00+02:00;0,000;1,000;MESURE
2025-04-02 16:00:00+02:00;0,000;1,000;MESURE
2025-04-02 17:00:00+02:00;0,000;1,000;MESURE
2025-04-02 18:00:00+02:00;0,000;1,000;MESURE
2025-04-02 19:00:00+02:00;0,000;1,000;MESURE
2025-04-02 20:00:00+02:00;5779,000;1,000;MESURE
2025-04-02 21:00:00+02:00;9329,000;1,000;MESURE
2025-04-02 22:00:00+02:00;9187,000;1,000;MESURE
2025-04-02 23:00:00+02:00;8963,000;1,000;MESURE
2025-04-03 00:00:00+02:00;8973,000;1,000;MESURE
2025-04-03 01:00:00+02:00;9057,000;1,000;MESURE
2025-04-03 02:00:00+02:00;9025,000;1,000;MESURE
2025-04-03 03:00:00+02:00;9042,000;1,000;MESURE
2025-04-03 04:00:00+02:00;9013,000;1,000;MESURE
2025-04-03 05:00:00+02:00;8996,000;1,000;MESURE
2025-04-03 06:00:00+02:00;9003,000;1,000;MESURE
2025-04-03 07:00:00+02:00;1536,000;1,000;MESURE
2025-04-03 08:00:00+02:00;0,000;1,000;MESURE
2025-04-03 09:00:00+02:00;0,000;1,000;MESURE
2025-04-03 10:00:00+02:00;0,000;1,000;MESURE
2025-04-03 11:00:00+02:00;0,000;1,000;MESURE
2025-04-03 12:00:00+02:00;0,000;1,000;MESURE
2025-04-03 13:00:00+02:00;0,000;1,000;MESURE
2025-04-03 14:00:00+02:00;0,000;1,000;MESURE
2025-04-03 15:00:00+02:00;0,000;1,000;MESURE
2025-04-03 16:00:00+02:00;0,000;1,000;MESURE
2025-04-03 17:00:00+02:00;0,000;1,000;MESURE
2025-04-03 18:00:00+02:00;0,000;1,000;MESURE
2025-04-03 19:00:00+02:00;0,000;1,000;MESURE
2025-04-03 20:00:00+02:00;5582,000;1,000;MESURE
2025-04-03 21:00:00+02:00;9435,000;1,000;MESURE
2025-04-03 22:00:00+02:00;9194,000;1,000;MESURE
2025-04-03 23:00:00+02:00;9175,000;1,000;MESURE
2025-04-04 00:00:00+02:00;9113,000;1,000;MESURE
2025-04-04 01:00:00+02:00;9161,000;1,000;MESURE
2025-04-04 02:00:00+02:00;9063,000;1,000;MESURE
2025-04-04 03:00:00+02:00;9107,000;1,000;MESURE
2025-04-04 04:00:00+02:00;9045,000;1,000;MESURE
2025-04-04 05:00:00+02:00;9141,000;1,000;MESURE
2025-04-04 06:00:00+02:00;9173,000;1,000;MESURE
2025-04-04 07:00:00+02:00;1257,000;1,000;MESURE
2025-04-04 08:00:00+02:00;0,000;1,000;MESURE
2025-04-04 09:00:00+02:00;0,000;1,000;MESURE
2025-04-04 10:00:00+02:00;0,000;1,000;MESURE
2025-04-04 11:00:00+02:00;0,000;1,000;MESURE
2025-04-04 12:00:00+02:00;0,000;1,000;MESURE
2025-04-04 13:00:00+02:00;0,000;1,000;MESURE
2025-04-04 14:00:00+02:00;0,000;1,000;MESURE
2025-04-04 15:00:00+02:00;0,000;1,000;MESURE
2025-04-04 16:00:00+02:00;0,000;1,000;MESURE
2025-04-04 17:00:00+02:00;0,000;1,000;MESURE
2025-04-04 18:00:00+02:00;0,000;1,000;MESURE
2025-04-04 19:00:00+02:00;0,000;1,000;MESURE
2025-04-04 20:00:00+02:00;5234,000;1,000;MESURE
2025-04-04 21:00:00+02:00;9481,000;1,000;MESURE
2025-04-04 22:00:00+02:00;9263,000;1,000;MESURE
2025-04-04 23:00:00+02:00;9070,000;1,000;MESURE
2025-04-05 00:00:00+02:00;9106,000;1,000;MESURE
2025-04-05 01:00:00+02:00;9128,000;1,000;MESURE
2025-04-05 02:00:00+02:00;9088,000;1,000;MESURE
2025-04-05 03:00:00+02:00;9103,000;1,000;MESURE
2025-04-05 04:00:00+02:00;9103,000;1,000;MESURE
2025-04-05 05:00:00+02:00;9094,000;1,000;MESURE
2025-04-05 06:00:00+02:00;9128,000;1,000;MESURE
2025-04-05 07:00:00+02:00;798,000;1,000;MESURE
2025-04-05 08:00:00+02:00;0,000;1,000;MESURE
2025-04-05 09:00:00+02:00;0,000;1,000;MESURE
2025-04-05 10:00:00+02:00;0,000;1,000;MESURE
2025-04-05 11:00:00+02:00;0,000;1,000;MESURE
2025-04-05 12:00:00+02:00;0,000;1,000;MESURE
2025-04-05 13:00:00+02:00;0,000;1,000;MESURE
2025-04-05 14:00:00+02:00;0,000;1,000;MESURE
2025-04-05 15:00:00+02:00;0,000;1,000;MESURE
2025-04-05 16:00:00+02:00;0,000;1,000;MESURE
2025-04-05 17:00:00+02:00;0,000;1,000;MESURE
2025-04-05 18:00:00+02:00;0,000;1,000;MESURE
2025-04-05 19:00:00+02:00;0,000;1,000;MESURE
2025-04-05 20:00:00+02:00;4789,000;1,000;MESURE
2025-04-05 21:00:00+02:00;9262,000;1,000;MESURE
2025-04-05 22:00:00+02:00;9154,000;1,000;MESURE
2025-04-05 23:00:00+02:00;8933,000;1,000;MESURE
2025-04-06 00:00:00+02:00;8959,000;1,000;MESURE
2025-04-06 01:00:00+02:00;9096,000;1,000;MESURE
2025-04-06 02:00:00+02:00;9058,000;1,000;MESURE
2025-04-06 03:00:00+02:00;8966,000;1,000;MESURE
2025-04-06 04:00:00+02:00;9002,000;1,000;MESURE
2025-04-06 05:00:00+02:00;8976,000;1,000;MESURE
2025-04-06 06:00:00+02:00;8929,000;1,000;MESURE
2025-04-06 07:00:00+02:00;327,000;1,000;MESURE
2025-04-06 08:00:00+02:00;0,000;1,000;MESURE
2025-04-06 09:00:00+02:00;0,000;1,000;MESURE
2025-04-06 10:00:00+02:00;0,000;1,000;MESURE
2025-04-06 11:00:00+02:00;0,000;1,000;MESURE
2025-04-06 12:00:00+02:00;0,000;1,000;MESURE
2025-04-06 13:00:00+02:00;0,000;1,000;MESURE
2025-04-06 14:00:00+02:00;0,000;1,000;MESURE
2025-04-06 15:00:00+02:00;0,000;1,000;MESURE
2025-04-06 16:00:00+02:00;0,000;1,000;MESURE
2025-04-06 17:00:00+02:00;0,000;1,000;MESURE
2025-04-06 18:00:00+02:00;0,000;1,000;MESURE
2025-04-06 19:00:00+02:00;0,000;1,000;MESURE
2025-04-06 20:00:00+02:00;4618,000;1,000;MESURE
2025-04-06 21:00:00+02:00;9361,000;1,000;MESURE
2025-04-06 22:00:00+02:00;9172,000;1,000;MESURE
2025-04-06 23:00:00+02:00;9206,000;1,000;MESURE
2025-04-07 00:00:00+02:00;9190,000;1,000;MESURE
2025-04-07 01:00:00+02:00;9230,000;1,000;MESURE
2025-04-07 02:00:00+02:00;9228,000;1,000;MESURE
2025-04-07 03:00:00+02:00;9162,000;1,000;MESURE
2025-04-07 04:00:00+02:00;9232,000;1,000;MESURE
2025-04-07 05:00:00+02:00;9221,000;1,000;MESURE
2025-04-07 06:00:00+02:00;9074,000;1,000;MESURE
2025-04-07 07:00:00+02:00;0,000;1,000;MESURE
2025-04-07 08:00:00+02:00;0,000;1,000;MESURE
2025-04-07 09:00:00+02:00;0,000;1,000;MESURE
2025-04-07 10:00:00+02:00;0,000;1,000;MESURE
2025-04-07 11:00:00+02:00;0,000;1,000;MESURE
2025-04-07 12:00:00+02:00;0,000;1,000;MESURE
2025-04-07 13:00:00+02:00;0,000;1,000;MESURE
2025-04-07 14:00:00+02:00;0,000;1,000;MESURE
2025-04-07 15:00:00+02:00;0,000;1,000;MESURE
2025-04-07 16:00:00+02:00;0,000;1,000;MESURE
2025-04-07 17:00:00+02:00;0,000;1,000;MESURE
2025-04-07 18:00:00+02:00;0,000;1,000;MESURE
2025-04-07 19:00:00+02:00;0,000;1,000;MESURE
2025-04-07 20:00:00+02:00;4211,000;1,000;MESURE
2025-04-07 21:00:00+02:00;9315,000;1,000;MESURE
2025-04-07 22:00:00+02:00;9193,000;1,000;MESURE
2025-04-07 23:00:00+02:00;8991,000;1,000;MESURE
2025-04-08 00:00:00+02:00;9057,000;1,000;MESURE
2025-04-08 01:00:00+02:00;9069,000;1,000;MESURE
2025-04-08 02:00:00+02:00;9024,000;1,000;MESURE
2025-04-08 03:00:00+02:00;9007,000;1,000;MESURE
2025-04-08 04:00:00+02:00;9007,000;1,000;MESURE
2025-04-08 05:00:00+02:00;9041,000;1,000;MESURE
2025-04-08 06:00:00+02:00;8740,000;1,000;MESURE
2025-04-08 07:00:00+02:00;0,000;1,000;MESURE
2025-04-08 08:00:00+02:00;0,000;1,000;MESURE
2025-04-08 09:00:00+02:00;0,000;1,000;MESURE
2025-04-08 10:00:00+02:00;0,000;1,000;MESURE
2025-04-08 11:00:00+02:00;0,000;1,000;MESURE
2025-04-08 12:00:00+02:00;0,000;1,000;MESURE
2025-04-08 13:00:00+02:00;0,000;1,000;MESURE
2025-04-08 14:00:00+02:00;0,000;1,000;MESURE
2025-04-08 15:00:00+02:00;0,000;1,000;MESURE
2025-04-08 16:00:00+02:00;0,000;1,000;MESURE
2025-04-08 17:00:00+02:00;0,000;1,000;MESURE
2025-04-08 18:00:00+02:00;0,000;1,000;MESURE
2025-04-08 19:00:00+02:00;0,000;1,000;MESURE
2025-04-08 20:00:00+02:00;3843,000;1,000;MESURE
2025-04-08 21:00:00+02:00;9478,000;1,000;MESURE
2025-04-08 22:00:00+02:00;9207,000;1,000;MESURE
2025-04-08 23:00:00+02:00;9067,000;1,000;MESURE
2025-04-09 00:00:00+02:00;9135,000;1,000;MESURE
2025-04-09 01:00:00+02:00;9119,000;1,000;MESURE
2025-04-09 02:00:00+02:00;9154,000;1,000;MESURE
2025-04-09 03:00:00+02:00;9026,000;1,000;MESURE
2025-04-09 04:00:00+02:00;9257,000;1,000;MESURE
2025-04-09 05:00:00+02:00;9227,000;1,000;MESURE
2025-04-09 06:00:00+02:00;8313,000;1,000;MESURE
2025-04-09 07:00:00+02:00;0,000;1,000;MESURE
2025-04-09 08:00:00+02:00;0,000;1,000;MESURE
2025-04-09 09:00:00+02:00;0,000;1,000;MESURE
2025-04-09 10:00:00+02:00;0,000;1,000;MESURE
2025-04-09 11:00:00+02:00;0,000;1,000;MESURE
2025-04-09 12:00:00+02:00;0,000;1,000;MESURE
2025-04-09 13:00:00+02:00;0,000;1,000;MESURE
2025-04-09 14:00:00+02:00;0,000;1,000;MESURE
2025-04-09 15:00:00+02:00;0,000;1,000;MESURE
2025-04-09 16:00:00+02:00;0,000;1,000;MESURE
2025-04-09 17:00:00+02:00;0,000;1,000;MESURE
2025-04-09 18:00:00+02:00;0,000;1,000;MESURE
2025-04-09 19:00:00+02:00;0,000;1,000;MESURE
2025-04-09 20:00:00+02:00;3452,000;1,000;MESURE
2025-04-09 21:00:00+02:00;9329,000;1,000;MESURE
2025-04-09 22:00:00+02:00;9206,000;1,000;MESURE
2025-04-09 23:00:00+02:00;9050,000;1,000;MESURE
2025-04-10 00:00:00+02:00;9132,000;1,000;MESURE
2025-04-10 01:00:00+02:00;9094,000;1,000;MESURE
2025-04-10 02:00:00+02:00;9108,000;1,000;MESURE
2025-04-10 03:00:00+02:00;9127,000;1,000;MESURE
2025-04-10 04:00:00+02:00;9137,000;1,000;MESURE
2025-04-10 05:00:00+02:00;9070,000;1,000;MESURE
2025-04-10 06:00:00+02:00;7706,000;1,000;MESURE
2025-04-10 07:00:00+02:00;0,000;1,000;MESURE
2025-04-10 08:00:00+02:00;0,000;1,000;MESURE
2025-04-10 09:00:00+02:00;0,000;1,000;MESURE
2025-04-10 10:00:00+02:00;0,000;1,000;MESURE
2025-04-10 11:00:00+02:00;0,000;1,000;MESURE
2025-04-10 12:00:00+02:00;0,000;1,000;MESURE
2025-04-10 13:00:00+02:00;0,000;1,000;MESURE
2025-04-10 14:00:00+02:00;0,000;1,000;MESURE
2025-04-10 15:00:00+02:00;0,000;1,000;MESURE
2025-04-10 16:00:00+02:00;0,000;1,000;MESURE
2025-04-10 17:00:00+02:00;0,000;1,000;MESURE
2025-04-10 18:00:00+02:00;0,000;1,000;MESURE
2025-04-10 19:00:00+02:00;0,000;1,000;MESURE
2025-04-10 20:00:00+02:00;3083,000;1,000;MESURE
2025-04-10 21:00:00+02:00;9195,000;1,000;MESURE
2025-04-10 22:00:00+02:00;9158,000;1,000;MESURE
2025-04-10 23:00:00+02:00;8948,000;1,000;MESURE
2025-04-11 00:00:00+02:00;8949,000;1,000;MESURE
2025-04-11 01:00:00+02:00;8975,000;1,000;MESURE
2025-04-11 02:00:00+02:00;8950,000;1,000;MESURE
2025-04-11 03:00:00+02:00;8922,000;1,000;MESURE
2025-04-11 04:00:00+02:00;8911,000;1,000;MESURE
2025-04-11 05:00:00+02:00;8930,000;1,000;MESURE
2025-04-11 06:00:00+02:00;7264,000;1,000;MESURE
2025-04-11 07:00:00+02:00;0,000;1,000;MESURE
2025-04-11 08:00:00+02:00;0,000;1,000;MESURE
2025-04-11 09:00:00+02:00;0,000;1,000;MESURE
2025-04-11 10:00:00+02:00;0,000;1,000;MESURE
2025-04-11 11:00:00+02:00;0,000;1,000;MESURE
2025-04-11 12:00:00+02:00;0,000;1,000;MESURE
2025-04-11 13:00:00+02:00;0,000;1,000;MESURE
2025-04-11 14:00:00+02:00;0,000;1,000;MESURE
2025-04-11 15:00:00+02:00;0,000;1,000;MESURE
2025-04-11 16:00:00+02:00;0,000;1,000;MESURE
2025-04-11 17:00:00+02:00;0,000;1,000;MESURE
2025-04-11 18:00:00+02:00;0,000;1,000;MESURE
2025-04-11 19:00:00+02:00;0,000;1,000;MESURE
2025-04-11 20:00:00+02:00;0,000;1,000;MESURE
2025-04-11 21:00:00+02:00;0,000;1,000;MESURE
2025-04-11 22:00:00+02:00;0,000;1,000;MESURE
2025-04-11 23:00:00+02:00;0,000;1,000;MESURE
2025-04-12 00:00:00+02:00;0,000;1,000;MESURE
2025-04-12 01:00:00+02:00;0,000;1,000;MESURE
2025-04-12 02:00:00+02:00;0,000;1,000;MESURE
2025-04-12 03:00:00+02:00;0,000;1,000;MESURE
2025-04-12 04:00:00+02:00;0,000;1,000;MESURE
2025-04-12 05:00:00+02:00;0,000;1,000;MESURE
2025-04-12 06:00:00+02:00;0,000;1,000;MESURE
2025-04-12 07:00:00+02:00;0,000;1,000;MESURE
2025-04-12 08:00:00+02:00;0,000;1,000;MESURE
2025-04-12 09:00:00+02:00;0,000;1,000;MESURE
2025-04-12 10:00:00+02:00;0,000;1,000;MESURE
2025-04-12 11:00:00+02:00;0,000;1,000;MESURE
2025-04-12 12:00:00+02:00;0,000;1,000;MESURE
2025-04-12 13:00:00+02:00;0,000;1,000;MESURE
2025-04-12 14:00:00+02:00;0,000;1,000;MESURE
2025-04-12 15:00:00+02:00;0,000;1,000;MESURE
2025-04-12 16:00:00+02:00;0,000;1,000;MESURE
2025-04-12 17:00:00+02:00;0,000;1,000;MESURE
2025-04-12 18:00:00+02:00;0,000;1,000;MESURE
2025-04-12 19:00:00+02:00;0,000;1,000;MESURE
2025-04-12 20:00:00+02:00;2480,000;1,000;MESURE
2025-04-12 21:00:00+02:00;9277,000;1,000;MESURE
2025-04-12 22:00:00+02:00;9285,000;1,000;MESURE
2025-04-12 23:00:00+02:00;9115,000;1,000;MESURE
2025-04-13 00:00:00+02:00;9143,000;1,000;MESURE
2025-04-13 01:00:00+02:00;9065,000;1,000;MESURE
2025-04-13 02:00:00+02:00;8991,000;1,000;MESURE
2025-04-13 03:00:00+02:00;9008,000;1,000;MESURE
2025-04-13 04:00:00+02:00;9005,000;1,000;MESURE
2025-04-13 05:00:00+02:00;9013,000;1,000;MESURE
2025-04-13 06:00:00+02:00;6479,000;1,000;MESURE
2025-04-13 07:00:00+02:00;0,000;1,000;MESURE
2025-04-13 08:00:00+02:00;0,000;1,000;MESURE
2025-04-13 09:00:00+02:00;0,000;1,000;MESURE
2025-04-13 10:00:00+02:00;0,000;1,000;MESURE
2025-04-13 11:00:00+02:00;0,000;1,000;MESURE
2025-04-13 12:00:00+02:00;0,000;1,000;MESURE
2025-04-13 13:00:00+02:00;0,000;1,000;MESURE
2025-04-13 14:00:00+02:00;0,000;1,000;MESURE
2025-04-13 15:00:00+02:00;0,000;1,000;MESURE
2025-04-13 16:00:00+02:00;0,000;1,000;MESURE
2025-04-13 17:00:00+02:00;0,000;1,000;MESURE
2025-04-13 18:00:00+02:00;0,000;1,000;MESURE
2025-04-13 19:00:00+02:00;0,000;1,000;MESURE
2025-04-13 20:00:00+02:00;2031,000;1,000;MESURE
2025-04-13 21:00:00+02:00;9360,000;1,000;MESURE
2025-04-13 22:00:00+02:00;9339,000;1,000;MESURE
2025-04-13 23:00:00+02:00;9185,000;1,000;MESURE
2025-04-14 00:00:00+02:00;9145,000;1,000;MESURE
2025-04-14 01:00:00+02:00;9166,000;1,000;MESURE
2025-04-14 02:00:00+02:00;9172,000;1,000;MESURE
2025-04-14 03:00:00+02:00;9196,000;1,000;MESURE
2025-04-14 04:00:00+02:00;9159,000;1,000;MESURE
2025-04-14 05:00:00+02:00;9100,000;1,000;MESURE
2025-04-14 06:00:00+02:00;6108,000;1,000;MESURE
2025-04-14 07:00:00+02:00;0,000;1,000;MESURE
2025-04-14 08:00:00+02:00;0,000;1,000;MESURE
2025-04-14 09:00:00+02:00;0,000;1,000;MESURE
2025-04-14 10:00:00+02:00;0,000;1,000;MESURE
2025-04-14 11:00:00+02:00;0,000;1,000;MESURE
2025-04-14 12:00:00+02:00;0,000;1,000;MESURE
2025-04-14 13:00:00+02:00;0,000;1,000;MESURE
2025-04-14 14:00:00+02:00;0,000;1,000;MESURE
2025-04-14 15:00:00+02:00;0,000;1,000;MESURE
2025-04-14 16:00:00+02:00;0,000;1,000;MESURE
2025-04-14 17:00:00+02:00;0,000;1,000;MESURE
2025-04-14 18:00:00+02:00;0,000;1,000;MESURE
2025-04-14 19:00:00+02:00;0,000;1,000;MESURE
2025-04-14 20:00:00+02:00;1734,000;1,000;MESURE
2025-04-14 21:00:00+02:00;9404,000;1,000;MESURE
2025-04-14 22:00:00+02:00;9306,000;1,000;MESURE
2025-04-14 23:00:00+02:00;9142,000;1,000;MESURE
2025-04-15 00:00:00+02:00;9060,000;1,000;MESURE
2025-04-15 01:00:00+02:00;9106,000;1,000;MESURE
2025-04-15 02:00:00+02:00;9107,000;1,000;MESURE
2025-04-15 03:00:00+02:00;9161,000;1,000;MESURE
2025-04-15 04:00:00+02:00;9153,000;1,000;MESURE
2025-04-15 05:00:00+02:00;9049,000;1,000;MESURE
2025-04-15 06:00:00+02:00;5765,000;1,000;MESURE
2025-04-15 07:00:00+02:00;0,000;1,000;MESURE
2025-04-15 08:00:00+02:00;0,000;1,000;MESURE
2025-04-15 09:00:00+02:00;0,000;1,000;MESURE
2025-04-15 10:00:00+02:00;0,000;1,000;MESURE
2025-04-15 11:00:00+02:00;0,000;1,000;MESURE
2025-04-15 12:00:00+02:00;0,000;1,000;MESURE
2025-04-15 13:00:00+02:00;0,000;1,000;MESURE
2025-04-15 14:00:00+02:00;0,000;1,000;MESURE
2025-04-15 15:00:00+02:00;0,000;1,000;MESURE
2025-04-15 16:00:00+02:00;0,000;1,000;MESURE
2025-04-15 17:00:00+02:00;0,000;1,000;MESURE
2025-04-15 18:00:00+02:00;0,000;1,000;MESURE
2025-04-15 19:00:00+02:00;0,000;1,000;MESURE
2025-04-15 20:00:00+02:00;1451,000;1,000;MESURE
2025-04-15 21:00:00+02:00;9531,000;1,000;MESURE
2025-04-15 22:00:00+02:00;9477,000;1,000;MESURE
2025-04-15 23:00:00+02:00;9289,000;1,000;MESURE
2025-04-16 00:00:00+02:00;9235,000;1,000;MESURE
2025-04-16 01:00:00+02:00;9261,000;1,000;MESURE
2025-04-16 02:00:00+02:00;9274,000;1,000;MESURE
2025-04-16 03:00:00+02:00;9298,000;1,000;MESURE
2025-04-16 04:00:00+02:00;9314,000;1,000;MESURE
2025-04-16 05:00:00+02:00;9257,000;1,000;MESURE
2025-04-16 06:00:00+02:00;5564,000;1,000;MESURE
2025-04-16 07:00:00+02:00;0,000;1,000;MESURE
2025-04-16 08:00:00+02:00;0,000;1,000;MESURE
2025-04-16 09:00:00+02:00;0,000;1,000;MESURE
2025-04-16 10:00:00+02:00;0,000;1,000;MESURE
2025-04-16 11:00:00+02:00;0,000;1,000;MESURE
2025-04-16 12:00:00+02:00;0,000;1,000;MESURE
2025-04-16 13:00:00+02:00;0,000;1,000;MESURE
2025-04-16 14:00:00+02:00;0,000;1,000;MESURE
2025-04-16 15:00:00+02:00;0,000;1,000;MESURE
2025-04-16 16:00:00+02:00;0,000;1,000;MESURE
2025-04-16 17:00:00+02:00;0,000;1,000;MESURE
2025-04-16 18:00:00+02:00;0,000;1,000;MESURE
2025-04-16 19:00:00+02:00;0,000;1,000;MESURE
2025-04-16 20:00:00+02:00;1302,000;1,000;MESURE
2025-04-16 21:00:00+02:00;9686,000;1,000;MESURE
2025-04-16 22:00:00+02:00;9686,000;1,000;MESURE
2025-04-16 23:00:00+02:00;9511,000;1,000;MESURE
2025-04-17 00:00:00+02:00;9397,000;1,000;MESURE
2025-04-17 01:00:00+02:00;9469,000;1,000;MESURE
2025-04-17 02:00:00+02:00;9464,000;1,000;MESURE
2025-04-17 03:00:00+02:00;9498,000;1,000;MESURE
2025-04-17 04:00:00+02:00;9533,000;1,000;MESURE
2025-04-17 05:00:00+02:00;9428,000;1,000;MESURE
2025-04-17 06:00:00+02:00;5365,000;1,000;MESURE
2025-04-17 07:00:00+02:00;0,000;1,000;MESURE
2025-04-17 08:00:00+02:00;0,000;1,000;MESURE
2025-04-17 09:00:00+02:00;0,000;1,000;MESURE
2025-04-17 10:00:00+02:00;0,000;1,000;MESURE
2025-04-17 11:00:00+02:00;0,000;1,000;MESURE
2025-04-17 12:00:00+02:00;0,000;1,000;MESURE
2025-04-17 13:00:00+02:00;0,000;1,000;MESURE
2025-04-17 14:00:00+02:00;0,000;1,000;MESURE
2025-04-17 15:00:00+02:00;0,000;1,000;MESURE
2025-04-17 16:00:00+02:00;0,000;1,000;MESURE
2025-04-17 17:00:00+02:00;0,000;1,000;MESURE
2025-04-17 18:00:00+02:00;0,000;1,000;MESURE
2025-04-17 19:00:00+02:00;0,000;1,000;MESURE
2025-04-17 20:00:00+02:00;995,000;1,000;MESURE
2025-04-17 21:00:00+02:00;9695,000;1,000;MESURE
2025-04-17 22:00:00+02:00;9681,000;1,000;MESURE
2025-04-17 23:00:00+02:00;9530,000;1,000;MESURE
2025-04-18 00:00:00+02:00;9493,000;1,000;MESURE
2025-04-18 01:00:00+02:00;9569,000;1,000;MESURE
2025-04-18 02:00:00+02:00;9512,000;1,000;MESURE
2025-04-18 03:00:00+02:00;9489,000;1,000;MESURE
2025-04-18 04:00:00+02:00;9491,000;1,000;MESURE
2025-04-18 05:00:00+02:00;9401,000;1,000;MESURE
2025-04-18 06:00:00+02:00;5027,000;1,000;MESURE
2025-04-18 07:00:00+02:00;0,000;1,000;MESURE
2025-04-18 08:00:00+02:00;0,000;1,000;MESURE
2025-04-18 09:00:00+02:00;0,000;1,000;MESURE
2025-04-18 10:00:00+02:00;0,000;1,000;MESURE
2025-04-18 11:00:00+02:00;0,000;1,000;MESURE
2025-04-18 12:00:00+02:00;0,000;1,000;MESURE
2025-04-18 13:00:00+02:00;0,000;1,000;MESURE
2025-04-18 14:00:00+02:00;0,000;1,000;MESURE
2025-04-18 15:00:00+02:00;0,000;1,000;MESURE
2025-04-18 16:00:00+02:00;0,000;1,000;MESURE
2025-04-18 17:00:00+02:00;0,000;1,000;MESURE
2025-04-18 18:00:00+02:00;0,000;1,000;MESURE
2025-04-18 19:00:00+02:00;0,000;1,000;MESURE
2025-04-18 20:00:00+02:00;838,000;1,000;MESURE
2025-04-18 21:00:00+02:00;9650,000;1,000;MESURE
2025-04-18 22:00:00+02:00;9616,000;1,000;MESURE
2025-04-18 23:00:00+02:00;9395,000;1,000;MESURE
2025-04-19 00:00:00+02:00;9220,000;1,000;MESURE
2025-04-19 01:00:00+02:00;9276,000;1,000;MESURE
2025-04-19 02:00:00+02:00;9299,000;1,000;MESURE
2025-04-19 03:00:00+02:00;9301,000;1,000;MESURE
2025-04-19 04:00:00+02:00;9287,000;1,000;MESURE
2025-04-19 05:00:00+02:00;9264,000;1,000;MESURE
2025-04-19 06:00:00+02:00;4650,000;1,000;MESURE
2025-04-19 07:00:00+02:00;0,000;1,000;MESURE
2025-04-19 08:00:00+02:00;0,000;1,000;MESURE
2025-04-19 09:00:00+02:00;0,000;1,000;MESURE
2025-04-19 10:00:00+02:00;0,000;1,000;MESURE
2025-04-19 11:00:00+02:00;0,000;1,000;MESURE
2025-04-19 12:00:00+02:00;0,000;1,000;MESURE
2025-04-19 13:00:00+02:00;0,000;1,000;MESURE
2025-04-19 14:00:00+02:00;0,000;1,000;MESURE
2025-04-19 15:00:00+02:00;0,000;1,000;MESURE
2025-04-19 16:00:00+02:00;0,000;1,000;MESURE
2025-04-19 17:00:00+02:00;0,000;1,000;MESURE
2025-04-19 18:00:00+02:00;0,000;1,000;MESURE
2025-04-19 19:00:00+02:00;0,000;1,000;MESURE
2025-04-19 20:00:00+02:00;515,000;1,000;MESURE
2025-04-19 21:00:00+02:00;9439,000;1,000;MESURE
2025-04-19 22:00:00+02:00;9358,000;1,000;MESURE
2025-04-19 23:00:00+02:00;9208,000;1,000;MESURE
2025-04-20 00:00:00+02:00;9207,000;1,000;MESURE
2025-04-20 01:00:00+02:00;9247,000;1,000;MESURE
2025-04-20 02:00:00+02:00;9244,000;1,000;MESURE
2025-04-20 03:00:00+02:00;9241,000;1,000;MESURE
2025-04-20 04:00:00+02:00;9262,000;1,000;MESURE
2025-04-20 05:00:00+02:00;9237,000;1,000;MESURE
2025-04-20 06:00:00+02:00;4336,000;1,000;MESURE
2025-04-20 07:00:00+02:00;0,000;1,000;MESURE
2025-04-20 08:00:00+02:00;0,000;1,000;MESURE
2025-04-20 09:00:00+02:00;0,000;1,000;MESURE
2025-04-20 10:00:00+02:00;0,000;1,000;MESURE
2025-04-20 11:00:00+02:00;0,000;1,000;MESURE
2025-04-20 12:00:00+02:00;0,000;1,000;MESURE
2025-04-20 13:00:00+02:00;0,000;1,000;MESURE
2025-04-20 14:00:00+02:00;0,000;1,000;MESURE
2025-04-20 15:00:00+02:00;0,000;1,000;MESURE
2025-04-20 16:00:00+02:00;0,000;1,000;MESURE
2025-04-20 17:00:00+02:00;0,000;1,000;MESURE
2025-04-20 18:00:00+02:00;0,000;1,000;MESURE
2025-04-20 19:00:00+02:00;0,000;1,000;MESURE
2025-04-20 20:00:00+02:00;363,000;1,000;MESURE
2025-04-20 21:00:00+02:00;9441,000;1,000;MESURE
2025-04-20 22:00:00+02:00;9474,000;1,000;MESURE
2025-04-20 23:00:00+02:00;9293,000;1,000;MESURE
2025-04-21 00:00:00+02:00;9155,000;1,000;MESURE
2025-04-21 01:00:00+02:00;9202,000;1,000;MESURE
2025-04-21 02:00:00+02:00;9291,000;1,000;MESURE
2025-04-21 03:00:00+02:00;9270,000;1,000;MESURE
2025-04-21 04:00:00+02:00;9134,000;1,000;MESURE
2025-04-21 05:00:00+02:00;9107,000;1,000;MESURE
2025-04-21 06:00:00+02:00;4106,000;1,000;MESURE
2025-04-21 07:00:00+02:00;0,000;1,000;MESURE
2025-04-21 08:00:00+02:00;0,000;1,000;MESURE
2025-04-21 09:00:00+02:00;0,000;1,000;MESURE
2025-04-21 10:00:00+02:00;0,000;1,000;MESURE
2025-04-21 11:00:00+02:00;0,000;1,000;MESURE
2025-04-21 12:00:00+02:00;0,000;1,000;MESURE
2025-04-21 13:00:00+02:00;0,000;1,000;MESURE
2025-04-21 14:00:00+02:00;0,000;1,000;MESURE
2025-04-21 15:00:00+02:00;0,000;1,000;MESURE
2025-04-21 16:00:00+02:00;0,000;1,000;MESURE
2025-04-21 17:00:00+02:00;0,000;1,000;MESURE
2025-04-21 18:00:00+02:00;0,000;1,000;MESURE
2025-04-21 19:00:00+02:00;0,000;1,000;MESURE
2025-04-21 20:00:00+02:00;198,000;1,000;MESURE
2025-04-21 21:00:00+02:00;9445,000;1,000;MESURE
2025-04-21 22:00:00+02:00;9462,000;1,000;MESURE
2025-04-21 23:00:00+02:00;9311,000;1,000;MESURE
2025-04-22 00:00:00+02:00;9192,000;1,000;MESURE
2025-04-22 01:00:00+02:00;9209,000;1,000;MESURE
2025-04-22 02:00:00+02:00;9180,000;1,000;MESURE
2025-04-22 03:00:00+02:00;9170,000;1,000;MESURE
2025-04-22 04:00:00+02:00;9165,000;1,000;MESURE
2025-04-22 05:00:00+02:00;9130,000;1,000;MESURE
2025-04-22 06:00:00+02:00;3824,000;1,000;MESURE
2025-04-22 07:00:00+02:00;0,000;1,000;MESURE
2025-04-22 08:00:00+02:00;0,000;1,000;MESURE
2025-04-22 09:00:00+02:00;0,000;1,000;MESURE
2025-04-22 10:00:00+02:00;0,000;1,000;MESURE
2025-04-22 11:00:00+02:00;0,000;1,000;MESURE
2025-04-22 12:00:00+02:00;0,000;1,000;MESURE
2025-04-22 13:00:00+02:00;0,000;1,000;MESURE
2025-04-22 14:00:00+02:00;0,000;1,000;MESURE
2025-04-22 15:00:00+02:00;0,000;1,000;MESURE
2025-04-22 16:00:00+02:00;0,000;1,000;MESURE
2025-04-22 17:00:00+02:00;0,000;1,000;MESURE
2025-04-22 18:00:00+02:00;0,000;1,000;MESURE
2025-04-22 19:00:00+02:00;0,000;1,000;MESURE
2025-04-22 20:00:00+02:00;0,000;1,000;MESURE
2025-04-22 21:00:00+02:00;9214,000;1,000;MESURE
2025-04-22 22:00:00+02:00;9299,000;1,000;MESURE
2025-04-22 23:00:00+02:00;9138,000;1,000;MESURE
2025-04-23 00:00:00+02:00;9071,000;1,000;MESURE
2025-04-23 01:00:00+02:00;9096,000;1,000;MESURE
2025-04-23 02:00:00+02:00;9161,000;1,000;MESURE
2025-04-23 03:00:00+02:00;9156,000;1,000;MESURE
2025-04-23 04:00:00+02:00;9137,000;1,000;MESURE
2025-04-23 05:00:00+02:00;9027,000;1,000;MESURE
2025-04-23 06:00:00+02:00;3514,000;1,000;MESURE
2025-04-23 07:00:00+02:00;0,000;1,000;MESURE
2025-04-23 08:00:00+02:00;0,000;1,000;MESURE
2025-04-23 09:00:00+02:00;0,000;1,000;MESURE
2025-04-23 10:00:00+02:00;0,000;1,000;MESURE
2025-04-23 11:00:00+02:00;0,000;1,000;MESURE
2025-04-23 12:00:00+02:00;0,000;1,000;MESURE
2025-04-23 13:00:00+02:00;0,000;1,000;MESURE
2025-04-23 14:00:00+02:00;0,000;1,000;MESURE
2025-04-23 15:00:00+02:00;0,000;1,000;MESURE
2025-04-23 16:00:00+02:00;0,000;1,000;MESURE
2025-04-23 17:00:00+02:00;0,000;1,000;MESURE
2025-04-23 18:00:00+02:00;0,000;1,000;MESURE
2025-04-23 19:00:00+02:00;0,000;1,000;MESURE
2025-04-23 20:00:00+02:00;0,000;1,000;MESURE
2025-04-23 21:00:00+02:00;7561,000;1,000;MESURE
2025-04-23 22:00:00+02:00;8099,333;0,167;INTERP_COURTE
2025-04-23 23:00:00+02:00;8637,667;0,000;INTERP_COURTE
2025-04-24 00:00:00+02:00;9176,000;1,000;MESURE
2025-04-24 01:00:00+02:00;9098,000;1,000;MESURE
2025-04-24 02:00:00+02:00;9210,000;1,000;MESURE
2025-04-24 03:00:00+02:00;9155,000;1,000;MESURE
2025-04-24 04:00:00+02:00;9291,000;1,000;MESURE
2025-04-24 05:00:00+02:00;9286,000;1,000;MESURE
2025-04-24 06:00:00+02:00;3267,000;1,000;MESURE
2025-04-24 07:00:00+02:00;0,000;1,000;MESURE
2025-04-24 08:00:00+02:00;0,000;1,000;MESURE
2025-04-24 09:00:00+02:00;0,000;1,000;MESURE
2025-04-24 10:00:00+02:00;0,000;1,000;MESURE
2025-04-24 11:00:00+02:00;0,000;1,000;MESURE
2025-04-24 12:00:00+02:00;0,000;1,000;MESURE
2025-04-24 13:00:00+02:00;0,000;1,000;MESURE
2025-04-24 14:00:00+02:00;0,000;1,000;MESURE
2025-04-24 15:00:00+02:00;0,000;1,000;MESURE
2025-04-24 16:00:00+02:00;0,000;1,000;MESURE
2025-04-24 17:00:00+02:00;0,000;1,000;MESURE
2025-04-24 18:00:00+02:00;0,000;1,000;MESURE
2025-04-24 19:00:00+02:00;0,000;1,000;MESURE
2025-04-24 20:00:00+02:00;0,000;1,000;MESURE
2025-04-24 21:00:00+02:00;8815,000;1,000;MESURE
2025-04-24 22:00:00+02:00;9498,000;1,000;MESURE
2025-04-24 23:00:00+02:00;9396,000;1,000;MESURE
2025-04-25 00:00:00+02:00;9130,000;1,000;MESURE
2025-04-25 01:00:00+02:00;9253,000;1,000;MESURE
2025-04-25 02:00:00+02:00;9220,000;1,000;MESURE
2025-04-25 03:00:00+02:00;9055,000;1,000;MESURE
2025-04-25 04:00:00+02:00;9054,000;1,000;MESURE
2025-04-25 05:00:00+02:00;9232,000;1,000;MESURE
2025-04-25 06:00:00+02:00;3109,000;1,000;MESURE
2025-04-25 07:00:00+02:00;0,000;1,000;MESURE
2025-04-25 08:00:00+02:00;0,000;1,000;MESURE
2025-04-25 09:00:00+02:00;0,000;1,000;MESURE
2025-04-25 10:00:00+02:00;0,000;1,000;MESURE
2025-04-25 11:00:00+02:00;0,000;1,000;MESURE
2025-04-25 12:00:00+02:00;0,000;1,000;MESURE
2025-04-25 13:00:00+02:00;0,000;1,000;MESURE
2025-04-25 14:00:00+02:00;0,000;1,000;MESURE
2025-04-25 15:00:00+02:00;0,000;1,000;MESURE
2025-04-25 16:00:00+02:00;0,000;1,000;MESURE
2025-04-25 17:00:00+02:00;0,000;1,000;MESURE
2025-04-25 18:00:00+02:00;0,000;1,000;MESURE
2025-04-25 19:00:00+02:00;0,000;1,000;MESURE
2025-04-25 20:00:00+02:00;0,000;1,000;MESURE
2025-04-25 21:00:00+02:00;8709,000;1,000;MESURE
2025-04-25 22:00:00+02:00;9478,000;1,000;MESURE
2025-04-25 23:00:00+02:00;9348,000;1,000;MESURE
2025-04-26 00:00:00+02:00;9225,000;1,000;MESURE
2025-04-26 01:00:00+02:00;9202,000;1,000;MESURE
2025-04-26 02:00:00+02:00;9216,000;1,000;MESURE
2025-04-26 03:00:00+02:00;9176,000;1,000;MESURE
2025-04-26 04:00:00+02:00;9125,000;1,000;MESURE
2025-04-26 05:00:00+02:00;9151,000;1,000;MESURE
2025-04-26 06:00:00+02:00;2790,000;1,000;MESURE
2025-04-26 07:00:00+02:00;0,000;1,000;MESURE
2025-04-26 08:00:00+02:00;0,000;1,000;MESURE
2025-04-26 09:00:00+02:00;0,000;1,000;MESURE
2025-04-26 10:00:00+02:00;0,000;1,000;MESURE
2025-04-26 11:00:00+02:00;0,000;1,000;MESURE
2025-04-26 12:00:00+02:00;0,000;1,000;MESURE
2025-04-26 13:00:00+02:00;0,000;1,000;MESURE
2025-04-26 14:00:00+02:00;0,000;1,000;MESURE
2025-04-26 15:00:00+02:00;0,000;1,000;MESURE
2025-04-26 16:00:00+02:00;0,000;1,000;MESURE
2025-04-26 17:00:00+02:00;0,000;1,000;MESURE
2025-04-26 18:00:00+02:00;0,000;1,000;MESURE
2025-04-26 19:00:00+02:00;0,000;1,000;MESURE
2025-04-26 20:00:00+02:00;0,000;1,000;MESURE
2025-04-26 21:00:00+02:00;8478,000;1,000;MESURE
2025-04-26 22:00:00+02:00;9354,000;1,000;MESURE
2025-04-26 23:00:00+02:00;9299,000;1,000;MESURE
2025-04-27 00:00:00+02:00;9063,000;1,000;MESURE
2025-04-27 01:00:00+02:00;9097,000;1,000;MESURE
2025-04-27 02:00:00+02:00;9097,000;1,000;MESURE
2025-04-27 03:00:00+02:00;9137,000;1,000;MESURE
2025-04-27 04:00:00+02:00;9154,000;1,000;MESURE
2025-04-27 05:00:00+02:00;9165,000;1,000;MESURE
2025-04-27 06:00:00+02:00;2487,000;1,000;MESURE
2025-04-27 07:00:00+02:00;0,000;1,000;MESURE
2025-04-27 08:00:00+02:00;0,000;1,000;MESURE
2025-04-27 09:00:00+02:00;0,000;1,000;MESURE
2025-04-27 10:00:00+02:00;0,000;1,000;MESURE
2025-04-27 11:00:00+02:00;0,000;1,000;MESURE
2025-04-27 12:00:00+02:00;0,000;1,000;MESURE
2025-04-27 13:00:00+02:00;0,000;1,000;MESURE
2025-04-27 14:00:00+02:00;0,000;1,000;MESURE
2025-04-27 15:00:00+02:00;0,000;1,000;MESURE
2025-04-27 16:00:00+02:00;0,000;1,000;MESURE
2025-04-27 17:00:00+02:00;0,000;1,000;MESURE
2025-04-27 18:00:00+02:00;0,000;1,000;MESURE
2025-04-27 19:00:00+02:00;0,000;1,000;MESURE
2025-04-27 20:00:00+02:00;0,000;1,000;MESURE
2025-04-27 21:00:00+02:00;8295,000;1,000;MESURE
2025-04-27 22:00:00+02:00;9535,000;1,000;MESURE
2025-04-27 23:00:00+02:00;9359,000;1,000;MESURE
2025-04-28 00:00:00+02:00;9213,000;1,000;MESURE
2025-04-28 01:00:00+02:00;9176,000;1,000;MESURE
2025-04-28 02:00:00+02:00;9163,000;1,000;MESURE
2025-04-28 03:00:00+02:00;9202,000;1,000;MESURE
2025-04-28 04:00:00+02:00;9230,000;1,000;MESURE
2025-04-28 05:00:00+02:00;9161,000;1,000;MESURE
2025-04-28 06:00:00+02:00;2317,000;1,000;MESURE
2025-04-28 07:00:00+02:00;0,000;1,000;MESURE
2025-04-28 08:00:00+02:00;0,000;1,000;MESURE
2025-04-28 09:00:00+02:00;0,000;1,000;MESURE
2025-04-28 10:00:00+02:00;0,000;1,000;MESURE
2025-04-28 11:00:00+02:00;0,000;1,000;MESURE
2025-04-28 12:00:00+02:00;0,000;1,000;MESURE
2025-04-28 13:00:00+02:00;0,000;1,000;MESURE
2025-04-28 14:00:00+02:00;0,000;1,000;MESURE
2025-04-28 15:00:00+02:00;0,000;1,000;MESURE
2025-04-28 16:00:00+02:00;0,000;1,000;MESURE
2025-04-28 17:00:00+02:00;0,000;1,000;MESURE
2025-04-28 18:00:00+02:00;0,000;1,000;MESURE
2025-04-28 19:00:00+02:00;0,000;1,000;MESURE
2025-04-28 20:00:00+02:00;0,000;1,000;MESURE
2025-04-28 21:00:00+02:00;8001,000;1,000;MESURE
2025-04-28 22:00:00+02:00;9277,000;1,000;MESURE
2025-04-28 23:00:00+02:00;9147,000;1,000;MESURE
2025-04-29 00:00:00+02:00;9053,000;1,000;MESURE
2025-04-29 01:00:00+02:00;9052,000;1,000;MESURE
2025-04-29 02:00:00+02:00;9069,000;1,000;MESURE
2025-04-29 03:00:00+02:00;9221,000;1,000;MESURE
2025-04-29 04:00:00+02:00;9102,000;1,000;MESURE
2025-04-29 05:00:00+02:00;9156,000;1,000;MESURE
2025-04-29 06:00:00+02:00;2010,000;1,000;MESURE
2025-04-29 07:00:00+02:00;0,000;1,000;MESURE
2025-04-29 08:00:00+02:00;0,000;1,000;MESURE
2025-04-29 09:00:00+02:00;0,000;1,000;MESURE
2025-04-29 10:00:00+02:00;0,000;1,000;MESURE
2025-04-29 11:00:00+02:00;0,000;1,000;MESURE
2025-04-29 12:00:00+02:00;0,000;1,000;MESURE
2025-04-29 13:00:00+02:00;0,000;1,000;MESURE
2025-04-29 14:00:00+02:00;0,000;1,000;MESURE
2025-04-29 15:00:00+02:00;0,000;1,000;MESURE
2025-04-29 16:00:00+02:00;0,000;1,000;MESURE
2025-04-29 17:00:00+02:00;0,000;1,000;MESURE
2025-04-29 18:00:00+02:00;0,000;1,000;MESURE
2025-04-29 19:00:00+02:00;0,000;1,000;MESURE
2025-04-29 20:00:00+02:00;0,000;1,000;MESURE
2025-04-29 21:00:00+02:00;7801,000;1,000;MESURE
2025-04-29 22:00:00+02:00;9516,000;1,000;MESURE
2025-04-29 23:00:00+02:00;9380,000;1,000;MESURE
2025-04-30 00:00:00+02:00;9248,000;1,000;MESURE
2025-04-30 01:00:00+02:00;9077,000;1,000;MESURE
2025-04-30 02:00:00+02:00;9010,000;1,000;MESURE
2025-04-30 03:00:00+02:00;9027,000;1,000;MESURE
2025-04-30 04:00:00+02:00;9011,000;1,000;MESURE
2025-04-30 05:00:00+02:00;9221,000;1,000;MESURE
2025-04-30 06:00:00+02:00;1725,000;1,000;MESURE
2025-04-30 07:00:00+02:00;0,000;1,000;MESURE
2025-04-30 08:00:00+02:00;0,000;1,000;MESURE
2025-04-30 09:00:00+02:00;0,000;1,000;MESURE
2025-04-30 10:00:00+02:00;0,000;1,000;MESURE
2025-04-30 11:00:00+02:00;0,000;1,000;MESURE
2025-04-30 12:00:00+02:00;0,000;1,000;MESURE
2025-04-30 13:00:00+02:00;0,000;1,000;MESURE
2025-04-30 14:00:00+02:00;0,000;1,000;MESURE
2025-04-30 15:00:00+02:00;0,000;1,000;MESURE
2025-04-30 16:00:00+02:00;0,000;1,000;MESURE
2025-04-30 17:00:00+02:00;0,000;1,000;MESURE
2025-04-30 18:00:00+02:00;0,000;1,000;MESURE
2025-04-30 19:00:00+02:00;0,000;1,000;MESURE
2025-04-30 20:00:00+02:00;0,000;1,000;MESURE
2025-04-30 21:00:00+02:00;7546,000;1,000;MESURE
2025-04-30 22:00:00+02:00;9385,000;1,000;MESURE
2025-04-30 23:00:00+02:00;9206,000;1,000;MESURE
2025-05-01 00:00:00+02:00;9121,000;1,000;MESURE
2025-05-01 01:00:00+02:00;8976,000;1,000;MESURE
2025-05-01 02:00:00+02:00;8939,000;1,000;MESURE
2025-05-01 03:00:00+02:00;8974,000;1,000;MESURE
2025-05-01 04:00:00+02:00;9010,000;1,000;MESURE
2025-05-01 05:00:00+02:00;9016,000;1,000;MESURE
2025-05-01 06:00:00+02:00;1536,000;1,000;MESURE
2025-05-01 07:00:00+02:00;0,000;1,000;MESURE
2025-05-01 08:00:00+02:00;0,000;1,000;MESURE
2025-05-01 09:00:00+02:00;0,000;1,000;MESURE
2025-05-01 10:00:00+02:00;0,000;1,000;MESURE
2025-05-01 11:00:00+02:00;0,000;1,000;MESURE
2025-05-01 12:00:00+02:00;0,000;1,000;MESURE
2025-05-01 13:00:00+02:00;0,000;1,000;MESURE
2025-05-01 14:00:00+02:00;0,000;1,000;MESURE
2025-05-01 15:00:00+02:00;0,000;1,000;MESURE
2025-05-01 16:00:00+02:00;0,000;1,000;MESURE
2025-05-01 17:00:00+02:00;0,000;1,000;MESURE
2025-05-01 18:00:00+02:00;0,000;1,000;MESURE
2025-05-01 19:00:00+02:00;0,000;1,000;MESURE
2025-05-01 20:00:00+02:00;0,000;1,000;MESURE
2025-05-01 21:00:00+02:00;7362,000;1,000;MESURE
2025-05-01 22:00:00+02:00;9376,000;1,000;MESURE
2025-05-01 23:00:00+02:00;9204,000;1,000;MESURE
2025-05-02 00:00:00+02:00;9107,000;1,000;MESURE
2025-05-02 01:00:00+02:00;9156,000;1,000;MESURE
2025-05-02 02:00:00+02:00;9117,000;1,000;MESURE
2025-05-02 03:00:00+02:00;9120,000;1,000;MESURE
2025-05-02 04:00:00+02:00;9172,000;1,000;MESURE
2025-05-02 05:00:00+02:00;9155,000;1,000;MESURE
2025-05-02 06:00:00+02:00;1281,000;1,000;MESURE
2025-05-02 07:00:00+02:00;0,000;1,000;MESURE
2025-05-02 08:00:00+02:00;0,000;1,000;MESURE
2025-05-02 09:00:00+02:00;0,000;1,000;MESURE
2025-05-02 10:00:00+02:00;0,000;1,000;MESURE
2025-05-02 11:00:00+02:00;0,000;1,000;MESURE
2025-05-02 12:00:00+02:00;0,000;1,000;MESURE
2025-05-02 13:00:00+02:00;0,000;1,000;MESURE
2025-05-02 14:00:00+02:00;0,000;1,000;MESURE
2025-05-02 15:00:00+02:00;0,000;1,000;MESURE
2025-05-02 16:00:00+02:00;0,000;1,000;MESURE
2025-05-02 17:00:00+02:00;0,000;1,000;MESURE
2025-05-02 18:00:00+02:00;0,000;1,000;MESURE
2025-05-02 19:00:00+02:00;0,000;1,000;MESURE
2025-05-02 20:00:00+02:00;0,000;1,000;MESURE
2025-05-02 21:00:00+02:00;6959,000;1,000;MESURE
2025-05-02 22:00:00+02:00;9252,000;1,000;MESURE
2025-05-02 23:00:00+02:00;9133,000;1,000;MESURE
2025-05-03 00:00:00+02:00;9053,000;1,000;MESURE
2025-05-03 01:00:00+02:00;9090,000;1,000;MESURE
2025-05-03 02:00:00+02:00;9084,000;1,000;MESURE
2025-05-03 03:00:00+02:00;8943,000;1,000;MESURE
2025-05-03 04:00:00+02:00;8957,000;1,000;MESURE
2025-05-03 05:00:00+02:00;9191,000;1,000;MESURE
2025-05-03 06:00:00+02:00;982,000;1,000;MESURE
2025-05-03 07:00:00+02:00;0,000;1,000;MESURE
2025-05-03 08:00:00+02:00;0,000;1,000;MESURE
2025-05-03 09:00:00+02:00;0,000;1,000;MESURE
2025-05-03 10:00:00+02:00;0,000;1,000;MESURE
2025-05-03 11:00:00+02:00;0,000;1,000;MESURE
2025-05-03 12:00:00+02:00;0,000;1,000;MESURE
2025-05-03 13:00:00+02:00;0,000;1,000;MESURE
2025-05-03 14:00:00+02:00;0,000;1,000;MESURE
2025-05-03 15:00:00+02:00;0,000;1,000;MESURE
2025-05-03 16:00:00+02:00;0,000;1,000;MESURE
2025-05-03 17:00:00+02:00;0,000;1,000;MESURE
2025-05-03 18:00:00+02:00;0,000;1,000;MESURE
2025-05-03 19:00:00+02:00;0,000;1,000;MESURE
2025-05-03 20:00:00+02:00;0,000;1,000;MESURE
2025-05-03 21:00:00+02:00;6897,000;1,000;MESURE
2025-05-03 22:00:00+02:00;9391,000;1,000;MESURE
2025-05-03 23:00:00+02:00;9167,000;1,000;MESURE
2025-05-04 00:00:00+02:00;9038,000;1,000;MESURE
2025-05-04 01:00:00+02:00;9069,000;1,000;MESURE
2025-05-04 02:00:00+02:00;9097,000;1,000;MESURE
2025-05-04 03:00:00+02:00;9046,000;1,000;MESURE
2025-05-04 04:00:00+02:00;9033,000;1,000;MESURE
2025-05-04 05:00:00+02:00;8989,000;1,000;MESURE
2025-05-04 06:00:00+02:00;815,000;1,000;MESURE
2025-05-04 07:00:00+02:00;0,000;1,000;MESURE
2025-05-04 08:00:00+02:00;0,000;1,000;MESURE
2025-05-04 09:00:00+02:00;0,000;1,000;MESURE
2025-05-04 10:00:00+02:00;0,000;1,000;MESURE
2025-05-04 11:00:00+02:00;0,000;1,000;MESURE
2025-05-04 12:00:00+02:00;0,000;1,000;MESURE
2025-05-04 13:00:00+02:00;0,000;1,000;MESURE
2025-05-04 14:00:00+02:00;0,000;1,000;MESURE
2025-05-04 15:00:00+02:00;0,000;1,000;MESURE
2025-05-04 16:00:00+02:00;0,000;1,000;MESURE
2025-05-04 17:00:00+02:00;0,000;1,000;MESURE
2025-05-04 18:00:00+02:00;0,000;1,000;MESURE
2025-05-04 19:00:00+02:00;0,000;1,000;MESURE
2025-05-04 20:00:00+02:00;0,000;1,000;MESURE
2025-05-04 21:00:00+02:00;6843,000;1,000;MESURE
2025-05-04 22:00:00+02:00;9579,000;1,000;MESURE
2025-05-04 23:00:00+02:00;9533,000;1,000;MESURE
2025-05-05 00:00:00+02:00;9315,000;1,000;MESURE
2025-05-05 01:00:00+02:00;9509,000;1,000;MESURE
2025-05-05 02:00:00+02:00;9415,000;1,000;MESURE
2025-05-05 03:00:00+02:00;9302,000;1,000;MESURE
2025-05-05 04:00:00+02:00;9292,000;1,000;MESURE
2025-05-05 05:00:00+02:00;9358,000;1,000;MESURE
2025-05-05 06:00:00+02:00;529,000;1,000;MESURE
2025-05-05 07:00:00+02:00;0,000;1,000;MESURE
2025-05-05 08:00:00+02:00;0,000;1,000;MESURE
2025-05-05 09:00:00+02:00;0,000;1,000;MESURE
2025-05-05 10:00:00+02:00;0,000;1,000;MESURE
2025-05-05 11:00:00+02:00;0,000;1,000;MESURE
2025-05-05 12:00:00+02:00;0,000;1,000;MESURE
2025-05-05 13:00:00+02:00;0,000;1,000;MESURE
2025-05-05 14:00:00+02:00;0,000;1,000;MESURE
2025-05-05 15:00:00+02:00;0,000;1,000;MESURE
2025-05-05 16:00:00+02:00;0,000;1,000;MESURE
2025-05-05 17:00:00+02:00;0,000;1,000;MESURE
2025-05-05 18:00:00+02:00;0,000;1,000;MESURE
2025-05-05 19:00:00+02:00;0,000;1,000;MESURE
2025-05-05 20:00:00+02:00;0,000;1,000;MESURE
2025-05-05 21:00:00+02:00;6627,000;1,000;MESURE
2025-05-05 22:00:00+02:00;9726,000;1,000;MESURE
2025-05-05 23:00:00+02:00;9415,000;1,000;MESURE
2025-05-06 00:00:00+02:00;9205,000;1,000;MESURE
2025-05-06 01:00:00+02:00;9168,000;1,000;MESURE
2025-05-06 02:00:00+02:00;9165,000;1,000;MESURE
2025-05-06 03:00:00+02:00;9180,000;1,000;MESURE
2025-05-06 04:00:00+02:00;9231,000;1,000;MESURE
2025-05-06 05:00:00+02:00;9160,000;1,000;MESURE
2025-05-06 06:00:00+02:00;364,000;1,000;MESURE
2025-05-06 07:00:00+02:00;0,000;1,000;MESURE
2025-05-06 08:00:00+02:00;0,000;1,000;MESURE
2025-05-06 09:00:00+02:00;0,000;1,000;MESURE
2025-05-06 10:00:00+02:00;0,000;1,000;MESURE
2025-05-06 11:00:00+02:00;0,000;1,000;MESURE
2025-05-06 12:00:00+02:00;0,000;1,000;MESURE
2025-05-06 13:00:00+02:00;0,000;1,000;MESURE
2025-05-06 14:00:00+02:00;0,000;1,000;MESURE
2025-05-06 15:00:00+02:00;0,000;1,000;MESURE
2025-05-06 16:00:00+02:00;0,000;1,000;MESURE
2025-05-06 17:00:00+02:00;0,000;1,000;MESURE
2025-05-06 18:00:00+02:00;0,000;1,000;MESURE
2025-05-06 19:00:00+02:00;0,000;1,000;MESURE
2025-05-06 20:00:00+02:00;0,000;1,000;MESURE
2025-05-06 21:00:00+02:00;6229,000;1,000;MESURE
2025-05-06 22:00:00+02:00;9365,000;1,000;MESURE
2025-05-06 23:00:00+02:00;9234,000;1,000;MESURE
2025-05-07 00:00:00+02:00;9064,000;1,000;MESURE
2025-05-07 01:00:00+02:00;9056,000;1,000;MESURE
2025-05-07 02:00:00+02:00;9062,000;1,000;MESURE
2025-05-07 03:00:00+02:00;9099,000;1,000;MESURE
2025-05-07 04:00:00+02:00;9091,000;1,000;MESURE
2025-05-07 05:00:00+02:00;9010,000;1,000;MESURE
2025-05-07 06:00:00+02:00;48,000;1,000;MESURE
2025-05-07 07:00:00+02:00;0,000;1,000;MESURE
2025-05-07 08:00:00+02:00;0,000;1,000;MESURE
2025-05-07 09:00:00+02:00;0,000;1,000;MESURE
2025-05-07 10:00:00+02:00;0,000;1,000;MESURE
2025-05-07 11:00:00+02:00;0,000;1,000;MESURE
2025-05-07 12:00:00+02:00;0,000;1,000;MESURE
2025-05-07 13:00:00+02:00;0,000;1,000;MESURE
2025-05-07 14:00:00+02:00;0,000;1,000;MESURE
2025-05-07 15:00:00+02:00;0,000;1,000;MESURE
2025-05-07 16:00:00+02:00;0,000;1,000;MESURE
2025-05-07 17:00:00+02:00;0,000;1,000;MESURE
2025-05-07 18:00:00+02:00;0,000;1,000;MESURE
2025-05-07 19:00:00+02:00;0,000;1,000;MESURE
2025-05-07 20:00:00+02:00;0,000;1,000;MESURE
2025-05-07 21:00:00+02:00;5977,000;1,000;MESURE
2025-05-07 22:00:00+02:00;9354,000;1,000;MESURE
2025-05-07 23:00:00+02:00;9227,000;1,000;MESURE
2025-05-08 00:00:00+02:00;9073,000;1,000;MESURE
2025-05-08 01:00:00+02:00;8965,000;1,000;MESURE
2025-05-08 02:00:00+02:00;9009,000;1,000;MESURE
2025-05-08 03:00:00+02:00;9093,000;1,000;MESURE
2025-05-08 04:00:00+02:00;9101,000;1,000;MESURE
2025-05-08 05:00:00+02:00;8962,000;1,000;MESURE
2025-05-08 06:00:00+02:00;0,000;1,000;MESURE
2025-05-08 07:00:00+02:00;0,000;1,000;MESURE
2025-05-08 08:00:00+02:00;0,000;1,000;MESURE
2025-05-08 09:00:00+02:00;0,000;1,000;MESURE
2025-05-08 10:00:00+02:00;0,000;1,000;MESURE
2025-05-08 11:00:00+02:00;0,000;1,000;MESURE
2025-05-08 12:00:00+02:00;0,000;1,000;MESURE
2025-05-08 13:00:00+02:00;0,000;1,000;MESURE
2025-05-08 14:00:00+02:00;0,000;1,000;MESURE
2025-05-08 15:00:00+02:00;0,000;1,000;MESURE
2025-05-08 16:00:00+02:00;0,000;1,000;MESURE
2025-05-08 17:00:00+02:00;0,000;1,000;MESURE
2025-05-08 18:00:00+02:00;0,000;1,000;MESURE
2025-05-08 19:00:00+02:00;0,000;1,000;MESURE
2025-05-08 20:00:00+02:00;0,000;1,000;MESURE
2025-05-08 21:00:00+02:00;5821,000;1,000;MESURE
2025-05-08 22:00:00+02:00;9319,000;1,000;MESURE
2025-05-08 23:00:00+02:00;9097,000;1,000;MESURE
2025-05-09 00:00:00+02:00;9035,000;1,000;MESURE
2025-05-09 01:00:00+02:00;9033,000;1,000;MESURE
2025-05-09 02:00:00+02:00;8990,000;1,000;MESURE
2025-05-09 03:00:00+02:00;9018,000;1,000;MESURE
2025-05-09 04:00:00+02:00;9064,000;1,000;MESURE
2025-05-09 05:00:00+02:00;8635,000;1,000;MESURE
2025-05-09 06:00:00+02:00;0,000;1,000;MESURE
2025-05-09 07:00:00+02:00;0,000;1,000;MESURE
2025-05-09 08:00:00+02:00;0,000;1,000;MESURE
2025-05-09 09:00:00+02:00;0,000;1,000;MESURE
2025-05-09 10:00:00+02:00;0,000;1,000;MESURE
2025-05-09 11:00:00+02:00;0,000;1,000;MESURE
2025-05-09 12:00:00+02:00;0,000;1,000;MESURE
2025-05-09 13:00:00+02:00;0,000;1,000;MESURE
2025-05-09 14:00:00+02:00;0,000;1,000;MESURE
2025-05-09 15:00:00+02:00;0,000;1,000;MESURE
2025-05-09 16:00:00+02:00;0,000;1,000;MESURE
2025-05-09 17:00:00+02:00;0,000;1,000;MESURE
2025-05-09 18:00:00+02:00;0,000;1,000;MESURE
2025-05-09 19:00:00+02:00;0,000;1,000;MESURE
2025-05-09 20:00:00+02:00;0,000;1,000;MESURE
2025-05-09 21:00:00+02:00;5693,000;1,000;MESURE
2025-05-09 22:00:00+02:00;9470,000;1,000;MESURE
2025-05-09 23:00:00+02:00;9310,000;1,000;MESURE
2025-05-10 00:00:00+02:00;9071,000;1,000;MESURE
2025-05-10 01:00:00+02:00;9009,000;1,000;MESURE
2025-05-10 02:00:00+02:00;8985,000;1,000;MESURE
2025-05-10 03:00:00+02:00;8983,000;1,000;MESURE
2025-05-10 04:00:00+02:00;9012,000;1,000;MESURE
2025-05-10 05:00:00+02:00;8397,000;1,000;MESURE
2025-05-10 06:00:00+02:00;0,000;1,000;MESURE
2025-05-10 07:00:00+02:00;0,000;1,000;MESURE
2025-05-10 08:00:00+02:00;0,000;1,000;MESURE
2025-05-10 09:00:00+02:00;0,000;1,000;MESURE
2025-05-10 10:00:00+02:00;0,000;1,000;MESURE
2025-05-10 11:00:00+02:00;0,000;1,000;MESURE
2025-05-10 12:00:00+02:00;0,000;1,000;MESURE
2025-05-10 13:00:00+02:00;0,000;1,000;MESURE
2025-05-10 14:00:00+02:00;0,000;1,000;MESURE
2025-05-10 15:00:00+02:00;0,000;1,000;MESURE
2025-05-10 16:00:00+02:00;0,000;1,000;MESURE
2025-05-10 17:00:00+02:00;0,000;1,000;MESURE
2025-05-10 18:00:00+02:00;0,000;1,000;MESURE
2025-05-10 19:00:00+02:00;0,000;1,000;MESURE
2025-05-10 20:00:00+02:00;0,000;1,000;MESURE
2025-05-10 21:00:00+02:00;5365,000;1,000;MESURE
2025-05-10 22:00:00+02:00;9370,000;1,000;MESURE
2025-05-10 23:00:00+02:00;9063,000;1,000;MESURE
2025-05-11 00:00:00+02:00;8965,000;1,000;MESURE
2025-05-11 01:00:00+02:00;8946,000;1,000;MESURE
2025-05-11 02:00:00+02:00;8955,000;1,000;MESURE
2025-05-11 03:00:00+02:00;8989,000;1,000;MESURE
2025-05-11 04:00:00+02:00;9028,000;1,000;MESURE
2025-05-11 05:00:00+02:00;8324,000;1,000;MESURE
2025-05-11 06:00:00+02:00;0,000;1,000;MESURE
2025-05-11 07:00:00+02:00;0,000;1,000;MESURE
2025-05-11 08:00:00+02:00;0,000;1,000;MESURE
2025-05-11 09:00:00+02:00;0,000;1,000;MESURE
2025-05-11 10:00:00+02:00;0,000;1,000;MESURE
2025-05-11 11:00:00+02:00;0,000;1,000;MESURE
2025-05-11 12:00:00+02:00;0,000;1,000;MESURE
2025-05-11 13:00:00+02:00;0,000;1,000;MESURE
2025-05-11 14:00:00+02:00;0,000;1,000;MESURE
2025-05-11 15:00:00+02:00;0,000;1,000;MESURE
2025-05-11 16:00:00+02:00;0,000;1,000;MESURE
2025-05-11 17:00:00+02:00;0,000;1,000;MESURE
2025-05-11 18:00:00+02:00;0,000;1,000;MESURE
2025-05-11 19:00:00+02:00;0,000;1,000;MESURE
2025-05-11 20:00:00+02:00;0,000;1,000;MESURE
2025-05-11 21:00:00+02:00;5070,000;1,000;MESURE
2025-05-11 22:00:00+02:00;9283,000;1,000;MESURE
2025-05-11 23:00:00+02:00;9138,000;1,000;MESURE
2025-05-12 00:00:00+02:00;9057,000;1,000;MESURE
2025-05-12 01:00:00+02:00;9012,000;1,000;MESURE
2025-05-12 02:00:00+02:00;9015,000;1,000;MESURE
2025-05-12 03:00:00+02:00;9006,000;1,000;MESURE
2025-05-12 04:00:00+02:00;9019,000;1,000;MESURE
2025-05-12 05:00:00+02:00;8130,000;1,000;MESURE
2025-05-12 06:00:00+02:00;0,000;1,000;MESURE
2025-05-12 07:00:00+02:00;0,000;1,000;MESURE
2025-05-12 08:00:00+02:00;0,000;1,000;MESURE
2025-05-12 09:00:00+02:00;0,000;1,000;MESURE
2025-05-12 10:00:00+02:00;0,000;1,000;MESURE
2025-05-12 11:00:00+02:00;0,000;1,000;MESURE
2025-05-12 12:00:00+02:00;0,000;1,000;MESURE
2025-05-12 13:00:00+02:00;0,000;1,000;MESURE
2025-05-12 14:00:00+02:00;0,000;1,000;MESURE
2025-05-12 15:00:00+02:00;0,000;1,000;MESURE
2025-05-12 16:00:00+02:00;0,000;1,000;MESURE
2025-05-12 17:00:00+02:00;0,000;1,000;MESURE
2025-05-12 18:00:00+02:00;0,000;1,000;MESURE
2025-05-12 19:00:00+02:00;0,000;1,000;MESURE
2025-05-12 20:00:00+02:00;0,000;1,000;MESURE
2025-05-12 21:00:00+02:00;4968,000;1,000;MESURE
2025-05-12 22:00:00+02:00;9363,000;1,000;MESURE
2025-05-12 23:00:00+02:00;9169,000;1,000;MESURE
2025-05-13 00:00:00+02:00;9115,000;1,000;MESURE
2025-05-13 01:00:00+02:00;9062,000;1,000;MESURE
2025-05-13 02:00:00+02:00;9067,000;1,000;MESURE
2025-05-13 03:00:00+02:00;9137,000;1,000;MESURE
2025-05-13 04:00:00+02:00;9114,000;1,000;MESURE
2025-05-13 05:00:00+02:00;7881,000;1,000;MESURE
2025-05-13 06:00:00+02:00;0,000;1,000;MESURE
2025-05-13 07:00:00+02:00;0,000;1,000;MESURE
2025-05-13 08:00:00+02:00;0,000;1,000;MESURE
2025-05-13 09:00:00+02:00;0,000;1,000;MESURE
2025-05-13 10:00:00+02:00;0,000;1,000;MESURE
2025-05-13 11:00:00+02:00;0,000;1,000;MESURE
2025-05-13 12:00:00+02:00;0,000;1,000;MESURE
2025-05-13 13:00:00+02:00;0,000;1,000;MESURE
2025-05-13 14:00:00+02:00;0,000;1,000;MESURE
2025-05-13 15:00:00+02:00;0,000;1,000;MESURE
2025-05-13 16:00:00+02:00;0,000;1,000;MESURE
2025-05-13 17:00:00+02:00;0,000;1,000;MESURE
2025-05-13 18:00:00+02:00;0,000;1,000;MESURE
2025-05-13 19:00:00+02:00;0,000;1,000;MESURE
2025-05-13 20:00:00+02:00;0,000;1,000;MESURE
2025-05-13 21:00:00+02:00;4594,000;1,000;MESURE
2025-05-13 22:00:00+02:00;9313,000;1,000;MESURE
2025-05-13 23:00:00+02:00;9289,000;1,000;MESURE
2025-05-14 00:00:00+02:00;9024,000;1,000;MESURE
2025-05-14 01:00:00+02:00;8926,000;1,000;MESURE
2025-05-14 02:00:00+02:00;8913,000;1,000;MESURE
2025-05-14 03:00:00+02:00;8975,000;1,000;MESURE
2025-05-14 04:00:00+02:00;8912,000;1,000;MESURE
2025-05-14 05:00:00+02:00;7841,000;1,000;MESURE
2025-05-14 06:00:00+02:00;0,000;1,000;MESURE
2025-05-14 07:00:00+02:00;0,000;1,000;MESURE
2025-05-14 08:00:00+02:00;0,000;1,000;MESURE
2025-05-14 09:00:00+02:00;0,000;1,000;MESURE
2025-05-14 10:00:00+02:00;0,000;1,000;MESURE
2025-05-14 11:00:00+02:00;0,000;1,000;MESURE
2025-05-14 12:00:00+02:00;0,000;1,000;MESURE
2025-05-14 13:00:00+02:00;0,000;1,000;MESURE
2025-05-14 14:00:00+02:00;0,000;1,000;MESURE
2025-05-14 15:00:00+02:00;0,000;1,000;MESURE
2025-05-14 16:00:00+02:00;0,000;1,000;MESURE
2025-05-14 17:00:00+02:00;0,000;1,000;MESURE
2025-05-14 18:00:00+02:00;0,000;1,000;MESURE
2025-05-14 19:00:00+02:00;0,000;1,000;MESURE
2025-05-14 20:00:00+02:00;0,000;1,000;MESURE
2025-05-14 21:00:00+02:00;4444,000;1,000;MESURE
2025-05-14 22:00:00+02:00;9253,000;1,000;MESURE
2025-05-14 23:00:00+02:00;9101,000;1,000;MESURE
2025-05-15 00:00:00+02:00;9050,000;1,000;MESURE
2025-05-15 01:00:00+02:00;9017,000;1,000;MESURE
2025-05-15 02:00:00+02:00;9013,000;1,000;MESURE
2025-05-15 03:00:00+02:00;9026,000;1,000;MESURE
2025-05-15 04:00:00+02:00;8994,000;1,000;MESURE
2025-05-15 05:00:00+02:00;7347,000;1,000;MESURE
2025-05-15 06:00:00+02:00;0,000;1,000;MESURE
2025-05-15 07:00:00+02:00;0,000;1,000;MESURE
2025-05-15 08:00:00+02:00;0,000;1,000;MESURE
2025-05-15 09:00:00+02:00;0,000;1,000;MESURE
2025-05-15 10:00:00+02:00;0,000;1,000;MESURE
2025-05-15 11:00:00+02:00;0,000;1,000;MESURE
2025-05-15 12:00:00+02:00;0,000;1,000;MESURE
2025-05-15 13:00:00+02:00;0,000;1,000;MESURE
2025-05-15 14:00:00+02:00;0,000;1,000;MESURE
2025-05-15 15:00:00+02:00;0,000;1,000;MESURE
2025-05-15 16:00:00+02:00;0,000;1,000;MESURE
2025-05-15 17:00:00+02:00;0,000;1,000;MESURE
2025-05-15 18:00:00+02:00;0,000;1,000;MESURE
2025-05-15 19:00:00+02:00;0,000;1,000;MESURE
2025-05-15 20:00:00+02:00;0,000;1,000;MESURE
2025-05-15 21:00:00+02:00;4276,000;1,000;MESURE
2025-05-15 22:00:00+02:00;9213,000;1,000;MESURE
2025-05-15 23:00:00+02:00;9032,000;1,000;MESURE
2025-05-16 00:00:00+02:00;9029,000;1,000;MESURE
2025-05-16 01:00:00+02:00;8940,000;1,000;MESURE
2025-05-16 02:00:00+02:00;8913,000;1,000;MESURE
2025-05-16 03:00:00+02:00;8981,000;1,000;MESURE
2025-05-16 04:00:00+02:00;8974,000;1,000;MESURE
2025-05-16 05:00:00+02:00;7195,000;1,000;MESURE
2025-05-16 06:00:00+02:00;0,000;1,000;MESURE
2025-05-16 07:00:00+02:00;0,000;1,000;MESURE
2025-05-16 08:00:00+02:00;0,000;1,000;MESURE
2025-05-16 09:00:00+02:00;0,000;1,000;MESURE
2025-05-16 10:00:00+02:00;0,000;1,000;MESURE
2025-05-16 11:00:00+02:00;0,000;1,000;MESURE
2025-05-16 12:00:00+02:00;0,000;1,000;MESURE
2025-05-16 13:00:00+02:00;0,000;1,000;MESURE
2025-05-16 14:00:00+02:00;0,000;1,000;MESURE
2025-05-16 15:00:00+02:00;0,000;1,000;MESURE
2025-05-16 16:00:00+02:00;0,000;1,000;MESURE
2025-05-16 17:00:00+02:00;0,000;1,000;MESURE
2025-05-16 18:00:00+02:00;0,000;1,000;MESURE
2025-05-16 19:00:00+02:00;0,000;1,000;MESURE
2025-05-16 20:00:00+02:00;0,000;1,000;MESURE
2025-05-16 21:00:00+02:00;4124,000;1,000;MESURE
2025-05-16 22:00:00+02:00;9211,000;1,000;MESURE
2025-05-16 23:00:00+02:00;9117,000;1,000;MESURE
2025-05-17 00:00:00+02:00;9079,000;1,000;MESURE
2025-05-17 01:00:00+02:00;8948,000;1,000;MESURE
2025-05-17 02:00:00+02:00;8987,000;1,000;MESURE
2025-05-17 03:00:00+02:00;9019,000;1,000;MESURE
2025-05-17 04:00:00+02:00;9035,000;1,000;MESURE
2025-05-17 05:00:00+02:00;7104,000;1,000;MESURE
2025-05-17 06:00:00+02:00;0,000;1,000;MESURE
2025-05-17 07:00:00+02:00;0,000;1,000;MESURE
2025-05-17 08:00:00+02:00;0,000;1,000;MESURE
2025-05-17 09:00:00+02:00;0,000;1,000;MESURE
2025-05-17 10:00:00+02:00;0,000;1,000;MESURE
2025-05-17 11:00:00+02:00;0,000;1,000;MESURE
2025-05-17 12:00:00+02:00;0,000;1,000;MESURE
2025-05-17 13:00:00+02:00;0,000;1,000;MESURE
2025-05-17 14:00:00+02:00;0,000;1,000;MESURE
2025-05-17 15:00:00+02:00;0,000;1,000;MESURE
2025-05-17 16:00:00+02:00;0,000;1,000;MESURE
2025-05-17 17:00:00+02:00;0,000;1,000;MESURE
2025-05-17 18:00:00+02:00;0,000;1,000;MESURE
2025-05-17 19:00:00+02:00;0,000;1,000;MESURE
2025-05-17 20:00:00+02:00;0,000;1,000;MESURE
2025-05-17 21:00:00+02:00;3912,000;1,000;MESURE
2025-05-17 22:00:00+02:00;9241,000;1,000;MESURE
2025-05-17 23:00:00+02:00;9302,000;1,000;MESURE
2025-05-18 00:00:00+02:00;9084,000;1,000;MESURE
2025-05-18 01:00:00+02:00;8915,000;1,000;MESURE
2025-05-18 02:00:00+02:00;8958,000;1,000;MESURE
2025-05-18 03:00:00+02:00;8933,000;1,000;MESURE
2025-05-18 04:00:00+02:00;8989,000;1,000;MESURE
2025-05-18 05:00:00+02:00;6937,000;1,000;MESURE
2025-05-18 06:00:00+02:00;0,000;1,000;MESURE
2025-05-18 07:00:00+02:00;0,000;1,000;MESURE
2025-05-18 08:00:00+02:00;0,000;1,000;MESURE
2025-05-18 09:00:00+02:00;0,000;1,000;MESURE
2025-05-18 10:00:00+02:00;0,000;1,000;MESURE
2025-05-18 11:00:00+02:00;0,000;1,000;MESURE
2025-05-18 12:00:00+02:00;0,000;1,000;MESURE
2025-05-18 13:00:00+02:00;0,000;1,000;MESURE
2025-05-18 14:00:00+02:00;0,000;1,000;MESURE
2025-05-18 15:00:00+02:00;0,000;1,000;MESURE
2025-05-18 16:00:00+02:00;0,000;1,000;MESURE
2025-05-18 17:00:00+02:00;0,000;1,000;MESURE
2025-05-18 18:00:00+02:00;0,000;1,000;MESURE
2025-05-18 19:00:00+02:00;0,000;1,000;MESURE
2025-05-18 20:00:00+02:00;0,000;1,000;MESURE
2025-05-18 21:00:00+02:00;3692,000;1,000;MESURE
2025-05-18 22:00:00+02:00;9246,000;1,000;MESURE
2025-05-18 23:00:00+02:00;9155,000;1,000;MESURE
2025-05-19 00:00:00+02:00;8933,000;1,000;MESURE
2025-05-19 01:00:00+02:00;8849,000;1,000;MESURE
2025-05-19 02:00:00+02:00;8848,000;1,000;MESURE
2025-05-19 03:00:00+02:00;8860,000;1,000;MESURE
2025-05-19 04:00:00+02:00;8854,000;1,000;MESURE
2025-05-19 05:00:00+02:00;6703,000;1,000;MESURE
2025-05-19 06:00:00+02:00;0,000;1,000;MESURE
2025-05-19 07:00:00+02:00;0,000;1,000;MESURE
2025-05-19 08:00:00+02:00;0,000;1,000;MESURE
2025-05-19 09:00:00+02:00;0,000;1,000;MESURE
2025-05-19 10:00:00+02:00;0,000;1,000;MESURE
2025-05-19 11:00:00+02:00;0,000;1,000;MESURE
2025-05-19 12:00:00+02:00;0,000;1,000;MESURE
2025-05-19 13:00:00+02:00;0,000;1,000;MESURE
2025-05-19 14:00:00+02:00;0,000;1,000;MESURE
2025-05-19 15:00:00+02:00;0,000;1,000;MESURE
2025-05-19 16:00:00+02:00;0,000;1,000;MESURE
2025-05-19 17:00:00+02:00;0,000;1,000;MESURE
2025-05-19 18:00:00+02:00;0,000;1,000;MESURE
2025-05-19 19:00:00+02:00;0,000;1,000;MESURE
2025-05-19 20:00:00+02:00;0,000;1,000;MESURE
2025-05-19 21:00:00+02:00;3542,000;1,000;MESURE
2025-05-19 22:00:00+02:00;9235,000;1,000;MESURE
2025-05-19 23:00:00+02:00;9150,000;1,000;MESURE
2025-05-20 00:00:00+02:00;9167,000;1,000;MESURE
2025-05-20 01:00:00+02:00;9040,000;1,000;MESURE
2025-05-20 02:00:00+02:00;9035,000;1,000;MESURE
2025-05-20 03:00:00+02:00;9116,000;1,000;MESURE
2025-05-20 04:00:00+02:00;9084,000;1,000;MESURE
2025-05-20 05:00:00+02:00;6638,000;1,000;MESURE
2025-05-20 06:00:00+02:00;0,000;1,000;MESURE
2025-05-20 07:00:00+02:00;0,000;1,000;MESURE
2025-05-20 08:00:00+02:00;0,000;1,000;MESURE
2025-05-20 09:00:00+02:00;0,000;1,000;MESURE
2025-05-20 10:00:00+02:00;0,000;1,000;MESURE
2025-05-20 11:00:00+02:00;0,000;1,000;MESURE
2025-05-20 12:00:00+02:00;0,000;1,000;MESURE
2025-05-20 13:00:00+02:00;0,000;1,000;MESURE
2025-05-20 14:00:00+02:00;0,000;1,000;MESURE
2025-05-20 15:00:00+02:00;0,000;1,000;MESURE
2025-05-20 16:00:00+02:00;0,000;1,000;MESURE
2025-05-20 17:00:00+02:00;0,000;1,000;MESURE
2025-05-20 18:00:00+02:00;0,000;1,000;MESURE
2025-05-20 19:00:00+02:00;0,000;1,000;MESURE
2025-05-20 20:00:00+02:00;0,000;1,000;MESURE
2025-05-20 21:00:00+02:00;3455,000;1,000;MESURE
2025-05-20 22:00:00+02:00;9475,000;1,000;MESURE
2025-05-20 23:00:00+02:00;9449,000;1,000;MESURE
2025-05-21 00:00:00+02:00;9408,000;1,000;MESURE
2025-05-21 01:00:00+02:00;9289,000;1,000;MESURE
2025-05-21 02:00:00+02:00;9295,000;1,000;MESURE
2025-05-21 03:00:00+02:00;9347,000;1,000;MESURE
2025-05-21 04:00:00+02:00;9351,000;1,000;MESURE
2025-05-21 05:00:00+02:00;6553,000;1,000;MESURE
2025-05-21 06:00:00+02:00;0,000;1,000;MESURE
2025-05-21 07:00:00+02:00;0,000;1,000;MESURE
2025-05-21 08:00:00+02:00;0,000;1,000;MESURE
2025-05-21 09:00:00+02:00;0,000;1,000;MESURE
2025-05-21 10:00:00+02:00;0,000;1,000;MESURE
2025-05-21 11:00:00+02:00;0,000;1,000;MESURE
2025-05-21 12:00:00+02:00;0,000;1,000;MESURE
2025-05-21 13:00:00+02:00;0,000;1,000;MESURE
2025-05-21 14:00:00+02:00;0,000;1,000;MESURE
2025-05-21 15:00:00+02:00;0,000;1,000;MESURE
2025-05-21 16:00:00+02:00;0,000;1,000;MESURE
2025-05-21 17:00:00+02:00;0,000;1,000;MESURE
2025-05-21 18:00:00+02:00;0,000;1,000;MESURE
2025-05-21 19:00:00+02:00;0,000;1,000;MESURE
2025-05-21 20:00:00+02:00;0,000;1,000;MESURE
2025-05-21 21:00:00+02:00;3124,000;1,000;MESURE
2025-05-21 22:00:00+02:00;9351,000;1,000;MESURE
2025-05-21 23:00:00+02:00;9231,000;1,000;MESURE
2025-05-22 00:00:00+02:00;9200,000;1,000;MESURE
2025-05-22 01:00:00+02:00;9130,000;1,000;MESURE
2025-05-22 02:00:00+02:00;9104,000;1,000;MESURE
2025-05-22 03:00:00+02:00;8977,000;1,000;MESURE
2025-05-22 04:00:00+02:00;9156,000;1,000;MESURE
2025-05-22 05:00:00+02:00;6330,000;1,000;MESURE
2025-05-22 06:00:00+02:00;0,000;1,000;MESURE
2025-05-22 07:00:00+02:00;0,000;1,000;MESURE
2025-05-22 08:00:00+02:00;0,000;1,000;MESURE
2025-05-22 09:00:00+02:00;0,000;1,000;MESURE
2025-05-22 10:00:00+02:00;0,000;1,000;MESURE
2025-05-22 11:00:00+02:00;0,000;1,000;MESURE
2025-05-22 12:00:00+02:00;0,000;1,000;MESURE
2025-05-22 13:00:00+02:00;0,000;1,000;MESURE
2025-05-22 14:00:00+02:00;0,000;1,000;MESURE
2025-05-22 15:00:00+02:00;0,000;1,000;MESURE
2025-05-22 16:00:00+02:00;0,000;1,000;MESURE
2025-05-22 17:00:00+02:00;0,000;1,000;MESURE
2025-05-22 18:00:00+02:00;0,000;1,000;MESURE
2025-05-22 19:00:00+02:00;0,000;1,000;MESURE
2025-05-22 20:00:00+02:00;0,000;1,000;MESURE
2025-05-22 21:00:00+02:00;2923,000;1,000;MESURE
2025-05-22 22:00:00+02:00;9428,000;1,000;MESURE
2025-05-22 23:00:00+02:00;9403,000;1,000;MESURE
2025-05-23 00:00:00+02:00;9283,000;1,000;MESURE
2025-05-23 01:00:00+02:00;9161,000;1,000;MESURE
2025-05-23 02:00:00+02:00;9155,000;1,000;MESURE
2025-05-23 03:00:00+02:00;9235,000;1,000;MESURE
2025-05-23 04:00:00+02:00;9183,000;1,000;MESURE
2025-05-23 05:00:00+02:00;6154,000;1,000;MESURE
2025-05-23 06:00:00+02:00;0,000;1,000;MESURE
2025-05-23 07:00:00+02:00;0,000;1,000;MESURE
2025-05-23 08:00:00+02:00;0,000;1,000;MESURE
2025-05-23 09:00:00+02:00;0,000;1,000;MESURE
2025-05-23 10:00:00+02:00;0,000;1,000;MESURE
2025-05-23 11:00:00+02:00;0,000;1,000;MESURE
2025-05-23 12:00:00+02:00;0,000;1,000;MESURE
2025-05-23 13:00:00+02:00;0,000;1,000;MESURE
2025-05-23 14:00:00+02:00;0,000;1,000;MESURE
2025-05-23 15:00:00+02:00;0,000;1,000;MESURE
2025-05-23 16:00:00+02:00;0,000;1,000;MESURE
2025-05-23 17:00:00+02:00;0,000;1,000;MESURE
2025-05-23 18:00:00+02:00;0,000;1,000;MESURE
2025-05-23 19:00:00+02:00;0,000;1,000;MESURE
2025-05-23 20:00:00+02:00;0,000;1,000;MESURE
2025-05-23 21:00:00+02:00;2862,000;1,000;MESURE
2025-05-23 22:00:00+02:00;9528,000;1,000;MESURE
2025-05-23 23:00:00+02:00;9394,000;1,000;MESURE
2025-05-24 00:00:00+02:00;9201,000;1,000;MESURE
2025-05-24 01:00:00+02:00;9090,000;1,000;MESURE
2025-05-24 02:00:00+02:00;9115,000;1,000;MESURE
2025-05-24 03:00:00+02:00;9199,000;1,000;MESURE
2025-05-24 04:00:00+02:00;9175,000;1,000;MESURE
2025-05-24 05:00:00+02:00;5999,000;1,000;MESURE
2025-05-24 06:00:00+02:00;0,000;1,000;MESURE
2025-05-24 07:00:00+02:00;0,000;1,000;MESURE
2025-05-24 08:00:00+02:00;0,000;1,000;MESURE
2025-05-24 09:00:00+02:00;0,000;1,000;MESURE
2025-05-24 10:00:00+02:00;0,000;1,000;MESURE
2025-05-24 11:00:00+02:00;0,000;1,000;MESURE
2025-05-24 12:00:00+02:00;0,000;1,000;MESURE
2025-05-24 13:00:00+02:00;0,000;1,000;MESURE
2025-05-24 14:00:00+02:00;0,000;1,000;MESURE
2025-05-24 15:00:00+02:00;0,000;1,000;MESURE
2025-05-24 16:00:00+02:00;0,000;1,000;MESURE
2025-05-24 17:00:00+02:00;0,000;1,000;MESURE
2025-05-24 18:00:00+02:00;0,000;1,000;MESURE
2025-05-24 19:00:00+02:00;0,000;1,000;MESURE
2025-05-24 20:00:00+02:00;0,000;1,000;MESURE
2025-05-24 21:00:00+02:00;2689,000;1,000;MESURE
2025-05-24 22:00:00+02:00;9537,000;1,000;MESURE
2025-05-24 23:00:00+02:00;9369,000;1,000;MESURE
2025-05-25 00:00:00+02:00;9192,000;1,000;MESURE
2025-05-25 01:00:00+02:00;9146,000;1,000;MESURE
2025-05-25 02:00:00+02:00;9192,000;1,000;MESURE
2025-05-25 03:00:00+02:00;9233,000;1,000;MESURE
2025-05-25 04:00:00+02:00;9253,000;1,000;MESURE
2025-05-25 05:00:00+02:00;6091,000;1,000;MESURE
2025-05-25 06:00:00+02:00;0,000;1,000;MESURE
2025-05-25 07:00:00+02:00;0,000;1,000;MESURE
2025-05-25 08:00:00+02:00;0,000;1,000;MESURE
2025-05-25 09:00:00+02:00;0,000;1,000;MESURE
2025-05-25 10:00:00+02:00;0,000;1,000;MESURE
2025-05-25 11:00:00+02:00;0,000;1,000;MESURE
2025-05-25 12:00:00+02:00;0,000;1,000;MESURE
2025-05-25 13:00:00+02:00;0,000;1,000;MESURE
2025-05-25 14:00:00+02:00;0,000;1,000;MESURE
2025-05-25 15:00:00+02:00;0,000;1,000;MESURE
2025-05-25 16:00:00+02:00;0,000;1,000;MESURE
2025-05-25 17:00:00+02:00;0,000;1,000;MESURE
2025-05-25 18:00:00+02:00;0,000;1,000;MESURE
2025-05-25 19:00:00+02:00;0,000;1,000;MESURE
2025-05-25 20:00:00+02:00;0,000;1,000;MESURE
2025-05-25 21:00:00+02:00;2497,000;1,000;MESURE
2025-05-25 22:00:00+02:00;9375,000;1,000;MESURE
2025-05-25 23:00:00+02:00;9252,000;1,000;MESURE
2025-05-26 00:00:00+02:00;9224,000;1,000;MESURE
2025-05-26 01:00:00+02:00;9150,000;1,000;MESURE
2025-05-26 02:00:00+02:00;9165,000;1,000;MESURE
2025-05-26 03:00:00+02:00;9187,000;1,000;MESURE
2025-05-26 04:00:00+02:00;9203,000;1,000;MESURE
2025-05-26 05:00:00+02:00;5831,000;1,000;MESURE
2025-05-26 06:00:00+02:00;0,000;1,000;MESURE
2025-05-26 07:00:00+02:00;0,000;1,000;MESURE
2025-05-26 08:00:00+02:00;0,000;1,000;MESURE
2025-05-26 09:00:00+02:00;0,000;1,000;MESURE
2025-05-26 10:00:00+02:00;0,000;1,000;MESURE
2025-05-26 11:00:00+02:00;0,000;1,000;MESURE
2025-05-26 12:00:00+02:00;0,000;1,000;MESURE
2025-05-26 13:00:00+02:00;0,000;1,000;MESURE
2025-05-26 14:00:00+02:00;0,000;1,000;MESURE
2025-05-26 15:00:00+02:00;0,000;1,000;MESURE
2025-05-26 16:00:00+02:00;0,000;1,000;MESURE
2025-05-26 17:00:00+02:00;0,000;1,000;MESURE
2025-05-26 18:00:00+02:00;0,000;1,000;MESURE
2025-05-26 19:00:00+02:00;0,000;1,000;MESURE
2025-05-26 20:00:00+02:00;0,000;1,000;MESURE
2025-05-26 21:00:00+02:00;2297,000;1,000;MESURE
2025-05-26 22:00:00+02:00;9477,000;1,000;MESURE
2025-05-26 23:00:00+02:00;9385,000;1,000;MESURE
2025-05-27 00:00:00+02:00;9150,000;1,000;MESURE
2025-05-27 01:00:00+02:00;9076,000;1,000;MESURE
2025-05-27 02:00:00+02:00;9196,000;1,000;MESURE
2025-05-27 03:00:00+02:00;9037,000;1,000;MESURE
2025-05-27 04:00:00+02:00;8947,000;1,000;MESURE
2025-05-27 05:00:00+02:00;5720,000;1,000;MESURE
2025-05-27 06:00:00+02:00;0,000;1,000;MESURE
2025-05-27 07:00:00+02:00;0,000;1,000;MESURE
2025-05-27 08:00:00+02:00;0,000;1,000;MESURE
2025-05-27 09:00:00+02:00;0,000;1,000;MESURE
2025-05-27 10:00:00+02:00;0,000;1,000;MESURE
2025-05-27 11:00:00+02:00;0,000;1,000;MESURE
2025-05-27 12:00:00+02:00;0,000;1,000;MESURE
2025-05-27 13:00:00+02:00;0,000;1,000;MESURE
2025-05-27 14:00:00+02:00;0,000;1,000;MESURE
2025-05-27 15:00:00+02:00;0,000;1,000;MESURE
2025-05-27 16:00:00+02:00;0,000;1,000;MESURE
2025-05-27 17:00:00+02:00;0,000;1,000;MESURE
2025-05-27 18:00:00+02:00;0,000;1,000;MESURE
2025-05-27 19:00:00+02:00;0,000;1,000;MESURE
2025-05-27 20:00:00+02:00;0,000;1,000;MESURE
2025-05-27 21:00:00+02:00;2133,000;1,000;MESURE
2025-05-27 22:00:00+02:00;9385,000;1,000;MESURE
2025-05-27 23:00:00+02:00;9375,000;1,000;MESURE
2025-05-28 00:00:00+02:00;9096,000;1,000;MESURE
2025-05-28 01:00:00+02:00;9145,000;1,000;MESURE
2025-05-28 02:00:00+02:00;9187,000;1,000;MESURE
2025-05-28 03:00:00+02:00;8979,000;1,000;MESURE
2025-05-28 04:00:00+02:00;8931,000;1,000;MESURE
2025-05-28 05:00:00+02:00;5557,000;1,000;MESURE
2025-05-28 06:00:00+02:00;0,000;1,000;MESURE
2025-05-28 07:00:00+02:00;0,000;1,000;MESURE
2025-05-28 08:00:00+02:00;0,000;1,000;MESURE
2025-05-28 09:00:00+02:00;0,000;1,000;MESURE
2025-05-28 10:00:00+02:00;0,000;1,000;MESURE
2025-05-28 11:00:00+02:00;0,000;1,000;MESURE
2025-05-28 12:00:00+02:00;0,000;1,000;MESURE
2025-05-28 13:00:00+02:00;0,000;1,000;MESURE
2025-05-28 14:00:00+02:00;0,000;1,000;MESURE
2025-05-28 15:00:00+02:00;0,000;1,000;MESURE
2025-05-28 16:00:00+02:00;0,000;1,000;MESURE
2025-05-28 17:00:00+02:00;0,000;1,000;MESURE
2025-05-28 18:00:00+02:00;0,000;1,000;MESURE
2025-05-28 19:00:00+02:00;0,000;1,000;MESURE
2025-05-28 20:00:00+02:00;0,000;1,000;MESURE
2025-05-28 21:00:00+02:00;1979,000;1,000;MESURE
2025-05-28 22:00:00+02:00;9394,000;1,000;MESURE
2025-05-28 23:00:00+02:00;9368,000;1,000;MESURE
2025-05-29 00:00:00+02:00;9137,000;1,000;MESURE
2025-05-29 01:00:00+02:00;8941,000;1,000;MESURE
2025-05-29 02:00:00+02:00;8942,000;1,000;MESURE
2025-05-29 03:00:00+02:00;8957,000;1,000;MESURE
2025-05-29 04:00:00+02:00;8958,000;1,000;MESURE
2025-05-29 05:00:00+02:00;5275,000;1,000;MESURE
2025-05-29 06:00:00+02:00;0,000;1,000;MESURE
2025-05-29 07:00:00+02:00;0,000;1,000;MESURE
2025-05-29 08:00:00+02:00;0,000;1,000;MESURE
2025-05-29 09:00:00+02:00;0,000;1,000;MESURE
2025-05-29 10:00:00+02:00;0,000;1,000;MESURE
2025-05-29 11:00:00+02:00;0,000;1,000;MESURE
2025-05-29 12:00:00+02:00;0,000;1,000;MESURE
2025-05-29 13:00:00+02:00;0,000;1,000;MESURE
2025-05-29 14:00:00+02:00;0,000;1,000;MESURE
2025-05-29 15:00:00+02:00;0,000;1,000;MESURE
2025-05-29 16:00:00+02:00;0,000;1,000;MESURE
2025-05-29 17:00:00+02:00;0,000;1,000;MESURE
2025-05-29 18:00:00+02:00;0,000;1,000;MESURE
2025-05-29 19:00:00+02:00;0,000;1,000;MESURE
2025-05-29 20:00:00+02:00;0,000;1,000;MESURE
2025-05-29 21:00:00+02:00;1868,000;1,000;MESURE
2025-05-29 22:00:00+02:00;9249,000;1,000;MESURE
2025-05-29 23:00:00+02:00;9275,000;1,000;MESURE
2025-05-30 00:00:00+02:00;9170,000;1,000;MESURE
2025-05-30 01:00:00+02:00;9080,000;1,000;MESURE
2025-05-30 02:00:00+02:00;9003,000;1,000;MESURE
2025-05-30 03:00:00+02:00;8885,000;1,000;MESURE
2025-05-30 04:00:00+02:00;9013,000;1,000;MESURE
2025-05-30 05:00:00+02:00;5196,000;1,000;MESURE
2025-05-30 06:00:00+02:00;0,000;1,000;MESURE
2025-05-30 07:00:00+02:00;0,000;1,000;MESURE
2025-05-30 08:00:00+02:00;0,000;1,000;MESURE
2025-05-30 09:00:00+02:00;0,000;1,000;MESURE
2025-05-30 10:00:00+02:00;0,000;1,000;MESURE
2025-05-30 11:00:00+02:00;0,000;1,000;MESURE
2025-05-30 12:00:00+02:00;0,000;1,000;MESURE
2025-05-30 13:00:00+02:00;0,000;1,000;MESURE
2025-05-30 14:00:00+02:00;0,000;1,000;MESURE
2025-05-30 15:00:00+02:00;0,000;1,000;MESURE
2025-05-30 16:00:00+02:00;0,000;1,000;MESURE
2025-05-30 17:00:00+02:00;0,000;1,000;MESURE
2025-05-30 18:00:00+02:00;0,000;1,000;MESURE
2025-05-30 19:00:00+02:00;0,000;1,000;MESURE
2025-05-30 20:00:00+02:00;0,000;1,000;MESURE
2025-05-30 21:00:00+02:00;1705,000;1,000;MESURE
2025-05-30 22:00:00+02:00;9348,000;1,000;MESURE
2025-05-30 23:00:00+02:00;9273,000;1,000;MESURE
2025-05-31 00:00:00+02:00;9145,000;1,000;MESURE
2025-05-31 01:00:00+02:00;9038,000;1,000;MESURE
2025-05-31 02:00:00+02:00;9065,000;1,000;MESURE
2025-05-31 03:00:00+02:00;9111,000;1,000;MESURE
2025-05-31 04:00:00+02:00;9086,000;1,000;MESURE
2025-05-31 05:00:00+02:00;5205,000;1,000;MESURE
2025-05-31 06:00:00+02:00;0,000;1,000;MESURE
2025-05-31 07:00:00+02:00;0,000;1,000;MESURE
2025-05-31 08:00:00+02:00;0,000;1,000;MESURE
2025-05-31 09:00:00+02:00;0,000;1,000;MESURE
2025-05-31 10:00:00+02:00;0,000;1,000;MESURE
2025-05-31 11:00:00+02:00;0,000;1,000;MESURE
2025-05-31 12:00:00+02:00;0,000;1,000;MESURE
2025-05-31 13:00:00+02:00;0,000;1,000;MESURE
2025-05-31 14:00:00+02:00;0,000;1,000;MESURE
2025-05-31 15:00:00+02:00;0,000;1,000;MESURE
2025-05-31 16:00:00+02:00;0,000;1,000;MESURE
2025-05-31 17:00:00+02:00;0,000;1,000;MESURE
2025-05-31 18:00:00+02:00;0,000;1,000;MESURE
2025-05-31 19:00:00+02:00;0,000;1,000;MESURE
2025-05-31 20:00:00+02:00;0,000;1,000;MESURE
2025-05-31 21:00:00+02:00;1542,000;1,000;MESURE
2025-05-31 22:00:00+02:00;9287,000;1,000;MESURE
2025-05-31 23:00:00+02:00;9245,000;1,000;MESURE
2025-06-01 00:00:00+02:00;9219,000;1,000;MESURE
2025-06-01 01:00:00+02:00;9126,000;1,000;MESURE
2025-06-01 02:00:00+02:00;9124,000;1,000;MESURE
2025-06-01 03:00:00+02:00;9109,000;1,000;MESURE
2025-06-01 04:00:00+02:00;9111,000;1,000;MESURE
2025-06-01 05:00:00+02:00;5080,000;1,000;MESURE
2025-06-01 06:00:00+02:00;0,000;1,000;MESURE
2025-06-01 07:00:00+02:00;0,000;1,000;MESURE
2025-06-01 08:00:00+02:00;0,000;1,000;MESURE
2025-06-01 09:00:00+02:00;0,000;1,000;MESURE
2025-06-01 10:00:00+02:00;0,000;1,000;MESURE
2025-06-01 11:00:00+02:00;0,000;1,000;MESURE
2025-06-01 12:00:00+02:00;0,000;1,000;MESURE
2025-06-01 13:00:00+02:00;0,000;1,000;MESURE
2025-06-01 14:00:00+02:00;0,000;1,000;MESURE
2025-06-01 15:00:00+02:00;0,000;1,000;MESURE
2025-06-01 16:00:00+02:00;0,000;1,000;MESURE
2025-06-01 17:00:00+02:00;0,000;1,000;MESURE
2025-06-01 18:00:00+02:00;0,000;1,000;MESURE
2025-06-01 19:00:00+02:00;0,000;1,000;MESURE
2025-06-01 20:00:00+02:00;0,000;1,000;MESURE
2025-06-01 21:00:00+02:00;1395,000;1,000;MESURE
2025-06-01 22:00:00+02:00;9305,000;1,000;MESURE
2025-06-01 23:00:00+02:00;9212,000;1,000;MESURE
2025-06-02 00:00:00+02:00;9225,000;1,000;MESURE
2025-06-02 01:00:00+02:00;9022,000;1,000;MESURE
2025-06-02 02:00:00+02:00;8925,000;1,000;MESURE
2025-06-02 03:00:00+02:00;8903,000;1,000;MESURE
2025-06-02 04:00:00+02:00;8997,000;1,000;MESURE
2025-06-02 05:00:00+02:00;5108,000;1,000;MESURE
2025-06-02 06:00:00+02:00;0,000;1,000;MESURE
2025-06-02 07:00:00+02:00;0,000;1,000;MESURE
2025-06-02 08:00:00+02:00;0,000;1,000;MESURE
2025-06-02 09:00:00+02:00;0,000;1,000;MESURE
2025-06-02 10:00:00+02:00;0,000;1,000;MESURE
2025-06-02 11:00:00+02:00;0,000;1,000;MESURE
2025-06-02 12:00:00+02:00;0,000;1,000;MESURE
2025-06-02 13:00:00+02:00;0,000;1,000;MESURE
2025-06-02 14:00:00+02:00;0,000;1,000;MESURE
2025-06-02 15:00:00+02:00;0,000;1,000;MESURE
2025-06-02 16:00:00+02:00;0,000;1,000;MESURE
2025-06-02 17:00:00+02:00;0,000;1,000;MESURE
2025-06-02 18:00:00+02:00;0,000;1,000;MESURE
2025-06-02 19:00:00+02:00;0,000;1,000;MESURE
2025-06-02 20:00:00+02:00;0,000;1,000;MESURE
2025-06-02 21:00:00+02:00;1253,000;1,000;MESURE
2025-06-02 22:00:00+02:00;9574,000;1,000;MESURE
2025-06-02 23:00:00+02:00;9545,000;1,000;MESURE
2025-06-03 00:00:00+02:00;9516,000;1,000;MESURE
2025-06-03 01:00:00+02:00;9221,000;1,000;MESURE
2025-06-03 02:00:00+02:00;9138,000;1,000;MESURE
2025-06-03 03:00:00+02:00;9122,000;1,000;MESURE
2025-06-03 04:00:00+02:00;9117,000;1,000;MESURE
2025-06-03 05:00:00+02:00;4916,000;1,000;MESURE
2025-06-03 06:00:00+02:00;0,000;1,000;MESURE
2025-06-03 07:00:00+02:00;0,000;1,000;MESURE
2025-06-03 08:00:00+02:00;0,000;1,000;MESURE
2025-06-03 09:00:00+02:00;0,000;1,000;MESURE
2025-06-03 10:00:00+02:00;0,000;1,000;MESURE
2025-06-03 11:00:00+02:00;0,000;1,000;MESURE
2025-06-03 12:00:00+02:00;0,000;1,000;MESURE
2025-06-03 13:00:00+02:00;0,000;1,000;MESURE
2025-06-03 14:00:00+02:00;0,000;1,000;MESURE
2025-06-03 15:00:00+02:00;0,000;1,000;MESURE
2025-06-03 16:00:00+02:00;0,000;1,000;MESURE
2025-06-03 17:00:00+02:00;0,000;1,000;MESURE
2025-06-03 18:00:00+02:00;0,000;1,000;MESURE
2025-06-03 19:00:00+02:00;0,000;1,000;MESURE
2025-06-03 20:00:00+02:00;0,000;1,000;MESURE
2025-06-03 21:00:00+02:00;1075,000;1,000;MESURE
2025-06-03 22:00:00+02:00;9347,000;1,000;MESURE
2025-06-03 23:00:00+02:00;9343,000;1,000;MESURE
2025-06-04 00:00:00+02:00;9194,000;1,000;MESURE
2025-06-04 01:00:00+02:00;9064,000;1,000;MESURE
2025-06-04 02:00:00+02:00;9050,000;1,000;MESURE
2025-06-04 03:00:00+02:00;9101,000;1,000;MESURE
2025-06-04 04:00:00+02:00;9075,000;1,000;MESURE
2025-06-04 05:00:00+02:00;4734,000;1,000;MESURE
2025-06-04 06:00:00+02:00;0,000;1,000;MESURE
2025-06-04 07:00:00+02:00;0,000;1,000;MESURE
2025-06-04 08:00:00+02:00;0,000;1,000;MESURE
2025-06-04 09:00:00+02:00;0,000;1,000;MESURE
2025-06-04 10:00:00+02:00;0,000;1,000;MESURE
2025-06-04 11:00:00+02:00;0,000;1,000;MESURE
2025-06-04 12:00:00+02:00;0,000;1,000;MESURE
2025-06-04 13:00:00+02:00;0,000;1,000;MESURE
2025-06-04 14:00:00+02:00;0,000;1,000;MESURE
2025-06-04 15:00:00+02:00;0,000;1,000;MESURE
2025-06-04 16:00:00+02:00;0,000;1,000;MESURE
2025-06-04 17:00:00+02:00;0,000;1,000;MESURE
2025-06-04 18:00:00+02:00;0,000;1,000;MESURE
2025-06-04 19:00:00+02:00;0,000;1,000;MESURE
2025-06-04 20:00:00+02:00;0,000;1,000;MESURE
2025-06-04 21:00:00+02:00;938,000;1,000;MESURE
2025-06-04 22:00:00+02:00;9576,000;1,000;MESURE
2025-06-04 23:00:00+02:00;9522,000;1,000;MESURE
2025-06-05 00:00:00+02:00;9321,000;1,000;MESURE
2025-06-05 01:00:00+02:00;9113,000;1,000;MESURE
2025-06-05 02:00:00+02:00;9099,000;1,000;MESURE
2025-06-05 03:00:00+02:00;9160,000;1,000;MESURE
2025-06-05 04:00:00+02:00;9176,000;1,000;MESURE
2025-06-05 05:00:00+02:00;4784,000;1,000;MESURE
2025-06-05 06:00:00+02:00;0,000;1,000;MESURE
2025-06-05 07:00:00+02:00;0,000;1,000;MESURE
2025-06-05 08:00:00+02:00;0,000;1,000;MESURE
2025-06-05 09:00:00+02:00;0,000;1,000;MESURE
2025-06-05 10:00:00+02:00;0,000;1,000;MESURE
2025-06-05 11:00:00+02:00;0,000;1,000;MESURE
2025-06-05 12:00:00+02:00;0,000;1,000;MESURE
2025-06-05 13:00:00+02:00;0,000;1,000;MESURE
2025-06-05 14:00:00+02:00;0,000;1,000;MESURE
2025-06-05 15:00:00+02:00;0,000;1,000;MESURE
2025-06-05 16:00:00+02:00;0,000;1,000;MESURE
2025-06-05 17:00:00+02:00;0,000;1,000;MESURE
2025-06-05 18:00:00+02:00;0,000;1,000;MESURE
2025-06-05 19:00:00+02:00;0,000;1,000;MESURE
2025-06-05 20:00:00+02:00;0,000;1,000;MESURE
2025-06-05 21:00:00+02:00;757,000;1,000;MESURE
2025-06-05 22:00:00+02:00;9339,000;1,000;MESURE
2025-06-05 23:00:00+02:00;9428,000;1,000;MESURE
2025-06-06 00:00:00+02:00;9153,000;1,000;MESURE
2025-06-06 01:00:00+02:00;8998,000;1,000;MESURE
2025-06-06 02:00:00+02:00;8977,000;1,000;MESURE
2025-06-06 03:00:00+02:00;9019,000;1,000;MESURE
2025-06-06 04:00:00+02:00;9006,000;1,000;MESURE
2025-06-06 05:00:00+02:00;4573,000;1,000;MESURE
2025-06-06 06:00:00+02:00;0,000;1,000;MESURE
2025-06-06 07:00:00+02:00;0,000;1,000;MESURE
2025-06-06 08:00:00+02:00;0,000;1,000;MESURE
2025-06-06 09:00:00+02:00;0,000;1,000;MESURE
2025-06-06 10:00:00+02:00;0,000;1,000;MESURE
2025-06-06 11:00:00+02:00;0,000;1,000;MESURE
2025-06-06 12:00:00+02:00;0,000;1,000;MESURE
2025-06-06 13:00:00+02:00;0,000;1,000;MESURE
2025-06-06 14:00:00+02:00;0,000;1,000;MESURE
2025-06-06 15:00:00+02:00;0,000;1,000;MESURE
2025-06-06 16:00:00+02:00;0,000;1,000;MESURE
2025-06-06 17:00:00+02:00;0,000;1,000;MESURE
2025-06-06 18:00:00+02:00;0,000;1,000;MESURE
2025-06-06 19:00:00+02:00;0,000;1,000;MESURE
2025-06-06 20:00:00+02:00;0,000;1,000;MESURE
2025-06-06 21:00:00+02:00;620,000;1,000;MESURE
2025-06-06 22:00:00+02:00;9449,000;1,000;MESURE
2025-06-06 23:00:00+02:00;9417,000;1,000;MESURE
2025-06-07 00:00:00+02:00;9164,000;1,000;MESURE
2025-06-07 01:00:00+02:00;9077,000;1,000;MESURE
2025-06-07 02:00:00+02:00;8851,000;1,000;MESURE
2025-06-07 03:00:00+02:00;9141,000;1,000;MESURE
2025-06-07 04:00:00+02:00;9137,000;1,000;MESURE
2025-06-07 05:00:00+02:00;4650,000;1,000;MESURE
2025-06-07 06:00:00+02:00;0,000;1,000;MESURE
2025-06-07 07:00:00+02:00;0,000;1,000;MESURE
2025-06-07 08:00:00+02:00;0,000;1,000;MESURE
2025-06-07 09:00:00+02:00;0,000;1,000;MESURE
2025-06-07 10:00:00+02:00;0,000;1,000;MESURE
2025-06-07 11:00:00+02:00;0,000;1,000;MESURE
2025-06-07 12:00:00+02:00;0,000;1,000;MESURE
2025-06-07 13:00:00+02:00;0,000;1,000;MESURE
2025-06-07 14:00:00+02:00;0,000;1,000;MESURE
2025-06-07 15:00:00+02:00;0,000;1,000;MESURE
2025-06-07 16:00:00+02:00;0,000;1,000;MESURE
2025-06-07 17:00:00+02:00;0,000;1,000;MESURE
2025-06-07 18:00:00+02:00;0,000;1,000;MESURE
2025-06-07 19:00:00+02:00;0,000;1,000;MESURE
2025-06-07 20:00:00+02:00;0,000;1,000;MESURE
2025-06-07 21:00:00+02:00;456,000;1,000;MESURE
2025-06-07 22:00:00+02:00;9227,000;1,000;MESURE
2025-06-07 23:00:00+02:00;9447,000;1,000;MESURE
2025-06-08 00:00:00+02:00;9254,000;1,000;MESURE
2025-06-08 01:00:00+02:00;9036,000;1,000;MESURE
2025-06-08 02:00:00+02:00;8972,000;1,000;MESURE
2025-06-08 03:00:00+02:00;8986,000;1,000;MESURE
2025-06-08 04:00:00+02:00;8944,000;1,000;MESURE
2025-06-08 05:00:00+02:00;4637,000;1,000;MESURE
2025-06-08 06:00:00+02:00;0,000;1,000;MESURE
2025-06-08 07:00:00+02:00;0,000;1,000;MESURE
2025-06-08 08:00:00+02:00;0,000;1,000;MESURE
2025-06-08 09:00:00+02:00;0,000;1,000;MESURE
2025-06-08 10:00:00+02:00;0,000;1,000;MESURE
2025-06-08 11:00:00+02:00;0,000;1,000;MESURE
2025-06-08 12:00:00+02:00;0,000;1,000;MESURE
2025-06-08 13:00:00+02:00;0,000;1,000;MESURE
2025-06-08 14:00:00+02:00;0,000;1,000;MESURE
2025-06-08 15:00:00+02:00;0,000;1,000;MESURE
2025-06-08 16:00:00+02:00;0,000;1,000;MESURE
2025-06-08 17:00:00+02:00;0,000;1,000;MESURE
2025-06-08 18:00:00+02:00;0,000;1,000;MESURE
2025-06-08 19:00:00+02:00;0,000;1,000;MESURE
2025-06-08 20:00:00+02:00;0,000;1,000;MESURE
2025-06-08 21:00:00+02:00;471,000;1,000;MESURE
2025-06-08 22:00:00+02:00;9479,000;1,000;MESURE
2025-06-08 23:00:00+02:00;9445,000;1,000;MESURE
2025-06-09 00:00:00+02:00;9343,000;1,000;MESURE
2025-06-09 01:00:00+02:00;9210,000;1,000;MESURE
2025-06-09 02:00:00+02:00;9186,000;1,000;MESURE
2025-06-09 03:00:00+02:00;9198,000;1,000;MESURE
2025-06-09 04:00:00+02:00;9226,000;1,000;MESURE
2025-06-09 05:00:00+02:00;4525,000;1,000;MESURE
2025-06-09 06:00:00+02:00;0,000;1,000;MESURE
2025-06-09 07:00:00+02:00;0,000;1,000;MESURE
2025-06-09 08:00:00+02:00;0,000;1,000;MESURE
2025-06-09 09:00:00+02:00;0,000;1,000;MESURE
2025-06-09 10:00:00+02:00;0,000;1,000;MESURE
2025-06-09 11:00:00+02:00;0,000;1,000;MESURE
2025-06-09 12:00:00+02:00;0,000;1,000;MESURE
2025-06-09 13:00:00+02:00;0,000;1,000;MESURE
2025-06-09 14:00:00+02:00;0,000;1,000;MESURE
2025-06-09 15:00:00+02:00;0,000;1,000;MESURE
2025-06-09 16:00:00+02:00;0,000;1,000;MESURE
2025-06-09 17:00:00+02:00;0,000;1,000;MESURE
2025-06-09 18:00:00+02:00;0,000;1,000;MESURE
2025-06-09 19:00:00+02:00;0,000;1,000;MESURE
2025-06-09 20:00:00+02:00;0,000;1,000;MESURE
2025-06-09 21:00:00+02:00;321,000;1,000;MESURE
2025-06-09 22:00:00+02:00;9473,000;1,000;MESURE
2025-06-09 23:00:00+02:00;9468,000;1,000;MESURE
2025-06-10 00:00:00+02:00;9307,000;1,000;MESURE
2025-06-10 01:00:00+02:00;8954,000;1,000;MESURE
2025-06-10 02:00:00+02:00;9111,000;1,000;MESURE
2025-06-10 03:00:00+02:00;8935,000;1,000;MESURE
2025-06-10 04:00:00+02:00;8970,000;1,000;MESURE
2025-06-10 05:00:00+02:00;4395,000;1,000;MESURE
2025-06-10 06:00:00+02:00;0,000;1,000;MESURE
2025-06-10 07:00:00+02:00;0,000;1,000;MESURE
2025-06-10 08:00:00+02:00;0,000;1,000;MESURE
2025-06-10 09:00:00+02:00;0,000;1,000;MESURE
2025-06-10 10:00:00+02:00;0,000;1,000;MESURE
2025-06-10 11:00:00+02:00;0,000;1,000;MESURE
2025-06-10 12:00:00+02:00;0,000;1,000;MESURE
2025-06-10 13:00:00+02:00;0,000;1,000;MESURE
2025-06-10 14:00:00+02:00;0,000;1,000;MESURE
2025-06-10 15:00:00+02:00;0,000;1,000;MESURE
2025-06-10 16:00:00+02:00;0,000;1,000;MESURE
2025-06-10 17:00:00+02:00;0,000;1,000;MESURE
2025-06-10 18:00:00+02:00;0,000;1,000;MESURE
2025-06-10 19:00:00+02:00;0,000;1,000;MESURE
2025-06-10 20:00:00+02:00;0,000;1,000;MESURE
2025-06-10 21:00:00+02:00;176,000;1,000;MESURE
2025-06-10 22:00:00+02:00;9302,000;1,000;MESURE
2025-06-10 23:00:00+02:00;9206,000;1,000;MESURE
2025-06-11 00:00:00+02:00;9128,000;1,000;MESURE
2025-06-11 01:00:00+02:00;9063,000;1,000;MESURE
2025-06-11 02:00:00+02:00;8931,000;1,000;MESURE
2025-06-11 03:00:00+02:00;8981,000;1,000;MESURE
2025-06-11 04:00:00+02:00;8981,000;1,000;MESURE
2025-06-11 05:00:00+02:00;4388,000;1,000;MESURE
2025-06-11 06:00:00+02:00;0,000;1,000;MESURE
2025-06-11 07:00:00+02:00;0,000;1,000;MESURE
2025-06-11 08:00:00+02:00;0,000;1,000;MESURE
2025-06-11 09:00:00+02:00;0,000;1,000;MESURE
2025-06-11 10:00:00+02:00;0,000;1,000;MESURE
2025-06-11 11:00:00+02:00;0,000;1,000;MESURE
2025-06-11 12:00:00+02:00;0,000;1,000;MESURE
2025-06-11 13:00:00+02:00;0,000;1,000;MESURE
2025-06-11 14:00:00+02:00;0,000;1,000;MESURE
2025-06-11 15:00:00+02:00;0,000;1,000;MESURE
2025-06-11 16:00:00+02:00;0,000;1,000;MESURE
2025-06-11 17:00:00+02:00;0,000;1,000;MESURE
2025-06-11 18:00:00+02:00;0,000;1,000;MESURE
2025-06-11 19:00:00+02:00;0,000;1,000;MESURE
2025-06-11 20:00:00+02:00;0,000;1,000;MESURE
2025-06-11 21:00:00+02:00;174,000;1,000;MESURE
2025-06-11 22:00:00+02:00;9185,000;1,000;MESURE
2025-06-11 23:00:00+02:00;9203,000;1,000;MESURE
2025-06-12 00:00:00+02:00;8944,000;1,000;MESURE
2025-06-12 01:00:00+02:00;8737,000;1,000;MESURE
2025-06-12 02:00:00+02:00;8721,000;1,000;MESURE
2025-06-12 03:00:00+02:00;8748,000;1,000;MESURE
2025-06-12 04:00:00+02:00;8763,000;1,000;MESURE
2025-06-12 05:00:00+02:00;4400,000;1,000;MESURE
2025-06-12 06:00:00+02:00;0,000;1,000;MESURE
2025-06-12 07:00:00+02:00;0,000;1,000;MESURE
2025-06-12 08:00:00+02:00;0,000;1,000;MESURE
2025-06-12 09:00:00+02:00;0,000;1,000;MESURE
2025-06-12 10:00:00+02:00;0,000;1,000;MESURE
2025-06-12 11:00:00+02:00;0,000;1,000;MESURE
2025-06-12 12:00:00+02:00;0,000;1,000;MESURE
2025-06-12 13:00:00+02:00;0,000;1,000;MESURE
2025-06-12 14:00:00+02:00;0,000;1,000;MESURE
2025-06-12 15:00:00+02:00;0,000;1,000;MESURE
2025-06-12 16:00:00+02:00;0,000;1,000;MESURE
2025-06-12 17:00:00+02:00;0,000;1,000;MESURE
2025-06-12 18:00:00+02:00;0,000;1,000;MESURE
2025-06-12 19:00:00+02:00;0,000;1,000;MESURE
2025-06-12 20:00:00+02:00;0,000;1,000;MESURE
2025-06-12 21:00:00+02:00;58,000;1,000;MESURE
2025-06-12 22:00:00+02:00;9328,000;1,000;MESURE
2025-06-12 23:00:00+02:00;9381,000;1,000;MESURE
2025-06-13 00:00:00+02:00;9306,000;1,000;MESURE
2025-06-13 01:00:00+02:00;9078,000;1,000;MESURE
2025-06-13 02:00:00+02:00;8920,000;1,000;MESURE
2025-06-13 03:00:00+02:00;8903,000;1,000;MESURE
2025-06-13 04:00:00+02:00;8904,000;1,000;MESURE
2025-06-13 05:00:00+02:00;4362,000;1,000;MESURE
2025-06-13 06:00:00+02:00;0,000;1,000;MESURE
2025-06-13 07:00:00+02:00;0,000;1,000;MESURE
2025-06-13 08:00:00+02:00;0,000;1,000;MESURE
2025-06-13 09:00:00+02:00;0,000;1,000;MESURE
2025-06-13 10:00:00+02:00;0,000;1,000;MESURE
2025-06-13 11:00:00+02:00;0,000;1,000;MESURE
2025-06-13 12:00:00+02:00;0,000;1,000;MESURE
2025-06-13 13:00:00+02:00;0,000;1,000;MESURE
2025-06-13 14:00:00+02:00;0,000;1,000;MESURE
2025-06-13 15:00:00+02:00;0,000;1,000;MESURE
2025-06-13 16:00:00+02:00;0,000;1,000;MESURE
2025-06-13 17:00:00+02:00;0,000;1,000;MESURE
2025-06-13 18:00:00+02:00;0,000;1,000;MESURE
2025-06-13 19:00:00+02:00;0,000;1,000;MESURE
2025-06-13 20:00:00+02:00;0,000;1,000;MESURE
2025-06-13 21:00:00+02:00;58,000;1,000;MESURE
2025-06-13 22:00:00+02:00;9353,000;1,000;MESURE
2025-06-13 23:00:00+02:00;9391,000;1,000;MESURE
2025-06-14 00:00:00+02:00;9086,000;1,000;MESURE
2025-06-14 01:00:00+02:00;8943,000;1,000;MESURE
2025-06-14 02:00:00+02:00;8915,000;1,000;MESURE
2025-06-14 03:00:00+02:00;8944,000;1,000;MESURE
2025-06-14 04:00:00+02:00;8984,000;1,000;MESURE
2025-06-14 05:00:00+02:00;4400,000;1,000;MESURE
2025-06-14 06:00:00+02:00;0,000;1,000;MESURE
2025-06-14 07:00:00+02:00;0,000;1,000;MESURE
2025-06-14 08:00:00+02:00;0,000;1,000;MESURE
2025-06-14 09:00:00+02:00;0,000;1,000;MESURE
2025-06-14 10:00:00+02:00;0,000;1,000;MESURE
2025-06-14 11:00:00+02:00;0,000;1,000;MESURE
2025-06-14 12:00:00+02:00;0,000;1,000;MESURE
2025-06-14 13:00:00+02:00;0,000;1,000;MESURE
2025-06-14 14:00:00+02:00;0,000;1,000;MESURE
2025-06-14 15:00:00+02:00;0,000;1,000;MESURE
2025-06-14 16:00:00+02:00;0,000;1,000;MESURE
2025-06-14 17:00:00+02:00;0,000;1,000;MESURE
2025-06-14 18:00:00+02:00;0,000;1,000;MESURE
2025-06-14 19:00:00+02:00;0,000;1,000;MESURE
2025-06-14 20:00:00+02:00;0,000;1,000;MESURE
2025-06-14 21:00:00+02:00;0,000;1,000;MESURE
2025-06-14 22:00:00+02:00;9181,000;1,000;MESURE
2025-06-14 23:00:00+02:00;9350,000;1,000;MESURE
2025-06-15 00:00:00+02:00;9053,000;1,000;MESURE
2025-06-15 01:00:00+02:00;8919,000;1,000;MESURE
2025-06-15 02:00:00+02:00;8895,000;1,000;MESURE
2025-06-15 03:00:00+02:00;8964,000;1,000;MESURE
2025-06-15 04:00:00+02:00;8997,000;1,000;MESURE
2025-06-15 05:00:00+02:00;4276,000;1,000;MESURE
2025-06-15 06:00:00+02:00;0,000;1,000;MESURE
2025-06-15 07:00:00+02:00;0,000;1,000;MESURE
2025-06-15 08:00:00+02:00;0,000;1,000;MESURE
2025-06-15 09:00:00+02:00;0,000;1,000;MESURE
2025-06-15 10:00:00+02:00;0,000;1,000;MESURE
2025-06-15 11:00:00+02:00;0,000;1,000;MESURE
2025-06-15 12:00:00+02:00;0,000;1,000;MESURE
2025-06-15 13:00:00+02:00;0,000;1,000;MESURE
2025-06-15 14:00:00+02:00;0,000;1,000;MESURE
2025-06-15 15:00:00+02:00;0,000;1,000;MESURE
2025-06-15 16:00:00+02:00;0,000;1,000;MESURE
2025-06-15 17:00:00+02:00;0,000;1,000;MESURE
2025-06-15 18:00:00+02:00;0,000;1,000;MESURE
2025-06-15 19:00:00+02:00;0,000;1,000;MESURE
2025-06-15 20:00:00+02:00;0,000;1,000;MESURE
2025-06-15 21:00:00+02:00;0,000;1,000;MESURE
2025-06-15 22:00:00+02:00;9227,000;1,000;MESURE
2025-06-15 23:00:00+02:00;9375,000;1,000;MESURE
2025-06-16 00:00:00+02:00;9125,000;1,000;MESURE
2025-06-16 01:00:00+02:00;8997,000;1,000;MESURE
2025-06-16 02:00:00+02:00;9007,000;1,000;MESURE
2025-06-16 03:00:00+02:00;9036,000;1,000;MESURE
2025-06-16 04:00:00+02:00;9009,000;1,000;MESURE
2025-06-16 05:00:00+02:00;4249,000;1,000;MESURE
2025-06-16 06:00:00+02:00;0,000;1,000;MESURE
2025-06-16 07:00:00+02:00;0,000;1,000;MESURE
2025-06-16 08:00:00+02:00;0,000;1,000;MESURE
2025-06-16 09:00:00+02:00;0,000;1,000;MESURE
2025-06-16 10:00:00+02:00;0,000;1,000;MESURE
2025-06-16 11:00:00+02:00;0,000;1,000;MESURE
2025-06-16 12:00:00+02:00;0,000;1,000;MESURE
2025-06-16 13:00:00+02:00;0,000;1,000;MESURE
2025-06-16 14:00:00+02:00;0,000;1,000;MESURE
2025-06-16 15:00:00+02:00;0,000;1,000;MESURE
2025-06-16 16:00:00+02:00;0,000;1,000;MESURE
2025-06-16 17:00:00+02:00;0,000;1,000;MESURE
2025-06-16 18:00:00+02:00;0,000;1,000;MESURE
2025-06-16 19:00:00+02:00;0,000;1,000;MESURE
2025-06-16 20:00:00+02:00;0,000;1,000;MESURE
2025-06-16 21:00:00+02:00;0,000;1,000;MESURE
2025-06-16 22:00:00+02:00;8934,000;1,000;MESURE
2025-06-16 23:00:00+02:00;9349,000;1,000;MESURE
2025-06-17 00:00:00+02:00;9142,000;1,000;MESURE
2025-06-17 01:00:00+02:00;8931,000;1,000;MESURE
2025-06-17 02:00:00+02:00;8930,000;1,000;MESURE
2025-06-17 03:00:00+02:00;8943,000;1,000;MESURE
2025-06-17 04:00:00+02:00;8928,000;1,000;MESURE
2025-06-17 05:00:00+02:00;4388,000;1,000;MESURE
2025-06-17 06:00:00+02:00;0,000;1,000;MESURE
2025-06-17 07:00:00+02:00;0,000;1,000;MESURE
2025-06-17 08:00:00+02:00;0,000;1,000;MESURE
2025-06-17 09:00:00+02:00;0,000;1,000;MESURE
2025-06-17 10:00:00+02:00;0,000;1,000;MESURE
2025-06-17 11:00:00+02:00;0,000;1,000;MESURE
2025-06-17 12:00:00+02:00;0,000;1,000;MESURE
2025-06-17 13:00:00+02:00;0,000;1,000;MESURE
2025-06-17 14:00:00+02:00;0,000;1,000;MESURE
2025-06-17 15:00:00+02:00;0,000;1,000;MESURE
2025-06-17 16:00:00+02:00;0,000;1,000;MESURE
2025-06-17 17:00:00+02:00;0,000;1,000;MESURE
2025-06-17 18:00:00+02:00;0,000;1,000;MESURE
2025-06-17 19:00:00+02:00;0,000;1,000;MESURE
2025-06-17 20:00:00+02:00;0,000;1,000;MESURE
2025-06-17 21:00:00+02:00;0,000;1,000;MESURE
2025-06-17 22:00:00+02:00;9079,000;1,000;MESURE
2025-06-17 23:00:00+02:00;9342,000;1,000;MESURE
2025-06-18 00:00:00+02:00;9040,000;1,000;MESURE
2025-06-18 01:00:00+02:00;8945,000;1,000;MESURE
2025-06-18 02:00:00+02:00;8937,000;1,000;MESURE
2025-06-18 03:00:00+02:00;8953,000;1,000;MESURE
2025-06-18 04:00:00+02:00;8960,000;1,000;MESURE
2025-06-18 05:00:00+02:00;4395,000;1,000;MESURE
2025-06-18 06:00:00+02:00;0,000;1,000;MESURE
2025-06-18 07:00:00+02:00;0,000;1,000;MESURE
2025-06-18 08:00:00+02:00;0,000;1,000;MESURE
2025-06-18 09:00:00+02:00;0,000;1,000;MESURE
2025-06-18 10:00:00+02:00;0,000;1,000;MESURE
2025-06-18 11:00:00+02:00;0,000;1,000;MESURE
2025-06-18 12:00:00+02:00;0,000;1,000;MESURE
2025-06-18 13:00:00+02:00;0,000;1,000;MESURE
2025-06-18 14:00:00+02:00;0,000;1,000;MESURE
2025-06-18 15:00:00+02:00;0,000;1,000;MESURE
2025-06-18 16:00:00+02:00;0,000;1,000;MESURE
2025-06-18 17:00:00+02:00;0,000;1,000;MESURE
2025-06-18 18:00:00+02:00;0,000;1,000;MESURE
2025-06-18 19:00:00+02:00;0,000;1,000;MESURE
2025-06-18 20:00:00+02:00;0,000;1,000;MESURE
2025-06-18 21:00:00+02:00;0,000;1,000;MESURE
2025-06-18 22:00:00+02:00;8873,000;1,000;MESURE
2025-06-18 23:00:00+02:00;9373,000;1,000;MESURE
2025-06-19 00:00:00+02:00;9261,000;1,000;MESURE
2025-06-19 01:00:00+02:00;8955,000;1,000;MESURE
2025-06-19 02:00:00+02:00;8890,000;1,000;MESURE
2025-06-19 03:00:00+02:00;8923,000;1,000;MESURE
2025-06-19 04:00:00+02:00;8941,000;1,000;MESURE
2025-06-19 05:00:00+02:00;4399,000;1,000;MESURE
2025-06-19 06:00:00+02:00;0,000;1,000;MESURE
2025-06-19 07:00:00+02:00;0,000;1,000;MESURE
2025-06-19 08:00:00+02:00;0,000;1,000;MESURE
2025-06-19 09:00:00+02:00;0,000;1,000;MESURE
2025-06-19 10:00:00+02:00;0,000;1,000;MESURE
2025-06-19 11:00:00+02:00;0,000;1,000;MESURE
2025-06-19 12:00:00+02:00;0,000;1,000;MESURE
2025-06-19 13:00:00+02:00;0,000;1,000;MESURE
2025-06-19 14:00:00+02:00;0,000;1,000;MESURE
2025-06-19 15:00:00+02:00;0,000;1,000;MESURE
2025-06-19 16:00:00+02:00;0,000;1,000;MESURE
2025-06-19 17:00:00+02:00;0,000;1,000;MESURE
2025-06-19 18:00:00+02:00;0,000;1,000;MESURE
2025-06-19 19:00:00+02:00;0,000;1,000;MESURE
2025-06-19 20:00:00+02:00;0,000;1,000;MESURE
2025-06-19 21:00:00+02:00;0,000;1,000;MESURE
2025-06-19 22:00:00+02:00;8728,000;1,000;MESURE
2025-06-19 23:00:00+02:00;9242,000;1,000;MESURE
2025-06-20 00:00:00+02:00;9035,000;1,000;MESURE
2025-06-20 01:00:00+02:00;8831,000;1,000;MESURE
2025-06-20 02:00:00+02:00;8787,000;1,000;MESURE
2025-06-20 03:00:00+02:00;8809,000;1,000;MESURE
2025-06-20 04:00:00+02:00;8829,000;1,000;MESURE
2025-06-20 05:00:00+02:00;4329,000;1,000;MESURE
2025-06-20 06:00:00+02:00;0,000;1,000;MESURE
2025-06-20 07:00:00+02:00;0,000;1,000;MESURE
2025-06-20 08:00:00+02:00;0,000;1,000;MESURE
2025-06-20 09:00:00+02:00;0,000;1,000;MESURE
2025-06-20 10:00:00+02:00;0,000;1,000;MESURE
2025-06-20 11:00:00+02:00;0,000;1,000;MESURE
2025-06-20 12:00:00+02:00;0,000;1,000;MESURE
2025-06-20 13:00:00+02:00;0,000;1,000;MESURE
2025-06-20 14:00:00+02:00;0,000;1,000;MESURE
2025-06-20 15:00:00+02:00;0,000;1,000;MESURE
2025-06-20 16:00:00+02:00;0,000;1,000;MESURE
2025-06-20 17:00:00+02:00;0,000;1,000;MESURE
2025-06-20 18:00:00+02:00;0,000;1,000;MESURE
2025-06-20 19:00:00+02:00;0,000;1,000;MESURE
2025-06-20 20:00:00+02:00;0,000;1,000;MESURE
2025-06-20 21:00:00+02:00;0,000;1,000;MESURE
2025-06-20 22:00:00+02:00;8760,000;1,000;MESURE
2025-06-20 23:00:00+02:00;9340,000;1,000;MESURE
2025-06-21 00:00:00+02:00;9018,000;1,000;MESURE
2025-06-21 01:00:00+02:00;8934,000;1,000;MESURE
2025-06-21 02:00:00+02:00;8907,000;1,000;MESURE
2025-06-21 03:00:00+02:00;8905,000;1,000;MESURE
2025-06-21 04:00:00+02:00;8922,000;1,000;MESURE
2025-06-21 05:00:00+02:00;4390,000;1,000;MESURE
2025-06-21 06:00:00+02:00;0,000;1,000;MESURE
2025-06-21 07:00:00+02:00;0,000;1,000;MESURE
2025-06-21 08:00:00+02:00;0,000;1,000;MESURE
2025-06-21 09:00:00+02:00;0,000;1,000;MESURE
2025-06-21 10:00:00+02:00;0,000;1,000;MESURE
2025-06-21 11:00:00+02:00;0,000;1,000;MESURE
2025-06-21 12:00:00+02:00;0,000;1,000;MESURE
2025-06-21 13:00:00+02:00;0,000;1,000;MESURE
2025-06-21 14:00:00+02:00;0,000;1,000;MESURE
2025-06-21 15:00:00+02:00;0,000;1,000;MESURE
2025-06-21 16:00:00+02:00;0,000;1,000;MESURE
2025-06-21 17:00:00+02:00;0,000;1,000;MESURE
2025-06-21 18:00:00+02:00;0,000;1,000;MESURE
2025-06-21 19:00:00+02:00;0,000;1,000;MESURE
2025-06-21 20:00:00+02:00;0,000;1,000;MESURE
2025-06-21 21:00:00+02:00;0,000;1,000;MESURE
2025-06-21 22:00:00+02:00;8824,000;1,000;MESURE
2025-06-21 23:00:00+02:00;9337,000;1,000;MESURE
2025-06-22 00:00:00+02:00;9152,000;1,000;MESURE
2025-06-22 01:00:00+02:00;8936,000;1,000;MESURE
2025-06-22 02:00:00+02:00;8973,000;1,000;MESURE
2025-06-22 03:00:00+02:00;8998,000;1,000;MESURE
2025-06-22 04:00:00+02:00;8991,000;1,000;MESURE
2025-06-22 05:00:00+02:00;4419,000;1,000;MESURE
2025-06-22 06:00:00+02:00;0,000;1,000;MESURE
2025-06-22 07:00:00+02:00;0,000;1,000;MESURE
2025-06-22 08:00:00+02:00;0,000;1,000;MESURE
2025-06-22 09:00:00+02:00;0,000;1,000;MESURE
2025-06-22 10:00:00+02:00;0,000;1,000;MESURE
2025-06-22 11:00:00+02:00;0,000;1,000;MESURE
2025-06-22 12:00:00+02:00;0,000;1,000;MESURE
2025-06-22 13:00:00+02:00;0,000;1,000;MESURE
2025-06-22 14:00:00+02:00;0,000;1,000;MESURE
2025-06-22 15:00:00+02:00;0,000;1,000;MESURE
2025-06-22 16:00:00+02:00;0,000;1,000;MESURE
2025-06-22 17:00:00+02:00;0,000;1,000;MESURE
2025-06-22 18:00:00+02:00;0,000;1,000;MESURE
2025-06-22 19:00:00+02:00;0,000;1,000;MESURE
2025-06-22 20:00:00+02:00;0,000;1,000;MESURE
2025-06-22 21:00:00+02:00;0,000;1,000;MESURE
2025-06-22 22:00:00+02:00;8724,000;1,000;MESURE
2025-06-22 23:00:00+02:00;9411,000;1,000;MESURE
2025-06-23 00:00:00+02:00;9090,000;1,000;MESURE
2025-06-23 01:00:00+02:00;8975,000;1,000;MESURE
2025-06-23 02:00:00+02:00;8875,000;1,000;MESURE
2025-06-23 03:00:00+02:00;8917,000;1,000;MESURE
2025-06-23 04:00:00+02:00;8905,000;1,000;MESURE
2025-06-23 05:00:00+02:00;4539,000;1,000;MESURE
2025-06-23 06:00:00+02:00;0,000;1,000;MESURE
2025-06-23 07:00:00+02:00;0,000;1,000;MESURE
2025-06-23 08:00:00+02:00;0,000;1,000;MESURE
2025-06-23 09:00:00+02:00;0,000;1,000;MESURE
2025-06-23 10:00:00+02:00;0,000;1,000;MESURE
2025-06-23 11:00:00+02:00;0,000;1,000;MESURE
2025-06-23 12:00:00+02:00;0,000;1,000;MESURE
2025-06-23 13:00:00+02:00;0,000;1,000;MESURE
2025-06-23 14:00:00+02:00;0,000;1,000;MESURE
2025-06-23 15:00:00+02:00;0,000;1,000;MESURE
2025-06-23 16:00:00+02:00;0,000;1,000;MESURE
2025-06-23 17:00:00+02:00;0,000;1,000;MESURE
2025-06-23 18:00:00+02:00;0,000;1,000;MESURE
2025-06-23 19:00:00+02:00;0,000;1,000;MESURE
2025-06-23 20:00:00+02:00;0,000;1,000;MESURE
2025-06-23 21:00:00+02:00;0,000;1,000;MESURE
2025-06-23 22:00:00+02:00;8798,000;1,000;MESURE
2025-06-23 23:00:00+02:00;9241,000;1,000;MESURE
2025-06-24 00:00:00+02:00;9111,000;1,000;MESURE
2025-06-24 01:00:00+02:00;8943,000;1,000;MESURE
2025-06-24 02:00:00+02:00;8872,000;1,000;MESURE
2025-06-24 03:00:00+02:00;8918,000;1,000;MESURE
2025-06-24 04:00:00+02:00;8942,000;1,000;MESURE
2025-06-24 05:00:00+02:00;4539,000;1,000;MESURE
2025-06-24 06:00:00+02:00;0,000;1,000;MESURE
2025-06-24 07:00:00+02:00;0,000;1,000;MESURE
2025-06-24 08:00:00+02:00;0,000;1,000;MESURE
2025-06-24 09:00:00+02:00;0,000;1,000;MESURE
2025-06-24 10:00:00+02:00;0,000;1,000;MESURE
2025-06-24 11:00:00+02:00;0,000;1,000;MESURE
2025-06-24 12:00:00+02:00;0,000;1,000;MESURE
2025-06-24 13:00:00+02:00;0,000;1,000;MESURE
2025-06-24 14:00:00+02:00;0,000;1,000;MESURE
2025-06-24 15:00:00+02:00;0,000;1,000;MESURE
2025-06-24 16:00:00+02:00;0,000;1,000;MESURE
2025-06-24 17:00:00+02:00;0,000;1,000;MESURE
2025-06-24 18:00:00+02:00;0,000;1,000;MESURE
2025-06-24 19:00:00+02:00;0,000;1,000;MESURE
2025-06-24 20:00:00+02:00;0,000;1,000;MESURE
2025-06-24 21:00:00+02:00;0,000;1,000;MESURE
2025-06-24 22:00:00+02:00;8758,000;1,000;MESURE
2025-06-24 23:00:00+02:00;9385,000;1,000;MESURE
2025-06-25 00:00:00+02:00;9180,000;1,000;MESURE
2025-06-25 01:00:00+02:00;9097,000;1,000;MESURE
2025-06-25 02:00:00+02:00;8988,000;1,000;MESURE
2025-06-25 03:00:00+02:00;9012,000;1,000;MESURE
2025-06-25 04:00:00+02:00;9027,000;1,000;MESURE
2025-06-25 05:00:00+02:00;4590,000;1,000;MESURE
2025-06-25 06:00:00+02:00;0,000;1,000;MESURE
2025-06-25 07:00:00+02:00;0,000;1,000;MESURE
2025-06-25 08:00:00+02:00;0,000;1,000;MESURE
2025-06-25 09:00:00+02:00;0,000;1,000;MESURE
2025-06-25 10:00:00+02:00;0,000;1,000;MESURE
2025-06-25 11:00:00+02:00;0,000;1,000;MESURE
2025-06-25 12:00:00+02:00;0,000;1,000;MESURE
2025-06-25 13:00:00+02:00;0,000;1,000;MESURE
2025-06-25 14:00:00+02:00;0,000;1,000;MESURE
2025-06-25 15:00:00+02:00;0,000;1,000;MESURE
2025-06-25 16:00:00+02:00;0,000;1,000;MESURE
2025-06-25 17:00:00+02:00;0,000;1,000;MESURE
2025-06-25 18:00:00+02:00;0,000;1,000;MESURE
2025-06-25 19:00:00+02:00;0,000;1,000;MESURE
2025-06-25 20:00:00+02:00;0,000;1,000;MESURE
2025-06-25 21:00:00+02:00;0,000;1,000;MESURE
2025-06-25 22:00:00+02:00;8729,000;1,000;MESURE
2025-06-25 23:00:00+02:00;9410,000;1,000;MESURE
2025-06-26 00:00:00+02:00;9080,000;1,000;MESURE
2025-06-26 01:00:00+02:00;8980,000;1,000;MESURE
2025-06-26 02:00:00+02:00;8912,000;1,000;MESURE
2025-06-26 03:00:00+02:00;8931,000;1,000;MESURE
2025-06-26 04:00:00+02:00;8948,000;1,000;MESURE
2025-06-26 05:00:00+02:00;4707,000;1,000;MESURE
2025-06-26 06:00:00+02:00;0,000;1,000;MESURE
2025-06-26 07:00:00+02:00;0,000;1,000;MESURE
2025-06-26 08:00:00+02:00;0,000;1,000;MESURE
2025-06-26 09:00:00+02:00;0,000;1,000;MESURE
2025-06-26 10:00:00+02:00;0,000;1,000;MESURE
2025-06-26 11:00:00+02:00;0,000;1,000;MESURE
2025-06-26 12:00:00+02:00;0,000;1,000;MESURE
2025-06-26 13:00:00+02:00;0,000;1,000;MESURE
2025-06-26 14:00:00+02:00;0,000;1,000;MESURE
2025-06-26 15:00:00+02:00;0,000;1,000;MESURE
2025-06-26 16:00:00+02:00;0,000;1,000;MESURE
2025-06-26 17:00:00+02:00;0,000;1,000;MESURE
2025-06-26 18:00:00+02:00;0,000;1,000;MESURE
2025-06-26 19:00:00+02:00;0,000;1,000;MESURE
2025-06-26 20:00:00+02:00;0,000;1,000;MESURE
2025-06-26 21:00:00+02:00;0,000;1,000;MESURE
2025-06-26 22:00:00+02:00;8562,000;1,000;MESURE
2025-06-26 23:00:00+02:00;9141,000;1,000;MESURE
2025-06-27 00:00:00+02:00;9099,000;1,000;MESURE
2025-06-27 01:00:00+02:00;9009,000;1,000;MESURE
2025-06-27 02:00:00+02:00;8964,000;1,000;MESURE
2025-06-27 03:00:00+02:00;8968,000;1,000;MESURE
2025-06-27 04:00:00+02:00;8973,000;1,000;MESURE
2025-06-27 05:00:00+02:00;4689,000;1,000;MESURE
2025-06-27 06:00:00+02:00;0,000;1,000;MESURE
2025-06-27 07:00:00+02:00;0,000;1,000;MESURE
2025-06-27 08:00:00+02:00;0,000;1,000;MESURE
2025-06-27 09:00:00+02:00;0,000;1,000;MESURE
2025-06-27 10:00:00+02:00;0,000;1,000;MESURE
2025-06-27 11:00:00+02:00;0,000;1,000;MESURE
2025-06-27 12:00:00+02:00;0,000;1,000;MESURE
2025-06-27 13:00:00+02:00;0,000;1,000;MESURE
2025-06-27 14:00:00+02:00;0,000;1,000;MESURE
2025-06-27 15:00:00+02:00;0,000;1,000;MESURE
2025-06-27 16:00:00+02:00;0,000;1,000;MESURE
2025-06-27 17:00:00+02:00;0,000;1,000;MESURE
2025-06-27 18:00:00+02:00;0,000;1,000;MESURE
2025-06-27 19:00:00+02:00;0,000;1,000;MESURE
2025-06-27 20:00:00+02:00;0,000;1,000;MESURE
2025-06-27 21:00:00+02:00;0,000;1,000;MESURE
2025-06-27 22:00:00+02:00;8660,000;1,000;MESURE
2025-06-27 23:00:00+02:00;9163,000;1,000;MESURE
2025-06-28 00:00:00+02:00;9055,000;1,000;MESURE
2025-06-28 01:00:00+02:00;8910,000;1,000;MESURE
2025-06-28 02:00:00+02:00;8889,000;1,000;MESURE
2025-06-28 03:00:00+02:00;8920,000;1,000;MESURE
2025-06-28 04:00:00+02:00;8906,000;1,000;MESURE
2025-06-28 05:00:00+02:00;4873,000;1,000;MESURE
2025-06-28 06:00:00+02:00;0,000;1,000;MESURE
2025-06-28 07:00:00+02:00;0,000;1,000;MESURE
2025-06-28 08:00:00+02:00;0,000;1,000;MESURE
2025-06-28 09:00:00+02:00;0,000;1,000;MESURE
2025-06-28 10:00:00+02:00;0,000;1,000;MESURE
2025-06-28 11:00:00+02:00;0,000;1,000;MESURE
2025-06-28 12:00:00+02:00;0,000;1,000;MESURE
2025-06-28 13:00:00+02:00;0,000;1,000;MESURE
2025-06-28 14:00:00+02:00;0,000;1,000;MESURE
2025-06-28 15:00:00+02:00;0,000;1,000;MESURE
2025-06-28 16:00:00+02:00;0,000;1,000;MESURE
2025-06-28 17:00:00+02:00;0,000;1,000;MESURE
2025-06-28 18:00:00+02:00;0,000;1,000;MESURE
2025-06-28 19:00:00+02:00;0,000;1,000;MESURE
2025-06-28 20:00:00+02:00;0,000;1,000;MESURE
2025-06-28 21:00:00+02:00;0,000;1,000;MESURE
2025-06-28 22:00:00+02:00;8713,000;1,000;MESURE
2025-06-28 23:00:00+02:00;9330,000;1,000;MESURE
2025-06-29 00:00:00+02:00;9084,000;1,000;MESURE
2025-06-29 01:00:00+02:00;9019,000;1,000;MESURE
2025-06-29 02:00:00+02:00;8991,000;1,000;MESURE
2025-06-29 03:00:00+02:00;8989,000;1,000;MESURE
2025-06-29 04:00:00+02:00;8990,000;1,000;MESURE
2025-06-29 05:00:00+02:00;4936,000;1,000;MESURE
2025-06-29 06:00:00+02:00;0,000;1,000;MESURE
2025-06-29 07:00:00+02:00;0,000;1,000;MESURE
2025-06-29 08:00:00+02:00;0,000;1,000;MESURE
2025-06-29 09:00:00+02:00;0,000;1,000;MESURE
2025-06-29 10:00:00+02:00;0,000;1,000;MESURE
2025-06-29 11:00:00+02:00;0,000;1,000;MESURE
2025-06-29 12:00:00+02:00;0,000;1,000;MESURE
2025-06-29 13:00:00+02:00;0,000;1,000;MESURE
2025-06-29 14:00:00+02:00;0,000;1,000;MESURE
2025-06-29 15:00:00+02:00;0,000;1,000;MESURE
2025-06-29 16:00:00+02:00;0,000;1,000;MESURE
2025-06-29 17:00:00+02:00;0,000;1,000;MESURE
2025-06-29 18:00:00+02:00;0,000;1,000;MESURE
2025-06-29 19:00:00+02:00;0,000;1,000;MESURE
2025-06-29 20:00:00+02:00;0,000;1,000;MESURE
2025-06-29 21:00:00+02:00;0,000;1,000;MESURE
2025-06-29 22:00:00+02:00;8721,000;1,000;MESURE
2025-06-29 23:00:00+02:00;9299,000;1,000;MESURE
2025-06-30 00:00:00+02:00;9048,000;1,000;MESURE
2025-06-30 01:00:00+02:00;8963,000;1,000;MESURE
2025-06-30 02:00:00+02:00;8946,000;1,000;MESURE
2025-06-30 03:00:00+02:00;8949,000;1,000;MESURE
2025-06-30 04:00:00+02:00;8977,000;1,000;MESURE
2025-06-30 05:00:00+02:00;5005,000;1,000;MESURE
2025-06-30 06:00:00+02:00;0,000;1,000;MESURE
2025-06-30 07:00:00+02:00;0,000;1,000;MESURE
2025-06-30 08:00:00+02:00;0,000;1,000;MESURE
2025-06-30 09:00:00+02:00;0,000;1,000;MESURE
2025-06-30 10:00:00+02:00;0,000;1,000;MESURE
2025-06-30 11:00:00+02:00;0,000;1,000;MESURE
2025-06-30 12:00:00+02:00;0,000;1,000;MESURE
2025-06-30 13:00:00+02:00;0,000;1,000;MESURE
2025-06-30 14:00:00+02:00;0,000;1,000;MESURE
2025-06-30 15:00:00+02:00;0,000;1,000;MESURE
2025-06-30 16:00:00+02:00;0,000;1,000;MESURE
2025-06-30 17:00:00+02:00;0,000;1,000;MESURE
2025-06-30 18:00:00+02:00;0,000;1,000;MESURE
2025-06-30 19:00:00+02:00;0,000;1,000;MESURE
2025-06-30 20:00:00+02:00;0,000;1,000;MESURE
2025-06-30 21:00:00+02:00;0,000;1,000;MESURE
2025-06-30 22:00:00+02:00;8622,000;1,000;MESURE
2025-06-30 23:00:00+02:00;9158,000;1,000;MESURE
2025-07-01 00:00:00+02:00;9064,000;1,000;MESURE
2025-07-01 01:00:00+02:00;8766,000;1,000;MESURE
2025-07-01 02:00:00+02:00;8718,000;1,000;MESURE
2025-07-01 03:00:00+02:00;8746,000;1,000;MESURE
2025-07-01 04:00:00+02:00;8764,000;1,000;MESURE
2025-07-01 05:00:00+02:00;4930,000;1,000;MESURE
2025-07-01 06:00:00+02:00;0,000;1,000;MESURE
2025-07-01 07:00:00+02:00;0,000;1,000;MESURE
2025-07-01 08:00:00+02:00;0,000;1,000;MESURE
2025-07-01 09:00:00+02:00;0,000;1,000;MESURE
2025-07-01 10:00:00+02:00;0,000;1,000;MESURE
2025-07-01 11:00:00+02:00;0,000;1,000;MESURE
2025-07-01 12:00:00+02:00;0,000;1,000;MESURE
2025-07-01 13:00:00+02:00;0,000;1,000;MESURE
2025-07-01 14:00:00+02:00;0,000;1,000;MESURE
2025-07-01 15:00:00+02:00;0,000;1,000;MESURE
2025-07-01 16:00:00+02:00;0,000;1,000;MESURE
2025-07-01 17:00:00+02:00;0,000;1,000;MESURE
2025-07-01 18:00:00+02:00;0,000;1,000;MESURE
2025-07-01 19:00:00+02:00;0,000;1,000;MESURE
2025-07-01 20:00:00+02:00;0,000;1,000;MESURE
2025-07-01 21:00:00+02:00;0,000;1,000;MESURE
2025-07-01 22:00:00+02:00;8613,000;1,000;MESURE
2025-07-01 23:00:00+02:00;9197,000;1,000;MESURE
2025-07-02 00:00:00+02:00;8969,000;1,000;MESURE
2025-07-02 01:00:00+02:00;8778,000;1,000;MESURE
2025-07-02 02:00:00+02:00;8727,000;1,000;MESURE
2025-07-02 03:00:00+02:00;8750,000;1,000;MESURE
2025-07-02 04:00:00+02:00;8751,000;1,000;MESURE
2025-07-02 05:00:00+02:00;5062,000;1,000;MESURE
2025-07-02 06:00:00+02:00;0,000;1,000;MESURE
2025-07-02 07:00:00+02:00;0,000;1,000;MESURE
2025-07-02 08:00:00+02:00;0,000;1,000;MESURE
2025-07-02 09:00:00+02:00;0,000;1,000;MESURE
2025-07-02 10:00:00+02:00;0,000;1,000;MESURE
2025-07-02 11:00:00+02:00;0,000;1,000;MESURE
2025-07-02 12:00:00+02:00;0,000;1,000;MESURE
2025-07-02 13:00:00+02:00;0,000;1,000;MESURE
2025-07-02 14:00:00+02:00;0,000;1,000;MESURE
2025-07-02 15:00:00+02:00;0,000;1,000;MESURE
2025-07-02 16:00:00+02:00;0,000;1,000;MESURE
2025-07-02 17:00:00+02:00;0,000;1,000;MESURE
2025-07-02 18:00:00+02:00;0,000;1,000;MESURE
2025-07-02 19:00:00+02:00;0,000;1,000;MESURE
2025-07-02 20:00:00+02:00;0,000;1,000;MESURE
2025-07-02 21:00:00+02:00;0,000;1,000;MESURE
2025-07-02 22:00:00+02:00;8799,000;1,000;MESURE
2025-07-02 23:00:00+02:00;9328,000;1,000;MESURE
2025-07-03 00:00:00+02:00;9256,000;1,000;MESURE
2025-07-03 01:00:00+02:00;8884,000;1,000;MESURE
2025-07-03 02:00:00+02:00;8888,000;1,000;MESURE
2025-07-03 03:00:00+02:00;8880,000;1,000;MESURE
2025-07-03 04:00:00+02:00;8845,000;1,000;MESURE
2025-07-03 05:00:00+02:00;5431,000;1,000;MESURE
2025-07-03 06:00:00+02:00;0,000;1,000;MESURE
2025-07-03 07:00:00+02:00;0,000;1,000;MESURE
2025-07-03 08:00:00+02:00;0,000;1,000;MESURE
2025-07-03 09:00:00+02:00;0,000;1,000;MESURE
2025-07-03 10:00:00+02:00;0,000;1,000;MESURE
2025-07-03 11:00:00+02:00;0,000;1,000;MESURE
2025-07-03 12:00:00+02:00;0,000;1,000;MESURE
2025-07-03 13:00:00+02:00;0,000;1,000;MESURE
2025-07-03 14:00:00+02:00;0,000;1,000;MESURE
2025-07-03 15:00:00+02:00;0,000;1,000;MESURE
2025-07-03 16:00:00+02:00;0,000;1,000;MESURE
2025-07-03 17:00:00+02:00;0,000;1,000;MESURE
2025-07-03 18:00:00+02:00;0,000;1,000;MESURE
2025-07-03 19:00:00+02:00;0,000;1,000;MESURE
2025-07-03 20:00:00+02:00;0,000;1,000;MESURE
2025-07-03 21:00:00+02:00;0,000;1,000;MESURE
2025-07-03 22:00:00+02:00;8683,000;1,000;MESURE
2025-07-03 23:00:00+02:00;9196,000;1,000;MESURE
2025-07-04 00:00:00+02:00;9136,000;1,000;MESURE
2025-07-04 01:00:00+02:00;9086,000;1,000;MESURE
2025-07-04 02:00:00+02:00;8806,000;1,000;MESURE
2025-07-04 03:00:00+02:00;8816,000;1,000;MESURE
2025-07-04 04:00:00+02:00;8798,000;1,000;MESURE
2025-07-04 05:00:00+02:00;5499,000;1,000;MESURE
2025-07-04 06:00:00+02:00;0,000;1,000;MESURE
2025-07-04 07:00:00+02:00;0,000;1,000;MESURE
2025-07-04 08:00:00+02:00;0,000;1,000;MESURE
2025-07-04 09:00:00+02:00;0,000;1,000;MESURE
2025-07-04 10:00:00+02:00;0,000;1,000;MESURE
2025-07-04 11:00:00+02:00;0,000;1,000;MESURE
2025-07-04 12:00:00+02:00;0,000;1,000;MESURE
2025-07-04 13:00:00+02:00;0,000;1,000;MESURE
2025-07-04 14:00:00+02:00;0,000;1,000;MESURE
2025-07-04 15:00:00+02:00;0,000;1,000;MESURE
2025-07-04 16:00:00+02:00;0,000;1,000;MESURE
2025-07-04 17:00:00+02:00;0,000;1,000;MESURE
2025-07-04 18:00:00+02:00;0,000;1,000;MESURE
2025-07-04 19:00:00+02:00;0,000;1,000;MESURE
2025-07-04 20:00:00+02:00;0,000;1,000;MESURE
2025-07-04 21:00:00+02:00;0,000;1,000;MESURE
2025-07-04 22:00:00+02:00;8961,000;1,000;MESURE
2025-07-04 23:00:00+02:00;9298,000;1,000;MESURE
2025-07-05 00:00:00+02:00;9182,000;1,000;MESURE
2025-07-05 01:00:00+02:00;9032,000;1,000;MESURE
2025-07-05 02:00:00+02:00;9041,000;1,000;MESURE
2025-07-05 03:00:00+02:00;8997,000;1,000;MESURE
2025-07-05 04:00:00+02:00;9007,000;1,000;MESURE
2025-07-05 05:00:00+02:00;5509,000;1,000;MESURE
2025-07-05 06:00:00+02:00;0,000;1,000;MESURE
2025-07-05 07:00:00+02:00;0,000;1,000;MESURE
2025-07-05 08:00:00+02:00;0,000;1,000;MESURE
2025-07-05 09:00:00+02:00;0,000;1,000;MESURE
2025-07-05 10:00:00+02:00;0,000;1,000;MESURE
2025-07-05 11:00:00+02:00;0,000;1,000;MESURE
2025-07-05 12:00:00+02:00;0,000;1,000;MESURE
2025-07-05 13:00:00+02:00;0,000;1,000;MESURE
2025-07-05 14:00:00+02:00;0,000;1,000;MESURE
2025-07-05 15:00:00+02:00;0,000;1,000;MESURE
2025-07-05 16:00:00+02:00;0,000;1,000;MESURE
2025-07-05 17:00:00+02:00;0,000;1,000;MESURE
2025-07-05 18:00:00+02:00;0,000;1,000;MESURE
2025-07-05 19:00:00+02:00;0,000;1,000;MESURE
2025-07-05 20:00:00+02:00;0,000;1,000;MESURE
2025-07-05 21:00:00+02:00;0,000;1,000;MESURE
2025-07-05 22:00:00+02:00;8867,000;1,000;MESURE
2025-07-05 23:00:00+02:00;9223,000;1,000;MESURE
2025-07-06 00:00:00+02:00;9206,000;1,000;MESURE
2025-07-06 01:00:00+02:00;9062,000;1,000;MESURE
2025-07-06 02:00:00+02:00;9018,000;1,000;MESURE
2025-07-06 03:00:00+02:00;9029,000;1,000;MESURE
2025-07-06 04:00:00+02:00;9024,000;1,000;MESURE
2025-07-06 05:00:00+02:00;5699,000;1,000;MESURE
2025-07-06 06:00:00+02:00;0,000;1,000;MESURE
2025-07-06 07:00:00+02:00;0,000;1,000;MESURE
2025-07-06 08:00:00+02:00;0,000;1,000;MESURE
2025-07-06 09:00:00+02:00;0,000;1,000;MESURE
2025-07-06 10:00:00+02:00;0,000;1,000;MESURE
2025-07-06 11:00:00+02:00;0,000;1,000;MESURE
2025-07-06 12:00:00+02:00;0,000;1,000;MESURE
2025-07-06 13:00:00+02:00;0,000;1,000;MESURE
2025-07-06 14:00:00+02:00;0,000;1,000;MESURE
2025-07-06 15:00:00+02:00;0,000;1,000;MESURE
2025-07-06 16:00:00+02:00;0,000;1,000;MESURE
2025-07-06 17:00:00+02:00;0,000;1,000;MESURE
2025-07-06 18:00:00+02:00;0,000;1,000;MESURE
2025-07-06 19:00:00+02:00;0,000;1,000;MESURE
2025-07-06 20:00:00+02:00;0,000;1,000;MESURE
2025-07-06 21:00:00+02:00;0,000;1,000;MESURE
2025-07-06 22:00:00+02:00;9104,000;1,000;MESURE
2025-07-06 23:00:00+02:00;9275,000;1,000;MESURE
2025-07-07 00:00:00+02:00;9022,000;1,000;MESURE
2025-07-07 01:00:00+02:00;8951,000;1,000;MESURE
2025-07-07 02:00:00+02:00;8814,000;1,000;MESURE
2025-07-07 03:00:00+02:00;9049,000;1,000;MESURE
2025-07-07 04:00:00+02:00;9107,000;1,000;MESURE
2025-07-07 05:00:00+02:00;5851,000;1,000;MESURE
2025-07-07 06:00:00+02:00;0,000;1,000;MESURE
2025-07-07 07:00:00+02:00;0,000;1,000;MESURE
2025-07-07 08:00:00+02:00;0,000;1,000;MESURE
2025-07-07 09:00:00+02:00;0,000;1,000;MESURE
2025-07-07 10:00:00+02:00;0,000;1,000;MESURE
2025-07-07 11:00:00+02:00;0,000;1,000;MESURE
2025-07-07 12:00:00+02:00;0,000;1,000;MESURE
2025-07-07 13:00:00+02:00;0,000;1,000;MESURE
2025-07-07 14:00:00+02:00;0,000;1,000;MESURE
2025-07-07 15:00:00+02:00;0,000;1,000;MESURE
2025-07-07 16:00:00+02:00;0,000;1,000;MESURE
2025-07-07 17:00:00+02:00;0,000;1,000;MESURE
2025-07-07 18:00:00+02:00;0,000;1,000;MESURE
2025-07-07 19:00:00+02:00;0,000;1,000;MESURE
2025-07-07 20:00:00+02:00;0,000;1,000;MESURE
2025-07-07 21:00:00+02:00;0,000;1,000;MESURE
2025-07-07 22:00:00+02:00;9112,000;1,000;MESURE
2025-07-07 23:00:00+02:00;9362,000;1,000;MESURE
2025-07-08 00:00:00+02:00;9232,000;1,000;MESURE
2025-07-08 01:00:00+02:00;9066,000;1,000;MESURE
2025-07-08 02:00:00+02:00;9050,000;1,000;MESURE
2025-07-08 03:00:00+02:00;9108,000;1,000;MESURE
2025-07-08 04:00:00+02:00;9095,000;1,000;MESURE
2025-07-08 05:00:00+02:00;6019,000;1,000;MESURE
2025-07-08 06:00:00+02:00;0,000;1,000;MESURE
2025-07-08 07:00:00+02:00;0,000;1,000;MESURE
2025-07-08 08:00:00+02:00;0,000;1,000;MESURE
2025-07-08 09:00:00+02:00;0,000;1,000;MESURE
2025-07-08 10:00:00+02:00;0,000;1,000;MESURE
2025-07-08 11:00:00+02:00;0,000;1,000;MESURE
2025-07-08 12:00:00+02:00;0,000;1,000;MESURE
2025-07-08 13:00:00+02:00;0,000;1,000;MESURE
2025-07-08 14:00:00+02:00;0,000;1,000;MESURE
2025-07-08 15:00:00+02:00;0,000;1,000;MESURE
2025-07-08 16:00:00+02:00;0,000;1,000;MESURE
2025-07-08 17:00:00+02:00;0,000;1,000;MESURE
2025-07-08 18:00:00+02:00;0,000;1,000;MESURE
2025-07-08 19:00:00+02:00;0,000;1,000;MESURE
2025-07-08 20:00:00+02:00;0,000;1,000;MESURE
2025-07-08 21:00:00+02:00;23,000;1,000;MESURE
2025-07-08 22:00:00+02:00;9061,000;1,000;MESURE
2025-07-08 23:00:00+02:00;8978,000;1,000;MESURE
2025-07-09 00:00:00+02:00;8869,000;1,000;MESURE
2025-07-09 01:00:00+02:00;8763,000;1,000;MESURE
2025-07-09 02:00:00+02:00;8942,000;1,000;MESURE
2025-07-09 03:00:00+02:00;8767,000;1,000;MESURE
2025-07-09 04:00:00+02:00;8815,000;1,000;MESURE
2025-07-09 05:00:00+02:00;6071,000;1,000;MESURE
2025-07-09 06:00:00+02:00;0,000;1,000;MESURE
2025-07-09 07:00:00+02:00;0,000;1,000;MESURE
2025-07-09 08:00:00+02:00;0,000;1,000;MESURE
2025-07-09 09:00:00+02:00;0,000;1,000;MESURE
2025-07-09 10:00:00+02:00;0,000;1,000;MESURE
2025-07-09 11:00:00+02:00;0,000;1,000;MESURE
2025-07-09 12:00:00+02:00;0,000;1,000;MESURE
2025-07-09 13:00:00+02:00;0,000;1,000;MESURE
2025-07-09 14:00:00+02:00;0,000;1,000;MESURE
2025-07-09 15:00:00+02:00;0,000;1,000;MESURE
2025-07-09 16:00:00+02:00;0,000;1,000;MESURE
2025-07-09 17:00:00+02:00;0,000;1,000;MESURE
2025-07-09 18:00:00+02:00;0,000;1,000;MESURE
2025-07-09 19:00:00+02:00;0,000;1,000;MESURE
2025-07-09 20:00:00+02:00;0,000;1,000;MESURE
2025-07-09 21:00:00+02:00;25,000;1,000;MESURE
2025-07-09 22:00:00+02:00;9174,000;1,000;MESURE
2025-07-09 23:00:00+02:00;9006,000;1,000;MESURE
2025-07-10 00:00:00+02:00;8871,000;1,000;MESURE
2025-07-10 01:00:00+02:00;8918,000;1,000;MESURE
2025-07-10 02:00:00+02:00;8935,000;1,000;MESURE
2025-07-10 03:00:00+02:00;8896,000;1,000;MESURE
2025-07-10 04:00:00+02:00;8946,000;1,000;MESURE
2025-07-10 05:00:00+02:00;6077,000;1,000;MESURE
2025-07-10 06:00:00+02:00;0,000;1,000;MESURE
2025-07-10 07:00:00+02:00;0,000;1,000;MESURE
2025-07-10 08:00:00+02:00;0,000;1,000;MESURE
2025-07-10 09:00:00+02:00;0,000;1,000;MESURE
2025-07-10 10:00:00+02:00;0,000;1,000;MESURE
2025-07-10 11:00:00+02:00;0,000;1,000;MESURE
2025-07-10 12:00:00+02:00;0,000;1,000;MESURE
2025-07-10 13:00:00+02:00;0,000;1,000;MESURE
2025-07-10 14:00:00+02:00;0,000;1,000;MESURE
2025-07-10 15:00:00+02:00;0,000;1,000;MESURE
2025-07-10 16:00:00+02:00;0,000;1,000;MESURE
2025-07-10 17:00:00+02:00;0,000;1,000;MESURE
2025-07-10 18:00:00+02:00;0,000;1,000;MESURE
2025-07-10 19:00:00+02:00;0,000;1,000;MESURE
2025-07-10 20:00:00+02:00;0,000;1,000;MESURE
2025-07-10 21:00:00+02:00;141,000;1,000;MESURE
2025-07-10 22:00:00+02:00;9112,000;1,000;MESURE
2025-07-10 23:00:00+02:00;9151,000;1,000;MESURE
2025-07-11 00:00:00+02:00;9093,000;1,000;MESURE
2025-07-11 01:00:00+02:00;8953,000;1,000;MESURE
2025-07-11 02:00:00+02:00;8730,000;1,000;MESURE
2025-07-11 03:00:00+02:00;8752,000;1,000;MESURE
2025-07-11 04:00:00+02:00;8867,000;1,000;MESURE
2025-07-11 05:00:00+02:00;6234,000;1,000;MESURE
2025-07-11 06:00:00+02:00;0,000;1,000;MESURE
2025-07-11 07:00:00+02:00;0,000;1,000;MESURE
2025-07-11 08:00:00+02:00;0,000;1,000;MESURE
2025-07-11 09:00:00+02:00;0,000;1,000;MESURE
2025-07-11 10:00:00+02:00;0,000;1,000;MESURE
2025-07-11 11:00:00+02:00;0,000;1,000;MESURE
2025-07-11 12:00:00+02:00;0,000;1,000;MESURE
2025-07-11 13:00:00+02:00;0,000;1,000;MESURE
2025-07-11 14:00:00+02:00;0,000;1,000;MESURE
2025-07-11 15:00:00+02:00;0,000;1,000;MESURE
2025-07-11 16:00:00+02:00;0,000;1,000;MESURE
2025-07-11 17:00:00+02:00;0,000;1,000;MESURE
2025-07-11 18:00:00+02:00;0,000;1,000;MESURE
2025-07-11 19:00:00+02:00;0,000;1,000;MESURE
2025-07-11 20:00:00+02:00;0,000;1,000;MESURE
2025-07-11 21:00:00+02:00;141,000;1,000;MESURE
2025-07-11 22:00:00+02:00;9173,000;1,000;MESURE
2025-07-11 23:00:00+02:00;9238,000;1,000;MESURE
2025-07-12 00:00:00+02:00;9107,000;1,000;MESURE
2025-07-12 01:00:00+02:00;8778,000;1,000;MESURE
2025-07-12 02:00:00+02:00;8778,000;1,000;MESURE
2025-07-12 03:00:00+02:00;8810,000;1,000;MESURE
2025-07-12 04:00:00+02:00;8823,000;1,000;MESURE
2025-07-12 05:00:00+02:00;6210,000;1,000;MESURE
2025-07-12 06:00:00+02:00;0,000;1,000;MESURE
2025-07-12 07:00:00+02:00;0,000;1,000;MESURE
2025-07-12 08:00:00+02:00;0,000;1,000;MESURE
2025-07-12 09:00:00+02:00;0,000;1,000;MESURE
2025-07-12 10:00:00+02:00;0,000;1,000;MESURE
2025-07-12 11:00:00+02:00;0,000;1,000;MESURE
2025-07-12 12:00:00+02:00;0,000;1,000;MESURE
2025-07-12 13:00:00+02:00;0,000;1,000;MESURE
2025-07-12 14:00:00+02:00;0,000;1,000;MESURE
2025-07-12 15:00:00+02:00;0,000;1,000;MESURE
2025-07-12 16:00:00+02:00;0,000;1,000;MESURE
2025-07-12 17:00:00+02:00;0,000;1,000;MESURE
2025-07-12 18:00:00+02:00;0,000;1,000;MESURE
2025-07-12 19:00:00+02:00;0,000;1,000;MESURE
2025-07-12 20:00:00+02:00;0,000;1,000;MESURE
2025-07-12 21:00:00+02:00;252,000;1,000;MESURE
2025-07-12 22:00:00+02:00;9174,000;1,000;MESURE
2025-07-12 23:00:00+02:00;9213,000;1,000;MESURE
2025-07-13 00:00:00+02:00;8997,000;1,000;MESURE
2025-07-13 01:00:00+02:00;8767,000;1,000;MESURE
2025-07-13 02:00:00+02:00;8797,000;1,000;MESURE
2025-07-13 03:00:00+02:00;8833,000;1,000;MESURE
2025-07-13 04:00:00+02:00;8826,000;1,000;MESURE
2025-07-13 05:00:00+02:00;6441,000;1,000;MESURE
2025-07-13 06:00:00+02:00;0,000;1,000;MESURE
2025-07-13 07:00:00+02:00;0,000;1,000;MESURE
2025-07-13 08:00:00+02:00;0,000;1,000;MESURE
2025-07-13 09:00:00+02:00;0,000;1,000;MESURE
2025-07-13 10:00:00+02:00;0,000;1,000;MESURE
2025-07-13 11:00:00+02:00;0,000;1,000;MESURE
2025-07-13 12:00:00+02:00;0,000;1,000;MESURE
2025-07-13 13:00:00+02:00;0,000;1,000;MESURE
2025-07-13 14:00:00+02:00;0,000;1,000;MESURE
2025-07-13 15:00:00+02:00;0,000;1,000;MESURE
2025-07-13 16:00:00+02:00;0,000;1,000;MESURE
2025-07-13 17:00:00+02:00;0,000;1,000;MESURE
2025-07-13 18:00:00+02:00;0,000;1,000;MESURE
2025-07-13 19:00:00+02:00;0,000;1,000;MESURE
2025-07-13 20:00:00+02:00;0,000;1,000;MESURE
2025-07-13 21:00:00+02:00;397,000;1,000;MESURE
2025-07-13 22:00:00+02:00;9282,000;1,000;MESURE
2025-07-13 23:00:00+02:00;9329,000;1,000;MESURE
2025-07-14 00:00:00+02:00;9157,000;1,000;MESURE
2025-07-14 01:00:00+02:00;8928,000;1,000;MESURE
2025-07-14 02:00:00+02:00;8882,000;1,000;MESURE
2025-07-14 03:00:00+02:00;8862,000;1,000;MESURE
2025-07-14 04:00:00+02:00;8860,000;1,000;MESURE
2025-07-14 05:00:00+02:00;6808,000;1,000;MESURE
2025-07-14 06:00:00+02:00;0,000;1,000;MESURE
2025-07-14 07:00:00+02:00;0,000;1,000;MESURE
2025-07-14 08:00:00+02:00;0,000;1,000;MESURE
2025-07-14 09:00:00+02:00;0,000;1,000;MESURE
2025-07-14 10:00:00+02:00;0,000;1,000;MESURE
2025-07-14 11:00:00+02:00;0,000;1,000;MESURE
2025-07-14 12:00:00+02:00;0,000;1,000;MESURE
2025-07-14 13:00:00+02:00;0,000;1,000;MESURE
2025-07-14 14:00:00+02:00;0,000;1,000;MESURE
2025-07-14 15:00:00+02:00;0,000;1,000;MESURE
2025-07-14 16:00:00+02:00;0,000;1,000;MESURE
2025-07-14 17:00:00+02:00;0,000;1,000;MESURE
2025-07-14 18:00:00+02:00;0,000;1,000;MESURE
2025-07-14 19:00:00+02:00;0,000;1,000;MESURE
2025-07-14 20:00:00+02:00;0,000;1,000;MESURE
2025-07-14 21:00:00+02:00;560,000;1,000;MESURE
2025-07-14 22:00:00+02:00;9458,000;1,000;MESURE
2025-07-14 23:00:00+02:00;9430,000;1,000;MESURE
2025-07-15 00:00:00+02:00;9365,000;1,000;MESURE
2025-07-15 01:00:00+02:00;9214,000;1,000;MESURE
2025-07-15 02:00:00+02:00;9196,000;1,000;MESURE
2025-07-15 03:00:00+02:00;9215,000;1,000;MESURE
2025-07-15 04:00:00+02:00;9183,000;1,000;MESURE
2025-07-15 05:00:00+02:00;6993,000;1,000;MESURE
2025-07-15 06:00:00+02:00;0,000;1,000;MESURE
2025-07-15 07:00:00+02:00;0,000;1,000;MESURE
2025-07-15 08:00:00+02:00;0,000;1,000;MESURE
2025-07-15 09:00:00+02:00;0,000;1,000;MESURE
2025-07-15 10:00:00+02:00;0,000;1,000;MESURE
2025-07-15 11:00:00+02:00;0,000;1,000;MESURE
2025-07-15 12:00:00+02:00;0,000;1,000;MESURE
2025-07-15 13:00:00+02:00;0,000;1,000;MESURE
2025-07-15 14:00:00+02:00;0,000;1,000;MESURE
2025-07-15 15:00:00+02:00;0,000;1,000;MESURE
2025-07-15 16:00:00+02:00;0,000;1,000;MESURE
2025-07-15 17:00:00+02:00;0,000;1,000;MESURE
2025-07-15 18:00:00+02:00;0,000;1,000;MESURE
2025-07-15 19:00:00+02:00;0,000;1,000;MESURE
2025-07-15 20:00:00+02:00;0,000;1,000;MESURE
2025-07-15 21:00:00+02:00;703,000;1,000;MESURE
2025-07-15 22:00:00+02:00;9341,000;1,000;MESURE
2025-07-15 23:00:00+02:00;9152,000;1,000;MESURE
2025-07-16 00:00:00+02:00;9198,000;1,000;MESURE
2025-07-16 01:00:00+02:00;9028,000;1,000;MESURE
2025-07-16 02:00:00+02:00;8976,000;1,000;MESURE
2025-07-16 03:00:00+02:00;9010,000;1,000;MESURE
2025-07-16 04:00:00+02:00;8996,000;1,000;MESURE
2025-07-16 05:00:00+02:00;6921,000;1,000;MESURE
2025-07-16 06:00:00+02:00;0,000;1,000;MESURE
2025-07-16 07:00:00+02:00;0,000;1,000;MESURE
2025-07-16 08:00:00+02:00;0,000;1,000;MESURE
2025-07-16 09:00:00+02:00;0,000;1,000;MESURE
2025-07-16 10:00:00+02:00;0,000;1,000;MESURE
2025-07-16 11:00:00+02:00;0,000;1,000;MESURE
2025-07-16 12:00:00+02:00;0,000;1,000;MESURE
2025-07-16 13:00:00+02:00;0,000;1,000;MESURE
2025-07-16 14:00:00+02:00;0,000;1,000;MESURE
2025-07-16 15:00:00+02:00;0,000;1,000;MESURE
2025-07-16 16:00:00+02:00;0,000;1,000;MESURE
2025-07-16 17:00:00+02:00;0,000;1,000;MESURE
2025-07-16 18:00:00+02:00;0,000;1,000;MESURE
2025-07-16 19:00:00+02:00;0,000;1,000;MESURE
2025-07-16 20:00:00+02:00;0,000;1,000;MESURE
2025-07-16 21:00:00+02:00;681,000;1,000;MESURE
2025-07-16 22:00:00+02:00;9185,000;1,000;MESURE
2025-07-16 23:00:00+02:00;9314,000;1,000;MESURE
2025-07-17 00:00:00+02:00;9288,000;1,000;MESURE
2025-07-17 01:00:00+02:00;9117,000;1,000;MESURE
2025-07-17 02:00:00+02:00;8857,000;1,000;MESURE
2025-07-17 03:00:00+02:00;8962,000;1,000;MESURE
2025-07-17 04:00:00+02:00;9113,000;1,000;MESURE
2025-07-17 05:00:00+02:00;7292,000;1,000;MESURE
2025-07-17 06:00:00+02:00;0,000;1,000;MESURE
2025-07-17 07:00:00+02:00;0,000;1,000;MESURE
2025-07-17 08:00:00+02:00;0,000;1,000;MESURE
2025-07-17 09:00:00+02:00;0,000;1,000;MESURE
2025-07-17 10:00:00+02:00;0,000;1,000;MESURE
2025-07-17 11:00:00+02:00;0,000;1,000;MESURE
2025-07-17 12:00:00+02:00;0,000;1,000;MESURE
2025-07-17 13:00:00+02:00;0,000;1,000;MESURE
2025-07-17 14:00:00+02:00;0,000;1,000;MESURE
2025-07-17 15:00:00+02:00;0,000;1,000;MESURE
2025-07-17 16:00:00+02:00;0,000;1,000;MESURE
2025-07-17 17:00:00+02:00;0,000;1,000;MESURE
2025-07-17 18:00:00+02:00;0,000;1,000;MESURE
2025-07-17 19:00:00+02:00;0,000;1,000;MESURE
2025-07-17 20:00:00+02:00;0,000;1,000;MESURE
2025-07-17 21:00:00+02:00;850,000;1,000;MESURE
2025-07-17 22:00:00+02:00;9282,000;1,000;MESURE
2025-07-17 23:00:00+02:00;9314,000;1,000;MESURE
2025-07-18 00:00:00+02:00;9287,000;1,000;MESURE
2025-07-18 01:00:00+02:00;9109,000;1,000;MESURE
2025-07-18 02:00:00+02:00;9122,000;1,000;MESURE
2025-07-18 03:00:00+02:00;8909,000;1,000;MESURE
2025-07-18 04:00:00+02:00;8895,000;1,000;MESURE
2025-07-18 05:00:00+02:00;7390,000;1,000;MESURE
2025-07-18 06:00:00+02:00;0,000;1,000;MESURE
2025-07-18 07:00:00+02:00;0,000;1,000;MESURE
2025-07-18 08:00:00+02:00;0,000;1,000;MESURE
2025-07-18 09:00:00+02:00;0,000;1,000;MESURE
2025-07-18 10:00:00+02:00;0,000;1,000;MESURE
2025-07-18 11:00:00+02:00;0,000;1,000;MESURE
2025-07-18 12:00:00+02:00;0,000;1,000;MESURE
2025-07-18 13:00:00+02:00;0,000;1,000;MESURE
2025-07-18 14:00:00+02:00;0,000;1,000;MESURE
2025-07-18 15:00:00+02:00;0,000;1,000;MESURE
2025-07-18 16:00:00+02:00;0,000;1,000;MESURE
2025-07-18 17:00:00+02:00;0,000;1,000;MESURE
2025-07-18 18:00:00+02:00;0,000;1,000;MESURE
2025-07-18 19:00:00+02:00;0,000;1,000;MESURE
2025-07-18 20:00:00+02:00;0,000;1,000;MESURE
2025-07-18 21:00:00+02:00;1013,000;1,000;MESURE
2025-07-18 22:00:00+02:00;9354,000;1,000;MESURE
2025-07-18 23:00:00+02:00;9327,000;1,000;MESURE
2025-07-19 00:00:00+02:00;9292,000;1,000;MESURE
2025-07-19 01:00:00+02:00;9160,000;1,000;MESURE
2025-07-19 02:00:00+02:00;9175,000;1,000;MESURE
2025-07-19 03:00:00+02:00;8974,000;1,000;MESURE
2025-07-19 04:00:00+02:00;9123,000;1,000;MESURE
2025-07-19 05:00:00+02:00;7642,000;1,000;MESURE
2025-07-19 06:00:00+02:00;0,000;1,000;MESURE
2025-07-19 07:00:00+02:00;0,000;1,000;MESURE
2025-07-19 08:00:00+02:00;0,000;1,000;MESURE
2025-07-19 09:00:00+02:00;0,000;1,000;MESURE
2025-07-19 10:00:00+02:00;0,000;1,000;MESURE
2025-07-19 11:00:00+02:00;0,000;1,000;MESURE
2025-07-19 12:00:00+02:00;0,000;1,000;MESURE
2025-07-19 13:00:00+02:00;0,000;1,000;MESURE
2025-07-19 14:00:00+02:00;0,000;1,000;MESURE
2025-07-19 15:00:00+02:00;0,000;1,000;MESURE
2025-07-19 16:00:00+02:00;0,000;1,000;MESURE
2025-07-19 17:00:00+02:00;0,000;1,000;MESURE
2025-07-19 18:00:00+02:00;0,000;1,000;MESURE
2025-07-19 19:00:00+02:00;0,000;1,000;MESURE
2025-07-19 20:00:00+02:00;0,000;1,000;MESURE
2025-07-19 21:00:00+02:00;1176,000;1,000;MESURE
2025-07-19 22:00:00+02:00;9431,000;1,000;MESURE
2025-07-19 23:00:00+02:00;9326,000;1,000;MESURE
2025-07-20 00:00:00+02:00;9073,000;1,000;MESURE
2025-07-20 01:00:00+02:00;9171,000;1,000;MESURE
2025-07-20 02:00:00+02:00;9100,000;1,000;MESURE
2025-07-20 03:00:00+02:00;8968,000;1,000;MESURE
2025-07-20 04:00:00+02:00;8970,000;1,000;MESURE
2025-07-20 05:00:00+02:00;7774,000;1,000;MESURE
2025-07-20 06:00:00+02:00;0,000;1,000;MESURE
2025-07-20 07:00:00+02:00;0,000;1,000;MESURE
2025-07-20 08:00:00+02:00;0,000;1,000;MESURE
2025-07-20 09:00:00+02:00;0,000;1,000;MESURE
2025-07-20 10:00:00+02:00;0,000;1,000;MESURE
2025-07-20 11:00:00+02:00;0,000;1,000;MESURE
2025-07-20 12:00:00+02:00;0,000;1,000;MESURE
2025-07-20 13:00:00+02:00;0,000;1,000;MESURE
2025-07-20 14:00:00+02:00;0,000;1,000;MESURE
2025-07-20 15:00:00+02:00;0,000;1,000;MESURE
2025-07-20 16:00:00+02:00;0,000;1,000;MESURE
2025-07-20 17:00:00+02:00;0,000;1,000;MESURE
2025-07-20 18:00:00+02:00;0,000;1,000;MESURE
2025-07-20 19:00:00+02:00;0,000;1,000;MESURE
2025-07-20 20:00:00+02:00;0,000;1,000;MESURE
2025-07-20 21:00:00+02:00;1296,000;1,000;MESURE
2025-07-20 22:00:00+02:00;9191,000;1,000;MESURE
2025-07-20 23:00:00+02:00;9178,000;1,000;MESURE
2025-07-21 00:00:00+02:00;9043,000;1,000;MESURE
2025-07-21 01:00:00+02:00;8922,000;1,000;MESURE
2025-07-21 02:00:00+02:00;8931,000;1,000;MESURE
2025-07-21 03:00:00+02:00;8945,000;1,000;MESURE
2025-07-21 04:00:00+02:00;8910,000;1,000;MESURE
2025-07-21 05:00:00+02:00;7858,000;1,000;MESURE
2025-07-21 06:00:00+02:00;0,000;1,000;MESURE
2025-07-21 07:00:00+02:00;0,000;1,000;MESURE
2025-07-21 08:00:00+02:00;0,000;1,000;MESURE
2025-07-21 09:00:00+02:00;0,000;1,000;MESURE
2025-07-21 10:00:00+02:00;0,000;1,000;MESURE
2025-07-21 11:00:00+02:00;0,000;1,000;MESURE
2025-07-21 12:00:00+02:00;0,000;1,000;MESURE
2025-07-21 13:00:00+02:00;0,000;1,000;MESURE
2025-07-21 14:00:00+02:00;0,000;1,000;MESURE
2025-07-21 15:00:00+02:00;0,000;1,000;MESURE
2025-07-21 16:00:00+02:00;0,000;1,000;MESURE
2025-07-21 17:00:00+02:00;0,000;1,000;MESURE
2025-07-21 18:00:00+02:00;0,000;1,000;MESURE
2025-07-21 19:00:00+02:00;0,000;1,000;MESURE
2025-07-21 20:00:00+02:00;0,000;1,000;MESURE
2025-07-21 21:00:00+02:00;1491,000;1,000;MESURE
2025-07-21 22:00:00+02:00;9486,000;1,000;MESURE
2025-07-21 23:00:00+02:00;9141,000;1,000;MESURE
2025-07-22 00:00:00+02:00;9168,000;1,000;MESURE
2025-07-22 01:00:00+02:00;8910,000;1,000;MESURE
2025-07-22 02:00:00+02:00;9141,000;1,000;MESURE
2025-07-22 03:00:00+02:00;9127,000;1,000;MESURE
2025-07-22 04:00:00+02:00;8888,000;1,000;MESURE
2025-07-22 05:00:00+02:00;7978,000;1,000;MESURE
2025-07-22 06:00:00+02:00;0,000;1,000;MESURE
2025-07-22 07:00:00+02:00;0,000;1,000;MESURE
2025-07-22 08:00:00+02:00;0,000;1,000;MESURE
2025-07-22 09:00:00+02:00;0,000;1,000;MESURE
2025-07-22 10:00:00+02:00;0,000;1,000;MESURE
2025-07-22 11:00:00+02:00;0,000;1,000;MESURE
2025-07-22 12:00:00+02:00;0,000;1,000;MESURE
2025-07-22 13:00:00+02:00;0,000;1,000;MESURE
2025-07-22 14:00:00+02:00;0,000;1,000;MESURE
2025-07-22 15:00:00+02:00;0,000;1,000;MESURE
2025-07-22 16:00:00+02:00;0,000;1,000;MESURE
2025-07-22 17:00:00+02:00;0,000;1,000;MESURE
2025-07-22 18:00:00+02:00;0,000;1,000;MESURE
2025-07-22 19:00:00+02:00;0,000;1,000;MESURE
2025-07-22 20:00:00+02:00;0,000;1,000;MESURE
2025-07-22 21:00:00+02:00;1651,000;1,000;MESURE
2025-07-22 22:00:00+02:00;9240,000;1,000;MESURE
2025-07-22 23:00:00+02:00;9319,000;1,000;MESURE
2025-07-23 00:00:00+02:00;9093,000;1,000;MESURE
2025-07-23 01:00:00+02:00;8917,000;1,000;MESURE
2025-07-23 02:00:00+02:00;8870,000;1,000;MESURE
2025-07-23 03:00:00+02:00;8881,000;1,000;MESURE
2025-07-23 04:00:00+02:00;8924,000;1,000;MESURE
2025-07-23 05:00:00+02:00;8129,000;1,000;MESURE
2025-07-23 06:00:00+02:00;0,000;1,000;MESURE
2025-07-23 07:00:00+02:00;0,000;1,000;MESURE
2025-07-23 08:00:00+02:00;0,000;1,000;MESURE
2025-07-23 09:00:00+02:00;0,000;1,000;MESURE
2025-07-23 10:00:00+02:00;0,000;1,000;MESURE
2025-07-23 11:00:00+02:00;0,000;1,000;MESURE
2025-07-23 12:00:00+02:00;0,000;1,000;MESURE
2025-07-23 13:00:00+02:00;0,000;1,000;MESURE
2025-07-23 14:00:00+02:00;0,000;1,000;MESURE
2025-07-23 15:00:00+02:00;0,000;1,000;MESURE
2025-07-23 16:00:00+02:00;0,000;1,000;MESURE
2025-07-23 17:00:00+02:00;0,000;1,000;MESURE
2025-07-23 18:00:00+02:00;0,000;1,000;MESURE
2025-07-23 19:00:00+02:00;0,000;1,000;MESURE
2025-07-23 20:00:00+02:00;0,000;1,000;MESURE
2025-07-23 21:00:00+02:00;1798,000;1,000;MESURE
2025-07-23 22:00:00+02:00;9408,000;1,000;MESURE
2025-07-23 23:00:00+02:00;9354,000;1,000;MESURE
2025-07-24 00:00:00+02:00;9255,000;1,000;MESURE
2025-07-24 01:00:00+02:00;9122,000;1,000;MESURE
2025-07-24 02:00:00+02:00;9126,000;1,000;MESURE
2025-07-24 03:00:00+02:00;9141,000;1,000;MESURE
2025-07-24 04:00:00+02:00;8941,000;1,000;MESURE
2025-07-24 05:00:00+02:00;8467,000;1,000;MESURE
2025-07-24 06:00:00+02:00;0,000;1,000;MESURE
2025-07-24 07:00:00+02:00;0,000;1,000;MESURE
2025-07-24 08:00:00+02:00;0,000;1,000;MESURE
2025-07-24 09:00:00+02:00;0,000;1,000;MESURE
2025-07-24 10:00:00+02:00;0,000;1,000;MESURE
2025-07-24 11:00:00+02:00;0,000;1,000;MESURE
2025-07-24 12:00:00+02:00;0,000;1,000;MESURE
2025-07-24 13:00:00+02:00;0,000;1,000;MESURE
2025-07-24 14:00:00+02:00;0,000;1,000;MESURE
2025-07-24 15:00:00+02:00;0,000;1,000;MESURE
2025-07-24 16:00:00+02:00;0,000;1,000;MESURE
2025-07-24 17:00:00+02:00;0,000;1,000;MESURE
2025-07-24 18:00:00+02:00;0,000;1,000;MESURE
2025-07-24 19:00:00+02:00;0,000;1,000;MESURE
2025-07-24 20:00:00+02:00;0,000;1,000;MESURE
2025-07-24 21:00:00+02:00;2077,000;1,000;MESURE
2025-07-24 22:00:00+02:00;9377,000;1,000;MESURE
2025-07-24 23:00:00+02:00;9328,000;1,000;MESURE
2025-07-25 00:00:00+02:00;9076,000;1,000;MESURE
2025-07-25 01:00:00+02:00;8750,000;1,000;MESURE
2025-07-25 02:00:00+02:00;8743,000;1,000;MESURE
2025-07-25 03:00:00+02:00;8800,000;1,000;MESURE
2025-07-25 04:00:00+02:00;8776,000;1,000;MESURE
2025-07-25 05:00:00+02:00;8513,000;1,000;MESURE
2025-07-25 06:00:00+02:00;0,000;1,000;MESURE
2025-07-25 07:00:00+02:00;0,000;1,000;MESURE
2025-07-25 08:00:00+02:00;0,000;1,000;MESURE
2025-07-25 09:00:00+02:00;0,000;1,000;MESURE
2025-07-25 10:00:00+02:00;0,000;1,000;MESURE
2025-07-25 11:00:00+02:00;0,000;1,000;MESURE
2025-07-25 12:00:00+02:00;0,000;1,000;MESURE
2025-07-25 13:00:00+02:00;0,000;1,000;MESURE
2025-07-25 14:00:00+02:00;0,000;1,000;MESURE
2025-07-25 15:00:00+02:00;0,000;1,000;MESURE
2025-07-25 16:00:00+02:00;0,000;1,000;MESURE
2025-07-25 17:00:00+02:00;0,000;1,000;MESURE
2025-07-25 18:00:00+02:00;0,000;1,000;MESURE
2025-07-25 19:00:00+02:00;0,000;1,000;MESURE
2025-07-25 20:00:00+02:00;0,000;1,000;MESURE
2025-07-25 21:00:00+02:00;2242,000;1,000;MESURE
2025-07-25 22:00:00+02:00;9392,000;1,000;MESURE
2025-07-25 23:00:00+02:00;9312,000;1,000;MESURE
2025-07-26 00:00:00+02:00;9263,000;1,000;MESURE
2025-07-26 01:00:00+02:00;8869,000;1,000;MESURE
2025-07-26 02:00:00+02:00;8913,000;1,000;MESURE
2025-07-26 03:00:00+02:00;9020,000;1,000;MESURE
2025-07-26 04:00:00+02:00;9037,000;1,000;MESURE
2025-07-26 05:00:00+02:00;8885,000;1,000;MESURE
2025-07-26 06:00:00+02:00;0,000;1,000;MESURE
2025-07-26 07:00:00+02:00;0,000;1,000;MESURE
2025-07-26 08:00:00+02:00;0,000;1,000;MESURE
2025-07-26 09:00:00+02:00;0,000;1,000;MESURE
2025-07-26 10:00:00+02:00;0,000;1,000;MESURE
2025-07-26 11:00:00+02:00;0,000;1,000;MESURE
2025-07-26 12:00:00+02:00;0,000;1,000;MESURE
2025-07-26 13:00:00+02:00;0,000;1,000;MESURE
2025-07-26 14:00:00+02:00;0,000;1,000;MESURE
2025-07-26 15:00:00+02:00;0,000;1,000;MESURE
2025-07-26 16:00:00+02:00;0,000;1,000;MESURE
2025-07-26 17:00:00+02:00;0,000;1,000;MESURE
2025-07-26 18:00:00+02:00;0,000;1,000;MESURE
2025-07-26 19:00:00+02:00;0,000;1,000;MESURE
2025-07-26 20:00:00+02:00;0,000;1,000;MESURE
2025-07-26 21:00:00+02:00;2412,000;1,000;MESURE
2025-07-26 22:00:00+02:00;9340,000;1,000;MESURE
2025-07-26 23:00:00+02:00;9185,000;1,000;MESURE
2025-07-27 00:00:00+02:00;9161,000;1,000;MESURE
2025-07-27 01:00:00+02:00;9005,000;1,000;MESURE
2025-07-27 02:00:00+02:00;9015,000;1,000;MESURE
2025-07-27 03:00:00+02:00;9024,000;1,000;MESURE
2025-07-27 04:00:00+02:00;9037,000;1,000;MESURE
2025-07-27 05:00:00+02:00;8984,000;1,000;MESURE
2025-07-27 06:00:00+02:00;0,000;1,000;MESURE
2025-07-27 07:00:00+02:00;0,000;1,000;MESURE
2025-07-27 08:00:00+02:00;0,000;1,000;MESURE
2025-07-27 09:00:00+02:00;0,000;1,000;MESURE
2025-07-27 10:00:00+02:00;0,000;1,000;MESURE
2025-07-27 11:00:00+02:00;0,000;1,000;MESURE
2025-07-27 12:00:00+02:00;0,000;1,000;MESURE
2025-07-27 13:00:00+02:00;0,000;1,000;MESURE
2025-07-27 14:00:00+02:00;0,000;1,000;MESURE
2025-07-27 15:00:00+02:00;0,000;1,000;MESURE
2025-07-27 16:00:00+02:00;0,000;1,000;MESURE
2025-07-27 17:00:00+02:00;0,000;1,000;MESURE
2025-07-27 18:00:00+02:00;0,000;1,000;MESURE
2025-07-27 19:00:00+02:00;0,000;1,000;MESURE
2025-07-27 20:00:00+02:00;0,000;1,000;MESURE
2025-07-27 21:00:00+02:00;2522,000;1,000;MESURE
2025-07-27 22:00:00+02:00;9367,000;1,000;MESURE
2025-07-27 23:00:00+02:00;9251,000;1,000;MESURE
2025-07-28 00:00:00+02:00;9207,000;1,000;MESURE
2025-07-28 01:00:00+02:00;9100,000;1,000;MESURE
2025-07-28 02:00:00+02:00;9052,000;1,000;MESURE
2025-07-28 03:00:00+02:00;9131,000;1,000;MESURE
2025-07-28 04:00:00+02:00;9106,000;1,000;MESURE
2025-07-28 05:00:00+02:00;9121,000;1,000;MESURE
2025-07-28 06:00:00+02:00;147,000;1,000;MESURE
2025-07-28 07:00:00+02:00;0,000;1,000;MESURE
2025-07-28 08:00:00+02:00;0,000;1,000;MESURE
2025-07-28 09:00:00+02:00;0,000;1,000;MESURE
2025-07-28 10:00:00+02:00;0,000;1,000;MESURE
2025-07-28 11:00:00+02:00;0,000;1,000;MESURE
2025-07-28 12:00:00+02:00;0,000;1,000;MESURE
2025-07-28 13:00:00+02:00;0,000;1,000;MESURE
2025-07-28 14:00:00+02:00;0,000;1,000;MESURE
2025-07-28 15:00:00+02:00;0,000;1,000;MESURE
2025-07-28 16:00:00+02:00;0,000;1,000;MESURE
2025-07-28 17:00:00+02:00;0,000;1,000;MESURE
2025-07-28 18:00:00+02:00;0,000;1,000;MESURE
2025-07-28 19:00:00+02:00;0,000;1,000;MESURE
2025-07-28 20:00:00+02:00;0,000;1,000;MESURE
2025-07-28 21:00:00+02:00;2736,000;1,000;MESURE
2025-07-28 22:00:00+02:00;9432,000;1,000;MESURE
2025-07-28 23:00:00+02:00;9268,000;1,000;MESURE
2025-07-29 00:00:00+02:00;9149,000;1,000;MESURE
2025-07-29 01:00:00+02:00;9025,000;1,000;MESURE
2025-07-29 02:00:00+02:00;9024,000;1,000;MESURE
2025-07-29 03:00:00+02:00;9047,000;1,000;MESURE
2025-07-29 04:00:00+02:00;9063,000;1,000;MESURE
2025-07-29 05:00:00+02:00;9091,000;1,000;MESURE
2025-07-29 06:00:00+02:00;450,000;1,000;MESURE
2025-07-29 07:00:00+02:00;0,000;1,000;MESURE
2025-07-29 08:00:00+02:00;0,000;1,000;MESURE
2025-07-29 09:00:00+02:00;0,000;1,000;MESURE
2025-07-29 10:00:00+02:00;0,000;1,000;MESURE
2025-07-29 11:00:00+02:00;0,000;1,000;MESURE
2025-07-29 12:00:00+02:00;0,000;1,000;MESURE
2025-07-29 13:00:00+02:00;0,000;1,000;MESURE
2025-07-29 14:00:00+02:00;0,000;1,000;MESURE
2025-07-29 15:00:00+02:00;0,000;1,000;MESURE
2025-07-29 16:00:00+02:00;0,000;1,000;MESURE
2025-07-29 17:00:00+02:00;0,000;1,000;MESURE
2025-07-29 18:00:00+02:00;0,000;1,000;MESURE
2025-07-29 19:00:00+02:00;0,000;1,000;MESURE
2025-07-29 20:00:00+02:00;0,000;1,000;MESURE
2025-07-29 21:00:00+02:00;3018,000;1,000;MESURE
2025-07-29 22:00:00+02:00;9339,000;1,000;MESURE
2025-07-29 23:00:00+02:00;9264,000;1,000;MESURE
2025-07-30 00:00:00+02:00;9242,000;1,000;MESURE
2025-07-30 01:00:00+02:00;9179,000;1,000;MESURE
2025-07-30 02:00:00+02:00;9123,000;1,000;MESURE
2025-07-30 03:00:00+02:00;9124,000;1,000;MESURE
2025-07-30 04:00:00+02:00;9048,000;1,000;MESURE
2025-07-30 05:00:00+02:00;9082,000;1,000;MESURE
2025-07-30 06:00:00+02:00;598,000;1,000;MESURE
2025-07-30 07:00:00+02:00;0,000;1,000;MESURE
2025-07-30 08:00:00+02:00;0,000;1,000;MESURE
2025-07-30 09:00:00+02:00;0,000;1,000;MESURE
2025-07-30 10:00:00+02:00;0,000;1,000;MESURE
2025-07-30 11:00:00+02:00;0,000;1,000;MESURE
2025-07-30 12:00:00+02:00;0,000;1,000;MESURE
2025-07-30 13:00:00+02:00;0,000;1,000;MESURE
2025-07-30 14:00:00+02:00;0,000;1,000;MESURE
2025-07-30 15:00:00+02:00;0,000;1,000;MESURE
2025-07-30 16:00:00+02:00;0,000;1,000;MESURE
2025-07-30 17:00:00+02:00;0,000;1,000;MESURE
2025-07-30 18:00:00+02:00;0,000;1,000;MESURE
2025-07-30 19:00:00+02:00;0,000;1,000;MESURE
2025-07-30 20:00:00+02:00;0,000;1,000;MESURE
2025-07-30 21:00:00+02:00;2991,000;1,000;MESURE
2025-07-30 22:00:00+02:00;9239,000;1,000;MESURE
2025-07-30 23:00:00+02:00;9236,000;1,000;MESURE
2025-07-31 00:00:00+02:00;9135,000;1,000;MESURE
2025-07-31 01:00:00+02:00;8997,000;1,000;MESURE
2025-07-31 02:00:00+02:00;8953,000;1,000;MESURE
2025-07-31 03:00:00+02:00;8995,000;1,000;MESURE
2025-07-31 04:00:00+02:00;9033,000;1,000;MESURE
2025-07-31 05:00:00+02:00;9031,000;1,000;MESURE
2025-07-31 06:00:00+02:00;744,000;1,000;MESURE
2025-07-31 07:00:00+02:00;0,000;1,000;MESURE
2025-07-31 08:00:00+02:00;0,000;1,000;MESURE
2025-07-31 09:00:00+02:00;0,000;1,000;MESURE
2025-07-31 10:00:00+02:00;0,000;1,000;MESURE
2025-07-31 11:00:00+02:00;0,000;1,000;MESURE
2025-07-31 12:00:00+02:00;0,000;1,000;MESURE
2025-07-31 13:00:00+02:00;0,000;1,000;MESURE
2025-07-31 14:00:00+02:00;0,000;1,000;MESURE
2025-07-31 15:00:00+02:00;0,000;1,000;MESURE
2025-07-31 16:00:00+02:00;0,000;1,000;MESURE
2025-07-31 17:00:00+02:00;0,000;1,000;MESURE
2025-07-31 18:00:00+02:00;0,000;1,000;MESURE
2025-07-31 19:00:00+02:00;0,000;1,000;MESURE
2025-07-31 20:00:00+02:00;0,000;1,000;MESURE
2025-07-31 21:00:00+02:00;3557,000;1,000;MESURE
2025-07-31 22:00:00+02:00;9263,000;1,000;MESURE
2025-07-31 23:00:00+02:00;9214,000;1,000;MESURE
2025-08-01 00:00:00+02:00;9125,000;1,000;MESURE
2025-08-01 01:00:00+02:00;9059,000;1,000;MESURE
2025-08-01 02:00:00+02:00;9052,000;1,000;MESURE
2025-08-01 03:00:00+02:00;9094,000;1,000;MESURE
2025-08-01 04:00:00+02:00;9093,000;1,000;MESURE
2025-08-01 05:00:00+02:00;9064,000;1,000;MESURE
2025-08-01 06:00:00+02:00;893,000;1,000;MESURE
2025-08-01 07:00:00+02:00;0,000;1,000;MESURE
2025-08-01 08:00:00+02:00;0,000;1,000;MESURE
2025-08-01 09:00:00+02:00;0,000;1,000;MESURE
2025-08-01 10:00:00+02:00;0,000;1,000;MESURE
2025-08-01 11:00:00+02:00;0,000;1,000;MESURE
2025-08-01 12:00:00+02:00;0,000;1,000;MESURE
2025-08-01 13:00:00+02:00;0,000;1,000;MESURE
2025-08-01 14:00:00+02:00;0,000;1,000;MESURE
2025-08-01 15:00:00+02:00;0,000;1,000;MESURE
2025-08-01 16:00:00+02:00;0,000;1,000;MESURE
2025-08-01 17:00:00+02:00;0,000;1,000;MESURE
2025-08-01 18:00:00+02:00;0,000;1,000;MESURE
2025-08-01 19:00:00+02:00;0,000;1,000;MESURE
2025-08-01 20:00:00+02:00;0,000;1,000;MESURE
2025-08-01 21:00:00+02:00;3568,000;1,000;MESURE
2025-08-01 22:00:00+02:00;9282,000;1,000;MESURE
2025-08-01 23:00:00+02:00;9151,000;1,000;MESURE
2025-08-02 00:00:00+02:00;9040,000;1,000;MESURE
2025-08-02 01:00:00+02:00;8964,000;1,000;MESURE
2025-08-02 02:00:00+02:00;9005,000;1,000;MESURE
2025-08-02 03:00:00+02:00;9070,000;1,000;MESURE
2025-08-02 04:00:00+02:00;9047,000;1,000;MESURE
2025-08-02 05:00:00+02:00;8957,000;1,000;MESURE
2025-08-02 06:00:00+02:00;1175,000;1,000;MESURE
2025-08-02 07:00:00+02:00;0,000;1,000;MESURE
2025-08-02 08:00:00+02:00;0,000;1,000;MESURE
2025-08-02 09:00:00+02:00;0,000;1,000;MESURE
2025-08-02 10:00:00+02:00;0,000;1,000;MESURE
2025-08-02 11:00:00+02:00;0,000;1,000;MESURE
2025-08-02 12:00:00+02:00;0,000;1,000;MESURE
2025-08-02 13:00:00+02:00;0,000;1,000;MESURE
2025-08-02 14:00:00+02:00;0,000;1,000;MESURE
2025-08-02 15:00:00+02:00;0,000;1,000;MESURE
2025-08-02 16:00:00+02:00;0,000;1,000;MESURE
2025-08-02 17:00:00+02:00;0,000;1,000;MESURE
2025-08-02 18:00:00+02:00;0,000;1,000;MESURE
2025-08-02 19:00:00+02:00;0,000;1,000;MESURE
2025-08-02 20:00:00+02:00;0,000;1,000;MESURE
2025-08-02 21:00:00+02:00;3744,000;1,000;MESURE
2025-08-02 22:00:00+02:00;9219,000;1,000;MESURE
2025-08-02 23:00:00+02:00;9096,000;1,000;MESURE
2025-08-03 00:00:00+02:00;9023,000;1,000;MESURE
2025-08-03 01:00:00+02:00;8907,000;1,000;MESURE
2025-08-03 02:00:00+02:00;8891,000;1,000;MESURE
2025-08-03 03:00:00+02:00;8930,000;1,000;MESURE
2025-08-03 04:00:00+02:00;8939,000;1,000;MESURE
2025-08-03 05:00:00+02:00;8932,000;1,000;MESURE
2025-08-03 06:00:00+02:00;1339,000;1,000;MESURE
2025-08-03 07:00:00+02:00;0,000;1,000;MESURE
2025-08-03 08:00:00+02:00;0,000;1,000;MESURE
2025-08-03 09:00:00+02:00;0,000;1,000;MESURE
2025-08-03 10:00:00+02:00;0,000;1,000;MESURE
2025-08-03 11:00:00+02:00;0,000;1,000;MESURE
2025-08-03 12:00:00+02:00;0,000;1,000;MESURE
2025-08-03 13:00:00+02:00;0,000;1,000;MESURE
2025-08-03 14:00:00+02:00;0,000;1,000;MESURE
2025-08-03 15:00:00+02:00;0,000;1,000;MESURE
2025-08-03 16:00:00+02:00;0,000;1,000;MESURE
2025-08-03 17:00:00+02:00;0,000;1,000;MESURE
2025-08-03 18:00:00+02:00;0,000;1,000;MESURE
2025-08-03 19:00:00+02:00;0,000;1,000;MESURE
2025-08-03 20:00:00+02:00;0,000;1,000;MESURE
2025-08-03 21:00:00+02:00;4027,000;1,000;MESURE
2025-08-03 22:00:00+02:00;9177,000;1,000;MESURE
2025-08-03 23:00:00+02:00;9047,000;1,000;MESURE
2025-08-04 00:00:00+02:00;8961,000;1,000;MESURE
2025-08-04 01:00:00+02:00;8853,000;1,000;MESURE
2025-08-04 02:00:00+02:00;9126,000;1,000;MESURE
2025-08-04 03:00:00+02:00;9016,000;1,000;MESURE
2025-08-04 04:00:00+02:00;8883,000;1,000;MESURE
2025-08-04 05:00:00+02:00;9069,000;1,000;MESURE
2025-08-04 06:00:00+02:00;1469,000;1,000;MESURE
2025-08-04 07:00:00+02:00;0,000;1,000;MESURE
2025-08-04 08:00:00+02:00;0,000;1,000;MESURE
2025-08-04 09:00:00+02:00;0,000;1,000;MESURE
2025-08-04 10:00:00+02:00;0,000;1,000;MESURE
2025-08-04 11:00:00+02:00;0,000;1,000;MESURE
2025-08-04 12:00:00+02:00;0,000;1,000;MESURE
2025-08-04 13:00:00+02:00;0,000;1,000;MESURE
2025-08-04 14:00:00+02:00;0,000;1,000;MESURE
2025-08-04 15:00:00+02:00;0,000;1,000;MESURE
2025-08-04 16:00:00+02:00;0,000;1,000;MESURE
2025-08-04 17:00:00+02:00;0,000;1,000;MESURE
2025-08-04 18:00:00+02:00;0,000;1,000;MESURE
2025-08-04 19:00:00+02:00;0,000;1,000;MESURE
2025-08-04 20:00:00+02:00;0,000;1,000;MESURE
2025-08-04 21:00:00+02:00;4251,000;1,000;MESURE
2025-08-04 22:00:00+02:00;9423,000;1,000;MESURE
2025-08-04 23:00:00+02:00;9293,000;1,000;MESURE
2025-08-05 00:00:00+02:00;9201,000;1,000;MESURE
2025-08-05 01:00:00+02:00;8849,000;1,000;MESURE
2025-08-05 02:00:00+02:00;8888,000;1,000;MESURE
2025-08-05 03:00:00+02:00;8859,000;1,000;MESURE
2025-08-05 04:00:00+02:00;8859,000;1,000;MESURE
2025-08-05 05:00:00+02:00;8859,000;1,000;MESURE
2025-08-05 06:00:00+02:00;1643,000;1,000;MESURE
2025-08-05 07:00:00+02:00;0,000;1,000;MESURE
2025-08-05 08:00:00+02:00;0,000;1,000;MESURE
2025-08-05 09:00:00+02:00;0,000;1,000;MESURE
2025-08-05 10:00:00+02:00;0,000;1,000;MESURE
2025-08-05 11:00:00+02:00;0,000;1,000;MESURE
2025-08-05 12:00:00+02:00;0,000;1,000;MESURE
2025-08-05 13:00:00+02:00;0,000;1,000;MESURE
2025-08-05 14:00:00+02:00;0,000;1,000;MESURE
2025-08-05 15:00:00+02:00;0,000;1,000;MESURE
2025-08-05 16:00:00+02:00;0,000;1,000;MESURE
2025-08-05 17:00:00+02:00;0,000;1,000;MESURE
2025-08-05 18:00:00+02:00;0,000;1,000;MESURE
2025-08-05 19:00:00+02:00;0,000;1,000;MESURE
2025-08-05 20:00:00+02:00;0,000;1,000;MESURE
2025-08-05 21:00:00+02:00;4462,000;1,000;MESURE
2025-08-05 22:00:00+02:00;9180,000;1,000;MESURE
2025-08-05 23:00:00+02:00;9024,000;1,000;MESURE
2025-08-06 00:00:00+02:00;8997,000;1,000;MESURE
2025-08-06 01:00:00+02:00;8916,000;1,000;MESURE
2025-08-06 02:00:00+02:00;8942,000;1,000;MESURE
2025-08-06 03:00:00+02:00;8982,000;1,000;MESURE
2025-08-06 04:00:00+02:00;9021,000;1,000;MESURE
2025-08-06 05:00:00+02:00;8996,000;1,000;MESURE
2025-08-06 06:00:00+02:00;1953,000;1,000;MESURE
2025-08-06 07:00:00+02:00;0,000;1,000;MESURE
2025-08-06 08:00:00+02:00;0,000;1,000;MESURE
2025-08-06 09:00:00+02:00;0,000;1,000;MESURE
2025-08-06 10:00:00+02:00;0,000;1,000;MESURE
2025-08-06 11:00:00+02:00;0,000;1,000;MESURE
2025-08-06 12:00:00+02:00;0,000;1,000;MESURE
2025-08-06 13:00:00+02:00;0,000;1,000;MESURE
2025-08-06 14:00:00+02:00;0,000;1,000;MESURE
2025-08-06 15:00:00+02:00;0,000;1,000;MESURE
2025-08-06 16:00:00+02:00;0,000;1,000;MESURE
2025-08-06 17:00:00+02:00;0,000;1,000;MESURE
2025-08-06 18:00:00+02:00;0,000;1,000;MESURE
2025-08-06 19:00:00+02:00;0,000;1,000;MESURE
2025-08-06 20:00:00+02:00;0,000;1,000;MESURE
2025-08-06 21:00:00+02:00;4739,000;1,000;MESURE
2025-08-06 22:00:00+02:00;9427,000;1,000;MESURE
2025-08-06 23:00:00+02:00;9070,000;1,000;MESURE
2025-08-07 00:00:00+02:00;8999,000;1,000;MESURE
2025-08-07 01:00:00+02:00;8900,000;1,000;MESURE
2025-08-07 02:00:00+02:00;8885,000;1,000;MESURE
2025-08-07 03:00:00+02:00;8937,000;1,000;MESURE
2025-08-07 04:00:00+02:00;8982,000;1,000;MESURE
2025-08-07 05:00:00+02:00;8967,000;1,000;MESURE
2025-08-07 06:00:00+02:00;2091,000;1,000;MESURE
2025-08-07 07:00:00+02:00;0,000;1,000;MESURE
2025-08-07 08:00:00+02:00;0,000;1,000;MESURE
2025-08-07 09:00:00+02:00;0,000;1,000;MESURE
2025-08-07 10:00:00+02:00;0,000;1,000;MESURE
2025-08-07 11:00:00+02:00;0,000;1,000;MESURE
2025-08-07 12:00:00+02:00;0,000;1,000;MESURE
2025-08-07 13:00:00+02:00;0,000;1,000;MESURE
2025-08-07 14:00:00+02:00;0,000;1,000;MESURE
2025-08-07 15:00:00+02:00;0,000;1,000;MESURE
2025-08-07 16:00:00+02:00;0,000;1,000;MESURE
2025-08-07 17:00:00+02:00;0,000;1,000;MESURE
2025-08-07 18:00:00+02:00;0,000;1,000;MESURE
2025-08-07 19:00:00+02:00;0,000;1,000;MESURE
2025-08-07 20:00:00+02:00;0,000;1,000;MESURE
2025-08-07 21:00:00+02:00;5068,000;1,000;MESURE
2025-08-07 22:00:00+02:00;9416,000;1,000;MESURE
2025-08-07 23:00:00+02:00;9041,000;1,000;MESURE
2025-08-08 00:00:00+02:00;8953,000;1,000;MESURE
2025-08-08 01:00:00+02:00;8920,000;1,000;MESURE
2025-08-08 02:00:00+02:00;8986,000;1,000;MESURE
2025-08-08 03:00:00+02:00;9020,000;1,000;MESURE
2025-08-08 04:00:00+02:00;8967,000;1,000;MESURE
2025-08-08 05:00:00+02:00;8908,000;1,000;MESURE
2025-08-08 06:00:00+02:00;2226,000;1,000;MESURE
2025-08-08 07:00:00+02:00;0,000;1,000;MESURE
2025-08-08 08:00:00+02:00;0,000;1,000;MESURE
2025-08-08 09:00:00+02:00;0,000;1,000;MESURE
2025-08-08 10:00:00+02:00;0,000;1,000;MESURE
2025-08-08 11:00:00+02:00;0,000;1,000;MESURE
2025-08-08 12:00:00+02:00;0,000;1,000;MESURE
2025-08-08 13:00:00+02:00;0,000;1,000;MESURE
2025-08-08 14:00:00+02:00;0,000;1,000;MESURE
2025-08-08 15:00:00+02:00;0,000;1,000;MESURE
2025-08-08 16:00:00+02:00;0,000;1,000;MESURE
2025-08-08 17:00:00+02:00;0,000;1,000;MESURE
2025-08-08 18:00:00+02:00;0,000;1,000;MESURE
2025-08-08 19:00:00+02:00;0,000;1,000;MESURE
2025-08-08 20:00:00+02:00;0,000;1,000;MESURE
2025-08-08 21:00:00+02:00;5047,000;1,000;MESURE
2025-08-08 22:00:00+02:00;9144,000;1,000;MESURE
2025-08-08 23:00:00+02:00;8998,000;1,000;MESURE
2025-08-09 00:00:00+02:00;8982,000;1,000;MESURE
2025-08-09 01:00:00+02:00;8959,000;1,000;MESURE
2025-08-09 02:00:00+02:00;8974,000;1,000;MESURE
2025-08-09 03:00:00+02:00;9039,000;1,000;MESURE
2025-08-09 04:00:00+02:00;9084,000;1,000;MESURE
2025-08-09 05:00:00+02:00;9029,000;1,000;MESURE
2025-08-09 06:00:00+02:00;2555,000;1,000;MESURE
2025-08-09 07:00:00+02:00;0,000;1,000;MESURE
2025-08-09 08:00:00+02:00;0,000;1,000;MESURE
2025-08-09 09:00:00+02:00;0,000;1,000;MESURE
2025-08-09 10:00:00+02:00;0,000;1,000;MESURE
2025-08-09 11:00:00+02:00;0,000;1,000;MESURE
2025-08-09 12:00:00+02:00;0,000;1,000;MESURE
2025-08-09 13:00:00+02:00;0,000;1,000;MESURE
2025-08-09 14:00:00+02:00;0,000;1,000;MESURE
2025-08-09 15:00:00+02:00;0,000;1,000;MESURE
2025-08-09 16:00:00+02:00;0,000;1,000;MESURE
2025-08-09 17:00:00+02:00;0,000;1,000;MESURE
2025-08-09 18:00:00+02:00;0,000;1,000;MESURE
2025-08-09 19:00:00+02:00;0,000;1,000;MESURE
2025-08-09 20:00:00+02:00;0,000;1,000;MESURE
2025-08-09 21:00:00+02:00;5389,000;1,000;MESURE
2025-08-09 22:00:00+02:00;9148,000;1,000;MESURE
2025-08-09 23:00:00+02:00;9022,000;1,000;MESURE
2025-08-10 00:00:00+02:00;8953,000;1,000;MESURE
2025-08-10 01:00:00+02:00;8903,000;1,000;MESURE
2025-08-10 02:00:00+02:00;8960,000;1,000;MESURE
2025-08-10 03:00:00+02:00;8986,000;1,000;MESURE
2025-08-10 04:00:00+02:00;9014,000;1,000;MESURE
2025-08-10 05:00:00+02:00;9028,000;1,000;MESURE
2025-08-10 06:00:00+02:00;2722,000;1,000;MESURE
2025-08-10 07:00:00+02:00;0,000;1,000;MESURE
2025-08-10 08:00:00+02:00;0,000;1,000;MESURE
2025-08-10 09:00:00+02:00;0,000;1,000;MESURE
2025-08-10 10:00:00+02:00;0,000;1,000;MESURE
2025-08-10 11:00:00+02:00;0,000;1,000;MESURE
2025-08-10 12:00:00+02:00;0,000;1,000;MESURE
2025-08-10 13:00:00+02:00;0,000;1,000;MESURE
2025-08-10 14:00:00+02:00;0,000;1,000;MESURE
2025-08-10 15:00:00+02:00;0,000;1,000;MESURE
2025-08-10 16:00:00+02:00;0,000;1,000;MESURE
2025-08-10 17:00:00+02:00;0,000;1,000;MESURE
2025-08-10 18:00:00+02:00;0,000;1,000;MESURE
2025-08-10 19:00:00+02:00;0,000;1,000;MESURE
2025-08-10 20:00:00+02:00;0,000;1,000;MESURE
2025-08-10 21:00:00+02:00;5552,000;1,000;MESURE
2025-08-10 22:00:00+02:00;8993,000;1,000;MESURE
2025-08-10 23:00:00+02:00;8889,000;1,000;MESURE
2025-08-11 00:00:00+02:00;8834,000;1,000;MESURE
2025-08-11 01:00:00+02:00;8862,000;1,000;MESURE
2025-08-11 02:00:00+02:00;8849,000;1,000;MESURE
2025-08-11 03:00:00+02:00;8832,000;1,000;MESURE
2025-08-11 04:00:00+02:00;8863,000;1,000;MESURE
2025-08-11 05:00:00+02:00;8834,000;1,000;MESURE
2025-08-11 06:00:00+02:00;2809,000;1,000;MESURE
2025-08-11 07:00:00+02:00;0,000;1,000;MESURE
2025-08-11 08:00:00+02:00;0,000;1,000;MESURE
2025-08-11 09:00:00+02:00;0,000;1,000;MESURE
2025-08-11 10:00:00+02:00;0,000;1,000;MESURE
2025-08-11 11:00:00+02:00;0,000;1,000;MESURE
2025-08-11 12:00:00+02:00;0,000;1,000;MESURE
2025-08-11 13:00:00+02:00;0,000;1,000;MESURE
2025-08-11 14:00:00+02:00;0,000;1,000;MESURE
2025-08-11 15:00:00+02:00;0,000;1,000;MESURE
2025-08-11 16:00:00+02:00;0,000;1,000;MESURE
2025-08-11 17:00:00+02:00;0,000;1,000;MESURE
2025-08-11 18:00:00+02:00;0,000;1,000;MESURE
2025-08-11 19:00:00+02:00;0,000;1,000;MESURE
2025-08-11 20:00:00+02:00;0,000;1,000;MESURE
2025-08-11 21:00:00+02:00;5864,000;1,000;MESURE
2025-08-11 22:00:00+02:00;9160,000;1,000;MESURE
2025-08-11 23:00:00+02:00;9029,000;1,000;MESURE
2025-08-12 00:00:00+02:00;8985,000;1,000;MESURE
2025-08-12 01:00:00+02:00;8999,000;1,000;MESURE
2025-08-12 02:00:00+02:00;8975,000;1,000;MESURE
2025-08-12 03:00:00+02:00;9006,000;1,000;MESURE
2025-08-12 04:00:00+02:00;8975,000;1,000;MESURE
2025-08-12 05:00:00+02:00;8938,000;1,000;MESURE
2025-08-12 06:00:00+02:00;3134,000;1,000;MESURE
2025-08-12 07:00:00+02:00;0,000;1,000;MESURE
2025-08-12 08:00:00+02:00;0,000;1,000;MESURE
2025-08-12 09:00:00+02:00;0,000;1,000;MESURE
2025-08-12 10:00:00+02:00;0,000;1,000;MESURE
2025-08-12 11:00:00+02:00;0,000;1,000;MESURE
2025-08-12 12:00:00+02:00;0,000;1,000;MESURE
2025-08-12 13:00:00+02:00;0,000;1,000;MESURE
2025-08-12 14:00:00+02:00;0,000;1,000;MESURE
2025-08-12 15:00:00+02:00;0,000;1,000;MESURE
2025-08-12 16:00:00+02:00;0,000;1,000;MESURE
2025-08-12 17:00:00+02:00;0,000;1,000;MESURE
2025-08-12 18:00:00+02:00;0,000;1,000;MESURE
2025-08-12 19:00:00+02:00;0,000;1,000;MESURE
2025-08-12 20:00:00+02:00;0,000;1,000;MESURE
2025-08-12 21:00:00+02:00;6170,000;1,000;MESURE
2025-08-12 22:00:00+02:00;8985,000;1,000;MESURE
2025-08-12 23:00:00+02:00;8850,000;1,000;MESURE
2025-08-13 00:00:00+02:00;8827,000;1,000;MESURE
2025-08-13 01:00:00+02:00;8842,000;1,000;MESURE
2025-08-13 02:00:00+02:00;8870,000;1,000;MESURE
2025-08-13 03:00:00+02:00;8848,000;1,000;MESURE
2025-08-13 04:00:00+02:00;8865,000;1,000;MESURE
2025-08-13 05:00:00+02:00;8836,000;1,000;MESURE
2025-08-13 06:00:00+02:00;3241,000;1,000;MESURE
2025-08-13 07:00:00+02:00;0,000;1,000;MESURE
2025-08-13 08:00:00+02:00;0,000;1,000;MESURE
2025-08-13 09:00:00+02:00;0,000;1,000;MESURE
2025-08-13 10:00:00+02:00;0,000;1,000;MESURE
2025-08-13 11:00:00+02:00;0,000;1,000;MESURE
2025-08-13 12:00:00+02:00;0,000;1,000;MESURE
2025-08-13 13:00:00+02:00;0,000;1,000;MESURE
2025-08-13 14:00:00+02:00;0,000;1,000;MESURE
2025-08-13 15:00:00+02:00;0,000;1,000;MESURE
2025-08-13 16:00:00+02:00;0,000;1,000;MESURE
2025-08-13 17:00:00+02:00;0,000;1,000;MESURE
2025-08-13 18:00:00+02:00;0,000;1,000;MESURE
2025-08-13 19:00:00+02:00;4979,000;1,000;MESURE
2025-08-13 20:00:00+02:00;9357,000;1,000;MESURE
2025-08-13 21:00:00+02:00;9215,000;1,000;MESURE
2025-08-13 22:00:00+02:00;9082,333;0,167;INTERP_COURTE
2025-08-13 23:00:00+02:00;8949,667;0,000;INTERP_COURTE
2025-08-14 00:00:00+02:00;8817,000;1,000;MESURE
2025-08-14 01:00:00+02:00;8462,000;1,000;MESURE
2025-08-14 02:00:00+02:00;8721,000;1,000;MESURE
2025-08-14 03:00:00+02:00;8756,000;1,000;MESURE
2025-08-14 04:00:00+02:00;8765,000;1,000;MESURE
2025-08-14 05:00:00+02:00;8769,000;1,000;MESURE
2025-08-14 06:00:00+02:00;3360,000;1,000;MESURE
2025-08-14 07:00:00+02:00;0,000;1,000;MESURE
2025-08-14 08:00:00+02:00;0,000;1,000;MESURE
2025-08-14 09:00:00+02:00;0,000;1,000;MESURE
2025-08-14 10:00:00+02:00;0,000;1,000;MESURE
2025-08-14 11:00:00+02:00;0,000;1,000;MESURE
2025-08-14 12:00:00+02:00;0,000;1,000;MESURE
2025-08-14 13:00:00+02:00;0,000;1,000;MESURE
2025-08-14 14:00:00+02:00;0,000;1,000;MESURE
2025-08-14 15:00:00+02:00;0,000;1,000;MESURE
2025-08-14 16:00:00+02:00;0,000;1,000;MESURE
2025-08-14 17:00:00+02:00;0,000;1,000;MESURE
2025-08-14 18:00:00+02:00;0,000;1,000;MESURE
2025-08-14 19:00:00+02:00;0,000;1,000;MESURE
2025-08-14 20:00:00+02:00;0,000;1,000;MESURE
2025-08-14 21:00:00+02:00;6634,000;1,000;MESURE
2025-08-14 22:00:00+02:00;9204,000;1,000;MESURE
2025-08-14 23:00:00+02:00;8912,000;1,000;MESURE
2025-08-15 00:00:00+02:00;8804,000;1,000;MESURE
2025-08-15 01:00:00+02:00;8878,000;1,000;MESURE
2025-08-15 02:00:00+02:00;8920,000;1,000;MESURE
2025-08-15 03:00:00+02:00;8966,000;1,000;MESURE
2025-08-15 04:00:00+02:00;9003,000;1,000;MESURE
2025-08-15 05:00:00+02:00;9012,000;1,000;MESURE
2025-08-15 06:00:00+02:00;3755,000;1,000;MESURE
2025-08-15 07:00:00+02:00;0,000;1,000;MESURE
2025-08-15 08:00:00+02:00;0,000;1,000;MESURE
2025-08-15 09:00:00+02:00;0,000;1,000;MESURE
2025-08-15 10:00:00+02:00;0,000;1,000;MESURE
2025-08-15 11:00:00+02:00;0,000;1,000;MESURE
2025-08-15 12:00:00+02:00;0,000;1,000;MESURE
2025-08-15 13:00:00+02:00;0,000;1,000;MESURE
2025-08-15 14:00:00+02:00;0,000;1,000;MESURE
2025-08-15 15:00:00+02:00;0,000;1,000;MESURE
2025-08-15 16:00:00+02:00;0,000;1,000;MESURE
2025-08-15 17:00:00+02:00;0,000;1,000;MESURE
2025-08-15 18:00:00+02:00;0,000;1,000;MESURE
2025-08-15 19:00:00+02:00;0,000;1,000;MESURE
2025-08-15 20:00:00+02:00;0,000;1,000;MESURE
2025-08-15 21:00:00+02:00;7050,000;1,000;MESURE
2025-08-15 22:00:00+02:00;9225,000;1,000;MESURE
2025-08-15 23:00:00+02:00;8975,000;1,000;MESURE
2025-08-16 00:00:00+02:00;8859,000;1,000;MESURE
2025-08-16 01:00:00+02:00;8852,000;1,000;MESURE
2025-08-16 02:00:00+02:00;8943,000;1,000;MESURE
2025-08-16 03:00:00+02:00;8971,000;1,000;MESURE
2025-08-16 04:00:00+02:00;8966,000;1,000;MESURE
2025-08-16 05:00:00+02:00;8942,000;1,000;MESURE
2025-08-16 06:00:00+02:00;3894,000;1,000;MESURE
2025-08-16 07:00:00+02:00;0,000;1,000;MESURE
2025-08-16 08:00:00+02:00;0,000;1,000;MESURE
2025-08-16 09:00:00+02:00;0,000;1,000;MESURE
2025-08-16 10:00:00+02:00;0,000;1,000;MESURE
2025-08-16 11:00:00+02:00;0,000;1,000;MESURE
2025-08-16 12:00:00+02:00;0,000;1,000;MESURE
2025-08-16 13:00:00+02:00;0,000;1,000;MESURE
2025-08-16 14:00:00+02:00;0,000;1,000;MESURE
2025-08-16 15:00:00+02:00;0,000;1,000;MESURE
2025-08-16 16:00:00+02:00;0,000;1,000;MESURE
2025-08-16 17:00:00+02:00;0,000;1,000;MESURE
2025-08-16 18:00:00+02:00;0,000;1,000;MESURE
2025-08-16 19:00:00+02:00;0,000;1,000;MESURE
2025-08-16 20:00:00+02:00;0,000;1,000;MESURE
2025-08-16 21:00:00+02:00;7142,000;1,000;MESURE
2025-08-16 22:00:00+02:00;9114,000;1,000;MESURE
2025-08-16 23:00:00+02:00;8954,000;1,000;MESURE
2025-08-17 00:00:00+02:00;8867,000;1,000;MESURE
2025-08-17 01:00:00+02:00;8954,000;1,000;MESURE
2025-08-17 02:00:00+02:00;8939,000;1,000;MESURE
2025-08-17 03:00:00+02:00;8972,000;1,000;MESURE
2025-08-17 04:00:00+02:00;9014,000;1,000;MESURE
2025-08-17 05:00:00+02:00;9056,000;1,000;MESURE
2025-08-17 06:00:00+02:00;4091,000;1,000;MESURE
2025-08-17 07:00:00+02:00;0,000;1,000;MESURE
2025-08-17 08:00:00+02:00;0,000;1,000;MESURE
2025-08-17 09:00:00+02:00;0,000;1,000;MESURE
2025-08-17 10:00:00+02:00;0,000;1,000;MESURE
2025-08-17 11:00:00+02:00;0,000;1,000;MESURE
2025-08-17 12:00:00+02:00;0,000;1,000;MESURE
2025-08-17 13:00:00+02:00;0,000;1,000;MESURE
2025-08-17 14:00:00+02:00;0,000;1,000;MESURE
2025-08-17 15:00:00+02:00;0,000;1,000;MESURE
2025-08-17 16:00:00+02:00;0,000;1,000;MESURE
2025-08-17 17:00:00+02:00;0,000;1,000;MESURE
2025-08-17 18:00:00+02:00;0,000;1,000;MESURE
2025-08-17 19:00:00+02:00;0,000;1,000;MESURE
2025-08-17 20:00:00+02:00;0,000;1,000;MESURE
2025-08-17 21:00:00+02:00;7320,000;1,000;MESURE
2025-08-17 22:00:00+02:00;9105,000;1,000;MESURE
2025-08-17 23:00:00+02:00;8999,000;1,000;MESURE
2025-08-18 00:00:00+02:00;8905,000;1,000;MESURE
2025-08-18 01:00:00+02:00;8998,000;1,000;MESURE
2025-08-18 02:00:00+02:00;9020,000;1,000;MESURE
2025-08-18 03:00:00+02:00;9015,000;1,000;MESURE
2025-08-18 04:00:00+02:00;9033,000;1,000;MESURE
2025-08-18 05:00:00+02:00;9036,000;1,000;MESURE
2025-08-18 06:00:00+02:00;4357,000;1,000;MESURE
2025-08-18 07:00:00+02:00;0,000;1,000;MESURE
2025-08-18 08:00:00+02:00;0,000;1,000;MESURE
2025-08-18 09:00:00+02:00;0,000;1,000;MESURE
2025-08-18 10:00:00+02:00;0,000;1,000;MESURE
2025-08-18 11:00:00+02:00;0,000;1,000;MESURE
2025-08-18 12:00:00+02:00;0,000;1,000;MESURE
2025-08-18 13:00:00+02:00;0,000;1,000;MESURE
2025-08-18 14:00:00+02:00;0,000;1,000;MESURE
2025-08-18 15:00:00+02:00;0,000;1,000;MESURE
2025-08-18 16:00:00+02:00;0,000;1,000;MESURE
2025-08-18 17:00:00+02:00;0,000;1,000;MESURE
2025-08-18 18:00:00+02:00;0,000;1,000;MESURE
2025-08-18 19:00:00+02:00;0,000;1,000;MESURE
2025-08-18 20:00:00+02:00;0,000;1,000;MESURE
2025-08-18 21:00:00+02:00;7619,000;1,000;MESURE
2025-08-18 22:00:00+02:00;9128,000;1,000;MESURE
2025-08-18 23:00:00+02:00;8993,000;1,000;MESURE
2025-08-19 00:00:00+02:00;8963,000;1,000;MESURE
2025-08-19 01:00:00+02:00;9003,000;1,000;MESURE
2025-08-19 02:00:00+02:00;9006,000;1,000;MESURE
2025-08-19 03:00:00+02:00;9029,000;1,000;MESURE
2025-08-19 04:00:00+02:00;8977,000;1,000;MESURE
2025-08-19 05:00:00+02:00;8947,000;1,000;MESURE
2025-08-19 06:00:00+02:00;4472,000;1,000;MESURE
2025-08-19 07:00:00+02:00;0,000;1,000;MESURE
2025-08-19 08:00:00+02:00;0,000;1,000;MESURE
2025-08-19 09:00:00+02:00;0,000;1,000;MESURE
2025-08-19 10:00:00+02:00;0,000;1,000;MESURE
2025-08-19 11:00:00+02:00;0,000;1,000;MESURE
2025-08-19 12:00:00+02:00;0,000;1,000;MESURE
2025-08-19 13:00:00+02:00;0,000;1,000;MESURE
2025-08-19 14:00:00+02:00;0,000;1,000;MESURE
2025-08-19 15:00:00+02:00;0,000;1,000;MESURE
2025-08-19 16:00:00+02:00;0,000;1,000;MESURE
2025-08-19 17:00:00+02:00;0,000;1,000;MESURE
2025-08-19 18:00:00+02:00;0,000;1,000;MESURE
2025-08-19 19:00:00+02:00;0,000;1,000;MESURE
2025-08-19 20:00:00+02:00;0,000;1,000;MESURE
2025-08-19 21:00:00+02:00;7933,000;1,000;MESURE
2025-08-19 22:00:00+02:00;9168,000;1,000;MESURE
2025-08-19 23:00:00+02:00;8985,000;1,000;MESURE
2025-08-20 00:00:00+02:00;8890,000;1,000;MESURE
2025-08-20 01:00:00+02:00;8933,000;1,000;MESURE
2025-08-20 02:00:00+02:00;8932,000;1,000;MESURE
2025-08-20 03:00:00+02:00;8941,000;1,000;MESURE
2025-08-20 04:00:00+02:00;8956,000;1,000;MESURE
2025-08-20 05:00:00+02:00;8953,000;1,000;MESURE
2025-08-20 06:00:00+02:00;4639,000;1,000;MESURE
2025-08-20 07:00:00+02:00;0,000;1,000;MESURE
2025-08-20 08:00:00+02:00;0,000;1,000;MESURE
2025-08-20 09:00:00+02:00;0,000;1,000;MESURE
2025-08-20 10:00:00+02:00;0,000;1,000;MESURE
2025-08-20 11:00:00+02:00;0,000;1,000;MESURE
2025-08-20 12:00:00+02:00;0,000;1,000;MESURE
2025-08-20 13:00:00+02:00;0,000;1,000;MESURE
2025-08-20 14:00:00+02:00;0,000;1,000;MESURE
2025-08-20 15:00:00+02:00;0,000;1,000;MESURE
2025-08-20 16:00:00+02:00;0,000;1,000;MESURE
2025-08-20 17:00:00+02:00;0,000;1,000;MESURE
2025-08-20 18:00:00+02:00;0,000;1,000;MESURE
2025-08-20 19:00:00+02:00;0,000;1,000;MESURE
2025-08-20 20:00:00+02:00;0,000;1,000;MESURE
2025-08-20 21:00:00+02:00;8348,000;1,000;MESURE
2025-08-20 22:00:00+02:00;9244,000;1,000;MESURE
2025-08-20 23:00:00+02:00;9089,000;1,000;MESURE
2025-08-21 00:00:00+02:00;8965,000;1,000;MESURE
2025-08-21 01:00:00+02:00;8988,000;1,000;MESURE
2025-08-21 02:00:00+02:00;8978,000;1,000;MESURE
2025-08-21 03:00:00+02:00;8992,000;1,000;MESURE
2025-08-21 04:00:00+02:00;9020,000;1,000;MESURE
2025-08-21 05:00:00+02:00;9030,000;1,000;MESURE
2025-08-21 06:00:00+02:00;4989,000;1,000;MESURE
2025-08-21 07:00:00+02:00;0,000;1,000;MESURE
2025-08-21 08:00:00+02:00;0,000;1,000;MESURE
2025-08-21 09:00:00+02:00;0,000;1,000;MESURE
2025-08-21 10:00:00+02:00;0,000;1,000;MESURE
2025-08-21 11:00:00+02:00;0,000;1,000;MESURE
2025-08-21 12:00:00+02:00;0,000;1,000;MESURE
2025-08-21 13:00:00+02:00;0,000;1,000;MESURE
2025-08-21 14:00:00+02:00;0,000;1,000;MESURE
2025-08-21 15:00:00+02:00;0,000;1,000;MESURE
2025-08-21 16:00:00+02:00;0,000;1,000;MESURE
2025-08-21 17:00:00+02:00;0,000;1,000;MESURE
2025-08-21 18:00:00+02:00;0,000;1,000;MESURE
2025-08-21 19:00:00+02:00;0,000;1,000;MESURE
2025-08-21 20:00:00+02:00;0,000;1,000;MESURE
2025-08-21 21:00:00+02:00;8346,000;1,000;MESURE
2025-08-21 22:00:00+02:00;8874,000;1,000;MESURE
2025-08-21 23:00:00+02:00;8953,000;1,000;MESURE
2025-08-22 00:00:00+02:00;8672,000;1,000;MESURE
2025-08-22 01:00:00+02:00;8718,000;1,000;MESURE
2025-08-22 02:00:00+02:00;8722,000;1,000;MESURE
2025-08-22 03:00:00+02:00;8783,000;1,000;MESURE
2025-08-22 04:00:00+02:00;8770,000;1,000;MESURE
2025-08-22 05:00:00+02:00;8777,000;1,000;MESURE
2025-08-22 06:00:00+02:00;5026,000;1,000;MESURE
2025-08-22 07:00:00+02:00;0,000;1,000;MESURE
2025-08-22 08:00:00+02:00;0,000;1,000;MESURE
2025-08-22 09:00:00+02:00;0,000;1,000;MESURE
2025-08-22 10:00:00+02:00;0,000;1,000;MESURE
2025-08-22 11:00:00+02:00;0,000;1,000;MESURE
2025-08-22 12:00:00+02:00;0,000;1,000;MESURE
2025-08-22 13:00:00+02:00;0,000;1,000;MESURE
2025-08-22 14:00:00+02:00;0,000;1,000;MESURE
2025-08-22 15:00:00+02:00;0,000;1,000;MESURE
2025-08-22 16:00:00+02:00;0,000;1,000;MESURE
2025-08-22 17:00:00+02:00;0,000;1,000;MESURE
2025-08-22 18:00:00+02:00;0,000;1,000;MESURE
2025-08-22 19:00:00+02:00;0,000;1,000;MESURE
2025-08-22 20:00:00+02:00;0,000;1,000;MESURE
2025-08-22 21:00:00+02:00;8774,000;1,000;MESURE
2025-08-22 22:00:00+02:00;8996,000;1,000;MESURE
2025-08-22 23:00:00+02:00;8934,000;1,000;MESURE
2025-08-23 00:00:00+02:00;8852,000;1,000;MESURE
2025-08-23 01:00:00+02:00;8878,000;1,000;MESURE
2025-08-23 02:00:00+02:00;8921,000;1,000;MESURE
2025-08-23 03:00:00+02:00;8982,000;1,000;MESURE
2025-08-23 04:00:00+02:00;8998,000;1,000;MESURE
2025-08-23 05:00:00+02:00;8969,000;1,000;MESURE
2025-08-23 06:00:00+02:00;5261,000;1,000;MESURE
2025-08-23 07:00:00+02:00;0,000;1,000;MESURE
2025-08-23 08:00:00+02:00;0,000;1,000;MESURE
2025-08-23 09:00:00+02:00;0,000;1,000;MESURE
2025-08-23 10:00:00+02:00;0,000;1,000;MESURE
2025-08-23 11:00:00+02:00;0,000;1,000;MESURE
2025-08-23 12:00:00+02:00;0,000;1,000;MESURE
2025-08-23 13:00:00+02:00;0,000;1,000;MESURE
2025-08-23 14:00:00+02:00;0,000;1,000;MESURE
2025-08-23 15:00:00+02:00;0,000;1,000;MESURE
2025-08-23 16:00:00+02:00;0,000;1,000;MESURE
2025-08-23 17:00:00+02:00;0,000;1,000;MESURE
2025-08-23 18:00:00+02:00;0,000;1,000;MESURE
2025-08-23 19:00:00+02:00;0,000;1,000;MESURE
2025-08-23 20:00:00+02:00;0,000;1,000;MESURE
2025-08-23 21:00:00+02:00;8866,000;1,000;MESURE
2025-08-23 22:00:00+02:00;8979,000;1,000;MESURE
2025-08-23 23:00:00+02:00;8819,000;1,000;MESURE
2025-08-24 00:00:00+02:00;8800,000;1,000;MESURE
2025-08-24 01:00:00+02:00;8820,000;1,000;MESURE
2025-08-24 02:00:00+02:00;8857,000;1,000;MESURE
2025-08-24 03:00:00+02:00;8916,000;1,000;MESURE
2025-08-24 04:00:00+02:00;8976,000;1,000;MESURE
2025-08-24 05:00:00+02:00;8988,000;1,000;MESURE
2025-08-24 06:00:00+02:00;5587,000;1,000;MESURE
2025-08-24 07:00:00+02:00;0,000;1,000;MESURE
2025-08-24 08:00:00+02:00;0,000;1,000;MESURE
2025-08-24 09:00:00+02:00;0,000;1,000;MESURE
2025-08-24 10:00:00+02:00;0,000;1,000;MESURE
2025-08-24 11:00:00+02:00;0,000;1,000;MESURE
2025-08-24 12:00:00+02:00;0,000;1,000;MESURE
2025-08-24 13:00:00+02:00;0,000;1,000;MESURE
2025-08-24 14:00:00+02:00;0,000;1,000;MESURE
2025-08-24 15:00:00+02:00;0,000;1,000;MESURE
2025-08-24 16:00:00+02:00;0,000;1,000;MESURE
2025-08-24 17:00:00+02:00;0,000;1,000;MESURE
2025-08-24 18:00:00+02:00;0,000;1,000;MESURE
2025-08-24 19:00:00+02:00;0,000;1,000;MESURE
2025-08-24 20:00:00+02:00;197,000;1,000;MESURE
2025-08-24 21:00:00+02:00;8753,000;1,000;MESURE
2025-08-24 22:00:00+02:00;8779,000;1,000;MESURE
2025-08-24 23:00:00+02:00;8654,000;1,000;MESURE
2025-08-25 00:00:00+02:00;8588,000;1,000;MESURE
2025-08-25 01:00:00+02:00;8635,000;1,000;MESURE
2025-08-25 02:00:00+02:00;8580,000;1,000;MESURE
2025-08-25 03:00:00+02:00;8585,000;1,000;MESURE
2025-08-25 04:00:00+02:00;8576,000;1,000;MESURE
2025-08-25 05:00:00+02:00;8580,000;1,000;MESURE
2025-08-25 06:00:00+02:00;5454,000;1,000;MESURE
2025-08-25 07:00:00+02:00;0,000;1,000;MESURE
2025-08-25 08:00:00+02:00;0,000;1,000;MESURE
2025-08-25 09:00:00+02:00;0,000;1,000;MESURE
2025-08-25 10:00:00+02:00;0,000;1,000;MESURE
2025-08-25 11:00:00+02:00;0,000;1,000;MESURE
2025-08-25 12:00:00+02:00;0,000;1,000;MESURE
2025-08-25 13:00:00+02:00;0,000;1,000;MESURE
2025-08-25 14:00:00+02:00;0,000;1,000;MESURE
2025-08-25 15:00:00+02:00;0,000;1,000;MESURE
2025-08-25 16:00:00+02:00;0,000;1,000;MESURE
2025-08-25 17:00:00+02:00;0,000;1,000;MESURE
2025-08-25 18:00:00+02:00;0,000;1,000;MESURE
2025-08-25 19:00:00+02:00;0,000;1,000;MESURE
2025-08-25 20:00:00+02:00;487,000;1,000;MESURE
2025-08-25 21:00:00+02:00;9098,000;1,000;MESURE
2025-08-25 22:00:00+02:00;9115,000;1,000;MESURE
2025-08-25 23:00:00+02:00;8847,000;1,000;MESURE
2025-08-26 00:00:00+02:00;8808,000;1,000;MESURE
2025-08-26 01:00:00+02:00;8994,000;1,000;MESURE
2025-08-26 02:00:00+02:00;9002,000;1,000;MESURE
2025-08-26 03:00:00+02:00;9048,000;1,000;MESURE
2025-08-26 04:00:00+02:00;9050,000;1,000;MESURE
2025-08-26 05:00:00+02:00;8978,000;1,000;MESURE
2025-08-26 06:00:00+02:00;5827,000;1,000;MESURE
2025-08-26 07:00:00+02:00;0,000;1,000;MESURE
2025-08-26 08:00:00+02:00;0,000;1,000;MESURE
2025-08-26 09:00:00+02:00;0,000;1,000;MESURE
2025-08-26 10:00:00+02:00;0,000;1,000;MESURE
2025-08-26 11:00:00+02:00;0,000;1,000;MESURE
2025-08-26 12:00:00+02:00;0,000;1,000;MESURE
2025-08-26 13:00:00+02:00;0,000;1,000;MESURE
2025-08-26 14:00:00+02:00;0,000;1,000;MESURE
2025-08-26 15:00:00+02:00;0,000;1,000;MESURE
2025-08-26 16:00:00+02:00;0,000;1,000;MESURE
2025-08-26 17:00:00+02:00;0,000;1,000;MESURE
2025-08-26 18:00:00+02:00;0,000;1,000;MESURE
2025-08-26 19:00:00+02:00;0,000;1,000;MESURE
2025-08-26 20:00:00+02:00;780,000;1,000;MESURE
2025-08-26 21:00:00+02:00;9092,000;1,000;MESURE
2025-08-26 22:00:00+02:00;9048,000;1,000;MESURE
2025-08-26 23:00:00+02:00;8932,000;1,000;MESURE
2025-08-27 00:00:00+02:00;8880,000;1,000;MESURE
2025-08-27 01:00:00+02:00;8941,000;1,000;MESURE
2025-08-27 02:00:00+02:00;8936,000;1,000;MESURE
2025-08-27 03:00:00+02:00;8976,000;1,000;MESURE
2025-08-27 04:00:00+02:00;8995,000;1,000;MESURE
2025-08-27 05:00:00+02:00;8967,000;1,000;MESURE
2025-08-27 06:00:00+02:00;5976,000;1,000;MESURE
2025-08-27 07:00:00+02:00;0,000;1,000;MESURE
2025-08-27 08:00:00+02:00;0,000;1,000;MESURE
2025-08-27 09:00:00+02:00;0,000;1,000;MESURE
2025-08-27 10:00:00+02:00;0,000;1,000;MESURE
2025-08-27 11:00:00+02:00;0,000;1,000;MESURE
2025-08-27 12:00:00+02:00;0,000;1,000;MESURE
2025-08-27 13:00:00+02:00;0,000;1,000;MESURE
2025-08-27 14:00:00+02:00;0,000;1,000;MESURE
2025-08-27 15:00:00+02:00;0,000;1,000;MESURE
2025-08-27 16:00:00+02:00;0,000;1,000;MESURE
2025-08-27 17:00:00+02:00;0,000;1,000;MESURE
2025-08-27 18:00:00+02:00;0,000;1,000;MESURE
2025-08-27 19:00:00+02:00;0,000;1,000;MESURE
2025-08-27 20:00:00+02:00;1116,000;1,000;MESURE
2025-08-27 21:00:00+02:00;9176,000;1,000;MESURE
2025-08-27 22:00:00+02:00;9053,000;1,000;MESURE
2025-08-27 23:00:00+02:00;8956,000;1,000;MESURE
2025-08-28 00:00:00+02:00;8899,000;1,000;MESURE
2025-08-28 01:00:00+02:00;8903,000;1,000;MESURE
2025-08-28 02:00:00+02:00;8911,000;1,000;MESURE
2025-08-28 03:00:00+02:00;8920,000;1,000;MESURE
2025-08-28 04:00:00+02:00;9006,000;1,000;MESURE
2025-08-28 05:00:00+02:00;9000,000;1,000;MESURE
2025-08-28 06:00:00+02:00;6293,000;1,000;MESURE
2025-08-28 07:00:00+02:00;0,000;1,000;MESURE
2025-08-28 08:00:00+02:00;0,000;1,000;MESURE
2025-08-28 09:00:00+02:00;0,000;1,000;MESURE
2025-08-28 10:00:00+02:00;0,000;1,000;MESURE
2025-08-28 11:00:00+02:00;0,000;1,000;MESURE
2025-08-28 12:00:00+02:00;0,000;1,000;MESURE
2025-08-28 13:00:00+02:00;0,000;1,000;MESURE
2025-08-28 14:00:00+02:00;0,000;1,000;MESURE
2025-08-28 15:00:00+02:00;0,000;1,000;MESURE
2025-08-28 16:00:00+02:00;0,000;1,000;MESURE
2025-08-28 17:00:00+02:00;0,000;1,000;MESURE
2025-08-28 18:00:00+02:00;0,000;1,000;MESURE
2025-08-28 19:00:00+02:00;0,000;1,000;MESURE
2025-08-28 20:00:00+02:00;1396,000;1,000;MESURE
2025-08-28 21:00:00+02:00;9199,000;1,000;MESURE
2025-08-28 22:00:00+02:00;9082,000;1,000;MESURE
2025-08-28 23:00:00+02:00;8998,000;1,000;MESURE
2025-08-29 00:00:00+02:00;8896,000;1,000;MESURE
2025-08-29 01:00:00+02:00;8962,000;1,000;MESURE
2025-08-29 02:00:00+02:00;8983,000;1,000;MESURE
2025-08-29 03:00:00+02:00;9022,000;1,000;MESURE
2025-08-29 04:00:00+02:00;9018,000;1,000;MESURE
2025-08-29 05:00:00+02:00;9002,000;1,000;MESURE
2025-08-29 06:00:00+02:00;6438,000;1,000;MESURE
2025-08-29 07:00:00+02:00;0,000;1,000;MESURE
2025-08-29 08:00:00+02:00;0,000;1,000;MESURE
2025-08-29 09:00:00+02:00;0,000;1,000;MESURE
2025-08-29 10:00:00+02:00;0,000;1,000;MESURE
2025-08-29 11:00:00+02:00;0,000;1,000;MESURE
2025-08-29 12:00:00+02:00;0,000;1,000;MESURE
2025-08-29 13:00:00+02:00;0,000;1,000;MESURE
2025-08-29 14:00:00+02:00;0,000;1,000;MESURE
2025-08-29 15:00:00+02:00;0,000;1,000;MESURE
2025-08-29 16:00:00+02:00;0,000;1,000;MESURE
2025-08-29 17:00:00+02:00;0,000;1,000;MESURE
2025-08-29 18:00:00+02:00;0,000;1,000;MESURE
2025-08-29 19:00:00+02:00;0,000;1,000;MESURE
2025-08-29 20:00:00+02:00;1667,000;1,000;MESURE
2025-08-29 21:00:00+02:00;9188,000;1,000;MESURE
2025-08-29 22:00:00+02:00;9124,000;1,000;MESURE
2025-08-29 23:00:00+02:00;8931,000;1,000;MESURE
2025-08-30 00:00:00+02:00;8945,000;1,000;MESURE
2025-08-30 01:00:00+02:00;8960,000;1,000;MESURE
2025-08-30 02:00:00+02:00;8938,000;1,000;MESURE
2025-08-30 03:00:00+02:00;8985,000;1,000;MESURE
2025-08-30 04:00:00+02:00;9042,000;1,000;MESURE
2025-08-30 05:00:00+02:00;9052,000;1,000;MESURE
2025-08-30 06:00:00+02:00;6660,000;1,000;MESURE
2025-08-30 07:00:00+02:00;0,000;1,000;MESURE
2025-08-30 08:00:00+02:00;0,000;1,000;MESURE
2025-08-30 09:00:00+02:00;0,000;1,000;MESURE
2025-08-30 10:00:00+02:00;0,000;1,000;MESURE
2025-08-30 11:00:00+02:00;0,000;1,000;MESURE
2025-08-30 12:00:00+02:00;0,000;1,000;MESURE
2025-08-30 13:00:00+02:00;0,000;1,000;MESURE
2025-08-30 14:00:00+02:00;0,000;1,000;MESURE
2025-08-30 15:00:00+02:00;0,000;1,000;MESURE
2025-08-30 16:00:00+02:00;0,000;1,000;MESURE
2025-08-30 17:00:00+02:00;0,000;1,000;MESURE
2025-08-30 18:00:00+02:00;0,000;1,000;MESURE
2025-08-30 19:00:00+02:00;0,000;1,000;MESURE
2025-08-30 20:00:00+02:00;1846,000;1,000;MESURE
2025-08-30 21:00:00+02:00;9243,000;1,000;MESURE
2025-08-30 22:00:00+02:00;9207,000;1,000;MESURE
2025-08-30 23:00:00+02:00;9012,000;1,000;MESURE
2025-08-31 00:00:00+02:00;8918,000;1,000;MESURE
2025-08-31 01:00:00+02:00;8876,000;1,000;MESURE
2025-08-31 02:00:00+02:00;8902,000;1,000;MESURE
2025-08-31 03:00:00+02:00;8939,000;1,000;MESURE
2025-08-31 04:00:00+02:00;8954,000;1,000;MESURE
2025-08-31 05:00:00+02:00;8974,000;1,000;MESURE
2025-08-31 06:00:00+02:00;6948,000;1,000;MESURE
2025-08-31 07:00:00+02:00;0,000;1,000;MESURE
2025-08-31 08:00:00+02:00;0,000;1,000;MESURE
2025-08-31 09:00:00+02:00;0,000;1,000;MESURE
2025-08-31 10:00:00+02:00;0,000;1,000;MESURE
2025-08-31 11:00:00+02:00;0,000;1,000;MESURE
2025-08-31 12:00:00+02:00;0,000;1,000;MESURE
2025-08-31 13:00:00+02:00;0,000;1,000;MESURE
2025-08-31 14:00:00+02:00;0,000;1,000;MESURE
2025-08-31 15:00:00+02:00;0,000;1,000;MESURE
2025-08-31 16:00:00+02:00;0,000;1,000;MESURE
2025-08-31 17:00:00+02:00;0,000;1,000;MESURE
2025-08-31 18:00:00+02:00;0,000;1,000;MESURE
2025-08-31 19:00:00+02:00;0,000;1,000;MESURE
2025-08-31 20:00:00+02:00;2110,000;1,000;MESURE
2025-08-31 21:00:00+02:00;9063,000;1,000;MESURE
2025-08-31 22:00:00+02:00;9001,000;1,000;MESURE
2025-08-31 23:00:00+02:00;8847,000;1,000;MESURE
2025-09-01 00:00:00+02:00;8801,000;1,000;MESURE
2025-09-01 01:00:00+02:00;8780,000;1,000;MESURE
2025-09-01 02:00:00+02:00;8787,000;1,000;MESURE
2025-09-01 03:00:00+02:00;8838,000;1,000;MESURE
2025-09-01 04:00:00+02:00;8866,000;1,000;MESURE
2025-09-01 05:00:00+02:00;8998,000;1,000;MESURE
2025-09-01 06:00:00+02:00;7096,000;1,000;MESURE
2025-09-01 07:00:00+02:00;0,000;1,000;MESURE
2025-09-01 08:00:00+02:00;0,000;1,000;MESURE
2025-09-01 09:00:00+02:00;0,000;1,000;MESURE
2025-09-01 10:00:00+02:00;0,000;1,000;MESURE
2025-09-01 11:00:00+02:00;0,000;1,000;MESURE
2025-09-01 12:00:00+02:00;0,000;1,000;MESURE
2025-09-01 13:00:00+02:00;0,000;1,000;MESURE
2025-09-01 14:00:00+02:00;0,000;1,000;MESURE
2025-09-01 15:00:00+02:00;0,000;1,000;MESURE
2025-09-01 16:00:00+02:00;0,000;1,000;MESURE
2025-09-01 17:00:00+02:00;0,000;1,000;MESURE
2025-09-01 18:00:00+02:00;0,000;1,000;MESURE
2025-09-01 19:00:00+02:00;0,000;1,000;MESURE
2025-09-01 20:00:00+02:00;2521,000;1,000;MESURE
2025-09-01 21:00:00+02:00;9447,000;1,000;MESURE
2025-09-01 22:00:00+02:00;9364,000;1,000;MESURE
2025-09-01 23:00:00+02:00;9205,000;1,000;MESURE
2025-09-02 00:00:00+02:00;9230,000;1,000;MESURE
2025-09-02 01:00:00+02:00;9234,000;1,000;MESURE
2025-09-02 02:00:00+02:00;9295,000;1,000;MESURE
2025-09-02 03:00:00+02:00;9311,000;1,000;MESURE
2025-09-02 04:00:00+02:00;9280,000;1,000;MESURE
2025-09-02 05:00:00+02:00;9225,000;1,000;MESURE
2025-09-02 06:00:00+02:00;7381,000;1,000;MESURE
2025-09-02 07:00:00+02:00;0,000;1,000;MESURE
2025-09-02 08:00:00+02:00;0,000;1,000;MESURE
2025-09-02 09:00:00+02:00;0,000;1,000;MESURE
2025-09-02 10:00:00+02:00;0,000;1,000;MESURE
2025-09-02 11:00:00+02:00;0,000;1,000;MESURE
2025-09-02 12:00:00+02:00;0,000;1,000;MESURE
2025-09-02 13:00:00+02:00;0,000;1,000;MESURE
2025-09-02 14:00:00+02:00;0,000;1,000;MESURE
2025-09-02 15:00:00+02:00;0,000;1,000;MESURE
2025-09-02 16:00:00+02:00;0,000;1,000;MESURE
2025-09-02 17:00:00+02:00;0,000;1,000;MESURE
2025-09-02 18:00:00+02:00;0,000;1,000;MESURE
2025-09-02 19:00:00+02:00;0,000;1,000;MESURE
2025-09-02 20:00:00+02:00;2814,000;1,000;MESURE
2025-09-02 21:00:00+02:00;9372,000;1,000;MESURE
2025-09-02 22:00:00+02:00;9275,000;1,000;MESURE
2025-09-02 23:00:00+02:00;9110,000;1,000;MESURE
2025-09-03 00:00:00+02:00;9083,000;1,000;MESURE
2025-09-03 01:00:00+02:00;9071,000;1,000;MESURE
2025-09-03 02:00:00+02:00;9076,000;1,000;MESURE
2025-09-03 03:00:00+02:00;9086,000;1,000;MESURE
2025-09-03 04:00:00+02:00;9101,000;1,000;MESURE
2025-09-03 05:00:00+02:00;9039,000;1,000;MESURE
2025-09-03 06:00:00+02:00;7543,000;1,000;MESURE
2025-09-03 07:00:00+02:00;0,000;1,000;MESURE
2025-09-03 08:00:00+02:00;0,000;1,000;MESURE
2025-09-03 09:00:00+02:00;0,000;1,000;MESURE
2025-09-03 10:00:00+02:00;0,000;1,000;MESURE
2025-09-03 11:00:00+02:00;0,000;1,000;MESURE
2025-09-03 12:00:00+02:00;0,000;1,000;MESURE
2025-09-03 13:00:00+02:00;0,000;1,000;MESURE
2025-09-03 14:00:00+02:00;0,000;1,000;MESURE
2025-09-03 15:00:00+02:00;0,000;1,000;MESURE
2025-09-03 16:00:00+02:00;0,000;1,000;MESURE
2025-09-03 17:00:00+02:00;0,000;1,000;MESURE
2025-09-03 18:00:00+02:00;0,000;1,000;MESURE
2025-09-03 19:00:00+02:00;0,000;1,000;MESURE
2025-09-03 20:00:00+02:00;3085,000;1,000;MESURE
2025-09-03 21:00:00+02:00;9236,000;1,000;MESURE
2025-09-03 22:00:00+02:00;9110,000;1,000;MESURE
2025-09-03 23:00:00+02:00;8977,000;1,000;MESURE
2025-09-04 00:00:00+02:00;8929,000;1,000;MESURE
2025-09-04 01:00:00+02:00;8945,000;1,000;MESURE
2025-09-04 02:00:00+02:00;8977,000;1,000;MESURE
2025-09-04 03:00:00+02:00;9012,000;1,000;MESURE
2025-09-04 04:00:00+02:00;9030,000;1,000;MESURE
2025-09-04 05:00:00+02:00;9016,000;1,000;MESURE
2025-09-04 06:00:00+02:00;7676,000;1,000;MESURE
2025-09-04 07:00:00+02:00;0,000;1,000;MESURE
2025-09-04 08:00:00+02:00;0,000;1,000;MESURE
2025-09-04 09:00:00+02:00;0,000;1,000;MESURE
2025-09-04 10:00:00+02:00;0,000;1,000;MESURE
2025-09-04 11:00:00+02:00;0,000;1,000;MESURE
2025-09-04 12:00:00+02:00;0,000;1,000;MESURE
2025-09-04 13:00:00+02:00;0,000;1,000;MESURE
2025-09-04 14:00:00+02:00;0,000;1,000;MESURE
2025-09-04 15:00:00+02:00;0,000;1,000;MESURE
2025-09-04 16:00:00+02:00;0,000;1,000;MESURE
2025-09-04 17:00:00+02:00;0,000;1,000;MESURE
2025-09-04 18:00:00+02:00;0,000;1,000;MESURE
2025-09-04 19:00:00+02:00;0,000;1,000;MESURE
2025-09-04 20:00:00+02:00;3467,000;1,000;MESURE
2025-09-04 21:00:00+02:00;9480,000;1,000;MESURE
2025-09-04 22:00:00+02:00;9385,000;1,000;MESURE
2025-09-04 23:00:00+02:00;9231,000;1,000;MESURE
2025-09-05 00:00:00+02:00;9270,000;1,000;MESURE
2025-09-05 01:00:00+02:00;9254,000;1,000;MESURE
2025-09-05 02:00:00+02:00;9179,000;1,000;MESURE
2025-09-05 03:00:00+02:00;9239,000;1,000;MESURE
2025-09-05 04:00:00+02:00;9266,000;1,000;MESURE
2025-09-05 05:00:00+02:00;9260,000;1,000;MESURE
2025-09-05 06:00:00+02:00;8062,000;1,000;MESURE
2025-09-05 07:00:00+02:00;0,000;1,000;MESURE
2025-09-05 08:00:00+02:00;0,000;1,000;MESURE
2025-09-05 09:00:00+02:00;0,000;1,000;MESURE
2025-09-05 10:00:00+02:00;0,000;1,000;MESURE
2025-09-05 11:00:00+02:00;0,000;1,000;MESURE
2025-09-05 12:00:00+02:00;0,000;1,000;MESURE
2025-09-05 13:00:00+02:00;0,000;1,000;MESURE
2025-09-05 14:00:00+02:00;0,000;1,000;MESURE
2025-09-05 15:00:00+02:00;0,000;1,000;MESURE
2025-09-05 16:00:00+02:00;0,000;1,000;MESURE
2025-09-05 17:00:00+02:00;0,000;1,000;MESURE
2025-09-05 18:00:00+02:00;0,000;1,000;MESURE
2025-09-05 19:00:00+02:00;0,000;1,000;MESURE
2025-09-05 20:00:00+02:00;3746,000;1,000;MESURE
2025-09-05 21:00:00+02:00;9383,000;1,000;MESURE
2025-09-05 22:00:00+02:00;9254,000;1,000;MESURE
2025-09-05 23:00:00+02:00;9051,000;1,000;MESURE
2025-09-06 00:00:00+02:00;9005,000;1,000;MESURE
2025-09-06 01:00:00+02:00;9139,000;1,000;MESURE
2025-09-06 02:00:00+02:00;9188,000;1,000;MESURE
2025-09-06 03:00:00+02:00;9228,000;1,000;MESURE
2025-09-06 04:00:00+02:00;9249,000;1,000;MESURE
2025-09-06 05:00:00+02:00;9183,000;1,000;MESURE
2025-09-06 06:00:00+02:00;8081,000;1,000;MESURE
2025-09-06 07:00:00+02:00;0,000;1,000;MESURE
2025-09-06 08:00:00+02:00;0,000;1,000;MESURE
2025-09-06 09:00:00+02:00;0,000;1,000;MESURE
2025-09-06 10:00:00+02:00;0,000;1,000;MESURE
2025-09-06 11:00:00+02:00;0,000;1,000;MESURE
2025-09-06 12:00:00+02:00;0,000;1,000;MESURE
2025-09-06 13:00:00+02:00;0,000;1,000;MESURE
2025-09-06 14:00:00+02:00;0,000;1,000;MESURE
2025-09-06 15:00:00+02:00;0,000;1,000;MESURE
2025-09-06 16:00:00+02:00;0,000;1,000;MESURE
2025-09-06 17:00:00+02:00;0,000;1,000;MESURE
2025-09-06 18:00:00+02:00;0,000;1,000;MESURE
2025-09-06 19:00:00+02:00;0,000;1,000;MESURE
2025-09-06 20:00:00+02:00;4077,000;1,000;MESURE
2025-09-06 21:00:00+02:00;9392,000;1,000;MESURE
2025-09-06 22:00:00+02:00;9210,000;1,000;MESURE
2025-09-06 23:00:00+02:00;9146,000;1,000;MESURE
2025-09-07 00:00:00+02:00;9119,000;1,000;MESURE
2025-09-07 01:00:00+02:00;9008,000;1,000;MESURE
2025-09-07 02:00:00+02:00;9126,000;1,000;MESURE
2025-09-07 03:00:00+02:00;9028,000;1,000;MESURE
2025-09-07 04:00:00+02:00;9089,000;1,000;MESURE
2025-09-07 05:00:00+02:00;9086,000;1,000;MESURE
2025-09-07 06:00:00+02:00;8309,000;1,000;MESURE
2025-09-07 07:00:00+02:00;0,000;1,000;MESURE
2025-09-07 08:00:00+02:00;0,000;1,000;MESURE
2025-09-07 09:00:00+02:00;0,000;1,000;MESURE
2025-09-07 10:00:00+02:00;0,000;1,000;MESURE
2025-09-07 11:00:00+02:00;0,000;1,000;MESURE
2025-09-07 12:00:00+02:00;0,000;1,000;MESURE
2025-09-07 13:00:00+02:00;0,000;1,000;MESURE
2025-09-07 14:00:00+02:00;0,000;1,000;MESURE
2025-09-07 15:00:00+02:00;0,000;1,000;MESURE
2025-09-07 16:00:00+02:00;0,000;1,000;MESURE
2025-09-07 17:00:00+02:00;0,000;1,000;MESURE
2025-09-07 18:00:00+02:00;0,000;1,000;MESURE
2025-09-07 19:00:00+02:00;0,000;1,000;MESURE
2025-09-07 20:00:00+02:00;4356,000;1,000;MESURE
2025-09-07 21:00:00+02:00;9293,000;1,000;MESURE
2025-09-07 22:00:00+02:00;9106,000;1,000;MESURE
2025-09-07 23:00:00+02:00;9042,000;1,000;MESURE
2025-09-08 00:00:00+02:00;8964,000;1,000;MESURE
2025-09-08 01:00:00+02:00;8903,000;1,000;MESURE
2025-09-08 02:00:00+02:00;9059,000;1,000;MESURE
2025-09-08 03:00:00+02:00;9094,000;1,000;MESURE
2025-09-08 04:00:00+02:00;9084,000;1,000;MESURE
2025-09-08 05:00:00+02:00;9100,000;1,000;MESURE
2025-09-08 06:00:00+02:00;8455,000;1,000;MESURE
2025-09-08 07:00:00+02:00;0,000;1,000;MESURE
2025-09-08 08:00:00+02:00;0,000;1,000;MESURE
2025-09-08 09:00:00+02:00;0,000;1,000;MESURE
2025-09-08 10:00:00+02:00;0,000;1,000;MESURE
2025-09-08 11:00:00+02:00;0,000;1,000;MESURE
2025-09-08 12:00:00+02:00;0,000;1,000;MESURE
2025-09-08 13:00:00+02:00;0,000;1,000;MESURE
2025-09-08 14:00:00+02:00;0,000;1,000;MESURE
2025-09-08 15:00:00+02:00;0,000;1,000;MESURE
2025-09-08 16:00:00+02:00;0,000;1,000;MESURE
2025-09-08 17:00:00+02:00;0,000;1,000;MESURE
2025-09-08 18:00:00+02:00;0,000;1,000;MESURE
2025-09-08 19:00:00+02:00;0,000;1,000;MESURE
2025-09-08 20:00:00+02:00;4680,000;1,000;MESURE
2025-09-08 21:00:00+02:00;9357,000;1,000;MESURE
2025-09-08 22:00:00+02:00;9198,000;1,000;MESURE
2025-09-08 23:00:00+02:00;9041,000;1,000;MESURE
2025-09-09 00:00:00+02:00;9150,000;1,000;MESURE
2025-09-09 01:00:00+02:00;9237,000;1,000;MESURE
2025-09-09 02:00:00+02:00;9442,000;1,000;MESURE
2025-09-09 03:00:00+02:00;9551,000;1,000;MESURE
2025-09-09 04:00:00+02:00;9590,000;1,000;MESURE
2025-09-09 05:00:00+02:00;9515,000;1,000;MESURE
2025-09-09 06:00:00+02:00;9028,000;1,000;MESURE
2025-09-09 07:00:00+02:00;0,000;1,000;MESURE
2025-09-09 08:00:00+02:00;0,000;1,000;MESURE
2025-09-09 09:00:00+02:00;0,000;1,000;MESURE
2025-09-09 10:00:00+02:00;0,000;1,000;MESURE
2025-09-09 11:00:00+02:00;0,000;1,000;MESURE
2025-09-09 12:00:00+02:00;0,000;1,000;MESURE
2025-09-09 13:00:00+02:00;0,000;1,000;MESURE
2025-09-09 14:00:00+02:00;0,000;1,000;MESURE
2025-09-09 15:00:00+02:00;0,000;1,000;MESURE
2025-09-09 16:00:00+02:00;0,000;1,000;MESURE
2025-09-09 17:00:00+02:00;0,000;1,000;MESURE
2025-09-09 18:00:00+02:00;0,000;1,000;MESURE
2025-09-09 19:00:00+02:00;0,000;1,000;MESURE
2025-09-09 20:00:00+02:00;4990,000;1,000;MESURE
2025-09-09 21:00:00+02:00;9416,000;1,000;MESURE
2025-09-09 22:00:00+02:00;9344,000;1,000;MESURE
2025-09-09 23:00:00+02:00;9156,000;1,000;MESURE
2025-09-10 00:00:00+02:00;9159,000;1,000;MESURE
2025-09-10 01:00:00+02:00;9163,000;1,000;MESURE
2025-09-10 02:00:00+02:00;9124,000;1,000;MESURE
2025-09-10 03:00:00+02:00;9141,000;1,000;MESURE
2025-09-10 04:00:00+02:00;9148,000;1,000;MESURE
2025-09-10 05:00:00+02:00;9131,000;1,000;MESURE
2025-09-10 06:00:00+02:00;8948,000;1,000;MESURE
2025-09-10 07:00:00+02:00;0,000;1,000;MESURE
2025-09-10 08:00:00+02:00;0,000;1,000;MESURE
2025-09-10 09:00:00+02:00;0,000;1,000;MESURE
2025-09-10 10:00:00+02:00;0,000;1,000;MESURE
2025-09-10 11:00:00+02:00;0,000;1,000;MESURE
2025-09-10 12:00:00+02:00;0,000;1,000;MESURE
2025-09-10 13:00:00+02:00;0,000;1,000;MESURE
2025-09-10 14:00:00+02:00;0,000;1,000;MESURE
2025-09-10 15:00:00+02:00;0,000;1,000;MESURE
2025-09-10 16:00:00+02:00;0,000;1,000;MESURE
2025-09-10 17:00:00+02:00;0,000;1,000;MESURE
2025-09-10 18:00:00+02:00;0,000;1,000;MESURE
2025-09-10 19:00:00+02:00;0,000;1,000;MESURE
2025-09-10 20:00:00+02:00;5391,000;1,000;MESURE
2025-09-10 21:00:00+02:00;9502,000;1,000;MESURE
2025-09-10 22:00:00+02:00;9351,000;1,000;MESURE
2025-09-10 23:00:00+02:00;9043,000;1,000;MESURE
2025-09-11 00:00:00+02:00;9078,000;1,000;MESURE
2025-09-11 01:00:00+02:00;9144,000;1,000;MESURE
2025-09-11 02:00:00+02:00;9145,000;1,000;MESURE
2025-09-11 03:00:00+02:00;9162,000;1,000;MESURE
2025-09-11 04:00:00+02:00;9168,000;1,000;MESURE
2025-09-11 05:00:00+02:00;9137,000;1,000;MESURE
2025-09-11 06:00:00+02:00;9153,000;1,000;MESURE
2025-09-11 07:00:00+02:00;58,000;1,000;MESURE
2025-09-11 08:00:00+02:00;0,000;1,000;MESURE
2025-09-11 09:00:00+02:00;0,000;1,000;MESURE
2025-09-11 10:00:00+02:00;0,000;1,000;MESURE
2025-09-11 11:00:00+02:00;0,000;1,000;MESURE
2025-09-11 12:00:00+02:00;0,000;1,000;MESURE
2025-09-11 13:00:00+02:00;0,000;1,000;MESURE
2025-09-11 14:00:00+02:00;0,000;1,000;MESURE
2025-09-11 15:00:00+02:00;0,000;1,000;MESURE
2025-09-11 16:00:00+02:00;0,000;1,000;MESURE
2025-09-11 17:00:00+02:00;0,000;1,000;MESURE
2025-09-11 18:00:00+02:00;0,000;1,000;MESURE
2025-09-11 19:00:00+02:00;0,000;1,000;MESURE
2025-09-11 20:00:00+02:00;5587,000;1,000;MESURE
2025-09-11 21:00:00+02:00;9273,000;1,000;MESURE
2025-09-11 22:00:00+02:00;9127,000;1,000;MESURE
2025-09-11 23:00:00+02:00;8998,000;1,000;MESURE
2025-09-12 00:00:00+02:00;9229,000;1,000;MESURE
2025-09-12 01:00:00+02:00;9179,000;1,000;MESURE
2025-09-12 02:00:00+02:00;9208,000;1,000;MESURE
2025-09-12 03:00:00+02:00;9055,000;1,000;MESURE
2025-09-12 04:00:00+02:00;9016,000;1,000;MESURE
2025-09-12 05:00:00+02:00;8970,000;1,000;MESURE
2025-09-12 06:00:00+02:00;8968,000;1,000;MESURE
2025-09-12 07:00:00+02:00;205,000;1,000;MESURE
2025-09-12 08:00:00+02:00;0,000;1,000;MESURE
2025-09-12 09:00:00+02:00;0,000;1,000;MESURE
2025-09-12 10:00:00+02:00;0,000;1,000;MESURE
2025-09-12 11:00:00+02:00;0,000;1,000;MESURE
2025-09-12 12:00:00+02:00;0,000;1,000;MESURE
2025-09-12 13:00:00+02:00;0,000;1,000;MESURE
2025-09-12 14:00:00+02:00;0,000;1,000;MESURE
2025-09-12 15:00:00+02:00;0,000;1,000;MESURE
2025-09-12 16:00:00+02:00;0,000;1,000;MESURE
2025-09-12 17:00:00+02:00;0,000;1,000;MESURE
2025-09-12 18:00:00+02:00;0,000;1,000;MESURE
2025-09-12 19:00:00+02:00;0,000;1,000;MESURE
2025-09-12 20:00:00+02:00;5896,000;1,000;MESURE
2025-09-12 21:00:00+02:00;9306,000;1,000;MESURE
2025-09-12 22:00:00+02:00;9150,000;1,000;MESURE
2025-09-12 23:00:00+02:00;8920,000;1,000;MESURE
2025-09-13 00:00:00+02:00;9160,000;1,000;MESURE
2025-09-13 01:00:00+02:00;9215,000;1,000;MESURE
2025-09-13 02:00:00+02:00;9169,000;1,000;MESURE
2025-09-13 03:00:00+02:00;9153,000;1,000;MESURE
2025-09-13 04:00:00+02:00;8974,000;1,000;MESURE
2025-09-13 05:00:00+02:00;8932,000;1,000;MESURE
2025-09-13 06:00:00+02:00;9013,000;1,000;MESURE
2025-09-13 07:00:00+02:00;355,000;1,000;MESURE
2025-09-13 08:00:00+02:00;0,000;1,000;MESURE
2025-09-13 09:00:00+02:00;0,000;1,000;MESURE
2025-09-13 10:00:00+02:00;0,000;1,000;MESURE
2025-09-13 11:00:00+02:00;0,000;1,000;MESURE
2025-09-13 12:00:00+02:00;0,000;1,000;MESURE
2025-09-13 13:00:00+02:00;0,000;1,000;MESURE
2025-09-13 14:00:00+02:00;0,000;1,000;MESURE
2025-09-13 15:00:00+02:00;0,000;1,000;MESURE
2025-09-13 16:00:00+02:00;0,000;1,000;MESURE
2025-09-13 17:00:00+02:00;0,000;1,000;MESURE
2025-09-13 18:00:00+02:00;0,000;1,000;MESURE
2025-09-13 19:00:00+02:00;0,000;1,000;MESURE
2025-09-13 20:00:00+02:00;6406,000;1,000;MESURE
2025-09-13 21:00:00+02:00;9421,000;1,000;MESURE
2025-09-13 22:00:00+02:00;9389,000;1,000;MESURE
2025-09-13 23:00:00+02:00;9246,000;1,000;MESURE
2025-09-14 00:00:00+02:00;9062,000;1,000;MESURE
2025-09-14 01:00:00+02:00;9139,000;1,000;MESURE
2025-09-14 02:00:00+02:00;9124,000;1,000;MESURE
2025-09-14 03:00:00+02:00;9224,000;1,000;MESURE
2025-09-14 04:00:00+02:00;9230,000;1,000;MESURE
2025-09-14 05:00:00+02:00;9255,000;1,000;MESURE
2025-09-14 06:00:00+02:00;9286,000;1,000;MESURE
2025-09-14 07:00:00+02:00;676,000;1,000;MESURE
2025-09-14 08:00:00+02:00;0,000;1,000;MESURE
2025-09-14 09:00:00+02:00;0,000;1,000;MESURE
2025-09-14 10:00:00+02:00;0,000;1,000;MESURE
2025-09-14 11:00:00+02:00;0,000;1,000;MESURE
2025-09-14 12:00:00+02:00;0,000;1,000;MESURE
2025-09-14 13:00:00+02:00;0,000;1,000;MESURE
2025-09-14 14:00:00+02:00;0,000;1,000;MESURE
2025-09-14 15:00:00+02:00;0,000;1,000;MESURE
2025-09-14 16:00:00+02:00;0,000;1,000;MESURE
2025-09-14 17:00:00+02:00;0,000;1,000;MESURE
2025-09-14 18:00:00+02:00;0,000;1,000;MESURE
2025-09-14 19:00:00+02:00;0,000;1,000;MESURE
2025-09-14 20:00:00+02:00;6585,000;1,000;MESURE
2025-09-14 21:00:00+02:00;9426,000;1,000;MESURE
2025-09-14 22:00:00+02:00;9222,000;1,000;MESURE
2025-09-14 23:00:00+02:00;9215,000;1,000;MESURE
2025-09-15 00:00:00+02:00;9143,000;1,000;MESURE
2025-09-15 01:00:00+02:00;9291,000;1,000;MESURE
2025-09-15 02:00:00+02:00;9271,000;1,000;MESURE
2025-09-15 03:00:00+02:00;9333,000;1,000;MESURE
2025-09-15 04:00:00+02:00;9131,000;1,000;MESURE
2025-09-15 05:00:00+02:00;9331,000;1,000;MESURE
2025-09-15 06:00:00+02:00;9274,000;1,000;MESURE
2025-09-15 07:00:00+02:00;831,000;1,000;MESURE
2025-09-15 08:00:00+02:00;0,000;1,000;MESURE
2025-09-15 09:00:00+02:00;0,000;1,000;MESURE
2025-09-15 10:00:00+02:00;0,000;1,000;MESURE
2025-09-15 11:00:00+02:00;0,000;1,000;MESURE
2025-09-15 12:00:00+02:00;0,000;1,000;MESURE
2025-09-15 13:00:00+02:00;0,000;1,000;MESURE
2025-09-15 14:00:00+02:00;0,000;1,000;MESURE
2025-09-15 15:00:00+02:00;0,000;1,000;MESURE
2025-09-15 16:00:00+02:00;0,000;1,000;MESURE
2025-09-15 17:00:00+02:00;0,000;1,000;MESURE
2025-09-15 18:00:00+02:00;0,000;1,000;MESURE
2025-09-15 19:00:00+02:00;0,000;1,000;MESURE
2025-09-15 20:00:00+02:00;6687,000;1,000;MESURE
2025-09-15 21:00:00+02:00;9080,000;1,000;MESURE
2025-09-15 22:00:00+02:00;8962,000;1,000;MESURE
2025-09-15 23:00:00+02:00;8718,000;1,000;MESURE
2025-09-16 00:00:00+02:00;8806,000;1,000;MESURE
2025-09-16 01:00:00+02:00;8849,000;1,000;MESURE
2025-09-16 02:00:00+02:00;8834,000;1,000;MESURE
2025-09-16 03:00:00+02:00;8900,000;1,000;MESURE
2025-09-16 04:00:00+02:00;8852,000;1,000;MESURE
2025-09-16 05:00:00+02:00;8827,000;1,000;MESURE
2025-09-16 06:00:00+02:00;8790,000;1,000;MESURE
2025-09-16 07:00:00+02:00;1070,000;1,000;MESURE
2025-09-16 08:00:00+02:00;0,000;1,000;MESURE
2025-09-16 09:00:00+02:00;0,000;1,000;MESURE
2025-09-16 10:00:00+02:00;0,000;1,000;MESURE
2025-09-16 11:00:00+02:00;0,000;1,000;MESURE
2025-09-16 12:00:00+02:00;0,000;1,000;MESURE
2025-09-16 13:00:00+02:00;0,000;1,000;MESURE
2025-09-16 14:00:00+02:00;0,000;1,000;MESURE
2025-09-16 15:00:00+02:00;0,000;1,000;MESURE
2025-09-16 16:00:00+02:00;0,000;1,000;MESURE
2025-09-16 17:00:00+02:00;0,000;1,000;MESURE
2025-09-16 18:00:00+02:00;0,000;1,000;MESURE
2025-09-16 19:00:00+02:00;0,000;1,000;MESURE
2025-09-16 20:00:00+02:00;7242,000;1,000;MESURE
2025-09-16 21:00:00+02:00;9247,000;1,000;MESURE
2025-09-16 22:00:00+02:00;9082,000;1,000;MESURE
2025-09-16 23:00:00+02:00;8960,000;1,000;MESURE
2025-09-17 00:00:00+02:00;8920,000;1,000;MESURE
2025-09-17 01:00:00+02:00;8928,000;1,000;MESURE
2025-09-17 02:00:00+02:00;8935,000;1,000;MESURE
2025-09-17 03:00:00+02:00;8967,000;1,000;MESURE
2025-09-17 04:00:00+02:00;8947,000;1,000;MESURE
2025-09-17 05:00:00+02:00;8994,000;1,000;MESURE
2025-09-17 06:00:00+02:00;8940,000;1,000;MESURE
2025-09-17 07:00:00+02:00;1382,000;1,000;MESURE
2025-09-17 08:00:00+02:00;0,000;1,000;MESURE
2025-09-17 09:00:00+02:00;0,000;1,000;MESURE
2025-09-17 10:00:00+02:00;0,000;1,000;MESURE
2025-09-17 11:00:00+02:00;0,000;1,000;MESURE
2025-09-17 12:00:00+02:00;0,000;1,000;MESURE
2025-09-17 13:00:00+02:00;0,000;1,000;MESURE
2025-09-17 14:00:00+02:00;0,000;1,000;MESURE
2025-09-17 15:00:00+02:00;0,000;1,000;MESURE
2025-09-17 16:00:00+02:00;0,000;1,000;MESURE
2025-09-17 17:00:00+02:00;0,000;1,000;MESURE
2025-09-17 18:00:00+02:00;0,000;1,000;MESURE
2025-09-17 19:00:00+02:00;0,000;1,000;MESURE
2025-09-17 20:00:00+02:00;7747,000;1,000;MESURE
2025-09-17 21:00:00+02:00;9190,000;1,000;MESURE
2025-09-17 22:00:00+02:00;9021,000;1,000;MESURE
2025-09-17 23:00:00+02:00;8853,000;1,000;MESURE
2025-09-18 00:00:00+02:00;8882,000;1,000;MESURE
2025-09-18 01:00:00+02:00;8920,000;1,000;MESURE
2025-09-18 02:00:00+02:00;8928,000;1,000;MESURE
2025-09-18 03:00:00+02:00;8980,000;1,000;MESURE
2025-09-18 04:00:00+02:00;8987,000;1,000;MESURE
2025-09-18 05:00:00+02:00;8955,000;1,000;MESURE
2025-09-18 06:00:00+02:00;8965,000;1,000;MESURE
2025-09-18 07:00:00+02:00;1690,000;1,000;MESURE
2025-09-18 08:00:00+02:00;0,000;1,000;MESURE
2025-09-18 09:00:00+02:00;0,000;1,000;MESURE
2025-09-18 10:00:00+02:00;0,000;1,000;MESURE
2025-09-18 11:00:00+02:00;0,000;1,000;MESURE
2025-09-18 12:00:00+02:00;0,000;1,000;MESURE
2025-09-18 13:00:00+02:00;0,000;1,000;MESURE
2025-09-18 14:00:00+02:00;0,000;1,000;MESURE
2025-09-18 15:00:00+02:00;0,000;1,000;MESURE
2025-09-18 16:00:00+02:00;0,000;1,000;MESURE
2025-09-18 17:00:00+02:00;0,000;1,000;MESURE
2025-09-18 18:00:00+02:00;0,000;1,000;MESURE
2025-09-18 19:00:00+02:00;0,000;1,000;MESURE
2025-09-18 20:00:00+02:00;7989,000;1,000;MESURE
2025-09-18 21:00:00+02:00;9030,000;1,000;MESURE
2025-09-18 22:00:00+02:00;8873,000;1,000;MESURE
2025-09-18 23:00:00+02:00;8738,000;1,000;MESURE
2025-09-19 00:00:00+02:00;8775,000;1,000;MESURE
2025-09-19 01:00:00+02:00;8757,000;1,000;MESURE
2025-09-19 02:00:00+02:00;8985,000;1,000;MESURE
2025-09-19 03:00:00+02:00;8906,000;1,000;MESURE
2025-09-19 04:00:00+02:00;8828,000;1,000;MESURE
2025-09-19 05:00:00+02:00;8840,000;1,000;MESURE
2025-09-19 06:00:00+02:00;8865,000;1,000;MESURE
2025-09-19 07:00:00+02:00;1995,000;1,000;MESURE
2025-09-19 08:00:00+02:00;0,000;1,000;MESURE
2025-09-19 09:00:00+02:00;0,000;1,000;MESURE
2025-09-19 10:00:00+02:00;0,000;1,000;MESURE
2025-09-19 11:00:00+02:00;0,000;1,000;MESURE
2025-09-19 12:00:00+02:00;0,000;1,000;MESURE
2025-09-19 13:00:00+02:00;0,000;1,000;MESURE
2025-09-19 14:00:00+02:00;0,000;1,000;MESURE
2025-09-19 15:00:00+02:00;0,000;1,000;MESURE
2025-09-19 16:00:00+02:00;0,000;1,000;MESURE
2025-09-19 17:00:00+02:00;0,000;1,000;MESURE
2025-09-19 18:00:00+02:00;0,000;1,000;MESURE
2025-09-19 19:00:00+02:00;0,000;1,000;MESURE
2025-09-19 20:00:00+02:00;8464,000;1,000;MESURE
2025-09-19 21:00:00+02:00;9204,000;1,000;MESURE
2025-09-19 22:00:00+02:00;9062,000;1,000;MESURE
2025-09-19 23:00:00+02:00;8917,000;1,000;MESURE
2025-09-20 00:00:00+02:00;8724,000;1,000;MESURE
2025-09-20 01:00:00+02:00;8810,000;1,000;MESURE
2025-09-20 02:00:00+02:00;8785,000;1,000;MESURE
2025-09-20 03:00:00+02:00;8824,000;1,000;MESURE
2025-09-20 04:00:00+02:00;8801,000;1,000;MESURE
2025-09-20 05:00:00+02:00;8817,000;1,000;MESURE
2025-09-20 06:00:00+02:00;8837,000;1,000;MESURE
2025-09-20 07:00:00+02:00;2273,000;1,000;MESURE
2025-09-20 08:00:00+02:00;0,000;1,000;MESURE
2025-09-20 09:00:00+02:00;0,000;1,000;MESURE
2025-09-20 10:00:00+02:00;0,000;1,000;MESURE
2025-09-20 11:00:00+02:00;0,000;1,000;MESURE
2025-09-20 12:00:00+02:00;0,000;1,000;MESURE
2025-09-20 13:00:00+02:00;0,000;1,000;MESURE
2025-09-20 14:00:00+02:00;0,000;1,000;MESURE
2025-09-20 15:00:00+02:00;0,000;1,000;MESURE
2025-09-20 16:00:00+02:00;0,000;1,000;MESURE
2025-09-20 17:00:00+02:00;0,000;1,000;MESURE
2025-09-20 18:00:00+02:00;0,000;1,000;MESURE
2025-09-20 19:00:00+02:00;0,000;1,000;MESURE
2025-09-20 20:00:00+02:00;8963,000;1,000;MESURE
2025-09-20 21:00:00+02:00;9003,000;1,000;MESURE
2025-09-20 22:00:00+02:00;8747,000;1,000;MESURE
2025-09-20 23:00:00+02:00;8922,000;1,000;MESURE
2025-09-21 00:00:00+02:00;8927,000;1,000;MESURE
2025-09-21 01:00:00+02:00;8759,000;1,000;MESURE
2025-09-21 02:00:00+02:00;8780,000;1,000;MESURE
2025-09-21 03:00:00+02:00;8812,000;1,000;MESURE
2025-09-21 04:00:00+02:00;8819,000;1,000;MESURE
2025-09-21 05:00:00+02:00;8811,000;1,000;MESURE
2025-09-21 06:00:00+02:00;8845,000;1,000;MESURE
2025-09-21 07:00:00+02:00;2730,000;1,000;MESURE
2025-09-21 08:00:00+02:00;0,000;1,000;MESURE
2025-09-21 09:00:00+02:00;0,000;1,000;MESURE
2025-09-21 10:00:00+02:00;0,000;1,000;MESURE
2025-09-21 11:00:00+02:00;0,000;1,000;MESURE
2025-09-21 12:00:00+02:00;0,000;1,000;MESURE
2025-09-21 13:00:00+02:00;0,000;1,000;MESURE
2025-09-21 14:00:00+02:00;0,000;1,000;MESURE
2025-09-21 15:00:00+02:00;0,000;1,000;MESURE
2025-09-21 16:00:00+02:00;0,000;1,000;MESURE
2025-09-21 17:00:00+02:00;0,000;1,000;MESURE
2025-09-21 18:00:00+02:00;0,000;1,000;MESURE
2025-09-21 19:00:00+02:00;183,000;1,000;MESURE
2025-09-21 20:00:00+02:00;9405,000;1,000;MESURE
2025-09-21 21:00:00+02:00;9224,000;1,000;MESURE
2025-09-21 22:00:00+02:00;9060,000;1,000;MESURE
2025-09-21 23:00:00+02:00;9155,000;1,000;MESURE
2025-09-22 00:00:00+02:00;9095,000;1,000;MESURE
2025-09-22 01:00:00+02:00;9096,000;1,000;MESURE
2025-09-22 02:00:00+02:00;9075,000;1,000;MESURE
2025-09-22 03:00:00+02:00;9352,000;1,000;MESURE
2025-09-22 04:00:00+02:00;9309,000;1,000;MESURE
2025-09-22 05:00:00+02:00;9207,000;1,000;MESURE
2025-09-22 06:00:00+02:00;9394,000;1,000;MESURE
2025-09-22 07:00:00+02:00;3200,000;1,000;MESURE
2025-09-22 08:00:00+02:00;0,000;1,000;MESURE
2025-09-22 09:00:00+02:00;0,000;1,000;MESURE
2025-09-22 10:00:00+02:00;0,000;1,000;MESURE
2025-09-22 11:00:00+02:00;0,000;1,000;MESURE
2025-09-22 12:00:00+02:00;0,000;1,000;MESURE
2025-09-22 13:00:00+02:00;0,000;1,000;MESURE
2025-09-22 14:00:00+02:00;0,000;1,000;MESURE
2025-09-22 15:00:00+02:00;0,000;1,000;MESURE
2025-09-22 16:00:00+02:00;0,000;1,000;MESURE
2025-09-22 17:00:00+02:00;0,000;1,000;MESURE
2025-09-22 18:00:00+02:00;0,000;1,000;MESURE
2025-09-22 19:00:00+02:00;650,000;1,000;MESURE
2025-09-22 20:00:00+02:00;9746,000;1,000;MESURE
2025-09-22 21:00:00+02:00;9463,000;1,000;MESURE
2025-09-22 22:00:00+02:00;9319,000;1,000;MESURE
2025-09-22 23:00:00+02:00;9354,000;1,000;MESURE
2025-09-23 00:00:00+02:00;9301,000;1,000;MESURE
2025-09-23 01:00:00+02:00;9353,000;1,000;MESURE
2025-09-23 02:00:00+02:00;9355,000;1,000;MESURE
2025-09-23 03:00:00+02:00;9401,000;1,000;MESURE
2025-09-23 04:00:00+02:00;9428,000;1,000;MESURE
2025-09-23 05:00:00+02:00;9337,000;1,000;MESURE
2025-09-23 06:00:00+02:00;9470,000;1,000;MESURE
2025-09-23 07:00:00+02:00;3534,000;1,000;MESURE
2025-09-23 08:00:00+02:00;0,000;1,000;MESURE
2025-09-23 09:00:00+02:00;0,000;1,000;MESURE
2025-09-23 10:00:00+02:00;0,000;1,000;MESURE
2025-09-23 11:00:00+02:00;0,000;1,000;MESURE
2025-09-23 12:00:00+02:00;0,000;1,000;MESURE
2025-09-23 13:00:00+02:00;0,000;1,000;MESURE
2025-09-23 14:00:00+02:00;0,000;1,000;MESURE
2025-09-23 15:00:00+02:00;0,000;1,000;MESURE
2025-09-23 16:00:00+02:00;0,000;1,000;MESURE
2025-09-23 17:00:00+02:00;0,000;1,000;MESURE
2025-09-23 18:00:00+02:00;0,000;1,000;MESURE
2025-09-23 19:00:00+02:00;955,000;1,000;MESURE
2025-09-23 20:00:00+02:00;9581,000;1,000;MESURE
2025-09-23 21:00:00+02:00;9531,000;1,000;MESURE
2025-09-23 22:00:00+02:00;9403,000;1,000;MESURE
2025-09-23 23:00:00+02:00;9273,000;1,000;MESURE
2025-09-24 00:00:00+02:00;9352,000;1,000;MESURE
2025-09-24 01:00:00+02:00;9425,000;1,000;MESURE
2025-09-24 02:00:00+02:00;9476,000;1,000;MESURE
2025-09-24 03:00:00+02:00;9503,000;1,000;MESURE
2025-09-24 04:00:00+02:00;9503,000;1,000;MESURE
2025-09-24 05:00:00+02:00;9514,000;1,000;MESURE
2025-09-24 06:00:00+02:00;9429,000;1,000;MESURE
2025-09-24 07:00:00+02:00;3821,000;1,000;MESURE
2025-09-24 08:00:00+02:00;0,000;1,000;MESURE
2025-09-24 09:00:00+02:00;0,000;1,000;MESURE
2025-09-24 10:00:00+02:00;0,000;1,000;MESURE
2025-09-24 11:00:00+02:00;0,000;1,000;MESURE
2025-09-24 12:00:00+02:00;0,000;1,000;MESURE
2025-09-24 13:00:00+02:00;0,000;1,000;MESURE
2025-09-24 14:00:00+02:00;0,000;1,000;MESURE
2025-09-24 15:00:00+02:00;0,000;1,000;MESURE
2025-09-24 16:00:00+02:00;0,000;1,000;MESURE
2025-09-24 17:00:00+02:00;0,000;1,000;MESURE
2025-09-24 18:00:00+02:00;0,000;1,000;MESURE
2025-09-24 19:00:00+02:00;1456,000;1,000;MESURE
2025-09-24 20:00:00+02:00;9727,000;1,000;MESURE
2025-09-24 21:00:00+02:00;9405,000;1,000;MESURE
2025-09-24 22:00:00+02:00;9186,000;1,000;MESURE
2025-09-24 23:00:00+02:00;9170,000;1,000;MESURE
2025-09-25 00:00:00+02:00;9154,000;1,000;MESURE
2025-09-25 01:00:00+02:00;9316,000;1,000;MESURE
2025-09-25 02:00:00+02:00;9369,000;1,000;MESURE
2025-09-25 03:00:00+02:00;9182,000;1,000;MESURE
2025-09-25 04:00:00+02:00;9193,000;1,000;MESURE
2025-09-25 05:00:00+02:00;9213,000;1,000;MESURE
2025-09-25 06:00:00+02:00;9159,000;1,000;MESURE
2025-09-25 07:00:00+02:00;4051,000;1,000;MESURE
2025-09-25 08:00:00+02:00;0,000;1,000;MESURE
2025-09-25 09:00:00+02:00;0,000;1,000;MESURE
2025-09-25 10:00:00+02:00;0,000;1,000;MESURE
2025-09-25 11:00:00+02:00;0,000;1,000;MESURE
2025-09-25 12:00:00+02:00;0,000;1,000;MESURE
2025-09-25 13:00:00+02:00;0,000;1,000;MESURE
2025-09-25 14:00:00+02:00;0,000;1,000;MESURE
2025-09-25 15:00:00+02:00;0,000;1,000;MESURE
2025-09-25 16:00:00+02:00;0,000;1,000;MESURE
2025-09-25 17:00:00+02:00;0,000;1,000;MESURE
2025-09-25 18:00:00+02:00;0,000;1,000;MESURE
2025-09-25 19:00:00+02:00;1872,000;1,000;MESURE
2025-09-25 20:00:00+02:00;9550,000;1,000;MESURE
2025-09-25 21:00:00+02:00;9341,000;1,000;MESURE
2025-09-25 22:00:00+02:00;9094,000;1,000;MESURE
2025-09-25 23:00:00+02:00;8969,000;1,000;MESURE
2025-09-26 00:00:00+02:00;9015,000;1,000;MESURE
2025-09-26 01:00:00+02:00;8989,000;1,000;MESURE
2025-09-26 02:00:00+02:00;9035,000;1,000;MESURE
2025-09-26 03:00:00+02:00;9034,000;1,000;MESURE
2025-09-26 04:00:00+02:00;9063,000;1,000;MESURE
2025-09-26 05:00:00+02:00;9144,000;1,000;MESURE
2025-09-26 06:00:00+02:00;9156,000;1,000;MESURE
2025-09-26 07:00:00+02:00;4343,000;1,000;MESURE
2025-09-26 08:00:00+02:00;0,000;1,000;MESURE
2025-09-26 09:00:00+02:00;0,000;1,000;MESURE
2025-09-26 10:00:00+02:00;0,000;1,000;MESURE
2025-09-26 11:00:00+02:00;0,000;1,000;MESURE
2025-09-26 12:00:00+02:00;0,000;1,000;MESURE
2025-09-26 13:00:00+02:00;0,000;1,000;MESURE
2025-09-26 14:00:00+02:00;0,000;1,000;MESURE
2025-09-26 15:00:00+02:00;0,000;1,000;MESURE
2025-09-26 16:00:00+02:00;0,000;1,000;MESURE
2025-09-26 17:00:00+02:00;0,000;1,000;MESURE
2025-09-26 18:00:00+02:00;0,000;1,000;MESURE
2025-09-26 19:00:00+02:00;2415,000;1,000;MESURE
2025-09-26 20:00:00+02:00;9701,000;1,000;MESURE
2025-09-26 21:00:00+02:00;9577,000;1,000;MESURE
2025-09-26 22:00:00+02:00;9205,000;1,000;MESURE
2025-09-26 23:00:00+02:00;9395,000;1,000;MESURE
2025-09-27 00:00:00+02:00;9238,000;1,000;MESURE
2025-09-27 01:00:00+02:00;9197,000;1,000;MESURE
2025-09-27 02:00:00+02:00;9226,000;1,000;MESURE
2025-09-27 03:00:00+02:00;9288,000;1,000;MESURE
2025-09-27 04:00:00+02:00;9241,000;1,000;MESURE
2025-09-27 05:00:00+02:00;9243,000;1,000;MESURE
2025-09-27 06:00:00+02:00;9222,000;1,000;MESURE
2025-09-27 07:00:00+02:00;4671,000;1,000;MESURE
2025-09-27 08:00:00+02:00;0,000;1,000;MESURE
2025-09-27 09:00:00+02:00;0,000;1,000;MESURE
2025-09-27 10:00:00+02:00;0,000;1,000;MESURE
2025-09-27 11:00:00+02:00;0,000;1,000;MESURE
2025-09-27 12:00:00+02:00;0,000;1,000;MESURE
2025-09-27 13:00:00+02:00;0,000;1,000;MESURE
2025-09-27 14:00:00+02:00;0,000;1,000;MESURE
2025-09-27 15:00:00+02:00;0,000;1,000;MESURE
2025-09-27 16:00:00+02:00;0,000;1,000;MESURE
2025-09-27 17:00:00+02:00;0,000;1,000;MESURE
2025-09-27 18:00:00+02:00;0,000;1,000;MESURE
2025-09-27 19:00:00+02:00;2736,000;1,000;MESURE
2025-09-27 20:00:00+02:00;9581,000;1,000;MESURE
2025-09-27 21:00:00+02:00;9246,000;1,000;MESURE
2025-09-27 22:00:00+02:00;9049,000;1,000;MESURE
2025-09-27 23:00:00+02:00;9036,000;1,000;MESURE
2025-09-28 00:00:00+02:00;9072,000;1,000;MESURE
2025-09-28 01:00:00+02:00;9124,000;1,000;MESURE
2025-09-28 02:00:00+02:00;9085,000;1,000;MESURE
2025-09-28 03:00:00+02:00;9112,000;1,000;MESURE
2025-09-28 04:00:00+02:00;9112,000;1,000;MESURE
2025-09-28 05:00:00+02:00;9092,000;1,000;MESURE
2025-09-28 06:00:00+02:00;9055,000;1,000;MESURE
2025-09-28 07:00:00+02:00;4900,000;1,000;MESURE
2025-09-28 08:00:00+02:00;0,000;1,000;MESURE
2025-09-28 09:00:00+02:00;0,000;1,000;MESURE
2025-09-28 10:00:00+02:00;0,000;1,000;MESURE
2025-09-28 11:00:00+02:00;0,000;1,000;MESURE
2025-09-28 12:00:00+02:00;0,000;1,000;MESURE
2025-09-28 13:00:00+02:00;0,000;1,000;MESURE
2025-09-28 14:00:00+02:00;0,000;1,000;MESURE
2025-09-28 15:00:00+02:00;0,000;1,000;MESURE
2025-09-28 16:00:00+02:00;0,000;1,000;MESURE
2025-09-28 17:00:00+02:00;0,000;1,000;MESURE
2025-09-28 18:00:00+02:00;0,000;1,000;MESURE
2025-09-28 19:00:00+02:00;3182,000;1,000;MESURE
2025-09-28 20:00:00+02:00;9332,000;1,000;MESURE
2025-09-28 21:00:00+02:00;9135,000;1,000;MESURE
2025-09-28 22:00:00+02:00;8982,000;1,000;MESURE
2025-09-28 23:00:00+02:00;8960,000;1,000;MESURE
2025-09-29 00:00:00+02:00;9008,000;1,000;MESURE
2025-09-29 01:00:00+02:00;9033,000;1,000;MESURE
2025-09-29 02:00:00+02:00;9027,000;1,000;MESURE
2025-09-29 03:00:00+02:00;9042,000;1,000;MESURE
2025-09-29 04:00:00+02:00;9021,000;1,000;MESURE
2025-09-29 05:00:00+02:00;9075,000;1,000;MESURE
2025-09-29 06:00:00+02:00;9177,000;1,000;MESURE
2025-09-29 07:00:00+02:00;5264,000;1,000;MESURE
2025-09-29 08:00:00+02:00;0,000;1,000;MESURE
2025-09-29 09:00:00+02:00;0,000;1,000;MESURE
2025-09-29 10:00:00+02:00;0,000;1,000;MESURE
2025-09-29 11:00:00+02:00;0,000;1,000;MESURE
2025-09-29 12:00:00+02:00;0,000;1,000;MESURE
2025-09-29 13:00:00+02:00;0,000;1,000;MESURE
2025-09-29 14:00:00+02:00;0,000;1,000;MESURE
2025-09-29 15:00:00+02:00;0,000;1,000;MESURE
2025-09-29 16:00:00+02:00;0,000;1,000;MESURE
2025-09-29 17:00:00+02:00;0,000;1,000;MESURE
2025-09-29 18:00:00+02:00;0,000;1,000;MESURE
2025-09-29 19:00:00+02:00;3608,000;1,000;MESURE
2025-09-29 20:00:00+02:00;9437,000;1,000;MESURE
2025-09-29 21:00:00+02:00;9129,000;1,000;MESURE
2025-09-29 22:00:00+02:00;9058,000;1,000;MESURE
2025-09-29 23:00:00+02:00;9155,000;1,000;MESURE
2025-09-30 00:00:00+02:00;8992,000;1,000;MESURE
2025-09-30 01:00:00+02:00;8953,000;1,000;MESURE
2025-09-30 02:00:00+02:00;8945,000;1,000;MESURE
2025-09-30 03:00:00+02:00;9000,000;1,000;MESURE
2025-09-30 04:00:00+02:00;9008,000;1,000;MESURE
2025-09-30 05:00:00+02:00;8980,000;1,000;MESURE
2025-09-30 06:00:00+02:00;9171,000;1,000;MESURE
2025-09-30 07:00:00+02:00;5535,000;1,000;MESURE
2025-09-30 08:00:00+02:00;0,000;1,000;MESURE
2025-09-30 09:00:00+02:00;0,000;1,000;MESURE
2025-09-30 10:00:00+02:00;0,000;1,000;MESURE
2025-09-30 11:00:00+02:00;0,000;1,000;MESURE
2025-09-30 12:00:00+02:00;0,000;1,000;MESURE
2025-09-30 13:00:00+02:00;0,000;1,000;MESURE
2025-09-30 14:00:00+02:00;0,000;1,000;MESURE
2025-09-30 15:00:00+02:00;0,000;1,000;MESURE
2025-09-30 16:00:00+02:00;0,000;1,000;MESURE
2025-09-30 17:00:00+02:00;0,000;1,000;MESURE
2025-09-30 18:00:00+02:00;0,000;1,000;MESURE
2025-09-30 19:00:00+02:00;4053,000;1,000;MESURE
2025-09-30 20:00:00+02:00;9393,000;1,000;MESURE
2025-09-30 21:00:00+02:00;9260,000;1,000;MESURE
2025-09-30 22:00:00+02:00;9086,000;1,000;MESURE
2025-09-30 23:00:00+02:00;9046,000;1,000;MESURE
2025-10-01 00:00:00+02:00;9087,000;1,000;MESURE
2025-10-01 01:00:00+02:00;9089,000;1,000;MESURE
2025-10-01 02:00:00+02:00;9175,000;1,000;MESURE
2025-10-01 03:00:00+02:00;8940,000;1,000;MESURE
2025-10-01 04:00:00+02:00;8943,000;1,000;MESURE
2025-10-01 05:00:00+02:00;8926,000;1,000;MESURE
2025-10-01 06:00:00+02:00;8970,000;1,000;MESURE
2025-10-01 07:00:00+02:00;5827,000;1,000;MESURE
2025-10-01 08:00:00+02:00;0,000;1,000;MESURE
2025-10-01 09:00:00+02:00;0,000;1,000;MESURE
2025-10-01 10:00:00+02:00;0,000;1,000;MESURE
2025-10-01 11:00:00+02:00;0,000;1,000;MESURE
2025-10-01 12:00:00+02:00;0,000;1,000;MESURE
2025-10-01 13:00:00+02:00;0,000;1,000;MESURE
2025-10-01 14:00:00+02:00;0,000;1,000;MESURE
2025-10-01 15:00:00+02:00;0,000;1,000;MESURE
2025-10-01 16:00:00+02:00;0,000;1,000;MESURE
2025-10-01 17:00:00+02:00;0,000;1,000;MESURE
2025-10-01 18:00:00+02:00;0,000;1,000;MESURE
2025-10-01 19:00:00+02:00;4349,000;1,000;MESURE
2025-10-01 20:00:00+02:00;9356,000;1,000;MESURE
2025-10-01 21:00:00+02:00;9228,000;1,000;MESURE
2025-10-01 22:00:00+02:00;9097,000;1,000;MESURE
2025-10-01 23:00:00+02:00;9080,000;1,000;MESURE
2025-10-02 00:00:00+02:00;9128,000;1,000;MESURE
2025-10-02 01:00:00+02:00;9134,000;1,000;MESURE
2025-10-02 02:00:00+02:00;9123,000;1,000;MESURE
2025-10-02 03:00:00+02:00;9097,000;1,000;MESURE
2025-10-02 04:00:00+02:00;9136,000;1,000;MESURE
2025-10-02 05:00:00+02:00;9129,000;1,000;MESURE
2025-10-02 06:00:00+02:00;9130,000;1,000;MESURE
2025-10-02 07:00:00+02:00;5982,000;1,000;MESURE
2025-10-02 08:00:00+02:00;0,000;1,000;MESURE
2025-10-02 09:00:00+02:00;0,000;1,000;MESURE
2025-10-02 10:00:00+02:00;0,000;1,000;MESURE
2025-10-02 11:00:00+02:00;0,000;1,000;MESURE
2025-10-02 12:00:00+02:00;0,000;1,000;MESURE
2025-10-02 13:00:00+02:00;0,000;1,000;MESURE
2025-10-02 14:00:00+02:00;0,000;1,000;MESURE
2025-10-02 15:00:00+02:00;0,000;1,000;MESURE
2025-10-02 16:00:00+02:00;0,000;1,000;MESURE
2025-10-02 17:00:00+02:00;0,000;1,000;MESURE
2025-10-02 18:00:00+02:00;0,000;1,000;MESURE
2025-10-02 19:00:00+02:00;4612,000;1,000;MESURE
2025-10-02 20:00:00+02:00;9258,000;1,000;MESURE
2025-10-02 21:00:00+02:00;9085,000;1,000;MESURE
2025-10-02 22:00:00+02:00;8972,000;1,000;MESURE
2025-10-02 23:00:00+02:00;8899,000;1,000;MESURE
2025-10-03 00:00:00+02:00;8953,000;1,000;MESURE
2025-10-03 01:00:00+02:00;9005,000;1,000;MESURE
2025-10-03 02:00:00+02:00;9003,000;1,000;MESURE
2025-10-03 03:00:00+02:00;8985,000;1,000;MESURE
2025-10-03 04:00:00+02:00;9031,000;1,000;MESURE
2025-10-03 05:00:00+02:00;8986,000;1,000;MESURE
2025-10-03 06:00:00+02:00;8944,000;1,000;MESURE
2025-10-03 07:00:00+02:00;6055,000;1,000;MESURE
2025-10-03 08:00:00+02:00;0,000;1,000;MESURE
2025-10-03 09:00:00+02:00;0,000;1,000;MESURE
2025-10-03 10:00:00+02:00;0,000;1,000;MESURE
2025-10-03 11:00:00+02:00;0,000;1,000;MESURE
2025-10-03 12:00:00+02:00;0,000;1,000;MESURE
2025-10-03 13:00:00+02:00;0,000;1,000;MESURE
2025-10-03 14:00:00+02:00;0,000;1,000;MESURE
2025-10-03 15:00:00+02:00;0,000;1,000;MESURE
2025-10-03 16:00:00+02:00;0,000;1,000;MESURE
2025-10-03 17:00:00+02:00;0,000;1,000;MESURE
2025-10-03 18:00:00+02:00;0,000;1,000;MESURE
2025-10-03 19:00:00+02:00;4887,000;1,000;MESURE
2025-10-03 20:00:00+02:00;9265,000;1,000;MESURE
2025-10-03 21:00:00+02:00;9206,000;1,000;MESURE
2025-10-03 22:00:00+02:00;9052,000;1,000;MESURE
2025-10-03 23:00:00+02:00;8999,000;1,000;MESURE
2025-10-04 00:00:00+02:00;9118,000;1,000;MESURE
2025-10-04 01:00:00+02:00;8972,000;1,000;MESURE
2025-10-04 02:00:00+02:00;8969,000;1,000;MESURE
2025-10-04 03:00:00+02:00;9020,000;1,000;MESURE
2025-10-04 04:00:00+02:00;9136,000;1,000;MESURE
2025-10-04 05:00:00+02:00;9074,000;1,000;MESURE
2025-10-04 06:00:00+02:00;9070,000;1,000;MESURE
2025-10-04 07:00:00+02:00;6310,000;1,000;MESURE
2025-10-04 08:00:00+02:00;0,000;1,000;MESURE
2025-10-04 09:00:00+02:00;0,000;1,000;MESURE
2025-10-04 10:00:00+02:00;0,000;1,000;MESURE
2025-10-04 11:00:00+02:00;0,000;1,000;MESURE
2025-10-04 12:00:00+02:00;0,000;1,000;MESURE
2025-10-04 13:00:00+02:00;0,000;1,000;MESURE
2025-10-04 14:00:00+02:00;0,000;1,000;MESURE
2025-10-04 15:00:00+02:00;0,000;1,000;MESURE
2025-10-04 16:00:00+02:00;0,000;1,000;MESURE
2025-10-04 17:00:00+02:00;0,000;1,000;MESURE
2025-10-04 18:00:00+02:00;0,000;1,000;MESURE
2025-10-04 19:00:00+02:00;5145,000;1,000;MESURE
2025-10-04 20:00:00+02:00;9339,000;1,000;MESURE
2025-10-04 21:00:00+02:00;8958,000;1,000;MESURE
2025-10-04 22:00:00+02:00;9055,000;1,000;MESURE
2025-10-04 23:00:00+02:00;9031,000;1,000;MESURE
2025-10-05 00:00:00+02:00;8953,000;1,000;MESURE
2025-10-05 01:00:00+02:00;9093,000;1,000;MESURE
2025-10-05 02:00:00+02:00;9120,000;1,000;MESURE
2025-10-05 03:00:00+02:00;8905,000;1,000;MESURE
2025-10-05 04:00:00+02:00;8978,000;1,000;MESURE
2025-10-05 05:00:00+02:00;8931,000;1,000;MESURE
2025-10-05 06:00:00+02:00;9152,000;1,000;MESURE
2025-10-05 07:00:00+02:00;6663,000;1,000;MESURE
2025-10-05 08:00:00+02:00;0,000;1,000;MESURE
2025-10-05 09:00:00+02:00;0,000;1,000;MESURE
2025-10-05 10:00:00+02:00;0,000;1,000;MESURE
2025-10-05 11:00:00+02:00;0,000;1,000;MESURE
2025-10-05 12:00:00+02:00;0,000;1,000;MESURE
2025-10-05 13:00:00+02:00;0,000;1,000;MESURE
2025-10-05 14:00:00+02:00;0,000;1,000;MESURE
2025-10-05 15:00:00+02:00;0,000;1,000;MESURE
2025-10-05 16:00:00+02:00;0,000;1,000;MESURE
2025-10-05 17:00:00+02:00;0,000;1,000;MESURE
2025-10-05 18:00:00+02:00;0,000;1,000;MESURE
2025-10-05 19:00:00+02:00;5536,000;1,000;MESURE
2025-10-05 20:00:00+02:00;9273,000;1,000;MESURE
2025-10-05 21:00:00+02:00;9102,000;1,000;MESURE
2025-10-05 22:00:00+02:00;8995,000;1,000;MESURE
2025-10-05 23:00:00+02:00;8954,000;1,000;MESURE
2025-10-06 00:00:00+02:00;9170,000;1,000;MESURE
2025-10-06 01:00:00+02:00;9167,000;1,000;MESURE
2025-10-06 02:00:00+02:00;9181,000;1,000;MESURE
2025-10-06 03:00:00+02:00;9238,000;1,000;MESURE
2025-10-06 04:00:00+02:00;9224,000;1,000;MESURE
2025-10-06 05:00:00+02:00;9180,000;1,000;MESURE
2025-10-06 06:00:00+02:00;9134,000;1,000;MESURE
2025-10-06 07:00:00+02:00;6784,000;1,000;MESURE
2025-10-06 08:00:00+02:00;0,000;1,000;MESURE
2025-10-06 09:00:00+02:00;0,000;1,000;MESURE
2025-10-06 10:00:00+02:00;0,000;1,000;MESURE
2025-10-06 11:00:00+02:00;0,000;1,000;MESURE
2025-10-06 12:00:00+02:00;0,000;1,000;MESURE
2025-10-06 13:00:00+02:00;0,000;1,000;MESURE
2025-10-06 14:00:00+02:00;0,000;1,000;MESURE
2025-10-06 15:00:00+02:00;0,000;1,000;MESURE
2025-10-06 16:00:00+02:00;0,000;1,000;MESURE
2025-10-06 17:00:00+02:00;0,000;1,000;MESURE
2025-10-06 18:00:00+02:00;0,000;1,000;MESURE
2025-10-06 19:00:00+02:00;5776,000;1,000;MESURE
2025-10-06 20:00:00+02:00;9398,000;1,000;MESURE
2025-10-06 21:00:00+02:00;9266,000;1,000;MESURE
2025-10-06 22:00:00+02:00;8995,000;1,000;MESURE
2025-10-06 23:00:00+02:00;9127,000;1,000;MESURE
2025-10-07 00:00:00+02:00;9183,000;1,000;MESURE
2025-10-07 01:00:00+02:00;9179,000;1,000;MESURE
2025-10-07 02:00:00+02:00;9161,000;1,000;MESURE
2025-10-07 03:00:00+02:00;9184,000;1,000;MESURE
2025-10-07 04:00:00+02:00;9195,000;1,000;MESURE
2025-10-07 05:00:00+02:00;9150,000;1,000;MESURE
2025-10-07 06:00:00+02:00;9092,000;1,000;MESURE
2025-10-07 07:00:00+02:00;6871,000;1,000;MESURE
2025-10-07 08:00:00+02:00;0,000;1,000;MESURE
2025-10-07 09:00:00+02:00;0,000;1,000;MESURE
2025-10-07 10:00:00+02:00;0,000;1,000;MESURE
2025-10-07 11:00:00+02:00;0,000;1,000;MESURE
2025-10-07 12:00:00+02:00;0,000;1,000;MESURE
2025-10-07 13:00:00+02:00;0,000;1,000;MESURE
2025-10-07 14:00:00+02:00;0,000;1,000;MESURE
2025-10-07 15:00:00+02:00;0,000;1,000;MESURE
2025-10-07 16:00:00+02:00;0,000;1,000;MESURE
2025-10-07 17:00:00+02:00;0,000;1,000;MESURE
2025-10-07 18:00:00+02:00;0,000;1,000;MESURE
2025-10-07 19:00:00+02:00;6045,000;1,000;MESURE
2025-10-07 20:00:00+02:00;9349,000;1,000;MESURE
2025-10-07 21:00:00+02:00;9230,000;1,000;MESURE
2025-10-07 22:00:00+02:00;9087,000;1,000;MESURE
2025-10-07 23:00:00+02:00;9083,000;1,000;MESURE
2025-10-08 00:00:00+02:00;9143,000;1,000;MESURE
2025-10-08 01:00:00+02:00;9145,000;1,000;MESURE
2025-10-08 02:00:00+02:00;9183,000;1,000;MESURE
2025-10-08 03:00:00+02:00;9183,000;1,000;MESURE
2025-10-08 04:00:00+02:00;9132,000;1,000;MESURE
2025-10-08 05:00:00+02:00;9143,000;1,000;MESURE
2025-10-08 06:00:00+02:00;9023,000;1,000;MESURE
2025-10-08 07:00:00+02:00;7152,000;1,000;MESURE
2025-10-08 08:00:00+02:00;0,000;1,000;MESURE
2025-10-08 09:00:00+02:00;0,000;1,000;MESURE
2025-10-08 10:00:00+02:00;0,000;1,000;MESURE
2025-10-08 11:00:00+02:00;0,000;1,000;MESURE
2025-10-08 12:00:00+02:00;0,000;1,000;MESURE
2025-10-08 13:00:00+02:00;0,000;1,000;MESURE
2025-10-08 14:00:00+02:00;0,000;1,000;MESURE
2025-10-08 15:00:00+02:00;0,000;1,000;MESURE
2025-10-08 16:00:00+02:00;0,000;1,000;MESURE
2025-10-08 17:00:00+02:00;0,000;1,000;MESURE
2025-10-08 18:00:00+02:00;0,000;1,000;MESURE
2025-10-08 19:00:00+02:00;6299,000;1,000;MESURE
2025-10-08 20:00:00+02:00;9232,000;1,000;MESURE
2025-10-08 21:00:00+02:00;9115,000;1,000;MESURE
2025-10-08 22:00:00+02:00;9069,000;1,000;MESURE
2025-10-08 23:00:00+02:00;9089,000;1,000;MESURE
2025-10-09 00:00:00+02:00;9118,000;1,000;MESURE
2025-10-09 01:00:00+02:00;8966,000;1,000;MESURE
2025-10-09 02:00:00+02:00;8968,000;1,000;MESURE
2025-10-09 03:00:00+02:00;8930,000;1,000;MESURE
2025-10-09 04:00:00+02:00;9028,000;1,000;MESURE
2025-10-09 05:00:00+02:00;9159,000;1,000;MESURE
2025-10-09 06:00:00+02:00;9012,000;1,000;MESURE
2025-10-09 07:00:00+02:00;7194,000;1,000;MESURE
2025-10-09 08:00:00+02:00;0,000;1,000;MESURE
2025-10-09 09:00:00+02:00;0,000;1,000;MESURE
2025-10-09 10:00:00+02:00;0,000;1,000;MESURE
2025-10-09 11:00:00+02:00;0,000;1,000;MESURE
2025-10-09 12:00:00+02:00;0,000;1,000;MESURE
2025-10-09 13:00:00+02:00;0,000;1,000;MESURE
2025-10-09 14:00:00+02:00;0,000;1,000;MESURE
2025-10-09 15:00:00+02:00;0,000;1,000;MESURE
2025-10-09 16:00:00+02:00;0,000;1,000;MESURE
2025-10-09 17:00:00+02:00;0,000;1,000;MESURE
2025-10-09 18:00:00+02:00;0,000;1,000;MESURE
2025-10-09 19:00:00+02:00;6577,000;1,000;MESURE
2025-10-09 20:00:00+02:00;9189,000;1,000;MESURE
2025-10-09 21:00:00+02:00;9068,000;1,000;MESURE
2025-10-09 22:00:00+02:00;9049,000;1,000;MESURE
2025-10-09 23:00:00+02:00;9047,000;1,000;MESURE
2025-10-10 00:00:00+02:00;8910,000;1,000;MESURE
2025-10-10 01:00:00+02:00;9047,000;1,000;MESURE
2025-10-10 02:00:00+02:00;8948,000;1,000;MESURE
2025-10-10 03:00:00+02:00;8989,000;1,000;MESURE
2025-10-10 04:00:00+02:00;8929,000;1,000;MESURE
2025-10-10 05:00:00+02:00;9044,000;1,000;MESURE
2025-10-10 06:00:00+02:00;9141,000;1,000;MESURE
2025-10-10 07:00:00+02:00;7488,000;1,000;MESURE
2025-10-10 08:00:00+02:00;0,000;1,000;MESURE
2025-10-10 09:00:00+02:00;0,000;1,000;MESURE
2025-10-10 10:00:00+02:00;0,000;1,000;MESURE
2025-10-10 11:00:00+02:00;0,000;1,000;MESURE
2025-10-10 12:00:00+02:00;0,000;1,000;MESURE
2025-10-10 13:00:00+02:00;0,000;1,000;MESURE
2025-10-10 14:00:00+02:00;0,000;1,000;MESURE
2025-10-10 15:00:00+02:00;0,000;1,000;MESURE
2025-10-10 16:00:00+02:00;0,000;1,000;MESURE
2025-10-10 17:00:00+02:00;0,000;1,000;MESURE
2025-10-10 18:00:00+02:00;0,000;1,000;MESURE
2025-10-10 19:00:00+02:00;6988,000;1,000;MESURE
2025-10-10 20:00:00+02:00;9345,000;1,000;MESURE
2025-10-10 21:00:00+02:00;9215,000;1,000;MESURE
2025-10-10 22:00:00+02:00;9108,000;1,000;MESURE
2025-10-10 23:00:00+02:00;8988,000;1,000;MESURE
2025-10-11 00:00:00+02:00;8944,000;1,000;MESURE
2025-10-11 01:00:00+02:00;8966,000;1,000;MESURE
2025-10-11 02:00:00+02:00;8996,000;1,000;MESURE
2025-10-11 03:00:00+02:00;8942,000;1,000;MESURE
2025-10-11 04:00:00+02:00;8972,000;1,000;MESURE
2025-10-11 05:00:00+02:00;8960,000;1,000;MESURE
2025-10-11 06:00:00+02:00;8912,000;1,000;MESURE
2025-10-11 07:00:00+02:00;7610,000;1,000;MESURE
2025-10-11 08:00:00+02:00;0,000;1,000;MESURE
2025-10-11 09:00:00+02:00;0,000;1,000;MESURE
2025-10-11 10:00:00+02:00;0,000;1,000;MESURE
2025-10-11 11:00:00+02:00;0,000;1,000;MESURE
2025-10-11 12:00:00+02:00;0,000;1,000;MESURE
2025-10-11 13:00:00+02:00;0,000;1,000;MESURE
2025-10-11 14:00:00+02:00;0,000;1,000;MESURE
2025-10-11 15:00:00+02:00;0,000;1,000;MESURE
2025-10-11 16:00:00+02:00;0,000;1,000;MESURE
2025-10-11 17:00:00+02:00;0,000;1,000;MESURE
2025-10-11 18:00:00+02:00;0,000;1,000;MESURE
2025-10-11 19:00:00+02:00;7256,000;1,000;MESURE
2025-10-11 20:00:00+02:00;9233,000;1,000;MESURE
2025-10-11 21:00:00+02:00;9081,000;1,000;MESURE
2025-10-11 22:00:00+02:00;9044,000;1,000;MESURE
2025-10-11 23:00:00+02:00;9003,000;1,000;MESURE
2025-10-12 00:00:00+02:00;9057,000;1,000;MESURE
2025-10-12 01:00:00+02:00;8900,000;1,000;MESURE
2025-10-12 02:00:00+02:00;9156,000;1,000;MESURE
2025-10-12 03:00:00+02:00;9051,000;1,000;MESURE
2025-10-12 04:00:00+02:00;9123,000;1,000;MESURE
2025-10-12 05:00:00+02:00;9107,000;1,000;MESURE
2025-10-12 06:00:00+02:00;9056,000;1,000;MESURE
2025-10-12 07:00:00+02:00;7907,000;1,000;MESURE
2025-10-12 08:00:00+02:00;0,000;1,000;MESURE
2025-10-12 09:00:00+02:00;0,000;1,000;MESURE
2025-10-12 10:00:00+02:00;0,000;1,000;MESURE
2025-10-12 11:00:00+02:00;0,000;1,000;MESURE
2025-10-12 12:00:00+02:00;0,000;1,000;MESURE
2025-10-12 13:00:00+02:00;0,000;1,000;MESURE
2025-10-12 14:00:00+02:00;0,000;1,000;MESURE
2025-10-12 15:00:00+02:00;0,000;1,000;MESURE
2025-10-12 16:00:00+02:00;0,000;1,000;MESURE
2025-10-12 17:00:00+02:00;0,000;1,000;MESURE
2025-10-12 18:00:00+02:00;0,000;1,000;MESURE
2025-10-12 19:00:00+02:00;7536,000;1,000;MESURE
2025-10-12 20:00:00+02:00;9186,000;1,000;MESURE
2025-10-12 21:00:00+02:00;9065,000;1,000;MESURE
2025-10-12 22:00:00+02:00;8979,000;1,000;MESURE
2025-10-12 23:00:00+02:00;8938,000;1,000;MESURE
2025-10-13 00:00:00+02:00;9066,000;1,000;MESURE
2025-10-13 01:00:00+02:00;9127,000;1,000;MESURE
2025-10-13 02:00:00+02:00;9113,000;1,000;MESURE
2025-10-13 03:00:00+02:00;9127,000;1,000;MESURE
2025-10-13 04:00:00+02:00;9095,000;1,000;MESURE
2025-10-13 05:00:00+02:00;9089,000;1,000;MESURE
2025-10-13 06:00:00+02:00;9021,000;1,000;MESURE
2025-10-13 07:00:00+02:00;7993,000;1,000;MESURE
2025-10-13 08:00:00+02:00;0,000;1,000;MESURE
2025-10-13 09:00:00+02:00;0,000;1,000;MESURE
2025-10-13 10:00:00+02:00;0,000;1,000;MESURE
2025-10-13 11:00:00+02:00;0,000;1,000;MESURE
2025-10-13 12:00:00+02:00;0,000;1,000;MESURE
2025-10-13 13:00:00+02:00;0,000;1,000;MESURE
2025-10-13 14:00:00+02:00;0,000;1,000;MESURE
2025-10-13 15:00:00+02:00;0,000;1,000;MESURE
2025-10-13 16:00:00+02:00;0,000;1,000;MESURE
2025-10-13 17:00:00+02:00;0,000;1,000;MESURE
2025-10-13 18:00:00+02:00;0,000;1,000;MESURE
2025-10-13 19:00:00+02:00;7627,000;1,000;MESURE
2025-10-13 20:00:00+02:00;9146,000;1,000;MESURE
2025-10-13 21:00:00+02:00;9027,000;1,000;MESURE
2025-10-13 22:00:00+02:00;8964,000;1,000;MESURE
2025-10-13 23:00:00+02:00;8938,000;1,000;MESURE
2025-10-14 00:00:00+02:00;9005,000;1,000;MESURE
2025-10-14 01:00:00+02:00;9033,000;1,000;MESURE
2025-10-14 02:00:00+02:00;9052,000;1,000;MESURE
2025-10-14 03:00:00+02:00;9069,000;1,000;MESURE
2025-10-14 04:00:00+02:00;9087,000;1,000;MESURE
2025-10-14 05:00:00+02:00;9010,000;1,000;MESURE
2025-10-14 06:00:00+02:00;9012,000;1,000;MESURE
2025-10-14 07:00:00+02:00;8295,000;1,000;MESURE
2025-10-14 08:00:00+02:00;0,000;1,000;MESURE
2025-10-14 09:00:00+02:00;0,000;1,000;MESURE
2025-10-14 10:00:00+02:00;0,000;1,000;MESURE
2025-10-14 11:00:00+02:00;0,000;1,000;MESURE
2025-10-14 12:00:00+02:00;0,000;1,000;MESURE
2025-10-14 13:00:00+02:00;0,000;1,000;MESURE
2025-10-14 14:00:00+02:00;0,000;1,000;MESURE
2025-10-14 15:00:00+02:00;0,000;1,000;MESURE
2025-10-14 16:00:00+02:00;0,000;1,000;MESURE
2025-10-14 17:00:00+02:00;0,000;1,000;MESURE
2025-10-14 18:00:00+02:00;0,000;1,000;MESURE
2025-10-14 19:00:00+02:00;7944,000;1,000;MESURE
2025-10-14 20:00:00+02:00;9143,000;1,000;MESURE
2025-10-14 21:00:00+02:00;9031,000;1,000;MESURE
2025-10-14 22:00:00+02:00;9001,000;1,000;MESURE
2025-10-14 23:00:00+02:00;8959,000;1,000;MESURE
2025-10-15 00:00:00+02:00;9000,000;1,000;MESURE
2025-10-15 01:00:00+02:00;9062,000;1,000;MESURE
2025-10-15 02:00:00+02:00;9078,000;1,000;MESURE
2025-10-15 03:00:00+02:00;9041,000;1,000;MESURE
2025-10-15 04:00:00+02:00;9046,000;1,000;MESURE
2025-10-15 05:00:00+02:00;9012,000;1,000;MESURE
2025-10-15 06:00:00+02:00;8959,000;1,000;MESURE
2025-10-15 07:00:00+02:00;8407,000;1,000;MESURE
2025-10-15 08:00:00+02:00;0,000;1,000;MESURE
2025-10-15 09:00:00+02:00;0,000;1,000;MESURE
2025-10-15 10:00:00+02:00;0,000;1,000;MESURE
2025-10-15 11:00:00+02:00;0,000;1,000;MESURE
2025-10-15 12:00:00+02:00;0,000;1,000;MESURE
2025-10-15 13:00:00+02:00;0,000;1,000;MESURE
2025-10-15 14:00:00+02:00;0,000;1,000;MESURE
2025-10-15 15:00:00+02:00;0,000;1,000;MESURE
2025-10-15 16:00:00+02:00;0,000;1,000;MESURE
2025-10-15 17:00:00+02:00;0,000;1,000;MESURE
2025-10-15 18:00:00+02:00;0,000;1,000;MESURE
2025-10-15 19:00:00+02:00;8216,000;1,000;MESURE
2025-10-15 20:00:00+02:00;9118,000;1,000;MESURE
2025-10-15 21:00:00+02:00;8993,000;1,000;MESURE
2025-10-15 22:00:00+02:00;8980,000;1,000;MESURE
2025-10-15 23:00:00+02:00;8941,000;1,000;MESURE
2025-10-16 00:00:00+02:00;9001,000;1,000;MESURE
2025-10-16 01:00:00+02:00;9018,000;1,000;MESURE
2025-10-16 02:00:00+02:00;9013,000;1,000;MESURE
2025-10-16 03:00:00+02:00;9042,000;1,000;MESURE
2025-10-16 04:00:00+02:00;9065,000;1,000;MESURE
2025-10-16 05:00:00+02:00;9039,000;1,000;MESURE
2025-10-16 06:00:00+02:00;9011,000;1,000;MESURE
2025-10-16 07:00:00+02:00;8568,000;1,000;MESURE
2025-10-16 08:00:00+02:00;0,000;1,000;MESURE
2025-10-16 09:00:00+02:00;0,000;1,000;MESURE
2025-10-16 10:00:00+02:00;0,000;1,000;MESURE
2025-10-16 11:00:00+02:00;0,000;1,000;MESURE
2025-10-16 12:00:00+02:00;0,000;1,000;MESURE
2025-10-16 13:00:00+02:00;0,000;1,000;MESURE
2025-10-16 14:00:00+02:00;0,000;1,000;MESURE
2025-10-16 15:00:00+02:00;0,000;1,000;MESURE
2025-10-16 16:00:00+02:00;0,000;1,000;MESURE
2025-10-16 17:00:00+02:00;0,000;1,000;MESURE
2025-10-16 18:00:00+02:00;0,000;1,000;MESURE
2025-10-16 19:00:00+02:00;8640,000;1,000;MESURE
2025-10-16 20:00:00+02:00;9214,000;1,000;MESURE
2025-10-16 21:00:00+02:00;9068,000;1,000;MESURE
2025-10-16 22:00:00+02:00;9010,000;1,000;MESURE
2025-10-16 23:00:00+02:00;9034,000;1,000;MESURE
2025-10-17 00:00:00+02:00;8983,000;1,000;MESURE
2025-10-17 01:00:00+02:00;8905,000;1,000;MESURE
2025-10-17 02:00:00+02:00;8895,000;1,000;MESURE
2025-10-17 03:00:00+02:00;8929,000;1,000;MESURE
2025-10-17 04:00:00+02:00;8906,000;1,000;MESURE
2025-10-17 05:00:00+02:00;8917,000;1,000;MESURE
2025-10-17 06:00:00+02:00;9016,000;1,000;MESURE
2025-10-17 07:00:00+02:00;9044,000;1,000;MESURE
2025-10-17 08:00:00+02:00;0,000;1,000;MESURE
2025-10-17 09:00:00+02:00;0,000;1,000;MESURE
2025-10-17 10:00:00+02:00;0,000;1,000;MESURE
2025-10-17 11:00:00+02:00;0,000;1,000;MESURE
2025-10-17 12:00:00+02:00;0,000;1,000;MESURE
2025-10-17 13:00:00+02:00;0,000;1,000;MESURE
2025-10-17 14:00:00+02:00;0,000;1,000;MESURE
2025-10-17 15:00:00+02:00;0,000;1,000;MESURE
2025-10-17 16:00:00+02:00;0,000;1,000;MESURE
2025-10-17 17:00:00+02:00;0,000;1,000;MESURE
2025-10-17 18:00:00+02:00;0,000;1,000;MESURE
2025-10-17 19:00:00+02:00;9013,000;1,000;MESURE
2025-10-17 20:00:00+02:00;9270,000;1,000;MESURE
2025-10-17 21:00:00+02:00;8845,000;1,000;MESURE
2025-10-17 22:00:00+02:00;8821,000;1,000;MESURE
2025-10-17 23:00:00+02:00;8969,000;1,000;MESURE
2025-10-18 00:00:00+02:00;8955,000;1,000;MESURE
2025-10-18 01:00:00+02:00;8859,000;1,000;MESURE
2025-10-18 02:00:00+02:00;8914,000;1,000;MESURE
2025-10-18 03:00:00+02:00;9005,000;1,000;MESURE
2025-10-18 04:00:00+02:00;9076,000;1,000;MESURE
2025-10-18 05:00:00+02:00;8950,000;1,000;MESURE
2025-10-18 06:00:00+02:00;9093,000;1,000;MESURE
2025-10-18 07:00:00+02:00;8868,000;1,000;MESURE
2025-10-18 08:00:00+02:00;71,000;1,000;MESURE
2025-10-18 09:00:00+02:00;0,000;1,000;MESURE
2025-10-18 10:00:00+02:00;0,000;1,000;MESURE
2025-10-18 11:00:00+02:00;0,000;1,000;MESURE
2025-10-18 12:00:00+02:00;0,000;1,000;MESURE
2025-10-18 13:00:00+02:00;0,000;1,000;MESURE
2025-10-18 14:00:00+02:00;0,000;1,000;MESURE
2025-10-18 15:00:00+02:00;0,000;1,000;MESURE
2025-10-18 16:00:00+02:00;0,000;1,000;MESURE
2025-10-18 17:00:00+02:00;0,000;1,000;MESURE
2025-10-18 18:00:00+02:00;0,000;1,000;MESURE
2025-10-18 19:00:00+02:00;8970,000;1,000;MESURE
2025-10-18 20:00:00+02:00;9059,000;1,000;MESURE
2025-10-18 21:00:00+02:00;8927,000;1,000;MESURE
2025-10-18 22:00:00+02:00;8937,000;1,000;MESURE
2025-10-18 23:00:00+02:00;8907,000;1,000;MESURE
2025-10-19 00:00:00+02:00;8939,000;1,000;MESURE
2025-10-19 01:00:00+02:00;8790,000;1,000;MESURE
2025-10-19 02:00:00+02:00;8977,000;1,000;MESURE
2025-10-19 03:00:00+02:00;8910,000;1,000;MESURE
2025-10-19 04:00:00+02:00;9004,000;1,000;MESURE
2025-10-19 05:00:00+02:00;8976,000;1,000;MESURE
2025-10-19 06:00:00+02:00;8976,000;1,000;MESURE
2025-10-19 07:00:00+02:00;8960,000;1,000;MESURE
2025-10-19 08:00:00+02:00;384,000;1,000;MESURE
2025-10-19 09:00:00+02:00;0,000;1,000;MESURE
2025-10-19 10:00:00+02:00;0,000;1,000;MESURE
2025-10-19 11:00:00+02:00;0,000;1,000;MESURE
2025-10-19 12:00:00+02:00;0,000;1,000;MESURE
2025-10-19 13:00:00+02:00;0,000;1,000;MESURE
2025-10-19 14:00:00+02:00;0,000;1,000;MESURE
2025-10-19 15:00:00+02:00;0,000;1,000;MESURE
2025-10-19 16:00:00+02:00;0,000;1,000;MESURE
2025-10-19 17:00:00+02:00;0,000;1,000;MESURE
2025-10-19 18:00:00+02:00;160,000;1,000;MESURE
2025-10-19 19:00:00+02:00;9231,000;1,000;MESURE
2025-10-19 20:00:00+02:00;9178,000;1,000;MESURE
2025-10-19 21:00:00+02:00;9053,000;1,000;MESURE
2025-10-19 22:00:00+02:00;9038,000;1,000;MESURE
2025-10-19 23:00:00+02:00;9020,000;1,000;MESURE
2025-10-20 00:00:00+02:00;9082,000;1,000;MESURE
2025-10-20 01:00:00+02:00;9120,000;1,000;MESURE
2025-10-20 02:00:00+02:00;9102,000;1,000;MESURE
2025-10-20 03:00:00+02:00;8934,000;1,000;MESURE
2025-10-20 04:00:00+02:00;8860,000;1,000;MESURE
2025-10-20 05:00:00+02:00;8946,000;1,000;MESURE
2025-10-20 06:00:00+02:00;9156,000;1,000;MESURE
2025-10-20 07:00:00+02:00;9232,000;1,000;MESURE
2025-10-20 08:00:00+02:00;554,000;1,000;MESURE
2025-10-20 09:00:00+02:00;0,000;1,000;MESURE
2025-10-20 10:00:00+02:00;0,000;1,000;MESURE
2025-10-20 11:00:00+02:00;0,000;1,000;MESURE
2025-10-20 12:00:00+02:00;0,000;1,000;MESURE
2025-10-20 13:00:00+02:00;0,000;1,000;MESURE
2025-10-20 14:00:00+02:00;0,000;1,000;MESURE
2025-10-20 15:00:00+02:00;0,000;1,000;MESURE
2025-10-20 16:00:00+02:00;0,000;1,000;MESURE
2025-10-20 17:00:00+02:00;0,000;1,000;MESURE
2025-10-20 18:00:00+02:00;458,000;1,000;MESURE
2025-10-20 19:00:00+02:00;9607,000;1,000;MESURE
2025-10-20 20:00:00+02:00;9417,000;1,000;MESURE
2025-10-20 21:00:00+02:00;9240,000;1,000;MESURE
2025-10-20 22:00:00+02:00;9240,000;1,000;MESURE
2025-10-20 23:00:00+02:00;9190,000;1,000;MESURE
2025-10-21 00:00:00+02:00;9259,000;1,000;MESURE
2025-10-21 01:00:00+02:00;9284,000;1,000;MESURE
2025-10-21 02:00:00+02:00;9283,000;1,000;MESURE
2025-10-21 03:00:00+02:00;9325,000;1,000;MESURE
2025-10-21 04:00:00+02:00;9356,000;1,000;MESURE
2025-10-21 05:00:00+02:00;9339,000;1,000;MESURE
2025-10-21 06:00:00+02:00;9301,000;1,000;MESURE
2025-10-21 07:00:00+02:00;9267,000;1,000;MESURE
2025-10-21 08:00:00+02:00;706,000;1,000;MESURE
2025-10-21 09:00:00+02:00;0,000;1,000;MESURE
2025-10-21 10:00:00+02:00;0,000;1,000;MESURE
2025-10-21 11:00:00+02:00;0,000;1,000;MESURE
2025-10-21 12:00:00+02:00;0,000;1,000;MESURE
2025-10-21 13:00:00+02:00;0,000;1,000;MESURE
2025-10-21 14:00:00+02:00;0,000;1,000;MESURE
2025-10-21 15:00:00+02:00;0,000;1,000;MESURE
2025-10-21 16:00:00+02:00;0,000;1,000;MESURE
2025-10-21 17:00:00+02:00;0,000;1,000;MESURE
2025-10-21 18:00:00+02:00;615,000;1,000;MESURE
2025-10-21 19:00:00+02:00;9528,000;1,000;MESURE
2025-10-21 20:00:00+02:00;9403,000;1,000;MESURE
2025-10-21 21:00:00+02:00;9256,000;1,000;MESURE
2025-10-21 22:00:00+02:00;9160,000;1,000;MESURE
2025-10-21 23:00:00+02:00;9182,000;1,000;MESURE
2025-10-22 00:00:00+02:00;9224,000;1,000;MESURE
2025-10-22 01:00:00+02:00;8996,000;1,000;MESURE
2025-10-22 02:00:00+02:00;9118,000;1,000;MESURE
2025-10-22 03:00:00+02:00;9166,000;1,000;MESURE
2025-10-22 04:00:00+02:00;9201,000;1,000;MESURE
2025-10-22 05:00:00+02:00;9380,000;1,000;MESURE
2025-10-22 06:00:00+02:00;9430,000;1,000;MESURE
2025-10-22 07:00:00+02:00;9480,000;1,000;MESURE
2025-10-22 08:00:00+02:00;1035,000;1,000;MESURE
2025-10-22 09:00:00+02:00;0,000;1,000;MESURE
2025-10-22 10:00:00+02:00;0,000;1,000;MESURE
2025-10-22 11:00:00+02:00;0,000;1,000;MESURE
2025-10-22 12:00:00+02:00;0,000;1,000;MESURE
2025-10-22 13:00:00+02:00;0,000;1,000;MESURE
2025-10-22 14:00:00+02:00;0,000;1,000;MESURE
2025-10-22 15:00:00+02:00;0,000;1,000;MESURE
2025-10-22 16:00:00+02:00;0,000;1,000;MESURE
2025-10-22 17:00:00+02:00;0,000;1,000;MESURE
2025-10-22 18:00:00+02:00;925,000;1,000;MESURE
2025-10-22 19:00:00+02:00;9523,000;1,000;MESURE
2025-10-22 20:00:00+02:00;9472,000;1,000;MESURE
2025-10-22 21:00:00+02:00;9393,000;1,000;MESURE
2025-10-22 22:00:00+02:00;9416,000;1,000;MESURE
2025-10-22 23:00:00+02:00;9448,000;1,000;MESURE
2025-10-23 00:00:00+02:00;9605,000;1,000;MESURE
2025-10-23 01:00:00+02:00;9582,000;1,000;MESURE
2025-10-23 02:00:00+02:00;9602,000;1,000;MESURE
2025-10-23 03:00:00+02:00;9666,000;1,000;MESURE
2025-10-23 04:00:00+02:00;9707,000;1,000;MESURE
2025-10-23 05:00:00+02:00;9698,000;1,000;MESURE
2025-10-23 06:00:00+02:00;9685,000;1,000;MESURE
2025-10-23 07:00:00+02:00;9621,000;1,000;MESURE
2025-10-23 08:00:00+02:00;1216,000;1,000;MESURE
2025-10-23 09:00:00+02:00;0,000;1,000;MESURE
2025-10-23 10:00:00+02:00;0,000;1,000;MESURE
2025-10-23 11:00:00+02:00;0,000;1,000;MESURE
2025-10-23 12:00:00+02:00;0,000;1,000;MESURE
2025-10-23 13:00:00+02:00;0,000;1,000;MESURE
2025-10-23 14:00:00+02:00;0,000;1,000;MESURE
2025-10-23 15:00:00+02:00;0,000;1,000;MESURE
2025-10-23 16:00:00+02:00;0,000;1,000;MESURE
2025-10-23 17:00:00+02:00;0,000;1,000;MESURE
2025-10-23 18:00:00+02:00;1268,000;1,000;MESURE
2025-10-23 19:00:00+02:00;9734,000;1,000;MESURE
2025-10-23 20:00:00+02:00;9640,000;1,000;MESURE
2025-10-23 21:00:00+02:00;9506,000;1,000;MESURE
2025-10-23 22:00:00+02:00;9550,000;1,000;MESURE
2025-10-23 23:00:00+02:00;9491,000;1,000;MESURE
2025-10-24 00:00:00+02:00;9520,000;1,000;MESURE
2025-10-24 01:00:00+02:00;9596,000;1,000;MESURE
2025-10-24 02:00:00+02:00;9586,000;1,000;MESURE
2025-10-24 03:00:00+02:00;9624,000;1,000;MESURE
2025-10-24 04:00:00+02:00;9610,000;1,000;MESURE
2025-10-24 05:00:00+02:00;9579,000;1,000;MESURE
2025-10-24 06:00:00+02:00;9525,000;1,000;MESURE
2025-10-24 07:00:00+02:00;9525,000;1,000;MESURE
2025-10-24 08:00:00+02:00;1350,000;1,000;MESURE
2025-10-24 09:00:00+02:00;0,000;1,000;MESURE
2025-10-24 10:00:00+02:00;0,000;1,000;MESURE
2025-10-24 11:00:00+02:00;0,000;1,000;MESURE
2025-10-24 12:00:00+02:00;0,000;1,000;MESURE
2025-10-24 13:00:00+02:00;0,000;1,000;MESURE
2025-10-24 14:00:00+02:00;0,000;1,000;MESURE
2025-10-24 15:00:00+02:00;0,000;1,000;MESURE
2025-10-24 16:00:00+02:00;0,000;1,000;MESURE
2025-10-24 17:00:00+02:00;0,000;1,000;MESURE
2025-10-24 18:00:00+02:00;1436,000;1,000;MESURE
2025-10-24 19:00:00+02:00;9723,000;1,000;MESURE
2025-10-24 20:00:00+02:00;9558,000;1,000;MESURE
2025-10-24 21:00:00+02:00;9409,000;1,000;MESURE
2025-10-24 22:00:00+02:00;9399,000;1,000;MESURE
2025-10-24 23:00:00+02:00;9402,000;1,000;MESURE
2025-10-25 00:00:00+02:00;9565,000;1,000;MESURE
2025-10-25 01:00:00+02:00;9546,000;1,000;MESURE
2025-10-25 02:00:00+02:00;9572,000;1,000;MESURE
2025-10-25 03:00:00+02:00;9578,000;1,000;MESURE
2025-10-25 04:00:00+02:00;9601,000;1,000;MESURE
2025-10-25 05:00:00+02:00;9596,000;1,000;MESURE
2025-10-25 06:00:00+02:00;9595,000;1,000;MESURE
2025-10-25 07:00:00+02:00;9544,000;1,000;MESURE
2025-10-25 08:00:00+02:00;1674,000;1,000;MESURE
2025-10-25 09:00:00+02:00;0,000;1,000;MESURE
2025-10-25 10:00:00+02:00;0,000;1,000;MESURE
2025-10-25 11:00:00+02:00;0,000;1,000;MESURE
2025-10-25 12:00:00+02:00;0,000;1,000;MESURE
2025-10-25 13:00:00+02:00;0,000;1,000;MESURE
2025-10-25 14:00:00+02:00;0,000;1,000;MESURE
2025-10-25 15:00:00+02:00;0,000;1,000;MESURE
2025-10-25 16:00:00+02:00;0,000;1,000;MESURE
2025-10-25 17:00:00+02:00;0,000;1,000;MESURE
2025-10-25 18:00:00+02:00;1793,000;1,000;MESURE
2025-10-25 19:00:00+02:00;9953,000;1,000;MESURE
2025-10-25 20:00:00+02:00;9812,000;1,000;MESURE
2025-10-25 21:00:00+02:00;9685,000;1,000;MESURE
2025-10-25 22:00:00+02:00;9691,000;1,000;MESURE
2025-10-25 23:00:00+02:00;9619,000;1,000;MESURE
2025-10-26 00:00:00+02:00;9699,000;1,000;MESURE
2025-10-26 01:00:00+02:00;9739,000;1,000;MESURE
2025-10-26 02:00:00+02:00;9732,000;1,000;MESURE
2025-10-26 02:00:00+01:00;9729,000;1,000;MESURE
2025-10-26 03:00:00+01:00;9684,000;1,000;MESURE
2025-10-26 04:00:00+01:00;9803,000;1,000;MESURE
2025-10-26 05:00:00+01:00;9755,000;1,000;MESURE
2025-10-26 06:00:00+01:00;9744,000;1,000;MESURE
2025-10-26 07:00:00+01:00;1876,000;1,000;MESURE
2025-10-26 08:00:00+01:00;0,000;1,000;MESURE
2025-10-26 09:00:00+01:00;0,000;1,000;MESURE
2025-10-26 10:00:00+01:00;0,000;1,000;MESURE
2025-10-26 11:00:00+01:00;0,000;1,000;MESURE
2025-10-26 12:00:00+01:00;0,000;1,000;MESURE
2025-10-26 13:00:00+01:00;0,000;1,000;MESURE
2025-10-26 14:00:00+01:00;0,000;1,000;MESURE
2025-10-26 15:00:00+01:00;0,000;1,000;MESURE
2025-10-26 16:00:00+01:00;0,000;1,000;MESURE
2025-10-26 17:00:00+01:00;2084,000;1,000;MESURE
2025-10-26 18:00:00+01:00;9676,000;1,000;MESURE
2025-10-26 19:00:00+01:00;9485,000;1,000;MESURE
2025-10-26 20:00:00+01:00;9371,000;1,000;MESURE
2025-10-26 21:00:00+01:00;9395,000;1,000;MESURE
2025-10-26 22:00:00+01:00;9360,000;1,000;MESURE
2025-10-26 23:00:00+01:00;9252,000;1,000;MESURE
2025-10-27 00:00:00+01:00;9304,000;1,000;MESURE
2025-10-27 01:00:00+01:00;9338,000;1,000;MESURE
2025-10-27 02:00:00+01:00;9281,000;1,000;MESURE
2025-10-27 03:00:00+01:00;9292,000;1,000;MESURE
2025-10-27 04:00:00+01:00;9260,000;1,000;MESURE
2025-10-27 05:00:00+01:00;9197,000;1,000;MESURE
2025-10-27 06:00:00+01:00;9245,000;1,000;MESURE
2025-10-27 07:00:00+01:00;2084,000;1,000;MESURE
2025-10-27 08:00:00+01:00;0,000;1,000;MESURE
2025-10-27 09:00:00+01:00;0,000;1,000;MESURE
2025-10-27 10:00:00+01:00;0,000;1,000;MESURE
2025-10-27 11:00:00+01:00;0,000;1,000;MESURE
2025-10-27 12:00:00+01:00;0,000;1,000;MESURE
2025-10-27 13:00:00+01:00;0,000;1,000;MESURE
2025-10-27 14:00:00+01:00;0,000;1,000;MESURE
2025-10-27 15:00:00+01:00;0,000;1,000;MESURE
2025-10-27 16:00:00+01:00;0,000;1,000;MESURE
2025-10-27 17:00:00+01:00;2256,000;1,000;MESURE
2025-10-27 18:00:00+01:00;9874,000;1,000;MESURE
2025-10-27 19:00:00+01:00;9741,000;1,000;MESURE
2025-10-27 20:00:00+01:00;9660,000;1,000;MESURE
2025-10-27 21:00:00+01:00;9675,000;1,000;MESURE
2025-10-27 22:00:00+01:00;9567,000;1,000;MESURE
2025-10-27 23:00:00+01:00;9687,000;1,000;MESURE
2025-10-28 00:00:00+01:00;9736,000;1,000;MESURE
2025-10-28 01:00:00+01:00;9713,000;1,000;MESURE
2025-10-28 02:00:00+01:00;9687,000;1,000;MESURE
2025-10-28 03:00:00+01:00;9710,000;1,000;MESURE
2025-10-28 04:00:00+01:00;9692,000;1,000;MESURE
2025-10-28 05:00:00+01:00;9616,000;1,000;MESURE
2025-10-28 06:00:00+01:00;9625,000;1,000;MESURE
2025-10-28 07:00:00+01:00;2351,000;1,000;MESURE
2025-10-28 08:00:00+01:00;1429,000;1,000;MESURE
2025-10-28 09:00:00+01:00;9084,000;1,000;MESURE
2025-10-28 10:00:00+01:00;0,000;1,000;MESURE
2025-10-28 11:00:00+01:00;0,000;1,000;MESURE
2025-10-28 12:00:00+01:00;0,000;1,000;MESURE
2025-10-28 13:00:00+01:00;0,000;1,000;MESURE
2025-10-28 14:00:00+01:00;0,000;1,000;MESURE
2025-10-28 15:00:00+01:00;0,000;1,000;MESURE
2025-10-28 16:00:00+01:00;0,000;1,000;MESURE
2025-10-28 17:00:00+01:00;2561,000;1,000;MESURE
2025-10-28 18:00:00+01:00;9584,000;1,000;MESURE
2025-10-28 19:00:00+01:00;9296,000;1,000;MESURE
2025-10-28 20:00:00+01:00;9268,000;1,000;MESURE
2025-10-28 21:00:00+01:00;9210,000;1,000;MESURE
2025-10-28 22:00:00+01:00;9336,000;1,000;MESURE
2025-10-28 23:00:00+01:00;9258,000;1,000;MESURE
2025-10-29 00:00:00+01:00;9281,000;1,000;MESURE
2025-10-29 01:00:00+01:00;9286,000;1,000;MESURE
2025-10-29 02:00:00+01:00;9278,000;1,000;MESURE
2025-10-29 03:00:00+01:00;9298,000;1,000;MESURE
2025-10-29 04:00:00+01:00;9292,000;1,000;MESURE
2025-10-29 05:00:00+01:00;9210,000;1,000;MESURE
2025-10-29 06:00:00+01:00;9170,000;1,000;MESURE
2025-10-29 07:00:00+01:00;2373,000;1,000;MESURE
2025-10-29 08:00:00+01:00;0,000;1,000;MESURE
2025-10-29 09:00:00+01:00;0,000;1,000;MESURE
2025-10-29 10:00:00+01:00;0,000;1,000;MESURE
2025-10-29 11:00:00+01:00;0,000;1,000;MESURE
2025-10-29 12:00:00+01:00;0,000;1,000;MESURE
2025-10-29 13:00:00+01:00;0,000;1,000;MESURE
2025-10-29 14:00:00+01:00;0,000;1,000;MESURE
2025-10-29 15:00:00+01:00;0,000;1,000;MESURE
2025-10-29 16:00:00+01:00;0,000;1,000;MESURE
2025-10-29 17:00:00+01:00;2700,000;1,000;MESURE
2025-10-29 18:00:00+01:00;9500,000;1,000;MESURE
2025-10-29 19:00:00+01:00;9277,000;1,000;MESURE
2025-10-29 20:00:00+01:00;9230,000;1,000;MESURE
2025-10-29 21:00:00+01:00;9389,000;1,000;MESURE
2025-10-29 22:00:00+01:00;9341,000;1,000;MESURE
2025-10-29 23:00:00+01:00;9607,000;1,000;MESURE
2025-10-30 00:00:00+01:00;9717,000;1,000;MESURE
2025-10-30 01:00:00+01:00;9500,000;1,000;MESURE
2025-10-30 02:00:00+01:00;9709,000;1,000;MESURE
2025-10-30 03:00:00+01:00;9584,000;1,000;MESURE
2025-10-30 04:00:00+01:00;9476,000;1,000;MESURE
2025-10-30 05:00:00+01:00;9747,000;1,000;MESURE
2025-10-30 06:00:00+01:00;9735,000;1,000;MESURE
2025-10-30 07:00:00+01:00;2861,000;1,000;MESURE
2025-10-30 08:00:00+01:00;0,000;1,000;MESURE
2025-10-30 09:00:00+01:00;0,000;1,000;MESURE
2025-10-30 10:00:00+01:00;0,000;1,000;MESURE
2025-10-30 11:00:00+01:00;0,000;1,000;MESURE
2025-10-30 12:00:00+01:00;0,000;1,000;MESURE
2025-10-30 13:00:00+01:00;0,000;1,000;MESURE
2025-10-30 14:00:00+01:00;0,000;1,000;MESURE
2025-10-30 15:00:00+01:00;0,000;1,000;MESURE
2025-10-30 16:00:00+01:00;0,000;1,000;MESURE
2025-10-30 17:00:00+01:00;3077,000;1,000;MESURE
2025-10-30 18:00:00+01:00;9767,000;1,000;MESURE
2025-10-30 19:00:00+01:00;9551,000;1,000;MESURE
2025-10-30 20:00:00+01:00;9452,000;1,000;MESURE
2025-10-30 21:00:00+01:00;9257,000;1,000;MESURE
2025-10-30 22:00:00+01:00;9205,000;1,000;MESURE
2025-10-30 23:00:00+01:00;9408,000;1,000;MESURE
2025-10-31 00:00:00+01:00;9266,000;1,000;MESURE
2025-10-31 01:00:00+01:00;9167,000;1,000;MESURE
2025-10-31 02:00:00+01:00;9324,000;1,000;MESURE
2025-10-31 03:00:00+01:00;9331,000;1,000;MESURE
2025-10-31 04:00:00+01:00;9196,000;1,000;MESURE
2025-10-31 05:00:00+01:00;9167,000;1,000;MESURE
2025-10-31 06:00:00+01:00;9305,000;1,000;MESURE
2025-10-31 07:00:00+01:00;2914,000;1,000;MESURE
2025-10-31 08:00:00+01:00;0,000;1,000;MESURE
2025-10-31 09:00:00+01:00;0,000;1,000;MESURE
2025-10-31 10:00:00+01:00;0,000;1,000;MESURE
2025-10-31 11:00:00+01:00;0,000;1,000;MESURE
2025-10-31 12:00:00+01:00;0,000;1,000;MESURE
2025-10-31 13:00:00+01:00;0,000;1,000;MESURE
2025-10-31 14:00:00+01:00;0,000;1,000;MESURE
2025-10-31 15:00:00+01:00;0,000;1,000;MESURE
2025-10-31 16:00:00+01:00;0,000;1,000;MESURE
2025-10-31 17:00:00+01:00;3246,000;1,000;MESURE
2025-10-31 18:00:00+01:00;9700,000;1,000;MESURE
2025-10-31 19:00:00+01:00;9496,000;1,000;MESURE
2025-10-31 20:00:00+01:00;9359,000;1,000;MESURE
2025-10-31 21:00:00+01:00;9366,000;1,000;MESURE
2025-10-31 22:00:00+01:00;9376,000;1,000;MESURE
2025-10-31 23:00:00+01:00;9310,000;1,000;MESURE
2025-11-01 00:00:00+01:00;9363,000;1,000;MESURE
2025-11-01 01:00:00+01:00;9382,000;1,000;MESURE
2025-11-01 02:00:00+01:00;9327,000;1,000;MESURE
2025-11-01 03:00:00+01:00;9382,000;1,000;MESURE
2025-11-01 04:00:00+01:00;9386,000;1,000;MESURE
2025-11-01 05:00:00+01:00;9270,000;1,000;MESURE
2025-11-01 06:00:00+01:00;9255,000;1,000;MESURE
2025-11-01 07:00:00+01:00;3183,000;1,000;MESURE
2025-11-01 08:00:00+01:00;0,000;1,000;MESURE
2025-11-01 09:00:00+01:00;0,000;1,000;MESURE
2025-11-01 10:00:00+01:00;0,000;1,000;MESURE
2025-11-01 11:00:00+01:00;0,000;1,000;MESURE
2025-11-01 12:00:00+01:00;0,000;1,000;MESURE
2025-11-01 13:00:00+01:00;0,000;1,000;MESURE
2025-11-01 14:00:00+01:00;0,000;1,000;MESURE
2025-11-01 15:00:00+01:00;0,000;1,000;MESURE
2025-11-01 16:00:00+01:00;0,000;1,000;MESURE
2025-11-01 17:00:00+01:00;3479,000;1,000;MESURE
2025-11-01 18:00:00+01:00;9551,000;1,000;MESURE
2025-11-01 19:00:00+01:00;9386,000;1,000;MESURE
2025-11-01 20:00:00+01:00;9350,000;1,000;MESURE
2025-11-01 21:00:00+01:00;9441,000;1,000;MESURE
2025-11-01 22:00:00+01:00;9501,000;1,000;MESURE
2025-11-01 23:00:00+01:00;9508,000;1,000;MESURE
2025-11-02 00:00:00+01:00;9782,000;1,000;MESURE
2025-11-02 01:00:00+01:00;9906,000;1,000;MESURE
2025-11-02 02:00:00+01:00;9958,000;1,000;MESURE
2025-11-02 03:00:00+01:00;9946,000;1,000;MESURE
2025-11-02 04:00:00+01:00;10010,000;1,000;MESURE
2025-11-02 05:00:00+01:00;10008,000;1,000;MESURE
2025-11-02 06:00:00+01:00;10028,000;1,000;MESURE
2025-11-02 07:00:00+01:00;3605,000;1,000;MESURE
2025-11-02 08:00:00+01:00;0,000;1,000;MESURE
2025-11-02 09:00:00+01:00;0,000;1,000;MESURE
2025-11-02 10:00:00+01:00;0,000;1,000;MESURE
2025-11-02 11:00:00+01:00;0,000;1,000;MESURE
2025-11-02 12:00:00+01:00;0,000;1,000;MESURE
2025-11-02 13:00:00+01:00;0,000;1,000;MESURE
2025-11-02 14:00:00+01:00;0,000;1,000;MESURE
2025-11-02 15:00:00+01:00;0,000;1,000;MESURE
2025-11-02 16:00:00+01:00;0,000;1,000;MESURE
2025-11-02 17:00:00+01:00;3782,000;1,000;MESURE
2025-11-02 18:00:00+01:00;9972,000;1,000;MESURE
2025-11-02 19:00:00+01:00;9793,000;1,000;MESURE
2025-11-02 20:00:00+01:00;9746,000;1,000;MESURE
2025-11-02 21:00:00+01:00;9496,000;1,000;MESURE
2025-11-02 22:00:00+01:00;9522,000;1,000;MESURE
2025-11-02 23:00:00+01:00;9750,000;1,000;MESURE
2025-11-03 00:00:00+01:00;9732,000;1,000;MESURE
2025-11-03 01:00:00+01:00;9798,000;1,000;MESURE
2025-11-03 02:00:00+01:00;9765,000;1,000;MESURE
2025-11-03 03:00:00+01:00;9744,000;1,000;MESURE
2025-11-03 04:00:00+01:00;9769,000;1,000;MESURE
2025-11-03 05:00:00+01:00;9715,000;1,000;MESURE
2025-11-03 06:00:00+01:00;9631,000;1,000;MESURE
2025-11-03 07:00:00+01:00;3605,000;1,000;MESURE
2025-11-03 08:00:00+01:00;0,000;1,000;MESURE
2025-11-03 09:00:00+01:00;0,000;1,000;MESURE
2025-11-03 10:00:00+01:00;0,000;1,000;MESURE
2025-11-03 11:00:00+01:00;0,000;1,000;MESURE
2025-11-03 12:00:00+01:00;0,000;1,000;MESURE
2025-11-03 13:00:00+01:00;0,000;1,000;MESURE
2025-11-03 14:00:00+01:00;0,000;1,000;MESURE
2025-11-03 15:00:00+01:00;0,000;1,000;MESURE
2025-11-03 16:00:00+01:00;0,000;1,000;MESURE
2025-11-03 17:00:00+01:00;4067,000;1,000;MESURE
2025-11-03 18:00:00+01:00;9726,000;1,000;MESURE
2025-11-03 19:00:00+01:00;9532,000;1,000;MESURE
2025-11-03 20:00:00+01:00;9466,000;1,000;MESURE
2025-11-03 21:00:00+01:00;9361,000;1,000;MESURE
2025-11-03 22:00:00+01:00;9370,000;1,000;MESURE
2025-11-03 23:00:00+01:00;9453,000;1,000;MESURE
2025-11-04 00:00:00+01:00;9444,000;1,000;MESURE
2025-11-04 01:00:00+01:00;9476,000;1,000;MESURE
2025-11-04 02:00:00+01:00;9408,000;1,000;MESURE
2025-11-04 03:00:00+01:00;9428,000;1,000;MESURE
2025-11-04 04:00:00+01:00;9449,000;1,000;MESURE
2025-11-04 05:00:00+01:00;9395,000;1,000;MESURE
2025-11-04 06:00:00+01:00;9390,000;1,000;MESURE
2025-11-04 07:00:00+01:00;3823,000;1,000;MESURE
2025-11-04 08:00:00+01:00;0,000;1,000;MESURE
2025-11-04 09:00:00+01:00;0,000;1,000;MESURE
2025-11-04 10:00:00+01:00;0,000;1,000;MESURE
2025-11-04 11:00:00+01:00;0,000;1,000;MESURE
2025-11-04 12:00:00+01:00;0,000;1,000;MESURE
2025-11-04 13:00:00+01:00;0,000;1,000;MESURE
2025-11-04 14:00:00+01:00;0,000;1,000;MESURE
2025-11-04 15:00:00+01:00;0,000;1,000;MESURE
2025-11-04 16:00:00+01:00;0,000;1,000;MESURE
2025-11-04 17:00:00+01:00;4110,000;1,000;MESURE
2025-11-04 18:00:00+01:00;9389,000;1,000;MESURE
2025-11-04 19:00:00+01:00;9196,000;1,000;MESURE
2025-11-04 20:00:00+01:00;9107,000;1,000;MESURE
2025-11-04 21:00:00+01:00;9165,000;1,000;MESURE
2025-11-04 22:00:00+01:00;9353,000;1,000;MESURE
2025-11-04 23:00:00+01:00;9276,000;1,000;MESURE
2025-11-05 00:00:00+01:00;9354,000;1,000;MESURE
2025-11-05 01:00:00+01:00;9380,000;1,000;MESURE
2025-11-05 02:00:00+01:00;9356,000;1,000;MESURE
2025-11-05 03:00:00+01:00;9416,000;1,000;MESURE
2025-11-05 04:00:00+01:00;9403,000;1,000;MESURE
2025-11-05 05:00:00+01:00;9358,000;1,000;MESURE
2025-11-05 06:00:00+01:00;9356,000;1,000;MESURE
2025-11-05 07:00:00+01:00;3937,000;1,000;MESURE
2025-11-05 08:00:00+01:00;0,000;1,000;MESURE
2025-11-05 09:00:00+01:00;0,000;1,000;MESURE
2025-11-05 10:00:00+01:00;0,000;1,000;MESURE
2025-11-05 11:00:00+01:00;0,000;1,000;MESURE
2025-11-05 12:00:00+01:00;0,000;1,000;MESURE
2025-11-05 13:00:00+01:00;0,000;1,000;MESURE
2025-11-05 14:00:00+01:00;0,000;1,000;MESURE
2025-11-05 15:00:00+01:00;0,000;1,000;MESURE
2025-11-05 16:00:00+01:00;0,000;1,000;MESURE
2025-11-05 17:00:00+01:00;4259,000;1,000;MESURE
2025-11-05 18:00:00+01:00;9367,000;1,000;MESURE
2025-11-05 19:00:00+01:00;9130,000;1,000;MESURE
2025-11-05 20:00:00+01:00;9078,000;1,000;MESURE
2025-11-05 21:00:00+01:00;9089,000;1,000;MESURE
2025-11-05 22:00:00+01:00;9160,000;1,000;MESURE
2025-11-05 23:00:00+01:00;9110,000;1,000;MESURE
2025-11-06 00:00:00+01:00;9211,000;1,000;MESURE
2025-11-06 01:00:00+01:00;9176,000;1,000;MESURE
2025-11-06 02:00:00+01:00;9183,000;1,000;MESURE
2025-11-06 03:00:00+01:00;9218,000;1,000;MESURE
2025-11-06 04:00:00+01:00;9191,000;1,000;MESURE
2025-11-06 05:00:00+01:00;9115,000;1,000;MESURE
2025-11-06 06:00:00+01:00;9086,000;1,000;MESURE
2025-11-06 07:00:00+01:00;4167,000;1,000;MESURE
2025-11-06 08:00:00+01:00;0,000;1,000;MESURE
2025-11-06 09:00:00+01:00;0,000;1,000;MESURE
2025-11-06 10:00:00+01:00;0,000;1,000;MESURE
2025-11-06 11:00:00+01:00;0,000;1,000;MESURE
2025-11-06 12:00:00+01:00;0,000;1,000;MESURE
2025-11-06 13:00:00+01:00;0,000;1,000;MESURE
2025-11-06 14:00:00+01:00;0,000;1,000;MESURE
2025-11-06 15:00:00+01:00;0,000;1,000;MESURE
2025-11-06 16:00:00+01:00;0,000;1,000;MESURE
2025-11-06 17:00:00+01:00;4542,000;1,000;MESURE
2025-11-06 18:00:00+01:00;9337,000;1,000;MESURE
2025-11-06 19:00:00+01:00;9130,000;1,000;MESURE
2025-11-06 20:00:00+01:00;9074,000;1,000;MESURE
2025-11-06 21:00:00+01:00;9086,000;1,000;MESURE
2025-11-06 22:00:00+01:00;9139,000;1,000;MESURE
2025-11-06 23:00:00+01:00;9194,000;1,000;MESURE
2025-11-07 00:00:00+01:00;9093,000;1,000;MESURE
2025-11-07 01:00:00+01:00;9129,000;1,000;MESURE
2025-11-07 02:00:00+01:00;9122,000;1,000;MESURE
2025-11-07 03:00:00+01:00;9137,000;1,000;MESURE
2025-11-07 04:00:00+01:00;9113,000;1,000;MESURE
2025-11-07 05:00:00+01:00;9070,000;1,000;MESURE
2025-11-07 06:00:00+01:00;9281,000;1,000;MESURE
2025-11-07 07:00:00+01:00;4333,000;1,000;MESURE
2025-11-07 08:00:00+01:00;0,000;1,000;MESURE
2025-11-07 09:00:00+01:00;0,000;1,000;MESURE
2025-11-07 10:00:00+01:00;0,000;1,000;MESURE
2025-11-07 11:00:00+01:00;0,000;1,000;MESURE
2025-11-07 12:00:00+01:00;0,000;1,000;MESURE
2025-11-07 13:00:00+01:00;0,000;1,000;MESURE
2025-11-07 14:00:00+01:00;0,000;1,000;MESURE
2025-11-07 15:00:00+01:00;0,000;1,000;MESURE
2025-11-07 16:00:00+01:00;0,000;1,000;MESURE
2025-11-07 17:00:00+01:00;4661,000;1,000;MESURE
2025-11-07 18:00:00+01:00;9265,000;1,000;MESURE
2025-11-07 19:00:00+01:00;9077,000;1,000;MESURE
2025-11-07 20:00:00+01:00;8983,000;1,000;MESURE
2025-11-07 21:00:00+01:00;9043,000;1,000;MESURE
2025-11-07 22:00:00+01:00;9041,000;1,000;MESURE
2025-11-07 23:00:00+01:00;9150,000;1,000;MESURE
2025-11-08 00:00:00+01:00;9134,000;1,000;MESURE
2025-11-08 01:00:00+01:00;9165,000;1,000;MESURE
2025-11-08 02:00:00+01:00;9147,000;1,000;MESURE
2025-11-08 03:00:00+01:00;9244,000;1,000;MESURE
2025-11-08 04:00:00+01:00;9210,000;1,000;MESURE
2025-11-08 05:00:00+01:00;9141,000;1,000;MESURE
2025-11-08 06:00:00+01:00;9031,000;1,000;MESURE
2025-11-08 07:00:00+01:00;4611,000;1,000;MESURE
2025-11-08 08:00:00+01:00;0,000;1,000;MESURE
2025-11-08 09:00:00+01:00;0,000;1,000;MESURE
2025-11-08 10:00:00+01:00;0,000;1,000;MESURE
2025-11-08 11:00:00+01:00;0,000;1,000;MESURE
2025-11-08 12:00:00+01:00;0,000;1,000;MESURE
2025-11-08 13:00:00+01:00;0,000;1,000;MESURE
2025-11-08 14:00:00+01:00;0,000;1,000;MESURE
2025-11-08 15:00:00+01:00;0,000;1,000;MESURE
2025-11-08 16:00:00+01:00;0,000;1,000;MESURE
2025-11-08 17:00:00+01:00;4859,000;1,000;MESURE
2025-11-08 18:00:00+01:00;9389,000;1,000;MESURE
2025-11-08 19:00:00+01:00;8985,000;1,000;MESURE
2025-11-08 20:00:00+01:00;8952,000;1,000;MESURE
2025-11-08 21:00:00+01:00;8969,000;1,000;MESURE
2025-11-08 22:00:00+01:00;8970,000;1,000;MESURE
2025-11-08 23:00:00+01:00;9130,000;1,000;MESURE
2025-11-09 00:00:00+01:00;9015,000;1,000;MESURE
2025-11-09 01:00:00+01:00;9096,000;1,000;MESURE
2025-11-09 02:00:00+01:00;9065,000;1,000;MESURE
2025-11-09 03:00:00+01:00;9114,000;1,000;MESURE
2025-11-09 04:00:00+01:00;9102,000;1,000;MESURE
2025-11-09 05:00:00+01:00;9060,000;1,000;MESURE
2025-11-09 06:00:00+01:00;9005,000;1,000;MESURE
2025-11-09 07:00:00+01:00;4779,000;1,000;MESURE
2025-11-09 08:00:00+01:00;0,000;1,000;MESURE
2025-11-09 09:00:00+01:00;0,000;1,000;MESURE
2025-11-09 10:00:00+01:00;0,000;1,000;MESURE
2025-11-09 11:00:00+01:00;0,000;1,000;MESURE
2025-11-09 12:00:00+01:00;0,000;1,000;MESURE
2025-11-09 13:00:00+01:00;0,000;1,000;MESURE
2025-11-09 14:00:00+01:00;0,000;1,000;MESURE
2025-11-09 15:00:00+01:00;0,000;1,000;MESURE
2025-11-09 16:00:00+01:00;0,000;1,000;MESURE
2025-11-09 17:00:00+01:00;5144,000;1,000;MESURE
2025-11-09 18:00:00+01:00;9307,000;1,000;MESURE
2025-11-09 19:00:00+01:00;9068,000;1,000;MESURE
2025-11-09 20:00:00+01:00;8848,000;1,000;MESURE
2025-11-09 21:00:00+01:00;8803,000;1,000;MESURE
2025-11-09 22:00:00+01:00;8840,000;1,000;MESURE
2025-11-09 23:00:00+01:00;8930,000;1,000;MESURE
2025-11-10 00:00:00+01:00;8814,000;1,000;MESURE
2025-11-10 01:00:00+01:00;8836,000;1,000;MESURE
2025-11-10 02:00:00+01:00;8834,000;1,000;MESURE
2025-11-10 03:00:00+01:00;8879,000;1,000;MESURE
2025-11-10 04:00:00+01:00;8908,000;1,000;MESURE
2025-11-10 05:00:00+01:00;8866,000;1,000;MESURE
2025-11-10 06:00:00+01:00;8947,000;1,000;MESURE
2025-11-10 07:00:00+01:00;4778,000;1,000;MESURE
2025-11-10 08:00:00+01:00;0,000;1,000;MESURE
2025-11-10 09:00:00+01:00;0,000;1,000;MESURE
2025-11-10 10:00:00+01:00;0,000;1,000;MESURE
2025-11-10 11:00:00+01:00;0,000;1,000;MESURE
2025-11-10 12:00:00+01:00;0,000;1,000;MESURE
2025-11-10 13:00:00+01:00;0,000;1,000;MESURE
2025-11-10 14:00:00+01:00;0,000;1,000;MESURE
2025-11-10 15:00:00+01:00;0,000;1,000;MESURE
2025-11-10 16:00:00+01:00;0,000;1,000;MESURE
2025-11-10 17:00:00+01:00;5146,000;1,000;MESURE
2025-11-10 18:00:00+01:00;9267,000;1,000;MESURE
2025-11-10 19:00:00+01:00;9045,000;1,000;MESURE
2025-11-10 20:00:00+01:00;8998,000;1,000;MESURE
2025-11-10 21:00:00+01:00;8770,000;1,000;MESURE
2025-11-10 22:00:00+01:00;8815,000;1,000;MESURE
2025-11-10 23:00:00+01:00;9012,000;1,000;MESURE
2025-11-11 00:00:00+01:00;8843,000;1,000;MESURE
2025-11-11 01:00:00+01:00;8825,000;1,000;MESURE
2025-11-11 02:00:00+01:00;8831,000;1,000;MESURE
2025-11-11 03:00:00+01:00;8868,000;1,000;MESURE
2025-11-11 04:00:00+01:00;8848,000;1,000;MESURE
2025-11-11 05:00:00+01:00;8820,000;1,000;MESURE
2025-11-11 06:00:00+01:00;8909,000;1,000;MESURE
2025-11-11 07:00:00+01:00;5068,000;1,000;MESURE
2025-11-11 08:00:00+01:00;0,000;1,000;MESURE
2025-11-11 09:00:00+01:00;0,000;1,000;MESURE
2025-11-11 10:00:00+01:00;0,000;1,000;MESURE
2025-11-11 11:00:00+01:00;0,000;1,000;MESURE
2025-11-11 12:00:00+01:00;0,000;1,000;MESURE
2025-11-11 13:00:00+01:00;0,000;1,000;MESURE
2025-11-11 14:00:00+01:00;0,000;1,000;MESURE
2025-11-11 15:00:00+01:00;0,000;1,000;MESURE
2025-11-11 16:00:00+01:00;0,000;1,000;MESURE
2025-11-11 17:00:00+01:00;5327,000;1,000;MESURE
2025-11-11 18:00:00+01:00;9213,000;1,000;MESURE
2025-11-11 19:00:00+01:00;8964,000;1,000;MESURE
2025-11-11 20:00:00+01:00;8917,000;1,000;MESURE
2025-11-11 21:00:00+01:00;8963,000;1,000;MESURE
2025-11-11 22:00:00+01:00;8989,000;1,000;MESURE
2025-11-11 23:00:00+01:00;8922,000;1,000;MESURE
2025-11-12 00:00:00+01:00;8950,000;1,000;MESURE
2025-11-12 01:00:00+01:00;8999,000;1,000;MESURE
2025-11-12 02:00:00+01:00;8971,000;1,000;MESURE
2025-11-12 03:00:00+01:00;9020,000;1,000;MESURE
2025-11-12 04:00:00+01:00;9037,000;1,000;MESURE
2025-11-12 05:00:00+01:00;9011,000;1,000;MESURE
2025-11-12 06:00:00+01:00;8886,000;1,000;MESURE
2025-11-12 07:00:00+01:00;5248,000;1,000;MESURE
2025-11-12 08:00:00+01:00;0,000;1,000;MESURE
2025-11-12 09:00:00+01:00;0,000;1,000;MESURE
2025-11-12 10:00:00+01:00;0,000;1,000;MESURE
2025-11-12 11:00:00+01:00;0,000;1,000;MESURE
2025-11-12 12:00:00+01:00;0,000;1,000;MESURE
2025-11-12 13:00:00+01:00;0,000;1,000;MESURE
2025-11-12 14:00:00+01:00;0,000;1,000;MESURE
2025-11-12 15:00:00+01:00;0,000;1,000;MESURE
2025-11-12 16:00:00+01:00;0,000;1,000;MESURE
2025-11-12 17:00:00+01:00;5524,000;1,000;MESURE
2025-11-12 18:00:00+01:00;9050,000;1,000;MESURE
2025-11-12 19:00:00+01:00;8830,000;1,000;MESURE
2025-11-12 20:00:00+01:00;8826,000;1,000;MESURE
2025-11-12 21:00:00+01:00;8878,000;1,000;MESURE
2025-11-12 22:00:00+01:00;8900,000;1,000;MESURE
2025-11-12 23:00:00+01:00;8828,000;1,000;MESURE
2025-11-13 00:00:00+01:00;8881,000;1,000;MESURE
2025-11-13 01:00:00+01:00;8895,000;1,000;MESURE
2025-11-13 02:00:00+01:00;8893,000;1,000;MESURE
2025-11-13 03:00:00+01:00;8926,000;1,000;MESURE
2025-11-13 04:00:00+01:00;8913,000;1,000;MESURE
2025-11-13 05:00:00+01:00;8924,000;1,000;MESURE
2025-11-13 06:00:00+01:00;8820,000;1,000;MESURE
2025-11-13 07:00:00+01:00;5543,000;1,000;MESURE
2025-11-13 08:00:00+01:00;0,000;1,000;MESURE
2025-11-13 09:00:00+01:00;0,000;1,000;MESURE
2025-11-13 10:00:00+01:00;0,000;1,000;MESURE
2025-11-13 11:00:00+01:00;0,000;1,000;MESURE
2025-11-13 12:00:00+01:00;0,000;1,000;MESURE
2025-11-13 13:00:00+01:00;0,000;1,000;MESURE
2025-11-13 14:00:00+01:00;0,000;1,000;MESURE
2025-11-13 15:00:00+01:00;0,000;1,000;MESURE
2025-11-13 16:00:00+01:00;0,000;1,000;MESURE
2025-11-13 17:00:00+01:00;5660,000;1,000;MESURE
2025-11-13 18:00:00+01:00;9063,000;1,000;MESURE
2025-11-13 19:00:00+01:00;8836,000;1,000;MESURE
2025-11-13 20:00:00+01:00;8832,000;1,000;MESURE
2025-11-13 21:00:00+01:00;8925,000;1,000;MESURE
2025-11-13 22:00:00+01:00;8928,000;1,000;MESURE
2025-11-13 23:00:00+01:00;8855,000;1,000;MESURE
2025-11-14 00:00:00+01:00;8910,000;1,000;MESURE
2025-11-14 01:00:00+01:00;8916,000;1,000;MESURE
2025-11-14 02:00:00+01:00;8889,000;1,000;MESURE
2025-11-14 03:00:00+01:00;8895,000;1,000;MESURE
2025-11-14 04:00:00+01:00;8878,000;1,000;MESURE
2025-11-14 05:00:00+01:00;9032,000;1,000;MESURE
2025-11-14 06:00:00+01:00;8853,000;1,000;MESURE
2025-11-14 07:00:00+01:00;5685,000;1,000;MESURE
2025-11-14 08:00:00+01:00;0,000;1,000;MESURE
2025-11-14 09:00:00+01:00;0,000;1,000;MESURE
2025-11-14 10:00:00+01:00;0,000;1,000;MESURE
2025-11-14 11:00:00+01:00;0,000;1,000;MESURE
2025-11-14 12:00:00+01:00;0,000;1,000;MESURE
2025-11-14 13:00:00+01:00;0,000;1,000;MESURE
2025-11-14 14:00:00+01:00;0,000;1,000;MESURE
2025-11-14 15:00:00+01:00;0,000;1,000;MESURE
2025-11-14 16:00:00+01:00;0,000;1,000;MESURE
2025-11-14 17:00:00+01:00;5744,000;1,000;MESURE
2025-11-14 18:00:00+01:00;9259,000;1,000;MESURE
2025-11-14 19:00:00+01:00;9044,000;1,000;MESURE
2025-11-14 20:00:00+01:00;9017,000;1,000;MESURE
2025-11-14 21:00:00+01:00;8783,000;1,000;MESURE
2025-11-14 22:00:00+01:00;8797,000;1,000;MESURE
2025-11-14 23:00:00+01:00;8905,000;1,000;MESURE
2025-11-15 00:00:00+01:00;8848,000;1,000;MESURE
2025-11-15 01:00:00+01:00;8886,000;1,000;MESURE
2025-11-15 02:00:00+01:00;8882,000;1,000;MESURE
2025-11-15 03:00:00+01:00;8926,000;1,000;MESURE
2025-11-15 04:00:00+01:00;8959,000;1,000;MESURE
2025-11-15 05:00:00+01:00;8934,000;1,000;MESURE
2025-11-15 06:00:00+01:00;8867,000;1,000;MESURE
2025-11-15 07:00:00+01:00;5853,000;1,000;MESURE
2025-11-15 08:00:00+01:00;0,000;1,000;MESURE
2025-11-15 09:00:00+01:00;0,000;1,000;MESURE
2025-11-15 10:00:00+01:00;0,000;1,000;MESURE
2025-11-15 11:00:00+01:00;0,000;1,000;MESURE
2025-11-15 12:00:00+01:00;0,000;1,000;MESURE
2025-11-15 13:00:00+01:00;0,000;1,000;MESURE
2025-11-15 14:00:00+01:00;0,000;1,000;MESURE
2025-11-15 15:00:00+01:00;0,000;1,000;MESURE
2025-11-15 16:00:00+01:00;0,000;1,000;MESURE
2025-11-15 17:00:00+01:00;5965,000;1,000;MESURE
2025-11-15 18:00:00+01:00;9345,000;1,000;MESURE
2025-11-15 19:00:00+01:00;9069,000;1,000;MESURE
2025-11-15 20:00:00+01:00;8950,000;1,000;MESURE
2025-11-15 21:00:00+01:00;8977,000;1,000;MESURE
2025-11-15 22:00:00+01:00;8954,000;1,000;MESURE
2025-11-15 23:00:00+01:00;8925,000;1,000;MESURE
2025-11-16 00:00:00+01:00;8974,000;1,000;MESURE
2025-11-16 01:00:00+01:00;9082,000;1,000;MESURE
2025-11-16 02:00:00+01:00;8995,000;1,000;MESURE
2025-11-16 03:00:00+01:00;8958,000;1,000;MESURE
2025-11-16 04:00:00+01:00;9003,000;1,000;MESURE
2025-11-16 05:00:00+01:00;9007,000;1,000;MESURE
2025-11-16 06:00:00+01:00;9002,000;1,000;MESURE
2025-11-16 07:00:00+01:00;6301,000;1,000;MESURE
2025-11-16 08:00:00+01:00;0,000;1,000;MESURE
2025-11-16 09:00:00+01:00;0,000;1,000;MESURE
2025-11-16 10:00:00+01:00;0,000;1,000;MESURE
2025-11-16 11:00:00+01:00;0,000;1,000;MESURE
2025-11-16 12:00:00+01:00;0,000;1,000;MESURE
2025-11-16 13:00:00+01:00;0,000;1,000;MESURE
2025-11-16 14:00:00+01:00;0,000;1,000;MESURE
2025-11-16 15:00:00+01:00;0,000;1,000;MESURE
2025-11-16 16:00:00+01:00;0,000;1,000;MESURE
2025-11-16 17:00:00+01:00;6381,000;1,000;MESURE
2025-11-16 18:00:00+01:00;9697,000;1,000;MESURE
2025-11-16 19:00:00+01:00;9412,000;1,000;MESURE
2025-11-16 20:00:00+01:00;9378,000;1,000;MESURE
2025-11-16 21:00:00+01:00;9403,000;1,000;MESURE
2025-11-16 22:00:00+01:00;9414,000;1,000;MESURE
2025-11-16 23:00:00+01:00;9573,000;1,000;MESURE
2025-11-17 00:00:00+01:00;9421,000;1,000;MESURE
2025-11-17 01:00:00+01:00;9436,000;1,000;MESURE
2025-11-17 02:00:00+01:00;9516,000;1,000;MESURE
2025-11-17 03:00:00+01:00;9492,000;1,000;MESURE
2025-11-17 04:00:00+01:00;9479,000;1,000;MESURE
2025-11-17 05:00:00+01:00;9457,000;1,000;MESURE
2025-11-17 06:00:00+01:00;9516,000;1,000;MESURE
2025-11-17 07:00:00+01:00;6762,000;1,000;MESURE
2025-11-17 08:00:00+01:00;0,000;1,000;MESURE
2025-11-17 09:00:00+01:00;0,000;1,000;MESURE
2025-11-17 10:00:00+01:00;0,000;1,000;MESURE
2025-11-17 11:00:00+01:00;0,000;1,000;MESURE
2025-11-17 12:00:00+01:00;0,000;1,000;MESURE
2025-11-17 13:00:00+01:00;0,000;1,000;MESURE
2025-11-17 14:00:00+01:00;0,000;1,000;MESURE
2025-11-17 15:00:00+01:00;0,000;1,000;MESURE
2025-11-17 16:00:00+01:00;0,000;1,000;MESURE
2025-11-17 17:00:00+01:00;6577,000;1,000;MESURE
2025-11-17 18:00:00+01:00;9757,000;1,000;MESURE
2025-11-17 19:00:00+01:00;9541,000;1,000;MESURE
2025-11-17 20:00:00+01:00;9296,000;1,000;MESURE
2025-11-17 21:00:00+01:00;9253,000;1,000;MESURE
2025-11-17 22:00:00+01:00;9279,000;1,000;MESURE
2025-11-17 23:00:00+01:00;9380,000;1,000;MESURE
2025-11-18 00:00:00+01:00;9299,000;1,000;MESURE
2025-11-18 01:00:00+01:00;9229,000;1,000;MESURE
2025-11-18 02:00:00+01:00;9379,000;1,000;MESURE
2025-11-18 03:00:00+01:00;9235,000;1,000;MESURE
2025-11-18 04:00:00+01:00;9211,000;1,000;MESURE
2025-11-18 05:00:00+01:00;9398,000;1,000;MESURE
2025-11-18 06:00:00+01:00;9370,000;1,000;MESURE
2025-11-18 07:00:00+01:00;6767,000;1,000;MESURE
2025-11-18 08:00:00+01:00;0,000;1,000;MESURE
2025-11-18 09:00:00+01:00;0,000;1,000;MESURE
2025-11-18 10:00:00+01:00;0,000;1,000;MESURE
2025-11-18 11:00:00+01:00;0,000;1,000;MESURE
2025-11-18 12:00:00+01:00;0,000;1,000;MESURE
2025-11-18 13:00:00+01:00;0,000;1,000;MESURE
2025-11-18 14:00:00+01:00;0,000;1,000;MESURE
2025-11-18 15:00:00+01:00;0,000;1,000;MESURE
2025-11-18 16:00:00+01:00;0,000;1,000;MESURE
2025-11-18 17:00:00+01:00;6510,000;1,000;MESURE
2025-11-18 18:00:00+01:00;9295,000;1,000;MESURE
2025-11-18 19:00:00+01:00;9218,000;1,000;MESURE
2025-11-18 20:00:00+01:00;9184,000;1,000;MESURE
2025-11-18 21:00:00+01:00;8936,000;1,000;MESURE
2025-11-18 22:00:00+01:00;8991,000;1,000;MESURE
2025-11-18 23:00:00+01:00;9152,000;1,000;MESURE
2025-11-19 00:00:00+01:00;9074,000;1,000;MESURE
2025-11-19 01:00:00+01:00;9110,000;1,000;MESURE
2025-11-19 02:00:00+01:00;9095,000;1,000;MESURE
2025-11-19 03:00:00+01:00;9148,000;1,000;MESURE
2025-11-19 04:00:00+01:00;9090,000;1,000;MESURE
2025-11-19 05:00:00+01:00;9036,000;1,000;MESURE
2025-11-19 06:00:00+01:00;9198,000;1,000;MESURE
2025-11-19 07:00:00+01:00;6891,000;1,000;MESURE
2025-11-19 08:00:00+01:00;0,000;1,000;MESURE
2025-11-19 09:00:00+01:00;0,000;1,000;MESURE
2025-11-19 10:00:00+01:00;0,000;1,000;MESURE
2025-11-19 11:00:00+01:00;0,000;1,000;MESURE
2025-11-19 12:00:00+01:00;0,000;1,000;MESURE
2025-11-19 13:00:00+01:00;0,000;1,000;MESURE
2025-11-19 14:00:00+01:00;0,000;1,000;MESURE
2025-11-19 15:00:00+01:00;0,000;1,000;MESURE
2025-11-19 16:00:00+01:00;0,000;1,000;MESURE
2025-11-19 17:00:00+01:00;6673,000;1,000;MESURE
2025-11-19 18:00:00+01:00;9405,000;1,000;MESURE
2025-11-19 19:00:00+01:00;9048,000;1,000;MESURE
2025-11-19 20:00:00+01:00;8969,000;1,000;MESURE
2025-11-19 21:00:00+01:00;9070,000;1,000;MESURE
2025-11-19 22:00:00+01:00;9074,000;1,000;MESURE
2025-11-19 23:00:00+01:00;8988,000;1,000;MESURE
2025-11-20 00:00:00+01:00;9096,000;1,000;MESURE
2025-11-20 01:00:00+01:00;9170,000;1,000;MESURE
2025-11-20 02:00:00+01:00;9183,000;1,000;MESURE
2025-11-20 03:00:00+01:00;9264,000;1,000;MESURE
2025-11-20 04:00:00+01:00;9254,000;1,000;MESURE
2025-11-20 05:00:00+01:00;9163,000;1,000;MESURE
2025-11-20 06:00:00+01:00;9107,000;1,000;MESURE
2025-11-20 07:00:00+01:00;7076,000;1,000;MESURE
2025-11-20 08:00:00+01:00;0,000;1,000;MESURE
2025-11-20 09:00:00+01:00;0,000;1,000;MESURE
2025-11-20 10:00:00+01:00;0,000;1,000;MESURE
2025-11-20 11:00:00+01:00;0,000;1,000;MESURE
2025-11-20 12:00:00+01:00;0,000;1,000;MESURE
2025-11-20 13:00:00+01:00;0,000;1,000;MESURE
2025-11-20 14:00:00+01:00;0,000;1,000;MESURE
2025-11-20 15:00:00+01:00;0,000;1,000;MESURE
2025-11-20 16:00:00+01:00;0,000;1,000;MESURE
2025-11-20 17:00:00+01:00;6879,000;1,000;MESURE
2025-11-20 18:00:00+01:00;9293,000;1,000;MESURE
2025-11-20 19:00:00+01:00;9067,000;1,000;MESURE
2025-11-20 20:00:00+01:00;9037,000;1,000;MESURE
2025-11-20 21:00:00+01:00;9073,000;1,000;MESURE
2025-11-20 22:00:00+01:00;9103,000;1,000;MESURE
2025-11-20 23:00:00+01:00;9080,000;1,000;MESURE
2025-11-21 00:00:00+01:00;9191,000;1,000;MESURE
2025-11-21 01:00:00+01:00;9189,000;1,000;MESURE
2025-11-21 02:00:00+01:00;9204,000;1,000;MESURE
2025-11-21 03:00:00+01:00;9241,000;1,000;MESURE
2025-11-21 04:00:00+01:00;9216,000;1,000;MESURE
2025-11-21 05:00:00+01:00;9128,000;1,000;MESURE
2025-11-21 06:00:00+01:00;9254,000;1,000;MESURE
2025-11-21 07:00:00+01:00;7439,000;1,000;MESURE
2025-11-21 08:00:00+01:00;0,000;1,000;MESURE
2025-11-21 09:00:00+01:00;0,000;1,000;MESURE
2025-11-21 10:00:00+01:00;0,000;1,000;MESURE
2025-11-21 11:00:00+01:00;0,000;1,000;MESURE
2025-11-21 12:00:00+01:00;0,000;1,000;MESURE
2025-11-21 13:00:00+01:00;0,000;1,000;MESURE
2025-11-21 14:00:00+01:00;0,000;1,000;MESURE
2025-11-21 15:00:00+01:00;0,000;1,000;MESURE
2025-11-21 16:00:00+01:00;0,000;1,000;MESURE
2025-11-21 17:00:00+01:00;7173,000;1,000;MESURE
2025-11-21 18:00:00+01:00;9437,000;1,000;MESURE
2025-11-21 19:00:00+01:00;9249,000;1,000;MESURE
2025-11-21 20:00:00+01:00;9155,000;1,000;MESURE
2025-11-21 21:00:00+01:00;9013,000;1,000;MESURE
2025-11-21 22:00:00+01:00;9011,000;1,000;MESURE
2025-11-21 23:00:00+01:00;9069,000;1,000;MESURE
2025-11-22 00:00:00+01:00;9041,000;1,000;MESURE
2025-11-22 01:00:00+01:00;9103,000;1,000;MESURE
2025-11-22 02:00:00+01:00;9038,000;1,000;MESURE
2025-11-22 03:00:00+01:00;9094,000;1,000;MESURE
2025-11-22 04:00:00+01:00;9099,000;1,000;MESURE
2025-11-22 05:00:00+01:00;9072,000;1,000;MESURE
2025-11-22 06:00:00+01:00;9075,000;1,000;MESURE
2025-11-22 07:00:00+01:00;7431,000;1,000;MESURE
2025-11-22 08:00:00+01:00;0,000;1,000;MESURE
2025-11-22 09:00:00+01:00;0,000;1,000;MESURE
2025-11-22 10:00:00+01:00;0,000;1,000;MESURE
2025-11-22 11:00:00+01:00;0,000;1,000;MESURE
2025-11-22 12:00:00+01:00;0,000;1,000;MESURE
2025-11-22 13:00:00+01:00;0,000;1,000;MESURE
2025-11-22 14:00:00+01:00;0,000;1,000;MESURE
2025-11-22 15:00:00+01:00;0,000;1,000;MESURE
2025-11-22 16:00:00+01:00;0,000;1,000;MESURE
2025-11-22 17:00:00+01:00;7326,000;1,000;MESURE
2025-11-22 18:00:00+01:00;9371,000;1,000;MESURE
2025-11-22 19:00:00+01:00;9127,000;1,000;MESURE
2025-11-22 20:00:00+01:00;9142,000;1,000;MESURE
2025-11-22 21:00:00+01:00;9039,000;1,000;MESURE
2025-11-22 22:00:00+01:00;9056,000;1,000;MESURE
2025-11-22 23:00:00+01:00;9180,000;1,000;MESURE
2025-11-23 00:00:00+01:00;8962,000;1,000;MESURE
2025-11-23 01:00:00+01:00;9174,000;1,000;MESURE
2025-11-23 02:00:00+01:00;9211,000;1,000;MESURE
2025-11-23 03:00:00+01:00;9266,000;1,000;MESURE
2025-11-23 04:00:00+01:00;9247,000;1,000;MESURE
2025-11-23 05:00:00+01:00;9202,000;1,000;MESURE
2025-11-23 06:00:00+01:00;9203,000;1,000;MESURE
2025-11-23 07:00:00+01:00;7787,000;1,000;MESURE
2025-11-23 08:00:00+01:00;0,000;1,000;MESURE
2025-11-23 09:00:00+01:00;0,000;1,000;MESURE
2025-11-23 10:00:00+01:00;0,000;1,000;MESURE
2025-11-23 11:00:00+01:00;0,000;1,000;MESURE
2025-11-23 12:00:00+01:00;0,000;1,000;MESURE
2025-11-23 13:00:00+01:00;0,000;1,000;MESURE
2025-11-23 14:00:00+01:00;0,000;1,000;MESURE
2025-11-23 15:00:00+01:00;0,000;1,000;MESURE
2025-11-23 16:00:00+01:00;0,000;1,000;MESURE
2025-11-23 17:00:00+01:00;7236,000;1,000;MESURE
2025-11-23 18:00:00+01:00;9255,000;1,000;MESURE
2025-11-23 19:00:00+01:00;8911,000;1,000;MESURE
2025-11-23 20:00:00+01:00;8975,000;1,000;MESURE
2025-11-23 21:00:00+01:00;9047,000;1,000;MESURE
2025-11-23 22:00:00+01:00;9223,000;1,000;MESURE
2025-11-23 23:00:00+01:00;9203,000;1,000;MESURE
2025-11-24 00:00:00+01:00;9311,000;1,000;MESURE
2025-11-24 01:00:00+01:00;9438,000;1,000;MESURE
2025-11-24 02:00:00+01:00;9500,000;1,000;MESURE
2025-11-24 03:00:00+01:00;9579,000;1,000;MESURE
2025-11-24 04:00:00+01:00;9620,000;1,000;MESURE
2025-11-24 05:00:00+01:00;9636,000;1,000;MESURE
2025-11-24 06:00:00+01:00;9656,000;1,000;MESURE
2025-11-24 07:00:00+01:00;8372,000;1,000;MESURE
2025-11-24 08:00:00+01:00;0,000;1,000;MESURE
2025-11-24 09:00:00+01:00;0,000;1,000;MESURE
2025-11-24 10:00:00+01:00;0,000;1,000;MESURE
2025-11-24 11:00:00+01:00;0,000;1,000;MESURE
2025-11-24 12:00:00+01:00;0,000;1,000;MESURE
2025-11-24 13:00:00+01:00;0,000;1,000;MESURE
2025-11-24 14:00:00+01:00;0,000;1,000;MESURE
2025-11-24 15:00:00+01:00;0,000;1,000;MESURE
2025-11-24 16:00:00+01:00;0,000;1,000;MESURE
2025-11-24 17:00:00+01:00;7678,000;1,000;MESURE
2025-11-24 18:00:00+01:00;9777,000;1,000;MESURE
2025-11-24 19:00:00+01:00;9564,000;1,000;MESURE
2025-11-24 20:00:00+01:00;9602,000;1,000;MESURE
2025-11-24 21:00:00+01:00;9636,000;1,000;MESURE
2025-11-24 22:00:00+01:00;9674,000;1,000;MESURE
2025-11-24 23:00:00+01:00;9584,000;1,000;MESURE
2025-11-25 00:00:00+01:00;9629,000;1,000;MESURE
2025-11-25 01:00:00+01:00;9644,000;1,000;MESURE
2025-11-25 02:00:00+01:00;9621,000;1,000;MESURE
2025-11-25 03:00:00+01:00;9651,000;1,000;MESURE
2025-11-25 04:00:00+01:00;9677,000;1,000;MESURE
2025-11-25 05:00:00+01:00;9663,000;1,000;MESURE
2025-11-25 06:00:00+01:00;9662,000;1,000;MESURE
2025-11-25 07:00:00+01:00;8634,000;1,000;MESURE
2025-11-25 08:00:00+01:00;0,000;1,000;MESURE
2025-11-25 09:00:00+01:00;0,000;1,000;MESURE
2025-11-25 10:00:00+01:00;0,000;1,000;MESURE
2025-11-25 11:00:00+01:00;0,000;1,000;MESURE
2025-11-25 12:00:00+01:00;0,000;1,000;MESURE
2025-11-25 13:00:00+01:00;0,000;1,000;MESURE
2025-11-25 14:00:00+01:00;0,000;1,000;MESURE
2025-11-25 15:00:00+01:00;0,000;1,000;MESURE
2025-11-25 16:00:00+01:00;0,000;1,000;MESURE
2025-11-25 17:00:00+01:00;7751,000;1,000;MESURE
2025-11-25 18:00:00+01:00;9589,000;1,000;MESURE
2025-11-25 19:00:00+01:00;9378,000;1,000;MESURE
2025-11-25 20:00:00+01:00;9488,000;1,000;MESURE
2025-11-25 21:00:00+01:00;9514,000;1,000;MESURE
2025-11-25 22:00:00+01:00;9461,000;1,000;MESURE
2025-11-25 23:00:00+01:00;9391,000;1,000;MESURE
2025-11-26 00:00:00+01:00;9460,000;1,000;MESURE
2025-11-26 01:00:00+01:00;9483,000;1,000;MESURE
2025-11-26 02:00:00+01:00;9458,000;1,000;MESURE
2025-11-26 03:00:00+01:00;9368,000;1,000;MESURE
2025-11-26 04:00:00+01:00;9455,000;1,000;MESURE
2025-11-26 05:00:00+01:00;9430,000;1,000;MESURE
2025-11-26 06:00:00+01:00;9370,000;1,000;MESURE
2025-11-26 07:00:00+01:00;8527,000;1,000;MESURE
2025-11-26 08:00:00+01:00;0,000;1,000;MESURE
2025-11-26 09:00:00+01:00;0,000;1,000;MESURE
2025-11-26 10:00:00+01:00;0,000;1,000;MESURE
2025-11-26 11:00:00+01:00;0,000;1,000;MESURE
2025-11-26 12:00:00+01:00;0,000;1,000;MESURE
2025-11-26 13:00:00+01:00;0,000;1,000;MESURE
2025-11-26 14:00:00+01:00;0,000;1,000;MESURE
2025-11-26 15:00:00+01:00;0,000;1,000;MESURE
2025-11-26 16:00:00+01:00;0,000;1,000;MESURE
2025-11-26 17:00:00+01:00;7779,000;1,000;MESURE
2025-11-26 18:00:00+01:00;9426,000;1,000;MESURE
2025-11-26 19:00:00+01:00;9438,000;1,000;MESURE
2025-11-26 20:00:00+01:00;9227,000;1,000;MESURE
2025-11-26 21:00:00+01:00;9255,000;1,000;MESURE
2025-11-26 22:00:00+01:00;9244,000;1,000;MESURE
2025-11-26 23:00:00+01:00;9206,000;1,000;MESURE
2025-11-27 00:00:00+01:00;9248,000;1,000;MESURE
2025-11-27 01:00:00+01:00;9247,000;1,000;MESURE
2025-11-27 02:00:00+01:00;9323,000;1,000;MESURE
2025-11-27 03:00:00+01:00;9246,000;1,000;MESURE
2025-11-27 04:00:00+01:00;9250,000;1,000;MESURE
2025-11-27 05:00:00+01:00;9257,000;1,000;MESURE
2025-11-27 06:00:00+01:00;9411,000;1,000;MESURE
2025-11-27 07:00:00+01:00;8529,000;1,000;MESURE
2025-11-27 08:00:00+01:00;0,000;1,000;MESURE
2025-11-27 09:00:00+01:00;0,000;1,000;MESURE
2025-11-27 10:00:00+01:00;0,000;1,000;MESURE
2025-11-27 11:00:00+01:00;0,000;1,000;MESURE
2025-11-27 12:00:00+01:00;0,000;1,000;MESURE
2025-11-27 13:00:00+01:00;0,000;1,000;MESURE
2025-11-27 14:00:00+01:00;0,000;1,000;MESURE
2025-11-27 15:00:00+01:00;0,000;1,000;MESURE
2025-11-27 16:00:00+01:00;0,000;1,000;MESURE
2025-11-27 17:00:00+01:00;7724,000;1,000;MESURE
2025-11-27 18:00:00+01:00;9545,000;1,000;MESURE
2025-11-27 19:00:00+01:00;9324,000;1,000;MESURE
2025-11-27 20:00:00+01:00;9347,000;1,000;MESURE
2025-11-27 21:00:00+01:00;9167,000;1,000;MESURE
2025-11-27 22:00:00+01:00;9182,000;1,000;MESURE
2025-11-27 23:00:00+01:00;9344,000;1,000;MESURE
2025-11-28 00:00:00+01:00;9188,000;1,000;MESURE
2025-11-28 01:00:00+01:00;9241,000;1,000;MESURE
2025-11-28 02:00:00+01:00;9372,000;1,000;MESURE
2025-11-28 03:00:00+01:00;9424,000;1,000;MESURE
2025-11-28 04:00:00+01:00;9384,000;1,000;MESURE
2025-11-28 05:00:00+01:00;9376,000;1,000;MESURE
2025-11-28 06:00:00+01:00;9393,000;1,000;MESURE
2025-11-28 07:00:00+01:00;8867,000;1,000;MESURE
2025-11-28 08:00:00+01:00;0,000;1,000;MESURE
2025-11-28 09:00:00+01:00;0,000;1,000;MESURE
2025-11-28 10:00:00+01:00;0,000;1,000;MESURE
2025-11-28 11:00:00+01:00;0,000;1,000;MESURE
2025-11-28 12:00:00+01:00;0,000;1,000;MESURE
2025-11-28 13:00:00+01:00;0,000;1,000;MESURE
2025-11-28 14:00:00+01:00;0,000;1,000;MESURE
2025-11-28 15:00:00+01:00;0,000;1,000;MESURE
2025-11-28 16:00:00+01:00;0,000;1,000;MESURE
2025-11-28 17:00:00+01:00;7837,000;1,000;MESURE
2025-11-28 18:00:00+01:00;9233,000;1,000;MESURE
2025-11-28 19:00:00+01:00;9053,000;1,000;MESURE
2025-11-28 20:00:00+01:00;9108,000;1,000;MESURE
2025-11-28 21:00:00+01:00;9156,000;1,000;MESURE
2025-11-28 22:00:00+01:00;9197,000;1,000;MESURE
2025-11-28 23:00:00+01:00;9106,000;1,000;MESURE
2025-11-29 00:00:00+01:00;9171,000;1,000;MESURE
2025-11-29 01:00:00+01:00;9181,000;1,000;MESURE
2025-11-29 02:00:00+01:00;9160,000;1,000;MESURE
2025-11-29 03:00:00+01:00;9188,000;1,000;MESURE
2025-11-29 04:00:00+01:00;9172,000;1,000;MESURE
2025-11-29 05:00:00+01:00;9179,000;1,000;MESURE
2025-11-29 06:00:00+01:00;9139,000;1,000;MESURE
2025-11-29 07:00:00+01:00;8943,000;1,000;MESURE
2025-11-29 08:00:00+01:00;0,000;1,000;MESURE
2025-11-29 09:00:00+01:00;0,000;1,000;MESURE
2025-11-29 10:00:00+01:00;0,000;1,000;MESURE
2025-11-29 11:00:00+01:00;0,000;1,000;MESURE
2025-11-29 12:00:00+01:00;0,000;1,000;MESURE
2025-11-29 13:00:00+01:00;0,000;1,000;MESURE
2025-11-29 14:00:00+01:00;0,000;1,000;MESURE
2025-11-29 15:00:00+01:00;0,000;1,000;MESURE
2025-11-29 16:00:00+01:00;0,000;1,000;MESURE
2025-11-29 17:00:00+01:00;7832,000;1,000;MESURE
2025-11-29 18:00:00+01:00;9235,000;1,000;MESURE
2025-11-29 19:00:00+01:00;9031,000;1,000;MESURE
2025-11-29 20:00:00+01:00;9075,000;1,000;MESURE
2025-11-29 21:00:00+01:00;9136,000;1,000;MESURE
2025-11-29 22:00:00+01:00;9182,000;1,000;MESURE
2025-11-29 23:00:00+01:00;9104,000;1,000;MESURE
2025-11-30 00:00:00+01:00;9196,000;1,000;MESURE
2025-11-30 01:00:00+01:00;9328,000;1,000;MESURE
2025-11-30 02:00:00+01:00;9197,000;1,000;MESURE
2025-11-30 03:00:00+01:00;9136,000;1,000;MESURE
2025-11-30 04:00:00+01:00;9142,000;1,000;MESURE
2025-11-30 05:00:00+01:00;9121,000;1,000;MESURE
2025-11-30 06:00:00+01:00;9142,000;1,000;MESURE
2025-11-30 07:00:00+01:00;9176,000;1,000;MESURE
2025-11-30 08:00:00+01:00;0,000;1,000;MESURE
2025-11-30 09:00:00+01:00;0,000;1,000;MESURE
2025-11-30 10:00:00+01:00;0,000;1,000;MESURE
2025-11-30 11:00:00+01:00;0,000;1,000;MESURE
2025-11-30 12:00:00+01:00;0,000;1,000;MESURE
2025-11-30 13:00:00+01:00;0,000;1,000;MESURE
2025-11-30 14:00:00+01:00;0,000;1,000;MESURE
2025-11-30 15:00:00+01:00;0,000;1,000;MESURE
2025-11-30 16:00:00+01:00;0,000;1,000;MESURE
2025-11-30 17:00:00+01:00;8113,000;1,000;MESURE
2025-11-30 18:00:00+01:00;9439,000;1,000;MESURE
2025-11-30 19:00:00+01:00;9282,000;1,000;MESURE
2025-11-30 20:00:00+01:00;9161,000;1,000;MESURE
2025-11-30 21:00:00+01:00;9081,000;1,000;MESURE
2025-11-30 22:00:00+01:00;9113,000;1,000;MESURE
2025-11-30 23:00:00+01:00;9207,000;1,000;MESURE
2025-12-01 00:00:00+01:00;9124,000;1,000;MESURE
2025-12-01 01:00:00+01:00;9124,000;1,000;MESURE
2025-12-01 02:00:00+01:00;9216,000;1,000;MESURE
2025-12-01 03:00:00+01:00;9115,000;1,000;MESURE
2025-12-01 04:00:00+01:00;9107,000;1,000;MESURE
2025-12-01 05:00:00+01:00;9125,000;1,000;MESURE
2025-12-01 06:00:00+01:00;9111,000;1,000;MESURE
2025-12-01 07:00:00+01:00;9102,000;1,000;MESURE
2025-12-01 08:00:00+01:00;100,000;1,000;MESURE
2025-12-01 09:00:00+01:00;0,000;1,000;MESURE
2025-12-01 10:00:00+01:00;0,000;1,000;MESURE
2025-12-01 11:00:00+01:00;0,000;1,000;MESURE
2025-12-01 12:00:00+01:00;0,000;1,000;MESURE
2025-12-01 13:00:00+01:00;0,000;1,000;MESURE
2025-12-01 14:00:00+01:00;0,000;1,000;MESURE
2025-12-01 15:00:00+01:00;0,000;1,000;MESURE
2025-12-01 16:00:00+01:00;0,000;1,000;MESURE
2025-12-01 17:00:00+01:00;7922,000;1,000;MESURE
2025-12-01 18:00:00+01:00;9270,000;1,000;MESURE
2025-12-01 19:00:00+01:00;9086,000;1,000;MESURE
2025-12-01 20:00:00+01:00;9047,000;1,000;MESURE
2025-12-01 21:00:00+01:00;9092,000;1,000;MESURE
2025-12-01 22:00:00+01:00;9128,000;1,000;MESURE
2025-12-01 23:00:00+01:00;9091,000;1,000;MESURE
2025-12-02 00:00:00+01:00;9131,000;1,000;MESURE
2025-12-02 01:00:00+01:00;9221,000;1,000;MESURE
2025-12-02 02:00:00+01:00;9258,000;1,000;MESURE
2025-12-02 03:00:00+01:00;9049,000;1,000;MESURE
2025-12-02 04:00:00+01:00;9066,000;1,000;MESURE
2025-12-02 05:00:00+01:00;9047,000;1,000;MESURE
2025-12-02 06:00:00+01:00;9263,000;1,000;MESURE
2025-12-02 07:00:00+01:00;9309,000;1,000;MESURE
2025-12-02 08:00:00+01:00;283,000;1,000;MESURE
2025-12-02 09:00:00+01:00;0,000;1,000;MESURE
2025-12-02 10:00:00+01:00;0,000;1,000;MESURE
2025-12-02 11:00:00+01:00;0,000;1,000;MESURE
2025-12-02 12:00:00+01:00;0,000;1,000;MESURE
2025-12-02 13:00:00+01:00;0,000;1,000;MESURE
2025-12-02 14:00:00+01:00;0,000;1,000;MESURE
2025-12-02 15:00:00+01:00;6309,000;1,000;MESURE
2025-12-02 16:00:00+01:00;9421,000;1,000;MESURE
2025-12-02 17:00:00+01:00;9285,000;1,000;MESURE
2025-12-02 18:00:00+01:00;9112,000;1,000;MESURE
2025-12-02 19:00:00+01:00;9060,000;1,000;MESURE
2025-12-02 20:00:00+01:00;9103,000;1,000;MESURE
2025-12-02 21:00:00+01:00;9024,000;1,000;MESURE
2025-12-02 22:00:00+01:00;9028,000;0,167;INTERP_COURTE
2025-12-02 23:00:00+01:00;9032,000;0,000;INTERP_COURTE
2025-12-03 00:00:00+01:00;9036,000;1,000;MESURE
2025-12-03 01:00:00+01:00;9022,000;1,000;MESURE
2025-12-03 02:00:00+01:00;9214,000;1,000;MESURE
2025-12-03 03:00:00+01:00;9097,000;1,000;MESURE
2025-12-03 04:00:00+01:00;9077,000;1,000;MESURE
2025-12-03 05:00:00+01:00;9049,000;1,000;MESURE
2025-12-03 06:00:00+01:00;9025,000;1,000;MESURE
2025-12-03 07:00:00+01:00;9226,000;1,000;MESURE
2025-12-03 08:00:00+01:00;434,000;1,000;MESURE
2025-12-03 09:00:00+01:00;0,000;1,000;MESURE
2025-12-03 10:00:00+01:00;0,000;1,000;MESURE
2025-12-03 11:00:00+01:00;0,000;1,000;MESURE
2025-12-03 12:00:00+01:00;0,000;1,000;MESURE
2025-12-03 13:00:00+01:00;0,000;1,000;MESURE
2025-12-03 14:00:00+01:00;0,000;1,000;MESURE
2025-12-03 15:00:00+01:00;0,000;1,000;MESURE
2025-12-03 16:00:00+01:00;0,000;1,000;MESURE
2025-12-03 17:00:00+01:00;8342,000;1,000;MESURE
2025-12-03 18:00:00+01:00;9579,000;1,000;MESURE
2025-12-03 19:00:00+01:00;9405,000;1,000;MESURE
2025-12-03 20:00:00+01:00;9242,000;1,000;MESURE
2025-12-03 21:00:00+01:00;9255,000;1,000;MESURE
2025-12-03 22:00:00+01:00;9290,000;1,000;MESURE
2025-12-03 23:00:00+01:00;9198,000;1,000;MESURE
2025-12-04 00:00:00+01:00;9226,000;1,000;MESURE
2025-12-04 01:00:00+01:00;9214,000;1,000;MESURE
2025-12-04 02:00:00+01:00;9231,000;1,000;MESURE
2025-12-04 03:00:00+01:00;9243,000;1,000;MESURE
2025-12-04 04:00:00+01:00;9275,000;1,000;MESURE
2025-12-04 05:00:00+01:00;9237,000;1,000;MESURE
2025-12-04 06:00:00+01:00;9257,000;1,000;MESURE
2025-12-04 07:00:00+01:00;9264,000;1,000;MESURE
2025-12-04 08:00:00+01:00;583,000;1,000;MESURE
2025-12-04 09:00:00+01:00;0,000;1,000;MESURE
2025-12-04 10:00:00+01:00;0,000;1,000;MESURE
2025-12-04 11:00:00+01:00;0,000;1,000;MESURE
2025-12-04 12:00:00+01:00;0,000;1,000;MESURE
2025-12-04 13:00:00+01:00;0,000;1,000;MESURE
2025-12-04 14:00:00+01:00;0,000;1,000;MESURE
2025-12-04 15:00:00+01:00;0,000;1,000;MESURE
2025-12-04 16:00:00+01:00;0,000;1,000;MESURE
2025-12-04 17:00:00+01:00;8164,000;1,000;MESURE
2025-12-04 18:00:00+01:00;9481,000;1,000;MESURE
2025-12-04 19:00:00+01:00;9389,000;1,000;MESURE
2025-12-04 20:00:00+01:00;9225,000;1,000;MESURE
2025-12-04 21:00:00+01:00;9159,000;1,000;MESURE
2025-12-04 22:00:00+01:00;9120,000;1,000;MESURE
2025-12-04 23:00:00+01:00;9314,000;1,000;MESURE
2025-12-05 00:00:00+01:00;9183,000;1,000;MESURE
2025-12-05 01:00:00+01:00;9170,000;1,000;MESURE
2025-12-05 02:00:00+01:00;9271,000;1,000;MESURE
2025-12-05 03:00:00+01:00;9186,000;1,000;MESURE
2025-12-05 04:00:00+01:00;9167,000;1,000;MESURE
2025-12-05 05:00:00+01:00;9142,000;1,000;MESURE
2025-12-05 06:00:00+01:00;9325,000;1,000;MESURE
2025-12-05 07:00:00+01:00;9301,000;1,000;MESURE
2025-12-05 08:00:00+01:00;742,000;1,000;MESURE
2025-12-05 09:00:00+01:00;0,000;1,000;MESURE
2025-12-05 10:00:00+01:00;0,000;1,000;MESURE
2025-12-05 11:00:00+01:00;0,000;1,000;MESURE
2025-12-05 12:00:00+01:00;0,000;1,000;MESURE
2025-12-05 13:00:00+01:00;0,000;1,000;MESURE
2025-12-05 14:00:00+01:00;0,000;1,000;MESURE
2025-12-05 15:00:00+01:00;0,000;1,000;MESURE
2025-12-05 16:00:00+01:00;0,000;1,000;MESURE
2025-12-05 17:00:00+01:00;8170,000;1,000;MESURE
2025-12-05 18:00:00+01:00;9260,000;1,000;MESURE
2025-12-05 19:00:00+01:00;9119,000;1,000;MESURE
2025-12-05 20:00:00+01:00;9269,000;1,000;MESURE
2025-12-05 21:00:00+01:00;9338,000;1,000;MESURE
2025-12-05 22:00:00+01:00;9133,000;1,000;MESURE
2025-12-05 23:00:00+01:00;9289,000;1,000;MESURE
2025-12-06 00:00:00+01:00;9301,000;1,000;MESURE
2025-12-06 01:00:00+01:00;9305,000;1,000;MESURE
2025-12-06 02:00:00+01:00;9319,000;1,000;MESURE
2025-12-06 03:00:00+01:00;9229,000;1,000;MESURE
2025-12-06 04:00:00+01:00;9120,000;1,000;MESURE
2025-12-06 05:00:00+01:00;9111,000;1,000;MESURE
2025-12-06 06:00:00+01:00;9154,000;1,000;MESURE
2025-12-06 07:00:00+01:00;9120,000;1,000;MESURE
2025-12-06 08:00:00+01:00;1027,000;1,000;MESURE
2025-12-06 09:00:00+01:00;0,000;1,000;MESURE
2025-12-06 10:00:00+01:00;0,000;1,000;MESURE
2025-12-06 11:00:00+01:00;0,000;1,000;MESURE
2025-12-06 12:00:00+01:00;0,000;1,000;MESURE
2025-12-06 13:00:00+01:00;0,000;1,000;MESURE
2025-12-06 14:00:00+01:00;0,000;1,000;MESURE
2025-12-06 15:00:00+01:00;0,000;1,000;MESURE
2025-12-06 16:00:00+01:00;0,000;1,000;MESURE
2025-12-06 17:00:00+01:00;8370,000;1,000;MESURE
2025-12-06 18:00:00+01:00;9463,000;1,000;MESURE
2025-12-06 19:00:00+01:00;9227,000;1,000;MESURE
2025-12-06 20:00:00+01:00;9052,000;1,000;MESURE
2025-12-06 21:00:00+01:00;9092,000;1,000;MESURE
2025-12-06 22:00:00+01:00;9080,000;1,000;MESURE
2025-12-06 23:00:00+01:00;9309,000;1,000;MESURE
2025-12-07 00:00:00+01:00;9182,000;1,000;MESURE
2025-12-07 01:00:00+01:00;9113,000;1,000;MESURE
2025-12-07 02:00:00+01:00;9206,000;1,000;MESURE
2025-12-07 03:00:00+01:00;9149,000;1,000;MESURE
2025-12-07 04:00:00+01:00;9177,000;1,000;MESURE
2025-12-07 05:00:00+01:00;9164,000;1,000;MESURE
2025-12-07 06:00:00+01:00;9215,000;1,000;MESURE
2025-12-07 07:00:00+01:00;9175,000;1,000;MESURE
2025-12-07 08:00:00+01:00;1180,000;1,000;MESURE
2025-12-07 09:00:00+01:00;0,000;1,000;MESURE
2025-12-07 10:00:00+01:00;0,000;1,000;MESURE
2025-12-07 11:00:00+01:00;0,000;1,000;MESURE
2025-12-07 12:00:00+01:00;0,000;1,000;MESURE
2025-12-07 13:00:00+01:00;0,000;1,000;MESURE
2025-12-07 14:00:00+01:00;0,000;1,000;MESURE
2025-12-07 15:00:00+01:00;0,000;1,000;MESURE
2025-12-07 16:00:00+01:00;0,000;1,000;MESURE
2025-12-07 17:00:00+01:00;8543,000;1,000;MESURE
2025-12-07 18:00:00+01:00;9756,000;1,000;MESURE
2025-12-07 19:00:00+01:00;9606,000;1,000;MESURE
2025-12-07 20:00:00+01:00;9534,000;1,000;MESURE
2025-12-07 21:00:00+01:00;9441,000;1,000;MESURE
2025-12-07 22:00:00+01:00;9447,000;1,000;MESURE
2025-12-07 23:00:00+01:00;9679,000;1,000;MESURE
2025-12-08 00:00:00+01:00;9484,000;1,000;MESURE
2025-12-08 01:00:00+01:00;9509,000;1,000;MESURE
2025-12-08 02:00:00+01:00;9519,000;1,000;MESURE
2025-12-08 03:00:00+01:00;9533,000;1,000;MESURE
2025-12-08 04:00:00+01:00;9531,000;1,000;MESURE
2025-12-08 05:00:00+01:00;9501,000;1,000;MESURE
2025-12-08 06:00:00+01:00;9425,000;1,000;MESURE
2025-12-08 07:00:00+01:00;9437,000;1,000;MESURE
2025-12-08 08:00:00+01:00;1215,000;1,000;MESURE
2025-12-08 09:00:00+01:00;0,000;1,000;MESURE
2025-12-08 10:00:00+01:00;0,000;1,000;MESURE
2025-12-08 11:00:00+01:00;0,000;1,000;MESURE
2025-12-08 12:00:00+01:00;0,000;1,000;MESURE
2025-12-08 13:00:00+01:00;0,000;1,000;MESURE
2025-12-08 14:00:00+01:00;0,000;1,000;MESURE
2025-12-08 15:00:00+01:00;0,000;1,000;MESURE
2025-12-08 16:00:00+01:00;0,000;1,000;MESURE
2025-12-08 17:00:00+01:00;8514,000;1,000;MESURE
2025-12-08 18:00:00+01:00;9452,000;1,000;MESURE
2025-12-08 19:00:00+01:00;9268,000;1,000;MESURE
2025-12-08 20:00:00+01:00;9283,000;1,000;MESURE
2025-12-08 21:00:00+01:00;9318,000;1,000;MESURE
2025-12-08 22:00:00+01:00;9376,000;1,000;MESURE
2025-12-08 23:00:00+01:00;9298,000;1,000;MESURE
2025-12-09 00:00:00+01:00;9400,000;1,000;MESURE
2025-12-09 01:00:00+01:00;9362,000;1,000;MESURE
2025-12-09 02:00:00+01:00;9357,000;1,000;MESURE
2025-12-09 03:00:00+01:00;9410,000;1,000;MESURE
2025-12-09 04:00:00+01:00;9374,000;1,000;MESURE
2025-12-09 05:00:00+01:00;9362,000;1,000;MESURE
2025-12-09 06:00:00+01:00;9275,000;1,000;MESURE
2025-12-09 07:00:00+01:00;9204,000;1,000;MESURE
2025-12-09 08:00:00+01:00;1345,000;1,000;MESURE
2025-12-09 09:00:00+01:00;0,000;1,000;MESURE
2025-12-09 10:00:00+01:00;0,000;1,000;MESURE
2025-12-09 11:00:00+01:00;0,000;1,000;MESURE
2025-12-09 12:00:00+01:00;0,000;1,000;MESURE
2025-12-09 13:00:00+01:00;0,000;1,000;MESURE
2025-12-09 14:00:00+01:00;0,000;1,000;MESURE
2025-12-09 15:00:00+01:00;0,000;1,000;MESURE
2025-12-09 16:00:00+01:00;0,000;1,000;MESURE
2025-12-09 17:00:00+01:00;8458,000;1,000;MESURE
2025-12-09 18:00:00+01:00;9344,000;1,000;MESURE
2025-12-09 19:00:00+01:00;9152,000;1,000;MESURE
2025-12-09 20:00:00+01:00;9157,000;1,000;MESURE
2025-12-09 21:00:00+01:00;9215,000;1,000;MESURE
2025-12-09 22:00:00+01:00;9182,000;1,000;MESURE
2025-12-09 23:00:00+01:00;9329,000;1,000;MESURE
2025-12-10 00:00:00+01:00;9277,000;1,000;MESURE
2025-12-10 01:00:00+01:00;9219,000;1,000;MESURE
2025-12-10 02:00:00+01:00;9248,000;1,000;MESURE
2025-12-10 03:00:00+01:00;9267,000;1,000;MESURE
2025-12-10 04:00:00+01:00;9249,000;1,000;MESURE
2025-12-10 05:00:00+01:00;9233,000;1,000;MESURE
2025-12-10 06:00:00+01:00;9218,000;1,000;MESURE
2025-12-10 07:00:00+01:00;9200,000;1,000;MESURE
2025-12-10 08:00:00+01:00;1482,000;1,000;MESURE
2025-12-10 09:00:00+01:00;0,000;1,000;MESURE
2025-12-10 10:00:00+01:00;0,000;1,000;MESURE
2025-12-10 11:00:00+01:00;0,000;1,000;MESURE
2025-12-10 12:00:00+01:00;0,000;1,000;MESURE
2025-12-10 13:00:00+01:00;0,000;1,000;MESURE
2025-12-10 14:00:00+01:00;0,000;1,000;MESURE
2025-12-10 15:00:00+01:00;0,000;1,000;MESURE
2025-12-10 16:00:00+01:00;0,000;1,000;MESURE
2025-12-10 17:00:00+01:00;8334,000;1,000;MESURE
2025-12-10 18:00:00+01:00;9374,000;1,000;MESURE
2025-12-10 19:00:00+01:00;9096,000;1,000;MESURE
2025-12-10 20:00:00+01:00;9144,000;1,000;MESURE
2025-12-10 21:00:00+01:00;9207,000;1,000;MESURE
2025-12-10 22:00:00+01:00;9258,000;1,000;MESURE
2025-12-10 23:00:00+01:00;9203,000;1,000;MESURE
2025-12-11 00:00:00+01:00;9242,000;1,000;MESURE
2025-12-11 01:00:00+01:00;9277,000;1,000;MESURE
2025-12-11 02:00:00+01:00;9256,000;1,000;MESURE
2025-12-11 03:00:00+01:00;9315,000;1,000;MESURE
2025-12-11 04:00:00+01:00;9316,000;1,000;MESURE
2025-12-11 05:00:00+01:00;9257,000;1,000;MESURE
2025-12-11 06:00:00+01:00;9182,000;1,000;MESURE
2025-12-11 07:00:00+01:00;9192,000;1,000;MESURE
2025-12-11 08:00:00+01:00;1710,000;1,000;MESURE
2025-12-11 09:00:00+01:00;0,000;1,000;MESURE
2025-12-11 10:00:00+01:00;0,000;1,000;MESURE
2025-12-11 11:00:00+01:00;0,000;1,000;MESURE
2025-12-11 12:00:00+01:00;0,000;1,000;MESURE
2025-12-11 13:00:00+01:00;0,000;1,000;MESURE
2025-12-11 14:00:00+01:00;0,000;1,000;MESURE
2025-12-11 15:00:00+01:00;0,000;1,000;MESURE
2025-12-11 16:00:00+01:00;0,000;1,000;MESURE
2025-12-11 17:00:00+01:00;8349,000;1,000;MESURE
2025-12-11 18:00:00+01:00;9286,000;1,000;MESURE
2025-12-11 19:00:00+01:00;9112,000;1,000;MESURE
2025-12-11 20:00:00+01:00;9162,000;1,000;MESURE
2025-12-11 21:00:00+01:00;9226,000;1,000;MESURE
2025-12-11 22:00:00+01:00;9254,000;1,000;MESURE
2025-12-11 23:00:00+01:00;9165,000;1,000;MESURE
2025-12-12 00:00:00+01:00;9252,000;1,000;MESURE
2025-12-12 01:00:00+01:00;9259,000;1,000;MESURE
2025-12-12 02:00:00+01:00;9224,000;1,000;MESURE
2025-12-12 03:00:00+01:00;9234,000;1,000;MESURE
2025-12-12 04:00:00+01:00;9230,000;1,000;MESURE
2025-12-12 05:00:00+01:00;9220,000;1,000;MESURE
2025-12-12 06:00:00+01:00;9164,000;1,000;MESURE
2025-12-12 07:00:00+01:00;9121,000;1,000;MESURE
2025-12-12 08:00:00+01:00;1801,000;1,000;MESURE
2025-12-12 09:00:00+01:00;0,000;1,000;MESURE
2025-12-12 10:00:00+01:00;0,000;1,000;MESURE
2025-12-12 11:00:00+01:00;0,000;1,000;MESURE
2025-12-12 12:00:00+01:00;0,000;1,000;MESURE
2025-12-12 13:00:00+01:00;0,000;1,000;MESURE
2025-12-12 14:00:00+01:00;0,000;1,000;MESURE
2025-12-12 15:00:00+01:00;0,000;1,000;MESURE
2025-12-12 16:00:00+01:00;0,000;1,000;MESURE
2025-12-12 17:00:00+01:00;8315,000;1,000;MESURE
2025-12-12 18:00:00+01:00;9245,000;1,000;MESURE
2025-12-12 19:00:00+01:00;9093,000;1,000;MESURE
2025-12-12 20:00:00+01:00;9121,000;1,000;MESURE
2025-12-12 21:00:00+01:00;9160,000;1,000;MESURE
2025-12-12 22:00:00+01:00;9179,000;1,000;MESURE
2025-12-12 23:00:00+01:00;9088,000;1,000;MESURE
2025-12-13 00:00:00+01:00;9179,000;1,000;MESURE
2025-12-13 01:00:00+01:00;9226,000;1,000;MESURE
2025-12-13 02:00:00+01:00;9227,000;1,000;MESURE
2025-12-13 03:00:00+01:00;9227,000;1,000;MESURE
2025-12-13 04:00:00+01:00;9241,000;1,000;MESURE
2025-12-13 05:00:00+01:00;9247,000;1,000;MESURE
2025-12-13 06:00:00+01:00;9226,000;1,000;MESURE
2025-12-13 07:00:00+01:00;9216,000;1,000;MESURE
2025-12-13 08:00:00+01:00;1962,000;1,000;MESURE
2025-12-13 09:00:00+01:00;0,000;1,000;MESURE
2025-12-13 10:00:00+01:00;0,000;1,000;MESURE
2025-12-13 11:00:00+01:00;0,000;1,000;MESURE
2025-12-13 12:00:00+01:00;0,000;1,000;MESURE
2025-12-13 13:00:00+01:00;0,000;1,000;MESURE
2025-12-13 14:00:00+01:00;0,000;1,000;MESURE
2025-12-13 15:00:00+01:00;0,000;1,000;MESURE
2025-12-13 16:00:00+01:00;0,000;1,000;MESURE
2025-12-13 17:00:00+01:00;8248,000;1,000;MESURE
2025-12-13 18:00:00+01:00;9194,000;1,000;MESURE
2025-12-13 19:00:00+01:00;9047,000;1,000;MESURE
2025-12-13 20:00:00+01:00;9082,000;1,000;MESURE
2025-12-13 21:00:00+01:00;9176,000;1,000;MESURE
2025-12-13 22:00:00+01:00;9170,000;1,000;MESURE
2025-12-13 23:00:00+01:00;9117,000;1,000;MESURE
2025-12-14 00:00:00+01:00;9155,000;1,000;MESURE
2025-12-14 01:00:00+01:00;9147,000;1,000;MESURE
2025-12-14 02:00:00+01:00;9162,000;1,000;MESURE
2025-12-14 03:00:00+01:00;9206,000;1,000;MESURE
2025-12-14 04:00:00+01:00;9181,000;1,000;MESURE
2025-12-14 05:00:00+01:00;9165,000;1,000;MESURE
2025-12-14 06:00:00+01:00;9209,000;1,000;MESURE
2025-12-14 07:00:00+01:00;9211,000;1,000;MESURE
2025-12-14 08:00:00+01:00;2129,000;1,000;MESURE
2025-12-14 09:00:00+01:00;0,000;1,000;MESURE
2025-12-14 10:00:00+01:00;0,000;1,000;MESURE
2025-12-14 11:00:00+01:00;0,000;1,000;MESURE
2025-12-14 12:00:00+01:00;0,000;1,000;MESURE
2025-12-14 13:00:00+01:00;0,000;1,000;MESURE
2025-12-14 14:00:00+01:00;0,000;1,000;MESURE
2025-12-14 15:00:00+01:00;0,000;1,000;MESURE
2025-12-14 16:00:00+01:00;0,000;1,000;MESURE
2025-12-14 17:00:00+01:00;8078,000;1,000;MESURE
2025-12-14 18:00:00+01:00;9148,000;1,000;MESURE
2025-12-14 19:00:00+01:00;8999,000;1,000;MESURE
2025-12-14 20:00:00+01:00;9040,000;1,000;MESURE
2025-12-14 21:00:00+01:00;9073,000;1,000;MESURE
2025-12-14 22:00:00+01:00;9114,000;1,000;MESURE
2025-12-14 23:00:00+01:00;9014,000;1,000;MESURE
2025-12-15 00:00:00+01:00;9077,000;1,000;MESURE
2025-12-15 01:00:00+01:00;9080,000;1,000;MESURE
2025-12-15 02:00:00+01:00;9015,000;1,000;MESURE
2025-12-15 03:00:00+01:00;9019,000;1,000;MESURE
2025-12-15 04:00:00+01:00;9021,000;1,000;MESURE
2025-12-15 05:00:00+01:00;9035,000;1,000;MESURE
2025-12-15 06:00:00+01:00;9026,000;1,000;MESURE
2025-12-15 07:00:00+01:00;9223,000;1,000;MESURE
2025-12-15 08:00:00+01:00;2114,000;1,000;MESURE
2025-12-15 09:00:00+01:00;0,000;1,000;MESURE
2025-12-15 10:00:00+01:00;0,000;1,000;MESURE
2025-12-15 11:00:00+01:00;0,000;1,000;MESURE
2025-12-15 12:00:00+01:00;0,000;1,000;MESURE
2025-12-15 13:00:00+01:00;0,000;1,000;MESURE
2025-12-15 14:00:00+01:00;0,000;1,000;MESURE
2025-12-15 15:00:00+01:00;0,000;1,000;MESURE
2025-12-15 16:00:00+01:00;0,000;1,000;MESURE
2025-12-15 17:00:00+01:00;8224,000;1,000;MESURE
2025-12-15 18:00:00+01:00;9366,000;1,000;MESURE
2025-12-15 19:00:00+01:00;9190,000;1,000;MESURE
2025-12-15 20:00:00+01:00;9083,000;1,000;MESURE
2025-12-15 21:00:00+01:00;8975,000;1,000;MESURE
2025-12-15 22:00:00+01:00;8995,000;1,000;MESURE
2025-12-15 23:00:00+01:00;9075,000;1,000;MESURE
2025-12-16 00:00:00+01:00;8995,000;1,000;MESURE
2025-12-16 01:00:00+01:00;9034,000;1,000;MESURE
2025-12-16 02:00:00+01:00;9007,000;1,000;MESURE
2025-12-16 03:00:00+01:00;9029,000;1,000;MESURE
2025-12-16 04:00:00+01:00;9004,000;1,000;MESURE
2025-12-16 05:00:00+01:00;9067,000;1,000;MESURE
2025-12-16 06:00:00+01:00;9031,000;1,000;MESURE
2025-12-16 07:00:00+01:00;9024,000;1,000;MESURE
2025-12-16 08:00:00+01:00;2216,000;1,000;MESURE
2025-12-16 09:00:00+01:00;0,000;1,000;MESURE
2025-12-16 10:00:00+01:00;0,000;1,000;MESURE
2025-12-16 11:00:00+01:00;0,000;1,000;MESURE
2025-12-16 12:00:00+01:00;0,000;1,000;MESURE
2025-12-16 13:00:00+01:00;0,000;1,000;MESURE
2025-12-16 14:00:00+01:00;0,000;1,000;MESURE
2025-12-16 15:00:00+01:00;0,000;1,000;MESURE
2025-12-16 16:00:00+01:00;0,000;1,000;MESURE
2025-12-16 17:00:00+01:00;8023,000;1,000;MESURE
2025-12-16 18:00:00+01:00;9094,000;1,000;MESURE
2025-12-16 19:00:00+01:00;9108,000;1,000;MESURE
2025-12-16 20:00:00+01:00;8978,000;1,000;MESURE
2025-12-16 21:00:00+01:00;9059,000;1,000;MESURE
2025-12-16 22:00:00+01:00;9041,000;1,000;MESURE
2025-12-16 23:00:00+01:00;8960,000;1,000;MESURE
2025-12-17 00:00:00+01:00;9014,000;1,000;MESURE
2025-12-17 01:00:00+01:00;9061,000;1,000;MESURE
2025-12-17 02:00:00+01:00;9045,000;1,000;MESURE
2025-12-17 03:00:00+01:00;9077,000;1,000;MESURE
2025-12-17 04:00:00+01:00;9069,000;1,000;MESURE
2025-12-17 05:00:00+01:00;9000,000;1,000;MESURE
2025-12-17 06:00:00+01:00;9018,000;1,000;MESURE
2025-12-17 07:00:00+01:00;9095,000;1,000;MESURE
2025-12-17 08:00:00+01:00;2408,000;1,000;MESURE
2025-12-17 09:00:00+01:00;0,000;1,000;MESURE
2025-12-17 10:00:00+01:00;0,000;1,000;MESURE
2025-12-17 11:00:00+01:00;0,000;1,000;MESURE
2025-12-17 12:00:00+01:00;0,000;1,000;MESURE
2025-12-17 13:00:00+01:00;0,000;1,000;MESURE
2025-12-17 14:00:00+01:00;0,000;1,000;MESURE
2025-12-17 15:00:00+01:00;0,000;1,000;MESURE
2025-12-17 16:00:00+01:00;0,000;1,000;MESURE
2025-12-17 17:00:00+01:00;8081,000;1,000;MESURE
2025-12-17 18:00:00+01:00;9111,000;1,000;MESURE
2025-12-17 19:00:00+01:00;8934,000;1,000;MESURE
2025-12-17 20:00:00+01:00;8973,000;1,000;MESURE
2025-12-17 21:00:00+01:00;9006,000;1,000;MESURE
2025-12-17 22:00:00+01:00;9051,000;1,000;MESURE
2025-12-17 23:00:00+01:00;8978,000;1,000;MESURE
2025-12-18 00:00:00+01:00;9058,000;1,000;MESURE
2025-12-18 01:00:00+01:00;9040,000;1,000;MESURE
2025-12-18 02:00:00+01:00;8944,000;1,000;MESURE
2025-12-18 03:00:00+01:00;8979,000;1,000;MESURE
2025-12-18 04:00:00+01:00;9144,000;1,000;MESURE
2025-12-18 05:00:00+01:00;9158,000;1,000;MESURE
2025-12-18 06:00:00+01:00;9027,000;1,000;MESURE
2025-12-18 07:00:00+01:00;8965,000;1,000;MESURE
2025-12-18 08:00:00+01:00;2495,000;1,000;MESURE
2025-12-18 09:00:00+01:00;0,000;1,000;MESURE
2025-12-18 10:00:00+01:00;0,000;1,000;MESURE
2025-12-18 11:00:00+01:00;0,000;1,000;MESURE
2025-12-18 12:00:00+01:00;0,000;1,000;MESURE
2025-12-18 13:00:00+01:00;0,000;1,000;MESURE
2025-12-18 14:00:00+01:00;0,000;1,000;MESURE
2025-12-18 15:00:00+01:00;0,000;1,000;MESURE
2025-12-18 16:00:00+01:00;0,000;1,000;MESURE
2025-12-18 17:00:00+01:00;7775,000;1,000;MESURE
2025-12-18 18:00:00+01:00;9067,000;1,000;MESURE
2025-12-18 19:00:00+01:00;8982,000;1,000;MESURE
2025-12-18 20:00:00+01:00;8893,000;1,000;MESURE
2025-12-18 21:00:00+01:00;8895,000;1,000;MESURE
2025-12-18 22:00:00+01:00;8943,000;1,000;MESURE
2025-12-18 23:00:00+01:00;8916,000;1,000;MESURE
2025-12-19 00:00:00+01:00;9002,000;1,000;MESURE
2025-12-19 01:00:00+01:00;8973,000;1,000;MESURE
2025-12-19 02:00:00+01:00;9053,000;1,000;MESURE
2025-12-19 03:00:00+01:00;9065,000;1,000;MESURE
2025-12-19 04:00:00+01:00;9123,000;1,000;MESURE
2025-12-19 05:00:00+01:00;9103,000;1,000;MESURE
2025-12-19 06:00:00+01:00;8981,000;1,000;MESURE
2025-12-19 07:00:00+01:00;8935,000;1,000;MESURE
2025-12-19 08:00:00+01:00;2524,000;1,000;MESURE
2025-12-19 09:00:00+01:00;0,000;1,000;MESURE
2025-12-19 10:00:00+01:00;0,000;1,000;MESURE
2025-12-19 11:00:00+01:00;0,000;1,000;MESURE
2025-12-19 12:00:00+01:00;0,000;1,000;MESURE
2025-12-19 13:00:00+01:00;0,000;1,000;MESURE
2025-12-19 14:00:00+01:00;0,000;1,000;MESURE
2025-12-19 15:00:00+01:00;0,000;1,000;MESURE
2025-12-19 16:00:00+01:00;0,000;1,000;MESURE
2025-12-19 17:00:00+01:00;7866,000;1,000;MESURE
2025-12-19 18:00:00+01:00;9130,000;1,000;MESURE
2025-12-19 19:00:00+01:00;8964,000;1,000;MESURE
2025-12-19 20:00:00+01:00;9041,000;1,000;MESURE
2025-12-19 21:00:00+01:00;9163,000;1,000;MESURE
2025-12-19 22:00:00+01:00;9195,000;1,000;MESURE
2025-12-19 23:00:00+01:00;9127,000;1,000;MESURE
2025-12-20 00:00:00+01:00;9200,000;1,000;MESURE
2025-12-20 01:00:00+01:00;9192,000;1,000;MESURE
2025-12-20 02:00:00+01:00;9167,000;1,000;MESURE
2025-12-20 03:00:00+01:00;9264,000;1,000;MESURE
2025-12-20 04:00:00+01:00;9259,000;1,000;MESURE
2025-12-20 05:00:00+01:00;9255,000;1,000;MESURE
2025-12-20 06:00:00+01:00;9188,000;1,000;MESURE
2025-12-20 07:00:00+01:00;9202,000;1,000;MESURE
2025-12-20 08:00:00+01:00;2756,000;1,000;MESURE
2025-12-20 09:00:00+01:00;0,000;1,000;MESURE
2025-12-20 10:00:00+01:00;0,000;1,000;MESURE
2025-12-20 11:00:00+01:00;0,000;1,000;MESURE
2025-12-20 12:00:00+01:00;0,000;1,000;MESURE
2025-12-20 13:00:00+01:00;0,000;1,000;MESURE
2025-12-20 14:00:00+01:00;0,000;1,000;MESURE
2025-12-20 15:00:00+01:00;0,000;1,000;MESURE
2025-12-20 16:00:00+01:00;0,000;1,000;MESURE
2025-12-20 17:00:00+01:00;8057,000;1,000;MESURE
2025-12-20 18:00:00+01:00;9292,000;1,000;MESURE
2025-12-20 19:00:00+01:00;9093,000;1,000;MESURE
2025-12-20 20:00:00+01:00;9113,000;1,000;MESURE
2025-12-20 21:00:00+01:00;9122,000;1,000;MESURE
2025-12-20 22:00:00+01:00;9144,000;1,000;MESURE
2025-12-20 23:00:00+01:00;9109,000;1,000;MESURE
2025-12-21 00:00:00+01:00;9144,000;1,000;MESURE
2025-12-21 01:00:00+01:00;9143,000;1,000;MESURE
2025-12-21 02:00:00+01:00;9113,000;1,000;MESURE
2025-12-21 03:00:00+01:00;9132,000;1,000;MESURE
2025-12-21 04:00:00+01:00;9121,000;1,000;MESURE
2025-12-21 05:00:00+01:00;9100,000;1,000;MESURE
2025-12-21 06:00:00+01:00;9137,000;1,000;MESURE
2025-12-21 07:00:00+01:00;9163,000;1,000;MESURE
2025-12-21 08:00:00+01:00;2733,000;1,000;MESURE
2025-12-21 09:00:00+01:00;0,000;1,000;MESURE
2025-12-21 10:00:00+01:00;0,000;1,000;MESURE
2025-12-21 11:00:00+01:00;0,000;1,000;MESURE
2025-12-21 12:00:00+01:00;0,000;1,000;MESURE
2025-12-21 13:00:00+01:00;0,000;1,000;MESURE
2025-12-21 14:00:00+01:00;0,000;1,000;MESURE
2025-12-21 15:00:00+01:00;0,000;1,000;MESURE
2025-12-21 16:00:00+01:00;0,000;1,000;MESURE
2025-12-21 17:00:00+01:00;7797,000;1,000;MESURE
2025-12-21 18:00:00+01:00;9177,000;1,000;MESURE
2025-12-21 19:00:00+01:00;8970,000;1,000;MESURE
2025-12-21 20:00:00+01:00;9020,000;1,000;MESURE
2025-12-21 21:00:00+01:00;9074,000;1,000;MESURE
2025-12-21 22:00:00+01:00;9098,000;1,000;MESURE
2025-12-21 23:00:00+01:00;9051,000;1,000;MESURE
2025-12-22 00:00:00+01:00;9096,000;1,000;MESURE
2025-12-22 01:00:00+01:00;9089,000;1,000;MESURE
2025-12-22 02:00:00+01:00;9076,000;1,000;MESURE
2025-12-22 03:00:00+01:00;9112,000;1,000;MESURE
2025-12-22 04:00:00+01:00;9152,000;1,000;MESURE
2025-12-22 05:00:00+01:00;9133,000;1,000;MESURE
2025-12-22 06:00:00+01:00;9082,000;1,000;MESURE
2025-12-22 07:00:00+01:00;9092,000;1,000;MESURE
2025-12-22 08:00:00+01:00;2860,000;1,000;MESURE
2025-12-22 09:00:00+01:00;0,000;1,000;MESURE
2025-12-22 10:00:00+01:00;0,000;1,000;MESURE
2025-12-22 11:00:00+01:00;0,000;1,000;MESURE
2025-12-22 12:00:00+01:00;0,000;1,000;MESURE
2025-12-22 13:00:00+01:00;0,000;1,000;MESURE
2025-12-22 14:00:00+01:00;0,000;1,000;MESURE
2025-12-22 15:00:00+01:00;0,000;1,000;MESURE
2025-12-22 16:00:00+01:00;0,000;1,000;MESURE
2025-12-22 17:00:00+01:00;7746,000;1,000;MESURE
2025-12-22 18:00:00+01:00;9395,000;1,000;MESURE
2025-12-22 19:00:00+01:00;8986,000;1,000;MESURE
2025-12-22 20:00:00+01:00;8985,000;1,000;MESURE
2025-12-22 21:00:00+01:00;9041,000;1,000;MESURE
2025-12-22 22:00:00+01:00;9087,000;1,000;MESURE
2025-12-22 23:00:00+01:00;9002,000;1,000;MESURE
2025-12-23 00:00:00+01:00;9055,000;1,000;MESURE
2025-12-23 01:00:00+01:00;9071,000;1,000;MESURE
2025-12-23 02:00:00+01:00;9083,000;1,000;MESURE
2025-12-23 03:00:00+01:00;9036,000;1,000;MESURE
2025-12-23 04:00:00+01:00;9081,000;1,000;MESURE
2025-12-23 05:00:00+01:00;9066,000;1,000;MESURE
2025-12-23 06:00:00+01:00;9028,000;1,000;MESURE
2025-12-23 07:00:00+01:00;9013,000;1,000;MESURE
2025-12-23 08:00:00+01:00;2815,000;1,000;MESURE
2025-12-23 09:00:00+01:00;0,000;1,000;MESURE
2025-12-23 10:00:00+01:00;0,000;1,000;MESURE
2025-12-23 11:00:00+01:00;0,000;1,000;MESURE
2025-12-23 12:00:00+01:00;0,000;1,000;MESURE
2025-12-23 13:00:00+01:00;0,000;1,000;MESURE
2025-12-23 14:00:00+01:00;0,000;1,000;MESURE
2025-12-23 15:00:00+01:00;0,000;1,000;MESURE
2025-12-23 16:00:00+01:00;0,000;1,000;MESURE
2025-12-23 17:00:00+01:00;7542,000;1,000;MESURE
2025-12-23 18:00:00+01:00;9140,000;1,000;MESURE
2025-12-23 19:00:00+01:00;8991,000;1,000;MESURE
2025-12-23 20:00:00+01:00;9010,000;1,000;MESURE
2025-12-23 21:00:00+01:00;9035,000;1,000;MESURE
2025-12-23 22:00:00+01:00;9028,000;1,000;MESURE
2025-12-23 23:00:00+01:00;8917,000;1,000;MESURE
2025-12-24 00:00:00+01:00;8947,000;1,000;MESURE
2025-12-24 01:00:00+01:00;8968,000;1,000;MESURE
2025-12-24 02:00:00+01:00;9156,000;1,000;MESURE
2025-12-24 03:00:00+01:00;8930,000;1,000;MESURE
2025-12-24 04:00:00+01:00;8943,000;1,000;MESURE
2025-12-24 05:00:00+01:00;9195,000;1,000;MESURE
2025-12-24 06:00:00+01:00;8961,000;1,000;MESURE
2025-12-24 07:00:00+01:00;8946,000;1,000;MESURE
2025-12-24 08:00:00+01:00;2944,000;1,000;MESURE
2025-12-24 09:00:00+01:00;0,000;1,000;MESURE
2025-12-24 10:00:00+01:00;0,000;1,000;MESURE
2025-12-24 11:00:00+01:00;0,000;1,000;MESURE
2025-12-24 12:00:00+01:00;0,000;1,000;MESURE
2025-12-24 13:00:00+01:00;0,000;1,000;MESURE
2025-12-24 14:00:00+01:00;0,000;1,000;MESURE
2025-12-24 15:00:00+01:00;0,000;1,000;MESURE
2025-12-24 16:00:00+01:00;0,000;1,000;MESURE
2025-12-24 17:00:00+01:00;7342,000;1,000;MESURE
2025-12-24 18:00:00+01:00;9043,000;1,000;MESURE
2025-12-24 19:00:00+01:00;8944,000;1,000;MESURE
2025-12-24 20:00:00+01:00;9021,000;1,000;MESURE
2025-12-24 21:00:00+01:00;9019,000;1,000;MESURE
2025-12-24 22:00:00+01:00;9028,000;1,000;MESURE
2025-12-24 23:00:00+01:00;8907,000;1,000;MESURE
2025-12-25 00:00:00+01:00;9003,000;1,000;MESURE
2025-12-25 01:00:00+01:00;8997,000;1,000;MESURE
2025-12-25 02:00:00+01:00;8928,000;1,000;MESURE
2025-12-25 03:00:00+01:00;8961,000;1,000;MESURE
2025-12-25 04:00:00+01:00;8966,000;1,000;MESURE
2025-12-25 05:00:00+01:00;8985,000;1,000;MESURE
2025-12-25 06:00:00+01:00;9044,000;1,000;MESURE
2025-12-25 07:00:00+01:00;9107,000;1,000;MESURE
2025-12-25 08:00:00+01:00;2995,000;1,000;MESURE
2025-12-25 09:00:00+01:00;0,000;1,000;MESURE
2025-12-25 10:00:00+01:00;0,000;1,000;MESURE
2025-12-25 11:00:00+01:00;0,000;1,000;MESURE
2025-12-25 12:00:00+01:00;0,000;1,000;MESURE
2025-12-25 13:00:00+01:00;0,000;1,000;MESURE
2025-12-25 14:00:00+01:00;0,000;1,000;MESURE
2025-12-25 15:00:00+01:00;0,000;1,000;MESURE
2025-12-25 16:00:00+01:00;0,000;1,000;MESURE
2025-12-25 17:00:00+01:00;7434,000;1,000;MESURE
2025-12-25 18:00:00+01:00;9117,000;1,000;MESURE
2025-12-25 19:00:00+01:00;8885,000;1,000;MESURE
2025-12-25 20:00:00+01:00;8889,000;1,000;MESURE
2025-12-25 21:00:00+01:00;8916,000;1,000;MESURE
2025-12-25 22:00:00+01:00;8887,000;1,000;MESURE
2025-12-25 23:00:00+01:00;8985,000;1,000;MESURE
2025-12-26 00:00:00+01:00;8949,000;1,000;MESURE
2025-12-26 01:00:00+01:00;8987,000;1,000;MESURE
2025-12-26 02:00:00+01:00;8953,000;1,000;MESURE
2025-12-26 03:00:00+01:00;9018,000;1,000;MESURE
2025-12-26 04:00:00+01:00;9033,000;1,000;MESURE
2025-12-26 05:00:00+01:00;8985,000;1,000;MESURE
2025-12-26 06:00:00+01:00;8968,000;1,000;MESURE
2025-12-26 07:00:00+01:00;8962,000;1,000;MESURE
2025-12-26 08:00:00+01:00;2945,000;1,000;MESURE
2025-12-26 09:00:00+01:00;0,000;1,000;MESURE
2025-12-26 10:00:00+01:00;0,000;1,000;MESURE
2025-12-26 11:00:00+01:00;0,000;1,000;MESURE
2025-12-26 12:00:00+01:00;0,000;1,000;MESURE
2025-12-26 13:00:00+01:00;0,000;1,000;MESURE
2025-12-26 14:00:00+01:00;0,000;1,000;MESURE
2025-12-26 15:00:00+01:00;0,000;1,000;MESURE
2025-12-26 16:00:00+01:00;0,000;1,000;MESURE
2025-12-26 17:00:00+01:00;7191,000;1,000;MESURE
2025-12-26 18:00:00+01:00;9033,000;1,000;MESURE
2025-12-26 19:00:00+01:00;8860,000;1,000;MESURE
2025-12-26 20:00:00+01:00;8919,000;1,000;MESURE
2025-12-26 21:00:00+01:00;8954,000;1,000;MESURE
2025-12-26 22:00:00+01:00;8957,000;1,000;MESURE
2025-12-26 23:00:00+01:00;8888,000;1,000;MESURE
2025-12-27 00:00:00+01:00;8995,000;1,000;MESURE
2025-12-27 01:00:00+01:00;8997,000;1,000;MESURE
2025-12-27 02:00:00+01:00;8939,000;1,000;MESURE
2025-12-27 03:00:00+01:00;8963,000;1,000;MESURE
2025-12-27 04:00:00+01:00;8938,000;1,000;MESURE
2025-12-27 05:00:00+01:00;8934,000;1,000;MESURE
2025-12-27 06:00:00+01:00;8947,000;1,000;MESURE
2025-12-27 07:00:00+01:00;8988,000;1,000;MESURE
2025-12-27 08:00:00+01:00;2979,000;1,000;MESURE
2025-12-27 09:00:00+01:00;0,000;1,000;MESURE
2025-12-27 10:00:00+01:00;0,000;1,000;MESURE
2025-12-27 11:00:00+01:00;0,000;1,000;MESURE
2025-12-27 12:00:00+01:00;0,000;1,000;MESURE
2025-12-27 13:00:00+01:00;0,000;1,000;MESURE
2025-12-27 14:00:00+01:00;0,000;1,000;MESURE
2025-12-27 15:00:00+01:00;0,000;1,000;MESURE
2025-12-27 16:00:00+01:00;0,000;1,000;MESURE
2025-12-27 17:00:00+01:00;7018,000;1,000;MESURE
2025-12-27 18:00:00+01:00;9081,000;1,000;MESURE
2025-12-27 19:00:00+01:00;8881,000;1,000;MESURE
2025-12-27 20:00:00+01:00;8919,000;1,000;MESURE
2025-12-27 21:00:00+01:00;9016,000;1,000;MESURE
2025-12-27 22:00:00+01:00;9030,000;1,000;MESURE
2025-12-27 23:00:00+01:00;8947,000;1,000;MESURE
2025-12-28 00:00:00+01:00;9046,000;1,000;MESURE
2025-12-28 01:00:00+01:00;9044,000;1,000;MESURE
2025-12-28 02:00:00+01:00;8945,000;1,000;MESURE
2025-12-28 03:00:00+01:00;9005,000;1,000;MESURE
2025-12-28 04:00:00+01:00;9034,000;1,000;MESURE
2025-12-28 05:00:00+01:00;9026,000;1,000;MESURE
2025-12-28 06:00:00+01:00;9016,000;1,000;MESURE
2025-12-28 07:00:00+01:00;8957,000;1,000;MESURE
2025-12-28 08:00:00+01:00;2997,000;1,000;MESURE
2025-12-28 09:00:00+01:00;0,000;1,000;MESURE
2025-12-28 10:00:00+01:00;0,000;1,000;MESURE
2025-12-28 11:00:00+01:00;0,000;1,000;MESURE
2025-12-28 12:00:00+01:00;0,000;1,000;MESURE
2025-12-28 13:00:00+01:00;0,000;1,000;MESURE
2025-12-28 14:00:00+01:00;0,000;1,000;MESURE
2025-12-28 15:00:00+01:00;0,000;1,000;MESURE
2025-12-28 16:00:00+01:00;0,000;1,000;MESURE
2025-12-28 17:00:00+01:00;7044,000;1,000;MESURE
2025-12-28 18:00:00+01:00;9061,000;1,000;MESURE
2025-12-28 19:00:00+01:00;8869,000;1,000;MESURE
2025-12-28 20:00:00+01:00;8909,000;1,000;MESURE
2025-12-28 21:00:00+01:00;9044,000;1,000;MESURE
2025-12-28 22:00:00+01:00;9073,000;1,000;MESURE
2025-12-28 23:00:00+01:00;8996,000;1,000;MESURE
2025-12-29 00:00:00+01:00;9076,000;1,000;MESURE
2025-12-29 01:00:00+01:00;9083,000;1,000;MESURE
2025-12-29 02:00:00+01:00;9050,000;1,000;MESURE
2025-12-29 03:00:00+01:00;9059,000;1,000;MESURE
2025-12-29 04:00:00+01:00;9037,000;1,000;MESURE
2025-12-29 05:00:00+01:00;8970,000;1,000;MESURE
2025-12-29 06:00:00+01:00;8875,000;1,000;MESURE
2025-12-29 07:00:00+01:00;8985,000;1,000;MESURE
2025-12-29 08:00:00+01:00;3140,000;1,000;MESURE
2025-12-29 09:00:00+01:00;0,000;1,000;MESURE
2025-12-29 10:00:00+01:00;0,000;1,000;MESURE
2025-12-29 11:00:00+01:00;0,000;1,000;MESURE
2025-12-29 12:00:00+01:00;0,000;1,000;MESURE
2025-12-29 13:00:00+01:00;0,000;1,000;MESURE
2025-12-29 14:00:00+01:00;0,000;1,000;MESURE
2025-12-29 15:00:00+01:00;0,000;1,000;MESURE
2025-12-29 16:00:00+01:00;0,000;1,000;MESURE
2025-12-29 17:00:00+01:00;6815,000;1,000;MESURE
2025-12-29 18:00:00+01:00;9096,000;1,000;MESURE
2025-12-29 19:00:00+01:00;8953,000;1,000;MESURE
2025-12-29 20:00:00+01:00;8837,000;1,000;MESURE
2025-12-29 21:00:00+01:00;8955,000;1,000;MESURE
2025-12-29 22:00:00+01:00;9013,000;1,000;MESURE
2025-12-29 23:00:00+01:00;8882,000;1,000;MESURE
2025-12-30 00:00:00+01:00;8967,000;1,000;MESURE
2025-12-30 01:00:00+01:00;8950,000;1,000;MESURE
2025-12-30 02:00:00+01:00;8916,000;1,000;MESURE
2025-12-30 03:00:00+01:00;8938,000;1,000;MESURE
2025-12-30 04:00:00+01:00;8930,000;1,000;MESURE
2025-12-30 05:00:00+01:00;8875,000;1,000;MESURE
2025-12-30 06:00:00+01:00;8856,000;1,000;MESURE
2025-12-30 07:00:00+01:00;8862,000;1,000;MESURE
2025-12-30 08:00:00+01:00;3089,000;1,000;MESURE
2025-12-30 09:00:00+01:00;0,000;1,000;MESURE
2025-12-30 10:00:00+01:00;0,000;1,000;MESURE
2025-12-30 11:00:00+01:00;0,000;1,000;MESURE
2025-12-30 12:00:00+01:00;0,000;1,000;MESURE
2025-12-30 13:00:00+01:00;0,000;1,000;MESURE
2025-12-30 14:00:00+01:00;0,000;1,000;MESURE
2025-12-30 15:00:00+01:00;0,000;1,000;MESURE
2025-12-30 16:00:00+01:00;0,000;1,000;MESURE
2025-12-30 17:00:00+01:00;6840,000;1,000;MESURE
2025-12-30 18:00:00+01:00;9243,000;1,000;MESURE
2025-12-30 19:00:00+01:00;9022,000;1,000;MESURE
2025-12-30 20:00:00+01:00;9000,000;1,000;MESURE
2025-12-30 21:00:00+01:00;9028,000;1,000;MESURE
2025-12-30 22:00:00+01:00;8924,000;1,000;MESURE
2025-12-30 23:00:00+01:00;8908,000;1,000;MESURE
2025-12-31 00:00:00+01:00;8911,000;1,000;MESURE
2025-12-31 01:00:00+01:00;8952,000;1,000;MESURE
2025-12-31 02:00:00+01:00;8911,000;1,000;MESURE
2025-12-31 03:00:00+01:00;8921,000;1,000;MESURE
2025-12-31 04:00:00+01:00;8925,000;1,000;MESURE
2025-12-31 05:00:00+01:00;8879,000;1,000;MESURE
2025-12-31 06:00:00+01:00;8868,000;1,000;MESURE
2025-12-31 07:00:00+01:00;8919,000;1,000;MESURE
2025-12-31 08:00:00+01:00;3088,000;1,000;MESURE
2025-12-31 09:00:00+01:00;0,000;1,000;MESURE
2025-12-31 10:00:00+01:00;0,000;1,000;MESURE
2025-12-31 11:00:00+01:00;0,000;1,000;MESURE
2025-12-31 12:00:00+01:00;0,000;1,000;MESURE
2025-12-31 13:00:00+01:00;0,000;1,000;MESURE
2025-12-31 14:00:00+01:00;0,000;1,000;MESURE
2025-12-31 15:00:00+01:00;0,000;1,000;MESURE
2025-12-31 16:00:00+01:00;0,000;1,000;MESURE
2025-12-31 17:00:00+01:00;6668,000;1,000;MESURE
2025-12-31 18:00:00+01:00;9227,000;1,000;MESURE
2025-12-31 19:00:00+01:00;9004,000;1,000;MESURE
2025-12-31 20:00:00+01:00;8884,000;1,000;MESURE
2025-12-31 21:00:00+01:00;8960,000;1,000;MESURE
2025-12-31 22:00:00+01:00;8948,000;1,000;MESURE
2025-12-31 23:00:00+01:00;8818,000;1,000;MESURE
