horodate_locale;puissance_W;couverture;origine
2025-01-01 00:00:00+01:00;78,000;1,000;MESURE
2025-01-01 01:00:00+01:00;77,000;1,000;MESURE
2025-01-01 02:00:00+01:00;78,000;1,000;MESURE
2025-01-01 03:00:00+01:00;78,000;1,000;MESURE
2025-01-01 04:00:00+01:00;77,000;1,000;MESURE
2025-01-01 05:00:00+01:00;78,000;1,000;MESURE
2025-01-01 06:00:00+01:00;77,000;1,000;MESURE
2025-01-01 07:00:00+01:00;77,000;1,000;MESURE
2025-01-01 08:00:00+01:00;77,000;1,000;MESURE
2025-01-01 09:00:00+01:00;77,000;1,000;MESURE
2025-01-01 10:00:00+01:00;76,000;1,000;MESURE
2025-01-01 11:00:00+01:00;77,000;1,000;MESURE
2025-01-01 12:00:00+01:00;76,000;1,000;MESURE
2025-01-01 13:00:00+01:00;78,000;1,000;MESURE
2025-01-01 14:00:00+01:00;77,000;1,000;MESURE
2025-01-01 15:00:00+01:00;77,000;1,000;MESURE
2025-01-01 16:00:00+01:00;77,000;1,000;MESURE
2025-01-01 17:00:00+01:00;77,000;1,000;MESURE
2025-01-01 18:00:00+01:00;78,000;1,000;MESURE
2025-01-01 19:00:00+01:00;77,000;1,000;MESURE
2025-01-01 20:00:00+01:00;78,000;1,000;MESURE
2025-01-01 21:00:00+01:00;77,000;1,000;MESURE
2025-01-01 22:00:00+01:00;78,000;1,000;MESURE
2025-01-01 23:00:00+01:00;77,000;1,000;MESURE
2025-01-02 00:00:00+01:00;77,000;1,000;MESURE
2025-01-02 01:00:00+01:00;77,000;1,000;MESURE
2025-01-02 02:00:00+01:00;77,000;1,000;MESURE
2025-01-02 03:00:00+01:00;77,000;1,000;MESURE
2025-01-02 04:00:00+01:00;78,000;1,000;MESURE
2025-01-02 05:00:00+01:00;76,000;1,000;MESURE
2025-01-02 06:00:00+01:00;77,000;1,000;MESURE
2025-01-02 07:00:00+01:00;77,000;1,000;MESURE
2025-01-02 08:00:00+01:00;77,000;1,000;MESURE
2025-01-02 09:00:00+01:00;77,000;1,000;MESURE
2025-01-02 10:00:00+01:00;77,000;1,000;MESURE
2025-01-02 11:00:00+01:00;77,000;1,000;MESURE
2025-01-02 12:00:00+01:00;79,000;1,000;MESURE
2025-01-02 13:00:00+01:00;78,000;1,000;MESURE
2025-01-02 14:00:00+01:00;78,000;1,000;MESURE
2025-01-02 15:00:00+01:00;78,000;1,000;MESURE
2025-01-02 16:00:00+01:00;77,000;1,000;MESURE
2025-01-02 17:00:00+01:00;78,000;1,000;MESURE
2025-01-02 18:00:00+01:00;78,000;1,000;MESURE
2025-01-02 19:00:00+01:00;77,000;1,000;MESURE
2025-01-02 20:00:00+01:00;78,000;1,000;MESURE
2025-01-02 21:00:00+01:00;77,000;1,000;MESURE
2025-01-02 22:00:00+01:00;78,000;1,000;MESURE
2025-01-02 23:00:00+01:00;77,000;1,000;MESURE
2025-01-03 00:00:00+01:00;78,000;1,000;MESURE
2025-01-03 01:00:00+01:00;77,000;1,000;MESURE
2025-01-03 02:00:00+01:00;78,000;1,000;MESURE
2025-01-03 03:00:00+01:00;77,000;1,000;MESURE
2025-01-03 04:00:00+01:00;78,000;1,000;MESURE
2025-01-03 05:00:00+01:00;77,000;1,000;MESURE
2025-01-03 06:00:00+01:00;76,000;1,000;MESURE
2025-01-03 07:00:00+01:00;77,000;1,000;MESURE
2025-01-03 08:00:00+01:00;77,000;1,000;MESURE
2025-01-03 09:00:00+01:00;77,000;1,000;MESURE
2025-01-03 10:00:00+01:00;77,000;1,000;MESURE
2025-01-03 11:00:00+01:00;78,000;1,000;MESURE
2025-01-03 12:00:00+01:00;78,000;1,000;MESURE
2025-01-03 13:00:00+01:00;78,000;1,000;MESURE
2025-01-03 14:00:00+01:00;78,000;1,000;MESURE
2025-01-03 15:00:00+01:00;78,000;1,000;MESURE
2025-01-03 16:00:00+01:00;78,000;1,000;MESURE
2025-01-03 17:00:00+01:00;78,000;1,000;MESURE
2025-01-03 18:00:00+01:00;78,000;1,000;MESURE
2025-01-03 19:00:00+01:00;79,000;1,000;MESURE
2025-01-03 20:00:00+01:00;78,000;1,000;MESURE
2025-01-03 21:00:00+01:00;78,000;1,000;MESURE
2025-01-03 22:00:00+01:00;78,000;1,000;MESURE
2025-01-03 23:00:00+01:00;78,000;1,000;MESURE
2025-01-04 00:00:00+01:00;78,000;1,000;MESURE
2025-01-04 01:00:00+01:00;78,000;1,000;MESURE
2025-01-04 02:00:00+01:00;78,000;1,000;MESURE
2025-01-04 03:00:00+01:00;79,000;1,000;MESURE
2025-01-04 04:00:00+01:00;78,000;1,000;MESURE
2025-01-04 05:00:00+01:00;77,000;1,000;MESURE
2025-01-04 06:00:00+01:00;78,000;1,000;MESURE
2025-01-04 07:00:00+01:00;77,000;1,000;MESURE
2025-01-04 08:00:00+01:00;78,000;1,000;MESURE
2025-01-04 09:00:00+01:00;77,000;1,000;MESURE
2025-01-04 10:00:00+01:00;78,000;1,000;MESURE
2025-01-04 11:00:00+01:00;79,000;1,000;MESURE
2025-01-04 12:00:00+01:00;78,000;1,000;MESURE
2025-01-04 13:00:00+01:00;79,000;1,000;MESURE
2025-01-04 14:00:00+01:00;78,000;1,000;MESURE
2025-01-04 15:00:00+01:00;78,000;1,000;MESURE
2025-01-04 16:00:00+01:00;78,000;1,000;MESURE
2025-01-04 17:00:00+01:00;78,000;1,000;MESURE
2025-01-04 18:00:00+01:00;78,000;1,000;MESURE
2025-01-04 19:00:00+01:00;79,000;1,000;MESURE
2025-01-04 20:00:00+01:00;78,000;1,000;MESURE
2025-01-04 21:00:00+01:00;77,000;1,000;MESURE
2025-01-04 22:00:00+01:00;78,000;1,000;MESURE
2025-01-04 23:00:00+01:00;78,000;1,000;MESURE
2025-01-05 00:00:00+01:00;78,000;1,000;MESURE
2025-01-05 01:00:00+01:00;77,000;1,000;MESURE
2025-01-05 02:00:00+01:00;78,000;1,000;MESURE
2025-01-05 03:00:00+01:00;77,000;1,000;MESURE
2025-01-05 04:00:00+01:00;78,000;1,000;MESURE
2025-01-05 05:00:00+01:00;77,000;1,000;MESURE
2025-01-05 06:00:00+01:00;77,000;1,000;MESURE
2025-01-05 07:00:00+01:00;77,000;1,000;MESURE
2025-01-05 08:00:00+01:00;76,000;1,000;MESURE
2025-01-05 09:00:00+01:00;77,000;1,000;MESURE
2025-01-05 10:00:00+01:00;77,000;1,000;MESURE
2025-01-05 11:00:00+01:00;76,000;1,000;MESURE
2025-01-05 12:00:00+01:00;78,000;1,000;MESURE
2025-01-05 13:00:00+01:00;77,000;1,000;MESURE
2025-01-05 14:00:00+01:00;78,000;1,000;MESURE
2025-01-05 15:00:00+01:00;77,000;1,000;MESURE
2025-01-05 16:00:00+01:00;78,000;1,000;MESURE
2025-01-05 17:00:00+01:00;77,000;1,000;MESURE
2025-01-05 18:00:00+01:00;78,000;1,000;MESURE
2025-01-05 19:00:00+01:00;78,000;1,000;MESURE
2025-01-05 20:00:00+01:00;77,000;1,000;MESURE
2025-01-05 21:00:00+01:00;78,000;1,000;MESURE
2025-01-05 22:00:00+01:00;77,000;1,000;MESURE
2025-01-05 23:00:00+01:00;77,000;1,000;MESURE
2025-01-06 00:00:00+01:00;78,000;1,000;MESURE
2025-01-06 01:00:00+01:00;77,000;1,000;MESURE
2025-01-06 02:00:00+01:00;77,000;1,000;MESURE
2025-01-06 03:00:00+01:00;78,000;1,000;MESURE
2025-01-06 04:00:00+01:00;77,000;1,000;MESURE
2025-01-06 05:00:00+01:00;77,000;1,000;MESURE
2025-01-06 06:00:00+01:00;77,000;1,000;MESURE
2025-01-06 07:00:00+01:00;77,000;1,000;MESURE
2025-01-06 08:00:00+01:00;76,000;1,000;MESURE
2025-01-06 09:00:00+01:00;77,000;1,000;MESURE
2025-01-06 10:00:00+01:00;77,000;1,000;MESURE
2025-01-06 11:00:00+01:00;78,000;1,000;MESURE
2025-01-06 12:00:00+01:00;78,000;1,000;MESURE
2025-01-06 13:00:00+01:00;78,000;1,000;MESURE
2025-01-06 14:00:00+01:00;78,000;1,000;MESURE
2025-01-06 15:00:00+01:00;77,000;1,000;MESURE
2025-01-06 16:00:00+01:00;78,000;1,000;MESURE
2025-01-06 17:00:00+01:00;77,000;1,000;MESURE
2025-01-06 18:00:00+01:00;78,000;1,000;MESURE
2025-01-06 19:00:00+01:00;78,000;1,000;MESURE
2025-01-06 20:00:00+01:00;77,000;1,000;MESURE
2025-01-06 21:00:00+01:00;78,000;1,000;MESURE
2025-01-06 22:00:00+01:00;77,000;1,000;MESURE
2025-01-06 23:00:00+01:00;78,000;1,000;MESURE
2025-01-07 00:00:00+01:00;77,000;1,000;MESURE
2025-01-07 01:00:00+01:00;77,000;1,000;MESURE
2025-01-07 02:00:00+01:00;78,000;1,000;MESURE
2025-01-07 03:00:00+01:00;77,000;1,000;MESURE
2025-01-07 04:00:00+01:00;77,000;1,000;MESURE
2025-01-07 05:00:00+01:00;77,000;1,000;MESURE
2025-01-07 06:00:00+01:00;77,000;1,000;MESURE
2025-01-07 07:00:00+01:00;77,000;1,000;MESURE
2025-01-07 08:00:00+01:00;77,000;1,000;MESURE
2025-01-07 09:00:00+01:00;77,000;1,000;MESURE
2025-01-07 10:00:00+01:00;77,000;1,000;MESURE
2025-01-07 11:00:00+01:00;77,000;1,000;MESURE
2025-01-07 12:00:00+01:00;78,000;1,000;MESURE
2025-01-07 13:00:00+01:00;78,000;1,000;MESURE
2025-01-07 14:00:00+01:00;78,000;1,000;MESURE
2025-01-07 15:00:00+01:00;78,000;1,000;MESURE
2025-01-07 16:00:00+01:00;79,000;1,000;MESURE
2025-01-07 17:00:00+01:00;78,000;1,000;MESURE
2025-01-07 18:00:00+01:00;78,000;1,000;MESURE
2025-01-07 19:00:00+01:00;78,000;1,000;MESURE
2025-01-07 20:00:00+01:00;77,000;1,000;MESURE
2025-01-07 21:00:00+01:00;78,000;1,000;MESURE
2025-01-07 22:00:00+01:00;78,000;1,000;MESURE
2025-01-07 23:00:00+01:00;77,000;1,000;MESURE
2025-01-08 00:00:00+01:00;78,000;1,000;MESURE
2025-01-08 01:00:00+01:00;77,000;1,000;MESURE
2025-01-08 02:00:00+01:00;77,000;1,000;MESURE
2025-01-08 03:00:00+01:00;78,000;1,000;MESURE
2025-01-08 04:00:00+01:00;78,000;1,000;MESURE
2025-01-08 05:00:00+01:00;76,000;1,000;MESURE
2025-01-08 06:00:00+01:00;77,000;1,000;MESURE
2025-01-08 07:00:00+01:00;77,000;1,000;MESURE
2025-01-08 08:00:00+01:00;77,000;1,000;MESURE
2025-01-08 09:00:00+01:00;78,000;1,000;MESURE
2025-01-08 10:00:00+01:00;77,000;1,000;MESURE
2025-01-08 11:00:00+01:00;77,000;1,000;MESURE
2025-01-08 12:00:00+01:00;79,000;1,000;MESURE
2025-01-08 13:00:00+01:00;79,000;1,000;MESURE
2025-01-08 14:00:00+01:00;78,000;1,000;MESURE
2025-01-08 15:00:00+01:00;79,000;1,000;MESURE
2025-01-08 16:00:00+01:00;78,000;1,000;MESURE
2025-01-08 17:00:00+01:00;79,000;1,000;MESURE
2025-01-08 18:00:00+01:00;78,000;1,000;MESURE
2025-01-08 19:00:00+01:00;78,000;1,000;MESURE
2025-01-08 20:00:00+01:00;77,000;1,000;MESURE
2025-01-08 21:00:00+01:00;78,000;1,000;MESURE
2025-01-08 22:00:00+01:00;78,000;1,000;MESURE
2025-01-08 23:00:00+01:00;77,000;1,000;MESURE
2025-01-09 00:00:00+01:00;78,000;1,000;MESURE
2025-01-09 01:00:00+01:00;78,000;1,000;MESURE
2025-01-09 02:00:00+01:00;77,000;1,000;MESURE
2025-01-09 03:00:00+01:00;78,000;1,000;MESURE
2025-01-09 04:00:00+01:00;77,000;1,000;MESURE
2025-01-09 05:00:00+01:00;77,000;1,000;MESURE
2025-01-09 06:00:00+01:00;77,000;1,000;MESURE
2025-01-09 07:00:00+01:00;77,000;1,000;MESURE
2025-01-09 08:00:00+01:00;78,000;1,000;MESURE
2025-01-09 09:00:00+01:00;77,000;1,000;MESURE
2025-01-09 10:00:00+01:00;77,000;1,000;MESURE
2025-01-09 11:00:00+01:00;78,000;1,000;MESURE
2025-01-09 12:00:00+01:00;79,000;1,000;MESURE
2025-01-09 13:00:00+01:00;79,000;1,000;MESURE
2025-01-09 14:00:00+01:00;79,000;1,000;MESURE
2025-01-09 15:00:00+01:00;79,000;1,000;MESURE
2025-01-09 16:00:00+01:00;79,000;1,000;MESURE
2025-01-09 17:00:00+01:00;79,000;1,000;MESURE
2025-01-09 18:00:00+01:00;79,000;1,000;MESURE
2025-01-09 19:00:00+01:00;78,000;1,000;MESURE
2025-01-09 20:00:00+01:00;79,000;1,000;MESURE
2025-01-09 21:00:00+01:00;78,000;1,000;MESURE
2025-01-09 22:00:00+01:00;79,000;1,000;MESURE
2025-01-09 23:00:00+01:00;78,000;1,000;MESURE
2025-01-10 00:00:00+01:00;79,000;1,000;MESURE
2025-01-10 01:00:00+01:00;78,000;1,000;MESURE
2025-01-10 02:00:00+01:00;78,000;1,000;MESURE
2025-01-10 03:00:00+01:00;79,000;1,000;MESURE
2025-01-10 04:00:00+01:00;79,000;1,000;MESURE
2025-01-10 05:00:00+01:00;78,000;1,000;MESURE
2025-01-10 06:00:00+01:00;77,000;1,000;MESURE
2025-01-10 07:00:00+01:00;78,000;1,000;MESURE
2025-01-10 08:00:00+01:00;78,000;1,000;MESURE
2025-01-10 09:00:00+01:00;79,000;1,000;MESURE
2025-01-10 10:00:00+01:00;78,000;1,000;MESURE
2025-01-10 11:00:00+01:00;79,000;1,000;MESURE
2025-01-10 12:00:00+01:00;80,000;1,000;MESURE
2025-01-10 13:00:00+01:00;80,000;1,000;MESURE
2025-01-10 14:00:00+01:00;80,000;1,000;MESURE
2025-01-10 15:00:00+01:00;79,000;1,000;MESURE
2025-01-10 16:00:00+01:00;79,000;1,000;MESURE
2025-01-10 17:00:00+01:00;79,000;1,000;MESURE
2025-01-10 18:00:00+01:00;80,000;1,000;MESURE
2025-01-10 19:00:00+01:00;79,000;1,000;MESURE
2025-01-10 20:00:00+01:00;79,000;1,000;MESURE
2025-01-10 21:00:00+01:00;78,000;1,000;MESURE
2025-01-10 22:00:00+01:00;79,000;1,000;MESURE
2025-01-10 23:00:00+01:00;78,000;1,000;MESURE
2025-01-11 00:00:00+01:00;79,000;1,000;MESURE
2025-01-11 01:00:00+01:00;78,000;1,000;MESURE
2025-01-11 02:00:00+01:00;79,000;1,000;MESURE
2025-01-11 03:00:00+01:00;79,000;1,000;MESURE
2025-01-11 04:00:00+01:00;78,000;1,000;MESURE
2025-01-11 05:00:00+01:00;78,000;1,000;MESURE
2025-01-11 06:00:00+01:00;78,000;1,000;MESURE
2025-01-11 07:00:00+01:00;78,000;1,000;MESURE
2025-01-11 08:00:00+01:00;78,000;1,000;MESURE
2025-01-11 09:00:00+01:00;79,000;1,000;MESURE
2025-01-11 10:00:00+01:00;79,000;1,000;MESURE
2025-01-11 11:00:00+01:00;79,000;1,000;MESURE
2025-01-11 12:00:00+01:00;79,000;1,000;MESURE
2025-01-11 13:00:00+01:00;79,000;1,000;MESURE
2025-01-11 14:00:00+01:00;78,000;1,000;MESURE
2025-01-11 15:00:00+01:00;79,000;1,000;MESURE
2025-01-11 16:00:00+01:00;78,000;1,000;MESURE
2025-01-11 17:00:00+01:00;79,000;1,000;MESURE
2025-01-11 18:00:00+01:00;78,000;1,000;MESURE
2025-01-11 19:00:00+01:00;79,000;1,000;MESURE
2025-01-11 20:00:00+01:00;79,000;1,000;MESURE
2025-01-11 21:00:00+01:00;78,000;1,000;MESURE
2025-01-11 22:00:00+01:00;79,000;1,000;MESURE
2025-01-11 23:00:00+01:00;78,000;1,000;MESURE
2025-01-12 00:00:00+01:00;78,000;1,000;MESURE
2025-01-12 01:00:00+01:00;79,000;1,000;MESURE
2025-01-12 02:00:00+01:00;78,000;1,000;MESURE
2025-01-12 03:00:00+01:00;79,000;1,000;MESURE
2025-01-12 04:00:00+01:00;79,000;1,000;MESURE
2025-01-12 05:00:00+01:00;77,000;1,000;MESURE
2025-01-12 06:00:00+01:00;78,000;1,000;MESURE
2025-01-12 07:00:00+01:00;78,000;1,000;MESURE
2025-01-12 08:00:00+01:00;78,000;1,000;MESURE
2025-01-12 09:00:00+01:00;78,000;1,000;MESURE
2025-01-12 10:00:00+01:00;78,000;1,000;MESURE
2025-01-12 11:00:00+01:00;78,000;1,000;MESURE
2025-01-12 12:00:00+01:00;78,000;1,000;MESURE
2025-01-12 13:00:00+01:00;78,000;1,000;MESURE
2025-01-12 14:00:00+01:00;77,000;1,000;MESURE
2025-01-12 15:00:00+01:00;79,000;1,000;MESURE
2025-01-12 16:00:00+01:00;78,000;1,000;MESURE
2025-01-12 17:00:00+01:00;78,000;1,000;MESURE
2025-01-12 18:00:00+01:00;78,000;1,000;MESURE
2025-01-12 19:00:00+01:00;78,000;1,000;MESURE
2025-01-12 20:00:00+01:00;78,000;1,000;MESURE
2025-01-12 21:00:00+01:00;78,000;1,000;MESURE
2025-01-12 22:00:00+01:00;78,000;1,000;MESURE
2025-01-12 23:00:00+01:00;78,000;1,000;MESURE
2025-01-13 00:00:00+01:00;77,000;1,000;MESURE
2025-01-13 01:00:00+01:00;78,000;1,000;MESURE
2025-01-13 02:00:00+01:00;78,000;1,000;MESURE
2025-01-13 03:00:00+01:00;78,000;1,000;MESURE
2025-01-13 04:00:00+01:00;77,000;1,000;MESURE
2025-01-13 05:00:00+01:00;78,000;1,000;MESURE
2025-01-13 06:00:00+01:00;77,000;1,000;MESURE
2025-01-13 07:00:00+01:00;77,000;1,000;MESURE
2025-01-13 08:00:00+01:00;77,000;1,000;MESURE
2025-01-13 09:00:00+01:00;78,000;1,000;MESURE
2025-01-13 10:00:00+01:00;77,000;1,000;MESURE
2025-01-13 11:00:00+01:00;78,000;1,000;MESURE
2025-01-13 12:00:00+01:00;78,000;1,000;MESURE
2025-01-13 13:00:00+01:00;78,000;1,000;MESURE
2025-01-13 14:00:00+01:00;78,000;1,000;MESURE
2025-01-13 15:00:00+01:00;78,000;1,000;MESURE
2025-01-13 16:00:00+01:00;78,000;1,000;MESURE
2025-01-13 17:00:00+01:00;78,000;1,000;MESURE
2025-01-13 18:00:00+01:00;78,000;1,000;MESURE
2025-01-13 19:00:00+01:00;78,000;1,000;MESURE
2025-01-13 20:00:00+01:00;78,000;1,000;MESURE
2025-01-13 21:00:00+01:00;77,000;1,000;MESURE
2025-01-13 22:00:00+01:00;78,000;1,000;MESURE
2025-01-13 23:00:00+01:00;77,000;1,000;MESURE
2025-01-14 00:00:00+01:00;78,000;1,000;MESURE
2025-01-14 01:00:00+01:00;77,000;1,000;MESURE
2025-01-14 02:00:00+01:00;78,000;1,000;MESURE
2025-01-14 03:00:00+01:00;78,000;1,000;MESURE
2025-01-14 04:00:00+01:00;78,000;1,000;MESURE
2025-01-14 05:00:00+01:00;77,000;1,000;MESURE
2025-01-14 06:00:00+01:00;77,000;1,000;MESURE
2025-01-14 07:00:00+01:00;77,000;1,000;MESURE
2025-01-14 08:00:00+01:00;77,000;1,000;MESURE
2025-01-14 09:00:00+01:00;77,000;1,000;MESURE
2025-01-14 10:00:00+01:00;77,000;1,000;MESURE
2025-01-14 11:00:00+01:00;78,000;1,000;MESURE
2025-01-14 12:00:00+01:00;79,000;1,000;MESURE
2025-01-14 13:00:00+01:00;79,000;1,000;MESURE
2025-01-14 14:00:00+01:00;78,000;1,000;MESURE
2025-01-14 15:00:00+01:00;79,000;1,000;MESURE
2025-01-14 16:00:00+01:00;78,000;1,000;MESURE
2025-01-14 17:00:00+01:00;79,000;1,000;MESURE
2025-01-14 18:00:00+01:00;79,000;1,000;MESURE
2025-01-14 19:00:00+01:00;79,000;1,000;MESURE
2025-01-14 20:00:00+01:00;79,000;1,000;MESURE
2025-01-14 21:00:00+01:00;79,000;1,000;MESURE
2025-01-14 22:00:00+01:00;79,000;1,000;MESURE
2025-01-14 23:00:00+01:00;79,000;1,000;MESURE
2025-01-15 00:00:00+01:00;78,000;1,000;MESURE
2025-01-15 01:00:00+01:00;79,000;1,000;MESURE
2025-01-15 02:00:00+01:00;79,000;1,000;MESURE
2025-01-15 03:00:00+01:00;78,000;1,000;MESURE
2025-01-15 04:00:00+01:00;79,000;1,000;MESURE
2025-01-15 05:00:00+01:00;78,000;1,000;MESURE
2025-01-15 06:00:00+01:00;78,000;1,000;MESURE
2025-01-15 07:00:00+01:00;79,000;1,000;MESURE
2025-01-15 08:00:00+01:00;78,000;1,000;MESURE
2025-01-15 09:00:00+01:00;78,000;1,000;MESURE
2025-01-15 10:00:00+01:00;79,000;1,000;MESURE
2025-01-15 11:00:00+01:00;78,000;1,000;MESURE
2025-01-15 12:00:00+01:00;80,000;1,000;MESURE
2025-01-15 13:00:00+01:00;79,000;1,000;MESURE
2025-01-15 14:00:00+01:00;80,000;1,000;MESURE
2025-01-15 15:00:00+01:00;80,000;1,000;MESURE
2025-01-15 16:00:00+01:00;79,000;1,000;MESURE
2025-01-15 17:00:00+01:00;80,000;1,000;MESURE
2025-01-15 18:00:00+01:00;79,000;1,000;MESURE
2025-01-15 19:00:00+01:00;79,000;1,000;MESURE
2025-01-15 20:00:00+01:00;79,000;1,000;MESURE
2025-01-15 21:00:00+01:00;79,000;1,000;MESURE
2025-01-15 22:00:00+01:00;79,000;1,000;MESURE
2025-01-15 23:00:00+01:00;79,000;1,000;MESURE
2025-01-16 00:00:00+01:00;79,000;1,000;MESURE
2025-01-16 01:00:00+01:00;79,000;1,000;MESURE
2025-01-16 02:00:00+01:00;79,000;1,000;MESURE
2025-01-16 03:00:00+01:00;79,000;1,000;MESURE
2025-01-16 04:00:00+01:00;79,000;1,000;MESURE
2025-01-16 05:00:00+01:00;79,000;1,000;MESURE
2025-01-16 06:00:00+01:00;78,000;1,000;MESURE
2025-01-16 07:00:00+01:00;78,000;1,000;MESURE
2025-01-16 08:00:00+01:00;79,000;1,000;MESURE
2025-01-16 09:00:00+01:00;79,000;1,000;MESURE
2025-01-16 10:00:00+01:00;79,000;1,000;MESURE
2025-01-16 11:00:00+01:00;79,000;1,000;MESURE
2025-01-16 12:00:00+01:00;81,000;1,000;MESURE
2025-01-16 13:00:00+01:00;81,000;1,000;MESURE
2025-01-16 14:00:00+01:00;81,000;1,000;MESURE
2025-01-16 15:00:00+01:00;80,000;1,000;MESURE
2025-01-16 16:00:00+01:00;81,000;1,000;MESURE
2025-01-16 17:00:00+01:00;80,000;1,000;MESURE
2025-01-16 18:00:00+01:00;79,000;1,000;MESURE
2025-01-16 19:00:00+01:00;80,000;1,000;MESURE
2025-01-16 20:00:00+01:00;79,000;1,000;MESURE
2025-01-16 21:00:00+01:00;80,000;1,000;MESURE
2025-01-16 22:00:00+01:00;79,000;1,000;MESURE
2025-01-16 23:00:00+01:00;79,000;1,000;MESURE
2025-01-17 00:00:00+01:00;79,000;1,000;MESURE
2025-01-17 01:00:00+01:00;80,000;1,000;MESURE
2025-01-17 02:00:00+01:00;79,000;1,000;MESURE
2025-01-17 03:00:00+01:00;79,000;1,000;MESURE
2025-01-17 04:00:00+01:00;80,000;1,000;MESURE
2025-01-17 05:00:00+01:00;78,000;1,000;MESURE
2025-01-17 06:00:00+01:00;79,000;1,000;MESURE
2025-01-17 07:00:00+01:00;79,000;1,000;MESURE
2025-01-17 08:00:00+01:00;79,000;1,000;MESURE
2025-01-17 09:00:00+01:00;79,000;1,000;MESURE
2025-01-17 10:00:00+01:00;79,000;1,000;MESURE
2025-01-17 11:00:00+01:00;80,000;1,000;MESURE
2025-01-17 12:00:00+01:00;80,000;1,000;MESURE
2025-01-17 13:00:00+01:00;80,000;1,000;MESURE
2025-01-17 14:00:00+01:00;79,000;1,000;MESURE
2025-01-17 15:00:00+01:00;79,000;1,000;MESURE
2025-01-17 16:00:00+01:00;79,000;1,000;MESURE
2025-01-17 17:00:00+01:00;80,000;1,000;MESURE
2025-01-17 18:00:00+01:00;79,000;1,000;MESURE
2025-01-17 19:00:00+01:00;79,000;1,000;MESURE
2025-01-17 20:00:00+01:00;79,000;1,000;MESURE
2025-01-17 21:00:00+01:00;79,000;1,000;MESURE
2025-01-17 22:00:00+01:00;78,000;1,000;MESURE
2025-01-17 23:00:00+01:00;79,000;1,000;MESURE
2025-01-18 00:00:00+01:00;79,000;1,000;MESURE
2025-01-18 01:00:00+01:00;78,000;1,000;MESURE
2025-01-18 02:00:00+01:00;79,000;1,000;MESURE
2025-01-18 03:00:00+01:00;79,000;1,000;MESURE
2025-01-18 04:00:00+01:00;79,000;1,000;MESURE
2025-01-18 05:00:00+01:00;78,000;1,000;MESURE
2025-01-18 06:00:00+01:00;78,000;1,000;MESURE
2025-01-18 07:00:00+01:00;78,000;1,000;MESURE
2025-01-18 08:00:00+01:00;78,000;1,000;MESURE
2025-01-18 09:00:00+01:00;78,000;1,000;MESURE
2025-01-18 10:00:00+01:00;80,000;1,000;MESURE
2025-01-18 11:00:00+01:00;80,000;1,000;MESURE
2025-01-18 12:00:00+01:00;79,000;1,000;MESURE
2025-01-18 13:00:00+01:00;80,000;1,000;MESURE
2025-01-18 14:00:00+01:00;79,000;1,000;MESURE
2025-01-18 15:00:00+01:00;79,000;1,000;MESURE
2025-01-18 16:00:00+01:00;79,000;1,000;MESURE
2025-01-18 17:00:00+01:00;79,000;1,000;MESURE
2025-01-18 18:00:00+01:00;80,000;1,000;MESURE
2025-01-18 19:00:00+01:00;79,000;1,000;MESURE
2025-01-18 20:00:00+01:00;79,000;1,000;MESURE
2025-01-18 21:00:00+01:00;80,000;1,000;MESURE
2025-01-18 22:00:00+01:00;79,000;1,000;MESURE
2025-01-18 23:00:00+01:00;79,000;1,000;MESURE
2025-01-19 00:00:00+01:00;79,000;1,000;MESURE
2025-01-19 01:00:00+01:00;79,000;1,000;MESURE
2025-01-19 02:00:00+01:00;79,000;1,000;MESURE
2025-01-19 03:00:00+01:00;79,000;1,000;MESURE
2025-01-19 04:00:00+01:00;78,000;1,000;MESURE
2025-01-19 05:00:00+01:00;79,000;1,000;MESURE
2025-01-19 06:00:00+01:00;78,000;1,000;MESURE
2025-01-19 07:00:00+01:00;79,000;1,000;MESURE
2025-01-19 08:00:00+01:00;78,000;1,000;MESURE
2025-01-19 09:00:00+01:00;78,000;1,000;MESURE
2025-01-19 10:00:00+01:00;78,000;1,000;MESURE
2025-01-19 11:00:00+01:00;78,000;1,000;MESURE
2025-01-19 12:00:00+01:00;78,000;1,000;MESURE
2025-01-19 13:00:00+01:00;78,000;1,000;MESURE
2025-01-19 14:00:00+01:00;79,000;1,000;MESURE
2025-01-19 15:00:00+01:00;79,000;1,000;MESURE
2025-01-19 16:00:00+01:00;78,000;1,000;MESURE
2025-01-19 17:00:00+01:00;79,000;1,000;MESURE
2025-01-19 18:00:00+01:00;78,000;1,000;MESURE
2025-01-19 19:00:00+01:00;79,000;1,000;MESURE
2025-01-19 20:00:00+01:00;79,000;1,000;MESURE
2025-01-19 21:00:00+01:00;79,000;1,000;MESURE
2025-01-19 22:00:00+01:00;78,000;1,000;MESURE
2025-01-19 23:00:00+01:00;79,000;1,000;MESURE
2025-01-20 00:00:00+01:00;78,000;1,000;MESURE
2025-01-20 01:00:00+01:00;79,000;1,000;MESURE
2025-01-20 02:00:00+01:00;78,000;1,000;MESURE
2025-01-20 03:00:00+01:00;79,000;1,000;MESURE
2025-01-20 04:00:00+01:00;78,000;1,000;MESURE
2025-01-20 05:00:00+01:00;78,000;1,000;MESURE
2025-01-20 06:00:00+01:00;78,000;1,000;MESURE
2025-01-20 07:00:00+01:00;78,000;1,000;MESURE
2025-01-20 08:00:00+01:00;78,000;1,000;MESURE
2025-01-20 09:00:00+01:00;78,000;1,000;MESURE
2025-01-20 10:00:00+01:00;79,000;1,000;MESURE
2025-01-20 11:00:00+01:00;78,000;1,000;MESURE
2025-01-20 12:00:00+01:00;80,000;1,000;MESURE
2025-01-20 13:00:00+01:00;80,000;1,000;MESURE
2025-01-20 14:00:00+01:00;80,000;1,000;MESURE
2025-01-20 15:00:00+01:00;80,000;1,000;MESURE
2025-01-20 16:00:00+01:00;79,000;1,000;MESURE
2025-01-20 17:00:00+01:00;80,000;1,000;MESURE
2025-01-20 18:00:00+01:00;79,000;1,000;MESURE
2025-01-20 19:00:00+01:00;79,000;1,000;MESURE
2025-01-20 20:00:00+01:00;79,000;1,000;MESURE
2025-01-20 21:00:00+01:00;79,000;1,000;MESURE
2025-01-20 22:00:00+01:00;78,000;1,000;MESURE
2025-01-20 23:00:00+01:00;79,000;1,000;MESURE
2025-01-21 00:00:00+01:00;78,000;1,000;MESURE
2025-01-21 01:00:00+01:00;79,000;1,000;MESURE
2025-01-21 02:00:00+01:00;79,000;1,000;MESURE
2025-01-21 03:00:00+01:00;78,000;1,000;MESURE
2025-01-21 04:00:00+01:00;79,000;1,000;MESURE
2025-01-21 05:00:00+01:00;78,000;1,000;MESURE
2025-01-21 06:00:00+01:00;78,000;1,000;MESURE
2025-01-21 07:00:00+01:00;78,000;1,000;MESURE
2025-01-21 08:00:00+01:00;78,000;1,000;MESURE
2025-01-21 09:00:00+01:00;78,000;1,000;MESURE
2025-01-21 10:00:00+01:00;79,000;1,000;MESURE
2025-01-21 11:00:00+01:00;79,000;1,000;MESURE
2025-01-21 12:00:00+01:00;80,000;1,000;MESURE
2025-01-21 13:00:00+01:00;80,000;1,000;MESURE
2025-01-21 14:00:00+01:00;80,000;1,000;MESURE
2025-01-21 15:00:00+01:00;80,000;1,000;MESURE
2025-01-21 16:00:00+01:00;80,000;1,000;MESURE
2025-01-21 17:00:00+01:00;79,000;1,000;MESURE
2025-01-21 18:00:00+01:00;79,000;1,000;MESURE
2025-01-21 19:00:00+01:00;79,000;1,000;MESURE
2025-01-21 20:00:00+01:00;79,000;1,000;MESURE
2025-01-21 21:00:00+01:00;78,000;1,000;MESURE
2025-01-21 22:00:00+01:00;79,000;1,000;MESURE
2025-01-21 23:00:00+01:00;78,000;1,000;MESURE
2025-01-22 00:00:00+01:00;78,000;1,000;MESURE
2025-01-22 01:00:00+01:00;79,000;1,000;MESURE
2025-01-22 02:00:00+01:00;78,000;1,000;MESURE
2025-01-22 03:00:00+01:00;78,000;1,000;MESURE
2025-01-22 04:00:00+01:00;79,000;1,000;MESURE
2025-01-22 05:00:00+01:00;77,000;1,000;MESURE
2025-01-22 06:00:00+01:00;78,000;1,000;MESURE
2025-01-22 07:00:00+01:00;78,000;1,000;MESURE
2025-01-22 08:00:00+01:00;78,000;1,000;MESURE
2025-01-22 09:00:00+01:00;78,000;1,000;MESURE
2025-01-22 10:00:00+01:00;79,000;1,000;MESURE
2025-01-22 11:00:00+01:00;78,000;1,000;MESURE
2025-01-22 12:00:00+01:00;80,000;1,000;MESURE
2025-01-22 13:00:00+01:00;80,000;1,000;MESURE
2025-01-22 14:00:00+01:00;80,000;1,000;MESURE
2025-01-22 15:00:00+01:00;79,000;1,000;MESURE
2025-01-22 16:00:00+01:00;80,000;1,000;MESURE
2025-01-22 17:00:00+01:00;80,000;1,000;MESURE
2025-01-22 18:00:00+01:00;79,000;1,000;MESURE
2025-01-22 19:00:00+01:00;79,000;1,000;MESURE
2025-01-22 20:00:00+01:00;79,000;1,000;MESURE
2025-01-22 21:00:00+01:00;79,000;1,000;MESURE
2025-01-22 22:00:00+01:00;79,000;1,000;MESURE
2025-01-22 23:00:00+01:00;78,000;1,000;MESURE
2025-01-23 00:00:00+01:00;79,000;1,000;MESURE
2025-01-23 01:00:00+01:00;79,000;1,000;MESURE
2025-01-23 02:00:00+01:00;78,000;1,000;MESURE
2025-01-23 03:00:00+01:00;79,000;1,000;MESURE
2025-01-23 04:00:00+01:00;79,000;1,000;MESURE
2025-01-23 05:00:00+01:00;78,000;1,000;MESURE
2025-01-23 06:00:00+01:00;78,000;1,000;MESURE
2025-01-23 07:00:00+01:00;78,000;1,000;MESURE
2025-01-23 08:00:00+01:00;78,000;1,000;MESURE
2025-01-23 09:00:00+01:00;77,000;1,000;MESURE
2025-01-23 10:00:00+01:00;79,000;1,000;MESURE
2025-01-23 11:00:00+01:00;78,000;1,000;MESURE
2025-01-23 12:00:00+01:00;80,000;1,000;MESURE
2025-01-23 13:00:00+01:00;80,000;1,000;MESURE
2025-01-23 14:00:00+01:00;80,000;1,000;MESURE
2025-01-23 15:00:00+01:00;80,000;1,000;MESURE
2025-01-23 16:00:00+01:00;79,000;1,000;MESURE
2025-01-23 17:00:00+01:00;79,000;1,000;MESURE
2025-01-23 18:00:00+01:00;79,000;1,000;MESURE
2025-01-23 19:00:00+01:00;79,000;1,000;MESURE
2025-01-23 20:00:00+01:00;79,000;1,000;MESURE
2025-01-23 21:00:00+01:00;79,000;1,000;MESURE
2025-01-23 22:00:00+01:00;79,000;1,000;MESURE
2025-01-23 23:00:00+01:00;79,000;1,000;MESURE
2025-01-24 00:00:00+01:00;79,000;1,000;MESURE
2025-01-24 01:00:00+01:00;79,000;1,000;MESURE
2025-01-24 02:00:00+01:00;79,000;1,000;MESURE
2025-01-24 03:00:00+01:00;79,000;1,000;MESURE
2025-01-24 04:00:00+01:00;79,000;1,000;MESURE
2025-01-24 05:00:00+01:00;79,000;1,000;MESURE
2025-01-24 06:00:00+01:00;78,000;1,000;MESURE
2025-01-24 07:00:00+01:00;78,000;1,000;MESURE
2025-01-24 08:00:00+01:00;79,000;1,000;MESURE
2025-01-24 09:00:00+01:00;78,000;1,000;MESURE
2025-01-24 10:00:00+01:00;79,000;1,000;MESURE
2025-01-24 11:00:00+01:00;78,000;1,000;MESURE
2025-01-24 12:00:00+01:00;80,000;1,000;MESURE
2025-01-24 13:00:00+01:00;79,000;1,000;MESURE
2025-01-24 14:00:00+01:00;80,000;1,000;MESURE
2025-01-24 15:00:00+01:00;79,000;1,000;MESURE
2025-01-24 16:00:00+01:00;79,000;1,000;MESURE
2025-01-24 17:00:00+01:00;79,000;1,000;MESURE
2025-01-24 18:00:00+01:00;78,000;1,000;MESURE
2025-01-24 19:00:00+01:00;79,000;1,000;MESURE
2025-01-24 20:00:00+01:00;79,000;1,000;MESURE
2025-01-24 21:00:00+01:00;78,000;1,000;MESURE
2025-01-24 22:00:00+01:00;78,000;1,000;MESURE
2025-01-24 23:00:00+01:00;78,000;1,000;MESURE
2025-01-25 00:00:00+01:00;78,000;1,000;MESURE
2025-01-25 01:00:00+01:00;79,000;1,000;MESURE
2025-01-25 02:00:00+01:00;78,000;1,000;MESURE
2025-01-25 03:00:00+01:00;78,000;1,000;MESURE
2025-01-25 04:00:00+01:00;78,000;1,000;MESURE
2025-01-25 05:00:00+01:00;78,000;1,000;MESURE
2025-01-25 06:00:00+01:00;77,000;1,000;MESURE
2025-01-25 07:00:00+01:00;78,000;1,000;MESURE
2025-01-25 08:00:00+01:00;78,000;1,000;MESURE
2025-01-25 09:00:00+01:00;78,000;1,000;MESURE
2025-01-25 10:00:00+01:00;80,000;1,000;MESURE
2025-01-25 11:00:00+01:00;80,000;1,000;MESURE
2025-01-25 12:00:00+01:00;79,000;1,000;MESURE
2025-01-25 13:00:00+01:00;80,000;1,000;MESURE
2025-01-25 14:00:00+01:00;79,000;1,000;MESURE
2025-01-25 15:00:00+01:00;80,000;1,000;MESURE
2025-01-25 16:00:00+01:00;79,000;1,000;MESURE
2025-01-25 17:00:00+01:00;79,000;1,000;MESURE
2025-01-25 18:00:00+01:00;79,000;1,000;MESURE
2025-01-25 19:00:00+01:00;79,000;1,000;MESURE
2025-01-25 20:00:00+01:00;78,000;1,000;MESURE
2025-01-25 21:00:00+01:00;79,000;1,000;MESURE
2025-01-25 22:00:00+01:00;78,000;1,000;MESURE
2025-01-25 23:00:00+01:00;78,000;1,000;MESURE
2025-01-26 00:00:00+01:00;78,000;1,000;MESURE
2025-01-26 01:00:00+01:00;79,000;1,000;MESURE
2025-01-26 02:00:00+01:00;78,000;1,000;MESURE
2025-01-26 03:00:00+01:00;78,000;1,000;MESURE
2025-01-26 04:00:00+01:00;79,000;1,000;MESURE
2025-01-26 05:00:00+01:00;77,000;1,000;MESURE
2025-01-26 06:00:00+01:00;78,000;1,000;MESURE
2025-01-26 07:00:00+01:00;77,000;1,000;MESURE
2025-01-26 08:00:00+01:00;78,000;1,000;MESURE
2025-01-26 09:00:00+01:00;78,000;1,000;MESURE
2025-01-26 10:00:00+01:00;77,000;1,000;MESURE
2025-01-26 11:00:00+01:00;78,000;1,000;MESURE
2025-01-26 12:00:00+01:00;77,000;1,000;MESURE
2025-01-26 13:00:00+01:00;78,000;1,000;MESURE
2025-01-26 14:00:00+01:00;78,000;1,000;MESURE
2025-01-26 15:00:00+01:00;78,000;1,000;MESURE
2025-01-26 16:00:00+01:00;77,000;1,000;MESURE
2025-01-26 17:00:00+01:00;78,000;1,000;MESURE
2025-01-26 18:00:00+01:00;78,000;1,000;MESURE
2025-01-26 19:00:00+01:00;77,000;1,000;MESURE
2025-01-26 20:00:00+01:00;78,000;1,000;MESURE
2025-01-26 21:00:00+01:00;78,000;1,000;MESURE
2025-01-26 22:00:00+01:00;77,000;1,000;MESURE
2025-01-26 23:00:00+01:00;78,000;1,000;MESURE
2025-01-27 00:00:00+01:00;77,000;1,000;MESURE
2025-01-27 01:00:00+01:00;78,000;1,000;MESURE
2025-01-27 02:00:00+01:00;77,000;1,000;MESURE
2025-01-27 03:00:00+01:00;78,000;1,000;MESURE
2025-01-27 04:00:00+01:00;77,000;1,000;MESURE
2025-01-27 05:00:00+01:00;77,000;1,000;MESURE
2025-01-27 06:00:00+01:00;77,000;1,000;MESURE
2025-01-27 07:00:00+01:00;77,000;1,000;MESURE
2025-01-27 08:00:00+01:00;77,000;1,000;MESURE
2025-01-27 09:00:00+01:00;77,000;1,000;MESURE
2025-01-27 10:00:00+01:00;78,000;1,000;MESURE
2025-01-27 11:00:00+01:00;78,000;1,000;MESURE
2025-01-27 12:00:00+01:00;78,000;1,000;MESURE
2025-01-27 13:00:00+01:00;78,000;1,000;MESURE
2025-01-27 14:00:00+01:00;79,000;1,000;MESURE
2025-01-27 15:00:00+01:00;78,000;1,000;MESURE
2025-01-27 16:00:00+01:00;78,000;1,000;MESURE
2025-01-27 17:00:00+01:00;78,000;1,000;MESURE
2025-01-27 18:00:00+01:00;79,000;1,000;MESURE
2025-01-27 19:00:00+01:00;78,000;1,000;MESURE
2025-01-27 20:00:00+01:00;78,000;1,000;MESURE
2025-01-27 21:00:00+01:00;78,000;1,000;MESURE
2025-01-27 22:00:00+01:00;78,000;1,000;MESURE
2025-01-27 23:00:00+01:00;78,000;1,000;MESURE
2025-01-28 00:00:00+01:00;78,000;1,000;MESURE
2025-01-28 01:00:00+01:00;78,000;1,000;MESURE
2025-01-28 02:00:00+01:00;78,000;1,000;MESURE
2025-01-28 03:00:00+01:00;77,000;1,000;MESURE
2025-01-28 04:00:00+01:00;78,000;1,000;MESURE
2025-01-28 05:00:00+01:00;78,000;1,000;MESURE
2025-01-28 06:00:00+01:00;77,000;1,000;MESURE
2025-01-28 07:00:00+01:00;78,000;1,000;MESURE
2025-01-28 08:00:00+01:00;78,000;1,000;MESURE
2025-01-28 09:00:00+01:00;78,000;1,000;MESURE
2025-01-28 10:00:00+01:00;77,000;1,000;MESURE
2025-01-28 11:00:00+01:00;79,000;1,000;MESURE
2025-01-28 12:00:00+01:00;80,000;1,000;MESURE
2025-01-28 13:00:00+01:00;80,000;1,000;MESURE
2025-01-28 14:00:00+01:00;80,000;1,000;MESURE
2025-01-28 15:00:00+01:00;79,000;1,000;MESURE
2025-01-28 16:00:00+01:00;80,000;1,000;MESURE
2025-01-28 17:00:00+01:00;79,000;1,000;MESURE
2025-01-28 18:00:00+01:00;80,000;1,000;MESURE
2025-01-28 19:00:00+01:00;79,000;1,000;MESURE
2025-01-28 20:00:00+01:00;79,000;1,000;MESURE
2025-01-28 21:00:00+01:00;79,000;1,000;MESURE
2025-01-28 22:00:00+01:00;79,000;1,000;MESURE
2025-01-28 23:00:00+01:00;79,000;1,000;MESURE
2025-01-29 00:00:00+01:00;78,000;1,000;MESURE
2025-01-29 01:00:00+01:00;79,000;1,000;MESURE
2025-01-29 02:00:00+01:00;79,000;1,000;MESURE
2025-01-29 03:00:00+01:00;79,000;1,000;MESURE
2025-01-29 04:00:00+01:00;79,000;1,000;MESURE
2025-01-29 05:00:00+01:00;78,000;1,000;MESURE
2025-01-29 06:00:00+01:00;78,000;1,000;MESURE
2025-01-29 07:00:00+01:00;78,000;1,000;MESURE
2025-01-29 08:00:00+01:00;79,000;1,000;MESURE
2025-01-29 09:00:00+01:00;78,000;1,000;MESURE
2025-01-29 10:00:00+01:00;79,000;1,000;MESURE
2025-01-29 11:00:00+01:00;79,000;1,000;MESURE
2025-01-29 12:00:00+01:00;80,000;1,000;MESURE
2025-01-29 13:00:00+01:00;80,000;1,000;MESURE
2025-01-29 14:00:00+01:00;80,000;1,000;MESURE
2025-01-29 15:00:00+01:00;80,000;1,000;MESURE
2025-01-29 16:00:00+01:00;80,000;1,000;MESURE
2025-01-29 17:00:00+01:00;79,000;1,000;MESURE
2025-01-29 18:00:00+01:00;79,000;1,000;MESURE
2025-01-29 19:00:00+01:00;79,000;1,000;MESURE
2025-01-29 20:00:00+01:00;79,000;1,000;MESURE
2025-01-29 21:00:00+01:00;79,000;1,000;MESURE
2025-01-29 22:00:00+01:00;79,000;1,000;MESURE
2025-01-29 23:00:00+01:00;79,000;1,000;MESURE
2025-01-30 00:00:00+01:00;79,000;1,000;MESURE
2025-01-30 01:00:00+01:00;78,000;1,000;MESURE
2025-01-30 02:00:00+01:00;79,000;1,000;MESURE
2025-01-30 03:00:00+01:00;79,000;1,000;MESURE
2025-01-30 04:00:00+01:00;79,000;1,000;MESURE
2025-01-30 05:00:00+01:00;78,000;1,000;MESURE
2025-01-30 06:00:00+01:00;78,000;1,000;MESURE
2025-01-30 07:00:00+01:00;78,000;1,000;MESURE
2025-01-30 08:00:00+01:00;78,000;1,000;MESURE
2025-01-30 09:00:00+01:00;79,000;1,000;MESURE
2025-01-30 10:00:00+01:00;78,000;1,000;MESURE
2025-01-30 11:00:00+01:00;79,000;1,000;MESURE
2025-01-30 12:00:00+01:00;80,000;1,000;MESURE
2025-01-30 13:00:00+01:00;80,000;1,000;MESURE
2025-01-30 14:00:00+01:00;80,000;1,000;MESURE
2025-01-30 15:00:00+01:00;79,000;1,000;MESURE
2025-01-30 16:00:00+01:00;79,000;1,000;MESURE
2025-01-30 17:00:00+01:00;79,000;1,000;MESURE
2025-01-30 18:00:00+01:00;79,000;1,000;MESURE
2025-01-30 19:00:00+01:00;79,000;1,000;MESURE
2025-01-30 20:00:00+01:00;79,000;1,000;MESURE
2025-01-30 21:00:00+01:00;78,000;1,000;MESURE
2025-01-30 22:00:00+01:00;79,000;1,000;MESURE
2025-01-30 23:00:00+01:00;79,000;1,000;MESURE
2025-01-31 00:00:00+01:00;78,000;1,000;MESURE
2025-01-31 01:00:00+01:00;79,000;1,000;MESURE
2025-01-31 02:00:00+01:00;79,000;1,000;MESURE
2025-01-31 03:00:00+01:00;79,000;1,000;MESURE
2025-01-31 04:00:00+01:00;78,000;1,000;MESURE
2025-01-31 05:00:00+01:00;79,000;1,000;MESURE
2025-01-31 06:00:00+01:00;79,000;1,000;MESURE
2025-01-31 07:00:00+01:00;78,000;1,000;MESURE
2025-01-31 08:00:00+01:00;79,000;1,000;MESURE
2025-01-31 09:00:00+01:00;79,000;1,000;MESURE
2025-01-31 10:00:00+01:00;78,000;1,000;MESURE
2025-01-31 11:00:00+01:00;78,000;1,000;MESURE
2025-01-31 12:00:00+01:00;80,000;1,000;MESURE
2025-01-31 13:00:00+01:00;80,000;1,000;MESURE
2025-01-31 14:00:00+01:00;80,000;1,000;MESURE
2025-01-31 15:00:00+01:00;79,000;1,000;MESURE
2025-01-31 16:00:00+01:00;79,000;1,000;MESURE
2025-01-31 17:00:00+01:00;79,000;1,000;MESURE
2025-01-31 18:00:00+01:00;79,000;1,000;MESURE
2025-01-31 19:00:00+01:00;79,000;1,000;MESURE
2025-01-31 20:00:00+01:00;79,000;1,000;MESURE
2025-01-31 21:00:00+01:00;78,000;1,000;MESURE
2025-01-31 22:00:00+01:00;79,000;1,000;MESURE
2025-01-31 23:00:00+01:00;78,000;1,000;MESURE
2025-02-01 00:00:00+01:00;78,000;1,000;MESURE
2025-02-01 01:00:00+01:00;78,000;1,000;MESURE
2025-02-01 02:00:00+01:00;78,000;1,000;MESURE
2025-02-01 03:00:00+01:00;79,000;1,000;MESURE
2025-02-01 04:00:00+01:00;78,000;1,000;MESURE
2025-02-01 05:00:00+01:00;78,000;1,000;MESURE
2025-02-01 06:00:00+01:00;77,000;1,000;MESURE
2025-02-01 07:00:00+01:00;78,000;1,000;MESURE
2025-02-01 08:00:00+01:00;78,000;1,000;MESURE
2025-02-01 09:00:00+01:00;78,000;1,000;MESURE
2025-02-01 10:00:00+01:00;78,000;1,000;MESURE
2025-02-01 11:00:00+01:00;80,000;1,000;MESURE
2025-02-01 12:00:00+01:00;79,000;1,000;MESURE
2025-02-01 13:00:00+01:00;79,000;1,000;MESURE
2025-02-01 14:00:00+01:00;79,000;1,000;MESURE
2025-02-01 15:00:00+01:00;78,000;1,000;MESURE
2025-02-01 16:00:00+01:00;79,000;1,000;MESURE
2025-02-01 17:00:00+01:00;79,000;1,000;MESURE
2025-02-01 18:00:00+01:00;78,000;1,000;MESURE
2025-02-01 19:00:00+01:00;79,000;1,000;MESURE
2025-02-01 20:00:00+01:00;78,000;1,000;MESURE
2025-02-01 21:00:00+01:00;79,000;1,000;MESURE
2025-02-01 22:00:00+01:00;78,000;1,000;MESURE
2025-02-01 23:00:00+01:00;79,000;1,000;MESURE
2025-02-02 00:00:00+01:00;78,000;1,000;MESURE
2025-02-02 01:00:00+01:00;78,000;1,000;MESURE
2025-02-02 02:00:00+01:00;79,000;1,000;MESURE
2025-02-02 03:00:00+01:00;78,000;1,000;MESURE
2025-02-02 04:00:00+01:00;79,000;1,000;MESURE
2025-02-02 05:00:00+01:00;77,000;1,000;MESURE
2025-02-02 06:00:00+01:00;78,000;1,000;MESURE
2025-02-02 07:00:00+01:00;78,000;1,000;MESURE
2025-02-02 08:00:00+01:00;77,000;1,000;MESURE
2025-02-02 09:00:00+01:00;78,000;1,000;MESURE
2025-02-02 10:00:00+01:00;77,000;1,000;MESURE
2025-02-02 11:00:00+01:00;78,000;1,000;MESURE
2025-02-02 12:00:00+01:00;78,000;1,000;MESURE
2025-02-02 13:00:00+01:00;78,000;1,000;MESURE
2025-02-02 14:00:00+01:00;78,000;1,000;MESURE
2025-02-02 15:00:00+01:00;78,000;1,000;MESURE
2025-02-02 16:00:00+01:00;78,000;1,000;MESURE
2025-02-02 17:00:00+01:00;78,000;1,000;MESURE
2025-02-02 18:00:00+01:00;78,000;1,000;MESURE
2025-02-02 19:00:00+01:00;78,000;1,000;MESURE
2025-02-02 20:00:00+01:00;78,000;1,000;MESURE
2025-02-02 21:00:00+01:00;78,000;1,000;MESURE
2025-02-02 22:00:00+01:00;78,000;1,000;MESURE
2025-02-02 23:00:00+01:00;78,000;1,000;MESURE
2025-02-03 00:00:00+01:00;78,000;1,000;MESURE
2025-02-03 01:00:00+01:00;77,000;1,000;MESURE
2025-02-03 02:00:00+01:00;78,000;1,000;MESURE
2025-02-03 03:00:00+01:00;78,000;1,000;MESURE
2025-02-03 04:00:00+01:00;78,000;1,000;MESURE
2025-02-03 05:00:00+01:00;77,000;1,000;MESURE
2025-02-03 06:00:00+01:00;77,000;1,000;MESURE
2025-02-03 07:00:00+01:00;78,000;1,000;MESURE
2025-02-03 08:00:00+01:00;77,000;1,000;MESURE
2025-02-03 09:00:00+01:00;78,000;1,000;MESURE
2025-02-03 10:00:00+01:00;78,000;1,000;MESURE
2025-02-03 11:00:00+01:00;78,000;1,000;MESURE
2025-02-03 12:00:00+01:00;78,000;1,000;MESURE
2025-02-03 13:00:00+01:00;79,000;1,000;MESURE
2025-02-03 14:00:00+01:00;78,000;1,000;MESURE
2025-02-03 15:00:00+01:00;78,000;1,000;MESURE
2025-02-03 16:00:00+01:00;78,000;1,000;MESURE
2025-02-03 17:00:00+01:00;78,000;1,000;MESURE
2025-02-03 18:00:00+01:00;78,000;1,000;MESURE
2025-02-03 19:00:00+01:00;78,000;1,000;MESURE
2025-02-03 20:00:00+01:00;78,000;1,000;MESURE
2025-02-03 21:00:00+01:00;78,000;1,000;MESURE
2025-02-03 22:00:00+01:00;78,000;1,000;MESURE
2025-02-03 23:00:00+01:00;77,000;1,000;MESURE
2025-02-04 00:00:00+01:00;78,000;1,000;MESURE
2025-02-04 01:00:00+01:00;78,000;1,000;MESURE
2025-02-04 02:00:00+01:00;77,000;1,000;MESURE
2025-02-04 03:00:00+01:00;78,000;1,000;MESURE
2025-02-04 04:00:00+01:00;78,000;1,000;MESURE
2025-02-04 05:00:00+01:00;77,000;1,000;MESURE
2025-02-04 06:00:00+01:00;77,000;1,000;MESURE
2025-02-04 07:00:00+01:00;77,000;1,000;MESURE
2025-02-04 08:00:00+01:00;77,000;1,000;MESURE
2025-02-04 09:00:00+01:00;77,000;1,000;MESURE
2025-02-04 10:00:00+01:00;77,000;1,000;MESURE
2025-02-04 11:00:00+01:00;78,000;1,000;MESURE
2025-02-04 12:00:00+01:00;77,000;1,000;MESURE
2025-02-04 13:00:00+01:00;79,000;1,000;MESURE
2025-02-04 14:00:00+01:00;79,000;1,000;MESURE
2025-02-04 15:00:00+01:00;79,000;1,000;MESURE
2025-02-04 16:00:00+01:00;79,000;1,000;MESURE
2025-02-04 17:00:00+01:00;78,000;1,000;MESURE
2025-02-04 18:00:00+01:00;78,000;1,000;MESURE
2025-02-04 19:00:00+01:00;79,000;1,000;MESURE
2025-02-04 20:00:00+01:00;79,000;1,000;MESURE
2025-02-04 21:00:00+01:00;78,000;1,000;MESURE
2025-02-04 22:00:00+01:00;78,000;1,000;MESURE
2025-02-04 23:00:00+01:00;79,000;1,000;MESURE
2025-02-05 00:00:00+01:00;78,000;1,000;MESURE
2025-02-05 01:00:00+01:00;78,000;1,000;MESURE
2025-02-05 02:00:00+01:00;79,000;1,000;MESURE
2025-02-05 03:00:00+01:00;79,000;1,000;MESURE
2025-02-05 04:00:00+01:00;78,000;1,000;MESURE
2025-02-05 05:00:00+01:00;77,000;1,000;MESURE
2025-02-05 06:00:00+01:00;78,000;1,000;MESURE
2025-02-05 07:00:00+01:00;78,000;1,000;MESURE
2025-02-05 08:00:00+01:00;77,000;1,000;MESURE
2025-02-05 09:00:00+01:00;79,000;1,000;MESURE
2025-02-05 10:00:00+01:00;78,000;1,000;MESURE
2025-02-05 11:00:00+01:00;78,000;1,000;MESURE
2025-02-05 12:00:00+01:00;79,000;1,000;MESURE
2025-02-05 13:00:00+01:00;79,000;1,000;MESURE
2025-02-05 14:00:00+01:00;79,000;1,000;MESURE
2025-02-05 15:00:00+01:00;79,000;1,000;MESURE
2025-02-05 16:00:00+01:00;79,000;1,000;MESURE
2025-02-05 17:00:00+01:00;79,000;1,000;MESURE
2025-02-05 18:00:00+01:00;79,000;1,000;MESURE
2025-02-05 19:00:00+01:00;78,000;1,000;MESURE
2025-02-05 20:00:00+01:00;79,000;1,000;MESURE
2025-02-05 21:00:00+01:00;79,000;1,000;MESURE
2025-02-05 22:00:00+01:00;79,000;1,000;MESURE
2025-02-05 23:00:00+01:00;78,000;1,000;MESURE
2025-02-06 00:00:00+01:00;79,000;1,000;MESURE
2025-02-06 01:00:00+01:00;79,000;1,000;MESURE
2025-02-06 02:00:00+01:00;79,000;1,000;MESURE
2025-02-06 03:00:00+01:00;78,000;1,000;MESURE
2025-02-06 04:00:00+01:00;79,000;1,000;MESURE
2025-02-06 05:00:00+01:00;78,000;1,000;MESURE
2025-02-06 06:00:00+01:00;78,000;1,000;MESURE
2025-02-06 07:00:00+01:00;78,000;1,000;MESURE
2025-02-06 08:00:00+01:00;67,000;1,000;MESURE
2025-02-06 09:00:00+01:00;57,000;1,000;MESURE
2025-02-06 10:00:00+01:00;57,000;1,000;MESURE
2025-02-06 11:00:00+01:00;57,000;1,000;MESURE
2025-02-06 12:00:00+01:00;58,000;1,000;MESURE
2025-02-06 13:00:00+01:00;60,000;1,000;MESURE
2025-02-06 14:00:00+01:00;70,000;1,000;MESURE
2025-02-06 15:00:00+01:00;71,000;1,000;MESURE
2025-02-06 16:00:00+01:00;70,000;1,000;MESURE
2025-02-06 17:00:00+01:00;70,000;1,000;MESURE
2025-02-06 18:00:00+01:00;71,000;1,000;MESURE
2025-02-06 19:00:00+01:00;4692,000;1,000;MESURE
2025-02-06 20:00:00+01:00;70,000;1,000;MESURE
2025-02-06 21:00:00+01:00;70,000;1,000;MESURE
2025-02-06 22:00:00+01:00;70,000;1,000;MESURE
2025-02-06 23:00:00+01:00;70,000;1,000;MESURE
2025-02-07 00:00:00+01:00;70,000;1,000;MESURE
2025-02-07 01:00:00+01:00;71,000;1,000;MESURE
2025-02-07 02:00:00+01:00;71,000;1,000;MESURE
2025-02-07 03:00:00+01:00;71,000;1,000;MESURE
2025-02-07 04:00:00+01:00;70,000;1,000;MESURE
2025-02-07 05:00:00+01:00;71,000;1,000;MESURE
2025-02-07 06:00:00+01:00;70,000;1,000;MESURE
2025-02-07 07:00:00+01:00;70,000;1,000;MESURE
2025-02-07 08:00:00+01:00;70,000;1,000;MESURE
2025-02-07 09:00:00+01:00;71,000;1,000;MESURE
2025-02-07 10:00:00+01:00;70,000;1,000;MESURE
2025-02-07 11:00:00+01:00;71,000;1,000;MESURE
2025-02-07 12:00:00+01:00;71,000;1,000;MESURE
2025-02-07 13:00:00+01:00;71,000;1,000;MESURE
2025-02-07 14:00:00+01:00;71,000;1,000;MESURE
2025-02-07 15:00:00+01:00;71,000;1,000;MESURE
2025-02-07 16:00:00+01:00;70,000;1,000;MESURE
2025-02-07 17:00:00+01:00;70,000;1,000;MESURE
2025-02-07 18:00:00+01:00;71,000;1,000;MESURE
2025-02-07 19:00:00+01:00;70,000;1,000;MESURE
2025-02-07 20:00:00+01:00;70,000;1,000;MESURE
2025-02-07 21:00:00+01:00;70,000;1,000;MESURE
2025-02-07 22:00:00+01:00;70,000;1,000;MESURE
2025-02-07 23:00:00+01:00;70,000;1,000;MESURE
2025-02-08 00:00:00+01:00;71,000;1,000;MESURE
2025-02-08 01:00:00+01:00;71,000;1,000;MESURE
2025-02-08 02:00:00+01:00;71,000;1,000;MESURE
2025-02-08 03:00:00+01:00;71,000;1,000;MESURE
2025-02-08 04:00:00+01:00;71,000;1,000;MESURE
2025-02-08 05:00:00+01:00;70,000;1,000;MESURE
2025-02-08 06:00:00+01:00;71,000;1,000;MESURE
2025-02-08 07:00:00+01:00;70,000;1,000;MESURE
2025-02-08 08:00:00+01:00;70,000;1,000;MESURE
2025-02-08 09:00:00+01:00;71,000;1,000;MESURE
2025-02-08 10:00:00+01:00;72,000;1,000;MESURE
2025-02-08 11:00:00+01:00;71,000;1,000;MESURE
2025-02-08 12:00:00+01:00;71,000;1,000;MESURE
2025-02-08 13:00:00+01:00;70,000;1,000;MESURE
2025-02-08 14:00:00+01:00;9416,000;1,000;MESURE
2025-02-08 15:00:00+01:00;2877,000;1,000;MESURE
2025-02-08 16:00:00+01:00;71,000;1,000;MESURE
2025-02-08 17:00:00+01:00;70,000;1,000;MESURE
2025-02-08 18:00:00+01:00;69,000;1,000;MESURE
2025-02-08 19:00:00+01:00;70,000;1,000;MESURE
2025-02-08 20:00:00+01:00;70,000;1,000;MESURE
2025-02-08 21:00:00+01:00;69,000;1,000;MESURE
2025-02-08 22:00:00+01:00;70,000;1,000;MESURE
2025-02-08 23:00:00+01:00;69,000;1,000;MESURE
2025-02-09 00:00:00+01:00;70,000;1,000;MESURE
2025-02-09 01:00:00+01:00;71,000;1,000;MESURE
2025-02-09 02:00:00+01:00;70,000;1,000;MESURE
2025-02-09 03:00:00+01:00;71,000;1,000;MESURE
2025-02-09 04:00:00+01:00;70,000;1,000;MESURE
2025-02-09 05:00:00+01:00;70,000;1,000;MESURE
2025-02-09 06:00:00+01:00;70,000;1,000;MESURE
2025-02-09 07:00:00+01:00;69,000;1,000;MESURE
2025-02-09 08:00:00+01:00;70,000;1,000;MESURE
2025-02-09 09:00:00+01:00;70,000;1,000;MESURE
2025-02-09 10:00:00+01:00;70,000;1,000;MESURE
2025-02-09 11:00:00+01:00;70,000;1,000;MESURE
2025-02-09 12:00:00+01:00;69,000;1,000;MESURE
2025-02-09 13:00:00+01:00;69,000;1,000;MESURE
2025-02-09 14:00:00+01:00;69,000;1,000;MESURE
2025-02-09 15:00:00+01:00;69,000;1,000;MESURE
2025-02-09 16:00:00+01:00;69,000;1,000;MESURE
2025-02-09 17:00:00+01:00;69,000;1,000;MESURE
2025-02-09 18:00:00+01:00;69,000;1,000;MESURE
2025-02-09 19:00:00+01:00;69,000;1,000;MESURE
2025-02-09 20:00:00+01:00;69,000;1,000;MESURE
2025-02-09 21:00:00+01:00;70,000;1,000;MESURE
2025-02-09 22:00:00+01:00;69,000;1,000;MESURE
2025-02-09 23:00:00+01:00;69,000;1,000;MESURE
2025-02-10 00:00:00+01:00;70,000;1,000;MESURE
2025-02-10 01:00:00+01:00;70,000;1,000;MESURE
2025-02-10 02:00:00+01:00;70,000;1,000;MESURE
2025-02-10 03:00:00+01:00;70,000;1,000;MESURE
2025-02-10 04:00:00+01:00;70,000;1,000;MESURE
2025-02-10 05:00:00+01:00;69,000;1,000;MESURE
2025-02-10 06:00:00+01:00;70,000;1,000;MESURE
2025-02-10 07:00:00+01:00;69,000;1,000;MESURE
2025-02-10 08:00:00+01:00;68,000;1,000;MESURE
2025-02-10 09:00:00+01:00;69,000;1,000;MESURE
2025-02-10 10:00:00+01:00;1150,000;1,000;MESURE
2025-02-10 11:00:00+01:00;69,000;1,000;MESURE
2025-02-10 12:00:00+01:00;70,000;1,000;MESURE
2025-02-10 13:00:00+01:00;70,000;1,000;MESURE
2025-02-10 14:00:00+01:00;70,000;1,000;MESURE
2025-02-10 15:00:00+01:00;70,000;1,000;MESURE
2025-02-10 16:00:00+01:00;70,000;1,000;MESURE
2025-02-10 17:00:00+01:00;1926,000;1,000;MESURE
2025-02-10 18:00:00+01:00;9755,000;1,000;MESURE
2025-02-10 19:00:00+01:00;4026,000;1,000;MESURE
2025-02-10 20:00:00+01:00;69,000;1,000;MESURE
2025-02-10 21:00:00+01:00;69,000;1,000;MESURE
2025-02-10 22:00:00+01:00;69,000;1,000;MESURE
2025-02-10 23:00:00+01:00;69,000;1,000;MESURE
2025-02-11 00:00:00+01:00;70,000;1,000;MESURE
2025-02-11 01:00:00+01:00;69,000;1,000;MESURE
2025-02-11 02:00:00+01:00;70,000;1,000;MESURE
2025-02-11 03:00:00+01:00;69,000;1,000;MESURE
2025-02-11 04:00:00+01:00;70,000;1,000;MESURE
2025-02-11 05:00:00+01:00;69,000;1,000;MESURE
2025-02-11 06:00:00+01:00;68,000;1,000;MESURE
2025-02-11 07:00:00+01:00;69,000;1,000;MESURE
2025-02-11 08:00:00+01:00;69,000;1,000;MESURE
2025-02-11 09:00:00+01:00;69,000;1,000;MESURE
2025-02-11 10:00:00+01:00;69,000;1,000;MESURE
2025-02-11 11:00:00+01:00;70,000;1,000;MESURE
2025-02-11 12:00:00+01:00;71,000;1,000;MESURE
2025-02-11 13:00:00+01:00;70,000;1,000;MESURE
2025-02-11 14:00:00+01:00;70,000;1,000;MESURE
2025-02-11 15:00:00+01:00;71,000;1,000;MESURE
2025-02-11 16:00:00+01:00;70,000;1,000;MESURE
2025-02-11 17:00:00+01:00;69,000;1,000;MESURE
2025-02-11 18:00:00+01:00;306,000;1,000;MESURE
2025-02-11 19:00:00+01:00;69,000;1,000;MESURE
2025-02-11 20:00:00+01:00;70,000;1,000;MESURE
2025-02-11 21:00:00+01:00;69,000;1,000;MESURE
2025-02-11 22:00:00+01:00;69,000;1,000;MESURE
2025-02-11 23:00:00+01:00;69,000;1,000;MESURE
2025-02-12 00:00:00+01:00;69,000;1,000;MESURE
2025-02-12 01:00:00+01:00;70,000;1,000;MESURE
2025-02-12 02:00:00+01:00;69,000;1,000;MESURE
2025-02-12 03:00:00+01:00;70,000;1,000;MESURE
2025-02-12 04:00:00+01:00;70,000;1,000;MESURE
2025-02-12 05:00:00+01:00;69,000;1,000;MESURE
2025-02-12 06:00:00+01:00;68,000;1,000;MESURE
2025-02-12 07:00:00+01:00;69,000;1,000;MESURE
2025-02-12 08:00:00+01:00;69,000;1,000;MESURE
2025-02-12 09:00:00+01:00;70,000;1,000;MESURE
2025-02-12 10:00:00+01:00;66,000;1,000;MESURE
2025-02-12 11:00:00+01:00;67,000;1,000;MESURE
2025-02-12 12:00:00+01:00;72,000;1,000;MESURE
2025-02-12 13:00:00+01:00;72,000;1,000;MESURE
2025-02-12 14:00:00+01:00;71,000;1,000;MESURE
2025-02-12 15:00:00+01:00;72,000;1,000;MESURE
2025-02-12 16:00:00+01:00;71,000;1,000;MESURE
2025-02-12 17:00:00+01:00;4246,000;1,000;MESURE
2025-02-12 18:00:00+01:00;17385,000;1,000;MESURE
2025-02-12 19:00:00+01:00;17414,000;1,000;MESURE
2025-02-12 20:00:00+01:00;10238,000;1,000;MESURE
2025-02-12 21:00:00+01:00;802,000;1,000;MESURE
2025-02-12 22:00:00+01:00;70,000;1,000;MESURE
2025-02-12 23:00:00+01:00;69,000;1,000;MESURE
2025-02-13 00:00:00+01:00;70,000;1,000;MESURE
2025-02-13 01:00:00+01:00;70,000;1,000;MESURE
2025-02-13 02:00:00+01:00;69,000;1,000;MESURE
2025-02-13 03:00:00+01:00;70,000;1,000;MESURE
2025-02-13 04:00:00+01:00;70,000;1,000;MESURE
2025-02-13 05:00:00+01:00;69,000;1,000;MESURE
2025-02-13 06:00:00+01:00;69,000;1,000;MESURE
2025-02-13 07:00:00+01:00;70,000;1,000;MESURE
2025-02-13 08:00:00+01:00;70,000;1,000;MESURE
2025-02-13 09:00:00+01:00;70,000;1,000;MESURE
2025-02-13 10:00:00+01:00;64,000;1,000;MESURE
2025-02-13 11:00:00+01:00;56,000;1,000;MESURE
2025-02-13 12:00:00+01:00;58,000;1,000;MESURE
2025-02-13 13:00:00+01:00;58,000;1,000;MESURE
2025-02-13 14:00:00+01:00;57,000;1,000;MESURE
2025-02-13 15:00:00+01:00;58,000;1,000;MESURE
2025-02-13 16:00:00+01:00;57,000;1,000;MESURE
2025-02-13 17:00:00+01:00;57,000;1,000;MESURE
2025-02-13 18:00:00+01:00;57,000;1,000;MESURE
2025-02-13 19:00:00+01:00;57,000;1,000;MESURE
2025-02-13 20:00:00+01:00;57,000;1,000;MESURE
2025-02-13 21:00:00+01:00;56,000;1,000;MESURE
2025-02-13 22:00:00+01:00;57,000;1,000;MESURE
2025-02-13 23:00:00+01:00;56,000;1,000;MESURE
2025-02-14 00:00:00+01:00;57,000;1,000;MESURE
2025-02-14 01:00:00+01:00;57,000;1,000;MESURE
2025-02-14 02:00:00+01:00;57,000;1,000;MESURE
2025-02-14 03:00:00+01:00;56,000;1,000;MESURE
2025-02-14 04:00:00+01:00;57,000;1,000;MESURE
2025-02-14 05:00:00+01:00;56,000;1,000;MESURE
2025-02-14 06:00:00+01:00;56,000;1,000;MESURE
2025-02-14 07:00:00+01:00;57,000;1,000;MESURE
2025-02-14 08:00:00+01:00;57,000;1,000;MESURE
2025-02-14 09:00:00+01:00;56,000;1,000;MESURE
2025-02-14 10:00:00+01:00;56,000;1,000;MESURE
2025-02-14 11:00:00+01:00;56,000;1,000;MESURE
2025-02-14 12:00:00+01:00;56,000;1,000;MESURE
2025-02-14 13:00:00+01:00;56,000;1,000;MESURE
2025-02-14 14:00:00+01:00;58,000;1,000;MESURE
2025-02-14 15:00:00+01:00;57,000;1,000;MESURE
2025-02-14 16:00:00+01:00;58,000;1,000;MESURE
2025-02-14 17:00:00+01:00;57,000;1,000;MESURE
2025-02-14 18:00:00+01:00;57,000;1,000;MESURE
2025-02-14 19:00:00+01:00;58,000;1,000;MESURE
2025-02-14 20:00:00+01:00;57,000;1,000;MESURE
2025-02-14 21:00:00+01:00;57,000;1,000;MESURE
2025-02-14 22:00:00+01:00;57,000;1,000;MESURE
2025-02-14 23:00:00+01:00;57,000;1,000;MESURE
2025-02-15 00:00:00+01:00;57,000;1,000;MESURE
2025-02-15 01:00:00+01:00;58,000;1,000;MESURE
2025-02-15 02:00:00+01:00;57,000;1,000;MESURE
2025-02-15 03:00:00+01:00;57,000;1,000;MESURE
2025-02-15 04:00:00+01:00;57,000;1,000;MESURE
2025-02-15 05:00:00+01:00;56,000;1,000;MESURE
2025-02-15 06:00:00+01:00;57,000;1,000;MESURE
2025-02-15 07:00:00+01:00;56,000;1,000;MESURE
2025-02-15 08:00:00+01:00;56,000;1,000;MESURE
2025-02-15 09:00:00+01:00;57,000;1,000;MESURE
2025-02-15 10:00:00+01:00;57,000;1,000;MESURE
2025-02-15 11:00:00+01:00;57,000;1,000;MESURE
2025-02-15 12:00:00+01:00;57,000;1,000;MESURE
2025-02-15 13:00:00+01:00;57,000;1,000;MESURE
2025-02-15 14:00:00+01:00;57,000;1,000;MESURE
2025-02-15 15:00:00+01:00;57,000;1,000;MESURE
2025-02-15 16:00:00+01:00;57,000;1,000;MESURE
2025-02-15 17:00:00+01:00;56,000;1,000;MESURE
2025-02-15 18:00:00+01:00;57,000;1,000;MESURE
2025-02-15 19:00:00+01:00;57,000;1,000;MESURE
2025-02-15 20:00:00+01:00;56,000;1,000;MESURE
2025-02-15 21:00:00+01:00;58,000;1,000;MESURE
2025-02-15 22:00:00+01:00;56,000;1,000;MESURE
2025-02-15 23:00:00+01:00;57,000;1,000;MESURE
2025-02-16 00:00:00+01:00;57,000;1,000;MESURE
2025-02-16 01:00:00+01:00;57,000;1,000;MESURE
2025-02-16 02:00:00+01:00;57,000;1,000;MESURE
2025-02-16 03:00:00+01:00;57,000;1,000;MESURE
2025-02-16 04:00:00+01:00;57,000;1,000;MESURE
2025-02-16 05:00:00+01:00;56,000;1,000;MESURE
2025-02-16 06:00:00+01:00;56,000;1,000;MESURE
2025-02-16 07:00:00+01:00;56,000;1,000;MESURE
2025-02-16 08:00:00+01:00;56,000;1,000;MESURE
2025-02-16 09:00:00+01:00;56,000;1,000;MESURE
2025-02-16 10:00:00+01:00;55,000;1,000;MESURE
2025-02-16 11:00:00+01:00;56,000;1,000;MESURE
2025-02-16 12:00:00+01:00;56,000;1,000;MESURE
2025-02-16 13:00:00+01:00;55,000;1,000;MESURE
2025-02-16 14:00:00+01:00;56,000;1,000;MESURE
2025-02-16 15:00:00+01:00;56,000;1,000;MESURE
2025-02-16 16:00:00+01:00;55,000;1,000;MESURE
2025-02-16 17:00:00+01:00;56,000;1,000;MESURE
2025-02-16 18:00:00+01:00;56,000;1,000;MESURE
2025-02-16 19:00:00+01:00;56,000;1,000;MESURE
2025-02-16 20:00:00+01:00;56,000;1,000;MESURE
2025-02-16 21:00:00+01:00;56,000;1,000;MESURE
2025-02-16 22:00:00+01:00;56,000;1,000;MESURE
2025-02-16 23:00:00+01:00;56,000;1,000;MESURE
2025-02-17 00:00:00+01:00;56,000;1,000;MESURE
2025-02-17 01:00:00+01:00;57,000;1,000;MESURE
2025-02-17 02:00:00+01:00;56,000;1,000;MESURE
2025-02-17 03:00:00+01:00;56,000;1,000;MESURE
2025-02-17 04:00:00+01:00;56,000;1,000;MESURE
2025-02-17 05:00:00+01:00;56,000;1,000;MESURE
2025-02-17 06:00:00+01:00;55,000;1,000;MESURE
2025-02-17 07:00:00+01:00;55,000;1,000;MESURE
2025-02-17 08:00:00+01:00;55,000;1,000;MESURE
2025-02-17 09:00:00+01:00;56,000;1,000;MESURE
2025-02-17 10:00:00+01:00;55,000;1,000;MESURE
2025-02-17 11:00:00+01:00;57,000;1,000;MESURE
2025-02-17 12:00:00+01:00;56,000;1,000;MESURE
2025-02-17 13:00:00+01:00;57,000;1,000;MESURE
2025-02-17 14:00:00+01:00;59,000;1,000;MESURE
2025-02-17 15:00:00+01:00;56,000;1,000;MESURE
2025-02-17 16:00:00+01:00;56,000;1,000;MESURE
2025-02-17 17:00:00+01:00;71,000;1,000;MESURE
2025-02-17 18:00:00+01:00;70,000;1,000;MESURE
2025-02-17 19:00:00+01:00;70,000;1,000;MESURE
2025-02-17 20:00:00+01:00;70,000;1,000;MESURE
2025-02-17 21:00:00+01:00;70,000;1,000;MESURE
2025-02-17 22:00:00+01:00;70,000;1,000;MESURE
2025-02-17 23:00:00+01:00;69,000;1,000;MESURE
2025-02-18 00:00:00+01:00;70,000;1,000;MESURE
2025-02-18 01:00:00+01:00;69,000;1,000;MESURE
2025-02-18 02:00:00+01:00;69,000;1,000;MESURE
2025-02-18 03:00:00+01:00;69,000;1,000;MESURE
2025-02-18 04:00:00+01:00;69,000;1,000;MESURE
2025-02-18 05:00:00+01:00;69,000;1,000;MESURE
2025-02-18 06:00:00+01:00;68,000;1,000;MESURE
2025-02-18 07:00:00+01:00;68,000;1,000;MESURE
2025-02-18 08:00:00+01:00;68,000;1,000;MESURE
2025-02-18 09:00:00+01:00;69,000;1,000;MESURE
2025-02-18 10:00:00+01:00;68,000;1,000;MESURE
2025-02-18 11:00:00+01:00;69,000;1,000;MESURE
2025-02-18 12:00:00+01:00;70,000;1,000;MESURE
2025-02-18 13:00:00+01:00;71,000;1,000;MESURE
2025-02-18 14:00:00+01:00;71,000;1,000;MESURE
2025-02-18 15:00:00+01:00;71,000;1,000;MESURE
2025-02-18 16:00:00+01:00;71,000;1,000;MESURE
2025-02-18 17:00:00+01:00;72,000;1,000;MESURE
2025-02-18 18:00:00+01:00;71,000;1,000;MESURE
2025-02-18 19:00:00+01:00;71,000;1,000;MESURE
2025-02-18 20:00:00+01:00;70,000;1,000;MESURE
2025-02-18 21:00:00+01:00;71,000;1,000;MESURE
2025-02-18 22:00:00+01:00;70,000;1,000;MESURE
2025-02-18 23:00:00+01:00;70,000;1,000;MESURE
2025-02-19 00:00:00+01:00;70,000;1,000;MESURE
2025-02-19 01:00:00+01:00;70,000;1,000;MESURE
2025-02-19 02:00:00+01:00;70,000;1,000;MESURE
2025-02-19 03:00:00+01:00;70,000;1,000;MESURE
2025-02-19 04:00:00+01:00;69,000;1,000;MESURE
2025-02-19 05:00:00+01:00;69,000;1,000;MESURE
2025-02-19 06:00:00+01:00;69,000;1,000;MESURE
2025-02-19 07:00:00+01:00;69,000;1,000;MESURE
2025-02-19 08:00:00+01:00;69,000;1,000;MESURE
2025-02-19 09:00:00+01:00;70,000;1,000;MESURE
2025-02-19 10:00:00+01:00;69,000;1,000;MESURE
2025-02-19 11:00:00+01:00;70,000;1,000;MESURE
2025-02-19 12:00:00+01:00;71,000;1,000;MESURE
2025-02-19 13:00:00+01:00;72,000;1,000;MESURE
2025-02-19 14:00:00+01:00;72,000;1,000;MESURE
2025-02-19 15:00:00+01:00;71,000;1,000;MESURE
2025-02-19 16:00:00+01:00;72,000;1,000;MESURE
2025-02-19 17:00:00+01:00;71,000;1,000;MESURE
2025-02-19 18:00:00+01:00;71,000;1,000;MESURE
2025-02-19 19:00:00+01:00;72,000;1,000;MESURE
2025-02-19 20:00:00+01:00;71,000;1,000;MESURE
2025-02-19 21:00:00+01:00;71,000;1,000;MESURE
2025-02-19 22:00:00+01:00;70,000;1,000;MESURE
2025-02-19 23:00:00+01:00;71,000;1,000;MESURE
2025-02-20 00:00:00+01:00;70,000;1,000;MESURE
2025-02-20 01:00:00+01:00;70,000;1,000;MESURE
2025-02-20 02:00:00+01:00;70,000;1,000;MESURE
2025-02-20 03:00:00+01:00;70,000;1,000;MESURE
2025-02-20 04:00:00+01:00;70,000;1,000;MESURE
2025-02-20 05:00:00+01:00;70,000;1,000;MESURE
2025-02-20 06:00:00+01:00;69,000;1,000;MESURE
2025-02-20 07:00:00+01:00;69,000;1,000;MESURE
2025-02-20 08:00:00+01:00;70,000;1,000;MESURE
2025-02-20 09:00:00+01:00;69,000;1,000;MESURE
2025-02-20 10:00:00+01:00;70,000;1,000;MESURE
2025-02-20 11:00:00+01:00;70,000;1,000;MESURE
2025-02-20 12:00:00+01:00;71,000;1,000;MESURE
2025-02-20 13:00:00+01:00;71,000;1,000;MESURE
2025-02-20 14:00:00+01:00;71,000;1,000;MESURE
2025-02-20 15:00:00+01:00;71,000;1,000;MESURE
2025-02-20 16:00:00+01:00;72,000;1,000;MESURE
2025-02-20 17:00:00+01:00;71,000;1,000;MESURE
2025-02-20 18:00:00+01:00;71,000;1,000;MESURE
2025-02-20 19:00:00+01:00;71,000;1,000;MESURE
2025-02-20 20:00:00+01:00;71,000;1,000;MESURE
2025-02-20 21:00:00+01:00;71,000;1,000;MESURE
2025-02-20 22:00:00+01:00;70,000;1,000;MESURE
2025-02-20 23:00:00+01:00;71,000;1,000;MESURE
2025-02-21 00:00:00+01:00;70,000;1,000;MESURE
2025-02-21 01:00:00+01:00;70,000;1,000;MESURE
2025-02-21 02:00:00+01:00;70,000;1,000;MESURE
2025-02-21 03:00:00+01:00;70,000;1,000;MESURE
2025-02-21 04:00:00+01:00;70,000;1,000;MESURE
2025-02-21 05:00:00+01:00;70,000;1,000;MESURE
2025-02-21 06:00:00+01:00;69,000;1,000;MESURE
2025-02-21 07:00:00+01:00;70,000;1,000;MESURE
2025-02-21 08:00:00+01:00;69,000;1,000;MESURE
2025-02-21 09:00:00+01:00;70,000;1,000;MESURE
2025-02-21 10:00:00+01:00;69,000;1,000;MESURE
2025-02-21 11:00:00+01:00;70,000;1,000;MESURE
2025-02-21 12:00:00+01:00;70,000;1,000;MESURE
2025-02-21 13:00:00+01:00;71,000;1,000;MESURE
2025-02-21 14:00:00+01:00;70,000;1,000;MESURE
2025-02-21 15:00:00+01:00;71,000;1,000;MESURE
2025-02-21 16:00:00+01:00;70,000;1,000;MESURE
2025-02-21 17:00:00+01:00;70,000;1,000;MESURE
2025-02-21 18:00:00+01:00;71,000;1,000;MESURE
2025-02-21 19:00:00+01:00;70,000;1,000;MESURE
2025-02-21 20:00:00+01:00;71,000;1,000;MESURE
2025-02-21 21:00:00+01:00;71,000;1,000;MESURE
2025-02-21 22:00:00+01:00;70,000;1,000;MESURE
2025-02-21 23:00:00+01:00;70,000;1,000;MESURE
2025-02-22 00:00:00+01:00;70,000;1,000;MESURE
2025-02-22 01:00:00+01:00;69,000;1,000;MESURE
2025-02-22 02:00:00+01:00;70,000;1,000;MESURE
2025-02-22 03:00:00+01:00;69,000;1,000;MESURE
2025-02-22 04:00:00+01:00;70,000;1,000;MESURE
2025-02-22 05:00:00+01:00;68,000;1,000;MESURE
2025-02-22 06:00:00+01:00;69,000;1,000;MESURE
2025-02-22 07:00:00+01:00;69,000;1,000;MESURE
2025-02-22 08:00:00+01:00;69,000;1,000;MESURE
2025-02-22 09:00:00+01:00;69,000;1,000;MESURE
2025-02-22 10:00:00+01:00;70,000;1,000;MESURE
2025-02-22 11:00:00+01:00;70,000;1,000;MESURE
2025-02-22 12:00:00+01:00;70,000;1,000;MESURE
2025-02-22 13:00:00+01:00;70,000;1,000;MESURE
2025-02-22 14:00:00+01:00;70,000;1,000;MESURE
2025-02-22 15:00:00+01:00;70,000;1,000;MESURE
2025-02-22 16:00:00+01:00;69,000;1,000;MESURE
2025-02-22 17:00:00+01:00;70,000;1,000;MESURE
2025-02-22 18:00:00+01:00;70,000;1,000;MESURE
2025-02-22 19:00:00+01:00;70,000;1,000;MESURE
2025-02-22 20:00:00+01:00;70,000;1,000;MESURE
2025-02-22 21:00:00+01:00;70,000;1,000;MESURE
2025-02-22 22:00:00+01:00;69,000;1,000;MESURE
2025-02-22 23:00:00+01:00;70,000;1,000;MESURE
2025-02-23 00:00:00+01:00;69,000;1,000;MESURE
2025-02-23 01:00:00+01:00;69,000;1,000;MESURE
2025-02-23 02:00:00+01:00;69,000;1,000;MESURE
2025-02-23 03:00:00+01:00;69,000;1,000;MESURE
2025-02-23 04:00:00+01:00;69,000;1,000;MESURE
2025-02-23 05:00:00+01:00;68,000;1,000;MESURE
2025-02-23 06:00:00+01:00;68,000;1,000;MESURE
2025-02-23 07:00:00+01:00;69,000;1,000;MESURE
2025-02-23 08:00:00+01:00;67,000;1,000;MESURE
2025-02-23 09:00:00+01:00;4945,000;1,000;MESURE
2025-02-23 10:00:00+01:00;5164,000;1,000;MESURE
2025-02-23 11:00:00+01:00;68,000;1,000;MESURE
2025-02-23 12:00:00+01:00;69,000;1,000;MESURE
2025-02-23 13:00:00+01:00;1060,000;1,000;MESURE
2025-02-23 14:00:00+01:00;7369,000;1,000;MESURE
2025-02-23 15:00:00+01:00;17750,000;1,000;MESURE
2025-02-23 16:00:00+01:00;18277,000;1,000;MESURE
2025-02-23 17:00:00+01:00;12654,000;1,000;MESURE
2025-02-23 18:00:00+01:00;10131,000;1,000;MESURE
2025-02-23 19:00:00+01:00;70,000;1,000;MESURE
2025-02-23 20:00:00+01:00;70,000;1,000;MESURE
2025-02-23 21:00:00+01:00;70,000;1,000;MESURE
2025-02-23 22:00:00+01:00;69,000;1,000;MESURE
2025-02-23 23:00:00+01:00;70,000;1,000;MESURE
2025-02-24 00:00:00+01:00;69,000;1,000;MESURE
2025-02-24 01:00:00+01:00;69,000;1,000;MESURE
2025-02-24 02:00:00+01:00;69,000;1,000;MESURE
2025-02-24 03:00:00+01:00;69,000;1,000;MESURE
2025-02-24 04:00:00+01:00;69,000;1,000;MESURE
2025-02-24 05:00:00+01:00;68,000;1,000;MESURE
2025-02-24 06:00:00+01:00;68,000;1,000;MESURE
2025-02-24 07:00:00+01:00;69,000;1,000;MESURE
2025-02-24 08:00:00+01:00;68,000;1,000;MESURE
2025-02-24 09:00:00+01:00;68,000;1,000;MESURE
2025-02-24 10:00:00+01:00;68,000;1,000;MESURE
2025-02-24 11:00:00+01:00;70,000;1,000;MESURE
2025-02-24 12:00:00+01:00;70,000;1,000;MESURE
2025-02-24 13:00:00+01:00;70,000;1,000;MESURE
2025-02-24 14:00:00+01:00;68,000;1,000;MESURE
2025-02-24 15:00:00+01:00;70,000;1,000;MESURE
2025-02-24 16:00:00+01:00;71,000;1,000;MESURE
2025-02-24 17:00:00+01:00;71,000;1,000;MESURE
2025-02-24 18:00:00+01:00;70,000;1,000;MESURE
2025-02-24 19:00:00+01:00;71,000;1,000;MESURE
2025-02-24 20:00:00+01:00;71,000;1,000;MESURE
2025-02-24 21:00:00+01:00;70,000;1,000;MESURE
2025-02-24 22:00:00+01:00;69,000;1,000;MESURE
2025-02-24 23:00:00+01:00;70,000;1,000;MESURE
2025-02-25 00:00:00+01:00;69,000;1,000;MESURE
2025-02-25 01:00:00+01:00;70,000;1,000;MESURE
2025-02-25 02:00:00+01:00;69,000;1,000;MESURE
2025-02-25 03:00:00+01:00;69,000;1,000;MESURE
2025-02-25 04:00:00+01:00;70,000;1,000;MESURE
2025-02-25 05:00:00+01:00;69,000;1,000;MESURE
2025-02-25 06:00:00+01:00;68,000;1,000;MESURE
2025-02-25 07:00:00+01:00;69,000;1,000;MESURE
2025-02-25 08:00:00+01:00;70,000;1,000;MESURE
2025-02-25 09:00:00+01:00;70,000;1,000;MESURE
2025-02-25 10:00:00+01:00;71,000;1,000;MESURE
2025-02-25 11:00:00+01:00;71,000;1,000;MESURE
2025-02-25 12:00:00+01:00;72,000;1,000;MESURE
2025-02-25 13:00:00+01:00;72,000;1,000;MESURE
2025-02-25 14:00:00+01:00;5017,000;1,000;MESURE
2025-02-25 15:00:00+01:00;72,000;1,000;MESURE
2025-02-25 16:00:00+01:00;71,000;1,000;MESURE
2025-02-25 17:00:00+01:00;72,000;1,000;MESURE
2025-02-25 18:00:00+01:00;71,000;1,000;MESURE
2025-02-25 19:00:00+01:00;71,000;1,000;MESURE
2025-02-25 20:00:00+01:00;71,000;1,000;MESURE
2025-02-25 21:00:00+01:00;71,000;1,000;MESURE
2025-02-25 22:00:00+01:00;69,000;1,000;MESURE
2025-02-25 23:00:00+01:00;70,000;1,000;MESURE
2025-02-26 00:00:00+01:00;70,000;1,000;MESURE
2025-02-26 01:00:00+01:00;70,000;1,000;MESURE
2025-02-26 02:00:00+01:00;70,000;1,000;MESURE
2025-02-26 03:00:00+01:00;69,000;1,000;MESURE
2025-02-26 04:00:00+01:00;70,000;1,000;MESURE
2025-02-26 05:00:00+01:00;69,000;1,000;MESURE
2025-02-26 06:00:00+01:00;69,000;1,000;MESURE
2025-02-26 07:00:00+01:00;69,000;1,000;MESURE
2025-02-26 08:00:00+01:00;70,000;1,000;MESURE
2025-02-26 09:00:00+01:00;68,000;1,000;MESURE
2025-02-26 10:00:00+01:00;72,000;1,000;MESURE
2025-02-26 11:00:00+01:00;71,000;1,000;MESURE
2025-02-26 12:00:00+01:00;72,000;1,000;MESURE
2025-02-26 13:00:00+01:00;72,000;1,000;MESURE
2025-02-26 14:00:00+01:00;72,000;1,000;MESURE
2025-02-26 15:00:00+01:00;71,000;1,000;MESURE
2025-02-26 16:00:00+01:00;15741,000;1,000;MESURE
2025-02-26 17:00:00+01:00;12898,000;1,000;MESURE
2025-02-26 18:00:00+01:00;5582,000;1,000;MESURE
2025-02-26 19:00:00+01:00;0,000;1,000;MESURE
2025-02-26 20:00:00+01:00;0,000;1,000;MESURE
2025-02-26 21:00:00+01:00;0,000;1,000;MESURE
2025-02-26 22:00:00+01:00;0,000;1,000;MESURE
2025-02-26 23:00:00+01:00;0,000;1,000;MESURE
2025-02-27 00:00:00+01:00;0,000;1,000;MESURE
2025-02-27 01:00:00+01:00;0,000;1,000;MESURE
2025-02-27 02:00:00+01:00;0,000;1,000;MESURE
2025-02-27 03:00:00+01:00;0,000;1,000;MESURE
2025-02-27 04:00:00+01:00;0,000;1,000;MESURE
2025-02-27 05:00:00+01:00;0,000;1,000;MESURE
2025-02-27 06:00:00+01:00;0,000;1,000;MESURE
2025-02-27 07:00:00+01:00;0,000;1,000;MESURE
2025-02-27 08:00:00+01:00;10,000;1,000;MESURE
2025-02-27 09:00:00+01:00;70,000;1,000;MESURE
2025-02-27 10:00:00+01:00;6697,000;1,000;MESURE
2025-02-27 11:00:00+01:00;10973,000;1,000;MESURE
2025-02-27 12:00:00+01:00;11009,000;1,000;MESURE
2025-02-27 13:00:00+01:00;11030,000;1,000;MESURE
2025-02-27 14:00:00+01:00;11031,000;1,000;MESURE
2025-02-27 15:00:00+01:00;11034,000;1,000;MESURE
2025-02-27 16:00:00+01:00;1553,000;1,000;MESURE
2025-02-27 17:00:00+01:00;4299,000;1,000;MESURE
2025-02-27 18:00:00+01:00;13394,000;1,000;MESURE
2025-02-27 19:00:00+01:00;1385,000;1,000;MESURE
2025-02-27 20:00:00+01:00;17356,000;1,000;MESURE
2025-02-27 21:00:00+01:00;17403,000;1,000;MESURE
2025-02-27 22:00:00+01:00;16697,000;1,000;MESURE
2025-02-27 23:00:00+01:00;2045,000;1,000;MESURE
2025-02-28 00:00:00+01:00;70,000;1,000;MESURE
2025-02-28 01:00:00+01:00;70,000;1,000;MESURE
2025-02-28 02:00:00+01:00;69,000;1,000;MESURE
2025-02-28 03:00:00+01:00;70,000;1,000;MESURE
2025-02-28 04:00:00+01:00;70,000;1,000;MESURE
2025-02-28 05:00:00+01:00;69,000;1,000;MESURE
2025-02-28 06:00:00+01:00;69,000;1,000;MESURE
2025-02-28 07:00:00+01:00;69,000;1,000;MESURE
2025-02-28 08:00:00+01:00;70,000;1,000;MESURE
2025-02-28 09:00:00+01:00;71,000;1,000;MESURE
2025-02-28 10:00:00+01:00;70,000;1,000;MESURE
2025-02-28 11:00:00+01:00;71,000;1,000;MESURE
2025-02-28 12:00:00+01:00;71,000;1,000;MESURE
2025-02-28 13:00:00+01:00;71,000;1,000;MESURE
2025-02-28 14:00:00+01:00;72,000;1,000;MESURE
2025-02-28 15:00:00+01:00;71,000;1,000;MESURE
2025-02-28 16:00:00+01:00;6403,000;1,000;MESURE
2025-02-28 17:00:00+01:00;7205,000;1,000;MESURE
2025-02-28 18:00:00+01:00;70,000;1,000;MESURE
2025-02-28 19:00:00+01:00;71,000;1,000;MESURE
2025-02-28 20:00:00+01:00;69,000;1,000;MESURE
2025-02-28 21:00:00+01:00;70,000;1,000;MESURE
2025-02-28 22:00:00+01:00;69,000;1,000;MESURE
2025-02-28 23:00:00+01:00;69,000;1,000;MESURE
2025-03-01 00:00:00+01:00;69,000;1,000;MESURE
2025-03-01 01:00:00+01:00;69,000;1,000;MESURE
2025-03-01 02:00:00+01:00;69,000;1,000;MESURE
2025-03-01 03:00:00+01:00;69,000;1,000;MESURE
2025-03-01 04:00:00+01:00;69,000;1,000;MESURE
2025-03-01 05:00:00+01:00;69,000;1,000;MESURE
2025-03-01 06:00:00+01:00;68,000;1,000;MESURE
2025-03-01 07:00:00+01:00;68,000;1,000;MESURE
2025-03-01 08:00:00+01:00;70,000;1,000;MESURE
2025-03-01 09:00:00+01:00;70,000;1,000;MESURE
2025-03-01 10:00:00+01:00;70,000;1,000;MESURE
2025-03-01 11:00:00+01:00;71,000;1,000;MESURE
2025-03-01 12:00:00+01:00;72,000;1,000;MESURE
2025-03-01 13:00:00+01:00;70,000;1,000;MESURE
2025-03-01 14:00:00+01:00;71,000;1,000;MESURE
2025-03-01 15:00:00+01:00;71,000;1,000;MESURE
2025-03-01 16:00:00+01:00;71,000;1,000;MESURE
2025-03-01 17:00:00+01:00;70,000;1,000;MESURE
2025-03-01 18:00:00+01:00;71,000;1,000;MESURE
2025-03-01 19:00:00+01:00;70,000;1,000;MESURE
2025-03-01 20:00:00+01:00;69,000;1,000;MESURE
2025-03-01 21:00:00+01:00;70,000;1,000;MESURE
2025-03-01 22:00:00+01:00;69,000;1,000;MESURE
2025-03-01 23:00:00+01:00;69,000;1,000;MESURE
2025-03-02 00:00:00+01:00;69,000;1,000;MESURE
2025-03-02 01:00:00+01:00;69,000;1,000;MESURE
2025-03-02 02:00:00+01:00;68,000;1,000;MESURE
2025-03-02 03:00:00+01:00;69,000;1,000;MESURE
2025-03-02 04:00:00+01:00;69,000;1,000;MESURE
2025-03-02 05:00:00+01:00;69,000;1,000;MESURE
2025-03-02 06:00:00+01:00;68,000;1,000;MESURE
2025-03-02 07:00:00+01:00;68,000;1,000;MESURE
2025-03-02 08:00:00+01:00;70,000;1,000;MESURE
2025-03-02 09:00:00+01:00;69,000;1,000;MESURE
2025-03-02 10:00:00+01:00;70,000;1,000;MESURE
2025-03-02 11:00:00+01:00;70,000;1,000;MESURE
2025-03-02 12:00:00+01:00;70,000;1,000;MESURE
2025-03-02 13:00:00+01:00;70,000;1,000;MESURE
2025-03-02 14:00:00+01:00;70,000;1,000;MESURE
2025-03-02 15:00:00+01:00;7599,000;1,000;MESURE
2025-03-02 16:00:00+01:00;10810,000;1,000;MESURE
2025-03-02 17:00:00+01:00;10780,000;1,000;MESURE
2025-03-02 18:00:00+01:00;10885,000;1,000;MESURE
2025-03-02 19:00:00+01:00;9901,000;1,000;MESURE
2025-03-02 20:00:00+01:00;4208,000;1,000;MESURE
2025-03-02 21:00:00+01:00;3184,000;1,000;MESURE
2025-03-02 22:00:00+01:00;69,000;1,000;MESURE
2025-03-02 23:00:00+01:00;69,000;1,000;MESURE
2025-03-03 00:00:00+01:00;69,000;1,000;MESURE
2025-03-03 01:00:00+01:00;69,000;1,000;MESURE
2025-03-03 02:00:00+01:00;69,000;1,000;MESURE
2025-03-03 03:00:00+01:00;69,000;1,000;MESURE
2025-03-03 04:00:00+01:00;69,000;1,000;MESURE
2025-03-03 05:00:00+01:00;68,000;1,000;MESURE
2025-03-03 06:00:00+01:00;69,000;1,000;MESURE
2025-03-03 07:00:00+01:00;68,000;1,000;MESURE
2025-03-03 08:00:00+01:00;70,000;1,000;MESURE
2025-03-03 09:00:00+01:00;70,000;1,000;MESURE
2025-03-03 10:00:00+01:00;69,000;1,000;MESURE
2025-03-03 11:00:00+01:00;70,000;1,000;MESURE
2025-03-03 12:00:00+01:00;70,000;1,000;MESURE
2025-03-03 13:00:00+01:00;70,000;1,000;MESURE
2025-03-03 14:00:00+01:00;69,000;1,000;MESURE
2025-03-03 15:00:00+01:00;70,000;1,000;MESURE
2025-03-03 16:00:00+01:00;70,000;1,000;MESURE
2025-03-03 17:00:00+01:00;70,000;1,000;MESURE
2025-03-03 18:00:00+01:00;70,000;1,000;MESURE
2025-03-03 19:00:00+01:00;70,000;1,000;MESURE
2025-03-03 20:00:00+01:00;69,000;1,000;MESURE
2025-03-03 21:00:00+01:00;69,000;1,000;MESURE
2025-03-03 22:00:00+01:00;68,000;1,000;MESURE
2025-03-03 23:00:00+01:00;69,000;1,000;MESURE
2025-03-04 00:00:00+01:00;69,000;1,000;MESURE
2025-03-04 01:00:00+01:00;69,000;1,000;MESURE
2025-03-04 02:00:00+01:00;68,000;1,000;MESURE
2025-03-04 03:00:00+01:00;69,000;1,000;MESURE
2025-03-04 04:00:00+01:00;69,000;1,000;MESURE
2025-03-04 05:00:00+01:00;68,000;1,000;MESURE
2025-03-04 06:00:00+01:00;68,000;1,000;MESURE
2025-03-04 07:00:00+01:00;68,000;1,000;MESURE
2025-03-04 08:00:00+01:00;69,000;1,000;MESURE
2025-03-04 09:00:00+01:00;69,000;1,000;MESURE
2025-03-04 10:00:00+01:00;68,000;1,000;MESURE
2025-03-04 11:00:00+01:00;69,000;1,000;MESURE
2025-03-04 12:00:00+01:00;70,000;1,000;MESURE
2025-03-04 13:00:00+01:00;71,000;1,000;MESURE
2025-03-04 14:00:00+01:00;71,000;1,000;MESURE
2025-03-04 15:00:00+01:00;71,000;1,000;MESURE
2025-03-04 16:00:00+01:00;6718,000;1,000;MESURE
2025-03-04 17:00:00+01:00;6421,000;1,000;MESURE
2025-03-04 18:00:00+01:00;71,000;1,000;MESURE
2025-03-04 19:00:00+01:00;70,000;1,000;MESURE
2025-03-04 20:00:00+01:00;7276,000;1,000;MESURE
2025-03-04 21:00:00+01:00;11002,000;1,000;MESURE
2025-03-04 22:00:00+01:00;11021,000;1,000;MESURE
2025-03-04 23:00:00+01:00;1884,000;1,000;MESURE
2025-03-05 00:00:00+01:00;69,000;1,000;MESURE
2025-03-05 01:00:00+01:00;69,000;1,000;MESURE
2025-03-05 02:00:00+01:00;69,000;1,000;MESURE
2025-03-05 03:00:00+01:00;69,000;1,000;MESURE
2025-03-05 04:00:00+01:00;69,000;1,000;MESURE
2025-03-05 05:00:00+01:00;69,000;1,000;MESURE
2025-03-05 06:00:00+01:00;68,000;1,000;MESURE
2025-03-05 07:00:00+01:00;69,000;1,000;MESURE
2025-03-05 08:00:00+01:00;70,000;1,000;MESURE
2025-03-05 09:00:00+01:00;69,000;1,000;MESURE
2025-03-05 10:00:00+01:00;70,000;1,000;MESURE
2025-03-05 11:00:00+01:00;69,000;1,000;MESURE
2025-03-05 12:00:00+01:00;72,000;1,000;MESURE
2025-03-05 13:00:00+01:00;71,000;1,000;MESURE
2025-03-05 14:00:00+01:00;71,000;1,000;MESURE
2025-03-05 15:00:00+01:00;71,000;1,000;MESURE
2025-03-05 16:00:00+01:00;71,000;1,000;MESURE
2025-03-05 17:00:00+01:00;71,000;1,000;MESURE
2025-03-05 18:00:00+01:00;70,000;1,000;MESURE
2025-03-05 19:00:00+01:00;71,000;1,000;MESURE
2025-03-05 20:00:00+01:00;70,000;1,000;MESURE
2025-03-05 21:00:00+01:00;69,000;1,000;MESURE
2025-03-05 22:00:00+01:00;69,000;1,000;MESURE
2025-03-05 23:00:00+01:00;70,000;1,000;MESURE
2025-03-06 00:00:00+01:00;69,000;1,000;MESURE
2025-03-06 01:00:00+01:00;70,000;1,000;MESURE
2025-03-06 02:00:00+01:00;69,000;1,000;MESURE
2025-03-06 03:00:00+01:00;70,000;1,000;MESURE
2025-03-06 04:00:00+01:00;69,000;1,000;MESURE
2025-03-06 05:00:00+01:00;69,000;1,000;MESURE
2025-03-06 06:00:00+01:00;69,000;1,000;MESURE
2025-03-06 07:00:00+01:00;69,000;1,000;MESURE
2025-03-06 08:00:00+01:00;70,000;1,000;MESURE
2025-03-06 09:00:00+01:00;70,000;1,000;MESURE
2025-03-06 10:00:00+01:00;9724,000;1,000;MESURE
2025-03-06 11:00:00+01:00;11012,000;1,000;MESURE
2025-03-06 12:00:00+01:00;11047,000;1,000;MESURE
2025-03-06 13:00:00+01:00;11047,000;1,000;MESURE
2025-03-06 14:00:00+01:00;11017,000;1,000;MESURE
2025-03-06 15:00:00+01:00;11037,000;1,000;MESURE
2025-03-06 16:00:00+01:00;10839,000;1,000;MESURE
2025-03-06 17:00:00+01:00;591,000;1,000;MESURE
2025-03-06 18:00:00+01:00;71,000;1,000;MESURE
2025-03-06 19:00:00+01:00;71,000;1,000;MESURE
2025-03-06 20:00:00+01:00;69,000;1,000;MESURE
2025-03-06 21:00:00+01:00;69,000;1,000;MESURE
2025-03-06 22:00:00+01:00;70,000;1,000;MESURE
2025-03-06 23:00:00+01:00;69,000;1,000;MESURE
2025-03-07 00:00:00+01:00;69,000;1,000;MESURE
2025-03-07 01:00:00+01:00;70,000;1,000;MESURE
2025-03-07 02:00:00+01:00;69,000;1,000;MESURE
2025-03-07 03:00:00+01:00;69,000;1,000;MESURE
2025-03-07 04:00:00+01:00;70,000;1,000;MESURE
2025-03-07 05:00:00+01:00;69,000;1,000;MESURE
2025-03-07 06:00:00+01:00;69,000;1,000;MESURE
2025-03-07 07:00:00+01:00;68,000;1,000;MESURE
2025-03-07 08:00:00+01:00;3471,000;1,000;MESURE
2025-03-07 09:00:00+01:00;1788,000;1,000;MESURE
2025-03-07 10:00:00+01:00;10811,000;1,000;MESURE
2025-03-07 11:00:00+01:00;10857,000;1,000;MESURE
2025-03-07 12:00:00+01:00;10843,000;1,000;MESURE
2025-03-07 13:00:00+01:00;10853,000;1,000;MESURE
2025-03-07 14:00:00+01:00;10461,000;1,000;MESURE
2025-03-07 15:00:00+01:00;4476,000;1,000;MESURE
2025-03-07 16:00:00+01:00;1445,000;1,000;MESURE
2025-03-07 17:00:00+01:00;70,000;1,000;MESURE
2025-03-07 18:00:00+01:00;70,000;1,000;MESURE
2025-03-07 19:00:00+01:00;70,000;1,000;MESURE
2025-03-07 20:00:00+01:00;69,000;1,000;MESURE
2025-03-07 21:00:00+01:00;69,000;1,000;MESURE
2025-03-07 22:00:00+01:00;68,000;1,000;MESURE
2025-03-07 23:00:00+01:00;69,000;1,000;MESURE
2025-03-08 00:00:00+01:00;69,000;1,000;MESURE
2025-03-08 01:00:00+01:00;69,000;1,000;MESURE
2025-03-08 02:00:00+01:00;68,000;1,000;MESURE
2025-03-08 03:00:00+01:00;69,000;1,000;MESURE
2025-03-08 04:00:00+01:00;69,000;1,000;MESURE
2025-03-08 05:00:00+01:00;68,000;1,000;MESURE
2025-03-08 06:00:00+01:00;68,000;1,000;MESURE
2025-03-08 07:00:00+01:00;68,000;1,000;MESURE
2025-03-08 08:00:00+01:00;70,000;1,000;MESURE
2025-03-08 09:00:00+01:00;69,000;1,000;MESURE
2025-03-08 10:00:00+01:00;70,000;1,000;MESURE
2025-03-08 11:00:00+01:00;70,000;1,000;MESURE
2025-03-08 12:00:00+01:00;70,000;1,000;MESURE
2025-03-08 13:00:00+01:00;70,000;1,000;MESURE
2025-03-08 14:00:00+01:00;69,000;1,000;MESURE
2025-03-08 15:00:00+01:00;70,000;1,000;MESURE
2025-03-08 16:00:00+01:00;70,000;1,000;MESURE
2025-03-08 17:00:00+01:00;69,000;1,000;MESURE
2025-03-08 18:00:00+01:00;70,000;1,000;MESURE
2025-03-08 19:00:00+01:00;70,000;1,000;MESURE
2025-03-08 20:00:00+01:00;68,000;1,000;MESURE
2025-03-08 21:00:00+01:00;69,000;1,000;MESURE
2025-03-08 22:00:00+01:00;69,000;1,000;MESURE
2025-03-08 23:00:00+01:00;68,000;1,000;MESURE
2025-03-09 00:00:00+01:00;69,000;1,000;MESURE
2025-03-09 01:00:00+01:00;69,000;1,000;MESURE
2025-03-09 02:00:00+01:00;68,000;1,000;MESURE
2025-03-09 03:00:00+01:00;69,000;1,000;MESURE
2025-03-09 04:00:00+01:00;69,000;1,000;MESURE
2025-03-09 05:00:00+01:00;68,000;1,000;MESURE
2025-03-09 06:00:00+01:00;68,000;1,000;MESURE
2025-03-09 07:00:00+01:00;68,000;1,000;MESURE
2025-03-09 08:00:00+01:00;69,000;1,000;MESURE
2025-03-09 09:00:00+01:00;69,000;1,000;MESURE
2025-03-09 10:00:00+01:00;69,000;1,000;MESURE
2025-03-09 11:00:00+01:00;68,000;1,000;MESURE
2025-03-09 12:00:00+01:00;70,000;1,000;MESURE
2025-03-09 13:00:00+01:00;69,000;1,000;MESURE
2025-03-09 14:00:00+01:00;69,000;1,000;MESURE
2025-03-09 15:00:00+01:00;69,000;1,000;MESURE
2025-03-09 16:00:00+01:00;69,000;1,000;MESURE
2025-03-09 17:00:00+01:00;70,000;1,000;MESURE
2025-03-09 18:00:00+01:00;10370,000;1,000;MESURE
2025-03-09 19:00:00+01:00;21166,000;1,000;MESURE
2025-03-09 20:00:00+01:00;21223,000;1,000;MESURE
2025-03-09 21:00:00+01:00;9495,000;1,000;MESURE
2025-03-09 22:00:00+01:00;68,000;1,000;MESURE
2025-03-09 23:00:00+01:00;68,000;1,000;MESURE
2025-03-10 00:00:00+01:00;68,000;1,000;MESURE
2025-03-10 01:00:00+01:00;68,000;1,000;MESURE
2025-03-10 02:00:00+01:00;68,000;1,000;MESURE
2025-03-10 03:00:00+01:00;69,000;1,000;MESURE
2025-03-10 04:00:00+01:00;68,000;1,000;MESURE
2025-03-10 05:00:00+01:00;68,000;1,000;MESURE
2025-03-10 06:00:00+01:00;67,000;1,000;MESURE
2025-03-10 07:00:00+01:00;68,000;1,000;MESURE
2025-03-10 08:00:00+01:00;69,000;1,000;MESURE
2025-03-10 09:00:00+01:00;70,000;1,000;MESURE
2025-03-10 10:00:00+01:00;69,000;1,000;MESURE
2025-03-10 11:00:00+01:00;69,000;1,000;MESURE
2025-03-10 12:00:00+01:00;70,000;1,000;MESURE
2025-03-10 13:00:00+01:00;69,000;1,000;MESURE
2025-03-10 14:00:00+01:00;8462,000;1,000;MESURE
2025-03-10 15:00:00+01:00;10784,000;1,000;MESURE
2025-03-10 16:00:00+01:00;10841,000;1,000;MESURE
2025-03-10 17:00:00+01:00;4588,000;1,000;MESURE
2025-03-10 18:00:00+01:00;70,000;1,000;MESURE
2025-03-10 19:00:00+01:00;70,000;1,000;MESURE
2025-03-10 20:00:00+01:00;68,000;1,000;MESURE
2025-03-10 21:00:00+01:00;68,000;1,000;MESURE
2025-03-10 22:00:00+01:00;68,000;1,000;MESURE
2025-03-10 23:00:00+01:00;68,000;1,000;MESURE
2025-03-11 00:00:00+01:00;68,000;1,000;MESURE
2025-03-11 01:00:00+01:00;69,000;1,000;MESURE
2025-03-11 02:00:00+01:00;68,000;1,000;MESURE
2025-03-11 03:00:00+01:00;68,000;1,000;MESURE
2025-03-11 04:00:00+01:00;68,000;1,000;MESURE
2025-03-11 05:00:00+01:00;68,000;1,000;MESURE
2025-03-11 06:00:00+01:00;67,000;1,000;MESURE
2025-03-11 07:00:00+01:00;67,000;1,000;MESURE
2025-03-11 08:00:00+01:00;69,000;1,000;MESURE
2025-03-11 09:00:00+01:00;70,000;1,000;MESURE
2025-03-11 10:00:00+01:00;69,000;1,000;MESURE
2025-03-11 11:00:00+01:00;69,000;1,000;MESURE
2025-03-11 12:00:00+01:00;71,000;1,000;MESURE
2025-03-11 13:00:00+01:00;70,000;1,000;MESURE
2025-03-11 14:00:00+01:00;71,000;1,000;MESURE
2025-03-11 15:00:00+01:00;71,000;1,000;MESURE
2025-03-11 16:00:00+01:00;70,000;1,000;MESURE
2025-03-11 17:00:00+01:00;70,000;1,000;MESURE
2025-03-11 18:00:00+01:00;70,000;1,000;MESURE
2025-03-11 19:00:00+01:00;71,000;1,000;MESURE
2025-03-11 20:00:00+01:00;68,000;1,000;MESURE
2025-03-11 21:00:00+01:00;69,000;1,000;MESURE
2025-03-11 22:00:00+01:00;69,000;1,000;MESURE
2025-03-11 23:00:00+01:00;68,000;1,000;MESURE
2025-03-12 00:00:00+01:00;69,000;1,000;MESURE
2025-03-12 01:00:00+01:00;69,000;1,000;MESURE
2025-03-12 02:00:00+01:00;68,000;1,000;MESURE
2025-03-12 03:00:00+01:00;69,000;1,000;MESURE
2025-03-12 04:00:00+01:00;69,000;1,000;MESURE
2025-03-12 05:00:00+01:00;68,000;1,000;MESURE
2025-03-12 06:00:00+01:00;68,000;1,000;MESURE
2025-03-12 07:00:00+01:00;67,000;1,000;MESURE
2025-03-12 08:00:00+01:00;69,000;1,000;MESURE
2025-03-12 09:00:00+01:00;70,000;1,000;MESURE
2025-03-12 10:00:00+01:00;3109,000;1,000;MESURE
2025-03-12 11:00:00+01:00;14756,000;1,000;MESURE
2025-03-12 12:00:00+01:00;17456,000;1,000;MESURE
2025-03-12 13:00:00+01:00;8336,000;1,000;MESURE
2025-03-12 14:00:00+01:00;10746,000;1,000;MESURE
2025-03-12 15:00:00+01:00;10817,000;1,000;MESURE
2025-03-12 16:00:00+01:00;8024,000;1,000;MESURE
2025-03-12 17:00:00+01:00;71,000;1,000;MESURE
2025-03-12 18:00:00+01:00;70,000;1,000;MESURE
2025-03-12 19:00:00+01:00;70,000;1,000;MESURE
2025-03-12 20:00:00+01:00;70,000;1,000;MESURE
2025-03-12 21:00:00+01:00;69,000;1,000;MESURE
2025-03-12 22:00:00+01:00;68,000;1,000;MESURE
2025-03-12 23:00:00+01:00;69,000;1,000;MESURE
2025-03-13 00:00:00+01:00;69,000;1,000;MESURE
2025-03-13 01:00:00+01:00;69,000;1,000;MESURE
2025-03-13 02:00:00+01:00;69,000;1,000;MESURE
2025-03-13 03:00:00+01:00;69,000;1,000;MESURE
2025-03-13 04:00:00+01:00;69,000;1,000;MESURE
2025-03-13 05:00:00+01:00;68,000;1,000;MESURE
2025-03-13 06:00:00+01:00;68,000;1,000;MESURE
2025-03-13 07:00:00+01:00;68,000;1,000;MESURE
2025-03-13 08:00:00+01:00;70,000;1,000;MESURE
2025-03-13 09:00:00+01:00;4290,000;1,000;MESURE
2025-03-13 10:00:00+01:00;10868,000;1,000;MESURE
2025-03-13 11:00:00+01:00;10884,000;1,000;MESURE
2025-03-13 12:00:00+01:00;10886,000;1,000;MESURE
2025-03-13 13:00:00+01:00;10764,000;1,000;MESURE
2025-03-13 14:00:00+01:00;5643,000;1,000;MESURE
2025-03-13 15:00:00+01:00;1331,000;1,000;MESURE
2025-03-13 16:00:00+01:00;10159,000;1,000;MESURE
2025-03-13 17:00:00+01:00;10956,000;1,000;MESURE
2025-03-13 18:00:00+01:00;10946,000;1,000;MESURE
2025-03-13 19:00:00+01:00;14079,000;1,000;MESURE
2025-03-13 20:00:00+01:00;11903,000;1,000;MESURE
2025-03-13 21:00:00+01:00;3517,000;1,000;MESURE
2025-03-13 22:00:00+01:00;69,000;1,000;MESURE
2025-03-13 23:00:00+01:00;69,000;1,000;MESURE
2025-03-14 00:00:00+01:00;69,000;1,000;MESURE
2025-03-14 01:00:00+01:00;70,000;1,000;MESURE
2025-03-14 02:00:00+01:00;69,000;1,000;MESURE
2025-03-14 03:00:00+01:00;69,000;1,000;MESURE
2025-03-14 04:00:00+01:00;69,000;1,000;MESURE
2025-03-14 05:00:00+01:00;69,000;1,000;MESURE
2025-03-14 06:00:00+01:00;68,000;1,000;MESURE
2025-03-14 07:00:00+01:00;69,000;1,000;MESURE
2025-03-14 08:00:00+01:00;70,000;1,000;MESURE
2025-03-14 09:00:00+01:00;70,000;1,000;MESURE
2025-03-14 10:00:00+01:00;70,000;1,000;MESURE
2025-03-14 11:00:00+01:00;71,000;1,000;MESURE
2025-03-14 12:00:00+01:00;8855,000;1,000;MESURE
2025-03-14 13:00:00+01:00;11036,000;1,000;MESURE
2025-03-14 14:00:00+01:00;11089,000;1,000;MESURE
2025-03-14 15:00:00+01:00;11103,000;1,000;MESURE
2025-03-14 16:00:00+01:00;4996,000;1,000;MESURE
2025-03-14 17:00:00+01:00;71,000;1,000;MESURE
2025-03-14 18:00:00+01:00;71,000;1,000;MESURE
2025-03-14 19:00:00+01:00;71,000;1,000;MESURE
2025-03-14 20:00:00+01:00;69,000;1,000;MESURE
2025-03-14 21:00:00+01:00;70,000;1,000;MESURE
2025-03-14 22:00:00+01:00;69,000;1,000;MESURE
2025-03-14 23:00:00+01:00;69,000;1,000;MESURE
2025-03-15 00:00:00+01:00;69,000;1,000;MESURE
2025-03-15 01:00:00+01:00;69,000;1,000;MESURE
2025-03-15 02:00:00+01:00;70,000;1,000;MESURE
2025-03-15 03:00:00+01:00;69,000;1,000;MESURE
2025-03-15 04:00:00+01:00;69,000;1,000;MESURE
2025-03-15 05:00:00+01:00;69,000;1,000;MESURE
2025-03-15 06:00:00+01:00;68,000;1,000;MESURE
2025-03-15 07:00:00+01:00;68,000;1,000;MESURE
2025-03-15 08:00:00+01:00;70,000;1,000;MESURE
2025-03-15 09:00:00+01:00;70,000;1,000;MESURE
2025-03-15 10:00:00+01:00;2715,000;1,000;MESURE
2025-03-15 11:00:00+01:00;10444,000;1,000;MESURE
2025-03-15 12:00:00+01:00;19297,000;1,000;MESURE
2025-03-15 13:00:00+01:00;20910,000;1,000;MESURE
2025-03-15 14:00:00+01:00;10639,000;1,000;MESURE
2025-03-15 15:00:00+01:00;70,000;1,000;MESURE
2025-03-15 16:00:00+01:00;71,000;1,000;MESURE
2025-03-15 17:00:00+01:00;70,000;1,000;MESURE
2025-03-15 18:00:00+01:00;6402,000;1,000;MESURE
2025-03-15 19:00:00+01:00;70,000;1,000;MESURE
2025-03-15 20:00:00+01:00;70,000;1,000;MESURE
2025-03-15 21:00:00+01:00;69,000;1,000;MESURE
2025-03-15 22:00:00+01:00;69,000;1,000;MESURE
2025-03-15 23:00:00+01:00;69,000;1,000;MESURE
2025-03-16 00:00:00+01:00;69,000;1,000;MESURE
2025-03-16 01:00:00+01:00;69,000;1,000;MESURE
2025-03-16 02:00:00+01:00;69,000;1,000;MESURE
2025-03-16 03:00:00+01:00;69,000;1,000;MESURE
2025-03-16 04:00:00+01:00;69,000;1,000;MESURE
2025-03-16 05:00:00+01:00;69,000;1,000;MESURE
2025-03-16 06:00:00+01:00;68,000;1,000;MESURE
2025-03-16 07:00:00+01:00;1009,000;1,000;MESURE
2025-03-16 08:00:00+01:00;19567,000;1,000;MESURE
2025-03-16 09:00:00+01:00;10526,000;1,000;MESURE
2025-03-16 10:00:00+01:00;13593,000;1,000;MESURE
2025-03-16 11:00:00+01:00;10685,000;1,000;MESURE
2025-03-16 12:00:00+01:00;1442,000;1,000;MESURE
2025-03-16 13:00:00+01:00;14037,000;1,000;MESURE
2025-03-16 14:00:00+01:00;15041,000;1,000;MESURE
2025-03-16 15:00:00+01:00;15173,000;1,000;MESURE
2025-03-16 16:00:00+01:00;11887,000;1,000;MESURE
2025-03-16 17:00:00+01:00;70,000;1,000;MESURE
2025-03-16 18:00:00+01:00;70,000;1,000;MESURE
2025-03-16 19:00:00+01:00;70,000;1,000;MESURE
2025-03-16 20:00:00+01:00;68,000;1,000;MESURE
2025-03-16 21:00:00+01:00;69,000;1,000;MESURE
2025-03-16 22:00:00+01:00;69,000;1,000;MESURE
2025-03-16 23:00:00+01:00;69,000;1,000;MESURE
2025-03-17 00:00:00+01:00;68,000;1,000;MESURE
2025-03-17 01:00:00+01:00;69,000;1,000;MESURE
2025-03-17 02:00:00+01:00;69,000;1,000;MESURE
2025-03-17 03:00:00+01:00;69,000;1,000;MESURE
2025-03-17 04:00:00+01:00;69,000;1,000;MESURE
2025-03-17 05:00:00+01:00;68,000;1,000;MESURE
2025-03-17 06:00:00+01:00;68,000;1,000;MESURE
2025-03-17 07:00:00+01:00;68,000;1,000;MESURE
2025-03-17 08:00:00+01:00;69,000;1,000;MESURE
2025-03-17 09:00:00+01:00;69,000;1,000;MESURE
2025-03-17 10:00:00+01:00;69,000;1,000;MESURE
2025-03-17 11:00:00+01:00;70,000;1,000;MESURE
2025-03-17 12:00:00+01:00;71,000;1,000;MESURE
2025-03-17 13:00:00+01:00;70,000;1,000;MESURE
2025-03-17 14:00:00+01:00;70,000;1,000;MESURE
2025-03-17 15:00:00+01:00;70,000;1,000;MESURE
2025-03-17 16:00:00+01:00;70,000;1,000;MESURE
2025-03-17 17:00:00+01:00;70,000;1,000;MESURE
2025-03-17 18:00:00+01:00;2964,000;1,000;MESURE
2025-03-17 19:00:00+01:00;3613,000;1,000;MESURE
2025-03-17 20:00:00+01:00;3611,000;1,000;MESURE
2025-03-17 21:00:00+01:00;1397,000;1,000;MESURE
2025-03-17 22:00:00+01:00;69,000;1,000;MESURE
2025-03-17 23:00:00+01:00;9872,000;1,000;MESURE
2025-03-18 00:00:00+01:00;10987,000;1,000;MESURE
2025-03-18 01:00:00+01:00;3196,000;1,000;MESURE
2025-03-18 02:00:00+01:00;69,000;1,000;MESURE
2025-03-18 03:00:00+01:00;69,000;1,000;MESURE
2025-03-18 04:00:00+01:00;68,000;1,000;MESURE
2025-03-18 05:00:00+01:00;69,000;1,000;MESURE
2025-03-18 06:00:00+01:00;68,000;1,000;MESURE
2025-03-18 07:00:00+01:00;68,000;1,000;MESURE
2025-03-18 08:00:00+01:00;69,000;1,000;MESURE
2025-03-18 09:00:00+01:00;70,000;1,000;MESURE
2025-03-18 10:00:00+01:00;70,000;1,000;MESURE
2025-03-18 11:00:00+01:00;69,000;1,000;MESURE
2025-03-18 12:00:00+01:00;70,000;1,000;MESURE
2025-03-18 13:00:00+01:00;72,000;1,000;MESURE
2025-03-18 14:00:00+01:00;71,000;1,000;MESURE
2025-03-18 15:00:00+01:00;71,000;1,000;MESURE
2025-03-18 16:00:00+01:00;2194,000;1,000;MESURE
2025-03-18 17:00:00+01:00;10771,000;1,000;MESURE
2025-03-18 18:00:00+01:00;3326,000;1,000;MESURE
2025-03-18 19:00:00+01:00;71,000;1,000;MESURE
2025-03-18 20:00:00+01:00;69,000;1,000;MESURE
2025-03-18 21:00:00+01:00;70,000;1,000;MESURE
2025-03-18 22:00:00+01:00;70,000;1,000;MESURE
2025-03-18 23:00:00+01:00;69,000;1,000;MESURE
2025-03-19 00:00:00+01:00;70,000;1,000;MESURE
2025-03-19 01:00:00+01:00;69,000;1,000;MESURE
2025-03-19 02:00:00+01:00;70,000;1,000;MESURE
2025-03-19 03:00:00+01:00;70,000;1,000;MESURE
2025-03-19 04:00:00+01:00;69,000;1,000;MESURE
2025-03-19 05:00:00+01:00;69,000;1,000;MESURE
2025-03-19 06:00:00+01:00;69,000;1,000;MESURE
2025-03-19 07:00:00+01:00;70,000;1,000;MESURE
2025-03-19 08:00:00+01:00;70,000;1,000;MESURE
2025-03-19 09:00:00+01:00;70,000;1,000;MESURE
2025-03-19 10:00:00+01:00;70,000;1,000;MESURE
2025-03-19 11:00:00+01:00;70,000;1,000;MESURE
2025-03-19 12:00:00+01:00;2553,000;1,000;MESURE
2025-03-19 13:00:00+01:00;10768,000;1,000;MESURE
2025-03-19 14:00:00+01:00;6055,000;1,000;MESURE
2025-03-19 15:00:00+01:00;72,000;1,000;MESURE
2025-03-19 16:00:00+01:00;72,000;1,000;MESURE
2025-03-19 17:00:00+01:00;71,000;1,000;MESURE
2025-03-19 18:00:00+01:00;5718,000;1,000;MESURE
2025-03-19 19:00:00+01:00;10992,000;1,000;MESURE
2025-03-19 20:00:00+01:00;11315,000;1,000;MESURE
2025-03-19 21:00:00+01:00;10759,000;1,000;MESURE
2025-03-19 22:00:00+01:00;10764,000;1,000;MESURE
2025-03-19 23:00:00+01:00;10779,000;1,000;MESURE
2025-03-20 00:00:00+01:00;7124,000;1,000;MESURE
2025-03-20 01:00:00+01:00;1747,000;1,000;MESURE
2025-03-20 02:00:00+01:00;70,000;1,000;MESURE
2025-03-20 03:00:00+01:00;69,000;1,000;MESURE
2025-03-20 04:00:00+01:00;70,000;1,000;MESURE
2025-03-20 05:00:00+01:00;69,000;1,000;MESURE
2025-03-20 06:00:00+01:00;69,000;1,000;MESURE
2025-03-20 07:00:00+01:00;69,000;1,000;MESURE
2025-03-20 08:00:00+01:00;70,000;1,000;MESURE
2025-03-20 09:00:00+01:00;69,000;1,000;MESURE
2025-03-20 10:00:00+01:00;70,000;1,000;MESURE
2025-03-20 11:00:00+01:00;70,000;1,000;MESURE
2025-03-20 12:00:00+01:00;71,000;1,000;MESURE
2025-03-20 13:00:00+01:00;72,000;1,000;MESURE
2025-03-20 14:00:00+01:00;73,000;1,000;MESURE
2025-03-20 15:00:00+01:00;71,000;1,000;MESURE
2025-03-20 16:00:00+01:00;72,000;1,000;MESURE
2025-03-20 17:00:00+01:00;71,000;1,000;MESURE
2025-03-20 18:00:00+01:00;72,000;1,000;MESURE
2025-03-20 19:00:00+01:00;71,000;1,000;MESURE
2025-03-20 20:00:00+01:00;4592,000;1,000;MESURE
2025-03-20 21:00:00+01:00;9702,000;1,000;MESURE
2025-03-20 22:00:00+01:00;70,000;1,000;MESURE
2025-03-20 23:00:00+01:00;70,000;1,000;MESURE
2025-03-21 00:00:00+01:00;70,000;1,000;MESURE
2025-03-21 01:00:00+01:00;70,000;1,000;MESURE
2025-03-21 02:00:00+01:00;70,000;1,000;MESURE
2025-03-21 03:00:00+01:00;70,000;1,000;MESURE
2025-03-21 04:00:00+01:00;70,000;1,000;MESURE
2025-03-21 05:00:00+01:00;69,000;1,000;MESURE
2025-03-21 06:00:00+01:00;70,000;1,000;MESURE
2025-03-21 07:00:00+01:00;69,000;1,000;MESURE
2025-03-21 08:00:00+01:00;71,000;1,000;MESURE
2025-03-21 09:00:00+01:00;266,000;1,000;MESURE
2025-03-21 10:00:00+01:00;571,000;1,000;MESURE
2025-03-21 11:00:00+01:00;70,000;1,000;MESURE
2025-03-21 12:00:00+01:00;72,000;1,000;MESURE
2025-03-21 13:00:00+01:00;71,000;1,000;MESURE
2025-03-21 14:00:00+01:00;71,000;1,000;MESURE
2025-03-21 15:00:00+01:00;71,000;1,000;MESURE
2025-03-21 16:00:00+01:00;72,000;1,000;MESURE
2025-03-21 17:00:00+01:00;71,000;1,000;MESURE
2025-03-21 18:00:00+01:00;71,000;1,000;MESURE
2025-03-21 19:00:00+01:00;71,000;1,000;MESURE
2025-03-21 20:00:00+01:00;6687,000;1,000;MESURE
2025-03-21 21:00:00+01:00;10635,000;1,000;MESURE
2025-03-21 22:00:00+01:00;179,000;1,000;MESURE
2025-03-21 23:00:00+01:00;69,000;1,000;MESURE
2025-03-22 00:00:00+01:00;70,000;1,000;MESURE
2025-03-22 01:00:00+01:00;69,000;1,000;MESURE
2025-03-22 02:00:00+01:00;69,000;1,000;MESURE
2025-03-22 03:00:00+01:00;69,000;1,000;MESURE
2025-03-22 04:00:00+01:00;70,000;1,000;MESURE
2025-03-22 05:00:00+01:00;68,000;1,000;MESURE
2025-03-22 06:00:00+01:00;69,000;1,000;MESURE
2025-03-22 07:00:00+01:00;68,000;1,000;MESURE
2025-03-22 08:00:00+01:00;1100,000;1,000;MESURE
2025-03-22 09:00:00+01:00;6264,000;1,000;MESURE
2025-03-22 10:00:00+01:00;5347,000;1,000;MESURE
2025-03-22 11:00:00+01:00;3947,000;1,000;MESURE
2025-03-22 12:00:00+01:00;3934,000;1,000;MESURE
2025-03-22 13:00:00+01:00;2468,000;1,000;MESURE
2025-03-22 14:00:00+01:00;70,000;1,000;MESURE
2025-03-22 15:00:00+01:00;69,000;1,000;MESURE
2025-03-22 16:00:00+01:00;879,000;1,000;MESURE
2025-03-22 17:00:00+01:00;13610,000;1,000;MESURE
2025-03-22 18:00:00+01:00;11370,000;1,000;MESURE
2025-03-22 19:00:00+01:00;14471,000;1,000;MESURE
2025-03-22 20:00:00+01:00;14420,000;1,000;MESURE
2025-03-22 21:00:00+01:00;12522,000;1,000;MESURE
2025-03-22 22:00:00+01:00;4071,000;1,000;MESURE
2025-03-22 23:00:00+01:00;1122,000;1,000;MESURE
2025-03-23 00:00:00+01:00;69,000;1,000;MESURE
2025-03-23 01:00:00+01:00;68,000;1,000;MESURE
2025-03-23 02:00:00+01:00;69,000;1,000;MESURE
2025-03-23 03:00:00+01:00;68,000;1,000;MESURE
2025-03-23 04:00:00+01:00;69,000;1,000;MESURE
2025-03-23 05:00:00+01:00;68,000;1,000;MESURE
2025-03-23 06:00:00+01:00;68,000;1,000;MESURE
2025-03-23 07:00:00+01:00;68,000;1,000;MESURE
2025-03-23 08:00:00+01:00;10342,000;1,000;MESURE
2025-03-23 09:00:00+01:00;10526,000;1,000;MESURE
2025-03-23 10:00:00+01:00;10528,000;1,000;MESURE
2025-03-23 11:00:00+01:00;10530,000;1,000;MESURE
2025-03-23 12:00:00+01:00;10529,000;1,000;MESURE
2025-03-23 13:00:00+01:00;4415,000;1,000;MESURE
2025-03-23 14:00:00+01:00;69,000;1,000;MESURE
2025-03-23 15:00:00+01:00;69,000;1,000;MESURE
2025-03-23 16:00:00+01:00;69,000;1,000;MESURE
2025-03-23 17:00:00+01:00;69,000;1,000;MESURE
2025-03-23 18:00:00+01:00;6186,000;1,000;MESURE
2025-03-23 19:00:00+01:00;7537,000;1,000;MESURE
2025-03-23 20:00:00+01:00;68,000;1,000;MESURE
2025-03-23 21:00:00+01:00;68,000;1,000;MESURE
2025-03-23 22:00:00+01:00;68,000;1,000;MESURE
2025-03-23 23:00:00+01:00;68,000;1,000;MESURE
2025-03-24 00:00:00+01:00;68,000;1,000;MESURE
2025-03-24 01:00:00+01:00;68,000;1,000;MESURE
2025-03-24 02:00:00+01:00;68,000;1,000;MESURE
2025-03-24 03:00:00+01:00;69,000;1,000;MESURE
2025-03-24 04:00:00+01:00;68,000;1,000;MESURE
2025-03-24 05:00:00+01:00;68,000;1,000;MESURE
2025-03-24 06:00:00+01:00;67,000;1,000;MESURE
2025-03-24 07:00:00+01:00;67,000;1,000;MESURE
2025-03-24 08:00:00+01:00;69,000;1,000;MESURE
2025-03-24 09:00:00+01:00;69,000;1,000;MESURE
2025-03-24 10:00:00+01:00;69,000;1,000;MESURE
2025-03-24 11:00:00+01:00;70,000;1,000;MESURE
2025-03-24 12:00:00+01:00;70,000;1,000;MESURE
2025-03-24 13:00:00+01:00;71,000;1,000;MESURE
2025-03-24 14:00:00+01:00;70,000;1,000;MESURE
2025-03-24 15:00:00+01:00;70,000;1,000;MESURE
2025-03-24 16:00:00+01:00;70,000;1,000;MESURE
2025-03-24 17:00:00+01:00;10347,000;1,000;MESURE
2025-03-24 18:00:00+01:00;10763,000;1,000;MESURE
2025-03-24 19:00:00+01:00;10832,000;1,000;MESURE
2025-03-24 20:00:00+01:00;8425,000;1,000;MESURE
2025-03-24 21:00:00+01:00;1682,000;1,000;MESURE
2025-03-24 22:00:00+01:00;69,000;1,000;MESURE
2025-03-24 23:00:00+01:00;68,000;1,000;MESURE
2025-03-25 00:00:00+01:00;69,000;1,000;MESURE
2025-03-25 01:00:00+01:00;69,000;1,000;MESURE
2025-03-25 02:00:00+01:00;69,000;1,000;MESURE
2025-03-25 03:00:00+01:00;69,000;1,000;MESURE
2025-03-25 04:00:00+01:00;69,000;1,000;MESURE
2025-03-25 05:00:00+01:00;68,000;1,000;MESURE
2025-03-25 06:00:00+01:00;69,000;1,000;MESURE
2025-03-25 07:00:00+01:00;67,000;1,000;MESURE
2025-03-25 08:00:00+01:00;70,000;1,000;MESURE
2025-03-25 09:00:00+01:00;69,000;1,000;MESURE
2025-03-25 10:00:00+01:00;68,000;1,000;MESURE
2025-03-25 11:00:00+01:00;69,000;1,000;MESURE
2025-03-25 12:00:00+01:00;71,000;1,000;MESURE
2025-03-25 13:00:00+01:00;3098,000;1,000;MESURE
2025-03-25 14:00:00+01:00;11257,000;1,000;MESURE
2025-03-25 15:00:00+01:00;11438,000;1,000;MESURE
2025-03-25 16:00:00+01:00;2505,000;1,000;MESURE
2025-03-25 17:00:00+01:00;71,000;1,000;MESURE
2025-03-25 18:00:00+01:00;872,000;1,000;MESURE
2025-03-25 19:00:00+01:00;11238,000;1,000;MESURE
2025-03-25 20:00:00+01:00;70,000;1,000;MESURE
2025-03-25 21:00:00+01:00;69,000;1,000;MESURE
2025-03-25 22:00:00+01:00;69,000;1,000;MESURE
2025-03-25 23:00:00+01:00;70,000;1,000;MESURE
2025-03-26 00:00:00+01:00;69,000;1,000;MESURE
2025-03-26 01:00:00+01:00;70,000;1,000;MESURE
2025-03-26 02:00:00+01:00;69,000;1,000;MESURE
2025-03-26 03:00:00+01:00;70,000;1,000;MESURE
2025-03-26 04:00:00+01:00;69,000;1,000;MESURE
2025-03-26 05:00:00+01:00;69,000;1,000;MESURE
2025-03-26 06:00:00+01:00;69,000;1,000;MESURE
2025-03-26 07:00:00+01:00;69,000;1,000;MESURE
2025-03-26 08:00:00+01:00;71,000;1,000;MESURE
2025-03-26 09:00:00+01:00;70,000;1,000;MESURE
2025-03-26 10:00:00+01:00;70,000;1,000;MESURE
2025-03-26 11:00:00+01:00;70,000;1,000;MESURE
2025-03-26 12:00:00+01:00;70,000;1,000;MESURE
2025-03-26 13:00:00+01:00;71,000;1,000;MESURE
2025-03-26 14:00:00+01:00;71,000;1,000;MESURE
2025-03-26 15:00:00+01:00;812,000;1,000;MESURE
2025-03-26 16:00:00+01:00;1429,000;1,000;MESURE
2025-03-26 17:00:00+01:00;8013,000;1,000;MESURE
2025-03-26 18:00:00+01:00;10777,000;1,000;MESURE
2025-03-26 19:00:00+01:00;12067,000;1,000;MESURE
2025-03-26 20:00:00+01:00;14460,000;1,000;MESURE
2025-03-26 21:00:00+01:00;12112,000;1,000;MESURE
2025-03-26 22:00:00+01:00;208,000;1,000;MESURE
2025-03-26 23:00:00+01:00;69,000;1,000;MESURE
2025-03-27 00:00:00+01:00;68,000;1,000;MESURE
2025-03-27 01:00:00+01:00;69,000;1,000;MESURE
2025-03-27 02:00:00+01:00;69,000;1,000;MESURE
2025-03-27 03:00:00+01:00;69,000;1,000;MESURE
2025-03-27 04:00:00+01:00;69,000;1,000;MESURE
2025-03-27 05:00:00+01:00;68,000;1,000;MESURE
2025-03-27 06:00:00+01:00;68,000;1,000;MESURE
2025-03-27 07:00:00+01:00;68,000;1,000;MESURE
2025-03-27 08:00:00+01:00;69,000;1,000;MESURE
2025-03-27 09:00:00+01:00;70,000;1,000;MESURE
2025-03-27 10:00:00+01:00;70,000;1,000;MESURE
2025-03-27 11:00:00+01:00;70,000;1,000;MESURE
2025-03-27 12:00:00+01:00;9262,000;1,000;MESURE
2025-03-27 13:00:00+01:00;2686,000;1,000;MESURE
2025-03-27 14:00:00+01:00;71,000;1,000;MESURE
2025-03-27 15:00:00+01:00;71,000;1,000;MESURE
2025-03-27 16:00:00+01:00;71,000;1,000;MESURE
2025-03-27 17:00:00+01:00;70,000;1,000;MESURE
2025-03-27 18:00:00+01:00;1351,000;1,000;MESURE
2025-03-27 19:00:00+01:00;14178,000;1,000;MESURE
2025-03-27 20:00:00+01:00;9154,000;1,000;MESURE
2025-03-27 21:00:00+01:00;3616,000;1,000;MESURE
2025-03-27 22:00:00+01:00;369,000;1,000;MESURE
2025-03-27 23:00:00+01:00;69,000;1,000;MESURE
2025-03-28 00:00:00+01:00;69,000;1,000;MESURE
2025-03-28 01:00:00+01:00;68,000;1,000;MESURE
2025-03-28 02:00:00+01:00;69,000;1,000;MESURE
2025-03-28 03:00:00+01:00;69,000;1,000;MESURE
2025-03-28 04:00:00+01:00;69,000;1,000;MESURE
2025-03-28 05:00:00+01:00;68,000;1,000;MESURE
2025-03-28 06:00:00+01:00;68,000;1,000;MESURE
2025-03-28 07:00:00+01:00;68,000;1,000;MESURE
2025-03-28 08:00:00+01:00;69,000;1,000;MESURE
2025-03-28 09:00:00+01:00;70,000;1,000;MESURE
2025-03-28 10:00:00+01:00;70,000;1,000;MESURE
2025-03-28 11:00:00+01:00;70,000;1,000;MESURE
2025-03-28 12:00:00+01:00;5797,000;1,000;MESURE
2025-03-28 13:00:00+01:00;6333,000;1,000;MESURE
2025-03-28 14:00:00+01:00;70,000;1,000;MESURE
2025-03-28 15:00:00+01:00;770,000;1,000;MESURE
2025-03-28 16:00:00+01:00;6214,000;1,000;MESURE
2025-03-28 17:00:00+01:00;70,000;1,000;MESURE
2025-03-28 18:00:00+01:00;6219,000;1,000;MESURE
2025-03-28 19:00:00+01:00;10802,000;1,000;MESURE
2025-03-28 20:00:00+01:00;10199,000;1,000;MESURE
2025-03-28 21:00:00+01:00;4362,000;1,000;MESURE
2025-03-28 22:00:00+01:00;282,000;1,000;MESURE
2025-03-28 23:00:00+01:00;68,000;1,000;MESURE
2025-03-29 00:00:00+01:00;69,000;1,000;MESURE
2025-03-29 01:00:00+01:00;69,000;1,000;MESURE
2025-03-29 02:00:00+01:00;68,000;1,000;MESURE
2025-03-29 03:00:00+01:00;69,000;1,000;MESURE
2025-03-29 04:00:00+01:00;69,000;1,000;MESURE
2025-03-29 05:00:00+01:00;68,000;1,000;MESURE
2025-03-29 06:00:00+01:00;68,000;1,000;MESURE
2025-03-29 07:00:00+01:00;68,000;1,000;MESURE
2025-03-29 08:00:00+01:00;70,000;1,000;MESURE
2025-03-29 09:00:00+01:00;70,000;1,000;MESURE
2025-03-29 10:00:00+01:00;10217,000;1,000;MESURE
2025-03-29 11:00:00+01:00;70,000;1,000;MESURE
2025-03-29 12:00:00+01:00;6214,000;1,000;MESURE
2025-03-29 13:00:00+01:00;5851,000;1,000;MESURE
2025-03-29 14:00:00+01:00;70,000;1,000;MESURE
2025-03-29 15:00:00+01:00;2632,000;1,000;MESURE
2025-03-29 16:00:00+01:00;11798,000;1,000;MESURE
2025-03-29 17:00:00+01:00;11815,000;1,000;MESURE
2025-03-29 18:00:00+01:00;11767,000;1,000;MESURE
2025-03-29 19:00:00+01:00;5066,000;1,000;MESURE
2025-03-29 20:00:00+01:00;69,000;1,000;MESURE
2025-03-29 21:00:00+01:00;68,000;1,000;MESURE
2025-03-29 22:00:00+01:00;68,000;1,000;MESURE
2025-03-29 23:00:00+01:00;69,000;1,000;MESURE
2025-03-30 00:00:00+01:00;68,000;1,000;MESURE
2025-03-30 01:00:00+01:00;69,000;1,000;MESURE
2025-03-30 03:00:00+02:00;68,000;1,000;MESURE
2025-03-30 04:00:00+02:00;68,000;1,000;MESURE
2025-03-30 05:00:00+02:00;68,000;1,000;MESURE
2025-03-30 06:00:00+02:00;68,000;1,000;MESURE
2025-03-30 07:00:00+02:00;5851,000;1,000;MESURE
2025-03-30 08:00:00+02:00;10460,000;1,000;MESURE
2025-03-30 09:00:00+02:00;10438,000;1,000;MESURE
2025-03-30 10:00:00+02:00;10430,000;1,000;MESURE
2025-03-30 11:00:00+02:00;1775,000;1,000;MESURE
2025-03-30 12:00:00+02:00;833,000;1,000;MESURE
2025-03-30 13:00:00+02:00;69,000;1,000;MESURE
2025-03-30 14:00:00+02:00;10306,000;1,000;MESURE
2025-03-30 15:00:00+02:00;11337,000;1,000;MESURE
2025-03-30 16:00:00+02:00;11476,000;1,000;MESURE
2025-03-30 17:00:00+02:00;16761,000;1,000;MESURE
2025-03-30 18:00:00+02:00;14871,000;1,000;MESURE
2025-03-30 19:00:00+02:00;11461,000;1,000;MESURE
2025-03-30 20:00:00+02:00;69,000;1,000;MESURE
2025-03-30 21:00:00+02:00;68,000;1,000;MESURE
2025-03-30 22:00:00+02:00;68,000;1,000;MESURE
2025-03-30 23:00:00+02:00;68,000;1,000;MESURE
2025-03-31 00:00:00+02:00;68,000;1,000;MESURE
2025-03-31 01:00:00+02:00;68,000;1,000;MESURE
2025-03-31 02:00:00+02:00;68,000;1,000;MESURE
2025-03-31 03:00:00+02:00;69,000;1,000;MESURE
2025-03-31 04:00:00+02:00;68,000;1,000;MESURE
2025-03-31 05:00:00+02:00;68,000;1,000;MESURE
2025-03-31 06:00:00+02:00;67,000;1,000;MESURE
2025-03-31 07:00:00+02:00;68,000;1,000;MESURE
2025-03-31 08:00:00+02:00;69,000;1,000;MESURE
2025-03-31 09:00:00+02:00;68,000;1,000;MESURE
2025-03-31 10:00:00+02:00;69,000;1,000;MESURE
2025-03-31 11:00:00+02:00;69,000;1,000;MESURE
2025-03-31 12:00:00+02:00;70,000;1,000;MESURE
2025-03-31 13:00:00+02:00;69,000;1,000;MESURE
2025-03-31 14:00:00+02:00;70,000;1,000;MESURE
2025-03-31 15:00:00+02:00;69,000;1,000;MESURE
2025-03-31 16:00:00+02:00;70,000;1,000;MESURE
2025-03-31 17:00:00+02:00;69,000;1,000;MESURE
2025-03-31 18:00:00+02:00;70,000;1,000;MESURE
2025-03-31 19:00:00+02:00;69,000;1,000;MESURE
2025-03-31 20:00:00+02:00;7249,000;1,000;MESURE
2025-03-31 21:00:00+02:00;10781,000;1,000;MESURE
2025-03-31 22:00:00+02:00;10801,000;1,000;MESURE
2025-03-31 23:00:00+02:00;10829,000;1,000;MESURE
2025-04-01 00:00:00+02:00;10805,000;1,000;MESURE
2025-04-01 01:00:00+02:00;9646,000;1,000;MESURE
2025-04-01 02:00:00+02:00;3576,000;1,000;MESURE
2025-04-01 03:00:00+02:00;334,000;1,000;MESURE
2025-04-01 04:00:00+02:00;68,000;1,000;MESURE
2025-04-01 05:00:00+02:00;68,000;1,000;MESURE
2025-04-01 06:00:00+02:00;68,000;1,000;MESURE
2025-04-01 07:00:00+02:00;67,000;1,000;MESURE
2025-04-01 08:00:00+02:00;69,000;1,000;MESURE
2025-04-01 09:00:00+02:00;69,000;1,000;MESURE
2025-04-01 10:00:00+02:00;69,000;1,000;MESURE
2025-04-01 11:00:00+02:00;70,000;1,000;MESURE
2025-04-01 12:00:00+02:00;69,000;1,000;MESURE
2025-04-01 13:00:00+02:00;71,000;1,000;MESURE
2025-04-01 14:00:00+02:00;71,000;1,000;MESURE
2025-04-01 15:00:00+02:00;70,000;1,000;MESURE
2025-04-01 16:00:00+02:00;71,000;1,000;MESURE
2025-04-01 17:00:00+02:00;70,000;1,000;MESURE
2025-04-01 18:00:00+02:00;5205,000;1,000;MESURE
2025-04-01 19:00:00+02:00;12081,000;1,000;MESURE
2025-04-01 20:00:00+02:00;21739,000;1,000;MESURE
2025-04-01 21:00:00+02:00;21764,000;1,000;MESURE
2025-04-01 22:00:00+02:00;21388,000;1,000;MESURE
2025-04-01 23:00:00+02:00;2859,000;1,000;MESURE
2025-04-02 00:00:00+02:00;68,000;1,000;MESURE
2025-04-02 01:00:00+02:00;69,000;1,000;MESURE
2025-04-02 02:00:00+02:00;69,000;1,000;MESURE
2025-04-02 03:00:00+02:00;68,000;1,000;MESURE
2025-04-02 04:00:00+02:00;69,000;1,000;MESURE
2025-04-02 05:00:00+02:00;68,000;1,000;MESURE
2025-04-02 06:00:00+02:00;68,000;1,000;MESURE
2025-04-02 07:00:00+02:00;68,000;1,000;MESURE
2025-04-02 08:00:00+02:00;70,000;1,000;MESURE
2025-04-02 09:00:00+02:00;70,000;1,000;MESURE
2025-04-02 10:00:00+02:00;70,000;1,000;MESURE
2025-04-02 11:00:00+02:00;69,000;1,000;MESURE
2025-04-02 12:00:00+02:00;71,000;1,000;MESURE
2025-04-02 13:00:00+02:00;71,000;1,000;MESURE
2025-04-02 14:00:00+02:00;70,000;1,000;MESURE
2025-04-02 15:00:00+02:00;71,000;1,000;MESURE
2025-04-02 16:00:00+02:00;70,000;1,000;MESURE
2025-04-02 17:00:00+02:00;6022,000;1,000;MESURE
2025-04-02 18:00:00+02:00;10790,000;1,000;MESURE
2025-04-02 19:00:00+02:00;2805,000;1,000;MESURE
2025-04-02 20:00:00+02:00;3741,000;1,000;MESURE
2025-04-02 21:00:00+02:00;2306,000;1,000;MESURE
2025-04-02 22:00:00+02:00;69,000;1,000;MESURE
2025-04-02 23:00:00+02:00;69,000;1,000;MESURE
2025-04-03 00:00:00+02:00;69,000;1,000;MESURE
2025-04-03 01:00:00+02:00;69,000;1,000;MESURE
2025-04-03 02:00:00+02:00;69,000;1,000;MESURE
2025-04-03 03:00:00+02:00;69,000;1,000;MESURE
2025-04-03 04:00:00+02:00;69,000;1,000;MESURE
2025-04-03 05:00:00+02:00;68,000;1,000;MESURE
2025-04-03 06:00:00+02:00;69,000;1,000;MESURE
2025-04-03 07:00:00+02:00;68,000;1,000;MESURE
2025-04-03 08:00:00+02:00;70,000;1,000;MESURE
2025-04-03 09:00:00+02:00;70,000;1,000;MESURE
2025-04-03 10:00:00+02:00;69,000;1,000;MESURE
2025-04-03 11:00:00+02:00;70,000;1,000;MESURE
2025-04-03 12:00:00+02:00;71,000;1,000;MESURE
2025-04-03 13:00:00+02:00;70,000;1,000;MESURE
2025-04-03 14:00:00+02:00;70,000;1,000;MESURE
2025-04-03 15:00:00+02:00;71,000;1,000;MESURE
2025-04-03 16:00:00+02:00;70,000;1,000;MESURE
2025-04-03 17:00:00+02:00;70,000;1,000;MESURE
2025-04-03 18:00:00+02:00;70,000;1,000;MESURE
2025-04-03 19:00:00+02:00;70,000;1,000;MESURE
2025-04-03 20:00:00+02:00;2085,000;1,000;MESURE
2025-04-03 21:00:00+02:00;10863,000;1,000;MESURE
2025-04-03 22:00:00+02:00;10829,000;1,000;MESURE
2025-04-03 23:00:00+02:00;10905,000;1,000;MESURE
2025-04-04 00:00:00+02:00;4777,000;1,000;MESURE
2025-04-04 01:00:00+02:00;69,000;1,000;MESURE
2025-04-04 02:00:00+02:00;68,000;1,000;MESURE
2025-04-04 03:00:00+02:00;69,000;1,000;MESURE
2025-04-04 04:00:00+02:00;69,000;1,000;MESURE
2025-04-04 05:00:00+02:00;68,000;1,000;MESURE
2025-04-04 06:00:00+02:00;69,000;1,000;MESURE
2025-04-04 07:00:00+02:00;68,000;1,000;MESURE
2025-04-04 08:00:00+02:00;69,000;1,000;MESURE
2025-04-04 09:00:00+02:00;69,000;1,000;MESURE
2025-04-04 10:00:00+02:00;70,000;1,000;MESURE
2025-04-04 11:00:00+02:00;70,000;1,000;MESURE
2025-04-04 12:00:00+02:00;71,000;1,000;MESURE
2025-04-04 13:00:00+02:00;71,000;1,000;MESURE
2025-04-04 14:00:00+02:00;70,000;1,000;MESURE
2025-04-04 15:00:00+02:00;71,000;1,000;MESURE
2025-04-04 16:00:00+02:00;70,000;1,000;MESURE
2025-04-04 17:00:00+02:00;71,000;1,000;MESURE
2025-04-04 18:00:00+02:00;856,000;1,000;MESURE
2025-04-04 19:00:00+02:00;15182,000;1,000;MESURE
2025-04-04 20:00:00+02:00;15946,000;1,000;MESURE
2025-04-04 21:00:00+02:00;10780,000;1,000;MESURE
2025-04-04 22:00:00+02:00;1348,000;1,000;MESURE
2025-04-04 23:00:00+02:00;70,000;1,000;MESURE
2025-04-05 00:00:00+02:00;69,000;1,000;MESURE
2025-04-05 01:00:00+02:00;69,000;1,000;MESURE
2025-04-05 02:00:00+02:00;69,000;1,000;MESURE
2025-04-05 03:00:00+02:00;69,000;1,000;MESURE
2025-04-05 04:00:00+02:00;70,000;1,000;MESURE
2025-04-05 05:00:00+02:00;68,000;1,000;MESURE
2025-04-05 06:00:00+02:00;120,000;1,000;MESURE
2025-04-05 07:00:00+02:00;10447,000;1,000;MESURE
2025-04-05 08:00:00+02:00;10428,000;1,000;MESURE
2025-04-05 09:00:00+02:00;10429,000;1,000;MESURE
2025-04-05 10:00:00+02:00;3251,000;1,000;MESURE
2025-04-05 11:00:00+02:00;71,000;1,000;MESURE
2025-04-05 12:00:00+02:00;70,000;1,000;MESURE
2025-04-05 13:00:00+02:00;71,000;1,000;MESURE
2025-04-05 14:00:00+02:00;70,000;1,000;MESURE
2025-04-05 15:00:00+02:00;70,000;1,000;MESURE
2025-04-05 16:00:00+02:00;70,000;1,000;MESURE
2025-04-05 17:00:00+02:00;70,000;1,000;MESURE
2025-04-05 18:00:00+02:00;70,000;1,000;MESURE
2025-04-05 19:00:00+02:00;70,000;1,000;MESURE
2025-04-05 20:00:00+02:00;3652,000;1,000;MESURE
2025-04-05 21:00:00+02:00;6369,000;1,000;MESURE
2025-04-05 22:00:00+02:00;69,000;1,000;MESURE
2025-04-05 23:00:00+02:00;69,000;1,000;MESURE
2025-04-06 00:00:00+02:00;69,000;1,000;MESURE
2025-04-06 01:00:00+02:00;68,000;1,000;MESURE
2025-04-06 02:00:00+02:00;69,000;1,000;MESURE
2025-04-06 03:00:00+02:00;69,000;1,000;MESURE
2025-04-06 04:00:00+02:00;69,000;1,000;MESURE
2025-04-06 05:00:00+02:00;69,000;1,000;MESURE
2025-04-06 06:00:00+02:00;68,000;1,000;MESURE
2025-04-06 07:00:00+02:00;68,000;1,000;MESURE
2025-04-06 08:00:00+02:00;70,000;1,000;MESURE
2025-04-06 09:00:00+02:00;10352,000;1,000;MESURE
2025-04-06 10:00:00+02:00;10514,000;1,000;MESURE
2025-04-06 11:00:00+02:00;10515,000;1,000;MESURE
2025-04-06 12:00:00+02:00;7586,000;1,000;MESURE
2025-04-06 13:00:00+02:00;70,000;1,000;MESURE
2025-04-06 14:00:00+02:00;69,000;1,000;MESURE
2025-04-06 15:00:00+02:00;695,000;1,000;MESURE
2025-04-06 16:00:00+02:00;11459,000;1,000;MESURE
2025-04-06 17:00:00+02:00;16445,000;1,000;MESURE
2025-04-06 18:00:00+02:00;20408,000;1,000;MESURE
2025-04-06 19:00:00+02:00;20066,000;1,000;MESURE
2025-04-06 20:00:00+02:00;10695,000;1,000;MESURE
2025-04-06 21:00:00+02:00;10543,000;1,000;MESURE
2025-04-06 22:00:00+02:00;4424,000;1,000;MESURE
2025-04-06 23:00:00+02:00;68,000;1,000;MESURE
2025-04-07 00:00:00+02:00;69,000;1,000;MESURE
2025-04-07 01:00:00+02:00;68,000;1,000;MESURE
2025-04-07 02:00:00+02:00;69,000;1,000;MESURE
2025-04-07 03:00:00+02:00;69,000;1,000;MESURE
2025-04-07 04:00:00+02:00;68,000;1,000;MESURE
2025-04-07 05:00:00+02:00;68,000;1,000;MESURE
2025-04-07 06:00:00+02:00;68,000;1,000;MESURE
2025-04-07 07:00:00+02:00;68,000;1,000;MESURE
2025-04-07 08:00:00+02:00;70,000;1,000;MESURE
2025-04-07 09:00:00+02:00;69,000;1,000;MESURE
2025-04-07 10:00:00+02:00;69,000;1,000;MESURE
2025-04-07 11:00:00+02:00;70,000;1,000;MESURE
2025-04-07 12:00:00+02:00;70,000;1,000;MESURE
2025-04-07 13:00:00+02:00;70,000;1,000;MESURE
2025-04-07 14:00:00+02:00;70,000;1,000;MESURE
2025-04-07 15:00:00+02:00;69,000;1,000;MESURE
2025-04-07 16:00:00+02:00;70,000;1,000;MESURE
2025-04-07 17:00:00+02:00;70,000;1,000;MESURE
2025-04-07 18:00:00+02:00;2659,000;1,000;MESURE
2025-04-07 19:00:00+02:00;10770,000;1,000;MESURE
2025-04-07 20:00:00+02:00;10783,000;1,000;MESURE
2025-04-07 21:00:00+02:00;10792,000;1,000;MESURE
2025-04-07 22:00:00+02:00;10812,000;1,000;MESURE
2025-04-07 23:00:00+02:00;10445,000;1,000;MESURE
2025-04-08 00:00:00+02:00;4105,000;1,000;MESURE
2025-04-08 01:00:00+02:00;884,000;1,000;MESURE
2025-04-08 02:00:00+02:00;68,000;1,000;MESURE
2025-04-08 03:00:00+02:00;69,000;1,000;MESURE
2025-04-08 04:00:00+02:00;69,000;1,000;MESURE
2025-04-08 05:00:00+02:00;68,000;1,000;MESURE
2025-04-08 06:00:00+02:00;68,000;1,000;MESURE
2025-04-08 07:00:00+02:00;69,000;1,000;MESURE
2025-04-08 08:00:00+02:00;70,000;1,000;MESURE
2025-04-08 09:00:00+02:00;69,000;1,000;MESURE
2025-04-08 10:00:00+02:00;70,000;1,000;MESURE
2025-04-08 11:00:00+02:00;69,000;1,000;MESURE
2025-04-08 12:00:00+02:00;70,000;1,000;MESURE
2025-04-08 13:00:00+02:00;70,000;1,000;MESURE
2025-04-08 14:00:00+02:00;71,000;1,000;MESURE
2025-04-08 15:00:00+02:00;70,000;1,000;MESURE
2025-04-08 16:00:00+02:00;70,000;1,000;MESURE
2025-04-08 17:00:00+02:00;71,000;1,000;MESURE
2025-04-08 18:00:00+02:00;70,000;1,000;MESURE
2025-04-08 19:00:00+02:00;11912,000;1,000;MESURE
2025-04-08 20:00:00+02:00;14439,000;1,000;MESURE
2025-04-08 21:00:00+02:00;14412,000;1,000;MESURE
2025-04-08 22:00:00+02:00;5346,000;1,000;MESURE
2025-04-08 23:00:00+02:00;68,000;1,000;MESURE
2025-04-09 00:00:00+02:00;69,000;1,000;MESURE
2025-04-09 01:00:00+02:00;69,000;1,000;MESURE
2025-04-09 02:00:00+02:00;69,000;1,000;MESURE
2025-04-09 03:00:00+02:00;69,000;1,000;MESURE
2025-04-09 04:00:00+02:00;69,000;1,000;MESURE
2025-04-09 05:00:00+02:00;68,000;1,000;MESURE
2025-04-09 06:00:00+02:00;69,000;1,000;MESURE
2025-04-09 07:00:00+02:00;68,000;1,000;MESURE
2025-04-09 08:00:00+02:00;69,000;1,000;MESURE
2025-04-09 09:00:00+02:00;70,000;1,000;MESURE
2025-04-09 10:00:00+02:00;70,000;1,000;MESURE
2025-04-09 11:00:00+02:00;69,000;1,000;MESURE
2025-04-09 12:00:00+02:00;70,000;1,000;MESURE
2025-04-09 13:00:00+02:00;70,000;1,000;MESURE
2025-04-09 14:00:00+02:00;70,000;1,000;MESURE
2025-04-09 15:00:00+02:00;71,000;1,000;MESURE
2025-04-09 16:00:00+02:00;70,000;1,000;MESURE
2025-04-09 17:00:00+02:00;1598,000;1,000;MESURE
2025-04-09 18:00:00+02:00;12754,000;1,000;MESURE
2025-04-09 19:00:00+02:00;14328,000;1,000;MESURE
2025-04-09 20:00:00+02:00;8294,000;1,000;MESURE
2025-04-09 21:00:00+02:00;3629,000;1,000;MESURE
2025-04-09 22:00:00+02:00;89,000;1,000;MESURE
2025-04-09 23:00:00+02:00;68,000;1,000;MESURE
2025-04-10 00:00:00+02:00;69,000;1,000;MESURE
2025-04-10 01:00:00+02:00;68,000;1,000;MESURE
2025-04-10 02:00:00+02:00;69,000;1,000;MESURE
2025-04-10 03:00:00+02:00;69,000;1,000;MESURE
2025-04-10 04:00:00+02:00;69,000;1,000;MESURE
2025-04-10 05:00:00+02:00;68,000;1,000;MESURE
2025-04-10 06:00:00+02:00;69,000;1,000;MESURE
2025-04-10 07:00:00+02:00;68,000;1,000;MESURE
2025-04-10 08:00:00+02:00;70,000;1,000;MESURE
2025-04-10 09:00:00+02:00;69,000;1,000;MESURE
2025-04-10 10:00:00+02:00;70,000;1,000;MESURE
2025-04-10 11:00:00+02:00;69,000;1,000;MESURE
2025-04-10 12:00:00+02:00;6527,000;1,000;MESURE
2025-04-10 13:00:00+02:00;11125,000;1,000;MESURE
2025-04-10 14:00:00+02:00;11127,000;1,000;MESURE
2025-04-10 15:00:00+02:00;13313,000;1,000;MESURE
2025-04-10 16:00:00+02:00;15022,000;1,000;MESURE
2025-04-10 17:00:00+02:00;7665,000;1,000;MESURE
2025-04-10 18:00:00+02:00;3466,000;1,000;MESURE
2025-04-10 19:00:00+02:00;70,000;1,000;MESURE
2025-04-10 20:00:00+02:00;2259,000;1,000;MESURE
2025-04-10 21:00:00+02:00;6049,000;1,000;MESURE
2025-04-10 22:00:00+02:00;10851,000;1,000;MESURE
2025-04-10 23:00:00+02:00;10812,000;1,000;MESURE
2025-04-11 00:00:00+02:00;10828,000;1,000;MESURE
2025-04-11 01:00:00+02:00;8753,000;1,000;MESURE
2025-04-11 02:00:00+02:00;2648,000;1,000;MESURE
2025-04-11 03:00:00+02:00;145,000;1,000;MESURE
2025-04-11 04:00:00+02:00;69,000;1,000;MESURE
2025-04-11 05:00:00+02:00;68,000;1,000;MESURE
2025-04-11 06:00:00+02:00;68,000;1,000;MESURE
2025-04-11 07:00:00+02:00;69,000;1,000;MESURE
2025-04-11 08:00:00+02:00;69,000;1,000;MESURE
2025-04-11 09:00:00+02:00;70,000;1,000;MESURE
2025-04-11 10:00:00+02:00;69,000;1,000;MESURE
2025-04-11 11:00:00+02:00;70,000;1,000;MESURE
2025-04-11 12:00:00+02:00;70,000;1,000;MESURE
2025-04-11 13:00:00+02:00;71,000;1,000;MESURE
2025-04-11 14:00:00+02:00;69,000;1,000;MESURE
2025-04-11 15:00:00+02:00;70,000;1,000;MESURE
2025-04-11 16:00:00+02:00;1902,000;1,000;MESURE
2025-04-11 17:00:00+02:00;11344,000;1,000;MESURE
2025-04-11 18:00:00+02:00;3113,000;1,000;MESURE
2025-04-11 19:00:00+02:00;964,000;1,000;MESURE
2025-04-11 20:00:00+02:00;5044,000;1,000;MESURE
2025-04-11 21:00:00+02:00;13418,000;1,000;MESURE
2025-04-11 22:00:00+02:00;10828,000;1,000;MESURE
2025-04-11 23:00:00+02:00;10807,000;1,000;MESURE
2025-04-12 00:00:00+02:00;8025,000;1,000;MESURE
2025-04-12 01:00:00+02:00;68,000;1,000;MESURE
2025-04-12 02:00:00+02:00;69,000;1,000;MESURE
2025-04-12 03:00:00+02:00;68,000;1,000;MESURE
2025-04-12 04:00:00+02:00;69,000;1,000;MESURE
2025-04-12 05:00:00+02:00;68,000;1,000;MESURE
2025-04-12 06:00:00+02:00;67,000;1,000;MESURE
2025-04-12 07:00:00+02:00;68,000;1,000;MESURE
2025-04-12 08:00:00+02:00;10063,000;1,000;MESURE
2025-04-12 09:00:00+02:00;10806,000;1,000;MESURE
2025-04-12 10:00:00+02:00;21415,000;1,000;MESURE
2025-04-12 11:00:00+02:00;18302,000;1,000;MESURE
2025-04-12 12:00:00+02:00;17558,000;1,000;MESURE
2025-04-12 13:00:00+02:00;14020,000;1,000;MESURE
2025-04-12 14:00:00+02:00;11826,000;1,000;MESURE
2025-04-12 15:00:00+02:00;11677,000;1,000;MESURE
2025-04-12 16:00:00+02:00;5470,000;1,000;MESURE
2025-04-12 17:00:00+02:00;70,000;1,000;MESURE
2025-04-12 18:00:00+02:00;70,000;1,000;MESURE
2025-04-12 19:00:00+02:00;70,000;1,000;MESURE
2025-04-12 20:00:00+02:00;2138,000;1,000;MESURE
2025-04-12 21:00:00+02:00;10484,000;1,000;MESURE
2025-04-12 22:00:00+02:00;1979,000;1,000;MESURE
2025-04-12 23:00:00+02:00;68,000;1,000;MESURE
2025-04-13 00:00:00+02:00;69,000;1,000;MESURE
2025-04-13 01:00:00+02:00;68,000;1,000;MESURE
2025-04-13 02:00:00+02:00;69,000;1,000;MESURE
2025-04-13 03:00:00+02:00;68,000;1,000;MESURE
2025-04-13 04:00:00+02:00;69,000;1,000;MESURE
2025-04-13 05:00:00+02:00;68,000;1,000;MESURE
2025-04-13 06:00:00+02:00;4761,000;1,000;MESURE
2025-04-13 07:00:00+02:00;10433,000;1,000;MESURE
2025-04-13 08:00:00+02:00;10428,000;1,000;MESURE
2025-04-13 09:00:00+02:00;4969,000;1,000;MESURE
2025-04-13 10:00:00+02:00;70,000;1,000;MESURE
2025-04-13 11:00:00+02:00;6599,000;1,000;MESURE
2025-04-13 12:00:00+02:00;8266,000;1,000;MESURE
2025-04-13 13:00:00+02:00;70,000;1,000;MESURE
2025-04-13 14:00:00+02:00;69,000;1,000;MESURE
2025-04-13 15:00:00+02:00;70,000;1,000;MESURE
2025-04-13 16:00:00+02:00;70,000;1,000;MESURE
2025-04-13 17:00:00+02:00;70,000;1,000;MESURE
2025-04-13 18:00:00+02:00;69,000;1,000;MESURE
2025-04-13 19:00:00+02:00;763,000;1,000;MESURE
2025-04-13 20:00:00+02:00;11408,000;1,000;MESURE
2025-04-13 21:00:00+02:00;11453,000;1,000;MESURE
2025-04-13 22:00:00+02:00;5053,000;1,000;MESURE
2025-04-13 23:00:00+02:00;68,000;1,000;MESURE
2025-04-14 00:00:00+02:00;69,000;1,000;MESURE
2025-04-14 01:00:00+02:00;68,000;1,000;MESURE
2025-04-14 02:00:00+02:00;68,000;1,000;MESURE
2025-04-14 03:00:00+02:00;69,000;1,000;MESURE
2025-04-14 04:00:00+02:00;68,000;1,000;MESURE
2025-04-14 05:00:00+02:00;68,000;1,000;MESURE
2025-04-14 06:00:00+02:00;68,000;1,000;MESURE
2025-04-14 07:00:00+02:00;68,000;1,000;MESURE
2025-04-14 08:00:00+02:00;70,000;1,000;MESURE
2025-04-14 09:00:00+02:00;70,000;1,000;MESURE
2025-04-14 10:00:00+02:00;69,000;1,000;MESURE
2025-04-14 11:00:00+02:00;70,000;1,000;MESURE
2025-04-14 12:00:00+02:00;70,000;1,000;MESURE
2025-04-14 13:00:00+02:00;70,000;1,000;MESURE
2025-04-14 14:00:00+02:00;70,000;1,000;MESURE
2025-04-14 15:00:00+02:00;70,000;1,000;MESURE
2025-04-14 16:00:00+02:00;7978,000;1,000;MESURE
2025-04-14 17:00:00+02:00;10580,000;1,000;MESURE
2025-04-14 18:00:00+02:00;10561,000;1,000;MESURE
2025-04-14 19:00:00+02:00;6799,000;1,000;MESURE
2025-04-14 20:00:00+02:00;4466,000;1,000;MESURE
2025-04-14 21:00:00+02:00;10821,000;1,000;MESURE
2025-04-14 22:00:00+02:00;10829,000;1,000;MESURE
2025-04-14 23:00:00+02:00;10826,000;1,000;MESURE
2025-04-15 00:00:00+02:00;10819,000;1,000;MESURE
2025-04-15 01:00:00+02:00;2103,000;1,000;MESURE
2025-04-15 02:00:00+02:00;68,000;1,000;MESURE
2025-04-15 03:00:00+02:00;69,000;1,000;MESURE
2025-04-15 04:00:00+02:00;68,000;1,000;MESURE
2025-04-15 05:00:00+02:00;68,000;1,000;MESURE
2025-04-15 06:00:00+02:00;67,000;1,000;MESURE
2025-04-15 07:00:00+02:00;68,000;1,000;MESURE
2025-04-15 08:00:00+02:00;69,000;1,000;MESURE
2025-04-15 09:00:00+02:00;70,000;1,000;MESURE
2025-04-15 10:00:00+02:00;69,000;1,000;MESURE
2025-04-15 11:00:00+02:00;70,000;1,000;MESURE
2025-04-15 12:00:00+02:00;71,000;1,000;MESURE
2025-04-15 13:00:00+02:00;70,000;1,000;MESURE
2025-04-15 14:00:00+02:00;71,000;1,000;MESURE
2025-04-15 15:00:00+02:00;70,000;1,000;MESURE
2025-04-15 16:00:00+02:00;9544,000;1,000;MESURE
2025-04-15 17:00:00+02:00;11053,000;1,000;MESURE
2025-04-15 18:00:00+02:00;17768,000;1,000;MESURE
2025-04-15 19:00:00+02:00;21779,000;1,000;MESURE
2025-04-15 20:00:00+02:00;17536,000;1,000;MESURE
2025-04-15 21:00:00+02:00;19624,000;1,000;MESURE
2025-04-15 22:00:00+02:00;13993,000;1,000;MESURE
2025-04-15 23:00:00+02:00;11527,000;1,000;MESURE
2025-04-16 00:00:00+02:00;3867,000;1,000;MESURE
2025-04-16 01:00:00+02:00;68,000;1,000;MESURE
2025-04-16 02:00:00+02:00;69,000;1,000;MESURE
2025-04-16 03:00:00+02:00;1270,000;1,000;MESURE
2025-04-16 04:00:00+02:00;69,000;1,000;MESURE
2025-04-16 05:00:00+02:00;68,000;1,000;MESURE
2025-04-16 06:00:00+02:00;68,000;1,000;MESURE
2025-04-16 07:00:00+02:00;67,000;1,000;MESURE
2025-04-16 08:00:00+02:00;69,000;1,000;MESURE
2025-04-16 09:00:00+02:00;71,000;1,000;MESURE
2025-04-16 10:00:00+02:00;70,000;1,000;MESURE
2025-04-16 11:00:00+02:00;2075,000;1,000;MESURE
2025-04-16 12:00:00+02:00;10547,000;1,000;MESURE
2025-04-16 13:00:00+02:00;1850,000;1,000;MESURE
2025-04-16 14:00:00+02:00;72,000;1,000;MESURE
2025-04-16 15:00:00+02:00;72,000;1,000;MESURE
2025-04-16 16:00:00+02:00;72,000;1,000;MESURE
2025-04-16 17:00:00+02:00;1115,000;1,000;MESURE
2025-04-16 18:00:00+02:00;10578,000;1,000;MESURE
2025-04-16 19:00:00+02:00;16941,000;1,000;MESURE
2025-04-16 20:00:00+02:00;12335,000;1,000;MESURE
2025-04-16 21:00:00+02:00;10612,000;1,000;MESURE
2025-04-16 22:00:00+02:00;8081,000;1,000;MESURE
2025-04-16 23:00:00+02:00;6406,000;1,000;MESURE
2025-04-17 00:00:00+02:00;10972,000;1,000;MESURE
2025-04-17 01:00:00+02:00;11008,000;1,000;MESURE
2025-04-17 02:00:00+02:00;11025,000;1,000;MESURE
2025-04-17 03:00:00+02:00;8708,000;1,000;MESURE
2025-04-17 04:00:00+02:00;70,000;1,000;MESURE
2025-04-17 05:00:00+02:00;69,000;1,000;MESURE
2025-04-17 06:00:00+02:00;69,000;1,000;MESURE
2025-04-17 07:00:00+02:00;68,000;1,000;MESURE
2025-04-17 08:00:00+02:00;71,000;1,000;MESURE
2025-04-17 09:00:00+02:00;70,000;1,000;MESURE
2025-04-17 10:00:00+02:00;70,000;1,000;MESURE
2025-04-17 11:00:00+02:00;71,000;1,000;MESURE
2025-04-17 12:00:00+02:00;72,000;1,000;MESURE
2025-04-17 13:00:00+02:00;71,000;1,000;MESURE
2025-04-17 14:00:00+02:00;72,000;1,000;MESURE
2025-04-17 15:00:00+02:00;71,000;1,000;MESURE
2025-04-17 16:00:00+02:00;1312,000;1,000;MESURE
2025-04-17 17:00:00+02:00;10423,000;1,000;MESURE
2025-04-17 18:00:00+02:00;20770,000;1,000;MESURE
2025-04-17 19:00:00+02:00;21199,000;1,000;MESURE
2025-04-17 20:00:00+02:00;21159,000;1,000;MESURE
2025-04-17 21:00:00+02:00;19693,000;1,000;MESURE
2025-04-17 22:00:00+02:00;13773,000;1,000;MESURE
2025-04-17 23:00:00+02:00;4351,000;1,000;MESURE
2025-04-18 00:00:00+02:00;69,000;1,000;MESURE
2025-04-18 01:00:00+02:00;70,000;1,000;MESURE
2025-04-18 02:00:00+02:00;69,000;1,000;MESURE
2025-04-18 03:00:00+02:00;69,000;1,000;MESURE
2025-04-18 04:00:00+02:00;70,000;1,000;MESURE
2025-04-18 05:00:00+02:00;68,000;1,000;MESURE
2025-04-18 06:00:00+02:00;69,000;1,000;MESURE
2025-04-18 07:00:00+02:00;69,000;1,000;MESURE
2025-04-18 08:00:00+02:00;69,000;1,000;MESURE
2025-04-18 09:00:00+02:00;71,000;1,000;MESURE
2025-04-18 10:00:00+02:00;70,000;1,000;MESURE
2025-04-18 11:00:00+02:00;70,000;1,000;MESURE
2025-04-18 12:00:00+02:00;70,000;1,000;MESURE
2025-04-18 13:00:00+02:00;4920,000;1,000;MESURE
2025-04-18 14:00:00+02:00;10883,000;1,000;MESURE
2025-04-18 15:00:00+02:00;10852,000;1,000;MESURE
2025-04-18 16:00:00+02:00;10845,000;1,000;MESURE
2025-04-18 17:00:00+02:00;12092,000;1,000;MESURE
2025-04-18 18:00:00+02:00;17010,000;1,000;MESURE
2025-04-18 19:00:00+02:00;22105,000;1,000;MESURE
2025-04-18 20:00:00+02:00;22267,000;1,000;MESURE
2025-04-18 21:00:00+02:00;14520,000;1,000;MESURE
2025-04-18 22:00:00+02:00;4805,000;1,000;MESURE
2025-04-18 23:00:00+02:00;208,000;1,000;MESURE
2025-04-19 00:00:00+02:00;69,000;1,000;MESURE
2025-04-19 01:00:00+02:00;69,000;1,000;MESURE
2025-04-19 02:00:00+02:00;70,000;1,000;MESURE
2025-04-19 03:00:00+02:00;69,000;1,000;MESURE
2025-04-19 04:00:00+02:00;69,000;1,000;MESURE
2025-04-19 05:00:00+02:00;69,000;1,000;MESURE
2025-04-19 06:00:00+02:00;68,000;1,000;MESURE
2025-04-19 07:00:00+02:00;69,000;1,000;MESURE
2025-04-19 08:00:00+02:00;69,000;1,000;MESURE
2025-04-19 09:00:00+02:00;70,000;1,000;MESURE
2025-04-19 10:00:00+02:00;69,000;1,000;MESURE
2025-04-19 11:00:00+02:00;153,000;1,000;MESURE
2025-04-19 12:00:00+02:00;10459,000;1,000;MESURE
2025-04-19 13:00:00+02:00;10440,000;1,000;MESURE
2025-04-19 14:00:00+02:00;10436,000;1,000;MESURE
2025-04-19 15:00:00+02:00;4073,000;1,000;MESURE
2025-04-19 16:00:00+02:00;70,000;1,000;MESURE
2025-04-19 17:00:00+02:00;8546,000;1,000;MESURE
2025-04-19 18:00:00+02:00;202,000;1,000;MESURE
2025-04-19 19:00:00+02:00;3344,000;1,000;MESURE
2025-04-19 20:00:00+02:00;69,000;1,000;MESURE
2025-04-19 21:00:00+02:00;68,000;1,000;MESURE
2025-04-19 22:00:00+02:00;69,000;1,000;MESURE
2025-04-19 23:00:00+02:00;68,000;1,000;MESURE
2025-04-20 00:00:00+02:00;69,000;1,000;MESURE
2025-04-20 01:00:00+02:00;69,000;1,000;MESURE
2025-04-20 02:00:00+02:00;68,000;1,000;MESURE
2025-04-20 03:00:00+02:00;69,000;1,000;MESURE
2025-04-20 04:00:00+02:00;69,000;1,000;MESURE
2025-04-20 05:00:00+02:00;68,000;1,000;MESURE
2025-04-20 06:00:00+02:00;68,000;1,000;MESURE
2025-04-20 07:00:00+02:00;68,000;1,000;MESURE
2025-04-20 08:00:00+02:00;395,000;1,000;MESURE
2025-04-20 09:00:00+02:00;11700,000;1,000;MESURE
2025-04-20 10:00:00+02:00;15644,000;1,000;MESURE
2025-04-20 11:00:00+02:00;10982,000;1,000;MESURE
2025-04-20 12:00:00+02:00;4183,000;1,000;MESURE
2025-04-20 13:00:00+02:00;70,000;1,000;MESURE
2025-04-20 14:00:00+02:00;69,000;1,000;MESURE
2025-04-20 15:00:00+02:00;70,000;1,000;MESURE
2025-04-20 16:00:00+02:00;69,000;1,000;MESURE
2025-04-20 17:00:00+02:00;6664,000;1,000;MESURE
2025-04-20 18:00:00+02:00;11544,000;1,000;MESURE
2025-04-20 19:00:00+02:00;20967,000;1,000;MESURE
2025-04-20 20:00:00+02:00;13238,000;1,000;MESURE
2025-04-20 21:00:00+02:00;10804,000;1,000;MESURE
2025-04-20 22:00:00+02:00;10577,000;1,000;MESURE
2025-04-20 23:00:00+02:00;3152,000;1,000;MESURE
2025-04-21 00:00:00+02:00;68,000;1,000;MESURE
2025-04-21 01:00:00+02:00;68,000;1,000;MESURE
2025-04-21 02:00:00+02:00;69,000;1,000;MESURE
2025-04-21 03:00:00+02:00;68,000;1,000;MESURE
2025-04-21 04:00:00+02:00;69,000;1,000;MESURE
2025-04-21 05:00:00+02:00;67,000;1,000;MESURE
2025-04-21 06:00:00+02:00;68,000;1,000;MESURE
2025-04-21 07:00:00+02:00;68,000;1,000;MESURE
2025-04-21 08:00:00+02:00;68,000;1,000;MESURE
2025-04-21 09:00:00+02:00;69,000;1,000;MESURE
2025-04-21 10:00:00+02:00;69,000;1,000;MESURE
2025-04-21 11:00:00+02:00;1778,000;1,000;MESURE
2025-04-21 12:00:00+02:00;3845,000;1,000;MESURE
2025-04-21 13:00:00+02:00;3724,000;1,000;MESURE
2025-04-21 14:00:00+02:00;282,000;1,000;MESURE
2025-04-21 15:00:00+02:00;69,000;1,000;MESURE
2025-04-21 16:00:00+02:00;69,000;1,000;MESURE
2025-04-21 17:00:00+02:00;70,000;1,000;MESURE
2025-04-21 18:00:00+02:00;69,000;1,000;MESURE
2025-04-21 19:00:00+02:00;2780,000;1,000;MESURE
2025-04-21 20:00:00+02:00;11014,000;1,000;MESURE
2025-04-21 21:00:00+02:00;11038,000;1,000;MESURE
2025-04-21 22:00:00+02:00;11033,000;1,000;MESURE
2025-04-21 23:00:00+02:00;11031,000;1,000;MESURE
2025-04-22 00:00:00+02:00;11029,000;1,000;MESURE
2025-04-22 01:00:00+02:00;1373,000;1,000;MESURE
2025-04-22 02:00:00+02:00;69,000;1,000;MESURE
2025-04-22 03:00:00+02:00;68,000;1,000;MESURE
2025-04-22 04:00:00+02:00;69,000;1,000;MESURE
2025-04-22 05:00:00+02:00;68,000;1,000;MESURE
2025-04-22 06:00:00+02:00;67,000;1,000;MESURE
2025-04-22 07:00:00+02:00;68,000;1,000;MESURE
2025-04-22 08:00:00+02:00;69,000;1,000;MESURE
2025-04-22 09:00:00+02:00;68,000;1,000;MESURE
2025-04-22 10:00:00+02:00;69,000;1,000;MESURE
2025-04-22 11:00:00+02:00;69,000;1,000;MESURE
2025-04-22 12:00:00+02:00;70,000;1,000;MESURE
2025-04-22 13:00:00+02:00;70,000;1,000;MESURE
2025-04-22 14:00:00+02:00;70,000;1,000;MESURE
2025-04-22 15:00:00+02:00;70,000;1,000;MESURE
2025-04-22 16:00:00+02:00;4685,000;1,000;MESURE
2025-04-22 17:00:00+02:00;18657,000;1,000;MESURE
2025-04-22 18:00:00+02:00;21288,000;1,000;MESURE
2025-04-22 19:00:00+02:00;21298,000;1,000;MESURE
2025-04-22 20:00:00+02:00;20962,000;1,000;MESURE
2025-04-22 21:00:00+02:00;12357,000;1,000;MESURE
2025-04-22 22:00:00+02:00;1426,000;1,000;MESURE
2025-04-22 23:00:00+02:00;68,000;1,000;MESURE
2025-04-23 00:00:00+02:00;69,000;1,000;MESURE
2025-04-23 01:00:00+02:00;68,000;1,000;MESURE
2025-04-23 02:00:00+02:00;68,000;1,000;MESURE
2025-04-23 03:00:00+02:00;67,000;1,000;MESURE
2025-04-23 04:00:00+02:00;68,000;1,000;MESURE
2025-04-23 05:00:00+02:00;68,000;1,000;MESURE
2025-04-23 06:00:00+02:00;68,000;1,000;MESURE
2025-04-23 07:00:00+02:00;68,000;1,000;MESURE
2025-04-23 08:00:00+02:00;69,000;1,000;MESURE
2025-04-23 09:00:00+02:00;69,000;1,000;MESURE
2025-04-23 10:00:00+02:00;70,000;1,000;MESURE
2025-04-23 11:00:00+02:00;69,000;1,000;MESURE
2025-04-23 12:00:00+02:00;70,000;1,000;MESURE
2025-04-23 13:00:00+02:00;71,000;1,000;MESURE
2025-04-23 14:00:00+02:00;71,000;1,000;MESURE
2025-04-23 15:00:00+02:00;71,000;1,000;MESURE
2025-04-23 16:00:00+02:00;10327,000;1,000;MESURE
2025-04-23 17:00:00+02:00;10597,000;1,000;MESURE
2025-04-23 18:00:00+02:00;10588,000;1,000;MESURE
2025-04-23 19:00:00+02:00;5399,000;1,000;MESURE
2025-04-23 20:00:00+02:00;3956,000;1,000;MESURE
2025-04-23 21:00:00+02:00;10851,000;1,000;MESURE
2025-04-23 22:00:00+02:00;10875,000;1,000;MESURE
2025-04-23 23:00:00+02:00;10882,000;1,000;MESURE
2025-04-24 00:00:00+02:00;10825,000;1,000;MESURE
2025-04-24 01:00:00+02:00;5951,000;1,000;MESURE
2025-04-24 02:00:00+02:00;741,000;1,000;MESURE
2025-04-24 03:00:00+02:00;69,000;1,000;MESURE
2025-04-24 04:00:00+02:00;70,000;1,000;MESURE
2025-04-24 05:00:00+02:00;68,000;1,000;MESURE
2025-04-24 06:00:00+02:00;69,000;1,000;MESURE
2025-04-24 07:00:00+02:00;68,000;1,000;MESURE
2025-04-24 08:00:00+02:00;70,000;1,000;MESURE
2025-04-24 09:00:00+02:00;70,000;1,000;MESURE
2025-04-24 10:00:00+02:00;70,000;1,000;MESURE
2025-04-24 11:00:00+02:00;70,000;1,000;MESURE
2025-04-24 12:00:00+02:00;72,000;1,000;MESURE
2025-04-24 13:00:00+02:00;71,000;1,000;MESURE
2025-04-24 14:00:00+02:00;71,000;1,000;MESURE
2025-04-24 15:00:00+02:00;71,000;1,000;MESURE
2025-04-24 16:00:00+02:00;71,000;1,000;MESURE
2025-04-24 17:00:00+02:00;550,000;1,000;MESURE
2025-04-24 18:00:00+02:00;3616,000;1,000;MESURE
2025-04-24 19:00:00+02:00;3616,000;1,000;MESURE
2025-04-24 20:00:00+02:00;9526,000;1,000;MESURE
2025-04-24 21:00:00+02:00;14365,000;1,000;MESURE
2025-04-24 22:00:00+02:00;14441,000;1,000;MESURE
2025-04-24 23:00:00+02:00;7380,000;1,000;MESURE
2025-04-25 00:00:00+02:00;2190,000;1,000;MESURE
2025-04-25 01:00:00+02:00;69,000;1,000;MESURE
2025-04-25 02:00:00+02:00;69,000;1,000;MESURE
2025-04-25 03:00:00+02:00;69,000;1,000;MESURE
2025-04-25 04:00:00+02:00;69,000;1,000;MESURE
2025-04-25 05:00:00+02:00;69,000;1,000;MESURE
2025-04-25 06:00:00+02:00;69,000;1,000;MESURE
2025-04-25 07:00:00+02:00;68,000;1,000;MESURE
2025-04-25 08:00:00+02:00;70,000;1,000;MESURE
2025-04-25 09:00:00+02:00;69,000;1,000;MESURE
2025-04-25 10:00:00+02:00;70,000;1,000;MESURE
2025-04-25 11:00:00+02:00;70,000;1,000;MESURE
2025-04-25 12:00:00+02:00;71,000;1,000;MESURE
2025-04-25 13:00:00+02:00;71,000;1,000;MESURE
2025-04-25 14:00:00+02:00;71,000;1,000;MESURE
2025-04-25 15:00:00+02:00;70,000;1,000;MESURE
2025-04-25 16:00:00+02:00;71,000;1,000;MESURE
2025-04-25 17:00:00+02:00;70,000;1,000;MESURE
2025-04-25 18:00:00+02:00;7457,000;1,000;MESURE
2025-04-25 19:00:00+02:00;7069,000;1,000;MESURE
2025-04-25 20:00:00+02:00;10445,000;1,000;MESURE
2025-04-25 21:00:00+02:00;10799,000;1,000;MESURE
2025-04-25 22:00:00+02:00;14724,000;1,000;MESURE
2025-04-25 23:00:00+02:00;10878,000;1,000;MESURE
2025-04-26 00:00:00+02:00;10884,000;1,000;MESURE
2025-04-26 01:00:00+02:00;10883,000;1,000;MESURE
2025-04-26 02:00:00+02:00;10899,000;1,000;MESURE
2025-04-26 03:00:00+02:00;5137,000;1,000;MESURE
2025-04-26 04:00:00+02:00;70,000;1,000;MESURE
2025-04-26 05:00:00+02:00;69,000;1,000;MESURE
2025-04-26 06:00:00+02:00;68,000;1,000;MESURE
2025-04-26 07:00:00+02:00;68,000;1,000;MESURE
2025-04-26 08:00:00+02:00;70,000;1,000;MESURE
2025-04-26 09:00:00+02:00;70,000;1,000;MESURE
2025-04-26 10:00:00+02:00;71,000;1,000;MESURE
2025-04-26 11:00:00+02:00;71,000;1,000;MESURE
2025-04-26 12:00:00+02:00;70,000;1,000;MESURE
2025-04-26 13:00:00+02:00;70,000;1,000;MESURE
2025-04-26 14:00:00+02:00;70,000;1,000;MESURE
2025-04-26 15:00:00+02:00;70,000;1,000;MESURE
2025-04-26 16:00:00+02:00;70,000;1,000;MESURE
2025-04-26 17:00:00+02:00;70,000;1,000;MESURE
2025-04-26 18:00:00+02:00;70,000;1,000;MESURE
2025-04-26 19:00:00+02:00;70,000;1,000;MESURE
2025-04-26 20:00:00+02:00;8737,000;1,000;MESURE
2025-04-26 21:00:00+02:00;185,000;1,000;MESURE
2025-04-26 22:00:00+02:00;68,000;1,000;MESURE
2025-04-26 23:00:00+02:00;69,000;1,000;MESURE
2025-04-27 00:00:00+02:00;68,000;1,000;MESURE
2025-04-27 01:00:00+02:00;68,000;1,000;MESURE
2025-04-27 02:00:00+02:00;69,000;1,000;MESURE
2025-04-27 03:00:00+02:00;68,000;1,000;MESURE
2025-04-27 04:00:00+02:00;68,000;1,000;MESURE
2025-04-27 05:00:00+02:00;68,000;1,000;MESURE
2025-04-27 06:00:00+02:00;68,000;1,000;MESURE
2025-04-27 07:00:00+02:00;67,000;1,000;MESURE
2025-04-27 08:00:00+02:00;69,000;1,000;MESURE
2025-04-27 09:00:00+02:00;69,000;1,000;MESURE
2025-04-27 10:00:00+02:00;10021,000;1,000;MESURE
2025-04-27 11:00:00+02:00;11030,000;1,000;MESURE
2025-04-27 12:00:00+02:00;9483,000;1,000;MESURE
2025-04-27 13:00:00+02:00;587,000;1,000;MESURE
2025-04-27 14:00:00+02:00;10839,000;1,000;MESURE
2025-04-27 15:00:00+02:00;10802,000;1,000;MESURE
2025-04-27 16:00:00+02:00;16704,000;1,000;MESURE
2025-04-27 17:00:00+02:00;17479,000;1,000;MESURE
2025-04-27 18:00:00+02:00;12841,000;1,000;MESURE
2025-04-27 19:00:00+02:00;10617,000;1,000;MESURE
2025-04-27 20:00:00+02:00;4455,000;1,000;MESURE
2025-04-27 21:00:00+02:00;521,000;1,000;MESURE
2025-04-27 22:00:00+02:00;110,000;1,000;MESURE
2025-04-27 23:00:00+02:00;68,000;1,000;MESURE
2025-04-28 00:00:00+02:00;69,000;1,000;MESURE
2025-04-28 01:00:00+02:00;68,000;1,000;MESURE
2025-04-28 02:00:00+02:00;68,000;1,000;MESURE
2025-04-28 03:00:00+02:00;68,000;1,000;MESURE
2025-04-28 04:00:00+02:00;69,000;1,000;MESURE
2025-04-28 05:00:00+02:00;67,000;1,000;MESURE
2025-04-28 06:00:00+02:00;68,000;1,000;MESURE
2025-04-28 07:00:00+02:00;67,000;1,000;MESURE
2025-04-28 08:00:00+02:00;69,000;1,000;MESURE
2025-04-28 09:00:00+02:00;68,000;1,000;MESURE
2025-04-28 10:00:00+02:00;69,000;1,000;MESURE
2025-04-28 11:00:00+02:00;69,000;1,000;MESURE
2025-04-28 12:00:00+02:00;69,000;1,000;MESURE
2025-04-28 13:00:00+02:00;69,000;1,000;MESURE
2025-04-28 14:00:00+02:00;69,000;1,000;MESURE
2025-04-28 15:00:00+02:00;3500,000;1,000;MESURE
2025-04-28 16:00:00+02:00;10577,000;1,000;MESURE
2025-04-28 17:00:00+02:00;10568,000;1,000;MESURE
2025-04-28 18:00:00+02:00;5538,000;1,000;MESURE
2025-04-28 19:00:00+02:00;1169,000;1,000;MESURE
2025-04-28 20:00:00+02:00;68,000;1,000;MESURE
2025-04-28 21:00:00+02:00;68,000;1,000;MESURE
2025-04-28 22:00:00+02:00;424,000;1,000;MESURE
2025-04-28 23:00:00+02:00;68,000;1,000;MESURE
2025-04-29 00:00:00+02:00;67,000;1,000;MESURE
2025-04-29 01:00:00+02:00;68,000;1,000;MESURE
2025-04-29 02:00:00+02:00;68,000;1,000;MESURE
2025-04-29 03:00:00+02:00;68,000;1,000;MESURE
2025-04-29 04:00:00+02:00;68,000;1,000;MESURE
2025-04-29 05:00:00+02:00;68,000;1,000;MESURE
2025-04-29 06:00:00+02:00;67,000;1,000;MESURE
2025-04-29 07:00:00+02:00;67,000;1,000;MESURE
2025-04-29 08:00:00+02:00;68,000;1,000;MESURE
2025-04-29 09:00:00+02:00;68,000;1,000;MESURE
2025-04-29 10:00:00+02:00;69,000;1,000;MESURE
2025-04-29 11:00:00+02:00;69,000;1,000;MESURE
2025-04-29 12:00:00+02:00;70,000;1,000;MESURE
2025-04-29 13:00:00+02:00;70,000;1,000;MESURE
2025-04-29 14:00:00+02:00;4795,000;1,000;MESURE
2025-04-29 15:00:00+02:00;8195,000;1,000;MESURE
2025-04-29 16:00:00+02:00;10483,000;1,000;MESURE
2025-04-29 17:00:00+02:00;10591,000;1,000;MESURE
2025-04-29 18:00:00+02:00;6393,000;1,000;MESURE
2025-04-29 19:00:00+02:00;10946,000;1,000;MESURE
2025-04-29 20:00:00+02:00;10883,000;1,000;MESURE
2025-04-29 21:00:00+02:00;10898,000;1,000;MESURE
2025-04-29 22:00:00+02:00;10914,000;1,000;MESURE
2025-04-29 23:00:00+02:00;8639,000;1,000;MESURE
2025-04-30 00:00:00+02:00;1991,000;1,000;MESURE
2025-04-30 01:00:00+02:00;69,000;1,000;MESURE
2025-04-30 02:00:00+02:00;68,000;1,000;MESURE
2025-04-30 03:00:00+02:00;68,000;1,000;MESURE
2025-04-30 04:00:00+02:00;68,000;1,000;MESURE
2025-04-30 05:00:00+02:00;68,000;1,000;MESURE
2025-04-30 06:00:00+02:00;67,000;1,000;MESURE
2025-04-30 07:00:00+02:00;68,000;1,000;MESURE
2025-04-30 08:00:00+02:00;68,000;1,000;MESURE
2025-04-30 09:00:00+02:00;3214,000;1,000;MESURE
2025-04-30 10:00:00+02:00;69,000;1,000;MESURE
2025-04-30 11:00:00+02:00;70,000;1,000;MESURE
2025-04-30 12:00:00+02:00;70,000;1,000;MESURE
2025-04-30 13:00:00+02:00;71,000;1,000;MESURE
2025-04-30 14:00:00+02:00;70,000;1,000;MESURE
2025-04-30 15:00:00+02:00;71,000;1,000;MESURE
2025-04-30 16:00:00+02:00;10236,000;1,000;MESURE
2025-04-30 17:00:00+02:00;10611,000;1,000;MESURE
2025-04-30 18:00:00+02:00;10417,000;1,000;MESURE
2025-04-30 19:00:00+02:00;13107,000;1,000;MESURE
2025-04-30 20:00:00+02:00;11040,000;1,000;MESURE
2025-04-30 21:00:00+02:00;6118,000;1,000;MESURE
2025-04-30 22:00:00+02:00;69,000;1,000;MESURE
2025-04-30 23:00:00+02:00;69,000;1,000;MESURE
2025-05-01 00:00:00+02:00;69,000;1,000;MESURE
2025-05-01 01:00:00+02:00;69,000;1,000;MESURE
2025-05-01 02:00:00+02:00;69,000;1,000;MESURE
2025-05-01 03:00:00+02:00;69,000;1,000;MESURE
2025-05-01 04:00:00+02:00;69,000;1,000;MESURE
2025-05-01 05:00:00+02:00;69,000;1,000;MESURE
2025-05-01 06:00:00+02:00;68,000;1,000;MESURE
2025-05-01 07:00:00+02:00;68,000;1,000;MESURE
2025-05-01 08:00:00+02:00;70,000;1,000;MESURE
2025-05-01 09:00:00+02:00;70,000;1,000;MESURE
2025-05-01 10:00:00+02:00;70,000;1,000;MESURE
2025-05-01 11:00:00+02:00;70,000;1,000;MESURE
2025-05-01 12:00:00+02:00;69,000;1,000;MESURE
2025-05-01 13:00:00+02:00;70,000;1,000;MESURE
2025-05-01 14:00:00+02:00;70,000;1,000;MESURE
2025-05-01 15:00:00+02:00;70,000;1,000;MESURE
2025-05-01 16:00:00+02:00;69,000;1,000;MESURE
2025-05-01 17:00:00+02:00;386,000;1,000;MESURE
2025-05-01 18:00:00+02:00;15488,000;1,000;MESURE
2025-05-01 19:00:00+02:00;21266,000;1,000;MESURE
2025-05-01 20:00:00+02:00;10057,000;1,000;MESURE
2025-05-01 21:00:00+02:00;69,000;1,000;MESURE
2025-05-01 22:00:00+02:00;68,000;1,000;MESURE
2025-05-01 23:00:00+02:00;69,000;1,000;MESURE
2025-05-02 00:00:00+02:00;69,000;1,000;MESURE
2025-05-02 01:00:00+02:00;69,000;1,000;MESURE
2025-05-02 02:00:00+02:00;68,000;1,000;MESURE
2025-05-02 03:00:00+02:00;69,000;1,000;MESURE
2025-05-02 04:00:00+02:00;69,000;1,000;MESURE
2025-05-02 05:00:00+02:00;68,000;1,000;MESURE
2025-05-02 06:00:00+02:00;69,000;1,000;MESURE
2025-05-02 07:00:00+02:00;67,000;1,000;MESURE
2025-05-02 08:00:00+02:00;70,000;1,000;MESURE
2025-05-02 09:00:00+02:00;69,000;1,000;MESURE
2025-05-02 10:00:00+02:00;69,000;1,000;MESURE
2025-05-02 11:00:00+02:00;70,000;1,000;MESURE
2025-05-02 12:00:00+02:00;71,000;1,000;MESURE
2025-05-02 13:00:00+02:00;71,000;1,000;MESURE
2025-05-02 14:00:00+02:00;71,000;1,000;MESURE
2025-05-02 15:00:00+02:00;71,000;1,000;MESURE
2025-05-02 16:00:00+02:00;70,000;1,000;MESURE
2025-05-02 17:00:00+02:00;71,000;1,000;MESURE
2025-05-02 18:00:00+02:00;6603,000;1,000;MESURE
2025-05-02 19:00:00+02:00;14795,000;1,000;MESURE
2025-05-02 20:00:00+02:00;11992,000;1,000;MESURE
2025-05-02 21:00:00+02:00;10317,000;1,000;MESURE
2025-05-02 22:00:00+02:00;69,000;1,000;MESURE
2025-05-02 23:00:00+02:00;69,000;1,000;MESURE
2025-05-03 00:00:00+02:00;69,000;1,000;MESURE
2025-05-03 01:00:00+02:00;69,000;1,000;MESURE
2025-05-03 02:00:00+02:00;68,000;1,000;MESURE
2025-05-03 03:00:00+02:00;69,000;1,000;MESURE
2025-05-03 04:00:00+02:00;69,000;1,000;MESURE
2025-05-03 05:00:00+02:00;69,000;1,000;MESURE
2025-05-03 06:00:00+02:00;68,000;1,000;MESURE
2025-05-03 07:00:00+02:00;68,000;1,000;MESURE
2025-05-03 08:00:00+02:00;69,000;1,000;MESURE
2025-05-03 09:00:00+02:00;70,000;1,000;MESURE
2025-05-03 10:00:00+02:00;71,000;1,000;MESURE
2025-05-03 11:00:00+02:00;71,000;1,000;MESURE
2025-05-03 12:00:00+02:00;72,000;1,000;MESURE
2025-05-03 13:00:00+02:00;71,000;1,000;MESURE
2025-05-03 14:00:00+02:00;71,000;1,000;MESURE
2025-05-03 15:00:00+02:00;71,000;1,000;MESURE
2025-05-03 16:00:00+02:00;71,000;1,000;MESURE
2025-05-03 17:00:00+02:00;2197,000;1,000;MESURE
2025-05-03 18:00:00+02:00;11398,000;1,000;MESURE
2025-05-03 19:00:00+02:00;12989,000;1,000;MESURE
2025-05-03 20:00:00+02:00;10839,000;1,000;MESURE
2025-05-03 21:00:00+02:00;10537,000;1,000;MESURE
2025-05-03 22:00:00+02:00;4433,000;1,000;MESURE
2025-05-03 23:00:00+02:00;1034,000;1,000;MESURE
2025-05-04 00:00:00+02:00;69,000;1,000;MESURE
2025-05-04 01:00:00+02:00;70,000;1,000;MESURE
2025-05-04 02:00:00+02:00;69,000;1,000;MESURE
2025-05-04 03:00:00+02:00;69,000;1,000;MESURE
2025-05-04 04:00:00+02:00;70,000;1,000;MESURE
2025-05-04 05:00:00+02:00;69,000;1,000;MESURE
2025-05-04 06:00:00+02:00;70,000;1,000;MESURE
2025-05-04 07:00:00+02:00;69,000;1,000;MESURE
2025-05-04 08:00:00+02:00;561,000;1,000;MESURE
2025-05-04 09:00:00+02:00;10525,000;1,000;MESURE
2025-05-04 10:00:00+02:00;10524,000;1,000;MESURE
2025-05-04 11:00:00+02:00;13588,000;1,000;MESURE
2025-05-04 12:00:00+02:00;16218,000;1,000;MESURE
2025-05-04 13:00:00+02:00;5965,000;1,000;MESURE
2025-05-04 14:00:00+02:00;70,000;1,000;MESURE
2025-05-04 15:00:00+02:00;70,000;1,000;MESURE
2025-05-04 16:00:00+02:00;6939,000;1,000;MESURE
2025-05-04 17:00:00+02:00;11486,000;1,000;MESURE
2025-05-04 18:00:00+02:00;11522,000;1,000;MESURE
2025-05-04 19:00:00+02:00;691,000;1,000;MESURE
2025-05-04 20:00:00+02:00;2187,000;1,000;MESURE
2025-05-04 21:00:00+02:00;10788,000;1,000;MESURE
2025-05-04 22:00:00+02:00;10787,000;1,000;MESURE
2025-05-04 23:00:00+02:00;10850,000;1,000;MESURE
2025-05-05 00:00:00+02:00;10793,000;1,000;MESURE
2025-05-05 01:00:00+02:00;8732,000;1,000;MESURE
2025-05-05 02:00:00+02:00;2942,000;1,000;MESURE
2025-05-05 03:00:00+02:00;499,000;1,000;MESURE
2025-05-05 04:00:00+02:00;69,000;1,000;MESURE
2025-05-05 05:00:00+02:00;68,000;1,000;MESURE
2025-05-05 06:00:00+02:00;68,000;1,000;MESURE
2025-05-05 07:00:00+02:00;69,000;1,000;MESURE
2025-05-05 08:00:00+02:00;70,000;1,000;MESURE
2025-05-05 09:00:00+02:00;71,000;1,000;MESURE
2025-05-05 10:00:00+02:00;70,000;1,000;MESURE
2025-05-05 11:00:00+02:00;70,000;1,000;MESURE
2025-05-05 12:00:00+02:00;4429,000;1,000;MESURE
2025-05-05 13:00:00+02:00;10841,000;1,000;MESURE
2025-05-05 14:00:00+02:00;10843,000;1,000;MESURE
2025-05-05 15:00:00+02:00;10823,000;1,000;MESURE
2025-05-05 16:00:00+02:00;9710,000;1,000;MESURE
2025-05-05 17:00:00+02:00;2305,000;1,000;MESURE
2025-05-05 18:00:00+02:00;1692,000;1,000;MESURE
2025-05-05 19:00:00+02:00;7744,000;1,000;MESURE
2025-05-05 20:00:00+02:00;1141,000;1,000;MESURE
2025-05-05 21:00:00+02:00;69,000;1,000;MESURE
2025-05-05 22:00:00+02:00;69,000;1,000;MESURE
2025-05-05 23:00:00+02:00;69,000;1,000;MESURE
2025-05-06 00:00:00+02:00;69,000;1,000;MESURE
2025-05-06 01:00:00+02:00;68,000;1,000;MESURE
2025-05-06 02:00:00+02:00;69,000;1,000;MESURE
2025-05-06 03:00:00+02:00;69,000;1,000;MESURE
2025-05-06 04:00:00+02:00;69,000;1,000;MESURE
2025-05-06 05:00:00+02:00;68,000;1,000;MESURE
2025-05-06 06:00:00+02:00;68,000;1,000;MESURE
2025-05-06 07:00:00+02:00;68,000;1,000;MESURE
2025-05-06 08:00:00+02:00;69,000;1,000;MESURE
2025-05-06 09:00:00+02:00;70,000;1,000;MESURE
2025-05-06 10:00:00+02:00;70,000;1,000;MESURE
2025-05-06 11:00:00+02:00;70,000;1,000;MESURE
2025-05-06 12:00:00+02:00;72,000;1,000;MESURE
2025-05-06 13:00:00+02:00;72,000;1,000;MESURE
2025-05-06 14:00:00+02:00;72,000;1,000;MESURE
2025-05-06 15:00:00+02:00;72,000;1,000;MESURE
2025-05-06 16:00:00+02:00;10249,000;1,000;MESURE
2025-05-06 17:00:00+02:00;10593,000;1,000;MESURE
2025-05-06 18:00:00+02:00;9183,000;1,000;MESURE
2025-05-06 19:00:00+02:00;3440,000;1,000;MESURE
2025-05-06 20:00:00+02:00;7638,000;1,000;MESURE
2025-05-06 21:00:00+02:00;10767,000;1,000;MESURE
2025-05-06 22:00:00+02:00;10791,000;1,000;MESURE
2025-05-06 23:00:00+02:00;10817,000;1,000;MESURE
2025-05-07 00:00:00+02:00;10784,000;1,000;MESURE
2025-05-07 01:00:00+02:00;6308,000;1,000;MESURE
2025-05-07 02:00:00+02:00;69,000;1,000;MESURE
2025-05-07 03:00:00+02:00;69,000;1,000;MESURE
2025-05-07 04:00:00+02:00;70,000;1,000;MESURE
2025-05-07 05:00:00+02:00;68,000;1,000;MESURE
2025-05-07 06:00:00+02:00;69,000;1,000;MESURE
2025-05-07 07:00:00+02:00;69,000;1,000;MESURE
2025-05-07 08:00:00+02:00;70,000;1,000;MESURE
2025-05-07 09:00:00+02:00;71,000;1,000;MESURE
2025-05-07 10:00:00+02:00;71,000;1,000;MESURE
2025-05-07 11:00:00+02:00;71,000;1,000;MESURE
2025-05-07 12:00:00+02:00;72,000;1,000;MESURE
2025-05-07 13:00:00+02:00;73,000;1,000;MESURE
2025-05-07 14:00:00+02:00;72,000;1,000;MESURE
2025-05-07 15:00:00+02:00;13723,000;1,000;MESURE
2025-05-07 16:00:00+02:00;11994,000;1,000;MESURE
2025-05-07 17:00:00+02:00;9607,000;1,000;MESURE
2025-05-07 18:00:00+02:00;72,000;1,000;MESURE
2025-05-07 19:00:00+02:00;71,000;1,000;MESURE
2025-05-07 20:00:00+02:00;71,000;1,000;MESURE
2025-05-07 21:00:00+02:00;4544,000;1,000;MESURE
2025-05-07 22:00:00+02:00;10800,000;1,000;MESURE
2025-05-07 23:00:00+02:00;10820,000;1,000;MESURE
2025-05-08 00:00:00+02:00;10799,000;1,000;MESURE
2025-05-08 01:00:00+02:00;9089,000;1,000;MESURE
2025-05-08 02:00:00+02:00;3200,000;1,000;MESURE
2025-05-08 03:00:00+02:00;70,000;1,000;MESURE
2025-05-08 04:00:00+02:00;71,000;1,000;MESURE
2025-05-08 05:00:00+02:00;70,000;1,000;MESURE
2025-05-08 06:00:00+02:00;69,000;1,000;MESURE
2025-05-08 07:00:00+02:00;69,000;1,000;MESURE
2025-05-08 08:00:00+02:00;71,000;1,000;MESURE
2025-05-08 09:00:00+02:00;71,000;1,000;MESURE
2025-05-08 10:00:00+02:00;71,000;1,000;MESURE
2025-05-08 11:00:00+02:00;71,000;1,000;MESURE
2025-05-08 12:00:00+02:00;1259,000;1,000;MESURE
2025-05-08 13:00:00+02:00;7559,000;1,000;MESURE
2025-05-08 14:00:00+02:00;70,000;1,000;MESURE
2025-05-08 15:00:00+02:00;420,000;1,000;MESURE
2025-05-08 16:00:00+02:00;15051,000;1,000;MESURE
2025-05-08 17:00:00+02:00;18508,000;1,000;MESURE
2025-05-08 18:00:00+02:00;13581,000;1,000;MESURE
2025-05-08 19:00:00+02:00;8766,000;1,000;MESURE
2025-05-08 20:00:00+02:00;4846,000;1,000;MESURE
2025-05-08 21:00:00+02:00;10895,000;1,000;MESURE
2025-05-08 22:00:00+02:00;10823,000;1,000;MESURE
2025-05-08 23:00:00+02:00;10791,000;1,000;MESURE
2025-05-09 00:00:00+02:00;6250,000;1,000;MESURE
2025-05-09 01:00:00+02:00;1590,000;1,000;MESURE
2025-05-09 02:00:00+02:00;70,000;1,000;MESURE
2025-05-09 03:00:00+02:00;69,000;1,000;MESURE
2025-05-09 04:00:00+02:00;69,000;1,000;MESURE
2025-05-09 05:00:00+02:00;69,000;1,000;MESURE
2025-05-09 06:00:00+02:00;68,000;1,000;MESURE
2025-05-09 07:00:00+02:00;68,000;1,000;MESURE
2025-05-09 08:00:00+02:00;70,000;1,000;MESURE
2025-05-09 09:00:00+02:00;70,000;1,000;MESURE
2025-05-09 10:00:00+02:00;70,000;1,000;MESURE
2025-05-09 11:00:00+02:00;942,000;1,000;MESURE
2025-05-09 12:00:00+02:00;11340,000;1,000;MESURE
2025-05-09 13:00:00+02:00;11382,000;1,000;MESURE
2025-05-09 14:00:00+02:00;8461,000;1,000;MESURE
2025-05-09 15:00:00+02:00;73,000;1,000;MESURE
2025-05-09 16:00:00+02:00;1678,000;1,000;MESURE
2025-05-09 17:00:00+02:00;11473,000;1,000;MESURE
2025-05-09 18:00:00+02:00;7584,000;1,000;MESURE
2025-05-09 19:00:00+02:00;10809,000;1,000;MESURE
2025-05-09 20:00:00+02:00;10507,000;1,000;MESURE
2025-05-09 21:00:00+02:00;4559,000;1,000;MESURE
2025-05-09 22:00:00+02:00;621,000;1,000;MESURE
2025-05-09 23:00:00+02:00;70,000;1,000;MESURE
2025-05-10 00:00:00+02:00;69,000;1,000;MESURE
2025-05-10 01:00:00+02:00;69,000;1,000;MESURE
2025-05-10 02:00:00+02:00;69,000;1,000;MESURE
2025-05-10 03:00:00+02:00;70,000;1,000;MESURE
2025-05-10 04:00:00+02:00;69,000;1,000;MESURE
2025-05-10 05:00:00+02:00;69,000;1,000;MESURE
2025-05-10 06:00:00+02:00;68,000;1,000;MESURE
2025-05-10 07:00:00+02:00;69,000;1,000;MESURE
2025-05-10 08:00:00+02:00;7008,000;1,000;MESURE
2025-05-10 09:00:00+02:00;15282,000;1,000;MESURE
2025-05-10 10:00:00+02:00;17104,000;1,000;MESURE
2025-05-10 11:00:00+02:00;2480,000;1,000;MESURE
2025-05-10 12:00:00+02:00;70,000;1,000;MESURE
2025-05-10 13:00:00+02:00;3080,000;1,000;MESURE
2025-05-10 14:00:00+02:00;11026,000;1,000;MESURE
2025-05-10 15:00:00+02:00;11014,000;1,000;MESURE
2025-05-10 16:00:00+02:00;8628,000;1,000;MESURE
2025-05-10 17:00:00+02:00;9656,000;1,000;MESURE
2025-05-10 18:00:00+02:00;10473,000;1,000;MESURE
2025-05-10 19:00:00+02:00;10454,000;1,000;MESURE
2025-05-10 20:00:00+02:00;10420,000;1,000;MESURE
2025-05-10 21:00:00+02:00;68,000;1,000;MESURE
2025-05-10 22:00:00+02:00;69,000;1,000;MESURE
2025-05-10 23:00:00+02:00;69,000;1,000;MESURE
2025-05-11 00:00:00+02:00;69,000;1,000;MESURE
2025-05-11 01:00:00+02:00;69,000;1,000;MESURE
2025-05-11 02:00:00+02:00;69,000;1,000;MESURE
2025-05-11 03:00:00+02:00;69,000;1,000;MESURE
2025-05-11 04:00:00+02:00;69,000;1,000;MESURE
2025-05-11 05:00:00+02:00;69,000;1,000;MESURE
2025-05-11 06:00:00+02:00;68,000;1,000;MESURE
2025-05-11 07:00:00+02:00;68,000;1,000;MESURE
2025-05-11 08:00:00+02:00;69,000;1,000;MESURE
2025-05-11 09:00:00+02:00;70,000;1,000;MESURE
2025-05-11 10:00:00+02:00;69,000;1,000;MESURE
2025-05-11 11:00:00+02:00;69,000;1,000;MESURE
2025-05-11 12:00:00+02:00;70,000;1,000;MESURE
2025-05-11 13:00:00+02:00;69,000;1,000;MESURE
2025-05-11 14:00:00+02:00;70,000;1,000;MESURE
2025-05-11 15:00:00+02:00;69,000;1,000;MESURE
2025-05-11 16:00:00+02:00;70,000;1,000;MESURE
2025-05-11 17:00:00+02:00;69,000;1,000;MESURE
2025-05-11 18:00:00+02:00;70,000;1,000;MESURE
2025-05-11 19:00:00+02:00;2741,000;1,000;MESURE
2025-05-11 20:00:00+02:00;10763,000;1,000;MESURE
2025-05-11 21:00:00+02:00;10801,000;1,000;MESURE
2025-05-11 22:00:00+02:00;9756,000;1,000;MESURE
2025-05-11 23:00:00+02:00;3578,000;1,000;MESURE
2025-05-12 00:00:00+02:00;869,000;1,000;MESURE
2025-05-12 01:00:00+02:00;68,000;1,000;MESURE
2025-05-12 02:00:00+02:00;69,000;1,000;MESURE
2025-05-12 03:00:00+02:00;68,000;1,000;MESURE
2025-05-12 04:00:00+02:00;69,000;1,000;MESURE
2025-05-12 05:00:00+02:00;68,000;1,000;MESURE
2025-05-12 06:00:00+02:00;67,000;1,000;MESURE
2025-05-12 07:00:00+02:00;68,000;1,000;MESURE
2025-05-12 08:00:00+02:00;69,000;1,000;MESURE
2025-05-12 09:00:00+02:00;70,000;1,000;MESURE
2025-05-12 10:00:00+02:00;70,000;1,000;MESURE
2025-05-12 11:00:00+02:00;70,000;1,000;MESURE
2025-05-12 12:00:00+02:00;70,000;1,000;MESURE
2025-05-12 13:00:00+02:00;74,000;1,000;MESURE
2025-05-12 14:00:00+02:00;79,000;1,000;MESURE
2025-05-12 15:00:00+02:00;73,000;1,000;MESURE
2025-05-12 16:00:00+02:00;71,000;1,000;MESURE
2025-05-12 17:00:00+02:00;5821,000;1,000;MESURE
2025-05-12 18:00:00+02:00;13664,000;1,000;MESURE
2025-05-12 19:00:00+02:00;10974,000;1,000;MESURE
2025-05-12 20:00:00+02:00;200,000;1,000;MESURE
2025-05-12 21:00:00+02:00;69,000;1,000;MESURE
2025-05-12 22:00:00+02:00;69,000;1,000;MESURE
2025-05-12 23:00:00+02:00;69,000;1,000;MESURE
2025-05-13 00:00:00+02:00;69,000;1,000;MESURE
2025-05-13 01:00:00+02:00;69,000;1,000;MESURE
2025-05-13 02:00:00+02:00;70,000;1,000;MESURE
2025-05-13 03:00:00+02:00;69,000;1,000;MESURE
2025-05-13 04:00:00+02:00;69,000;1,000;MESURE
2025-05-13 05:00:00+02:00;69,000;1,000;MESURE
2025-05-13 06:00:00+02:00;68,000;1,000;MESURE
2025-05-13 07:00:00+02:00;68,000;1,000;MESURE
2025-05-13 08:00:00+02:00;70,000;1,000;MESURE
2025-05-13 09:00:00+02:00;70,000;1,000;MESURE
2025-05-13 10:00:00+02:00;70,000;1,000;MESURE
2025-05-13 11:00:00+02:00;3226,000;1,000;MESURE
2025-05-13 12:00:00+02:00;10788,000;1,000;MESURE
2025-05-13 13:00:00+02:00;10841,000;1,000;MESURE
2025-05-13 14:00:00+02:00;10841,000;1,000;MESURE
2025-05-13 15:00:00+02:00;10742,000;1,000;MESURE
2025-05-13 16:00:00+02:00;10786,000;1,000;MESURE
2025-05-13 17:00:00+02:00;1088,000;1,000;MESURE
2025-05-13 18:00:00+02:00;71,000;1,000;MESURE
2025-05-13 19:00:00+02:00;71,000;1,000;MESURE
2025-05-13 20:00:00+02:00;69,000;1,000;MESURE
2025-05-13 21:00:00+02:00;70,000;1,000;MESURE
2025-05-13 22:00:00+02:00;69,000;1,000;MESURE
2025-05-13 23:00:00+02:00;70,000;1,000;MESURE
2025-05-14 00:00:00+02:00;70,000;1,000;MESURE
2025-05-14 01:00:00+02:00;69,000;1,000;MESURE
2025-05-14 02:00:00+02:00;70,000;1,000;MESURE
2025-05-14 03:00:00+02:00;69,000;1,000;MESURE
2025-05-14 04:00:00+02:00;70,000;1,000;MESURE
2025-05-14 05:00:00+02:00;69,000;1,000;MESURE
2025-05-14 06:00:00+02:00;69,000;1,000;MESURE
2025-05-14 07:00:00+02:00;69,000;1,000;MESURE
2025-05-14 08:00:00+02:00;4676,000;1,000;MESURE
2025-05-14 09:00:00+02:00;11428,000;1,000;MESURE
2025-05-14 10:00:00+02:00;7761,000;1,000;MESURE
2025-05-14 11:00:00+02:00;71,000;1,000;MESURE
2025-05-14 12:00:00+02:00;70,000;1,000;MESURE
2025-05-14 13:00:00+02:00;72,000;1,000;MESURE
2025-05-14 14:00:00+02:00;73,000;1,000;MESURE
2025-05-14 15:00:00+02:00;72,000;1,000;MESURE
2025-05-14 16:00:00+02:00;73,000;1,000;MESURE
2025-05-14 17:00:00+02:00;6946,000;1,000;MESURE
2025-05-14 18:00:00+02:00;10777,000;1,000;MESURE
2025-05-14 19:00:00+02:00;10018,000;1,000;MESURE
2025-05-14 20:00:00+02:00;71,000;1,000;MESURE
2025-05-14 21:00:00+02:00;70,000;1,000;MESURE
2025-05-14 22:00:00+02:00;71,000;1,000;MESURE
2025-05-14 23:00:00+02:00;70,000;1,000;MESURE
2025-05-15 00:00:00+02:00;71,000;1,000;MESURE
2025-05-15 01:00:00+02:00;70,000;1,000;MESURE
2025-05-15 02:00:00+02:00;71,000;1,000;MESURE
2025-05-15 03:00:00+02:00;71,000;1,000;MESURE
2025-05-15 04:00:00+02:00;71,000;1,000;MESURE
2025-05-15 05:00:00+02:00;70,000;1,000;MESURE
2025-05-15 06:00:00+02:00;69,000;1,000;MESURE
2025-05-15 07:00:00+02:00;70,000;1,000;MESURE
2025-05-15 08:00:00+02:00;71,000;1,000;MESURE
2025-05-15 09:00:00+02:00;72,000;1,000;MESURE
2025-05-15 10:00:00+02:00;72,000;1,000;MESURE
2025-05-15 11:00:00+02:00;71,000;1,000;MESURE
2025-05-15 12:00:00+02:00;72,000;1,000;MESURE
2025-05-15 13:00:00+02:00;72,000;1,000;MESURE
2025-05-15 14:00:00+02:00;73,000;1,000;MESURE
2025-05-15 15:00:00+02:00;73,000;1,000;MESURE
2025-05-15 16:00:00+02:00;72,000;1,000;MESURE
2025-05-15 17:00:00+02:00;9112,000;1,000;MESURE
2025-05-15 18:00:00+02:00;21755,000;1,000;MESURE
2025-05-15 19:00:00+02:00;21814,000;1,000;MESURE
2025-05-15 20:00:00+02:00;18358,000;1,000;MESURE
2025-05-15 21:00:00+02:00;10791,000;1,000;MESURE
2025-05-15 22:00:00+02:00;10818,000;1,000;MESURE
2025-05-15 23:00:00+02:00;3179,000;1,000;MESURE
2025-05-16 00:00:00+02:00;70,000;1,000;MESURE
2025-05-16 01:00:00+02:00;69,000;1,000;MESURE
2025-05-16 02:00:00+02:00;70,000;1,000;MESURE
2025-05-16 03:00:00+02:00;70,000;1,000;MESURE
2025-05-16 04:00:00+02:00;69,000;1,000;MESURE
2025-05-16 05:00:00+02:00;70,000;1,000;MESURE
2025-05-16 06:00:00+02:00;69,000;1,000;MESURE
2025-05-16 07:00:00+02:00;69,000;1,000;MESURE
2025-05-16 08:00:00+02:00;71,000;1,000;MESURE
2025-05-16 09:00:00+02:00;70,000;1,000;MESURE
2025-05-16 10:00:00+02:00;71,000;1,000;MESURE
2025-05-16 11:00:00+02:00;71,000;1,000;MESURE
2025-05-16 12:00:00+02:00;71,000;1,000;MESURE
2025-05-16 13:00:00+02:00;71,000;1,000;MESURE
2025-05-16 14:00:00+02:00;72,000;1,000;MESURE
2025-05-16 15:00:00+02:00;71,000;1,000;MESURE
2025-05-16 16:00:00+02:00;72,000;1,000;MESURE
2025-05-16 17:00:00+02:00;71,000;1,000;MESURE
2025-05-16 18:00:00+02:00;71,000;1,000;MESURE
2025-05-16 19:00:00+02:00;5617,000;1,000;MESURE
2025-05-16 20:00:00+02:00;11337,000;1,000;MESURE
2025-05-16 21:00:00+02:00;10105,000;1,000;MESURE
2025-05-16 22:00:00+02:00;17893,000;1,000;MESURE
2025-05-16 23:00:00+02:00;21205,000;1,000;MESURE
2025-05-17 00:00:00+02:00;21240,000;1,000;MESURE
2025-05-17 01:00:00+02:00;17658,000;1,000;MESURE
2025-05-17 02:00:00+02:00;4113,000;1,000;MESURE
2025-05-17 03:00:00+02:00;69,000;1,000;MESURE
2025-05-17 04:00:00+02:00;70,000;1,000;MESURE
2025-05-17 05:00:00+02:00;69,000;1,000;MESURE
2025-05-17 06:00:00+02:00;69,000;1,000;MESURE
2025-05-17 07:00:00+02:00;69,000;1,000;MESURE
2025-05-17 08:00:00+02:00;5697,000;1,000;MESURE
2025-05-17 09:00:00+02:00;11470,000;1,000;MESURE
2025-05-17 10:00:00+02:00;6836,000;1,000;MESURE
2025-05-17 11:00:00+02:00;70,000;1,000;MESURE
2025-05-17 12:00:00+02:00;71,000;1,000;MESURE
2025-05-17 13:00:00+02:00;72,000;1,000;MESURE
2025-05-17 14:00:00+02:00;72,000;1,000;MESURE
2025-05-17 15:00:00+02:00;72,000;1,000;MESURE
2025-05-17 16:00:00+02:00;71,000;1,000;MESURE
2025-05-17 17:00:00+02:00;72,000;1,000;MESURE
2025-05-17 18:00:00+02:00;71,000;1,000;MESURE
2025-05-17 19:00:00+02:00;72,000;1,000;MESURE
2025-05-17 20:00:00+02:00;70,000;1,000;MESURE
2025-05-17 21:00:00+02:00;70,000;1,000;MESURE
2025-05-17 22:00:00+02:00;70,000;1,000;MESURE
2025-05-17 23:00:00+02:00;70,000;1,000;MESURE
2025-05-18 00:00:00+02:00;70,000;1,000;MESURE
2025-05-18 01:00:00+02:00;70,000;1,000;MESURE
2025-05-18 02:00:00+02:00;71,000;1,000;MESURE
2025-05-18 03:00:00+02:00;70,000;1,000;MESURE
2025-05-18 04:00:00+02:00;71,000;1,000;MESURE
2025-05-18 05:00:00+02:00;70,000;1,000;MESURE
2025-05-18 06:00:00+02:00;2714,000;1,000;MESURE
2025-05-18 07:00:00+02:00;69,000;1,000;MESURE
2025-05-18 08:00:00+02:00;71,000;1,000;MESURE
2025-05-18 09:00:00+02:00;70,000;1,000;MESURE
2025-05-18 10:00:00+02:00;70,000;1,000;MESURE
2025-05-18 11:00:00+02:00;71,000;1,000;MESURE
2025-05-18 12:00:00+02:00;71,000;1,000;MESURE
2025-05-18 13:00:00+02:00;71,000;1,000;MESURE
2025-05-18 14:00:00+02:00;71,000;1,000;MESURE
2025-05-18 15:00:00+02:00;71,000;1,000;MESURE
2025-05-18 16:00:00+02:00;70,000;1,000;MESURE
2025-05-18 17:00:00+02:00;71,000;1,000;MESURE
2025-05-18 18:00:00+02:00;71,000;1,000;MESURE
2025-05-18 19:00:00+02:00;71,000;1,000;MESURE
2025-05-18 20:00:00+02:00;69,000;1,000;MESURE
2025-05-18 21:00:00+02:00;70,000;1,000;MESURE
2025-05-18 22:00:00+02:00;69,000;1,000;MESURE
2025-05-18 23:00:00+02:00;70,000;1,000;MESURE
2025-05-19 00:00:00+02:00;69,000;1,000;MESURE
2025-05-19 01:00:00+02:00;70,000;1,000;MESURE
2025-05-19 02:00:00+02:00;69,000;1,000;MESURE
2025-05-19 03:00:00+02:00;70,000;1,000;MESURE
2025-05-19 04:00:00+02:00;70,000;1,000;MESURE
2025-05-19 05:00:00+02:00;69,000;1,000;MESURE
2025-05-19 06:00:00+02:00;68,000;1,000;MESURE
2025-05-19 07:00:00+02:00;69,000;1,000;MESURE
2025-05-19 08:00:00+02:00;70,000;1,000;MESURE
2025-05-19 09:00:00+02:00;70,000;1,000;MESURE
2025-05-19 10:00:00+02:00;71,000;1,000;MESURE
2025-05-19 11:00:00+02:00;70,000;1,000;MESURE
2025-05-19 12:00:00+02:00;71,000;1,000;MESURE
2025-05-19 13:00:00+02:00;71,000;1,000;MESURE
2025-05-19 14:00:00+02:00;71,000;1,000;MESURE
2025-05-19 15:00:00+02:00;71,000;1,000;MESURE
2025-05-19 16:00:00+02:00;70,000;1,000;MESURE
2025-05-19 17:00:00+02:00;1657,000;1,000;MESURE
2025-05-19 18:00:00+02:00;9843,000;1,000;MESURE
2025-05-19 19:00:00+02:00;18252,000;1,000;MESURE
2025-05-19 20:00:00+02:00;11556,000;1,000;MESURE
2025-05-19 21:00:00+02:00;9496,000;1,000;MESURE
2025-05-19 22:00:00+02:00;2994,000;1,000;MESURE
2025-05-19 23:00:00+02:00;245,000;1,000;MESURE
2025-05-20 00:00:00+02:00;69,000;1,000;MESURE
2025-05-20 01:00:00+02:00;69,000;1,000;MESURE
2025-05-20 02:00:00+02:00;68,000;1,000;MESURE
2025-05-20 03:00:00+02:00;69,000;1,000;MESURE
2025-05-20 04:00:00+02:00;69,000;1,000;MESURE
2025-05-20 05:00:00+02:00;68,000;1,000;MESURE
2025-05-20 06:00:00+02:00;67,000;1,000;MESURE
2025-05-20 07:00:00+02:00;68,000;1,000;MESURE
2025-05-20 08:00:00+02:00;70,000;1,000;MESURE
2025-05-20 09:00:00+02:00;1616,000;1,000;MESURE
2025-05-20 10:00:00+02:00;11347,000;1,000;MESURE
2025-05-20 11:00:00+02:00;4699,000;1,000;MESURE
2025-05-20 12:00:00+02:00;70,000;1,000;MESURE
2025-05-20 13:00:00+02:00;4795,000;1,000;MESURE
2025-05-20 14:00:00+02:00;14563,000;1,000;MESURE
2025-05-20 15:00:00+02:00;11795,000;1,000;MESURE
2025-05-20 16:00:00+02:00;10512,000;1,000;MESURE
2025-05-20 17:00:00+02:00;70,000;1,000;MESURE
2025-05-20 18:00:00+02:00;71,000;1,000;MESURE
2025-05-20 19:00:00+02:00;71,000;1,000;MESURE
2025-05-20 20:00:00+02:00;69,000;1,000;MESURE
2025-05-20 21:00:00+02:00;70,000;1,000;MESURE
2025-05-20 22:00:00+02:00;810,000;1,000;MESURE
2025-05-20 23:00:00+02:00;10860,000;1,000;MESURE
2025-05-21 00:00:00+02:00;8501,000;1,000;MESURE
2025-05-21 01:00:00+02:00;7406,000;1,000;MESURE
2025-05-21 02:00:00+02:00;10888,000;1,000;MESURE
2025-05-21 03:00:00+02:00;4027,000;1,000;MESURE
2025-05-21 04:00:00+02:00;70,000;1,000;MESURE
2025-05-21 05:00:00+02:00;69,000;1,000;MESURE
2025-05-21 06:00:00+02:00;69,000;1,000;MESURE
2025-05-21 07:00:00+02:00;68,000;1,000;MESURE
2025-05-21 08:00:00+02:00;70,000;1,000;MESURE
2025-05-21 09:00:00+02:00;70,000;1,000;MESURE
2025-05-21 10:00:00+02:00;71,000;1,000;MESURE
2025-05-21 11:00:00+02:00;71,000;1,000;MESURE
2025-05-21 12:00:00+02:00;71,000;1,000;MESURE
2025-05-21 13:00:00+02:00;71,000;1,000;MESURE
2025-05-21 14:00:00+02:00;72,000;1,000;MESURE
2025-05-21 15:00:00+02:00;3420,000;1,000;MESURE
2025-05-21 16:00:00+02:00;11437,000;1,000;MESURE
2025-05-21 17:00:00+02:00;1283,000;1,000;MESURE
2025-05-21 18:00:00+02:00;71,000;1,000;MESURE
2025-05-21 19:00:00+02:00;70,000;1,000;MESURE
2025-05-21 20:00:00+02:00;69,000;1,000;MESURE
2025-05-21 21:00:00+02:00;69,000;1,000;MESURE
2025-05-21 22:00:00+02:00;69,000;1,000;MESURE
2025-05-21 23:00:00+02:00;69,000;1,000;MESURE
2025-05-22 00:00:00+02:00;69,000;1,000;MESURE
2025-05-22 01:00:00+02:00;69,000;1,000;MESURE
2025-05-22 02:00:00+02:00;70,000;1,000;MESURE
2025-05-22 03:00:00+02:00;69,000;1,000;MESURE
2025-05-22 04:00:00+02:00;69,000;1,000;MESURE
2025-05-22 05:00:00+02:00;68,000;1,000;MESURE
2025-05-22 06:00:00+02:00;69,000;1,000;MESURE
2025-05-22 07:00:00+02:00;68,000;1,000;MESURE
2025-05-22 08:00:00+02:00;4431,000;1,000;MESURE
2025-05-22 09:00:00+02:00;347,000;1,000;MESURE
2025-05-22 10:00:00+02:00;70,000;1,000;MESURE
2025-05-22 11:00:00+02:00;70,000;1,000;MESURE
2025-05-22 12:00:00+02:00;385,000;1,000;MESURE
2025-05-22 13:00:00+02:00;10819,000;1,000;MESURE
2025-05-22 14:00:00+02:00;20465,000;1,000;MESURE
2025-05-22 15:00:00+02:00;22087,000;1,000;MESURE
2025-05-22 16:00:00+02:00;17628,000;1,000;MESURE
2025-05-22 17:00:00+02:00;2561,000;1,000;MESURE
2025-05-22 18:00:00+02:00;70,000;1,000;MESURE
2025-05-22 19:00:00+02:00;71,000;1,000;MESURE
2025-05-22 20:00:00+02:00;69,000;1,000;MESURE
2025-05-22 21:00:00+02:00;4125,000;1,000;MESURE
2025-05-22 22:00:00+02:00;19847,000;1,000;MESURE
2025-05-22 23:00:00+02:00;12550,000;1,000;MESURE
2025-05-23 00:00:00+02:00;20720,000;1,000;MESURE
2025-05-23 01:00:00+02:00;20625,000;1,000;MESURE
2025-05-23 02:00:00+02:00;14415,000;1,000;MESURE
2025-05-23 03:00:00+02:00;11764,000;1,000;MESURE
2025-05-23 04:00:00+02:00;5828,000;1,000;MESURE
2025-05-23 05:00:00+02:00;68,000;1,000;MESURE
2025-05-23 06:00:00+02:00;69,000;1,000;MESURE
2025-05-23 07:00:00+02:00;68,000;1,000;MESURE
2025-05-23 08:00:00+02:00;2859,000;1,000;MESURE
2025-05-23 09:00:00+02:00;11329,000;1,000;MESURE
2025-05-23 10:00:00+02:00;13525,000;1,000;MESURE
2025-05-23 11:00:00+02:00;3509,000;1,000;MESURE
2025-05-23 12:00:00+02:00;72,000;1,000;MESURE
2025-05-23 13:00:00+02:00;70,000;1,000;MESURE
2025-05-23 14:00:00+02:00;71,000;1,000;MESURE
2025-05-23 15:00:00+02:00;71,000;1,000;MESURE
2025-05-23 16:00:00+02:00;67,000;1,000;MESURE
2025-05-23 17:00:00+02:00;71,000;1,000;MESURE
2025-05-23 18:00:00+02:00;12692,000;1,000;MESURE
2025-05-23 19:00:00+02:00;17052,000;1,000;MESURE
2025-05-23 20:00:00+02:00;22815,000;1,000;MESURE
2025-05-23 21:00:00+02:00;9463,000;1,000;MESURE
2025-05-23 22:00:00+02:00;10482,000;1,000;MESURE
2025-05-23 23:00:00+02:00;7158,000;1,000;MESURE
2025-05-24 00:00:00+02:00;3618,000;1,000;MESURE
2025-05-24 01:00:00+02:00;3614,000;1,000;MESURE
2025-05-24 02:00:00+02:00;3617,000;1,000;MESURE
2025-05-24 03:00:00+02:00;3621,000;1,000;MESURE
2025-05-24 04:00:00+02:00;3622,000;1,000;MESURE
2025-05-24 05:00:00+02:00;731,000;1,000;MESURE
2025-05-24 06:00:00+02:00;68,000;1,000;MESURE
2025-05-24 07:00:00+02:00;69,000;1,000;MESURE
2025-05-24 08:00:00+02:00;70,000;1,000;MESURE
2025-05-24 09:00:00+02:00;70,000;1,000;MESURE
2025-05-24 10:00:00+02:00;70,000;1,000;MESURE
2025-05-24 11:00:00+02:00;4946,000;1,000;MESURE
2025-05-24 12:00:00+02:00;10802,000;1,000;MESURE
2025-05-24 13:00:00+02:00;10899,000;1,000;MESURE
2025-05-24 14:00:00+02:00;1676,000;1,000;MESURE
2025-05-24 15:00:00+02:00;71,000;1,000;MESURE
2025-05-24 16:00:00+02:00;70,000;1,000;MESURE
2025-05-24 17:00:00+02:00;71,000;1,000;MESURE
2025-05-24 18:00:00+02:00;70,000;1,000;MESURE
2025-05-24 19:00:00+02:00;4021,000;1,000;MESURE
2025-05-24 20:00:00+02:00;10883,000;1,000;MESURE
2025-05-24 21:00:00+02:00;10911,000;1,000;MESURE
2025-05-24 22:00:00+02:00;10373,000;1,000;MESURE
2025-05-24 23:00:00+02:00;3806,000;1,000;MESURE
2025-05-25 00:00:00+02:00;630,000;1,000;MESURE
2025-05-25 01:00:00+02:00;69,000;1,000;MESURE
2025-05-25 02:00:00+02:00;69,000;1,000;MESURE
2025-05-25 03:00:00+02:00;69,000;1,000;MESURE
2025-05-25 04:00:00+02:00;69,000;1,000;MESURE
2025-05-25 05:00:00+02:00;69,000;1,000;MESURE
2025-05-25 06:00:00+02:00;68,000;1,000;MESURE
2025-05-25 07:00:00+02:00;68,000;1,000;MESURE
2025-05-25 08:00:00+02:00;70,000;1,000;MESURE
2025-05-25 09:00:00+02:00;599,000;1,000;MESURE
2025-05-25 10:00:00+02:00;69,000;1,000;MESURE
2025-05-25 11:00:00+02:00;70,000;1,000;MESURE
2025-05-25 12:00:00+02:00;70,000;1,000;MESURE
2025-05-25 13:00:00+02:00;70,000;1,000;MESURE
2025-05-25 14:00:00+02:00;70,000;1,000;MESURE
2025-05-25 15:00:00+02:00;10626,000;1,000;MESURE
2025-05-25 16:00:00+02:00;11366,000;1,000;MESURE
2025-05-25 17:00:00+02:00;5375,000;1,000;MESURE
2025-05-25 18:00:00+02:00;18646,000;1,000;MESURE
2025-05-25 19:00:00+02:00;12339,000;1,000;MESURE
2025-05-25 20:00:00+02:00;7720,000;1,000;MESURE
2025-05-25 21:00:00+02:00;69,000;1,000;MESURE
2025-05-25 22:00:00+02:00;7058,000;1,000;MESURE
2025-05-25 23:00:00+02:00;10811,000;1,000;MESURE
2025-05-26 00:00:00+02:00;10857,000;1,000;MESURE
2025-05-26 01:00:00+02:00;10896,000;1,000;MESURE
2025-05-26 02:00:00+02:00;5750,000;1,000;MESURE
2025-05-26 03:00:00+02:00;1702,000;1,000;MESURE
2025-05-26 04:00:00+02:00;69,000;1,000;MESURE
2025-05-26 05:00:00+02:00;69,000;1,000;MESURE
2025-05-26 06:00:00+02:00;68,000;1,000;MESURE
2025-05-26 07:00:00+02:00;68,000;1,000;MESURE
2025-05-26 08:00:00+02:00;70,000;1,000;MESURE
2025-05-26 09:00:00+02:00;70,000;1,000;MESURE
2025-05-26 10:00:00+02:00;70,000;1,000;MESURE
2025-05-26 11:00:00+02:00;71,000;1,000;MESURE
2025-05-26 12:00:00+02:00;72,000;1,000;MESURE
2025-05-26 13:00:00+02:00;73,000;1,000;MESURE
2025-05-26 14:00:00+02:00;70,000;1,000;MESURE
2025-05-26 15:00:00+02:00;70,000;1,000;MESURE
2025-05-26 16:00:00+02:00;70,000;1,000;MESURE
2025-05-26 17:00:00+02:00;71,000;1,000;MESURE
2025-05-26 18:00:00+02:00;7417,000;1,000;MESURE
2025-05-26 19:00:00+02:00;10889,000;1,000;MESURE
2025-05-26 20:00:00+02:00;10920,000;1,000;MESURE
2025-05-26 21:00:00+02:00;10829,000;1,000;MESURE
2025-05-26 22:00:00+02:00;9248,000;1,000;MESURE
2025-05-26 23:00:00+02:00;2233,000;1,000;MESURE
2025-05-27 00:00:00+02:00;68,000;1,000;MESURE
2025-05-27 01:00:00+02:00;69,000;1,000;MESURE
2025-05-27 02:00:00+02:00;68,000;1,000;MESURE
2025-05-27 03:00:00+02:00;69,000;1,000;MESURE
2025-05-27 04:00:00+02:00;68,000;1,000;MESURE
2025-05-27 05:00:00+02:00;68,000;1,000;MESURE
2025-05-27 06:00:00+02:00;68,000;1,000;MESURE
2025-05-27 07:00:00+02:00;68,000;1,000;MESURE
2025-05-27 08:00:00+02:00;70,000;1,000;MESURE
2025-05-27 09:00:00+02:00;69,000;1,000;MESURE
2025-05-27 10:00:00+02:00;70,000;1,000;MESURE
2025-05-27 11:00:00+02:00;70,000;1,000;MESURE
2025-05-27 12:00:00+02:00;70,000;1,000;MESURE
2025-05-27 13:00:00+02:00;70,000;1,000;MESURE
2025-05-27 14:00:00+02:00;71,000;1,000;MESURE
2025-05-27 15:00:00+02:00;70,000;1,000;MESURE
2025-05-27 16:00:00+02:00;70,000;1,000;MESURE
2025-05-27 17:00:00+02:00;70,000;1,000;MESURE
2025-05-27 18:00:00+02:00;70,000;1,000;MESURE
2025-05-27 19:00:00+02:00;71,000;1,000;MESURE
2025-05-27 20:00:00+02:00;6211,000;1,000;MESURE
2025-05-27 21:00:00+02:00;19494,000;1,000;MESURE
2025-05-27 22:00:00+02:00;8068,000;1,000;MESURE
2025-05-27 23:00:00+02:00;69,000;1,000;MESURE
2025-05-28 00:00:00+02:00;69,000;1,000;MESURE
2025-05-28 01:00:00+02:00;68,000;1,000;MESURE
2025-05-28 02:00:00+02:00;69,000;1,000;MESURE
2025-05-28 03:00:00+02:00;69,000;1,000;MESURE
2025-05-28 04:00:00+02:00;68,000;1,000;MESURE
2025-05-28 05:00:00+02:00;68,000;1,000;MESURE
2025-05-28 06:00:00+02:00;68,000;1,000;MESURE
2025-05-28 07:00:00+02:00;68,000;1,000;MESURE
2025-05-28 08:00:00+02:00;69,000;1,000;MESURE
2025-05-28 09:00:00+02:00;70,000;1,000;MESURE
2025-05-28 10:00:00+02:00;69,000;1,000;MESURE
2025-05-28 11:00:00+02:00;70,000;1,000;MESURE
2025-05-28 12:00:00+02:00;467,000;1,000;MESURE
2025-05-28 13:00:00+02:00;1942,000;1,000;MESURE
2025-05-28 14:00:00+02:00;1948,000;1,000;MESURE
2025-05-28 15:00:00+02:00;1959,000;1,000;MESURE
2025-05-28 16:00:00+02:00;3564,000;1,000;MESURE
2025-05-28 17:00:00+02:00;1957,000;1,000;MESURE
2025-05-28 18:00:00+02:00;299,000;1,000;MESURE
2025-05-28 19:00:00+02:00;1155,000;1,000;MESURE
2025-05-28 20:00:00+02:00;10847,000;1,000;MESURE
2025-05-28 21:00:00+02:00;10773,000;1,000;MESURE
2025-05-28 22:00:00+02:00;10898,000;1,000;MESURE
2025-05-28 23:00:00+02:00;10926,000;1,000;MESURE
2025-05-29 00:00:00+02:00;10847,000;1,000;MESURE
2025-05-29 01:00:00+02:00;9326,000;1,000;MESURE
2025-05-29 02:00:00+02:00;2946,000;1,000;MESURE
2025-05-29 03:00:00+02:00;380,000;1,000;MESURE
2025-05-29 04:00:00+02:00;70,000;1,000;MESURE
2025-05-29 05:00:00+02:00;68,000;1,000;MESURE
2025-05-29 06:00:00+02:00;68,000;1,000;MESURE
2025-05-29 07:00:00+02:00;334,000;1,000;MESURE
2025-05-29 08:00:00+02:00;10519,000;1,000;MESURE
2025-05-29 09:00:00+02:00;10521,000;1,000;MESURE
2025-05-29 10:00:00+02:00;10517,000;1,000;MESURE
2025-05-29 11:00:00+02:00;19299,000;1,000;MESURE
2025-05-29 12:00:00+02:00;15117,000;1,000;MESURE
2025-05-29 13:00:00+02:00;1295,000;1,000;MESURE
2025-05-29 14:00:00+02:00;177,000;1,000;MESURE
2025-05-29 15:00:00+02:00;11013,000;1,000;MESURE
2025-05-29 16:00:00+02:00;11025,000;1,000;MESURE
2025-05-29 17:00:00+02:00;13718,000;1,000;MESURE
2025-05-29 18:00:00+02:00;21465,000;1,000;MESURE
2025-05-29 19:00:00+02:00;16973,000;1,000;MESURE
2025-05-29 20:00:00+02:00;11052,000;1,000;MESURE
2025-05-29 21:00:00+02:00;8874,000;1,000;MESURE
2025-05-29 22:00:00+02:00;69,000;1,000;MESURE
2025-05-29 23:00:00+02:00;68,000;1,000;MESURE
2025-05-30 00:00:00+02:00;69,000;1,000;MESURE
2025-05-30 01:00:00+02:00;69,000;1,000;MESURE
2025-05-30 02:00:00+02:00;69,000;1,000;MESURE
2025-05-30 03:00:00+02:00;69,000;1,000;MESURE
2025-05-30 04:00:00+02:00;68,000;1,000;MESURE
2025-05-30 05:00:00+02:00;69,000;1,000;MESURE
2025-05-30 06:00:00+02:00;68,000;1,000;MESURE
2025-05-30 07:00:00+02:00;68,000;1,000;MESURE
2025-05-30 08:00:00+02:00;70,000;1,000;MESURE
2025-05-30 09:00:00+02:00;70,000;1,000;MESURE
2025-05-30 10:00:00+02:00;70,000;1,000;MESURE
2025-05-30 11:00:00+02:00;10905,000;1,000;MESURE
2025-05-30 12:00:00+02:00;6924,000;1,000;MESURE
2025-05-30 13:00:00+02:00;71,000;1,000;MESURE
2025-05-30 14:00:00+02:00;2505,000;1,000;MESURE
2025-05-30 15:00:00+02:00;70,000;1,000;MESURE
2025-05-30 16:00:00+02:00;71,000;1,000;MESURE
2025-05-30 17:00:00+02:00;70,000;1,000;MESURE
2025-05-30 18:00:00+02:00;71,000;1,000;MESURE
2025-05-30 19:00:00+02:00;71,000;1,000;MESURE
2025-05-30 20:00:00+02:00;69,000;1,000;MESURE
2025-05-30 21:00:00+02:00;69,000;1,000;MESURE
2025-05-30 22:00:00+02:00;69,000;1,000;MESURE
2025-05-30 23:00:00+02:00;69,000;1,000;MESURE
2025-05-31 00:00:00+02:00;70,000;1,000;MESURE
2025-05-31 01:00:00+02:00;69,000;1,000;MESURE
2025-05-31 02:00:00+02:00;69,000;1,000;MESURE
2025-05-31 03:00:00+02:00;70,000;1,000;MESURE
2025-05-31 04:00:00+02:00;8978,000;1,000;MESURE
2025-05-31 05:00:00+02:00;10904,000;1,000;MESURE
2025-05-31 06:00:00+02:00;10921,000;1,000;MESURE
2025-05-31 07:00:00+02:00;10939,000;1,000;MESURE
2025-05-31 08:00:00+02:00;10853,000;1,000;MESURE
2025-05-31 09:00:00+02:00;10154,000;1,000;MESURE
2025-05-31 10:00:00+02:00;3482,000;1,000;MESURE
2025-05-31 11:00:00+02:00;70,000;1,000;MESURE
2025-05-31 12:00:00+02:00;71,000;1,000;MESURE
2025-05-31 13:00:00+02:00;71,000;1,000;MESURE
2025-05-31 14:00:00+02:00;71,000;1,000;MESURE
2025-05-31 15:00:00+02:00;71,000;1,000;MESURE
2025-05-31 16:00:00+02:00;71,000;1,000;MESURE
2025-05-31 17:00:00+02:00;71,000;1,000;MESURE
2025-05-31 18:00:00+02:00;71,000;1,000;MESURE
2025-05-31 19:00:00+02:00;71,000;1,000;MESURE
2025-05-31 20:00:00+02:00;69,000;1,000;MESURE
2025-05-31 21:00:00+02:00;70,000;1,000;MESURE
2025-05-31 22:00:00+02:00;69,000;1,000;MESURE
2025-05-31 23:00:00+02:00;70,000;1,000;MESURE
2025-06-01 00:00:00+02:00;69,000;1,000;MESURE
2025-06-01 01:00:00+02:00;70,000;1,000;MESURE
2025-06-01 02:00:00+02:00;70,000;1,000;MESURE
2025-06-01 03:00:00+02:00;69,000;1,000;MESURE
2025-06-01 04:00:00+02:00;70,000;1,000;MESURE
2025-06-01 05:00:00+02:00;69,000;1,000;MESURE
2025-06-01 06:00:00+02:00;69,000;1,000;MESURE
2025-06-01 07:00:00+02:00;69,000;1,000;MESURE
2025-06-01 08:00:00+02:00;70,000;1,000;MESURE
2025-06-01 09:00:00+02:00;70,000;1,000;MESURE
2025-06-01 10:00:00+02:00;69,000;1,000;MESURE
2025-06-01 11:00:00+02:00;71,000;1,000;MESURE
2025-06-01 12:00:00+02:00;70,000;1,000;MESURE
2025-06-01 13:00:00+02:00;71,000;1,000;MESURE
2025-06-01 14:00:00+02:00;70,000;1,000;MESURE
2025-06-01 15:00:00+02:00;6158,000;1,000;MESURE
2025-06-01 16:00:00+02:00;13912,000;1,000;MESURE
2025-06-01 17:00:00+02:00;14034,000;1,000;MESURE
2025-06-01 18:00:00+02:00;6011,000;1,000;MESURE
2025-06-01 19:00:00+02:00;3121,000;1,000;MESURE
2025-06-01 20:00:00+02:00;69,000;1,000;MESURE
2025-06-01 21:00:00+02:00;69,000;1,000;MESURE
2025-06-01 22:00:00+02:00;69,000;1,000;MESURE
2025-06-01 23:00:00+02:00;69,000;1,000;MESURE
2025-06-02 00:00:00+02:00;8145,000;1,000;MESURE
2025-06-02 01:00:00+02:00;10879,000;1,000;MESURE
2025-06-02 02:00:00+02:00;10818,000;1,000;MESURE
2025-06-02 03:00:00+02:00;10793,000;1,000;MESURE
2025-06-02 04:00:00+02:00;991,000;1,000;MESURE
2025-06-02 05:00:00+02:00;69,000;1,000;MESURE
2025-06-02 06:00:00+02:00;68,000;1,000;MESURE
2025-06-02 07:00:00+02:00;68,000;1,000;MESURE
2025-06-02 08:00:00+02:00;71,000;1,000;MESURE
2025-06-02 09:00:00+02:00;70,000;1,000;MESURE
2025-06-02 10:00:00+02:00;70,000;1,000;MESURE
2025-06-02 11:00:00+02:00;5469,000;1,000;MESURE
2025-06-02 12:00:00+02:00;70,000;1,000;MESURE
2025-06-02 13:00:00+02:00;71,000;1,000;MESURE
2025-06-02 14:00:00+02:00;71,000;1,000;MESURE
2025-06-02 15:00:00+02:00;71,000;1,000;MESURE
2025-06-02 16:00:00+02:00;71,000;1,000;MESURE
2025-06-02 17:00:00+02:00;3688,000;1,000;MESURE
2025-06-02 18:00:00+02:00;10792,000;1,000;MESURE
2025-06-02 19:00:00+02:00;71,000;1,000;MESURE
2025-06-02 20:00:00+02:00;70,000;1,000;MESURE
2025-06-02 21:00:00+02:00;537,000;1,000;MESURE
2025-06-02 22:00:00+02:00;10900,000;1,000;MESURE
2025-06-02 23:00:00+02:00;10908,000;1,000;MESURE
2025-06-03 00:00:00+02:00;10945,000;1,000;MESURE
2025-06-03 01:00:00+02:00;10869,000;1,000;MESURE
2025-06-03 02:00:00+02:00;10835,000;1,000;MESURE
2025-06-03 03:00:00+02:00;10825,000;1,000;MESURE
2025-06-03 04:00:00+02:00;10742,000;1,000;MESURE
2025-06-03 05:00:00+02:00;4557,000;1,000;MESURE
2025-06-03 06:00:00+02:00;1088,000;1,000;MESURE
2025-06-03 07:00:00+02:00;68,000;1,000;MESURE
2025-06-03 08:00:00+02:00;70,000;1,000;MESURE
2025-06-03 09:00:00+02:00;1666,000;1,000;MESURE
2025-06-03 10:00:00+02:00;7621,000;1,000;MESURE
2025-06-03 11:00:00+02:00;1841,000;1,000;MESURE
2025-06-03 12:00:00+02:00;114,000;1,000;MESURE
2025-06-03 13:00:00+02:00;13334,000;1,000;MESURE
2025-06-03 14:00:00+02:00;13254,000;1,000;MESURE
2025-06-03 15:00:00+02:00;15245,000;1,000;MESURE
2025-06-03 16:00:00+02:00;4614,000;1,000;MESURE
2025-06-03 17:00:00+02:00;3534,000;1,000;MESURE
2025-06-03 18:00:00+02:00;1962,000;1,000;MESURE
2025-06-03 19:00:00+02:00;71,000;1,000;MESURE
2025-06-03 20:00:00+02:00;68,000;1,000;MESURE
2025-06-03 21:00:00+02:00;69,000;1,000;MESURE
2025-06-03 22:00:00+02:00;69,000;1,000;MESURE
2025-06-03 23:00:00+02:00;69,000;1,000;MESURE
2025-06-04 00:00:00+02:00;69,000;1,000;MESURE
2025-06-04 01:00:00+02:00;69,000;1,000;MESURE
2025-06-04 02:00:00+02:00;68,000;1,000;MESURE
2025-06-04 03:00:00+02:00;69,000;1,000;MESURE
2025-06-04 04:00:00+02:00;69,000;1,000;MESURE
2025-06-04 05:00:00+02:00;69,000;1,000;MESURE
2025-06-04 06:00:00+02:00;68,000;1,000;MESURE
2025-06-04 07:00:00+02:00;68,000;1,000;MESURE
2025-06-04 08:00:00+02:00;70,000;1,000;MESURE
2025-06-04 09:00:00+02:00;2324,000;1,000;MESURE
2025-06-04 10:00:00+02:00;7601,000;1,000;MESURE
2025-06-04 11:00:00+02:00;1061,000;1,000;MESURE
2025-06-04 12:00:00+02:00;71,000;1,000;MESURE
2025-06-04 13:00:00+02:00;6869,000;1,000;MESURE
2025-06-04 14:00:00+02:00;9886,000;1,000;MESURE
2025-06-04 15:00:00+02:00;2591,000;1,000;MESURE
2025-06-04 16:00:00+02:00;9863,000;1,000;MESURE
2025-06-04 17:00:00+02:00;10609,000;1,000;MESURE
2025-06-04 18:00:00+02:00;17656,000;1,000;MESURE
2025-06-04 19:00:00+02:00;14107,000;1,000;MESURE
2025-06-04 20:00:00+02:00;12284,000;1,000;MESURE
2025-06-04 21:00:00+02:00;11439,000;1,000;MESURE
2025-06-04 22:00:00+02:00;11453,000;1,000;MESURE
2025-06-04 23:00:00+02:00;4678,000;1,000;MESURE
2025-06-05 00:00:00+02:00;69,000;1,000;MESURE
2025-06-05 01:00:00+02:00;69,000;1,000;MESURE
2025-06-05 02:00:00+02:00;69,000;1,000;MESURE
2025-06-05 03:00:00+02:00;69,000;1,000;MESURE
2025-06-05 04:00:00+02:00;69,000;1,000;MESURE
2025-06-05 05:00:00+02:00;69,000;1,000;MESURE
2025-06-05 06:00:00+02:00;68,000;1,000;MESURE
2025-06-05 07:00:00+02:00;69,000;1,000;MESURE
2025-06-05 08:00:00+02:00;70,000;1,000;MESURE
2025-06-05 09:00:00+02:00;430,000;1,000;MESURE
2025-06-05 10:00:00+02:00;7653,000;1,000;MESURE
2025-06-05 11:00:00+02:00;2533,000;1,000;MESURE
2025-06-05 12:00:00+02:00;70,000;1,000;MESURE
2025-06-05 13:00:00+02:00;71,000;1,000;MESURE
2025-06-05 14:00:00+02:00;72,000;1,000;MESURE
2025-06-05 15:00:00+02:00;71,000;1,000;MESURE
2025-06-05 16:00:00+02:00;71,000;1,000;MESURE
2025-06-05 17:00:00+02:00;871,000;1,000;MESURE
2025-06-05 18:00:00+02:00;7501,000;1,000;MESURE
2025-06-05 19:00:00+02:00;14020,000;1,000;MESURE
2025-06-05 20:00:00+02:00;12377,000;1,000;MESURE
2025-06-05 21:00:00+02:00;8388,000;1,000;MESURE
2025-06-05 22:00:00+02:00;10804,000;1,000;MESURE
2025-06-05 23:00:00+02:00;10888,000;1,000;MESURE
2025-06-06 00:00:00+02:00;10804,000;1,000;MESURE
2025-06-06 01:00:00+02:00;10807,000;1,000;MESURE
2025-06-06 02:00:00+02:00;8884,000;1,000;MESURE
2025-06-06 03:00:00+02:00;2550,000;1,000;MESURE
2025-06-06 04:00:00+02:00;78,000;1,000;MESURE
2025-06-06 05:00:00+02:00;68,000;1,000;MESURE
2025-06-06 06:00:00+02:00;69,000;1,000;MESURE
2025-06-06 07:00:00+02:00;68,000;1,000;MESURE
2025-06-06 08:00:00+02:00;7318,000;1,000;MESURE
2025-06-06 09:00:00+02:00;18649,000;1,000;MESURE
2025-06-06 10:00:00+02:00;12393,000;1,000;MESURE
2025-06-06 11:00:00+02:00;11044,000;1,000;MESURE
2025-06-06 12:00:00+02:00;11045,000;1,000;MESURE
2025-06-06 13:00:00+02:00;2507,000;1,000;MESURE
2025-06-06 14:00:00+02:00;71,000;1,000;MESURE
2025-06-06 15:00:00+02:00;72,000;1,000;MESURE
2025-06-06 16:00:00+02:00;71,000;1,000;MESURE
2025-06-06 17:00:00+02:00;71,000;1,000;MESURE
2025-06-06 18:00:00+02:00;71,000;1,000;MESURE
2025-06-06 19:00:00+02:00;3005,000;1,000;MESURE
2025-06-06 20:00:00+02:00;10412,000;1,000;MESURE
2025-06-06 21:00:00+02:00;963,000;1,000;MESURE
2025-06-06 22:00:00+02:00;69,000;1,000;MESURE
2025-06-06 23:00:00+02:00;70,000;1,000;MESURE
2025-06-07 00:00:00+02:00;69,000;1,000;MESURE
2025-06-07 01:00:00+02:00;69,000;1,000;MESURE
2025-06-07 02:00:00+02:00;70,000;1,000;MESURE
2025-06-07 03:00:00+02:00;69,000;1,000;MESURE
2025-06-07 04:00:00+02:00;70,000;1,000;MESURE
2025-06-07 05:00:00+02:00;68,000;1,000;MESURE
2025-06-07 06:00:00+02:00;69,000;1,000;MESURE
2025-06-07 07:00:00+02:00;3945,000;1,000;MESURE
2025-06-07 08:00:00+02:00;10635,000;1,000;MESURE
2025-06-07 09:00:00+02:00;12049,000;1,000;MESURE
2025-06-07 10:00:00+02:00;9431,000;1,000;MESURE
2025-06-07 11:00:00+02:00;7335,000;1,000;MESURE
2025-06-07 12:00:00+02:00;3444,000;1,000;MESURE
2025-06-07 13:00:00+02:00;2175,000;1,000;MESURE
2025-06-07 14:00:00+02:00;3805,000;1,000;MESURE
2025-06-07 15:00:00+02:00;3812,000;1,000;MESURE
2025-06-07 16:00:00+02:00;1753,000;1,000;MESURE
2025-06-07 17:00:00+02:00;70,000;1,000;MESURE
2025-06-07 18:00:00+02:00;4782,000;1,000;MESURE
2025-06-07 19:00:00+02:00;7749,000;1,000;MESURE
2025-06-07 20:00:00+02:00;5957,000;1,000;MESURE
2025-06-07 21:00:00+02:00;4138,000;1,000;MESURE
2025-06-07 22:00:00+02:00;69,000;1,000;MESURE
2025-06-07 23:00:00+02:00;69,000;1,000;MESURE
2025-06-08 00:00:00+02:00;69,000;1,000;MESURE
2025-06-08 01:00:00+02:00;70,000;1,000;MESURE
2025-06-08 02:00:00+02:00;69,000;1,000;MESURE
2025-06-08 03:00:00+02:00;69,000;1,000;MESURE
2025-06-08 04:00:00+02:00;69,000;1,000;MESURE
2025-06-08 05:00:00+02:00;69,000;1,000;MESURE
2025-06-08 06:00:00+02:00;68,000;1,000;MESURE
2025-06-08 07:00:00+02:00;68,000;1,000;MESURE
2025-06-08 08:00:00+02:00;70,000;1,000;MESURE
2025-06-08 09:00:00+02:00;70,000;1,000;MESURE
2025-06-08 10:00:00+02:00;70,000;1,000;MESURE
2025-06-08 11:00:00+02:00;70,000;1,000;MESURE
2025-06-08 12:00:00+02:00;70,000;1,000;MESURE
2025-06-08 13:00:00+02:00;70,000;1,000;MESURE
2025-06-08 14:00:00+02:00;6131,000;1,000;MESURE
2025-06-08 15:00:00+02:00;11343,000;1,000;MESURE
2025-06-08 16:00:00+02:00;16861,000;1,000;MESURE
2025-06-08 17:00:00+02:00;6784,000;1,000;MESURE
2025-06-08 18:00:00+02:00;3964,000;1,000;MESURE
2025-06-08 19:00:00+02:00;8872,000;1,000;MESURE
2025-06-08 20:00:00+02:00;10471,000;1,000;MESURE
2025-06-08 21:00:00+02:00;4856,000;1,000;MESURE
2025-06-08 22:00:00+02:00;69,000;1,000;MESURE
2025-06-08 23:00:00+02:00;69,000;1,000;MESURE
2025-06-09 00:00:00+02:00;69,000;1,000;MESURE
2025-06-09 01:00:00+02:00;69,000;1,000;MESURE
2025-06-09 02:00:00+02:00;69,000;1,000;MESURE
2025-06-09 03:00:00+02:00;69,000;1,000;MESURE
2025-06-09 04:00:00+02:00;70,000;1,000;MESURE
2025-06-09 05:00:00+02:00;68,000;1,000;MESURE
2025-06-09 06:00:00+02:00;69,000;1,000;MESURE
2025-06-09 07:00:00+02:00;68,000;1,000;MESURE
2025-06-09 08:00:00+02:00;6672,000;1,000;MESURE
2025-06-09 09:00:00+02:00;1371,000;1,000;MESURE
2025-06-09 10:00:00+02:00;70,000;1,000;MESURE
2025-06-09 11:00:00+02:00;70,000;1,000;MESURE
2025-06-09 12:00:00+02:00;69,000;1,000;MESURE
2025-06-09 13:00:00+02:00;70,000;1,000;MESURE
2025-06-09 14:00:00+02:00;70,000;1,000;MESURE
2025-06-09 15:00:00+02:00;7839,000;1,000;MESURE
2025-06-09 16:00:00+02:00;12320,000;1,000;MESURE
2025-06-09 17:00:00+02:00;15442,000;1,000;MESURE
2025-06-09 18:00:00+02:00;18351,000;1,000;MESURE
2025-06-09 19:00:00+02:00;69,000;1,000;MESURE
2025-06-09 20:00:00+02:00;6518,000;1,000;MESURE
2025-06-09 21:00:00+02:00;10922,000;1,000;MESURE
2025-06-09 22:00:00+02:00;7540,000;1,000;MESURE
2025-06-09 23:00:00+02:00;69,000;1,000;MESURE
2025-06-10 00:00:00+02:00;68,000;1,000;MESURE
2025-06-10 01:00:00+02:00;69,000;1,000;MESURE
2025-06-10 02:00:00+02:00;68,000;1,000;MESURE
2025-06-10 03:00:00+02:00;69,000;1,000;MESURE
2025-06-10 04:00:00+02:00;68,000;1,000;MESURE
2025-06-10 05:00:00+02:00;68,000;1,000;MESURE
2025-06-10 06:00:00+02:00;68,000;1,000;MESURE
2025-06-10 07:00:00+02:00;122,000;1,000;MESURE
2025-06-10 08:00:00+02:00;7650,000;1,000;MESURE
2025-06-10 09:00:00+02:00;12909,000;1,000;MESURE
2025-06-10 10:00:00+02:00;11510,000;1,000;MESURE
2025-06-10 11:00:00+02:00;9870,000;1,000;MESURE
2025-06-10 12:00:00+02:00;70,000;1,000;MESURE
2025-06-10 13:00:00+02:00;7234,000;1,000;MESURE
2025-06-10 14:00:00+02:00;3590,000;1,000;MESURE
2025-06-10 15:00:00+02:00;4847,000;1,000;MESURE
2025-06-10 16:00:00+02:00;9984,000;1,000;MESURE
2025-06-10 17:00:00+02:00;10777,000;1,000;MESURE
2025-06-10 18:00:00+02:00;17048,000;1,000;MESURE
2025-06-10 19:00:00+02:00;10656,000;1,000;MESURE
2025-06-10 20:00:00+02:00;10918,000;1,000;MESURE
2025-06-10 21:00:00+02:00;12357,000;1,000;MESURE
2025-06-10 22:00:00+02:00;10855,000;1,000;MESURE
2025-06-10 23:00:00+02:00;10794,000;1,000;MESURE
2025-06-11 00:00:00+02:00;7684,000;1,000;MESURE
2025-06-11 01:00:00+02:00;69,000;1,000;MESURE
2025-06-11 02:00:00+02:00;68,000;1,000;MESURE
2025-06-11 03:00:00+02:00;69,000;1,000;MESURE
2025-06-11 04:00:00+02:00;68,000;1,000;MESURE
2025-06-11 05:00:00+02:00;68,000;1,000;MESURE
2025-06-11 06:00:00+02:00;68,000;1,000;MESURE
2025-06-11 07:00:00+02:00;67,000;1,000;MESURE
2025-06-11 08:00:00+02:00;70,000;1,000;MESURE
2025-06-11 09:00:00+02:00;3654,000;1,000;MESURE
2025-06-11 10:00:00+02:00;1333,000;1,000;MESURE
2025-06-11 11:00:00+02:00;4572,000;1,000;MESURE
2025-06-11 12:00:00+02:00;12623,000;1,000;MESURE
2025-06-11 13:00:00+02:00;4277,000;1,000;MESURE
2025-06-11 14:00:00+02:00;4261,000;1,000;MESURE
2025-06-11 15:00:00+02:00;70,000;1,000;MESURE
2025-06-11 16:00:00+02:00;69,000;1,000;MESURE
2025-06-11 17:00:00+02:00;70,000;1,000;MESURE
2025-06-11 18:00:00+02:00;70,000;1,000;MESURE
2025-06-11 19:00:00+02:00;70,000;1,000;MESURE
2025-06-11 20:00:00+02:00;68,000;1,000;MESURE
2025-06-11 21:00:00+02:00;68,000;1,000;MESURE
2025-06-11 22:00:00+02:00;69,000;1,000;MESURE
2025-06-11 23:00:00+02:00;68,000;1,000;MESURE
2025-06-12 00:00:00+02:00;68,000;1,000;MESURE
2025-06-12 01:00:00+02:00;68,000;1,000;MESURE
2025-06-12 02:00:00+02:00;68,000;1,000;MESURE
2025-06-12 03:00:00+02:00;68,000;1,000;MESURE
2025-06-12 04:00:00+02:00;69,000;1,000;MESURE
2025-06-12 05:00:00+02:00;67,000;1,000;MESURE
2025-06-12 06:00:00+02:00;68,000;1,000;MESURE
2025-06-12 07:00:00+02:00;67,000;1,000;MESURE
2025-06-12 08:00:00+02:00;69,000;1,000;MESURE
2025-06-12 09:00:00+02:00;69,000;1,000;MESURE
2025-06-12 10:00:00+02:00;7625,000;1,000;MESURE
2025-06-12 11:00:00+02:00;3041,000;1,000;MESURE
2025-06-12 12:00:00+02:00;68,000;1,000;MESURE
2025-06-12 13:00:00+02:00;2990,000;1,000;MESURE
2025-06-12 14:00:00+02:00;9020,000;1,000;MESURE
2025-06-12 15:00:00+02:00;69,000;1,000;MESURE
2025-06-12 16:00:00+02:00;2249,000;1,000;MESURE
2025-06-12 17:00:00+02:00;5593,000;1,000;MESURE
2025-06-12 18:00:00+02:00;1195,000;1,000;MESURE
2025-06-12 19:00:00+02:00;10840,000;1,000;MESURE
2025-06-12 20:00:00+02:00;10863,000;1,000;MESURE
2025-06-12 21:00:00+02:00;10915,000;1,000;MESURE
2025-06-12 22:00:00+02:00;10946,000;1,000;MESURE
2025-06-12 23:00:00+02:00;4059,000;1,000;MESURE
2025-06-13 00:00:00+02:00;67,000;1,000;MESURE
2025-06-13 01:00:00+02:00;68,000;1,000;MESURE
2025-06-13 02:00:00+02:00;67,000;1,000;MESURE
2025-06-13 03:00:00+02:00;68,000;1,000;MESURE
2025-06-13 04:00:00+02:00;68,000;1,000;MESURE
2025-06-13 05:00:00+02:00;66,000;1,000;MESURE
2025-06-13 06:00:00+02:00;67,000;1,000;MESURE
2025-06-13 07:00:00+02:00;67,000;1,000;MESURE
2025-06-13 08:00:00+02:00;68,000;1,000;MESURE
2025-06-13 09:00:00+02:00;3304,000;1,000;MESURE
2025-06-13 10:00:00+02:00;10620,000;1,000;MESURE
2025-06-13 11:00:00+02:00;4816,000;1,000;MESURE
2025-06-13 12:00:00+02:00;68,000;1,000;MESURE
2025-06-13 13:00:00+02:00;68,000;1,000;MESURE
2025-06-13 14:00:00+02:00;68,000;1,000;MESURE
2025-06-13 15:00:00+02:00;68,000;1,000;MESURE
2025-06-13 16:00:00+02:00;1532,000;1,000;MESURE
2025-06-13 17:00:00+02:00;11488,000;1,000;MESURE
2025-06-13 18:00:00+02:00;3972,000;1,000;MESURE
2025-06-13 19:00:00+02:00;68,000;1,000;MESURE
2025-06-13 20:00:00+02:00;10541,000;1,000;MESURE
2025-06-13 21:00:00+02:00;10911,000;1,000;MESURE
2025-06-13 22:00:00+02:00;10921,000;1,000;MESURE
2025-06-13 23:00:00+02:00;5531,000;1,000;MESURE
2025-06-14 00:00:00+02:00;67,000;1,000;MESURE
2025-06-14 01:00:00+02:00;67,000;1,000;MESURE
2025-06-14 02:00:00+02:00;67,000;1,000;MESURE
2025-06-14 03:00:00+02:00;68,000;1,000;MESURE
2025-06-14 04:00:00+02:00;67,000;1,000;MESURE
2025-06-14 05:00:00+02:00;67,000;1,000;MESURE
2025-06-14 06:00:00+02:00;66,000;1,000;MESURE
2025-06-14 07:00:00+02:00;67,000;1,000;MESURE
2025-06-14 08:00:00+02:00;68,000;1,000;MESURE
2025-06-14 09:00:00+02:00;6053,000;1,000;MESURE
2025-06-14 10:00:00+02:00;11332,000;1,000;MESURE
2025-06-14 11:00:00+02:00;4761,000;1,000;MESURE
2025-06-14 12:00:00+02:00;68,000;1,000;MESURE
2025-06-14 13:00:00+02:00;68,000;1,000;MESURE
2025-06-14 14:00:00+02:00;479,000;1,000;MESURE
2025-06-14 15:00:00+02:00;11042,000;1,000;MESURE
2025-06-14 16:00:00+02:00;11049,000;1,000;MESURE
2025-06-14 17:00:00+02:00;11048,000;1,000;MESURE
2025-06-14 18:00:00+02:00;9923,000;1,000;MESURE
2025-06-14 19:00:00+02:00;68,000;1,000;MESURE
2025-06-14 20:00:00+02:00;67,000;1,000;MESURE
2025-06-14 21:00:00+02:00;66,000;1,000;MESURE
2025-06-14 22:00:00+02:00;67,000;1,000;MESURE
2025-06-14 23:00:00+02:00;66,000;1,000;MESURE
2025-06-15 00:00:00+02:00;67,000;1,000;MESURE
2025-06-15 01:00:00+02:00;66,000;1,000;MESURE
2025-06-15 02:00:00+02:00;67,000;1,000;MESURE
2025-06-15 03:00:00+02:00;66,000;1,000;MESURE
2025-06-15 04:00:00+02:00;67,000;1,000;MESURE
2025-06-15 05:00:00+02:00;66,000;1,000;MESURE
2025-06-15 06:00:00+02:00;67,000;1,000;MESURE
2025-06-15 07:00:00+02:00;66,000;1,000;MESURE
2025-06-15 08:00:00+02:00;1193,000;1,000;MESURE
2025-06-15 09:00:00+02:00;7764,000;1,000;MESURE
2025-06-15 10:00:00+02:00;2013,000;1,000;MESURE
2025-06-15 11:00:00+02:00;69,000;1,000;MESURE
2025-06-15 12:00:00+02:00;159,000;1,000;MESURE
2025-06-15 13:00:00+02:00;3629,000;1,000;MESURE
2025-06-15 14:00:00+02:00;3627,000;1,000;MESURE
2025-06-15 15:00:00+02:00;3629,000;1,000;MESURE
2025-06-15 16:00:00+02:00;3633,000;1,000;MESURE
2025-06-15 17:00:00+02:00;2308,000;1,000;MESURE
2025-06-15 18:00:00+02:00;69,000;1,000;MESURE
2025-06-15 19:00:00+02:00;69,000;1,000;MESURE
2025-06-15 20:00:00+02:00;8621,000;1,000;MESURE
2025-06-15 21:00:00+02:00;6357,000;1,000;MESURE
2025-06-15 22:00:00+02:00;68,000;1,000;MESURE
2025-06-15 23:00:00+02:00;67,000;1,000;MESURE
2025-06-16 00:00:00+02:00;67,000;1,000;MESURE
2025-06-16 01:00:00+02:00;67,000;1,000;MESURE
2025-06-16 02:00:00+02:00;68,000;1,000;MESURE
2025-06-16 03:00:00+02:00;67,000;1,000;MESURE
2025-06-16 04:00:00+02:00;67,000;1,000;MESURE
2025-06-16 05:00:00+02:00;67,000;1,000;MESURE
2025-06-16 06:00:00+02:00;66,000;1,000;MESURE
2025-06-16 07:00:00+02:00;67,000;1,000;MESURE
2025-06-16 08:00:00+02:00;68,000;1,000;MESURE
2025-06-16 09:00:00+02:00;68,000;1,000;MESURE
2025-06-16 10:00:00+02:00;68,000;1,000;MESURE
2025-06-16 11:00:00+02:00;67,000;1,000;MESURE
2025-06-16 12:00:00+02:00;68,000;1,000;MESURE
2025-06-16 13:00:00+02:00;1002,000;1,000;MESURE
2025-06-16 14:00:00+02:00;10626,000;1,000;MESURE
2025-06-16 15:00:00+02:00;6433,000;1,000;MESURE
2025-06-16 16:00:00+02:00;68,000;1,000;MESURE
2025-06-16 17:00:00+02:00;67,000;1,000;MESURE
2025-06-16 18:00:00+02:00;68,000;1,000;MESURE
2025-06-16 19:00:00+02:00;68,000;1,000;MESURE
2025-06-16 20:00:00+02:00;67,000;1,000;MESURE
2025-06-16 21:00:00+02:00;10657,000;1,000;MESURE
2025-06-16 22:00:00+02:00;10883,000;1,000;MESURE
2025-06-16 23:00:00+02:00;10919,000;1,000;MESURE
2025-06-17 00:00:00+02:00;10872,000;1,000;MESURE
2025-06-17 01:00:00+02:00;10834,000;1,000;MESURE
2025-06-17 02:00:00+02:00;10833,000;1,000;MESURE
2025-06-17 03:00:00+02:00;3279,000;1,000;MESURE
2025-06-17 04:00:00+02:00;67,000;1,000;MESURE
2025-06-17 05:00:00+02:00;66,000;1,000;MESURE
2025-06-17 06:00:00+02:00;67,000;1,000;MESURE
2025-06-17 07:00:00+02:00;67,000;1,000;MESURE
2025-06-17 08:00:00+02:00;68,000;1,000;MESURE
2025-06-17 09:00:00+02:00;68,000;1,000;MESURE
2025-06-17 10:00:00+02:00;67,000;1,000;MESURE
2025-06-17 11:00:00+02:00;68,000;1,000;MESURE
2025-06-17 12:00:00+02:00;68,000;1,000;MESURE
2025-06-17 13:00:00+02:00;68,000;1,000;MESURE
2025-06-17 14:00:00+02:00;7871,000;1,000;MESURE
2025-06-17 15:00:00+02:00;68,000;1,000;MESURE
2025-06-17 16:00:00+02:00;68,000;1,000;MESURE
2025-06-17 17:00:00+02:00;4503,000;1,000;MESURE
2025-06-17 18:00:00+02:00;3474,000;1,000;MESURE
2025-06-17 19:00:00+02:00;67,000;1,000;MESURE
2025-06-17 20:00:00+02:00;67,000;1,000;MESURE
2025-06-17 21:00:00+02:00;8360,000;1,000;MESURE
2025-06-17 22:00:00+02:00;10930,000;1,000;MESURE
2025-06-17 23:00:00+02:00;10892,000;1,000;MESURE
2025-06-18 00:00:00+02:00;10791,000;1,000;MESURE
2025-06-18 01:00:00+02:00;1515,000;1,000;MESURE
2025-06-18 02:00:00+02:00;67,000;1,000;MESURE
2025-06-18 03:00:00+02:00;67,000;1,000;MESURE
2025-06-18 04:00:00+02:00;66,000;1,000;MESURE
2025-06-18 05:00:00+02:00;67,000;1,000;MESURE
2025-06-18 06:00:00+02:00;67,000;1,000;MESURE
2025-06-18 07:00:00+02:00;66,000;1,000;MESURE
2025-06-18 08:00:00+02:00;68,000;1,000;MESURE
2025-06-18 09:00:00+02:00;68,000;1,000;MESURE
2025-06-18 10:00:00+02:00;68,000;1,000;MESURE
2025-06-18 11:00:00+02:00;68,000;1,000;MESURE
2025-06-18 12:00:00+02:00;68,000;1,000;MESURE
2025-06-18 13:00:00+02:00;4849,000;1,000;MESURE
2025-06-18 14:00:00+02:00;10855,000;1,000;MESURE
2025-06-18 15:00:00+02:00;10883,000;1,000;MESURE
2025-06-18 16:00:00+02:00;10896,000;1,000;MESURE
2025-06-18 17:00:00+02:00;870,000;1,000;MESURE
2025-06-18 18:00:00+02:00;68,000;1,000;MESURE
2025-06-18 19:00:00+02:00;7943,000;1,000;MESURE
2025-06-18 20:00:00+02:00;11168,000;1,000;MESURE
2025-06-18 21:00:00+02:00;9032,000;1,000;MESURE
2025-06-18 22:00:00+02:00;6863,000;1,000;MESURE
2025-06-18 23:00:00+02:00;9747,000;1,000;MESURE
2025-06-19 00:00:00+02:00;11038,000;1,000;MESURE
2025-06-19 01:00:00+02:00;11037,000;1,000;MESURE
2025-06-19 02:00:00+02:00;11035,000;1,000;MESURE
2025-06-19 03:00:00+02:00;11036,000;1,000;MESURE
2025-06-19 04:00:00+02:00;3898,000;1,000;MESURE
2025-06-19 05:00:00+02:00;67,000;1,000;MESURE
2025-06-19 06:00:00+02:00;66,000;1,000;MESURE
2025-06-19 07:00:00+02:00;67,000;1,000;MESURE
2025-06-19 08:00:00+02:00;4234,000;1,000;MESURE
2025-06-19 09:00:00+02:00;11426,000;1,000;MESURE
2025-06-19 10:00:00+02:00;11482,000;1,000;MESURE
2025-06-19 11:00:00+02:00;855,000;1,000;MESURE
2025-06-19 12:00:00+02:00;8930,000;1,000;MESURE
2025-06-19 13:00:00+02:00;7392,000;1,000;MESURE
2025-06-19 14:00:00+02:00;67,000;1,000;MESURE
2025-06-19 15:00:00+02:00;7294,000;1,000;MESURE
2025-06-19 16:00:00+02:00;68,000;1,000;MESURE
2025-06-19 17:00:00+02:00;2968,000;1,000;MESURE
2025-06-19 18:00:00+02:00;10589,000;1,000;MESURE
2025-06-19 19:00:00+02:00;5496,000;1,000;MESURE
2025-06-19 20:00:00+02:00;66,000;1,000;MESURE
2025-06-19 21:00:00+02:00;67,000;1,000;MESURE
2025-06-19 22:00:00+02:00;10216,000;1,000;MESURE
2025-06-19 23:00:00+02:00;10914,000;1,000;MESURE
2025-06-20 00:00:00+02:00;10868,000;1,000;MESURE
2025-06-20 01:00:00+02:00;4547,000;1,000;MESURE
2025-06-20 02:00:00+02:00;10817,000;1,000;MESURE
2025-06-20 03:00:00+02:00;3361,000;1,000;MESURE
2025-06-20 04:00:00+02:00;67,000;1,000;MESURE
2025-06-20 05:00:00+02:00;67,000;1,000;MESURE
2025-06-20 06:00:00+02:00;66,000;1,000;MESURE
2025-06-20 07:00:00+02:00;67,000;1,000;MESURE
2025-06-20 08:00:00+02:00;68,000;1,000;MESURE
2025-06-20 09:00:00+02:00;67,000;1,000;MESURE
2025-06-20 10:00:00+02:00;68,000;1,000;MESURE
2025-06-20 11:00:00+02:00;68,000;1,000;MESURE
2025-06-20 12:00:00+02:00;68,000;1,000;MESURE
2025-06-20 13:00:00+02:00;68,000;1,000;MESURE
2025-06-20 14:00:00+02:00;1858,000;1,000;MESURE
2025-06-20 15:00:00+02:00;11160,000;1,000;MESURE
2025-06-20 16:00:00+02:00;11152,000;1,000;MESURE
2025-06-20 17:00:00+02:00;8466,000;1,000;MESURE
2025-06-20 18:00:00+02:00;231,000;1,000;MESURE
2025-06-20 19:00:00+02:00;5632,000;1,000;MESURE
2025-06-20 20:00:00+02:00;11852,000;1,000;MESURE
2025-06-20 21:00:00+02:00;11853,000;1,000;MESURE
2025-06-20 22:00:00+02:00;1741,000;1,000;MESURE
2025-06-20 23:00:00+02:00;67,000;1,000;MESURE
2025-06-21 00:00:00+02:00;66,000;1,000;MESURE
2025-06-21 01:00:00+02:00;67,000;1,000;MESURE
2025-06-21 02:00:00+02:00;66,000;1,000;MESURE
2025-06-21 03:00:00+02:00;67,000;1,000;MESURE
2025-06-21 04:00:00+02:00;66,000;1,000;MESURE
2025-06-21 05:00:00+02:00;67,000;1,000;MESURE
2025-06-21 06:00:00+02:00;66,000;1,000;MESURE
2025-06-21 07:00:00+02:00;67,000;1,000;MESURE
2025-06-21 08:00:00+02:00;68,000;1,000;MESURE
2025-06-21 09:00:00+02:00;2422,000;1,000;MESURE
2025-06-21 10:00:00+02:00;10501,000;1,000;MESURE
2025-06-21 11:00:00+02:00;10353,000;1,000;MESURE
2025-06-21 12:00:00+02:00;7947,000;1,000;MESURE
2025-06-21 13:00:00+02:00;1496,000;1,000;MESURE
2025-06-21 14:00:00+02:00;68,000;1,000;MESURE
2025-06-21 15:00:00+02:00;68,000;1,000;MESURE
2025-06-21 16:00:00+02:00;67,000;1,000;MESURE
2025-06-21 17:00:00+02:00;68,000;1,000;MESURE
2025-06-21 18:00:00+02:00;68,000;1,000;MESURE
2025-06-21 19:00:00+02:00;68,000;1,000;MESURE
2025-06-21 20:00:00+02:00;66,000;1,000;MESURE
2025-06-21 21:00:00+02:00;67,000;1,000;MESURE
2025-06-21 22:00:00+02:00;66,000;1,000;MESURE
2025-06-21 23:00:00+02:00;1114,000;1,000;MESURE
2025-06-22 00:00:00+02:00;10865,000;1,000;MESURE
2025-06-22 01:00:00+02:00;10821,000;1,000;MESURE
2025-06-22 02:00:00+02:00;7078,000;1,000;MESURE
2025-06-22 03:00:00+02:00;67,000;1,000;MESURE
2025-06-22 04:00:00+02:00;66,000;1,000;MESURE
2025-06-22 05:00:00+02:00;67,000;1,000;MESURE
2025-06-22 06:00:00+02:00;67,000;1,000;MESURE
2025-06-22 07:00:00+02:00;66,000;1,000;MESURE
2025-06-22 08:00:00+02:00;68,000;1,000;MESURE
2025-06-22 09:00:00+02:00;68,000;1,000;MESURE
2025-06-22 10:00:00+02:00;68,000;1,000;MESURE
2025-06-22 11:00:00+02:00;68,000;1,000;MESURE
2025-06-22 12:00:00+02:00;2436,000;1,000;MESURE
2025-06-22 13:00:00+02:00;10076,000;1,000;MESURE
2025-06-22 14:00:00+02:00;537,000;1,000;MESURE
2025-06-22 15:00:00+02:00;68,000;1,000;MESURE
2025-06-22 16:00:00+02:00;68,000;1,000;MESURE
2025-06-22 17:00:00+02:00;67,000;1,000;MESURE
2025-06-22 18:00:00+02:00;68,000;1,000;MESURE
2025-06-22 19:00:00+02:00;68,000;1,000;MESURE
2025-06-22 20:00:00+02:00;66,000;1,000;MESURE
2025-06-22 21:00:00+02:00;9059,000;1,000;MESURE
2025-06-22 22:00:00+02:00;10917,000;1,000;MESURE
2025-06-22 23:00:00+02:00;10936,000;1,000;MESURE
2025-06-23 00:00:00+02:00;10832,000;1,000;MESURE
2025-06-23 01:00:00+02:00;10825,000;1,000;MESURE
2025-06-23 02:00:00+02:00;7488,000;1,000;MESURE
2025-06-23 03:00:00+02:00;957,000;1,000;MESURE
2025-06-23 04:00:00+02:00;66,000;1,000;MESURE
2025-06-23 05:00:00+02:00;67,000;1,000;MESURE
2025-06-23 06:00:00+02:00;66,000;1,000;MESURE
2025-06-23 07:00:00+02:00;67,000;1,000;MESURE
2025-06-23 08:00:00+02:00;68,000;1,000;MESURE
2025-06-23 09:00:00+02:00;68,000;1,000;MESURE
2025-06-23 10:00:00+02:00;68,000;1,000;MESURE
2025-06-23 11:00:00+02:00;67,000;1,000;MESURE
2025-06-23 12:00:00+02:00;68,000;1,000;MESURE
2025-06-23 13:00:00+02:00;68,000;1,000;MESURE
2025-06-23 14:00:00+02:00;68,000;1,000;MESURE
2025-06-23 15:00:00+02:00;68,000;1,000;MESURE
2025-06-23 16:00:00+02:00;68,000;1,000;MESURE
2025-06-23 17:00:00+02:00;67,000;1,000;MESURE
2025-06-23 18:00:00+02:00;68,000;1,000;MESURE
2025-06-23 19:00:00+02:00;7832,000;1,000;MESURE
2025-06-23 20:00:00+02:00;11042,000;1,000;MESURE
2025-06-23 21:00:00+02:00;11045,000;1,000;MESURE
2025-06-23 22:00:00+02:00;11042,000;1,000;MESURE
2025-06-23 23:00:00+02:00;11044,000;1,000;MESURE
2025-06-24 00:00:00+02:00;7209,000;1,000;MESURE
2025-06-24 01:00:00+02:00;66,000;1,000;MESURE
2025-06-24 02:00:00+02:00;67,000;1,000;MESURE
2025-06-24 03:00:00+02:00;66,000;1,000;MESURE
2025-06-24 04:00:00+02:00;67,000;1,000;MESURE
2025-06-24 05:00:00+02:00;67,000;1,000;MESURE
2025-06-24 06:00:00+02:00;66,000;1,000;MESURE
2025-06-24 07:00:00+02:00;67,000;1,000;MESURE
2025-06-24 08:00:00+02:00;68,000;1,000;MESURE
2025-06-24 09:00:00+02:00;68,000;1,000;MESURE
2025-06-24 10:00:00+02:00;68,000;1,000;MESURE
2025-06-24 11:00:00+02:00;69,000;1,000;MESURE
2025-06-24 12:00:00+02:00;68,000;1,000;MESURE
2025-06-24 13:00:00+02:00;69,000;1,000;MESURE
2025-06-24 14:00:00+02:00;68,000;1,000;MESURE
2025-06-24 15:00:00+02:00;69,000;1,000;MESURE
2025-06-24 16:00:00+02:00;68,000;1,000;MESURE
2025-06-24 17:00:00+02:00;9790,000;1,000;MESURE
2025-06-24 18:00:00+02:00;6203,000;1,000;MESURE
2025-06-24 19:00:00+02:00;69,000;1,000;MESURE
2025-06-24 20:00:00+02:00;67,000;1,000;MESURE
2025-06-24 21:00:00+02:00;67,000;1,000;MESURE
2025-06-24 22:00:00+02:00;67,000;1,000;MESURE
2025-06-24 23:00:00+02:00;67,000;1,000;MESURE
2025-06-25 00:00:00+02:00;67,000;1,000;MESURE
2025-06-25 01:00:00+02:00;67,000;1,000;MESURE
2025-06-25 02:00:00+02:00;68,000;1,000;MESURE
2025-06-25 03:00:00+02:00;67,000;1,000;MESURE
2025-06-25 04:00:00+02:00;67,000;1,000;MESURE
2025-06-25 05:00:00+02:00;67,000;1,000;MESURE
2025-06-25 06:00:00+02:00;67,000;1,000;MESURE
2025-06-25 07:00:00+02:00;1179,000;1,000;MESURE
2025-06-25 08:00:00+02:00;3952,000;1,000;MESURE
2025-06-25 09:00:00+02:00;3936,000;1,000;MESURE
2025-06-25 10:00:00+02:00;2211,000;1,000;MESURE
2025-06-25 11:00:00+02:00;68,000;1,000;MESURE
2025-06-25 12:00:00+02:00;67,000;1,000;MESURE
2025-06-25 13:00:00+02:00;68,000;1,000;MESURE
2025-06-25 14:00:00+02:00;68,000;1,000;MESURE
2025-06-25 15:00:00+02:00;2396,000;1,000;MESURE
2025-06-25 16:00:00+02:00;68,000;1,000;MESURE
2025-06-25 17:00:00+02:00;68,000;1,000;MESURE
2025-06-25 18:00:00+02:00;9452,000;1,000;MESURE
2025-06-25 19:00:00+02:00;4643,000;1,000;MESURE
2025-06-25 20:00:00+02:00;66,000;1,000;MESURE
2025-06-25 21:00:00+02:00;10818,000;1,000;MESURE
2025-06-25 22:00:00+02:00;10899,000;1,000;MESURE
2025-06-25 23:00:00+02:00;10917,000;1,000;MESURE
2025-06-26 00:00:00+02:00;10802,000;1,000;MESURE
2025-06-26 01:00:00+02:00;10818,000;1,000;MESURE
2025-06-26 02:00:00+02:00;9253,000;1,000;MESURE
2025-06-26 03:00:00+02:00;305,000;1,000;MESURE
2025-06-26 04:00:00+02:00;66,000;1,000;MESURE
2025-06-26 05:00:00+02:00;67,000;1,000;MESURE
2025-06-26 06:00:00+02:00;66,000;1,000;MESURE
2025-06-26 07:00:00+02:00;67,000;1,000;MESURE
2025-06-26 08:00:00+02:00;5041,000;1,000;MESURE
2025-06-26 09:00:00+02:00;11465,000;1,000;MESURE
2025-06-26 10:00:00+02:00;9752,000;1,000;MESURE
2025-06-26 11:00:00+02:00;127,000;1,000;MESURE
2025-06-26 12:00:00+02:00;68,000;1,000;MESURE
2025-06-26 13:00:00+02:00;67,000;1,000;MESURE
2025-06-26 14:00:00+02:00;68,000;1,000;MESURE
2025-06-26 15:00:00+02:00;68,000;1,000;MESURE
2025-06-26 16:00:00+02:00;68,000;1,000;MESURE
2025-06-26 17:00:00+02:00;3428,000;1,000;MESURE
2025-06-26 18:00:00+02:00;10561,000;1,000;MESURE
2025-06-26 19:00:00+02:00;3510,000;1,000;MESURE
2025-06-26 20:00:00+02:00;66,000;1,000;MESURE
2025-06-26 21:00:00+02:00;67,000;1,000;MESURE
2025-06-26 22:00:00+02:00;66,000;1,000;MESURE
2025-06-26 23:00:00+02:00;67,000;1,000;MESURE
2025-06-27 00:00:00+02:00;66,000;1,000;MESURE
2025-06-27 01:00:00+02:00;67,000;1,000;MESURE
2025-06-27 02:00:00+02:00;66,000;1,000;MESURE
2025-06-27 03:00:00+02:00;67,000;1,000;MESURE
2025-06-27 04:00:00+02:00;67,000;1,000;MESURE
2025-06-27 05:00:00+02:00;66,000;1,000;MESURE
2025-06-27 06:00:00+02:00;67,000;1,000;MESURE
2025-06-27 07:00:00+02:00;66,000;1,000;MESURE
2025-06-27 08:00:00+02:00;68,000;1,000;MESURE
2025-06-27 09:00:00+02:00;68,000;1,000;MESURE
2025-06-27 10:00:00+02:00;68,000;1,000;MESURE
2025-06-27 11:00:00+02:00;68,000;1,000;MESURE
2025-06-27 12:00:00+02:00;68,000;1,000;MESURE
2025-06-27 13:00:00+02:00;5977,000;1,000;MESURE
2025-06-27 14:00:00+02:00;11054,000;1,000;MESURE
2025-06-27 15:00:00+02:00;11060,000;1,000;MESURE
2025-06-27 16:00:00+02:00;11063,000;1,000;MESURE
2025-06-27 17:00:00+02:00;9979,000;1,000;MESURE
2025-06-27 18:00:00+02:00;1283,000;1,000;MESURE
2025-06-27 19:00:00+02:00;11487,000;1,000;MESURE
2025-06-27 20:00:00+02:00;66,000;1,000;MESURE
2025-06-27 21:00:00+02:00;66,000;1,000;MESURE
2025-06-27 22:00:00+02:00;914,000;1,000;MESURE
2025-06-27 23:00:00+02:00;10774,000;1,000;MESURE
2025-06-28 00:00:00+02:00;6298,000;1,000;MESURE
2025-06-28 01:00:00+02:00;10783,000;1,000;MESURE
2025-06-28 02:00:00+02:00;9211,000;1,000;MESURE
2025-06-28 03:00:00+02:00;1655,000;1,000;MESURE
2025-06-28 04:00:00+02:00;67,000;1,000;MESURE
2025-06-28 05:00:00+02:00;66,000;1,000;MESURE
2025-06-28 06:00:00+02:00;67,000;1,000;MESURE
2025-06-28 07:00:00+02:00;66,000;1,000;MESURE
2025-06-28 08:00:00+02:00;68,000;1,000;MESURE
2025-06-28 09:00:00+02:00;68,000;1,000;MESURE
2025-06-28 10:00:00+02:00;68,000;1,000;MESURE
2025-06-28 11:00:00+02:00;68,000;1,000;MESURE
2025-06-28 12:00:00+02:00;68,000;1,000;MESURE
2025-06-28 13:00:00+02:00;68,000;1,000;MESURE
2025-06-28 14:00:00+02:00;67,000;1,000;MESURE
2025-06-28 15:00:00+02:00;68,000;1,000;MESURE
2025-06-28 16:00:00+02:00;68,000;1,000;MESURE
2025-06-28 17:00:00+02:00;68,000;1,000;MESURE
2025-06-28 18:00:00+02:00;68,000;1,000;MESURE
2025-06-28 19:00:00+02:00;790,000;1,000;MESURE
2025-06-28 20:00:00+02:00;1519,000;1,000;MESURE
2025-06-28 21:00:00+02:00;67,000;1,000;MESURE
2025-06-28 22:00:00+02:00;66,000;1,000;MESURE
2025-06-28 23:00:00+02:00;67,000;1,000;MESURE
2025-06-29 00:00:00+02:00;66,000;1,000;MESURE
2025-06-29 01:00:00+02:00;67,000;1,000;MESURE
2025-06-29 02:00:00+02:00;66,000;1,000;MESURE
2025-06-29 03:00:00+02:00;67,000;1,000;MESURE
2025-06-29 04:00:00+02:00;66,000;1,000;MESURE
2025-06-29 05:00:00+02:00;67,000;1,000;MESURE
2025-06-29 06:00:00+02:00;66,000;1,000;MESURE
2025-06-29 07:00:00+02:00;67,000;1,000;MESURE
2025-06-29 08:00:00+02:00;68,000;1,000;MESURE
2025-06-29 09:00:00+02:00;68,000;1,000;MESURE
2025-06-29 10:00:00+02:00;68,000;1,000;MESURE
2025-06-29 11:00:00+02:00;67,000;1,000;MESURE
2025-06-29 12:00:00+02:00;68,000;1,000;MESURE
2025-06-29 13:00:00+02:00;68,000;1,000;MESURE
2025-06-29 14:00:00+02:00;68,000;1,000;MESURE
2025-06-29 15:00:00+02:00;68,000;1,000;MESURE
2025-06-29 16:00:00+02:00;68,000;1,000;MESURE
2025-06-29 17:00:00+02:00;68,000;1,000;MESURE
2025-06-29 18:00:00+02:00;68,000;1,000;MESURE
2025-06-29 19:00:00+02:00;68,000;1,000;MESURE
2025-06-29 20:00:00+02:00;66,000;1,000;MESURE
2025-06-29 21:00:00+02:00;66,000;1,000;MESURE
2025-06-29 22:00:00+02:00;66,000;1,000;MESURE
2025-06-29 23:00:00+02:00;67,000;1,000;MESURE
2025-06-30 00:00:00+02:00;66,000;1,000;MESURE
2025-06-30 01:00:00+02:00;66,000;1,000;MESURE
2025-06-30 02:00:00+02:00;67,000;1,000;MESURE
2025-06-30 03:00:00+02:00;66,000;1,000;MESURE
2025-06-30 04:00:00+02:00;66,000;1,000;MESURE
2025-06-30 05:00:00+02:00;67,000;1,000;MESURE
2025-06-30 06:00:00+02:00;66,000;1,000;MESURE
2025-06-30 07:00:00+02:00;67,000;1,000;MESURE
2025-06-30 08:00:00+02:00;4819,000;1,000;MESURE
2025-06-30 09:00:00+02:00;11473,000;1,000;MESURE
2025-06-30 10:00:00+02:00;3428,000;1,000;MESURE
2025-06-30 11:00:00+02:00;397,000;1,000;MESURE
2025-06-30 12:00:00+02:00;9810,000;1,000;MESURE
2025-06-30 13:00:00+02:00;96,000;1,000;MESURE
2025-06-30 14:00:00+02:00;67,000;1,000;MESURE
2025-06-30 15:00:00+02:00;69,000;1,000;MESURE
2025-06-30 16:00:00+02:00;67,000;1,000;MESURE
2025-06-30 17:00:00+02:00;5195,000;1,000;MESURE
2025-06-30 18:00:00+02:00;10852,000;1,000;MESURE
2025-06-30 19:00:00+02:00;10850,000;1,000;MESURE
2025-06-30 20:00:00+02:00;10852,000;1,000;MESURE
2025-06-30 21:00:00+02:00;6429,000;1,000;MESURE
2025-06-30 22:00:00+02:00;11051,000;1,000;MESURE
2025-06-30 23:00:00+02:00;11057,000;1,000;MESURE
2025-07-01 00:00:00+02:00;11045,000;1,000;MESURE
2025-07-01 01:00:00+02:00;11048,000;1,000;MESURE
2025-07-01 02:00:00+02:00;9266,000;1,000;MESURE
2025-07-01 03:00:00+02:00;66,000;1,000;MESURE
2025-07-01 04:00:00+02:00;67,000;1,000;MESURE
2025-07-01 05:00:00+02:00;66,000;1,000;MESURE
2025-07-01 06:00:00+02:00;67,000;1,000;MESURE
2025-07-01 07:00:00+02:00;66,000;1,000;MESURE
2025-07-01 08:00:00+02:00;68,000;1,000;MESURE
2025-07-01 09:00:00+02:00;68,000;1,000;MESURE
2025-07-01 10:00:00+02:00;3461,000;1,000;MESURE
2025-07-01 11:00:00+02:00;11462,000;1,000;MESURE
2025-07-01 12:00:00+02:00;11451,000;1,000;MESURE
2025-07-01 13:00:00+02:00;2405,000;1,000;MESURE
2025-07-01 14:00:00+02:00;68,000;1,000;MESURE
2025-07-01 15:00:00+02:00;67,000;1,000;MESURE
2025-07-01 16:00:00+02:00;1578,000;1,000;MESURE
2025-07-01 17:00:00+02:00;11795,000;1,000;MESURE
2025-07-01 18:00:00+02:00;9303,000;1,000;MESURE
2025-07-01 19:00:00+02:00;6362,000;1,000;MESURE
2025-07-01 20:00:00+02:00;10823,000;1,000;MESURE
2025-07-01 21:00:00+02:00;10876,000;1,000;MESURE
2025-07-01 22:00:00+02:00;9161,000;1,000;MESURE
2025-07-01 23:00:00+02:00;66,000;1,000;MESURE
2025-07-02 00:00:00+02:00;67,000;1,000;MESURE
2025-07-02 01:00:00+02:00;66,000;1,000;MESURE
2025-07-02 02:00:00+02:00;67,000;1,000;MESURE
2025-07-02 03:00:00+02:00;66,000;1,000;MESURE
2025-07-02 04:00:00+02:00;67,000;1,000;MESURE
2025-07-02 05:00:00+02:00;66,000;1,000;MESURE
2025-07-02 06:00:00+02:00;67,000;1,000;MESURE
2025-07-02 07:00:00+02:00;66,000;1,000;MESURE
2025-07-02 08:00:00+02:00;68,000;1,000;MESURE
2025-07-02 09:00:00+02:00;68,000;1,000;MESURE
2025-07-02 10:00:00+02:00;68,000;1,000;MESURE
2025-07-02 11:00:00+02:00;67,000;1,000;MESURE
2025-07-02 12:00:00+02:00;68,000;1,000;MESURE
2025-07-02 13:00:00+02:00;69,000;1,000;MESURE
2025-07-02 14:00:00+02:00;68,000;1,000;MESURE
2025-07-02 15:00:00+02:00;1482,000;1,000;MESURE
2025-07-02 16:00:00+02:00;11228,000;1,000;MESURE
2025-07-02 17:00:00+02:00;14109,000;1,000;MESURE
2025-07-02 18:00:00+02:00;21937,000;1,000;MESURE
2025-07-02 19:00:00+02:00;16675,000;1,000;MESURE
2025-07-02 20:00:00+02:00;10863,000;1,000;MESURE
2025-07-02 21:00:00+02:00;4925,000;1,000;MESURE
2025-07-02 22:00:00+02:00;72,000;1,000;MESURE
2025-07-02 23:00:00+02:00;66,000;1,000;MESURE
2025-07-03 00:00:00+02:00;67,000;1,000;MESURE
2025-07-03 01:00:00+02:00;67,000;1,000;MESURE
2025-07-03 02:00:00+02:00;67,000;1,000;MESURE
2025-07-03 03:00:00+02:00;66,000;1,000;MESURE
2025-07-03 04:00:00+02:00;67,000;1,000;MESURE
2025-07-03 05:00:00+02:00;67,000;1,000;MESURE
2025-07-03 06:00:00+02:00;67,000;1,000;MESURE
2025-07-03 07:00:00+02:00;66,000;1,000;MESURE
2025-07-03 08:00:00+02:00;68,000;1,000;MESURE
2025-07-03 09:00:00+02:00;69,000;1,000;MESURE
2025-07-03 10:00:00+02:00;68,000;1,000;MESURE
2025-07-03 11:00:00+02:00;68,000;1,000;MESURE
2025-07-03 12:00:00+02:00;68,000;1,000;MESURE
2025-07-03 13:00:00+02:00;68,000;1,000;MESURE
2025-07-03 14:00:00+02:00;68,000;1,000;MESURE
2025-07-03 15:00:00+02:00;68,000;1,000;MESURE
2025-07-03 16:00:00+02:00;68,000;1,000;MESURE
2025-07-03 17:00:00+02:00;376,000;1,000;MESURE
2025-07-03 18:00:00+02:00;24420,000;1,000;MESURE
2025-07-03 19:00:00+02:00;11851,000;1,000;MESURE
2025-07-03 20:00:00+02:00;10863,000;1,000;MESURE
2025-07-03 21:00:00+02:00;10887,000;1,000;MESURE
2025-07-03 22:00:00+02:00;3714,000;1,000;MESURE
2025-07-03 23:00:00+02:00;66,000;1,000;MESURE
2025-07-04 00:00:00+02:00;67,000;1,000;MESURE
2025-07-04 01:00:00+02:00;68,000;1,000;MESURE
2025-07-04 02:00:00+02:00;66,000;1,000;MESURE
2025-07-04 03:00:00+02:00;67,000;1,000;MESURE
2025-07-04 04:00:00+02:00;67,000;1,000;MESURE
2025-07-04 05:00:00+02:00;67,000;1,000;MESURE
2025-07-04 06:00:00+02:00;67,000;1,000;MESURE
2025-07-04 07:00:00+02:00;67,000;1,000;MESURE
2025-07-04 08:00:00+02:00;68,000;1,000;MESURE
2025-07-04 09:00:00+02:00;68,000;1,000;MESURE
2025-07-04 10:00:00+02:00;68,000;1,000;MESURE
2025-07-04 11:00:00+02:00;68,000;1,000;MESURE
2025-07-04 12:00:00+02:00;68,000;1,000;MESURE
2025-07-04 13:00:00+02:00;68,000;1,000;MESURE
2025-07-04 14:00:00+02:00;68,000;1,000;MESURE
2025-07-04 15:00:00+02:00;68,000;1,000;MESURE
2025-07-04 16:00:00+02:00;68,000;1,000;MESURE
2025-07-04 17:00:00+02:00;68,000;1,000;MESURE
2025-07-04 18:00:00+02:00;68,000;1,000;MESURE
2025-07-04 19:00:00+02:00;68,000;1,000;MESURE
2025-07-04 20:00:00+02:00;67,000;1,000;MESURE
2025-07-04 21:00:00+02:00;66,000;1,000;MESURE
2025-07-04 22:00:00+02:00;67,000;1,000;MESURE
2025-07-04 23:00:00+02:00;67,000;1,000;MESURE
2025-07-05 00:00:00+02:00;67,000;1,000;MESURE
2025-07-05 01:00:00+02:00;67,000;1,000;MESURE
2025-07-05 02:00:00+02:00;66,000;1,000;MESURE
2025-07-05 03:00:00+02:00;67,000;1,000;MESURE
2025-07-05 04:00:00+02:00;67,000;1,000;MESURE
2025-07-05 05:00:00+02:00;67,000;1,000;MESURE
2025-07-05 06:00:00+02:00;67,000;1,000;MESURE
2025-07-05 07:00:00+02:00;67,000;1,000;MESURE
2025-07-05 08:00:00+02:00;68,000;1,000;MESURE
2025-07-05 09:00:00+02:00;68,000;1,000;MESURE
2025-07-05 10:00:00+02:00;68,000;1,000;MESURE
2025-07-05 11:00:00+02:00;68,000;1,000;MESURE
2025-07-05 12:00:00+02:00;2747,000;1,000;MESURE
2025-07-05 13:00:00+02:00;7452,000;1,000;MESURE
2025-07-05 14:00:00+02:00;7446,000;1,000;MESURE
2025-07-05 15:00:00+02:00;7463,000;1,000;MESURE
2025-07-05 16:00:00+02:00;1026,000;1,000;MESURE
2025-07-05 17:00:00+02:00;68,000;1,000;MESURE
2025-07-05 18:00:00+02:00;68,000;1,000;MESURE
2025-07-05 19:00:00+02:00;68,000;1,000;MESURE
2025-07-05 20:00:00+02:00;67,000;1,000;MESURE
2025-07-05 21:00:00+02:00;67,000;1,000;MESURE
2025-07-05 22:00:00+02:00;66,000;1,000;MESURE
2025-07-05 23:00:00+02:00;67,000;1,000;MESURE
2025-07-06 00:00:00+02:00;67,000;1,000;MESURE
2025-07-06 01:00:00+02:00;67,000;1,000;MESURE
2025-07-06 02:00:00+02:00;67,000;1,000;MESURE
2025-07-06 03:00:00+02:00;67,000;1,000;MESURE
2025-07-06 04:00:00+02:00;67,000;1,000;MESURE
2025-07-06 05:00:00+02:00;67,000;1,000;MESURE
2025-07-06 06:00:00+02:00;67,000;1,000;MESURE
2025-07-06 07:00:00+02:00;67,000;1,000;MESURE
2025-07-06 08:00:00+02:00;68,000;1,000;MESURE
2025-07-06 09:00:00+02:00;68,000;1,000;MESURE
2025-07-06 10:00:00+02:00;68,000;1,000;MESURE
2025-07-06 11:00:00+02:00;68,000;1,000;MESURE
2025-07-06 12:00:00+02:00;68,000;1,000;MESURE
2025-07-06 13:00:00+02:00;68,000;1,000;MESURE
2025-07-06 14:00:00+02:00;68,000;1,000;MESURE
2025-07-06 15:00:00+02:00;69,000;1,000;MESURE
2025-07-06 16:00:00+02:00;68,000;1,000;MESURE
2025-07-06 17:00:00+02:00;67,000;1,000;MESURE
2025-07-06 18:00:00+02:00;68,000;1,000;MESURE
2025-07-06 19:00:00+02:00;68,000;1,000;MESURE
2025-07-06 20:00:00+02:00;67,000;1,000;MESURE
2025-07-06 21:00:00+02:00;66,000;1,000;MESURE
2025-07-06 22:00:00+02:00;67,000;1,000;MESURE
2025-07-06 23:00:00+02:00;67,000;1,000;MESURE
2025-07-07 00:00:00+02:00;66,000;1,000;MESURE
2025-07-07 01:00:00+02:00;67,000;1,000;MESURE
2025-07-07 02:00:00+02:00;67,000;1,000;MESURE
2025-07-07 03:00:00+02:00;67,000;1,000;MESURE
2025-07-07 04:00:00+02:00;66,000;1,000;MESURE
2025-07-07 05:00:00+02:00;67,000;1,000;MESURE
2025-07-07 06:00:00+02:00;67,000;1,000;MESURE
2025-07-07 07:00:00+02:00;66,000;1,000;MESURE
2025-07-07 08:00:00+02:00;68,000;1,000;MESURE
2025-07-07 09:00:00+02:00;68,000;1,000;MESURE
2025-07-07 10:00:00+02:00;68,000;1,000;MESURE
2025-07-07 11:00:00+02:00;68,000;1,000;MESURE
2025-07-07 12:00:00+02:00;68,000;1,000;MESURE
2025-07-07 13:00:00+02:00;67,000;1,000;MESURE
2025-07-07 14:00:00+02:00;68,000;1,000;MESURE
2025-07-07 15:00:00+02:00;68,000;1,000;MESURE
2025-07-07 16:00:00+02:00;68,000;1,000;MESURE
2025-07-07 17:00:00+02:00;68,000;1,000;MESURE
2025-07-07 18:00:00+02:00;68,000;1,000;MESURE
2025-07-07 19:00:00+02:00;68,000;1,000;MESURE
2025-07-07 20:00:00+02:00;9011,000;1,000;MESURE
2025-07-07 21:00:00+02:00;17441,000;1,000;MESURE
2025-07-07 22:00:00+02:00;17448,000;1,000;MESURE
2025-07-07 23:00:00+02:00;17444,000;1,000;MESURE
2025-07-08 00:00:00+02:00;12750,000;1,000;MESURE
2025-07-08 01:00:00+02:00;2750,000;1,000;MESURE
2025-07-08 02:00:00+02:00;205,000;1,000;MESURE
2025-07-08 03:00:00+02:00;67,000;1,000;MESURE
2025-07-08 04:00:00+02:00;67,000;1,000;MESURE
2025-07-08 05:00:00+02:00;67,000;1,000;MESURE
2025-07-08 06:00:00+02:00;66,000;1,000;MESURE
2025-07-08 07:00:00+02:00;67,000;1,000;MESURE
2025-07-08 08:00:00+02:00;68,000;1,000;MESURE
2025-07-08 09:00:00+02:00;9346,000;1,000;MESURE
2025-07-08 10:00:00+02:00;2231,000;1,000;MESURE
2025-07-08 11:00:00+02:00;68,000;1,000;MESURE
2025-07-08 12:00:00+02:00;68,000;1,000;MESURE
2025-07-08 13:00:00+02:00;68,000;1,000;MESURE
2025-07-08 14:00:00+02:00;68,000;1,000;MESURE
2025-07-08 15:00:00+02:00;68,000;1,000;MESURE
2025-07-08 16:00:00+02:00;1542,000;1,000;MESURE
2025-07-08 17:00:00+02:00;1016,000;1,000;MESURE
2025-07-08 18:00:00+02:00;68,000;1,000;MESURE
2025-07-08 19:00:00+02:00;68,000;1,000;MESURE
2025-07-08 20:00:00+02:00;67,000;1,000;MESURE
2025-07-08 21:00:00+02:00;67,000;1,000;MESURE
2025-07-08 22:00:00+02:00;67,000;1,000;MESURE
2025-07-08 23:00:00+02:00;67,000;1,000;MESURE
2025-07-09 00:00:00+02:00;67,000;1,000;MESURE
2025-07-09 01:00:00+02:00;67,000;1,000;MESURE
2025-07-09 02:00:00+02:00;67,000;1,000;MESURE
2025-07-09 03:00:00+02:00;67,000;1,000;MESURE
2025-07-09 04:00:00+02:00;67,000;1,000;MESURE
2025-07-09 05:00:00+02:00;68,000;1,000;MESURE
2025-07-09 06:00:00+02:00;67,000;1,000;MESURE
2025-07-09 07:00:00+02:00;67,000;1,000;MESURE
2025-07-09 08:00:00+02:00;68,000;1,000;MESURE
2025-07-09 09:00:00+02:00;9649,000;1,000;MESURE
2025-07-09 10:00:00+02:00;2115,000;1,000;MESURE
2025-07-09 11:00:00+02:00;5660,000;1,000;MESURE
2025-07-09 12:00:00+02:00;5117,000;1,000;MESURE
2025-07-09 13:00:00+02:00;68,000;1,000;MESURE
2025-07-09 14:00:00+02:00;68,000;1,000;MESURE
2025-07-09 15:00:00+02:00;68,000;1,000;MESURE
2025-07-09 16:00:00+02:00;67,000;1,000;MESURE
2025-07-09 17:00:00+02:00;69,000;1,000;MESURE
2025-07-09 18:00:00+02:00;68,000;1,000;MESURE
2025-07-09 19:00:00+02:00;2500,000;1,000;MESURE
2025-07-09 20:00:00+02:00;6435,000;1,000;MESURE
2025-07-09 21:00:00+02:00;17426,000;1,000;MESURE
2025-07-09 22:00:00+02:00;17456,000;1,000;MESURE
2025-07-09 23:00:00+02:00;8949,000;1,000;MESURE
2025-07-10 00:00:00+02:00;67,000;1,000;MESURE
2025-07-10 01:00:00+02:00;67,000;1,000;MESURE
2025-07-10 02:00:00+02:00;67,000;1,000;MESURE
2025-07-10 03:00:00+02:00;67,000;1,000;MESURE
2025-07-10 04:00:00+02:00;67,000;1,000;MESURE
2025-07-10 05:00:00+02:00;68,000;1,000;MESURE
2025-07-10 06:00:00+02:00;66,000;1,000;MESURE
2025-07-10 07:00:00+02:00;67,000;1,000;MESURE
2025-07-10 08:00:00+02:00;69,000;1,000;MESURE
2025-07-10 09:00:00+02:00;5713,000;1,000;MESURE
2025-07-10 10:00:00+02:00;7548,000;1,000;MESURE
2025-07-10 11:00:00+02:00;7510,000;1,000;MESURE
2025-07-10 12:00:00+02:00;4878,000;1,000;MESURE
2025-07-10 13:00:00+02:00;68,000;1,000;MESURE
2025-07-10 14:00:00+02:00;68,000;1,000;MESURE
2025-07-10 15:00:00+02:00;68,000;1,000;MESURE
2025-07-10 16:00:00+02:00;68,000;1,000;MESURE
2025-07-10 17:00:00+02:00;68,000;1,000;MESURE
2025-07-10 18:00:00+02:00;9224,000;1,000;MESURE
2025-07-10 19:00:00+02:00;11992,000;1,000;MESURE
2025-07-10 20:00:00+02:00;11479,000;1,000;MESURE
2025-07-10 21:00:00+02:00;18035,000;1,000;MESURE
2025-07-10 22:00:00+02:00;13453,000;1,000;MESURE
2025-07-10 23:00:00+02:00;67,000;1,000;MESURE
2025-07-11 00:00:00+02:00;67,000;1,000;MESURE
2025-07-11 01:00:00+02:00;67,000;1,000;MESURE
2025-07-11 02:00:00+02:00;67,000;1,000;MESURE
2025-07-11 03:00:00+02:00;67,000;1,000;MESURE
2025-07-11 04:00:00+02:00;67,000;1,000;MESURE
2025-07-11 05:00:00+02:00;67,000;1,000;MESURE
2025-07-11 06:00:00+02:00;67,000;1,000;MESURE
2025-07-11 07:00:00+02:00;67,000;1,000;MESURE
2025-07-11 08:00:00+02:00;68,000;1,000;MESURE
2025-07-11 09:00:00+02:00;68,000;1,000;MESURE
2025-07-11 10:00:00+02:00;69,000;1,000;MESURE
2025-07-11 11:00:00+02:00;69,000;1,000;MESURE
2025-07-11 12:00:00+02:00;69,000;1,000;MESURE
2025-07-11 13:00:00+02:00;69,000;1,000;MESURE
2025-07-11 14:00:00+02:00;68,000;1,000;MESURE
2025-07-11 15:00:00+02:00;69,000;1,000;MESURE
2025-07-11 16:00:00+02:00;69,000;1,000;MESURE
2025-07-11 17:00:00+02:00;69,000;1,000;MESURE
2025-07-11 18:00:00+02:00;68,000;1,000;MESURE
2025-07-11 19:00:00+02:00;4302,000;1,000;MESURE
2025-07-11 20:00:00+02:00;2352,000;1,000;MESURE
2025-07-11 21:00:00+02:00;17442,000;1,000;MESURE
2025-07-11 22:00:00+02:00;17458,000;1,000;MESURE
2025-07-11 23:00:00+02:00;7385,000;1,000;MESURE
2025-07-12 00:00:00+02:00;247,000;1,000;MESURE
2025-07-12 01:00:00+02:00;67,000;1,000;MESURE
2025-07-12 02:00:00+02:00;68,000;1,000;MESURE
2025-07-12 03:00:00+02:00;5137,000;1,000;MESURE
2025-07-12 04:00:00+02:00;11035,000;1,000;MESURE
2025-07-12 05:00:00+02:00;11046,000;1,000;MESURE
2025-07-12 06:00:00+02:00;11036,000;1,000;MESURE
2025-07-12 07:00:00+02:00;11037,000;1,000;MESURE
2025-07-12 08:00:00+02:00;11041,000;1,000;MESURE
2025-07-12 09:00:00+02:00;5309,000;1,000;MESURE
2025-07-12 10:00:00+02:00;5429,000;1,000;MESURE
2025-07-12 11:00:00+02:00;6553,000;1,000;MESURE
2025-07-12 12:00:00+02:00;68,000;1,000;MESURE
2025-07-12 13:00:00+02:00;68,000;1,000;MESURE
2025-07-12 14:00:00+02:00;9207,000;1,000;MESURE
2025-07-12 15:00:00+02:00;68,000;1,000;MESURE
2025-07-12 16:00:00+02:00;68,000;1,000;MESURE
2025-07-12 17:00:00+02:00;68,000;1,000;MESURE
2025-07-12 18:00:00+02:00;68,000;1,000;MESURE
2025-07-12 19:00:00+02:00;68,000;1,000;MESURE
2025-07-12 20:00:00+02:00;67,000;1,000;MESURE
2025-07-12 21:00:00+02:00;67,000;1,000;MESURE
2025-07-12 22:00:00+02:00;67,000;1,000;MESURE
2025-07-12 23:00:00+02:00;67,000;1,000;MESURE
2025-07-13 00:00:00+02:00;66,000;1,000;MESURE
2025-07-13 01:00:00+02:00;67,000;1,000;MESURE
2025-07-13 02:00:00+02:00;67,000;1,000;MESURE
2025-07-13 03:00:00+02:00;67,000;1,000;MESURE
2025-07-13 04:00:00+02:00;67,000;1,000;MESURE
2025-07-13 05:00:00+02:00;67,000;1,000;MESURE
2025-07-13 06:00:00+02:00;67,000;1,000;MESURE
2025-07-13 07:00:00+02:00;67,000;1,000;MESURE
2025-07-13 08:00:00+02:00;68,000;1,000;MESURE
2025-07-13 09:00:00+02:00;68,000;1,000;MESURE
2025-07-13 10:00:00+02:00;68,000;1,000;MESURE
2025-07-13 11:00:00+02:00;68,000;1,000;MESURE
2025-07-13 12:00:00+02:00;69,000;1,000;MESURE
2025-07-13 13:00:00+02:00;68,000;1,000;MESURE
2025-07-13 14:00:00+02:00;68,000;1,000;MESURE
2025-07-13 15:00:00+02:00;68,000;1,000;MESURE
2025-07-13 16:00:00+02:00;5270,000;1,000;MESURE
2025-07-13 17:00:00+02:00;21440,000;1,000;MESURE
2025-07-13 18:00:00+02:00;15878,000;1,000;MESURE
2025-07-13 19:00:00+02:00;2243,000;1,000;MESURE
2025-07-13 20:00:00+02:00;13807,000;1,000;MESURE
2025-07-13 21:00:00+02:00;13385,000;1,000;MESURE
2025-07-13 22:00:00+02:00;3120,000;1,000;MESURE
2025-07-13 23:00:00+02:00;353,000;1,000;MESURE
2025-07-14 00:00:00+02:00;67,000;1,000;MESURE
2025-07-14 01:00:00+02:00;67,000;1,000;MESURE
2025-07-14 02:00:00+02:00;67,000;1,000;MESURE
2025-07-14 03:00:00+02:00;67,000;1,000;MESURE
2025-07-14 04:00:00+02:00;67,000;1,000;MESURE
2025-07-14 05:00:00+02:00;67,000;1,000;MESURE
2025-07-14 06:00:00+02:00;67,000;1,000;MESURE
2025-07-14 07:00:00+02:00;67,000;1,000;MESURE
2025-07-14 08:00:00+02:00;69,000;1,000;MESURE
2025-07-14 09:00:00+02:00;68,000;1,000;MESURE
2025-07-14 10:00:00+02:00;68,000;1,000;MESURE
2025-07-14 11:00:00+02:00;68,000;1,000;MESURE
2025-07-14 12:00:00+02:00;68,000;1,000;MESURE
2025-07-14 13:00:00+02:00;69,000;1,000;MESURE
2025-07-14 14:00:00+02:00;68,000;1,000;MESURE
2025-07-14 15:00:00+02:00;68,000;1,000;MESURE
2025-07-14 16:00:00+02:00;68,000;1,000;MESURE
2025-07-14 17:00:00+02:00;68,000;1,000;MESURE
2025-07-14 18:00:00+02:00;68,000;1,000;MESURE
2025-07-14 19:00:00+02:00;68,000;1,000;MESURE
2025-07-14 20:00:00+02:00;67,000;1,000;MESURE
2025-07-14 21:00:00+02:00;67,000;1,000;MESURE
2025-07-14 22:00:00+02:00;67,000;1,000;MESURE
2025-07-14 23:00:00+02:00;66,000;1,000;MESURE
2025-07-15 00:00:00+02:00;6675,000;1,000;MESURE
2025-07-15 01:00:00+02:00;17433,000;1,000;MESURE
2025-07-15 02:00:00+02:00;17450,000;1,000;MESURE
2025-07-15 03:00:00+02:00;13879,000;1,000;MESURE
2025-07-15 04:00:00+02:00;67,000;1,000;MESURE
2025-07-15 05:00:00+02:00;67,000;1,000;MESURE
2025-07-15 06:00:00+02:00;67,000;1,000;MESURE
2025-07-15 07:00:00+02:00;68,000;1,000;MESURE
2025-07-15 08:00:00+02:00;68,000;1,000;MESURE
2025-07-15 09:00:00+02:00;8573,000;1,000;MESURE
2025-07-15 10:00:00+02:00;1565,000;1,000;MESURE
2025-07-15 11:00:00+02:00;68,000;1,000;MESURE
2025-07-15 12:00:00+02:00;68,000;1,000;MESURE
2025-07-15 13:00:00+02:00;68,000;1,000;MESURE
2025-07-15 14:00:00+02:00;68,000;1,000;MESURE
2025-07-15 15:00:00+02:00;68,000;1,000;MESURE
2025-07-15 16:00:00+02:00;68,000;1,000;MESURE
2025-07-15 17:00:00+02:00;68,000;1,000;MESURE
2025-07-15 18:00:00+02:00;68,000;1,000;MESURE
2025-07-15 19:00:00+02:00;4679,000;1,000;MESURE
2025-07-15 20:00:00+02:00;17431,000;1,000;MESURE
2025-07-15 21:00:00+02:00;17440,000;1,000;MESURE
2025-07-15 22:00:00+02:00;10542,000;1,000;MESURE
2025-07-15 23:00:00+02:00;1523,000;1,000;MESURE
2025-07-16 00:00:00+02:00;67,000;1,000;MESURE
2025-07-16 01:00:00+02:00;67,000;1,000;MESURE
2025-07-16 02:00:00+02:00;67,000;1,000;MESURE
2025-07-16 03:00:00+02:00;67,000;1,000;MESURE
2025-07-16 04:00:00+02:00;67,000;1,000;MESURE
2025-07-16 05:00:00+02:00;67,000;1,000;MESURE
2025-07-16 06:00:00+02:00;66,000;1,000;MESURE
2025-07-16 07:00:00+02:00;67,000;1,000;MESURE
2025-07-16 08:00:00+02:00;1784,000;1,000;MESURE
2025-07-16 09:00:00+02:00;11397,000;1,000;MESURE
2025-07-16 10:00:00+02:00;11479,000;1,000;MESURE
2025-07-16 11:00:00+02:00;3881,000;1,000;MESURE
2025-07-16 12:00:00+02:00;68,000;1,000;MESURE
2025-07-16 13:00:00+02:00;68,000;1,000;MESURE
2025-07-16 14:00:00+02:00;68,000;1,000;MESURE
2025-07-16 15:00:00+02:00;68,000;1,000;MESURE
2025-07-16 16:00:00+02:00;68,000;1,000;MESURE
2025-07-16 17:00:00+02:00;69,000;1,000;MESURE
2025-07-16 18:00:00+02:00;68,000;1,000;MESURE
2025-07-16 19:00:00+02:00;10188,000;1,000;MESURE
2025-07-16 20:00:00+02:00;11549,000;1,000;MESURE
2025-07-16 21:00:00+02:00;11570,000;1,000;MESURE
2025-07-16 22:00:00+02:00;11947,000;1,000;MESURE
2025-07-16 23:00:00+02:00;4414,000;1,000;MESURE
2025-07-17 00:00:00+02:00;516,000;1,000;MESURE
2025-07-17 01:00:00+02:00;67,000;1,000;MESURE
2025-07-17 02:00:00+02:00;67,000;1,000;MESURE
2025-07-17 03:00:00+02:00;67,000;1,000;MESURE
2025-07-17 04:00:00+02:00;67,000;1,000;MESURE
2025-07-17 05:00:00+02:00;67,000;1,000;MESURE
2025-07-17 06:00:00+02:00;66,000;1,000;MESURE
2025-07-17 07:00:00+02:00;67,000;1,000;MESURE
2025-07-17 08:00:00+02:00;68,000;1,000;MESURE
2025-07-17 09:00:00+02:00;68,000;1,000;MESURE
2025-07-17 10:00:00+02:00;69,000;1,000;MESURE
2025-07-17 11:00:00+02:00;68,000;1,000;MESURE
2025-07-17 12:00:00+02:00;68,000;1,000;MESURE
2025-07-17 13:00:00+02:00;68,000;1,000;MESURE
2025-07-17 14:00:00+02:00;68,000;1,000;MESURE
2025-07-17 15:00:00+02:00;68,000;1,000;MESURE
2025-07-17 16:00:00+02:00;68,000;1,000;MESURE
2025-07-17 17:00:00+02:00;68,000;1,000;MESURE
2025-07-17 18:00:00+02:00;68,000;1,000;MESURE
2025-07-17 19:00:00+02:00;69,000;1,000;MESURE
2025-07-17 20:00:00+02:00;66,000;1,000;MESURE
2025-07-17 21:00:00+02:00;67,000;1,000;MESURE
2025-07-17 22:00:00+02:00;67,000;1,000;MESURE
2025-07-17 23:00:00+02:00;12850,000;1,000;MESURE
2025-07-18 00:00:00+02:00;1638,000;1,000;MESURE
2025-07-18 01:00:00+02:00;67,000;1,000;MESURE
2025-07-18 02:00:00+02:00;67,000;1,000;MESURE
2025-07-18 03:00:00+02:00;67,000;1,000;MESURE
2025-07-18 04:00:00+02:00;67,000;1,000;MESURE
2025-07-18 05:00:00+02:00;67,000;1,000;MESURE
2025-07-18 06:00:00+02:00;67,000;1,000;MESURE
2025-07-18 07:00:00+02:00;67,000;1,000;MESURE
2025-07-18 08:00:00+02:00;68,000;1,000;MESURE
2025-07-18 09:00:00+02:00;9402,000;1,000;MESURE
2025-07-18 10:00:00+02:00;2918,000;1,000;MESURE
2025-07-18 11:00:00+02:00;69,000;1,000;MESURE
2025-07-18 12:00:00+02:00;69,000;1,000;MESURE
2025-07-18 13:00:00+02:00;69,000;1,000;MESURE
2025-07-18 14:00:00+02:00;69,000;1,000;MESURE
2025-07-18 15:00:00+02:00;68,000;1,000;MESURE
2025-07-18 16:00:00+02:00;69,000;1,000;MESURE
2025-07-18 17:00:00+02:00;69,000;1,000;MESURE
2025-07-18 18:00:00+02:00;69,000;1,000;MESURE
2025-07-18 19:00:00+02:00;69,000;1,000;MESURE
2025-07-18 20:00:00+02:00;67,000;1,000;MESURE
2025-07-18 21:00:00+02:00;68,000;1,000;MESURE
2025-07-18 22:00:00+02:00;68,000;1,000;MESURE
2025-07-18 23:00:00+02:00;67,000;1,000;MESURE
2025-07-19 00:00:00+02:00;68,000;1,000;MESURE
2025-07-19 01:00:00+02:00;68,000;1,000;MESURE
2025-07-19 02:00:00+02:00;67,000;1,000;MESURE
2025-07-19 03:00:00+02:00;68,000;1,000;MESURE
2025-07-19 04:00:00+02:00;68,000;1,000;MESURE
2025-07-19 05:00:00+02:00;67,000;1,000;MESURE
2025-07-19 06:00:00+02:00;826,000;1,000;MESURE
2025-07-19 07:00:00+02:00;11042,000;1,000;MESURE
2025-07-19 08:00:00+02:00;11040,000;1,000;MESURE
2025-07-19 09:00:00+02:00;11037,000;1,000;MESURE
2025-07-19 10:00:00+02:00;7611,000;1,000;MESURE
2025-07-19 11:00:00+02:00;68,000;1,000;MESURE
2025-07-19 12:00:00+02:00;68,000;1,000;MESURE
2025-07-19 13:00:00+02:00;8416,000;1,000;MESURE
2025-07-19 14:00:00+02:00;5451,000;1,000;MESURE
2025-07-19 15:00:00+02:00;69,000;1,000;MESURE
2025-07-19 16:00:00+02:00;68,000;1,000;MESURE
2025-07-19 17:00:00+02:00;68,000;1,000;MESURE
2025-07-19 18:00:00+02:00;68,000;1,000;MESURE
2025-07-19 19:00:00+02:00;68,000;1,000;MESURE
2025-07-19 20:00:00+02:00;67,000;1,000;MESURE
2025-07-19 21:00:00+02:00;67,000;1,000;MESURE
2025-07-19 22:00:00+02:00;67,000;1,000;MESURE
2025-07-19 23:00:00+02:00;67,000;1,000;MESURE
2025-07-20 00:00:00+02:00;7191,000;1,000;MESURE
2025-07-20 01:00:00+02:00;17439,000;1,000;MESURE
2025-07-20 02:00:00+02:00;17449,000;1,000;MESURE
2025-07-20 03:00:00+02:00;17459,000;1,000;MESURE
2025-07-20 04:00:00+02:00;10613,000;1,000;MESURE
2025-07-20 05:00:00+02:00;541,000;1,000;MESURE
2025-07-20 06:00:00+02:00;66,000;1,000;MESURE
2025-07-20 07:00:00+02:00;67,000;1,000;MESURE
2025-07-20 08:00:00+02:00;69,000;1,000;MESURE
2025-07-20 09:00:00+02:00;68,000;1,000;MESURE
2025-07-20 10:00:00+02:00;68,000;1,000;MESURE
2025-07-20 11:00:00+02:00;68,000;1,000;MESURE
2025-07-20 12:00:00+02:00;68,000;1,000;MESURE
2025-07-20 13:00:00+02:00;68,000;1,000;MESURE
2025-07-20 14:00:00+02:00;69,000;1,000;MESURE
2025-07-20 15:00:00+02:00;68,000;1,000;MESURE
2025-07-20 16:00:00+02:00;68,000;1,000;MESURE
2025-07-20 17:00:00+02:00;68,000;1,000;MESURE
2025-07-20 18:00:00+02:00;68,000;1,000;MESURE
2025-07-20 19:00:00+02:00;69,000;1,000;MESURE
2025-07-20 20:00:00+02:00;66,000;1,000;MESURE
2025-07-20 21:00:00+02:00;67,000;1,000;MESURE
2025-07-20 22:00:00+02:00;68,000;1,000;MESURE
2025-07-20 23:00:00+02:00;67,000;1,000;MESURE
2025-07-21 00:00:00+02:00;68,000;1,000;MESURE
2025-07-21 01:00:00+02:00;67,000;1,000;MESURE
2025-07-21 02:00:00+02:00;68,000;1,000;MESURE
2025-07-21 03:00:00+02:00;67,000;1,000;MESURE
2025-07-21 04:00:00+02:00;67,000;1,000;MESURE
2025-07-21 05:00:00+02:00;67,000;1,000;MESURE
2025-07-21 06:00:00+02:00;67,000;1,000;MESURE
2025-07-21 07:00:00+02:00;67,000;1,000;MESURE
2025-07-21 08:00:00+02:00;69,000;1,000;MESURE
2025-07-21 09:00:00+02:00;68,000;1,000;MESURE
2025-07-21 10:00:00+02:00;69,000;1,000;MESURE
2025-07-21 11:00:00+02:00;68,000;1,000;MESURE
2025-07-21 12:00:00+02:00;68,000;1,000;MESURE
2025-07-21 13:00:00+02:00;68,000;1,000;MESURE
2025-07-21 14:00:00+02:00;69,000;1,000;MESURE
2025-07-21 15:00:00+02:00;69,000;1,000;MESURE
2025-07-21 16:00:00+02:00;68,000;1,000;MESURE
2025-07-21 17:00:00+02:00;1409,000;1,000;MESURE
2025-07-21 18:00:00+02:00;11710,000;1,000;MESURE
2025-07-21 19:00:00+02:00;3045,000;1,000;MESURE
2025-07-21 20:00:00+02:00;68,000;1,000;MESURE
2025-07-21 21:00:00+02:00;4852,000;1,000;MESURE
2025-07-21 22:00:00+02:00;17436,000;1,000;MESURE
2025-07-21 23:00:00+02:00;17432,000;1,000;MESURE
2025-07-22 00:00:00+02:00;13391,000;1,000;MESURE
2025-07-22 01:00:00+02:00;2857,000;1,000;MESURE
2025-07-22 02:00:00+02:00;137,000;1,000;MESURE
2025-07-22 03:00:00+02:00;68,000;1,000;MESURE
2025-07-22 04:00:00+02:00;67,000;1,000;MESURE
2025-07-22 05:00:00+02:00;67,000;1,000;MESURE
2025-07-22 06:00:00+02:00;67,000;1,000;MESURE
2025-07-22 07:00:00+02:00;67,000;1,000;MESURE
2025-07-22 08:00:00+02:00;68,000;1,000;MESURE
2025-07-22 09:00:00+02:00;69,000;1,000;MESURE
2025-07-22 10:00:00+02:00;68,000;1,000;MESURE
2025-07-22 11:00:00+02:00;69,000;1,000;MESURE
2025-07-22 12:00:00+02:00;69,000;1,000;MESURE
2025-07-22 13:00:00+02:00;68,000;1,000;MESURE
2025-07-22 14:00:00+02:00;69,000;1,000;MESURE
2025-07-22 15:00:00+02:00;69,000;1,000;MESURE
2025-07-22 16:00:00+02:00;69,000;1,000;MESURE
2025-07-22 17:00:00+02:00;69,000;1,000;MESURE
2025-07-22 18:00:00+02:00;69,000;1,000;MESURE
2025-07-22 19:00:00+02:00;69,000;1,000;MESURE
2025-07-22 20:00:00+02:00;2948,000;1,000;MESURE
2025-07-22 21:00:00+02:00;11012,000;1,000;MESURE
2025-07-22 22:00:00+02:00;11050,000;1,000;MESURE
2025-07-22 23:00:00+02:00;6266,000;1,000;MESURE
2025-07-23 00:00:00+02:00;68,000;1,000;MESURE
2025-07-23 01:00:00+02:00;10788,000;1,000;MESURE
2025-07-23 02:00:00+02:00;17421,000;1,000;MESURE
2025-07-23 03:00:00+02:00;17438,000;1,000;MESURE
2025-07-23 04:00:00+02:00;17444,000;1,000;MESURE
2025-07-23 05:00:00+02:00;11197,000;1,000;MESURE
2025-07-23 06:00:00+02:00;2241,000;1,000;MESURE
2025-07-23 07:00:00+02:00;67,000;1,000;MESURE
2025-07-23 08:00:00+02:00;69,000;1,000;MESURE
2025-07-23 09:00:00+02:00;68,000;1,000;MESURE
2025-07-23 10:00:00+02:00;69,000;1,000;MESURE
2025-07-23 11:00:00+02:00;69,000;1,000;MESURE
2025-07-23 12:00:00+02:00;69,000;1,000;MESURE
2025-07-23 13:00:00+02:00;10480,000;1,000;MESURE
2025-07-23 14:00:00+02:00;6243,000;1,000;MESURE
2025-07-23 15:00:00+02:00;69,000;1,000;MESURE
2025-07-23 16:00:00+02:00;69,000;1,000;MESURE
2025-07-23 17:00:00+02:00;1925,000;1,000;MESURE
2025-07-23 18:00:00+02:00;11710,000;1,000;MESURE
2025-07-23 19:00:00+02:00;1404,000;1,000;MESURE
2025-07-23 20:00:00+02:00;67,000;1,000;MESURE
2025-07-23 21:00:00+02:00;68,000;1,000;MESURE
2025-07-23 22:00:00+02:00;8590,000;1,000;MESURE
2025-07-23 23:00:00+02:00;10908,000;1,000;MESURE
2025-07-24 00:00:00+02:00;10912,000;1,000;MESURE
2025-07-24 01:00:00+02:00;10921,000;1,000;MESURE
2025-07-24 02:00:00+02:00;10368,000;1,000;MESURE
2025-07-24 03:00:00+02:00;3462,000;1,000;MESURE
2025-07-24 04:00:00+02:00;283,000;1,000;MESURE
2025-07-24 05:00:00+02:00;68,000;1,000;MESURE
2025-07-24 06:00:00+02:00;9142,000;1,000;MESURE
2025-07-24 07:00:00+02:00;11014,000;1,000;MESURE
2025-07-24 08:00:00+02:00;10306,000;1,000;MESURE
2025-07-24 09:00:00+02:00;487,000;1,000;MESURE
2025-07-24 10:00:00+02:00;68,000;1,000;MESURE
2025-07-24 11:00:00+02:00;69,000;1,000;MESURE
2025-07-24 12:00:00+02:00;68,000;1,000;MESURE
2025-07-24 13:00:00+02:00;68,000;1,000;MESURE
2025-07-24 14:00:00+02:00;68,000;1,000;MESURE
2025-07-24 15:00:00+02:00;68,000;1,000;MESURE
2025-07-24 16:00:00+02:00;68,000;1,000;MESURE
2025-07-24 17:00:00+02:00;68,000;1,000;MESURE
2025-07-24 18:00:00+02:00;69,000;1,000;MESURE
2025-07-24 19:00:00+02:00;68,000;1,000;MESURE
2025-07-24 20:00:00+02:00;67,000;1,000;MESURE
2025-07-24 21:00:00+02:00;66,000;1,000;MESURE
2025-07-24 22:00:00+02:00;67,000;1,000;MESURE
2025-07-24 23:00:00+02:00;67,000;1,000;MESURE
2025-07-25 00:00:00+02:00;67,000;1,000;MESURE
2025-07-25 01:00:00+02:00;67,000;1,000;MESURE
2025-07-25 02:00:00+02:00;67,000;1,000;MESURE
2025-07-25 03:00:00+02:00;67,000;1,000;MESURE
2025-07-25 04:00:00+02:00;67,000;1,000;MESURE
2025-07-25 05:00:00+02:00;68,000;1,000;MESURE
2025-07-25 06:00:00+02:00;67,000;1,000;MESURE
2025-07-25 07:00:00+02:00;67,000;1,000;MESURE
2025-07-25 08:00:00+02:00;68,000;1,000;MESURE
2025-07-25 09:00:00+02:00;69,000;1,000;MESURE
2025-07-25 10:00:00+02:00;68,000;1,000;MESURE
2025-07-25 11:00:00+02:00;68,000;1,000;MESURE
2025-07-25 12:00:00+02:00;68,000;1,000;MESURE
2025-07-25 13:00:00+02:00;68,000;1,000;MESURE
2025-07-25 14:00:00+02:00;68,000;1,000;MESURE
2025-07-25 15:00:00+02:00;69,000;1,000;MESURE
2025-07-25 16:00:00+02:00;68,000;1,000;MESURE
2025-07-25 17:00:00+02:00;68,000;1,000;MESURE
2025-07-25 18:00:00+02:00;11089,000;1,000;MESURE
2025-07-25 19:00:00+02:00;11828,000;1,000;MESURE
2025-07-25 20:00:00+02:00;1723,000;1,000;MESURE
2025-07-25 21:00:00+02:00;67,000;1,000;MESURE
2025-07-25 22:00:00+02:00;2551,000;1,000;MESURE
2025-07-25 23:00:00+02:00;10895,000;1,000;MESURE
2025-07-26 00:00:00+02:00;10933,000;1,000;MESURE
2025-07-26 01:00:00+02:00;10796,000;1,000;MESURE
2025-07-26 02:00:00+02:00;10807,000;1,000;MESURE
2025-07-26 03:00:00+02:00;4530,000;1,000;MESURE
2025-07-26 04:00:00+02:00;67,000;1,000;MESURE
2025-07-26 05:00:00+02:00;68,000;1,000;MESURE
2025-07-26 06:00:00+02:00;67,000;1,000;MESURE
2025-07-26 07:00:00+02:00;67,000;1,000;MESURE
2025-07-26 08:00:00+02:00;68,000;1,000;MESURE
2025-07-26 09:00:00+02:00;68,000;1,000;MESURE
2025-07-26 10:00:00+02:00;10740,000;1,000;MESURE
2025-07-26 11:00:00+02:00;8534,000;1,000;MESURE
2025-07-26 12:00:00+02:00;68,000;1,000;MESURE
2025-07-26 13:00:00+02:00;68,000;1,000;MESURE
2025-07-26 14:00:00+02:00;69,000;1,000;MESURE
2025-07-26 15:00:00+02:00;68,000;1,000;MESURE
2025-07-26 16:00:00+02:00;69,000;1,000;MESURE
2025-07-26 17:00:00+02:00;68,000;1,000;MESURE
2025-07-26 18:00:00+02:00;69,000;1,000;MESURE
2025-07-26 19:00:00+02:00;68,000;1,000;MESURE
2025-07-26 20:00:00+02:00;1626,000;1,000;MESURE
2025-07-26 21:00:00+02:00;3297,000;1,000;MESURE
2025-07-26 22:00:00+02:00;67,000;1,000;MESURE
2025-07-26 23:00:00+02:00;700,000;1,000;MESURE
2025-07-27 00:00:00+02:00;17426,000;1,000;MESURE
2025-07-27 01:00:00+02:00;14966,000;1,000;MESURE
2025-07-27 02:00:00+02:00;67,000;1,000;MESURE
2025-07-27 03:00:00+02:00;67,000;1,000;MESURE
2025-07-27 04:00:00+02:00;67,000;1,000;MESURE
2025-07-27 05:00:00+02:00;68,000;1,000;MESURE
2025-07-27 06:00:00+02:00;67,000;1,000;MESURE
2025-07-27 07:00:00+02:00;66,000;1,000;MESURE
2025-07-27 08:00:00+02:00;69,000;1,000;MESURE
2025-07-27 09:00:00+02:00;69,000;1,000;MESURE
2025-07-27 10:00:00+02:00;68,000;1,000;MESURE
2025-07-27 11:00:00+02:00;68,000;1,000;MESURE
2025-07-27 12:00:00+02:00;2458,000;1,000;MESURE
2025-07-27 13:00:00+02:00;3866,000;1,000;MESURE
2025-07-27 14:00:00+02:00;3867,000;1,000;MESURE
2025-07-27 15:00:00+02:00;3882,000;1,000;MESURE
2025-07-27 16:00:00+02:00;2439,000;1,000;MESURE
2025-07-27 17:00:00+02:00;69,000;1,000;MESURE
2025-07-27 18:00:00+02:00;69,000;1,000;MESURE
2025-07-27 19:00:00+02:00;69,000;1,000;MESURE
2025-07-27 20:00:00+02:00;67,000;1,000;MESURE
2025-07-27 21:00:00+02:00;8695,000;1,000;MESURE
2025-07-27 22:00:00+02:00;17447,000;1,000;MESURE
2025-07-27 23:00:00+02:00;17450,000;1,000;MESURE
2025-07-28 00:00:00+02:00;15650,000;1,000;MESURE
2025-07-28 01:00:00+02:00;3781,000;1,000;MESURE
2025-07-28 02:00:00+02:00;504,000;1,000;MESURE
2025-07-28 03:00:00+02:00;68,000;1,000;MESURE
2025-07-28 04:00:00+02:00;68,000;1,000;MESURE
2025-07-28 05:00:00+02:00;67,000;1,000;MESURE
2025-07-28 06:00:00+02:00;67,000;1,000;MESURE
2025-07-28 07:00:00+02:00;67,000;1,000;MESURE
2025-07-28 08:00:00+02:00;69,000;1,000;MESURE
2025-07-28 09:00:00+02:00;69,000;1,000;MESURE
2025-07-28 10:00:00+02:00;69,000;1,000;MESURE
2025-07-28 11:00:00+02:00;69,000;1,000;MESURE
2025-07-28 12:00:00+02:00;69,000;1,000;MESURE
2025-07-28 13:00:00+02:00;69,000;1,000;MESURE
2025-07-28 14:00:00+02:00;68,000;1,000;MESURE
2025-07-28 15:00:00+02:00;69,000;1,000;MESURE
2025-07-28 16:00:00+02:00;69,000;1,000;MESURE
2025-07-28 17:00:00+02:00;70,000;1,000;MESURE
2025-07-28 18:00:00+02:00;69,000;1,000;MESURE
2025-07-28 19:00:00+02:00;10757,000;1,000;MESURE
2025-07-28 20:00:00+02:00;21535,000;1,000;MESURE
2025-07-28 21:00:00+02:00;5589,000;1,000;MESURE
2025-07-28 22:00:00+02:00;68,000;1,000;MESURE
2025-07-28 23:00:00+02:00;68,000;1,000;MESURE
2025-07-29 00:00:00+02:00;67,000;1,000;MESURE
2025-07-29 01:00:00+02:00;68,000;1,000;MESURE
2025-07-29 02:00:00+02:00;68,000;1,000;MESURE
2025-07-29 03:00:00+02:00;68,000;1,000;MESURE
2025-07-29 04:00:00+02:00;68,000;1,000;MESURE
2025-07-29 05:00:00+02:00;67,000;1,000;MESURE
2025-07-29 06:00:00+02:00;67,000;1,000;MESURE
2025-07-29 07:00:00+02:00;67,000;1,000;MESURE
2025-07-29 08:00:00+02:00;68,000;1,000;MESURE
2025-07-29 09:00:00+02:00;69,000;1,000;MESURE
2025-07-29 10:00:00+02:00;69,000;1,000;MESURE
2025-07-29 11:00:00+02:00;69,000;1,000;MESURE
2025-07-29 12:00:00+02:00;69,000;1,000;MESURE
2025-07-29 13:00:00+02:00;69,000;1,000;MESURE
2025-07-29 14:00:00+02:00;70,000;1,000;MESURE
2025-07-29 15:00:00+02:00;69,000;1,000;MESURE
2025-07-29 16:00:00+02:00;70,000;1,000;MESURE
2025-07-29 17:00:00+02:00;69,000;1,000;MESURE
2025-07-29 18:00:00+02:00;70,000;1,000;MESURE
2025-07-29 19:00:00+02:00;69,000;1,000;MESURE
2025-07-29 20:00:00+02:00;68,000;1,000;MESURE
2025-07-29 21:00:00+02:00;68,000;1,000;MESURE
2025-07-29 22:00:00+02:00;68,000;1,000;MESURE
2025-07-29 23:00:00+02:00;67,000;1,000;MESURE
2025-07-30 00:00:00+02:00;68,000;1,000;MESURE
2025-07-30 01:00:00+02:00;68,000;1,000;MESURE
2025-07-30 02:00:00+02:00;68,000;1,000;MESURE
2025-07-30 03:00:00+02:00;68,000;1,000;MESURE
2025-07-30 04:00:00+02:00;68,000;1,000;MESURE
2025-07-30 05:00:00+02:00;68,000;1,000;MESURE
2025-07-30 06:00:00+02:00;67,000;1,000;MESURE
2025-07-30 07:00:00+02:00;67,000;1,000;MESURE
2025-07-30 08:00:00+02:00;10320,000;1,000;MESURE
2025-07-30 09:00:00+02:00;17434,000;1,000;MESURE
2025-07-30 10:00:00+02:00;8848,000;1,000;MESURE
2025-07-30 11:00:00+02:00;70,000;1,000;MESURE
2025-07-30 12:00:00+02:00;69,000;1,000;MESURE
2025-07-30 13:00:00+02:00;70,000;1,000;MESURE
2025-07-30 14:00:00+02:00;69,000;1,000;MESURE
2025-07-30 15:00:00+02:00;70,000;1,000;MESURE
2025-07-30 16:00:00+02:00;69,000;1,000;MESURE
2025-07-30 17:00:00+02:00;70,000;1,000;MESURE
2025-07-30 18:00:00+02:00;69,000;1,000;MESURE
2025-07-30 19:00:00+02:00;70,000;1,000;MESURE
2025-07-30 20:00:00+02:00;68,000;1,000;MESURE
2025-07-30 21:00:00+02:00;9147,000;1,000;MESURE
2025-07-30 22:00:00+02:00;17441,000;1,000;MESURE
2025-07-30 23:00:00+02:00;17458,000;1,000;MESURE
2025-07-31 00:00:00+02:00;17399,000;1,000;MESURE
2025-07-31 01:00:00+02:00;2979,000;1,000;MESURE
2025-07-31 02:00:00+02:00;68,000;1,000;MESURE
2025-07-31 03:00:00+02:00;68,000;1,000;MESURE
2025-07-31 04:00:00+02:00;68,000;1,000;MESURE
2025-07-31 05:00:00+02:00;68,000;1,000;MESURE
2025-07-31 06:00:00+02:00;67,000;1,000;MESURE
2025-07-31 07:00:00+02:00;68,000;1,000;MESURE
2025-07-31 08:00:00+02:00;68,000;1,000;MESURE
2025-07-31 09:00:00+02:00;70,000;1,000;MESURE
2025-07-31 10:00:00+02:00;69,000;1,000;MESURE
2025-07-31 11:00:00+02:00;70,000;1,000;MESURE
2025-07-31 12:00:00+02:00;2259,000;1,000;MESURE
2025-07-31 13:00:00+02:00;8594,000;1,000;MESURE
2025-07-31 14:00:00+02:00;70,000;1,000;MESURE
2025-07-31 15:00:00+02:00;680,000;1,000;MESURE
2025-07-31 16:00:00+02:00;2364,000;1,000;MESURE
2025-07-31 17:00:00+02:00;2348,000;1,000;MESURE
2025-07-31 18:00:00+02:00;2340,000;1,000;MESURE
2025-07-31 19:00:00+02:00;2344,000;1,000;MESURE
2025-07-31 20:00:00+02:00;2364,000;1,000;MESURE
2025-07-31 21:00:00+02:00;2272,000;1,000;MESURE
2025-07-31 22:00:00+02:00;94,000;1,000;MESURE
2025-07-31 23:00:00+02:00;68,000;1,000;MESURE
2025-08-01 00:00:00+02:00;68,000;1,000;MESURE
2025-08-01 01:00:00+02:00;69,000;1,000;MESURE
2025-08-01 02:00:00+02:00;68,000;1,000;MESURE
2025-08-01 03:00:00+02:00;68,000;1,000;MESURE
2025-08-01 04:00:00+02:00;68,000;1,000;MESURE
2025-08-01 05:00:00+02:00;67,000;1,000;MESURE
2025-08-01 06:00:00+02:00;68,000;1,000;MESURE
2025-08-01 07:00:00+02:00;67,000;1,000;MESURE
2025-08-01 08:00:00+02:00;69,000;1,000;MESURE
2025-08-01 09:00:00+02:00;69,000;1,000;MESURE
2025-08-01 10:00:00+02:00;70,000;1,000;MESURE
2025-08-01 11:00:00+02:00;69,000;1,000;MESURE
2025-08-01 12:00:00+02:00;71,000;1,000;MESURE
2025-08-01 13:00:00+02:00;70,000;1,000;MESURE
2025-08-01 14:00:00+02:00;70,000;1,000;MESURE
2025-08-01 15:00:00+02:00;69,000;1,000;MESURE
2025-08-01 16:00:00+02:00;70,000;1,000;MESURE
2025-08-01 17:00:00+02:00;70,000;1,000;MESURE
2025-08-01 18:00:00+02:00;70,000;1,000;MESURE
2025-08-01 19:00:00+02:00;69,000;1,000;MESURE
2025-08-01 20:00:00+02:00;69,000;1,000;MESURE
2025-08-01 21:00:00+02:00;68,000;1,000;MESURE
2025-08-01 22:00:00+02:00;68,000;1,000;MESURE
2025-08-01 23:00:00+02:00;69,000;1,000;MESURE
2025-08-02 00:00:00+02:00;68,000;1,000;MESURE
2025-08-02 01:00:00+02:00;69,000;1,000;MESURE
2025-08-02 02:00:00+02:00;68,000;1,000;MESURE
2025-08-02 03:00:00+02:00;68,000;1,000;MESURE
2025-08-02 04:00:00+02:00;69,000;1,000;MESURE
2025-08-02 05:00:00+02:00;68,000;1,000;MESURE
2025-08-02 06:00:00+02:00;67,000;1,000;MESURE
2025-08-02 07:00:00+02:00;68,000;1,000;MESURE
2025-08-02 08:00:00+02:00;69,000;1,000;MESURE
2025-08-02 09:00:00+02:00;69,000;1,000;MESURE
2025-08-02 10:00:00+02:00;71,000;1,000;MESURE
2025-08-02 11:00:00+02:00;70,000;1,000;MESURE
2025-08-02 12:00:00+02:00;70,000;1,000;MESURE
2025-08-02 13:00:00+02:00;3828,000;1,000;MESURE
2025-08-02 14:00:00+02:00;17446,000;1,000;MESURE
2025-08-02 15:00:00+02:00;17469,000;1,000;MESURE
2025-08-02 16:00:00+02:00;15211,000;1,000;MESURE
2025-08-02 17:00:00+02:00;70,000;1,000;MESURE
2025-08-02 18:00:00+02:00;70,000;1,000;MESURE
2025-08-02 19:00:00+02:00;70,000;1,000;MESURE
2025-08-02 20:00:00+02:00;68,000;1,000;MESURE
2025-08-02 21:00:00+02:00;69,000;1,000;MESURE
2025-08-02 22:00:00+02:00;69,000;1,000;MESURE
2025-08-02 23:00:00+02:00;68,000;1,000;MESURE
2025-08-03 00:00:00+02:00;69,000;1,000;MESURE
2025-08-03 01:00:00+02:00;69,000;1,000;MESURE
2025-08-03 02:00:00+02:00;69,000;1,000;MESURE
2025-08-03 03:00:00+02:00;69,000;1,000;MESURE
2025-08-03 04:00:00+02:00;68,000;1,000;MESURE
2025-08-03 05:00:00+02:00;68,000;1,000;MESURE
2025-08-03 06:00:00+02:00;68,000;1,000;MESURE
2025-08-03 07:00:00+02:00;68,000;1,000;MESURE
2025-08-03 08:00:00+02:00;69,000;1,000;MESURE
2025-08-03 09:00:00+02:00;69,000;1,000;MESURE
2025-08-03 10:00:00+02:00;70,000;1,000;MESURE
2025-08-03 11:00:00+02:00;12050,000;1,000;MESURE
2025-08-03 12:00:00+02:00;20349,000;1,000;MESURE
2025-08-03 13:00:00+02:00;9169,000;1,000;MESURE
2025-08-03 14:00:00+02:00;9150,000;1,000;MESURE
2025-08-03 15:00:00+02:00;4977,000;1,000;MESURE
2025-08-03 16:00:00+02:00;551,000;1,000;MESURE
2025-08-03 17:00:00+02:00;69,000;1,000;MESURE
2025-08-03 18:00:00+02:00;70,000;1,000;MESURE
2025-08-03 19:00:00+02:00;69,000;1,000;MESURE
2025-08-03 20:00:00+02:00;69,000;1,000;MESURE
2025-08-03 21:00:00+02:00;68,000;1,000;MESURE
2025-08-03 22:00:00+02:00;68,000;1,000;MESURE
2025-08-03 23:00:00+02:00;68,000;1,000;MESURE
2025-08-04 00:00:00+02:00;69,000;1,000;MESURE
2025-08-04 01:00:00+02:00;68,000;1,000;MESURE
2025-08-04 02:00:00+02:00;68,000;1,000;MESURE
2025-08-04 03:00:00+02:00;69,000;1,000;MESURE
2025-08-04 04:00:00+02:00;13871,000;1,000;MESURE
2025-08-04 05:00:00+02:00;17441,000;1,000;MESURE
2025-08-04 06:00:00+02:00;14182,000;1,000;MESURE
2025-08-04 07:00:00+02:00;68,000;1,000;MESURE
2025-08-04 08:00:00+02:00;69,000;1,000;MESURE
2025-08-04 09:00:00+02:00;70,000;1,000;MESURE
2025-08-04 10:00:00+02:00;69,000;1,000;MESURE
2025-08-04 11:00:00+02:00;70,000;1,000;MESURE
2025-08-04 12:00:00+02:00;70,000;1,000;MESURE
2025-08-04 13:00:00+02:00;70,000;1,000;MESURE
2025-08-04 14:00:00+02:00;10168,000;1,000;MESURE
2025-08-04 15:00:00+02:00;17459,000;1,000;MESURE
2025-08-04 16:00:00+02:00;17471,000;1,000;MESURE
2025-08-04 17:00:00+02:00;9329,000;1,000;MESURE
2025-08-04 18:00:00+02:00;70,000;1,000;MESURE
2025-08-04 19:00:00+02:00;70,000;1,000;MESURE
2025-08-04 20:00:00+02:00;68,000;1,000;MESURE
2025-08-04 21:00:00+02:00;68,000;1,000;MESURE
2025-08-04 22:00:00+02:00;68,000;1,000;MESURE
2025-08-04 23:00:00+02:00;69,000;1,000;MESURE
2025-08-05 00:00:00+02:00;68,000;1,000;MESURE
2025-08-05 01:00:00+02:00;68,000;1,000;MESURE
2025-08-05 02:00:00+02:00;68,000;1,000;MESURE
2025-08-05 03:00:00+02:00;68,000;1,000;MESURE
2025-08-05 04:00:00+02:00;68,000;1,000;MESURE
2025-08-05 05:00:00+02:00;68,000;1,000;MESURE
2025-08-05 06:00:00+02:00;67,000;1,000;MESURE
2025-08-05 07:00:00+02:00;68,000;1,000;MESURE
2025-08-05 08:00:00+02:00;68,000;1,000;MESURE
2025-08-05 09:00:00+02:00;69,000;1,000;MESURE
2025-08-05 10:00:00+02:00;69,000;1,000;MESURE
2025-08-05 11:00:00+02:00;70,000;1,000;MESURE
2025-08-05 12:00:00+02:00;70,000;1,000;MESURE
2025-08-05 13:00:00+02:00;70,000;1,000;MESURE
2025-08-05 14:00:00+02:00;70,000;1,000;MESURE
2025-08-05 15:00:00+02:00;69,000;1,000;MESURE
2025-08-05 16:00:00+02:00;70,000;1,000;MESURE
2025-08-05 17:00:00+02:00;70,000;1,000;MESURE
2025-08-05 18:00:00+02:00;69,000;1,000;MESURE
2025-08-05 19:00:00+02:00;12358,000;1,000;MESURE
2025-08-05 20:00:00+02:00;18071,000;1,000;MESURE
2025-08-05 21:00:00+02:00;16727,000;1,000;MESURE
2025-08-05 22:00:00+02:00;10996,000;1,000;MESURE
2025-08-05 23:00:00+02:00;2531,000;1,000;MESURE
2025-08-06 00:00:00+02:00;68,000;1,000;MESURE
2025-08-06 01:00:00+02:00;68,000;1,000;MESURE
2025-08-06 02:00:00+02:00;69,000;1,000;MESURE
2025-08-06 03:00:00+02:00;68,000;1,000;MESURE
2025-08-06 04:00:00+02:00;68,000;1,000;MESURE
2025-08-06 05:00:00+02:00;68,000;1,000;MESURE
2025-08-06 06:00:00+02:00;67,000;1,000;MESURE
2025-08-06 07:00:00+02:00;68,000;1,000;MESURE
2025-08-06 08:00:00+02:00;69,000;1,000;MESURE
2025-08-06 09:00:00+02:00;69,000;1,000;MESURE
2025-08-06 10:00:00+02:00;70,000;1,000;MESURE
2025-08-06 11:00:00+02:00;70,000;1,000;MESURE
2025-08-06 12:00:00+02:00;71,000;1,000;MESURE
2025-08-06 13:00:00+02:00;70,000;1,000;MESURE
2025-08-06 14:00:00+02:00;3249,000;1,000;MESURE
2025-08-06 15:00:00+02:00;11525,000;1,000;MESURE
2025-08-06 16:00:00+02:00;11623,000;1,000;MESURE
2025-08-06 17:00:00+02:00;475,000;1,000;MESURE
2025-08-06 18:00:00+02:00;10935,000;1,000;MESURE
2025-08-06 19:00:00+02:00;17461,000;1,000;MESURE
2025-08-06 20:00:00+02:00;23349,000;1,000;MESURE
2025-08-06 21:00:00+02:00;28923,000;1,000;MESURE
2025-08-06 22:00:00+02:00;18136,000;1,000;MESURE
2025-08-06 23:00:00+02:00;2772,000;1,000;MESURE
2025-08-07 00:00:00+02:00;69,000;1,000;MESURE
2025-08-07 01:00:00+02:00;68,000;1,000;MESURE
2025-08-07 02:00:00+02:00;69,000;1,000;MESURE
2025-08-07 03:00:00+02:00;69,000;1,000;MESURE
2025-08-07 04:00:00+02:00;69,000;1,000;MESURE
2025-08-07 05:00:00+02:00;69,000;1,000;MESURE
2025-08-07 06:00:00+02:00;68,000;1,000;MESURE
2025-08-07 07:00:00+02:00;67,000;1,000;MESURE
2025-08-07 08:00:00+02:00;70,000;1,000;MESURE
2025-08-07 09:00:00+02:00;70,000;1,000;MESURE
2025-08-07 10:00:00+02:00;70,000;1,000;MESURE
2025-08-07 11:00:00+02:00;70,000;1,000;MESURE
2025-08-07 12:00:00+02:00;70,000;1,000;MESURE
2025-08-07 13:00:00+02:00;71,000;1,000;MESURE
2025-08-07 14:00:00+02:00;70,000;1,000;MESURE
2025-08-07 15:00:00+02:00;70,000;1,000;MESURE
2025-08-07 16:00:00+02:00;70,000;1,000;MESURE
2025-08-07 17:00:00+02:00;69,000;1,000;MESURE
2025-08-07 18:00:00+02:00;70,000;1,000;MESURE
2025-08-07 19:00:00+02:00;9124,000;1,000;MESURE
2025-08-07 20:00:00+02:00;17465,000;1,000;MESURE
2025-08-07 21:00:00+02:00;7753,000;1,000;MESURE
2025-08-07 22:00:00+02:00;10852,000;1,000;MESURE
2025-08-07 23:00:00+02:00;144,000;1,000;MESURE
2025-08-08 00:00:00+02:00;68,000;1,000;MESURE
2025-08-08 01:00:00+02:00;68,000;1,000;MESURE
2025-08-08 02:00:00+02:00;69,000;1,000;MESURE
2025-08-08 03:00:00+02:00;68,000;1,000;MESURE
2025-08-08 04:00:00+02:00;69,000;1,000;MESURE
2025-08-08 05:00:00+02:00;67,000;1,000;MESURE
2025-08-08 06:00:00+02:00;68,000;1,000;MESURE
2025-08-08 07:00:00+02:00;68,000;1,000;MESURE
2025-08-08 08:00:00+02:00;2707,000;1,000;MESURE
2025-08-08 09:00:00+02:00;9387,000;1,000;MESURE
2025-08-08 10:00:00+02:00;7892,000;1,000;MESURE
2025-08-08 11:00:00+02:00;8183,000;1,000;MESURE
2025-08-08 12:00:00+02:00;8196,000;1,000;MESURE
2025-08-08 13:00:00+02:00;8528,000;1,000;MESURE
2025-08-08 14:00:00+02:00;272,000;1,000;MESURE
2025-08-08 15:00:00+02:00;70,000;1,000;MESURE
2025-08-08 16:00:00+02:00;70,000;1,000;MESURE
2025-08-08 17:00:00+02:00;70,000;1,000;MESURE
2025-08-08 18:00:00+02:00;69,000;1,000;MESURE
2025-08-08 19:00:00+02:00;70,000;1,000;MESURE
2025-08-08 20:00:00+02:00;13750,000;1,000;MESURE
2025-08-08 21:00:00+02:00;17450,000;1,000;MESURE
2025-08-08 22:00:00+02:00;17456,000;1,000;MESURE
2025-08-08 23:00:00+02:00;14437,000;1,000;MESURE
2025-08-09 00:00:00+02:00;2112,000;1,000;MESURE
2025-08-09 01:00:00+02:00;69,000;1,000;MESURE
2025-08-09 02:00:00+02:00;68,000;1,000;MESURE
2025-08-09 03:00:00+02:00;68,000;1,000;MESURE
2025-08-09 04:00:00+02:00;69,000;1,000;MESURE
2025-08-09 05:00:00+02:00;68,000;1,000;MESURE
2025-08-09 06:00:00+02:00;67,000;1,000;MESURE
2025-08-09 07:00:00+02:00;68,000;1,000;MESURE
2025-08-09 08:00:00+02:00;70,000;1,000;MESURE
2025-08-09 09:00:00+02:00;69,000;1,000;MESURE
2025-08-09 10:00:00+02:00;70,000;1,000;MESURE
2025-08-09 11:00:00+02:00;69,000;1,000;MESURE
2025-08-09 12:00:00+02:00;70,000;1,000;MESURE
2025-08-09 13:00:00+02:00;69,000;1,000;MESURE
2025-08-09 14:00:00+02:00;70,000;1,000;MESURE
2025-08-09 15:00:00+02:00;69,000;1,000;MESURE
2025-08-09 16:00:00+02:00;70,000;1,000;MESURE
2025-08-09 17:00:00+02:00;69,000;1,000;MESURE
2025-08-09 18:00:00+02:00;70,000;1,000;MESURE
2025-08-09 19:00:00+02:00;3514,000;1,000;MESURE
2025-08-09 20:00:00+02:00;3867,000;1,000;MESURE
2025-08-09 21:00:00+02:00;3878,000;1,000;MESURE
2025-08-09 22:00:00+02:00;2763,000;1,000;MESURE
2025-08-09 23:00:00+02:00;68,000;1,000;MESURE
2025-08-10 00:00:00+02:00;69,000;1,000;MESURE
2025-08-10 01:00:00+02:00;68,000;1,000;MESURE
2025-08-10 02:00:00+02:00;68,000;1,000;MESURE
2025-08-10 03:00:00+02:00;68,000;1,000;MESURE
2025-08-10 04:00:00+02:00;68,000;1,000;MESURE
2025-08-10 05:00:00+02:00;68,000;1,000;MESURE
2025-08-10 06:00:00+02:00;67,000;1,000;MESURE
2025-08-10 07:00:00+02:00;68,000;1,000;MESURE
2025-08-10 08:00:00+02:00;68,000;1,000;MESURE
2025-08-10 09:00:00+02:00;69,000;1,000;MESURE
2025-08-10 10:00:00+02:00;69,000;1,000;MESURE
2025-08-10 11:00:00+02:00;68,000;1,000;MESURE
2025-08-10 12:00:00+02:00;69,000;1,000;MESURE
2025-08-10 13:00:00+02:00;69,000;1,000;MESURE
2025-08-10 14:00:00+02:00;69,000;1,000;MESURE
2025-08-10 15:00:00+02:00;69,000;1,000;MESURE
2025-08-10 16:00:00+02:00;70,000;1,000;MESURE
2025-08-10 17:00:00+02:00;69,000;1,000;MESURE
2025-08-10 18:00:00+02:00;69,000;1,000;MESURE
2025-08-10 19:00:00+02:00;10247,000;1,000;MESURE
2025-08-10 20:00:00+02:00;17430,000;1,000;MESURE
2025-08-10 21:00:00+02:00;17427,000;1,000;MESURE
2025-08-10 22:00:00+02:00;17442,000;1,000;MESURE
2025-08-10 23:00:00+02:00;16384,000;1,000;MESURE
2025-08-11 00:00:00+02:00;4602,000;1,000;MESURE
2025-08-11 01:00:00+02:00;882,000;1,000;MESURE
2025-08-11 02:00:00+02:00;68,000;1,000;MESURE
2025-08-11 03:00:00+02:00;68,000;1,000;MESURE
2025-08-11 04:00:00+02:00;68,000;1,000;MESURE
2025-08-11 05:00:00+02:00;68,000;1,000;MESURE
2025-08-11 06:00:00+02:00;67,000;1,000;MESURE
2025-08-11 07:00:00+02:00;67,000;1,000;MESURE
2025-08-11 08:00:00+02:00;69,000;1,000;MESURE
2025-08-11 09:00:00+02:00;2296,000;1,000;MESURE
2025-08-11 10:00:00+02:00;3964,000;1,000;MESURE
2025-08-11 11:00:00+02:00;1040,000;1,000;MESURE
2025-08-11 12:00:00+02:00;70,000;1,000;MESURE
2025-08-11 13:00:00+02:00;70,000;1,000;MESURE
2025-08-11 14:00:00+02:00;69,000;1,000;MESURE
2025-08-11 15:00:00+02:00;70,000;1,000;MESURE
2025-08-11 16:00:00+02:00;69,000;1,000;MESURE
2025-08-11 17:00:00+02:00;70,000;1,000;MESURE
2025-08-11 18:00:00+02:00;69,000;1,000;MESURE
2025-08-11 19:00:00+02:00;11110,000;1,000;MESURE
2025-08-11 20:00:00+02:00;8922,000;1,000;MESURE
2025-08-11 21:00:00+02:00;68,000;1,000;MESURE
2025-08-11 22:00:00+02:00;68,000;1,000;MESURE
2025-08-11 23:00:00+02:00;68,000;1,000;MESURE
2025-08-12 00:00:00+02:00;68,000;1,000;MESURE
2025-08-12 01:00:00+02:00;69,000;1,000;MESURE
2025-08-12 02:00:00+02:00;68,000;1,000;MESURE
2025-08-12 03:00:00+02:00;68,000;1,000;MESURE
2025-08-12 04:00:00+02:00;68,000;1,000;MESURE
2025-08-12 05:00:00+02:00;68,000;1,000;MESURE
2025-08-12 06:00:00+02:00;68,000;1,000;MESURE
2025-08-12 07:00:00+02:00;68,000;1,000;MESURE
2025-08-12 08:00:00+02:00;69,000;1,000;MESURE
2025-08-12 09:00:00+02:00;70,000;1,000;MESURE
2025-08-12 10:00:00+02:00;69,000;1,000;MESURE
2025-08-12 11:00:00+02:00;70,000;1,000;MESURE
2025-08-12 12:00:00+02:00;70,000;1,000;MESURE
2025-08-12 13:00:00+02:00;8873,000;1,000;MESURE
2025-08-12 14:00:00+02:00;8568,000;1,000;MESURE
2025-08-12 15:00:00+02:00;70,000;1,000;MESURE
2025-08-12 16:00:00+02:00;70,000;1,000;MESURE
2025-08-12 17:00:00+02:00;69,000;1,000;MESURE
2025-08-12 18:00:00+02:00;11848,000;1,000;MESURE
2025-08-12 19:00:00+02:00;10260,000;1,000;MESURE
2025-08-12 20:00:00+02:00;68,000;1,000;MESURE
2025-08-12 21:00:00+02:00;15722,000;1,000;MESURE
2025-08-12 22:00:00+02:00;18445,000;1,000;MESURE
2025-08-12 23:00:00+02:00;21188,000;1,000;MESURE
2025-08-13 00:00:00+02:00;19430,000;1,000;MESURE
2025-08-13 01:00:00+02:00;7925,000;1,000;MESURE
2025-08-13 02:00:00+02:00;4585,000;1,000;MESURE
2025-08-13 03:00:00+02:00;3859,000;1,000;MESURE
2025-08-13 04:00:00+02:00;3859,000;1,000;MESURE
2025-08-13 05:00:00+02:00;2055,000;1,000;MESURE
2025-08-13 06:00:00+02:00;67,000;1,000;MESURE
2025-08-13 07:00:00+02:00;1063,000;1,000;MESURE
2025-08-13 08:00:00+02:00;11012,000;1,000;MESURE
2025-08-13 09:00:00+02:00;11009,000;1,000;MESURE
2025-08-13 10:00:00+02:00;11042,000;1,000;MESURE
2025-08-13 11:00:00+02:00;10741,000;1,000;MESURE
2025-08-13 12:00:00+02:00;7891,000;1,000;MESURE
2025-08-13 13:00:00+02:00;75,000;1,000;MESURE
2025-08-13 14:00:00+02:00;74,000;1,000;MESURE
2025-08-13 15:00:00+02:00;70,000;1,000;MESURE
2025-08-13 16:00:00+02:00;69,000;1,000;MESURE
2025-08-13 17:00:00+02:00;70,000;1,000;MESURE
2025-08-13 18:00:00+02:00;70,000;1,000;MESURE
2025-08-13 19:00:00+02:00;69,000;1,000;MESURE
2025-08-13 20:00:00+02:00;68,000;1,000;MESURE
2025-08-13 21:00:00+02:00;13668,000;1,000;MESURE
2025-08-13 22:00:00+02:00;17466,000;1,000;MESURE
2025-08-13 23:00:00+02:00;11372,000;1,000;MESURE
2025-08-14 00:00:00+02:00;68,000;1,000;MESURE
2025-08-14 01:00:00+02:00;69,000;1,000;MESURE
2025-08-14 02:00:00+02:00;68,000;1,000;MESURE
2025-08-14 03:00:00+02:00;68,000;1,000;MESURE
2025-08-14 04:00:00+02:00;68,000;1,000;MESURE
2025-08-14 05:00:00+02:00;68,000;1,000;MESURE
2025-08-14 06:00:00+02:00;67,000;1,000;MESURE
2025-08-14 07:00:00+02:00;68,000;1,000;MESURE
2025-08-14 08:00:00+02:00;70,000;1,000;MESURE
2025-08-14 09:00:00+02:00;69,000;1,000;MESURE
2025-08-14 10:00:00+02:00;70,000;1,000;MESURE
2025-08-14 11:00:00+02:00;70,000;1,000;MESURE
2025-08-14 12:00:00+02:00;70,000;1,000;MESURE
2025-08-14 13:00:00+02:00;70,000;1,000;MESURE
2025-08-14 14:00:00+02:00;70,000;1,000;MESURE
2025-08-14 15:00:00+02:00;70,000;1,000;MESURE
2025-08-14 16:00:00+02:00;70,000;1,000;MESURE
2025-08-14 17:00:00+02:00;70,000;1,000;MESURE
2025-08-14 18:00:00+02:00;70,000;1,000;MESURE
2025-08-14 19:00:00+02:00;725,000;1,000;MESURE
2025-08-14 20:00:00+02:00;17450,000;1,000;MESURE
2025-08-14 21:00:00+02:00;17469,000;1,000;MESURE
2025-08-14 22:00:00+02:00;17440,000;1,000;MESURE
2025-08-14 23:00:00+02:00;4984,000;1,000;MESURE
2025-08-15 00:00:00+02:00;6820,000;1,000;MESURE
2025-08-15 01:00:00+02:00;2071,000;1,000;MESURE
2025-08-15 02:00:00+02:00;69,000;1,000;MESURE
2025-08-15 03:00:00+02:00;68,000;1,000;MESURE
2025-08-15 04:00:00+02:00;69,000;1,000;MESURE
2025-08-15 05:00:00+02:00;67,000;1,000;MESURE
2025-08-15 06:00:00+02:00;68,000;1,000;MESURE
2025-08-15 07:00:00+02:00;68,000;1,000;MESURE
2025-08-15 08:00:00+02:00;69,000;1,000;MESURE
2025-08-15 09:00:00+02:00;68,000;1,000;MESURE
2025-08-15 10:00:00+02:00;69,000;1,000;MESURE
2025-08-15 11:00:00+02:00;69,000;1,000;MESURE
2025-08-15 12:00:00+02:00;69,000;1,000;MESURE
2025-08-15 13:00:00+02:00;70,000;1,000;MESURE
2025-08-15 14:00:00+02:00;69,000;1,000;MESURE
2025-08-15 15:00:00+02:00;69,000;1,000;MESURE
2025-08-15 16:00:00+02:00;70,000;1,000;MESURE
2025-08-15 17:00:00+02:00;69,000;1,000;MESURE
2025-08-15 18:00:00+02:00;70,000;1,000;MESURE
2025-08-15 19:00:00+02:00;69,000;1,000;MESURE
2025-08-15 20:00:00+02:00;10414,000;1,000;MESURE
2025-08-15 21:00:00+02:00;22447,000;1,000;MESURE
2025-08-15 22:00:00+02:00;27346,000;1,000;MESURE
2025-08-15 23:00:00+02:00;17451,000;1,000;MESURE
2025-08-16 00:00:00+02:00;6954,000;1,000;MESURE
2025-08-16 01:00:00+02:00;68,000;1,000;MESURE
2025-08-16 02:00:00+02:00;68,000;1,000;MESURE
2025-08-16 03:00:00+02:00;68,000;1,000;MESURE
2025-08-16 04:00:00+02:00;69,000;1,000;MESURE
2025-08-16 05:00:00+02:00;67,000;1,000;MESURE
2025-08-16 06:00:00+02:00;68,000;1,000;MESURE
2025-08-16 07:00:00+02:00;67,000;1,000;MESURE
2025-08-16 08:00:00+02:00;69,000;1,000;MESURE
2025-08-16 09:00:00+02:00;70,000;1,000;MESURE
2025-08-16 10:00:00+02:00;70,000;1,000;MESURE
2025-08-16 11:00:00+02:00;70,000;1,000;MESURE
2025-08-16 12:00:00+02:00;70,000;1,000;MESURE
2025-08-16 13:00:00+02:00;5122,000;1,000;MESURE
2025-08-16 14:00:00+02:00;4863,000;1,000;MESURE
2025-08-16 15:00:00+02:00;70,000;1,000;MESURE
2025-08-16 16:00:00+02:00;69,000;1,000;MESURE
2025-08-16 17:00:00+02:00;70,000;1,000;MESURE
2025-08-16 18:00:00+02:00;70,000;1,000;MESURE
2025-08-16 19:00:00+02:00;4308,000;1,000;MESURE
2025-08-16 20:00:00+02:00;18857,000;1,000;MESURE
2025-08-16 21:00:00+02:00;21439,000;1,000;MESURE
2025-08-16 22:00:00+02:00;5885,000;1,000;MESURE
2025-08-16 23:00:00+02:00;13516,000;1,000;MESURE
2025-08-17 00:00:00+02:00;69,000;1,000;MESURE
2025-08-17 01:00:00+02:00;68,000;1,000;MESURE
2025-08-17 02:00:00+02:00;68,000;1,000;MESURE
2025-08-17 03:00:00+02:00;68,000;1,000;MESURE
2025-08-17 04:00:00+02:00;68,000;1,000;MESURE
2025-08-17 05:00:00+02:00;67,000;1,000;MESURE
2025-08-17 06:00:00+02:00;68,000;1,000;MESURE
2025-08-17 07:00:00+02:00;67,000;1,000;MESURE
2025-08-17 08:00:00+02:00;69,000;1,000;MESURE
2025-08-17 09:00:00+02:00;469,000;1,000;MESURE
2025-08-17 10:00:00+02:00;17437,000;1,000;MESURE
2025-08-17 11:00:00+02:00;17363,000;1,000;MESURE
2025-08-17 12:00:00+02:00;17465,000;1,000;MESURE
2025-08-17 13:00:00+02:00;11959,000;1,000;MESURE
2025-08-17 14:00:00+02:00;1801,000;1,000;MESURE
2025-08-17 15:00:00+02:00;69,000;1,000;MESURE
2025-08-17 16:00:00+02:00;70,000;1,000;MESURE
2025-08-17 17:00:00+02:00;69,000;1,000;MESURE
2025-08-17 18:00:00+02:00;69,000;1,000;MESURE
2025-08-17 19:00:00+02:00;69,000;1,000;MESURE
2025-08-17 20:00:00+02:00;68,000;1,000;MESURE
2025-08-17 21:00:00+02:00;68,000;1,000;MESURE
2025-08-17 22:00:00+02:00;68,000;1,000;MESURE
2025-08-17 23:00:00+02:00;68,000;1,000;MESURE
2025-08-18 00:00:00+02:00;69,000;1,000;MESURE
2025-08-18 01:00:00+02:00;68,000;1,000;MESURE
2025-08-18 02:00:00+02:00;68,000;1,000;MESURE
2025-08-18 03:00:00+02:00;68,000;1,000;MESURE
2025-08-18 04:00:00+02:00;68,000;1,000;MESURE
2025-08-18 05:00:00+02:00;68,000;1,000;MESURE
2025-08-18 06:00:00+02:00;68,000;1,000;MESURE
2025-08-18 07:00:00+02:00;67,000;1,000;MESURE
2025-08-18 08:00:00+02:00;69,000;1,000;MESURE
2025-08-18 09:00:00+02:00;69,000;1,000;MESURE
2025-08-18 10:00:00+02:00;69,000;1,000;MESURE
2025-08-18 11:00:00+02:00;70,000;1,000;MESURE
2025-08-18 12:00:00+02:00;69,000;1,000;MESURE
2025-08-18 13:00:00+02:00;70,000;1,000;MESURE
2025-08-18 14:00:00+02:00;70,000;1,000;MESURE
2025-08-18 15:00:00+02:00;69,000;1,000;MESURE
2025-08-18 16:00:00+02:00;70,000;1,000;MESURE
2025-08-18 17:00:00+02:00;581,000;1,000;MESURE
2025-08-18 18:00:00+02:00;3633,000;1,000;MESURE
2025-08-18 19:00:00+02:00;6175,000;1,000;MESURE
2025-08-18 20:00:00+02:00;21035,000;1,000;MESURE
2025-08-18 21:00:00+02:00;21020,000;1,000;MESURE
2025-08-18 22:00:00+02:00;20079,000;1,000;MESURE
2025-08-18 23:00:00+02:00;3979,000;1,000;MESURE
2025-08-19 00:00:00+02:00;68,000;1,000;MESURE
2025-08-19 01:00:00+02:00;68,000;1,000;MESURE
2025-08-19 02:00:00+02:00;68,000;1,000;MESURE
2025-08-19 03:00:00+02:00;69,000;1,000;MESURE
2025-08-19 04:00:00+02:00;68,000;1,000;MESURE
2025-08-19 05:00:00+02:00;67,000;1,000;MESURE
2025-08-19 06:00:00+02:00;67,000;1,000;MESURE
2025-08-19 07:00:00+02:00;67,000;1,000;MESURE
2025-08-19 08:00:00+02:00;69,000;1,000;MESURE
2025-08-19 09:00:00+02:00;69,000;1,000;MESURE
2025-08-19 10:00:00+02:00;69,000;1,000;MESURE
2025-08-19 11:00:00+02:00;70,000;1,000;MESURE
2025-08-19 12:00:00+02:00;70,000;1,000;MESURE
2025-08-19 13:00:00+02:00;1815,000;1,000;MESURE
2025-08-19 14:00:00+02:00;11733,000;1,000;MESURE
2025-08-19 15:00:00+02:00;1996,000;1,000;MESURE
2025-08-19 16:00:00+02:00;70,000;1,000;MESURE
2025-08-19 17:00:00+02:00;70,000;1,000;MESURE
2025-08-19 18:00:00+02:00;70,000;1,000;MESURE
2025-08-19 19:00:00+02:00;70,000;1,000;MESURE
2025-08-19 20:00:00+02:00;68,000;1,000;MESURE
2025-08-19 21:00:00+02:00;69,000;1,000;MESURE
2025-08-19 22:00:00+02:00;69,000;1,000;MESURE
2025-08-19 23:00:00+02:00;69,000;1,000;MESURE
2025-08-20 00:00:00+02:00;69,000;1,000;MESURE
2025-08-20 01:00:00+02:00;69,000;1,000;MESURE
2025-08-20 02:00:00+02:00;68,000;1,000;MESURE
2025-08-20 03:00:00+02:00;69,000;1,000;MESURE
2025-08-20 04:00:00+02:00;69,000;1,000;MESURE
2025-08-20 05:00:00+02:00;68,000;1,000;MESURE
2025-08-20 06:00:00+02:00;69,000;1,000;MESURE
2025-08-20 07:00:00+02:00;68,000;1,000;MESURE
2025-08-20 08:00:00+02:00;69,000;1,000;MESURE
2025-08-20 09:00:00+02:00;71,000;1,000;MESURE
2025-08-20 10:00:00+02:00;71,000;1,000;MESURE
2025-08-20 11:00:00+02:00;71,000;1,000;MESURE
2025-08-20 12:00:00+02:00;71,000;1,000;MESURE
2025-08-20 13:00:00+02:00;70,000;1,000;MESURE
2025-08-20 14:00:00+02:00;71,000;1,000;MESURE
2025-08-20 15:00:00+02:00;71,000;1,000;MESURE
2025-08-20 16:00:00+02:00;70,000;1,000;MESURE
2025-08-20 17:00:00+02:00;72,000;1,000;MESURE
2025-08-20 18:00:00+02:00;71,000;1,000;MESURE
2025-08-20 19:00:00+02:00;72,000;1,000;MESURE
2025-08-20 20:00:00+02:00;69,000;1,000;MESURE
2025-08-20 21:00:00+02:00;70,000;1,000;MESURE
2025-08-20 22:00:00+02:00;70,000;1,000;MESURE
2025-08-20 23:00:00+02:00;70,000;1,000;MESURE
2025-08-21 00:00:00+02:00;70,000;1,000;MESURE
2025-08-21 01:00:00+02:00;70,000;1,000;MESURE
2025-08-21 02:00:00+02:00;69,000;1,000;MESURE
2025-08-21 03:00:00+02:00;70,000;1,000;MESURE
2025-08-21 04:00:00+02:00;69,000;1,000;MESURE
2025-08-21 05:00:00+02:00;69,000;1,000;MESURE
2025-08-21 06:00:00+02:00;3862,000;1,000;MESURE
2025-08-21 07:00:00+02:00;10818,000;1,000;MESURE
2025-08-21 08:00:00+02:00;10808,000;1,000;MESURE
2025-08-21 09:00:00+02:00;10910,000;1,000;MESURE
2025-08-21 10:00:00+02:00;3837,000;1,000;MESURE
2025-08-21 11:00:00+02:00;71,000;1,000;MESURE
2025-08-21 12:00:00+02:00;72,000;1,000;MESURE
2025-08-21 13:00:00+02:00;71,000;1,000;MESURE
2025-08-21 14:00:00+02:00;71,000;1,000;MESURE
2025-08-21 15:00:00+02:00;71,000;1,000;MESURE
2025-08-21 16:00:00+02:00;71,000;1,000;MESURE
2025-08-21 17:00:00+02:00;71,000;1,000;MESURE
2025-08-21 18:00:00+02:00;71,000;1,000;MESURE
2025-08-21 19:00:00+02:00;70,000;1,000;MESURE
2025-08-21 20:00:00+02:00;70,000;1,000;MESURE
2025-08-21 21:00:00+02:00;69,000;1,000;MESURE
2025-08-21 22:00:00+02:00;69,000;1,000;MESURE
2025-08-21 23:00:00+02:00;69,000;1,000;MESURE
2025-08-22 00:00:00+02:00;69,000;1,000;MESURE
2025-08-22 01:00:00+02:00;69,000;1,000;MESURE
2025-08-22 02:00:00+02:00;70,000;1,000;MESURE
2025-08-22 03:00:00+02:00;69,000;1,000;MESURE
2025-08-22 04:00:00+02:00;69,000;1,000;MESURE
2025-08-22 05:00:00+02:00;68,000;1,000;MESURE
2025-08-22 06:00:00+02:00;68,000;1,000;MESURE
2025-08-22 07:00:00+02:00;69,000;1,000;MESURE
2025-08-22 08:00:00+02:00;70,000;1,000;MESURE
2025-08-22 09:00:00+02:00;70,000;1,000;MESURE
2025-08-22 10:00:00+02:00;70,000;1,000;MESURE
2025-08-22 11:00:00+02:00;70,000;1,000;MESURE
2025-08-22 12:00:00+02:00;71,000;1,000;MESURE
2025-08-22 13:00:00+02:00;2665,000;1,000;MESURE
2025-08-22 14:00:00+02:00;8556,000;1,000;MESURE
2025-08-22 15:00:00+02:00;14740,000;1,000;MESURE
2025-08-22 16:00:00+02:00;10867,000;1,000;MESURE
2025-08-22 17:00:00+02:00;6017,000;1,000;MESURE
2025-08-22 18:00:00+02:00;71,000;1,000;MESURE
2025-08-22 19:00:00+02:00;70,000;1,000;MESURE
2025-08-22 20:00:00+02:00;70,000;1,000;MESURE
2025-08-22 21:00:00+02:00;69,000;1,000;MESURE
2025-08-22 22:00:00+02:00;70,000;1,000;MESURE
2025-08-22 23:00:00+02:00;69,000;1,000;MESURE
2025-08-23 00:00:00+02:00;70,000;1,000;MESURE
2025-08-23 01:00:00+02:00;69,000;1,000;MESURE
2025-08-23 02:00:00+02:00;70,000;1,000;MESURE
2025-08-23 03:00:00+02:00;69,000;1,000;MESURE
2025-08-23 04:00:00+02:00;70,000;1,000;MESURE
2025-08-23 05:00:00+02:00;69,000;1,000;MESURE
2025-08-23 06:00:00+02:00;69,000;1,000;MESURE
2025-08-23 07:00:00+02:00;68,000;1,000;MESURE
2025-08-23 08:00:00+02:00;71,000;1,000;MESURE
2025-08-23 09:00:00+02:00;69,000;1,000;MESURE
2025-08-23 10:00:00+02:00;71,000;1,000;MESURE
2025-08-23 11:00:00+02:00;71,000;1,000;MESURE
2025-08-23 12:00:00+02:00;70,000;1,000;MESURE
2025-08-23 13:00:00+02:00;71,000;1,000;MESURE
2025-08-23 14:00:00+02:00;70,000;1,000;MESURE
2025-08-23 15:00:00+02:00;70,000;1,000;MESURE
2025-08-23 16:00:00+02:00;71,000;1,000;MESURE
2025-08-23 17:00:00+02:00;70,000;1,000;MESURE
2025-08-23 18:00:00+02:00;70,000;1,000;MESURE
2025-08-23 19:00:00+02:00;70,000;1,000;MESURE
2025-08-23 20:00:00+02:00;16372,000;1,000;MESURE
2025-08-23 21:00:00+02:00;17456,000;1,000;MESURE
2025-08-23 22:00:00+02:00;12700,000;1,000;MESURE
2025-08-23 23:00:00+02:00;1684,000;1,000;MESURE
2025-08-24 00:00:00+02:00;69,000;1,000;MESURE
2025-08-24 01:00:00+02:00;69,000;1,000;MESURE
2025-08-24 02:00:00+02:00;69,000;1,000;MESURE
2025-08-24 03:00:00+02:00;70,000;1,000;MESURE
2025-08-24 04:00:00+02:00;69,000;1,000;MESURE
2025-08-24 05:00:00+02:00;68,000;1,000;MESURE
2025-08-24 06:00:00+02:00;68,000;1,000;MESURE
2025-08-24 07:00:00+02:00;69,000;1,000;MESURE
2025-08-24 08:00:00+02:00;69,000;1,000;MESURE
2025-08-24 09:00:00+02:00;70,000;1,000;MESURE
2025-08-24 10:00:00+02:00;70,000;1,000;MESURE
2025-08-24 11:00:00+02:00;70,000;1,000;MESURE
2025-08-24 12:00:00+02:00;70,000;1,000;MESURE
2025-08-24 13:00:00+02:00;70,000;1,000;MESURE
2025-08-24 14:00:00+02:00;70,000;1,000;MESURE
2025-08-24 15:00:00+02:00;70,000;1,000;MESURE
2025-08-24 16:00:00+02:00;70,000;1,000;MESURE
2025-08-24 17:00:00+02:00;1162,000;1,000;MESURE
2025-08-24 18:00:00+02:00;17355,000;1,000;MESURE
2025-08-24 19:00:00+02:00;17421,000;1,000;MESURE
2025-08-24 20:00:00+02:00;17431,000;1,000;MESURE
2025-08-24 21:00:00+02:00;17438,000;1,000;MESURE
2025-08-24 22:00:00+02:00;16064,000;1,000;MESURE
2025-08-24 23:00:00+02:00;4314,000;1,000;MESURE
2025-08-25 00:00:00+02:00;760,000;1,000;MESURE
2025-08-25 01:00:00+02:00;69,000;1,000;MESURE
2025-08-25 02:00:00+02:00;69,000;1,000;MESURE
2025-08-25 03:00:00+02:00;69,000;1,000;MESURE
2025-08-25 04:00:00+02:00;68,000;1,000;MESURE
2025-08-25 05:00:00+02:00;69,000;1,000;MESURE
2025-08-25 06:00:00+02:00;68,000;1,000;MESURE
2025-08-25 07:00:00+02:00;587,000;1,000;MESURE
2025-08-25 08:00:00+02:00;11020,000;1,000;MESURE
2025-08-25 09:00:00+02:00;11061,000;1,000;MESURE
2025-08-25 10:00:00+02:00;10856,000;1,000;MESURE
2025-08-25 11:00:00+02:00;70,000;1,000;MESURE
2025-08-25 12:00:00+02:00;70,000;1,000;MESURE
2025-08-25 13:00:00+02:00;70,000;1,000;MESURE
2025-08-25 14:00:00+02:00;70,000;1,000;MESURE
2025-08-25 15:00:00+02:00;70,000;1,000;MESURE
2025-08-25 16:00:00+02:00;70,000;1,000;MESURE
2025-08-25 17:00:00+02:00;70,000;1,000;MESURE
2025-08-25 18:00:00+02:00;70,000;1,000;MESURE
2025-08-25 19:00:00+02:00;70,000;1,000;MESURE
2025-08-25 20:00:00+02:00;7576,000;1,000;MESURE
2025-08-25 21:00:00+02:00;11044,000;1,000;MESURE
2025-08-25 22:00:00+02:00;11043,000;1,000;MESURE
2025-08-25 23:00:00+02:00;11037,000;1,000;MESURE
2025-08-26 00:00:00+02:00;11033,000;1,000;MESURE
2025-08-26 01:00:00+02:00;11032,000;1,000;MESURE
2025-08-26 02:00:00+02:00;9173,000;1,000;MESURE
2025-08-26 03:00:00+02:00;69,000;1,000;MESURE
2025-08-26 04:00:00+02:00;69,000;1,000;MESURE
2025-08-26 05:00:00+02:00;68,000;1,000;MESURE
2025-08-26 06:00:00+02:00;69,000;1,000;MESURE
2025-08-26 07:00:00+02:00;69,000;1,000;MESURE
2025-08-26 08:00:00+02:00;70,000;1,000;MESURE
2025-08-26 09:00:00+02:00;70,000;1,000;MESURE
2025-08-26 10:00:00+02:00;71,000;1,000;MESURE
2025-08-26 11:00:00+02:00;70,000;1,000;MESURE
2025-08-26 12:00:00+02:00;3212,000;1,000;MESURE
2025-08-26 13:00:00+02:00;17443,000;1,000;MESURE
2025-08-26 14:00:00+02:00;17446,000;1,000;MESURE
2025-08-26 15:00:00+02:00;7286,000;1,000;MESURE
2025-08-26 16:00:00+02:00;71,000;1,000;MESURE
2025-08-26 17:00:00+02:00;70,000;1,000;MESURE
2025-08-26 18:00:00+02:00;71,000;1,000;MESURE
2025-08-26 19:00:00+02:00;70,000;1,000;MESURE
2025-08-26 20:00:00+02:00;69,000;1,000;MESURE
2025-08-26 21:00:00+02:00;70,000;1,000;MESURE
2025-08-26 22:00:00+02:00;69,000;1,000;MESURE
2025-08-26 23:00:00+02:00;69,000;1,000;MESURE
2025-08-27 00:00:00+02:00;70,000;1,000;MESURE
2025-08-27 01:00:00+02:00;70,000;1,000;MESURE
2025-08-27 02:00:00+02:00;69,000;1,000;MESURE
2025-08-27 03:00:00+02:00;69,000;1,000;MESURE
2025-08-27 04:00:00+02:00;69,000;1,000;MESURE
2025-08-27 05:00:00+02:00;69,000;1,000;MESURE
2025-08-27 06:00:00+02:00;68,000;1,000;MESURE
2025-08-27 07:00:00+02:00;69,000;1,000;MESURE
2025-08-27 08:00:00+02:00;69,000;1,000;MESURE
2025-08-27 09:00:00+02:00;70,000;1,000;MESURE
2025-08-27 10:00:00+02:00;71,000;1,000;MESURE
2025-08-27 11:00:00+02:00;71,000;1,000;MESURE
2025-08-27 12:00:00+02:00;72,000;1,000;MESURE
2025-08-27 13:00:00+02:00;72,000;1,000;MESURE
2025-08-27 14:00:00+02:00;71,000;1,000;MESURE
2025-08-27 15:00:00+02:00;71,000;1,000;MESURE
2025-08-27 16:00:00+02:00;71,000;1,000;MESURE
2025-08-27 17:00:00+02:00;71,000;1,000;MESURE
2025-08-27 18:00:00+02:00;71,000;1,000;MESURE
2025-08-27 19:00:00+02:00;11793,000;1,000;MESURE
2025-08-27 20:00:00+02:00;17453,000;1,000;MESURE
2025-08-27 21:00:00+02:00;17443,000;1,000;MESURE
2025-08-27 22:00:00+02:00;15069,000;1,000;MESURE
2025-08-27 23:00:00+02:00;1311,000;1,000;MESURE
2025-08-28 00:00:00+02:00;69,000;1,000;MESURE
2025-08-28 01:00:00+02:00;70,000;1,000;MESURE
2025-08-28 02:00:00+02:00;69,000;1,000;MESURE
2025-08-28 03:00:00+02:00;70,000;1,000;MESURE
2025-08-28 04:00:00+02:00;69,000;1,000;MESURE
2025-08-28 05:00:00+02:00;69,000;1,000;MESURE
2025-08-28 06:00:00+02:00;69,000;1,000;MESURE
2025-08-28 07:00:00+02:00;68,000;1,000;MESURE
2025-08-28 08:00:00+02:00;71,000;1,000;MESURE
2025-08-28 09:00:00+02:00;71,000;1,000;MESURE
2025-08-28 10:00:00+02:00;72,000;1,000;MESURE
2025-08-28 11:00:00+02:00;71,000;1,000;MESURE
2025-08-28 12:00:00+02:00;71,000;1,000;MESURE
2025-08-28 13:00:00+02:00;72,000;1,000;MESURE
2025-08-28 14:00:00+02:00;71,000;1,000;MESURE
2025-08-28 15:00:00+02:00;72,000;1,000;MESURE
2025-08-28 16:00:00+02:00;71,000;1,000;MESURE
2025-08-28 17:00:00+02:00;71,000;1,000;MESURE
2025-08-28 18:00:00+02:00;71,000;1,000;MESURE
2025-08-28 19:00:00+02:00;71,000;1,000;MESURE
2025-08-28 20:00:00+02:00;70,000;1,000;MESURE
2025-08-28 21:00:00+02:00;71,000;1,000;MESURE
2025-08-28 22:00:00+02:00;70,000;1,000;MESURE
2025-08-28 23:00:00+02:00;70,000;1,000;MESURE
2025-08-29 00:00:00+02:00;70,000;1,000;MESURE
2025-08-29 01:00:00+02:00;70,000;1,000;MESURE
2025-08-29 02:00:00+02:00;69,000;1,000;MESURE
2025-08-29 03:00:00+02:00;70,000;1,000;MESURE
2025-08-29 04:00:00+02:00;70,000;1,000;MESURE
2025-08-29 05:00:00+02:00;4970,000;1,000;MESURE
2025-08-29 06:00:00+02:00;17091,000;1,000;MESURE
2025-08-29 07:00:00+02:00;69,000;1,000;MESURE
2025-08-29 08:00:00+02:00;71,000;1,000;MESURE
2025-08-29 09:00:00+02:00;71,000;1,000;MESURE
2025-08-29 10:00:00+02:00;71,000;1,000;MESURE
2025-08-29 11:00:00+02:00;11053,000;1,000;MESURE
2025-08-29 12:00:00+02:00;11613,000;1,000;MESURE
2025-08-29 13:00:00+02:00;1680,000;1,000;MESURE
2025-08-29 14:00:00+02:00;72,000;1,000;MESURE
2025-08-29 15:00:00+02:00;71,000;1,000;MESURE
2025-08-29 16:00:00+02:00;71,000;1,000;MESURE
2025-08-29 17:00:00+02:00;71,000;1,000;MESURE
2025-08-29 18:00:00+02:00;71,000;1,000;MESURE
2025-08-29 19:00:00+02:00;71,000;1,000;MESURE
2025-08-29 20:00:00+02:00;13103,000;1,000;MESURE
2025-08-29 21:00:00+02:00;28364,000;1,000;MESURE
2025-08-29 22:00:00+02:00;28450,000;1,000;MESURE
2025-08-29 23:00:00+02:00;6896,000;1,000;MESURE
2025-08-30 00:00:00+02:00;70,000;1,000;MESURE
2025-08-30 01:00:00+02:00;69,000;1,000;MESURE
2025-08-30 02:00:00+02:00;70,000;1,000;MESURE
2025-08-30 03:00:00+02:00;70,000;1,000;MESURE
2025-08-30 04:00:00+02:00;69,000;1,000;MESURE
2025-08-30 05:00:00+02:00;69,000;1,000;MESURE
2025-08-30 06:00:00+02:00;69,000;1,000;MESURE
2025-08-30 07:00:00+02:00;69,000;1,000;MESURE
2025-08-30 08:00:00+02:00;70,000;1,000;MESURE
2025-08-30 09:00:00+02:00;72,000;1,000;MESURE
2025-08-30 10:00:00+02:00;72,000;1,000;MESURE
2025-08-30 11:00:00+02:00;72,000;1,000;MESURE
2025-08-30 12:00:00+02:00;72,000;1,000;MESURE
2025-08-30 13:00:00+02:00;71,000;1,000;MESURE
2025-08-30 14:00:00+02:00;72,000;1,000;MESURE
2025-08-30 15:00:00+02:00;71,000;1,000;MESURE
2025-08-30 16:00:00+02:00;71,000;1,000;MESURE
2025-08-30 17:00:00+02:00;71,000;1,000;MESURE
2025-08-30 18:00:00+02:00;71,000;1,000;MESURE
2025-08-30 19:00:00+02:00;71,000;1,000;MESURE
2025-08-30 20:00:00+02:00;70,000;1,000;MESURE
2025-08-30 21:00:00+02:00;69,000;1,000;MESURE
2025-08-30 22:00:00+02:00;70,000;1,000;MESURE
2025-08-30 23:00:00+02:00;70,000;1,000;MESURE
2025-08-31 00:00:00+02:00;4501,000;1,000;MESURE
2025-08-31 01:00:00+02:00;17419,000;1,000;MESURE
2025-08-31 02:00:00+02:00;17439,000;1,000;MESURE
2025-08-31 03:00:00+02:00;17461,000;1,000;MESURE
2025-08-31 04:00:00+02:00;13479,000;1,000;MESURE
2025-08-31 05:00:00+02:00;2858,000;1,000;MESURE
2025-08-31 06:00:00+02:00;69,000;1,000;MESURE
2025-08-31 07:00:00+02:00;69,000;1,000;MESURE
2025-08-31 08:00:00+02:00;70,000;1,000;MESURE
2025-08-31 09:00:00+02:00;70,000;1,000;MESURE
2025-08-31 10:00:00+02:00;71,000;1,000;MESURE
2025-08-31 11:00:00+02:00;70,000;1,000;MESURE
2025-08-31 12:00:00+02:00;71,000;1,000;MESURE
2025-08-31 13:00:00+02:00;7728,000;1,000;MESURE
2025-08-31 14:00:00+02:00;11439,000;1,000;MESURE
2025-08-31 15:00:00+02:00;11530,000;1,000;MESURE
2025-08-31 16:00:00+02:00;7213,000;1,000;MESURE
2025-08-31 17:00:00+02:00;70,000;1,000;MESURE
2025-08-31 18:00:00+02:00;70,000;1,000;MESURE
2025-08-31 19:00:00+02:00;71,000;1,000;MESURE
2025-08-31 20:00:00+02:00;5365,000;1,000;MESURE
2025-08-31 21:00:00+02:00;17434,000;1,000;MESURE
2025-08-31 22:00:00+02:00;7512,000;1,000;MESURE
2025-08-31 23:00:00+02:00;336,000;1,000;MESURE
2025-09-01 00:00:00+02:00;69,000;1,000;MESURE
2025-09-01 01:00:00+02:00;69,000;1,000;MESURE
2025-09-01 02:00:00+02:00;70,000;1,000;MESURE
2025-09-01 03:00:00+02:00;69,000;1,000;MESURE
2025-09-01 04:00:00+02:00;69,000;1,000;MESURE
2025-09-01 05:00:00+02:00;69,000;1,000;MESURE
2025-09-01 06:00:00+02:00;68,000;1,000;MESURE
2025-09-01 07:00:00+02:00;69,000;1,000;MESURE
2025-09-01 08:00:00+02:00;71,000;1,000;MESURE
2025-09-01 09:00:00+02:00;2960,000;1,000;MESURE
2025-09-01 10:00:00+02:00;11556,000;1,000;MESURE
2025-09-01 11:00:00+02:00;11301,000;1,000;MESURE
2025-09-01 12:00:00+02:00;11700,000;1,000;MESURE
2025-09-01 13:00:00+02:00;17442,000;1,000;MESURE
2025-09-01 14:00:00+02:00;11859,000;1,000;MESURE
2025-09-01 15:00:00+02:00;71,000;1,000;MESURE
2025-09-01 16:00:00+02:00;70,000;1,000;MESURE
2025-09-01 17:00:00+02:00;71,000;1,000;MESURE
2025-09-01 18:00:00+02:00;71,000;1,000;MESURE
2025-09-01 19:00:00+02:00;4000,000;1,000;MESURE
2025-09-01 20:00:00+02:00;1833,000;1,000;MESURE
2025-09-01 21:00:00+02:00;69,000;1,000;MESURE
2025-09-01 22:00:00+02:00;1537,000;1,000;MESURE
2025-09-01 23:00:00+02:00;3842,000;1,000;MESURE
2025-09-02 00:00:00+02:00;3857,000;1,000;MESURE
2025-09-02 01:00:00+02:00;3856,000;1,000;MESURE
2025-09-02 02:00:00+02:00;3866,000;1,000;MESURE
2025-09-02 03:00:00+02:00;3871,000;1,000;MESURE
2025-09-02 04:00:00+02:00;3865,000;1,000;MESURE
2025-09-02 05:00:00+02:00;3852,000;1,000;MESURE
2025-09-02 06:00:00+02:00;335,000;1,000;MESURE
2025-09-02 07:00:00+02:00;69,000;1,000;MESURE
2025-09-02 08:00:00+02:00;70,000;1,000;MESURE
2025-09-02 09:00:00+02:00;71,000;1,000;MESURE
2025-09-02 10:00:00+02:00;71,000;1,000;MESURE
2025-09-02 11:00:00+02:00;71,000;1,000;MESURE
2025-09-02 12:00:00+02:00;71,000;1,000;MESURE
2025-09-02 13:00:00+02:00;15475,000;1,000;MESURE
2025-09-02 14:00:00+02:00;17433,000;1,000;MESURE
2025-09-02 15:00:00+02:00;5766,000;1,000;MESURE
2025-09-02 16:00:00+02:00;71,000;1,000;MESURE
2025-09-02 17:00:00+02:00;13358,000;1,000;MESURE
2025-09-02 18:00:00+02:00;5779,000;1,000;MESURE
2025-09-02 19:00:00+02:00;71,000;1,000;MESURE
2025-09-02 20:00:00+02:00;69,000;1,000;MESURE
2025-09-02 21:00:00+02:00;4896,000;1,000;MESURE
2025-09-02 22:00:00+02:00;18761,000;1,000;MESURE
2025-09-02 23:00:00+02:00;19010,000;1,000;MESURE
2025-09-03 00:00:00+02:00;73,000;1,000;MESURE
2025-09-03 01:00:00+02:00;69,000;1,000;MESURE
2025-09-03 02:00:00+02:00;69,000;1,000;MESURE
2025-09-03 03:00:00+02:00;70,000;1,000;MESURE
2025-09-03 04:00:00+02:00;69,000;1,000;MESURE
2025-09-03 05:00:00+02:00;69,000;1,000;MESURE
2025-09-03 06:00:00+02:00;69,000;1,000;MESURE
2025-09-03 07:00:00+02:00;69,000;1,000;MESURE
2025-09-03 08:00:00+02:00;71,000;1,000;MESURE
2025-09-03 09:00:00+02:00;71,000;1,000;MESURE
2025-09-03 10:00:00+02:00;70,000;1,000;MESURE
2025-09-03 11:00:00+02:00;71,000;1,000;MESURE
2025-09-03 12:00:00+02:00;70,000;1,000;MESURE
2025-09-03 13:00:00+02:00;71,000;1,000;MESURE
2025-09-03 14:00:00+02:00;71,000;1,000;MESURE
2025-09-03 15:00:00+02:00;1071,000;1,000;MESURE
2025-09-03 16:00:00+02:00;2947,000;1,000;MESURE
2025-09-03 17:00:00+02:00;71,000;1,000;MESURE
2025-09-03 18:00:00+02:00;12404,000;1,000;MESURE
2025-09-03 19:00:00+02:00;27820,000;1,000;MESURE
2025-09-03 20:00:00+02:00;14348,000;1,000;MESURE
2025-09-03 21:00:00+02:00;1020,000;1,000;MESURE
2025-09-03 22:00:00+02:00;69,000;1,000;MESURE
2025-09-03 23:00:00+02:00;69,000;1,000;MESURE
2025-09-04 00:00:00+02:00;69,000;1,000;MESURE
2025-09-04 01:00:00+02:00;69,000;1,000;MESURE
2025-09-04 02:00:00+02:00;69,000;1,000;MESURE
2025-09-04 03:00:00+02:00;70,000;1,000;MESURE
2025-09-04 04:00:00+02:00;69,000;1,000;MESURE
2025-09-04 05:00:00+02:00;68,000;1,000;MESURE
2025-09-04 06:00:00+02:00;69,000;1,000;MESURE
2025-09-04 07:00:00+02:00;68,000;1,000;MESURE
2025-09-04 08:00:00+02:00;70,000;1,000;MESURE
2025-09-04 09:00:00+02:00;70,000;1,000;MESURE
2025-09-04 10:00:00+02:00;71,000;1,000;MESURE
2025-09-04 11:00:00+02:00;70,000;1,000;MESURE
2025-09-04 12:00:00+02:00;71,000;1,000;MESURE
2025-09-04 13:00:00+02:00;71,000;1,000;MESURE
2025-09-04 14:00:00+02:00;71,000;1,000;MESURE
2025-09-04 15:00:00+02:00;71,000;1,000;MESURE
2025-09-04 16:00:00+02:00;72,000;1,000;MESURE
2025-09-04 17:00:00+02:00;71,000;1,000;MESURE
2025-09-04 18:00:00+02:00;71,000;1,000;MESURE
2025-09-04 19:00:00+02:00;72,000;1,000;MESURE
2025-09-04 20:00:00+02:00;70,000;1,000;MESURE
2025-09-04 21:00:00+02:00;70,000;1,000;MESURE
2025-09-04 22:00:00+02:00;69,000;1,000;MESURE
2025-09-04 23:00:00+02:00;70,000;1,000;MESURE
2025-09-05 00:00:00+02:00;70,000;1,000;MESURE
2025-09-05 01:00:00+02:00;70,000;1,000;MESURE
2025-09-05 02:00:00+02:00;70,000;1,000;MESURE
2025-09-05 03:00:00+02:00;69,000;1,000;MESURE
2025-09-05 04:00:00+02:00;70,000;1,000;MESURE
2025-09-05 05:00:00+02:00;69,000;1,000;MESURE
2025-09-05 06:00:00+02:00;69,000;1,000;MESURE
2025-09-05 07:00:00+02:00;69,000;1,000;MESURE
2025-09-05 08:00:00+02:00;71,000;1,000;MESURE
2025-09-05 09:00:00+02:00;71,000;1,000;MESURE
2025-09-05 10:00:00+02:00;72,000;1,000;MESURE
2025-09-05 11:00:00+02:00;7546,000;1,000;MESURE
2025-09-05 12:00:00+02:00;17452,000;1,000;MESURE
2025-09-05 13:00:00+02:00;17468,000;1,000;MESURE
2025-09-05 14:00:00+02:00;7997,000;1,000;MESURE
2025-09-05 15:00:00+02:00;71,000;1,000;MESURE
2025-09-05 16:00:00+02:00;71,000;1,000;MESURE
2025-09-05 17:00:00+02:00;71,000;1,000;MESURE
2025-09-05 18:00:00+02:00;71,000;1,000;MESURE
2025-09-05 19:00:00+02:00;70,000;1,000;MESURE
2025-09-05 20:00:00+02:00;70,000;1,000;MESURE
2025-09-05 21:00:00+02:00;69,000;1,000;MESURE
2025-09-05 22:00:00+02:00;69,000;1,000;MESURE
2025-09-05 23:00:00+02:00;69,000;1,000;MESURE
2025-09-06 00:00:00+02:00;69,000;1,000;MESURE
2025-09-06 01:00:00+02:00;69,000;1,000;MESURE
2025-09-06 02:00:00+02:00;68,000;1,000;MESURE
2025-09-06 03:00:00+02:00;69,000;1,000;MESURE
2025-09-06 04:00:00+02:00;70,000;1,000;MESURE
2025-09-06 05:00:00+02:00;68,000;1,000;MESURE
2025-09-06 06:00:00+02:00;68,000;1,000;MESURE
2025-09-06 07:00:00+02:00;68,000;1,000;MESURE
2025-09-06 08:00:00+02:00;5606,000;1,000;MESURE
2025-09-06 09:00:00+02:00;10451,000;1,000;MESURE
2025-09-06 10:00:00+02:00;10441,000;1,000;MESURE
2025-09-06 11:00:00+02:00;7504,000;1,000;MESURE
2025-09-06 12:00:00+02:00;70,000;1,000;MESURE
2025-09-06 13:00:00+02:00;5608,000;1,000;MESURE
2025-09-06 14:00:00+02:00;10049,000;1,000;MESURE
2025-09-06 15:00:00+02:00;70,000;1,000;MESURE
2025-09-06 16:00:00+02:00;70,000;1,000;MESURE
2025-09-06 17:00:00+02:00;71,000;1,000;MESURE
2025-09-06 18:00:00+02:00;70,000;1,000;MESURE
2025-09-06 19:00:00+02:00;70,000;1,000;MESURE
2025-09-06 20:00:00+02:00;8676,000;1,000;MESURE
2025-09-06 21:00:00+02:00;10803,000;1,000;MESURE
2025-09-06 22:00:00+02:00;10807,000;1,000;MESURE
2025-09-06 23:00:00+02:00;10858,000;1,000;MESURE
2025-09-07 00:00:00+02:00;7054,000;1,000;MESURE
2025-09-07 01:00:00+02:00;584,000;1,000;MESURE
2025-09-07 02:00:00+02:00;70,000;1,000;MESURE
2025-09-07 03:00:00+02:00;69,000;1,000;MESURE
2025-09-07 04:00:00+02:00;69,000;1,000;MESURE
2025-09-07 05:00:00+02:00;68,000;1,000;MESURE
2025-09-07 06:00:00+02:00;69,000;1,000;MESURE
2025-09-07 07:00:00+02:00;68,000;1,000;MESURE
2025-09-07 08:00:00+02:00;70,000;1,000;MESURE
2025-09-07 09:00:00+02:00;70,000;1,000;MESURE
2025-09-07 10:00:00+02:00;70,000;1,000;MESURE
2025-09-07 11:00:00+02:00;70,000;1,000;MESURE
2025-09-07 12:00:00+02:00;70,000;1,000;MESURE
2025-09-07 13:00:00+02:00;70,000;1,000;MESURE
2025-09-07 14:00:00+02:00;70,000;1,000;MESURE
2025-09-07 15:00:00+02:00;70,000;1,000;MESURE
2025-09-07 16:00:00+02:00;69,000;1,000;MESURE
2025-09-07 17:00:00+02:00;70,000;1,000;MESURE
2025-09-07 18:00:00+02:00;70,000;1,000;MESURE
2025-09-07 19:00:00+02:00;70,000;1,000;MESURE
2025-09-07 20:00:00+02:00;68,000;1,000;MESURE
2025-09-07 21:00:00+02:00;69,000;1,000;MESURE
2025-09-07 22:00:00+02:00;68,000;1,000;MESURE
2025-09-07 23:00:00+02:00;69,000;1,000;MESURE
2025-09-08 00:00:00+02:00;68,000;1,000;MESURE
2025-09-08 01:00:00+02:00;69,000;1,000;MESURE
2025-09-08 02:00:00+02:00;68,000;1,000;MESURE
2025-09-08 03:00:00+02:00;69,000;1,000;MESURE
2025-09-08 04:00:00+02:00;69,000;1,000;MESURE
2025-09-08 05:00:00+02:00;68,000;1,000;MESURE
2025-09-08 06:00:00+02:00;67,000;1,000;MESURE
2025-09-08 07:00:00+02:00;68,000;1,000;MESURE
2025-09-08 08:00:00+02:00;70,000;1,000;MESURE
2025-09-08 09:00:00+02:00;70,000;1,000;MESURE
2025-09-08 10:00:00+02:00;70,000;1,000;MESURE
2025-09-08 11:00:00+02:00;70,000;1,000;MESURE
2025-09-08 12:00:00+02:00;2422,000;1,000;MESURE
2025-09-08 13:00:00+02:00;17818,000;1,000;MESURE
2025-09-08 14:00:00+02:00;70,000;1,000;MESURE
2025-09-08 15:00:00+02:00;70,000;1,000;MESURE
2025-09-08 16:00:00+02:00;70,000;1,000;MESURE
2025-09-08 17:00:00+02:00;70,000;1,000;MESURE
2025-09-08 18:00:00+02:00;70,000;1,000;MESURE
2025-09-08 19:00:00+02:00;91,000;1,000;MESURE
2025-09-08 20:00:00+02:00;17409,000;1,000;MESURE
2025-09-08 21:00:00+02:00;13416,000;1,000;MESURE
2025-09-08 22:00:00+02:00;1947,000;1,000;MESURE
2025-09-08 23:00:00+02:00;3842,000;1,000;MESURE
2025-09-09 00:00:00+02:00;3862,000;1,000;MESURE
2025-09-09 01:00:00+02:00;3872,000;1,000;MESURE
2025-09-09 02:00:00+02:00;3869,000;1,000;MESURE
2025-09-09 03:00:00+02:00;3878,000;1,000;MESURE
2025-09-09 04:00:00+02:00;3877,000;1,000;MESURE
2025-09-09 05:00:00+02:00;3808,000;1,000;MESURE
2025-09-09 06:00:00+02:00;102,000;1,000;MESURE
2025-09-09 07:00:00+02:00;69,000;1,000;MESURE
2025-09-09 08:00:00+02:00;70,000;1,000;MESURE
2025-09-09 09:00:00+02:00;70,000;1,000;MESURE
2025-09-09 10:00:00+02:00;5392,000;1,000;MESURE
2025-09-09 11:00:00+02:00;11024,000;1,000;MESURE
2025-09-09 12:00:00+02:00;70,000;1,000;MESURE
2025-09-09 13:00:00+02:00;71,000;1,000;MESURE
2025-09-09 14:00:00+02:00;70,000;1,000;MESURE
2025-09-09 15:00:00+02:00;71,000;1,000;MESURE
2025-09-09 16:00:00+02:00;70,000;1,000;MESURE
2025-09-09 17:00:00+02:00;71,000;1,000;MESURE
2025-09-09 18:00:00+02:00;70,000;1,000;MESURE
2025-09-09 19:00:00+02:00;365,000;1,000;MESURE
2025-09-09 20:00:00+02:00;1287,000;1,000;MESURE
2025-09-09 21:00:00+02:00;21802,000;1,000;MESURE
2025-09-09 22:00:00+02:00;28432,000;1,000;MESURE
2025-09-09 23:00:00+02:00;15517,000;1,000;MESURE
2025-09-10 00:00:00+02:00;69,000;1,000;MESURE
2025-09-10 01:00:00+02:00;68,000;1,000;MESURE
2025-09-10 02:00:00+02:00;69,000;1,000;MESURE
2025-09-10 03:00:00+02:00;69,000;1,000;MESURE
2025-09-10 04:00:00+02:00;69,000;1,000;MESURE
2025-09-10 05:00:00+02:00;68,000;1,000;MESURE
2025-09-10 06:00:00+02:00;68,000;1,000;MESURE
2025-09-10 07:00:00+02:00;68,000;1,000;MESURE
2025-09-10 08:00:00+02:00;69,000;1,000;MESURE
2025-09-10 09:00:00+02:00;70,000;1,000;MESURE
2025-09-10 10:00:00+02:00;71,000;1,000;MESURE
2025-09-10 11:00:00+02:00;70,000;1,000;MESURE
2025-09-10 12:00:00+02:00;71,000;1,000;MESURE
2025-09-10 13:00:00+02:00;72,000;1,000;MESURE
2025-09-10 14:00:00+02:00;71,000;1,000;MESURE
2025-09-10 15:00:00+02:00;71,000;1,000;MESURE
2025-09-10 16:00:00+02:00;71,000;1,000;MESURE
2025-09-10 17:00:00+02:00;71,000;1,000;MESURE
2025-09-10 18:00:00+02:00;71,000;1,000;MESURE
2025-09-10 19:00:00+02:00;8915,000;1,000;MESURE
2025-09-10 20:00:00+02:00;17441,000;1,000;MESURE
2025-09-10 21:00:00+02:00;17559,000;1,000;MESURE
2025-09-10 22:00:00+02:00;6833,000;1,000;MESURE
2025-09-10 23:00:00+02:00;11466,000;1,000;MESURE
2025-09-11 00:00:00+02:00;11479,000;1,000;MESURE
2025-09-11 01:00:00+02:00;11483,000;1,000;MESURE
2025-09-11 02:00:00+02:00;5412,000;1,000;MESURE
2025-09-11 03:00:00+02:00;69,000;1,000;MESURE
2025-09-11 04:00:00+02:00;1180,000;1,000;MESURE
2025-09-11 05:00:00+02:00;68,000;1,000;MESURE
2025-09-11 06:00:00+02:00;69,000;1,000;MESURE
2025-09-11 07:00:00+02:00;68,000;1,000;MESURE
2025-09-11 08:00:00+02:00;70,000;1,000;MESURE
2025-09-11 09:00:00+02:00;71,000;1,000;MESURE
2025-09-11 10:00:00+02:00;71,000;1,000;MESURE
2025-09-11 11:00:00+02:00;70,000;1,000;MESURE
2025-09-11 12:00:00+02:00;71,000;1,000;MESURE
2025-09-11 13:00:00+02:00;72,000;1,000;MESURE
2025-09-11 14:00:00+02:00;71,000;1,000;MESURE
2025-09-11 15:00:00+02:00;72,000;1,000;MESURE
2025-09-11 16:00:00+02:00;71,000;1,000;MESURE
2025-09-11 17:00:00+02:00;71,000;1,000;MESURE
2025-09-11 18:00:00+02:00;8759,000;1,000;MESURE
2025-09-11 19:00:00+02:00;20898,000;1,000;MESURE
2025-09-11 20:00:00+02:00;15597,000;1,000;MESURE
2025-09-11 21:00:00+02:00;4240,000;1,000;MESURE
2025-09-11 22:00:00+02:00;70,000;1,000;MESURE
2025-09-11 23:00:00+02:00;16170,000;1,000;MESURE
2025-09-12 00:00:00+02:00;23736,000;1,000;MESURE
2025-09-12 01:00:00+02:00;20619,000;1,000;MESURE
2025-09-12 02:00:00+02:00;11994,000;1,000;MESURE
2025-09-12 03:00:00+02:00;11174,000;1,000;MESURE
2025-09-12 04:00:00+02:00;11156,000;1,000;MESURE
2025-09-12 05:00:00+02:00;11120,000;1,000;MESURE
2025-09-12 06:00:00+02:00;11136,000;1,000;MESURE
2025-09-12 07:00:00+02:00;7782,000;1,000;MESURE
2025-09-12 08:00:00+02:00;70,000;1,000;MESURE
2025-09-12 09:00:00+02:00;71,000;1,000;MESURE
2025-09-12 10:00:00+02:00;71,000;1,000;MESURE
2025-09-12 11:00:00+02:00;71,000;1,000;MESURE
2025-09-12 12:00:00+02:00;70,000;1,000;MESURE
2025-09-12 13:00:00+02:00;71,000;1,000;MESURE
2025-09-12 14:00:00+02:00;70,000;1,000;MESURE
2025-09-12 15:00:00+02:00;70,000;1,000;MESURE
2025-09-12 16:00:00+02:00;71,000;1,000;MESURE
2025-09-12 17:00:00+02:00;70,000;1,000;MESURE
2025-09-12 18:00:00+02:00;3711,000;1,000;MESURE
2025-09-12 19:00:00+02:00;7673,000;1,000;MESURE
2025-09-12 20:00:00+02:00;70,000;1,000;MESURE
2025-09-12 21:00:00+02:00;69,000;1,000;MESURE
2025-09-12 22:00:00+02:00;70,000;1,000;MESURE
2025-09-12 23:00:00+02:00;70,000;1,000;MESURE
2025-09-13 00:00:00+02:00;69,000;1,000;MESURE
2025-09-13 01:00:00+02:00;70,000;1,000;MESURE
2025-09-13 02:00:00+02:00;70,000;1,000;MESURE
2025-09-13 03:00:00+02:00;69,000;1,000;MESURE
2025-09-13 04:00:00+02:00;70,000;1,000;MESURE
2025-09-13 05:00:00+02:00;69,000;1,000;MESURE
2025-09-13 06:00:00+02:00;68,000;1,000;MESURE
2025-09-13 07:00:00+02:00;8565,000;1,000;MESURE
2025-09-13 08:00:00+02:00;17431,000;1,000;MESURE
2025-09-13 09:00:00+02:00;13774,000;1,000;MESURE
2025-09-13 10:00:00+02:00;21016,000;1,000;MESURE
2025-09-13 11:00:00+02:00;12296,000;1,000;MESURE
2025-09-13 12:00:00+02:00;10454,000;1,000;MESURE
2025-09-13 13:00:00+02:00;8799,000;1,000;MESURE
2025-09-13 14:00:00+02:00;3687,000;1,000;MESURE
2025-09-13 15:00:00+02:00;11503,000;1,000;MESURE
2025-09-13 16:00:00+02:00;11503,000;1,000;MESURE
2025-09-13 17:00:00+02:00;11492,000;1,000;MESURE
2025-09-13 18:00:00+02:00;11480,000;1,000;MESURE
2025-09-13 19:00:00+02:00;2731,000;1,000;MESURE
2025-09-13 20:00:00+02:00;10914,000;1,000;MESURE
2025-09-13 21:00:00+02:00;10829,000;1,000;MESURE
2025-09-13 22:00:00+02:00;10894,000;1,000;MESURE
2025-09-13 23:00:00+02:00;10092,000;1,000;MESURE
2025-09-14 00:00:00+02:00;2901,000;1,000;MESURE
2025-09-14 01:00:00+02:00;69,000;1,000;MESURE
2025-09-14 02:00:00+02:00;69,000;1,000;MESURE
2025-09-14 03:00:00+02:00;70,000;1,000;MESURE
2025-09-14 04:00:00+02:00;69,000;1,000;MESURE
2025-09-14 05:00:00+02:00;69,000;1,000;MESURE
2025-09-14 06:00:00+02:00;68,000;1,000;MESURE
2025-09-14 07:00:00+02:00;69,000;1,000;MESURE
2025-09-14 08:00:00+02:00;1696,000;1,000;MESURE
2025-09-14 09:00:00+02:00;12814,000;1,000;MESURE
2025-09-14 10:00:00+02:00;10521,000;1,000;MESURE
2025-09-14 11:00:00+02:00;4363,000;1,000;MESURE
2025-09-14 12:00:00+02:00;11296,000;1,000;MESURE
2025-09-14 13:00:00+02:00;11332,000;1,000;MESURE
2025-09-14 14:00:00+02:00;3614,000;1,000;MESURE
2025-09-14 15:00:00+02:00;70,000;1,000;MESURE
2025-09-14 16:00:00+02:00;8306,000;1,000;MESURE
2025-09-14 17:00:00+02:00;11519,000;1,000;MESURE
2025-09-14 18:00:00+02:00;9112,000;1,000;MESURE
2025-09-14 19:00:00+02:00;70,000;1,000;MESURE
2025-09-14 20:00:00+02:00;69,000;1,000;MESURE
2025-09-14 21:00:00+02:00;69,000;1,000;MESURE
2025-09-14 22:00:00+02:00;69,000;1,000;MESURE
2025-09-14 23:00:00+02:00;69,000;1,000;MESURE
2025-09-15 00:00:00+02:00;69,000;1,000;MESURE
2025-09-15 01:00:00+02:00;69,000;1,000;MESURE
2025-09-15 02:00:00+02:00;69,000;1,000;MESURE
2025-09-15 03:00:00+02:00;69,000;1,000;MESURE
2025-09-15 04:00:00+02:00;69,000;1,000;MESURE
2025-09-15 05:00:00+02:00;68,000;1,000;MESURE
2025-09-15 06:00:00+02:00;69,000;1,000;MESURE
2025-09-15 07:00:00+02:00;68,000;1,000;MESURE
2025-09-15 08:00:00+02:00;69,000;1,000;MESURE
2025-09-15 09:00:00+02:00;70,000;1,000;MESURE
2025-09-15 10:00:00+02:00;70,000;1,000;MESURE
2025-09-15 11:00:00+02:00;70,000;1,000;MESURE
2025-09-15 12:00:00+02:00;8222,000;1,000;MESURE
2025-09-15 13:00:00+02:00;10857,000;1,000;MESURE
2025-09-15 14:00:00+02:00;10864,000;1,000;MESURE
2025-09-15 15:00:00+02:00;8237,000;1,000;MESURE
2025-09-15 16:00:00+02:00;71,000;1,000;MESURE
2025-09-15 17:00:00+02:00;5527,000;1,000;MESURE
2025-09-15 18:00:00+02:00;9594,000;1,000;MESURE
2025-09-15 19:00:00+02:00;5433,000;1,000;MESURE
2025-09-15 20:00:00+02:00;10868,000;1,000;MESURE
2025-09-15 21:00:00+02:00;10856,000;1,000;MESURE
2025-09-15 22:00:00+02:00;2065,000;1,000;MESURE
2025-09-15 23:00:00+02:00;68,000;1,000;MESURE
2025-09-16 00:00:00+02:00;69,000;1,000;MESURE
2025-09-16 01:00:00+02:00;69,000;1,000;MESURE
2025-09-16 02:00:00+02:00;69,000;1,000;MESURE
2025-09-16 03:00:00+02:00;69,000;1,000;MESURE
2025-09-16 04:00:00+02:00;69,000;1,000;MESURE
2025-09-16 05:00:00+02:00;68,000;1,000;MESURE
2025-09-16 06:00:00+02:00;68,000;1,000;MESURE
2025-09-16 07:00:00+02:00;69,000;1,000;MESURE
2025-09-16 08:00:00+02:00;70,000;1,000;MESURE
2025-09-16 09:00:00+02:00;71,000;1,000;MESURE
2025-09-16 10:00:00+02:00;70,000;1,000;MESURE
2025-09-16 11:00:00+02:00;70,000;1,000;MESURE
2025-09-16 12:00:00+02:00;70,000;1,000;MESURE
2025-09-16 13:00:00+02:00;1759,000;1,000;MESURE
2025-09-16 14:00:00+02:00;11739,000;1,000;MESURE
2025-09-16 15:00:00+02:00;286,000;1,000;MESURE
2025-09-16 16:00:00+02:00;1876,000;1,000;MESURE
2025-09-16 17:00:00+02:00;10454,000;1,000;MESURE
2025-09-16 18:00:00+02:00;7936,000;1,000;MESURE
2025-09-16 19:00:00+02:00;19584,000;1,000;MESURE
2025-09-16 20:00:00+02:00;7396,000;1,000;MESURE
2025-09-16 21:00:00+02:00;17427,000;1,000;MESURE
2025-09-16 22:00:00+02:00;12699,000;1,000;MESURE
2025-09-16 23:00:00+02:00;1904,000;1,000;MESURE
2025-09-17 00:00:00+02:00;69,000;1,000;MESURE
2025-09-17 01:00:00+02:00;69,000;1,000;MESURE
2025-09-17 02:00:00+02:00;68,000;1,000;MESURE
2025-09-17 03:00:00+02:00;69,000;1,000;MESURE
2025-09-17 04:00:00+02:00;69,000;1,000;MESURE
2025-09-17 05:00:00+02:00;69,000;1,000;MESURE
2025-09-17 06:00:00+02:00;8062,000;1,000;MESURE
2025-09-17 07:00:00+02:00;11872,000;1,000;MESURE
2025-09-17 08:00:00+02:00;3755,000;1,000;MESURE
2025-09-17 09:00:00+02:00;70,000;1,000;MESURE
2025-09-17 10:00:00+02:00;71,000;1,000;MESURE
2025-09-17 11:00:00+02:00;70,000;1,000;MESURE
2025-09-17 12:00:00+02:00;10284,000;1,000;MESURE
2025-09-17 13:00:00+02:00;12213,000;1,000;MESURE
2025-09-17 14:00:00+02:00;9334,000;1,000;MESURE
2025-09-17 15:00:00+02:00;71,000;1,000;MESURE
2025-09-17 16:00:00+02:00;71,000;1,000;MESURE
2025-09-17 17:00:00+02:00;71,000;1,000;MESURE
2025-09-17 18:00:00+02:00;2645,000;1,000;MESURE
2025-09-17 19:00:00+02:00;3889,000;1,000;MESURE
2025-09-17 20:00:00+02:00;1322,000;1,000;MESURE
2025-09-17 21:00:00+02:00;69,000;1,000;MESURE
2025-09-17 22:00:00+02:00;70,000;1,000;MESURE
2025-09-17 23:00:00+02:00;14234,000;1,000;MESURE
2025-09-18 00:00:00+02:00;17422,000;1,000;MESURE
2025-09-18 01:00:00+02:00;14403,000;1,000;MESURE
2025-09-18 02:00:00+02:00;1993,000;1,000;MESURE
2025-09-18 03:00:00+02:00;69,000;1,000;MESURE
2025-09-18 04:00:00+02:00;70,000;1,000;MESURE
2025-09-18 05:00:00+02:00;69,000;1,000;MESURE
2025-09-18 06:00:00+02:00;8227,000;1,000;MESURE
2025-09-18 07:00:00+02:00;18775,000;1,000;MESURE
2025-09-18 08:00:00+02:00;20895,000;1,000;MESURE
2025-09-18 09:00:00+02:00;10693,000;1,000;MESURE
2025-09-18 10:00:00+02:00;71,000;1,000;MESURE
2025-09-18 11:00:00+02:00;71,000;1,000;MESURE
2025-09-18 12:00:00+02:00;71,000;1,000;MESURE
2025-09-18 13:00:00+02:00;71,000;1,000;MESURE
2025-09-18 14:00:00+02:00;72,000;1,000;MESURE
2025-09-18 15:00:00+02:00;72,000;1,000;MESURE
2025-09-18 16:00:00+02:00;71,000;1,000;MESURE
2025-09-18 17:00:00+02:00;72,000;1,000;MESURE
2025-09-18 18:00:00+02:00;5451,000;1,000;MESURE
2025-09-18 19:00:00+02:00;10496,000;1,000;MESURE
2025-09-18 20:00:00+02:00;2744,000;1,000;MESURE
2025-09-18 21:00:00+02:00;69,000;1,000;MESURE
2025-09-18 22:00:00+02:00;8253,000;1,000;MESURE
2025-09-18 23:00:00+02:00;17439,000;1,000;MESURE
2025-09-19 00:00:00+02:00;17441,000;1,000;MESURE
2025-09-19 01:00:00+02:00;7963,000;1,000;MESURE
2025-09-19 02:00:00+02:00;70,000;1,000;MESURE
2025-09-19 03:00:00+02:00;70,000;1,000;MESURE
2025-09-19 04:00:00+02:00;69,000;1,000;MESURE
2025-09-19 05:00:00+02:00;69,000;1,000;MESURE
2025-09-19 06:00:00+02:00;70,000;1,000;MESURE
2025-09-19 07:00:00+02:00;70,000;1,000;MESURE
2025-09-19 08:00:00+02:00;71,000;1,000;MESURE
2025-09-19 09:00:00+02:00;71,000;1,000;MESURE
2025-09-19 10:00:00+02:00;71,000;1,000;MESURE
2025-09-19 11:00:00+02:00;71,000;1,000;MESURE
2025-09-19 12:00:00+02:00;71,000;1,000;MESURE
2025-09-19 13:00:00+02:00;71,000;1,000;MESURE
2025-09-19 14:00:00+02:00;71,000;1,000;MESURE
2025-09-19 15:00:00+02:00;71,000;1,000;MESURE
2025-09-19 16:00:00+02:00;71,000;1,000;MESURE
2025-09-19 17:00:00+02:00;71,000;1,000;MESURE
2025-09-19 18:00:00+02:00;9477,000;1,000;MESURE
2025-09-19 19:00:00+02:00;28299,000;1,000;MESURE
2025-09-19 20:00:00+02:00;15130,000;1,000;MESURE
2025-09-19 21:00:00+02:00;3076,000;1,000;MESURE
2025-09-19 22:00:00+02:00;10917,000;1,000;MESURE
2025-09-19 23:00:00+02:00;17254,000;1,000;MESURE
2025-09-20 00:00:00+02:00;28264,000;1,000;MESURE
2025-09-20 01:00:00+02:00;28353,000;1,000;MESURE
2025-09-20 02:00:00+02:00;23025,000;1,000;MESURE
2025-09-20 03:00:00+02:00;5301,000;1,000;MESURE
2025-09-20 04:00:00+02:00;70,000;1,000;MESURE
2025-09-20 05:00:00+02:00;69,000;1,000;MESURE
2025-09-20 06:00:00+02:00;69,000;1,000;MESURE
2025-09-20 07:00:00+02:00;8673,000;1,000;MESURE
2025-09-20 08:00:00+02:00;11876,000;1,000;MESURE
2025-09-20 09:00:00+02:00;9680,000;1,000;MESURE
2025-09-20 10:00:00+02:00;233,000;1,000;MESURE
2025-09-20 11:00:00+02:00;70,000;1,000;MESURE
2025-09-20 12:00:00+02:00;1436,000;1,000;MESURE
2025-09-20 13:00:00+02:00;10506,000;1,000;MESURE
2025-09-20 14:00:00+02:00;10493,000;1,000;MESURE
2025-09-20 15:00:00+02:00;10492,000;1,000;MESURE
2025-09-20 16:00:00+02:00;10483,000;1,000;MESURE
2025-09-20 17:00:00+02:00;6323,000;1,000;MESURE
2025-09-20 18:00:00+02:00;70,000;1,000;MESURE
2025-09-20 19:00:00+02:00;71,000;1,000;MESURE
2025-09-20 20:00:00+02:00;68,000;1,000;MESURE
2025-09-20 21:00:00+02:00;69,000;1,000;MESURE
2025-09-20 22:00:00+02:00;245,000;1,000;MESURE
2025-09-20 23:00:00+02:00;10995,000;1,000;MESURE
2025-09-21 00:00:00+02:00;10963,000;1,000;MESURE
2025-09-21 01:00:00+02:00;10930,000;1,000;MESURE
2025-09-21 02:00:00+02:00;1400,000;1,000;MESURE
2025-09-21 03:00:00+02:00;69,000;1,000;MESURE
2025-09-21 04:00:00+02:00;69,000;1,000;MESURE
2025-09-21 05:00:00+02:00;68,000;1,000;MESURE
2025-09-21 06:00:00+02:00;69,000;1,000;MESURE
2025-09-21 07:00:00+02:00;68,000;1,000;MESURE
2025-09-21 08:00:00+02:00;69,000;1,000;MESURE
2025-09-21 09:00:00+02:00;69,000;1,000;MESURE
2025-09-21 10:00:00+02:00;69,000;1,000;MESURE
2025-09-21 11:00:00+02:00;6015,000;1,000;MESURE
2025-09-21 12:00:00+02:00;10496,000;1,000;MESURE
2025-09-21 13:00:00+02:00;10481,000;1,000;MESURE
2025-09-21 14:00:00+02:00;10463,000;1,000;MESURE
2025-09-21 15:00:00+02:00;3725,000;1,000;MESURE
2025-09-21 16:00:00+02:00;1444,000;1,000;MESURE
2025-09-21 17:00:00+02:00;11316,000;1,000;MESURE
2025-09-21 18:00:00+02:00;11426,000;1,000;MESURE
2025-09-21 19:00:00+02:00;12286,000;1,000;MESURE
2025-09-21 20:00:00+02:00;11014,000;1,000;MESURE
2025-09-21 21:00:00+02:00;11023,000;1,000;MESURE
2025-09-21 22:00:00+02:00;11048,000;1,000;MESURE
2025-09-21 23:00:00+02:00;5799,000;1,000;MESURE
2025-09-22 00:00:00+02:00;69,000;1,000;MESURE
2025-09-22 01:00:00+02:00;69,000;1,000;MESURE
2025-09-22 02:00:00+02:00;69,000;1,000;MESURE
2025-09-22 03:00:00+02:00;69,000;1,000;MESURE
2025-09-22 04:00:00+02:00;68,000;1,000;MESURE
2025-09-22 05:00:00+02:00;69,000;1,000;MESURE
2025-09-22 06:00:00+02:00;68,000;1,000;MESURE
2025-09-22 07:00:00+02:00;68,000;1,000;MESURE
2025-09-22 08:00:00+02:00;69,000;1,000;MESURE
2025-09-22 09:00:00+02:00;70,000;1,000;MESURE
2025-09-22 10:00:00+02:00;70,000;1,000;MESURE
2025-09-22 11:00:00+02:00;71,000;1,000;MESURE
2025-09-22 12:00:00+02:00;71,000;1,000;MESURE
2025-09-22 13:00:00+02:00;8913,000;1,000;MESURE
2025-09-22 14:00:00+02:00;11022,000;1,000;MESURE
2025-09-22 15:00:00+02:00;11029,000;1,000;MESURE
2025-09-22 16:00:00+02:00;11028,000;1,000;MESURE
2025-09-22 17:00:00+02:00;11033,000;1,000;MESURE
2025-09-22 18:00:00+02:00;4833,000;1,000;MESURE
2025-09-22 19:00:00+02:00;7794,000;1,000;MESURE
2025-09-22 20:00:00+02:00;408,000;1,000;MESURE
2025-09-22 21:00:00+02:00;12743,000;1,000;MESURE
2025-09-22 22:00:00+02:00;17433,000;1,000;MESURE
2025-09-22 23:00:00+02:00;17442,000;1,000;MESURE
2025-09-23 00:00:00+02:00;9181,000;1,000;MESURE
2025-09-23 01:00:00+02:00;1211,000;1,000;MESURE
2025-09-23 02:00:00+02:00;69,000;1,000;MESURE
2025-09-23 03:00:00+02:00;70,000;1,000;MESURE
2025-09-23 04:00:00+02:00;69,000;1,000;MESURE
2025-09-23 05:00:00+02:00;69,000;1,000;MESURE
2025-09-23 06:00:00+02:00;69,000;1,000;MESURE
2025-09-23 07:00:00+02:00;68,000;1,000;MESURE
2025-09-23 08:00:00+02:00;70,000;1,000;MESURE
2025-09-23 09:00:00+02:00;70,000;1,000;MESURE
2025-09-23 10:00:00+02:00;70,000;1,000;MESURE
2025-09-23 11:00:00+02:00;71,000;1,000;MESURE
2025-09-23 12:00:00+02:00;71,000;1,000;MESURE
2025-09-23 13:00:00+02:00;71,000;1,000;MESURE
2025-09-23 14:00:00+02:00;72,000;1,000;MESURE
2025-09-23 15:00:00+02:00;72,000;1,000;MESURE
2025-09-23 16:00:00+02:00;71,000;1,000;MESURE
2025-09-23 17:00:00+02:00;71,000;1,000;MESURE
2025-09-23 18:00:00+02:00;5018,000;1,000;MESURE
2025-09-23 19:00:00+02:00;18212,000;1,000;MESURE
2025-09-23 20:00:00+02:00;1078,000;1,000;MESURE
2025-09-23 21:00:00+02:00;69,000;1,000;MESURE
2025-09-23 22:00:00+02:00;4112,000;1,000;MESURE
2025-09-23 23:00:00+02:00;7262,000;1,000;MESURE
2025-09-24 00:00:00+02:00;7261,000;1,000;MESURE
2025-09-24 01:00:00+02:00;7252,000;1,000;MESURE
2025-09-24 02:00:00+02:00;3929,000;1,000;MESURE
2025-09-24 03:00:00+02:00;69,000;1,000;MESURE
2025-09-24 04:00:00+02:00;70,000;1,000;MESURE
2025-09-24 05:00:00+02:00;69,000;1,000;MESURE
2025-09-24 06:00:00+02:00;8979,000;1,000;MESURE
2025-09-24 07:00:00+02:00;11880,000;1,000;MESURE
2025-09-24 08:00:00+02:00;3291,000;1,000;MESURE
2025-09-24 09:00:00+02:00;619,000;1,000;MESURE
2025-09-24 10:00:00+02:00;1194,000;1,000;MESURE
2025-09-24 11:00:00+02:00;74,000;1,000;MESURE
2025-09-24 12:00:00+02:00;9191,000;1,000;MESURE
2025-09-24 13:00:00+02:00;10018,000;1,000;MESURE
2025-09-24 14:00:00+02:00;3127,000;1,000;MESURE
2025-09-24 15:00:00+02:00;1489,000;1,000;MESURE
2025-09-24 16:00:00+02:00;10528,000;1,000;MESURE
2025-09-24 17:00:00+02:00;4409,000;1,000;MESURE
2025-09-24 18:00:00+02:00;6320,000;1,000;MESURE
2025-09-24 19:00:00+02:00;10849,000;1,000;MESURE
2025-09-24 20:00:00+02:00;12176,000;1,000;MESURE
2025-09-24 21:00:00+02:00;8736,000;1,000;MESURE
2025-09-24 22:00:00+02:00;71,000;1,000;MESURE
2025-09-24 23:00:00+02:00;70,000;1,000;MESURE
2025-09-25 00:00:00+02:00;70,000;1,000;MESURE
2025-09-25 01:00:00+02:00;70,000;1,000;MESURE
2025-09-25 02:00:00+02:00;71,000;1,000;MESURE
2025-09-25 03:00:00+02:00;70,000;1,000;MESURE
2025-09-25 04:00:00+02:00;70,000;1,000;MESURE
2025-09-25 05:00:00+02:00;70,000;1,000;MESURE
2025-09-25 06:00:00+02:00;69,000;1,000;MESURE
2025-09-25 07:00:00+02:00;70,000;1,000;MESURE
2025-09-25 08:00:00+02:00;71,000;1,000;MESURE
2025-09-25 09:00:00+02:00;72,000;1,000;MESURE
2025-09-25 10:00:00+02:00;15238,000;1,000;MESURE
2025-09-25 11:00:00+02:00;20893,000;1,000;MESURE
2025-09-25 12:00:00+02:00;1819,000;1,000;MESURE
2025-09-25 13:00:00+02:00;73,000;1,000;MESURE
2025-09-25 14:00:00+02:00;72,000;1,000;MESURE
2025-09-25 15:00:00+02:00;72,000;1,000;MESURE
2025-09-25 16:00:00+02:00;960,000;1,000;MESURE
2025-09-25 17:00:00+02:00;3940,000;1,000;MESURE
2025-09-25 18:00:00+02:00;17964,000;1,000;MESURE
2025-09-25 19:00:00+02:00;969,000;1,000;MESURE
2025-09-25 20:00:00+02:00;70,000;1,000;MESURE
2025-09-25 21:00:00+02:00;71,000;1,000;MESURE
2025-09-25 22:00:00+02:00;70,000;1,000;MESURE
2025-09-25 23:00:00+02:00;70,000;1,000;MESURE
2025-09-26 00:00:00+02:00;70,000;1,000;MESURE
2025-09-26 01:00:00+02:00;70,000;1,000;MESURE
2025-09-26 02:00:00+02:00;70,000;1,000;MESURE
2025-09-26 03:00:00+02:00;70,000;1,000;MESURE
2025-09-26 04:00:00+02:00;70,000;1,000;MESURE
2025-09-26 05:00:00+02:00;69,000;1,000;MESURE
2025-09-26 06:00:00+02:00;70,000;1,000;MESURE
2025-09-26 07:00:00+02:00;69,000;1,000;MESURE
2025-09-26 08:00:00+02:00;71,000;1,000;MESURE
2025-09-26 09:00:00+02:00;72,000;1,000;MESURE
2025-09-26 10:00:00+02:00;72,000;1,000;MESURE
2025-09-26 11:00:00+02:00;1803,000;1,000;MESURE
2025-09-26 12:00:00+02:00;4976,333;0,500;INTERP_COURTE
2025-09-26 13:00:00+02:00;8149,667;0,500;INTERP_COURTE
2025-09-26 14:00:00+02:00;11323,000;1,000;MESURE
2025-09-26 15:00:00+02:00;10442,000;1,000;MESURE
2025-09-26 16:00:00+02:00;4267,000;1,000;MESURE
2025-09-26 17:00:00+02:00;72,000;1,000;MESURE
2025-09-26 18:00:00+02:00;73,000;1,000;MESURE
2025-09-26 19:00:00+02:00;8262,000;1,000;MESURE
2025-09-26 20:00:00+02:00;71,000;1,000;MESURE
2025-09-26 21:00:00+02:00;72,000;1,000;MESURE
2025-09-26 22:00:00+02:00;6878,000;1,000;MESURE
2025-09-26 23:00:00+02:00;9841,000;1,000;MESURE
2025-09-27 00:00:00+02:00;611,000;1,000;MESURE
2025-09-27 01:00:00+02:00;71,000;1,000;MESURE
2025-09-27 02:00:00+02:00;71,000;1,000;MESURE
2025-09-27 03:00:00+02:00;71,000;1,000;MESURE
2025-09-27 04:00:00+02:00;70,000;1,000;MESURE
2025-09-27 05:00:00+02:00;70,000;1,000;MESURE
2025-09-27 06:00:00+02:00;69,000;1,000;MESURE
2025-09-27 07:00:00+02:00;8224,000;1,000;MESURE
2025-09-27 08:00:00+02:00;11870,000;1,000;MESURE
2025-09-27 09:00:00+02:00;8442,000;1,000;MESURE
2025-09-27 10:00:00+02:00;105,000;1,000;MESURE
2025-09-27 11:00:00+02:00;72,000;1,000;MESURE
2025-09-27 12:00:00+02:00;71,000;1,000;MESURE
2025-09-27 13:00:00+02:00;72,000;1,000;MESURE
2025-09-27 14:00:00+02:00;71,000;1,000;MESURE
2025-09-27 15:00:00+02:00;71,000;1,000;MESURE
2025-09-27 16:00:00+02:00;71,000;1,000;MESURE
2025-09-27 17:00:00+02:00;72,000;1,000;MESURE
2025-09-27 18:00:00+02:00;71,000;1,000;MESURE
2025-09-27 19:00:00+02:00;71,000;1,000;MESURE
2025-09-27 20:00:00+02:00;70,000;1,000;MESURE
2025-09-27 21:00:00+02:00;70,000;1,000;MESURE
2025-09-27 22:00:00+02:00;70,000;1,000;MESURE
2025-09-27 23:00:00+02:00;70,000;1,000;MESURE
2025-09-28 00:00:00+02:00;70,000;1,000;MESURE
2025-09-28 01:00:00+02:00;70,000;1,000;MESURE
2025-09-28 02:00:00+02:00;70,000;1,000;MESURE
2025-09-28 03:00:00+02:00;70,000;1,000;MESURE
2025-09-28 04:00:00+02:00;69,000;1,000;MESURE
2025-09-28 05:00:00+02:00;70,000;1,000;MESURE
2025-09-28 06:00:00+02:00;69,000;1,000;MESURE
2025-09-28 07:00:00+02:00;69,000;1,000;MESURE
2025-09-28 08:00:00+02:00;5528,000;1,000;MESURE
2025-09-28 09:00:00+02:00;10508,000;1,000;MESURE
2025-09-28 10:00:00+02:00;10507,000;1,000;MESURE
2025-09-28 11:00:00+02:00;4187,000;1,000;MESURE
2025-09-28 12:00:00+02:00;71,000;1,000;MESURE
2025-09-28 13:00:00+02:00;71,000;1,000;MESURE
2025-09-28 14:00:00+02:00;71,000;1,000;MESURE
2025-09-28 15:00:00+02:00;71,000;1,000;MESURE
2025-09-28 16:00:00+02:00;8587,000;1,000;MESURE
2025-09-28 17:00:00+02:00;11514,000;1,000;MESURE
2025-09-28 18:00:00+02:00;11565,000;1,000;MESURE
2025-09-28 19:00:00+02:00;857,000;1,000;MESURE
2025-09-28 20:00:00+02:00;70,000;1,000;MESURE
2025-09-28 21:00:00+02:00;70,000;1,000;MESURE
2025-09-28 22:00:00+02:00;69,000;1,000;MESURE
2025-09-28 23:00:00+02:00;70,000;1,000;MESURE
2025-09-29 00:00:00+02:00;70,000;1,000;MESURE
2025-09-29 01:00:00+02:00;70,000;1,000;MESURE
2025-09-29 02:00:00+02:00;70,000;1,000;MESURE
2025-09-29 03:00:00+02:00;69,000;1,000;MESURE
2025-09-29 04:00:00+02:00;70,000;1,000;MESURE
2025-09-29 05:00:00+02:00;69,000;1,000;MESURE
2025-09-29 06:00:00+02:00;69,000;1,000;MESURE
2025-09-29 07:00:00+02:00;69,000;1,000;MESURE
2025-09-29 08:00:00+02:00;70,000;1,000;MESURE
2025-09-29 09:00:00+02:00;71,000;1,000;MESURE
2025-09-29 10:00:00+02:00;71,000;1,000;MESURE
2025-09-29 11:00:00+02:00;71,000;1,000;MESURE
2025-09-29 12:00:00+02:00;72,000;1,000;MESURE
2025-09-29 13:00:00+02:00;71,000;1,000;MESURE
2025-09-29 14:00:00+02:00;71,000;1,000;MESURE
2025-09-29 15:00:00+02:00;71,000;1,000;MESURE
2025-09-29 16:00:00+02:00;72,000;1,000;MESURE
2025-09-29 17:00:00+02:00;71,000;1,000;MESURE
2025-09-29 18:00:00+02:00;2278,000;1,000;MESURE
2025-09-29 19:00:00+02:00;3855,000;1,000;MESURE
2025-09-29 20:00:00+02:00;7265,000;1,000;MESURE
2025-09-29 21:00:00+02:00;1634,000;1,000;MESURE
2025-09-29 22:00:00+02:00;70,000;1,000;MESURE
2025-09-29 23:00:00+02:00;69,000;1,000;MESURE
2025-09-30 00:00:00+02:00;70,000;1,000;MESURE
2025-09-30 01:00:00+02:00;70,000;1,000;MESURE
2025-09-30 02:00:00+02:00;69,000;1,000;MESURE
2025-09-30 03:00:00+02:00;70,000;1,000;MESURE
2025-09-30 04:00:00+02:00;70,000;1,000;MESURE
2025-09-30 05:00:00+02:00;69,000;1,000;MESURE
2025-09-30 06:00:00+02:00;70,000;1,000;MESURE
2025-09-30 07:00:00+02:00;69,000;1,000;MESURE
2025-09-30 08:00:00+02:00;70,000;1,000;MESURE
2025-09-30 09:00:00+02:00;71,000;1,000;MESURE
2025-09-30 10:00:00+02:00;71,000;1,000;MESURE
2025-09-30 11:00:00+02:00;70,000;1,000;MESURE
2025-09-30 12:00:00+02:00;71,000;1,000;MESURE
2025-09-30 13:00:00+02:00;70,000;1,000;MESURE
2025-09-30 14:00:00+02:00;11766,000;1,000;MESURE
2025-09-30 15:00:00+02:00;432,000;1,000;MESURE
2025-09-30 16:00:00+02:00;72,000;1,000;MESURE
2025-09-30 17:00:00+02:00;71,000;1,000;MESURE
2025-09-30 18:00:00+02:00;72,000;1,000;MESURE
2025-09-30 19:00:00+02:00;71,000;1,000;MESURE
2025-09-30 20:00:00+02:00;70,000;1,000;MESURE
2025-09-30 21:00:00+02:00;70,000;1,000;MESURE
2025-09-30 22:00:00+02:00;70,000;1,000;MESURE
2025-09-30 23:00:00+02:00;70,000;1,000;MESURE
2025-10-01 00:00:00+02:00;70,000;1,000;MESURE
2025-10-01 01:00:00+02:00;70,000;1,000;MESURE
2025-10-01 02:00:00+02:00;69,000;1,000;MESURE
2025-10-01 03:00:00+02:00;70,000;1,000;MESURE
2025-10-01 04:00:00+02:00;70,000;1,000;MESURE
2025-10-01 05:00:00+02:00;69,000;1,000;MESURE
2025-10-01 06:00:00+02:00;8578,000;1,000;MESURE
2025-10-01 07:00:00+02:00;11934,000;1,000;MESURE
2025-10-01 08:00:00+02:00;3804,000;1,000;MESURE
2025-10-01 09:00:00+02:00;71,000;1,000;MESURE
2025-10-01 10:00:00+02:00;71,000;1,000;MESURE
2025-10-01 11:00:00+02:00;71,000;1,000;MESURE
2025-10-01 12:00:00+02:00;72,000;1,000;MESURE
2025-10-01 13:00:00+02:00;71,000;1,000;MESURE
2025-10-01 14:00:00+02:00;72,000;1,000;MESURE
2025-10-01 15:00:00+02:00;71,000;1,000;MESURE
2025-10-01 16:00:00+02:00;71,000;1,000;MESURE
2025-10-01 17:00:00+02:00;71,000;1,000;MESURE
2025-10-01 18:00:00+02:00;4644,000;1,000;MESURE
2025-10-01 19:00:00+02:00;8407,000;1,000;MESURE
2025-10-01 20:00:00+02:00;11497,000;1,000;MESURE
2025-10-01 21:00:00+02:00;10458,000;1,000;MESURE
2025-10-01 22:00:00+02:00;10430,000;1,000;MESURE
2025-10-01 23:00:00+02:00;523,000;1,000;MESURE
2025-10-02 00:00:00+02:00;70,000;1,000;MESURE
2025-10-02 01:00:00+02:00;70,000;1,000;MESURE
2025-10-02 02:00:00+02:00;70,000;1,000;MESURE
2025-10-02 03:00:00+02:00;70,000;1,000;MESURE
2025-10-02 04:00:00+02:00;70,000;1,000;MESURE
2025-10-02 05:00:00+02:00;70,000;1,000;MESURE
2025-10-02 06:00:00+02:00;8248,000;1,000;MESURE
2025-10-02 07:00:00+02:00;11947,000;1,000;MESURE
2025-10-02 08:00:00+02:00;2939,000;1,000;MESURE
2025-10-02 09:00:00+02:00;72,000;1,000;MESURE
2025-10-02 10:00:00+02:00;71,000;1,000;MESURE
2025-10-02 11:00:00+02:00;72,000;1,000;MESURE
2025-10-02 12:00:00+02:00;71,000;1,000;MESURE
2025-10-02 13:00:00+02:00;72,000;1,000;MESURE
2025-10-02 14:00:00+02:00;7194,000;1,000;MESURE
2025-10-02 15:00:00+02:00;2443,000;1,000;MESURE
2025-10-02 16:00:00+02:00;72,000;1,000;MESURE
2025-10-02 17:00:00+02:00;6378,000;1,000;MESURE
2025-10-02 18:00:00+02:00;22110,000;1,000;MESURE
2025-10-02 19:00:00+02:00;8893,000;1,000;MESURE
2025-10-02 20:00:00+02:00;70,000;1,000;MESURE
2025-10-02 21:00:00+02:00;70,000;1,000;MESURE
2025-10-02 22:00:00+02:00;70,000;1,000;MESURE
2025-10-02 23:00:00+02:00;70,000;1,000;MESURE
2025-10-03 00:00:00+02:00;70,000;1,000;MESURE
2025-10-03 01:00:00+02:00;70,000;1,000;MESURE
2025-10-03 02:00:00+02:00;70,000;1,000;MESURE
2025-10-03 03:00:00+02:00;70,000;1,000;MESURE
2025-10-03 04:00:00+02:00;70,000;1,000;MESURE
2025-10-03 05:00:00+02:00;70,000;1,000;MESURE
2025-10-03 06:00:00+02:00;69,000;1,000;MESURE
2025-10-03 07:00:00+02:00;70,000;1,000;MESURE
2025-10-03 08:00:00+02:00;71,000;1,000;MESURE
2025-10-03 09:00:00+02:00;72,000;1,000;MESURE
2025-10-03 10:00:00+02:00;72,000;1,000;MESURE
2025-10-03 11:00:00+02:00;71,000;1,000;MESURE
2025-10-03 12:00:00+02:00;756,000;1,000;MESURE
2025-10-03 13:00:00+02:00;10853,000;1,000;MESURE
2025-10-03 14:00:00+02:00;10843,000;1,000;MESURE
2025-10-03 15:00:00+02:00;9287,000;1,000;MESURE
2025-10-03 16:00:00+02:00;71,000;1,000;MESURE
2025-10-03 17:00:00+02:00;72,000;1,000;MESURE
2025-10-03 18:00:00+02:00;71,000;1,000;MESURE
2025-10-03 19:00:00+02:00;72,000;1,000;MESURE
2025-10-03 20:00:00+02:00;11167,000;1,000;MESURE
2025-10-03 21:00:00+02:00;2061,000;1,000;MESURE
2025-10-03 22:00:00+02:00;70,000;1,000;MESURE
2025-10-03 23:00:00+02:00;70,000;1,000;MESURE
2025-10-04 00:00:00+02:00;71,000;1,000;MESURE
2025-10-04 01:00:00+02:00;70,000;1,000;MESURE
2025-10-04 02:00:00+02:00;70,000;1,000;MESURE
2025-10-04 03:00:00+02:00;70,000;1,000;MESURE
2025-10-04 04:00:00+02:00;71,000;1,000;MESURE
2025-10-04 05:00:00+02:00;69,000;1,000;MESURE
2025-10-04 06:00:00+02:00;70,000;1,000;MESURE
2025-10-04 07:00:00+02:00;69,000;1,000;MESURE
2025-10-04 08:00:00+02:00;4420,000;1,000;MESURE
2025-10-04 09:00:00+02:00;18966,000;1,000;MESURE
2025-10-04 10:00:00+02:00;12017,000;1,000;MESURE
2025-10-04 11:00:00+02:00;16865,000;1,000;MESURE
2025-10-04 12:00:00+02:00;18178,000;1,000;MESURE
2025-10-04 13:00:00+02:00;14589,000;1,000;MESURE
2025-10-04 14:00:00+02:00;10414,000;1,000;MESURE
2025-10-04 15:00:00+02:00;11796,000;1,000;MESURE
2025-10-04 16:00:00+02:00;4517,000;1,000;MESURE
2025-10-04 17:00:00+02:00;3890,000;1,000;MESURE
2025-10-04 18:00:00+02:00;3575,000;1,000;MESURE
2025-10-04 19:00:00+02:00;71,000;1,000;MESURE
2025-10-04 20:00:00+02:00;70,000;1,000;MESURE
2025-10-04 21:00:00+02:00;70,000;1,000;MESURE
2025-10-04 22:00:00+02:00;69,000;1,000;MESURE
2025-10-04 23:00:00+02:00;70,000;1,000;MESURE
2025-10-05 00:00:00+02:00;70,000;1,000;MESURE
2025-10-05 01:00:00+02:00;69,000;1,000;MESURE
2025-10-05 02:00:00+02:00;70,000;1,000;MESURE
2025-10-05 03:00:00+02:00;70,000;1,000;MESURE
2025-10-05 04:00:00+02:00;69,000;1,000;MESURE
2025-10-05 05:00:00+02:00;69,000;1,000;MESURE
2025-10-05 06:00:00+02:00;69,000;1,000;MESURE
2025-10-05 07:00:00+02:00;69,000;1,000;MESURE
2025-10-05 08:00:00+02:00;71,000;1,000;MESURE
2025-10-05 09:00:00+02:00;9601,000;1,000;MESURE
2025-10-05 10:00:00+02:00;10522,000;1,000;MESURE
2025-10-05 11:00:00+02:00;4097,000;1,000;MESURE
2025-10-05 12:00:00+02:00;89,000;1,000;MESURE
2025-10-05 13:00:00+02:00;71,000;1,000;MESURE
2025-10-05 14:00:00+02:00;70,000;1,000;MESURE
2025-10-05 15:00:00+02:00;71,000;1,000;MESURE
2025-10-05 16:00:00+02:00;70,000;1,000;MESURE
2025-10-05 17:00:00+02:00;71,000;1,000;MESURE
2025-10-05 18:00:00+02:00;70,000;1,000;MESURE
2025-10-05 19:00:00+02:00;71,000;1,000;MESURE
2025-10-05 20:00:00+02:00;69,000;1,000;MESURE
2025-10-05 21:00:00+02:00;70,000;1,000;MESURE
2025-10-05 22:00:00+02:00;69,000;1,000;MESURE
2025-10-05 23:00:00+02:00;69,000;1,000;MESURE
2025-10-06 00:00:00+02:00;70,000;1,000;MESURE
2025-10-06 01:00:00+02:00;69,000;1,000;MESURE
2025-10-06 02:00:00+02:00;70,000;1,000;MESURE
2025-10-06 03:00:00+02:00;69,000;1,000;MESURE
2025-10-06 04:00:00+02:00;70,000;1,000;MESURE
2025-10-06 05:00:00+02:00;68,000;1,000;MESURE
2025-10-06 06:00:00+02:00;69,000;1,000;MESURE
2025-10-06 07:00:00+02:00;69,000;1,000;MESURE
2025-10-06 08:00:00+02:00;71,000;1,000;MESURE
2025-10-06 09:00:00+02:00;70,000;1,000;MESURE
2025-10-06 10:00:00+02:00;71,000;1,000;MESURE
2025-10-06 11:00:00+02:00;70,000;1,000;MESURE
2025-10-06 12:00:00+02:00;71,000;1,000;MESURE
2025-10-06 13:00:00+02:00;70,000;1,000;MESURE
2025-10-06 14:00:00+02:00;71,000;1,000;MESURE
2025-10-06 15:00:00+02:00;71,000;1,000;MESURE
2025-10-06 16:00:00+02:00;71,000;1,000;MESURE
2025-10-06 17:00:00+02:00;70,000;1,000;MESURE
2025-10-06 18:00:00+02:00;71,000;1,000;MESURE
2025-10-06 19:00:00+02:00;2444,000;1,000;MESURE
2025-10-06 20:00:00+02:00;1601,000;1,000;MESURE
2025-10-06 21:00:00+02:00;69,000;1,000;MESURE
2025-10-06 22:00:00+02:00;69,000;1,000;MESURE
2025-10-06 23:00:00+02:00;69,000;1,000;MESURE
2025-10-07 00:00:00+02:00;69,000;1,000;MESURE
2025-10-07 01:00:00+02:00;69,000;1,000;MESURE
2025-10-07 02:00:00+02:00;69,000;1,000;MESURE
2025-10-07 03:00:00+02:00;70,000;1,000;MESURE
2025-10-07 04:00:00+02:00;69,000;1,000;MESURE
2025-10-07 05:00:00+02:00;68,000;1,000;MESURE
2025-10-07 06:00:00+02:00;69,000;1,000;MESURE
2025-10-07 07:00:00+02:00;68,000;1,000;MESURE
2025-10-07 08:00:00+02:00;70,000;1,000;MESURE
2025-10-07 09:00:00+02:00;70,000;1,000;MESURE
2025-10-07 10:00:00+02:00;70,000;1,000;MESURE
2025-10-07 11:00:00+02:00;71,000;1,000;MESURE
2025-10-07 12:00:00+02:00;71,000;1,000;MESURE
2025-10-07 13:00:00+02:00;72,000;1,000;MESURE
2025-10-07 14:00:00+02:00;71,000;1,000;MESURE
2025-10-07 15:00:00+02:00;71,000;1,000;MESURE
2025-10-07 16:00:00+02:00;72,000;1,000;MESURE
2025-10-07 17:00:00+02:00;71,000;1,000;MESURE
2025-10-07 18:00:00+02:00;71,000;1,000;MESURE
2025-10-07 19:00:00+02:00;72,000;1,000;MESURE
2025-10-07 20:00:00+02:00;69,000;1,000;MESURE
2025-10-07 21:00:00+02:00;70,000;1,000;MESURE
2025-10-07 22:00:00+02:00;70,000;1,000;MESURE
2025-10-07 23:00:00+02:00;70,000;1,000;MESURE
2025-10-08 00:00:00+02:00;70,000;1,000;MESURE
2025-10-08 01:00:00+02:00;69,000;1,000;MESURE
2025-10-08 02:00:00+02:00;70,000;1,000;MESURE
2025-10-08 03:00:00+02:00;70,000;1,000;MESURE
2025-10-08 04:00:00+02:00;70,000;1,000;MESURE
2025-10-08 05:00:00+02:00;69,000;1,000;MESURE
2025-10-08 06:00:00+02:00;8001,000;1,000;MESURE
2025-10-08 07:00:00+02:00;11887,000;1,000;MESURE
2025-10-08 08:00:00+02:00;3481,000;1,000;MESURE
2025-10-08 09:00:00+02:00;71,000;1,000;MESURE
2025-10-08 10:00:00+02:00;72,000;1,000;MESURE
2025-10-08 11:00:00+02:00;71,000;1,000;MESURE
2025-10-08 12:00:00+02:00;71,000;1,000;MESURE
2025-10-08 13:00:00+02:00;71,000;1,000;MESURE
2025-10-08 14:00:00+02:00;72,000;1,000;MESURE
2025-10-08 15:00:00+02:00;71,000;1,000;MESURE
2025-10-08 16:00:00+02:00;71,000;1,000;MESURE
2025-10-08 17:00:00+02:00;72,000;1,000;MESURE
2025-10-08 18:00:00+02:00;8228,000;1,000;MESURE
2025-10-08 19:00:00+02:00;10479,000;1,000;MESURE
2025-10-08 20:00:00+02:00;10451,000;1,000;MESURE
2025-10-08 21:00:00+02:00;6492,000;1,000;MESURE
2025-10-08 22:00:00+02:00;69,000;1,000;MESURE
2025-10-08 23:00:00+02:00;70,000;1,000;MESURE
2025-10-09 00:00:00+02:00;70,000;1,000;MESURE
2025-10-09 01:00:00+02:00;70,000;1,000;MESURE
2025-10-09 02:00:00+02:00;69,000;1,000;MESURE
2025-10-09 03:00:00+02:00;70,000;1,000;MESURE
2025-10-09 04:00:00+02:00;69,000;1,000;MESURE
2025-10-09 05:00:00+02:00;69,000;1,000;MESURE
2025-10-09 06:00:00+02:00;7946,000;1,000;MESURE
2025-10-09 07:00:00+02:00;11852,000;1,000;MESURE
2025-10-09 08:00:00+02:00;10389,000;1,000;MESURE
2025-10-09 09:00:00+02:00;9986,000;1,000;MESURE
2025-10-09 10:00:00+02:00;79,000;1,000;MESURE
2025-10-09 11:00:00+02:00;71,000;1,000;MESURE
2025-10-09 12:00:00+02:00;72,000;1,000;MESURE
2025-10-09 13:00:00+02:00;73,000;1,000;MESURE
2025-10-09 14:00:00+02:00;72,000;1,000;MESURE
2025-10-09 15:00:00+02:00;73,000;1,000;MESURE
2025-10-09 16:00:00+02:00;72,000;1,000;MESURE
2025-10-09 17:00:00+02:00;72,000;1,000;MESURE
2025-10-09 18:00:00+02:00;1522,000;1,000;MESURE
2025-10-09 19:00:00+02:00;11106,000;1,000;MESURE
2025-10-09 20:00:00+02:00;70,000;1,000;MESURE
2025-10-09 21:00:00+02:00;71,000;1,000;MESURE
2025-10-09 22:00:00+02:00;70,000;1,000;MESURE
2025-10-09 23:00:00+02:00;71,000;1,000;MESURE
2025-10-10 00:00:00+02:00;70,000;1,000;MESURE
2025-10-10 01:00:00+02:00;70,000;1,000;MESURE
2025-10-10 02:00:00+02:00;71,000;1,000;MESURE
2025-10-10 03:00:00+02:00;70,000;1,000;MESURE
2025-10-10 04:00:00+02:00;70,000;1,000;MESURE
2025-10-10 05:00:00+02:00;70,000;1,000;MESURE
2025-10-10 06:00:00+02:00;70,000;1,000;MESURE
2025-10-10 07:00:00+02:00;70,000;1,000;MESURE
2025-10-10 08:00:00+02:00;72,000;1,000;MESURE
2025-10-10 09:00:00+02:00;72,000;1,000;MESURE
2025-10-10 10:00:00+02:00;71,000;1,000;MESURE
2025-10-10 11:00:00+02:00;72,000;1,000;MESURE
2025-10-10 12:00:00+02:00;72,000;1,000;MESURE
2025-10-10 13:00:00+02:00;72,000;1,000;MESURE
2025-10-10 14:00:00+02:00;2755,000;1,000;MESURE
2025-10-10 15:00:00+02:00;8869,000;1,000;MESURE
2025-10-10 16:00:00+02:00;7094,000;1,000;MESURE
2025-10-10 17:00:00+02:00;11434,000;1,000;MESURE
2025-10-10 18:00:00+02:00;11558,000;1,000;MESURE
2025-10-10 19:00:00+02:00;4751,000;1,000;MESURE
2025-10-10 20:00:00+02:00;70,000;1,000;MESURE
2025-10-10 21:00:00+02:00;70,000;1,000;MESURE
2025-10-10 22:00:00+02:00;70,000;1,000;MESURE
2025-10-10 23:00:00+02:00;71,000;1,000;MESURE
2025-10-11 00:00:00+02:00;69,000;1,000;MESURE
2025-10-11 01:00:00+02:00;70,000;1,000;MESURE
2025-10-11 02:00:00+02:00;70,000;1,000;MESURE
2025-10-11 03:00:00+02:00;70,000;1,000;MESURE
2025-10-11 04:00:00+02:00;69,000;1,000;MESURE
2025-10-11 05:00:00+02:00;70,000;1,000;MESURE
2025-10-11 06:00:00+02:00;69,000;1,000;MESURE
2025-10-11 07:00:00+02:00;9113,000;1,000;MESURE
2025-10-11 08:00:00+02:00;11965,000;1,000;MESURE
2025-10-11 09:00:00+02:00;6337,000;1,000;MESURE
2025-10-11 10:00:00+02:00;8442,000;1,000;MESURE
2025-10-11 11:00:00+02:00;2879,000;1,000;MESURE
2025-10-11 12:00:00+02:00;11466,000;1,000;MESURE
2025-10-11 13:00:00+02:00;11496,000;1,000;MESURE
2025-10-11 14:00:00+02:00;2560,000;1,000;MESURE
2025-10-11 15:00:00+02:00;72,000;1,000;MESURE
2025-10-11 16:00:00+02:00;72,000;1,000;MESURE
2025-10-11 17:00:00+02:00;71,000;1,000;MESURE
2025-10-11 18:00:00+02:00;72,000;1,000;MESURE
2025-10-11 19:00:00+02:00;72,000;1,000;MESURE
2025-10-11 20:00:00+02:00;70,000;1,000;MESURE
2025-10-11 21:00:00+02:00;6447,000;1,000;MESURE
2025-10-11 22:00:00+02:00;7263,000;1,000;MESURE
2025-10-11 23:00:00+02:00;7261,000;1,000;MESURE
2025-10-12 00:00:00+02:00;7073,000;1,000;MESURE
2025-10-12 01:00:00+02:00;799,000;1,000;MESURE
2025-10-12 02:00:00+02:00;70,000;1,000;MESURE
2025-10-12 03:00:00+02:00;69,000;1,000;MESURE
2025-10-12 04:00:00+02:00;71,000;1,000;MESURE
2025-10-12 05:00:00+02:00;69,000;1,000;MESURE
2025-10-12 06:00:00+02:00;69,000;1,000;MESURE
2025-10-12 07:00:00+02:00;5475,000;1,000;MESURE
2025-10-12 08:00:00+02:00;10475,000;1,000;MESURE
2025-10-12 09:00:00+02:00;10457,000;1,000;MESURE
2025-10-12 10:00:00+02:00;10303,000;1,000;MESURE
2025-10-12 11:00:00+02:00;73,000;1,000;MESURE
2025-10-12 12:00:00+02:00;71,000;1,000;MESURE
2025-10-12 13:00:00+02:00;71,000;1,000;MESURE
2025-10-12 14:00:00+02:00;1890,000;1,000;MESURE
2025-10-12 15:00:00+02:00;8795,000;1,000;MESURE
2025-10-12 16:00:00+02:00;1733,000;1,000;MESURE
2025-10-12 17:00:00+02:00;71,000;1,000;MESURE
2025-10-12 18:00:00+02:00;71,000;1,000;MESURE
2025-10-12 19:00:00+02:00;12631,000;1,000;MESURE
2025-10-12 20:00:00+02:00;17437,000;1,000;MESURE
2025-10-12 21:00:00+02:00;14903,000;1,000;MESURE
2025-10-12 22:00:00+02:00;2067,000;1,000;MESURE
2025-10-12 23:00:00+02:00;69,000;1,000;MESURE
2025-10-13 00:00:00+02:00;70,000;1,000;MESURE
2025-10-13 01:00:00+02:00;69,000;1,000;MESURE
2025-10-13 02:00:00+02:00;70,000;1,000;MESURE
2025-10-13 03:00:00+02:00;70,000;1,000;MESURE
2025-10-13 04:00:00+02:00;69,000;1,000;MESURE
2025-10-13 05:00:00+02:00;69,000;1,000;MESURE
2025-10-13 06:00:00+02:00;69,000;1,000;MESURE
2025-10-13 07:00:00+02:00;69,000;1,000;MESURE
2025-10-13 08:00:00+02:00;70,000;1,000;MESURE
2025-10-13 09:00:00+02:00;70,000;1,000;MESURE
2025-10-13 10:00:00+02:00;71,000;1,000;MESURE
2025-10-13 11:00:00+02:00;72,000;1,000;MESURE
2025-10-13 12:00:00+02:00;72,000;1,000;MESURE
2025-10-13 13:00:00+02:00;876,000;1,000;MESURE
2025-10-13 14:00:00+02:00;11660,000;1,000;MESURE
2025-10-13 15:00:00+02:00;3256,000;1,000;MESURE
2025-10-13 16:00:00+02:00;72,000;1,000;MESURE
2025-10-13 17:00:00+02:00;71,000;1,000;MESURE
2025-10-13 18:00:00+02:00;71,000;1,000;MESURE
2025-10-13 19:00:00+02:00;72,000;1,000;MESURE
2025-10-13 20:00:00+02:00;70,000;1,000;MESURE
2025-10-13 21:00:00+02:00;70,000;1,000;MESURE
2025-10-13 22:00:00+02:00;70,000;1,000;MESURE
2025-10-13 23:00:00+02:00;69,000;1,000;MESURE
2025-10-14 00:00:00+02:00;70,000;1,000;MESURE
2025-10-14 01:00:00+02:00;70,000;1,000;MESURE
2025-10-14 02:00:00+02:00;70,000;1,000;MESURE
2025-10-14 03:00:00+02:00;70,000;1,000;MESURE
2025-10-14 04:00:00+02:00;69,000;1,000;MESURE
2025-10-14 05:00:00+02:00;70,000;1,000;MESURE
2025-10-14 06:00:00+02:00;69,000;1,000;MESURE
2025-10-14 07:00:00+02:00;69,000;1,000;MESURE
2025-10-14 08:00:00+02:00;71,000;1,000;MESURE
2025-10-14 09:00:00+02:00;76,000;1,000;MESURE
2025-10-14 10:00:00+02:00;7001,000;1,000;MESURE
2025-10-14 11:00:00+02:00;7014,000;1,000;MESURE
2025-10-14 12:00:00+02:00;6584,000;1,000;MESURE
2025-10-14 13:00:00+02:00;683,000;1,000;MESURE
2025-10-14 14:00:00+02:00;71,000;1,000;MESURE
2025-10-14 15:00:00+02:00;71,000;1,000;MESURE
2025-10-14 16:00:00+02:00;71,000;1,000;MESURE
2025-10-14 17:00:00+02:00;71,000;1,000;MESURE
2025-10-14 18:00:00+02:00;70,000;1,000;MESURE
2025-10-14 19:00:00+02:00;71,000;1,000;MESURE
2025-10-14 20:00:00+02:00;4855,000;1,000;MESURE
2025-10-14 21:00:00+02:00;69,000;1,000;MESURE
2025-10-14 22:00:00+02:00;70,000;1,000;MESURE
2025-10-14 23:00:00+02:00;69,000;1,000;MESURE
2025-10-15 00:00:00+02:00;69,000;1,000;MESURE
2025-10-15 01:00:00+02:00;70,000;1,000;MESURE
2025-10-15 02:00:00+02:00;69,000;1,000;MESURE
2025-10-15 03:00:00+02:00;69,000;1,000;MESURE
2025-10-15 04:00:00+02:00;70,000;1,000;MESURE
2025-10-15 05:00:00+02:00;68,000;1,000;MESURE
2025-10-15 06:00:00+02:00;7272,000;1,000;MESURE
2025-10-15 07:00:00+02:00;11840,000;1,000;MESURE
2025-10-15 08:00:00+02:00;4208,000;1,000;MESURE
2025-10-15 09:00:00+02:00;70,000;1,000;MESURE
2025-10-15 10:00:00+02:00;71,000;1,000;MESURE
2025-10-15 11:00:00+02:00;481,000;1,000;MESURE
2025-10-15 12:00:00+02:00;10852,000;1,000;MESURE
2025-10-15 13:00:00+02:00;10841,000;1,000;MESURE
2025-10-15 14:00:00+02:00;10837,000;1,000;MESURE
2025-10-15 15:00:00+02:00;1144,000;1,000;MESURE
2025-10-15 16:00:00+02:00;10530,000;1,000;MESURE
2025-10-15 17:00:00+02:00;6328,000;1,000;MESURE
2025-10-15 18:00:00+02:00;72,000;1,000;MESURE
2025-10-15 19:00:00+02:00;72,000;1,000;MESURE
2025-10-15 20:00:00+02:00;70,000;1,000;MESURE
2025-10-15 21:00:00+02:00;70,000;1,000;MESURE
2025-10-15 22:00:00+02:00;70,000;1,000;MESURE
2025-10-15 23:00:00+02:00;70,000;1,000;MESURE
2025-10-16 00:00:00+02:00;69,000;1,000;MESURE
2025-10-16 01:00:00+02:00;70,000;1,000;MESURE
2025-10-16 02:00:00+02:00;70,000;1,000;MESURE
2025-10-16 03:00:00+02:00;70,000;1,000;MESURE
2025-10-16 04:00:00+02:00;70,000;1,000;MESURE
2025-10-16 05:00:00+02:00;69,000;1,000;MESURE
2025-10-16 06:00:00+02:00;7525,000;1,000;MESURE
2025-10-16 07:00:00+02:00;9185,000;1,000;MESURE
2025-10-16 08:00:00+02:00;72,000;1,000;MESURE
2025-10-16 09:00:00+02:00;71,000;1,000;MESURE
2025-10-16 10:00:00+02:00;71,000;1,000;MESURE
2025-10-16 11:00:00+02:00;72,000;1,000;MESURE
2025-10-16 12:00:00+02:00;71,000;1,000;MESURE
2025-10-16 13:00:00+02:00;73,000;1,000;MESURE
2025-10-16 14:00:00+02:00;72,000;1,000;MESURE
2025-10-16 15:00:00+02:00;18880,000;1,000;MESURE
2025-10-16 16:00:00+02:00;16111,000;1,000;MESURE
2025-10-16 17:00:00+02:00;72,000;1,000;MESURE
2025-10-16 18:00:00+02:00;19976,000;1,000;MESURE
2025-10-16 19:00:00+02:00;12890,000;1,000;MESURE
2025-10-16 20:00:00+02:00;70,000;1,000;MESURE
2025-10-16 21:00:00+02:00;70,000;1,000;MESURE
2025-10-16 22:00:00+02:00;70,000;1,000;MESURE
2025-10-16 23:00:00+02:00;70,000;1,000;MESURE
2025-10-17 00:00:00+02:00;70,000;1,000;MESURE
2025-10-17 01:00:00+02:00;70,000;1,000;MESURE
2025-10-17 02:00:00+02:00;70,000;1,000;MESURE
2025-10-17 03:00:00+02:00;69,000;1,000;MESURE
2025-10-17 04:00:00+02:00;70,000;1,000;MESURE
2025-10-17 05:00:00+02:00;69,000;1,000;MESURE
2025-10-17 06:00:00+02:00;70,000;1,000;MESURE
2025-10-17 07:00:00+02:00;69,000;1,000;MESURE
2025-10-17 08:00:00+02:00;3720,000;1,000;MESURE
2025-10-17 09:00:00+02:00;7291,000;1,000;MESURE
2025-10-17 10:00:00+02:00;6410,000;1,000;MESURE
2025-10-17 11:00:00+02:00;7296,000;1,000;MESURE
2025-10-17 12:00:00+02:00;7257,000;1,000;MESURE
2025-10-17 13:00:00+02:00;5911,000;1,000;MESURE
2025-10-17 14:00:00+02:00;387,000;1,000;MESURE
2025-10-17 15:00:00+02:00;72,000;1,000;MESURE
2025-10-17 16:00:00+02:00;71,000;1,000;MESURE
2025-10-17 17:00:00+02:00;71,000;1,000;MESURE
2025-10-17 18:00:00+02:00;1909,000;1,000;MESURE
2025-10-17 19:00:00+02:00;6835,000;1,000;MESURE
2025-10-17 20:00:00+02:00;70,000;1,000;MESURE
2025-10-17 21:00:00+02:00;70,000;1,000;MESURE
2025-10-17 22:00:00+02:00;70,000;1,000;MESURE
2025-10-17 23:00:00+02:00;70,000;1,000;MESURE
2025-10-18 00:00:00+02:00;70,000;1,000;MESURE
2025-10-18 01:00:00+02:00;70,000;1,000;MESURE
2025-10-18 02:00:00+02:00;70,000;1,000;MESURE
2025-10-18 03:00:00+02:00;70,000;1,000;MESURE
2025-10-18 04:00:00+02:00;69,000;1,000;MESURE
2025-10-18 05:00:00+02:00;70,000;1,000;MESURE
2025-10-18 06:00:00+02:00;69,000;1,000;MESURE
2025-10-18 07:00:00+02:00;69,000;1,000;MESURE
2025-10-18 08:00:00+02:00;2491,000;1,000;MESURE
2025-10-18 09:00:00+02:00;10434,000;1,000;MESURE
2025-10-18 10:00:00+02:00;5195,000;1,000;MESURE
2025-10-18 11:00:00+02:00;71,000;1,000;MESURE
2025-10-18 12:00:00+02:00;72,000;1,000;MESURE
2025-10-18 13:00:00+02:00;4627,000;1,000;MESURE
2025-10-18 14:00:00+02:00;10839,000;1,000;MESURE
2025-10-18 15:00:00+02:00;10903,000;1,000;MESURE
2025-10-18 16:00:00+02:00;10901,000;1,000;MESURE
2025-10-18 17:00:00+02:00;5333,000;1,000;MESURE
2025-10-18 18:00:00+02:00;71,000;1,000;MESURE
2025-10-18 19:00:00+02:00;71,000;1,000;MESURE
2025-10-18 20:00:00+02:00;69,000;1,000;MESURE
2025-10-18 21:00:00+02:00;70,000;1,000;MESURE
2025-10-18 22:00:00+02:00;5482,000;1,000;MESURE
2025-10-18 23:00:00+02:00;17406,000;1,000;MESURE
2025-10-19 00:00:00+02:00;17422,000;1,000;MESURE
2025-10-19 01:00:00+02:00;9289,000;1,000;MESURE
2025-10-19 02:00:00+02:00;1315,000;1,000;MESURE
2025-10-19 03:00:00+02:00;70,000;1,000;MESURE
2025-10-19 04:00:00+02:00;2312,000;1,000;MESURE
2025-10-19 05:00:00+02:00;11871,000;1,000;MESURE
2025-10-19 06:00:00+02:00;11876,000;1,000;MESURE
2025-10-19 07:00:00+02:00;6361,000;1,000;MESURE
2025-10-19 08:00:00+02:00;70,000;1,000;MESURE
2025-10-19 09:00:00+02:00;9634,000;1,000;MESURE
2025-10-19 10:00:00+02:00;7764,000;1,000;MESURE
2025-10-19 11:00:00+02:00;71,000;1,000;MESURE
2025-10-19 12:00:00+02:00;71,000;1,000;MESURE
2025-10-19 13:00:00+02:00;5230,000;1,000;MESURE
2025-10-19 14:00:00+02:00;11139,000;1,000;MESURE
2025-10-19 15:00:00+02:00;10870,000;1,000;MESURE
2025-10-19 16:00:00+02:00;2187,000;1,000;MESURE
2025-10-19 17:00:00+02:00;71,000;1,000;MESURE
2025-10-19 18:00:00+02:00;71,000;1,000;MESURE
2025-10-19 19:00:00+02:00;5926,000;1,000;MESURE
2025-10-19 20:00:00+02:00;10464,000;1,000;MESURE
2025-10-19 21:00:00+02:00;10441,000;1,000;MESURE
2025-10-19 22:00:00+02:00;3835,000;1,000;MESURE
2025-10-19 23:00:00+02:00;69,000;1,000;MESURE
2025-10-20 00:00:00+02:00;69,000;1,000;MESURE
2025-10-20 01:00:00+02:00;69,000;1,000;MESURE
2025-10-20 02:00:00+02:00;69,000;1,000;MESURE
2025-10-20 03:00:00+02:00;70,000;1,000;MESURE
2025-10-20 04:00:00+02:00;69,000;1,000;MESURE
2025-10-20 05:00:00+02:00;68,000;1,000;MESURE
2025-10-20 06:00:00+02:00;69,000;1,000;MESURE
2025-10-20 07:00:00+02:00;69,000;1,000;MESURE
2025-10-20 08:00:00+02:00;70,000;1,000;MESURE
2025-10-20 09:00:00+02:00;71,000;1,000;MESURE
2025-10-20 10:00:00+02:00;71,000;1,000;MESURE
2025-10-20 11:00:00+02:00;6309,000;1,000;MESURE
2025-10-20 12:00:00+02:00;10481,000;1,000;MESURE
2025-10-20 13:00:00+02:00;10467,000;1,000;MESURE
2025-10-20 14:00:00+02:00;10443,000;1,000;MESURE
2025-10-20 15:00:00+02:00;10436,000;1,000;MESURE
2025-10-20 16:00:00+02:00;3485,000;1,000;MESURE
2025-10-20 17:00:00+02:00;72,000;1,000;MESURE
2025-10-20 18:00:00+02:00;72,000;1,000;MESURE
2025-10-20 19:00:00+02:00;72,000;1,000;MESURE
2025-10-20 20:00:00+02:00;71,000;1,000;MESURE
2025-10-20 21:00:00+02:00;70,000;1,000;MESURE
2025-10-20 22:00:00+02:00;71,000;1,000;MESURE
2025-10-20 23:00:00+02:00;70,000;1,000;MESURE
2025-10-21 00:00:00+02:00;70,000;1,000;MESURE
2025-10-21 01:00:00+02:00;70,000;1,000;MESURE
2025-10-21 02:00:00+02:00;70,000;1,000;MESURE
2025-10-21 03:00:00+02:00;70,000;1,000;MESURE
2025-10-21 04:00:00+02:00;69,000;1,000;MESURE
2025-10-21 05:00:00+02:00;70,000;1,000;MESURE
2025-10-21 06:00:00+02:00;1701,000;1,000;MESURE
2025-10-21 07:00:00+02:00;11949,000;1,000;MESURE
2025-10-21 08:00:00+02:00;9071,000;1,000;MESURE
2025-10-21 09:00:00+02:00;72,000;1,000;MESURE
2025-10-21 10:00:00+02:00;71,000;1,000;MESURE
2025-10-21 11:00:00+02:00;72,000;1,000;MESURE
2025-10-21 12:00:00+02:00;71,000;1,000;MESURE
2025-10-21 13:00:00+02:00;6912,000;1,000;MESURE
2025-10-21 14:00:00+02:00;11430,000;1,000;MESURE
2025-10-21 15:00:00+02:00;10448,000;1,000;MESURE
2025-10-21 16:00:00+02:00;72,000;1,000;MESURE
2025-10-21 17:00:00+02:00;72,000;1,000;MESURE
2025-10-21 18:00:00+02:00;72,000;1,000;MESURE
2025-10-21 19:00:00+02:00;10153,000;1,000;MESURE
2025-10-21 20:00:00+02:00;7166,000;1,000;MESURE
2025-10-21 21:00:00+02:00;71,000;1,000;MESURE
2025-10-21 22:00:00+02:00;70,000;1,000;MESURE
2025-10-21 23:00:00+02:00;70,000;1,000;MESURE
2025-10-22 00:00:00+02:00;69,000;1,000;MESURE
2025-10-22 01:00:00+02:00;70,000;1,000;MESURE
2025-10-22 02:00:00+02:00;70,000;1,000;MESURE
2025-10-22 03:00:00+02:00;70,000;1,000;MESURE
2025-10-22 04:00:00+02:00;69,000;1,000;MESURE
2025-10-22 05:00:00+02:00;70,000;1,000;MESURE
2025-10-22 06:00:00+02:00;1296,000;1,000;MESURE
2025-10-22 07:00:00+02:00;11880,000;1,000;MESURE
2025-10-22 08:00:00+02:00;9305,000;1,000;MESURE
2025-10-22 09:00:00+02:00;70,000;1,000;MESURE
2025-10-22 10:00:00+02:00;72,000;1,000;MESURE
2025-10-22 11:00:00+02:00;72,000;1,000;MESURE
2025-10-22 12:00:00+02:00;72,000;1,000;MESURE
2025-10-22 13:00:00+02:00;73,000;1,000;MESURE
2025-10-22 14:00:00+02:00;72,000;1,000;MESURE
2025-10-22 15:00:00+02:00;8659,000;1,000;MESURE
2025-10-22 16:00:00+02:00;11580,000;1,000;MESURE
2025-10-22 17:00:00+02:00;11596,000;1,000;MESURE
2025-10-22 18:00:00+02:00;3070,000;1,000;MESURE
2025-10-22 19:00:00+02:00;7367,000;1,000;MESURE
2025-10-22 20:00:00+02:00;1199,000;1,000;MESURE
2025-10-22 21:00:00+02:00;70,000;1,000;MESURE
2025-10-22 22:00:00+02:00;71,000;1,000;MESURE
2025-10-22 23:00:00+02:00;71,000;1,000;MESURE
2025-10-23 00:00:00+02:00;70,000;1,000;MESURE
2025-10-23 01:00:00+02:00;71,000;1,000;MESURE
2025-10-23 02:00:00+02:00;70,000;1,000;MESURE
2025-10-23 03:00:00+02:00;71,000;1,000;MESURE
2025-10-23 04:00:00+02:00;70,000;1,000;MESURE
2025-10-23 05:00:00+02:00;70,000;1,000;MESURE
2025-10-23 06:00:00+02:00;70,000;1,000;MESURE
2025-10-23 07:00:00+02:00;70,000;1,000;MESURE
2025-10-23 08:00:00+02:00;71,000;1,000;MESURE
2025-10-23 09:00:00+02:00;72,000;1,000;MESURE
2025-10-23 10:00:00+02:00;3522,000;1,000;MESURE
2025-10-23 11:00:00+02:00;17077,000;1,000;MESURE
2025-10-23 12:00:00+02:00;14083,000;1,000;MESURE
2025-10-23 13:00:00+02:00;14409,000;1,000;MESURE
2025-10-23 14:00:00+02:00;15783,000;1,000;MESURE
2025-10-23 15:00:00+02:00;22197,000;1,000;MESURE
2025-10-23 16:00:00+02:00;16102,000;1,000;MESURE
2025-10-23 17:00:00+02:00;73,000;1,000;MESURE
2025-10-23 18:00:00+02:00;73,000;1,000;MESURE
2025-10-23 19:00:00+02:00;73,000;1,000;MESURE
2025-10-23 20:00:00+02:00;3013,000;1,000;MESURE
2025-10-23 21:00:00+02:00;10472,000;1,000;MESURE
2025-10-23 22:00:00+02:00;10445,000;1,000;MESURE
2025-10-23 23:00:00+02:00;3911,000;1,000;MESURE
2025-10-24 00:00:00+02:00;71,000;1,000;MESURE
2025-10-24 01:00:00+02:00;71,000;1,000;MESURE
2025-10-24 02:00:00+02:00;71,000;1,000;MESURE
2025-10-24 03:00:00+02:00;71,000;1,000;MESURE
2025-10-24 04:00:00+02:00;71,000;1,000;MESURE
2025-10-24 05:00:00+02:00;70,000;1,000;MESURE
2025-10-24 06:00:00+02:00;1899,000;1,000;MESURE
2025-10-24 07:00:00+02:00;11859,000;1,000;MESURE
2025-10-24 08:00:00+02:00;10208,000;1,000;MESURE
2025-10-24 09:00:00+02:00;2899,000;1,000;MESURE
2025-10-24 10:00:00+02:00;14901,000;1,000;MESURE
2025-10-24 11:00:00+02:00;11891,000;1,000;MESURE
2025-10-24 12:00:00+02:00;11028,000;1,000;MESURE
2025-10-24 13:00:00+02:00;11039,000;1,000;MESURE
2025-10-24 14:00:00+02:00;19311,000;1,000;MESURE
2025-10-24 15:00:00+02:00;14932,000;1,000;MESURE
2025-10-24 16:00:00+02:00;6295,000;1,000;MESURE
2025-10-24 17:00:00+02:00;10844,000;1,000;MESURE
2025-10-24 18:00:00+02:00;10837,000;1,000;MESURE
2025-10-24 19:00:00+02:00;1936,000;1,000;MESURE
2025-10-24 20:00:00+02:00;71,000;1,000;MESURE
2025-10-24 21:00:00+02:00;71,000;1,000;MESURE
2025-10-24 22:00:00+02:00;71,000;1,000;MESURE
2025-10-24 23:00:00+02:00;71,000;1,000;MESURE
2025-10-25 00:00:00+02:00;71,000;1,000;MESURE
2025-10-25 01:00:00+02:00;71,000;1,000;MESURE
2025-10-25 02:00:00+02:00;71,000;1,000;MESURE
2025-10-25 03:00:00+02:00;70,000;1,000;MESURE
2025-10-25 04:00:00+02:00;71,000;1,000;MESURE
2025-10-25 05:00:00+02:00;70,000;1,000;MESURE
2025-10-25 06:00:00+02:00;70,000;1,000;MESURE
2025-10-25 07:00:00+02:00;70,000;1,000;MESURE
2025-10-25 08:00:00+02:00;72,000;1,000;MESURE
2025-10-25 09:00:00+02:00;72,000;1,000;MESURE
2025-10-25 10:00:00+02:00;73,000;1,000;MESURE
2025-10-25 11:00:00+02:00;72,000;1,000;MESURE
2025-10-25 12:00:00+02:00;73,000;1,000;MESURE
2025-10-25 13:00:00+02:00;72,000;1,000;MESURE
2025-10-25 14:00:00+02:00;72,000;1,000;MESURE
2025-10-25 15:00:00+02:00;72,000;1,000;MESURE
2025-10-25 16:00:00+02:00;72,000;1,000;MESURE
2025-10-25 17:00:00+02:00;73,000;1,000;MESURE
2025-10-25 18:00:00+02:00;72,000;1,000;MESURE
2025-10-25 19:00:00+02:00;72,000;1,000;MESURE
2025-10-25 20:00:00+02:00;71,000;1,000;MESURE
2025-10-25 21:00:00+02:00;71,000;1,000;MESURE
2025-10-25 22:00:00+02:00;71,000;1,000;MESURE
2025-10-25 23:00:00+02:00;71,000;1,000;MESURE
2025-10-26 00:00:00+02:00;71,000;1,000;MESURE
2025-10-26 01:00:00+02:00;71,000;1,000;MESURE
2025-10-26 02:00:00+02:00;71,000;1,000;MESURE
2025-10-26 02:00:00+01:00;70,000;1,000;MESURE
2025-10-26 03:00:00+01:00;71,000;1,000;MESURE
2025-10-26 04:00:00+01:00;71,000;1,000;MESURE
2025-10-26 05:00:00+01:00;70,000;1,000;MESURE
2025-10-26 06:00:00+01:00;70,000;1,000;MESURE
2025-10-26 07:00:00+01:00;1201,000;1,000;MESURE
2025-10-26 08:00:00+01:00;10053,000;1,000;MESURE
2025-10-26 09:00:00+01:00;18430,000;1,000;MESURE
2025-10-26 10:00:00+01:00;12208,000;1,000;MESURE
2025-10-26 11:00:00+01:00;8138,000;1,000;MESURE
2025-10-26 12:00:00+01:00;71,000;1,000;MESURE
2025-10-26 13:00:00+01:00;72,000;1,000;MESURE
2025-10-26 14:00:00+01:00;71,000;1,000;MESURE
2025-10-26 15:00:00+01:00;72,000;1,000;MESURE
2025-10-26 16:00:00+01:00;71,000;1,000;MESURE
2025-10-26 17:00:00+01:00;71,000;1,000;MESURE
2025-10-26 18:00:00+01:00;72,000;1,000;MESURE
2025-10-26 19:00:00+01:00;71,000;1,000;MESURE
2025-10-26 20:00:00+01:00;70,000;1,000;MESURE
2025-10-26 21:00:00+01:00;70,000;1,000;MESURE
2025-10-26 22:00:00+01:00;70,000;1,000;MESURE
2025-10-26 23:00:00+01:00;69,000;1,000;MESURE
2025-10-27 00:00:00+01:00;70,000;1,000;MESURE
2025-10-27 01:00:00+01:00;70,000;1,000;MESURE
2025-10-27 02:00:00+01:00;70,000;1,000;MESURE
2025-10-27 03:00:00+01:00;69,000;1,000;MESURE
2025-10-27 04:00:00+01:00;70,000;1,000;MESURE
2025-10-27 05:00:00+01:00;69,000;1,000;MESURE
2025-10-27 06:00:00+01:00;69,000;1,000;MESURE
2025-10-27 07:00:00+01:00;69,000;1,000;MESURE
2025-10-27 08:00:00+01:00;71,000;1,000;MESURE
2025-10-27 09:00:00+01:00;4567,000;1,000;MESURE
2025-10-27 10:00:00+01:00;71,000;1,000;MESURE
2025-10-27 11:00:00+01:00;72,000;1,000;MESURE
2025-10-27 12:00:00+01:00;9224,000;1,000;MESURE
2025-10-27 13:00:00+01:00;10448,000;1,000;MESURE
2025-10-27 14:00:00+01:00;10421,000;1,000;MESURE
2025-10-27 15:00:00+01:00;4849,000;1,000;MESURE
2025-10-27 16:00:00+01:00;72,000;1,000;MESURE
2025-10-27 17:00:00+01:00;71,000;1,000;MESURE
2025-10-27 18:00:00+01:00;72,000;1,000;MESURE
2025-10-27 19:00:00+01:00;72,000;1,000;MESURE
2025-10-27 20:00:00+01:00;70,000;1,000;MESURE
2025-10-27 21:00:00+01:00;70,000;1,000;MESURE
2025-10-27 22:00:00+01:00;70,000;1,000;MESURE
2025-10-27 23:00:00+01:00;70,000;1,000;MESURE
2025-10-28 00:00:00+01:00;70,000;1,000;MESURE
2025-10-28 01:00:00+01:00;69,000;1,000;MESURE
2025-10-28 02:00:00+01:00;70,000;1,000;MESURE
2025-10-28 03:00:00+01:00;70,000;1,000;MESURE
2025-10-28 04:00:00+01:00;69,000;1,000;MESURE
2025-10-28 05:00:00+01:00;69,000;1,000;MESURE
2025-10-28 06:00:00+01:00;70,000;1,000;MESURE
2025-10-28 07:00:00+01:00;69,000;1,000;MESURE
2025-10-28 08:00:00+01:00;71,000;1,000;MESURE
2025-10-28 09:00:00+01:00;70,000;1,000;MESURE
2025-10-28 10:00:00+01:00;71,000;1,000;MESURE
2025-10-28 11:00:00+01:00;71,000;1,000;MESURE
2025-10-28 12:00:00+01:00;71,000;1,000;MESURE
2025-10-28 13:00:00+01:00;72,000;1,000;MESURE
2025-10-28 14:00:00+01:00;72,000;1,000;MESURE
2025-10-28 15:00:00+01:00;72,000;1,000;MESURE
2025-10-28 16:00:00+01:00;72,000;1,000;MESURE
2025-10-28 17:00:00+01:00;71,000;1,000;MESURE
2025-10-28 18:00:00+01:00;73,000;1,000;MESURE
2025-10-28 19:00:00+01:00;17399,000;1,000;MESURE
2025-10-28 20:00:00+01:00;6235,000;1,000;MESURE
2025-10-28 21:00:00+01:00;70,000;1,000;MESURE
2025-10-28 22:00:00+01:00;71,000;1,000;MESURE
2025-10-28 23:00:00+01:00;70,000;1,000;MESURE
2025-10-29 00:00:00+01:00;70,000;1,000;MESURE
2025-10-29 01:00:00+01:00;70,000;1,000;MESURE
2025-10-29 02:00:00+01:00;71,000;1,000;MESURE
2025-10-29 03:00:00+01:00;70,000;1,000;MESURE
2025-10-29 04:00:00+01:00;70,000;1,000;MESURE
2025-10-29 05:00:00+01:00;70,000;1,000;MESURE
2025-10-29 06:00:00+01:00;70,000;1,000;MESURE
2025-10-29 07:00:00+01:00;69,000;1,000;MESURE
2025-10-29 08:00:00+01:00;71,000;1,000;MESURE
2025-10-29 09:00:00+01:00;71,000;1,000;MESURE
2025-10-29 10:00:00+01:00;71,000;1,000;MESURE
2025-10-29 11:00:00+01:00;72,000;1,000;MESURE
2025-10-29 12:00:00+01:00;72,000;1,000;MESURE
2025-10-29 13:00:00+01:00;73,000;1,000;MESURE
2025-10-29 14:00:00+01:00;73,000;1,000;MESURE
2025-10-29 15:00:00+01:00;72,000;1,000;MESURE
2025-10-29 16:00:00+01:00;73,000;1,000;MESURE
2025-10-29 17:00:00+01:00;3460,000;1,000;MESURE
2025-10-29 18:00:00+01:00;22357,000;1,000;MESURE
2025-10-29 19:00:00+01:00;17720,000;1,000;MESURE
2025-10-29 20:00:00+01:00;11033,000;1,000;MESURE
2025-10-29 21:00:00+01:00;7484,000;1,000;MESURE
2025-10-29 22:00:00+01:00;71,000;1,000;MESURE
2025-10-29 23:00:00+01:00;71,000;1,000;MESURE
2025-10-30 00:00:00+01:00;70,000;1,000;MESURE
2025-10-30 01:00:00+01:00;71,000;1,000;MESURE
2025-10-30 02:00:00+01:00;70,000;1,000;MESURE
2025-10-30 03:00:00+01:00;71,000;1,000;MESURE
2025-10-30 04:00:00+01:00;70,000;1,000;MESURE
2025-10-30 05:00:00+01:00;70,000;1,000;MESURE
2025-10-30 06:00:00+01:00;70,000;1,000;MESURE
2025-10-30 07:00:00+01:00;70,000;1,000;MESURE
2025-10-30 08:00:00+01:00;72,000;1,000;MESURE
2025-10-30 09:00:00+01:00;72,000;1,000;MESURE
2025-10-30 10:00:00+01:00;72,000;1,000;MESURE
2025-10-30 11:00:00+01:00;72,000;1,000;MESURE
2025-10-30 12:00:00+01:00;73,000;1,000;MESURE
2025-10-30 13:00:00+01:00;72,000;1,000;MESURE
2025-10-30 14:00:00+01:00;72,000;1,000;MESURE
2025-10-30 15:00:00+01:00;2499,000;1,000;MESURE
2025-10-30 16:00:00+01:00;3861,000;1,000;MESURE
2025-10-30 17:00:00+01:00;3895,000;1,000;MESURE
2025-10-30 18:00:00+01:00;2456,000;1,000;MESURE
2025-10-30 19:00:00+01:00;73,000;1,000;MESURE
2025-10-30 20:00:00+01:00;71,000;1,000;MESURE
2025-10-30 21:00:00+01:00;71,000;1,000;MESURE
2025-10-30 22:00:00+01:00;70,000;1,000;MESURE
2025-10-30 23:00:00+01:00;71,000;1,000;MESURE
2025-10-31 00:00:00+01:00;71,000;1,000;MESURE
2025-10-31 01:00:00+01:00;70,000;1,000;MESURE
2025-10-31 02:00:00+01:00;71,000;1,000;MESURE
2025-10-31 03:00:00+01:00;70,000;1,000;MESURE
2025-10-31 04:00:00+01:00;71,000;1,000;MESURE
2025-10-31 05:00:00+01:00;70,000;1,000;MESURE
2025-10-31 06:00:00+01:00;70,000;1,000;MESURE
2025-10-31 07:00:00+01:00;70,000;1,000;MESURE
2025-10-31 08:00:00+01:00;71,000;1,000;MESURE
2025-10-31 09:00:00+01:00;6827,000;1,000;MESURE
2025-10-31 10:00:00+01:00;8649,000;1,000;MESURE
2025-10-31 11:00:00+01:00;72,000;1,000;MESURE
2025-10-31 12:00:00+01:00;73,000;1,000;MESURE
2025-10-31 13:00:00+01:00;6045,000;1,000;MESURE
2025-10-31 14:00:00+01:00;9285,000;1,000;MESURE
2025-10-31 15:00:00+01:00;1084,000;1,000;MESURE
2025-10-31 16:00:00+01:00;246,000;1,000;MESURE
2025-10-31 17:00:00+01:00;72,000;1,000;MESURE
2025-10-31 18:00:00+01:00;3069,000;1,000;MESURE
2025-10-31 19:00:00+01:00;8727,000;1,000;MESURE
2025-10-31 20:00:00+01:00;10513,000;1,000;MESURE
2025-10-31 21:00:00+01:00;10509,000;1,000;MESURE
2025-10-31 22:00:00+01:00;10506,000;1,000;MESURE
2025-10-31 23:00:00+01:00;1321,000;1,000;MESURE
2025-11-01 00:00:00+01:00;70,000;1,000;MESURE
2025-11-01 01:00:00+01:00;71,000;1,000;MESURE
2025-11-01 02:00:00+01:00;71,000;1,000;MESURE
2025-11-01 03:00:00+01:00;70,000;1,000;MESURE
2025-11-01 04:00:00+01:00;71,000;1,000;MESURE
2025-11-01 05:00:00+01:00;70,000;1,000;MESURE
2025-11-01 06:00:00+01:00;69,000;1,000;MESURE
2025-11-01 07:00:00+01:00;70,000;1,000;MESURE
2025-11-01 08:00:00+01:00;71,000;1,000;MESURE
2025-11-01 09:00:00+01:00;10087,000;1,000;MESURE
2025-11-01 10:00:00+01:00;4739,000;1,000;MESURE
2025-11-01 11:00:00+01:00;72,000;1,000;MESURE
2025-11-01 12:00:00+01:00;71,000;1,000;MESURE
2025-11-01 13:00:00+01:00;71,000;1,000;MESURE
2025-11-01 14:00:00+01:00;72,000;1,000;MESURE
2025-11-01 15:00:00+01:00;71,000;1,000;MESURE
2025-11-01 16:00:00+01:00;72,000;1,000;MESURE
2025-11-01 17:00:00+01:00;71,000;1,000;MESURE
2025-11-01 18:00:00+01:00;72,000;1,000;MESURE
2025-11-01 19:00:00+01:00;72,000;1,000;MESURE
2025-11-01 20:00:00+01:00;70,000;1,000;MESURE
2025-11-01 21:00:00+01:00;70,000;1,000;MESURE
2025-11-01 22:00:00+01:00;70,000;1,000;MESURE
2025-11-01 23:00:00+01:00;70,000;1,000;MESURE
2025-11-02 00:00:00+01:00;70,000;1,000;MESURE
2025-11-02 01:00:00+01:00;70,000;1,000;MESURE
2025-11-02 02:00:00+01:00;70,000;1,000;MESURE
2025-11-02 03:00:00+01:00;70,000;1,000;MESURE
2025-11-02 04:00:00+01:00;70,000;1,000;MESURE
2025-11-02 05:00:00+01:00;69,000;1,000;MESURE
2025-11-02 06:00:00+01:00;70,000;1,000;MESURE
2025-11-02 07:00:00+01:00;69,000;1,000;MESURE
2025-11-02 08:00:00+01:00;6442,000;1,000;MESURE
2025-11-02 09:00:00+01:00;11739,000;1,000;MESURE
2025-11-02 10:00:00+01:00;11803,000;1,000;MESURE
2025-11-02 11:00:00+01:00;2469,000;1,000;MESURE
2025-11-02 12:00:00+01:00;71,000;1,000;MESURE
2025-11-02 13:00:00+01:00;11383,000;1,000;MESURE
2025-11-02 14:00:00+01:00;11642,000;1,000;MESURE
2025-11-02 15:00:00+01:00;15442,000;1,000;MESURE
2025-11-02 16:00:00+01:00;6341,000;1,000;MESURE
2025-11-02 17:00:00+01:00;11440,000;1,000;MESURE
2025-11-02 18:00:00+01:00;10566,000;1,000;MESURE
2025-11-02 19:00:00+01:00;71,000;1,000;MESURE
2025-11-02 20:00:00+01:00;71,000;1,000;MESURE
2025-11-02 21:00:00+01:00;70,000;1,000;MESURE
2025-11-02 22:00:00+01:00;70,000;1,000;MESURE
2025-11-02 23:00:00+01:00;70,000;1,000;MESURE
2025-11-03 00:00:00+01:00;71,000;1,000;MESURE
2025-11-03 01:00:00+01:00;70,000;1,000;MESURE
2025-11-03 02:00:00+01:00;70,000;1,000;MESURE
2025-11-03 03:00:00+01:00;70,000;1,000;MESURE
2025-11-03 04:00:00+01:00;69,000;1,000;MESURE
2025-11-03 05:00:00+01:00;70,000;1,000;MESURE
2025-11-03 06:00:00+01:00;70,000;1,000;MESURE
2025-11-03 07:00:00+01:00;70,000;1,000;MESURE
2025-11-03 08:00:00+01:00;72,000;1,000;MESURE
2025-11-03 09:00:00+01:00;71,000;1,000;MESURE
2025-11-03 10:00:00+01:00;72,000;1,000;MESURE
2025-11-03 11:00:00+01:00;71,000;1,000;MESURE
2025-11-03 12:00:00+01:00;71,000;1,000;MESURE
2025-11-03 13:00:00+01:00;71,000;1,000;MESURE
2025-11-03 14:00:00+01:00;72,000;1,000;MESURE
2025-11-03 15:00:00+01:00;71,000;1,000;MESURE
2025-11-03 16:00:00+01:00;72,000;1,000;MESURE
2025-11-03 17:00:00+01:00;4263,000;1,000;MESURE
2025-11-03 18:00:00+01:00;7826,000;1,000;MESURE
2025-11-03 19:00:00+01:00;13017,000;1,000;MESURE
2025-11-03 20:00:00+01:00;11501,000;1,000;MESURE
2025-11-03 21:00:00+01:00;7938,000;1,000;MESURE
2025-11-03 22:00:00+01:00;70,000;1,000;MESURE
2025-11-03 23:00:00+01:00;69,000;1,000;MESURE
2025-11-04 00:00:00+01:00;70,000;1,000;MESURE
2025-11-04 01:00:00+01:00;70,000;1,000;MESURE
2025-11-04 02:00:00+01:00;69,000;1,000;MESURE
2025-11-04 03:00:00+01:00;70,000;1,000;MESURE
2025-11-04 04:00:00+01:00;70,000;1,000;MESURE
2025-11-04 05:00:00+01:00;69,000;1,000;MESURE
2025-11-04 06:00:00+01:00;69,000;1,000;MESURE
2025-11-04 07:00:00+01:00;69,000;1,000;MESURE
2025-11-04 08:00:00+01:00;71,000;1,000;MESURE
2025-11-04 09:00:00+01:00;71,000;1,000;MESURE
2025-11-04 10:00:00+01:00;71,000;1,000;MESURE
2025-11-04 11:00:00+01:00;70,000;1,000;MESURE
2025-11-04 12:00:00+01:00;71,000;1,000;MESURE
2025-11-04 13:00:00+01:00;71,000;1,000;MESURE
2025-11-04 14:00:00+01:00;72,000;1,000;MESURE
2025-11-04 15:00:00+01:00;73,000;1,000;MESURE
2025-11-04 16:00:00+01:00;73,000;1,000;MESURE
2025-11-04 17:00:00+01:00;73,000;1,000;MESURE
2025-11-04 18:00:00+01:00;12189,000;1,000;MESURE
2025-11-04 19:00:00+01:00;22488,000;1,000;MESURE
2025-11-04 20:00:00+01:00;22533,000;1,000;MESURE
2025-11-04 21:00:00+01:00;13289,000;1,000;MESURE
2025-11-04 22:00:00+01:00;1724,000;1,000;MESURE
2025-11-04 23:00:00+01:00;71,000;1,000;MESURE
2025-11-05 00:00:00+01:00;71,000;1,000;MESURE
2025-11-05 01:00:00+01:00;71,000;1,000;MESURE
2025-11-05 02:00:00+01:00;71,000;1,000;MESURE
2025-11-05 03:00:00+01:00;72,000;1,000;MESURE
2025-11-05 04:00:00+01:00;71,000;1,000;MESURE
2025-11-05 05:00:00+01:00;71,000;1,000;MESURE
2025-11-05 06:00:00+01:00;71,000;1,000;MESURE
2025-11-05 07:00:00+01:00;70,000;1,000;MESURE
2025-11-05 08:00:00+01:00;73,000;1,000;MESURE
2025-11-05 09:00:00+01:00;72,000;1,000;MESURE
2025-11-05 10:00:00+01:00;73,000;1,000;MESURE
2025-11-05 11:00:00+01:00;73,000;1,000;MESURE
2025-11-05 12:00:00+01:00;72,000;1,000;MESURE
2025-11-05 13:00:00+01:00;73,000;1,000;MESURE
2025-11-05 14:00:00+01:00;74,000;1,000;MESURE
2025-11-05 15:00:00+01:00;74,000;1,000;MESURE
2025-11-05 16:00:00+01:00;73,000;1,000;MESURE
2025-11-05 17:00:00+01:00;11161,000;1,000;MESURE
2025-11-05 18:00:00+01:00;16691,000;0,000;INTERP_COURTE
2025-11-05 19:00:00+01:00;22221,000;1,000;MESURE
2025-11-05 20:00:00+01:00;7473,000;1,000;MESURE
2025-11-05 21:00:00+01:00;1973,000;1,000;MESURE
2025-11-05 22:00:00+01:00;72,000;1,000;MESURE
2025-11-05 23:00:00+01:00;72,000;1,000;MESURE
2025-11-06 00:00:00+01:00;72,000;1,000;MESURE
2025-11-06 01:00:00+01:00;72,000;1,000;MESURE
2025-11-06 02:00:00+01:00;72,000;1,000;MESURE
2025-11-06 03:00:00+01:00;72,000;1,000;MESURE
2025-11-06 04:00:00+01:00;72,000;1,000;MESURE
2025-11-06 05:00:00+01:00;71,000;1,000;MESURE
2025-11-06 06:00:00+01:00;10524,000;1,000;MESURE
2025-11-06 07:00:00+01:00;11813,000;1,000;MESURE
2025-11-06 08:00:00+01:00;568,000;1,000;MESURE
2025-11-06 09:00:00+01:00;74,000;1,000;MESURE
2025-11-06 10:00:00+01:00;2823,000;1,000;MESURE
2025-11-06 11:00:00+01:00;19177,000;1,000;MESURE
2025-11-06 12:00:00+01:00;452,000;1,000;MESURE
2025-11-06 13:00:00+01:00;73,000;1,000;MESURE
2025-11-06 14:00:00+01:00;74,000;1,000;MESURE
2025-11-06 15:00:00+01:00;73,000;1,000;MESURE
2025-11-06 16:00:00+01:00;74,000;1,000;MESURE
2025-11-06 17:00:00+01:00;5058,000;1,000;MESURE
2025-11-06 18:00:00+01:00;22125,000;1,000;MESURE
2025-11-06 19:00:00+01:00;5776,000;1,000;MESURE
2025-11-06 20:00:00+01:00;72,000;1,000;MESURE
2025-11-06 21:00:00+01:00;71,000;1,000;MESURE
2025-11-06 22:00:00+01:00;72,000;1,000;MESURE
2025-11-06 23:00:00+01:00;71,000;1,000;MESURE
2025-11-07 00:00:00+01:00;71,000;1,000;MESURE
2025-11-07 01:00:00+01:00;72,000;1,000;MESURE
2025-11-07 02:00:00+01:00;71,000;1,000;MESURE
2025-11-07 03:00:00+01:00;71,000;1,000;MESURE
2025-11-07 04:00:00+01:00;71,000;1,000;MESURE
2025-11-07 05:00:00+01:00;71,000;1,000;MESURE
2025-11-07 06:00:00+01:00;71,000;1,000;MESURE
2025-11-07 07:00:00+01:00;71,000;1,000;MESURE
2025-11-07 08:00:00+01:00;72,000;1,000;MESURE
2025-11-07 09:00:00+01:00;73,000;1,000;MESURE
2025-11-07 10:00:00+01:00;73,000;1,000;MESURE
2025-11-07 11:00:00+01:00;73,000;1,000;MESURE
2025-11-07 12:00:00+01:00;73,000;1,000;MESURE
2025-11-07 13:00:00+01:00;7513,000;1,000;MESURE
2025-11-07 14:00:00+01:00;10495,000;1,000;MESURE
2025-11-07 15:00:00+01:00;10481,000;1,000;MESURE
2025-11-07 16:00:00+01:00;10454,000;1,000;MESURE
2025-11-07 17:00:00+01:00;10441,000;1,000;MESURE
2025-11-07 18:00:00+01:00;11396,000;1,000;MESURE
2025-11-07 19:00:00+01:00;7707,667;0,500;INTERP_COURTE
2025-11-07 20:00:00+01:00;4019,333;0,500;INTERP_COURTE
2025-11-07 21:00:00+01:00;331,000;1,000;MESURE
2025-11-07 22:00:00+01:00;71,000;1,000;MESURE
2025-11-07 23:00:00+01:00;72,000;1,000;MESURE
2025-11-08 00:00:00+01:00;71,000;1,000;MESURE
2025-11-08 01:00:00+01:00;71,000;1,000;MESURE
2025-11-08 02:00:00+01:00;72,000;1,000;MESURE
2025-11-08 03:00:00+01:00;71,000;1,000;MESURE
2025-11-08 04:00:00+01:00;71,000;1,000;MESURE
2025-11-08 05:00:00+01:00;70,000;1,000;MESURE
2025-11-08 06:00:00+01:00;7384,000;1,000;MESURE
2025-11-08 07:00:00+01:00;10434,000;1,000;MESURE
2025-11-08 08:00:00+01:00;10429,000;1,000;MESURE
2025-11-08 09:00:00+01:00;10934,000;1,000;MESURE
2025-11-08 10:00:00+01:00;9090,000;1,000;MESURE
2025-11-08 11:00:00+01:00;475,000;1,000;MESURE
2025-11-08 12:00:00+01:00;72,000;1,000;MESURE
2025-11-08 13:00:00+01:00;72,000;1,000;MESURE
2025-11-08 14:00:00+01:00;72,000;1,000;MESURE
2025-11-08 15:00:00+01:00;4868,000;1,000;MESURE
2025-11-08 16:00:00+01:00;22004,000;1,000;MESURE
2025-11-08 17:00:00+01:00;7118,000;1,000;MESURE
2025-11-08 18:00:00+01:00;72,000;1,000;MESURE
2025-11-08 19:00:00+01:00;72,000;1,000;MESURE
2025-11-08 20:00:00+01:00;70,000;1,000;MESURE
2025-11-08 21:00:00+01:00;70,000;1,000;MESURE
2025-11-08 22:00:00+01:00;71,000;1,000;MESURE
2025-11-08 23:00:00+01:00;70,000;1,000;MESURE
2025-11-09 00:00:00+01:00;70,000;1,000;MESURE
2025-11-09 01:00:00+01:00;70,000;1,000;MESURE
2025-11-09 02:00:00+01:00;70,000;1,000;MESURE
2025-11-09 03:00:00+01:00;70,000;1,000;MESURE
2025-11-09 04:00:00+01:00;70,000;1,000;MESURE
2025-11-09 05:00:00+01:00;70,000;1,000;MESURE
2025-11-09 06:00:00+01:00;70,000;1,000;MESURE
2025-11-09 07:00:00+01:00;730,000;1,000;MESURE
2025-11-09 08:00:00+01:00;10513,000;1,000;MESURE
2025-11-09 09:00:00+01:00;9409,000;1,000;MESURE
2025-11-09 10:00:00+01:00;11375,000;1,000;MESURE
2025-11-09 11:00:00+01:00;8563,000;1,000;MESURE
2025-11-09 12:00:00+01:00;71,000;1,000;MESURE
2025-11-09 13:00:00+01:00;72,000;1,000;MESURE
2025-11-09 14:00:00+01:00;71,000;1,000;MESURE
2025-11-09 15:00:00+01:00;10459,000;1,000;MESURE
2025-11-09 16:00:00+01:00;11520,000;1,000;MESURE
2025-11-09 17:00:00+01:00;13373,000;1,000;MESURE
2025-11-09 18:00:00+01:00;13136,000;1,000;MESURE
2025-11-09 19:00:00+01:00;4294,000;1,000;MESURE
2025-11-09 20:00:00+01:00;70,000;1,000;MESURE
2025-11-09 21:00:00+01:00;70,000;1,000;MESURE
2025-11-09 22:00:00+01:00;70,000;1,000;MESURE
2025-11-09 23:00:00+01:00;70,000;1,000;MESURE
2025-11-10 00:00:00+01:00;70,000;1,000;MESURE
2025-11-10 01:00:00+01:00;70,000;1,000;MESURE
2025-11-10 02:00:00+01:00;70,000;1,000;MESURE
2025-11-10 03:00:00+01:00;70,000;1,000;MESURE
2025-11-10 04:00:00+01:00;70,000;1,000;MESURE
2025-11-10 05:00:00+01:00;69,000;1,000;MESURE
2025-11-10 06:00:00+01:00;70,000;1,000;MESURE
2025-11-10 07:00:00+01:00;69,000;1,000;MESURE
2025-11-10 08:00:00+01:00;72,000;1,000;MESURE
2025-11-10 09:00:00+01:00;4463,000;1,000;MESURE
2025-11-10 10:00:00+01:00;10976,000;1,000;MESURE
2025-11-10 11:00:00+01:00;16860,000;1,000;MESURE
2025-11-10 12:00:00+01:00;18708,000;1,000;MESURE
2025-11-10 13:00:00+01:00;13918,000;1,000;MESURE
2025-11-10 14:00:00+01:00;11039,000;1,000;MESURE
2025-11-10 15:00:00+01:00;1508,000;1,000;MESURE
2025-11-10 16:00:00+01:00;5576,000;1,000;MESURE
2025-11-10 17:00:00+01:00;23746,000;1,000;MESURE
2025-11-10 18:00:00+01:00;15074,000;1,000;MESURE
2025-11-10 19:00:00+01:00;72,000;1,000;MESURE
2025-11-10 20:00:00+01:00;70,000;1,000;MESURE
2025-11-10 21:00:00+01:00;70,000;1,000;MESURE
2025-11-10 22:00:00+01:00;70,000;1,000;MESURE
2025-11-10 23:00:00+01:00;70,000;1,000;MESURE
2025-11-11 00:00:00+01:00;70,000;1,000;MESURE
2025-11-11 01:00:00+01:00;70,000;1,000;MESURE
2025-11-11 02:00:00+01:00;70,000;1,000;MESURE
2025-11-11 03:00:00+01:00;70,000;1,000;MESURE
2025-11-11 04:00:00+01:00;70,000;1,000;MESURE
2025-11-11 05:00:00+01:00;70,000;1,000;MESURE
2025-11-11 06:00:00+01:00;70,000;1,000;MESURE
2025-11-11 07:00:00+01:00;70,000;1,000;MESURE
2025-11-11 08:00:00+01:00;71,000;1,000;MESURE
2025-11-11 09:00:00+01:00;72,000;1,000;MESURE
2025-11-11 10:00:00+01:00;71,000;1,000;MESURE
2025-11-11 11:00:00+01:00;71,000;1,000;MESURE
2025-11-11 12:00:00+01:00;71,000;1,000;MESURE
2025-11-11 13:00:00+01:00;70,000;1,000;MESURE
2025-11-11 14:00:00+01:00;72,000;1,000;MESURE
2025-11-11 15:00:00+01:00;10685,000;1,000;MESURE
2025-11-11 16:00:00+01:00;10833,000;1,000;MESURE
2025-11-11 17:00:00+01:00;10828,000;1,000;MESURE
2025-11-11 18:00:00+01:00;562,000;1,000;MESURE
2025-11-11 19:00:00+01:00;72,000;1,000;MESURE
2025-11-11 20:00:00+01:00;70,000;1,000;MESURE
2025-11-11 21:00:00+01:00;70,000;1,000;MESURE
2025-11-11 22:00:00+01:00;70,000;1,000;MESURE
2025-11-11 23:00:00+01:00;70,000;1,000;MESURE
2025-11-12 00:00:00+01:00;70,000;1,000;MESURE
2025-11-12 01:00:00+01:00;70,000;1,000;MESURE
2025-11-12 02:00:00+01:00;70,000;1,000;MESURE
2025-11-12 03:00:00+01:00;70,000;1,000;MESURE
2025-11-12 04:00:00+01:00;71,000;1,000;MESURE
2025-11-12 05:00:00+01:00;69,000;1,000;MESURE
2025-11-12 06:00:00+01:00;70,000;1,000;MESURE
2025-11-12 07:00:00+01:00;69,000;1,000;MESURE
2025-11-12 08:00:00+01:00;71,000;1,000;MESURE
2025-11-12 09:00:00+01:00;71,000;1,000;MESURE
2025-11-12 10:00:00+01:00;4472,000;1,000;MESURE
2025-11-12 11:00:00+01:00;10473,000;1,000;MESURE
2025-11-12 12:00:00+01:00;7530,000;1,000;MESURE
2025-11-12 13:00:00+01:00;10862,000;1,000;MESURE
2025-11-12 14:00:00+01:00;16533,000;1,000;MESURE
2025-11-12 15:00:00+01:00;13726,000;1,000;MESURE
2025-11-12 16:00:00+01:00;4633,000;1,000;MESURE
2025-11-12 17:00:00+01:00;72,000;1,000;MESURE
2025-11-12 18:00:00+01:00;72,000;1,000;MESURE
2025-11-12 19:00:00+01:00;5995,000;1,000;MESURE
2025-11-12 20:00:00+01:00;7081,000;1,000;MESURE
2025-11-12 21:00:00+01:00;4938,000;1,000;MESURE
2025-11-12 22:00:00+01:00;70,000;1,000;MESURE
2025-11-12 23:00:00+01:00;70,000;1,000;MESURE
2025-11-13 00:00:00+01:00;70,000;1,000;MESURE
2025-11-13 01:00:00+01:00;70,000;1,000;MESURE
2025-11-13 02:00:00+01:00;69,000;1,000;MESURE
2025-11-13 03:00:00+01:00;70,000;1,000;MESURE
2025-11-13 04:00:00+01:00;70,000;1,000;MESURE
2025-11-13 05:00:00+01:00;69,000;1,000;MESURE
2025-11-13 06:00:00+01:00;70,000;1,000;MESURE
2025-11-13 07:00:00+01:00;69,000;1,000;MESURE
2025-11-13 08:00:00+01:00;6253,000;1,000;MESURE
2025-11-13 09:00:00+01:00;8195,000;1,000;MESURE
2025-11-13 10:00:00+01:00;143,000;1,000;MESURE
2025-11-13 11:00:00+01:00;71,000;1,000;MESURE
2025-11-13 12:00:00+01:00;70,000;1,000;MESURE
2025-11-13 13:00:00+01:00;72,000;1,000;MESURE
2025-11-13 14:00:00+01:00;72,000;1,000;MESURE
2025-11-13 15:00:00+01:00;73,000;1,000;MESURE
2025-11-13 16:00:00+01:00;1455,000;1,000;MESURE
2025-11-13 17:00:00+01:00;11384,000;1,000;MESURE
2025-11-13 18:00:00+01:00;1532,000;1,000;MESURE
2025-11-13 19:00:00+01:00;73,000;1,000;MESURE
2025-11-13 20:00:00+01:00;71,000;1,000;MESURE
2025-11-13 21:00:00+01:00;71,000;1,000;MESURE
2025-11-13 22:00:00+01:00;71,000;1,000;MESURE
2025-11-13 23:00:00+01:00;71,000;1,000;MESURE
2025-11-14 00:00:00+01:00;71,000;1,000;MESURE
2025-11-14 01:00:00+01:00;71,000;1,000;MESURE
2025-11-14 02:00:00+01:00;71,000;1,000;MESURE
2025-11-14 03:00:00+01:00;627,000;1,000;MESURE
2025-11-14 04:00:00+01:00;7823,000;1,000;MESURE
2025-11-14 05:00:00+01:00;8185,000;1,000;MESURE
2025-11-14 06:00:00+01:00;10469,000;1,000;MESURE
2025-11-14 07:00:00+01:00;10446,000;1,000;MESURE
2025-11-14 08:00:00+01:00;10383,000;1,000;MESURE
2025-11-14 09:00:00+01:00;73,000;1,000;MESURE
2025-11-14 10:00:00+01:00;72,000;1,000;MESURE
2025-11-14 11:00:00+01:00;72,000;1,000;MESURE
2025-11-14 12:00:00+01:00;71,000;1,000;MESURE
2025-11-14 13:00:00+01:00;73,000;1,000;MESURE
2025-11-14 14:00:00+01:00;74,000;1,000;MESURE
2025-11-14 15:00:00+01:00;73,000;1,000;MESURE
2025-11-14 16:00:00+01:00;1123,000;1,000;MESURE
2025-11-14 17:00:00+01:00;15143,000;1,000;MESURE
2025-11-14 18:00:00+01:00;12282,000;1,000;MESURE
2025-11-14 19:00:00+01:00;6256,000;1,000;MESURE
2025-11-14 20:00:00+01:00;11761,000;1,000;MESURE
2025-11-14 21:00:00+01:00;518,000;1,000;MESURE
2025-11-14 22:00:00+01:00;71,000;1,000;MESURE
2025-11-14 23:00:00+01:00;71,000;1,000;MESURE
2025-11-15 00:00:00+01:00;71,000;1,000;MESURE
2025-11-15 01:00:00+01:00;70,000;1,000;MESURE
2025-11-15 02:00:00+01:00;71,000;1,000;MESURE
2025-11-15 03:00:00+01:00;70,000;1,000;MESURE
2025-11-15 04:00:00+01:00;71,000;1,000;MESURE
2025-11-15 05:00:00+01:00;70,000;1,000;MESURE
2025-11-15 06:00:00+01:00;70,000;1,000;MESURE
2025-11-15 07:00:00+01:00;1889,000;1,000;MESURE
2025-11-15 08:00:00+01:00;11087,000;1,000;MESURE
2025-11-15 09:00:00+01:00;12999,000;1,000;MESURE
2025-11-15 10:00:00+01:00;12260,000;1,000;MESURE
2025-11-15 11:00:00+01:00;696,000;1,000;MESURE
2025-11-15 12:00:00+01:00;5426,000;1,000;MESURE
2025-11-15 13:00:00+01:00;10848,000;1,000;MESURE
2025-11-15 14:00:00+01:00;7296,000;1,000;MESURE
2025-11-15 15:00:00+01:00;73,000;1,000;MESURE
2025-11-15 16:00:00+01:00;3955,000;1,000;MESURE
2025-11-15 17:00:00+01:00;15915,000;1,000;MESURE
2025-11-15 18:00:00+01:00;73,000;1,000;MESURE
2025-11-15 19:00:00+01:00;73,000;1,000;MESURE
2025-11-15 20:00:00+01:00;71,000;1,000;MESURE
2025-11-15 21:00:00+01:00;72,000;1,000;MESURE
2025-11-15 22:00:00+01:00;71,000;1,000;MESURE
2025-11-15 23:00:00+01:00;70,000;1,000;MESURE
2025-11-16 00:00:00+01:00;71,000;1,000;MESURE
2025-11-16 01:00:00+01:00;71,000;1,000;MESURE
2025-11-16 02:00:00+01:00;71,000;1,000;MESURE
2025-11-16 03:00:00+01:00;70,000;1,000;MESURE
2025-11-16 04:00:00+01:00;71,000;1,000;MESURE
2025-11-16 05:00:00+01:00;70,000;1,000;MESURE
2025-11-16 06:00:00+01:00;7910,000;1,000;MESURE
2025-11-16 07:00:00+01:00;10464,000;1,000;MESURE
2025-11-16 08:00:00+01:00;10442,000;1,000;MESURE
2025-11-16 09:00:00+01:00;10321,000;1,000;MESURE
2025-11-16 10:00:00+01:00;8671,000;1,000;MESURE
2025-11-16 11:00:00+01:00;72,000;1,000;MESURE
2025-11-16 12:00:00+01:00;72,000;1,000;MESURE
2025-11-16 13:00:00+01:00;72,000;1,000;MESURE
2025-11-16 14:00:00+01:00;72,000;1,000;MESURE
2025-11-16 15:00:00+01:00;72,000;1,000;MESURE
2025-11-16 16:00:00+01:00;10166,000;1,000;MESURE
2025-11-16 17:00:00+01:00;12741,000;1,000;MESURE
2025-11-16 18:00:00+01:00;72,000;1,000;MESURE
2025-11-16 19:00:00+01:00;72,000;1,000;MESURE
2025-11-16 20:00:00+01:00;70,000;1,000;MESURE
2025-11-16 21:00:00+01:00;70,000;1,000;MESURE
2025-11-16 22:00:00+01:00;71,000;1,000;MESURE
2025-11-16 23:00:00+01:00;70,000;1,000;MESURE
2025-11-17 00:00:00+01:00;1196,000;1,000;MESURE
2025-11-17 01:00:00+01:00;1551,000;1,000;MESURE
2025-11-17 02:00:00+01:00;70,000;1,000;MESURE
2025-11-17 03:00:00+01:00;70,000;1,000;MESURE
2025-11-17 04:00:00+01:00;70,000;1,000;MESURE
2025-11-17 05:00:00+01:00;69,000;1,000;MESURE
2025-11-17 06:00:00+01:00;70,000;1,000;MESURE
2025-11-17 07:00:00+01:00;70,000;1,000;MESURE
2025-11-17 08:00:00+01:00;72,000;1,000;MESURE
2025-11-17 09:00:00+01:00;71,000;1,000;MESURE
2025-11-17 10:00:00+01:00;71,000;1,000;MESURE
2025-11-17 11:00:00+01:00;72,000;1,000;MESURE
2025-11-17 12:00:00+01:00;72,000;1,000;MESURE
2025-11-17 13:00:00+01:00;71,000;1,000;MESURE
2025-11-17 14:00:00+01:00;72,000;1,000;MESURE
2025-11-17 15:00:00+01:00;72,000;1,000;MESURE
2025-11-17 16:00:00+01:00;73,000;1,000;MESURE
2025-11-17 17:00:00+01:00;72,000;1,000;MESURE
2025-11-17 18:00:00+01:00;73,000;1,000;MESURE
2025-11-17 19:00:00+01:00;72,000;1,000;MESURE
2025-11-17 20:00:00+01:00;71,000;1,000;MESURE
2025-11-17 21:00:00+01:00;70,000;1,000;MESURE
2025-11-17 22:00:00+01:00;166,000;1,000;MESURE
2025-11-17 23:00:00+01:00;10789,000;1,000;MESURE
2025-11-18 00:00:00+01:00;10409,000;1,000;MESURE
2025-11-18 01:00:00+01:00;70,000;1,000;MESURE
2025-11-18 02:00:00+01:00;70,000;1,000;MESURE
2025-11-18 03:00:00+01:00;70,000;1,000;MESURE
2025-11-18 04:00:00+01:00;71,000;1,000;MESURE
2025-11-18 05:00:00+01:00;69,000;1,000;MESURE
2025-11-18 06:00:00+01:00;70,000;1,000;MESURE
2025-11-18 07:00:00+01:00;70,000;1,000;MESURE
2025-11-18 08:00:00+01:00;71,000;1,000;MESURE
2025-11-18 09:00:00+01:00;223,000;1,000;MESURE
2025-11-18 10:00:00+01:00;71,000;1,000;MESURE
2025-11-18 11:00:00+01:00;71,000;1,000;MESURE
2025-11-18 12:00:00+01:00;71,000;1,000;MESURE
2025-11-18 13:00:00+01:00;72,000;1,000;MESURE
2025-11-18 14:00:00+01:00;73,000;1,000;MESURE
2025-11-18 15:00:00+01:00;72,000;1,000;MESURE
2025-11-18 16:00:00+01:00;72,000;1,000;MESURE
2025-11-18 17:00:00+01:00;73,000;1,000;MESURE
2025-11-18 18:00:00+01:00;4945,000;1,000;MESURE
2025-11-18 19:00:00+01:00;7890,000;1,000;MESURE
2025-11-18 20:00:00+01:00;10262,000;1,000;MESURE
2025-11-18 21:00:00+01:00;10436,000;1,000;MESURE
2025-11-18 22:00:00+01:00;6600,000;1,000;MESURE
2025-11-18 23:00:00+01:00;70,000;1,000;MESURE
2025-11-19 00:00:00+01:00;71,000;1,000;MESURE
2025-11-19 01:00:00+01:00;70,000;1,000;MESURE
2025-11-19 02:00:00+01:00;70,000;1,000;MESURE
2025-11-19 03:00:00+01:00;70,000;1,000;MESURE
2025-11-19 04:00:00+01:00;69,000;1,000;MESURE
2025-11-19 05:00:00+01:00;70,000;1,000;MESURE
2025-11-19 06:00:00+01:00;70,000;1,000;MESURE
2025-11-19 07:00:00+01:00;70,000;1,000;MESURE
2025-11-19 08:00:00+01:00;72,000;1,000;MESURE
2025-11-19 09:00:00+01:00;71,000;1,000;MESURE
2025-11-19 10:00:00+01:00;71,000;1,000;MESURE
2025-11-19 11:00:00+01:00;73,000;1,000;MESURE
2025-11-19 12:00:00+01:00;73,000;1,000;MESURE
2025-11-19 13:00:00+01:00;10841,000;1,000;MESURE
2025-11-19 14:00:00+01:00;10828,000;1,000;MESURE
2025-11-19 15:00:00+01:00;10832,000;1,000;MESURE
2025-11-19 16:00:00+01:00;8549,000;1,000;MESURE
2025-11-19 17:00:00+01:00;74,000;1,000;MESURE
2025-11-19 18:00:00+01:00;73,000;1,000;MESURE
2025-11-19 19:00:00+01:00;74,000;1,000;MESURE
2025-11-19 20:00:00+01:00;19091,000;1,000;MESURE
2025-11-19 21:00:00+01:00;8052,000;1,000;MESURE
2025-11-19 22:00:00+01:00;71,000;1,000;MESURE
2025-11-19 23:00:00+01:00;71,000;1,000;MESURE
2025-11-20 00:00:00+01:00;71,000;1,000;MESURE
2025-11-20 01:00:00+01:00;71,000;1,000;MESURE
2025-11-20 02:00:00+01:00;71,000;1,000;MESURE
2025-11-20 03:00:00+01:00;72,000;1,000;MESURE
2025-11-20 04:00:00+01:00;71,000;1,000;MESURE
2025-11-20 05:00:00+01:00;71,000;1,000;MESURE
2025-11-20 06:00:00+01:00;71,000;1,000;MESURE
2025-11-20 07:00:00+01:00;71,000;1,000;MESURE
2025-11-20 08:00:00+01:00;73,000;1,000;MESURE
2025-11-20 09:00:00+01:00;72,000;1,000;MESURE
2025-11-20 10:00:00+01:00;74,000;1,000;MESURE
2025-11-20 11:00:00+01:00;72,000;1,000;MESURE
2025-11-20 12:00:00+01:00;73,000;1,000;MESURE
2025-11-20 13:00:00+01:00;73,000;1,000;MESURE
2025-11-20 14:00:00+01:00;73,000;1,000;MESURE
2025-11-20 15:00:00+01:00;73,000;1,000;MESURE
2025-11-20 16:00:00+01:00;73,000;1,000;MESURE
2025-11-20 17:00:00+01:00;9406,000;1,000;MESURE
2025-11-20 18:00:00+01:00;10461,000;1,000;MESURE
2025-11-20 19:00:00+01:00;10165,000;1,000;MESURE
2025-11-20 20:00:00+01:00;71,000;1,000;MESURE
2025-11-20 21:00:00+01:00;72,000;1,000;MESURE
2025-11-20 22:00:00+01:00;71,000;1,000;MESURE
2025-11-20 23:00:00+01:00;71,000;1,000;MESURE
2025-11-21 00:00:00+01:00;71,000;1,000;MESURE
2025-11-21 01:00:00+01:00;71,000;1,000;MESURE
2025-11-21 02:00:00+01:00;71,000;1,000;MESURE
2025-11-21 03:00:00+01:00;71,000;1,000;MESURE
2025-11-21 04:00:00+01:00;72,000;1,000;MESURE
2025-11-21 05:00:00+01:00;70,000;1,000;MESURE
2025-11-21 06:00:00+01:00;71,000;1,000;MESURE
2025-11-21 07:00:00+01:00;70,000;1,000;MESURE
2025-11-21 08:00:00+01:00;72,000;1,000;MESURE
2025-11-21 09:00:00+01:00;72,000;1,000;MESURE
2025-11-21 10:00:00+01:00;73,000;1,000;MESURE
2025-11-21 11:00:00+01:00;6883,000;1,000;MESURE
2025-11-21 12:00:00+01:00;74,000;1,000;MESURE
2025-11-21 13:00:00+01:00;4671,000;1,000;MESURE
2025-11-21 14:00:00+01:00;11393,000;1,000;MESURE
2025-11-21 15:00:00+01:00;11394,000;1,000;MESURE
2025-11-21 16:00:00+01:00;11403,000;1,000;MESURE
2025-11-21 17:00:00+01:00;7426,000;1,000;MESURE
2025-11-21 18:00:00+01:00;74,000;1,000;MESURE
2025-11-21 19:00:00+01:00;625,000;1,000;MESURE
2025-11-21 20:00:00+01:00;6743,000;1,000;MESURE
2025-11-21 21:00:00+01:00;819,000;1,000;MESURE
2025-11-21 22:00:00+01:00;71,000;1,000;MESURE
2025-11-21 23:00:00+01:00;72,000;1,000;MESURE
2025-11-22 00:00:00+01:00;71,000;1,000;MESURE
2025-11-22 01:00:00+01:00;71,000;1,000;MESURE
2025-11-22 02:00:00+01:00;71,000;1,000;MESURE
2025-11-22 03:00:00+01:00;71,000;1,000;MESURE
2025-11-22 04:00:00+01:00;72,000;1,000;MESURE
2025-11-22 05:00:00+01:00;70,000;1,000;MESURE
2025-11-22 06:00:00+01:00;71,000;1,000;MESURE
2025-11-22 07:00:00+01:00;3995,000;1,000;MESURE
2025-11-22 08:00:00+01:00;10888,000;1,000;MESURE
2025-11-22 09:00:00+01:00;16386,000;1,000;MESURE
2025-11-22 10:00:00+01:00;18082,000;1,000;MESURE
2025-11-22 11:00:00+01:00;14945,000;1,000;MESURE
2025-11-22 12:00:00+01:00;993,000;1,000;MESURE
2025-11-22 13:00:00+01:00;73,000;1,000;MESURE
2025-11-22 14:00:00+01:00;72,000;1,000;MESURE
2025-11-22 15:00:00+01:00;73,000;1,000;MESURE
2025-11-22 16:00:00+01:00;72,000;1,000;MESURE
2025-11-22 17:00:00+01:00;73,000;1,000;MESURE
2025-11-22 18:00:00+01:00;5975,000;1,000;MESURE
2025-11-22 19:00:00+01:00;8532,000;1,000;MESURE
2025-11-22 20:00:00+01:00;8133,000;1,000;MESURE
2025-11-22 21:00:00+01:00;285,000;1,000;MESURE
2025-11-22 22:00:00+01:00;75,000;1,000;MESURE
2025-11-22 23:00:00+01:00;71,000;1,000;MESURE
2025-11-23 00:00:00+01:00;71,000;1,000;MESURE
2025-11-23 01:00:00+01:00;71,000;1,000;MESURE
2025-11-23 02:00:00+01:00;72,000;1,000;MESURE
2025-11-23 03:00:00+01:00;71,000;1,000;MESURE
2025-11-23 04:00:00+01:00;71,000;1,000;MESURE
2025-11-23 05:00:00+01:00;71,000;1,000;MESURE
2025-11-23 06:00:00+01:00;70,000;1,000;MESURE
2025-11-23 07:00:00+01:00;71,000;1,000;MESURE
2025-11-23 08:00:00+01:00;72,000;1,000;MESURE
2025-11-23 09:00:00+01:00;72,000;1,000;MESURE
2025-11-23 10:00:00+01:00;72,000;1,000;MESURE
2025-11-23 11:00:00+01:00;72,000;1,000;MESURE
2025-11-23 12:00:00+01:00;72,000;1,000;MESURE
2025-11-23 13:00:00+01:00;8331,000;1,000;MESURE
2025-11-23 14:00:00+01:00;10971,000;1,000;MESURE
2025-11-23 15:00:00+01:00;13012,000;1,000;MESURE
2025-11-23 16:00:00+01:00;14691,000;1,000;MESURE
2025-11-23 17:00:00+01:00;13535,000;1,000;MESURE
2025-11-23 18:00:00+01:00;9370,000;1,000;MESURE
2025-11-23 19:00:00+01:00;10375,000;1,000;MESURE
2025-11-23 20:00:00+01:00;10456,000;1,000;MESURE
2025-11-23 21:00:00+01:00;10436,000;1,000;MESURE
2025-11-23 22:00:00+01:00;10349,000;1,000;MESURE
2025-11-23 23:00:00+01:00;2628,000;1,000;MESURE
2025-11-24 00:00:00+01:00;70,000;1,000;MESURE
2025-11-24 01:00:00+01:00;70,000;1,000;MESURE
2025-11-24 02:00:00+01:00;70,000;1,000;MESURE
2025-11-24 03:00:00+01:00;70,000;1,000;MESURE
2025-11-24 04:00:00+01:00;70,000;1,000;MESURE
2025-11-24 05:00:00+01:00;69,000;1,000;MESURE
2025-11-24 06:00:00+01:00;69,000;1,000;MESURE
2025-11-24 07:00:00+01:00;70,000;1,000;MESURE
2025-11-24 08:00:00+01:00;72,000;1,000;MESURE
2025-11-24 09:00:00+01:00;71,000;1,000;MESURE
2025-11-24 10:00:00+01:00;72,000;1,000;MESURE
2025-11-24 11:00:00+01:00;71,000;1,000;MESURE
2025-11-24 12:00:00+01:00;71,000;1,000;MESURE
2025-11-24 13:00:00+01:00;72,000;1,000;MESURE
2025-11-24 14:00:00+01:00;71,000;1,000;MESURE
2025-11-24 15:00:00+01:00;72,000;1,000;MESURE
2025-11-24 16:00:00+01:00;71,000;1,000;MESURE
2025-11-24 17:00:00+01:00;72,000;1,000;MESURE
2025-11-24 18:00:00+01:00;2521,000;1,000;MESURE
2025-11-24 19:00:00+01:00;12860,000;1,000;MESURE
2025-11-24 20:00:00+01:00;22480,000;1,000;MESURE
2025-11-24 21:00:00+01:00;22564,000;1,000;MESURE
2025-11-24 22:00:00+01:00;11224,000;1,000;MESURE
2025-11-24 23:00:00+01:00;69,000;1,000;MESURE
2025-11-25 00:00:00+01:00;70,000;1,000;MESURE
2025-11-25 01:00:00+01:00;69,000;1,000;MESURE
2025-11-25 02:00:00+01:00;70,000;1,000;MESURE
2025-11-25 03:00:00+01:00;70,000;1,000;MESURE
2025-11-25 04:00:00+01:00;69,000;1,000;MESURE
2025-11-25 05:00:00+01:00;69,000;1,000;MESURE
2025-11-25 06:00:00+01:00;69,000;1,000;MESURE
2025-11-25 07:00:00+01:00;70,000;1,000;MESURE
2025-11-25 08:00:00+01:00;71,000;1,000;MESURE
2025-11-25 09:00:00+01:00;71,000;1,000;MESURE
2025-11-25 10:00:00+01:00;1177,000;1,000;MESURE
2025-11-25 11:00:00+01:00;10837,000;1,000;MESURE
2025-11-25 12:00:00+01:00;10844,000;1,000;MESURE
2025-11-25 13:00:00+01:00;10852,000;1,000;MESURE
2025-11-25 14:00:00+01:00;14944,000;1,000;MESURE
2025-11-25 15:00:00+01:00;21672,000;1,000;MESURE
2025-11-25 16:00:00+01:00;8080,000;1,000;MESURE
2025-11-25 17:00:00+01:00;72,000;1,000;MESURE
2025-11-25 18:00:00+01:00;72,000;1,000;MESURE
2025-11-25 19:00:00+01:00;71,000;1,000;MESURE
2025-11-25 20:00:00+01:00;71,000;1,000;MESURE
2025-11-25 21:00:00+01:00;69,000;1,000;MESURE
2025-11-25 22:00:00+01:00;70,000;1,000;MESURE
2025-11-25 23:00:00+01:00;70,000;1,000;MESURE
2025-11-26 00:00:00+01:00;70,000;1,000;MESURE
2025-11-26 01:00:00+01:00;69,000;1,000;MESURE
2025-11-26 02:00:00+01:00;70,000;1,000;MESURE
2025-11-26 03:00:00+01:00;70,000;1,000;MESURE
2025-11-26 04:00:00+01:00;69,000;1,000;MESURE
2025-11-26 05:00:00+01:00;69,000;1,000;MESURE
2025-11-26 06:00:00+01:00;9021,000;1,000;MESURE
2025-11-26 07:00:00+01:00;11189,000;1,000;MESURE
2025-11-26 08:00:00+01:00;71,000;1,000;MESURE
2025-11-26 09:00:00+01:00;5879,000;1,000;MESURE
2025-11-26 10:00:00+01:00;9194,000;1,000;MESURE
2025-11-26 11:00:00+01:00;970,000;1,000;MESURE
2025-11-26 12:00:00+01:00;70,000;1,000;MESURE
2025-11-26 13:00:00+01:00;2387,000;1,000;MESURE
2025-11-26 14:00:00+01:00;73,000;1,000;MESURE
2025-11-26 15:00:00+01:00;73,000;1,000;MESURE
2025-11-26 16:00:00+01:00;335,000;1,000;MESURE
2025-11-26 17:00:00+01:00;1403,000;1,000;MESURE
2025-11-26 18:00:00+01:00;73,000;1,000;MESURE
2025-11-26 19:00:00+01:00;72,000;1,000;MESURE
2025-11-26 20:00:00+01:00;71,000;1,000;MESURE
2025-11-26 21:00:00+01:00;71,000;1,000;MESURE
2025-11-26 22:00:00+01:00;70,000;1,000;MESURE
2025-11-26 23:00:00+01:00;71,000;1,000;MESURE
2025-11-27 00:00:00+01:00;70,000;1,000;MESURE
2025-11-27 01:00:00+01:00;70,000;1,000;MESURE
2025-11-27 02:00:00+01:00;6124,000;1,000;MESURE
2025-11-27 03:00:00+01:00;10954,000;1,000;MESURE
2025-11-27 04:00:00+01:00;10978,000;1,000;MESURE
2025-11-27 05:00:00+01:00;10991,000;1,000;MESURE
2025-11-27 06:00:00+01:00;10995,000;1,000;MESURE
2025-11-27 07:00:00+01:00;10996,000;1,000;MESURE
2025-11-27 08:00:00+01:00;7683,000;1,000;MESURE
2025-11-27 09:00:00+01:00;72,000;1,000;MESURE
2025-11-27 10:00:00+01:00;7876,000;1,000;MESURE
2025-11-27 11:00:00+01:00;11208,000;1,000;MESURE
2025-11-27 12:00:00+01:00;6054,000;1,000;MESURE
2025-11-27 13:00:00+01:00;74,000;1,000;MESURE
2025-11-27 14:00:00+01:00;73,000;1,000;MESURE
2025-11-27 15:00:00+01:00;73,000;1,000;MESURE
2025-11-27 16:00:00+01:00;72,000;1,000;MESURE
2025-11-27 17:00:00+01:00;73,000;1,000;MESURE
2025-11-27 18:00:00+01:00;73,000;1,000;MESURE
2025-11-27 19:00:00+01:00;72,000;1,000;MESURE
2025-11-27 20:00:00+01:00;6633,000;1,000;MESURE
2025-11-27 21:00:00+01:00;11136,000;1,000;MESURE
2025-11-27 22:00:00+01:00;4682,000;1,000;MESURE
2025-11-27 23:00:00+01:00;71,000;1,000;MESURE
2025-11-28 00:00:00+01:00;71,000;1,000;MESURE
2025-11-28 01:00:00+01:00;71,000;1,000;MESURE
2025-11-28 02:00:00+01:00;70,000;1,000;MESURE
2025-11-28 03:00:00+01:00;71,000;1,000;MESURE
2025-11-28 04:00:00+01:00;71,000;1,000;MESURE
2025-11-28 05:00:00+01:00;70,000;1,000;MESURE
2025-11-28 06:00:00+01:00;70,000;1,000;MESURE
2025-11-28 07:00:00+01:00;70,000;1,000;MESURE
2025-11-28 08:00:00+01:00;73,000;1,000;MESURE
2025-11-28 09:00:00+01:00;72,000;1,000;MESURE
2025-11-28 10:00:00+01:00;71,000;1,000;MESURE
2025-11-28 11:00:00+01:00;72,000;1,000;MESURE
2025-11-28 12:00:00+01:00;71,000;1,000;MESURE
2025-11-28 13:00:00+01:00;7744,000;1,000;MESURE
2025-11-28 14:00:00+01:00;10790,000;1,000;MESURE
2025-11-28 15:00:00+01:00;9140,000;1,000;MESURE
2025-11-28 16:00:00+01:00;72,000;1,000;MESURE
2025-11-28 17:00:00+01:00;72,000;1,000;MESURE
2025-11-28 18:00:00+01:00;72,000;1,000;MESURE
2025-11-28 19:00:00+01:00;750,000;1,000;MESURE
2025-11-28 20:00:00+01:00;11453,000;1,000;MESURE
2025-11-28 21:00:00+01:00;11528,000;1,000;MESURE
2025-11-28 22:00:00+01:00;2632,000;1,000;MESURE
2025-11-28 23:00:00+01:00;70,000;1,000;MESURE
2025-11-29 00:00:00+01:00;71,000;1,000;MESURE
2025-11-29 01:00:00+01:00;71,000;1,000;MESURE
2025-11-29 02:00:00+01:00;70,000;1,000;MESURE
2025-11-29 03:00:00+01:00;70,000;1,000;MESURE
2025-11-29 04:00:00+01:00;71,000;1,000;MESURE
2025-11-29 05:00:00+01:00;70,000;1,000;MESURE
2025-11-29 06:00:00+01:00;70,000;1,000;MESURE
2025-11-29 07:00:00+01:00;70,000;1,000;MESURE
2025-11-29 08:00:00+01:00;72,000;1,000;MESURE
2025-11-29 09:00:00+01:00;1740,000;1,000;MESURE
2025-11-29 10:00:00+01:00;332,000;1,000;MESURE
2025-11-29 11:00:00+01:00;737,000;1,000;MESURE
2025-11-29 12:00:00+01:00;73,000;1,000;MESURE
2025-11-29 13:00:00+01:00;73,000;1,000;MESURE
2025-11-29 14:00:00+01:00;72,000;1,000;MESURE
2025-11-29 15:00:00+01:00;73,000;1,000;MESURE
2025-11-29 16:00:00+01:00;7962,000;1,000;MESURE
2025-11-29 17:00:00+01:00;11311,000;1,000;MESURE
2025-11-29 18:00:00+01:00;4288,000;1,000;MESURE
2025-11-29 19:00:00+01:00;73,000;1,000;MESURE
2025-11-29 20:00:00+01:00;71,000;1,000;MESURE
2025-11-29 21:00:00+01:00;71,000;1,000;MESURE
2025-11-29 22:00:00+01:00;72,000;1,000;MESURE
2025-11-29 23:00:00+01:00;71,000;1,000;MESURE
2025-11-30 00:00:00+01:00;71,000;1,000;MESURE
2025-11-30 01:00:00+01:00;71,000;1,000;MESURE
2025-11-30 02:00:00+01:00;71,000;1,000;MESURE
2025-11-30 03:00:00+01:00;71,000;1,000;MESURE
2025-11-30 04:00:00+01:00;71,000;1,000;MESURE
2025-11-30 05:00:00+01:00;1810,000;1,000;MESURE
2025-11-30 06:00:00+01:00;10577,000;1,000;MESURE
2025-11-30 07:00:00+01:00;1510,000;1,000;MESURE
2025-11-30 08:00:00+01:00;551,000;1,000;MESURE
2025-11-30 09:00:00+01:00;72,000;1,000;MESURE
2025-11-30 10:00:00+01:00;3426,000;1,000;MESURE
2025-11-30 11:00:00+01:00;7688,000;1,000;MESURE
2025-11-30 12:00:00+01:00;2608,000;1,000;MESURE
2025-11-30 13:00:00+01:00;10456,000;1,000;MESURE
2025-11-30 14:00:00+01:00;10524,000;1,000;MESURE
2025-11-30 15:00:00+01:00;10427,000;1,000;MESURE
2025-11-30 16:00:00+01:00;5691,000;1,000;MESURE
2025-11-30 17:00:00+01:00;72,000;1,000;MESURE
2025-11-30 18:00:00+01:00;7218,000;1,000;MESURE
2025-11-30 19:00:00+01:00;9534,000;1,000;MESURE
2025-11-30 20:00:00+01:00;9140,000;1,000;MESURE
2025-11-30 21:00:00+01:00;70,000;1,000;MESURE
2025-11-30 22:00:00+01:00;70,000;1,000;MESURE
2025-11-30 23:00:00+01:00;70,000;1,000;MESURE
2025-12-01 00:00:00+01:00;69,000;1,000;MESURE
2025-12-01 01:00:00+01:00;70,000;1,000;MESURE
2025-12-01 02:00:00+01:00;70,000;1,000;MESURE
2025-12-01 03:00:00+01:00;69,000;1,000;MESURE
2025-12-01 04:00:00+01:00;70,000;1,000;MESURE
2025-12-01 05:00:00+01:00;69,000;1,000;MESURE
2025-12-01 06:00:00+01:00;69,000;1,000;MESURE
2025-12-01 07:00:00+01:00;69,000;1,000;MESURE
2025-12-01 08:00:00+01:00;71,000;1,000;MESURE
2025-12-01 09:00:00+01:00;70,000;1,000;MESURE
2025-12-01 10:00:00+01:00;71,000;1,000;MESURE
2025-12-01 11:00:00+01:00;71,000;1,000;MESURE
2025-12-01 12:00:00+01:00;71,000;1,000;MESURE
2025-12-01 13:00:00+01:00;72,000;1,000;MESURE
2025-12-01 14:00:00+01:00;71,000;1,000;MESURE
2025-12-01 15:00:00+01:00;73,000;1,000;MESURE
2025-12-01 16:00:00+01:00;73,000;1,000;MESURE
2025-12-01 17:00:00+01:00;73,000;1,000;MESURE
2025-12-01 18:00:00+01:00;879,000;1,000;MESURE
2025-12-01 19:00:00+01:00;10701,000;1,000;MESURE
2025-12-01 20:00:00+01:00;10703,000;1,000;MESURE
2025-12-01 21:00:00+01:00;10741,000;1,000;MESURE
2025-12-01 22:00:00+01:00;10759,000;1,000;MESURE
2025-12-01 23:00:00+01:00;7985,000;1,000;MESURE
2025-12-02 00:00:00+01:00;2259,000;1,000;MESURE
2025-12-02 01:00:00+01:00;71,000;1,000;MESURE
2025-12-02 02:00:00+01:00;70,000;1,000;MESURE
2025-12-02 03:00:00+01:00;71,000;1,000;MESURE
2025-12-02 04:00:00+01:00;71,000;1,000;MESURE
2025-12-02 05:00:00+01:00;70,000;1,000;MESURE
2025-12-02 06:00:00+01:00;71,000;1,000;MESURE
2025-12-02 07:00:00+01:00;70,000;1,000;MESURE
2025-12-02 08:00:00+01:00;72,000;1,000;MESURE
2025-12-02 09:00:00+01:00;73,000;1,000;MESURE
2025-12-02 10:00:00+01:00;72,000;1,000;MESURE
2025-12-02 11:00:00+01:00;374,000;1,000;MESURE
2025-12-02 12:00:00+01:00;3587,000;1,000;MESURE
2025-12-02 13:00:00+01:00;3586,000;1,000;MESURE
2025-12-02 14:00:00+01:00;3208,000;1,000;MESURE
2025-12-02 15:00:00+01:00;397,000;1,000;MESURE
2025-12-02 16:00:00+01:00;72,000;1,000;MESURE
2025-12-02 17:00:00+01:00;73,000;1,000;MESURE
2025-12-02 18:00:00+01:00;73,000;1,000;MESURE
2025-12-02 19:00:00+01:00;73,000;1,000;MESURE
2025-12-02 20:00:00+01:00;71,000;1,000;MESURE
2025-12-02 21:00:00+01:00;71,000;1,000;MESURE
2025-12-02 22:00:00+01:00;70,000;1,000;MESURE
2025-12-02 23:00:00+01:00;70,000;1,000;MESURE
2025-12-03 00:00:00+01:00;71,000;1,000;MESURE
2025-12-03 01:00:00+01:00;70,000;1,000;MESURE
2025-12-03 02:00:00+01:00;71,000;1,000;MESURE
2025-12-03 03:00:00+01:00;70,000;1,000;MESURE
2025-12-03 04:00:00+01:00;71,000;1,000;MESURE
2025-12-03 05:00:00+01:00;69,000;1,000;MESURE
2025-12-03 06:00:00+01:00;7786,000;1,000;MESURE
2025-12-03 07:00:00+01:00;11925,000;1,000;MESURE
2025-12-03 08:00:00+01:00;5072,000;1,000;MESURE
2025-12-03 09:00:00+01:00;72,000;1,000;MESURE
2025-12-03 10:00:00+01:00;71,000;1,000;MESURE
2025-12-03 11:00:00+01:00;72,000;1,000;MESURE
2025-12-03 12:00:00+01:00;72,000;1,000;MESURE
2025-12-03 13:00:00+01:00;282,000;1,000;MESURE
2025-12-03 14:00:00+01:00;3760,000;1,000;MESURE
2025-12-03 15:00:00+01:00;336,000;1,000;MESURE
2025-12-03 16:00:00+01:00;7657,000;1,000;MESURE
2025-12-03 17:00:00+01:00;10472,000;1,000;MESURE
2025-12-03 18:00:00+01:00;10455,000;1,000;MESURE
2025-12-03 19:00:00+01:00;4091,000;1,000;MESURE
2025-12-03 20:00:00+01:00;10639,000;1,000;MESURE
2025-12-03 21:00:00+01:00;10672,000;1,000;MESURE
2025-12-03 22:00:00+01:00;8330,000;1,000;MESURE
2025-12-03 23:00:00+01:00;2063,000;1,000;MESURE
2025-12-04 00:00:00+01:00;72,000;1,000;MESURE
2025-12-04 01:00:00+01:00;71,000;1,000;MESURE
2025-12-04 02:00:00+01:00;71,000;1,000;MESURE
2025-12-04 03:00:00+01:00;71,000;1,000;MESURE
2025-12-04 04:00:00+01:00;71,000;1,000;MESURE
2025-12-04 05:00:00+01:00;71,000;1,000;MESURE
2025-12-04 06:00:00+01:00;71,000;1,000;MESURE
2025-12-04 07:00:00+01:00;70,000;1,000;MESURE
2025-12-04 08:00:00+01:00;72,000;1,000;MESURE
2025-12-04 09:00:00+01:00;72,000;1,000;MESURE
2025-12-04 10:00:00+01:00;73,000;1,000;MESURE
2025-12-04 11:00:00+01:00;6516,000;1,000;MESURE
2025-12-04 12:00:00+01:00;10407,000;1,000;MESURE
2025-12-04 13:00:00+01:00;8143,000;1,000;MESURE
2025-12-04 14:00:00+01:00;74,000;1,000;MESURE
2025-12-04 15:00:00+01:00;74,000;1,000;MESURE
2025-12-04 16:00:00+01:00;74,000;1,000;MESURE
2025-12-04 17:00:00+01:00;74,000;1,000;MESURE
2025-12-04 18:00:00+01:00;74,000;1,000;MESURE
2025-12-04 19:00:00+01:00;74,000;1,000;MESURE
2025-12-04 20:00:00+01:00;8330,000;1,000;MESURE
2025-12-04 21:00:00+01:00;10732,000;1,000;MESURE
2025-12-04 22:00:00+01:00;10729,000;1,000;MESURE
2025-12-04 23:00:00+01:00;564,000;1,000;MESURE
2025-12-05 00:00:00+01:00;72,000;1,000;MESURE
2025-12-05 01:00:00+01:00;71,000;1,000;MESURE
2025-12-05 02:00:00+01:00;72,000;1,000;MESURE
2025-12-05 03:00:00+01:00;72,000;1,000;MESURE
2025-12-05 04:00:00+01:00;71,000;1,000;MESURE
2025-12-05 05:00:00+01:00;72,000;1,000;MESURE
2025-12-05 06:00:00+01:00;71,000;1,000;MESURE
2025-12-05 07:00:00+01:00;72,000;1,000;MESURE
2025-12-05 08:00:00+01:00;73,000;1,000;MESURE
2025-12-05 09:00:00+01:00;1925,000;1,000;MESURE
2025-12-05 10:00:00+01:00;10799,000;1,000;MESURE
2025-12-05 11:00:00+01:00;10791,000;1,000;MESURE
2025-12-05 12:00:00+01:00;10783,000;1,000;MESURE
2025-12-05 13:00:00+01:00;3308,000;1,000;MESURE
2025-12-05 14:00:00+01:00;74,000;1,000;MESURE
2025-12-05 15:00:00+01:00;73,000;1,000;MESURE
2025-12-05 16:00:00+01:00;809,000;1,000;MESURE
2025-12-05 17:00:00+01:00;11325,000;1,000;MESURE
2025-12-05 18:00:00+01:00;11399,000;1,000;MESURE
2025-12-05 19:00:00+01:00;4474,000;1,000;MESURE
2025-12-05 20:00:00+01:00;71,000;1,000;MESURE
2025-12-05 21:00:00+01:00;72,000;1,000;MESURE
2025-12-05 22:00:00+01:00;71,000;1,000;MESURE
2025-12-05 23:00:00+01:00;71,000;1,000;MESURE
2025-12-06 00:00:00+01:00;72,000;1,000;MESURE
2025-12-06 01:00:00+01:00;71,000;1,000;MESURE
2025-12-06 02:00:00+01:00;71,000;1,000;MESURE
2025-12-06 03:00:00+01:00;70,000;1,000;MESURE
2025-12-06 04:00:00+01:00;71,000;1,000;MESURE
2025-12-06 05:00:00+01:00;70,000;1,000;MESURE
2025-12-06 06:00:00+01:00;70,000;1,000;MESURE
2025-12-06 07:00:00+01:00;70,000;1,000;MESURE
2025-12-06 08:00:00+01:00;72,000;1,000;MESURE
2025-12-06 09:00:00+01:00;9010,000;1,000;MESURE
2025-12-06 10:00:00+01:00;11367,000;1,000;MESURE
2025-12-06 11:00:00+01:00;11103,000;1,000;MESURE
2025-12-06 12:00:00+01:00;73,000;1,000;MESURE
2025-12-06 13:00:00+01:00;73,000;1,000;MESURE
2025-12-06 14:00:00+01:00;6242,000;1,000;MESURE
2025-12-06 15:00:00+01:00;10029,000;1,000;MESURE
2025-12-06 16:00:00+01:00;10473,000;1,000;MESURE
2025-12-06 17:00:00+01:00;10445,000;1,000;MESURE
2025-12-06 18:00:00+01:00;9923,000;1,000;MESURE
2025-12-06 19:00:00+01:00;72,000;1,000;MESURE
2025-12-06 20:00:00+01:00;71,000;1,000;MESURE
2025-12-06 21:00:00+01:00;70,000;1,000;MESURE
2025-12-06 22:00:00+01:00;70,000;1,000;MESURE
2025-12-06 23:00:00+01:00;71,000;1,000;MESURE
2025-12-07 00:00:00+01:00;70,000;1,000;MESURE
2025-12-07 01:00:00+01:00;70,000;1,000;MESURE
2025-12-07 02:00:00+01:00;71,000;1,000;MESURE
2025-12-07 03:00:00+01:00;70,000;1,000;MESURE
2025-12-07 04:00:00+01:00;71,000;1,000;MESURE
2025-12-07 05:00:00+01:00;69,000;1,000;MESURE
2025-12-07 06:00:00+01:00;70,000;1,000;MESURE
2025-12-07 07:00:00+01:00;70,000;1,000;MESURE
2025-12-07 08:00:00+01:00;71,000;1,000;MESURE
2025-12-07 09:00:00+01:00;70,000;1,000;MESURE
2025-12-07 10:00:00+01:00;71,000;1,000;MESURE
2025-12-07 11:00:00+01:00;72,000;1,000;MESURE
2025-12-07 12:00:00+01:00;71,000;1,000;MESURE
2025-12-07 13:00:00+01:00;72,000;1,000;MESURE
2025-12-07 14:00:00+01:00;71,000;1,000;MESURE
2025-12-07 15:00:00+01:00;71,000;1,000;MESURE
2025-12-07 16:00:00+01:00;72,000;1,000;MESURE
2025-12-07 17:00:00+01:00;71,000;1,000;MESURE
2025-12-07 18:00:00+01:00;72,000;1,000;MESURE
2025-12-07 19:00:00+01:00;72,000;1,000;MESURE
2025-12-07 20:00:00+01:00;70,000;1,000;MESURE
2025-12-07 21:00:00+01:00;70,000;1,000;MESURE
2025-12-07 22:00:00+01:00;70,000;1,000;MESURE
2025-12-07 23:00:00+01:00;70,000;1,000;MESURE
2025-12-08 00:00:00+01:00;69,000;1,000;MESURE
2025-12-08 01:00:00+01:00;70,000;1,000;MESURE
2025-12-08 02:00:00+01:00;70,000;1,000;MESURE
2025-12-08 03:00:00+01:00;70,000;1,000;MESURE
2025-12-08 04:00:00+01:00;69,000;1,000;MESURE
2025-12-08 05:00:00+01:00;70,000;1,000;MESURE
2025-12-08 06:00:00+01:00;69,000;1,000;MESURE
2025-12-08 07:00:00+01:00;70,000;1,000;MESURE
2025-12-08 08:00:00+01:00;71,000;1,000;MESURE
2025-12-08 09:00:00+01:00;71,000;1,000;MESURE
2025-12-08 10:00:00+01:00;5615,000;1,000;MESURE
2025-12-08 11:00:00+01:00;11013,000;1,000;MESURE
2025-12-08 12:00:00+01:00;8671,000;1,000;MESURE
2025-12-08 13:00:00+01:00;72,000;1,000;MESURE
2025-12-08 14:00:00+01:00;72,000;1,000;MESURE
2025-12-08 15:00:00+01:00;72,000;1,000;MESURE
2025-12-08 16:00:00+01:00;72,000;1,000;MESURE
2025-12-08 17:00:00+01:00;72,000;1,000;MESURE
2025-12-08 18:00:00+01:00;72,000;1,000;MESURE
2025-12-08 19:00:00+01:00;2505,000;1,000;MESURE
2025-12-08 20:00:00+01:00;1075,000;1,000;MESURE
2025-12-08 21:00:00+01:00;70,000;1,000;MESURE
2025-12-08 22:00:00+01:00;70,000;1,000;MESURE
2025-12-08 23:00:00+01:00;71,000;1,000;MESURE
2025-12-09 00:00:00+01:00;70,000;1,000;MESURE
2025-12-09 01:00:00+01:00;70,000;1,000;MESURE
2025-12-09 02:00:00+01:00;70,000;1,000;MESURE
2025-12-09 03:00:00+01:00;69,000;1,000;MESURE
2025-12-09 04:00:00+01:00;70,000;1,000;MESURE
2025-12-09 05:00:00+01:00;69,000;1,000;MESURE
2025-12-09 06:00:00+01:00;69,000;1,000;MESURE
2025-12-09 07:00:00+01:00;69,000;1,000;MESURE
2025-12-09 08:00:00+01:00;72,000;1,000;MESURE
2025-12-09 09:00:00+01:00;71,000;1,000;MESURE
2025-12-09 10:00:00+01:00;71,000;1,000;MESURE
2025-12-09 11:00:00+01:00;72,000;1,000;MESURE
2025-12-09 12:00:00+01:00;71,000;1,000;MESURE
2025-12-09 13:00:00+01:00;72,000;1,000;MESURE
2025-12-09 14:00:00+01:00;72,000;1,000;MESURE
2025-12-09 15:00:00+01:00;71,000;1,000;MESURE
2025-12-09 16:00:00+01:00;71,000;1,000;MESURE
2025-12-09 17:00:00+01:00;72,000;1,000;MESURE
2025-12-09 18:00:00+01:00;72,000;1,000;MESURE
2025-12-09 19:00:00+01:00;72,000;1,000;MESURE
2025-12-09 20:00:00+01:00;70,000;1,000;MESURE
2025-12-09 21:00:00+01:00;70,000;1,000;MESURE
2025-12-09 22:00:00+01:00;70,000;1,000;MESURE
2025-12-09 23:00:00+01:00;70,000;1,000;MESURE
2025-12-10 00:00:00+01:00;70,000;1,000;MESURE
2025-12-10 01:00:00+01:00;69,000;1,000;MESURE
2025-12-10 02:00:00+01:00;70,000;1,000;MESURE
2025-12-10 03:00:00+01:00;70,000;1,000;MESURE
2025-12-10 04:00:00+01:00;70,000;1,000;MESURE
2025-12-10 05:00:00+01:00;69,000;1,000;MESURE
2025-12-10 06:00:00+01:00;69,000;1,000;MESURE
2025-12-10 07:00:00+01:00;69,000;1,000;MESURE
2025-12-10 08:00:00+01:00;72,000;1,000;MESURE
2025-12-10 09:00:00+01:00;71,000;1,000;MESURE
2025-12-10 10:00:00+01:00;72,000;1,000;MESURE
2025-12-10 11:00:00+01:00;71,000;1,000;MESURE
2025-12-10 12:00:00+01:00;72,000;1,000;MESURE
2025-12-10 13:00:00+01:00;73,000;1,000;MESURE
2025-12-10 14:00:00+01:00;75,000;1,000;MESURE
2025-12-10 15:00:00+01:00;74,000;1,000;MESURE
2025-12-10 16:00:00+01:00;74,000;1,000;MESURE
2025-12-10 17:00:00+01:00;73,000;1,000;MESURE
2025-12-10 18:00:00+01:00;2183,000;1,000;MESURE
2025-12-10 19:00:00+01:00;2055,000;1,000;MESURE
2025-12-10 20:00:00+01:00;72,000;1,000;MESURE
2025-12-10 21:00:00+01:00;72,000;1,000;MESURE
2025-12-10 22:00:00+01:00;9211,000;1,000;MESURE
2025-12-10 23:00:00+01:00;10645,000;1,000;MESURE
2025-12-11 00:00:00+01:00;10671,000;1,000;MESURE
2025-12-11 01:00:00+01:00;5336,000;1,000;MESURE
2025-12-11 02:00:00+01:00;71,000;1,000;MESURE
2025-12-11 03:00:00+01:00;71,000;1,000;MESURE
2025-12-11 04:00:00+01:00;71,000;1,000;MESURE
2025-12-11 05:00:00+01:00;70,000;1,000;MESURE
2025-12-11 06:00:00+01:00;70,000;1,000;MESURE
2025-12-11 07:00:00+01:00;71,000;1,000;MESURE
2025-12-11 08:00:00+01:00;72,000;1,000;MESURE
2025-12-11 09:00:00+01:00;9108,000;1,000;MESURE
2025-12-11 10:00:00+01:00;10992,000;1,000;MESURE
2025-12-11 11:00:00+01:00;11027,000;1,000;MESURE
2025-12-11 12:00:00+01:00;11042,000;1,000;MESURE
2025-12-11 13:00:00+01:00;11042,000;1,000;MESURE
2025-12-11 14:00:00+01:00;11015,000;1,000;MESURE
2025-12-11 15:00:00+01:00;10304,000;1,000;MESURE
2025-12-11 16:00:00+01:00;5390,000;1,000;MESURE
2025-12-11 17:00:00+01:00;74,000;1,000;MESURE
2025-12-11 18:00:00+01:00;73,000;1,000;MESURE
2025-12-11 19:00:00+01:00;74,000;1,000;MESURE
2025-12-11 20:00:00+01:00;72,000;1,000;MESURE
2025-12-11 21:00:00+01:00;72,000;1,000;MESURE
2025-12-11 22:00:00+01:00;71,000;1,000;MESURE
2025-12-11 23:00:00+01:00;72,000;1,000;MESURE
2025-12-12 00:00:00+01:00;71,000;1,000;MESURE
2025-12-12 01:00:00+01:00;72,000;1,000;MESURE
2025-12-12 02:00:00+01:00;71,000;1,000;MESURE
2025-12-12 03:00:00+01:00;71,000;1,000;MESURE
2025-12-12 04:00:00+01:00;71,000;1,000;MESURE
2025-12-12 05:00:00+01:00;71,000;1,000;MESURE
2025-12-12 06:00:00+01:00;71,000;1,000;MESURE
2025-12-12 07:00:00+01:00;71,000;1,000;MESURE
2025-12-12 08:00:00+01:00;73,000;1,000;MESURE
2025-12-12 09:00:00+01:00;73,000;1,000;MESURE
2025-12-12 10:00:00+01:00;73,000;1,000;MESURE
2025-12-12 11:00:00+01:00;72,000;1,000;MESURE
2025-12-12 12:00:00+01:00;73,000;1,000;MESURE
2025-12-12 13:00:00+01:00;74,000;1,000;MESURE
2025-12-12 14:00:00+01:00;73,000;1,000;MESURE
2025-12-12 15:00:00+01:00;74,000;1,000;MESURE
2025-12-12 16:00:00+01:00;2634,000;1,000;MESURE
2025-12-12 17:00:00+01:00;2765,000;1,000;MESURE
2025-12-12 18:00:00+01:00;74,000;1,000;MESURE
2025-12-12 19:00:00+01:00;8420,000;1,000;MESURE
2025-12-12 20:00:00+01:00;10757,000;1,000;MESURE
2025-12-12 21:00:00+01:00;549,000;1,000;MESURE
2025-12-12 22:00:00+01:00;72,000;1,000;MESURE
2025-12-12 23:00:00+01:00;71,000;1,000;MESURE
2025-12-13 00:00:00+01:00;72,000;1,000;MESURE
2025-12-13 01:00:00+01:00;71,000;1,000;MESURE
2025-12-13 02:00:00+01:00;72,000;1,000;MESURE
2025-12-13 03:00:00+01:00;71,000;1,000;MESURE
2025-12-13 04:00:00+01:00;71,000;1,000;MESURE
2025-12-13 05:00:00+01:00;70,000;1,000;MESURE
2025-12-13 06:00:00+01:00;71,000;1,000;MESURE
2025-12-13 07:00:00+01:00;70,000;1,000;MESURE
2025-12-13 08:00:00+01:00;2869,000;1,000;MESURE
2025-12-13 09:00:00+01:00;11489,000;1,000;MESURE
2025-12-13 10:00:00+01:00;11502,000;1,000;MESURE
2025-12-13 11:00:00+01:00;11486,000;1,000;MESURE
2025-12-13 12:00:00+01:00;3753,000;1,000;MESURE
2025-12-13 13:00:00+01:00;74,000;1,000;MESURE
2025-12-13 14:00:00+01:00;74,000;1,000;MESURE
2025-12-13 15:00:00+01:00;74,000;1,000;MESURE
2025-12-13 16:00:00+01:00;73,000;1,000;MESURE
2025-12-13 17:00:00+01:00;10071,000;1,000;MESURE
2025-12-13 18:00:00+01:00;11371,000;1,000;MESURE
2025-12-13 19:00:00+01:00;11409,000;1,000;MESURE
2025-12-13 20:00:00+01:00;11442,000;1,000;MESURE
2025-12-13 21:00:00+01:00;1309,000;1,000;MESURE
2025-12-13 22:00:00+01:00;71,000;1,000;MESURE
2025-12-13 23:00:00+01:00;71,000;1,000;MESURE
2025-12-14 00:00:00+01:00;72,000;1,000;MESURE
2025-12-14 01:00:00+01:00;71,000;1,000;MESURE
2025-12-14 02:00:00+01:00;71,000;1,000;MESURE
2025-12-14 03:00:00+01:00;71,000;1,000;MESURE
2025-12-14 04:00:00+01:00;71,000;1,000;MESURE
2025-12-14 05:00:00+01:00;70,000;1,000;MESURE
2025-12-14 06:00:00+01:00;71,000;1,000;MESURE
2025-12-14 07:00:00+01:00;70,000;1,000;MESURE
2025-12-14 08:00:00+01:00;73,000;1,000;MESURE
2025-12-14 09:00:00+01:00;72,000;1,000;MESURE
2025-12-14 10:00:00+01:00;73,000;1,000;MESURE
2025-12-14 11:00:00+01:00;7910,000;1,000;MESURE
2025-12-14 12:00:00+01:00;3980,000;1,000;MESURE
2025-12-14 13:00:00+01:00;72,000;1,000;MESURE
2025-12-14 14:00:00+01:00;72,000;1,000;MESURE
2025-12-14 15:00:00+01:00;72,000;1,000;MESURE
2025-12-14 16:00:00+01:00;72,000;1,000;MESURE
2025-12-14 17:00:00+01:00;72,000;1,000;MESURE
2025-12-14 18:00:00+01:00;72,000;1,000;MESURE
2025-12-14 19:00:00+01:00;72,000;1,000;MESURE
2025-12-14 20:00:00+01:00;70,000;1,000;MESURE
2025-12-14 21:00:00+01:00;71,000;1,000;MESURE
2025-12-14 22:00:00+01:00;70,000;1,000;MESURE
2025-12-14 23:00:00+01:00;71,000;1,000;MESURE
2025-12-15 00:00:00+01:00;70,000;1,000;MESURE
2025-12-15 01:00:00+01:00;71,000;1,000;MESURE
2025-12-15 02:00:00+01:00;70,000;1,000;MESURE
2025-12-15 03:00:00+01:00;71,000;1,000;MESURE
2025-12-15 04:00:00+01:00;70,000;1,000;MESURE
2025-12-15 05:00:00+01:00;69,000;1,000;MESURE
2025-12-15 06:00:00+01:00;70,000;1,000;MESURE
2025-12-15 07:00:00+01:00;70,000;1,000;MESURE
2025-12-15 08:00:00+01:00;72,000;1,000;MESURE
2025-12-15 09:00:00+01:00;72,000;1,000;MESURE
2025-12-15 10:00:00+01:00;71,000;1,000;MESURE
2025-12-15 11:00:00+01:00;72,000;1,000;MESURE
2025-12-15 12:00:00+01:00;72,000;1,000;MESURE
2025-12-15 13:00:00+01:00;73,000;1,000;MESURE
2025-12-15 14:00:00+01:00;72,000;1,000;MESURE
2025-12-15 15:00:00+01:00;72,000;1,000;MESURE
2025-12-15 16:00:00+01:00;73,000;1,000;MESURE
2025-12-15 17:00:00+01:00;72,000;1,000;MESURE
2025-12-15 18:00:00+01:00;7761,000;1,000;MESURE
2025-12-15 19:00:00+01:00;10990,000;1,000;MESURE
2025-12-15 20:00:00+01:00;11019,000;1,000;MESURE
2025-12-15 21:00:00+01:00;3433,000;1,000;MESURE
2025-12-15 22:00:00+01:00;71,000;1,000;MESURE
2025-12-15 23:00:00+01:00;70,000;1,000;MESURE
2025-12-16 00:00:00+01:00;71,000;1,000;MESURE
2025-12-16 01:00:00+01:00;70,000;1,000;MESURE
2025-12-16 02:00:00+01:00;71,000;1,000;MESURE
2025-12-16 03:00:00+01:00;70,000;1,000;MESURE
2025-12-16 04:00:00+01:00;70,000;1,000;MESURE
2025-12-16 05:00:00+01:00;69,000;1,000;MESURE
2025-12-16 06:00:00+01:00;70,000;1,000;MESURE
2025-12-16 07:00:00+01:00;542,000;1,000;MESURE
2025-12-16 08:00:00+01:00;3926,000;1,000;MESURE
2025-12-16 09:00:00+01:00;71,000;1,000;MESURE
2025-12-16 10:00:00+01:00;72,000;1,000;MESURE
2025-12-16 11:00:00+01:00;71,000;1,000;MESURE
2025-12-16 12:00:00+01:00;72,000;1,000;MESURE
2025-12-16 13:00:00+01:00;72,000;1,000;MESURE
2025-12-16 14:00:00+01:00;72,000;1,000;MESURE
2025-12-16 15:00:00+01:00;73,000;1,000;MESURE
2025-12-16 16:00:00+01:00;72,000;1,000;MESURE
2025-12-16 17:00:00+01:00;73,000;1,000;MESURE
2025-12-16 18:00:00+01:00;73,000;1,000;MESURE
2025-12-16 19:00:00+01:00;7696,000;1,000;MESURE
2025-12-16 20:00:00+01:00;10445,000;1,000;MESURE
2025-12-16 21:00:00+01:00;10426,000;1,000;MESURE
2025-12-16 22:00:00+01:00;538,000;1,000;MESURE
2025-12-16 23:00:00+01:00;71,000;1,000;MESURE
2025-12-17 00:00:00+01:00;1292,000;1,000;MESURE
2025-12-17 01:00:00+01:00;10690,000;1,000;MESURE
2025-12-17 02:00:00+01:00;10700,000;1,000;MESURE
2025-12-17 03:00:00+01:00;10735,000;1,000;MESURE
2025-12-17 04:00:00+01:00;6986,000;1,000;MESURE
2025-12-17 05:00:00+01:00;257,000;1,000;MESURE
2025-12-17 06:00:00+01:00;70,000;1,000;MESURE
2025-12-17 07:00:00+01:00;70,000;1,000;MESURE
2025-12-17 08:00:00+01:00;71,000;1,000;MESURE
2025-12-17 09:00:00+01:00;72,000;1,000;MESURE
2025-12-17 10:00:00+01:00;72,000;1,000;MESURE
2025-12-17 11:00:00+01:00;71,000;1,000;MESURE
2025-12-17 12:00:00+01:00;73,000;1,000;MESURE
2025-12-17 13:00:00+01:00;94,000;1,000;MESURE
2025-12-17 14:00:00+01:00;3280,000;1,000;MESURE
2025-12-17 15:00:00+01:00;73,000;1,000;MESURE
2025-12-17 16:00:00+01:00;72,000;1,000;MESURE
2025-12-17 17:00:00+01:00;73,000;1,000;MESURE
2025-12-17 18:00:00+01:00;73,000;1,000;MESURE
2025-12-17 19:00:00+01:00;73,000;1,000;MESURE
2025-12-17 20:00:00+01:00;71,000;1,000;MESURE
2025-12-17 21:00:00+01:00;71,000;1,000;MESURE
2025-12-17 22:00:00+01:00;72,000;1,000;MESURE
2025-12-17 23:00:00+01:00;71,000;1,000;MESURE
2025-12-18 00:00:00+01:00;71,000;1,000;MESURE
2025-12-18 01:00:00+01:00;71,000;1,000;MESURE
2025-12-18 02:00:00+01:00;71,000;1,000;MESURE
2025-12-18 03:00:00+01:00;71,000;1,000;MESURE
2025-12-18 04:00:00+01:00;71,000;1,000;MESURE
2025-12-18 05:00:00+01:00;70,000;1,000;MESURE
2025-12-18 06:00:00+01:00;6738,000;1,000;MESURE
2025-12-18 07:00:00+01:00;11286,000;1,000;MESURE
2025-12-18 08:00:00+01:00;71,000;1,000;MESURE
2025-12-18 09:00:00+01:00;72,000;1,000;MESURE
2025-12-18 10:00:00+01:00;5764,000;1,000;MESURE
2025-12-18 11:00:00+01:00;10968,000;1,000;MESURE
2025-12-18 12:00:00+01:00;11003,000;1,000;MESURE
2025-12-18 13:00:00+01:00;11013,000;1,000;MESURE
2025-12-18 14:00:00+01:00;11011,000;1,000;MESURE
2025-12-18 15:00:00+01:00;11033,000;1,000;MESURE
2025-12-18 16:00:00+01:00;8790,000;1,000;MESURE
2025-12-18 17:00:00+01:00;73,000;1,000;MESURE
2025-12-18 18:00:00+01:00;8169,000;1,000;MESURE
2025-12-18 19:00:00+01:00;10826,000;1,000;MESURE
2025-12-18 20:00:00+01:00;10823,000;1,000;MESURE
2025-12-18 21:00:00+01:00;305,000;1,000;MESURE
2025-12-18 22:00:00+01:00;71,000;1,000;MESURE
2025-12-18 23:00:00+01:00;72,000;1,000;MESURE
2025-12-19 00:00:00+01:00;71,000;1,000;MESURE
2025-12-19 01:00:00+01:00;70,000;1,000;MESURE
2025-12-19 02:00:00+01:00;71,000;1,000;MESURE
2025-12-19 03:00:00+01:00;71,000;1,000;MESURE
2025-12-19 04:00:00+01:00;71,000;1,000;MESURE
2025-12-19 05:00:00+01:00;70,000;1,000;MESURE
2025-12-19 06:00:00+01:00;69,000;1,000;MESURE
2025-12-19 07:00:00+01:00;71,000;1,000;MESURE
2025-12-19 08:00:00+01:00;72,000;1,000;MESURE
2025-12-19 09:00:00+01:00;72,000;1,000;MESURE
2025-12-19 10:00:00+01:00;1617,000;1,000;MESURE
2025-12-19 11:00:00+01:00;10866,000;1,000;MESURE
2025-12-19 12:00:00+01:00;10875,000;1,000;MESURE
2025-12-19 13:00:00+01:00;10876,000;1,000;MESURE
2025-12-19 14:00:00+01:00;10829,000;1,000;MESURE
2025-12-19 15:00:00+01:00;6545,000;1,000;MESURE
2025-12-19 16:00:00+01:00;1524,000;1,000;MESURE
2025-12-19 17:00:00+01:00;11408,000;1,000;MESURE
2025-12-19 18:00:00+01:00;11446,000;1,000;MESURE
2025-12-19 19:00:00+01:00;5441,000;1,000;MESURE
2025-12-19 20:00:00+01:00;71,000;1,000;MESURE
2025-12-19 21:00:00+01:00;663,000;1,000;MESURE
2025-12-19 22:00:00+01:00;71,000;1,000;MESURE
2025-12-19 23:00:00+01:00;70,000;1,000;MESURE
2025-12-20 00:00:00+01:00;71,000;1,000;MESURE
2025-12-20 01:00:00+01:00;71,000;1,000;MESURE
2025-12-20 02:00:00+01:00;70,000;1,000;MESURE
2025-12-20 03:00:00+01:00;71,000;1,000;MESURE
2025-12-20 04:00:00+01:00;71,000;1,000;MESURE
2025-12-20 05:00:00+01:00;70,000;1,000;MESURE
2025-12-20 06:00:00+01:00;70,000;1,000;MESURE
2025-12-20 07:00:00+01:00;70,000;1,000;MESURE
2025-12-20 08:00:00+01:00;71,000;1,000;MESURE
2025-12-20 09:00:00+01:00;3822,000;1,000;MESURE
2025-12-20 10:00:00+01:00;11040,000;1,000;MESURE
2025-12-20 11:00:00+01:00;11025,000;1,000;MESURE
2025-12-20 12:00:00+01:00;7990,000;1,000;MESURE
2025-12-20 13:00:00+01:00;71,000;1,000;MESURE
2025-12-20 14:00:00+01:00;72,000;1,000;MESURE
2025-12-20 15:00:00+01:00;72,000;1,000;MESURE
2025-12-20 16:00:00+01:00;71,000;1,000;MESURE
2025-12-20 17:00:00+01:00;7736,000;1,000;MESURE
2025-12-20 18:00:00+01:00;1756,000;1,000;MESURE
2025-12-20 19:00:00+01:00;72,000;1,000;MESURE
2025-12-20 20:00:00+01:00;70,000;1,000;MESURE
2025-12-20 21:00:00+01:00;70,000;1,000;MESURE
2025-12-20 22:00:00+01:00;70,000;1,000;MESURE
2025-12-20 23:00:00+01:00;69,000;1,000;MESURE
2025-12-21 00:00:00+01:00;70,000;1,000;MESURE
2025-12-21 01:00:00+01:00;2663,000;1,000;MESURE
2025-12-21 02:00:00+01:00;8688,000;1,000;MESURE
2025-12-21 03:00:00+01:00;10464,000;1,000;MESURE
2025-12-21 04:00:00+01:00;10446,000;1,000;MESURE
2025-12-21 05:00:00+01:00;10427,000;1,000;MESURE
2025-12-21 06:00:00+01:00;3674,000;1,000;MESURE
2025-12-21 07:00:00+01:00;69,000;1,000;MESURE
2025-12-21 08:00:00+01:00;70,000;1,000;MESURE
2025-12-21 09:00:00+01:00;70,000;1,000;MESURE
2025-12-21 10:00:00+01:00;71,000;1,000;MESURE
2025-12-21 11:00:00+01:00;72,000;1,000;MESURE
2025-12-21 12:00:00+01:00;71,000;1,000;MESURE
2025-12-21 13:00:00+01:00;71,000;1,000;MESURE
2025-12-21 14:00:00+01:00;71,000;1,000;MESURE
2025-12-21 15:00:00+01:00;71,000;1,000;MESURE
2025-12-21 16:00:00+01:00;71,000;1,000;MESURE
2025-12-21 17:00:00+01:00;71,000;1,000;MESURE
2025-12-21 18:00:00+01:00;71,000;1,000;MESURE
2025-12-21 19:00:00+01:00;72,000;1,000;MESURE
2025-12-21 20:00:00+01:00;69,000;1,000;MESURE
2025-12-21 21:00:00+01:00;70,000;1,000;MESURE
2025-12-21 22:00:00+01:00;70,000;1,000;MESURE
2025-12-21 23:00:00+01:00;70,000;1,000;MESURE
2025-12-22 00:00:00+01:00;69,000;1,000;MESURE
2025-12-22 01:00:00+01:00;70,000;1,000;MESURE
2025-12-22 02:00:00+01:00;70,000;1,000;MESURE
2025-12-22 03:00:00+01:00;69,000;1,000;MESURE
2025-12-22 04:00:00+01:00;69,000;1,000;MESURE
2025-12-22 05:00:00+01:00;69,000;1,000;MESURE
2025-12-22 06:00:00+01:00;69,000;1,000;MESURE
2025-12-22 07:00:00+01:00;69,000;1,000;MESURE
2025-12-22 08:00:00+01:00;71,000;1,000;MESURE
2025-12-22 09:00:00+01:00;71,000;1,000;MESURE
2025-12-22 10:00:00+01:00;71,000;1,000;MESURE
2025-12-22 11:00:00+01:00;71,000;1,000;MESURE
2025-12-22 12:00:00+01:00;71,000;1,000;MESURE
2025-12-22 13:00:00+01:00;72,000;1,000;MESURE
2025-12-22 14:00:00+01:00;73,000;1,000;MESURE
2025-12-22 15:00:00+01:00;75,000;1,000;MESURE
2025-12-22 16:00:00+01:00;74,000;1,000;MESURE
2025-12-22 17:00:00+01:00;74,000;1,000;MESURE
2025-12-22 18:00:00+01:00;74,000;1,000;MESURE
2025-12-22 19:00:00+01:00;74,000;1,000;MESURE
2025-12-22 20:00:00+01:00;72,000;1,000;MESURE
2025-12-22 21:00:00+01:00;72,000;1,000;MESURE
2025-12-22 22:00:00+01:00;72,000;1,000;MESURE
2025-12-22 23:00:00+01:00;72,000;1,000;MESURE
2025-12-23 00:00:00+01:00;72,000;1,000;MESURE
2025-12-23 01:00:00+01:00;72,000;1,000;MESURE
2025-12-23 02:00:00+01:00;72,000;1,000;MESURE
2025-12-23 03:00:00+01:00;72,000;1,000;MESURE
2025-12-23 04:00:00+01:00;71,000;1,000;MESURE
2025-12-23 05:00:00+01:00;71,000;1,000;MESURE
2025-12-23 06:00:00+01:00;71,000;1,000;MESURE
2025-12-23 07:00:00+01:00;71,000;1,000;MESURE
2025-12-23 08:00:00+01:00;73,000;1,000;MESURE
2025-12-23 09:00:00+01:00;73,000;1,000;MESURE
2025-12-23 10:00:00+01:00;73,000;1,000;MESURE
2025-12-23 11:00:00+01:00;73,000;1,000;MESURE
2025-12-23 12:00:00+01:00;74,000;1,000;MESURE
2025-12-23 13:00:00+01:00;74,000;1,000;MESURE
2025-12-23 14:00:00+01:00;74,000;1,000;MESURE
2025-12-23 15:00:00+01:00;73,000;1,000;MESURE
2025-12-23 16:00:00+01:00;74,000;1,000;MESURE
2025-12-23 17:00:00+01:00;73,000;1,000;MESURE
2025-12-23 18:00:00+01:00;74,000;1,000;MESURE
2025-12-23 19:00:00+01:00;73,000;1,000;MESURE
2025-12-23 20:00:00+01:00;72,000;1,000;MESURE
2025-12-23 21:00:00+01:00;71,000;1,000;MESURE
2025-12-23 22:00:00+01:00;72,000;1,000;MESURE
2025-12-23 23:00:00+01:00;71,000;1,000;MESURE
2025-12-24 00:00:00+01:00;72,000;1,000;MESURE
2025-12-24 01:00:00+01:00;71,000;1,000;MESURE
2025-12-24 02:00:00+01:00;72,000;1,000;MESURE
2025-12-24 03:00:00+01:00;71,000;1,000;MESURE
2025-12-24 04:00:00+01:00;71,000;1,000;MESURE
2025-12-24 05:00:00+01:00;71,000;1,000;MESURE
2025-12-24 06:00:00+01:00;70,000;1,000;MESURE
2025-12-24 07:00:00+01:00;71,000;1,000;MESURE
2025-12-24 08:00:00+01:00;72,000;1,000;MESURE
2025-12-24 09:00:00+01:00;73,000;1,000;MESURE
2025-12-24 10:00:00+01:00;72,000;1,000;MESURE
2025-12-24 11:00:00+01:00;73,000;1,000;MESURE
2025-12-24 12:00:00+01:00;72,000;1,000;MESURE
2025-12-24 13:00:00+01:00;73,000;1,000;MESURE
2025-12-24 14:00:00+01:00;73,000;1,000;MESURE
2025-12-24 15:00:00+01:00;73,000;1,000;MESURE
2025-12-24 16:00:00+01:00;73,000;1,000;MESURE
2025-12-24 17:00:00+01:00;73,000;1,000;MESURE
2025-12-24 18:00:00+01:00;73,000;1,000;MESURE
2025-12-24 19:00:00+01:00;72,000;1,000;MESURE
2025-12-24 20:00:00+01:00;72,000;1,000;MESURE
2025-12-24 21:00:00+01:00;71,000;1,000;MESURE
2025-12-24 22:00:00+01:00;72,000;1,000;MESURE
2025-12-24 23:00:00+01:00;71,000;1,000;MESURE
2025-12-25 00:00:00+01:00;71,000;1,000;MESURE
2025-12-25 01:00:00+01:00;72,000;1,000;MESURE
2025-12-25 02:00:00+01:00;71,000;1,000;MESURE
2025-12-25 03:00:00+01:00;71,000;1,000;MESURE
2025-12-25 04:00:00+01:00;72,000;1,000;MESURE
2025-12-25 05:00:00+01:00;70,000;1,000;MESURE
2025-12-25 06:00:00+01:00;71,000;1,000;MESURE
2025-12-25 07:00:00+01:00;70,000;1,000;MESURE
2025-12-25 08:00:00+01:00;72,000;1,000;MESURE
2025-12-25 09:00:00+01:00;72,000;1,000;MESURE
2025-12-25 10:00:00+01:00;72,000;1,000;MESURE
2025-12-25 11:00:00+01:00;72,000;1,000;MESURE
2025-12-25 12:00:00+01:00;72,000;1,000;MESURE
2025-12-25 13:00:00+01:00;72,000;1,000;MESURE
2025-12-25 14:00:00+01:00;73,000;1,000;MESURE
2025-12-25 15:00:00+01:00;72,000;1,000;MESURE
2025-12-25 16:00:00+01:00;72,000;1,000;MESURE
2025-12-25 17:00:00+01:00;1807,000;1,000;MESURE
2025-12-25 18:00:00+01:00;10449,000;1,000;MESURE
2025-12-25 19:00:00+01:00;10444,000;1,000;MESURE
2025-12-25 20:00:00+01:00;10423,000;1,000;MESURE
2025-12-25 21:00:00+01:00;10411,000;1,000;MESURE
2025-12-25 22:00:00+01:00;1199,000;1,000;MESURE
2025-12-25 23:00:00+01:00;71,000;1,000;MESURE
2025-12-26 00:00:00+01:00;71,000;1,000;MESURE
2025-12-26 01:00:00+01:00;72,000;1,000;MESURE
2025-12-26 02:00:00+01:00;71,000;1,000;MESURE
2025-12-26 03:00:00+01:00;70,000;1,000;MESURE
2025-12-26 04:00:00+01:00;71,000;1,000;MESURE
2025-12-26 05:00:00+01:00;70,000;1,000;MESURE
2025-12-26 06:00:00+01:00;71,000;1,000;MESURE
2025-12-26 07:00:00+01:00;70,000;1,000;MESURE
2025-12-26 08:00:00+01:00;72,000;1,000;MESURE
2025-12-26 09:00:00+01:00;72,000;1,000;MESURE
2025-12-26 10:00:00+01:00;73,000;1,000;MESURE
2025-12-26 11:00:00+01:00;72,000;1,000;MESURE
2025-12-26 12:00:00+01:00;73,000;1,000;MESURE
2025-12-26 13:00:00+01:00;74,000;1,000;MESURE
2025-12-26 14:00:00+01:00;6300,000;1,000;MESURE
2025-12-26 15:00:00+01:00;11324,000;1,000;MESURE
2025-12-26 16:00:00+01:00;11329,000;1,000;MESURE
2025-12-26 17:00:00+01:00;10030,000;1,000;MESURE
2025-12-26 18:00:00+01:00;73,000;1,000;MESURE
2025-12-26 19:00:00+01:00;73,000;1,000;MESURE
2025-12-26 20:00:00+01:00;72,000;1,000;MESURE
2025-12-26 21:00:00+01:00;71,000;1,000;MESURE
2025-12-26 22:00:00+01:00;71,000;1,000;MESURE
2025-12-26 23:00:00+01:00;71,000;1,000;MESURE
2025-12-27 00:00:00+01:00;71,000;1,000;MESURE
2025-12-27 01:00:00+01:00;71,000;1,000;MESURE
2025-12-27 02:00:00+01:00;71,000;1,000;MESURE
2025-12-27 03:00:00+01:00;71,000;1,000;MESURE
2025-12-27 04:00:00+01:00;70,000;1,000;MESURE
2025-12-27 05:00:00+01:00;70,000;1,000;MESURE
2025-12-27 06:00:00+01:00;70,000;1,000;MESURE
2025-12-27 07:00:00+01:00;71,000;1,000;MESURE
2025-12-27 08:00:00+01:00;71,000;1,000;MESURE
2025-12-27 09:00:00+01:00;1850,000;1,000;MESURE
2025-12-27 10:00:00+01:00;6480,000;1,000;MESURE
2025-12-27 11:00:00+01:00;73,000;1,000;MESURE
2025-12-27 12:00:00+01:00;72,000;1,000;MESURE
2025-12-27 13:00:00+01:00;71,000;1,000;MESURE
2025-12-27 14:00:00+01:00;71,000;1,000;MESURE
2025-12-27 15:00:00+01:00;72,000;1,000;MESURE
2025-12-27 16:00:00+01:00;71,000;1,000;MESURE
2025-12-27 17:00:00+01:00;3017,000;1,000;MESURE
2025-12-27 18:00:00+01:00;3295,000;1,000;MESURE
2025-12-27 19:00:00+01:00;72,000;1,000;MESURE
2025-12-27 20:00:00+01:00;69,000;1,000;MESURE
2025-12-27 21:00:00+01:00;70,000;1,000;MESURE
2025-12-27 22:00:00+01:00;6252,000;1,000;MESURE
2025-12-27 23:00:00+01:00;11782,000;1,000;MESURE
2025-12-28 00:00:00+01:00;11839,000;1,000;MESURE
2025-12-28 01:00:00+01:00;7787,000;1,000;MESURE
2025-12-28 02:00:00+01:00;70,000;1,000;MESURE
2025-12-28 03:00:00+01:00;70,000;1,000;MESURE
2025-12-28 04:00:00+01:00;70,000;1,000;MESURE
2025-12-28 05:00:00+01:00;69,000;1,000;MESURE
2025-12-28 06:00:00+01:00;69,000;1,000;MESURE
2025-12-28 07:00:00+01:00;69,000;1,000;MESURE
2025-12-28 08:00:00+01:00;71,000;1,000;MESURE
2025-12-28 09:00:00+01:00;76,000;1,000;MESURE
2025-12-28 10:00:00+01:00;70,000;1,000;MESURE
2025-12-28 11:00:00+01:00;71,000;1,000;MESURE
2025-12-28 12:00:00+01:00;71,000;1,000;MESURE
2025-12-28 13:00:00+01:00;8074,000;1,000;MESURE
2025-12-28 14:00:00+01:00;11312,000;1,000;MESURE
2025-12-28 15:00:00+01:00;11321,000;1,000;MESURE
2025-12-28 16:00:00+01:00;11365,000;1,000;MESURE
2025-12-28 17:00:00+01:00;11334,000;1,000;MESURE
2025-12-28 18:00:00+01:00;3621,000;1,000;MESURE
2025-12-28 19:00:00+01:00;71,000;1,000;MESURE
2025-12-28 20:00:00+01:00;70,000;1,000;MESURE
2025-12-28 21:00:00+01:00;70,000;1,000;MESURE
2025-12-28 22:00:00+01:00;70,000;1,000;MESURE
2025-12-28 23:00:00+01:00;69,000;1,000;MESURE
2025-12-29 00:00:00+01:00;70,000;1,000;MESURE
2025-12-29 01:00:00+01:00;70,000;1,000;MESURE
2025-12-29 02:00:00+01:00;70,000;1,000;MESURE
2025-12-29 03:00:00+01:00;70,000;1,000;MESURE
2025-12-29 04:00:00+01:00;69,000;1,000;MESURE
2025-12-29 05:00:00+01:00;69,000;1,000;MESURE
2025-12-29 06:00:00+01:00;6812,000;1,000;MESURE
2025-12-29 07:00:00+01:00;11642,000;1,000;MESURE
2025-12-29 08:00:00+01:00;5737,000;1,000;MESURE
2025-12-29 09:00:00+01:00;2525,000;1,000;MESURE
2025-12-29 10:00:00+01:00;694,000;1,000;MESURE
2025-12-29 11:00:00+01:00;70,000;1,000;MESURE
2025-12-29 12:00:00+01:00;72,000;1,000;MESURE
2025-12-29 13:00:00+01:00;72,000;1,000;MESURE
2025-12-29 14:00:00+01:00;71,000;1,000;MESURE
2025-12-29 15:00:00+01:00;71,000;1,000;MESURE
2025-12-29 16:00:00+01:00;71,000;1,000;MESURE
2025-12-29 17:00:00+01:00;71,000;1,000;MESURE
2025-12-29 18:00:00+01:00;71,000;1,000;MESURE
2025-12-29 19:00:00+01:00;71,000;1,000;MESURE
2025-12-29 20:00:00+01:00;70,000;1,000;MESURE
2025-12-29 21:00:00+01:00;70,000;1,000;MESURE
2025-12-29 22:00:00+01:00;69,000;1,000;MESURE
2025-12-29 23:00:00+01:00;70,000;1,000;MESURE
2025-12-30 00:00:00+01:00;69,000;1,000;MESURE
2025-12-30 01:00:00+01:00;70,000;1,000;MESURE
2025-12-30 02:00:00+01:00;69,000;1,000;MESURE
2025-12-30 03:00:00+01:00;70,000;1,000;MESURE
2025-12-30 04:00:00+01:00;70,000;1,000;MESURE
2025-12-30 05:00:00+01:00;69,000;1,000;MESURE
2025-12-30 06:00:00+01:00;69,000;1,000;MESURE
2025-12-30 07:00:00+01:00;69,000;1,000;MESURE
2025-12-30 08:00:00+01:00;70,000;1,000;MESURE
2025-12-30 09:00:00+01:00;70,000;1,000;MESURE
2025-12-30 10:00:00+01:00;71,000;1,000;MESURE
2025-12-30 11:00:00+01:00;71,000;1,000;MESURE
2025-12-30 12:00:00+01:00;72,000;1,000;MESURE
2025-12-30 13:00:00+01:00;73,000;1,000;MESURE
2025-12-30 14:00:00+01:00;72,000;1,000;MESURE
2025-12-30 15:00:00+01:00;72,000;1,000;MESURE
2025-12-30 16:00:00+01:00;9629,000;1,000;MESURE
2025-12-30 17:00:00+01:00;10429,000;1,000;MESURE
2025-12-30 18:00:00+01:00;10415,000;1,000;MESURE
2025-12-30 19:00:00+01:00;8432,000;1,000;MESURE
2025-12-30 20:00:00+01:00;71,000;1,000;MESURE
2025-12-30 21:00:00+01:00;70,000;1,000;MESURE
2025-12-30 22:00:00+01:00;71,000;1,000;MESURE
2025-12-30 23:00:00+01:00;70,000;1,000;MESURE
2025-12-31 00:00:00+01:00;70,000;1,000;MESURE
2025-12-31 01:00:00+01:00;70,000;1,000;MESURE
2025-12-31 02:00:00+01:00;70,000;1,000;MESURE
2025-12-31 03:00:00+01:00;71,000;1,000;MESURE
2025-12-31 04:00:00+01:00;70,000;1,000;MESURE
2025-12-31 05:00:00+01:00;69,000;1,000;MESURE
2025-12-31 06:00:00+01:00;70,000;1,000;MESURE
2025-12-31 07:00:00+01:00;69,000;1,000;MESURE
2025-12-31 08:00:00+01:00;1347,000;1,000;MESURE
2025-12-31 09:00:00+01:00;7368,000;1,000;MESURE
2025-12-31 10:00:00+01:00;72,000;1,000;MESURE
2025-12-31 11:00:00+01:00;6807,000;1,000;MESURE
2025-12-31 12:00:00+01:00;11273,000;1,000;MESURE
2025-12-31 13:00:00+01:00;11292,000;1,000;MESURE
2025-12-31 14:00:00+01:00;9985,000;1,000;MESURE
2025-12-31 15:00:00+01:00;72,000;1,000;MESURE
2025-12-31 16:00:00+01:00;73,000;1,000;MESURE
2025-12-31 17:00:00+01:00;73,000;1,000;MESURE
2025-12-31 18:00:00+01:00;72,000;1,000;MESURE
2025-12-31 19:00:00+01:00;73,000;1,000;MESURE
2025-12-31 20:00:00+01:00;71,000;1,000;MESURE
2025-12-31 21:00:00+01:00;71,000;1,000;MESURE
2025-12-31 22:00:00+01:00;71,000;1,000;MESURE
2025-12-31 23:00:00+01:00;71,000;1,000;MESURE
