horodate_locale;puissance_W;couverture;origine
2025-01-01 00:00:00+01:00;3028,000;1,000;MESURE
2025-01-01 01:00:00+01:00;3062,000;1,000;MESURE
2025-01-01 02:00:00+01:00;3065,000;1,000;MESURE
2025-01-01 03:00:00+01:00;3076,000;1,000;MESURE
2025-01-01 04:00:00+01:00;3078,000;1,000;MESURE
2025-01-01 05:00:00+01:00;5371,000;1,000;MESURE
2025-01-01 06:00:00+01:00;5565,000;1,000;MESURE
2025-01-01 07:00:00+01:00;5662,000;1,000;MESURE
2025-01-01 08:00:00+01:00;131,000;1,000;MESURE
2025-01-01 09:00:00+01:00;129,000;1,000;MESURE
2025-01-01 10:00:00+01:00;128,000;1,000;MESURE
2025-01-01 11:00:00+01:00;127,000;1,000;MESURE
2025-01-01 12:00:00+01:00;127,000;1,000;MESURE
2025-01-01 13:00:00+01:00;126,000;1,000;MESURE
2025-01-01 14:00:00+01:00;127,000;1,000;MESURE
2025-01-01 15:00:00+01:00;127,000;1,000;MESURE
2025-01-01 16:00:00+01:00;125,000;1,000;MESURE
2025-01-01 17:00:00+01:00;3927,000;1,000;MESURE
2025-01-01 18:00:00+01:00;5715,000;1,000;MESURE
2025-01-01 19:00:00+01:00;5704,000;1,000;MESURE
2025-01-01 20:00:00+01:00;5560,000;1,000;MESURE
2025-01-01 21:00:00+01:00;5547,000;1,000;MESURE
2025-01-01 22:00:00+01:00;3697,000;1,000;MESURE
2025-01-01 23:00:00+01:00;3216,000;1,000;MESURE
2025-01-02 00:00:00+01:00;3049,000;1,000;MESURE
2025-01-02 01:00:00+01:00;3045,000;1,000;MESURE
2025-01-02 02:00:00+01:00;3046,000;1,000;MESURE
2025-01-02 03:00:00+01:00;3055,000;1,000;MESURE
2025-01-02 04:00:00+01:00;3048,000;1,000;MESURE
2025-01-02 05:00:00+01:00;5329,000;1,000;MESURE
2025-01-02 06:00:00+01:00;5533,000;1,000;MESURE
2025-01-02 07:00:00+01:00;5620,000;1,000;MESURE
2025-01-02 08:00:00+01:00;129,000;1,000;MESURE
2025-01-02 09:00:00+01:00;125,000;1,000;MESURE
2025-01-02 10:00:00+01:00;125,000;1,000;MESURE
2025-01-02 11:00:00+01:00;125,000;1,000;MESURE
2025-01-02 12:00:00+01:00;125,000;1,000;MESURE
2025-01-02 13:00:00+01:00;124,000;1,000;MESURE
2025-01-02 14:00:00+01:00;124,000;1,000;MESURE
2025-01-02 15:00:00+01:00;124,000;1,000;MESURE
2025-01-02 16:00:00+01:00;127,000;1,000;MESURE
2025-01-02 17:00:00+01:00;3827,000;1,000;MESURE
2025-01-02 18:00:00+01:00;5707,000;1,000;MESURE
2025-01-02 19:00:00+01:00;5700,000;1,000;MESURE
2025-01-02 20:00:00+01:00;5587,000;1,000;MESURE
2025-01-02 21:00:00+01:00;5541,000;1,000;MESURE
2025-01-02 22:00:00+01:00;3718,000;1,000;MESURE
2025-01-02 23:00:00+01:00;3244,000;1,000;MESURE
2025-01-03 00:00:00+01:00;3057,000;1,000;MESURE
2025-01-03 01:00:00+01:00;3055,000;1,000;MESURE
2025-01-03 02:00:00+01:00;3050,000;1,000;MESURE
2025-01-03 03:00:00+01:00;3046,000;1,000;MESURE
2025-01-03 04:00:00+01:00;3051,000;1,000;MESURE
2025-01-03 05:00:00+01:00;5321,000;1,000;MESURE
2025-01-03 06:00:00+01:00;5561,000;1,000;MESURE
2025-01-03 07:00:00+01:00;5629,000;1,000;MESURE
2025-01-03 08:00:00+01:00;126,000;1,000;MESURE
2025-01-03 09:00:00+01:00;125,000;1,000;MESURE
2025-01-03 10:00:00+01:00;125,000;1,000;MESURE
2025-01-03 11:00:00+01:00;125,000;1,000;MESURE
2025-01-03 12:00:00+01:00;126,000;1,000;MESURE
2025-01-03 13:00:00+01:00;125,000;1,000;MESURE
2025-01-03 14:00:00+01:00;126,000;1,000;MESURE
2025-01-03 15:00:00+01:00;126,000;1,000;MESURE
2025-01-03 16:00:00+01:00;125,000;1,000;MESURE
2025-01-03 17:00:00+01:00;3774,000;1,000;MESURE
2025-01-03 18:00:00+01:00;5747,000;1,000;MESURE
2025-01-03 19:00:00+01:00;5728,000;1,000;MESURE
2025-01-03 20:00:00+01:00;5596,000;1,000;MESURE
2025-01-03 21:00:00+01:00;5556,000;1,000;MESURE
2025-01-03 22:00:00+01:00;3717,000;1,000;MESURE
2025-01-03 23:00:00+01:00;3246,000;1,000;MESURE
2025-01-04 00:00:00+01:00;3079,000;1,000;MESURE
2025-01-04 01:00:00+01:00;3081,000;1,000;MESURE
2025-01-04 02:00:00+01:00;3056,000;1,000;MESURE
2025-01-04 03:00:00+01:00;3054,000;1,000;MESURE
2025-01-04 04:00:00+01:00;3051,000;1,000;MESURE
2025-01-04 05:00:00+01:00;5330,000;1,000;MESURE
2025-01-04 06:00:00+01:00;5551,000;1,000;MESURE
2025-01-04 07:00:00+01:00;5683,000;1,000;MESURE
2025-01-04 08:00:00+01:00;133,000;1,000;MESURE
2025-01-04 09:00:00+01:00;131,000;1,000;MESURE
2025-01-04 10:00:00+01:00;130,000;1,000;MESURE
2025-01-04 11:00:00+01:00;130,000;1,000;MESURE
2025-01-04 12:00:00+01:00;129,000;1,000;MESURE
2025-01-04 13:00:00+01:00;130,000;1,000;MESURE
2025-01-04 14:00:00+01:00;129,000;1,000;MESURE
2025-01-04 15:00:00+01:00;130,000;1,000;MESURE
2025-01-04 16:00:00+01:00;130,000;1,000;MESURE
2025-01-04 17:00:00+01:00;3650,000;1,000;MESURE
2025-01-04 18:00:00+01:00;5709,000;1,000;MESURE
2025-01-04 19:00:00+01:00;5704,000;1,000;MESURE
2025-01-04 20:00:00+01:00;5590,000;1,000;MESURE
2025-01-04 21:00:00+01:00;5545,000;1,000;MESURE
2025-01-04 22:00:00+01:00;3694,000;1,000;MESURE
2025-01-04 23:00:00+01:00;3226,000;1,000;MESURE
2025-01-05 00:00:00+01:00;3052,000;1,000;MESURE
2025-01-05 01:00:00+01:00;3048,000;1,000;MESURE
2025-01-05 02:00:00+01:00;3061,000;1,000;MESURE
2025-01-05 03:00:00+01:00;3049,000;1,000;MESURE
2025-01-05 04:00:00+01:00;3035,000;1,000;MESURE
2025-01-05 05:00:00+01:00;5315,000;1,000;MESURE
2025-01-05 06:00:00+01:00;5539,000;1,000;MESURE
2025-01-05 07:00:00+01:00;5617,000;1,000;MESURE
2025-01-05 08:00:00+01:00;128,000;1,000;MESURE
2025-01-05 09:00:00+01:00;124,000;1,000;MESURE
2025-01-05 10:00:00+01:00;125,000;1,000;MESURE
2025-01-05 11:00:00+01:00;127,000;1,000;MESURE
2025-01-05 12:00:00+01:00;125,000;1,000;MESURE
2025-01-05 13:00:00+01:00;125,000;1,000;MESURE
2025-01-05 14:00:00+01:00;125,000;1,000;MESURE
2025-01-05 15:00:00+01:00;126,000;1,000;MESURE
2025-01-05 16:00:00+01:00;125,000;1,000;MESURE
2025-01-05 17:00:00+01:00;3545,000;1,000;MESURE
2025-01-05 18:00:00+01:00;5685,000;1,000;MESURE
2025-01-05 19:00:00+01:00;5685,000;1,000;MESURE
2025-01-05 20:00:00+01:00;5541,000;1,000;MESURE
2025-01-05 21:00:00+01:00;5532,000;1,000;MESURE
2025-01-05 22:00:00+01:00;3685,000;1,000;MESURE
2025-01-05 23:00:00+01:00;3212,000;1,000;MESURE
2025-01-06 00:00:00+01:00;3029,000;1,000;MESURE
2025-01-06 01:00:00+01:00;3029,000;1,000;MESURE
2025-01-06 02:00:00+01:00;3025,000;1,000;MESURE
2025-01-06 03:00:00+01:00;3033,000;1,000;MESURE
2025-01-06 04:00:00+01:00;3031,000;1,000;MESURE
2025-01-06 05:00:00+01:00;5294,000;1,000;MESURE
2025-01-06 06:00:00+01:00;5513,000;1,000;MESURE
2025-01-06 07:00:00+01:00;5592,000;1,000;MESURE
2025-01-06 08:00:00+01:00;128,000;1,000;MESURE
2025-01-06 09:00:00+01:00;126,000;1,000;MESURE
2025-01-06 10:00:00+01:00;125,000;1,000;MESURE
2025-01-06 11:00:00+01:00;125,000;1,000;MESURE
2025-01-06 12:00:00+01:00;125,000;1,000;MESURE
2025-01-06 13:00:00+01:00;126,000;1,000;MESURE
2025-01-06 14:00:00+01:00;124,000;1,000;MESURE
2025-01-06 15:00:00+01:00;125,000;1,000;MESURE
2025-01-06 16:00:00+01:00;128,000;1,000;MESURE
2025-01-06 17:00:00+01:00;3456,000;1,000;MESURE
2025-01-06 18:00:00+01:00;5715,000;1,000;MESURE
2025-01-06 19:00:00+01:00;5704,000;1,000;MESURE
2025-01-06 20:00:00+01:00;5573,000;1,000;MESURE
2025-01-06 21:00:00+01:00;5564,000;1,000;MESURE
2025-01-06 22:00:00+01:00;3714,000;1,000;MESURE
2025-01-06 23:00:00+01:00;3227,000;1,000;MESURE
2025-01-07 00:00:00+01:00;3047,000;1,000;MESURE
2025-01-07 01:00:00+01:00;3066,000;1,000;MESURE
2025-01-07 02:00:00+01:00;3048,000;1,000;MESURE
2025-01-07 03:00:00+01:00;3060,000;1,000;MESURE
2025-01-07 04:00:00+01:00;3064,000;1,000;MESURE
2025-01-07 05:00:00+01:00;5329,000;1,000;MESURE
2025-01-07 06:00:00+01:00;5555,000;1,000;MESURE
2025-01-07 07:00:00+01:00;5631,000;1,000;MESURE
2025-01-07 08:00:00+01:00;127,000;1,000;MESURE
2025-01-07 09:00:00+01:00;125,000;1,000;MESURE
2025-01-07 10:00:00+01:00;125,000;1,000;MESURE
2025-01-07 11:00:00+01:00;125,000;1,000;MESURE
2025-01-07 12:00:00+01:00;125,000;1,000;MESURE
2025-01-07 13:00:00+01:00;125,000;1,000;MESURE
2025-01-07 14:00:00+01:00;125,000;1,000;MESURE
2025-01-07 15:00:00+01:00;124,000;1,000;MESURE
2025-01-07 16:00:00+01:00;125,000;1,000;MESURE
2025-01-07 17:00:00+01:00;3369,000;1,000;MESURE
2025-01-07 18:00:00+01:00;5699,000;1,000;MESURE
2025-01-07 19:00:00+01:00;5685,000;1,000;MESURE
2025-01-07 20:00:00+01:00;5564,000;1,000;MESURE
2025-01-07 21:00:00+01:00;5532,000;1,000;MESURE
2025-01-07 22:00:00+01:00;3694,000;1,000;MESURE
2025-01-07 23:00:00+01:00;3222,000;1,000;MESURE
2025-01-08 00:00:00+01:00;3039,000;1,000;MESURE
2025-01-08 01:00:00+01:00;3048,000;1,000;MESURE
2025-01-08 02:00:00+01:00;3043,000;1,000;MESURE
2025-01-08 03:00:00+01:00;3049,000;1,000;MESURE
2025-01-08 04:00:00+01:00;3051,000;1,000;MESURE
2025-01-08 05:00:00+01:00;5323,000;1,000;MESURE
2025-01-08 06:00:00+01:00;5559,000;1,000;MESURE
2025-01-08 07:00:00+01:00;5622,000;1,000;MESURE
2025-01-08 08:00:00+01:00;130,000;1,000;MESURE
2025-01-08 09:00:00+01:00;126,000;1,000;MESURE
2025-01-08 10:00:00+01:00;125,000;1,000;MESURE
2025-01-08 11:00:00+01:00;125,000;1,000;MESURE
2025-01-08 12:00:00+01:00;127,000;1,000;MESURE
2025-01-08 13:00:00+01:00;127,000;1,000;MESURE
2025-01-08 14:00:00+01:00;124,000;1,000;MESURE
2025-01-08 15:00:00+01:00;125,000;1,000;MESURE
2025-01-08 16:00:00+01:00;126,000;1,000;MESURE
2025-01-08 17:00:00+01:00;3265,000;1,000;MESURE
2025-01-08 18:00:00+01:00;5706,000;1,000;MESURE
2025-01-08 19:00:00+01:00;5686,000;1,000;MESURE
2025-01-08 20:00:00+01:00;5536,000;1,000;MESURE
2025-01-08 21:00:00+01:00;5512,000;1,000;MESURE
2025-01-08 22:00:00+01:00;3668,000;1,000;MESURE
2025-01-08 23:00:00+01:00;3211,000;1,000;MESURE
2025-01-09 00:00:00+01:00;3030,000;1,000;MESURE
2025-01-09 01:00:00+01:00;3031,000;1,000;MESURE
2025-01-09 02:00:00+01:00;3043,000;1,000;MESURE
2025-01-09 03:00:00+01:00;3038,000;1,000;MESURE
2025-01-09 04:00:00+01:00;3032,000;1,000;MESURE
2025-01-09 05:00:00+01:00;5312,000;1,000;MESURE
2025-01-09 06:00:00+01:00;5546,000;1,000;MESURE
2025-01-09 07:00:00+01:00;5539,000;1,000;MESURE
2025-01-09 08:00:00+01:00;129,000;1,000;MESURE
2025-01-09 09:00:00+01:00;127,000;1,000;MESURE
2025-01-09 10:00:00+01:00;125,000;1,000;MESURE
2025-01-09 11:00:00+01:00;124,000;1,000;MESURE
2025-01-09 12:00:00+01:00;127,000;1,000;MESURE
2025-01-09 13:00:00+01:00;126,000;1,000;MESURE
2025-01-09 14:00:00+01:00;125,000;1,000;MESURE
2025-01-09 15:00:00+01:00;125,000;1,000;MESURE
2025-01-09 16:00:00+01:00;126,000;1,000;MESURE
2025-01-09 17:00:00+01:00;3090,000;1,000;MESURE
2025-01-09 18:00:00+01:00;5725,000;1,000;MESURE
2025-01-09 19:00:00+01:00;5711,000;1,000;MESURE
2025-01-09 20:00:00+01:00;5571,000;1,000;MESURE
2025-01-09 21:00:00+01:00;5543,000;1,000;MESURE
2025-01-09 22:00:00+01:00;3707,000;1,000;MESURE
2025-01-09 23:00:00+01:00;3222,000;1,000;MESURE
2025-01-10 00:00:00+01:00;3051,000;1,000;MESURE
2025-01-10 01:00:00+01:00;3049,000;1,000;MESURE
2025-01-10 02:00:00+01:00;3042,000;1,000;MESURE
2025-01-10 03:00:00+01:00;3050,000;1,000;MESURE
2025-01-10 04:00:00+01:00;3051,000;1,000;MESURE
2025-01-10 05:00:00+01:00;5327,000;1,000;MESURE
2025-01-10 06:00:00+01:00;5546,000;1,000;MESURE
2025-01-10 07:00:00+01:00;5570,000;1,000;MESURE
2025-01-10 08:00:00+01:00;129,000;1,000;MESURE
2025-01-10 09:00:00+01:00;127,000;1,000;MESURE
2025-01-10 10:00:00+01:00;125,000;1,000;MESURE
2025-01-10 11:00:00+01:00;124,000;1,000;MESURE
2025-01-10 12:00:00+01:00;126,000;1,000;MESURE
2025-01-10 13:00:00+01:00;127,000;1,000;MESURE
2025-01-10 14:00:00+01:00;125,000;1,000;MESURE
2025-01-10 15:00:00+01:00;126,000;1,000;MESURE
2025-01-10 16:00:00+01:00;127,000;1,000;MESURE
2025-01-10 17:00:00+01:00;3014,000;1,000;MESURE
2025-01-10 18:00:00+01:00;5760,000;1,000;MESURE
2025-01-10 19:00:00+01:00;5732,000;1,000;MESURE
2025-01-10 20:00:00+01:00;5582,000;1,000;MESURE
2025-01-10 21:00:00+01:00;5554,000;1,000;MESURE
2025-01-10 22:00:00+01:00;3720,000;1,000;MESURE
2025-01-10 23:00:00+01:00;3247,000;1,000;MESURE
2025-01-11 00:00:00+01:00;3066,000;1,000;MESURE
2025-01-11 01:00:00+01:00;3051,000;1,000;MESURE
2025-01-11 02:00:00+01:00;3045,000;1,000;MESURE
2025-01-11 03:00:00+01:00;3053,000;1,000;MESURE
2025-01-11 04:00:00+01:00;3060,000;1,000;MESURE
2025-01-11 05:00:00+01:00;5327,000;1,000;MESURE
2025-01-11 06:00:00+01:00;5555,000;1,000;MESURE
2025-01-11 07:00:00+01:00;5522,000;1,000;MESURE
2025-01-11 08:00:00+01:00;130,000;1,000;MESURE
2025-01-11 09:00:00+01:00;125,000;1,000;MESURE
2025-01-11 10:00:00+01:00;126,000;1,000;MESURE
2025-01-11 11:00:00+01:00;125,000;1,000;MESURE
2025-01-11 12:00:00+01:00;126,000;1,000;MESURE
2025-01-11 13:00:00+01:00;126,000;1,000;MESURE
2025-01-11 14:00:00+01:00;126,000;1,000;MESURE
2025-01-11 15:00:00+01:00;127,000;1,000;MESURE
2025-01-11 16:00:00+01:00;126,000;1,000;MESURE
2025-01-11 17:00:00+01:00;2946,000;1,000;MESURE
2025-01-11 18:00:00+01:00;5734,000;1,000;MESURE
2025-01-11 19:00:00+01:00;5751,000;1,000;MESURE
2025-01-11 20:00:00+01:00;5583,000;1,000;MESURE
2025-01-11 21:00:00+01:00;5559,000;1,000;MESURE
2025-01-11 22:00:00+01:00;3727,000;1,000;MESURE
2025-01-11 23:00:00+01:00;3250,000;1,000;MESURE
2025-01-12 00:00:00+01:00;3071,000;1,000;MESURE
2025-01-12 01:00:00+01:00;3056,000;1,000;MESURE
2025-01-12 02:00:00+01:00;3052,000;1,000;MESURE
2025-01-12 03:00:00+01:00;3053,000;1,000;MESURE
2025-01-12 04:00:00+01:00;3059,000;1,000;MESURE
2025-01-12 05:00:00+01:00;5360,000;1,000;MESURE
2025-01-12 06:00:00+01:00;5582,000;1,000;MESURE
2025-01-12 07:00:00+01:00;5484,000;1,000;MESURE
2025-01-12 08:00:00+01:00;130,000;1,000;MESURE
2025-01-12 09:00:00+01:00;129,000;1,000;MESURE
2025-01-12 10:00:00+01:00;128,000;1,000;MESURE
2025-01-12 11:00:00+01:00;128,000;1,000;MESURE
2025-01-12 12:00:00+01:00;129,000;1,000;MESURE
2025-01-12 13:00:00+01:00;129,000;1,000;MESURE
2025-01-12 14:00:00+01:00;130,000;1,000;MESURE
2025-01-12 15:00:00+01:00;129,000;1,000;MESURE
2025-01-12 16:00:00+01:00;129,000;1,000;MESURE
2025-01-12 17:00:00+01:00;2828,000;1,000;MESURE
2025-01-12 18:00:00+01:00;5728,000;1,000;MESURE
2025-01-12 19:00:00+01:00;5720,000;1,000;MESURE
2025-01-12 20:00:00+01:00;5603,000;1,000;MESURE
2025-01-12 21:00:00+01:00;5591,000;1,000;MESURE
2025-01-12 22:00:00+01:00;3698,000;1,000;MESURE
2025-01-12 23:00:00+01:00;3255,000;1,000;MESURE
2025-01-13 00:00:00+01:00;3055,000;1,000;MESURE
2025-01-13 01:00:00+01:00;3057,000;1,000;MESURE
2025-01-13 02:00:00+01:00;3058,000;1,000;MESURE
2025-01-13 03:00:00+01:00;3055,000;1,000;MESURE
2025-01-13 04:00:00+01:00;3053,000;1,000;MESURE
2025-01-13 05:00:00+01:00;5346,000;1,000;MESURE
2025-01-13 06:00:00+01:00;5572,000;1,000;MESURE
2025-01-13 07:00:00+01:00;5506,000;1,000;MESURE
2025-01-13 08:00:00+01:00;132,000;1,000;MESURE
2025-01-13 09:00:00+01:00;129,000;1,000;MESURE
2025-01-13 10:00:00+01:00;129,000;1,000;MESURE
2025-01-13 11:00:00+01:00;129,000;1,000;MESURE
2025-01-13 12:00:00+01:00;128,000;1,000;MESURE
2025-01-13 13:00:00+01:00;130,000;1,000;MESURE
2025-01-13 14:00:00+01:00;129,000;1,000;MESURE
2025-01-13 15:00:00+01:00;130,000;1,000;MESURE
2025-01-13 16:00:00+01:00;129,000;1,000;MESURE
2025-01-13 17:00:00+01:00;2743,000;1,000;MESURE
2025-01-13 18:00:00+01:00;5734,000;1,000;MESURE
2025-01-13 19:00:00+01:00;5722,000;1,000;MESURE
2025-01-13 20:00:00+01:00;5583,000;1,000;MESURE
2025-01-13 21:00:00+01:00;5568,000;1,000;MESURE
2025-01-13 22:00:00+01:00;3734,000;1,000;MESURE
2025-01-13 23:00:00+01:00;3262,000;1,000;MESURE
2025-01-14 00:00:00+01:00;3089,000;1,000;MESURE
2025-01-14 01:00:00+01:00;3097,000;1,000;MESURE
2025-01-14 02:00:00+01:00;3092,000;1,000;MESURE
2025-01-14 03:00:00+01:00;3067,000;1,000;MESURE
2025-01-14 04:00:00+01:00;3072,000;1,000;MESURE
2025-01-14 05:00:00+01:00;5351,000;1,000;MESURE
2025-01-14 06:00:00+01:00;5567,000;1,000;MESURE
2025-01-14 07:00:00+01:00;5395,000;1,000;MESURE
2025-01-14 08:00:00+01:00;133,000;1,000;MESURE
2025-01-14 09:00:00+01:00;131,000;1,000;MESURE
2025-01-14 10:00:00+01:00;129,000;1,000;MESURE
2025-01-14 11:00:00+01:00;128,000;1,000;MESURE
2025-01-14 12:00:00+01:00;129,000;1,000;MESURE
2025-01-14 13:00:00+01:00;128,000;1,000;MESURE
2025-01-14 14:00:00+01:00;129,000;1,000;MESURE
2025-01-14 15:00:00+01:00;130,000;1,000;MESURE
2025-01-14 16:00:00+01:00;129,000;1,000;MESURE
2025-01-14 17:00:00+01:00;2648,000;1,000;MESURE
2025-01-14 18:00:00+01:00;5751,000;1,000;MESURE
2025-01-14 19:00:00+01:00;5747,000;1,000;MESURE
2025-01-14 20:00:00+01:00;5594,000;1,000;MESURE
2025-01-14 21:00:00+01:00;5562,000;1,000;MESURE
2025-01-14 22:00:00+01:00;3730,000;1,000;MESURE
2025-01-14 23:00:00+01:00;3261,000;1,000;MESURE
2025-01-15 00:00:00+01:00;3082,000;1,000;MESURE
2025-01-15 01:00:00+01:00;3088,000;1,000;MESURE
2025-01-15 02:00:00+01:00;3088,000;1,000;MESURE
2025-01-15 03:00:00+01:00;3091,000;1,000;MESURE
2025-01-15 04:00:00+01:00;3093,000;1,000;MESURE
2025-01-15 05:00:00+01:00;5390,000;1,000;MESURE
2025-01-15 06:00:00+01:00;5574,000;1,000;MESURE
2025-01-15 07:00:00+01:00;5418,000;1,000;MESURE
2025-01-15 08:00:00+01:00;132,000;1,000;MESURE
2025-01-15 09:00:00+01:00;131,000;1,000;MESURE
2025-01-15 10:00:00+01:00;131,000;1,000;MESURE
2025-01-15 11:00:00+01:00;130,000;1,000;MESURE
2025-01-15 12:00:00+01:00;129,000;1,000;MESURE
2025-01-15 13:00:00+01:00;125,000;1,000;MESURE
2025-01-15 14:00:00+01:00;126,000;1,000;MESURE
2025-01-15 15:00:00+01:00;126,000;1,000;MESURE
2025-01-15 16:00:00+01:00;126,000;1,000;MESURE
2025-01-15 17:00:00+01:00;2446,000;1,000;MESURE
2025-01-15 18:00:00+01:00;5716,000;1,000;MESURE
2025-01-15 19:00:00+01:00;5743,000;1,000;MESURE
2025-01-15 20:00:00+01:00;5567,000;1,000;MESURE
2025-01-15 21:00:00+01:00;5552,000;1,000;MESURE
2025-01-15 22:00:00+01:00;3713,000;1,000;MESURE
2025-01-15 23:00:00+01:00;3247,000;1,000;MESURE
2025-01-16 00:00:00+01:00;3063,000;1,000;MESURE
2025-01-16 01:00:00+01:00;3070,000;1,000;MESURE
2025-01-16 02:00:00+01:00;3069,000;1,000;MESURE
2025-01-16 03:00:00+01:00;3044,000;1,000;MESURE
2025-01-16 04:00:00+01:00;3040,000;1,000;MESURE
2025-01-16 05:00:00+01:00;5316,000;1,000;MESURE
2025-01-16 06:00:00+01:00;5559,000;1,000;MESURE
2025-01-16 07:00:00+01:00;5266,000;1,000;MESURE
2025-01-16 08:00:00+01:00;132,000;1,000;MESURE
2025-01-16 09:00:00+01:00;129,000;1,000;MESURE
2025-01-16 10:00:00+01:00;128,000;1,000;MESURE
2025-01-16 11:00:00+01:00;128,000;1,000;MESURE
2025-01-16 12:00:00+01:00;127,000;1,000;MESURE
2025-01-16 13:00:00+01:00;128,000;1,000;MESURE
2025-01-16 14:00:00+01:00;128,000;1,000;MESURE
2025-01-16 15:00:00+01:00;129,000;1,000;MESURE
2025-01-16 16:00:00+01:00;128,000;1,000;MESURE
2025-01-16 17:00:00+01:00;2362,000;1,000;MESURE
2025-01-16 18:00:00+01:00;5713,000;1,000;MESURE
2025-01-16 19:00:00+01:00;5692,000;1,000;MESURE
2025-01-16 20:00:00+01:00;5583,000;1,000;MESURE
2025-01-16 21:00:00+01:00;5544,000;1,000;MESURE
2025-01-16 22:00:00+01:00;3712,000;1,000;MESURE
2025-01-16 23:00:00+01:00;3222,000;1,000;MESURE
2025-01-17 00:00:00+01:00;3049,000;1,000;MESURE
2025-01-17 01:00:00+01:00;3040,000;1,000;MESURE
2025-01-17 02:00:00+01:00;3046,000;1,000;MESURE
2025-01-17 03:00:00+01:00;3050,000;1,000;MESURE
2025-01-17 04:00:00+01:00;3048,000;1,000;MESURE
2025-01-17 05:00:00+01:00;5320,000;1,000;MESURE
2025-01-17 06:00:00+01:00;5556,000;1,000;MESURE
2025-01-17 07:00:00+01:00;5211,000;1,000;MESURE
2025-01-17 08:00:00+01:00;129,000;1,000;MESURE
2025-01-17 09:00:00+01:00;128,000;1,000;MESURE
2025-01-17 10:00:00+01:00;129,000;1,000;MESURE
2025-01-17 11:00:00+01:00;128,000;1,000;MESURE
2025-01-17 12:00:00+01:00;127,000;1,000;MESURE
2025-01-17 13:00:00+01:00;128,000;1,000;MESURE
2025-01-17 14:00:00+01:00;126,000;1,000;MESURE
2025-01-17 15:00:00+01:00;126,000;1,000;MESURE
2025-01-17 16:00:00+01:00;126,000;1,000;MESURE
2025-01-17 17:00:00+01:00;2269,000;1,000;MESURE
2025-01-17 18:00:00+01:00;5764,000;1,000;MESURE
2025-01-17 19:00:00+01:00;5605,000;1,000;MESURE
2025-01-17 20:00:00+01:00;5582,000;1,000;MESURE
2025-01-17 21:00:00+01:00;5550,000;1,000;MESURE
2025-01-17 22:00:00+01:00;3711,000;1,000;MESURE
2025-01-17 23:00:00+01:00;3230,000;1,000;MESURE
2025-01-18 00:00:00+01:00;3052,000;1,000;MESURE
2025-01-18 01:00:00+01:00;3061,000;1,000;MESURE
2025-01-18 02:00:00+01:00;3058,000;1,000;MESURE
2025-01-18 03:00:00+01:00;3060,000;1,000;MESURE
2025-01-18 04:00:00+01:00;3057,000;1,000;MESURE
2025-01-18 05:00:00+01:00;5338,000;1,000;MESURE
2025-01-18 06:00:00+01:00;5565,000;1,000;MESURE
2025-01-18 07:00:00+01:00;5169,000;1,000;MESURE
2025-01-18 08:00:00+01:00;129,000;1,000;MESURE
2025-01-18 09:00:00+01:00;126,000;1,000;MESURE
2025-01-18 10:00:00+01:00;124,000;1,000;MESURE
2025-01-18 11:00:00+01:00;125,000;1,000;MESURE
2025-01-18 12:00:00+01:00;125,000;1,000;MESURE
2025-01-18 13:00:00+01:00;125,000;1,000;MESURE
2025-01-18 14:00:00+01:00;125,000;1,000;MESURE
2025-01-18 15:00:00+01:00;126,000;1,000;MESURE
2025-01-18 16:00:00+01:00;125,000;1,000;MESURE
2025-01-18 17:00:00+01:00;2084,000;1,000;MESURE
2025-01-18 18:00:00+01:00;5759,000;1,000;MESURE
2025-01-18 19:00:00+01:00;5730,000;1,000;MESURE
2025-01-18 20:00:00+01:00;5559,000;1,000;MESURE
2025-01-18 21:00:00+01:00;5534,000;1,000;MESURE
2025-01-18 22:00:00+01:00;3712,000;1,000;MESURE
2025-01-18 23:00:00+01:00;3249,000;1,000;MESURE
2025-01-19 00:00:00+01:00;3061,000;1,000;MESURE
2025-01-19 01:00:00+01:00;3044,000;1,000;MESURE
2025-01-19 02:00:00+01:00;3043,000;1,000;MESURE
2025-01-19 03:00:00+01:00;3045,000;1,000;MESURE
2025-01-19 04:00:00+01:00;3043,000;1,000;MESURE
2025-01-19 05:00:00+01:00;5325,000;1,000;MESURE
2025-01-19 06:00:00+01:00;5545,000;1,000;MESURE
2025-01-19 07:00:00+01:00;5063,000;1,000;MESURE
2025-01-19 08:00:00+01:00;131,000;1,000;MESURE
2025-01-19 09:00:00+01:00;129,000;1,000;MESURE
2025-01-19 10:00:00+01:00;128,000;1,000;MESURE
2025-01-19 11:00:00+01:00;127,000;1,000;MESURE
2025-01-19 12:00:00+01:00;128,000;1,000;MESURE
2025-01-19 13:00:00+01:00;128,000;1,000;MESURE
2025-01-19 14:00:00+01:00;129,000;1,000;MESURE
2025-01-19 15:00:00+01:00;130,000;1,000;MESURE
2025-01-19 16:00:00+01:00;129,000;1,000;MESURE
2025-01-19 17:00:00+01:00;1994,000;1,000;MESURE
2025-01-19 18:00:00+01:00;5726,000;1,000;MESURE
2025-01-19 19:00:00+01:00;5699,000;1,000;MESURE
2025-01-19 20:00:00+01:00;5582,000;1,000;MESURE
2025-01-19 21:00:00+01:00;5534,000;1,000;MESURE
2025-01-19 22:00:00+01:00;3709,000;1,000;MESURE
2025-01-19 23:00:00+01:00;3230,000;1,000;MESURE
2025-01-20 00:00:00+01:00;3034,000;1,000;MESURE
2025-01-20 01:00:00+01:00;3037,000;1,000;MESURE
2025-01-20 02:00:00+01:00;3037,000;1,000;MESURE
2025-01-20 03:00:00+01:00;3041,000;1,000;MESURE
2025-01-20 04:00:00+01:00;3041,000;1,000;MESURE
2025-01-20 05:00:00+01:00;5317,000;1,000;MESURE
2025-01-20 06:00:00+01:00;5564,000;1,000;MESURE
2025-01-20 07:00:00+01:00;4982,000;1,000;MESURE
2025-01-20 08:00:00+01:00;131,000;1,000;MESURE
2025-01-20 09:00:00+01:00;128,000;1,000;MESURE
2025-01-20 10:00:00+01:00;129,000;1,000;MESURE
2025-01-20 11:00:00+01:00;128,000;1,000;MESURE
2025-01-20 12:00:00+01:00;129,000;1,000;MESURE
2025-01-20 13:00:00+01:00;128,000;1,000;MESURE
2025-01-20 14:00:00+01:00;125,000;1,000;MESURE
2025-01-20 15:00:00+01:00;125,000;1,000;MESURE
2025-01-20 16:00:00+01:00;124,000;1,000;MESURE
2025-01-20 17:00:00+01:00;1890,000;1,000;MESURE
2025-01-20 18:00:00+01:00;5704,000;1,000;MESURE
2025-01-20 19:00:00+01:00;5682,000;1,000;MESURE
2025-01-20 20:00:00+01:00;5558,000;1,000;MESURE
2025-01-20 21:00:00+01:00;5525,000;1,000;MESURE
2025-01-20 22:00:00+01:00;3706,000;1,000;MESURE
2025-01-20 23:00:00+01:00;3253,000;1,000;MESURE
2025-01-21 00:00:00+01:00;3051,000;1,000;MESURE
2025-01-21 01:00:00+01:00;3055,000;1,000;MESURE
2025-01-21 02:00:00+01:00;3038,000;1,000;MESURE
2025-01-21 03:00:00+01:00;3045,000;1,000;MESURE
2025-01-21 04:00:00+01:00;3047,000;1,000;MESURE
2025-01-21 05:00:00+01:00;5325,000;1,000;MESURE
2025-01-21 06:00:00+01:00;5554,000;1,000;MESURE
2025-01-21 07:00:00+01:00;4898,000;1,000;MESURE
2025-01-21 08:00:00+01:00;128,000;1,000;MESURE
2025-01-21 09:00:00+01:00;126,000;1,000;MESURE
2025-01-21 10:00:00+01:00;125,000;1,000;MESURE
2025-01-21 11:00:00+01:00;126,000;1,000;MESURE
2025-01-21 12:00:00+01:00;125,000;1,000;MESURE
2025-01-21 13:00:00+01:00;125,000;1,000;MESURE
2025-01-21 14:00:00+01:00;125,000;1,000;MESURE
2025-01-21 15:00:00+01:00;124,000;1,000;MESURE
2025-01-21 16:00:00+01:00;125,000;1,000;MESURE
2025-01-21 17:00:00+01:00;1691,000;1,000;MESURE
2025-01-21 18:00:00+01:00;5713,000;1,000;MESURE
2025-01-21 19:00:00+01:00;5691,000;1,000;MESURE
2025-01-21 20:00:00+01:00;5576,000;1,000;MESURE
2025-01-21 21:00:00+01:00;5542,000;1,000;MESURE
2025-01-21 22:00:00+01:00;3711,000;1,000;MESURE
2025-01-21 23:00:00+01:00;3247,000;1,000;MESURE
2025-01-22 00:00:00+01:00;3044,000;1,000;MESURE
2025-01-22 01:00:00+01:00;3042,000;1,000;MESURE
2025-01-22 02:00:00+01:00;3059,000;1,000;MESURE
2025-01-22 03:00:00+01:00;3039,000;1,000;MESURE
2025-01-22 04:00:00+01:00;3049,000;1,000;MESURE
2025-01-22 05:00:00+01:00;5326,000;1,000;MESURE
2025-01-22 06:00:00+01:00;5553,000;1,000;MESURE
2025-01-22 07:00:00+01:00;4906,000;1,000;MESURE
2025-01-22 08:00:00+01:00;133,000;1,000;MESURE
2025-01-22 09:00:00+01:00;128,000;1,000;MESURE
2025-01-22 10:00:00+01:00;130,000;1,000;MESURE
2025-01-22 11:00:00+01:00;129,000;1,000;MESURE
2025-01-22 12:00:00+01:00;126,000;1,000;MESURE
2025-01-22 13:00:00+01:00;127,000;1,000;MESURE
2025-01-22 14:00:00+01:00;125,000;1,000;MESURE
2025-01-22 15:00:00+01:00;125,000;1,000;MESURE
2025-01-22 16:00:00+01:00;125,000;1,000;MESURE
2025-01-22 17:00:00+01:00;1608,000;1,000;MESURE
2025-01-22 18:00:00+01:00;5714,000;1,000;MESURE
2025-01-22 19:00:00+01:00;5692,000;1,000;MESURE
2025-01-22 20:00:00+01:00;5554,000;1,000;MESURE
2025-01-22 21:00:00+01:00;5517,000;1,000;MESURE
2025-01-22 22:00:00+01:00;3709,000;1,000;MESURE
2025-01-22 23:00:00+01:00;3245,000;1,000;MESURE
2025-01-23 00:00:00+01:00;3068,000;1,000;MESURE
2025-01-23 01:00:00+01:00;3075,000;1,000;MESURE
2025-01-23 02:00:00+01:00;3070,000;1,000;MESURE
2025-01-23 03:00:00+01:00;3061,000;1,000;MESURE
2025-01-23 04:00:00+01:00;3053,000;1,000;MESURE
2025-01-23 05:00:00+01:00;5321,000;1,000;MESURE
2025-01-23 06:00:00+01:00;5552,000;1,000;MESURE
2025-01-23 07:00:00+01:00;4776,000;1,000;MESURE
2025-01-23 08:00:00+01:00;127,000;1,000;MESURE
2025-01-23 09:00:00+01:00;125,000;1,000;MESURE
2025-01-23 10:00:00+01:00;125,000;1,000;MESURE
2025-01-23 11:00:00+01:00;125,000;1,000;MESURE
2025-01-23 12:00:00+01:00;125,000;1,000;MESURE
2025-01-23 13:00:00+01:00;126,000;1,000;MESURE
2025-01-23 14:00:00+01:00;125,000;1,000;MESURE
2025-01-23 15:00:00+01:00;126,000;1,000;MESURE
2025-01-23 16:00:00+01:00;126,000;1,000;MESURE
2025-01-23 17:00:00+01:00;1510,000;1,000;MESURE
2025-01-23 18:00:00+01:00;5683,000;1,000;MESURE
2025-01-23 19:00:00+01:00;5663,000;1,000;MESURE
2025-01-23 20:00:00+01:00;5556,000;1,000;MESURE
2025-01-23 21:00:00+01:00;5549,000;1,000;MESURE
2025-01-23 22:00:00+01:00;3701,000;1,000;MESURE
2025-01-23 23:00:00+01:00;3220,000;1,000;MESURE
2025-01-24 00:00:00+01:00;3034,000;1,000;MESURE
2025-01-24 01:00:00+01:00;3067,000;1,000;MESURE
2025-01-24 02:00:00+01:00;3065,000;1,000;MESURE
2025-01-24 03:00:00+01:00;3066,000;1,000;MESURE
2025-01-24 04:00:00+01:00;3053,000;1,000;MESURE
2025-01-24 05:00:00+01:00;5335,000;1,000;MESURE
2025-01-24 06:00:00+01:00;5535,000;1,000;MESURE
2025-01-24 07:00:00+01:00;4697,000;1,000;MESURE
2025-01-24 08:00:00+01:00;130,000;1,000;MESURE
2025-01-24 09:00:00+01:00;128,000;1,000;MESURE
2025-01-24 10:00:00+01:00;125,000;1,000;MESURE
2025-01-24 11:00:00+01:00;126,000;1,000;MESURE
2025-01-24 12:00:00+01:00;125,000;1,000;MESURE
2025-01-24 13:00:00+01:00;126,000;1,000;MESURE
2025-01-24 14:00:00+01:00;126,000;1,000;MESURE
2025-01-24 15:00:00+01:00;126,000;1,000;MESURE
2025-01-24 16:00:00+01:00;125,000;1,000;MESURE
2025-01-24 17:00:00+01:00;1313,000;1,000;MESURE
2025-01-24 18:00:00+01:00;5679,000;1,000;MESURE
2025-01-24 19:00:00+01:00;5669,000;1,000;MESURE
2025-01-24 20:00:00+01:00;5551,000;1,000;MESURE
2025-01-24 21:00:00+01:00;5501,000;1,000;MESURE
2025-01-24 22:00:00+01:00;3674,000;1,000;MESURE
2025-01-24 23:00:00+01:00;3206,000;1,000;MESURE
2025-01-25 00:00:00+01:00;3034,000;1,000;MESURE
2025-01-25 01:00:00+01:00;3042,000;1,000;MESURE
2025-01-25 02:00:00+01:00;3033,000;1,000;MESURE
2025-01-25 03:00:00+01:00;3035,000;1,000;MESURE
2025-01-25 04:00:00+01:00;3036,000;1,000;MESURE
2025-01-25 05:00:00+01:00;5299,000;1,000;MESURE
2025-01-25 06:00:00+01:00;5522,000;1,000;MESURE
2025-01-25 07:00:00+01:00;4583,000;1,000;MESURE
2025-01-25 08:00:00+01:00;126,000;1,000;MESURE
2025-01-25 09:00:00+01:00;124,000;1,000;MESURE
2025-01-25 10:00:00+01:00;125,000;1,000;MESURE
2025-01-25 11:00:00+01:00;124,000;1,000;MESURE
2025-01-25 12:00:00+01:00;125,000;1,000;MESURE
2025-01-25 13:00:00+01:00;124,000;1,000;MESURE
2025-01-25 14:00:00+01:00;125,000;1,000;MESURE
2025-01-25 15:00:00+01:00;126,000;1,000;MESURE
2025-01-25 16:00:00+01:00;126,000;1,000;MESURE
2025-01-25 17:00:00+01:00;1217,000;1,000;MESURE
2025-01-25 18:00:00+01:00;5686,000;1,000;MESURE
2025-01-25 19:00:00+01:00;5667,000;1,000;MESURE
2025-01-25 20:00:00+01:00;5528,000;1,000;MESURE
2025-01-25 21:00:00+01:00;5516,000;1,000;MESURE
2025-01-25 22:00:00+01:00;3689,000;1,000;MESURE
2025-01-25 23:00:00+01:00;3206,000;1,000;MESURE
2025-01-26 00:00:00+01:00;3026,000;1,000;MESURE
2025-01-26 01:00:00+01:00;3037,000;1,000;MESURE
2025-01-26 02:00:00+01:00;3035,000;1,000;MESURE
2025-01-26 03:00:00+01:00;3036,000;1,000;MESURE
2025-01-26 04:00:00+01:00;3038,000;1,000;MESURE
2025-01-26 05:00:00+01:00;5321,000;1,000;MESURE
2025-01-26 06:00:00+01:00;5551,000;1,000;MESURE
2025-01-26 07:00:00+01:00;4506,000;1,000;MESURE
2025-01-26 08:00:00+01:00;125,000;1,000;MESURE
2025-01-26 09:00:00+01:00;125,000;1,000;MESURE
2025-01-26 10:00:00+01:00;125,000;1,000;MESURE
2025-01-26 11:00:00+01:00;125,000;1,000;MESURE
2025-01-26 12:00:00+01:00;125,000;1,000;MESURE
2025-01-26 13:00:00+01:00;125,000;1,000;MESURE
2025-01-26 14:00:00+01:00;125,000;1,000;MESURE
2025-01-26 15:00:00+01:00;125,000;1,000;MESURE
2025-01-26 16:00:00+01:00;124,000;1,000;MESURE
2025-01-26 17:00:00+01:00;1137,000;1,000;MESURE
2025-01-26 18:00:00+01:00;5753,000;1,000;MESURE
2025-01-26 19:00:00+01:00;5722,000;1,000;MESURE
2025-01-26 20:00:00+01:00;5562,000;1,000;MESURE
2025-01-26 21:00:00+01:00;5493,000;1,000;MESURE
2025-01-26 22:00:00+01:00;3697,000;1,000;MESURE
2025-01-26 23:00:00+01:00;3218,000;1,000;MESURE
2025-01-27 00:00:00+01:00;3025,000;1,000;MESURE
2025-01-27 01:00:00+01:00;3029,000;1,000;MESURE
2025-01-27 02:00:00+01:00;3028,000;1,000;MESURE
2025-01-27 03:00:00+01:00;3034,000;1,000;MESURE
2025-01-27 04:00:00+01:00;3031,000;1,000;MESURE
2025-01-27 05:00:00+01:00;5306,000;1,000;MESURE
2025-01-27 06:00:00+01:00;5537,000;1,000;MESURE
2025-01-27 07:00:00+01:00;4411,000;1,000;MESURE
2025-01-27 08:00:00+01:00;129,000;1,000;MESURE
2025-01-27 09:00:00+01:00;125,000;1,000;MESURE
2025-01-27 10:00:00+01:00;124,000;1,000;MESURE
2025-01-27 11:00:00+01:00;124,000;1,000;MESURE
2025-01-27 12:00:00+01:00;126,000;1,000;MESURE
2025-01-27 13:00:00+01:00;125,000;1,000;MESURE
2025-01-27 14:00:00+01:00;126,000;1,000;MESURE
2025-01-27 15:00:00+01:00;125,000;1,000;MESURE
2025-01-27 16:00:00+01:00;126,000;1,000;MESURE
2025-01-27 17:00:00+01:00;936,000;1,000;MESURE
2025-01-27 18:00:00+01:00;5720,000;1,000;MESURE
2025-01-27 19:00:00+01:00;5737,000;1,000;MESURE
2025-01-27 20:00:00+01:00;5555,000;1,000;MESURE
2025-01-27 21:00:00+01:00;5539,000;1,000;MESURE
2025-01-27 22:00:00+01:00;3689,000;1,000;MESURE
2025-01-27 23:00:00+01:00;3212,000;1,000;MESURE
2025-01-28 00:00:00+01:00;3033,000;1,000;MESURE
2025-01-28 01:00:00+01:00;3037,000;1,000;MESURE
2025-01-28 02:00:00+01:00;3053,000;1,000;MESURE
2025-01-28 03:00:00+01:00;3039,000;1,000;MESURE
2025-01-28 04:00:00+01:00;3038,000;1,000;MESURE
2025-01-28 05:00:00+01:00;5331,000;1,000;MESURE
2025-01-28 06:00:00+01:00;5556,000;1,000;MESURE
2025-01-28 07:00:00+01:00;4355,000;1,000;MESURE
2025-01-28 08:00:00+01:00;129,000;1,000;MESURE
2025-01-28 09:00:00+01:00;126,000;1,000;MESURE
2025-01-28 10:00:00+01:00;769,000;1,000;MESURE
2025-01-28 11:00:00+01:00;126,000;1,000;MESURE
2025-01-28 12:00:00+01:00;126,000;1,000;MESURE
2025-01-28 13:00:00+01:00;126,000;1,000;MESURE
2025-01-28 14:00:00+01:00;125,000;1,000;MESURE
2025-01-28 15:00:00+01:00;125,000;1,000;MESURE
2025-01-28 16:00:00+01:00;124,000;1,000;MESURE
2025-01-28 17:00:00+01:00;846,000;1,000;MESURE
2025-01-28 18:00:00+01:00;5732,000;1,000;MESURE
2025-01-28 19:00:00+01:00;5705,000;1,000;MESURE
2025-01-28 20:00:00+01:00;5571,000;1,000;MESURE
2025-01-28 21:00:00+01:00;5533,000;1,000;MESURE
2025-01-28 22:00:00+01:00;3682,000;1,000;MESURE
2025-01-28 23:00:00+01:00;3232,000;1,000;MESURE
2025-01-29 00:00:00+01:00;3050,000;1,000;MESURE
2025-01-29 01:00:00+01:00;3059,000;1,000;MESURE
2025-01-29 02:00:00+01:00;3055,000;1,000;MESURE
2025-01-29 03:00:00+01:00;3049,000;1,000;MESURE
2025-01-29 04:00:00+01:00;3044,000;1,000;MESURE
2025-01-29 05:00:00+01:00;5321,000;1,000;MESURE
2025-01-29 06:00:00+01:00;5553,000;1,000;MESURE
2025-01-29 07:00:00+01:00;4232,000;1,000;MESURE
2025-01-29 08:00:00+01:00;126,000;1,000;MESURE
2025-01-29 09:00:00+01:00;125,000;1,000;MESURE
2025-01-29 10:00:00+01:00;125,000;1,000;MESURE
2025-01-29 11:00:00+01:00;125,000;1,000;MESURE
2025-01-29 12:00:00+01:00;125,000;1,000;MESURE
2025-01-29 13:00:00+01:00;342,000;1,000;MESURE
2025-01-29 14:00:00+01:00;125,000;1,000;MESURE
2025-01-29 15:00:00+01:00;125,000;1,000;MESURE
2025-01-29 16:00:00+01:00;126,000;1,000;MESURE
2025-01-29 17:00:00+01:00;667,000;1,000;MESURE
2025-01-29 18:00:00+01:00;5737,000;1,000;MESURE
2025-01-29 19:00:00+01:00;5701,000;1,000;MESURE
2025-01-29 20:00:00+01:00;5549,000;1,000;MESURE
2025-01-29 21:00:00+01:00;5532,000;1,000;MESURE
2025-01-29 22:00:00+01:00;3701,000;1,000;MESURE
2025-01-29 23:00:00+01:00;3220,000;1,000;MESURE
2025-01-30 00:00:00+01:00;3022,000;1,000;MESURE
2025-01-30 01:00:00+01:00;3036,000;1,000;MESURE
2025-01-30 02:00:00+01:00;3038,000;1,000;MESURE
2025-01-30 03:00:00+01:00;3040,000;1,000;MESURE
2025-01-30 04:00:00+01:00;3043,000;1,000;MESURE
2025-01-30 05:00:00+01:00;5321,000;1,000;MESURE
2025-01-30 06:00:00+01:00;5541,000;1,000;MESURE
2025-01-30 07:00:00+01:00;4125,000;1,000;MESURE
2025-01-30 08:00:00+01:00;128,000;1,000;MESURE
2025-01-30 09:00:00+01:00;124,000;1,000;MESURE
2025-01-30 10:00:00+01:00;125,000;1,000;MESURE
2025-01-30 11:00:00+01:00;124,000;1,000;MESURE
2025-01-30 12:00:00+01:00;125,000;1,000;MESURE
2025-01-30 13:00:00+01:00;124,000;1,000;MESURE
2025-01-30 14:00:00+01:00;125,000;1,000;MESURE
2025-01-30 15:00:00+01:00;125,000;1,000;MESURE
2025-01-30 16:00:00+01:00;126,000;1,000;MESURE
2025-01-30 17:00:00+01:00;572,000;1,000;MESURE
2025-01-30 18:00:00+01:00;5746,000;1,000;MESURE
2025-01-30 19:00:00+01:00;5701,000;1,000;MESURE
2025-01-30 20:00:00+01:00;5553,000;1,000;MESURE
2025-01-30 21:00:00+01:00;5527,000;1,000;MESURE
2025-01-30 22:00:00+01:00;3674,000;1,000;MESURE
2025-01-30 23:00:00+01:00;3205,000;1,000;MESURE
2025-01-31 00:00:00+01:00;3027,000;1,000;MESURE
2025-01-31 01:00:00+01:00;3030,000;1,000;MESURE
2025-01-31 02:00:00+01:00;3036,000;1,000;MESURE
2025-01-31 03:00:00+01:00;3035,000;1,000;MESURE
2025-01-31 04:00:00+01:00;3036,000;1,000;MESURE
2025-01-31 05:00:00+01:00;5312,000;1,000;MESURE
2025-01-31 06:00:00+01:00;5536,000;1,000;MESURE
2025-01-31 07:00:00+01:00;4054,000;1,000;MESURE
2025-01-31 08:00:00+01:00;125,000;1,000;MESURE
2025-01-31 09:00:00+01:00;127,000;1,000;MESURE
2025-01-31 10:00:00+01:00;125,000;1,000;MESURE
2025-01-31 11:00:00+01:00;125,000;1,000;MESURE
2025-01-31 12:00:00+01:00;124,000;1,000;MESURE
2025-01-31 13:00:00+01:00;125,000;1,000;MESURE
2025-01-31 14:00:00+01:00;124,000;1,000;MESURE
2025-01-31 15:00:00+01:00;125,000;1,000;MESURE
2025-01-31 16:00:00+01:00;125,000;1,000;MESURE
2025-01-31 17:00:00+01:00;388,000;1,000;MESURE
2025-01-31 18:00:00+01:00;5737,000;1,000;MESURE
2025-01-31 19:00:00+01:00;5710,000;1,000;MESURE
2025-01-31 20:00:00+01:00;5580,000;1,000;MESURE
2025-01-31 21:00:00+01:00;5543,000;1,000;MESURE
2025-01-31 22:00:00+01:00;3671,000;1,000;MESURE
2025-01-31 23:00:00+01:00;3203,000;1,000;MESURE
2025-02-01 00:00:00+01:00;3003,000;1,000;MESURE
2025-02-01 01:00:00+01:00;3002,000;1,000;MESURE
2025-02-01 02:00:00+01:00;3004,000;1,000;MESURE
2025-02-01 03:00:00+01:00;3009,000;1,000;MESURE
2025-02-01 04:00:00+01:00;3007,000;1,000;MESURE
2025-02-01 05:00:00+01:00;5316,000;1,000;MESURE
2025-02-01 06:00:00+01:00;5541,000;1,000;MESURE
2025-02-01 07:00:00+01:00;3849,000;1,000;MESURE
2025-02-01 08:00:00+01:00;126,000;1,000;MESURE
2025-02-01 09:00:00+01:00;125,000;1,000;MESURE
2025-02-01 10:00:00+01:00;125,000;1,000;MESURE
2025-02-01 11:00:00+01:00;125,000;1,000;MESURE
2025-02-01 12:00:00+01:00;124,000;1,000;MESURE
2025-02-01 13:00:00+01:00;125,000;1,000;MESURE
2025-02-01 14:00:00+01:00;125,000;1,000;MESURE
2025-02-01 15:00:00+01:00;125,000;1,000;MESURE
2025-02-01 16:00:00+01:00;125,000;1,000;MESURE
2025-02-01 17:00:00+01:00;297,000;1,000;MESURE
2025-02-01 18:00:00+01:00;5756,000;1,000;MESURE
2025-02-01 19:00:00+01:00;5726,000;1,000;MESURE
2025-02-01 20:00:00+01:00;5563,000;1,000;MESURE
2025-02-01 21:00:00+01:00;5526,000;1,000;MESURE
2025-02-01 22:00:00+01:00;3667,000;1,000;MESURE
2025-02-01 23:00:00+01:00;3200,000;1,000;MESURE
2025-02-02 00:00:00+01:00;2999,000;1,000;MESURE
2025-02-02 01:00:00+01:00;3000,000;1,000;MESURE
2025-02-02 02:00:00+01:00;3018,000;1,000;MESURE
2025-02-02 03:00:00+01:00;3023,000;1,000;MESURE
2025-02-02 04:00:00+01:00;3000,000;1,000;MESURE
2025-02-02 05:00:00+01:00;5325,000;1,000;MESURE
2025-02-02 06:00:00+01:00;5539,000;1,000;MESURE
2025-02-02 07:00:00+01:00;3757,000;1,000;MESURE
2025-02-02 08:00:00+01:00;127,000;1,000;MESURE
2025-02-02 09:00:00+01:00;126,000;1,000;MESURE
2025-02-02 10:00:00+01:00;127,000;1,000;MESURE
2025-02-02 11:00:00+01:00;125,000;1,000;MESURE
2025-02-02 12:00:00+01:00;126,000;1,000;MESURE
2025-02-02 13:00:00+01:00;126,000;1,000;MESURE
2025-02-02 14:00:00+01:00;126,000;1,000;MESURE
2025-02-02 15:00:00+01:00;125,000;1,000;MESURE
2025-02-02 16:00:00+01:00;126,000;1,000;MESURE
2025-02-02 17:00:00+01:00;193,000;1,000;MESURE
2025-02-02 18:00:00+01:00;5714,000;1,000;MESURE
2025-02-02 19:00:00+01:00;5686,000;1,000;MESURE
2025-02-02 20:00:00+01:00;5583,000;1,000;MESURE
2025-02-02 21:00:00+01:00;5562,000;1,000;MESURE
2025-02-02 22:00:00+01:00;3657,000;1,000;MESURE
2025-02-02 23:00:00+01:00;3175,000;1,000;MESURE
2025-02-03 00:00:00+01:00;3003,000;1,000;MESURE
2025-02-03 01:00:00+01:00;2996,000;1,000;MESURE
2025-02-03 02:00:00+01:00;3017,000;1,000;MESURE
2025-02-03 03:00:00+01:00;3026,000;1,000;MESURE
2025-02-03 04:00:00+01:00;3024,000;1,000;MESURE
2025-02-03 05:00:00+01:00;5331,000;1,000;MESURE
2025-02-03 06:00:00+01:00;5557,000;1,000;MESURE
2025-02-03 07:00:00+01:00;3671,000;1,000;MESURE
2025-02-03 08:00:00+01:00;127,000;1,000;MESURE
2025-02-03 09:00:00+01:00;125,000;1,000;MESURE
2025-02-03 10:00:00+01:00;125,000;1,000;MESURE
2025-02-03 11:00:00+01:00;125,000;1,000;MESURE
2025-02-03 12:00:00+01:00;125,000;1,000;MESURE
2025-02-03 13:00:00+01:00;125,000;1,000;MESURE
2025-02-03 14:00:00+01:00;125,000;1,000;MESURE
2025-02-03 15:00:00+01:00;125,000;1,000;MESURE
2025-02-03 16:00:00+01:00;125,000;1,000;MESURE
2025-02-03 17:00:00+01:00;126,000;1,000;MESURE
2025-02-03 18:00:00+01:00;5595,000;1,000;MESURE
2025-02-03 19:00:00+01:00;5697,000;1,000;MESURE
2025-02-03 20:00:00+01:00;5553,000;1,000;MESURE
2025-02-03 21:00:00+01:00;5540,000;1,000;MESURE
2025-02-03 22:00:00+01:00;3657,000;1,000;MESURE
2025-02-03 23:00:00+01:00;3183,000;1,000;MESURE
2025-02-04 00:00:00+01:00;3000,000;1,000;MESURE
2025-02-04 01:00:00+01:00;3011,000;1,000;MESURE
2025-02-04 02:00:00+01:00;3007,000;1,000;MESURE
2025-02-04 03:00:00+01:00;3008,000;1,000;MESURE
2025-02-04 04:00:00+01:00;3006,000;1,000;MESURE
2025-02-04 05:00:00+01:00;5324,000;1,000;MESURE
2025-02-04 06:00:00+01:00;5550,000;1,000;MESURE
2025-02-04 07:00:00+01:00;3580,000;1,000;MESURE
2025-02-04 08:00:00+01:00;127,000;1,000;MESURE
2025-02-04 09:00:00+01:00;125,000;1,000;MESURE
2025-02-04 10:00:00+01:00;125,000;1,000;MESURE
2025-02-04 11:00:00+01:00;125,000;1,000;MESURE
2025-02-04 12:00:00+01:00;125,000;1,000;MESURE
2025-02-04 13:00:00+01:00;124,000;1,000;MESURE
2025-02-04 14:00:00+01:00;125,000;1,000;MESURE
2025-02-04 15:00:00+01:00;125,000;1,000;MESURE
2025-02-04 16:00:00+01:00;125,000;1,000;MESURE
2025-02-04 17:00:00+01:00;125,000;1,000;MESURE
2025-02-04 18:00:00+01:00;5546,000;1,000;MESURE
2025-02-04 19:00:00+01:00;5734,000;1,000;MESURE
2025-02-04 20:00:00+01:00;5592,000;1,000;MESURE
2025-02-04 21:00:00+01:00;5559,000;1,000;MESURE
2025-02-04 22:00:00+01:00;3672,000;1,000;MESURE
2025-02-04 23:00:00+01:00;3189,000;1,000;MESURE
2025-02-05 00:00:00+01:00;3009,000;1,000;MESURE
2025-02-05 01:00:00+01:00;3018,000;1,000;MESURE
2025-02-05 02:00:00+01:00;3028,000;1,000;MESURE
2025-02-05 03:00:00+01:00;3002,000;1,000;MESURE
2025-02-05 04:00:00+01:00;3008,000;1,000;MESURE
2025-02-05 05:00:00+01:00;5329,000;1,000;MESURE
2025-02-05 06:00:00+01:00;5572,000;1,000;MESURE
2025-02-05 07:00:00+01:00;3412,000;1,000;MESURE
2025-02-05 08:00:00+01:00;130,000;1,000;MESURE
2025-02-05 09:00:00+01:00;129,000;1,000;MESURE
2025-02-05 10:00:00+01:00;127,000;1,000;MESURE
2025-02-05 11:00:00+01:00;125,000;1,000;MESURE
2025-02-05 12:00:00+01:00;125,000;1,000;MESURE
2025-02-05 13:00:00+01:00;125,000;1,000;MESURE
2025-02-05 14:00:00+01:00;125,000;1,000;MESURE
2025-02-05 15:00:00+01:00;126,000;1,000;MESURE
2025-02-05 16:00:00+01:00;126,000;1,000;MESURE
2025-02-05 17:00:00+01:00;126,000;1,000;MESURE
2025-02-05 18:00:00+01:00;5322,000;1,000;MESURE
2025-02-05 19:00:00+01:00;5688,000;1,000;MESURE
2025-02-05 20:00:00+01:00;5587,000;1,000;MESURE
2025-02-05 21:00:00+01:00;5540,000;1,000;MESURE
2025-02-05 22:00:00+01:00;3654,000;1,000;MESURE
2025-02-05 23:00:00+01:00;3177,000;1,000;MESURE
2025-02-06 00:00:00+01:00;3001,000;1,000;MESURE
2025-02-06 01:00:00+01:00;3013,000;1,000;MESURE
2025-02-06 02:00:00+01:00;3025,000;1,000;MESURE
2025-02-06 03:00:00+01:00;3037,000;1,000;MESURE
2025-02-06 04:00:00+01:00;3037,000;1,000;MESURE
2025-02-06 05:00:00+01:00;5351,000;1,000;MESURE
2025-02-06 06:00:00+01:00;5545,000;1,000;MESURE
2025-02-06 07:00:00+01:00;3310,000;1,000;MESURE
2025-02-06 08:00:00+01:00;132,000;1,000;MESURE
2025-02-06 09:00:00+01:00;129,000;1,000;MESURE
2025-02-06 10:00:00+01:00;129,000;1,000;MESURE
2025-02-06 11:00:00+01:00;129,000;1,000;MESURE
2025-02-06 12:00:00+01:00;129,000;1,000;MESURE
2025-02-06 13:00:00+01:00;128,000;1,000;MESURE
2025-02-06 14:00:00+01:00;129,000;1,000;MESURE
2025-02-06 15:00:00+01:00;129,000;1,000;MESURE
2025-02-06 16:00:00+01:00;129,000;1,000;MESURE
2025-02-06 17:00:00+01:00;131,000;1,000;MESURE
2025-02-06 18:00:00+01:00;5249,000;1,000;MESURE
2025-02-06 19:00:00+01:00;5706,000;1,000;MESURE
2025-02-06 20:00:00+01:00;5566,000;1,000;MESURE
2025-02-06 21:00:00+01:00;5548,000;1,000;MESURE
2025-02-06 22:00:00+01:00;3663,000;1,000;MESURE
2025-02-06 23:00:00+01:00;3192,000;1,000;MESURE
2025-02-07 00:00:00+01:00;3010,000;1,000;MESURE
2025-02-07 01:00:00+01:00;3024,000;1,000;MESURE
2025-02-07 02:00:00+01:00;3015,000;1,000;MESURE
2025-02-07 03:00:00+01:00;3020,000;1,000;MESURE
2025-02-07 04:00:00+01:00;3021,000;1,000;MESURE
2025-02-07 05:00:00+01:00;5341,000;1,000;MESURE
2025-02-07 06:00:00+01:00;5548,000;1,000;MESURE
2025-02-07 07:00:00+01:00;3213,000;1,000;MESURE
2025-02-07 08:00:00+01:00;128,000;1,000;MESURE
2025-02-07 09:00:00+01:00;128,000;1,000;MESURE
2025-02-07 10:00:00+01:00;127,000;1,000;MESURE
2025-02-07 11:00:00+01:00;128,000;1,000;MESURE
2025-02-07 12:00:00+01:00;128,000;1,000;MESURE
2025-02-07 13:00:00+01:00;126,000;1,000;MESURE
2025-02-07 14:00:00+01:00;125,000;1,000;MESURE
2025-02-07 15:00:00+01:00;125,000;1,000;MESURE
2025-02-07 16:00:00+01:00;125,000;1,000;MESURE
2025-02-07 17:00:00+01:00;125,000;1,000;MESURE
2025-02-07 18:00:00+01:00;5052,000;1,000;MESURE
2025-02-07 19:00:00+01:00;5705,000;1,000;MESURE
2025-02-07 20:00:00+01:00;5590,000;1,000;MESURE
2025-02-07 21:00:00+01:00;5548,000;1,000;MESURE
2025-02-07 22:00:00+01:00;3682,000;1,000;MESURE
2025-02-07 23:00:00+01:00;3192,000;1,000;MESURE
2025-02-08 00:00:00+01:00;3019,000;1,000;MESURE
2025-02-08 01:00:00+01:00;3030,000;1,000;MESURE
2025-02-08 02:00:00+01:00;3031,000;1,000;MESURE
2025-02-08 03:00:00+01:00;3034,000;1,000;MESURE
2025-02-08 04:00:00+01:00;3035,000;1,000;MESURE
2025-02-08 05:00:00+01:00;5351,000;1,000;MESURE
2025-02-08 06:00:00+01:00;5569,000;1,000;MESURE
2025-02-08 07:00:00+01:00;3029,000;1,000;MESURE
2025-02-08 08:00:00+01:00;129,000;1,000;MESURE
2025-02-08 09:00:00+01:00;128,000;1,000;MESURE
2025-02-08 10:00:00+01:00;125,000;1,000;MESURE
2025-02-08 11:00:00+01:00;126,000;1,000;MESURE
2025-02-08 12:00:00+01:00;124,000;1,000;MESURE
2025-02-08 13:00:00+01:00;125,000;1,000;MESURE
2025-02-08 14:00:00+01:00;126,000;1,000;MESURE
2025-02-08 15:00:00+01:00;125,000;1,000;MESURE
2025-02-08 16:00:00+01:00;126,000;1,000;MESURE
2025-02-08 17:00:00+01:00;126,000;1,000;MESURE
2025-02-08 18:00:00+01:00;4932,000;1,000;MESURE
2025-02-08 19:00:00+01:00;5693,000;1,000;MESURE
2025-02-08 20:00:00+01:00;5555,000;1,000;MESURE
2025-02-08 21:00:00+01:00;5544,000;1,000;MESURE
2025-02-08 22:00:00+01:00;3663,000;1,000;MESURE
2025-02-08 23:00:00+01:00;3183,000;1,000;MESURE
2025-02-09 00:00:00+01:00;2999,000;1,000;MESURE
2025-02-09 01:00:00+01:00;3010,000;1,000;MESURE
2025-02-09 02:00:00+01:00;3014,000;1,000;MESURE
2025-02-09 03:00:00+01:00;3021,000;1,000;MESURE
2025-02-09 04:00:00+01:00;3028,000;1,000;MESURE
2025-02-09 05:00:00+01:00;5340,000;1,000;MESURE
2025-02-09 06:00:00+01:00;5524,000;1,000;MESURE
2025-02-09 07:00:00+01:00;2926,000;1,000;MESURE
2025-02-09 08:00:00+01:00;125,000;1,000;MESURE
2025-02-09 09:00:00+01:00;125,000;1,000;MESURE
2025-02-09 10:00:00+01:00;125,000;1,000;MESURE
2025-02-09 11:00:00+01:00;125,000;1,000;MESURE
2025-02-09 12:00:00+01:00;125,000;1,000;MESURE
2025-02-09 13:00:00+01:00;125,000;1,000;MESURE
2025-02-09 14:00:00+01:00;125,000;1,000;MESURE
2025-02-09 15:00:00+01:00;125,000;1,000;MESURE
2025-02-09 16:00:00+01:00;125,000;1,000;MESURE
2025-02-09 17:00:00+01:00;124,000;1,000;MESURE
2025-02-09 18:00:00+01:00;4785,000;1,000;MESURE
2025-02-09 19:00:00+01:00;5720,000;1,000;MESURE
2025-02-09 20:00:00+01:00;5533,000;1,000;MESURE
2025-02-09 21:00:00+01:00;5529,000;1,000;MESURE
2025-02-09 22:00:00+01:00;3657,000;1,000;MESURE
2025-02-09 23:00:00+01:00;3172,000;1,000;MESURE
2025-02-10 00:00:00+01:00;2994,000;1,000;MESURE
2025-02-10 01:00:00+01:00;3007,000;1,000;MESURE
2025-02-10 02:00:00+01:00;3005,000;1,000;MESURE
2025-02-10 03:00:00+01:00;3014,000;1,000;MESURE
2025-02-10 04:00:00+01:00;3011,000;1,000;MESURE
2025-02-10 05:00:00+01:00;5309,000;1,000;MESURE
2025-02-10 06:00:00+01:00;5536,000;1,000;MESURE
2025-02-10 07:00:00+01:00;2833,000;1,000;MESURE
2025-02-10 08:00:00+01:00;125,000;1,000;MESURE
2025-02-10 09:00:00+01:00;125,000;1,000;MESURE
2025-02-10 10:00:00+01:00;124,000;1,000;MESURE
2025-02-10 11:00:00+01:00;125,000;1,000;MESURE
2025-02-10 12:00:00+01:00;125,000;1,000;MESURE
2025-02-10 13:00:00+01:00;124,000;1,000;MESURE
2025-02-10 14:00:00+01:00;125,000;1,000;MESURE
2025-02-10 15:00:00+01:00;125,000;1,000;MESURE
2025-02-10 16:00:00+01:00;125,000;1,000;MESURE
2025-02-10 17:00:00+01:00;127,000;1,000;MESURE
2025-02-10 18:00:00+01:00;4665,000;1,000;MESURE
2025-02-10 19:00:00+01:00;5680,000;1,000;MESURE
2025-02-10 20:00:00+01:00;5556,000;1,000;MESURE
2025-02-10 21:00:00+01:00;5527,000;1,000;MESURE
2025-02-10 22:00:00+01:00;3660,000;1,000;MESURE
2025-02-10 23:00:00+01:00;3178,000;1,000;MESURE
2025-02-11 00:00:00+01:00;3006,000;1,000;MESURE
2025-02-11 01:00:00+01:00;3013,000;1,000;MESURE
2025-02-11 02:00:00+01:00;3003,000;1,000;MESURE
2025-02-11 03:00:00+01:00;2984,000;1,000;MESURE
2025-02-11 04:00:00+01:00;3008,000;1,000;MESURE
2025-02-11 05:00:00+01:00;5303,000;1,000;MESURE
2025-02-11 06:00:00+01:00;5522,000;1,000;MESURE
2025-02-11 07:00:00+01:00;2628,000;1,000;MESURE
2025-02-11 08:00:00+01:00;127,000;1,000;MESURE
2025-02-11 09:00:00+01:00;124,000;1,000;MESURE
2025-02-11 10:00:00+01:00;125,000;1,000;MESURE
2025-02-11 11:00:00+01:00;124,000;1,000;MESURE
2025-02-11 12:00:00+01:00;125,000;1,000;MESURE
2025-02-11 13:00:00+01:00;125,000;1,000;MESURE
2025-02-11 14:00:00+01:00;124,000;1,000;MESURE
2025-02-11 15:00:00+01:00;125,000;1,000;MESURE
2025-02-11 16:00:00+01:00;125,000;1,000;MESURE
2025-02-11 17:00:00+01:00;125,000;1,000;MESURE
2025-02-11 18:00:00+01:00;4566,000;1,000;MESURE
2025-02-11 19:00:00+01:00;5669,000;1,000;MESURE
2025-02-11 20:00:00+01:00;5530,000;1,000;MESURE
2025-02-11 21:00:00+01:00;5523,000;1,000;MESURE
2025-02-11 22:00:00+01:00;3642,000;1,000;MESURE
2025-02-11 23:00:00+01:00;3180,000;1,000;MESURE
2025-02-12 00:00:00+01:00;3007,000;1,000;MESURE
2025-02-12 01:00:00+01:00;3017,000;1,000;MESURE
2025-02-12 02:00:00+01:00;3012,000;1,000;MESURE
2025-02-12 03:00:00+01:00;3002,000;1,000;MESURE
2025-02-12 04:00:00+01:00;3013,000;1,000;MESURE
2025-02-12 05:00:00+01:00;5317,000;1,000;MESURE
2025-02-12 06:00:00+01:00;5524,000;1,000;MESURE
2025-02-12 07:00:00+01:00;2539,000;1,000;MESURE
2025-02-12 08:00:00+01:00;125,000;1,000;MESURE
2025-02-12 09:00:00+01:00;124,000;1,000;MESURE
2025-02-12 10:00:00+01:00;125,000;1,000;MESURE
2025-02-12 11:00:00+01:00;124,000;1,000;MESURE
2025-02-12 12:00:00+01:00;124,000;1,000;MESURE
2025-02-12 13:00:00+01:00;125,000;1,000;MESURE
2025-02-12 14:00:00+01:00;125,000;1,000;MESURE
2025-02-12 15:00:00+01:00;125,000;1,000;MESURE
2025-02-12 16:00:00+01:00;124,000;1,000;MESURE
2025-02-12 17:00:00+01:00;125,000;1,000;MESURE
2025-02-12 18:00:00+01:00;4381,000;1,000;MESURE
2025-02-12 19:00:00+01:00;5675,000;1,000;MESURE
2025-02-12 20:00:00+01:00;5529,000;1,000;MESURE
2025-02-12 21:00:00+01:00;5515,000;1,000;MESURE
2025-02-12 22:00:00+01:00;3652,000;1,000;MESURE
2025-02-12 23:00:00+01:00;3168,000;1,000;MESURE
2025-02-13 00:00:00+01:00;2996,000;1,000;MESURE
2025-02-13 01:00:00+01:00;2999,000;1,000;MESURE
2025-02-13 02:00:00+01:00;2998,000;1,000;MESURE
2025-02-13 03:00:00+01:00;3004,000;1,000;MESURE
2025-02-13 04:00:00+01:00;3010,000;1,000;MESURE
2025-02-13 05:00:00+01:00;5313,000;1,000;MESURE
2025-02-13 06:00:00+01:00;5532,000;1,000;MESURE
2025-02-13 07:00:00+01:00;2383,000;1,000;MESURE
2025-02-13 08:00:00+01:00;127,000;1,000;MESURE
2025-02-13 09:00:00+01:00;124,000;1,000;MESURE
2025-02-13 10:00:00+01:00;125,000;1,000;MESURE
2025-02-13 11:00:00+01:00;124,000;1,000;MESURE
2025-02-13 12:00:00+01:00;125,000;1,000;MESURE
2025-02-13 13:00:00+01:00;124,000;1,000;MESURE
2025-02-13 14:00:00+01:00;125,000;1,000;MESURE
2025-02-13 15:00:00+01:00;125,000;1,000;MESURE
2025-02-13 16:00:00+01:00;124,000;1,000;MESURE
2025-02-13 17:00:00+01:00;126,000;1,000;MESURE
2025-02-13 18:00:00+01:00;4315,000;1,000;MESURE
2025-02-13 19:00:00+01:00;5709,000;1,000;MESURE
2025-02-13 20:00:00+01:00;5530,000;1,000;MESURE
2025-02-13 21:00:00+01:00;5518,000;1,000;MESURE
2025-02-13 22:00:00+01:00;3657,000;1,000;MESURE
2025-02-13 23:00:00+01:00;3197,000;1,000;MESURE
2025-02-14 00:00:00+01:00;3003,000;1,000;MESURE
2025-02-14 01:00:00+01:00;3007,000;1,000;MESURE
2025-02-14 02:00:00+01:00;3004,000;1,000;MESURE
2025-02-14 03:00:00+01:00;3012,000;1,000;MESURE
2025-02-14 04:00:00+01:00;3011,000;1,000;MESURE
2025-02-14 05:00:00+01:00;5320,000;1,000;MESURE
2025-02-14 06:00:00+01:00;5548,000;1,000;MESURE
2025-02-14 07:00:00+01:00;2284,000;1,000;MESURE
2025-02-14 08:00:00+01:00;126,000;1,000;MESURE
2025-02-14 09:00:00+01:00;125,000;1,000;MESURE
2025-02-14 10:00:00+01:00;126,000;1,000;MESURE
2025-02-14 11:00:00+01:00;125,000;1,000;MESURE
2025-02-14 12:00:00+01:00;125,000;1,000;MESURE
2025-02-14 13:00:00+01:00;125,000;1,000;MESURE
2025-02-14 14:00:00+01:00;125,000;1,000;MESURE
2025-02-14 15:00:00+01:00;126,000;1,000;MESURE
2025-02-14 16:00:00+01:00;128,000;1,000;MESURE
2025-02-14 17:00:00+01:00;129,000;1,000;MESURE
2025-02-14 18:00:00+01:00;4137,000;1,000;MESURE
2025-02-14 19:00:00+01:00;5718,000;1,000;MESURE
2025-02-14 20:00:00+01:00;5583,000;1,000;MESURE
2025-02-14 21:00:00+01:00;5557,000;1,000;MESURE
2025-02-14 22:00:00+01:00;3664,000;1,000;MESURE
2025-02-14 23:00:00+01:00;3212,000;1,000;MESURE
2025-02-15 00:00:00+01:00;3009,000;1,000;MESURE
2025-02-15 01:00:00+01:00;3011,000;1,000;MESURE
2025-02-15 02:00:00+01:00;3012,000;1,000;MESURE
2025-02-15 03:00:00+01:00;3014,000;1,000;MESURE
2025-02-15 04:00:00+01:00;3012,000;1,000;MESURE
2025-02-15 05:00:00+01:00;5345,000;1,000;MESURE
2025-02-15 06:00:00+01:00;5569,000;1,000;MESURE
2025-02-15 07:00:00+01:00;2091,000;1,000;MESURE
2025-02-15 08:00:00+01:00;128,000;1,000;MESURE
2025-02-15 09:00:00+01:00;128,000;1,000;MESURE
2025-02-15 10:00:00+01:00;128,000;1,000;MESURE
2025-02-15 11:00:00+01:00;128,000;1,000;MESURE
2025-02-15 12:00:00+01:00;127,000;1,000;MESURE
2025-02-15 13:00:00+01:00;128,000;1,000;MESURE
2025-02-15 14:00:00+01:00;128,000;1,000;MESURE
2025-02-15 15:00:00+01:00;129,000;1,000;MESURE
2025-02-15 16:00:00+01:00;127,000;1,000;MESURE
2025-02-15 17:00:00+01:00;125,000;1,000;MESURE
2025-02-15 18:00:00+01:00;4035,000;1,000;MESURE
2025-02-15 19:00:00+01:00;5741,000;1,000;MESURE
2025-02-15 20:00:00+01:00;5558,000;1,000;MESURE
2025-02-15 21:00:00+01:00;5547,000;1,000;MESURE
2025-02-15 22:00:00+01:00;3686,000;1,000;MESURE
2025-02-15 23:00:00+01:00;3200,000;1,000;MESURE
2025-02-16 00:00:00+01:00;2999,000;1,000;MESURE
2025-02-16 01:00:00+01:00;3015,000;1,000;MESURE
2025-02-16 02:00:00+01:00;3025,000;1,000;MESURE
2025-02-16 03:00:00+01:00;3028,000;1,000;MESURE
2025-02-16 04:00:00+01:00;3027,000;1,000;MESURE
2025-02-16 05:00:00+01:00;5342,000;1,000;MESURE
2025-02-16 06:00:00+01:00;5581,000;1,000;MESURE
2025-02-16 07:00:00+01:00;2000,000;1,000;MESURE
2025-02-16 08:00:00+01:00;129,000;1,000;MESURE
2025-02-16 09:00:00+01:00;127,000;1,000;MESURE
2025-02-16 10:00:00+01:00;125,000;1,000;MESURE
2025-02-16 11:00:00+01:00;125,000;1,000;MESURE
2025-02-16 12:00:00+01:00;124,000;1,000;MESURE
2025-02-16 13:00:00+01:00;125,000;1,000;MESURE
2025-02-16 14:00:00+01:00;126,000;1,000;MESURE
2025-02-16 15:00:00+01:00;125,000;1,000;MESURE
2025-02-16 16:00:00+01:00;126,000;1,000;MESURE
2025-02-16 17:00:00+01:00;125,000;1,000;MESURE
2025-02-16 18:00:00+01:00;3867,000;1,000;MESURE
2025-02-16 19:00:00+01:00;5725,000;1,000;MESURE
2025-02-16 20:00:00+01:00;5584,000;1,000;MESURE
2025-02-16 21:00:00+01:00;5547,000;1,000;MESURE
2025-02-16 22:00:00+01:00;3664,000;1,000;MESURE
2025-02-16 23:00:00+01:00;3209,000;1,000;MESURE
2025-02-17 00:00:00+01:00;2995,000;1,000;MESURE
2025-02-17 01:00:00+01:00;3010,000;1,000;MESURE
2025-02-17 02:00:00+01:00;3017,000;1,000;MESURE
2025-02-17 03:00:00+01:00;3003,000;1,000;MESURE
2025-02-17 04:00:00+01:00;3005,000;1,000;MESURE
2025-02-17 05:00:00+01:00;5348,000;1,000;MESURE
2025-02-17 06:00:00+01:00;5570,000;1,000;MESURE
2025-02-17 07:00:00+01:00;1819,000;1,000;MESURE
2025-02-17 08:00:00+01:00;129,000;1,000;MESURE
2025-02-17 09:00:00+01:00;129,000;1,000;MESURE
2025-02-17 10:00:00+01:00;128,000;1,000;MESURE
2025-02-17 11:00:00+01:00;128,000;1,000;MESURE
2025-02-17 12:00:00+01:00;128,000;1,000;MESURE
2025-02-17 13:00:00+01:00;126,000;1,000;MESURE
2025-02-17 14:00:00+01:00;127,000;1,000;MESURE
2025-02-17 15:00:00+01:00;126,000;1,000;MESURE
2025-02-17 16:00:00+01:00;125,000;1,000;MESURE
2025-02-17 17:00:00+01:00;125,000;1,000;MESURE
2025-02-17 18:00:00+01:00;3738,000;1,000;MESURE
2025-02-17 19:00:00+01:00;5688,000;1,000;MESURE
2025-02-17 20:00:00+01:00;5558,000;1,000;MESURE
2025-02-17 21:00:00+01:00;5504,000;1,000;MESURE
2025-02-17 22:00:00+01:00;3666,000;1,000;MESURE
2025-02-17 23:00:00+01:00;3204,000;1,000;MESURE
2025-02-18 00:00:00+01:00;3021,000;1,000;MESURE
2025-02-18 01:00:00+01:00;3025,000;1,000;MESURE
2025-02-18 02:00:00+01:00;3029,000;1,000;MESURE
2025-02-18 03:00:00+01:00;3036,000;1,000;MESURE
2025-02-18 04:00:00+01:00;3035,000;1,000;MESURE
2025-02-18 05:00:00+01:00;5350,000;1,000;MESURE
2025-02-18 06:00:00+01:00;5539,000;1,000;MESURE
2025-02-18 07:00:00+01:00;1632,000;1,000;MESURE
2025-02-18 08:00:00+01:00;127,000;1,000;MESURE
2025-02-18 09:00:00+01:00;125,000;1,000;MESURE
2025-02-18 10:00:00+01:00;125,000;1,000;MESURE
2025-02-18 11:00:00+01:00;124,000;1,000;MESURE
2025-02-18 12:00:00+01:00;124,000;1,000;MESURE
2025-02-18 13:00:00+01:00;125,000;1,000;MESURE
2025-02-18 14:00:00+01:00;125,000;1,000;MESURE
2025-02-18 15:00:00+01:00;126,000;1,000;MESURE
2025-02-18 16:00:00+01:00;125,000;1,000;MESURE
2025-02-18 17:00:00+01:00;125,000;1,000;MESURE
2025-02-18 18:00:00+01:00;3565,000;1,000;MESURE
2025-02-18 19:00:00+01:00;5693,000;1,000;MESURE
2025-02-18 20:00:00+01:00;5576,000;1,000;MESURE
2025-02-18 21:00:00+01:00;5547,000;1,000;MESURE
2025-02-18 22:00:00+01:00;3669,000;1,000;MESURE
2025-02-18 23:00:00+01:00;3186,000;1,000;MESURE
2025-02-19 00:00:00+01:00;3010,000;1,000;MESURE
2025-02-19 01:00:00+01:00;3020,000;1,000;MESURE
2025-02-19 02:00:00+01:00;3020,000;1,000;MESURE
2025-02-19 03:00:00+01:00;3027,000;1,000;MESURE
2025-02-19 04:00:00+01:00;3023,000;1,000;MESURE
2025-02-19 05:00:00+01:00;5329,000;1,000;MESURE
2025-02-19 06:00:00+01:00;5545,000;1,000;MESURE
2025-02-19 07:00:00+01:00;1529,000;1,000;MESURE
2025-02-19 08:00:00+01:00;125,000;1,000;MESURE
2025-02-19 09:00:00+01:00;124,000;1,000;MESURE
2025-02-19 10:00:00+01:00;125,000;1,000;MESURE
2025-02-19 11:00:00+01:00;124,000;1,000;MESURE
2025-02-19 12:00:00+01:00;125,000;1,000;MESURE
2025-02-19 13:00:00+01:00;124,000;1,000;MESURE
2025-02-19 14:00:00+01:00;125,000;1,000;MESURE
2025-02-19 15:00:00+01:00;125,000;1,000;MESURE
2025-02-19 16:00:00+01:00;125,000;1,000;MESURE
2025-02-19 17:00:00+01:00;125,000;1,000;MESURE
2025-02-19 18:00:00+01:00;3462,000;1,000;MESURE
2025-02-19 19:00:00+01:00;5710,000;1,000;MESURE
2025-02-19 20:00:00+01:00;5579,000;1,000;MESURE
2025-02-19 21:00:00+01:00;5538,000;1,000;MESURE
2025-02-19 22:00:00+01:00;3668,000;1,000;MESURE
2025-02-19 23:00:00+01:00;3187,000;1,000;MESURE
2025-02-20 00:00:00+01:00;2993,000;1,000;MESURE
2025-02-20 01:00:00+01:00;3015,000;1,000;MESURE
2025-02-20 02:00:00+01:00;3015,000;1,000;MESURE
2025-02-20 03:00:00+01:00;3022,000;1,000;MESURE
2025-02-20 04:00:00+01:00;3035,000;1,000;MESURE
2025-02-20 05:00:00+01:00;5345,000;1,000;MESURE
2025-02-20 06:00:00+01:00;5545,000;1,000;MESURE
2025-02-20 07:00:00+01:00;1338,000;1,000;MESURE
2025-02-20 08:00:00+01:00;126,000;1,000;MESURE
2025-02-20 09:00:00+01:00;124,000;1,000;MESURE
2025-02-20 10:00:00+01:00;125,000;1,000;MESURE
2025-02-20 11:00:00+01:00;125,000;1,000;MESURE
2025-02-20 12:00:00+01:00;125,000;1,000;MESURE
2025-02-20 13:00:00+01:00;125,000;1,000;MESURE
2025-02-20 14:00:00+01:00;126,000;1,000;MESURE
2025-02-20 15:00:00+01:00;126,000;1,000;MESURE
2025-02-20 16:00:00+01:00;126,000;1,000;MESURE
2025-02-20 17:00:00+01:00;126,000;1,000;MESURE
2025-02-20 18:00:00+01:00;3359,000;1,000;MESURE
2025-02-20 19:00:00+01:00;5675,000;1,000;MESURE
2025-02-20 20:00:00+01:00;5541,000;1,000;MESURE
2025-02-20 21:00:00+01:00;5532,000;1,000;MESURE
2025-02-20 22:00:00+01:00;3662,000;1,000;MESURE
2025-02-20 23:00:00+01:00;3179,000;1,000;MESURE
2025-02-21 00:00:00+01:00;3006,000;1,000;MESURE
2025-02-21 01:00:00+01:00;3009,000;1,000;MESURE
2025-02-21 02:00:00+01:00;3009,000;1,000;MESURE
2025-02-21 03:00:00+01:00;3013,000;1,000;MESURE
2025-02-21 04:00:00+01:00;3006,000;1,000;MESURE
2025-02-21 05:00:00+01:00;5320,000;1,000;MESURE
2025-02-21 06:00:00+01:00;5549,000;1,000;MESURE
2025-02-21 07:00:00+01:00;1166,000;1,000;MESURE
2025-02-21 08:00:00+01:00;124,000;1,000;MESURE
2025-02-21 09:00:00+01:00;125,000;1,000;MESURE
2025-02-21 10:00:00+01:00;125,000;1,000;MESURE
2025-02-21 11:00:00+01:00;125,000;1,000;MESURE
2025-02-21 12:00:00+01:00;125,000;1,000;MESURE
2025-02-21 13:00:00+01:00;125,000;1,000;MESURE
2025-02-21 14:00:00+01:00;125,000;1,000;MESURE
2025-02-21 15:00:00+01:00;125,000;1,000;MESURE
2025-02-21 16:00:00+01:00;126,000;1,000;MESURE
2025-02-21 17:00:00+01:00;125,000;1,000;MESURE
2025-02-21 18:00:00+01:00;3162,000;1,000;MESURE
2025-02-21 19:00:00+01:00;5644,000;1,000;MESURE
2025-02-21 20:00:00+01:00;5535,000;1,000;MESURE
2025-02-21 21:00:00+01:00;5526,000;1,000;MESURE
2025-02-21 22:00:00+01:00;3644,000;1,000;MESURE
2025-02-21 23:00:00+01:00;3168,000;1,000;MESURE
2025-02-22 00:00:00+01:00;2994,000;1,000;MESURE
2025-02-22 01:00:00+01:00;2998,000;1,000;MESURE
2025-02-22 02:00:00+01:00;2996,000;1,000;MESURE
2025-02-22 03:00:00+01:00;3008,000;1,000;MESURE
2025-02-22 04:00:00+01:00;3008,000;1,000;MESURE
2025-02-22 05:00:00+01:00;5322,000;1,000;MESURE
2025-02-22 06:00:00+01:00;5525,000;1,000;MESURE
2025-02-22 07:00:00+01:00;1065,000;1,000;MESURE
2025-02-22 08:00:00+01:00;126,000;1,000;MESURE
2025-02-22 09:00:00+01:00;125,000;1,000;MESURE
2025-02-22 10:00:00+01:00;126,000;1,000;MESURE
2025-02-22 11:00:00+01:00;126,000;1,000;MESURE
2025-02-22 12:00:00+01:00;125,000;1,000;MESURE
2025-02-22 13:00:00+01:00;126,000;1,000;MESURE
2025-02-22 14:00:00+01:00;125,000;1,000;MESURE
2025-02-22 15:00:00+01:00;126,000;1,000;MESURE
2025-02-22 16:00:00+01:00;124,000;1,000;MESURE
2025-02-22 17:00:00+01:00;125,000;1,000;MESURE
2025-02-22 18:00:00+01:00;3081,000;1,000;MESURE
2025-02-22 19:00:00+01:00;5669,000;1,000;MESURE
2025-02-22 20:00:00+01:00;5495,000;1,000;MESURE
2025-02-22 21:00:00+01:00;5490,000;1,000;MESURE
2025-02-22 22:00:00+01:00;3655,000;1,000;MESURE
2025-02-22 23:00:00+01:00;3192,000;1,000;MESURE
2025-02-23 00:00:00+01:00;2999,000;1,000;MESURE
2025-02-23 01:00:00+01:00;2991,000;1,000;MESURE
2025-02-23 02:00:00+01:00;2996,000;1,000;MESURE
2025-02-23 03:00:00+01:00;2994,000;1,000;MESURE
2025-02-23 04:00:00+01:00;2989,000;1,000;MESURE
2025-02-23 05:00:00+01:00;5304,000;1,000;MESURE
2025-02-23 06:00:00+01:00;5529,000;1,000;MESURE
2025-02-23 07:00:00+01:00;884,000;1,000;MESURE
2025-02-23 08:00:00+01:00;125,000;1,000;MESURE
2025-02-23 09:00:00+01:00;125,000;1,000;MESURE
2025-02-23 10:00:00+01:00;125,000;1,000;MESURE
2025-02-23 11:00:00+01:00;125,000;1,000;MESURE
2025-02-23 12:00:00+01:00;126,000;1,000;MESURE
2025-02-23 13:00:00+01:00;125,000;1,000;MESURE
2025-02-23 14:00:00+01:00;124,000;1,000;MESURE
2025-02-23 15:00:00+01:00;125,000;1,000;MESURE
2025-02-23 16:00:00+01:00;125,000;1,000;MESURE
2025-02-23 17:00:00+01:00;125,000;1,000;MESURE
2025-02-23 18:00:00+01:00;2896,000;1,000;MESURE
2025-02-23 19:00:00+01:00;5673,000;1,000;MESURE
2025-02-23 20:00:00+01:00;5552,000;1,000;MESURE
2025-02-23 21:00:00+01:00;5510,000;1,000;MESURE
2025-02-23 22:00:00+01:00;3627,000;1,000;MESURE
2025-02-23 23:00:00+01:00;3178,000;1,000;MESURE
2025-02-24 00:00:00+01:00;2996,000;1,000;MESURE
2025-02-24 01:00:00+01:00;3005,000;1,000;MESURE
2025-02-24 02:00:00+01:00;3009,000;1,000;MESURE
2025-02-24 03:00:00+01:00;3013,000;1,000;MESURE
2025-02-24 04:00:00+01:00;3011,000;1,000;MESURE
2025-02-24 05:00:00+01:00;5310,000;1,000;MESURE
2025-02-24 06:00:00+01:00;5539,000;1,000;MESURE
2025-02-24 07:00:00+01:00;692,000;1,000;MESURE
2025-02-24 08:00:00+01:00;125,000;1,000;MESURE
2025-02-24 09:00:00+01:00;125,000;1,000;MESURE
2025-02-24 10:00:00+01:00;124,000;1,000;MESURE
2025-02-24 11:00:00+01:00;125,000;1,000;MESURE
2025-02-24 12:00:00+01:00;125,000;1,000;MESURE
2025-02-24 13:00:00+01:00;125,000;1,000;MESURE
2025-02-24 14:00:00+01:00;125,000;1,000;MESURE
2025-02-24 15:00:00+01:00;124,000;1,000;MESURE
2025-02-24 16:00:00+01:00;125,000;1,000;MESURE
2025-02-24 17:00:00+01:00;124,000;1,000;MESURE
2025-02-24 18:00:00+01:00;2795,000;1,000;MESURE
2025-02-24 19:00:00+01:00;5655,000;1,000;MESURE
2025-02-24 20:00:00+01:00;5537,000;1,000;MESURE
2025-02-24 21:00:00+01:00;5525,000;1,000;MESURE
2025-02-24 22:00:00+01:00;3640,000;1,000;MESURE
2025-02-24 23:00:00+01:00;3171,000;1,000;MESURE
2025-02-25 00:00:00+01:00;2994,000;1,000;MESURE
2025-02-25 01:00:00+01:00;3009,000;1,000;MESURE
2025-02-25 02:00:00+01:00;3004,000;1,000;MESURE
2025-02-25 03:00:00+01:00;3013,000;1,000;MESURE
2025-02-25 04:00:00+01:00;3016,000;1,000;MESURE
2025-02-25 05:00:00+01:00;5320,000;1,000;MESURE
2025-02-25 06:00:00+01:00;5501,000;1,000;MESURE
2025-02-25 07:00:00+01:00;602,000;1,000;MESURE
2025-02-25 08:00:00+01:00;126,000;1,000;MESURE
2025-02-25 09:00:00+01:00;124,000;1,000;MESURE
2025-02-25 10:00:00+01:00;124,000;1,000;MESURE
2025-02-25 11:00:00+01:00;125,000;1,000;MESURE
2025-02-25 12:00:00+01:00;124,000;1,000;MESURE
2025-02-25 13:00:00+01:00;125,000;1,000;MESURE
2025-02-25 14:00:00+01:00;124,000;1,000;MESURE
2025-02-25 15:00:00+01:00;126,000;1,000;MESURE
2025-02-25 16:00:00+01:00;125,000;1,000;MESURE
2025-02-25 17:00:00+01:00;126,000;1,000;MESURE
2025-02-25 18:00:00+01:00;2619,000;1,000;MESURE
2025-02-25 19:00:00+01:00;5706,000;1,000;MESURE
2025-02-25 20:00:00+01:00;5573,000;1,000;MESURE
2025-02-25 21:00:00+01:00;5543,000;1,000;MESURE
2025-02-25 22:00:00+01:00;3659,000;1,000;MESURE
2025-02-25 23:00:00+01:00;3183,000;1,000;MESURE
2025-02-26 00:00:00+01:00;2998,000;1,000;MESURE
2025-02-26 01:00:00+01:00;3001,000;1,000;MESURE
2025-02-26 02:00:00+01:00;2993,000;1,000;MESURE
2025-02-26 03:00:00+01:00;3001,000;1,000;MESURE
2025-02-26 04:00:00+01:00;3005,000;1,000;MESURE
2025-02-26 05:00:00+01:00;5316,000;1,000;MESURE
2025-02-26 06:00:00+01:00;5542,000;1,000;MESURE
2025-02-26 07:00:00+01:00;410,000;1,000;MESURE
2025-02-26 08:00:00+01:00;125,000;1,000;MESURE
2025-02-26 09:00:00+01:00;124,000;1,000;MESURE
2025-02-26 10:00:00+01:00;126,000;1,000;MESURE
2025-02-26 11:00:00+01:00;125,000;1,000;MESURE
2025-02-26 12:00:00+01:00;125,000;1,000;MESURE
2025-02-26 13:00:00+01:00;125,000;1,000;MESURE
2025-02-26 14:00:00+01:00;126,000;1,000;MESURE
2025-02-26 15:00:00+01:00;125,000;1,000;MESURE
2025-02-26 16:00:00+01:00;126,000;1,000;MESURE
2025-02-26 17:00:00+01:00;124,000;1,000;MESURE
2025-02-26 18:00:00+01:00;2536,000;1,000;MESURE
2025-02-26 19:00:00+01:00;5690,000;1,000;MESURE
2025-02-26 20:00:00+01:00;5575,000;1,000;MESURE
2025-02-26 21:00:00+01:00;5535,000;1,000;MESURE
2025-02-26 22:00:00+01:00;3674,000;1,000;MESURE
2025-02-26 23:00:00+01:00;3208,000;1,000;MESURE
2025-02-27 00:00:00+01:00;3036,000;1,000;MESURE
2025-02-27 01:00:00+01:00;3035,000;1,000;MESURE
2025-02-27 02:00:00+01:00;3021,000;1,000;MESURE
2025-02-27 03:00:00+01:00;3026,000;1,000;MESURE
2025-02-27 04:00:00+01:00;3034,000;1,000;MESURE
2025-02-27 05:00:00+01:00;5352,000;1,000;MESURE
2025-02-27 06:00:00+01:00;5538,000;1,000;MESURE
2025-02-27 07:00:00+01:00;228,000;1,000;MESURE
2025-02-27 08:00:00+01:00;124,000;1,000;MESURE
2025-02-27 09:00:00+01:00;125,000;1,000;MESURE
2025-02-27 10:00:00+01:00;125,000;1,000;MESURE
2025-02-27 11:00:00+01:00;124,000;1,000;MESURE
2025-02-27 12:00:00+01:00;125,000;1,000;MESURE
2025-02-27 13:00:00+01:00;124,000;1,000;MESURE
2025-02-27 14:00:00+01:00;125,000;1,000;MESURE
2025-02-27 15:00:00+01:00;125,000;1,000;MESURE
2025-02-27 16:00:00+01:00;126,000;1,000;MESURE
2025-02-27 17:00:00+01:00;125,000;1,000;MESURE
2025-02-27 18:00:00+01:00;2438,000;1,000;MESURE
2025-02-27 19:00:00+01:00;5689,000;1,000;MESURE
2025-02-27 20:00:00+01:00;5562,000;1,000;MESURE
2025-02-27 21:00:00+01:00;5527,000;1,000;MESURE
2025-02-27 22:00:00+01:00;3667,000;1,000;MESURE
2025-02-27 23:00:00+01:00;3181,000;1,000;MESURE
2025-02-28 00:00:00+01:00;3006,000;1,000;MESURE
2025-02-28 01:00:00+01:00;3006,000;1,000;MESURE
2025-02-28 02:00:00+01:00;3014,000;1,000;MESURE
2025-02-28 03:00:00+01:00;3021,000;1,000;MESURE
2025-02-28 04:00:00+01:00;3017,000;1,000;MESURE
2025-02-28 05:00:00+01:00;5332,000;1,000;MESURE
2025-02-28 06:00:00+01:00;5507,000;1,000;MESURE
2025-02-28 07:00:00+01:00;130,000;1,000;MESURE
2025-02-28 08:00:00+01:00;128,000;1,000;MESURE
2025-02-28 09:00:00+01:00;125,000;1,000;MESURE
2025-02-28 10:00:00+01:00;124,000;1,000;MESURE
2025-02-28 11:00:00+01:00;124,000;1,000;MESURE
2025-02-28 12:00:00+01:00;125,000;1,000;MESURE
2025-02-28 13:00:00+01:00;124,000;1,000;MESURE
2025-02-28 14:00:00+01:00;125,000;1,000;MESURE
2025-02-28 15:00:00+01:00;125,000;1,000;MESURE
2025-02-28 16:00:00+01:00;125,000;1,000;MESURE
2025-02-28 17:00:00+01:00;125,000;1,000;MESURE
2025-02-28 18:00:00+01:00;2257,000;1,000;MESURE
2025-02-28 19:00:00+01:00;5690,000;1,000;MESURE
2025-02-28 20:00:00+01:00;5562,000;1,000;MESURE
2025-02-28 21:00:00+01:00;5521,000;1,000;MESURE
2025-02-28 22:00:00+01:00;3671,000;1,000;MESURE
2025-02-28 23:00:00+01:00;3206,000;1,000;MESURE
2025-03-01 00:00:00+01:00;3011,000;1,000;MESURE
2025-03-01 01:00:00+01:00;3012,000;1,000;MESURE
2025-03-01 02:00:00+01:00;3006,000;1,000;MESURE
2025-03-01 03:00:00+01:00;3017,000;1,000;MESURE
2025-03-01 04:00:00+01:00;3020,000;1,000;MESURE
2025-03-01 05:00:00+01:00;5333,000;1,000;MESURE
2025-03-01 06:00:00+01:00;5267,000;1,000;MESURE
2025-03-01 07:00:00+01:00;130,000;1,000;MESURE
2025-03-01 08:00:00+01:00;129,000;1,000;MESURE
2025-03-01 09:00:00+01:00;128,000;1,000;MESURE
2025-03-01 10:00:00+01:00;128,000;1,000;MESURE
2025-03-01 11:00:00+01:00;127,000;1,000;MESURE
2025-03-01 12:00:00+01:00;128,000;1,000;MESURE
2025-03-01 13:00:00+01:00;127,000;1,000;MESURE
2025-03-01 14:00:00+01:00;125,000;1,000;MESURE
2025-03-01 15:00:00+01:00;125,000;1,000;MESURE
2025-03-01 16:00:00+01:00;125,000;1,000;MESURE
2025-03-01 17:00:00+01:00;124,000;1,000;MESURE
2025-03-01 18:00:00+01:00;2171,000;1,000;MESURE
2025-03-01 19:00:00+01:00;5695,000;1,000;MESURE
2025-03-01 20:00:00+01:00;5581,000;1,000;MESURE
2025-03-01 21:00:00+01:00;5528,000;1,000;MESURE
2025-03-01 22:00:00+01:00;3670,000;1,000;MESURE
2025-03-01 23:00:00+01:00;3208,000;1,000;MESURE
2025-03-02 00:00:00+01:00;3024,000;1,000;MESURE
2025-03-02 01:00:00+01:00;3030,000;1,000;MESURE
2025-03-02 02:00:00+01:00;3034,000;1,000;MESURE
2025-03-02 03:00:00+01:00;3038,000;1,000;MESURE
2025-03-02 04:00:00+01:00;3039,000;1,000;MESURE
2025-03-02 05:00:00+01:00;5339,000;1,000;MESURE
2025-03-02 06:00:00+01:00;5195,000;1,000;MESURE
2025-03-02 07:00:00+01:00;126,000;1,000;MESURE
2025-03-02 08:00:00+01:00;125,000;1,000;MESURE
2025-03-02 09:00:00+01:00;124,000;1,000;MESURE
2025-03-02 10:00:00+01:00;124,000;1,000;MESURE
2025-03-02 11:00:00+01:00;124,000;1,000;MESURE
2025-03-02 12:00:00+01:00;125,000;1,000;MESURE
2025-03-02 13:00:00+01:00;124,000;1,000;MESURE
2025-03-02 14:00:00+01:00;125,000;1,000;MESURE
2025-03-02 15:00:00+01:00;125,000;1,000;MESURE
2025-03-02 16:00:00+01:00;125,000;1,000;MESURE
2025-03-02 17:00:00+01:00;125,000;1,000;MESURE
2025-03-02 18:00:00+01:00;1981,000;1,000;MESURE
2025-03-02 19:00:00+01:00;5702,000;1,000;MESURE
2025-03-02 20:00:00+01:00;5580,000;1,000;MESURE
2025-03-02 21:00:00+01:00;5543,000;1,000;MESURE
2025-03-02 22:00:00+01:00;3664,000;1,000;MESURE
2025-03-02 23:00:00+01:00;3212,000;1,000;MESURE
2025-03-03 00:00:00+01:00;3018,000;1,000;MESURE
2025-03-03 01:00:00+01:00;3032,000;1,000;MESURE
2025-03-03 02:00:00+01:00;3025,000;1,000;MESURE
2025-03-03 03:00:00+01:00;3028,000;1,000;MESURE
2025-03-03 04:00:00+01:00;3022,000;1,000;MESURE
2025-03-03 05:00:00+01:00;5358,000;1,000;MESURE
2025-03-03 06:00:00+01:00;5026,000;1,000;MESURE
2025-03-03 07:00:00+01:00;129,000;1,000;MESURE
2025-03-03 08:00:00+01:00;128,000;1,000;MESURE
2025-03-03 09:00:00+01:00;125,000;1,000;MESURE
2025-03-03 10:00:00+01:00;125,000;1,000;MESURE
2025-03-03 11:00:00+01:00;124,000;1,000;MESURE
2025-03-03 12:00:00+01:00;125,000;1,000;MESURE
2025-03-03 13:00:00+01:00;125,000;1,000;MESURE
2025-03-03 14:00:00+01:00;126,000;1,000;MESURE
2025-03-03 15:00:00+01:00;125,000;1,000;MESURE
2025-03-03 16:00:00+01:00;125,000;1,000;MESURE
2025-03-03 17:00:00+01:00;125,000;1,000;MESURE
2025-03-03 18:00:00+01:00;1869,000;1,000;MESURE
2025-03-03 19:00:00+01:00;5679,000;1,000;MESURE
2025-03-03 20:00:00+01:00;5579,000;1,000;MESURE
2025-03-03 21:00:00+01:00;5551,000;1,000;MESURE
2025-03-03 22:00:00+01:00;3664,000;1,000;MESURE
2025-03-03 23:00:00+01:00;3207,000;1,000;MESURE
2025-03-04 00:00:00+01:00;3025,000;1,000;MESURE
2025-03-04 01:00:00+01:00;3029,000;1,000;MESURE
2025-03-04 02:00:00+01:00;3036,000;1,000;MESURE
2025-03-04 03:00:00+01:00;3033,000;1,000;MESURE
2025-03-04 04:00:00+01:00;3029,000;1,000;MESURE
2025-03-04 05:00:00+01:00;5350,000;1,000;MESURE
2025-03-04 06:00:00+01:00;4837,000;1,000;MESURE
2025-03-04 07:00:00+01:00;129,000;1,000;MESURE
2025-03-04 08:00:00+01:00;127,000;1,000;MESURE
2025-03-04 09:00:00+01:00;125,000;1,000;MESURE
2025-03-04 10:00:00+01:00;125,000;1,000;MESURE
2025-03-04 11:00:00+01:00;124,000;1,000;MESURE
2025-03-04 12:00:00+01:00;125,000;1,000;MESURE
2025-03-04 13:00:00+01:00;125,000;1,000;MESURE
2025-03-04 14:00:00+01:00;126,000;1,000;MESURE
2025-03-04 15:00:00+01:00;124,000;1,000;MESURE
2025-03-04 16:00:00+01:00;125,000;1,000;MESURE
2025-03-04 17:00:00+01:00;124,000;1,000;MESURE
2025-03-04 18:00:00+01:00;1787,000;1,000;MESURE
2025-03-04 19:00:00+01:00;5685,000;1,000;MESURE
2025-03-04 20:00:00+01:00;5568,000;1,000;MESURE
2025-03-04 21:00:00+01:00;5494,000;1,000;MESURE
2025-03-04 22:00:00+01:00;3648,000;1,000;MESURE
2025-03-04 23:00:00+01:00;3189,000;1,000;MESURE
2025-03-05 00:00:00+01:00;3020,000;1,000;MESURE
2025-03-05 01:00:00+01:00;3025,000;1,000;MESURE
2025-03-05 02:00:00+01:00;3028,000;1,000;MESURE
2025-03-05 03:00:00+01:00;3024,000;1,000;MESURE
2025-03-05 04:00:00+01:00;3018,000;1,000;MESURE
2025-03-05 05:00:00+01:00;5358,000;1,000;MESURE
2025-03-05 06:00:00+01:00;4657,000;1,000;MESURE
2025-03-05 07:00:00+01:00;128,000;1,000;MESURE
2025-03-05 08:00:00+01:00;127,000;1,000;MESURE
2025-03-05 09:00:00+01:00;126,000;1,000;MESURE
2025-03-05 10:00:00+01:00;126,000;1,000;MESURE
2025-03-05 11:00:00+01:00;125,000;1,000;MESURE
2025-03-05 12:00:00+01:00;123,000;1,000;MESURE
2025-03-05 13:00:00+01:00;124,000;1,000;MESURE
2025-03-05 14:00:00+01:00;124,000;1,000;MESURE
2025-03-05 15:00:00+01:00;124,000;1,000;MESURE
2025-03-05 16:00:00+01:00;125,000;1,000;MESURE
2025-03-05 17:00:00+01:00;124,000;1,000;MESURE
2025-03-05 18:00:00+01:00;1593,000;1,000;MESURE
2025-03-05 19:00:00+01:00;5692,000;1,000;MESURE
2025-03-05 20:00:00+01:00;5549,000;1,000;MESURE
2025-03-05 21:00:00+01:00;5527,000;1,000;MESURE
2025-03-05 22:00:00+01:00;3672,000;1,000;MESURE
2025-03-05 23:00:00+01:00;3193,000;1,000;MESURE
2025-03-06 00:00:00+01:00;2996,000;1,000;MESURE
2025-03-06 01:00:00+01:00;3010,000;1,000;MESURE
2025-03-06 02:00:00+01:00;3013,000;1,000;MESURE
2025-03-06 03:00:00+01:00;3015,000;1,000;MESURE
2025-03-06 04:00:00+01:00;3027,000;1,000;MESURE
2025-03-06 05:00:00+01:00;5357,000;1,000;MESURE
2025-03-06 06:00:00+01:00;4456,000;1,000;MESURE
2025-03-06 07:00:00+01:00;129,000;1,000;MESURE
2025-03-06 08:00:00+01:00;127,000;1,000;MESURE
2025-03-06 09:00:00+01:00;124,000;1,000;MESURE
2025-03-06 10:00:00+01:00;125,000;1,000;MESURE
2025-03-06 11:00:00+01:00;124,000;1,000;MESURE
2025-03-06 12:00:00+01:00;125,000;1,000;MESURE
2025-03-06 13:00:00+01:00;124,000;1,000;MESURE
2025-03-06 14:00:00+01:00;125,000;1,000;MESURE
2025-03-06 15:00:00+01:00;125,000;1,000;MESURE
2025-03-06 16:00:00+01:00;125,000;1,000;MESURE
2025-03-06 17:00:00+01:00;124,000;1,000;MESURE
2025-03-06 18:00:00+01:00;1504,000;1,000;MESURE
2025-03-06 19:00:00+01:00;5690,000;1,000;MESURE
2025-03-06 20:00:00+01:00;5493,000;1,000;MESURE
2025-03-06 21:00:00+01:00;5487,000;1,000;MESURE
2025-03-06 22:00:00+01:00;3646,000;1,000;MESURE
2025-03-06 23:00:00+01:00;3199,000;1,000;MESURE
2025-03-07 00:00:00+01:00;3001,000;1,000;MESURE
2025-03-07 01:00:00+01:00;3017,000;1,000;MESURE
2025-03-07 02:00:00+01:00;3012,000;1,000;MESURE
2025-03-07 03:00:00+01:00;3013,000;1,000;MESURE
2025-03-07 04:00:00+01:00;3014,000;1,000;MESURE
2025-03-07 05:00:00+01:00;5335,000;1,000;MESURE
2025-03-07 06:00:00+01:00;4280,000;1,000;MESURE
2025-03-07 07:00:00+01:00;126,000;1,000;MESURE
2025-03-07 08:00:00+01:00;125,000;1,000;MESURE
2025-03-07 09:00:00+01:00;125,000;1,000;MESURE
2025-03-07 10:00:00+01:00;125,000;1,000;MESURE
2025-03-07 11:00:00+01:00;125,000;1,000;MESURE
2025-03-07 12:00:00+01:00;124,000;1,000;MESURE
2025-03-07 13:00:00+01:00;125,000;1,000;MESURE
2025-03-07 14:00:00+01:00;125,000;1,000;MESURE
2025-03-07 15:00:00+01:00;125,000;1,000;MESURE
2025-03-07 16:00:00+01:00;125,000;1,000;MESURE
2025-03-07 17:00:00+01:00;125,000;1,000;MESURE
2025-03-07 18:00:00+01:00;1302,000;1,000;MESURE
2025-03-07 19:00:00+01:00;5663,000;1,000;MESURE
2025-03-07 20:00:00+01:00;5546,000;1,000;MESURE
2025-03-07 21:00:00+01:00;5531,000;1,000;MESURE
2025-03-07 22:00:00+01:00;3660,000;1,000;MESURE
2025-03-07 23:00:00+01:00;3183,000;1,000;MESURE
2025-03-08 00:00:00+01:00;3004,000;1,000;MESURE
2025-03-08 01:00:00+01:00;3008,000;1,000;MESURE
2025-03-08 02:00:00+01:00;3011,000;1,000;MESURE
2025-03-08 03:00:00+01:00;3010,000;1,000;MESURE
2025-03-08 04:00:00+01:00;3014,000;1,000;MESURE
2025-03-08 05:00:00+01:00;5331,000;1,000;MESURE
2025-03-08 06:00:00+01:00;4199,000;1,000;MESURE
2025-03-08 07:00:00+01:00;126,000;1,000;MESURE
2025-03-08 08:00:00+01:00;125,000;1,000;MESURE
2025-03-08 09:00:00+01:00;125,000;1,000;MESURE
2025-03-08 10:00:00+01:00;125,000;0,500;INTERP_COURTE
2025-03-08 11:00:00+01:00;125,000;1,000;MESURE
2025-03-08 12:00:00+01:00;125,000;1,000;MESURE
2025-03-08 13:00:00+01:00;125,000;1,000;MESURE
2025-03-08 14:00:00+01:00;125,000;1,000;MESURE
2025-03-08 15:00:00+01:00;125,000;1,000;MESURE
2025-03-08 16:00:00+01:00;124,000;1,000;MESURE
2025-03-08 17:00:00+01:00;125,000;1,000;MESURE
2025-03-08 18:00:00+01:00;1227,000;1,000;MESURE
2025-03-08 19:00:00+01:00;5699,000;1,000;MESURE
2025-03-08 20:00:00+01:00;5496,000;1,000;MESURE
2025-03-08 21:00:00+01:00;5489,000;1,000;MESURE
2025-03-08 22:00:00+01:00;3645,000;1,000;MESURE
2025-03-08 23:00:00+01:00;3192,000;1,000;MESURE
2025-03-09 00:00:00+01:00;2997,000;1,000;MESURE
2025-03-09 01:00:00+01:00;3008,000;1,000;MESURE
2025-03-09 02:00:00+01:00;3008,000;1,000;MESURE
2025-03-09 03:00:00+01:00;3011,000;1,000;MESURE
2025-03-09 04:00:00+01:00;3015,000;1,000;MESURE
2025-03-09 05:00:00+01:00;5324,000;1,000;MESURE
2025-03-09 06:00:00+01:00;4005,000;1,000;MESURE
2025-03-09 07:00:00+01:00;126,000;1,000;MESURE
2025-03-09 08:00:00+01:00;124,000;1,000;MESURE
2025-03-09 09:00:00+01:00;125,000;1,000;MESURE
2025-03-09 10:00:00+01:00;125,000;1,000;MESURE
2025-03-09 11:00:00+01:00;125,000;1,000;MESURE
2025-03-09 12:00:00+01:00;124,000;1,000;MESURE
2025-03-09 13:00:00+01:00;124,000;1,000;MESURE
2025-03-09 14:00:00+01:00;125,000;1,000;MESURE
2025-03-09 15:00:00+01:00;124,000;1,000;MESURE
2025-03-09 16:00:00+01:00;125,000;1,000;MESURE
2025-03-09 17:00:00+01:00;124,000;1,000;MESURE
2025-03-09 18:00:00+01:00;1128,000;1,000;MESURE
2025-03-09 19:00:00+01:00;5684,000;1,000;MESURE
2025-03-09 20:00:00+01:00;5529,000;1,000;MESURE
2025-03-09 21:00:00+01:00;5514,000;1,000;MESURE
2025-03-09 22:00:00+01:00;3635,000;1,000;MESURE
2025-03-09 23:00:00+01:00;3171,000;1,000;MESURE
2025-03-10 00:00:00+01:00;2992,000;1,000;MESURE
2025-03-10 01:00:00+01:00;3002,000;1,000;MESURE
2025-03-10 02:00:00+01:00;3001,000;1,000;MESURE
2025-03-10 03:00:00+01:00;3010,000;1,000;MESURE
2025-03-10 04:00:00+01:00;3013,000;1,000;MESURE
2025-03-10 05:00:00+01:00;5315,000;1,000;MESURE
2025-03-10 06:00:00+01:00;3823,000;1,000;MESURE
2025-03-10 07:00:00+01:00;125,000;1,000;MESURE
2025-03-10 08:00:00+01:00;125,000;1,000;MESURE
2025-03-10 09:00:00+01:00;126,000;1,000;MESURE
2025-03-10 10:00:00+01:00;125,000;1,000;MESURE
2025-03-10 11:00:00+01:00;125,000;1,000;MESURE
2025-03-10 12:00:00+01:00;124,000;1,000;MESURE
2025-03-10 13:00:00+01:00;123,000;1,000;MESURE
2025-03-10 14:00:00+01:00;124,000;1,000;MESURE
2025-03-10 15:00:00+01:00;124,000;1,000;MESURE
2025-03-10 16:00:00+01:00;125,000;1,000;MESURE
2025-03-10 17:00:00+01:00;124,000;1,000;MESURE
2025-03-10 18:00:00+01:00;935,000;1,000;MESURE
2025-03-10 19:00:00+01:00;5690,000;1,000;MESURE
2025-03-10 20:00:00+01:00;5539,000;1,000;MESURE
2025-03-10 21:00:00+01:00;5491,000;1,000;MESURE
2025-03-10 22:00:00+01:00;3659,000;1,000;MESURE
2025-03-10 23:00:00+01:00;3191,000;1,000;MESURE
2025-03-11 00:00:00+01:00;3005,000;1,000;MESURE
2025-03-11 01:00:00+01:00;3002,000;1,000;MESURE
2025-03-11 02:00:00+01:00;2999,000;1,000;MESURE
2025-03-11 03:00:00+01:00;3008,000;1,000;MESURE
2025-03-11 04:00:00+01:00;3003,000;1,000;MESURE
2025-03-11 05:00:00+01:00;5305,000;1,000;MESURE
2025-03-11 06:00:00+01:00;3635,000;1,000;MESURE
2025-03-11 07:00:00+01:00;126,000;1,000;MESURE
2025-03-11 08:00:00+01:00;125,000;1,000;MESURE
2025-03-11 09:00:00+01:00;125,000;1,000;MESURE
2025-03-11 10:00:00+01:00;124,000;1,000;MESURE
2025-03-11 11:00:00+01:00;125,000;1,000;MESURE
2025-03-11 12:00:00+01:00;125,000;1,000;MESURE
2025-03-11 13:00:00+01:00;124,000;1,000;MESURE
2025-03-11 14:00:00+01:00;125,000;1,000;MESURE
2025-03-11 15:00:00+01:00;125,000;1,000;MESURE
2025-03-11 16:00:00+01:00;124,000;1,000;MESURE
2025-03-11 17:00:00+01:00;124,000;1,000;MESURE
2025-03-11 18:00:00+01:00;847,000;1,000;MESURE
2025-03-11 19:00:00+01:00;5692,000;1,000;MESURE
2025-03-11 20:00:00+01:00;5541,000;1,000;MESURE
2025-03-11 21:00:00+01:00;5511,000;1,000;MESURE
2025-03-11 22:00:00+01:00;3638,000;1,000;MESURE
2025-03-11 23:00:00+01:00;3181,000;1,000;MESURE
2025-03-12 00:00:00+01:00;3017,000;1,000;MESURE
2025-03-12 01:00:00+01:00;3029,000;1,000;MESURE
2025-03-12 02:00:00+01:00;3030,000;1,000;MESURE
2025-03-12 03:00:00+01:00;3027,000;1,000;MESURE
2025-03-12 04:00:00+01:00;3008,000;1,000;MESURE
2025-03-12 05:00:00+01:00;5313,000;1,000;MESURE
2025-03-12 06:00:00+01:00;3449,000;1,000;MESURE
2025-03-12 07:00:00+01:00;126,000;1,000;MESURE
2025-03-12 08:00:00+01:00;126,000;1,000;MESURE
2025-03-12 09:00:00+01:00;125,000;1,000;MESURE
2025-03-12 10:00:00+01:00;125,000;1,000;MESURE
2025-03-12 11:00:00+01:00;125,000;1,000;MESURE
2025-03-12 12:00:00+01:00;125,000;1,000;MESURE
2025-03-12 13:00:00+01:00;125,000;1,000;MESURE
2025-03-12 14:00:00+01:00;125,000;1,000;MESURE
2025-03-12 15:00:00+01:00;125,000;1,000;MESURE
2025-03-12 16:00:00+01:00;125,000;1,000;MESURE
2025-03-12 17:00:00+01:00;124,000;1,000;MESURE
2025-03-12 18:00:00+01:00;756,000;1,000;MESURE
2025-03-12 19:00:00+01:00;5728,000;1,000;MESURE
2025-03-12 20:00:00+01:00;5551,000;1,000;MESURE
2025-03-12 21:00:00+01:00;5529,000;1,000;MESURE
2025-03-12 22:00:00+01:00;3667,000;1,000;MESURE
2025-03-12 23:00:00+01:00;3203,000;1,000;MESURE
2025-03-13 00:00:00+01:00;3024,000;1,000;MESURE
2025-03-13 01:00:00+01:00;3028,000;1,000;MESURE
2025-03-13 02:00:00+01:00;2993,000;1,000;MESURE
2025-03-13 03:00:00+01:00;2996,000;1,000;MESURE
2025-03-13 04:00:00+01:00;2999,000;1,000;MESURE
2025-03-13 05:00:00+01:00;5314,000;1,000;MESURE
2025-03-13 06:00:00+01:00;3299,000;1,000;MESURE
2025-03-13 07:00:00+01:00;127,000;1,000;MESURE
2025-03-13 08:00:00+01:00;126,000;1,000;MESURE
2025-03-13 09:00:00+01:00;125,000;1,000;MESURE
2025-03-13 10:00:00+01:00;125,000;1,000;MESURE
2025-03-13 11:00:00+01:00;126,000;1,000;MESURE
2025-03-13 12:00:00+01:00;125,000;1,000;MESURE
2025-03-13 13:00:00+01:00;124,000;1,000;MESURE
2025-03-13 14:00:00+01:00;125,000;1,000;MESURE
2025-03-13 15:00:00+01:00;124,000;1,000;MESURE
2025-03-13 16:00:00+01:00;125,000;1,000;MESURE
2025-03-13 17:00:00+01:00;124,000;1,000;MESURE
2025-03-13 18:00:00+01:00;564,000;1,000;MESURE
2025-03-13 19:00:00+01:00;5696,000;1,000;MESURE
2025-03-13 20:00:00+01:00;5570,000;1,000;MESURE
2025-03-13 21:00:00+01:00;5511,000;1,000;MESURE
2025-03-13 22:00:00+01:00;3662,000;1,000;MESURE
2025-03-13 23:00:00+01:00;3179,000;1,000;MESURE
2025-03-14 00:00:00+01:00;2990,000;1,000;MESURE
2025-03-14 01:00:00+01:00;2996,000;1,000;MESURE
2025-03-14 02:00:00+01:00;2997,000;1,000;MESURE
2025-03-14 03:00:00+01:00;2994,000;1,000;MESURE
2025-03-14 04:00:00+01:00;3000,000;1,000;MESURE
2025-03-14 05:00:00+01:00;5305,000;1,000;MESURE
2025-03-14 06:00:00+01:00;3116,000;1,000;MESURE
2025-03-14 07:00:00+01:00;125,000;1,000;MESURE
2025-03-14 08:00:00+01:00;124,000;1,000;MESURE
2025-03-14 09:00:00+01:00;125,000;1,000;MESURE
2025-03-14 10:00:00+01:00;124,000;1,000;MESURE
2025-03-14 11:00:00+01:00;124,000;1,000;MESURE
2025-03-14 12:00:00+01:00;125,000;1,000;MESURE
2025-03-14 13:00:00+01:00;124,000;1,000;MESURE
2025-03-14 14:00:00+01:00;126,000;1,000;MESURE
2025-03-14 15:00:00+01:00;125,000;1,000;MESURE
2025-03-14 16:00:00+01:00;125,000;1,000;MESURE
2025-03-14 17:00:00+01:00;124,000;1,000;MESURE
2025-03-14 18:00:00+01:00;472,000;1,000;MESURE
2025-03-14 19:00:00+01:00;5725,000;1,000;MESURE
2025-03-14 20:00:00+01:00;5554,000;1,000;MESURE
2025-03-14 21:00:00+01:00;5520,000;1,000;MESURE
2025-03-14 22:00:00+01:00;3681,000;1,000;MESURE
2025-03-14 23:00:00+01:00;3203,000;1,000;MESURE
2025-03-15 00:00:00+01:00;3001,000;1,000;MESURE
2025-03-15 01:00:00+01:00;3010,000;1,000;MESURE
2025-03-15 02:00:00+01:00;3014,000;1,000;MESURE
2025-03-15 03:00:00+01:00;3014,000;1,000;MESURE
2025-03-15 04:00:00+01:00;3013,000;1,000;MESURE
2025-03-15 05:00:00+01:00;5328,000;1,000;MESURE
2025-03-15 06:00:00+01:00;2918,000;1,000;MESURE
2025-03-15 07:00:00+01:00;126,000;1,000;MESURE
2025-03-15 08:00:00+01:00;125,000;1,000;MESURE
2025-03-15 09:00:00+01:00;125,000;1,000;MESURE
2025-03-15 10:00:00+01:00;126,000;1,000;MESURE
2025-03-15 11:00:00+01:00;125,000;1,000;MESURE
2025-03-15 12:00:00+01:00;125,000;1,000;MESURE
2025-03-15 13:00:00+01:00;126,000;1,000;MESURE
2025-03-15 14:00:00+01:00;126,000;1,000;MESURE
2025-03-15 15:00:00+01:00;125,000;1,000;MESURE
2025-03-15 16:00:00+01:00;126,000;1,000;MESURE
2025-03-15 17:00:00+01:00;126,000;1,000;MESURE
2025-03-15 18:00:00+01:00;287,000;1,000;MESURE
2025-03-15 19:00:00+01:00;5724,000;1,000;MESURE
2025-03-15 20:00:00+01:00;5593,000;1,000;MESURE
2025-03-15 21:00:00+01:00;5564,000;1,000;MESURE
2025-03-15 22:00:00+01:00;3667,000;1,000;MESURE
2025-03-15 23:00:00+01:00;3198,000;1,000;MESURE
2025-03-16 00:00:00+01:00;3022,000;1,000;MESURE
2025-03-16 01:00:00+01:00;3030,000;1,000;MESURE
2025-03-16 02:00:00+01:00;3033,000;1,000;MESURE
2025-03-16 03:00:00+01:00;3034,000;1,000;MESURE
2025-03-16 04:00:00+01:00;3036,000;1,000;MESURE
2025-03-16 05:00:00+01:00;5354,000;1,000;MESURE
2025-03-16 06:00:00+01:00;2767,000;1,000;MESURE
2025-03-16 07:00:00+01:00;128,000;1,000;MESURE
2025-03-16 08:00:00+01:00;128,000;1,000;MESURE
2025-03-16 09:00:00+01:00;127,000;1,000;MESURE
2025-03-16 10:00:00+01:00;125,000;1,000;MESURE
2025-03-16 11:00:00+01:00;126,000;1,000;MESURE
2025-03-16 12:00:00+01:00;126,000;1,000;MESURE
2025-03-16 13:00:00+01:00;126,000;1,000;MESURE
2025-03-16 14:00:00+01:00;127,000;1,000;MESURE
2025-03-16 15:00:00+01:00;125,000;1,000;MESURE
2025-03-16 16:00:00+01:00;126,000;1,000;MESURE
2025-03-16 17:00:00+01:00;125,000;1,000;MESURE
2025-03-16 18:00:00+01:00;204,000;1,000;MESURE
2025-03-16 19:00:00+01:00;5712,000;1,000;MESURE
2025-03-16 20:00:00+01:00;5548,000;1,000;MESURE
2025-03-16 21:00:00+01:00;5536,000;1,000;MESURE
2025-03-16 22:00:00+01:00;3669,000;1,000;MESURE
2025-03-16 23:00:00+01:00;3203,000;1,000;MESURE
2025-03-17 00:00:00+01:00;3004,000;1,000;MESURE
2025-03-17 01:00:00+01:00;3020,000;1,000;MESURE
2025-03-17 02:00:00+01:00;3025,000;1,000;MESURE
2025-03-17 03:00:00+01:00;3018,000;1,000;MESURE
2025-03-17 04:00:00+01:00;3022,000;1,000;MESURE
2025-03-17 05:00:00+01:00;5329,000;1,000;MESURE
2025-03-17 06:00:00+01:00;2566,000;1,000;MESURE
2025-03-17 07:00:00+01:00;125,000;1,000;MESURE
2025-03-17 08:00:00+01:00;125,000;1,000;MESURE
2025-03-17 09:00:00+01:00;126,000;1,000;MESURE
2025-03-17 10:00:00+01:00;126,000;1,000;MESURE
2025-03-17 11:00:00+01:00;125,000;1,000;MESURE
2025-03-17 12:00:00+01:00;125,000;1,000;MESURE
2025-03-17 13:00:00+01:00;126,000;1,000;MESURE
2025-03-17 14:00:00+01:00;125,000;1,000;MESURE
2025-03-17 15:00:00+01:00;125,000;1,000;MESURE
2025-03-17 16:00:00+01:00;126,000;1,000;MESURE
2025-03-17 17:00:00+01:00;126,000;1,000;MESURE
2025-03-17 18:00:00+01:00;126,000;1,000;MESURE
2025-03-17 19:00:00+01:00;5688,000;1,000;MESURE
2025-03-17 20:00:00+01:00;5557,000;1,000;MESURE
2025-03-17 21:00:00+01:00;5548,000;1,000;MESURE
2025-03-17 22:00:00+01:00;3656,000;1,000;MESURE
2025-03-17 23:00:00+01:00;3196,000;1,000;MESURE
2025-03-18 00:00:00+01:00;3019,000;1,000;MESURE
2025-03-18 01:00:00+01:00;3021,000;1,000;MESURE
2025-03-18 02:00:00+01:00;3020,000;1,000;MESURE
2025-03-18 03:00:00+01:00;3025,000;1,000;MESURE
2025-03-18 04:00:00+01:00;3029,000;1,000;MESURE
2025-03-18 05:00:00+01:00;5343,000;1,000;MESURE
2025-03-18 06:00:00+01:00;2385,000;1,000;MESURE
2025-03-18 07:00:00+01:00;125,000;1,000;MESURE
2025-03-18 08:00:00+01:00;125,000;1,000;MESURE
2025-03-18 09:00:00+01:00;125,000;1,000;MESURE
2025-03-18 10:00:00+01:00;126,000;1,000;MESURE
2025-03-18 11:00:00+01:00;125,000;1,000;MESURE
2025-03-18 12:00:00+01:00;126,000;1,000;MESURE
2025-03-18 13:00:00+01:00;126,000;1,000;MESURE
2025-03-18 14:00:00+01:00;125,000;1,000;MESURE
2025-03-18 15:00:00+01:00;126,000;1,000;MESURE
2025-03-18 16:00:00+01:00;125,000;1,000;MESURE
2025-03-18 17:00:00+01:00;125,000;1,000;MESURE
2025-03-18 18:00:00+01:00;126,000;1,000;MESURE
2025-03-18 19:00:00+01:00;5491,000;1,000;MESURE
2025-03-18 20:00:00+01:00;5546,000;1,000;MESURE
2025-03-18 21:00:00+01:00;5499,000;1,000;MESURE
2025-03-18 22:00:00+01:00;3651,000;1,000;MESURE
2025-03-18 23:00:00+01:00;3192,000;1,000;MESURE
2025-03-19 00:00:00+01:00;3010,000;1,000;MESURE
2025-03-19 01:00:00+01:00;3026,000;1,000;MESURE
2025-03-19 02:00:00+01:00;3034,000;1,000;MESURE
2025-03-19 03:00:00+01:00;3013,000;1,000;MESURE
2025-03-19 04:00:00+01:00;3014,000;1,000;MESURE
2025-03-19 05:00:00+01:00;5344,000;1,000;MESURE
2025-03-19 06:00:00+01:00;2218,000;1,000;MESURE
2025-03-19 07:00:00+01:00;125,000;1,000;MESURE
2025-03-19 08:00:00+01:00;124,000;1,000;MESURE
2025-03-19 09:00:00+01:00;125,000;1,000;MESURE
2025-03-19 10:00:00+01:00;125,000;1,000;MESURE
2025-03-19 11:00:00+01:00;124,000;1,000;MESURE
2025-03-19 12:00:00+01:00;126,000;1,000;MESURE
2025-03-19 13:00:00+01:00;125,000;1,000;MESURE
2025-03-19 14:00:00+01:00;124,000;1,000;MESURE
2025-03-19 15:00:00+01:00;125,000;1,000;MESURE
2025-03-19 16:00:00+01:00;125,000;1,000;MESURE
2025-03-19 17:00:00+01:00;125,000;1,000;MESURE
2025-03-19 18:00:00+01:00;125,000;1,000;MESURE
2025-03-19 19:00:00+01:00;5385,000;1,000;MESURE
2025-03-19 20:00:00+01:00;5547,000;1,000;MESURE
2025-03-19 21:00:00+01:00;5487,000;1,000;MESURE
2025-03-19 22:00:00+01:00;3650,000;1,000;MESURE
2025-03-19 23:00:00+01:00;3180,000;1,000;MESURE
2025-03-20 00:00:00+01:00;3012,000;1,000;MESURE
2025-03-20 01:00:00+01:00;3021,000;1,000;MESURE
2025-03-20 02:00:00+01:00;3026,000;1,000;MESURE
2025-03-20 03:00:00+01:00;3029,000;1,000;MESURE
2025-03-20 04:00:00+01:00;3031,000;1,000;MESURE
2025-03-20 05:00:00+01:00;5343,000;1,000;MESURE
2025-03-20 06:00:00+01:00;2026,000;1,000;MESURE
2025-03-20 07:00:00+01:00;124,000;1,000;MESURE
2025-03-20 08:00:00+01:00;125,000;1,000;MESURE
2025-03-20 09:00:00+01:00;125,000;1,000;MESURE
2025-03-20 10:00:00+01:00;125,000;1,000;MESURE
2025-03-20 11:00:00+01:00;125,000;1,000;MESURE
2025-03-20 12:00:00+01:00;125,000;1,000;MESURE
2025-03-20 13:00:00+01:00;125,000;1,000;MESURE
2025-03-20 14:00:00+01:00;125,000;1,000;MESURE
2025-03-20 15:00:00+01:00;125,000;1,000;MESURE
2025-03-20 16:00:00+01:00;124,000;1,000;MESURE
2025-03-20 17:00:00+01:00;125,000;1,000;MESURE
2025-03-20 18:00:00+01:00;125,000;1,000;MESURE
2025-03-20 19:00:00+01:00;5285,000;1,000;MESURE
2025-03-20 20:00:00+01:00;5547,000;1,000;MESURE
2025-03-20 21:00:00+01:00;5507,000;1,000;MESURE
2025-03-20 22:00:00+01:00;3635,000;1,000;MESURE
2025-03-20 23:00:00+01:00;3184,000;1,000;MESURE
2025-03-21 00:00:00+01:00;2994,000;1,000;MESURE
2025-03-21 01:00:00+01:00;3002,000;1,000;MESURE
2025-03-21 02:00:00+01:00;3000,000;1,000;MESURE
2025-03-21 03:00:00+01:00;3005,000;1,000;MESURE
2025-03-21 04:00:00+01:00;3019,000;1,000;MESURE
2025-03-21 05:00:00+01:00;5307,000;1,000;MESURE
2025-03-21 06:00:00+01:00;1941,000;1,000;MESURE
2025-03-21 07:00:00+01:00;125,000;1,000;MESURE
2025-03-21 08:00:00+01:00;125,000;1,000;MESURE
2025-03-21 09:00:00+01:00;125,000;1,000;MESURE
2025-03-21 10:00:00+01:00;125,000;1,000;MESURE
2025-03-21 11:00:00+01:00;124,000;1,000;MESURE
2025-03-21 12:00:00+01:00;125,000;1,000;MESURE
2025-03-21 13:00:00+01:00;125,000;1,000;MESURE
2025-03-21 14:00:00+01:00;125,000;1,000;MESURE
2025-03-21 15:00:00+01:00;125,000;1,000;MESURE
2025-03-21 16:00:00+01:00;125,000;1,000;MESURE
2025-03-21 17:00:00+01:00;124,000;1,000;MESURE
2025-03-21 18:00:00+01:00;125,000;1,000;MESURE
2025-03-21 19:00:00+01:00;5104,000;1,000;MESURE
2025-03-21 20:00:00+01:00;5495,000;1,000;MESURE
2025-03-21 21:00:00+01:00;5470,000;1,000;MESURE
2025-03-21 22:00:00+01:00;3648,000;1,000;MESURE
2025-03-21 23:00:00+01:00;3170,000;1,000;MESURE
2025-03-22 00:00:00+01:00;2999,000;1,000;MESURE
2025-03-22 01:00:00+01:00;3006,000;1,000;MESURE
2025-03-22 02:00:00+01:00;2999,000;1,000;MESURE
2025-03-22 03:00:00+01:00;3009,000;1,000;MESURE
2025-03-22 04:00:00+01:00;3008,000;1,000;MESURE
2025-03-22 05:00:00+01:00;5306,000;1,000;MESURE
2025-03-22 06:00:00+01:00;1740,000;1,000;MESURE
2025-03-22 07:00:00+01:00;124,000;1,000;MESURE
2025-03-22 08:00:00+01:00;125,000;1,000;MESURE
2025-03-22 09:00:00+01:00;125,000;1,000;MESURE
2025-03-22 10:00:00+01:00;124,000;1,000;MESURE
2025-03-22 11:00:00+01:00;125,000;1,000;MESURE
2025-03-22 12:00:00+01:00;124,000;1,000;MESURE
2025-03-22 13:00:00+01:00;125,000;1,000;MESURE
2025-03-22 14:00:00+01:00;125,000;1,000;MESURE
2025-03-22 15:00:00+01:00;125,000;1,000;MESURE
2025-03-22 16:00:00+01:00;124,000;1,000;MESURE
2025-03-22 17:00:00+01:00;125,000;1,000;MESURE
2025-03-22 18:00:00+01:00;126,000;1,000;MESURE
2025-03-22 19:00:00+01:00;5022,000;1,000;MESURE
2025-03-22 20:00:00+01:00;5508,000;1,000;MESURE
2025-03-22 21:00:00+01:00;5477,000;1,000;MESURE
2025-03-22 22:00:00+01:00;3628,000;1,000;MESURE
2025-03-22 23:00:00+01:00;3188,000;1,000;MESURE
2025-03-23 00:00:00+01:00;2987,000;1,000;MESURE
2025-03-23 01:00:00+01:00;2989,000;1,000;MESURE
2025-03-23 02:00:00+01:00;2992,000;1,000;MESURE
2025-03-23 03:00:00+01:00;2993,000;1,000;MESURE
2025-03-23 04:00:00+01:00;3005,000;1,000;MESURE
2025-03-23 05:00:00+01:00;5325,000;1,000;MESURE
2025-03-23 06:00:00+01:00;1609,000;1,000;MESURE
2025-03-23 07:00:00+01:00;126,000;1,000;MESURE
2025-03-23 08:00:00+01:00;124,000;1,000;MESURE
2025-03-23 09:00:00+01:00;125,000;1,000;MESURE
2025-03-23 10:00:00+01:00;125,000;1,000;MESURE
2025-03-23 11:00:00+01:00;125,000;1,000;MESURE
2025-03-23 12:00:00+01:00;125,000;1,000;MESURE
2025-03-23 13:00:00+01:00;125,000;1,000;MESURE
2025-03-23 14:00:00+01:00;124,000;1,000;MESURE
2025-03-23 15:00:00+01:00;125,000;1,000;MESURE
2025-03-23 16:00:00+01:00;125,000;1,000;MESURE
2025-03-23 17:00:00+01:00;124,000;1,000;MESURE
2025-03-23 18:00:00+01:00;125,000;1,000;MESURE
2025-03-23 19:00:00+01:00;4922,000;1,000;MESURE
2025-03-23 20:00:00+01:00;5556,000;1,000;MESURE
2025-03-23 21:00:00+01:00;5524,000;1,000;MESURE
2025-03-23 22:00:00+01:00;3646,000;1,000;MESURE
2025-03-23 23:00:00+01:00;3188,000;1,000;MESURE
2025-03-24 00:00:00+01:00;2998,000;1,000;MESURE
2025-03-24 01:00:00+01:00;2987,000;1,000;MESURE
2025-03-24 02:00:00+01:00;3007,000;1,000;MESURE
2025-03-24 03:00:00+01:00;3018,000;1,000;MESURE
2025-03-24 04:00:00+01:00;3020,000;1,000;MESURE
2025-03-24 05:00:00+01:00;5328,000;1,000;MESURE
2025-03-24 06:00:00+01:00;1401,000;1,000;MESURE
2025-03-24 07:00:00+01:00;124,000;1,000;MESURE
2025-03-24 08:00:00+01:00;125,000;1,000;MESURE
2025-03-24 09:00:00+01:00;124,000;1,000;MESURE
2025-03-24 10:00:00+01:00;125,000;1,000;MESURE
2025-03-24 11:00:00+01:00;124,000;1,000;MESURE
2025-03-24 12:00:00+01:00;124,000;1,000;MESURE
2025-03-24 13:00:00+01:00;125,000;1,000;MESURE
2025-03-24 14:00:00+01:00;124,000;1,000;MESURE
2025-03-24 15:00:00+01:00;125,000;1,000;MESURE
2025-03-24 16:00:00+01:00;125,000;1,000;MESURE
2025-03-24 17:00:00+01:00;124,000;1,000;MESURE
2025-03-24 18:00:00+01:00;125,000;1,000;MESURE
2025-03-24 19:00:00+01:00;4738,000;1,000;MESURE
2025-03-24 20:00:00+01:00;5534,000;1,000;MESURE
2025-03-24 21:00:00+01:00;5515,000;1,000;MESURE
2025-03-24 22:00:00+01:00;3635,000;1,000;MESURE
2025-03-24 23:00:00+01:00;3185,000;1,000;MESURE
2025-03-25 00:00:00+01:00;2997,000;1,000;MESURE
2025-03-25 01:00:00+01:00;3005,000;1,000;MESURE
2025-03-25 02:00:00+01:00;3002,000;1,000;MESURE
2025-03-25 03:00:00+01:00;3007,000;1,000;MESURE
2025-03-25 04:00:00+01:00;3001,000;1,000;MESURE
2025-03-25 05:00:00+01:00;5323,000;1,000;MESURE
2025-03-25 06:00:00+01:00;1228,000;1,000;MESURE
2025-03-25 07:00:00+01:00;125,000;1,000;MESURE
2025-03-25 08:00:00+01:00;125,000;1,000;MESURE
2025-03-25 09:00:00+01:00;125,000;1,000;MESURE
2025-03-25 10:00:00+01:00;124,000;1,000;MESURE
2025-03-25 11:00:00+01:00;126,000;1,000;MESURE
2025-03-25 12:00:00+01:00;125,000;1,000;MESURE
2025-03-25 13:00:00+01:00;124,000;1,000;MESURE
2025-03-25 14:00:00+01:00;124,000;1,000;MESURE
2025-03-25 15:00:00+01:00;125,000;1,000;MESURE
2025-03-25 16:00:00+01:00;125,000;1,000;MESURE
2025-03-25 17:00:00+01:00;124,000;1,000;MESURE
2025-03-25 18:00:00+01:00;125,000;1,000;MESURE
2025-03-25 19:00:00+01:00;4468,000;1,000;MESURE
2025-03-25 20:00:00+01:00;5540,000;1,000;MESURE
2025-03-25 21:00:00+01:00;5531,000;1,000;MESURE
2025-03-25 22:00:00+01:00;3649,000;1,000;MESURE
2025-03-25 23:00:00+01:00;3183,000;1,000;MESURE
2025-03-26 00:00:00+01:00;3004,000;1,000;MESURE
2025-03-26 01:00:00+01:00;3014,000;1,000;MESURE
2025-03-26 02:00:00+01:00;3006,000;1,000;MESURE
2025-03-26 03:00:00+01:00;3002,000;1,000;MESURE
2025-03-26 04:00:00+01:00;3012,000;1,000;MESURE
2025-03-26 05:00:00+01:00;5320,000;1,000;MESURE
2025-03-26 06:00:00+01:00;1025,000;1,000;MESURE
2025-03-26 07:00:00+01:00;124,000;1,000;MESURE
2025-03-26 08:00:00+01:00;124,000;1,000;MESURE
2025-03-26 09:00:00+01:00;125,000;1,000;MESURE
2025-03-26 10:00:00+01:00;125,000;1,000;MESURE
2025-03-26 11:00:00+01:00;125,000;1,000;MESURE
2025-03-26 12:00:00+01:00;124,000;1,000;MESURE
2025-03-26 13:00:00+01:00;125,000;1,000;MESURE
2025-03-26 14:00:00+01:00;125,000;1,000;MESURE
2025-03-26 15:00:00+01:00;124,000;1,000;MESURE
2025-03-26 16:00:00+01:00;125,000;1,000;MESURE
2025-03-26 17:00:00+01:00;125,000;1,000;MESURE
2025-03-26 18:00:00+01:00;125,000;1,000;MESURE
2025-03-26 19:00:00+01:00;4457,000;1,000;MESURE
2025-03-26 20:00:00+01:00;5557,000;1,000;MESURE
2025-03-26 21:00:00+01:00;5541,000;1,000;MESURE
2025-03-26 22:00:00+01:00;3656,000;1,000;MESURE
2025-03-26 23:00:00+01:00;3194,000;1,000;MESURE
2025-03-27 00:00:00+01:00;3010,000;1,000;MESURE
2025-03-27 01:00:00+01:00;3004,000;1,000;MESURE
2025-03-27 02:00:00+01:00;3003,000;1,000;MESURE
2025-03-27 03:00:00+01:00;3026,000;1,000;MESURE
2025-03-27 04:00:00+01:00;3020,000;1,000;MESURE
2025-03-27 05:00:00+01:00;5317,000;1,000;MESURE
2025-03-27 06:00:00+01:00;856,000;1,000;MESURE
2025-03-27 07:00:00+01:00;124,000;1,000;MESURE
2025-03-27 08:00:00+01:00;125,000;1,000;MESURE
2025-03-27 09:00:00+01:00;124,000;1,000;MESURE
2025-03-27 10:00:00+01:00;125,000;1,000;MESURE
2025-03-27 11:00:00+01:00;125,000;1,000;MESURE
2025-03-27 12:00:00+01:00;125,000;1,000;MESURE
2025-03-27 13:00:00+01:00;125,000;1,000;MESURE
2025-03-27 14:00:00+01:00;125,000;1,000;MESURE
2025-03-27 15:00:00+01:00;125,000;1,000;MESURE
2025-03-27 16:00:00+01:00;125,000;1,000;MESURE
2025-03-27 17:00:00+01:00;125,000;1,000;MESURE
2025-03-27 18:00:00+01:00;125,000;1,000;MESURE
2025-03-27 19:00:00+01:00;4373,000;1,000;MESURE
2025-03-27 20:00:00+01:00;5544,000;1,000;MESURE
2025-03-27 21:00:00+01:00;5528,000;1,000;MESURE
2025-03-27 22:00:00+01:00;3656,000;1,000;MESURE
2025-03-27 23:00:00+01:00;3184,000;1,000;MESURE
2025-03-28 00:00:00+01:00;2999,000;1,000;MESURE
2025-03-28 01:00:00+01:00;3007,000;1,000;MESURE
2025-03-28 02:00:00+01:00;3008,000;1,000;MESURE
2025-03-28 03:00:00+01:00;3014,000;1,000;MESURE
2025-03-28 04:00:00+01:00;3012,000;1,000;MESURE
2025-03-28 05:00:00+01:00;5306,000;1,000;MESURE
2025-03-28 06:00:00+01:00;679,000;1,000;MESURE
2025-03-28 07:00:00+01:00;124,000;1,000;MESURE
2025-03-28 08:00:00+01:00;125,000;1,000;MESURE
2025-03-28 09:00:00+01:00;124,000;1,000;MESURE
2025-03-28 10:00:00+01:00;124,000;1,000;MESURE
2025-03-28 11:00:00+01:00;125,000;1,000;MESURE
2025-03-28 12:00:00+01:00;125,000;1,000;MESURE
2025-03-28 13:00:00+01:00;125,000;1,000;MESURE
2025-03-28 14:00:00+01:00;125,000;1,000;MESURE
2025-03-28 15:00:00+01:00;124,000;1,000;MESURE
2025-03-28 16:00:00+01:00;124,000;1,000;MESURE
2025-03-28 17:00:00+01:00;124,000;1,000;MESURE
2025-03-28 18:00:00+01:00;124,000;1,000;MESURE
2025-03-28 19:00:00+01:00;4283,000;1,000;MESURE
2025-03-28 20:00:00+01:00;5537,000;1,000;MESURE
2025-03-28 21:00:00+01:00;5516,000;1,000;MESURE
2025-03-28 22:00:00+01:00;3642,000;1,000;MESURE
2025-03-28 23:00:00+01:00;3178,000;1,000;MESURE
2025-03-29 00:00:00+01:00;3004,000;1,000;MESURE
2025-03-29 01:00:00+01:00;3004,000;1,000;MESURE
2025-03-29 02:00:00+01:00;3000,000;1,000;MESURE
2025-03-29 03:00:00+01:00;3004,000;1,000;MESURE
2025-03-29 04:00:00+01:00;3011,000;1,000;MESURE
2025-03-29 05:00:00+01:00;5328,000;1,000;MESURE
2025-03-29 06:00:00+01:00;495,000;1,000;MESURE
2025-03-29 07:00:00+01:00;124,000;1,000;MESURE
2025-03-29 08:00:00+01:00;125,000;1,000;MESURE
2025-03-29 09:00:00+01:00;124,000;1,000;MESURE
2025-03-29 10:00:00+01:00;125,000;1,000;MESURE
2025-03-29 11:00:00+01:00;125,000;1,000;MESURE
2025-03-29 12:00:00+01:00;125,000;1,000;MESURE
2025-03-29 13:00:00+01:00;125,000;1,000;MESURE
2025-03-29 14:00:00+01:00;125,000;1,000;MESURE
2025-03-29 15:00:00+01:00;124,000;1,000;MESURE
2025-03-29 16:00:00+01:00;125,000;1,000;MESURE
2025-03-29 17:00:00+01:00;126,000;1,000;MESURE
2025-03-29 18:00:00+01:00;124,000;1,000;MESURE
2025-03-29 19:00:00+01:00;4096,000;1,000;MESURE
2025-03-29 20:00:00+01:00;5555,000;1,000;MESURE
2025-03-29 21:00:00+01:00;5530,000;1,000;MESURE
2025-03-29 22:00:00+01:00;3655,000;1,000;MESURE
2025-03-29 23:00:00+01:00;3170,000;1,000;MESURE
2025-03-30 00:00:00+01:00;2998,000;1,000;MESURE
2025-03-30 01:00:00+01:00;3011,000;1,000;MESURE
2025-03-30 03:00:00+02:00;3012,000;1,000;MESURE
2025-03-30 04:00:00+02:00;3023,000;1,000;MESURE
2025-03-30 05:00:00+02:00;5323,000;1,000;MESURE
2025-03-30 06:00:00+02:00;5527,000;1,000;MESURE
2025-03-30 07:00:00+02:00;330,000;1,000;MESURE
2025-03-30 08:00:00+02:00;126,000;1,000;MESURE
2025-03-30 09:00:00+02:00;125,000;1,000;MESURE
2025-03-30 10:00:00+02:00;126,000;1,000;MESURE
2025-03-30 11:00:00+02:00;125,000;1,000;MESURE
2025-03-30 12:00:00+02:00;126,000;1,000;MESURE
2025-03-30 13:00:00+02:00;124,000;1,000;MESURE
2025-03-30 14:00:00+02:00;125,000;1,000;MESURE
2025-03-30 15:00:00+02:00;125,000;1,000;MESURE
2025-03-30 16:00:00+02:00;124,000;1,000;MESURE
2025-03-30 17:00:00+02:00;124,000;1,000;MESURE
2025-03-30 18:00:00+02:00;124,000;1,000;MESURE
2025-03-30 19:00:00+02:00;123,000;1,000;MESURE
2025-03-30 20:00:00+02:00;3867,000;1,000;MESURE
2025-03-30 21:00:00+02:00;5484,000;1,000;MESURE
2025-03-30 22:00:00+02:00;3645,000;1,000;MESURE
2025-03-30 23:00:00+02:00;3164,000;1,000;MESURE
2025-03-31 00:00:00+02:00;2997,000;1,000;MESURE
2025-03-31 01:00:00+02:00;2997,000;1,000;MESURE
2025-03-31 02:00:00+02:00;2993,000;1,000;MESURE
2025-03-31 03:00:00+02:00;2995,000;1,000;MESURE
2025-03-31 04:00:00+02:00;3013,000;1,000;MESURE
2025-03-31 05:00:00+02:00;5321,000;1,000;MESURE
2025-03-31 06:00:00+02:00;5569,000;1,000;MESURE
2025-03-31 07:00:00+02:00;151,000;1,000;MESURE
2025-03-31 08:00:00+02:00;126,000;1,000;MESURE
2025-03-31 09:00:00+02:00;124,000;1,000;MESURE
2025-03-31 10:00:00+02:00;124,000;1,000;MESURE
2025-03-31 11:00:00+02:00;125,000;1,000;MESURE
2025-03-31 12:00:00+02:00;125,000;1,000;MESURE
2025-03-31 13:00:00+02:00;124,000;1,000;MESURE
2025-03-31 14:00:00+02:00;125,000;1,000;MESURE
2025-03-31 15:00:00+02:00;124,000;1,000;MESURE
2025-03-31 16:00:00+02:00;125,000;1,000;MESURE
2025-03-31 17:00:00+02:00;125,000;1,000;MESURE
2025-03-31 18:00:00+02:00;124,000;1,000;MESURE
2025-03-31 19:00:00+02:00;124,000;1,000;MESURE
2025-03-31 20:00:00+02:00;3827,000;1,000;MESURE
2025-03-31 21:00:00+02:00;5529,000;1,000;MESURE
2025-03-31 22:00:00+02:00;3667,000;1,000;MESURE
2025-03-31 23:00:00+02:00;3183,000;1,000;MESURE
2025-04-01 00:00:00+02:00;2998,000;1,000;MESURE
2025-04-01 01:00:00+02:00;3000,000;1,000;MESURE
2025-04-01 02:00:00+02:00;3022,000;1,000;MESURE
2025-04-01 03:00:00+02:00;2999,000;1,000;MESURE
2025-04-01 04:00:00+02:00;3014,000;1,000;MESURE
2025-04-01 05:00:00+02:00;5338,000;1,000;MESURE
2025-04-01 06:00:00+02:00;5376,000;1,000;MESURE
2025-04-01 07:00:00+02:00;126,000;1,000;MESURE
2025-04-01 08:00:00+02:00;124,000;1,000;MESURE
2025-04-01 09:00:00+02:00;125,000;1,000;MESURE
2025-04-01 10:00:00+02:00;124,000;1,000;MESURE
2025-04-01 11:00:00+02:00;125,000;1,000;MESURE
2025-04-01 12:00:00+02:00;125,000;1,000;MESURE
2025-04-01 13:00:00+02:00;125,000;1,000;MESURE
2025-04-01 14:00:00+02:00;124,000;1,000;MESURE
2025-04-01 15:00:00+02:00;126,000;1,000;MESURE
2025-04-01 16:00:00+02:00;126,000;1,000;MESURE
2025-04-01 17:00:00+02:00;125,000;1,000;MESURE
2025-04-01 18:00:00+02:00;125,000;1,000;MESURE
2025-04-01 19:00:00+02:00;124,000;1,000;MESURE
2025-04-01 20:00:00+02:00;3652,000;1,000;MESURE
2025-04-01 21:00:00+02:00;5545,000;1,000;MESURE
2025-04-01 22:00:00+02:00;3661,000;1,000;MESURE
2025-04-01 23:00:00+02:00;3181,000;1,000;MESURE
2025-04-02 00:00:00+02:00;3006,000;1,000;MESURE
2025-04-02 01:00:00+02:00;3016,000;1,000;MESURE
2025-04-02 02:00:00+02:00;3010,000;1,000;MESURE
2025-04-02 03:00:00+02:00;3016,000;1,000;MESURE
2025-04-02 04:00:00+02:00;3020,000;1,000;MESURE
2025-04-02 05:00:00+02:00;5328,000;1,000;MESURE
2025-04-02 06:00:00+02:00;5194,000;1,000;MESURE
2025-04-02 07:00:00+02:00;127,000;1,000;MESURE
2025-04-02 08:00:00+02:00;126,000;1,000;MESURE
2025-04-02 09:00:00+02:00;125,000;1,000;MESURE
2025-04-02 10:00:00+02:00;125,000;1,000;MESURE
2025-04-02 11:00:00+02:00;124,000;1,000;MESURE
2025-04-02 12:00:00+02:00;125,000;1,000;MESURE
2025-04-02 13:00:00+02:00;126,000;1,000;MESURE
2025-04-02 14:00:00+02:00;125,000;1,000;MESURE
2025-04-02 15:00:00+02:00;126,000;1,000;MESURE
2025-04-02 16:00:00+02:00;125,000;1,000;MESURE
2025-04-02 17:00:00+02:00;125,000;1,000;MESURE
2025-04-02 18:00:00+02:00;124,000;1,000;MESURE
2025-04-02 19:00:00+02:00;124,000;1,000;MESURE
2025-04-02 20:00:00+02:00;3527,000;1,000;MESURE
2025-04-02 21:00:00+02:00;5493,000;1,000;MESURE
2025-04-02 22:00:00+02:00;3659,000;1,000;MESURE
2025-04-02 23:00:00+02:00;3178,000;1,000;MESURE
2025-04-03 00:00:00+02:00;2994,000;1,000;MESURE
2025-04-03 01:00:00+02:00;3012,000;1,000;MESURE
2025-04-03 02:00:00+02:00;3008,000;1,000;MESURE
2025-04-03 03:00:00+02:00;3015,000;1,000;MESURE
2025-04-03 04:00:00+02:00;3009,000;1,000;MESURE
2025-04-03 05:00:00+02:00;5324,000;1,000;MESURE
2025-04-03 06:00:00+02:00;5009,000;1,000;MESURE
2025-04-03 07:00:00+02:00;127,000;1,000;MESURE
2025-04-03 08:00:00+02:00;126,000;1,000;MESURE
2025-04-03 09:00:00+02:00;125,000;1,000;MESURE
2025-04-03 10:00:00+02:00;125,000;1,000;MESURE
2025-04-03 11:00:00+02:00;125,000;1,000;MESURE
2025-04-03 12:00:00+02:00;125,000;1,000;MESURE
2025-04-03 13:00:00+02:00;126,000;1,000;MESURE
2025-04-03 14:00:00+02:00;125,000;1,000;MESURE
2025-04-03 15:00:00+02:00;125,000;1,000;MESURE
2025-04-03 16:00:00+02:00;125,000;1,000;MESURE
2025-04-03 17:00:00+02:00;124,000;1,000;MESURE
2025-04-03 18:00:00+02:00;124,000;1,000;MESURE
2025-04-03 19:00:00+02:00;125,000;1,000;MESURE
2025-04-03 20:00:00+02:00;3438,000;1,000;MESURE
2025-04-03 21:00:00+02:00;5492,000;1,000;MESURE
2025-04-03 22:00:00+02:00;3630,000;1,000;MESURE
2025-04-03 23:00:00+02:00;3188,000;1,000;MESURE
2025-04-04 00:00:00+02:00;3000,000;1,000;MESURE
2025-04-04 01:00:00+02:00;3011,000;1,000;MESURE
2025-04-04 02:00:00+02:00;3005,000;1,000;MESURE
2025-04-04 03:00:00+02:00;3012,000;1,000;MESURE
2025-04-04 04:00:00+02:00;3006,000;1,000;MESURE
2025-04-04 05:00:00+02:00;5330,000;1,000;MESURE
2025-04-04 06:00:00+02:00;4829,000;1,000;MESURE
2025-04-04 07:00:00+02:00;125,000;1,000;MESURE
2025-04-04 08:00:00+02:00;124,000;1,000;MESURE
2025-04-04 09:00:00+02:00;125,000;1,000;MESURE
2025-04-04 10:00:00+02:00;124,000;1,000;MESURE
2025-04-04 11:00:00+02:00;125,000;1,000;MESURE
2025-04-04 12:00:00+02:00;125,000;1,000;MESURE
2025-04-04 13:00:00+02:00;125,000;1,000;MESURE
2025-04-04 14:00:00+02:00;125,000;1,000;MESURE
2025-04-04 15:00:00+02:00;125,000;1,000;MESURE
2025-04-04 16:00:00+02:00;124,000;1,000;MESURE
2025-04-04 17:00:00+02:00;125,000;1,000;MESURE
2025-04-04 18:00:00+02:00;124,000;1,000;MESURE
2025-04-04 19:00:00+02:00;124,000;1,000;MESURE
2025-04-04 20:00:00+02:00;3240,000;1,000;MESURE
2025-04-04 21:00:00+02:00;5476,000;1,000;MESURE
2025-04-04 22:00:00+02:00;3622,000;1,000;MESURE
2025-04-04 23:00:00+02:00;3166,000;1,000;MESURE
2025-04-05 00:00:00+02:00;2989,000;1,000;MESURE
2025-04-05 01:00:00+02:00;2999,000;1,000;MESURE
2025-04-05 02:00:00+02:00;2997,000;1,000;MESURE
2025-04-05 03:00:00+02:00;3000,000;1,000;MESURE
2025-04-05 04:00:00+02:00;3003,000;1,000;MESURE
2025-04-05 05:00:00+02:00;5306,000;1,000;MESURE
2025-04-05 06:00:00+02:00;4634,000;1,000;MESURE
2025-04-05 07:00:00+02:00;125,000;1,000;MESURE
2025-04-05 08:00:00+02:00;124,000;1,000;MESURE
2025-04-05 09:00:00+02:00;125,000;1,000;MESURE
2025-04-05 10:00:00+02:00;125,000;1,000;MESURE
2025-04-05 11:00:00+02:00;124,000;1,000;MESURE
2025-04-05 12:00:00+02:00;125,000;1,000;MESURE
2025-04-05 13:00:00+02:00;125,000;1,000;MESURE
2025-04-05 14:00:00+02:00;126,000;1,000;MESURE
2025-04-05 15:00:00+02:00;125,000;1,000;MESURE
2025-04-05 16:00:00+02:00;124,000;1,000;MESURE
2025-04-05 17:00:00+02:00;125,000;1,000;MESURE
2025-04-05 18:00:00+02:00;125,000;1,000;MESURE
2025-04-05 19:00:00+02:00;124,000;1,000;MESURE
2025-04-05 20:00:00+02:00;3151,000;1,000;MESURE
2025-04-05 21:00:00+02:00;5477,000;1,000;MESURE
2025-04-05 22:00:00+02:00;3631,000;1,000;MESURE
2025-04-05 23:00:00+02:00;3169,000;1,000;MESURE
2025-04-06 00:00:00+02:00;2993,000;1,000;MESURE
2025-04-06 01:00:00+02:00;3009,000;1,000;MESURE
2025-04-06 02:00:00+02:00;3012,000;1,000;MESURE
2025-04-06 03:00:00+02:00;3005,000;1,000;MESURE
2025-04-06 04:00:00+02:00;3009,000;1,000;MESURE
2025-04-06 05:00:00+02:00;5316,000;1,000;MESURE
2025-04-06 06:00:00+02:00;4451,000;1,000;MESURE
2025-04-06 07:00:00+02:00;125,000;1,000;MESURE
2025-04-06 08:00:00+02:00;124,000;1,000;MESURE
2025-04-06 09:00:00+02:00;125,000;1,000;MESURE
2025-04-06 10:00:00+02:00;125,000;1,000;MESURE
2025-04-06 11:00:00+02:00;124,000;1,000;MESURE
2025-04-06 12:00:00+02:00;124,000;1,000;MESURE
2025-04-06 13:00:00+02:00;125,000;1,000;MESURE
2025-04-06 14:00:00+02:00;125,000;1,000;MESURE
2025-04-06 15:00:00+02:00;125,000;1,000;MESURE
2025-04-06 16:00:00+02:00;125,000;1,000;MESURE
2025-04-06 17:00:00+02:00;124,000;1,000;MESURE
2025-04-06 18:00:00+02:00;126,000;1,000;MESURE
2025-04-06 19:00:00+02:00;124,000;1,000;MESURE
2025-04-06 20:00:00+02:00;2989,000;1,000;MESURE
2025-04-06 21:00:00+02:00;5508,000;1,000;MESURE
2025-04-06 22:00:00+02:00;3641,000;1,000;MESURE
2025-04-06 23:00:00+02:00;3199,000;1,000;MESURE
2025-04-07 00:00:00+02:00;3016,000;1,000;MESURE
2025-04-07 01:00:00+02:00;3027,000;1,000;MESURE
2025-04-07 02:00:00+02:00;3029,000;1,000;MESURE
2025-04-07 03:00:00+02:00;3028,000;1,000;MESURE
2025-04-07 04:00:00+02:00;3038,000;1,000;MESURE
2025-04-07 05:00:00+02:00;5353,000;1,000;MESURE
2025-04-07 06:00:00+02:00;4305,000;1,000;MESURE
2025-04-07 07:00:00+02:00;125,000;1,000;MESURE
2025-04-07 08:00:00+02:00;125,000;1,000;MESURE
2025-04-07 09:00:00+02:00;125,000;1,000;MESURE
2025-04-07 10:00:00+02:00;124,000;1,000;MESURE
2025-04-07 11:00:00+02:00;125,000;1,000;MESURE
2025-04-07 12:00:00+02:00;125,000;1,000;MESURE
2025-04-07 13:00:00+02:00;124,000;1,000;MESURE
2025-04-07 14:00:00+02:00;124,000;1,000;MESURE
2025-04-07 15:00:00+02:00;125,000;1,000;MESURE
2025-04-07 16:00:00+02:00;124,000;1,000;MESURE
2025-04-07 17:00:00+02:00;124,000;1,000;MESURE
2025-04-07 18:00:00+02:00;124,000;1,000;MESURE
2025-04-07 19:00:00+02:00;124,000;1,000;MESURE
2025-04-07 20:00:00+02:00;2905,000;1,000;MESURE
2025-04-07 21:00:00+02:00;5518,000;1,000;MESURE
2025-04-07 22:00:00+02:00;3650,000;1,000;MESURE
2025-04-07 23:00:00+02:00;3178,000;1,000;MESURE
2025-04-08 00:00:00+02:00;3005,000;1,000;MESURE
2025-04-08 01:00:00+02:00;3017,000;1,000;MESURE
2025-04-08 02:00:00+02:00;3017,000;1,000;MESURE
2025-04-08 03:00:00+02:00;3023,000;1,000;MESURE
2025-04-08 04:00:00+02:00;3014,000;1,000;MESURE
2025-04-08 05:00:00+02:00;5341,000;1,000;MESURE
2025-04-08 06:00:00+02:00;4140,000;1,000;MESURE
2025-04-08 07:00:00+02:00;126,000;1,000;MESURE
2025-04-08 08:00:00+02:00;125,000;1,000;MESURE
2025-04-08 09:00:00+02:00;125,000;1,000;MESURE
2025-04-08 10:00:00+02:00;125,000;1,000;MESURE
2025-04-08 11:00:00+02:00;125,000;1,000;MESURE
2025-04-08 12:00:00+02:00;125,000;1,000;MESURE
2025-04-08 13:00:00+02:00;124,000;1,000;MESURE
2025-04-08 14:00:00+02:00;125,000;1,000;MESURE
2025-04-08 15:00:00+02:00;125,000;1,000;MESURE
2025-04-08 16:00:00+02:00;125,000;1,000;MESURE
2025-04-08 17:00:00+02:00;124,000;1,000;MESURE
2025-04-08 18:00:00+02:00;125,000;1,000;MESURE
2025-04-08 19:00:00+02:00;124,000;1,000;MESURE
2025-04-08 20:00:00+02:00;2799,000;1,000;MESURE
2025-04-08 21:00:00+02:00;5505,000;1,000;MESURE
2025-04-08 22:00:00+02:00;3638,000;1,000;MESURE
2025-04-08 23:00:00+02:00;3177,000;1,000;MESURE
2025-04-09 00:00:00+02:00;3006,000;1,000;MESURE
2025-04-09 01:00:00+02:00;3013,000;1,000;MESURE
2025-04-09 02:00:00+02:00;3018,000;1,000;MESURE
2025-04-09 03:00:00+02:00;3005,000;1,000;MESURE
2025-04-09 04:00:00+02:00;3031,000;1,000;MESURE
2025-04-09 05:00:00+02:00;5345,000;1,000;MESURE
2025-04-09 06:00:00+02:00;3943,000;1,000;MESURE
2025-04-09 07:00:00+02:00;126,000;1,000;MESURE
2025-04-09 08:00:00+02:00;124,000;1,000;MESURE
2025-04-09 09:00:00+02:00;124,000;1,000;MESURE
2025-04-09 10:00:00+02:00;124,000;1,000;MESURE
2025-04-09 11:00:00+02:00;125,000;1,000;MESURE
2025-04-09 12:00:00+02:00;125,000;1,000;MESURE
2025-04-09 13:00:00+02:00;123,000;1,000;MESURE
2025-04-09 14:00:00+02:00;124,000;1,000;MESURE
2025-04-09 15:00:00+02:00;124,000;1,000;MESURE
2025-04-09 16:00:00+02:00;124,000;1,000;MESURE
2025-04-09 17:00:00+02:00;124,000;1,000;MESURE
2025-04-09 18:00:00+02:00;124,000;1,000;MESURE
2025-04-09 19:00:00+02:00;123,000;1,000;MESURE
2025-04-09 20:00:00+02:00;2622,000;1,000;MESURE
2025-04-09 21:00:00+02:00;5492,000;1,000;MESURE
2025-04-09 22:00:00+02:00;3636,000;1,000;MESURE
2025-04-09 23:00:00+02:00;3172,000;1,000;MESURE
2025-04-10 00:00:00+02:00;3006,000;1,000;MESURE
2025-04-10 01:00:00+02:00;3007,000;1,000;MESURE
2025-04-10 02:00:00+02:00;3012,000;1,000;MESURE
2025-04-10 03:00:00+02:00;3018,000;1,000;MESURE
2025-04-10 04:00:00+02:00;3019,000;1,000;MESURE
2025-04-10 05:00:00+02:00;5323,000;1,000;MESURE
2025-04-10 06:00:00+02:00;3832,000;1,000;MESURE
2025-04-10 07:00:00+02:00;125,000;1,000;MESURE
2025-04-10 08:00:00+02:00;125,000;1,000;MESURE
2025-04-10 09:00:00+02:00;124,000;1,000;MESURE
2025-04-10 10:00:00+02:00;124,000;1,000;MESURE
2025-04-10 11:00:00+02:00;124,000;1,000;MESURE
2025-04-10 12:00:00+02:00;125,000;1,000;MESURE
2025-04-10 13:00:00+02:00;124,000;1,000;MESURE
2025-04-10 14:00:00+02:00;124,000;1,000;MESURE
2025-04-10 15:00:00+02:00;125,000;1,000;MESURE
2025-04-10 16:00:00+02:00;124,000;1,000;MESURE
2025-04-10 17:00:00+02:00;125,000;1,000;MESURE
2025-04-10 18:00:00+02:00;124,000;1,000;MESURE
2025-04-10 19:00:00+02:00;124,000;1,000;MESURE
2025-04-10 20:00:00+02:00;2530,000;1,000;MESURE
2025-04-10 21:00:00+02:00;5514,000;1,000;MESURE
2025-04-10 22:00:00+02:00;3644,000;1,000;MESURE
2025-04-10 23:00:00+02:00;3173,000;1,000;MESURE
2025-04-11 00:00:00+02:00;2999,000;1,000;MESURE
2025-04-11 01:00:00+02:00;2990,000;1,000;MESURE
2025-04-11 02:00:00+02:00;2980,000;1,000;MESURE
2025-04-11 03:00:00+02:00;2981,000;1,000;MESURE
2025-04-11 04:00:00+02:00;2980,000;1,000;MESURE
2025-04-11 05:00:00+02:00;5289,000;1,000;MESURE
2025-04-11 06:00:00+02:00;3667,000;1,000;MESURE
2025-04-11 07:00:00+02:00;126,000;1,000;MESURE
2025-04-11 08:00:00+02:00;60,000;1,000;MESURE
2025-04-11 09:00:00+02:00;0,000;1,000;MESURE
2025-04-11 10:00:00+02:00;0,000;1,000;MESURE
2025-04-11 11:00:00+02:00;0,000;1,000;MESURE
2025-04-11 12:00:00+02:00;0,000;1,000;MESURE
2025-04-11 13:00:00+02:00;0,000;1,000;MESURE
2025-04-11 14:00:00+02:00;0,000;1,000;MESURE
2025-04-11 15:00:00+02:00;0,000;1,000;MESURE
2025-04-11 16:00:00+02:00;0,000;1,000;MESURE
2025-04-11 17:00:00+02:00;0,000;1,000;MESURE
2025-04-11 18:00:00+02:00;0,000;1,000;MESURE
2025-04-11 19:00:00+02:00;0,000;1,000;MESURE
2025-04-11 20:00:00+02:00;0,000;1,000;MESURE
2025-04-11 21:00:00+02:00;0,000;1,000;MESURE
2025-04-11 22:00:00+02:00;0,000;1,000;MESURE
2025-04-11 23:00:00+02:00;0,000;1,000;MESURE
2025-04-12 00:00:00+02:00;0,000;1,000;MESURE
2025-04-12 01:00:00+02:00;0,000;1,000;MESURE
2025-04-12 02:00:00+02:00;0,000;1,000;MESURE
2025-04-12 03:00:00+02:00;0,000;1,000;MESURE
2025-04-12 04:00:00+02:00;0,000;1,000;MESURE
2025-04-12 05:00:00+02:00;0,000;1,000;MESURE
2025-04-12 06:00:00+02:00;0,000;1,000;MESURE
2025-04-12 07:00:00+02:00;0,000;1,000;MESURE
2025-04-12 08:00:00+02:00;122,000;1,000;MESURE
2025-04-12 09:00:00+02:00;126,000;1,000;MESURE
2025-04-12 10:00:00+02:00;125,000;1,000;MESURE
2025-04-12 11:00:00+02:00;125,000;1,000;MESURE
2025-04-12 12:00:00+02:00;125,000;1,000;MESURE
2025-04-12 13:00:00+02:00;125,000;1,000;MESURE
2025-04-12 14:00:00+02:00;126,000;1,000;MESURE
2025-04-12 15:00:00+02:00;125,000;1,000;MESURE
2025-04-12 16:00:00+02:00;125,000;1,000;MESURE
2025-04-12 17:00:00+02:00;124,000;1,000;MESURE
2025-04-12 18:00:00+02:00;124,000;1,000;MESURE
2025-04-12 19:00:00+02:00;124,000;1,000;MESURE
2025-04-12 20:00:00+02:00;2263,000;1,000;MESURE
2025-04-12 21:00:00+02:00;5480,000;1,000;MESURE
2025-04-12 22:00:00+02:00;3649,000;1,000;MESURE
2025-04-12 23:00:00+02:00;3189,000;1,000;MESURE
2025-04-13 00:00:00+02:00;2986,000;1,000;MESURE
2025-04-13 01:00:00+02:00;2991,000;1,000;MESURE
2025-04-13 02:00:00+02:00;2990,000;1,000;MESURE
2025-04-13 03:00:00+02:00;2996,000;1,000;MESURE
2025-04-13 04:00:00+02:00;3000,000;1,000;MESURE
2025-04-13 05:00:00+02:00;5299,000;1,000;MESURE
2025-04-13 06:00:00+02:00;3285,000;1,000;MESURE
2025-04-13 07:00:00+02:00;128,000;1,000;MESURE
2025-04-13 08:00:00+02:00;126,000;1,000;MESURE
2025-04-13 09:00:00+02:00;124,000;1,000;MESURE
2025-04-13 10:00:00+02:00;126,000;1,000;MESURE
2025-04-13 11:00:00+02:00;124,000;1,000;MESURE
2025-04-13 12:00:00+02:00;125,000;1,000;MESURE
2025-04-13 13:00:00+02:00;124,000;1,000;MESURE
2025-04-13 14:00:00+02:00;125,000;1,000;MESURE
2025-04-13 15:00:00+02:00;126,000;1,000;MESURE
2025-04-13 16:00:00+02:00;124,000;1,000;MESURE
2025-04-13 17:00:00+02:00;124,000;1,000;MESURE
2025-04-13 18:00:00+02:00;125,000;1,000;MESURE
2025-04-13 19:00:00+02:00;124,000;1,000;MESURE
2025-04-13 20:00:00+02:00;2180,000;1,000;MESURE
2025-04-13 21:00:00+02:00;5492,000;1,000;MESURE
2025-04-13 22:00:00+02:00;3639,000;1,000;MESURE
2025-04-13 23:00:00+02:00;3173,000;1,000;MESURE
2025-04-14 00:00:00+02:00;2993,000;1,000;MESURE
2025-04-14 01:00:00+02:00;2999,000;1,000;MESURE
2025-04-14 02:00:00+02:00;3003,000;1,000;MESURE
2025-04-14 03:00:00+02:00;3008,000;1,000;MESURE
2025-04-14 04:00:00+02:00;3003,000;1,000;MESURE
2025-04-14 05:00:00+02:00;5296,000;1,000;MESURE
2025-04-14 06:00:00+02:00;3099,000;1,000;MESURE
2025-04-14 07:00:00+02:00;127,000;1,000;MESURE
2025-04-14 08:00:00+02:00;124,000;1,000;MESURE
2025-04-14 09:00:00+02:00;124,000;1,000;MESURE
2025-04-14 10:00:00+02:00;124,000;1,000;MESURE
2025-04-14 11:00:00+02:00;124,000;1,000;MESURE
2025-04-14 12:00:00+02:00;124,000;1,000;MESURE
2025-04-14 13:00:00+02:00;124,000;1,000;MESURE
2025-04-14 14:00:00+02:00;124,000;1,000;MESURE
2025-04-14 15:00:00+02:00;125,000;1,000;MESURE
2025-04-14 16:00:00+02:00;125,000;1,000;MESURE
2025-04-14 17:00:00+02:00;124,000;1,000;MESURE
2025-04-14 18:00:00+02:00;124,000;1,000;MESURE
2025-04-14 19:00:00+02:00;124,000;1,000;MESURE
2025-04-14 20:00:00+02:00;1985,000;1,000;MESURE
2025-04-14 21:00:00+02:00;5504,000;1,000;MESURE
2025-04-14 22:00:00+02:00;3624,000;1,000;MESURE
2025-04-14 23:00:00+02:00;3191,000;1,000;MESURE
2025-04-15 00:00:00+02:00;2995,000;1,000;MESURE
2025-04-15 01:00:00+02:00;2996,000;1,000;MESURE
2025-04-15 02:00:00+02:00;2999,000;1,000;MESURE
2025-04-15 03:00:00+02:00;3006,000;1,000;MESURE
2025-04-15 04:00:00+02:00;3009,000;1,000;MESURE
2025-04-15 05:00:00+02:00;5305,000;1,000;MESURE
2025-04-15 06:00:00+02:00;2930,000;1,000;MESURE
2025-04-15 07:00:00+02:00;126,000;1,000;MESURE
2025-04-15 08:00:00+02:00;124,000;1,000;MESURE
2025-04-15 09:00:00+02:00;124,000;1,000;MESURE
2025-04-15 10:00:00+02:00;124,000;1,000;MESURE
2025-04-15 11:00:00+02:00;124,000;1,000;MESURE
2025-04-15 12:00:00+02:00;124,000;1,000;MESURE
2025-04-15 13:00:00+02:00;125,000;1,000;MESURE
2025-04-15 14:00:00+02:00;124,000;1,000;MESURE
2025-04-15 15:00:00+02:00;125,000;1,000;MESURE
2025-04-15 16:00:00+02:00;125,000;1,000;MESURE
2025-04-15 17:00:00+02:00;125,000;1,000;MESURE
2025-04-15 18:00:00+02:00;124,000;1,000;MESURE
2025-04-15 19:00:00+02:00;124,000;1,000;MESURE
2025-04-15 20:00:00+02:00;1900,000;1,000;MESURE
2025-04-15 21:00:00+02:00;5516,000;1,000;MESURE
2025-04-15 22:00:00+02:00;3646,000;1,000;MESURE
2025-04-15 23:00:00+02:00;3175,000;1,000;MESURE
2025-04-16 00:00:00+02:00;2996,000;1,000;MESURE
2025-04-16 01:00:00+02:00;3004,000;1,000;MESURE
2025-04-16 02:00:00+02:00;3006,000;1,000;MESURE
2025-04-16 03:00:00+02:00;3009,000;1,000;MESURE
2025-04-16 04:00:00+02:00;3013,000;1,000;MESURE
2025-04-16 05:00:00+02:00;5307,000;1,000;MESURE
2025-04-16 06:00:00+02:00;2738,000;1,000;MESURE
2025-04-16 07:00:00+02:00;127,000;1,000;MESURE
2025-04-16 08:00:00+02:00;125,000;1,000;MESURE
2025-04-16 09:00:00+02:00;124,000;1,000;MESURE
2025-04-16 10:00:00+02:00;124,000;1,000;MESURE
2025-04-16 11:00:00+02:00;124,000;1,000;MESURE
2025-04-16 12:00:00+02:00;124,000;1,000;MESURE
2025-04-16 13:00:00+02:00;124,000;1,000;MESURE
2025-04-16 14:00:00+02:00;125,000;1,000;MESURE
2025-04-16 15:00:00+02:00;126,000;1,000;MESURE
2025-04-16 16:00:00+02:00;126,000;1,000;MESURE
2025-04-16 17:00:00+02:00;125,000;1,000;MESURE
2025-04-16 18:00:00+02:00;125,000;1,000;MESURE
2025-04-16 19:00:00+02:00;125,000;1,000;MESURE
2025-04-16 20:00:00+02:00;1828,000;1,000;MESURE
2025-04-16 21:00:00+02:00;5549,000;1,000;MESURE
2025-04-16 22:00:00+02:00;3669,000;1,000;MESURE
2025-04-16 23:00:00+02:00;3193,000;1,000;MESURE
2025-04-17 00:00:00+02:00;3003,000;1,000;MESURE
2025-04-17 01:00:00+02:00;3015,000;1,000;MESURE
2025-04-17 02:00:00+02:00;3015,000;1,000;MESURE
2025-04-17 03:00:00+02:00;3022,000;1,000;MESURE
2025-04-17 04:00:00+02:00;3023,000;1,000;MESURE
2025-04-17 05:00:00+02:00;5324,000;1,000;MESURE
2025-04-17 06:00:00+02:00;2590,000;1,000;MESURE
2025-04-17 07:00:00+02:00;127,000;1,000;MESURE
2025-04-17 08:00:00+02:00;127,000;1,000;MESURE
2025-04-17 09:00:00+02:00;127,000;1,000;MESURE
2025-04-17 10:00:00+02:00;126,000;1,000;MESURE
2025-04-17 11:00:00+02:00;125,000;1,000;MESURE
2025-04-17 12:00:00+02:00;125,000;1,000;MESURE
2025-04-17 13:00:00+02:00;126,000;1,000;MESURE
2025-04-17 14:00:00+02:00;125,000;1,000;MESURE
2025-04-17 15:00:00+02:00;125,000;1,000;MESURE
2025-04-17 16:00:00+02:00;125,000;1,000;MESURE
2025-04-17 17:00:00+02:00;125,000;1,000;MESURE
2025-04-17 18:00:00+02:00;124,000;1,000;MESURE
2025-04-17 19:00:00+02:00;124,000;1,000;MESURE
2025-04-17 20:00:00+02:00;1642,000;1,000;MESURE
2025-04-17 21:00:00+02:00;5547,000;1,000;MESURE
2025-04-17 22:00:00+02:00;3659,000;1,000;MESURE
2025-04-17 23:00:00+02:00;3191,000;1,000;MESURE
2025-04-18 00:00:00+02:00;3009,000;1,000;MESURE
2025-04-18 01:00:00+02:00;3022,000;1,000;MESURE
2025-04-18 02:00:00+02:00;3017,000;1,000;MESURE
2025-04-18 03:00:00+02:00;3018,000;1,000;MESURE
2025-04-18 04:00:00+02:00;3022,000;1,000;MESURE
2025-04-18 05:00:00+02:00;5323,000;1,000;MESURE
2025-04-18 06:00:00+02:00;2487,000;1,000;MESURE
2025-04-18 07:00:00+02:00;125,000;1,000;MESURE
2025-04-18 08:00:00+02:00;124,000;1,000;MESURE
2025-04-18 09:00:00+02:00;125,000;1,000;MESURE
2025-04-18 10:00:00+02:00;125,000;1,000;MESURE
2025-04-18 11:00:00+02:00;124,000;1,000;MESURE
2025-04-18 12:00:00+02:00;125,000;1,000;MESURE
2025-04-18 13:00:00+02:00;125,000;1,000;MESURE
2025-04-18 14:00:00+02:00;126,000;1,000;MESURE
2025-04-18 15:00:00+02:00;126,000;1,000;MESURE
2025-04-18 16:00:00+02:00;126,000;1,000;MESURE
2025-04-18 17:00:00+02:00;125,000;1,000;MESURE
2025-04-18 18:00:00+02:00;125,000;1,000;MESURE
2025-04-18 19:00:00+02:00;123,000;1,000;MESURE
2025-04-18 20:00:00+02:00;1536,000;1,000;MESURE
2025-04-18 21:00:00+02:00;5515,000;1,000;MESURE
2025-04-18 22:00:00+02:00;3653,000;1,000;MESURE
2025-04-18 23:00:00+02:00;3185,000;1,000;MESURE
2025-04-19 00:00:00+02:00;3005,000;1,000;MESURE
2025-04-19 01:00:00+02:00;3018,000;1,000;MESURE
2025-04-19 02:00:00+02:00;3020,000;1,000;MESURE
2025-04-19 03:00:00+02:00;3021,000;1,000;MESURE
2025-04-19 04:00:00+02:00;3030,000;1,000;MESURE
2025-04-19 05:00:00+02:00;5338,000;1,000;MESURE
2025-04-19 06:00:00+02:00;2321,000;1,000;MESURE
2025-04-19 07:00:00+02:00;124,000;1,000;MESURE
2025-04-19 08:00:00+02:00;125,000;1,000;MESURE
2025-04-19 09:00:00+02:00;125,000;1,000;MESURE
2025-04-19 10:00:00+02:00;125,000;1,000;MESURE
2025-04-19 11:00:00+02:00;126,000;1,000;MESURE
2025-04-19 12:00:00+02:00;125,000;1,000;MESURE
2025-04-19 13:00:00+02:00;125,000;1,000;MESURE
2025-04-19 14:00:00+02:00;126,000;1,000;MESURE
2025-04-19 15:00:00+02:00;126,000;1,000;MESURE
2025-04-19 16:00:00+02:00;124,000;1,000;MESURE
2025-04-19 17:00:00+02:00;125,000;1,000;MESURE
2025-04-19 18:00:00+02:00;125,000;1,000;MESURE
2025-04-19 19:00:00+02:00;123,000;1,000;MESURE
2025-04-19 20:00:00+02:00;1439,000;1,000;MESURE
2025-04-19 21:00:00+02:00;5517,000;1,000;MESURE
2025-04-19 22:00:00+02:00;3661,000;1,000;MESURE
2025-04-19 23:00:00+02:00;3194,000;1,000;MESURE
2025-04-20 00:00:00+02:00;3006,000;1,000;MESURE
2025-04-20 01:00:00+02:00;3015,000;1,000;MESURE
2025-04-20 02:00:00+02:00;3017,000;1,000;MESURE
2025-04-20 03:00:00+02:00;3020,000;1,000;MESURE
2025-04-20 04:00:00+02:00;3024,000;1,000;MESURE
2025-04-20 05:00:00+02:00;5324,000;1,000;MESURE
2025-04-20 06:00:00+02:00;2117,000;1,000;MESURE
2025-04-20 07:00:00+02:00;126,000;1,000;MESURE
2025-04-20 08:00:00+02:00;125,000;1,000;MESURE
2025-04-20 09:00:00+02:00;125,000;1,000;MESURE
2025-04-20 10:00:00+02:00;125,000;1,000;MESURE
2025-04-20 11:00:00+02:00;125,000;1,000;MESURE
2025-04-20 12:00:00+02:00;124,000;1,000;MESURE
2025-04-20 13:00:00+02:00;125,000;1,000;MESURE
2025-04-20 14:00:00+02:00;125,000;1,000;MESURE
2025-04-20 15:00:00+02:00;124,000;1,000;MESURE
2025-04-20 16:00:00+02:00;124,000;1,000;MESURE
2025-04-20 17:00:00+02:00;124,000;1,000;MESURE
2025-04-20 18:00:00+02:00;125,000;1,000;MESURE
2025-04-20 19:00:00+02:00;124,000;1,000;MESURE
2025-04-20 20:00:00+02:00;1274,000;1,000;MESURE
2025-04-20 21:00:00+02:00;5496,000;1,000;MESURE
2025-04-20 22:00:00+02:00;3646,000;1,000;MESURE
2025-04-20 23:00:00+02:00;3180,000;1,000;MESURE
2025-04-21 00:00:00+02:00;3001,000;1,000;MESURE
2025-04-21 01:00:00+02:00;3009,000;1,000;MESURE
2025-04-21 02:00:00+02:00;3019,000;1,000;MESURE
2025-04-21 03:00:00+02:00;3019,000;1,000;MESURE
2025-04-21 04:00:00+02:00;3005,000;1,000;MESURE
2025-04-21 05:00:00+02:00;5307,000;1,000;MESURE
2025-04-21 06:00:00+02:00;1940,000;1,000;MESURE
2025-04-21 07:00:00+02:00;127,000;1,000;MESURE
2025-04-21 08:00:00+02:00;124,000;1,000;MESURE
2025-04-21 09:00:00+02:00;124,000;1,000;MESURE
2025-04-21 10:00:00+02:00;125,000;1,000;MESURE
2025-04-21 11:00:00+02:00;124,000;1,000;MESURE
2025-04-21 12:00:00+02:00;124,000;1,000;MESURE
2025-04-21 13:00:00+02:00;125,000;1,000;MESURE
2025-04-21 14:00:00+02:00;125,000;1,000;MESURE
2025-04-21 15:00:00+02:00;124,000;1,000;MESURE
2025-04-21 16:00:00+02:00;125,000;1,000;MESURE
2025-04-21 17:00:00+02:00;125,000;1,000;MESURE
2025-04-21 18:00:00+02:00;125,000;1,000;MESURE
2025-04-21 19:00:00+02:00;124,000;1,000;MESURE
2025-04-21 20:00:00+02:00;1173,000;1,000;MESURE
2025-04-21 21:00:00+02:00;5526,000;1,000;MESURE
2025-04-21 22:00:00+02:00;3646,000;1,000;MESURE
2025-04-21 23:00:00+02:00;3179,000;1,000;MESURE
2025-04-22 00:00:00+02:00;3000,000;1,000;MESURE
2025-04-22 01:00:00+02:00;3007,000;1,000;MESURE
2025-04-22 02:00:00+02:00;3008,000;1,000;MESURE
2025-04-22 03:00:00+02:00;3014,000;1,000;MESURE
2025-04-22 04:00:00+02:00;3016,000;1,000;MESURE
2025-04-22 05:00:00+02:00;5323,000;1,000;MESURE
2025-04-22 06:00:00+02:00;1766,000;1,000;MESURE
2025-04-22 07:00:00+02:00;125,000;1,000;MESURE
2025-04-22 08:00:00+02:00;124,000;1,000;MESURE
2025-04-22 09:00:00+02:00;124,000;1,000;MESURE
2025-04-22 10:00:00+02:00;124,000;1,000;MESURE
2025-04-22 11:00:00+02:00;124,000;1,000;MESURE
2025-04-22 12:00:00+02:00;124,000;1,000;MESURE
2025-04-22 13:00:00+02:00;124,000;1,000;MESURE
2025-04-22 14:00:00+02:00;124,000;1,000;MESURE
2025-04-22 15:00:00+02:00;124,000;1,000;MESURE
2025-04-22 16:00:00+02:00;124,000;1,000;MESURE
2025-04-22 17:00:00+02:00;124,000;1,000;MESURE
2025-04-22 18:00:00+02:00;124,000;1,000;MESURE
2025-04-22 19:00:00+02:00;124,000;1,000;MESURE
2025-04-22 20:00:00+02:00;987,000;1,000;MESURE
2025-04-22 21:00:00+02:00;5492,000;1,000;MESURE
2025-04-22 22:00:00+02:00;3640,000;1,000;MESURE
2025-04-22 23:00:00+02:00;3173,000;1,000;MESURE
2025-04-23 00:00:00+02:00;2997,000;1,000;MESURE
2025-04-23 01:00:00+02:00;3007,000;1,000;MESURE
2025-04-23 02:00:00+02:00;3015,000;1,000;MESURE
2025-04-23 03:00:00+02:00;3024,000;1,000;MESURE
2025-04-23 04:00:00+02:00;3022,000;1,000;MESURE
2025-04-23 05:00:00+02:00;5308,000;1,000;MESURE
2025-04-23 06:00:00+02:00;1663,000;1,000;MESURE
2025-04-23 07:00:00+02:00;124,000;1,000;MESURE
2025-04-23 08:00:00+02:00;124,000;1,000;MESURE
2025-04-23 09:00:00+02:00;124,000;1,000;MESURE
2025-04-23 10:00:00+02:00;124,000;1,000;MESURE
2025-04-23 11:00:00+02:00;124,000;1,000;MESURE
2025-04-23 12:00:00+02:00;124,000;1,000;MESURE
2025-04-23 13:00:00+02:00;125,000;1,000;MESURE
2025-04-23 14:00:00+02:00;124,000;1,000;MESURE
2025-04-23 15:00:00+02:00;124,000;1,000;MESURE
2025-04-23 16:00:00+02:00;125,000;1,000;MESURE
2025-04-23 17:00:00+02:00;124,000;1,000;MESURE
2025-04-23 18:00:00+02:00;124,000;1,000;MESURE
2025-04-23 19:00:00+02:00;124,000;1,000;MESURE
2025-04-23 20:00:00+02:00;907,000;1,000;MESURE
2025-04-23 21:00:00+02:00;5529,000;1,000;MESURE
2025-04-23 22:00:00+02:00;3657,000;1,000;MESURE
2025-04-23 23:00:00+02:00;3194,000;1,000;MESURE
2025-04-24 00:00:00+02:00;3000,000;1,000;MESURE
2025-04-24 01:00:00+02:00;3001,000;1,000;MESURE
2025-04-24 02:00:00+02:00;3015,000;1,000;MESURE
2025-04-24 03:00:00+02:00;3012,000;1,000;MESURE
2025-04-24 04:00:00+02:00;3027,000;1,000;MESURE
2025-04-24 05:00:00+02:00;5334,000;1,000;MESURE
2025-04-24 06:00:00+02:00;1494,000;1,000;MESURE
2025-04-24 07:00:00+02:00;124,000;1,000;MESURE
2025-04-24 08:00:00+02:00;125,000;1,000;MESURE
2025-04-24 09:00:00+02:00;124,000;1,000;MESURE
2025-04-24 10:00:00+02:00;124,000;1,000;MESURE
2025-04-24 11:00:00+02:00;125,000;1,000;MESURE
2025-04-24 12:00:00+02:00;124,000;1,000;MESURE
2025-04-24 13:00:00+02:00;125,000;1,000;MESURE
2025-04-24 14:00:00+02:00;125,000;1,000;MESURE
2025-04-24 15:00:00+02:00;125,000;1,000;MESURE
2025-04-24 16:00:00+02:00;123,000;1,000;MESURE
2025-04-24 17:00:00+02:00;124,000;1,000;MESURE
2025-04-24 18:00:00+02:00;125,000;1,000;MESURE
2025-04-24 19:00:00+02:00;125,000;1,000;MESURE
2025-04-24 20:00:00+02:00;813,000;1,000;MESURE
2025-04-24 21:00:00+02:00;5500,000;1,000;MESURE
2025-04-24 22:00:00+02:00;3648,000;1,000;MESURE
2025-04-24 23:00:00+02:00;3189,000;1,000;MESURE
2025-04-25 00:00:00+02:00;2993,000;1,000;MESURE
2025-04-25 01:00:00+02:00;3014,000;1,000;MESURE
2025-04-25 02:00:00+02:00;3011,000;1,000;MESURE
2025-04-25 03:00:00+02:00;2995,000;1,000;MESURE
2025-04-25 04:00:00+02:00;3002,000;1,000;MESURE
2025-04-25 05:00:00+02:00;5331,000;1,000;MESURE
2025-04-25 06:00:00+02:00;1318,000;1,000;MESURE
2025-04-25 07:00:00+02:00;124,000;1,000;MESURE
2025-04-25 08:00:00+02:00;124,000;1,000;MESURE
2025-04-25 09:00:00+02:00;125,000;1,000;MESURE
2025-04-25 10:00:00+02:00;124,000;1,000;MESURE
2025-04-25 11:00:00+02:00;125,000;1,000;MESURE
2025-04-25 12:00:00+02:00;125,000;1,000;MESURE
2025-04-25 13:00:00+02:00;124,000;1,000;MESURE
2025-04-25 14:00:00+02:00;125,000;1,000;MESURE
2025-04-25 15:00:00+02:00;124,000;1,000;MESURE
2025-04-25 16:00:00+02:00;124,000;1,000;MESURE
2025-04-25 17:00:00+02:00;126,000;1,000;MESURE
2025-04-25 18:00:00+02:00;124,000;1,000;MESURE
2025-04-25 19:00:00+02:00;125,000;1,000;MESURE
2025-04-25 20:00:00+02:00;629,000;1,000;MESURE
2025-04-25 21:00:00+02:00;5514,000;1,000;MESURE
2025-04-25 22:00:00+02:00;3650,000;1,000;MESURE
2025-04-25 23:00:00+02:00;3188,000;1,000;MESURE
2025-04-26 00:00:00+02:00;3007,000;1,000;MESURE
2025-04-26 01:00:00+02:00;3012,000;1,000;MESURE
2025-04-26 02:00:00+02:00;3016,000;1,000;MESURE
2025-04-26 03:00:00+02:00;3013,000;1,000;MESURE
2025-04-26 04:00:00+02:00;3008,000;1,000;MESURE
2025-04-26 05:00:00+02:00;5324,000;1,000;MESURE
2025-04-26 06:00:00+02:00;1133,000;1,000;MESURE
2025-04-26 07:00:00+02:00;125,000;1,000;MESURE
2025-04-26 08:00:00+02:00;125,000;1,000;MESURE
2025-04-26 09:00:00+02:00;125,000;1,000;MESURE
2025-04-26 10:00:00+02:00;125,000;1,000;MESURE
2025-04-26 11:00:00+02:00;126,000;1,000;MESURE
2025-04-26 12:00:00+02:00;125,000;1,000;MESURE
2025-04-26 13:00:00+02:00;126,000;1,000;MESURE
2025-04-26 14:00:00+02:00;126,000;1,000;MESURE
2025-04-26 15:00:00+02:00;125,000;1,000;MESURE
2025-04-26 16:00:00+02:00;126,000;1,000;MESURE
2025-04-26 17:00:00+02:00;124,000;1,000;MESURE
2025-04-26 18:00:00+02:00;124,000;1,000;MESURE
2025-04-26 19:00:00+02:00;124,000;1,000;MESURE
2025-04-26 20:00:00+02:00;543,000;1,000;MESURE
2025-04-26 21:00:00+02:00;5480,000;1,000;MESURE
2025-04-26 22:00:00+02:00;3645,000;1,000;MESURE
2025-04-26 23:00:00+02:00;3164,000;1,000;MESURE
2025-04-27 00:00:00+02:00;2977,000;1,000;MESURE
2025-04-27 01:00:00+02:00;2985,000;1,000;MESURE
2025-04-27 02:00:00+02:00;2987,000;1,000;MESURE
2025-04-27 03:00:00+02:00;2998,000;1,000;MESURE
2025-04-27 04:00:00+02:00;3006,000;1,000;MESURE
2025-04-27 05:00:00+02:00;5305,000;1,000;MESURE
2025-04-27 06:00:00+02:00;1046,000;1,000;MESURE
2025-04-27 07:00:00+02:00;125,000;1,000;MESURE
2025-04-27 08:00:00+02:00;125,000;1,000;MESURE
2025-04-27 09:00:00+02:00;124,000;1,000;MESURE
2025-04-27 10:00:00+02:00;124,000;1,000;MESURE
2025-04-27 11:00:00+02:00;126,000;1,000;MESURE
2025-04-27 12:00:00+02:00;125,000;1,000;MESURE
2025-04-27 13:00:00+02:00;126,000;1,000;MESURE
2025-04-27 14:00:00+02:00;124,000;1,000;MESURE
2025-04-27 15:00:00+02:00;125,000;1,000;MESURE
2025-04-27 16:00:00+02:00;124,000;1,000;MESURE
2025-04-27 17:00:00+02:00;124,000;1,000;MESURE
2025-04-27 18:00:00+02:00;126,000;1,000;MESURE
2025-04-27 19:00:00+02:00;125,000;1,000;MESURE
2025-04-27 20:00:00+02:00;361,000;1,000;MESURE
2025-04-27 21:00:00+02:00;5512,000;1,000;MESURE
2025-04-27 22:00:00+02:00;3648,000;1,000;MESURE
2025-04-27 23:00:00+02:00;3179,000;1,000;MESURE
2025-04-28 00:00:00+02:00;2999,000;1,000;MESURE
2025-04-28 01:00:00+02:00;3000,000;1,000;MESURE
2025-04-28 02:00:00+02:00;3003,000;1,000;MESURE
2025-04-28 03:00:00+02:00;3008,000;1,000;MESURE
2025-04-28 04:00:00+02:00;3011,000;1,000;MESURE
2025-04-28 05:00:00+02:00;5316,000;1,000;MESURE
2025-04-28 06:00:00+02:00;862,000;1,000;MESURE
2025-04-28 07:00:00+02:00;124,000;1,000;MESURE
2025-04-28 08:00:00+02:00;125,000;1,000;MESURE
2025-04-28 09:00:00+02:00;125,000;1,000;MESURE
2025-04-28 10:00:00+02:00;125,000;1,000;MESURE
2025-04-28 11:00:00+02:00;125,000;1,000;MESURE
2025-04-28 12:00:00+02:00;125,000;1,000;MESURE
2025-04-28 13:00:00+02:00;124,000;1,000;MESURE
2025-04-28 14:00:00+02:00;125,000;1,000;MESURE
2025-04-28 15:00:00+02:00;124,000;1,000;MESURE
2025-04-28 16:00:00+02:00;125,000;1,000;MESURE
2025-04-28 17:00:00+02:00;124,000;1,000;MESURE
2025-04-28 18:00:00+02:00;124,000;1,000;MESURE
2025-04-28 19:00:00+02:00;125,000;1,000;MESURE
2025-04-28 20:00:00+02:00;276,000;1,000;MESURE
2025-04-28 21:00:00+02:00;5493,000;1,000;MESURE
2025-04-28 22:00:00+02:00;3647,000;1,000;MESURE
2025-04-28 23:00:00+02:00;3185,000;1,000;MESURE
2025-04-29 00:00:00+02:00;3008,000;1,000;MESURE
2025-04-29 01:00:00+02:00;3016,000;1,000;MESURE
2025-04-29 02:00:00+02:00;3019,000;1,000;MESURE
2025-04-29 03:00:00+02:00;3012,000;1,000;MESURE
2025-04-29 04:00:00+02:00;3001,000;1,000;MESURE
2025-04-29 05:00:00+02:00;5299,000;1,000;MESURE
2025-04-29 06:00:00+02:00;682,000;1,000;MESURE
2025-04-29 07:00:00+02:00;124,000;1,000;MESURE
2025-04-29 08:00:00+02:00;125,000;1,000;MESURE
2025-04-29 09:00:00+02:00;125,000;1,000;MESURE
2025-04-29 10:00:00+02:00;125,000;1,000;MESURE
2025-04-29 11:00:00+02:00;125,000;1,000;MESURE
2025-04-29 12:00:00+02:00;124,000;1,000;MESURE
2025-04-29 13:00:00+02:00;123,000;1,000;MESURE
2025-04-29 14:00:00+02:00;124,000;1,000;MESURE
2025-04-29 15:00:00+02:00;124,000;1,000;MESURE
2025-04-29 16:00:00+02:00;125,000;1,000;MESURE
2025-04-29 17:00:00+02:00;125,000;1,000;MESURE
2025-04-29 18:00:00+02:00;125,000;1,000;MESURE
2025-04-29 19:00:00+02:00;124,000;1,000;MESURE
2025-04-29 20:00:00+02:00;193,000;1,000;MESURE
2025-04-29 21:00:00+02:00;5496,000;1,000;MESURE
2025-04-29 22:00:00+02:00;3640,000;1,000;MESURE
2025-04-29 23:00:00+02:00;3179,000;1,000;MESURE
2025-04-30 00:00:00+02:00;3000,000;1,000;MESURE
2025-04-30 01:00:00+02:00;2989,000;1,000;MESURE
2025-04-30 02:00:00+02:00;2984,000;1,000;MESURE
2025-04-30 03:00:00+02:00;2988,000;1,000;MESURE
2025-04-30 04:00:00+02:00;2988,000;1,000;MESURE
2025-04-30 05:00:00+02:00;5315,000;1,000;MESURE
2025-04-30 06:00:00+02:00;591,000;1,000;MESURE
2025-04-30 07:00:00+02:00;124,000;1,000;MESURE
2025-04-30 08:00:00+02:00;125,000;1,000;MESURE
2025-04-30 09:00:00+02:00;125,000;1,000;MESURE
2025-04-30 10:00:00+02:00;125,000;1,000;MESURE
2025-04-30 11:00:00+02:00;124,000;1,000;MESURE
2025-04-30 12:00:00+02:00;126,000;1,000;MESURE
2025-04-30 13:00:00+02:00;126,000;1,000;MESURE
2025-04-30 14:00:00+02:00;126,000;1,000;MESURE
2025-04-30 15:00:00+02:00;125,000;1,000;MESURE
2025-04-30 16:00:00+02:00;125,000;1,000;MESURE
2025-04-30 17:00:00+02:00;125,000;1,000;MESURE
2025-04-30 18:00:00+02:00;125,000;1,000;MESURE
2025-04-30 19:00:00+02:00;124,000;1,000;MESURE
2025-04-30 20:00:00+02:00;122,000;1,000;MESURE
2025-04-30 21:00:00+02:00;5379,000;1,000;MESURE
2025-04-30 22:00:00+02:00;3634,000;1,000;MESURE
2025-04-30 23:00:00+02:00;3170,000;1,000;MESURE
2025-05-01 00:00:00+02:00;2996,000;1,000;MESURE
2025-05-01 01:00:00+02:00;2987,000;1,000;MESURE
2025-05-01 02:00:00+02:00;2984,000;1,000;MESURE
2025-05-01 03:00:00+02:00;2991,000;1,000;MESURE
2025-05-01 04:00:00+02:00;2998,000;1,000;MESURE
2025-05-01 05:00:00+02:00;5300,000;1,000;MESURE
2025-05-01 06:00:00+02:00;411,000;1,000;MESURE
2025-05-01 07:00:00+02:00;126,000;1,000;MESURE
2025-05-01 08:00:00+02:00;124,000;1,000;MESURE
2025-05-01 09:00:00+02:00;124,000;1,000;MESURE
2025-05-01 10:00:00+02:00;125,000;1,000;MESURE
2025-05-01 11:00:00+02:00;124,000;1,000;MESURE
2025-05-01 12:00:00+02:00;124,000;1,000;MESURE
2025-05-01 13:00:00+02:00;125,000;1,000;MESURE
2025-05-01 14:00:00+02:00;125,000;1,000;MESURE
2025-05-01 15:00:00+02:00;124,000;1,000;MESURE
2025-05-01 16:00:00+02:00;125,000;1,000;MESURE
2025-05-01 17:00:00+02:00;124,000;1,000;MESURE
2025-05-01 18:00:00+02:00;125,000;1,000;MESURE
2025-05-01 19:00:00+02:00;124,000;1,000;MESURE
2025-05-01 20:00:00+02:00;123,000;1,000;MESURE
2025-05-01 21:00:00+02:00;5276,000;1,000;MESURE
2025-05-01 22:00:00+02:00;3632,000;1,000;MESURE
2025-05-01 23:00:00+02:00;3166,000;1,000;MESURE
2025-05-02 00:00:00+02:00;2990,000;1,000;MESURE
2025-05-02 01:00:00+02:00;3005,000;1,000;MESURE
2025-05-02 02:00:00+02:00;3002,000;1,000;MESURE
2025-05-02 03:00:00+02:00;3001,000;1,000;MESURE
2025-05-02 04:00:00+02:00;3014,000;1,000;MESURE
2025-05-02 05:00:00+02:00;5318,000;1,000;MESURE
2025-05-02 06:00:00+02:00;321,000;1,000;MESURE
2025-05-02 07:00:00+02:00;125,000;1,000;MESURE
2025-05-02 08:00:00+02:00;124,000;1,000;MESURE
2025-05-02 09:00:00+02:00;125,000;1,000;MESURE
2025-05-02 10:00:00+02:00;125,000;1,000;MESURE
2025-05-02 11:00:00+02:00;125,000;1,000;MESURE
2025-05-02 12:00:00+02:00;123,000;1,000;MESURE
2025-05-02 13:00:00+02:00;124,000;1,000;MESURE
2025-05-02 14:00:00+02:00;124,000;1,000;MESURE
2025-05-02 15:00:00+02:00;124,000;1,000;MESURE
2025-05-02 16:00:00+02:00;124,000;1,000;MESURE
2025-05-02 17:00:00+02:00;125,000;1,000;MESURE
2025-05-02 18:00:00+02:00;125,000;1,000;MESURE
2025-05-02 19:00:00+02:00;124,000;1,000;MESURE
2025-05-02 20:00:00+02:00;120,000;1,000;MESURE
2025-05-02 21:00:00+02:00;5204,000;1,000;MESURE
2025-05-02 22:00:00+02:00;3642,000;1,000;MESURE
2025-05-02 23:00:00+02:00;3184,000;1,000;MESURE
2025-05-03 00:00:00+02:00;2983,000;1,000;MESURE
2025-05-03 01:00:00+02:00;3003,000;1,000;MESURE
2025-05-03 02:00:00+02:00;3002,000;1,000;MESURE
2025-05-03 03:00:00+02:00;2988,000;1,000;MESURE
2025-05-03 04:00:00+02:00;2988,000;1,000;MESURE
2025-05-03 05:00:00+02:00;5309,000;1,000;MESURE
2025-05-03 06:00:00+02:00;156,000;1,000;MESURE
2025-05-03 07:00:00+02:00;125,000;1,000;MESURE
2025-05-03 08:00:00+02:00;126,000;1,000;MESURE
2025-05-03 09:00:00+02:00;125,000;1,000;MESURE
2025-05-03 10:00:00+02:00;125,000;1,000;MESURE
2025-05-03 11:00:00+02:00;124,000;1,000;MESURE
2025-05-03 12:00:00+02:00;124,000;1,000;MESURE
2025-05-03 13:00:00+02:00;125,000;1,000;MESURE
2025-05-03 14:00:00+02:00;124,000;1,000;MESURE
2025-05-03 15:00:00+02:00;124,000;1,000;MESURE
2025-05-03 16:00:00+02:00;125,000;1,000;MESURE
2025-05-03 17:00:00+02:00;124,000;1,000;MESURE
2025-05-03 18:00:00+02:00;124,000;1,000;MESURE
2025-05-03 19:00:00+02:00;124,000;1,000;MESURE
2025-05-03 20:00:00+02:00;121,000;1,000;MESURE
2025-05-03 21:00:00+02:00;4995,000;1,000;MESURE
2025-05-03 22:00:00+02:00;3658,000;1,000;MESURE
2025-05-03 23:00:00+02:00;3168,000;1,000;MESURE
2025-05-04 00:00:00+02:00;2985,000;1,000;MESURE
2025-05-04 01:00:00+02:00;2994,000;1,000;MESURE
2025-05-04 02:00:00+02:00;2997,000;1,000;MESURE
2025-05-04 03:00:00+02:00;2994,000;1,000;MESURE
2025-05-04 04:00:00+02:00;2993,000;1,000;MESURE
2025-05-04 05:00:00+02:00;5136,000;1,000;MESURE
2025-05-04 06:00:00+02:00;125,000;1,000;MESURE
2025-05-04 07:00:00+02:00;124,000;1,000;MESURE
2025-05-04 08:00:00+02:00;124,000;1,000;MESURE
2025-05-04 09:00:00+02:00;124,000;1,000;MESURE
2025-05-04 10:00:00+02:00;124,000;1,000;MESURE
2025-05-04 11:00:00+02:00;125,000;1,000;MESURE
2025-05-04 12:00:00+02:00;124,000;1,000;MESURE
2025-05-04 13:00:00+02:00;124,000;1,000;MESURE
2025-05-04 14:00:00+02:00;124,000;1,000;MESURE
2025-05-04 15:00:00+02:00;125,000;1,000;MESURE
2025-05-04 16:00:00+02:00;124,000;1,000;MESURE
2025-05-04 17:00:00+02:00;125,000;1,000;MESURE
2025-05-04 18:00:00+02:00;123,000;1,000;MESURE
2025-05-04 19:00:00+02:00;128,000;1,000;MESURE
2025-05-04 20:00:00+02:00;123,000;1,000;MESURE
2025-05-04 21:00:00+02:00;4969,000;1,000;MESURE
2025-05-04 22:00:00+02:00;3667,000;1,000;MESURE
2025-05-04 23:00:00+02:00;3183,000;1,000;MESURE
2025-05-05 00:00:00+02:00;2988,000;1,000;MESURE
2025-05-05 01:00:00+02:00;3015,000;1,000;MESURE
2025-05-05 02:00:00+02:00;3004,000;1,000;MESURE
2025-05-05 03:00:00+02:00;2996,000;1,000;MESURE
2025-05-05 04:00:00+02:00;2997,000;1,000;MESURE
2025-05-05 05:00:00+02:00;5076,000;1,000;MESURE
2025-05-05 06:00:00+02:00;127,000;1,000;MESURE
2025-05-05 07:00:00+02:00;125,000;1,000;MESURE
2025-05-05 08:00:00+02:00;124,000;1,000;MESURE
2025-05-05 09:00:00+02:00;125,000;1,000;MESURE
2025-05-05 10:00:00+02:00;126,000;1,000;MESURE
2025-05-05 11:00:00+02:00;125,000;1,000;MESURE
2025-05-05 12:00:00+02:00;125,000;1,000;MESURE
2025-05-05 13:00:00+02:00;126,000;1,000;MESURE
2025-05-05 14:00:00+02:00;125,000;1,000;MESURE
2025-05-05 15:00:00+02:00;125,000;1,000;MESURE
2025-05-05 16:00:00+02:00;125,000;1,000;MESURE
2025-05-05 17:00:00+02:00;125,000;1,000;MESURE
2025-05-05 18:00:00+02:00;125,000;1,000;MESURE
2025-05-05 19:00:00+02:00;125,000;1,000;MESURE
2025-05-05 20:00:00+02:00;123,000;1,000;MESURE
2025-05-05 21:00:00+02:00;4791,000;1,000;MESURE
2025-05-05 22:00:00+02:00;3676,000;1,000;MESURE
2025-05-05 23:00:00+02:00;3187,000;1,000;MESURE
2025-05-06 00:00:00+02:00;2995,000;1,000;MESURE
2025-05-06 01:00:00+02:00;2997,000;1,000;MESURE
2025-05-06 02:00:00+02:00;3004,000;1,000;MESURE
2025-05-06 03:00:00+02:00;3010,000;1,000;MESURE
2025-05-06 04:00:00+02:00;3014,000;1,000;MESURE
2025-05-06 05:00:00+02:00;4884,000;1,000;MESURE
2025-05-06 06:00:00+02:00;126,000;1,000;MESURE
2025-05-06 07:00:00+02:00;124,000;1,000;MESURE
2025-05-06 08:00:00+02:00;124,000;1,000;MESURE
2025-05-06 09:00:00+02:00;125,000;1,000;MESURE
2025-05-06 10:00:00+02:00;125,000;1,000;MESURE
2025-05-06 11:00:00+02:00;126,000;1,000;MESURE
2025-05-06 12:00:00+02:00;126,000;1,000;MESURE
2025-05-06 13:00:00+02:00;125,000;1,000;MESURE
2025-05-06 14:00:00+02:00;124,000;1,000;MESURE
2025-05-06 15:00:00+02:00;124,000;1,000;MESURE
2025-05-06 16:00:00+02:00;124,000;1,000;MESURE
2025-05-06 17:00:00+02:00;125,000;1,000;MESURE
2025-05-06 18:00:00+02:00;124,000;1,000;MESURE
2025-05-06 19:00:00+02:00;125,000;1,000;MESURE
2025-05-06 20:00:00+02:00;124,000;1,000;MESURE
2025-05-06 21:00:00+02:00;4668,000;1,000;MESURE
2025-05-06 22:00:00+02:00;3643,000;1,000;MESURE
2025-05-06 23:00:00+02:00;3176,000;1,000;MESURE
2025-05-07 00:00:00+02:00;2986,000;1,000;MESURE
2025-05-07 01:00:00+02:00;2997,000;1,000;MESURE
2025-05-07 02:00:00+02:00;2997,000;1,000;MESURE
2025-05-07 03:00:00+02:00;3004,000;1,000;MESURE
2025-05-07 04:00:00+02:00;3003,000;1,000;MESURE
2025-05-07 05:00:00+02:00;4782,000;1,000;MESURE
2025-05-07 06:00:00+02:00;126,000;1,000;MESURE
2025-05-07 07:00:00+02:00;125,000;1,000;MESURE
2025-05-07 08:00:00+02:00;124,000;1,000;MESURE
2025-05-07 09:00:00+02:00;124,000;1,000;MESURE
2025-05-07 10:00:00+02:00;126,000;1,000;MESURE
2025-05-07 11:00:00+02:00;125,000;1,000;MESURE
2025-05-07 12:00:00+02:00;125,000;1,000;MESURE
2025-05-07 13:00:00+02:00;124,000;1,000;MESURE
2025-05-07 14:00:00+02:00;124,000;1,000;MESURE
2025-05-07 15:00:00+02:00;125,000;1,000;MESURE
2025-05-07 16:00:00+02:00;125,000;1,000;MESURE
2025-05-07 17:00:00+02:00;125,000;1,000;MESURE
2025-05-07 18:00:00+02:00;124,000;1,000;MESURE
2025-05-07 19:00:00+02:00;125,000;1,000;MESURE
2025-05-07 20:00:00+02:00;125,000;1,000;MESURE
2025-05-07 21:00:00+02:00;4577,000;1,000;MESURE
2025-05-07 22:00:00+02:00;3643,000;1,000;MESURE
2025-05-07 23:00:00+02:00;3180,000;1,000;MESURE
2025-05-08 00:00:00+02:00;2994,000;1,000;MESURE
2025-05-08 01:00:00+02:00;2996,000;1,000;MESURE
2025-05-08 02:00:00+02:00;3001,000;1,000;MESURE
2025-05-08 03:00:00+02:00;3011,000;1,000;MESURE
2025-05-08 04:00:00+02:00;3014,000;1,000;MESURE
2025-05-08 05:00:00+02:00;4626,000;1,000;MESURE
2025-05-08 06:00:00+02:00;124,000;1,000;MESURE
2025-05-08 07:00:00+02:00;125,000;1,000;MESURE
2025-05-08 08:00:00+02:00;124,000;1,000;MESURE
2025-05-08 09:00:00+02:00;125,000;1,000;MESURE
2025-05-08 10:00:00+02:00;125,000;1,000;MESURE
2025-05-08 11:00:00+02:00;124,000;1,000;MESURE
2025-05-08 12:00:00+02:00;125,000;1,000;MESURE
2025-05-08 13:00:00+02:00;124,000;1,000;MESURE
2025-05-08 14:00:00+02:00;124,000;1,000;MESURE
2025-05-08 15:00:00+02:00;125,000;1,000;MESURE
2025-05-08 16:00:00+02:00;125,000;1,000;MESURE
2025-05-08 17:00:00+02:00;124,000;1,000;MESURE
2025-05-08 18:00:00+02:00;124,000;1,000;MESURE
2025-05-08 19:00:00+02:00;124,000;1,000;MESURE
2025-05-08 20:00:00+02:00;124,000;1,000;MESURE
2025-05-08 21:00:00+02:00;4396,000;1,000;MESURE
2025-05-08 22:00:00+02:00;3629,000;1,000;MESURE
2025-05-08 23:00:00+02:00;3157,000;1,000;MESURE
2025-05-09 00:00:00+02:00;2979,000;1,000;MESURE
2025-05-09 01:00:00+02:00;2996,000;1,000;MESURE
2025-05-09 02:00:00+02:00;2990,000;1,000;MESURE
2025-05-09 03:00:00+02:00;2993,000;1,000;MESURE
2025-05-09 04:00:00+02:00;3000,000;1,000;MESURE
2025-05-09 05:00:00+02:00;4519,000;1,000;MESURE
2025-05-09 06:00:00+02:00;124,000;1,000;MESURE
2025-05-09 07:00:00+02:00;125,000;1,000;MESURE
2025-05-09 08:00:00+02:00;125,000;1,000;MESURE
2025-05-09 09:00:00+02:00;124,000;1,000;MESURE
2025-05-09 10:00:00+02:00;124,000;1,000;MESURE
2025-05-09 11:00:00+02:00;124,000;1,000;MESURE
2025-05-09 12:00:00+02:00;124,000;1,000;MESURE
2025-05-09 13:00:00+02:00;124,000;1,000;MESURE
2025-05-09 14:00:00+02:00;124,000;1,000;MESURE
2025-05-09 15:00:00+02:00;124,000;1,000;MESURE
2025-05-09 16:00:00+02:00;124,000;1,000;MESURE
2025-05-09 17:00:00+02:00;125,000;1,000;MESURE
2025-05-09 18:00:00+02:00;124,000;1,000;MESURE
2025-05-09 19:00:00+02:00;124,000;1,000;MESURE
2025-05-09 20:00:00+02:00;121,000;1,000;MESURE
2025-05-09 21:00:00+02:00;4311,000;1,000;MESURE
2025-05-09 22:00:00+02:00;3647,000;1,000;MESURE
2025-05-09 23:00:00+02:00;3183,000;1,000;MESURE
2025-05-10 00:00:00+02:00;2989,000;1,000;MESURE
2025-05-10 01:00:00+02:00;2996,000;1,000;MESURE
2025-05-10 02:00:00+02:00;2996,000;1,000;MESURE
2025-05-10 03:00:00+02:00;2997,000;1,000;MESURE
2025-05-10 04:00:00+02:00;3002,000;1,000;MESURE
2025-05-10 05:00:00+02:00;4434,000;1,000;MESURE
2025-05-10 06:00:00+02:00;122,000;1,000;MESURE
2025-05-10 07:00:00+02:00;125,000;1,000;MESURE
2025-05-10 08:00:00+02:00;125,000;1,000;MESURE
2025-05-10 09:00:00+02:00;125,000;1,000;MESURE
2025-05-10 10:00:00+02:00;124,000;1,000;MESURE
2025-05-10 11:00:00+02:00;125,000;1,000;MESURE
2025-05-10 12:00:00+02:00;124,000;1,000;MESURE
2025-05-10 13:00:00+02:00;125,000;1,000;MESURE
2025-05-10 14:00:00+02:00;124,000;1,000;MESURE
2025-05-10 15:00:00+02:00;125,000;1,000;MESURE
2025-05-10 16:00:00+02:00;125,000;1,000;MESURE
2025-05-10 17:00:00+02:00;124,000;1,000;MESURE
2025-05-10 18:00:00+02:00;125,000;1,000;MESURE
2025-05-10 19:00:00+02:00;124,000;1,000;MESURE
2025-05-10 20:00:00+02:00;122,000;1,000;MESURE
2025-05-10 21:00:00+02:00;4212,000;1,000;MESURE
2025-05-10 22:00:00+02:00;3634,000;1,000;MESURE
2025-05-10 23:00:00+02:00;3153,000;1,000;MESURE
2025-05-11 00:00:00+02:00;2972,000;1,000;MESURE
2025-05-11 01:00:00+02:00;2984,000;1,000;MESURE
2025-05-11 02:00:00+02:00;2990,000;1,000;MESURE
2025-05-11 03:00:00+02:00;2994,000;1,000;MESURE
2025-05-11 04:00:00+02:00;3001,000;1,000;MESURE
2025-05-11 05:00:00+02:00;4267,000;1,000;MESURE
2025-05-11 06:00:00+02:00;123,000;1,000;MESURE
2025-05-11 07:00:00+02:00;125,000;1,000;MESURE
2025-05-11 08:00:00+02:00;125,000;1,000;MESURE
2025-05-11 09:00:00+02:00;124,000;1,000;MESURE
2025-05-11 10:00:00+02:00;125,000;1,000;MESURE
2025-05-11 11:00:00+02:00;125,000;1,000;MESURE
2025-05-11 12:00:00+02:00;124,000;1,000;MESURE
2025-05-11 13:00:00+02:00;124,000;1,000;MESURE
2025-05-11 14:00:00+02:00;124,000;1,000;MESURE
2025-05-11 15:00:00+02:00;125,000;1,000;MESURE
2025-05-11 16:00:00+02:00;125,000;1,000;MESURE
2025-05-11 17:00:00+02:00;124,000;1,000;MESURE
2025-05-11 18:00:00+02:00;124,000;1,000;MESURE
2025-05-11 19:00:00+02:00;123,000;1,000;MESURE
2025-05-11 20:00:00+02:00;122,000;1,000;MESURE
2025-05-11 21:00:00+02:00;4065,000;1,000;MESURE
2025-05-11 22:00:00+02:00;3669,000;1,000;MESURE
2025-05-11 23:00:00+02:00;3201,000;1,000;MESURE
2025-05-12 00:00:00+02:00;3016,000;1,000;MESURE
2025-05-12 01:00:00+02:00;3004,000;1,000;MESURE
2025-05-12 02:00:00+02:00;3000,000;1,000;MESURE
2025-05-12 03:00:00+02:00;3000,000;1,000;MESURE
2025-05-12 04:00:00+02:00;3001,000;1,000;MESURE
2025-05-12 05:00:00+02:00;4187,000;1,000;MESURE
2025-05-12 06:00:00+02:00;125,000;1,000;MESURE
2025-05-12 07:00:00+02:00;125,000;1,000;MESURE
2025-05-12 08:00:00+02:00;123,000;1,000;MESURE
2025-05-12 09:00:00+02:00;124,000;1,000;MESURE
2025-05-12 10:00:00+02:00;125,000;1,000;MESURE
2025-05-12 11:00:00+02:00;125,000;1,000;MESURE
2025-05-12 12:00:00+02:00;124,000;1,000;MESURE
2025-05-12 13:00:00+02:00;124,000;1,000;MESURE
2025-05-12 14:00:00+02:00;124,000;1,000;MESURE
2025-05-12 15:00:00+02:00;124,000;1,000;MESURE
2025-05-12 16:00:00+02:00;124,000;1,000;MESURE
2025-05-12 17:00:00+02:00;124,000;1,000;MESURE
2025-05-12 18:00:00+02:00;124,000;1,000;MESURE
2025-05-12 19:00:00+02:00;124,000;1,000;MESURE
2025-05-12 20:00:00+02:00;122,000;1,000;MESURE
2025-05-12 21:00:00+02:00;3952,000;1,000;MESURE
2025-05-12 22:00:00+02:00;3641,000;1,000;MESURE
2025-05-12 23:00:00+02:00;3169,000;1,000;MESURE
2025-05-13 00:00:00+02:00;2992,000;1,000;MESURE
2025-05-13 01:00:00+02:00;3002,000;1,000;MESURE
2025-05-13 02:00:00+02:00;3004,000;1,000;MESURE
2025-05-13 03:00:00+02:00;3014,000;1,000;MESURE
2025-05-13 04:00:00+02:00;3013,000;1,000;MESURE
2025-05-13 05:00:00+02:00;4084,000;1,000;MESURE
2025-05-13 06:00:00+02:00;123,000;1,000;MESURE
2025-05-13 07:00:00+02:00;124,000;1,000;MESURE
2025-05-13 08:00:00+02:00;125,000;1,000;MESURE
2025-05-13 09:00:00+02:00;125,000;1,000;MESURE
2025-05-13 10:00:00+02:00;126,000;1,000;MESURE
2025-05-13 11:00:00+02:00;125,000;1,000;MESURE
2025-05-13 12:00:00+02:00;125,000;1,000;MESURE
2025-05-13 13:00:00+02:00;125,000;1,000;MESURE
2025-05-13 14:00:00+02:00;125,000;1,000;MESURE
2025-05-13 15:00:00+02:00;124,000;1,000;MESURE
2025-05-13 16:00:00+02:00;124,000;1,000;MESURE
2025-05-13 17:00:00+02:00;125,000;1,000;MESURE
2025-05-13 18:00:00+02:00;124,000;1,000;MESURE
2025-05-13 19:00:00+02:00;125,000;1,000;MESURE
2025-05-13 20:00:00+02:00;121,000;1,000;MESURE
2025-05-13 21:00:00+02:00;3867,000;1,000;MESURE
2025-05-13 22:00:00+02:00;3632,000;1,000;MESURE
2025-05-13 23:00:00+02:00;3182,000;1,000;MESURE
2025-05-14 00:00:00+02:00;2986,000;1,000;MESURE
2025-05-14 01:00:00+02:00;2992,000;1,000;MESURE
2025-05-14 02:00:00+02:00;2991,000;1,000;MESURE
2025-05-14 03:00:00+02:00;3000,000;1,000;MESURE
2025-05-14 04:00:00+02:00;2995,000;1,000;MESURE
2025-05-14 05:00:00+02:00;3929,000;1,000;MESURE
2025-05-14 06:00:00+02:00;124,000;1,000;MESURE
2025-05-14 07:00:00+02:00;124,000;1,000;MESURE
2025-05-14 08:00:00+02:00;124,000;1,000;MESURE
2025-05-14 09:00:00+02:00;125,000;1,000;MESURE
2025-05-14 10:00:00+02:00;124,000;1,000;MESURE
2025-05-14 11:00:00+02:00;125,000;1,000;MESURE
2025-05-14 12:00:00+02:00;125,000;1,000;MESURE
2025-05-14 13:00:00+02:00;124,000;1,000;MESURE
2025-05-14 14:00:00+02:00;125,000;1,000;MESURE
2025-05-14 15:00:00+02:00;125,000;1,000;MESURE
2025-05-14 16:00:00+02:00;125,000;1,000;MESURE
2025-05-14 17:00:00+02:00;124,000;1,000;MESURE
2025-05-14 18:00:00+02:00;124,000;1,000;MESURE
2025-05-14 19:00:00+02:00;124,000;1,000;MESURE
2025-05-14 20:00:00+02:00;118,000;1,000;MESURE
2025-05-14 21:00:00+02:00;3760,000;1,000;MESURE
2025-05-14 22:00:00+02:00;3623,000;1,000;MESURE
2025-05-14 23:00:00+02:00;3160,000;1,000;MESURE
2025-05-15 00:00:00+02:00;2984,000;1,000;MESURE
2025-05-15 01:00:00+02:00;2997,000;1,000;MESURE
2025-05-15 02:00:00+02:00;2999,000;1,000;MESURE
2025-05-15 03:00:00+02:00;3005,000;1,000;MESURE
2025-05-15 04:00:00+02:00;3002,000;1,000;MESURE
2025-05-15 05:00:00+02:00;3820,000;1,000;MESURE
2025-05-15 06:00:00+02:00;122,000;1,000;MESURE
2025-05-15 07:00:00+02:00;126,000;1,000;MESURE
2025-05-15 08:00:00+02:00;125,000;1,000;MESURE
2025-05-15 09:00:00+02:00;125,000;1,000;MESURE
2025-05-15 10:00:00+02:00;125,000;1,000;MESURE
2025-05-15 11:00:00+02:00;124,000;1,000;MESURE
2025-05-15 12:00:00+02:00;123,000;1,000;MESURE
2025-05-15 13:00:00+02:00;124,000;1,000;MESURE
2025-05-15 14:00:00+02:00;124,000;1,000;MESURE
2025-05-15 15:00:00+02:00;124,000;1,000;MESURE
2025-05-15 16:00:00+02:00;123,000;1,000;MESURE
2025-05-15 17:00:00+02:00;124,000;1,000;MESURE
2025-05-15 18:00:00+02:00;124,000;1,000;MESURE
2025-05-15 19:00:00+02:00;124,000;1,000;MESURE
2025-05-15 20:00:00+02:00;119,000;1,000;MESURE
2025-05-15 21:00:00+02:00;3584,000;1,000;MESURE
2025-05-15 22:00:00+02:00;3621,000;1,000;MESURE
2025-05-15 23:00:00+02:00;3157,000;1,000;MESURE
2025-05-16 00:00:00+02:00;2987,000;1,000;MESURE
2025-05-16 01:00:00+02:00;2991,000;1,000;MESURE
2025-05-16 02:00:00+02:00;2989,000;1,000;MESURE
2025-05-16 03:00:00+02:00;2999,000;1,000;MESURE
2025-05-16 04:00:00+02:00;3000,000;1,000;MESURE
2025-05-16 05:00:00+02:00;3724,000;1,000;MESURE
2025-05-16 06:00:00+02:00;123,000;1,000;MESURE
2025-05-16 07:00:00+02:00;124,000;1,000;MESURE
2025-05-16 08:00:00+02:00;124,000;1,000;MESURE
2025-05-16 09:00:00+02:00;125,000;1,000;MESURE
2025-05-16 10:00:00+02:00;125,000;1,000;MESURE
2025-05-16 11:00:00+02:00;126,000;1,000;MESURE
2025-05-16 12:00:00+02:00;124,000;1,000;MESURE
2025-05-16 13:00:00+02:00;124,000;1,000;MESURE
2025-05-16 14:00:00+02:00;124,000;1,000;MESURE
2025-05-16 15:00:00+02:00;123,000;1,000;MESURE
2025-05-16 16:00:00+02:00;124,000;1,000;MESURE
2025-05-16 17:00:00+02:00;125,000;1,000;MESURE
2025-05-16 18:00:00+02:00;124,000;1,000;MESURE
2025-05-16 19:00:00+02:00;124,000;1,000;MESURE
2025-05-16 20:00:00+02:00;121,000;1,000;MESURE
2025-05-16 21:00:00+02:00;3494,000;1,000;MESURE
2025-05-16 22:00:00+02:00;3618,000;1,000;MESURE
2025-05-16 23:00:00+02:00;3168,000;1,000;MESURE
2025-05-17 00:00:00+02:00;2996,000;1,000;MESURE
2025-05-17 01:00:00+02:00;2999,000;1,000;MESURE
2025-05-17 02:00:00+02:00;3004,000;1,000;MESURE
2025-05-17 03:00:00+02:00;3008,000;1,000;MESURE
2025-05-17 04:00:00+02:00;3013,000;1,000;MESURE
2025-05-17 05:00:00+02:00;3667,000;1,000;MESURE
2025-05-17 06:00:00+02:00;123,000;1,000;MESURE
2025-05-17 07:00:00+02:00;124,000;1,000;MESURE
2025-05-17 08:00:00+02:00;124,000;1,000;MESURE
2025-05-17 09:00:00+02:00;126,000;1,000;MESURE
2025-05-17 10:00:00+02:00;125,000;1,000;MESURE
2025-05-17 11:00:00+02:00;124,000;1,000;MESURE
2025-05-17 12:00:00+02:00;124,000;1,000;MESURE
2025-05-17 13:00:00+02:00;124,000;1,000;MESURE
2025-05-17 14:00:00+02:00;124,000;1,000;MESURE
2025-05-17 15:00:00+02:00;126,000;1,000;MESURE
2025-05-17 16:00:00+02:00;125,000;1,000;MESURE
2025-05-17 17:00:00+02:00;124,000;1,000;MESURE
2025-05-17 18:00:00+02:00;125,000;1,000;MESURE
2025-05-17 19:00:00+02:00;125,000;1,000;MESURE
2025-05-17 20:00:00+02:00;121,000;1,000;MESURE
2025-05-17 21:00:00+02:00;3412,000;1,000;MESURE
2025-05-17 22:00:00+02:00;3638,000;1,000;MESURE
2025-05-17 23:00:00+02:00;3176,000;1,000;MESURE
2025-05-18 00:00:00+02:00;2987,000;1,000;MESURE
2025-05-18 01:00:00+02:00;2985,000;1,000;MESURE
2025-05-18 02:00:00+02:00;2992,000;1,000;MESURE
2025-05-18 03:00:00+02:00;2993,000;1,000;MESURE
2025-05-18 04:00:00+02:00;3001,000;1,000;MESURE
2025-05-18 05:00:00+02:00;3483,000;1,000;MESURE
2025-05-18 06:00:00+02:00;122,000;1,000;MESURE
2025-05-18 07:00:00+02:00;125,000;1,000;MESURE
2025-05-18 08:00:00+02:00;125,000;1,000;MESURE
2025-05-18 09:00:00+02:00;126,000;1,000;MESURE
2025-05-18 10:00:00+02:00;124,000;1,000;MESURE
2025-05-18 11:00:00+02:00;124,000;1,000;MESURE
2025-05-18 12:00:00+02:00;124,000;1,000;MESURE
2025-05-18 13:00:00+02:00;124,000;1,000;MESURE
2025-05-18 14:00:00+02:00;124,000;1,000;MESURE
2025-05-18 15:00:00+02:00;124,000;1,000;MESURE
2025-05-18 16:00:00+02:00;125,000;1,000;MESURE
2025-05-18 17:00:00+02:00;125,000;1,000;MESURE
2025-05-18 18:00:00+02:00;124,000;1,000;MESURE
2025-05-18 19:00:00+02:00;124,000;1,000;MESURE
2025-05-18 20:00:00+02:00;122,000;1,000;MESURE
2025-05-18 21:00:00+02:00;3337,000;1,000;MESURE
2025-05-18 22:00:00+02:00;3629,000;1,000;MESURE
2025-05-18 23:00:00+02:00;3177,000;1,000;MESURE
2025-05-19 00:00:00+02:00;2986,000;1,000;MESURE
2025-05-19 01:00:00+02:00;2995,000;1,000;MESURE
2025-05-19 02:00:00+02:00;2999,000;1,000;MESURE
2025-05-19 03:00:00+02:00;3000,000;1,000;MESURE
2025-05-19 04:00:00+02:00;3001,000;1,000;MESURE
2025-05-19 05:00:00+02:00;3393,000;1,000;MESURE
2025-05-19 06:00:00+02:00;123,000;1,000;MESURE
2025-05-19 07:00:00+02:00;125,000;1,000;MESURE
2025-05-19 08:00:00+02:00;125,000;1,000;MESURE
2025-05-19 09:00:00+02:00;124,000;1,000;MESURE
2025-05-19 10:00:00+02:00;124,000;1,000;MESURE
2025-05-19 11:00:00+02:00;124,000;1,000;MESURE
2025-05-19 12:00:00+02:00;125,000;1,000;MESURE
2025-05-19 13:00:00+02:00;125,000;1,000;MESURE
2025-05-19 14:00:00+02:00;125,000;1,000;MESURE
2025-05-19 15:00:00+02:00;124,000;1,000;MESURE
2025-05-19 16:00:00+02:00;125,000;1,000;MESURE
2025-05-19 17:00:00+02:00;124,000;1,000;MESURE
2025-05-19 18:00:00+02:00;124,000;1,000;MESURE
2025-05-19 19:00:00+02:00;123,000;1,000;MESURE
2025-05-19 20:00:00+02:00;121,000;1,000;MESURE
2025-05-19 21:00:00+02:00;3161,000;1,000;MESURE
2025-05-19 22:00:00+02:00;3641,000;1,000;MESURE
2025-05-19 23:00:00+02:00;3177,000;1,000;MESURE
2025-05-20 00:00:00+02:00;3009,000;1,000;MESURE
2025-05-20 01:00:00+02:00;3011,000;1,000;MESURE
2025-05-20 02:00:00+02:00;3012,000;1,000;MESURE
2025-05-20 03:00:00+02:00;3017,000;1,000;MESURE
2025-05-20 04:00:00+02:00;3013,000;1,000;MESURE
2025-05-20 05:00:00+02:00;3319,000;1,000;MESURE
2025-05-20 06:00:00+02:00;123,000;1,000;MESURE
2025-05-20 07:00:00+02:00;124,000;1,000;MESURE
2025-05-20 08:00:00+02:00;125,000;1,000;MESURE
2025-05-20 09:00:00+02:00;125,000;1,000;MESURE
2025-05-20 10:00:00+02:00;126,000;1,000;MESURE
2025-05-20 11:00:00+02:00;123,000;1,000;MESURE
2025-05-20 12:00:00+02:00;125,000;1,000;MESURE
2025-05-20 13:00:00+02:00;125,000;1,000;MESURE
2025-05-20 14:00:00+02:00;124,000;1,000;MESURE
2025-05-20 15:00:00+02:00;124,000;1,000;MESURE
2025-05-20 16:00:00+02:00;125,000;1,000;MESURE
2025-05-20 17:00:00+02:00;125,000;1,000;MESURE
2025-05-20 18:00:00+02:00;124,000;1,000;MESURE
2025-05-20 19:00:00+02:00;124,000;1,000;MESURE
2025-05-20 20:00:00+02:00;120,000;1,000;MESURE
2025-05-20 21:00:00+02:00;3071,000;1,000;MESURE
2025-05-20 22:00:00+02:00;3638,000;1,000;MESURE
2025-05-20 23:00:00+02:00;3180,000;1,000;MESURE
2025-05-21 00:00:00+02:00;3004,000;1,000;MESURE
2025-05-21 01:00:00+02:00;3010,000;1,000;MESURE
2025-05-21 02:00:00+02:00;3009,000;1,000;MESURE
2025-05-21 03:00:00+02:00;3015,000;1,000;MESURE
2025-05-21 04:00:00+02:00;3017,000;1,000;MESURE
2025-05-21 05:00:00+02:00;3224,000;1,000;MESURE
2025-05-21 06:00:00+02:00;124,000;1,000;MESURE
2025-05-21 07:00:00+02:00;125,000;1,000;MESURE
2025-05-21 08:00:00+02:00;124,000;1,000;MESURE
2025-05-21 09:00:00+02:00;125,000;1,000;MESURE
2025-05-21 10:00:00+02:00;124,000;1,000;MESURE
2025-05-21 11:00:00+02:00;124,000;1,000;MESURE
2025-05-21 12:00:00+02:00;124,000;1,000;MESURE
2025-05-21 13:00:00+02:00;125,000;1,000;MESURE
2025-05-21 14:00:00+02:00;125,000;1,000;MESURE
2025-05-21 15:00:00+02:00;124,000;1,000;MESURE
2025-05-21 16:00:00+02:00;125,000;1,000;MESURE
2025-05-21 17:00:00+02:00;125,000;1,000;MESURE
2025-05-21 18:00:00+02:00;125,000;1,000;MESURE
2025-05-21 19:00:00+02:00;123,000;1,000;MESURE
2025-05-21 20:00:00+02:00;120,000;1,000;MESURE
2025-05-21 21:00:00+02:00;2971,000;1,000;MESURE
2025-05-21 22:00:00+02:00;3626,000;1,000;MESURE
2025-05-21 23:00:00+02:00;3167,000;1,000;MESURE
2025-05-22 00:00:00+02:00;2995,000;1,000;MESURE
2025-05-22 01:00:00+02:00;3009,000;1,000;MESURE
2025-05-22 02:00:00+02:00;3008,000;1,000;MESURE
2025-05-22 03:00:00+02:00;2996,000;1,000;MESURE
2025-05-22 04:00:00+02:00;3016,000;1,000;MESURE
2025-05-22 05:00:00+02:00;3144,000;1,000;MESURE
2025-05-22 06:00:00+02:00;127,000;1,000;MESURE
2025-05-22 07:00:00+02:00;124,000;1,000;MESURE
2025-05-22 08:00:00+02:00;125,000;1,000;MESURE
2025-05-22 09:00:00+02:00;125,000;1,000;MESURE
2025-05-22 10:00:00+02:00;124,000;1,000;MESURE
2025-05-22 11:00:00+02:00;125,000;1,000;MESURE
2025-05-22 12:00:00+02:00;124,000;1,000;MESURE
2025-05-22 13:00:00+02:00;125,000;1,000;MESURE
2025-05-22 14:00:00+02:00;124,000;1,000;MESURE
2025-05-22 15:00:00+02:00;125,000;1,000;MESURE
2025-05-22 16:00:00+02:00;125,000;1,000;MESURE
2025-05-22 17:00:00+02:00;125,000;1,000;MESURE
2025-05-22 18:00:00+02:00;124,000;1,000;MESURE
2025-05-22 19:00:00+02:00;124,000;1,000;MESURE
2025-05-22 20:00:00+02:00;119,000;1,000;MESURE
2025-05-22 21:00:00+02:00;2879,000;1,000;MESURE
2025-05-22 22:00:00+02:00;3630,000;1,000;MESURE
2025-05-22 23:00:00+02:00;3184,000;1,000;MESURE
2025-05-23 00:00:00+02:00;3004,000;1,000;MESURE
2025-05-23 01:00:00+02:00;3009,000;1,000;MESURE
2025-05-23 02:00:00+02:00;3009,000;1,000;MESURE
2025-05-23 03:00:00+02:00;3023,000;1,000;MESURE
2025-05-23 04:00:00+02:00;3023,000;1,000;MESURE
2025-05-23 05:00:00+02:00;3055,000;1,000;MESURE
2025-05-23 06:00:00+02:00;122,000;1,000;MESURE
2025-05-23 07:00:00+02:00;124,000;1,000;MESURE
2025-05-23 08:00:00+02:00;125,000;1,000;MESURE
2025-05-23 09:00:00+02:00;125,000;1,000;MESURE
2025-05-23 10:00:00+02:00;124,000;1,000;MESURE
2025-05-23 11:00:00+02:00;124,000;1,000;MESURE
2025-05-23 12:00:00+02:00;126,000;1,000;MESURE
2025-05-23 13:00:00+02:00;125,000;1,000;MESURE
2025-05-23 14:00:00+02:00;124,000;1,000;MESURE
2025-05-23 15:00:00+02:00;125,000;1,000;MESURE
2025-05-23 16:00:00+02:00;124,000;1,000;MESURE
2025-05-23 17:00:00+02:00;124,000;1,000;MESURE
2025-05-23 18:00:00+02:00;126,000;1,000;MESURE
2025-05-23 19:00:00+02:00;124,000;1,000;MESURE
2025-05-23 20:00:00+02:00;121,000;1,000;MESURE
2025-05-23 21:00:00+02:00;2799,000;1,000;MESURE
2025-05-23 22:00:00+02:00;3636,000;1,000;MESURE
2025-05-23 23:00:00+02:00;3177,000;1,000;MESURE
2025-05-24 00:00:00+02:00;2985,000;1,000;MESURE
2025-05-24 01:00:00+02:00;2995,000;1,000;MESURE
2025-05-24 02:00:00+02:00;3002,000;1,000;MESURE
2025-05-24 03:00:00+02:00;3016,000;1,000;MESURE
2025-05-24 04:00:00+02:00;3016,000;1,000;MESURE
2025-05-24 05:00:00+02:00;2964,000;1,000;MESURE
2025-05-24 06:00:00+02:00;123,000;1,000;MESURE
2025-05-24 07:00:00+02:00;125,000;1,000;MESURE
2025-05-24 08:00:00+02:00;124,000;1,000;MESURE
2025-05-24 09:00:00+02:00;126,000;1,000;MESURE
2025-05-24 10:00:00+02:00;126,000;1,000;MESURE
2025-05-24 11:00:00+02:00;126,000;1,000;MESURE
2025-05-24 12:00:00+02:00;124,000;1,000;MESURE
2025-05-24 13:00:00+02:00;125,000;1,000;MESURE
2025-05-24 14:00:00+02:00;125,000;1,000;MESURE
2025-05-24 15:00:00+02:00;125,000;1,000;MESURE
2025-05-24 16:00:00+02:00;125,000;1,000;MESURE
2025-05-24 17:00:00+02:00;126,000;1,000;MESURE
2025-05-24 18:00:00+02:00;124,000;1,000;MESURE
2025-05-24 19:00:00+02:00;125,000;1,000;MESURE
2025-05-24 20:00:00+02:00;121,000;1,000;MESURE
2025-05-24 21:00:00+02:00;2615,000;1,000;MESURE
2025-05-24 22:00:00+02:00;4203,000;1,000;MESURE
2025-05-24 23:00:00+02:00;3743,000;1,000;MESURE
2025-05-25 00:00:00+02:00;3555,000;1,000;MESURE
2025-05-25 01:00:00+02:00;3570,000;1,000;MESURE
2025-05-25 02:00:00+02:00;3581,000;1,000;MESURE
2025-05-25 03:00:00+02:00;3587,000;1,000;MESURE
2025-05-25 04:00:00+02:00;3589,000;1,000;MESURE
2025-05-25 05:00:00+02:00;2883,000;1,000;MESURE
2025-05-25 06:00:00+02:00;123,000;1,000;MESURE
2025-05-25 07:00:00+02:00;124,000;1,000;MESURE
2025-05-25 08:00:00+02:00;124,000;1,000;MESURE
2025-05-25 09:00:00+02:00;124,000;1,000;MESURE
2025-05-25 10:00:00+02:00;125,000;1,000;MESURE
2025-05-25 11:00:00+02:00;124,000;1,000;MESURE
2025-05-25 12:00:00+02:00;125,000;1,000;MESURE
2025-05-25 13:00:00+02:00;124,000;1,000;MESURE
2025-05-25 14:00:00+02:00;124,000;1,000;MESURE
2025-05-25 15:00:00+02:00;125,000;1,000;MESURE
2025-05-25 16:00:00+02:00;124,000;1,000;MESURE
2025-05-25 17:00:00+02:00;124,000;1,000;MESURE
2025-05-25 18:00:00+02:00;124,000;1,000;MESURE
2025-05-25 19:00:00+02:00;124,000;1,000;MESURE
2025-05-25 20:00:00+02:00;121,000;1,000;MESURE
2025-05-25 21:00:00+02:00;2517,000;1,000;MESURE
2025-05-25 22:00:00+02:00;3645,000;1,000;MESURE
2025-05-25 23:00:00+02:00;3161,000;1,000;MESURE
2025-05-26 00:00:00+02:00;2988,000;1,000;MESURE
2025-05-26 01:00:00+02:00;3000,000;1,000;MESURE
2025-05-26 02:00:00+02:00;3007,000;1,000;MESURE
2025-05-26 03:00:00+02:00;3013,000;1,000;MESURE
2025-05-26 04:00:00+02:00;3015,000;1,000;MESURE
2025-05-26 05:00:00+02:00;2805,000;1,000;MESURE
2025-05-26 06:00:00+02:00;123,000;1,000;MESURE
2025-05-26 07:00:00+02:00;124,000;1,000;MESURE
2025-05-26 08:00:00+02:00;125,000;1,000;MESURE
2025-05-26 09:00:00+02:00;124,000;1,000;MESURE
2025-05-26 10:00:00+02:00;124,000;1,000;MESURE
2025-05-26 11:00:00+02:00;124,000;1,000;MESURE
2025-05-26 12:00:00+02:00;124,000;1,000;MESURE
2025-05-26 13:00:00+02:00;124,000;1,000;MESURE
2025-05-26 14:00:00+02:00;124,000;1,000;MESURE
2025-05-26 15:00:00+02:00;123,000;1,000;MESURE
2025-05-26 16:00:00+02:00;124,000;1,000;MESURE
2025-05-26 17:00:00+02:00;124,000;1,000;MESURE
2025-05-26 18:00:00+02:00;125,000;1,000;MESURE
2025-05-26 19:00:00+02:00;124,000;1,000;MESURE
2025-05-26 20:00:00+02:00;122,000;1,000;MESURE
2025-05-26 21:00:00+02:00;2426,000;1,000;MESURE
2025-05-26 22:00:00+02:00;3637,000;1,000;MESURE
2025-05-26 23:00:00+02:00;3176,000;1,000;MESURE
2025-05-27 00:00:00+02:00;2982,000;1,000;MESURE
2025-05-27 01:00:00+02:00;2993,000;1,000;MESURE
2025-05-27 02:00:00+02:00;3012,000;1,000;MESURE
2025-05-27 03:00:00+02:00;2995,000;1,000;MESURE
2025-05-27 04:00:00+02:00;2987,000;1,000;MESURE
2025-05-27 05:00:00+02:00;2782,000;1,000;MESURE
2025-05-27 06:00:00+02:00;123,000;1,000;MESURE
2025-05-27 07:00:00+02:00;124,000;1,000;MESURE
2025-05-27 08:00:00+02:00;124,000;1,000;MESURE
2025-05-27 09:00:00+02:00;124,000;1,000;MESURE
2025-05-27 10:00:00+02:00;125,000;1,000;MESURE
2025-05-27 11:00:00+02:00;125,000;1,000;MESURE
2025-05-27 12:00:00+02:00;124,000;1,000;MESURE
2025-05-27 13:00:00+02:00;124,000;1,000;MESURE
2025-05-27 14:00:00+02:00;125,000;1,000;MESURE
2025-05-27 15:00:00+02:00;124,000;1,000;MESURE
2025-05-27 16:00:00+02:00;125,000;1,000;MESURE
2025-05-27 17:00:00+02:00;124,000;1,000;MESURE
2025-05-27 18:00:00+02:00;125,000;1,000;MESURE
2025-05-27 19:00:00+02:00;124,000;1,000;MESURE
2025-05-27 20:00:00+02:00;122,000;1,000;MESURE
2025-05-27 21:00:00+02:00;2339,000;1,000;MESURE
2025-05-27 22:00:00+02:00;3632,000;1,000;MESURE
2025-05-27 23:00:00+02:00;3180,000;1,000;MESURE
2025-05-28 00:00:00+02:00;2982,000;1,000;MESURE
2025-05-28 01:00:00+02:00;3011,000;1,000;MESURE
2025-05-28 02:00:00+02:00;3016,000;1,000;MESURE
2025-05-28 03:00:00+02:00;2997,000;1,000;MESURE
2025-05-28 04:00:00+02:00;2993,000;1,000;MESURE
2025-05-28 05:00:00+02:00;2716,000;1,000;MESURE
2025-05-28 06:00:00+02:00;123,000;1,000;MESURE
2025-05-28 07:00:00+02:00;124,000;1,000;MESURE
2025-05-28 08:00:00+02:00;124,000;1,000;MESURE
2025-05-28 09:00:00+02:00;124,000;1,000;MESURE
2025-05-28 10:00:00+02:00;123,000;1,000;MESURE
2025-05-28 11:00:00+02:00;124,000;1,000;MESURE
2025-05-28 12:00:00+02:00;124,000;1,000;MESURE
2025-05-28 13:00:00+02:00;124,000;1,000;MESURE
2025-05-28 14:00:00+02:00;124,000;1,000;MESURE
2025-05-28 15:00:00+02:00;125,000;1,000;MESURE
2025-05-28 16:00:00+02:00;124,000;1,000;MESURE
2025-05-28 17:00:00+02:00;124,000;1,000;MESURE
2025-05-28 18:00:00+02:00;125,000;1,000;MESURE
2025-05-28 19:00:00+02:00;123,000;1,000;MESURE
2025-05-28 20:00:00+02:00;124,000;1,000;MESURE
2025-05-28 21:00:00+02:00;2234,000;1,000;MESURE
2025-05-28 22:00:00+02:00;4486,000;1,000;MESURE
2025-05-28 23:00:00+02:00;4032,000;1,000;MESURE
2025-05-29 00:00:00+02:00;3831,000;1,000;MESURE
2025-05-29 01:00:00+02:00;3838,000;1,000;MESURE
2025-05-29 02:00:00+02:00;3841,000;1,000;MESURE
2025-05-29 03:00:00+02:00;3847,000;1,000;MESURE
2025-05-29 04:00:00+02:00;3852,000;1,000;MESURE
2025-05-29 05:00:00+02:00;2620,000;1,000;MESURE
2025-05-29 06:00:00+02:00;122,000;1,000;MESURE
2025-05-29 07:00:00+02:00;124,000;1,000;MESURE
2025-05-29 08:00:00+02:00;125,000;1,000;MESURE
2025-05-29 09:00:00+02:00;125,000;1,000;MESURE
2025-05-29 10:00:00+02:00;125,000;1,000;MESURE
2025-05-29 11:00:00+02:00;125,000;1,000;MESURE
2025-05-29 12:00:00+02:00;124,000;1,000;MESURE
2025-05-29 13:00:00+02:00;125,000;1,000;MESURE
2025-05-29 14:00:00+02:00;124,000;1,000;MESURE
2025-05-29 15:00:00+02:00;124,000;1,000;MESURE
2025-05-29 16:00:00+02:00;124,000;1,000;MESURE
2025-05-29 17:00:00+02:00;125,000;1,000;MESURE
2025-05-29 18:00:00+02:00;125,000;1,000;MESURE
2025-05-29 19:00:00+02:00;124,000;1,000;MESURE
2025-05-29 20:00:00+02:00;122,000;1,000;MESURE
2025-05-29 21:00:00+02:00;2150,000;1,000;MESURE
2025-05-29 22:00:00+02:00;3614,000;1,000;MESURE
2025-05-29 23:00:00+02:00;3172,000;1,000;MESURE
2025-05-30 00:00:00+02:00;2989,000;1,000;MESURE
2025-05-30 01:00:00+02:00;3004,000;1,000;MESURE
2025-05-30 02:00:00+02:00;2997,000;1,000;MESURE
2025-05-30 03:00:00+02:00;2986,000;1,000;MESURE
2025-05-30 04:00:00+02:00;3003,000;1,000;MESURE
2025-05-30 05:00:00+02:00;2531,000;1,000;MESURE
2025-05-30 06:00:00+02:00;123,000;1,000;MESURE
2025-05-30 07:00:00+02:00;124,000;1,000;MESURE
2025-05-30 08:00:00+02:00;124,000;1,000;MESURE
2025-05-30 09:00:00+02:00;125,000;1,000;MESURE
2025-05-30 10:00:00+02:00;124,000;1,000;MESURE
2025-05-30 11:00:00+02:00;125,000;1,000;MESURE
2025-05-30 12:00:00+02:00;124,000;1,000;MESURE
2025-05-30 13:00:00+02:00;125,000;1,000;MESURE
2025-05-30 14:00:00+02:00;123,000;1,000;MESURE
2025-05-30 15:00:00+02:00;124,000;1,000;MESURE
2025-05-30 16:00:00+02:00;125,000;1,000;MESURE
2025-05-30 17:00:00+02:00;125,000;1,000;MESURE
2025-05-30 18:00:00+02:00;125,000;1,000;MESURE
2025-05-30 19:00:00+02:00;125,000;1,000;MESURE
2025-05-30 20:00:00+02:00;120,000;1,000;MESURE
2025-05-30 21:00:00+02:00;2064,000;1,000;MESURE
2025-05-30 22:00:00+02:00;3620,000;1,000;MESURE
2025-05-30 23:00:00+02:00;3160,000;1,000;MESURE
2025-05-31 00:00:00+02:00;2977,000;1,000;MESURE
2025-05-31 01:00:00+02:00;2990,000;1,000;MESURE
2025-05-31 02:00:00+02:00;2994,000;1,000;MESURE
2025-05-31 03:00:00+02:00;3002,000;1,000;MESURE
2025-05-31 04:00:00+02:00;3002,000;1,000;MESURE
2025-05-31 05:00:00+02:00;2528,000;1,000;MESURE
2025-05-31 06:00:00+02:00;123,000;1,000;MESURE
2025-05-31 07:00:00+02:00;124,000;1,000;MESURE
2025-05-31 08:00:00+02:00;124,000;1,000;MESURE
2025-05-31 09:00:00+02:00;124,000;1,000;MESURE
2025-05-31 10:00:00+02:00;126,000;1,000;MESURE
2025-05-31 11:00:00+02:00;125,000;1,000;MESURE
2025-05-31 12:00:00+02:00;125,000;1,000;MESURE
2025-05-31 13:00:00+02:00;125,000;1,000;MESURE
2025-05-31 14:00:00+02:00;124,000;1,000;MESURE
2025-05-31 15:00:00+02:00;125,000;1,000;MESURE
2025-05-31 16:00:00+02:00;124,000;1,000;MESURE
2025-05-31 17:00:00+02:00;124,000;1,000;MESURE
2025-05-31 18:00:00+02:00;124,000;1,000;MESURE
2025-05-31 19:00:00+02:00;124,000;1,000;MESURE
2025-05-31 20:00:00+02:00;120,000;1,000;MESURE
2025-05-31 21:00:00+02:00;1964,000;1,000;MESURE
2025-05-31 22:00:00+02:00;3620,000;1,000;MESURE
2025-05-31 23:00:00+02:00;3153,000;1,000;MESURE
2025-06-01 00:00:00+02:00;2982,000;1,000;MESURE
2025-06-01 01:00:00+02:00;2994,000;1,000;MESURE
2025-06-01 02:00:00+02:00;2998,000;1,000;MESURE
2025-06-01 03:00:00+02:00;3004,000;1,000;MESURE
2025-06-01 04:00:00+02:00;3007,000;1,000;MESURE
2025-06-01 05:00:00+02:00;2446,000;1,000;MESURE
2025-06-01 06:00:00+02:00;123,000;1,000;MESURE
2025-06-01 07:00:00+02:00;124,000;1,000;MESURE
2025-06-01 08:00:00+02:00;125,000;1,000;MESURE
2025-06-01 09:00:00+02:00;124,000;1,000;MESURE
2025-06-01 10:00:00+02:00;125,000;1,000;MESURE
2025-06-01 11:00:00+02:00;125,000;1,000;MESURE
2025-06-01 12:00:00+02:00;125,000;1,000;MESURE
2025-06-01 13:00:00+02:00;126,000;1,000;MESURE
2025-06-01 14:00:00+02:00;125,000;1,000;MESURE
2025-06-01 15:00:00+02:00;125,000;1,000;MESURE
2025-06-01 16:00:00+02:00;124,000;1,000;MESURE
2025-06-01 17:00:00+02:00;124,000;1,000;MESURE
2025-06-01 18:00:00+02:00;125,000;1,000;MESURE
2025-06-01 19:00:00+02:00;124,000;1,000;MESURE
2025-06-01 20:00:00+02:00;120,000;1,000;MESURE
2025-06-01 21:00:00+02:00;1883,000;1,000;MESURE
2025-06-01 22:00:00+02:00;3658,000;1,000;MESURE
2025-06-01 23:00:00+02:00;3167,000;1,000;MESURE
2025-06-02 00:00:00+02:00;2990,000;1,000;MESURE
2025-06-02 01:00:00+02:00;2999,000;1,000;MESURE
2025-06-02 02:00:00+02:00;2985,000;1,000;MESURE
2025-06-02 03:00:00+02:00;2981,000;1,000;MESURE
2025-06-02 04:00:00+02:00;2981,000;1,000;MESURE
2025-06-02 05:00:00+02:00;2345,000;1,000;MESURE
2025-06-02 06:00:00+02:00;125,000;1,000;MESURE
2025-06-02 07:00:00+02:00;124,000;1,000;MESURE
2025-06-02 08:00:00+02:00;125,000;1,000;MESURE
2025-06-02 09:00:00+02:00;124,000;1,000;MESURE
2025-06-02 10:00:00+02:00;125,000;1,000;MESURE
2025-06-02 11:00:00+02:00;125,000;1,000;MESURE
2025-06-02 12:00:00+02:00;126,000;1,000;MESURE
2025-06-02 13:00:00+02:00;125,000;1,000;MESURE
2025-06-02 14:00:00+02:00;125,000;1,000;MESURE
2025-06-02 15:00:00+02:00;125,000;1,000;MESURE
2025-06-02 16:00:00+02:00;126,000;1,000;MESURE
2025-06-02 17:00:00+02:00;125,000;1,000;MESURE
2025-06-02 18:00:00+02:00;125,000;1,000;MESURE
2025-06-02 19:00:00+02:00;125,000;1,000;MESURE
2025-06-02 20:00:00+02:00;122,000;1,000;MESURE
2025-06-02 21:00:00+02:00;1804,000;1,000;MESURE
2025-06-02 22:00:00+02:00;3648,000;1,000;MESURE
2025-06-02 23:00:00+02:00;3179,000;1,000;MESURE
2025-06-03 00:00:00+02:00;3005,000;1,000;MESURE
2025-06-03 01:00:00+02:00;2993,000;1,000;MESURE
2025-06-03 02:00:00+02:00;2984,000;1,000;MESURE
2025-06-03 03:00:00+02:00;2986,000;1,000;MESURE
2025-06-03 04:00:00+02:00;2986,000;1,000;MESURE
2025-06-03 05:00:00+02:00;2334,000;1,000;MESURE
2025-06-03 06:00:00+02:00;123,000;1,000;MESURE
2025-06-03 07:00:00+02:00;124,000;1,000;MESURE
2025-06-03 08:00:00+02:00;125,000;1,000;MESURE
2025-06-03 09:00:00+02:00;124,000;1,000;MESURE
2025-06-03 10:00:00+02:00;406,000;1,000;MESURE
2025-06-03 11:00:00+02:00;568,000;1,000;MESURE
2025-06-03 12:00:00+02:00;570,000;1,000;MESURE
2025-06-03 13:00:00+02:00;570,000;1,000;MESURE
2025-06-03 14:00:00+02:00;569,000;1,000;MESURE
2025-06-03 15:00:00+02:00;567,000;1,000;MESURE
2025-06-03 16:00:00+02:00;569,000;1,000;MESURE
2025-06-03 17:00:00+02:00;564,000;1,000;MESURE
2025-06-03 18:00:00+02:00;566,000;1,000;MESURE
2025-06-03 19:00:00+02:00;569,000;1,000;MESURE
2025-06-03 20:00:00+02:00;567,000;1,000;MESURE
2025-06-03 21:00:00+02:00;2152,000;1,000;MESURE
2025-06-03 22:00:00+02:00;4054,000;1,000;MESURE
2025-06-03 23:00:00+02:00;3590,000;1,000;MESURE
2025-06-04 00:00:00+02:00;3405,000;1,000;MESURE
2025-06-04 01:00:00+02:00;3415,000;1,000;MESURE
2025-06-04 02:00:00+02:00;3415,000;1,000;MESURE
2025-06-04 03:00:00+02:00;3427,000;1,000;MESURE
2025-06-04 04:00:00+02:00;3424,000;1,000;MESURE
2025-06-04 05:00:00+02:00;2700,000;1,000;MESURE
2025-06-04 06:00:00+02:00;570,000;1,000;MESURE
2025-06-04 07:00:00+02:00;568,000;1,000;MESURE
2025-06-04 08:00:00+02:00;567,000;1,000;MESURE
2025-06-04 09:00:00+02:00;566,000;1,000;MESURE
2025-06-04 10:00:00+02:00;565,000;1,000;MESURE
2025-06-04 11:00:00+02:00;564,000;1,000;MESURE
2025-06-04 12:00:00+02:00;567,000;1,000;MESURE
2025-06-04 13:00:00+02:00;566,000;1,000;MESURE
2025-06-04 14:00:00+02:00;568,000;1,000;MESURE
2025-06-04 15:00:00+02:00;568,000;1,000;MESURE
2025-06-04 16:00:00+02:00;571,000;1,000;MESURE
2025-06-04 17:00:00+02:00;568,000;1,000;MESURE
2025-06-04 18:00:00+02:00;569,000;1,000;MESURE
2025-06-04 19:00:00+02:00;570,000;1,000;MESURE
2025-06-04 20:00:00+02:00;566,000;1,000;MESURE
2025-06-04 21:00:00+02:00;2061,000;1,000;MESURE
2025-06-04 22:00:00+02:00;4111,000;1,000;MESURE
2025-06-04 23:00:00+02:00;3628,000;1,000;MESURE
2025-06-05 00:00:00+02:00;3431,000;1,000;MESURE
2025-06-05 01:00:00+02:00;3431,000;1,000;MESURE
2025-06-05 02:00:00+02:00;3432,000;1,000;MESURE
2025-06-05 03:00:00+02:00;3443,000;1,000;MESURE
2025-06-05 04:00:00+02:00;3443,000;1,000;MESURE
2025-06-05 05:00:00+02:00;2697,000;1,000;MESURE
2025-06-05 06:00:00+02:00;560,000;1,000;MESURE
2025-06-05 07:00:00+02:00;564,000;1,000;MESURE
2025-06-05 08:00:00+02:00;574,000;1,000;MESURE
2025-06-05 09:00:00+02:00;568,000;1,000;MESURE
2025-06-05 10:00:00+02:00;560,000;1,000;MESURE
2025-06-05 11:00:00+02:00;556,000;1,000;MESURE
2025-06-05 12:00:00+02:00;570,000;1,000;MESURE
2025-06-05 13:00:00+02:00;570,000;1,000;MESURE
2025-06-05 14:00:00+02:00;572,000;1,000;MESURE
2025-06-05 15:00:00+02:00;570,000;1,000;MESURE
2025-06-05 16:00:00+02:00;565,000;1,000;MESURE
2025-06-05 17:00:00+02:00;569,000;1,000;MESURE
2025-06-05 18:00:00+02:00;562,000;1,000;MESURE
2025-06-05 19:00:00+02:00;569,000;1,000;MESURE
2025-06-05 20:00:00+02:00;567,000;1,000;MESURE
2025-06-05 21:00:00+02:00;2057,000;1,000;MESURE
2025-06-05 22:00:00+02:00;4058,000;1,000;MESURE
2025-06-05 23:00:00+02:00;3607,000;1,000;MESURE
2025-06-06 00:00:00+02:00;3400,000;1,000;MESURE
2025-06-06 01:00:00+02:00;3405,000;1,000;MESURE
2025-06-06 02:00:00+02:00;3405,000;1,000;MESURE
2025-06-06 03:00:00+02:00;3416,000;1,000;MESURE
2025-06-06 04:00:00+02:00;3417,000;1,000;MESURE
2025-06-06 05:00:00+02:00;2603,000;1,000;MESURE
2025-06-06 06:00:00+02:00;561,000;1,000;MESURE
2025-06-06 07:00:00+02:00;560,000;1,000;MESURE
2025-06-06 08:00:00+02:00;560,000;1,000;MESURE
2025-06-06 09:00:00+02:00;571,000;1,000;MESURE
2025-06-06 10:00:00+02:00;568,000;1,000;MESURE
2025-06-06 11:00:00+02:00;560,000;1,000;MESURE
2025-06-06 12:00:00+02:00;560,000;1,000;MESURE
2025-06-06 13:00:00+02:00;560,000;1,000;MESURE
2025-06-06 14:00:00+02:00;559,000;1,000;MESURE
2025-06-06 15:00:00+02:00;560,000;1,000;MESURE
2025-06-06 16:00:00+02:00;560,000;1,000;MESURE
2025-06-06 17:00:00+02:00;570,000;1,000;MESURE
2025-06-06 18:00:00+02:00;564,000;1,000;MESURE
2025-06-06 19:00:00+02:00;569,000;1,000;MESURE
2025-06-06 20:00:00+02:00;566,000;1,000;MESURE
2025-06-06 21:00:00+02:00;1962,000;1,000;MESURE
2025-06-06 22:00:00+02:00;4073,000;1,000;MESURE
2025-06-06 23:00:00+02:00;3604,000;1,000;MESURE
2025-06-07 00:00:00+02:00;3402,000;1,000;MESURE
2025-06-07 01:00:00+02:00;3415,000;1,000;MESURE
2025-06-07 02:00:00+02:00;3429,000;1,000;MESURE
2025-06-07 03:00:00+02:00;3445,000;1,000;MESURE
2025-06-07 04:00:00+02:00;3442,000;1,000;MESURE
2025-06-07 05:00:00+02:00;2617,000;1,000;MESURE
2025-06-07 06:00:00+02:00;567,000;1,000;MESURE
2025-06-07 07:00:00+02:00;566,000;1,000;MESURE
2025-06-07 08:00:00+02:00;562,000;1,000;MESURE
2025-06-07 09:00:00+02:00;571,000;1,000;MESURE
2025-06-07 10:00:00+02:00;568,000;1,000;MESURE
2025-06-07 11:00:00+02:00;567,000;1,000;MESURE
2025-06-07 12:00:00+02:00;567,000;1,000;MESURE
2025-06-07 13:00:00+02:00;570,000;1,000;MESURE
2025-06-07 14:00:00+02:00;563,000;1,000;MESURE
2025-06-07 15:00:00+02:00;565,000;1,000;MESURE
2025-06-07 16:00:00+02:00;568,000;1,000;MESURE
2025-06-07 17:00:00+02:00;569,000;1,000;MESURE
2025-06-07 18:00:00+02:00;566,000;1,000;MESURE
2025-06-07 19:00:00+02:00;562,000;1,000;MESURE
2025-06-07 20:00:00+02:00;555,000;1,000;MESURE
2025-06-07 21:00:00+02:00;1864,000;1,000;MESURE
2025-06-07 22:00:00+02:00;4073,000;1,000;MESURE
2025-06-07 23:00:00+02:00;3606,000;1,000;MESURE
2025-06-08 00:00:00+02:00;3417,000;1,000;MESURE
2025-06-08 01:00:00+02:00;3412,000;1,000;MESURE
2025-06-08 02:00:00+02:00;3408,000;1,000;MESURE
2025-06-08 03:00:00+02:00;3416,000;1,000;MESURE
2025-06-08 04:00:00+02:00;3411,000;1,000;MESURE
2025-06-08 05:00:00+02:00;2618,000;1,000;MESURE
2025-06-08 06:00:00+02:00;562,000;1,000;MESURE
2025-06-08 07:00:00+02:00;562,000;1,000;MESURE
2025-06-08 08:00:00+02:00;568,000;1,000;MESURE
2025-06-08 09:00:00+02:00;572,000;1,000;MESURE
2025-06-08 10:00:00+02:00;574,000;1,000;MESURE
2025-06-08 11:00:00+02:00;567,000;1,000;MESURE
2025-06-08 12:00:00+02:00;561,000;1,000;MESURE
2025-06-08 13:00:00+02:00;562,000;1,000;MESURE
2025-06-08 14:00:00+02:00;562,000;1,000;MESURE
2025-06-08 15:00:00+02:00;562,000;1,000;MESURE
2025-06-08 16:00:00+02:00;562,000;1,000;MESURE
2025-06-08 17:00:00+02:00;561,000;1,000;MESURE
2025-06-08 18:00:00+02:00;569,000;1,000;MESURE
2025-06-08 19:00:00+02:00;563,000;1,000;MESURE
2025-06-08 20:00:00+02:00;555,000;1,000;MESURE
2025-06-08 21:00:00+02:00;1788,000;1,000;MESURE
2025-06-08 22:00:00+02:00;4096,000;1,000;MESURE
2025-06-08 23:00:00+02:00;3622,000;1,000;MESURE
2025-06-09 00:00:00+02:00;3445,000;1,000;MESURE
2025-06-09 01:00:00+02:00;3447,000;1,000;MESURE
2025-06-09 02:00:00+02:00;3450,000;1,000;MESURE
2025-06-09 03:00:00+02:00;3460,000;1,000;MESURE
2025-06-09 04:00:00+02:00;3466,000;1,000;MESURE
2025-06-09 05:00:00+02:00;2546,000;1,000;MESURE
2025-06-09 06:00:00+02:00;574,000;1,000;MESURE
2025-06-09 07:00:00+02:00;567,000;1,000;MESURE
2025-06-09 08:00:00+02:00;566,000;1,000;MESURE
2025-06-09 09:00:00+02:00;571,000;1,000;MESURE
2025-06-09 10:00:00+02:00;573,000;1,000;MESURE
2025-06-09 11:00:00+02:00;574,000;1,000;MESURE
2025-06-09 12:00:00+02:00;573,000;1,000;MESURE
2025-06-09 13:00:00+02:00;574,000;1,000;MESURE
2025-06-09 14:00:00+02:00;562,000;1,000;MESURE
2025-06-09 15:00:00+02:00;562,000;1,000;MESURE
2025-06-09 16:00:00+02:00;561,000;1,000;MESURE
2025-06-09 17:00:00+02:00;568,000;1,000;MESURE
2025-06-09 18:00:00+02:00;570,000;1,000;MESURE
2025-06-09 19:00:00+02:00;569,000;1,000;MESURE
2025-06-09 20:00:00+02:00;568,000;1,000;MESURE
2025-06-09 21:00:00+02:00;1780,000;1,000;MESURE
2025-06-09 22:00:00+02:00;4092,000;1,000;MESURE
2025-06-09 23:00:00+02:00;3622,000;1,000;MESURE
2025-06-10 00:00:00+02:00;3438,000;1,000;MESURE
2025-06-10 01:00:00+02:00;3415,000;1,000;MESURE
2025-06-10 02:00:00+02:00;3445,000;1,000;MESURE
2025-06-10 03:00:00+02:00;3421,000;1,000;MESURE
2025-06-10 04:00:00+02:00;3430,000;1,000;MESURE
2025-06-10 05:00:00+02:00;2528,000;1,000;MESURE
2025-06-10 06:00:00+02:00;564,000;1,000;MESURE
2025-06-10 07:00:00+02:00;571,000;1,000;MESURE
2025-06-10 08:00:00+02:00;571,000;1,000;MESURE
2025-06-10 09:00:00+02:00;570,000;1,000;MESURE
2025-06-10 10:00:00+02:00;571,000;1,000;MESURE
2025-06-10 11:00:00+02:00;571,000;1,000;MESURE
2025-06-10 12:00:00+02:00;569,000;1,000;MESURE
2025-06-10 13:00:00+02:00;559,000;1,000;MESURE
2025-06-10 14:00:00+02:00;561,000;1,000;MESURE
2025-06-10 15:00:00+02:00;564,000;1,000;MESURE
2025-06-10 16:00:00+02:00;566,000;1,000;MESURE
2025-06-10 17:00:00+02:00;567,000;1,000;MESURE
2025-06-10 18:00:00+02:00;568,000;1,000;MESURE
2025-06-10 19:00:00+02:00;571,000;1,000;MESURE
2025-06-10 20:00:00+02:00;568,000;1,000;MESURE
2025-06-10 21:00:00+02:00;1681,000;1,000;MESURE
2025-06-10 22:00:00+02:00;4075,000;1,000;MESURE
2025-06-10 23:00:00+02:00;3588,000;1,000;MESURE
2025-06-11 00:00:00+02:00;3413,000;1,000;MESURE
2025-06-11 01:00:00+02:00;3432,000;1,000;MESURE
2025-06-11 02:00:00+02:00;3415,000;1,000;MESURE
2025-06-11 03:00:00+02:00;3425,000;1,000;MESURE
2025-06-11 04:00:00+02:00;3427,000;1,000;MESURE
2025-06-11 05:00:00+02:00;2519,000;1,000;MESURE
2025-06-11 06:00:00+02:00;562,000;1,000;MESURE
2025-06-11 07:00:00+02:00;571,000;1,000;MESURE
2025-06-11 08:00:00+02:00;568,000;1,000;MESURE
2025-06-11 09:00:00+02:00;570,000;1,000;MESURE
2025-06-11 10:00:00+02:00;567,000;1,000;MESURE
2025-06-11 11:00:00+02:00;565,000;1,000;MESURE
2025-06-11 12:00:00+02:00;569,000;1,000;MESURE
2025-06-11 13:00:00+02:00;570,000;1,000;MESURE
2025-06-11 14:00:00+02:00;571,000;1,000;MESURE
2025-06-11 15:00:00+02:00;567,000;1,000;MESURE
2025-06-11 16:00:00+02:00;567,000;1,000;MESURE
2025-06-11 17:00:00+02:00;566,000;1,000;MESURE
2025-06-11 18:00:00+02:00;565,000;1,000;MESURE
2025-06-11 19:00:00+02:00;565,000;1,000;MESURE
2025-06-11 20:00:00+02:00;562,000;1,000;MESURE
2025-06-11 21:00:00+02:00;1606,000;1,000;MESURE
2025-06-11 22:00:00+02:00;4084,000;1,000;MESURE
2025-06-11 23:00:00+02:00;3617,000;1,000;MESURE
2025-06-12 00:00:00+02:00;3418,000;1,000;MESURE
2025-06-12 01:00:00+02:00;3414,000;1,000;MESURE
2025-06-12 02:00:00+02:00;3414,000;1,000;MESURE
2025-06-12 03:00:00+02:00;3424,000;1,000;MESURE
2025-06-12 04:00:00+02:00;3425,000;1,000;MESURE
2025-06-12 05:00:00+02:00;2542,000;1,000;MESURE
2025-06-12 06:00:00+02:00;570,000;1,000;MESURE
2025-06-12 07:00:00+02:00;567,000;1,000;MESURE
2025-06-12 08:00:00+02:00;568,000;1,000;MESURE
2025-06-12 09:00:00+02:00;569,000;1,000;MESURE
2025-06-12 10:00:00+02:00;567,000;1,000;MESURE
2025-06-12 11:00:00+02:00;567,000;1,000;MESURE
2025-06-12 12:00:00+02:00;567,000;1,000;MESURE
2025-06-12 13:00:00+02:00;566,000;1,000;MESURE
2025-06-12 14:00:00+02:00;568,000;1,000;MESURE
2025-06-12 15:00:00+02:00;569,000;1,000;MESURE
2025-06-12 16:00:00+02:00;567,000;1,000;MESURE
2025-06-12 17:00:00+02:00;566,000;1,000;MESURE
2025-06-12 18:00:00+02:00;565,000;1,000;MESURE
2025-06-12 19:00:00+02:00;565,000;1,000;MESURE
2025-06-12 20:00:00+02:00;560,000;1,000;MESURE
2025-06-12 21:00:00+02:00;1594,000;1,000;MESURE
2025-06-12 22:00:00+02:00;4071,000;1,000;MESURE
2025-06-12 23:00:00+02:00;3604,000;1,000;MESURE
2025-06-13 00:00:00+02:00;3431,000;1,000;MESURE
2025-06-13 01:00:00+02:00;3425,000;1,000;MESURE
2025-06-13 02:00:00+02:00;3406,000;1,000;MESURE
2025-06-13 03:00:00+02:00;3403,000;1,000;MESURE
2025-06-13 04:00:00+02:00;3407,000;1,000;MESURE
2025-06-13 05:00:00+02:00;2509,000;1,000;MESURE
2025-06-13 06:00:00+02:00;567,000;1,000;MESURE
2025-06-13 07:00:00+02:00;567,000;1,000;MESURE
2025-06-13 08:00:00+02:00;566,000;1,000;MESURE
2025-06-13 09:00:00+02:00;566,000;1,000;MESURE
2025-06-13 10:00:00+02:00;567,000;1,000;MESURE
2025-06-13 11:00:00+02:00;567,000;1,000;MESURE
2025-06-13 12:00:00+02:00;567,000;1,000;MESURE
2025-06-13 13:00:00+02:00;567,000;1,000;MESURE
2025-06-13 14:00:00+02:00;568,000;1,000;MESURE
2025-06-13 15:00:00+02:00;570,000;1,000;MESURE
2025-06-13 16:00:00+02:00;566,000;1,000;MESURE
2025-06-13 17:00:00+02:00;566,000;1,000;MESURE
2025-06-13 18:00:00+02:00;562,000;1,000;MESURE
2025-06-13 19:00:00+02:00;562,000;1,000;MESURE
2025-06-13 20:00:00+02:00;561,000;1,000;MESURE
2025-06-13 21:00:00+02:00;1509,000;1,000;MESURE
2025-06-13 22:00:00+02:00;4072,000;1,000;MESURE
2025-06-13 23:00:00+02:00;3605,000;1,000;MESURE
2025-06-14 00:00:00+02:00;3399,000;1,000;MESURE
2025-06-14 01:00:00+02:00;3400,000;1,000;MESURE
2025-06-14 02:00:00+02:00;3405,000;1,000;MESURE
2025-06-14 03:00:00+02:00;3412,000;1,000;MESURE
2025-06-14 04:00:00+02:00;3417,000;1,000;MESURE
2025-06-14 05:00:00+02:00;2437,000;1,000;MESURE
2025-06-14 06:00:00+02:00;559,000;1,000;MESURE
2025-06-14 07:00:00+02:00;561,000;1,000;MESURE
2025-06-14 08:00:00+02:00;560,000;1,000;MESURE
2025-06-14 09:00:00+02:00;559,000;1,000;MESURE
2025-06-14 10:00:00+02:00;558,000;1,000;MESURE
2025-06-14 11:00:00+02:00;557,000;1,000;MESURE
2025-06-14 12:00:00+02:00;557,000;1,000;MESURE
2025-06-14 13:00:00+02:00;558,000;1,000;MESURE
2025-06-14 14:00:00+02:00;558,000;1,000;MESURE
2025-06-14 15:00:00+02:00;559,000;1,000;MESURE
2025-06-14 16:00:00+02:00;567,000;1,000;MESURE
2025-06-14 17:00:00+02:00;564,000;1,000;MESURE
2025-06-14 18:00:00+02:00;564,000;1,000;MESURE
2025-06-14 19:00:00+02:00;563,000;1,000;MESURE
2025-06-14 20:00:00+02:00;561,000;1,000;MESURE
2025-06-14 21:00:00+02:00;1515,000;1,000;MESURE
2025-06-14 22:00:00+02:00;4066,000;1,000;MESURE
2025-06-14 23:00:00+02:00;3597,000;1,000;MESURE
2025-06-15 00:00:00+02:00;3396,000;1,000;MESURE
2025-06-15 01:00:00+02:00;3402,000;1,000;MESURE
2025-06-15 02:00:00+02:00;3403,000;1,000;MESURE
2025-06-15 03:00:00+02:00;3415,000;1,000;MESURE
2025-06-15 04:00:00+02:00;3421,000;1,000;MESURE
2025-06-15 05:00:00+02:00;2429,000;1,000;MESURE
2025-06-15 06:00:00+02:00;560,000;1,000;MESURE
2025-06-15 07:00:00+02:00;565,000;1,000;MESURE
2025-06-15 08:00:00+02:00;569,000;1,000;MESURE
2025-06-15 09:00:00+02:00;568,000;1,000;MESURE
2025-06-15 10:00:00+02:00;566,000;1,000;MESURE
2025-06-15 11:00:00+02:00;565,000;1,000;MESURE
2025-06-15 12:00:00+02:00;567,000;1,000;MESURE
2025-06-15 13:00:00+02:00;568,000;1,000;MESURE
2025-06-15 14:00:00+02:00;570,000;1,000;MESURE
2025-06-15 15:00:00+02:00;567,000;1,000;MESURE
2025-06-15 16:00:00+02:00;566,000;1,000;MESURE
2025-06-15 17:00:00+02:00;566,000;1,000;MESURE
2025-06-15 18:00:00+02:00;566,000;1,000;MESURE
2025-06-15 19:00:00+02:00;566,000;1,000;MESURE
2025-06-15 20:00:00+02:00;564,000;1,000;MESURE
2025-06-15 21:00:00+02:00;1432,000;1,000;MESURE
2025-06-15 22:00:00+02:00;4083,000;1,000;MESURE
2025-06-15 23:00:00+02:00;3606,000;1,000;MESURE
2025-06-16 00:00:00+02:00;3410,000;1,000;MESURE
2025-06-16 01:00:00+02:00;3418,000;1,000;MESURE
2025-06-16 02:00:00+02:00;3423,000;1,000;MESURE
2025-06-16 03:00:00+02:00;3426,000;1,000;MESURE
2025-06-16 04:00:00+02:00;3423,000;1,000;MESURE
2025-06-16 05:00:00+02:00;2429,000;1,000;MESURE
2025-06-16 06:00:00+02:00;567,000;1,000;MESURE
2025-06-16 07:00:00+02:00;565,000;1,000;MESURE
2025-06-16 08:00:00+02:00;563,000;1,000;MESURE
2025-06-16 09:00:00+02:00;565,000;1,000;MESURE
2025-06-16 10:00:00+02:00;565,000;1,000;MESURE
2025-06-16 11:00:00+02:00;563,000;1,000;MESURE
2025-06-16 12:00:00+02:00;562,000;1,000;MESURE
2025-06-16 13:00:00+02:00;564,000;1,000;MESURE
2025-06-16 14:00:00+02:00;565,000;1,000;MESURE
2025-06-16 15:00:00+02:00;566,000;1,000;MESURE
2025-06-16 16:00:00+02:00;559,000;1,000;MESURE
2025-06-16 17:00:00+02:00;555,000;1,000;MESURE
2025-06-16 18:00:00+02:00;561,000;1,000;MESURE
2025-06-16 19:00:00+02:00;564,000;1,000;MESURE
2025-06-16 20:00:00+02:00;561,000;1,000;MESURE
2025-06-16 21:00:00+02:00;1399,000;1,000;MESURE
2025-06-16 22:00:00+02:00;4071,000;1,000;MESURE
2025-06-16 23:00:00+02:00;3605,000;1,000;MESURE
2025-06-17 00:00:00+02:00;3415,000;1,000;MESURE
2025-06-17 01:00:00+02:00;3411,000;1,000;MESURE
2025-06-17 02:00:00+02:00;3416,000;1,000;MESURE
2025-06-17 03:00:00+02:00;3421,000;1,000;MESURE
2025-06-17 04:00:00+02:00;3417,000;1,000;MESURE
2025-06-17 05:00:00+02:00;2430,000;1,000;MESURE
2025-06-17 06:00:00+02:00;565,000;1,000;MESURE
2025-06-17 07:00:00+02:00;564,000;1,000;MESURE
2025-06-17 08:00:00+02:00;564,000;1,000;MESURE
2025-06-17 09:00:00+02:00;567,000;1,000;MESURE
2025-06-17 10:00:00+02:00;558,000;1,000;MESURE
2025-06-17 11:00:00+02:00;565,000;1,000;MESURE
2025-06-17 12:00:00+02:00;559,000;1,000;MESURE
2025-06-17 13:00:00+02:00;566,000;1,000;MESURE
2025-06-17 14:00:00+02:00;567,000;1,000;MESURE
2025-06-17 15:00:00+02:00;559,000;1,000;MESURE
2025-06-17 16:00:00+02:00;557,000;1,000;MESURE
2025-06-17 17:00:00+02:00;558,000;1,000;MESURE
2025-06-17 18:00:00+02:00;558,000;1,000;MESURE
2025-06-17 19:00:00+02:00;562,000;1,000;MESURE
2025-06-17 20:00:00+02:00;561,000;1,000;MESURE
2025-06-17 21:00:00+02:00;1293,000;1,000;MESURE
2025-06-17 22:00:00+02:00;4084,000;1,000;MESURE
2025-06-17 23:00:00+02:00;3604,000;1,000;MESURE
2025-06-18 00:00:00+02:00;3400,000;1,000;MESURE
2025-06-18 01:00:00+02:00;3410,000;1,000;MESURE
2025-06-18 02:00:00+02:00;3414,000;1,000;MESURE
2025-06-18 03:00:00+02:00;3423,000;1,000;MESURE
2025-06-18 04:00:00+02:00;3423,000;1,000;MESURE
2025-06-18 05:00:00+02:00;2522,000;1,000;MESURE
2025-06-18 06:00:00+02:00;561,000;1,000;MESURE
2025-06-18 07:00:00+02:00;566,000;1,000;MESURE
2025-06-18 08:00:00+02:00;565,000;1,000;MESURE
2025-06-18 09:00:00+02:00;564,000;1,000;MESURE
2025-06-18 10:00:00+02:00;562,000;1,000;MESURE
2025-06-18 11:00:00+02:00;560,000;1,000;MESURE
2025-06-18 12:00:00+02:00;562,000;1,000;MESURE
2025-06-18 13:00:00+02:00;562,000;1,000;MESURE
2025-06-18 14:00:00+02:00;292,000;1,000;MESURE
2025-06-18 15:00:00+02:00;558,000;1,000;MESURE
2025-06-18 16:00:00+02:00;566,000;1,000;MESURE
2025-06-18 17:00:00+02:00;565,000;1,000;MESURE
2025-06-18 18:00:00+02:00;563,000;1,000;MESURE
2025-06-18 19:00:00+02:00;560,000;1,000;MESURE
2025-06-18 20:00:00+02:00;556,000;1,000;MESURE
2025-06-18 21:00:00+02:00;1326,000;1,000;MESURE
2025-06-18 22:00:00+02:00;4068,000;1,000;MESURE
2025-06-18 23:00:00+02:00;3601,000;1,000;MESURE
2025-06-19 00:00:00+02:00;3425,000;1,000;MESURE
2025-06-19 01:00:00+02:00;3406,000;1,000;MESURE
2025-06-19 02:00:00+02:00;3406,000;1,000;MESURE
2025-06-19 03:00:00+02:00;3412,000;1,000;MESURE
2025-06-19 04:00:00+02:00;3417,000;1,000;MESURE
2025-06-19 05:00:00+02:00;2516,000;1,000;MESURE
2025-06-19 06:00:00+02:00;553,000;1,000;MESURE
2025-06-19 07:00:00+02:00;564,000;1,000;MESURE
2025-06-19 08:00:00+02:00;562,000;1,000;MESURE
2025-06-19 09:00:00+02:00;561,000;1,000;MESURE
2025-06-19 10:00:00+02:00;561,000;1,000;MESURE
2025-06-19 11:00:00+02:00;558,000;1,000;MESURE
2025-06-19 12:00:00+02:00;559,000;1,000;MESURE
2025-06-19 13:00:00+02:00;560,000;1,000;MESURE
2025-06-19 14:00:00+02:00;559,000;1,000;MESURE
2025-06-19 15:00:00+02:00;561,000;1,000;MESURE
2025-06-19 16:00:00+02:00;560,000;1,000;MESURE
2025-06-19 17:00:00+02:00;562,000;1,000;MESURE
2025-06-19 18:00:00+02:00;561,000;1,000;MESURE
2025-06-19 19:00:00+02:00;558,000;1,000;MESURE
2025-06-19 20:00:00+02:00;549,000;1,000;MESURE
2025-06-19 21:00:00+02:00;1318,000;1,000;MESURE
2025-06-19 22:00:00+02:00;4059,000;1,000;MESURE
2025-06-19 23:00:00+02:00;3596,000;1,000;MESURE
2025-06-20 00:00:00+02:00;3411,000;1,000;MESURE
2025-06-20 01:00:00+02:00;3404,000;1,000;MESURE
2025-06-20 02:00:00+02:00;3404,000;1,000;MESURE
2025-06-20 03:00:00+02:00;3410,000;1,000;MESURE
2025-06-20 04:00:00+02:00;3414,000;1,000;MESURE
2025-06-20 05:00:00+02:00;2506,000;1,000;MESURE
2025-06-20 06:00:00+02:00;556,000;1,000;MESURE
2025-06-20 07:00:00+02:00;557,000;1,000;MESURE
2025-06-20 08:00:00+02:00;555,000;1,000;MESURE
2025-06-20 09:00:00+02:00;557,000;1,000;MESURE
2025-06-20 10:00:00+02:00;556,000;1,000;MESURE
2025-06-20 11:00:00+02:00;557,000;1,000;MESURE
2025-06-20 12:00:00+02:00;557,000;1,000;MESURE
2025-06-20 13:00:00+02:00;557,000;1,000;MESURE
2025-06-20 14:00:00+02:00;551,000;1,000;MESURE
2025-06-20 15:00:00+02:00;550,000;1,000;MESURE
2025-06-20 16:00:00+02:00;550,000;1,000;MESURE
2025-06-20 17:00:00+02:00;546,000;1,000;MESURE
2025-06-20 18:00:00+02:00;546,000;1,000;MESURE
2025-06-20 19:00:00+02:00;544,000;1,000;MESURE
2025-06-20 20:00:00+02:00;541,000;1,000;MESURE
2025-06-20 21:00:00+02:00;1224,000;1,000;MESURE
2025-06-20 22:00:00+02:00;4051,000;1,000;MESURE
2025-06-20 23:00:00+02:00;3581,000;1,000;MESURE
2025-06-21 00:00:00+02:00;3370,000;1,000;MESURE
2025-06-21 01:00:00+02:00;3381,000;1,000;MESURE
2025-06-21 02:00:00+02:00;3388,000;1,000;MESURE
2025-06-21 03:00:00+02:00;3390,000;1,000;MESURE
2025-06-21 04:00:00+02:00;3395,000;1,000;MESURE
2025-06-21 05:00:00+02:00;2485,000;1,000;MESURE
2025-06-21 06:00:00+02:00;535,000;1,000;MESURE
2025-06-21 07:00:00+02:00;539,000;1,000;MESURE
2025-06-21 08:00:00+02:00;534,000;1,000;MESURE
2025-06-21 09:00:00+02:00;533,000;1,000;MESURE
2025-06-21 10:00:00+02:00;533,000;1,000;MESURE
2025-06-21 11:00:00+02:00;538,000;1,000;MESURE
2025-06-21 12:00:00+02:00;547,000;1,000;MESURE
2025-06-21 13:00:00+02:00;540,000;1,000;MESURE
2025-06-21 14:00:00+02:00;534,000;1,000;MESURE
2025-06-21 15:00:00+02:00;545,000;1,000;MESURE
2025-06-21 16:00:00+02:00;543,000;1,000;MESURE
2025-06-21 17:00:00+02:00;541,000;1,000;MESURE
2025-06-21 18:00:00+02:00;539,000;1,000;MESURE
2025-06-21 19:00:00+02:00;536,000;1,000;MESURE
2025-06-21 20:00:00+02:00;534,000;1,000;MESURE
2025-06-21 21:00:00+02:00;1223,000;1,000;MESURE
2025-06-21 22:00:00+02:00;4043,000;1,000;MESURE
2025-06-21 23:00:00+02:00;3579,000;1,000;MESURE
2025-06-22 00:00:00+02:00;3394,000;1,000;MESURE
2025-06-22 01:00:00+02:00;3386,000;1,000;MESURE
2025-06-22 02:00:00+02:00;3399,000;1,000;MESURE
2025-06-22 03:00:00+02:00;3406,000;1,000;MESURE
2025-06-22 04:00:00+02:00;3407,000;1,000;MESURE
2025-06-22 05:00:00+02:00;2499,000;1,000;MESURE
2025-06-22 06:00:00+02:00;533,000;1,000;MESURE
2025-06-22 07:00:00+02:00;533,000;1,000;MESURE
2025-06-22 08:00:00+02:00;535,000;1,000;MESURE
2025-06-22 09:00:00+02:00;535,000;1,000;MESURE
2025-06-22 10:00:00+02:00;532,000;1,000;MESURE
2025-06-22 11:00:00+02:00;530,000;1,000;MESURE
2025-06-22 12:00:00+02:00;528,000;1,000;MESURE
2025-06-22 13:00:00+02:00;529,000;1,000;MESURE
2025-06-22 14:00:00+02:00;532,000;1,000;MESURE
2025-06-22 15:00:00+02:00;535,000;1,000;MESURE
2025-06-22 16:00:00+02:00;532,000;1,000;MESURE
2025-06-22 17:00:00+02:00;540,000;1,000;MESURE
2025-06-22 18:00:00+02:00;540,000;1,000;MESURE
2025-06-22 19:00:00+02:00;537,000;1,000;MESURE
2025-06-22 20:00:00+02:00;535,000;1,000;MESURE
2025-06-22 21:00:00+02:00;1201,000;1,000;MESURE
2025-06-22 22:00:00+02:00;4040,000;1,000;MESURE
2025-06-22 23:00:00+02:00;3574,000;1,000;MESURE
2025-06-23 00:00:00+02:00;3366,000;1,000;MESURE
2025-06-23 01:00:00+02:00;3363,000;1,000;MESURE
2025-06-23 02:00:00+02:00;3359,000;1,000;MESURE
2025-06-23 03:00:00+02:00;3367,000;1,000;MESURE
2025-06-23 04:00:00+02:00;3368,000;1,000;MESURE
2025-06-23 05:00:00+02:00;2564,000;1,000;MESURE
2025-06-23 06:00:00+02:00;527,000;1,000;MESURE
2025-06-23 07:00:00+02:00;536,000;1,000;MESURE
2025-06-23 08:00:00+02:00;541,000;1,000;MESURE
2025-06-23 09:00:00+02:00;536,000;1,000;MESURE
2025-06-23 10:00:00+02:00;536,000;1,000;MESURE
2025-06-23 11:00:00+02:00;539,000;1,000;MESURE
2025-06-23 12:00:00+02:00;543,000;1,000;MESURE
2025-06-23 13:00:00+02:00;541,000;1,000;MESURE
2025-06-23 14:00:00+02:00;542,000;1,000;MESURE
2025-06-23 15:00:00+02:00;541,000;1,000;MESURE
2025-06-23 16:00:00+02:00;544,000;1,000;MESURE
2025-06-23 17:00:00+02:00;541,000;1,000;MESURE
2025-06-23 18:00:00+02:00;542,000;1,000;MESURE
2025-06-23 19:00:00+02:00;543,000;1,000;MESURE
2025-06-23 20:00:00+02:00;539,000;1,000;MESURE
2025-06-23 21:00:00+02:00;1221,000;1,000;MESURE
2025-06-23 22:00:00+02:00;4056,000;1,000;MESURE
2025-06-23 23:00:00+02:00;3559,000;1,000;MESURE
2025-06-24 00:00:00+02:00;3382,000;1,000;MESURE
2025-06-24 01:00:00+02:00;3381,000;1,000;MESURE
2025-06-24 02:00:00+02:00;3380,000;1,000;MESURE
2025-06-24 03:00:00+02:00;3390,000;1,000;MESURE
2025-06-24 04:00:00+02:00;3393,000;1,000;MESURE
2025-06-24 05:00:00+02:00;2579,000;1,000;MESURE
2025-06-24 06:00:00+02:00;541,000;1,000;MESURE
2025-06-24 07:00:00+02:00;534,000;1,000;MESURE
2025-06-24 08:00:00+02:00;546,000;1,000;MESURE
2025-06-24 09:00:00+02:00;547,000;1,000;MESURE
2025-06-24 10:00:00+02:00;532,000;1,000;MESURE
2025-06-24 11:00:00+02:00;541,000;1,000;MESURE
2025-06-24 12:00:00+02:00;544,000;1,000;MESURE
2025-06-24 13:00:00+02:00;544,000;1,000;MESURE
2025-06-24 14:00:00+02:00;544,000;1,000;MESURE
2025-06-24 15:00:00+02:00;544,000;1,000;MESURE
2025-06-24 16:00:00+02:00;543,000;1,000;MESURE
2025-06-24 17:00:00+02:00;545,000;1,000;MESURE
2025-06-24 18:00:00+02:00;543,000;1,000;MESURE
2025-06-24 19:00:00+02:00;542,000;1,000;MESURE
2025-06-24 20:00:00+02:00;539,000;1,000;MESURE
2025-06-24 21:00:00+02:00;1215,000;1,000;MESURE
2025-06-24 22:00:00+02:00;4052,000;1,000;MESURE
2025-06-24 23:00:00+02:00;3577,000;1,000;MESURE
2025-06-25 00:00:00+02:00;3390,000;1,000;MESURE
2025-06-25 01:00:00+02:00;3403,000;1,000;MESURE
2025-06-25 02:00:00+02:00;3393,000;1,000;MESURE
2025-06-25 03:00:00+02:00;3399,000;1,000;MESURE
2025-06-25 04:00:00+02:00;3402,000;1,000;MESURE
2025-06-25 05:00:00+02:00;2575,000;1,000;MESURE
2025-06-25 06:00:00+02:00;533,000;1,000;MESURE
2025-06-25 07:00:00+02:00;531,000;1,000;MESURE
2025-06-25 08:00:00+02:00;544,000;1,000;MESURE
2025-06-25 09:00:00+02:00;545,000;1,000;MESURE
2025-06-25 10:00:00+02:00;541,000;1,000;MESURE
2025-06-25 11:00:00+02:00;541,000;1,000;MESURE
2025-06-25 12:00:00+02:00;541,000;1,000;MESURE
2025-06-25 13:00:00+02:00;542,000;1,000;MESURE
2025-06-25 14:00:00+02:00;541,000;1,000;MESURE
2025-06-25 15:00:00+02:00;543,000;1,000;MESURE
2025-06-25 16:00:00+02:00;544,000;1,000;MESURE
2025-06-25 17:00:00+02:00;542,000;1,000;MESURE
2025-06-25 18:00:00+02:00;539,000;1,000;MESURE
2025-06-25 19:00:00+02:00;538,000;1,000;MESURE
2025-06-25 20:00:00+02:00;534,000;1,000;MESURE
2025-06-25 21:00:00+02:00;1205,000;1,000;MESURE
2025-06-25 22:00:00+02:00;4040,000;1,000;MESURE
2025-06-25 23:00:00+02:00;3581,000;1,000;MESURE
2025-06-26 00:00:00+02:00;3372,000;1,000;MESURE
2025-06-26 01:00:00+02:00;3378,000;1,000;MESURE
2025-06-26 02:00:00+02:00;3376,000;1,000;MESURE
2025-06-26 03:00:00+02:00;3380,000;1,000;MESURE
2025-06-26 04:00:00+02:00;3386,000;1,000;MESURE
2025-06-26 05:00:00+02:00;2650,000;1,000;MESURE
2025-06-26 06:00:00+02:00;531,000;1,000;MESURE
2025-06-26 07:00:00+02:00;538,000;1,000;MESURE
2025-06-26 08:00:00+02:00;543,000;1,000;MESURE
2025-06-26 09:00:00+02:00;543,000;1,000;MESURE
2025-06-26 10:00:00+02:00;544,000;1,000;MESURE
2025-06-26 11:00:00+02:00;542,000;1,000;MESURE
2025-06-26 12:00:00+02:00;540,000;1,000;MESURE
2025-06-26 13:00:00+02:00;542,000;1,000;MESURE
2025-06-26 14:00:00+02:00;543,000;1,000;MESURE
2025-06-26 15:00:00+02:00;541,000;1,000;MESURE
2025-06-26 16:00:00+02:00;540,000;1,000;MESURE
2025-06-26 17:00:00+02:00;541,000;1,000;MESURE
2025-06-26 18:00:00+02:00;540,000;1,000;MESURE
2025-06-26 19:00:00+02:00;541,000;1,000;MESURE
2025-06-26 20:00:00+02:00;538,000;1,000;MESURE
2025-06-26 21:00:00+02:00;1221,000;1,000;MESURE
2025-06-26 22:00:00+02:00;4035,000;1,000;MESURE
2025-06-26 23:00:00+02:00;3553,000;1,000;MESURE
2025-06-27 00:00:00+02:00;3388,000;1,000;MESURE
2025-06-27 01:00:00+02:00;3397,000;1,000;MESURE
2025-06-27 02:00:00+02:00;3396,000;1,000;MESURE
2025-06-27 03:00:00+02:00;3400,000;1,000;MESURE
2025-06-27 04:00:00+02:00;3401,000;1,000;MESURE
2025-06-27 05:00:00+02:00;2667,000;1,000;MESURE
2025-06-27 06:00:00+02:00;534,000;1,000;MESURE
2025-06-27 07:00:00+02:00;538,000;1,000;MESURE
2025-06-27 08:00:00+02:00;543,000;1,000;MESURE
2025-06-27 09:00:00+02:00;543,000;1,000;MESURE
2025-06-27 10:00:00+02:00;540,000;1,000;MESURE
2025-06-27 11:00:00+02:00;539,000;1,000;MESURE
2025-06-27 12:00:00+02:00;540,000;1,000;MESURE
2025-06-27 13:00:00+02:00;539,000;1,000;MESURE
2025-06-27 14:00:00+02:00;540,000;1,000;MESURE
2025-06-27 15:00:00+02:00;541,000;1,000;MESURE
2025-06-27 16:00:00+02:00;541,000;1,000;MESURE
2025-06-27 17:00:00+02:00;541,000;1,000;MESURE
2025-06-27 18:00:00+02:00;540,000;1,000;MESURE
2025-06-27 19:00:00+02:00;538,000;1,000;MESURE
2025-06-27 20:00:00+02:00;536,000;1,000;MESURE
2025-06-27 21:00:00+02:00;1216,000;1,000;MESURE
2025-06-27 22:00:00+02:00;4045,000;1,000;MESURE
2025-06-27 23:00:00+02:00;3547,000;1,000;MESURE
2025-06-28 00:00:00+02:00;3374,000;1,000;MESURE
2025-06-28 01:00:00+02:00;3377,000;1,000;MESURE
2025-06-28 02:00:00+02:00;3384,000;1,000;MESURE
2025-06-28 03:00:00+02:00;3390,000;1,000;MESURE
2025-06-28 04:00:00+02:00;3390,000;1,000;MESURE
2025-06-28 05:00:00+02:00;2750,000;1,000;MESURE
2025-06-28 06:00:00+02:00;534,000;1,000;MESURE
2025-06-28 07:00:00+02:00;534,000;1,000;MESURE
2025-06-28 08:00:00+02:00;532,000;1,000;MESURE
2025-06-28 09:00:00+02:00;533,000;1,000;MESURE
2025-06-28 10:00:00+02:00;535,000;1,000;MESURE
2025-06-28 11:00:00+02:00;533,000;1,000;MESURE
2025-06-28 12:00:00+02:00;531,000;1,000;MESURE
2025-06-28 13:00:00+02:00;532,000;1,000;MESURE
2025-06-28 14:00:00+02:00;534,000;1,000;MESURE
2025-06-28 15:00:00+02:00;533,000;1,000;MESURE
2025-06-28 16:00:00+02:00;538,000;1,000;MESURE
2025-06-28 17:00:00+02:00;529,000;1,000;MESURE
2025-06-28 18:00:00+02:00;540,000;1,000;MESURE
2025-06-28 19:00:00+02:00;532,000;1,000;MESURE
2025-06-28 20:00:00+02:00;530,000;1,000;MESURE
2025-06-28 21:00:00+02:00;1210,000;1,000;MESURE
2025-06-28 22:00:00+02:00;4049,000;1,000;MESURE
2025-06-28 23:00:00+02:00;3565,000;1,000;MESURE
2025-06-29 00:00:00+02:00;3375,000;1,000;MESURE
2025-06-29 01:00:00+02:00;3388,000;1,000;MESURE
2025-06-29 02:00:00+02:00;3389,000;1,000;MESURE
2025-06-29 03:00:00+02:00;3391,000;1,000;MESURE
2025-06-29 04:00:00+02:00;3394,000;1,000;MESURE
2025-06-29 05:00:00+02:00;2747,000;1,000;MESURE
2025-06-29 06:00:00+02:00;531,000;1,000;MESURE
2025-06-29 07:00:00+02:00;535,000;1,000;MESURE
2025-06-29 08:00:00+02:00;537,000;1,000;MESURE
2025-06-29 09:00:00+02:00;535,000;1,000;MESURE
2025-06-29 10:00:00+02:00;530,000;1,000;MESURE
2025-06-29 11:00:00+02:00;539,000;1,000;MESURE
2025-06-29 12:00:00+02:00;539,000;1,000;MESURE
2025-06-29 13:00:00+02:00;537,000;1,000;MESURE
2025-06-29 14:00:00+02:00;538,000;1,000;MESURE
2025-06-29 15:00:00+02:00;539,000;1,000;MESURE
2025-06-29 16:00:00+02:00;542,000;1,000;MESURE
2025-06-29 17:00:00+02:00;541,000;1,000;MESURE
2025-06-29 18:00:00+02:00;532,000;1,000;MESURE
2025-06-29 19:00:00+02:00;539,000;1,000;MESURE
2025-06-29 20:00:00+02:00;535,000;1,000;MESURE
2025-06-29 21:00:00+02:00;1199,000;1,000;MESURE
2025-06-29 22:00:00+02:00;4040,000;1,000;MESURE
2025-06-29 23:00:00+02:00;3557,000;1,000;MESURE
2025-06-30 00:00:00+02:00;3359,000;1,000;MESURE
2025-06-30 01:00:00+02:00;3372,000;1,000;MESURE
2025-06-30 02:00:00+02:00;3380,000;1,000;MESURE
2025-06-30 03:00:00+02:00;3382,000;1,000;MESURE
2025-06-30 04:00:00+02:00;3386,000;1,000;MESURE
2025-06-30 05:00:00+02:00;2825,000;1,000;MESURE
2025-06-30 06:00:00+02:00;533,000;1,000;MESURE
2025-06-30 07:00:00+02:00;534,000;1,000;MESURE
2025-06-30 08:00:00+02:00;535,000;1,000;MESURE
2025-06-30 09:00:00+02:00;540,000;1,000;MESURE
2025-06-30 10:00:00+02:00;537,000;1,000;MESURE
2025-06-30 11:00:00+02:00;535,000;1,000;MESURE
2025-06-30 12:00:00+02:00;533,000;1,000;MESURE
2025-06-30 13:00:00+02:00;533,000;1,000;MESURE
2025-06-30 14:00:00+02:00;532,000;1,000;MESURE
2025-06-30 15:00:00+02:00;536,000;1,000;MESURE
2025-06-30 16:00:00+02:00;539,000;1,000;MESURE
2025-06-30 17:00:00+02:00;540,000;1,000;MESURE
2025-06-30 18:00:00+02:00;537,000;1,000;MESURE
2025-06-30 19:00:00+02:00;534,000;1,000;MESURE
2025-06-30 20:00:00+02:00;529,000;1,000;MESURE
2025-06-30 21:00:00+02:00;1206,000;1,000;MESURE
2025-06-30 22:00:00+02:00;4045,000;1,000;MESURE
2025-06-30 23:00:00+02:00;3564,000;1,000;MESURE
2025-07-01 00:00:00+02:00;3392,000;1,000;MESURE
2025-07-01 01:00:00+02:00;3368,000;1,000;MESURE
2025-07-01 02:00:00+02:00;3368,000;1,000;MESURE
2025-07-01 03:00:00+02:00;3375,000;1,000;MESURE
2025-07-01 04:00:00+02:00;3376,000;1,000;MESURE
2025-07-01 05:00:00+02:00;2820,000;1,000;MESURE
2025-07-01 06:00:00+02:00;529,000;1,000;MESURE
2025-07-01 07:00:00+02:00;533,000;1,000;MESURE
2025-07-01 08:00:00+02:00;538,000;1,000;MESURE
2025-07-01 09:00:00+02:00;538,000;1,000;MESURE
2025-07-01 10:00:00+02:00;536,000;1,000;MESURE
2025-07-01 11:00:00+02:00;535,000;1,000;MESURE
2025-07-01 12:00:00+02:00;532,000;1,000;MESURE
2025-07-01 13:00:00+02:00;533,000;1,000;MESURE
2025-07-01 14:00:00+02:00;533,000;1,000;MESURE
2025-07-01 15:00:00+02:00;535,000;1,000;MESURE
2025-07-01 16:00:00+02:00;536,000;1,000;MESURE
2025-07-01 17:00:00+02:00;535,000;1,000;MESURE
2025-07-01 18:00:00+02:00;532,000;1,000;MESURE
2025-07-01 19:00:00+02:00;528,000;1,000;MESURE
2025-07-01 20:00:00+02:00;525,000;1,000;MESURE
2025-07-01 21:00:00+02:00;1198,000;1,000;MESURE
2025-07-01 22:00:00+02:00;4052,000;1,000;MESURE
2025-07-01 23:00:00+02:00;3568,000;1,000;MESURE
2025-07-02 00:00:00+02:00;3373,000;1,000;MESURE
2025-07-02 01:00:00+02:00;3374,000;1,000;MESURE
2025-07-02 02:00:00+02:00;3373,000;1,000;MESURE
2025-07-02 03:00:00+02:00;3380,000;1,000;MESURE
2025-07-02 04:00:00+02:00;3384,000;1,000;MESURE
2025-07-02 05:00:00+02:00;2918,000;1,000;MESURE
2025-07-02 06:00:00+02:00;526,000;1,000;MESURE
2025-07-02 07:00:00+02:00;537,000;1,000;MESURE
2025-07-02 08:00:00+02:00;538,000;1,000;MESURE
2025-07-02 09:00:00+02:00;536,000;1,000;MESURE
2025-07-02 10:00:00+02:00;536,000;1,000;MESURE
2025-07-02 11:00:00+02:00;536,000;1,000;MESURE
2025-07-02 12:00:00+02:00;536,000;1,000;MESURE
2025-07-02 13:00:00+02:00;534,000;1,000;MESURE
2025-07-02 14:00:00+02:00;533,000;1,000;MESURE
2025-07-02 15:00:00+02:00;533,000;1,000;MESURE
2025-07-02 16:00:00+02:00;534,000;1,000;MESURE
2025-07-02 17:00:00+02:00;536,000;1,000;MESURE
2025-07-02 18:00:00+02:00;532,000;1,000;MESURE
2025-07-02 19:00:00+02:00;532,000;1,000;MESURE
2025-07-02 20:00:00+02:00;529,000;1,000;MESURE
2025-07-02 21:00:00+02:00;1299,000;1,000;MESURE
2025-07-02 22:00:00+02:00;4033,000;1,000;MESURE
2025-07-02 23:00:00+02:00;3571,000;1,000;MESURE
2025-07-03 00:00:00+02:00;3401,000;1,000;MESURE
2025-07-03 01:00:00+02:00;3367,000;1,000;MESURE
2025-07-03 02:00:00+02:00;3370,000;1,000;MESURE
2025-07-03 03:00:00+02:00;3371,000;1,000;MESURE
2025-07-03 04:00:00+02:00;3365,000;1,000;MESURE
2025-07-03 05:00:00+02:00;3024,000;1,000;MESURE
2025-07-03 06:00:00+02:00;537,000;1,000;MESURE
2025-07-03 07:00:00+02:00;536,000;1,000;MESURE
2025-07-03 08:00:00+02:00;534,000;1,000;MESURE
2025-07-03 09:00:00+02:00;535,000;1,000;MESURE
2025-07-03 10:00:00+02:00;533,000;1,000;MESURE
2025-07-03 11:00:00+02:00;555,000;1,000;MESURE
2025-07-03 12:00:00+02:00;559,000;1,000;MESURE
2025-07-03 13:00:00+02:00;330,000;1,000;MESURE
2025-07-03 14:00:00+02:00;334,000;1,000;MESURE
2025-07-03 15:00:00+02:00;394,000;1,000;MESURE
2025-07-03 16:00:00+02:00;553,000;1,000;MESURE
2025-07-03 17:00:00+02:00;548,000;1,000;MESURE
2025-07-03 18:00:00+02:00;546,000;1,000;MESURE
2025-07-03 19:00:00+02:00;540,000;1,000;MESURE
2025-07-03 20:00:00+02:00;533,000;1,000;MESURE
2025-07-03 21:00:00+02:00;1304,000;1,000;MESURE
2025-07-03 22:00:00+02:00;4034,000;1,000;MESURE
2025-07-03 23:00:00+02:00;3571,000;1,000;MESURE
2025-07-04 00:00:00+02:00;3417,000;1,000;MESURE
2025-07-04 01:00:00+02:00;3438,000;1,000;MESURE
2025-07-04 02:00:00+02:00;3400,000;1,000;MESURE
2025-07-04 03:00:00+02:00;3403,000;1,000;MESURE
2025-07-04 04:00:00+02:00;3394,000;1,000;MESURE
2025-07-04 05:00:00+02:00;3029,000;1,000;MESURE
2025-07-04 06:00:00+02:00;548,000;1,000;MESURE
2025-07-04 07:00:00+02:00;359,000;1,000;MESURE
2025-07-04 08:00:00+02:00;346,000;1,000;MESURE
2025-07-04 09:00:00+02:00;562,000;1,000;MESURE
2025-07-04 10:00:00+02:00;559,000;1,000;MESURE
2025-07-04 11:00:00+02:00;559,000;1,000;MESURE
2025-07-04 12:00:00+02:00;557,000;1,000;MESURE
2025-07-04 13:00:00+02:00;557,000;1,000;MESURE
2025-07-04 14:00:00+02:00;569,000;1,000;MESURE
2025-07-04 15:00:00+02:00;569,000;1,000;MESURE
2025-07-04 16:00:00+02:00;559,000;1,000;MESURE
2025-07-04 17:00:00+02:00;556,000;1,000;MESURE
2025-07-04 18:00:00+02:00;558,000;1,000;MESURE
2025-07-04 19:00:00+02:00;557,000;1,000;MESURE
2025-07-04 20:00:00+02:00;556,000;1,000;MESURE
2025-07-04 21:00:00+02:00;1322,000;1,000;MESURE
2025-07-04 22:00:00+02:00;4066,000;1,000;MESURE
2025-07-04 23:00:00+02:00;3589,000;1,000;MESURE
2025-07-05 00:00:00+02:00;3412,000;1,000;MESURE
2025-07-05 01:00:00+02:00;3415,000;1,000;MESURE
2025-07-05 02:00:00+02:00;3425,000;1,000;MESURE
2025-07-05 03:00:00+02:00;3421,000;1,000;MESURE
2025-07-05 04:00:00+02:00;3421,000;1,000;MESURE
2025-07-05 05:00:00+02:00;3127,000;1,000;MESURE
2025-07-05 06:00:00+02:00;556,000;1,000;MESURE
2025-07-05 07:00:00+02:00;559,000;1,000;MESURE
2025-07-05 08:00:00+02:00;559,000;1,000;MESURE
2025-07-05 09:00:00+02:00;563,000;1,000;MESURE
2025-07-05 10:00:00+02:00;558,000;1,000;MESURE
2025-07-05 11:00:00+02:00;556,000;1,000;MESURE
2025-07-05 12:00:00+02:00;553,000;1,000;MESURE
2025-07-05 13:00:00+02:00;555,000;1,000;MESURE
2025-07-05 14:00:00+02:00;554,000;1,000;MESURE
2025-07-05 15:00:00+02:00;556,000;1,000;MESURE
2025-07-05 16:00:00+02:00;558,000;1,000;MESURE
2025-07-05 17:00:00+02:00;553,000;1,000;MESURE
2025-07-05 18:00:00+02:00;562,000;1,000;MESURE
2025-07-05 19:00:00+02:00;556,000;1,000;MESURE
2025-07-05 20:00:00+02:00;550,000;1,000;MESURE
2025-07-05 21:00:00+02:00;1413,000;1,000;MESURE
2025-07-05 22:00:00+02:00;4063,000;1,000;MESURE
2025-07-05 23:00:00+02:00;3586,000;1,000;MESURE
2025-07-06 00:00:00+02:00;3424,000;1,000;MESURE
2025-07-06 01:00:00+02:00;3429,000;1,000;MESURE
2025-07-06 02:00:00+02:00;3430,000;1,000;MESURE
2025-07-06 03:00:00+02:00;3432,000;1,000;MESURE
2025-07-06 04:00:00+02:00;3433,000;1,000;MESURE
2025-07-06 05:00:00+02:00;3216,000;1,000;MESURE
2025-07-06 06:00:00+02:00;566,000;1,000;MESURE
2025-07-06 07:00:00+02:00;565,000;1,000;MESURE
2025-07-06 08:00:00+02:00;566,000;1,000;MESURE
2025-07-06 09:00:00+02:00;568,000;1,000;MESURE
2025-07-06 10:00:00+02:00;567,000;1,000;MESURE
2025-07-06 11:00:00+02:00;564,000;1,000;MESURE
2025-07-06 12:00:00+02:00;561,000;1,000;MESURE
2025-07-06 13:00:00+02:00;557,000;1,000;MESURE
2025-07-06 14:00:00+02:00;558,000;1,000;MESURE
2025-07-06 15:00:00+02:00;559,000;1,000;MESURE
2025-07-06 16:00:00+02:00;559,000;1,000;MESURE
2025-07-06 17:00:00+02:00;561,000;1,000;MESURE
2025-07-06 18:00:00+02:00;562,000;1,000;MESURE
2025-07-06 19:00:00+02:00;562,000;1,000;MESURE
2025-07-06 20:00:00+02:00;560,000;1,000;MESURE
2025-07-06 21:00:00+02:00;1428,000;1,000;MESURE
2025-07-06 22:00:00+02:00;4080,000;1,000;MESURE
2025-07-06 23:00:00+02:00;3609,000;1,000;MESURE
2025-07-07 00:00:00+02:00;3412,000;1,000;MESURE
2025-07-07 01:00:00+02:00;3428,000;1,000;MESURE
2025-07-07 02:00:00+02:00;3411,000;1,000;MESURE
2025-07-07 03:00:00+02:00;3448,000;1,000;MESURE
2025-07-07 04:00:00+02:00;3455,000;1,000;MESURE
2025-07-07 05:00:00+02:00;3309,000;1,000;MESURE
2025-07-07 06:00:00+02:00;564,000;1,000;MESURE
2025-07-07 07:00:00+02:00;560,000;1,000;MESURE
2025-07-07 08:00:00+02:00;558,000;1,000;MESURE
2025-07-07 09:00:00+02:00;559,000;1,000;MESURE
2025-07-07 10:00:00+02:00;556,000;1,000;MESURE
2025-07-07 11:00:00+02:00;556,000;1,000;MESURE
2025-07-07 12:00:00+02:00;557,000;1,000;MESURE
2025-07-07 13:00:00+02:00;558,000;1,000;MESURE
2025-07-07 14:00:00+02:00;556,000;1,000;MESURE
2025-07-07 15:00:00+02:00;556,000;1,000;MESURE
2025-07-07 16:00:00+02:00;557,000;1,000;MESURE
2025-07-07 17:00:00+02:00;559,000;1,000;MESURE
2025-07-07 18:00:00+02:00;557,000;1,000;MESURE
2025-07-07 19:00:00+02:00;559,000;1,000;MESURE
2025-07-07 20:00:00+02:00;558,000;1,000;MESURE
2025-07-07 21:00:00+02:00;1506,000;1,000;MESURE
2025-07-07 22:00:00+02:00;4080,000;1,000;MESURE
2025-07-07 23:00:00+02:00;3615,000;1,000;MESURE
2025-07-08 00:00:00+02:00;3441,000;1,000;MESURE
2025-07-08 01:00:00+02:00;3447,000;1,000;MESURE
2025-07-08 02:00:00+02:00;3448,000;1,000;MESURE
2025-07-08 03:00:00+02:00;3455,000;1,000;MESURE
2025-07-08 04:00:00+02:00;3456,000;1,000;MESURE
2025-07-08 05:00:00+02:00;3404,000;1,000;MESURE
2025-07-08 06:00:00+02:00;564,000;1,000;MESURE
2025-07-08 07:00:00+02:00;562,000;1,000;MESURE
2025-07-08 08:00:00+02:00;556,000;1,000;MESURE
2025-07-08 09:00:00+02:00;555,000;1,000;MESURE
2025-07-08 10:00:00+02:00;554,000;1,000;MESURE
2025-07-08 11:00:00+02:00;557,000;1,000;MESURE
2025-07-08 12:00:00+02:00;555,000;1,000;MESURE
2025-07-08 13:00:00+02:00;554,000;1,000;MESURE
2025-07-08 14:00:00+02:00;555,000;1,000;MESURE
2025-07-08 15:00:00+02:00;559,000;1,000;MESURE
2025-07-08 16:00:00+02:00;562,000;1,000;MESURE
2025-07-08 17:00:00+02:00;561,000;1,000;MESURE
2025-07-08 18:00:00+02:00;562,000;1,000;MESURE
2025-07-08 19:00:00+02:00;563,000;1,000;MESURE
2025-07-08 20:00:00+02:00;557,000;1,000;MESURE
2025-07-08 21:00:00+02:00;1511,000;1,000;MESURE
2025-07-08 22:00:00+02:00;4081,000;1,000;MESURE
2025-07-08 23:00:00+02:00;3590,000;1,000;MESURE
2025-07-09 00:00:00+02:00;3410,000;1,000;MESURE
2025-07-09 01:00:00+02:00;3424,000;1,000;MESURE
2025-07-09 02:00:00+02:00;3452,000;1,000;MESURE
2025-07-09 03:00:00+02:00;3428,000;1,000;MESURE
2025-07-09 04:00:00+02:00;3440,000;1,000;MESURE
2025-07-09 05:00:00+02:00;3418,000;1,000;MESURE
2025-07-09 06:00:00+02:00;562,000;1,000;MESURE
2025-07-09 07:00:00+02:00;567,000;1,000;MESURE
2025-07-09 08:00:00+02:00;564,000;1,000;MESURE
2025-07-09 09:00:00+02:00;562,000;1,000;MESURE
2025-07-09 10:00:00+02:00;560,000;1,000;MESURE
2025-07-09 11:00:00+02:00;558,000;1,000;MESURE
2025-07-09 12:00:00+02:00;558,000;1,000;MESURE
2025-07-09 13:00:00+02:00;557,000;1,000;MESURE
2025-07-09 14:00:00+02:00;557,000;1,000;MESURE
2025-07-09 15:00:00+02:00;560,000;1,000;MESURE
2025-07-09 16:00:00+02:00;560,000;1,000;MESURE
2025-07-09 17:00:00+02:00;561,000;1,000;MESURE
2025-07-09 18:00:00+02:00;564,000;1,000;MESURE
2025-07-09 19:00:00+02:00;563,000;1,000;MESURE
2025-07-09 20:00:00+02:00;562,000;1,000;MESURE
2025-07-09 21:00:00+02:00;1598,000;1,000;MESURE
2025-07-09 22:00:00+02:00;4085,000;1,000;MESURE
2025-07-09 23:00:00+02:00;3583,000;1,000;MESURE
2025-07-10 00:00:00+02:00;3402,000;1,000;MESURE
2025-07-10 01:00:00+02:00;3441,000;1,000;MESURE
2025-07-10 02:00:00+02:00;3445,000;1,000;MESURE
2025-07-10 03:00:00+02:00;3439,000;1,000;MESURE
2025-07-10 04:00:00+02:00;3449,000;1,000;MESURE
2025-07-10 05:00:00+02:00;3488,000;1,000;MESURE
2025-07-10 06:00:00+02:00;563,000;1,000;MESURE
2025-07-10 07:00:00+02:00;563,000;1,000;MESURE
2025-07-10 08:00:00+02:00;563,000;1,000;MESURE
2025-07-10 09:00:00+02:00;562,000;1,000;MESURE
2025-07-10 10:00:00+02:00;562,000;1,000;MESURE
2025-07-10 11:00:00+02:00;558,000;1,000;MESURE
2025-07-10 12:00:00+02:00;558,000;1,000;MESURE
2025-07-10 13:00:00+02:00;557,000;1,000;MESURE
2025-07-10 14:00:00+02:00;556,000;1,000;MESURE
2025-07-10 15:00:00+02:00;558,000;1,000;MESURE
2025-07-10 16:00:00+02:00;555,000;1,000;MESURE
2025-07-10 17:00:00+02:00;126,000;1,000;MESURE
2025-07-10 18:00:00+02:00;126,000;1,000;MESURE
2025-07-10 19:00:00+02:00;125,000;1,000;MESURE
2025-07-10 20:00:00+02:00;121,000;1,000;MESURE
2025-07-10 21:00:00+02:00;1162,000;1,000;MESURE
2025-07-10 22:00:00+02:00;3672,000;1,000;MESURE
2025-07-10 23:00:00+02:00;3614,000;1,000;MESURE
2025-07-11 00:00:00+02:00;3450,000;1,000;MESURE
2025-07-11 01:00:00+02:00;3460,000;1,000;MESURE
2025-07-11 02:00:00+02:00;3429,000;1,000;MESURE
2025-07-11 03:00:00+02:00;3439,000;1,000;MESURE
2025-07-11 04:00:00+02:00;3459,000;1,000;MESURE
2025-07-11 05:00:00+02:00;3593,000;1,000;MESURE
2025-07-11 06:00:00+02:00;582,000;1,000;MESURE
2025-07-11 07:00:00+02:00;582,000;1,000;MESURE
2025-07-11 08:00:00+02:00;580,000;1,000;MESURE
2025-07-11 09:00:00+02:00;583,000;1,000;MESURE
2025-07-11 10:00:00+02:00;581,000;1,000;MESURE
2025-07-11 11:00:00+02:00;581,000;1,000;MESURE
2025-07-11 12:00:00+02:00;575,000;1,000;MESURE
2025-07-11 13:00:00+02:00;574,000;1,000;MESURE
2025-07-11 14:00:00+02:00;574,000;1,000;MESURE
2025-07-11 15:00:00+02:00;574,000;1,000;MESURE
2025-07-11 16:00:00+02:00;576,000;1,000;MESURE
2025-07-11 17:00:00+02:00;576,000;1,000;MESURE
2025-07-11 18:00:00+02:00;138,000;1,000;MESURE
2025-07-11 19:00:00+02:00;125,000;1,000;MESURE
2025-07-11 20:00:00+02:00;122,000;1,000;MESURE
2025-07-11 21:00:00+02:00;1242,000;1,000;MESURE
2025-07-11 22:00:00+02:00;3631,000;1,000;MESURE
2025-07-11 23:00:00+02:00;3171,000;1,000;MESURE
2025-07-12 00:00:00+02:00;2989,000;1,000;MESURE
2025-07-12 01:00:00+02:00;2974,000;1,000;MESURE
2025-07-12 02:00:00+02:00;3240,000;1,000;MESURE
2025-07-12 03:00:00+02:00;3424,000;1,000;MESURE
2025-07-12 04:00:00+02:00;3427,000;1,000;MESURE
2025-07-12 05:00:00+02:00;3646,000;1,000;MESURE
2025-07-12 06:00:00+02:00;569,000;1,000;MESURE
2025-07-12 07:00:00+02:00;571,000;1,000;MESURE
2025-07-12 08:00:00+02:00;574,000;1,000;MESURE
2025-07-12 09:00:00+02:00;578,000;1,000;MESURE
2025-07-12 10:00:00+02:00;578,000;1,000;MESURE
2025-07-12 11:00:00+02:00;580,000;1,000;MESURE
2025-07-12 12:00:00+02:00;580,000;1,000;MESURE
2025-07-12 13:00:00+02:00;579,000;1,000;MESURE
2025-07-12 14:00:00+02:00;580,000;1,000;MESURE
2025-07-12 15:00:00+02:00;577,000;1,000;MESURE
2025-07-12 16:00:00+02:00;575,000;1,000;MESURE
2025-07-12 17:00:00+02:00;576,000;1,000;MESURE
2025-07-12 18:00:00+02:00;137,000;1,000;MESURE
2025-07-12 19:00:00+02:00;125,000;1,000;MESURE
2025-07-12 20:00:00+02:00;122,000;1,000;MESURE
2025-07-12 21:00:00+02:00;1333,000;1,000;MESURE
2025-07-12 22:00:00+02:00;3625,000;1,000;MESURE
2025-07-12 23:00:00+02:00;3166,000;1,000;MESURE
2025-07-13 00:00:00+02:00;2972,000;1,000;MESURE
2025-07-13 01:00:00+02:00;2970,000;1,000;MESURE
2025-07-13 02:00:00+02:00;3231,000;1,000;MESURE
2025-07-13 03:00:00+02:00;3424,000;1,000;MESURE
2025-07-13 04:00:00+02:00;3429,000;1,000;MESURE
2025-07-13 05:00:00+02:00;3729,000;1,000;MESURE
2025-07-13 06:00:00+02:00;568,000;1,000;MESURE
2025-07-13 07:00:00+02:00;572,000;1,000;MESURE
2025-07-13 08:00:00+02:00;576,000;1,000;MESURE
2025-07-13 09:00:00+02:00;577,000;1,000;MESURE
2025-07-13 10:00:00+02:00;580,000;1,000;MESURE
2025-07-13 11:00:00+02:00;576,000;1,000;MESURE
2025-07-13 12:00:00+02:00;578,000;1,000;MESURE
2025-07-13 13:00:00+02:00;581,000;1,000;MESURE
2025-07-13 14:00:00+02:00;580,000;1,000;MESURE
2025-07-13 15:00:00+02:00;579,000;1,000;MESURE
2025-07-13 16:00:00+02:00;577,000;1,000;MESURE
2025-07-13 17:00:00+02:00;579,000;1,000;MESURE
2025-07-13 18:00:00+02:00;135,000;1,000;MESURE
2025-07-13 19:00:00+02:00;125,000;1,000;MESURE
2025-07-13 20:00:00+02:00;122,000;1,000;MESURE
2025-07-13 21:00:00+02:00;1426,000;1,000;MESURE
2025-07-13 22:00:00+02:00;3627,000;1,000;MESURE
2025-07-13 23:00:00+02:00;3166,000;1,000;MESURE
2025-07-14 00:00:00+02:00;2985,000;1,000;MESURE
2025-07-14 01:00:00+02:00;2987,000;1,000;MESURE
2025-07-14 02:00:00+02:00;3244,000;1,000;MESURE
2025-07-14 03:00:00+02:00;3420,000;1,000;MESURE
2025-07-14 04:00:00+02:00;3429,000;1,000;MESURE
2025-07-14 05:00:00+02:00;3841,000;1,000;MESURE
2025-07-14 06:00:00+02:00;583,000;1,000;MESURE
2025-07-14 07:00:00+02:00;579,000;1,000;MESURE
2025-07-14 08:00:00+02:00;577,000;1,000;MESURE
2025-07-14 09:00:00+02:00;579,000;1,000;MESURE
2025-07-14 10:00:00+02:00;576,000;1,000;MESURE
2025-07-14 11:00:00+02:00;571,000;1,000;MESURE
2025-07-14 12:00:00+02:00;571,000;1,000;MESURE
2025-07-14 13:00:00+02:00;572,000;1,000;MESURE
2025-07-14 14:00:00+02:00;580,000;1,000;MESURE
2025-07-14 15:00:00+02:00;578,000;1,000;MESURE
2025-07-14 16:00:00+02:00;569,000;1,000;MESURE
2025-07-14 17:00:00+02:00;572,000;1,000;MESURE
2025-07-14 18:00:00+02:00;135,000;1,000;MESURE
2025-07-14 19:00:00+02:00;125,000;1,000;MESURE
2025-07-14 20:00:00+02:00;122,000;1,000;MESURE
2025-07-14 21:00:00+02:00;1434,000;1,000;MESURE
2025-07-14 22:00:00+02:00;3630,000;1,000;MESURE
2025-07-14 23:00:00+02:00;3169,000;1,000;MESURE
2025-07-15 00:00:00+02:00;2993,000;1,000;MESURE
2025-07-15 01:00:00+02:00;2997,000;1,000;MESURE
2025-07-15 02:00:00+02:00;3266,000;1,000;MESURE
2025-07-15 03:00:00+02:00;3453,000;1,000;MESURE
2025-07-15 04:00:00+02:00;3449,000;1,000;MESURE
2025-07-15 05:00:00+02:00;3920,000;1,000;MESURE
2025-07-15 06:00:00+02:00;572,000;1,000;MESURE
2025-07-15 07:00:00+02:00;575,000;1,000;MESURE
2025-07-15 08:00:00+02:00;574,000;1,000;MESURE
2025-07-15 09:00:00+02:00;574,000;1,000;MESURE
2025-07-15 10:00:00+02:00;570,000;1,000;MESURE
2025-07-15 11:00:00+02:00;570,000;1,000;MESURE
2025-07-15 12:00:00+02:00;572,000;1,000;MESURE
2025-07-15 13:00:00+02:00;578,000;1,000;MESURE
2025-07-15 14:00:00+02:00;578,000;1,000;MESURE
2025-07-15 15:00:00+02:00;580,000;1,000;MESURE
2025-07-15 16:00:00+02:00;579,000;1,000;MESURE
2025-07-15 17:00:00+02:00;574,000;1,000;MESURE
2025-07-15 18:00:00+02:00;135,000;1,000;MESURE
2025-07-15 19:00:00+02:00;126,000;1,000;MESURE
2025-07-15 20:00:00+02:00;122,000;1,000;MESURE
2025-07-15 21:00:00+02:00;1517,000;1,000;MESURE
2025-07-15 22:00:00+02:00;3644,000;1,000;MESURE
2025-07-15 23:00:00+02:00;3163,000;1,000;MESURE
2025-07-16 00:00:00+02:00;2995,000;1,000;MESURE
2025-07-16 01:00:00+02:00;3001,000;1,000;MESURE
2025-07-16 02:00:00+02:00;3266,000;1,000;MESURE
2025-07-16 03:00:00+02:00;3451,000;1,000;MESURE
2025-07-16 04:00:00+02:00;3449,000;1,000;MESURE
2025-07-16 05:00:00+02:00;3995,000;1,000;MESURE
2025-07-16 06:00:00+02:00;558,000;1,000;MESURE
2025-07-16 07:00:00+02:00;571,000;1,000;MESURE
2025-07-16 08:00:00+02:00;570,000;1,000;MESURE
2025-07-16 09:00:00+02:00;568,000;1,000;MESURE
2025-07-16 10:00:00+02:00;565,000;1,000;MESURE
2025-07-16 11:00:00+02:00;561,000;1,000;MESURE
2025-07-16 12:00:00+02:00;561,000;1,000;MESURE
2025-07-16 13:00:00+02:00;561,000;1,000;MESURE
2025-07-16 14:00:00+02:00;561,000;1,000;MESURE
2025-07-16 15:00:00+02:00;564,000;1,000;MESURE
2025-07-16 16:00:00+02:00;565,000;1,000;MESURE
2025-07-16 17:00:00+02:00;563,000;1,000;MESURE
2025-07-16 18:00:00+02:00;133,000;1,000;MESURE
2025-07-16 19:00:00+02:00;125,000;1,000;MESURE
2025-07-16 20:00:00+02:00;122,000;1,000;MESURE
2025-07-16 21:00:00+02:00;1596,000;1,000;MESURE
2025-07-16 22:00:00+02:00;3622,000;1,000;MESURE
2025-07-16 23:00:00+02:00;3164,000;1,000;MESURE
2025-07-17 00:00:00+02:00;2991,000;1,000;MESURE
2025-07-17 01:00:00+02:00;2995,000;1,000;MESURE
2025-07-17 02:00:00+02:00;3227,000;1,000;MESURE
2025-07-17 03:00:00+02:00;3417,000;1,000;MESURE
2025-07-17 04:00:00+02:00;3443,000;1,000;MESURE
2025-07-17 05:00:00+02:00;4097,000;1,000;MESURE
2025-07-17 06:00:00+02:00;568,000;1,000;MESURE
2025-07-17 07:00:00+02:00;564,000;1,000;MESURE
2025-07-17 08:00:00+02:00;562,000;1,000;MESURE
2025-07-17 09:00:00+02:00;562,000;1,000;MESURE
2025-07-17 10:00:00+02:00;559,000;1,000;MESURE
2025-07-17 11:00:00+02:00;559,000;1,000;MESURE
2025-07-17 12:00:00+02:00;562,000;1,000;MESURE
2025-07-17 13:00:00+02:00;560,000;1,000;MESURE
2025-07-17 14:00:00+02:00;559,000;1,000;MESURE
2025-07-17 15:00:00+02:00;562,000;1,000;MESURE
2025-07-17 16:00:00+02:00;564,000;1,000;MESURE
2025-07-17 17:00:00+02:00;567,000;1,000;MESURE
2025-07-17 18:00:00+02:00;134,000;1,000;MESURE
2025-07-17 19:00:00+02:00;125,000;1,000;MESURE
2025-07-17 20:00:00+02:00;120,000;1,000;MESURE
2025-07-17 21:00:00+02:00;1697,000;1,000;MESURE
2025-07-17 22:00:00+02:00;3634,000;1,000;MESURE
2025-07-17 23:00:00+02:00;3162,000;1,000;MESURE
2025-07-18 00:00:00+02:00;2992,000;1,000;MESURE
2025-07-18 01:00:00+02:00;2996,000;1,000;MESURE
2025-07-18 02:00:00+02:00;3267,000;1,000;MESURE
2025-07-18 03:00:00+02:00;3414,000;1,000;MESURE
2025-07-18 04:00:00+02:00;3411,000;1,000;MESURE
2025-07-18 05:00:00+02:00;4143,000;1,000;MESURE
2025-07-18 06:00:00+02:00;569,000;1,000;MESURE
2025-07-18 07:00:00+02:00;567,000;1,000;MESURE
2025-07-18 08:00:00+02:00;564,000;1,000;MESURE
2025-07-18 09:00:00+02:00;568,000;1,000;MESURE
2025-07-18 10:00:00+02:00;564,000;1,000;MESURE
2025-07-18 11:00:00+02:00;562,000;1,000;MESURE
2025-07-18 12:00:00+02:00;561,000;1,000;MESURE
2025-07-18 13:00:00+02:00;561,000;1,000;MESURE
2025-07-18 14:00:00+02:00;563,000;1,000;MESURE
2025-07-18 15:00:00+02:00;566,000;1,000;MESURE
2025-07-18 16:00:00+02:00;569,000;1,000;MESURE
2025-07-18 17:00:00+02:00;569,000;1,000;MESURE
2025-07-18 18:00:00+02:00;135,000;1,000;MESURE
2025-07-18 19:00:00+02:00;124,000;1,000;MESURE
2025-07-18 20:00:00+02:00;122,000;1,000;MESURE
2025-07-18 21:00:00+02:00;1780,000;1,000;MESURE
2025-07-18 22:00:00+02:00;3625,000;1,000;MESURE
2025-07-18 23:00:00+02:00;3160,000;1,000;MESURE
2025-07-19 00:00:00+02:00;2985,000;1,000;MESURE
2025-07-19 01:00:00+02:00;2997,000;1,000;MESURE
2025-07-19 02:00:00+02:00;3271,000;1,000;MESURE
2025-07-19 03:00:00+02:00;3421,000;1,000;MESURE
2025-07-19 04:00:00+02:00;3443,000;1,000;MESURE
2025-07-19 05:00:00+02:00;4332,000;1,000;MESURE
2025-07-19 06:00:00+02:00;561,000;1,000;MESURE
2025-07-19 07:00:00+02:00;561,000;1,000;MESURE
2025-07-19 08:00:00+02:00;568,000;1,000;MESURE
2025-07-19 09:00:00+02:00;567,000;1,000;MESURE
2025-07-19 10:00:00+02:00;564,000;1,000;MESURE
2025-07-19 11:00:00+02:00;584,000;1,000;MESURE
2025-07-19 12:00:00+02:00;582,000;1,000;MESURE
2025-07-19 13:00:00+02:00;580,000;1,000;MESURE
2025-07-19 14:00:00+02:00;583,000;1,000;MESURE
2025-07-19 15:00:00+02:00;586,000;1,000;MESURE
2025-07-19 16:00:00+02:00;583,000;1,000;MESURE
2025-07-19 17:00:00+02:00;578,000;1,000;MESURE
2025-07-19 18:00:00+02:00;137,000;1,000;MESURE
2025-07-19 19:00:00+02:00;126,000;1,000;MESURE
2025-07-19 20:00:00+02:00;122,000;1,000;MESURE
2025-07-19 21:00:00+02:00;1875,000;1,000;MESURE
2025-07-19 22:00:00+02:00;3629,000;1,000;MESURE
2025-07-19 23:00:00+02:00;3165,000;1,000;MESURE
2025-07-20 00:00:00+02:00;2967,000;1,000;MESURE
2025-07-20 01:00:00+02:00;3000,000;1,000;MESURE
2025-07-20 02:00:00+02:00;3269,000;1,000;MESURE
2025-07-20 03:00:00+02:00;3436,000;1,000;MESURE
2025-07-20 04:00:00+02:00;3438,000;1,000;MESURE
2025-07-20 05:00:00+02:00;4435,000;1,000;MESURE
2025-07-20 06:00:00+02:00;580,000;1,000;MESURE
2025-07-20 07:00:00+02:00;577,000;1,000;MESURE
2025-07-20 08:00:00+02:00;584,000;1,000;MESURE
2025-07-20 09:00:00+02:00;582,000;1,000;MESURE
2025-07-20 10:00:00+02:00;583,000;1,000;MESURE
2025-07-20 11:00:00+02:00;580,000;1,000;MESURE
2025-07-20 12:00:00+02:00;578,000;1,000;MESURE
2025-07-20 13:00:00+02:00;578,000;1,000;MESURE
2025-07-20 14:00:00+02:00;583,000;1,000;MESURE
2025-07-20 15:00:00+02:00;579,000;1,000;MESURE
2025-07-20 16:00:00+02:00;577,000;1,000;MESURE
2025-07-20 17:00:00+02:00;578,000;1,000;MESURE
2025-07-20 18:00:00+02:00;136,000;1,000;MESURE
2025-07-20 19:00:00+02:00;126,000;1,000;MESURE
2025-07-20 20:00:00+02:00;122,000;1,000;MESURE
2025-07-20 21:00:00+02:00;1972,000;1,000;MESURE
2025-07-20 22:00:00+02:00;3663,000;1,000;MESURE
2025-07-20 23:00:00+02:00;3187,000;1,000;MESURE
2025-07-21 00:00:00+02:00;2998,000;1,000;MESURE
2025-07-21 01:00:00+02:00;3004,000;1,000;MESURE
2025-07-21 02:00:00+02:00;3271,000;1,000;MESURE
2025-07-21 03:00:00+02:00;3448,000;1,000;MESURE
2025-07-21 04:00:00+02:00;3444,000;1,000;MESURE
2025-07-21 05:00:00+02:00;4534,000;1,000;MESURE
2025-07-21 06:00:00+02:00;575,000;1,000;MESURE
2025-07-21 07:00:00+02:00;570,000;1,000;MESURE
2025-07-21 08:00:00+02:00;568,000;1,000;MESURE
2025-07-21 09:00:00+02:00;568,000;1,000;MESURE
2025-07-21 10:00:00+02:00;567,000;1,000;MESURE
2025-07-21 11:00:00+02:00;567,000;1,000;MESURE
2025-07-21 12:00:00+02:00;569,000;1,000;MESURE
2025-07-21 13:00:00+02:00;568,000;1,000;MESURE
2025-07-21 14:00:00+02:00;567,000;1,000;MESURE
2025-07-21 15:00:00+02:00;568,000;1,000;MESURE
2025-07-21 16:00:00+02:00;571,000;1,000;MESURE
2025-07-21 17:00:00+02:00;571,000;1,000;MESURE
2025-07-21 18:00:00+02:00;268,000;1,000;MESURE
2025-07-21 19:00:00+02:00;125,000;1,000;MESURE
2025-07-21 20:00:00+02:00;122,000;1,000;MESURE
2025-07-21 21:00:00+02:00;2056,000;1,000;MESURE
2025-07-21 22:00:00+02:00;3640,000;1,000;MESURE
2025-07-21 23:00:00+02:00;3153,000;1,000;MESURE
2025-07-22 00:00:00+02:00;2983,000;1,000;MESURE
2025-07-22 01:00:00+02:00;2976,000;1,000;MESURE
2025-07-22 02:00:00+02:00;3138,000;1,000;MESURE
2025-07-22 03:00:00+02:00;3443,000;1,000;MESURE
2025-07-22 04:00:00+02:00;3409,000;1,000;MESURE
2025-07-22 05:00:00+02:00;4582,000;1,000;MESURE
2025-07-22 06:00:00+02:00;571,000;1,000;MESURE
2025-07-22 07:00:00+02:00;569,000;1,000;MESURE
2025-07-22 08:00:00+02:00;568,000;1,000;MESURE
2025-07-22 09:00:00+02:00;567,000;1,000;MESURE
2025-07-22 10:00:00+02:00;566,000;1,000;MESURE
2025-07-22 11:00:00+02:00;566,000;1,000;MESURE
2025-07-22 12:00:00+02:00;566,000;1,000;MESURE
2025-07-22 13:00:00+02:00;565,000;1,000;MESURE
2025-07-22 14:00:00+02:00;566,000;1,000;MESURE
2025-07-22 15:00:00+02:00;566,000;1,000;MESURE
2025-07-22 16:00:00+02:00;568,000;1,000;MESURE
2025-07-22 17:00:00+02:00;571,000;1,000;MESURE
2025-07-22 18:00:00+02:00;266,000;1,000;MESURE
2025-07-22 19:00:00+02:00;126,000;1,000;MESURE
2025-07-22 20:00:00+02:00;122,000;1,000;MESURE
2025-07-22 21:00:00+02:00;2157,000;1,000;MESURE
2025-07-22 22:00:00+02:00;3612,000;1,000;MESURE
2025-07-22 23:00:00+02:00;3174,000;1,000;MESURE
2025-07-23 00:00:00+02:00;2981,000;1,000;MESURE
2025-07-23 01:00:00+02:00;2983,000;1,000;MESURE
2025-07-23 02:00:00+02:00;3112,000;1,000;MESURE
2025-07-23 03:00:00+02:00;3419,000;1,000;MESURE
2025-07-23 04:00:00+02:00;3425,000;1,000;MESURE
2025-07-23 05:00:00+02:00;4678,000;1,000;MESURE
2025-07-23 06:00:00+02:00;572,000;1,000;MESURE
2025-07-23 07:00:00+02:00;573,000;1,000;MESURE
2025-07-23 08:00:00+02:00;570,000;1,000;MESURE
2025-07-23 09:00:00+02:00;569,000;1,000;MESURE
2025-07-23 10:00:00+02:00;568,000;1,000;MESURE
2025-07-23 11:00:00+02:00;570,000;1,000;MESURE
2025-07-23 12:00:00+02:00;571,000;1,000;MESURE
2025-07-23 13:00:00+02:00;570,000;1,000;MESURE
2025-07-23 14:00:00+02:00;567,000;1,000;MESURE
2025-07-23 15:00:00+02:00;569,000;1,000;MESURE
2025-07-23 16:00:00+02:00;570,000;1,000;MESURE
2025-07-23 17:00:00+02:00;573,000;1,000;MESURE
2025-07-23 18:00:00+02:00;266,000;1,000;MESURE
2025-07-23 19:00:00+02:00;124,000;1,000;MESURE
2025-07-23 20:00:00+02:00;122,000;1,000;MESURE
2025-07-23 21:00:00+02:00;2246,000;1,000;MESURE
2025-07-23 22:00:00+02:00;3633,000;1,000;MESURE
2025-07-23 23:00:00+02:00;3174,000;1,000;MESURE
2025-07-24 00:00:00+02:00;2997,000;1,000;MESURE
2025-07-24 01:00:00+02:00;3001,000;1,000;MESURE
2025-07-24 02:00:00+02:00;3138,000;1,000;MESURE
2025-07-24 03:00:00+02:00;3455,000;1,000;MESURE
2025-07-24 04:00:00+02:00;3425,000;1,000;MESURE
2025-07-24 05:00:00+02:00;4786,000;1,000;MESURE
2025-07-24 06:00:00+02:00;574,000;1,000;MESURE
2025-07-24 07:00:00+02:00;571,000;1,000;MESURE
2025-07-24 08:00:00+02:00;567,000;1,000;MESURE
2025-07-24 09:00:00+02:00;569,000;1,000;MESURE
2025-07-24 10:00:00+02:00;566,000;1,000;MESURE
2025-07-24 11:00:00+02:00;566,000;1,000;MESURE
2025-07-24 12:00:00+02:00;566,000;1,000;MESURE
2025-07-24 13:00:00+02:00;566,000;1,000;MESURE
2025-07-24 14:00:00+02:00;564,000;1,000;MESURE
2025-07-24 15:00:00+02:00;567,000;1,000;MESURE
2025-07-24 16:00:00+02:00;582,000;1,000;MESURE
2025-07-24 17:00:00+02:00;581,000;1,000;MESURE
2025-07-24 18:00:00+02:00;269,000;1,000;MESURE
2025-07-24 19:00:00+02:00;126,000;1,000;MESURE
2025-07-24 20:00:00+02:00;122,000;1,000;MESURE
2025-07-24 21:00:00+02:00;2322,000;1,000;MESURE
2025-07-24 22:00:00+02:00;3625,000;1,000;MESURE
2025-07-24 23:00:00+02:00;3181,000;1,000;MESURE
2025-07-25 00:00:00+02:00;2994,000;1,000;MESURE
2025-07-25 01:00:00+02:00;2979,000;1,000;MESURE
2025-07-25 02:00:00+02:00;3116,000;1,000;MESURE
2025-07-25 03:00:00+02:00;3439,000;1,000;MESURE
2025-07-25 04:00:00+02:00;3438,000;1,000;MESURE
2025-07-25 05:00:00+02:00;4875,000;1,000;MESURE
2025-07-25 06:00:00+02:00;585,000;1,000;MESURE
2025-07-25 07:00:00+02:00;582,000;1,000;MESURE
2025-07-25 08:00:00+02:00;580,000;1,000;MESURE
2025-07-25 09:00:00+02:00;580,000;1,000;MESURE
2025-07-25 10:00:00+02:00;579,000;1,000;MESURE
2025-07-25 11:00:00+02:00;579,000;1,000;MESURE
2025-07-25 12:00:00+02:00;578,000;1,000;MESURE
2025-07-25 13:00:00+02:00;578,000;1,000;MESURE
2025-07-25 14:00:00+02:00;578,000;1,000;MESURE
2025-07-25 15:00:00+02:00;581,000;1,000;MESURE
2025-07-25 16:00:00+02:00;582,000;1,000;MESURE
2025-07-25 17:00:00+02:00;579,000;1,000;MESURE
2025-07-25 18:00:00+02:00;269,000;1,000;MESURE
2025-07-25 19:00:00+02:00;125,000;1,000;MESURE
2025-07-25 20:00:00+02:00;123,000;1,000;MESURE
2025-07-25 21:00:00+02:00;2431,000;1,000;MESURE
2025-07-25 22:00:00+02:00;3634,000;1,000;MESURE
2025-07-25 23:00:00+02:00;3177,000;1,000;MESURE
2025-07-26 00:00:00+02:00;2999,000;1,000;MESURE
2025-07-26 01:00:00+02:00;3003,000;1,000;MESURE
2025-07-26 02:00:00+02:00;2992,000;1,000;MESURE
2025-07-26 03:00:00+02:00;3318,000;1,000;MESURE
2025-07-26 04:00:00+02:00;3319,000;1,000;MESURE
2025-07-26 05:00:00+02:00;4943,000;1,000;MESURE
2025-07-26 06:00:00+02:00;571,000;1,000;MESURE
2025-07-26 07:00:00+02:00;567,000;1,000;MESURE
2025-07-26 08:00:00+02:00;568,000;1,000;MESURE
2025-07-26 09:00:00+02:00;572,000;1,000;MESURE
2025-07-26 10:00:00+02:00;571,000;1,000;MESURE
2025-07-26 11:00:00+02:00;567,000;1,000;MESURE
2025-07-26 12:00:00+02:00;570,000;1,000;MESURE
2025-07-26 13:00:00+02:00;572,000;1,000;MESURE
2025-07-26 14:00:00+02:00;573,000;1,000;MESURE
2025-07-26 15:00:00+02:00;574,000;1,000;MESURE
2025-07-26 16:00:00+02:00;573,000;1,000;MESURE
2025-07-26 17:00:00+02:00;572,000;1,000;MESURE
2025-07-26 18:00:00+02:00;271,000;1,000;MESURE
2025-07-26 19:00:00+02:00;126,000;1,000;MESURE
2025-07-26 20:00:00+02:00;122,000;1,000;MESURE
2025-07-26 21:00:00+02:00;2606,000;1,000;MESURE
2025-07-26 22:00:00+02:00;3625,000;1,000;MESURE
2025-07-26 23:00:00+02:00;3158,000;1,000;MESURE
2025-07-27 00:00:00+02:00;2987,000;1,000;MESURE
2025-07-27 01:00:00+02:00;2993,000;1,000;MESURE
2025-07-27 02:00:00+02:00;3131,000;1,000;MESURE
2025-07-27 03:00:00+02:00;3443,000;1,000;MESURE
2025-07-27 04:00:00+02:00;3444,000;1,000;MESURE
2025-07-27 05:00:00+02:00;5115,000;1,000;MESURE
2025-07-27 06:00:00+02:00;567,000;1,000;MESURE
2025-07-27 07:00:00+02:00;565,000;1,000;MESURE
2025-07-27 08:00:00+02:00;564,000;1,000;MESURE
2025-07-27 09:00:00+02:00;563,000;1,000;MESURE
2025-07-27 10:00:00+02:00;571,000;1,000;MESURE
2025-07-27 11:00:00+02:00;567,000;1,000;MESURE
2025-07-27 12:00:00+02:00;574,000;1,000;MESURE
2025-07-27 13:00:00+02:00;572,000;1,000;MESURE
2025-07-27 14:00:00+02:00;572,000;1,000;MESURE
2025-07-27 15:00:00+02:00;576,000;1,000;MESURE
2025-07-27 16:00:00+02:00;574,000;1,000;MESURE
2025-07-27 17:00:00+02:00;573,000;1,000;MESURE
2025-07-27 18:00:00+02:00;266,000;1,000;MESURE
2025-07-27 19:00:00+02:00;124,000;1,000;MESURE
2025-07-27 20:00:00+02:00;124,000;1,000;MESURE
2025-07-27 21:00:00+02:00;2697,000;1,000;MESURE
2025-07-27 22:00:00+02:00;3672,000;1,000;MESURE
2025-07-27 23:00:00+02:00;3162,000;1,000;MESURE
2025-07-28 00:00:00+02:00;2990,000;1,000;MESURE
2025-07-28 01:00:00+02:00;2995,000;1,000;MESURE
2025-07-28 02:00:00+02:00;3126,000;1,000;MESURE
2025-07-28 03:00:00+02:00;3429,000;1,000;MESURE
2025-07-28 04:00:00+02:00;3420,000;1,000;MESURE
2025-07-28 05:00:00+02:00;5193,000;1,000;MESURE
2025-07-28 06:00:00+02:00;557,000;1,000;MESURE
2025-07-28 07:00:00+02:00;559,000;1,000;MESURE
2025-07-28 08:00:00+02:00;566,000;1,000;MESURE
2025-07-28 09:00:00+02:00;566,000;1,000;MESURE
2025-07-28 10:00:00+02:00;564,000;1,000;MESURE
2025-07-28 11:00:00+02:00;562,000;1,000;MESURE
2025-07-28 12:00:00+02:00;563,000;1,000;MESURE
2025-07-28 13:00:00+02:00;562,000;1,000;MESURE
2025-07-28 14:00:00+02:00;563,000;1,000;MESURE
2025-07-28 15:00:00+02:00;562,000;1,000;MESURE
2025-07-28 16:00:00+02:00;564,000;1,000;MESURE
2025-07-28 17:00:00+02:00;559,000;1,000;MESURE
2025-07-28 18:00:00+02:00;265,000;1,000;MESURE
2025-07-28 19:00:00+02:00;124,000;1,000;MESURE
2025-07-28 20:00:00+02:00;120,000;1,000;MESURE
2025-07-28 21:00:00+02:00;2783,000;1,000;MESURE
2025-07-28 22:00:00+02:00;3638,000;1,000;MESURE
2025-07-28 23:00:00+02:00;3166,000;1,000;MESURE
2025-07-29 00:00:00+02:00;2984,000;1,000;MESURE
2025-07-29 01:00:00+02:00;2992,000;1,000;MESURE
2025-07-29 02:00:00+02:00;3126,000;1,000;MESURE
2025-07-29 03:00:00+02:00;3429,000;1,000;MESURE
2025-07-29 04:00:00+02:00;3432,000;1,000;MESURE
2025-07-29 05:00:00+02:00;5308,000;1,000;MESURE
2025-07-29 06:00:00+02:00;560,000;1,000;MESURE
2025-07-29 07:00:00+02:00;558,000;1,000;MESURE
2025-07-29 08:00:00+02:00;564,000;1,000;MESURE
2025-07-29 09:00:00+02:00;550,000;1,000;MESURE
2025-07-29 10:00:00+02:00;548,000;1,000;MESURE
2025-07-29 11:00:00+02:00;545,000;1,000;MESURE
2025-07-29 12:00:00+02:00;547,000;1,000;MESURE
2025-07-29 13:00:00+02:00;548,000;1,000;MESURE
2025-07-29 14:00:00+02:00;548,000;1,000;MESURE
2025-07-29 15:00:00+02:00;564,000;1,000;MESURE
2025-07-29 16:00:00+02:00;570,000;1,000;MESURE
2025-07-29 17:00:00+02:00;569,000;1,000;MESURE
2025-07-29 18:00:00+02:00;264,000;1,000;MESURE
2025-07-29 19:00:00+02:00;126,000;1,000;MESURE
2025-07-29 20:00:00+02:00;121,000;1,000;MESURE
2025-07-29 21:00:00+02:00;2863,000;1,000;MESURE
2025-07-29 22:00:00+02:00;3662,000;1,000;MESURE
2025-07-29 23:00:00+02:00;3185,000;1,000;MESURE
2025-07-30 00:00:00+02:00;2995,000;1,000;MESURE
2025-07-30 01:00:00+02:00;3005,000;1,000;MESURE
2025-07-30 02:00:00+02:00;3136,000;1,000;MESURE
2025-07-30 03:00:00+02:00;3449,000;1,000;MESURE
2025-07-30 04:00:00+02:00;3445,000;1,000;MESURE
2025-07-30 05:00:00+02:00;5500,000;1,000;MESURE
2025-07-30 06:00:00+02:00;563,000;1,000;MESURE
2025-07-30 07:00:00+02:00;562,000;1,000;MESURE
2025-07-30 08:00:00+02:00;564,000;1,000;MESURE
2025-07-30 09:00:00+02:00;565,000;1,000;MESURE
2025-07-30 10:00:00+02:00;571,000;1,000;MESURE
2025-07-30 11:00:00+02:00;569,000;1,000;MESURE
2025-07-30 12:00:00+02:00;570,000;1,000;MESURE
2025-07-30 13:00:00+02:00;569,000;1,000;MESURE
2025-07-30 14:00:00+02:00;568,000;1,000;MESURE
2025-07-30 15:00:00+02:00;566,000;1,000;MESURE
2025-07-30 16:00:00+02:00;570,000;1,000;MESURE
2025-07-30 17:00:00+02:00;566,000;1,000;MESURE
2025-07-30 18:00:00+02:00;553,000;1,000;MESURE
2025-07-30 19:00:00+02:00;126,000;1,000;MESURE
2025-07-30 20:00:00+02:00;123,000;1,000;MESURE
2025-07-30 21:00:00+02:00;3051,000;1,000;MESURE
2025-07-30 22:00:00+02:00;3629,000;1,000;MESURE
2025-07-30 23:00:00+02:00;3162,000;1,000;MESURE
2025-07-31 00:00:00+02:00;2983,000;1,000;MESURE
2025-07-31 01:00:00+02:00;2985,000;1,000;MESURE
2025-07-31 02:00:00+02:00;2980,000;1,000;MESURE
2025-07-31 03:00:00+02:00;3270,000;1,000;MESURE
2025-07-31 04:00:00+02:00;3430,000;1,000;MESURE
2025-07-31 05:00:00+02:00;5561,000;1,000;MESURE
2025-07-31 06:00:00+02:00;561,000;1,000;MESURE
2025-07-31 07:00:00+02:00;558,000;1,000;MESURE
2025-07-31 08:00:00+02:00;570,000;1,000;MESURE
2025-07-31 09:00:00+02:00;562,000;1,000;MESURE
2025-07-31 10:00:00+02:00;565,000;1,000;MESURE
2025-07-31 11:00:00+02:00;560,000;1,000;MESURE
2025-07-31 12:00:00+02:00;561,000;1,000;MESURE
2025-07-31 13:00:00+02:00;565,000;1,000;MESURE
2025-07-31 14:00:00+02:00;563,000;1,000;MESURE
2025-07-31 15:00:00+02:00;562,000;1,000;MESURE
2025-07-31 16:00:00+02:00;565,000;1,000;MESURE
2025-07-31 17:00:00+02:00;560,000;1,000;MESURE
2025-07-31 18:00:00+02:00;569,000;1,000;MESURE
2025-07-31 19:00:00+02:00;478,000;1,000;MESURE
2025-07-31 20:00:00+02:00;123,000;1,000;MESURE
2025-07-31 21:00:00+02:00;3142,000;1,000;MESURE
2025-07-31 22:00:00+02:00;3605,000;1,000;MESURE
2025-07-31 23:00:00+02:00;3165,000;1,000;MESURE
2025-08-01 00:00:00+02:00;2986,000;1,000;MESURE
2025-08-01 01:00:00+02:00;2996,000;1,000;MESURE
2025-08-01 02:00:00+02:00;2998,000;1,000;MESURE
2025-08-01 03:00:00+02:00;3002,000;1,000;MESURE
2025-08-01 04:00:00+02:00;3369,000;1,000;MESURE
2025-08-01 05:00:00+02:00;5660,000;1,000;MESURE
2025-08-01 06:00:00+02:00;563,000;1,000;MESURE
2025-08-01 07:00:00+02:00;561,000;1,000;MESURE
2025-08-01 08:00:00+02:00;567,000;1,000;MESURE
2025-08-01 09:00:00+02:00;572,000;1,000;MESURE
2025-08-01 10:00:00+02:00;570,000;1,000;MESURE
2025-08-01 11:00:00+02:00;566,000;1,000;MESURE
2025-08-01 12:00:00+02:00;566,000;1,000;MESURE
2025-08-01 13:00:00+02:00;568,000;1,000;MESURE
2025-08-01 14:00:00+02:00;572,000;1,000;MESURE
2025-08-01 15:00:00+02:00;572,000;1,000;MESURE
2025-08-01 16:00:00+02:00;571,000;1,000;MESURE
2025-08-01 17:00:00+02:00;570,000;1,000;MESURE
2025-08-01 18:00:00+02:00;571,000;1,000;MESURE
2025-08-01 19:00:00+02:00;471,000;1,000;MESURE
2025-08-01 20:00:00+02:00;120,000;1,000;MESURE
2025-08-01 21:00:00+02:00;3228,000;1,000;MESURE
2025-08-01 22:00:00+02:00;3643,000;1,000;MESURE
2025-08-01 23:00:00+02:00;3179,000;1,000;MESURE
2025-08-02 00:00:00+02:00;2999,000;1,000;MESURE
2025-08-02 01:00:00+02:00;2986,000;1,000;MESURE
2025-08-02 02:00:00+02:00;2984,000;1,000;MESURE
2025-08-02 03:00:00+02:00;2995,000;1,000;MESURE
2025-08-02 04:00:00+02:00;3358,000;1,000;MESURE
2025-08-02 05:00:00+02:00;5705,000;1,000;MESURE
2025-08-02 06:00:00+02:00;584,000;1,000;MESURE
2025-08-02 07:00:00+02:00;560,000;1,000;MESURE
2025-08-02 08:00:00+02:00;562,000;1,000;MESURE
2025-08-02 09:00:00+02:00;567,000;1,000;MESURE
2025-08-02 10:00:00+02:00;569,000;1,000;MESURE
2025-08-02 11:00:00+02:00;567,000;1,000;MESURE
2025-08-02 12:00:00+02:00;558,000;1,000;MESURE
2025-08-02 13:00:00+02:00;561,000;1,000;MESURE
2025-08-02 14:00:00+02:00;563,000;1,000;MESURE
2025-08-02 15:00:00+02:00;569,000;1,000;MESURE
2025-08-02 16:00:00+02:00;565,000;1,000;MESURE
2025-08-02 17:00:00+02:00;567,000;1,000;MESURE
2025-08-02 18:00:00+02:00;570,000;1,000;MESURE
2025-08-02 19:00:00+02:00;470,000;1,000;MESURE
2025-08-02 20:00:00+02:00;120,000;1,000;MESURE
2025-08-02 21:00:00+02:00;3430,000;1,000;MESURE
2025-08-02 22:00:00+02:00;3649,000;1,000;MESURE
2025-08-02 23:00:00+02:00;3191,000;1,000;MESURE
2025-08-03 00:00:00+02:00;3010,000;1,000;MESURE
2025-08-03 01:00:00+02:00;3018,000;1,000;MESURE
2025-08-03 02:00:00+02:00;3015,000;1,000;MESURE
2025-08-03 03:00:00+02:00;3023,000;1,000;MESURE
2025-08-03 04:00:00+02:00;3387,000;1,000;MESURE
2025-08-03 05:00:00+02:00;5766,000;1,000;MESURE
2025-08-03 06:00:00+02:00;761,000;1,000;MESURE
2025-08-03 07:00:00+02:00;567,000;1,000;MESURE
2025-08-03 08:00:00+02:00;568,000;1,000;MESURE
2025-08-03 09:00:00+02:00;570,000;1,000;MESURE
2025-08-03 10:00:00+02:00;565,000;1,000;MESURE
2025-08-03 11:00:00+02:00;562,000;1,000;MESURE
2025-08-03 12:00:00+02:00;561,000;1,000;MESURE
2025-08-03 13:00:00+02:00;562,000;1,000;MESURE
2025-08-03 14:00:00+02:00;563,000;1,000;MESURE
2025-08-03 15:00:00+02:00;563,000;1,000;MESURE
2025-08-03 16:00:00+02:00;567,000;1,000;MESURE
2025-08-03 17:00:00+02:00;569,000;1,000;MESURE
2025-08-03 18:00:00+02:00;569,000;1,000;MESURE
2025-08-03 19:00:00+02:00;479,000;1,000;MESURE
2025-08-03 20:00:00+02:00;122,000;1,000;MESURE
2025-08-03 21:00:00+02:00;3468,000;1,000;MESURE
2025-08-03 22:00:00+02:00;3645,000;1,000;MESURE
2025-08-03 23:00:00+02:00;3181,000;1,000;MESURE
2025-08-04 00:00:00+02:00;3003,000;1,000;MESURE
2025-08-04 01:00:00+02:00;3006,000;1,000;MESURE
2025-08-04 02:00:00+02:00;3013,000;1,000;MESURE
2025-08-04 03:00:00+02:00;3004,000;1,000;MESURE
2025-08-04 04:00:00+02:00;3351,000;1,000;MESURE
2025-08-04 05:00:00+02:00;3467,000;1,000;MESURE
2025-08-04 06:00:00+02:00;2944,000;1,000;MESURE
2025-08-04 07:00:00+02:00;593,000;1,000;MESURE
2025-08-04 08:00:00+02:00;591,000;1,000;MESURE
2025-08-04 09:00:00+02:00;604,000;1,000;MESURE
2025-08-04 10:00:00+02:00;603,000;1,000;MESURE
2025-08-04 11:00:00+02:00;599,000;1,000;MESURE
2025-08-04 12:00:00+02:00;597,000;1,000;MESURE
2025-08-04 13:00:00+02:00;598,000;1,000;MESURE
2025-08-04 14:00:00+02:00;600,000;1,000;MESURE
2025-08-04 15:00:00+02:00;603,000;1,000;MESURE
2025-08-04 16:00:00+02:00;603,000;1,000;MESURE
2025-08-04 17:00:00+02:00;600,000;1,000;MESURE
2025-08-04 18:00:00+02:00;600,000;1,000;MESURE
2025-08-04 19:00:00+02:00;505,000;1,000;MESURE
2025-08-04 20:00:00+02:00;154,000;1,000;MESURE
2025-08-04 21:00:00+02:00;161,000;1,000;MESURE
2025-08-04 22:00:00+02:00;2888,000;1,000;MESURE
2025-08-04 23:00:00+02:00;3052,000;1,000;MESURE
2025-08-05 00:00:00+02:00;2872,000;1,000;MESURE
2025-08-05 01:00:00+02:00;2854,000;1,000;MESURE
2025-08-05 02:00:00+02:00;2858,000;1,000;MESURE
2025-08-05 03:00:00+02:00;2857,000;1,000;MESURE
2025-08-05 04:00:00+02:00;3223,000;1,000;MESURE
2025-08-05 05:00:00+02:00;5595,000;1,000;MESURE
2025-08-05 06:00:00+02:00;931,000;1,000;MESURE
2025-08-05 07:00:00+02:00;561,000;1,000;MESURE
2025-08-05 08:00:00+02:00;572,000;1,000;MESURE
2025-08-05 09:00:00+02:00;559,000;1,000;MESURE
2025-08-05 10:00:00+02:00;572,000;1,000;MESURE
2025-08-05 11:00:00+02:00;571,000;1,000;MESURE
2025-08-05 12:00:00+02:00;572,000;1,000;MESURE
2025-08-05 13:00:00+02:00;571,000;1,000;MESURE
2025-08-05 14:00:00+02:00;572,000;1,000;MESURE
2025-08-05 15:00:00+02:00;569,000;1,000;MESURE
2025-08-05 16:00:00+02:00;568,000;1,000;MESURE
2025-08-05 17:00:00+02:00;569,000;1,000;MESURE
2025-08-05 18:00:00+02:00;569,000;1,000;MESURE
2025-08-05 19:00:00+02:00;476,000;1,000;MESURE
2025-08-05 20:00:00+02:00;121,000;1,000;MESURE
2025-08-05 21:00:00+02:00;3765,000;1,000;MESURE
2025-08-05 22:00:00+02:00;3641,000;1,000;MESURE
2025-08-05 23:00:00+02:00;3177,000;1,000;MESURE
2025-08-06 00:00:00+02:00;2979,000;1,000;MESURE
2025-08-06 01:00:00+02:00;2982,000;1,000;MESURE
2025-08-06 02:00:00+02:00;2988,000;1,000;MESURE
2025-08-06 03:00:00+02:00;2997,000;1,000;MESURE
2025-08-06 04:00:00+02:00;3368,000;1,000;MESURE
2025-08-06 05:00:00+02:00;5737,000;1,000;MESURE
2025-08-06 06:00:00+02:00;1124,000;1,000;MESURE
2025-08-06 07:00:00+02:00;561,000;1,000;MESURE
2025-08-06 08:00:00+02:00;561,000;1,000;MESURE
2025-08-06 09:00:00+02:00;560,000;1,000;MESURE
2025-08-06 10:00:00+02:00;563,000;1,000;MESURE
2025-08-06 11:00:00+02:00;542,000;1,000;MESURE
2025-08-06 12:00:00+02:00;539,000;1,000;MESURE
2025-08-06 13:00:00+02:00;540,000;1,000;MESURE
2025-08-06 14:00:00+02:00;545,000;1,000;MESURE
2025-08-06 15:00:00+02:00;562,000;1,000;MESURE
2025-08-06 16:00:00+02:00;572,000;1,000;MESURE
2025-08-06 17:00:00+02:00;571,000;1,000;MESURE
2025-08-06 18:00:00+02:00;570,000;1,000;MESURE
2025-08-06 19:00:00+02:00;475,000;1,000;MESURE
2025-08-06 20:00:00+02:00;122,000;1,000;MESURE
2025-08-06 21:00:00+02:00;3951,000;1,000;MESURE
2025-08-06 22:00:00+02:00;3639,000;1,000;MESURE
2025-08-06 23:00:00+02:00;3158,000;1,000;MESURE
2025-08-07 00:00:00+02:00;2986,000;1,000;MESURE
2025-08-07 01:00:00+02:00;2987,000;1,000;MESURE
2025-08-07 02:00:00+02:00;2986,000;1,000;MESURE
2025-08-07 03:00:00+02:00;2994,000;1,000;MESURE
2025-08-07 04:00:00+02:00;3367,000;1,000;MESURE
2025-08-07 05:00:00+02:00;5731,000;1,000;MESURE
2025-08-07 06:00:00+02:00;1211,000;1,000;MESURE
2025-08-07 07:00:00+02:00;560,000;1,000;MESURE
2025-08-07 08:00:00+02:00;573,000;1,000;MESURE
2025-08-07 09:00:00+02:00;570,000;1,000;MESURE
2025-08-07 10:00:00+02:00;570,000;1,000;MESURE
2025-08-07 11:00:00+02:00;571,000;1,000;MESURE
2025-08-07 12:00:00+02:00;569,000;1,000;MESURE
2025-08-07 13:00:00+02:00;570,000;1,000;MESURE
2025-08-07 14:00:00+02:00;570,000;1,000;MESURE
2025-08-07 15:00:00+02:00;570,000;1,000;MESURE
2025-08-07 16:00:00+02:00;567,000;1,000;MESURE
2025-08-07 17:00:00+02:00;566,000;1,000;MESURE
2025-08-07 18:00:00+02:00;567,000;1,000;MESURE
2025-08-07 19:00:00+02:00;469,000;1,000;MESURE
2025-08-07 20:00:00+02:00;123,000;1,000;MESURE
2025-08-07 21:00:00+02:00;4020,000;1,000;MESURE
2025-08-07 22:00:00+02:00;3631,000;1,000;MESURE
2025-08-07 23:00:00+02:00;3152,000;1,000;MESURE
2025-08-08 00:00:00+02:00;2976,000;1,000;MESURE
2025-08-08 01:00:00+02:00;2982,000;1,000;MESURE
2025-08-08 02:00:00+02:00;2991,000;1,000;MESURE
2025-08-08 03:00:00+02:00;2996,000;1,000;MESURE
2025-08-08 04:00:00+02:00;3358,000;1,000;MESURE
2025-08-08 05:00:00+02:00;5720,000;1,000;MESURE
2025-08-08 06:00:00+02:00;1292,000;1,000;MESURE
2025-08-08 07:00:00+02:00;562,000;1,000;MESURE
2025-08-08 08:00:00+02:00;563,000;1,000;MESURE
2025-08-08 09:00:00+02:00;569,000;1,000;MESURE
2025-08-08 10:00:00+02:00;568,000;1,000;MESURE
2025-08-08 11:00:00+02:00;572,000;1,000;MESURE
2025-08-08 12:00:00+02:00;572,000;1,000;MESURE
2025-08-08 13:00:00+02:00;572,000;1,000;MESURE
2025-08-08 14:00:00+02:00;571,000;1,000;MESURE
2025-08-08 15:00:00+02:00;572,000;1,000;MESURE
2025-08-08 16:00:00+02:00;570,000;1,000;MESURE
2025-08-08 17:00:00+02:00;568,000;1,000;MESURE
2025-08-08 18:00:00+02:00;568,000;1,000;MESURE
2025-08-08 19:00:00+02:00;473,000;1,000;MESURE
2025-08-08 20:00:00+02:00;122,000;1,000;MESURE
2025-08-08 21:00:00+02:00;4173,000;1,000;MESURE
2025-08-08 22:00:00+02:00;3622,000;1,000;MESURE
2025-08-08 23:00:00+02:00;3164,000;1,000;MESURE
2025-08-09 00:00:00+02:00;2986,000;1,000;MESURE
2025-08-09 01:00:00+02:00;2983,000;1,000;MESURE
2025-08-09 02:00:00+02:00;2986,000;1,000;MESURE
2025-08-09 03:00:00+02:00;2995,000;1,000;MESURE
2025-08-09 04:00:00+02:00;3369,000;1,000;MESURE
2025-08-09 05:00:00+02:00;5727,000;1,000;MESURE
2025-08-09 06:00:00+02:00;1380,000;1,000;MESURE
2025-08-09 07:00:00+02:00;564,000;1,000;MESURE
2025-08-09 08:00:00+02:00;561,000;1,000;MESURE
2025-08-09 09:00:00+02:00;560,000;1,000;MESURE
2025-08-09 10:00:00+02:00;570,000;1,000;MESURE
2025-08-09 11:00:00+02:00;557,000;1,000;MESURE
2025-08-09 12:00:00+02:00;569,000;1,000;MESURE
2025-08-09 13:00:00+02:00;556,000;1,000;MESURE
2025-08-09 14:00:00+02:00;556,000;1,000;MESURE
2025-08-09 15:00:00+02:00;557,000;1,000;MESURE
2025-08-09 16:00:00+02:00;567,000;1,000;MESURE
2025-08-09 17:00:00+02:00;562,000;1,000;MESURE
2025-08-09 18:00:00+02:00;561,000;1,000;MESURE
2025-08-09 19:00:00+02:00;462,000;1,000;MESURE
2025-08-09 20:00:00+02:00;120,000;1,000;MESURE
2025-08-09 21:00:00+02:00;4280,000;1,000;MESURE
2025-08-09 22:00:00+02:00;3616,000;1,000;MESURE
2025-08-09 23:00:00+02:00;3159,000;1,000;MESURE
2025-08-10 00:00:00+02:00;2988,000;1,000;MESURE
2025-08-10 01:00:00+02:00;2994,000;1,000;MESURE
2025-08-10 02:00:00+02:00;2993,000;1,000;MESURE
2025-08-10 03:00:00+02:00;2982,000;1,000;MESURE
2025-08-10 04:00:00+02:00;3356,000;1,000;MESURE
2025-08-10 05:00:00+02:00;5716,000;1,000;MESURE
2025-08-10 06:00:00+02:00;1558,000;1,000;MESURE
2025-08-10 07:00:00+02:00;564,000;1,000;MESURE
2025-08-10 08:00:00+02:00;565,000;1,000;MESURE
2025-08-10 09:00:00+02:00;566,000;1,000;MESURE
2025-08-10 10:00:00+02:00;562,000;1,000;MESURE
2025-08-10 11:00:00+02:00;559,000;1,000;MESURE
2025-08-10 12:00:00+02:00;562,000;1,000;MESURE
2025-08-10 13:00:00+02:00;558,000;1,000;MESURE
2025-08-10 14:00:00+02:00;560,000;1,000;MESURE
2025-08-10 15:00:00+02:00;564,000;1,000;MESURE
2025-08-10 16:00:00+02:00;565,000;1,000;MESURE
2025-08-10 17:00:00+02:00;559,000;1,000;MESURE
2025-08-10 18:00:00+02:00;557,000;1,000;MESURE
2025-08-10 19:00:00+02:00;459,000;1,000;MESURE
2025-08-10 20:00:00+02:00;120,000;1,000;MESURE
2025-08-10 21:00:00+02:00;4450,000;1,000;MESURE
2025-08-10 22:00:00+02:00;3617,000;1,000;MESURE
2025-08-10 23:00:00+02:00;3164,000;1,000;MESURE
2025-08-11 00:00:00+02:00;2988,000;1,000;MESURE
2025-08-11 01:00:00+02:00;2979,000;1,000;MESURE
2025-08-11 02:00:00+02:00;2978,000;1,000;MESURE
2025-08-11 03:00:00+02:00;2978,000;1,000;MESURE
2025-08-11 04:00:00+02:00;3354,000;1,000;MESURE
2025-08-11 05:00:00+02:00;5709,000;1,000;MESURE
2025-08-11 06:00:00+02:00;1662,000;1,000;MESURE
2025-08-11 07:00:00+02:00;564,000;1,000;MESURE
2025-08-11 08:00:00+02:00;563,000;1,000;MESURE
2025-08-11 09:00:00+02:00;563,000;1,000;MESURE
2025-08-11 10:00:00+02:00;565,000;1,000;MESURE
2025-08-11 11:00:00+02:00;563,000;1,000;MESURE
2025-08-11 12:00:00+02:00;561,000;1,000;MESURE
2025-08-11 13:00:00+02:00;559,000;1,000;MESURE
2025-08-11 14:00:00+02:00;559,000;1,000;MESURE
2025-08-11 15:00:00+02:00;560,000;1,000;MESURE
2025-08-11 16:00:00+02:00;561,000;1,000;MESURE
2025-08-11 17:00:00+02:00;557,000;1,000;MESURE
2025-08-11 18:00:00+02:00;563,000;1,000;MESURE
2025-08-11 19:00:00+02:00;463,000;1,000;MESURE
2025-08-11 20:00:00+02:00;123,000;1,000;MESURE
2025-08-11 21:00:00+02:00;4618,000;1,000;MESURE
2025-08-11 22:00:00+02:00;3620,000;1,000;MESURE
2025-08-11 23:00:00+02:00;3166,000;1,000;MESURE
2025-08-12 00:00:00+02:00;2970,000;1,000;MESURE
2025-08-12 01:00:00+02:00;2978,000;1,000;MESURE
2025-08-12 02:00:00+02:00;2976,000;1,000;MESURE
2025-08-12 03:00:00+02:00;2982,000;1,000;MESURE
2025-08-12 04:00:00+02:00;3349,000;1,000;MESURE
2025-08-12 05:00:00+02:00;5704,000;1,000;MESURE
2025-08-12 06:00:00+02:00;1744,000;1,000;MESURE
2025-08-12 07:00:00+02:00;561,000;1,000;MESURE
2025-08-12 08:00:00+02:00;571,000;1,000;MESURE
2025-08-12 09:00:00+02:00;564,000;1,000;MESURE
2025-08-12 10:00:00+02:00;567,000;1,000;MESURE
2025-08-12 11:00:00+02:00;559,000;1,000;MESURE
2025-08-12 12:00:00+02:00;556,000;1,000;MESURE
2025-08-12 13:00:00+02:00;556,000;1,000;MESURE
2025-08-12 14:00:00+02:00;555,000;1,000;MESURE
2025-08-12 15:00:00+02:00;556,000;1,000;MESURE
2025-08-12 16:00:00+02:00;558,000;1,000;MESURE
2025-08-12 17:00:00+02:00;559,000;1,000;MESURE
2025-08-12 18:00:00+02:00;562,000;1,000;MESURE
2025-08-12 19:00:00+02:00;465,000;1,000;MESURE
2025-08-12 20:00:00+02:00;122,000;1,000;MESURE
2025-08-12 21:00:00+02:00;4709,000;1,000;MESURE
2025-08-12 22:00:00+02:00;3585,000;1,000;MESURE
2025-08-12 23:00:00+02:00;3131,000;1,000;MESURE
2025-08-13 00:00:00+02:00;2961,000;1,000;MESURE
2025-08-13 01:00:00+02:00;2973,000;1,000;MESURE
2025-08-13 02:00:00+02:00;2979,000;1,000;MESURE
2025-08-13 03:00:00+02:00;2979,000;1,000;MESURE
2025-08-13 04:00:00+02:00;3351,000;1,000;MESURE
2025-08-13 05:00:00+02:00;5707,000;1,000;MESURE
2025-08-13 06:00:00+02:00;1913,000;1,000;MESURE
2025-08-13 07:00:00+02:00;560,000;1,000;MESURE
2025-08-13 08:00:00+02:00;558,000;1,000;MESURE
2025-08-13 09:00:00+02:00;558,000;1,000;MESURE
2025-08-13 10:00:00+02:00;558,000;1,000;MESURE
2025-08-13 11:00:00+02:00;557,000;1,000;MESURE
2025-08-13 12:00:00+02:00;555,000;1,000;MESURE
2025-08-13 13:00:00+02:00;556,000;1,000;MESURE
2025-08-13 14:00:00+02:00;556,000;1,000;MESURE
2025-08-13 15:00:00+02:00;556,000;1,000;MESURE
2025-08-13 16:00:00+02:00;556,000;1,000;MESURE
2025-08-13 17:00:00+02:00;555,000;1,000;MESURE
2025-08-13 18:00:00+02:00;564,000;1,000;MESURE
2025-08-13 19:00:00+02:00;465,000;1,000;MESURE
2025-08-13 20:00:00+02:00;122,000;1,000;MESURE
2025-08-13 21:00:00+02:00;4915,000;1,000;MESURE
2025-08-13 22:00:00+02:00;3604,000;1,000;MESURE
2025-08-13 23:00:00+02:00;3145,000;1,000;MESURE
2025-08-14 00:00:00+02:00;2970,000;1,000;MESURE
2025-08-14 01:00:00+02:00;2748,000;1,000;MESURE
2025-08-14 02:00:00+02:00;2741,000;1,000;MESURE
2025-08-14 03:00:00+02:00;2782,000;1,000;MESURE
2025-08-14 04:00:00+02:00;3149,000;1,000;MESURE
2025-08-14 05:00:00+02:00;5529,000;1,000;MESURE
2025-08-14 06:00:00+02:00;1966,000;1,000;MESURE
2025-08-14 07:00:00+02:00;561,000;1,000;MESURE
2025-08-14 08:00:00+02:00;571,000;1,000;MESURE
2025-08-14 09:00:00+02:00;570,000;1,000;MESURE
2025-08-14 10:00:00+02:00;565,000;1,000;MESURE
2025-08-14 11:00:00+02:00;566,000;1,000;MESURE
2025-08-14 12:00:00+02:00;557,000;1,000;MESURE
2025-08-14 13:00:00+02:00;553,000;1,000;MESURE
2025-08-14 14:00:00+02:00;554,000;1,000;MESURE
2025-08-14 15:00:00+02:00;555,000;1,000;MESURE
2025-08-14 16:00:00+02:00;562,000;1,000;MESURE
2025-08-14 17:00:00+02:00;564,000;1,000;MESURE
2025-08-14 18:00:00+02:00;563,000;1,000;MESURE
2025-08-14 19:00:00+02:00;465,000;1,000;MESURE
2025-08-14 20:00:00+02:00;122,000;1,000;MESURE
2025-08-14 21:00:00+02:00;5102,000;1,000;MESURE
2025-08-14 22:00:00+02:00;3598,000;1,000;MESURE
2025-08-14 23:00:00+02:00;3129,000;1,000;MESURE
2025-08-15 00:00:00+02:00;2949,000;1,000;MESURE
2025-08-15 01:00:00+02:00;2967,000;1,000;MESURE
2025-08-15 02:00:00+02:00;2974,000;1,000;MESURE
2025-08-15 03:00:00+02:00;2981,000;1,000;MESURE
2025-08-15 04:00:00+02:00;3358,000;1,000;MESURE
2025-08-15 05:00:00+02:00;5720,000;1,000;MESURE
2025-08-15 06:00:00+02:00;2093,000;1,000;MESURE
2025-08-15 07:00:00+02:00;565,000;1,000;MESURE
2025-08-15 08:00:00+02:00;564,000;1,000;MESURE
2025-08-15 09:00:00+02:00;562,000;1,000;MESURE
2025-08-15 10:00:00+02:00;571,000;1,000;MESURE
2025-08-15 11:00:00+02:00;560,000;1,000;MESURE
2025-08-15 12:00:00+02:00;556,000;1,000;MESURE
2025-08-15 13:00:00+02:00;555,000;1,000;MESURE
2025-08-15 14:00:00+02:00;554,000;1,000;MESURE
2025-08-15 15:00:00+02:00;558,000;1,000;MESURE
2025-08-15 16:00:00+02:00;564,000;1,000;MESURE
2025-08-15 17:00:00+02:00;559,000;1,000;MESURE
2025-08-15 18:00:00+02:00;555,000;1,000;MESURE
2025-08-15 19:00:00+02:00;471,000;1,000;MESURE
2025-08-15 20:00:00+02:00;122,000;1,000;MESURE
2025-08-15 21:00:00+02:00;5174,000;1,000;MESURE
2025-08-15 22:00:00+02:00;3606,000;1,000;MESURE
2025-08-15 23:00:00+02:00;3134,000;1,000;MESURE
2025-08-16 00:00:00+02:00;2974,000;1,000;MESURE
2025-08-16 01:00:00+02:00;2993,000;1,000;MESURE
2025-08-16 02:00:00+02:00;2992,000;1,000;MESURE
2025-08-16 03:00:00+02:00;2980,000;1,000;MESURE
2025-08-16 04:00:00+02:00;3350,000;1,000;MESURE
2025-08-16 05:00:00+02:00;5705,000;1,000;MESURE
2025-08-16 06:00:00+02:00;2280,000;1,000;MESURE
2025-08-16 07:00:00+02:00;565,000;1,000;MESURE
2025-08-16 08:00:00+02:00;562,000;1,000;MESURE
2025-08-16 09:00:00+02:00;565,000;1,000;MESURE
2025-08-16 10:00:00+02:00;559,000;1,000;MESURE
2025-08-16 11:00:00+02:00;569,000;1,000;MESURE
2025-08-16 12:00:00+02:00;568,000;1,000;MESURE
2025-08-16 13:00:00+02:00;564,000;1,000;MESURE
2025-08-16 14:00:00+02:00;566,000;1,000;MESURE
2025-08-16 15:00:00+02:00;566,000;1,000;MESURE
2025-08-16 16:00:00+02:00;562,000;1,000;MESURE
2025-08-16 17:00:00+02:00;563,000;1,000;MESURE
2025-08-16 18:00:00+02:00;565,000;1,000;MESURE
2025-08-16 19:00:00+02:00;467,000;1,000;MESURE
2025-08-16 20:00:00+02:00;122,000;1,000;MESURE
2025-08-16 21:00:00+02:00;5318,000;1,000;MESURE
2025-08-16 22:00:00+02:00;3618,000;1,000;MESURE
2025-08-16 23:00:00+02:00;3160,000;1,000;MESURE
2025-08-17 00:00:00+02:00;2990,000;1,000;MESURE
2025-08-17 01:00:00+02:00;2974,000;1,000;MESURE
2025-08-17 02:00:00+02:00;2973,000;1,000;MESURE
2025-08-17 03:00:00+02:00;2983,000;1,000;MESURE
2025-08-17 04:00:00+02:00;3357,000;1,000;MESURE
2025-08-17 05:00:00+02:00;5721,000;1,000;MESURE
2025-08-17 06:00:00+02:00;2359,000;1,000;MESURE
2025-08-17 07:00:00+02:00;566,000;1,000;MESURE
2025-08-17 08:00:00+02:00;563,000;1,000;MESURE
2025-08-17 09:00:00+02:00;561,000;1,000;MESURE
2025-08-17 10:00:00+02:00;562,000;1,000;MESURE
2025-08-17 11:00:00+02:00;560,000;1,000;MESURE
2025-08-17 12:00:00+02:00;560,000;1,000;MESURE
2025-08-17 13:00:00+02:00;560,000;1,000;MESURE
2025-08-17 14:00:00+02:00;561,000;1,000;MESURE
2025-08-17 15:00:00+02:00;560,000;1,000;MESURE
2025-08-17 16:00:00+02:00;560,000;1,000;MESURE
2025-08-17 17:00:00+02:00;555,000;1,000;MESURE
2025-08-17 18:00:00+02:00;556,000;1,000;MESURE
2025-08-17 19:00:00+02:00;459,000;1,000;MESURE
2025-08-17 20:00:00+02:00;191,000;1,000;MESURE
2025-08-17 21:00:00+02:00;5470,000;1,000;MESURE
2025-08-17 22:00:00+02:00;3624,000;1,000;MESURE
2025-08-17 23:00:00+02:00;3168,000;1,000;MESURE
2025-08-18 00:00:00+02:00;2991,000;1,000;MESURE
2025-08-18 01:00:00+02:00;2987,000;1,000;MESURE
2025-08-18 02:00:00+02:00;2989,000;1,000;MESURE
2025-08-18 03:00:00+02:00;2992,000;1,000;MESURE
2025-08-18 04:00:00+02:00;3369,000;1,000;MESURE
2025-08-18 05:00:00+02:00;5742,000;1,000;MESURE
2025-08-18 06:00:00+02:00;2457,000;1,000;MESURE
2025-08-18 07:00:00+02:00;570,000;1,000;MESURE
2025-08-18 08:00:00+02:00;571,000;1,000;MESURE
2025-08-18 09:00:00+02:00;570,000;1,000;MESURE
2025-08-18 10:00:00+02:00;567,000;1,000;MESURE
2025-08-18 11:00:00+02:00;568,000;1,000;MESURE
2025-08-18 12:00:00+02:00;567,000;1,000;MESURE
2025-08-18 13:00:00+02:00;567,000;1,000;MESURE
2025-08-18 14:00:00+02:00;567,000;1,000;MESURE
2025-08-18 15:00:00+02:00;567,000;1,000;MESURE
2025-08-18 16:00:00+02:00;566,000;1,000;MESURE
2025-08-18 17:00:00+02:00;567,000;1,000;MESURE
2025-08-18 18:00:00+02:00;567,000;1,000;MESURE
2025-08-18 19:00:00+02:00;478,000;1,000;MESURE
2025-08-18 20:00:00+02:00;363,000;1,000;MESURE
2025-08-18 21:00:00+02:00;5453,000;1,000;MESURE
2025-08-18 22:00:00+02:00;3629,000;1,000;MESURE
2025-08-18 23:00:00+02:00;3171,000;1,000;MESURE
2025-08-19 00:00:00+02:00;2990,000;1,000;MESURE
2025-08-19 01:00:00+02:00;2988,000;1,000;MESURE
2025-08-19 02:00:00+02:00;2991,000;1,000;MESURE
2025-08-19 03:00:00+02:00;2995,000;1,000;MESURE
2025-08-19 04:00:00+02:00;3366,000;1,000;MESURE
2025-08-19 05:00:00+02:00;5730,000;1,000;MESURE
2025-08-19 06:00:00+02:00;2646,000;1,000;MESURE
2025-08-19 07:00:00+02:00;569,000;1,000;MESURE
2025-08-19 08:00:00+02:00;567,000;1,000;MESURE
2025-08-19 09:00:00+02:00;567,000;1,000;MESURE
2025-08-19 10:00:00+02:00;578,000;1,000;MESURE
2025-08-19 11:00:00+02:00;569,000;1,000;MESURE
2025-08-19 12:00:00+02:00;572,000;1,000;MESURE
2025-08-19 13:00:00+02:00;571,000;1,000;MESURE
2025-08-19 14:00:00+02:00;566,000;1,000;MESURE
2025-08-19 15:00:00+02:00;569,000;1,000;MESURE
2025-08-19 16:00:00+02:00;568,000;1,000;MESURE
2025-08-19 17:00:00+02:00;570,000;1,000;MESURE
2025-08-19 18:00:00+02:00;567,000;1,000;MESURE
2025-08-19 19:00:00+02:00;472,000;1,000;MESURE
2025-08-19 20:00:00+02:00;453,000;1,000;MESURE
2025-08-19 21:00:00+02:00;5500,000;1,000;MESURE
2025-08-19 22:00:00+02:00;3641,000;1,000;MESURE
2025-08-19 23:00:00+02:00;3175,000;1,000;MESURE
2025-08-20 00:00:00+02:00;3004,000;1,000;MESURE
2025-08-20 01:00:00+02:00;2994,000;1,000;MESURE
2025-08-20 02:00:00+02:00;2986,000;1,000;MESURE
2025-08-20 03:00:00+02:00;2987,000;1,000;MESURE
2025-08-20 04:00:00+02:00;3366,000;1,000;MESURE
2025-08-20 05:00:00+02:00;5737,000;1,000;MESURE
2025-08-20 06:00:00+02:00;2724,000;1,000;MESURE
2025-08-20 07:00:00+02:00;572,000;1,000;MESURE
2025-08-20 08:00:00+02:00;568,000;1,000;MESURE
2025-08-20 09:00:00+02:00;570,000;1,000;MESURE
2025-08-20 10:00:00+02:00;573,000;1,000;MESURE
2025-08-20 11:00:00+02:00;569,000;1,000;MESURE
2025-08-20 12:00:00+02:00;570,000;1,000;MESURE
2025-08-20 13:00:00+02:00;571,000;1,000;MESURE
2025-08-20 14:00:00+02:00;570,000;1,000;MESURE
2025-08-20 15:00:00+02:00;572,000;1,000;MESURE
2025-08-20 16:00:00+02:00;575,000;1,000;MESURE
2025-08-20 17:00:00+02:00;576,000;1,000;MESURE
2025-08-20 18:00:00+02:00;576,000;1,000;MESURE
2025-08-20 19:00:00+02:00;480,000;1,000;MESURE
2025-08-20 20:00:00+02:00;634,000;1,000;MESURE
2025-08-20 21:00:00+02:00;5517,000;1,000;MESURE
2025-08-20 22:00:00+02:00;3652,000;1,000;MESURE
2025-08-20 23:00:00+02:00;3188,000;1,000;MESURE
2025-08-21 00:00:00+02:00;3000,000;1,000;MESURE
2025-08-21 01:00:00+02:00;2992,000;1,000;MESURE
2025-08-21 02:00:00+02:00;2991,000;1,000;MESURE
2025-08-21 03:00:00+02:00;2995,000;1,000;MESURE
2025-08-21 04:00:00+02:00;3370,000;1,000;MESURE
2025-08-21 05:00:00+02:00;5735,000;1,000;MESURE
2025-08-21 06:00:00+02:00;2819,000;1,000;MESURE
2025-08-21 07:00:00+02:00;574,000;1,000;MESURE
2025-08-21 08:00:00+02:00;574,000;1,000;MESURE
2025-08-21 09:00:00+02:00;584,000;1,000;MESURE
2025-08-21 10:00:00+02:00;582,000;1,000;MESURE
2025-08-21 11:00:00+02:00;582,000;1,000;MESURE
2025-08-21 12:00:00+02:00;580,000;1,000;MESURE
2025-08-21 13:00:00+02:00;582,000;1,000;MESURE
2025-08-21 14:00:00+02:00;583,000;1,000;MESURE
2025-08-21 15:00:00+02:00;577,000;1,000;MESURE
2025-08-21 16:00:00+02:00;574,000;1,000;MESURE
2025-08-21 17:00:00+02:00;572,000;1,000;MESURE
2025-08-21 18:00:00+02:00;572,000;1,000;MESURE
2025-08-21 19:00:00+02:00;476,000;1,000;MESURE
2025-08-21 20:00:00+02:00;820,000;1,000;MESURE
2025-08-21 21:00:00+02:00;5499,000;1,000;MESURE
2025-08-21 22:00:00+02:00;3633,000;1,000;MESURE
2025-08-21 23:00:00+02:00;3169,000;1,000;MESURE
2025-08-22 00:00:00+02:00;2976,000;1,000;MESURE
2025-08-22 01:00:00+02:00;2986,000;1,000;MESURE
2025-08-22 02:00:00+02:00;2989,000;1,000;MESURE
2025-08-22 03:00:00+02:00;2998,000;1,000;MESURE
2025-08-22 04:00:00+02:00;3378,000;1,000;MESURE
2025-08-22 05:00:00+02:00;5748,000;1,000;MESURE
2025-08-22 06:00:00+02:00;3010,000;1,000;MESURE
2025-08-22 07:00:00+02:00;574,000;1,000;MESURE
2025-08-22 08:00:00+02:00;575,000;1,000;MESURE
2025-08-22 09:00:00+02:00;575,000;1,000;MESURE
2025-08-22 10:00:00+02:00;570,000;1,000;MESURE
2025-08-22 11:00:00+02:00;563,000;1,000;MESURE
2025-08-22 12:00:00+02:00;572,000;1,000;MESURE
2025-08-22 13:00:00+02:00;571,000;1,000;MESURE
2025-08-22 14:00:00+02:00;574,000;1,000;MESURE
2025-08-22 15:00:00+02:00;575,000;1,000;MESURE
2025-08-22 16:00:00+02:00;569,000;1,000;MESURE
2025-08-22 17:00:00+02:00;569,000;1,000;MESURE
2025-08-22 18:00:00+02:00;569,000;1,000;MESURE
2025-08-22 19:00:00+02:00;477,000;1,000;MESURE
2025-08-22 20:00:00+02:00;1003,000;1,000;MESURE
2025-08-22 21:00:00+02:00;5496,000;1,000;MESURE
2025-08-22 22:00:00+02:00;3624,000;1,000;MESURE
2025-08-22 23:00:00+02:00;3158,000;1,000;MESURE
2025-08-23 00:00:00+02:00;2984,000;1,000;MESURE
2025-08-23 01:00:00+02:00;2990,000;1,000;MESURE
2025-08-23 02:00:00+02:00;2999,000;1,000;MESURE
2025-08-23 03:00:00+02:00;3007,000;1,000;MESURE
2025-08-23 04:00:00+02:00;3392,000;1,000;MESURE
2025-08-23 05:00:00+02:00;5767,000;1,000;MESURE
2025-08-23 06:00:00+02:00;3099,000;1,000;MESURE
2025-08-23 07:00:00+02:00;576,000;1,000;MESURE
2025-08-23 08:00:00+02:00;575,000;1,000;MESURE
2025-08-23 09:00:00+02:00;572,000;1,000;MESURE
2025-08-23 10:00:00+02:00;559,000;1,000;MESURE
2025-08-23 11:00:00+02:00;560,000;1,000;MESURE
2025-08-23 12:00:00+02:00;560,000;1,000;MESURE
2025-08-23 13:00:00+02:00;564,000;1,000;MESURE
2025-08-23 14:00:00+02:00;563,000;1,000;MESURE
2025-08-23 15:00:00+02:00;561,000;1,000;MESURE
2025-08-23 16:00:00+02:00;557,000;1,000;MESURE
2025-08-23 17:00:00+02:00;560,000;1,000;MESURE
2025-08-23 18:00:00+02:00;557,000;1,000;MESURE
2025-08-23 19:00:00+02:00;462,000;1,000;MESURE
2025-08-23 20:00:00+02:00;1172,000;1,000;MESURE
2025-08-23 21:00:00+02:00;5486,000;1,000;MESURE
2025-08-23 22:00:00+02:00;3636,000;1,000;MESURE
2025-08-23 23:00:00+02:00;3175,000;1,000;MESURE
2025-08-24 00:00:00+02:00;2991,000;1,000;MESURE
2025-08-24 01:00:00+02:00;2987,000;1,000;MESURE
2025-08-24 02:00:00+02:00;2994,000;1,000;MESURE
2025-08-24 03:00:00+02:00;3005,000;1,000;MESURE
2025-08-24 04:00:00+02:00;3394,000;1,000;MESURE
2025-08-24 05:00:00+02:00;5772,000;1,000;MESURE
2025-08-24 06:00:00+02:00;3197,000;1,000;MESURE
2025-08-24 07:00:00+02:00;567,000;1,000;MESURE
2025-08-24 08:00:00+02:00;564,000;1,000;MESURE
2025-08-24 09:00:00+02:00;566,000;1,000;MESURE
2025-08-24 10:00:00+02:00;566,000;1,000;MESURE
2025-08-24 11:00:00+02:00;565,000;1,000;MESURE
2025-08-24 12:00:00+02:00;562,000;1,000;MESURE
2025-08-24 13:00:00+02:00;562,000;1,000;MESURE
2025-08-24 14:00:00+02:00;564,000;1,000;MESURE
2025-08-24 15:00:00+02:00;566,000;1,000;MESURE
2025-08-24 16:00:00+02:00;562,000;1,000;MESURE
2025-08-24 17:00:00+02:00;559,000;1,000;MESURE
2025-08-24 18:00:00+02:00;559,000;1,000;MESURE
2025-08-24 19:00:00+02:00;462,000;1,000;MESURE
2025-08-24 20:00:00+02:00;1349,000;1,000;MESURE
2025-08-24 21:00:00+02:00;5490,000;1,000;MESURE
2025-08-24 22:00:00+02:00;3641,000;1,000;MESURE
2025-08-24 23:00:00+02:00;3181,000;1,000;MESURE
2025-08-25 00:00:00+02:00;3005,000;1,000;MESURE
2025-08-25 01:00:00+02:00;2994,000;1,000;MESURE
2025-08-25 02:00:00+02:00;2990,000;1,000;MESURE
2025-08-25 03:00:00+02:00;2994,000;1,000;MESURE
2025-08-25 04:00:00+02:00;3362,000;1,000;MESURE
2025-08-25 05:00:00+02:00;5729,000;1,000;MESURE
2025-08-25 06:00:00+02:00;3359,000;1,000;MESURE
2025-08-25 07:00:00+02:00;559,000;1,000;MESURE
2025-08-25 08:00:00+02:00;558,000;1,000;MESURE
2025-08-25 09:00:00+02:00;564,000;1,000;MESURE
2025-08-25 10:00:00+02:00;559,000;1,000;MESURE
2025-08-25 11:00:00+02:00;563,000;1,000;MESURE
2025-08-25 12:00:00+02:00;555,000;1,000;MESURE
2025-08-25 13:00:00+02:00;562,000;1,000;MESURE
2025-08-25 14:00:00+02:00;569,000;1,000;MESURE
2025-08-25 15:00:00+02:00;568,000;1,000;MESURE
2025-08-25 16:00:00+02:00;555,000;1,000;MESURE
2025-08-25 17:00:00+02:00;556,000;1,000;MESURE
2025-08-25 18:00:00+02:00;555,000;1,000;MESURE
2025-08-25 19:00:00+02:00;470,000;1,000;MESURE
2025-08-25 20:00:00+02:00;1438,000;1,000;MESURE
2025-08-25 21:00:00+02:00;5452,000;1,000;MESURE
2025-08-25 22:00:00+02:00;3640,000;1,000;MESURE
2025-08-25 23:00:00+02:00;3182,000;1,000;MESURE
2025-08-26 00:00:00+02:00;2997,000;1,000;MESURE
2025-08-26 01:00:00+02:00;2993,000;1,000;MESURE
2025-08-26 02:00:00+02:00;2996,000;1,000;MESURE
2025-08-26 03:00:00+02:00;3005,000;1,000;MESURE
2025-08-26 04:00:00+02:00;3375,000;1,000;MESURE
2025-08-26 05:00:00+02:00;5732,000;1,000;MESURE
2025-08-26 06:00:00+02:00;3443,000;1,000;MESURE
2025-08-26 07:00:00+02:00;559,000;1,000;MESURE
2025-08-26 08:00:00+02:00;558,000;1,000;MESURE
2025-08-26 09:00:00+02:00;563,000;1,000;MESURE
2025-08-26 10:00:00+02:00;560,000;1,000;MESURE
2025-08-26 11:00:00+02:00;559,000;1,000;MESURE
2025-08-26 12:00:00+02:00;560,000;1,000;MESURE
2025-08-26 13:00:00+02:00;559,000;1,000;MESURE
2025-08-26 14:00:00+02:00;558,000;1,000;MESURE
2025-08-26 15:00:00+02:00;559,000;1,000;MESURE
2025-08-26 16:00:00+02:00;557,000;1,000;MESURE
2025-08-26 17:00:00+02:00;553,000;1,000;MESURE
2025-08-26 18:00:00+02:00;561,000;1,000;MESURE
2025-08-26 19:00:00+02:00;568,000;1,000;MESURE
2025-08-26 20:00:00+02:00;2042,000;1,000;MESURE
2025-08-26 21:00:00+02:00;5668,000;1,000;MESURE
2025-08-26 22:00:00+02:00;3637,000;1,000;MESURE
2025-08-26 23:00:00+02:00;3181,000;1,000;MESURE
2025-08-27 00:00:00+02:00;3008,000;1,000;MESURE
2025-08-27 01:00:00+02:00;2989,000;1,000;MESURE
2025-08-27 02:00:00+02:00;2989,000;1,000;MESURE
2025-08-27 03:00:00+02:00;2995,000;1,000;MESURE
2025-08-27 04:00:00+02:00;3000,000;1,000;MESURE
2025-08-27 05:00:00+02:00;5331,000;1,000;MESURE
2025-08-27 06:00:00+02:00;3543,000;1,000;MESURE
2025-08-27 07:00:00+02:00;559,000;1,000;MESURE
2025-08-27 08:00:00+02:00;555,000;1,000;MESURE
2025-08-27 09:00:00+02:00;561,000;1,000;MESURE
2025-08-27 10:00:00+02:00;562,000;1,000;MESURE
2025-08-27 11:00:00+02:00;567,000;1,000;MESURE
2025-08-27 12:00:00+02:00;567,000;1,000;MESURE
2025-08-27 13:00:00+02:00;568,000;1,000;MESURE
2025-08-27 14:00:00+02:00;568,000;1,000;MESURE
2025-08-27 15:00:00+02:00;566,000;1,000;MESURE
2025-08-27 16:00:00+02:00;556,000;1,000;MESURE
2025-08-27 17:00:00+02:00;553,000;1,000;MESURE
2025-08-27 18:00:00+02:00;566,000;1,000;MESURE
2025-08-27 19:00:00+02:00;565,000;1,000;MESURE
2025-08-27 20:00:00+02:00;2241,000;1,000;MESURE
2025-08-27 21:00:00+02:00;5884,000;1,000;MESURE
2025-08-27 22:00:00+02:00;3834,000;1,000;MESURE
2025-08-27 23:00:00+02:00;3177,000;1,000;MESURE
2025-08-28 00:00:00+02:00;3004,000;1,000;MESURE
2025-08-28 01:00:00+02:00;3006,000;1,000;MESURE
2025-08-28 02:00:00+02:00;3009,000;1,000;MESURE
2025-08-28 03:00:00+02:00;2988,000;1,000;MESURE
2025-08-28 04:00:00+02:00;2998,000;1,000;MESURE
2025-08-28 05:00:00+02:00;5292,000;1,000;MESURE
2025-08-28 06:00:00+02:00;3262,000;1,000;MESURE
2025-08-28 07:00:00+02:00;561,000;1,000;MESURE
2025-08-28 08:00:00+02:00;571,000;1,000;MESURE
2025-08-28 09:00:00+02:00;569,000;1,000;MESURE
2025-08-28 10:00:00+02:00;569,000;1,000;MESURE
2025-08-28 11:00:00+02:00;569,000;1,000;MESURE
2025-08-28 12:00:00+02:00;568,000;1,000;MESURE
2025-08-28 13:00:00+02:00;568,000;1,000;MESURE
2025-08-28 14:00:00+02:00;570,000;1,000;MESURE
2025-08-28 15:00:00+02:00;560,000;1,000;MESURE
2025-08-28 16:00:00+02:00;559,000;1,000;MESURE
2025-08-28 17:00:00+02:00;557,000;1,000;MESURE
2025-08-28 18:00:00+02:00;556,000;1,000;MESURE
2025-08-28 19:00:00+02:00;555,000;1,000;MESURE
2025-08-28 20:00:00+02:00;2417,000;1,000;MESURE
2025-08-28 21:00:00+02:00;5953,000;1,000;MESURE
2025-08-28 22:00:00+02:00;3862,000;1,000;MESURE
2025-08-28 23:00:00+02:00;3201,000;1,000;MESURE
2025-08-29 00:00:00+02:00;3017,000;1,000;MESURE
2025-08-29 01:00:00+02:00;3009,000;1,000;MESURE
2025-08-29 02:00:00+02:00;3003,000;1,000;MESURE
2025-08-29 03:00:00+02:00;3011,000;1,000;MESURE
2025-08-29 04:00:00+02:00;3010,000;1,000;MESURE
2025-08-29 05:00:00+02:00;5305,000;1,000;MESURE
2025-08-29 06:00:00+02:00;3445,000;1,000;MESURE
2025-08-29 07:00:00+02:00;570,000;1,000;MESURE
2025-08-29 08:00:00+02:00;581,000;1,000;MESURE
2025-08-29 09:00:00+02:00;569,000;1,000;MESURE
2025-08-29 10:00:00+02:00;574,000;1,000;MESURE
2025-08-29 11:00:00+02:00;568,000;1,000;MESURE
2025-08-29 12:00:00+02:00;568,000;1,000;MESURE
2025-08-29 13:00:00+02:00;557,000;1,000;MESURE
2025-08-29 14:00:00+02:00;557,000;1,000;MESURE
2025-08-29 15:00:00+02:00;561,000;1,000;MESURE
2025-08-29 16:00:00+02:00;560,000;1,000;MESURE
2025-08-29 17:00:00+02:00;561,000;1,000;MESURE
2025-08-29 18:00:00+02:00;560,000;1,000;MESURE
2025-08-29 19:00:00+02:00;559,000;1,000;MESURE
2025-08-29 20:00:00+02:00;2601,000;1,000;MESURE
2025-08-29 21:00:00+02:00;5948,000;1,000;MESURE
2025-08-29 22:00:00+02:00;3867,000;1,000;MESURE
2025-08-29 23:00:00+02:00;3195,000;1,000;MESURE
2025-08-30 00:00:00+02:00;3009,000;1,000;MESURE
2025-08-30 01:00:00+02:00;3003,000;1,000;MESURE
2025-08-30 02:00:00+02:00;2997,000;1,000;MESURE
2025-08-30 03:00:00+02:00;3004,000;1,000;MESURE
2025-08-30 04:00:00+02:00;3007,000;1,000;MESURE
2025-08-30 05:00:00+02:00;5310,000;1,000;MESURE
2025-08-30 06:00:00+02:00;3516,000;1,000;MESURE
2025-08-30 07:00:00+02:00;571,000;1,000;MESURE
2025-08-30 08:00:00+02:00;562,000;1,000;MESURE
2025-08-30 09:00:00+02:00;564,000;1,000;MESURE
2025-08-30 10:00:00+02:00;561,000;1,000;MESURE
2025-08-30 11:00:00+02:00;561,000;1,000;MESURE
2025-08-30 12:00:00+02:00;561,000;1,000;MESURE
2025-08-30 13:00:00+02:00;564,000;1,000;MESURE
2025-08-30 14:00:00+02:00;565,000;1,000;MESURE
2025-08-30 15:00:00+02:00;563,000;1,000;MESURE
2025-08-30 16:00:00+02:00;563,000;1,000;MESURE
2025-08-30 17:00:00+02:00;564,000;1,000;MESURE
2025-08-30 18:00:00+02:00;563,000;1,000;MESURE
2025-08-30 19:00:00+02:00;560,000;1,000;MESURE
2025-08-30 20:00:00+02:00;2783,000;1,000;MESURE
2025-08-30 21:00:00+02:00;5943,000;1,000;MESURE
2025-08-30 22:00:00+02:00;3859,000;1,000;MESURE
2025-08-30 23:00:00+02:00;3171,000;1,000;MESURE
2025-08-31 00:00:00+02:00;2986,000;1,000;MESURE
2025-08-31 01:00:00+02:00;2987,000;1,000;MESURE
2025-08-31 02:00:00+02:00;2991,000;1,000;MESURE
2025-08-31 03:00:00+02:00;2997,000;1,000;MESURE
2025-08-31 04:00:00+02:00;2998,000;1,000;MESURE
2025-08-31 05:00:00+02:00;5300,000;1,000;MESURE
2025-08-31 06:00:00+02:00;3606,000;1,000;MESURE
2025-08-31 07:00:00+02:00;567,000;1,000;MESURE
2025-08-31 08:00:00+02:00;564,000;1,000;MESURE
2025-08-31 09:00:00+02:00;543,000;1,000;MESURE
2025-08-31 10:00:00+02:00;541,000;1,000;MESURE
2025-08-31 11:00:00+02:00;541,000;1,000;MESURE
2025-08-31 12:00:00+02:00;539,000;1,000;MESURE
2025-08-31 13:00:00+02:00;543,000;1,000;MESURE
2025-08-31 14:00:00+02:00;542,000;1,000;MESURE
2025-08-31 15:00:00+02:00;541,000;1,000;MESURE
2025-08-31 16:00:00+02:00;541,000;1,000;MESURE
2025-08-31 17:00:00+02:00;540,000;1,000;MESURE
2025-08-31 18:00:00+02:00;536,000;1,000;MESURE
2025-08-31 19:00:00+02:00;535,000;1,000;MESURE
2025-08-31 20:00:00+02:00;2933,000;1,000;MESURE
2025-08-31 21:00:00+02:00;5901,000;1,000;MESURE
2025-08-31 22:00:00+02:00;3834,000;1,000;MESURE
2025-08-31 23:00:00+02:00;3162,000;1,000;MESURE
2025-09-01 00:00:00+02:00;2984,000;1,000;MESURE
2025-09-01 01:00:00+02:00;2987,000;1,000;MESURE
2025-09-01 02:00:00+02:00;2991,000;1,000;MESURE
2025-09-01 03:00:00+02:00;2998,000;1,000;MESURE
2025-09-01 04:00:00+02:00;3000,000;1,000;MESURE
2025-09-01 05:00:00+02:00;5299,000;1,000;MESURE
2025-09-01 06:00:00+02:00;3795,000;1,000;MESURE
2025-09-01 07:00:00+02:00;572,000;1,000;MESURE
2025-09-01 08:00:00+02:00;566,000;1,000;MESURE
2025-09-01 09:00:00+02:00;559,000;1,000;MESURE
2025-09-01 10:00:00+02:00;564,000;1,000;MESURE
2025-09-01 11:00:00+02:00;566,000;1,000;MESURE
2025-09-01 12:00:00+02:00;565,000;1,000;MESURE
2025-09-01 13:00:00+02:00;566,000;1,000;MESURE
2025-09-01 14:00:00+02:00;564,000;1,000;MESURE
2025-09-01 15:00:00+02:00;563,000;1,000;MESURE
2025-09-01 16:00:00+02:00;563,000;1,000;MESURE
2025-09-01 17:00:00+02:00;551,000;1,000;MESURE
2025-09-01 18:00:00+02:00;552,000;1,000;MESURE
2025-09-01 19:00:00+02:00;554,000;1,000;MESURE
2025-09-01 20:00:00+02:00;3152,000;1,000;MESURE
2025-09-01 21:00:00+02:00;5942,000;1,000;MESURE
2025-09-01 22:00:00+02:00;3863,000;1,000;MESURE
2025-09-01 23:00:00+02:00;3195,000;1,000;MESURE
2025-09-02 00:00:00+02:00;3005,000;1,000;MESURE
2025-09-02 01:00:00+02:00;3002,000;1,000;MESURE
2025-09-02 02:00:00+02:00;3004,000;1,000;MESURE
2025-09-02 03:00:00+02:00;3012,000;1,000;MESURE
2025-09-02 04:00:00+02:00;3009,000;1,000;MESURE
2025-09-02 05:00:00+02:00;5306,000;1,000;MESURE
2025-09-02 06:00:00+02:00;3896,000;1,000;MESURE
2025-09-02 07:00:00+02:00;557,000;1,000;MESURE
2025-09-02 08:00:00+02:00;566,000;1,000;MESURE
2025-09-02 09:00:00+02:00;561,000;1,000;MESURE
2025-09-02 10:00:00+02:00;561,000;1,000;MESURE
2025-09-02 11:00:00+02:00;564,000;1,000;MESURE
2025-09-02 12:00:00+02:00;562,000;1,000;MESURE
2025-09-02 13:00:00+02:00;563,000;1,000;MESURE
2025-09-02 14:00:00+02:00;552,000;1,000;MESURE
2025-09-02 15:00:00+02:00;552,000;1,000;MESURE
2025-09-02 16:00:00+02:00;551,000;1,000;MESURE
2025-09-02 17:00:00+02:00;551,000;1,000;MESURE
2025-09-02 18:00:00+02:00;550,000;1,000;MESURE
2025-09-02 19:00:00+02:00;549,000;1,000;MESURE
2025-09-02 20:00:00+02:00;3304,000;1,000;MESURE
2025-09-02 21:00:00+02:00;5920,000;1,000;MESURE
2025-09-02 22:00:00+02:00;4082,000;1,000;MESURE
2025-09-02 23:00:00+02:00;3618,000;1,000;MESURE
2025-09-03 00:00:00+02:00;3413,000;1,000;MESURE
2025-09-03 01:00:00+02:00;3415,000;1,000;MESURE
2025-09-03 02:00:00+02:00;3415,000;1,000;MESURE
2025-09-03 03:00:00+02:00;3421,000;1,000;MESURE
2025-09-03 04:00:00+02:00;3423,000;1,000;MESURE
2025-09-03 05:00:00+02:00;5712,000;1,000;MESURE
2025-09-03 06:00:00+02:00;4027,000;1,000;MESURE
2025-09-03 07:00:00+02:00;127,000;1,000;MESURE
2025-09-03 08:00:00+02:00;126,000;1,000;MESURE
2025-09-03 09:00:00+02:00;127,000;1,000;MESURE
2025-09-03 10:00:00+02:00;126,000;1,000;MESURE
2025-09-03 11:00:00+02:00;127,000;1,000;MESURE
2025-09-03 12:00:00+02:00;124,000;1,000;MESURE
2025-09-03 13:00:00+02:00;126,000;1,000;MESURE
2025-09-03 14:00:00+02:00;127,000;1,000;MESURE
2025-09-03 15:00:00+02:00;126,000;1,000;MESURE
2025-09-03 16:00:00+02:00;125,000;1,000;MESURE
2025-09-03 17:00:00+02:00;126,000;1,000;MESURE
2025-09-03 18:00:00+02:00;125,000;1,000;MESURE
2025-09-03 19:00:00+02:00;125,000;1,000;MESURE
2025-09-03 20:00:00+02:00;3272,000;1,000;MESURE
2025-09-03 21:00:00+02:00;5889,000;1,000;MESURE
2025-09-03 22:00:00+02:00;4044,000;1,000;MESURE
2025-09-03 23:00:00+02:00;3589,000;1,000;MESURE
2025-09-04 00:00:00+02:00;3405,000;1,000;MESURE
2025-09-04 01:00:00+02:00;3411,000;1,000;MESURE
2025-09-04 02:00:00+02:00;3414,000;1,000;MESURE
2025-09-04 03:00:00+02:00;3393,000;1,000;MESURE
2025-09-04 04:00:00+02:00;3404,000;1,000;MESURE
2025-09-04 05:00:00+02:00;5693,000;1,000;MESURE
2025-09-04 06:00:00+02:00;4481,000;1,000;MESURE
2025-09-04 07:00:00+02:00;537,000;1,000;MESURE
2025-09-04 08:00:00+02:00;541,000;1,000;MESURE
2025-09-04 09:00:00+02:00;538,000;1,000;MESURE
2025-09-04 10:00:00+02:00;541,000;1,000;MESURE
2025-09-04 11:00:00+02:00;541,000;1,000;MESURE
2025-09-04 12:00:00+02:00;160,000;1,000;MESURE
2025-09-04 13:00:00+02:00;127,000;1,000;MESURE
2025-09-04 14:00:00+02:00;127,000;1,000;MESURE
2025-09-04 15:00:00+02:00;127,000;1,000;MESURE
2025-09-04 16:00:00+02:00;127,000;1,000;MESURE
2025-09-04 17:00:00+02:00;126,000;1,000;MESURE
2025-09-04 18:00:00+02:00;128,000;1,000;MESURE
2025-09-04 19:00:00+02:00;126,000;1,000;MESURE
2025-09-04 20:00:00+02:00;3491,000;1,000;MESURE
2025-09-04 21:00:00+02:00;5933,000;1,000;MESURE
2025-09-04 22:00:00+02:00;4086,000;1,000;MESURE
2025-09-04 23:00:00+02:00;3627,000;1,000;MESURE
2025-09-05 00:00:00+02:00;3428,000;1,000;MESURE
2025-09-05 01:00:00+02:00;3424,000;1,000;MESURE
2025-09-05 02:00:00+02:00;3413,000;1,000;MESURE
2025-09-05 03:00:00+02:00;3420,000;1,000;MESURE
2025-09-05 04:00:00+02:00;3424,000;1,000;MESURE
2025-09-05 05:00:00+02:00;5727,000;1,000;MESURE
2025-09-05 06:00:00+02:00;4620,000;1,000;MESURE
2025-09-05 07:00:00+02:00;568,000;1,000;MESURE
2025-09-05 08:00:00+02:00;567,000;1,000;MESURE
2025-09-05 09:00:00+02:00;566,000;1,000;MESURE
2025-09-05 10:00:00+02:00;563,000;1,000;MESURE
2025-09-05 11:00:00+02:00;564,000;1,000;MESURE
2025-09-05 12:00:00+02:00;161,000;1,000;MESURE
2025-09-05 13:00:00+02:00;127,000;1,000;MESURE
2025-09-05 14:00:00+02:00;127,000;1,000;MESURE
2025-09-05 15:00:00+02:00;125,000;1,000;MESURE
2025-09-05 16:00:00+02:00;125,000;1,000;MESURE
2025-09-05 17:00:00+02:00;126,000;1,000;MESURE
2025-09-05 18:00:00+02:00;125,000;1,000;MESURE
2025-09-05 19:00:00+02:00;124,000;1,000;MESURE
2025-09-05 20:00:00+02:00;3671,000;1,000;MESURE
2025-09-05 21:00:00+02:00;5906,000;1,000;MESURE
2025-09-05 22:00:00+02:00;4061,000;1,000;MESURE
2025-09-05 23:00:00+02:00;3595,000;1,000;MESURE
2025-09-06 00:00:00+02:00;3418,000;1,000;MESURE
2025-09-06 01:00:00+02:00;3441,000;1,000;MESURE
2025-09-06 02:00:00+02:00;3453,000;1,000;MESURE
2025-09-06 03:00:00+02:00;3461,000;1,000;MESURE
2025-09-06 04:00:00+02:00;3457,000;1,000;MESURE
2025-09-06 05:00:00+02:00;5761,000;1,000;MESURE
2025-09-06 06:00:00+02:00;4686,000;1,000;MESURE
2025-09-06 07:00:00+02:00;570,000;1,000;MESURE
2025-09-06 08:00:00+02:00;567,000;1,000;MESURE
2025-09-06 09:00:00+02:00;568,000;1,000;MESURE
2025-09-06 10:00:00+02:00;574,000;1,000;MESURE
2025-09-06 11:00:00+02:00;566,000;1,000;MESURE
2025-09-06 12:00:00+02:00;163,000;1,000;MESURE
2025-09-06 13:00:00+02:00;126,000;1,000;MESURE
2025-09-06 14:00:00+02:00;127,000;1,000;MESURE
2025-09-06 15:00:00+02:00;126,000;1,000;MESURE
2025-09-06 16:00:00+02:00;126,000;1,000;MESURE
2025-09-06 17:00:00+02:00;126,000;1,000;MESURE
2025-09-06 18:00:00+02:00;125,000;1,000;MESURE
2025-09-06 19:00:00+02:00;125,000;1,000;MESURE
2025-09-06 20:00:00+02:00;3847,000;1,000;MESURE
2025-09-06 21:00:00+02:00;5933,000;1,000;MESURE
2025-09-06 22:00:00+02:00;4084,000;1,000;MESURE
2025-09-06 23:00:00+02:00;3612,000;1,000;MESURE
2025-09-07 00:00:00+02:00;3431,000;1,000;MESURE
2025-09-07 01:00:00+02:00;3421,000;1,000;MESURE
2025-09-07 02:00:00+02:00;3440,000;1,000;MESURE
2025-09-07 03:00:00+02:00;3428,000;1,000;MESURE
2025-09-07 04:00:00+02:00;3439,000;1,000;MESURE
2025-09-07 05:00:00+02:00;5742,000;1,000;MESURE
2025-09-07 06:00:00+02:00;4803,000;1,000;MESURE
2025-09-07 07:00:00+02:00;567,000;1,000;MESURE
2025-09-07 08:00:00+02:00;568,000;1,000;MESURE
2025-09-07 09:00:00+02:00;571,000;1,000;MESURE
2025-09-07 10:00:00+02:00;573,000;1,000;MESURE
2025-09-07 11:00:00+02:00;570,000;1,000;MESURE
2025-09-07 12:00:00+02:00;161,000;1,000;MESURE
2025-09-07 13:00:00+02:00;126,000;1,000;MESURE
2025-09-07 14:00:00+02:00;126,000;1,000;MESURE
2025-09-07 15:00:00+02:00;125,000;1,000;MESURE
2025-09-07 16:00:00+02:00;126,000;1,000;MESURE
2025-09-07 17:00:00+02:00;126,000;1,000;MESURE
2025-09-07 18:00:00+02:00;126,000;1,000;MESURE
2025-09-07 19:00:00+02:00;126,000;1,000;MESURE
2025-09-07 20:00:00+02:00;4013,000;1,000;MESURE
2025-09-07 21:00:00+02:00;5911,000;1,000;MESURE
2025-09-07 22:00:00+02:00;4064,000;1,000;MESURE
2025-09-07 23:00:00+02:00;3615,000;1,000;MESURE
2025-09-08 00:00:00+02:00;3427,000;1,000;MESURE
2025-09-08 01:00:00+02:00;3423,000;1,000;MESURE
2025-09-08 02:00:00+02:00;3448,000;1,000;MESURE
2025-09-08 03:00:00+02:00;3456,000;1,000;MESURE
2025-09-08 04:00:00+02:00;3455,000;1,000;MESURE
2025-09-08 05:00:00+02:00;5750,000;1,000;MESURE
2025-09-08 06:00:00+02:00;4941,000;1,000;MESURE
2025-09-08 07:00:00+02:00;571,000;1,000;MESURE
2025-09-08 08:00:00+02:00;566,000;1,000;MESURE
2025-09-08 09:00:00+02:00;566,000;1,000;MESURE
2025-09-08 10:00:00+02:00;564,000;1,000;MESURE
2025-09-08 11:00:00+02:00;565,000;1,000;MESURE
2025-09-08 12:00:00+02:00;160,000;1,000;MESURE
2025-09-08 13:00:00+02:00;126,000;1,000;MESURE
2025-09-08 14:00:00+02:00;126,000;1,000;MESURE
2025-09-08 15:00:00+02:00;127,000;1,000;MESURE
2025-09-08 16:00:00+02:00;126,000;1,000;MESURE
2025-09-08 17:00:00+02:00;126,000;1,000;MESURE
2025-09-08 18:00:00+02:00;126,000;1,000;MESURE
2025-09-08 19:00:00+02:00;125,000;1,000;MESURE
2025-09-08 20:00:00+02:00;4211,000;1,000;MESURE
2025-09-08 21:00:00+02:00;5928,000;1,000;MESURE
2025-09-08 22:00:00+02:00;4082,000;1,000;MESURE
2025-09-08 23:00:00+02:00;3622,000;1,000;MESURE
2025-09-09 00:00:00+02:00;3428,000;1,000;MESURE
2025-09-09 01:00:00+02:00;3445,000;1,000;MESURE
2025-09-09 02:00:00+02:00;3450,000;1,000;MESURE
2025-09-09 03:00:00+02:00;3459,000;1,000;MESURE
2025-09-09 04:00:00+02:00;3464,000;1,000;MESURE
2025-09-09 05:00:00+02:00;5746,000;1,000;MESURE
2025-09-09 06:00:00+02:00;5065,000;1,000;MESURE
2025-09-09 07:00:00+02:00;571,000;1,000;MESURE
2025-09-09 08:00:00+02:00;565,000;1,000;MESURE
2025-09-09 09:00:00+02:00;565,000;1,000;MESURE
2025-09-09 10:00:00+02:00;565,000;1,000;MESURE
2025-09-09 11:00:00+02:00;564,000;1,000;MESURE
2025-09-09 12:00:00+02:00;161,000;1,000;MESURE
2025-09-09 13:00:00+02:00;125,000;1,000;MESURE
2025-09-09 14:00:00+02:00;126,000;1,000;MESURE
2025-09-09 15:00:00+02:00;126,000;1,000;MESURE
2025-09-09 16:00:00+02:00;125,000;1,000;MESURE
2025-09-09 17:00:00+02:00;126,000;1,000;MESURE
2025-09-09 18:00:00+02:00;125,000;1,000;MESURE
2025-09-09 19:00:00+02:00;125,000;1,000;MESURE
2025-09-09 20:00:00+02:00;4293,000;1,000;MESURE
2025-09-09 21:00:00+02:00;5934,000;1,000;MESURE
2025-09-09 22:00:00+02:00;4082,000;1,000;MESURE
2025-09-09 23:00:00+02:00;3607,000;1,000;MESURE
2025-09-10 00:00:00+02:00;3428,000;1,000;MESURE
2025-09-10 01:00:00+02:00;3438,000;1,000;MESURE
2025-09-10 02:00:00+02:00;3434,000;1,000;MESURE
2025-09-10 03:00:00+02:00;3441,000;1,000;MESURE
2025-09-10 04:00:00+02:00;3444,000;1,000;MESURE
2025-09-10 05:00:00+02:00;5742,000;1,000;MESURE
2025-09-10 06:00:00+02:00;5158,000;1,000;MESURE
2025-09-10 07:00:00+02:00;567,000;1,000;MESURE
2025-09-10 08:00:00+02:00;563,000;1,000;MESURE
2025-09-10 09:00:00+02:00;575,000;1,000;MESURE
2025-09-10 10:00:00+02:00;575,000;1,000;MESURE
2025-09-10 11:00:00+02:00;564,000;1,000;MESURE
2025-09-10 12:00:00+02:00;160,000;1,000;MESURE
2025-09-10 13:00:00+02:00;126,000;1,000;MESURE
2025-09-10 14:00:00+02:00;125,000;1,000;MESURE
2025-09-10 15:00:00+02:00;125,000;1,000;MESURE
2025-09-10 16:00:00+02:00;126,000;1,000;MESURE
2025-09-10 17:00:00+02:00;126,000;1,000;MESURE
2025-09-10 18:00:00+02:00;125,000;1,000;MESURE
2025-09-10 19:00:00+02:00;124,000;1,000;MESURE
2025-09-10 20:00:00+02:00;4493,000;1,000;MESURE
2025-09-10 21:00:00+02:00;5956,000;1,000;MESURE
2025-09-10 22:00:00+02:00;4074,000;1,000;MESURE
2025-09-10 23:00:00+02:00;3586,000;1,000;MESURE
2025-09-11 00:00:00+02:00;3418,000;1,000;MESURE
2025-09-11 01:00:00+02:00;3437,000;1,000;MESURE
2025-09-11 02:00:00+02:00;3435,000;1,000;MESURE
2025-09-11 03:00:00+02:00;3440,000;1,000;MESURE
2025-09-11 04:00:00+02:00;3438,000;1,000;MESURE
2025-09-11 05:00:00+02:00;5734,000;1,000;MESURE
2025-09-11 06:00:00+02:00;5356,000;1,000;MESURE
2025-09-11 07:00:00+02:00;569,000;1,000;MESURE
2025-09-11 08:00:00+02:00;564,000;1,000;MESURE
2025-09-11 09:00:00+02:00;563,000;1,000;MESURE
2025-09-11 10:00:00+02:00;564,000;1,000;MESURE
2025-09-11 11:00:00+02:00;565,000;1,000;MESURE
2025-09-11 12:00:00+02:00;160,000;1,000;MESURE
2025-09-11 13:00:00+02:00;125,000;1,000;MESURE
2025-09-11 14:00:00+02:00;126,000;1,000;MESURE
2025-09-11 15:00:00+02:00;126,000;1,000;MESURE
2025-09-11 16:00:00+02:00;125,000;1,000;MESURE
2025-09-11 17:00:00+02:00;126,000;1,000;MESURE
2025-09-11 18:00:00+02:00;127,000;1,000;MESURE
2025-09-11 19:00:00+02:00;125,000;1,000;MESURE
2025-09-11 20:00:00+02:00;4650,000;1,000;MESURE
2025-09-11 21:00:00+02:00;5904,000;1,000;MESURE
2025-09-11 22:00:00+02:00;4083,000;1,000;MESURE
2025-09-11 23:00:00+02:00;3607,000;1,000;MESURE
2025-09-12 00:00:00+02:00;3452,000;1,000;MESURE
2025-09-12 01:00:00+02:00;3447,000;1,000;MESURE
2025-09-12 02:00:00+02:00;3453,000;1,000;MESURE
2025-09-12 03:00:00+02:00;3434,000;1,000;MESURE
2025-09-12 04:00:00+02:00;3428,000;1,000;MESURE
2025-09-12 05:00:00+02:00;5712,000;1,000;MESURE
2025-09-12 06:00:00+02:00;5417,000;1,000;MESURE
2025-09-12 07:00:00+02:00;576,000;1,000;MESURE
2025-09-12 08:00:00+02:00;575,000;1,000;MESURE
2025-09-12 09:00:00+02:00;572,000;1,000;MESURE
2025-09-12 10:00:00+02:00;570,000;1,000;MESURE
2025-09-12 11:00:00+02:00;568,000;1,000;MESURE
2025-09-12 12:00:00+02:00;160,000;1,000;MESURE
2025-09-12 13:00:00+02:00;127,000;1,000;MESURE
2025-09-12 14:00:00+02:00;126,000;1,000;MESURE
2025-09-12 15:00:00+02:00;126,000;1,000;MESURE
2025-09-12 16:00:00+02:00;125,000;1,000;MESURE
2025-09-12 17:00:00+02:00;125,000;1,000;MESURE
2025-09-12 18:00:00+02:00;126,000;1,000;MESURE
2025-09-12 19:00:00+02:00;125,000;1,000;MESURE
2025-09-12 20:00:00+02:00;4855,000;1,000;MESURE
2025-09-12 21:00:00+02:00;5948,000;1,000;MESURE
2025-09-12 22:00:00+02:00;4087,000;1,000;MESURE
2025-09-12 23:00:00+02:00;3600,000;1,000;MESURE
2025-09-13 00:00:00+02:00;3453,000;1,000;MESURE
2025-09-13 01:00:00+02:00;3460,000;1,000;MESURE
2025-09-13 02:00:00+02:00;3455,000;1,000;MESURE
2025-09-13 03:00:00+02:00;3454,000;1,000;MESURE
2025-09-13 04:00:00+02:00;3428,000;1,000;MESURE
2025-09-13 05:00:00+02:00;5726,000;1,000;MESURE
2025-09-13 06:00:00+02:00;5522,000;1,000;MESURE
2025-09-13 07:00:00+02:00;566,000;1,000;MESURE
2025-09-13 08:00:00+02:00;576,000;1,000;MESURE
2025-09-13 09:00:00+02:00;575,000;1,000;MESURE
2025-09-13 10:00:00+02:00;569,000;1,000;MESURE
2025-09-13 11:00:00+02:00;565,000;1,000;MESURE
2025-09-13 12:00:00+02:00;159,000;1,000;MESURE
2025-09-13 13:00:00+02:00;126,000;1,000;MESURE
2025-09-13 14:00:00+02:00;126,000;1,000;MESURE
2025-09-13 15:00:00+02:00;125,000;1,000;MESURE
2025-09-13 16:00:00+02:00;126,000;1,000;MESURE
2025-09-13 17:00:00+02:00;126,000;1,000;MESURE
2025-09-13 18:00:00+02:00;127,000;1,000;MESURE
2025-09-13 19:00:00+02:00;129,000;1,000;MESURE
2025-09-13 20:00:00+02:00;5066,000;1,000;MESURE
2025-09-13 21:00:00+02:00;5932,000;1,000;MESURE
2025-09-13 22:00:00+02:00;4090,000;1,000;MESURE
2025-09-13 23:00:00+02:00;3631,000;1,000;MESURE
2025-09-14 00:00:00+02:00;3425,000;1,000;MESURE
2025-09-14 01:00:00+02:00;3437,000;1,000;MESURE
2025-09-14 02:00:00+02:00;3431,000;1,000;MESURE
2025-09-14 03:00:00+02:00;3445,000;1,000;MESURE
2025-09-14 04:00:00+02:00;3443,000;1,000;MESURE
2025-09-14 05:00:00+02:00;5749,000;1,000;MESURE
2025-09-14 06:00:00+02:00;5594,000;1,000;MESURE
2025-09-14 07:00:00+02:00;576,000;1,000;MESURE
2025-09-14 08:00:00+02:00;569,000;1,000;MESURE
2025-09-14 09:00:00+02:00;569,000;1,000;MESURE
2025-09-14 10:00:00+02:00;571,000;1,000;MESURE
2025-09-14 11:00:00+02:00;572,000;1,000;MESURE
2025-09-14 12:00:00+02:00;158,000;1,000;MESURE
2025-09-14 13:00:00+02:00;125,000;1,000;MESURE
2025-09-14 14:00:00+02:00;127,000;1,000;MESURE
2025-09-14 15:00:00+02:00;125,000;1,000;MESURE
2025-09-14 16:00:00+02:00;126,000;1,000;MESURE
2025-09-14 17:00:00+02:00;126,000;1,000;MESURE
2025-09-14 18:00:00+02:00;125,000;1,000;MESURE
2025-09-14 19:00:00+02:00;126,000;1,000;MESURE
2025-09-14 20:00:00+02:00;5224,000;1,000;MESURE
2025-09-14 21:00:00+02:00;5948,000;1,000;MESURE
2025-09-14 22:00:00+02:00;4075,000;1,000;MESURE
2025-09-14 23:00:00+02:00;3617,000;1,000;MESURE
2025-09-15 00:00:00+02:00;3429,000;1,000;MESURE
2025-09-15 01:00:00+02:00;3454,000;1,000;MESURE
2025-09-15 02:00:00+02:00;3449,000;1,000;MESURE
2025-09-15 03:00:00+02:00;3457,000;1,000;MESURE
2025-09-15 04:00:00+02:00;3426,000;1,000;MESURE
2025-09-15 05:00:00+02:00;5760,000;1,000;MESURE
2025-09-15 06:00:00+02:00;5805,000;1,000;MESURE
2025-09-15 07:00:00+02:00;577,000;1,000;MESURE
2025-09-15 08:00:00+02:00;575,000;1,000;MESURE
2025-09-15 09:00:00+02:00;574,000;1,000;MESURE
2025-09-15 10:00:00+02:00;573,000;1,000;MESURE
2025-09-15 11:00:00+02:00;577,000;1,000;MESURE
2025-09-15 12:00:00+02:00;160,000;1,000;MESURE
2025-09-15 13:00:00+02:00;126,000;1,000;MESURE
2025-09-15 14:00:00+02:00;126,000;1,000;MESURE
2025-09-15 15:00:00+02:00;125,000;1,000;MESURE
2025-09-15 16:00:00+02:00;125,000;1,000;MESURE
2025-09-15 17:00:00+02:00;126,000;1,000;MESURE
2025-09-15 18:00:00+02:00;124,000;1,000;MESURE
2025-09-15 19:00:00+02:00;126,000;1,000;MESURE
2025-09-15 20:00:00+02:00;5389,000;1,000;MESURE
2025-09-15 21:00:00+02:00;5929,000;1,000;MESURE
2025-09-15 22:00:00+02:00;4065,000;1,000;MESURE
2025-09-15 23:00:00+02:00;3588,000;1,000;MESURE
2025-09-16 00:00:00+02:00;3421,000;1,000;MESURE
2025-09-16 01:00:00+02:00;3432,000;1,000;MESURE
2025-09-16 02:00:00+02:00;3429,000;1,000;MESURE
2025-09-16 03:00:00+02:00;3443,000;1,000;MESURE
2025-09-16 04:00:00+02:00;3432,000;1,000;MESURE
2025-09-16 05:00:00+02:00;5731,000;1,000;MESURE
2025-09-16 06:00:00+02:00;5878,000;1,000;MESURE
2025-09-16 07:00:00+02:00;565,000;1,000;MESURE
2025-09-16 08:00:00+02:00;577,000;1,000;MESURE
2025-09-16 09:00:00+02:00;576,000;1,000;MESURE
2025-09-16 10:00:00+02:00;577,000;1,000;MESURE
2025-09-16 11:00:00+02:00;575,000;1,000;MESURE
2025-09-16 12:00:00+02:00;159,000;1,000;MESURE
2025-09-16 13:00:00+02:00;125,000;1,000;MESURE
2025-09-16 14:00:00+02:00;125,000;1,000;MESURE
2025-09-16 15:00:00+02:00;126,000;1,000;MESURE
2025-09-16 16:00:00+02:00;125,000;1,000;MESURE
2025-09-16 17:00:00+02:00;125,000;1,000;MESURE
2025-09-16 18:00:00+02:00;125,000;1,000;MESURE
2025-09-16 19:00:00+02:00;126,000;1,000;MESURE
2025-09-16 20:00:00+02:00;5550,000;1,000;MESURE
2025-09-16 21:00:00+02:00;5915,000;1,000;MESURE
2025-09-16 22:00:00+02:00;4089,000;1,000;MESURE
2025-09-16 23:00:00+02:00;3640,000;1,000;MESURE
2025-09-17 00:00:00+02:00;3447,000;1,000;MESURE
2025-09-17 01:00:00+02:00;3434,000;1,000;MESURE
2025-09-17 02:00:00+02:00;3428,000;1,000;MESURE
2025-09-17 03:00:00+02:00;3436,000;1,000;MESURE
2025-09-17 04:00:00+02:00;3433,000;1,000;MESURE
2025-09-17 05:00:00+02:00;5756,000;1,000;MESURE
2025-09-17 06:00:00+02:00;5973,000;1,000;MESURE
2025-09-17 07:00:00+02:00;573,000;1,000;MESURE
2025-09-17 08:00:00+02:00;566,000;1,000;MESURE
2025-09-17 09:00:00+02:00;566,000;1,000;MESURE
2025-09-17 10:00:00+02:00;565,000;1,000;MESURE
2025-09-17 11:00:00+02:00;565,000;1,000;MESURE
2025-09-17 12:00:00+02:00;159,000;1,000;MESURE
2025-09-17 13:00:00+02:00;125,000;1,000;MESURE
2025-09-17 14:00:00+02:00;127,000;1,000;MESURE
2025-09-17 15:00:00+02:00;126,000;1,000;MESURE
2025-09-17 16:00:00+02:00;127,000;1,000;MESURE
2025-09-17 17:00:00+02:00;126,000;1,000;MESURE
2025-09-17 18:00:00+02:00;126,000;1,000;MESURE
2025-09-17 19:00:00+02:00;126,000;1,000;MESURE
2025-09-17 20:00:00+02:00;5749,000;1,000;MESURE
2025-09-17 21:00:00+02:00;5906,000;1,000;MESURE
2025-09-17 22:00:00+02:00;4081,000;1,000;MESURE
2025-09-17 23:00:00+02:00;3619,000;1,000;MESURE
2025-09-18 00:00:00+02:00;3444,000;1,000;MESURE
2025-09-18 01:00:00+02:00;3456,000;1,000;MESURE
2025-09-18 02:00:00+02:00;3459,000;1,000;MESURE
2025-09-18 03:00:00+02:00;3441,000;1,000;MESURE
2025-09-18 04:00:00+02:00;3444,000;1,000;MESURE
2025-09-18 05:00:00+02:00;5747,000;1,000;MESURE
2025-09-18 06:00:00+02:00;5972,000;1,000;MESURE
2025-09-18 07:00:00+02:00;769,000;1,000;MESURE
2025-09-18 08:00:00+02:00;564,000;1,000;MESURE
2025-09-18 09:00:00+02:00;569,000;1,000;MESURE
2025-09-18 10:00:00+02:00;570,000;1,000;MESURE
2025-09-18 11:00:00+02:00;565,000;1,000;MESURE
2025-09-18 12:00:00+02:00;158,000;1,000;MESURE
2025-09-18 13:00:00+02:00;125,000;1,000;MESURE
2025-09-18 14:00:00+02:00;125,000;1,000;MESURE
2025-09-18 15:00:00+02:00;125,000;1,000;MESURE
2025-09-18 16:00:00+02:00;125,000;1,000;MESURE
2025-09-18 17:00:00+02:00;125,000;1,000;MESURE
2025-09-18 18:00:00+02:00;125,000;1,000;MESURE
2025-09-18 19:00:00+02:00;290,000;1,000;MESURE
2025-09-18 20:00:00+02:00;5753,000;1,000;MESURE
2025-09-18 21:00:00+02:00;5903,000;1,000;MESURE
2025-09-18 22:00:00+02:00;4083,000;1,000;MESURE
2025-09-18 23:00:00+02:00;3621,000;1,000;MESURE
2025-09-19 00:00:00+02:00;3415,000;1,000;MESURE
2025-09-19 01:00:00+02:00;3422,000;1,000;MESURE
2025-09-19 02:00:00+02:00;3459,000;1,000;MESURE
2025-09-19 03:00:00+02:00;3449,000;1,000;MESURE
2025-09-19 04:00:00+02:00;3442,000;1,000;MESURE
2025-09-19 05:00:00+02:00;5754,000;1,000;MESURE
2025-09-19 06:00:00+02:00;5968,000;1,000;MESURE
2025-09-19 07:00:00+02:00;853,000;1,000;MESURE
2025-09-19 08:00:00+02:00;572,000;1,000;MESURE
2025-09-19 09:00:00+02:00;574,000;1,000;MESURE
2025-09-19 10:00:00+02:00;573,000;1,000;MESURE
2025-09-19 11:00:00+02:00;575,000;1,000;MESURE
2025-09-19 12:00:00+02:00;158,000;1,000;MESURE
2025-09-19 13:00:00+02:00;125,000;1,000;MESURE
2025-09-19 14:00:00+02:00;126,000;1,000;MESURE
2025-09-19 15:00:00+02:00;125,000;1,000;MESURE
2025-09-19 16:00:00+02:00;125,000;1,000;MESURE
2025-09-19 17:00:00+02:00;126,000;1,000;MESURE
2025-09-19 18:00:00+02:00;126,000;1,000;MESURE
2025-09-19 19:00:00+02:00;462,000;1,000;MESURE
2025-09-19 20:00:00+02:00;5791,000;1,000;MESURE
2025-09-19 21:00:00+02:00;5951,000;1,000;MESURE
2025-09-19 22:00:00+02:00;4070,000;1,000;MESURE
2025-09-19 23:00:00+02:00;3610,000;1,000;MESURE
2025-09-20 00:00:00+02:00;3403,000;1,000;MESURE
2025-09-20 01:00:00+02:00;3423,000;1,000;MESURE
2025-09-20 02:00:00+02:00;3419,000;1,000;MESURE
2025-09-20 03:00:00+02:00;3429,000;1,000;MESURE
2025-09-20 04:00:00+02:00;3427,000;1,000;MESURE
2025-09-20 05:00:00+02:00;5729,000;1,000;MESURE
2025-09-20 06:00:00+02:00;5962,000;1,000;MESURE
2025-09-20 07:00:00+02:00;949,000;1,000;MESURE
2025-09-20 08:00:00+02:00;569,000;1,000;MESURE
2025-09-20 09:00:00+02:00;572,000;1,000;MESURE
2025-09-20 10:00:00+02:00;564,000;1,000;MESURE
2025-09-20 11:00:00+02:00;563,000;1,000;MESURE
2025-09-20 12:00:00+02:00;158,000;1,000;MESURE
2025-09-20 13:00:00+02:00;125,000;1,000;MESURE
2025-09-20 14:00:00+02:00;125,000;1,000;MESURE
2025-09-20 15:00:00+02:00;126,000;1,000;MESURE
2025-09-20 16:00:00+02:00;126,000;1,000;MESURE
2025-09-20 17:00:00+02:00;125,000;1,000;MESURE
2025-09-20 18:00:00+02:00;127,000;1,000;MESURE
2025-09-20 19:00:00+02:00;650,000;1,000;MESURE
2025-09-20 20:00:00+02:00;5784,000;1,000;MESURE
2025-09-20 21:00:00+02:00;5914,000;1,000;MESURE
2025-09-20 22:00:00+02:00;4052,000;1,000;MESURE
2025-09-20 23:00:00+02:00;3610,000;1,000;MESURE
2025-09-21 00:00:00+02:00;3432,000;1,000;MESURE
2025-09-21 01:00:00+02:00;3415,000;1,000;MESURE
2025-09-21 02:00:00+02:00;3420,000;1,000;MESURE
2025-09-21 03:00:00+02:00;3425,000;1,000;MESURE
2025-09-21 04:00:00+02:00;3425,000;1,000;MESURE
2025-09-21 05:00:00+02:00;5720,000;1,000;MESURE
2025-09-21 06:00:00+02:00;5958,000;1,000;MESURE
2025-09-21 07:00:00+02:00;1037,000;1,000;MESURE
2025-09-21 08:00:00+02:00;569,000;1,000;MESURE
2025-09-21 09:00:00+02:00;567,000;1,000;MESURE
2025-09-21 10:00:00+02:00;563,000;1,000;MESURE
2025-09-21 11:00:00+02:00;561,000;1,000;MESURE
2025-09-21 12:00:00+02:00;156,000;1,000;MESURE
2025-09-21 13:00:00+02:00;125,000;1,000;MESURE
2025-09-21 14:00:00+02:00;125,000;1,000;MESURE
2025-09-21 15:00:00+02:00;124,000;1,000;MESURE
2025-09-21 16:00:00+02:00;126,000;1,000;MESURE
2025-09-21 17:00:00+02:00;126,000;1,000;MESURE
2025-09-21 18:00:00+02:00;126,000;1,000;MESURE
2025-09-21 19:00:00+02:00;835,000;1,000;MESURE
2025-09-21 20:00:00+02:00;5805,000;1,000;MESURE
2025-09-21 21:00:00+02:00;5915,000;1,000;MESURE
2025-09-21 22:00:00+02:00;4081,000;1,000;MESURE
2025-09-21 23:00:00+02:00;3616,000;1,000;MESURE
2025-09-22 00:00:00+02:00;3425,000;1,000;MESURE
2025-09-22 01:00:00+02:00;3423,000;1,000;MESURE
2025-09-22 02:00:00+02:00;3419,000;1,000;MESURE
2025-09-22 03:00:00+02:00;3458,000;1,000;MESURE
2025-09-22 04:00:00+02:00;3448,000;1,000;MESURE
2025-09-22 05:00:00+02:00;5738,000;1,000;MESURE
2025-09-22 06:00:00+02:00;5987,000;1,000;MESURE
2025-09-22 07:00:00+02:00;1228,000;1,000;MESURE
2025-09-22 08:00:00+02:00;570,000;1,000;MESURE
2025-09-22 09:00:00+02:00;569,000;1,000;MESURE
2025-09-22 10:00:00+02:00;568,000;1,000;MESURE
2025-09-22 11:00:00+02:00;569,000;1,000;MESURE
2025-09-22 12:00:00+02:00;158,000;1,000;MESURE
2025-09-22 13:00:00+02:00;127,000;1,000;MESURE
2025-09-22 14:00:00+02:00;126,000;1,000;MESURE
2025-09-22 15:00:00+02:00;127,000;1,000;MESURE
2025-09-22 16:00:00+02:00;127,000;1,000;MESURE
2025-09-22 17:00:00+02:00;126,000;1,000;MESURE
2025-09-22 18:00:00+02:00;127,000;1,000;MESURE
2025-09-22 19:00:00+02:00;1024,000;1,000;MESURE
2025-09-22 20:00:00+02:00;5798,000;1,000;MESURE
2025-09-22 21:00:00+02:00;5913,000;1,000;MESURE
2025-09-22 22:00:00+02:00;4097,000;1,000;MESURE
2025-09-22 23:00:00+02:00;3628,000;1,000;MESURE
2025-09-23 00:00:00+02:00;3437,000;1,000;MESURE
2025-09-23 01:00:00+02:00;3446,000;1,000;MESURE
2025-09-23 02:00:00+02:00;3445,000;1,000;MESURE
2025-09-23 03:00:00+02:00;3452,000;1,000;MESURE
2025-09-23 04:00:00+02:00;3454,000;1,000;MESURE
2025-09-23 05:00:00+02:00;5750,000;1,000;MESURE
2025-09-23 06:00:00+02:00;5993,000;1,000;MESURE
2025-09-23 07:00:00+02:00;1334,000;1,000;MESURE
2025-09-23 08:00:00+02:00;574,000;1,000;MESURE
2025-09-23 09:00:00+02:00;573,000;1,000;MESURE
2025-09-23 10:00:00+02:00;572,000;1,000;MESURE
2025-09-23 11:00:00+02:00;572,000;1,000;MESURE
2025-09-23 12:00:00+02:00;159,000;1,000;MESURE
2025-09-23 13:00:00+02:00;126,000;1,000;MESURE
2025-09-23 14:00:00+02:00;126,000;1,000;MESURE
2025-09-23 15:00:00+02:00;126,000;1,000;MESURE
2025-09-23 16:00:00+02:00;126,000;1,000;MESURE
2025-09-23 17:00:00+02:00;126,000;1,000;MESURE
2025-09-23 18:00:00+02:00;126,000;1,000;MESURE
2025-09-23 19:00:00+02:00;1208,000;1,000;MESURE
2025-09-23 20:00:00+02:00;5784,000;1,000;MESURE
2025-09-23 21:00:00+02:00;5959,000;1,000;MESURE
2025-09-23 22:00:00+02:00;4093,000;1,000;MESURE
2025-09-23 23:00:00+02:00;3614,000;1,000;MESURE
2025-09-24 00:00:00+02:00;3442,000;1,000;MESURE
2025-09-24 01:00:00+02:00;3455,000;1,000;MESURE
2025-09-24 02:00:00+02:00;3458,000;1,000;MESURE
2025-09-24 03:00:00+02:00;3463,000;1,000;MESURE
2025-09-24 04:00:00+02:00;3465,000;1,000;MESURE
2025-09-24 05:00:00+02:00;5783,000;1,000;MESURE
2025-09-24 06:00:00+02:00;5967,000;1,000;MESURE
2025-09-24 07:00:00+02:00;1422,000;1,000;MESURE
2025-09-24 08:00:00+02:00;565,000;1,000;MESURE
2025-09-24 09:00:00+02:00;565,000;1,000;MESURE
2025-09-24 10:00:00+02:00;565,000;1,000;MESURE
2025-09-24 11:00:00+02:00;564,000;1,000;MESURE
2025-09-24 12:00:00+02:00;158,000;1,000;MESURE
2025-09-24 13:00:00+02:00;125,000;1,000;MESURE
2025-09-24 14:00:00+02:00;126,000;1,000;MESURE
2025-09-24 15:00:00+02:00;126,000;1,000;MESURE
2025-09-24 16:00:00+02:00;125,000;1,000;MESURE
2025-09-24 17:00:00+02:00;125,000;1,000;MESURE
2025-09-24 18:00:00+02:00;125,000;1,000;MESURE
2025-09-24 19:00:00+02:00;1394,000;1,000;MESURE
2025-09-24 20:00:00+02:00;5829,000;1,000;MESURE
2025-09-24 21:00:00+02:00;5928,000;1,000;MESURE
2025-09-24 22:00:00+02:00;4092,000;1,000;MESURE
2025-09-24 23:00:00+02:00;3637,000;1,000;MESURE
2025-09-25 00:00:00+02:00;3429,000;1,000;MESURE
2025-09-25 01:00:00+02:00;3456,000;1,000;MESURE
2025-09-25 02:00:00+02:00;3464,000;1,000;MESURE
2025-09-25 03:00:00+02:00;3436,000;1,000;MESURE
2025-09-25 04:00:00+02:00;3442,000;1,000;MESURE
2025-09-25 05:00:00+02:00;5751,000;1,000;MESURE
2025-09-25 06:00:00+02:00;5977,000;1,000;MESURE
2025-09-25 07:00:00+02:00;1599,000;1,000;MESURE
2025-09-25 08:00:00+02:00;574,000;1,000;MESURE
2025-09-25 09:00:00+02:00;575,000;1,000;MESURE
2025-09-25 10:00:00+02:00;574,000;1,000;MESURE
2025-09-25 11:00:00+02:00;565,000;1,000;MESURE
2025-09-25 12:00:00+02:00;158,000;1,000;MESURE
2025-09-25 13:00:00+02:00;127,000;1,000;MESURE
2025-09-25 14:00:00+02:00;125,000;1,000;MESURE
2025-09-25 15:00:00+02:00;126,000;1,000;MESURE
2025-09-25 16:00:00+02:00;126,000;1,000;MESURE
2025-09-25 17:00:00+02:00;127,000;1,000;MESURE
2025-09-25 18:00:00+02:00;126,000;1,000;MESURE
2025-09-25 19:00:00+02:00;1562,000;1,000;MESURE
2025-09-25 20:00:00+02:00;5816,000;1,000;MESURE
2025-09-25 21:00:00+02:00;5966,000;1,000;MESURE
2025-09-25 22:00:00+02:00;4074,000;1,000;MESURE
2025-09-25 23:00:00+02:00;3607,000;1,000;MESURE
2025-09-26 00:00:00+02:00;3430,000;1,000;MESURE
2025-09-26 01:00:00+02:00;3429,000;1,000;MESURE
2025-09-26 02:00:00+02:00;3436,000;1,000;MESURE
2025-09-26 03:00:00+02:00;3437,000;1,000;MESURE
2025-09-26 04:00:00+02:00;3442,000;1,000;MESURE
2025-09-26 05:00:00+02:00;5757,000;1,000;MESURE
2025-09-26 06:00:00+02:00;5986,000;1,000;MESURE
2025-09-26 07:00:00+02:00;1700,000;1,000;MESURE
2025-09-26 08:00:00+02:00;572,000;1,000;MESURE
2025-09-26 09:00:00+02:00;571,000;1,000;MESURE
2025-09-26 10:00:00+02:00;567,000;1,000;MESURE
2025-09-26 11:00:00+02:00;567,000;1,000;MESURE
2025-09-26 12:00:00+02:00;569,000;1,000;MESURE
2025-09-26 13:00:00+02:00;569,000;1,000;MESURE
2025-09-26 14:00:00+02:00;571,000;1,000;MESURE
2025-09-26 15:00:00+02:00;576,000;1,000;MESURE
2025-09-26 16:00:00+02:00;572,000;1,000;MESURE
2025-09-26 17:00:00+02:00;569,000;1,000;MESURE
2025-09-26 18:00:00+02:00;572,000;1,000;MESURE
2025-09-26 19:00:00+02:00;2219,000;1,000;MESURE
2025-09-26 20:00:00+02:00;6019,000;1,000;MESURE
2025-09-26 21:00:00+02:00;5957,000;1,000;MESURE
2025-09-26 22:00:00+02:00;4072,000;1,000;MESURE
2025-09-26 23:00:00+02:00;3648,000;1,000;MESURE
2025-09-27 00:00:00+02:00;3440,000;1,000;MESURE
2025-09-27 01:00:00+02:00;3437,000;1,000;MESURE
2025-09-27 02:00:00+02:00;3442,000;1,000;MESURE
2025-09-27 03:00:00+02:00;3450,000;1,000;MESURE
2025-09-27 04:00:00+02:00;3447,000;1,000;MESURE
2025-09-27 05:00:00+02:00;5763,000;1,000;MESURE
2025-09-27 06:00:00+02:00;5966,000;1,000;MESURE
2025-09-27 07:00:00+02:00;1794,000;1,000;MESURE
2025-09-27 08:00:00+02:00;569,000;1,000;MESURE
2025-09-27 09:00:00+02:00;576,000;1,000;MESURE
2025-09-27 10:00:00+02:00;574,000;1,000;MESURE
2025-09-27 11:00:00+02:00;574,000;1,000;MESURE
2025-09-27 12:00:00+02:00;574,000;1,000;MESURE
2025-09-27 13:00:00+02:00;571,000;1,000;MESURE
2025-09-27 14:00:00+02:00;564,000;1,000;MESURE
2025-09-27 15:00:00+02:00;565,000;1,000;MESURE
2025-09-27 16:00:00+02:00;567,000;1,000;MESURE
2025-09-27 17:00:00+02:00;566,000;1,000;MESURE
2025-09-27 18:00:00+02:00;565,000;1,000;MESURE
2025-09-27 19:00:00+02:00;2395,000;1,000;MESURE
2025-09-27 20:00:00+02:00;5993,000;1,000;MESURE
2025-09-27 21:00:00+02:00;5913,000;1,000;MESURE
2025-09-27 22:00:00+02:00;4082,000;1,000;MESURE
2025-09-27 23:00:00+02:00;3618,000;1,000;MESURE
2025-09-28 00:00:00+02:00;3427,000;1,000;MESURE
2025-09-28 01:00:00+02:00;3440,000;1,000;MESURE
2025-09-28 02:00:00+02:00;3440,000;1,000;MESURE
2025-09-28 03:00:00+02:00;3432,000;1,000;MESURE
2025-09-28 04:00:00+02:00;3437,000;1,000;MESURE
2025-09-28 05:00:00+02:00;5742,000;1,000;MESURE
2025-09-28 06:00:00+02:00;5964,000;1,000;MESURE
2025-09-28 07:00:00+02:00;1872,000;1,000;MESURE
2025-09-28 08:00:00+02:00;568,000;1,000;MESURE
2025-09-28 09:00:00+02:00;566,000;1,000;MESURE
2025-09-28 10:00:00+02:00;565,000;1,000;MESURE
2025-09-28 11:00:00+02:00;573,000;1,000;MESURE
2025-09-28 12:00:00+02:00;565,000;1,000;MESURE
2025-09-28 13:00:00+02:00;565,000;1,000;MESURE
2025-09-28 14:00:00+02:00;565,000;1,000;MESURE
2025-09-28 15:00:00+02:00;563,000;1,000;MESURE
2025-09-28 16:00:00+02:00;566,000;1,000;MESURE
2025-09-28 17:00:00+02:00;567,000;1,000;MESURE
2025-09-28 18:00:00+02:00;562,000;1,000;MESURE
2025-09-28 19:00:00+02:00;2582,000;1,000;MESURE
2025-09-28 20:00:00+02:00;5977,000;1,000;MESURE
2025-09-28 21:00:00+02:00;5941,000;1,000;MESURE
2025-09-28 22:00:00+02:00;4081,000;1,000;MESURE
2025-09-28 23:00:00+02:00;3624,000;1,000;MESURE
2025-09-29 00:00:00+02:00;3439,000;1,000;MESURE
2025-09-29 01:00:00+02:00;3447,000;1,000;MESURE
2025-09-29 02:00:00+02:00;3445,000;1,000;MESURE
2025-09-29 03:00:00+02:00;3420,000;1,000;MESURE
2025-09-29 04:00:00+02:00;3427,000;1,000;MESURE
2025-09-29 05:00:00+02:00;5741,000;1,000;MESURE
2025-09-29 06:00:00+02:00;5978,000;1,000;MESURE
2025-09-29 07:00:00+02:00;2070,000;1,000;MESURE
2025-09-29 08:00:00+02:00;564,000;1,000;MESURE
2025-09-29 09:00:00+02:00;566,000;1,000;MESURE
2025-09-29 10:00:00+02:00;566,000;1,000;MESURE
2025-09-29 11:00:00+02:00;565,000;1,000;MESURE
2025-09-29 12:00:00+02:00;565,000;1,000;MESURE
2025-09-29 13:00:00+02:00;560,000;1,000;MESURE
2025-09-29 14:00:00+02:00;557,000;1,000;MESURE
2025-09-29 15:00:00+02:00;560,000;1,000;MESURE
2025-09-29 16:00:00+02:00;560,000;1,000;MESURE
2025-09-29 17:00:00+02:00;561,000;1,000;MESURE
2025-09-29 18:00:00+02:00;560,000;1,000;MESURE
2025-09-29 19:00:00+02:00;2765,000;1,000;MESURE
2025-09-29 20:00:00+02:00;5986,000;1,000;MESURE
2025-09-29 21:00:00+02:00;5902,000;1,000;MESURE
2025-09-29 22:00:00+02:00;4067,000;1,000;MESURE
2025-09-29 23:00:00+02:00;3631,000;1,000;MESURE
2025-09-30 00:00:00+02:00;3423,000;1,000;MESURE
2025-09-30 01:00:00+02:00;3264,000;1,000;MESURE
2025-09-30 02:00:00+02:00;2993,000;1,000;MESURE
2025-09-30 03:00:00+02:00;3003,000;1,000;MESURE
2025-09-30 04:00:00+02:00;3007,000;1,000;MESURE
2025-09-30 05:00:00+02:00;5321,000;1,000;MESURE
2025-09-30 06:00:00+02:00;5567,000;1,000;MESURE
2025-09-30 07:00:00+02:00;1729,000;1,000;MESURE
2025-09-30 08:00:00+02:00;126,000;1,000;MESURE
2025-09-30 09:00:00+02:00;128,000;1,000;MESURE
2025-09-30 10:00:00+02:00;565,000;1,000;MESURE
2025-09-30 11:00:00+02:00;562,000;1,000;MESURE
2025-09-30 12:00:00+02:00;562,000;1,000;MESURE
2025-09-30 13:00:00+02:00;566,000;1,000;MESURE
2025-09-30 14:00:00+02:00;566,000;1,000;MESURE
2025-09-30 15:00:00+02:00;560,000;1,000;MESURE
2025-09-30 16:00:00+02:00;557,000;1,000;MESURE
2025-09-30 17:00:00+02:00;551,000;1,000;MESURE
2025-09-30 18:00:00+02:00;558,000;1,000;MESURE
2025-09-30 19:00:00+02:00;2936,000;1,000;MESURE
2025-09-30 20:00:00+02:00;5985,000;1,000;MESURE
2025-09-30 21:00:00+02:00;5958,000;1,000;MESURE
2025-09-30 22:00:00+02:00;4076,000;1,000;MESURE
2025-09-30 23:00:00+02:00;3612,000;1,000;MESURE
2025-10-01 00:00:00+02:00;3438,000;1,000;MESURE
2025-10-01 01:00:00+02:00;3443,000;1,000;MESURE
2025-10-01 02:00:00+02:00;3461,000;1,000;MESURE
2025-10-01 03:00:00+02:00;3428,000;1,000;MESURE
2025-10-01 04:00:00+02:00;3429,000;1,000;MESURE
2025-10-01 05:00:00+02:00;5736,000;1,000;MESURE
2025-10-01 06:00:00+02:00;5963,000;1,000;MESURE
2025-10-01 07:00:00+02:00;2250,000;1,000;MESURE
2025-10-01 08:00:00+02:00;558,000;1,000;MESURE
2025-10-01 09:00:00+02:00;559,000;1,000;MESURE
2025-10-01 10:00:00+02:00;560,000;1,000;MESURE
2025-10-01 11:00:00+02:00;563,000;1,000;MESURE
2025-10-01 12:00:00+02:00;554,000;1,000;MESURE
2025-10-01 13:00:00+02:00;564,000;1,000;MESURE
2025-10-01 14:00:00+02:00;559,000;1,000;MESURE
2025-10-01 15:00:00+02:00;555,000;1,000;MESURE
2025-10-01 16:00:00+02:00;559,000;1,000;MESURE
2025-10-01 17:00:00+02:00;553,000;1,000;MESURE
2025-10-01 18:00:00+02:00;562,000;1,000;MESURE
2025-10-01 19:00:00+02:00;3129,000;1,000;MESURE
2025-10-01 20:00:00+02:00;5994,000;1,000;MESURE
2025-10-01 21:00:00+02:00;5979,000;1,000;MESURE
2025-10-01 22:00:00+02:00;4089,000;1,000;MESURE
2025-10-01 23:00:00+02:00;3629,000;1,000;MESURE
2025-10-02 00:00:00+02:00;3455,000;1,000;MESURE
2025-10-02 01:00:00+02:00;3462,000;1,000;MESURE
2025-10-02 02:00:00+02:00;3463,000;1,000;MESURE
2025-10-02 03:00:00+02:00;3460,000;1,000;MESURE
2025-10-02 04:00:00+02:00;3469,000;1,000;MESURE
2025-10-02 05:00:00+02:00;5787,000;1,000;MESURE
2025-10-02 06:00:00+02:00;5984,000;1,000;MESURE
2025-10-02 07:00:00+02:00;2444,000;1,000;MESURE
2025-10-02 08:00:00+02:00;564,000;1,000;MESURE
2025-10-02 09:00:00+02:00;563,000;1,000;MESURE
2025-10-02 10:00:00+02:00;562,000;1,000;MESURE
2025-10-02 11:00:00+02:00;562,000;1,000;MESURE
2025-10-02 12:00:00+02:00;561,000;1,000;MESURE
2025-10-02 13:00:00+02:00;560,000;1,000;MESURE
2025-10-02 14:00:00+02:00;562,000;1,000;MESURE
2025-10-02 15:00:00+02:00;560,000;1,000;MESURE
2025-10-02 16:00:00+02:00;555,000;1,000;MESURE
2025-10-02 17:00:00+02:00;554,000;1,000;MESURE
2025-10-02 18:00:00+02:00;562,000;1,000;MESURE
2025-10-02 19:00:00+02:00;3318,000;1,000;MESURE
2025-10-02 20:00:00+02:00;6013,000;1,000;MESURE
2025-10-02 21:00:00+02:00;5979,000;1,000;MESURE
2025-10-02 22:00:00+02:00;4096,000;1,000;MESURE
2025-10-02 23:00:00+02:00;3624,000;1,000;MESURE
2025-10-03 00:00:00+02:00;3452,000;1,000;MESURE
2025-10-03 01:00:00+02:00;3461,000;1,000;MESURE
2025-10-03 02:00:00+02:00;3464,000;1,000;MESURE
2025-10-03 03:00:00+02:00;3464,000;1,000;MESURE
2025-10-03 04:00:00+02:00;3469,000;1,000;MESURE
2025-10-03 05:00:00+02:00;5778,000;1,000;MESURE
2025-10-03 06:00:00+02:00;5995,000;1,000;MESURE
2025-10-03 07:00:00+02:00;2530,000;1,000;MESURE
2025-10-03 08:00:00+02:00;563,000;1,000;MESURE
2025-10-03 09:00:00+02:00;562,000;1,000;MESURE
2025-10-03 10:00:00+02:00;560,000;1,000;MESURE
2025-10-03 11:00:00+02:00;559,000;1,000;MESURE
2025-10-03 12:00:00+02:00;558,000;1,000;MESURE
2025-10-03 13:00:00+02:00;561,000;1,000;MESURE
2025-10-03 14:00:00+02:00;562,000;1,000;MESURE
2025-10-03 15:00:00+02:00;558,000;1,000;MESURE
2025-10-03 16:00:00+02:00;558,000;1,000;MESURE
2025-10-03 17:00:00+02:00;564,000;1,000;MESURE
2025-10-03 18:00:00+02:00;562,000;1,000;MESURE
2025-10-03 19:00:00+02:00;3488,000;1,000;MESURE
2025-10-03 20:00:00+02:00;5981,000;1,000;MESURE
2025-10-03 21:00:00+02:00;5956,000;1,000;MESURE
2025-10-03 22:00:00+02:00;4082,000;1,000;MESURE
2025-10-03 23:00:00+02:00;3606,000;1,000;MESURE
2025-10-04 00:00:00+02:00;3439,000;1,000;MESURE
2025-10-04 01:00:00+02:00;3421,000;1,000;MESURE
2025-10-04 02:00:00+02:00;3422,000;1,000;MESURE
2025-10-04 03:00:00+02:00;3430,000;1,000;MESURE
2025-10-04 04:00:00+02:00;3447,000;1,000;MESURE
2025-10-04 05:00:00+02:00;5745,000;1,000;MESURE
2025-10-04 06:00:00+02:00;5971,000;1,000;MESURE
2025-10-04 07:00:00+02:00;2625,000;1,000;MESURE
2025-10-04 08:00:00+02:00;563,000;1,000;MESURE
2025-10-04 09:00:00+02:00;564,000;1,000;MESURE
2025-10-04 10:00:00+02:00;563,000;1,000;MESURE
2025-10-04 11:00:00+02:00;561,000;1,000;MESURE
2025-10-04 12:00:00+02:00;551,000;1,000;MESURE
2025-10-04 13:00:00+02:00;551,000;1,000;MESURE
2025-10-04 14:00:00+02:00;558,000;1,000;MESURE
2025-10-04 15:00:00+02:00;560,000;1,000;MESURE
2025-10-04 16:00:00+02:00;561,000;1,000;MESURE
2025-10-04 17:00:00+02:00;562,000;1,000;MESURE
2025-10-04 18:00:00+02:00;563,000;1,000;MESURE
2025-10-04 19:00:00+02:00;3689,000;1,000;MESURE
2025-10-04 20:00:00+02:00;5992,000;1,000;MESURE
2025-10-04 21:00:00+02:00;5895,000;1,000;MESURE
2025-10-04 22:00:00+02:00;4073,000;1,000;MESURE
2025-10-04 23:00:00+02:00;3616,000;1,000;MESURE
2025-10-05 00:00:00+02:00;3427,000;1,000;MESURE
2025-10-05 01:00:00+02:00;3451,000;1,000;MESURE
2025-10-05 02:00:00+02:00;3464,000;1,000;MESURE
2025-10-05 03:00:00+02:00;3430,000;1,000;MESURE
2025-10-05 04:00:00+02:00;3436,000;1,000;MESURE
2025-10-05 05:00:00+02:00;5744,000;1,000;MESURE
2025-10-05 06:00:00+02:00;6006,000;1,000;MESURE
2025-10-05 07:00:00+02:00;2725,000;1,000;MESURE
2025-10-05 08:00:00+02:00;564,000;1,000;MESURE
2025-10-05 09:00:00+02:00;477,000;1,000;MESURE
2025-10-05 10:00:00+02:00;127,000;1,000;MESURE
2025-10-05 11:00:00+02:00;125,000;1,000;MESURE
2025-10-05 12:00:00+02:00;126,000;1,000;MESURE
2025-10-05 13:00:00+02:00;126,000;1,000;MESURE
2025-10-05 14:00:00+02:00;126,000;1,000;MESURE
2025-10-05 15:00:00+02:00;126,000;1,000;MESURE
2025-10-05 16:00:00+02:00;126,000;1,000;MESURE
2025-10-05 17:00:00+02:00;126,000;1,000;MESURE
2025-10-05 18:00:00+02:00;126,000;1,000;MESURE
2025-10-05 19:00:00+02:00;3447,000;1,000;MESURE
2025-10-05 20:00:00+02:00;5521,000;1,000;MESURE
2025-10-05 21:00:00+02:00;5491,000;1,000;MESURE
2025-10-05 22:00:00+02:00;3662,000;1,000;MESURE
2025-10-05 23:00:00+02:00;3196,000;1,000;MESURE
2025-10-06 00:00:00+02:00;3010,000;1,000;MESURE
2025-10-06 01:00:00+02:00;3017,000;1,000;MESURE
2025-10-06 02:00:00+02:00;3019,000;1,000;MESURE
2025-10-06 03:00:00+02:00;3030,000;1,000;MESURE
2025-10-06 04:00:00+02:00;3028,000;1,000;MESURE
2025-10-06 05:00:00+02:00;5334,000;1,000;MESURE
2025-10-06 06:00:00+02:00;5527,000;1,000;MESURE
2025-10-06 07:00:00+02:00;2492,000;1,000;MESURE
2025-10-06 08:00:00+02:00;127,000;1,000;MESURE
2025-10-06 09:00:00+02:00;126,000;1,000;MESURE
2025-10-06 10:00:00+02:00;125,000;1,000;MESURE
2025-10-06 11:00:00+02:00;126,000;1,000;MESURE
2025-10-06 12:00:00+02:00;126,000;1,000;MESURE
2025-10-06 13:00:00+02:00;125,000;1,000;MESURE
2025-10-06 14:00:00+02:00;126,000;1,000;MESURE
2025-10-06 15:00:00+02:00;126,000;1,000;MESURE
2025-10-06 16:00:00+02:00;126,000;1,000;MESURE
2025-10-06 17:00:00+02:00;126,000;1,000;MESURE
2025-10-06 18:00:00+02:00;126,000;1,000;MESURE
2025-10-06 19:00:00+02:00;3619,000;1,000;MESURE
2025-10-06 20:00:00+02:00;5563,000;1,000;MESURE
2025-10-06 21:00:00+02:00;5540,000;1,000;MESURE
2025-10-06 22:00:00+02:00;3635,000;1,000;MESURE
2025-10-06 23:00:00+02:00;3196,000;1,000;MESURE
2025-10-07 00:00:00+02:00;3022,000;1,000;MESURE
2025-10-07 01:00:00+02:00;3025,000;1,000;MESURE
2025-10-07 02:00:00+02:00;3025,000;1,000;MESURE
2025-10-07 03:00:00+02:00;3032,000;1,000;MESURE
2025-10-07 04:00:00+02:00;3026,000;1,000;MESURE
2025-10-07 05:00:00+02:00;5335,000;1,000;MESURE
2025-10-07 06:00:00+02:00;5536,000;1,000;MESURE
2025-10-07 07:00:00+02:00;2560,000;1,000;MESURE
2025-10-07 08:00:00+02:00;126,000;1,000;MESURE
2025-10-07 09:00:00+02:00;126,000;1,000;MESURE
2025-10-07 10:00:00+02:00;125,000;1,000;MESURE
2025-10-07 11:00:00+02:00;126,000;1,000;MESURE
2025-10-07 12:00:00+02:00;125,000;1,000;MESURE
2025-10-07 13:00:00+02:00;126,000;1,000;MESURE
2025-10-07 14:00:00+02:00;126,000;1,000;MESURE
2025-10-07 15:00:00+02:00;125,000;1,000;MESURE
2025-10-07 16:00:00+02:00;126,000;1,000;MESURE
2025-10-07 17:00:00+02:00;126,000;1,000;MESURE
2025-10-07 18:00:00+02:00;126,000;1,000;MESURE
2025-10-07 19:00:00+02:00;3792,000;1,000;MESURE
2025-10-07 20:00:00+02:00;5558,000;1,000;MESURE
2025-10-07 21:00:00+02:00;5534,000;1,000;MESURE
2025-10-07 22:00:00+02:00;3643,000;1,000;MESURE
2025-10-07 23:00:00+02:00;3335,000;1,000;MESURE
2025-10-08 00:00:00+02:00;3455,000;1,000;MESURE
2025-10-08 01:00:00+02:00;3459,000;1,000;MESURE
2025-10-08 02:00:00+02:00;3469,000;1,000;MESURE
2025-10-08 03:00:00+02:00;3477,000;1,000;MESURE
2025-10-08 04:00:00+02:00;3466,000;1,000;MESURE
2025-10-08 05:00:00+02:00;5784,000;1,000;MESURE
2025-10-08 06:00:00+02:00;5961,000;1,000;MESURE
2025-10-08 07:00:00+02:00;3090,000;1,000;MESURE
2025-10-08 08:00:00+02:00;565,000;1,000;MESURE
2025-10-08 09:00:00+02:00;566,000;1,000;MESURE
2025-10-08 10:00:00+02:00;562,000;1,000;MESURE
2025-10-08 11:00:00+02:00;564,000;1,000;MESURE
2025-10-08 12:00:00+02:00;565,000;1,000;MESURE
2025-10-08 13:00:00+02:00;566,000;1,000;MESURE
2025-10-08 14:00:00+02:00;566,000;1,000;MESURE
2025-10-08 15:00:00+02:00;571,000;1,000;MESURE
2025-10-08 16:00:00+02:00;571,000;1,000;MESURE
2025-10-08 17:00:00+02:00;568,000;1,000;MESURE
2025-10-08 18:00:00+02:00;560,000;1,000;MESURE
2025-10-08 19:00:00+02:00;4314,000;1,000;MESURE
2025-10-08 20:00:00+02:00;5982,000;1,000;MESURE
2025-10-08 21:00:00+02:00;5961,000;1,000;MESURE
2025-10-08 22:00:00+02:00;4084,000;1,000;MESURE
2025-10-08 23:00:00+02:00;3626,000;1,000;MESURE
2025-10-09 00:00:00+02:00;3454,000;1,000;MESURE
2025-10-09 01:00:00+02:00;3437,000;1,000;MESURE
2025-10-09 02:00:00+02:00;3434,000;1,000;MESURE
2025-10-09 03:00:00+02:00;3426,000;1,000;MESURE
2025-10-09 04:00:00+02:00;3443,000;1,000;MESURE
2025-10-09 05:00:00+02:00;5767,000;1,000;MESURE
2025-10-09 06:00:00+02:00;5966,000;1,000;MESURE
2025-10-09 07:00:00+02:00;3268,000;1,000;MESURE
2025-10-09 08:00:00+02:00;561,000;1,000;MESURE
2025-10-09 09:00:00+02:00;560,000;1,000;MESURE
2025-10-09 10:00:00+02:00;561,000;1,000;MESURE
2025-10-09 11:00:00+02:00;562,000;1,000;MESURE
2025-10-09 12:00:00+02:00;573,000;1,000;MESURE
2025-10-09 13:00:00+02:00;565,000;1,000;MESURE
2025-10-09 14:00:00+02:00;567,000;1,000;MESURE
2025-10-09 15:00:00+02:00;569,000;1,000;MESURE
2025-10-09 16:00:00+02:00;571,000;1,000;MESURE
2025-10-09 17:00:00+02:00;567,000;1,000;MESURE
2025-10-09 18:00:00+02:00;562,000;1,000;MESURE
2025-10-09 19:00:00+02:00;4496,000;1,000;MESURE
2025-10-09 20:00:00+02:00;5972,000;1,000;MESURE
2025-10-09 21:00:00+02:00;5953,000;1,000;MESURE
2025-10-09 22:00:00+02:00;4083,000;1,000;MESURE
2025-10-09 23:00:00+02:00;3619,000;1,000;MESURE
2025-10-10 00:00:00+02:00;3420,000;1,000;MESURE
2025-10-10 01:00:00+02:00;3443,000;1,000;MESURE
2025-10-10 02:00:00+02:00;3427,000;1,000;MESURE
2025-10-10 03:00:00+02:00;3435,000;1,000;MESURE
2025-10-10 04:00:00+02:00;3426,000;1,000;MESURE
2025-10-10 05:00:00+02:00;5745,000;1,000;MESURE
2025-10-10 06:00:00+02:00;5959,000;1,000;MESURE
2025-10-10 07:00:00+02:00;3378,000;1,000;MESURE
2025-10-10 08:00:00+02:00;566,000;1,000;MESURE
2025-10-10 09:00:00+02:00;565,000;1,000;MESURE
2025-10-10 10:00:00+02:00;567,000;1,000;MESURE
2025-10-10 11:00:00+02:00;567,000;1,000;MESURE
2025-10-10 12:00:00+02:00;565,000;1,000;MESURE
2025-10-10 13:00:00+02:00;566,000;1,000;MESURE
2025-10-10 14:00:00+02:00;567,000;1,000;MESURE
2025-10-10 15:00:00+02:00;571,000;1,000;MESURE
2025-10-10 16:00:00+02:00;570,000;1,000;MESURE
2025-10-10 17:00:00+02:00;565,000;1,000;MESURE
2025-10-10 18:00:00+02:00;565,000;1,000;MESURE
2025-10-10 19:00:00+02:00;4718,000;1,000;MESURE
2025-10-10 20:00:00+02:00;6002,000;1,000;MESURE
2025-10-10 21:00:00+02:00;5964,000;1,000;MESURE
2025-10-10 22:00:00+02:00;4082,000;1,000;MESURE
2025-10-10 23:00:00+02:00;3604,000;1,000;MESURE
2025-10-11 00:00:00+02:00;3420,000;1,000;MESURE
2025-10-11 01:00:00+02:00;3426,000;1,000;MESURE
2025-10-11 02:00:00+02:00;3432,000;1,000;MESURE
2025-10-11 03:00:00+02:00;3425,000;1,000;MESURE
2025-10-11 04:00:00+02:00;3432,000;1,000;MESURE
2025-10-11 05:00:00+02:00;5734,000;1,000;MESURE
2025-10-11 06:00:00+02:00;5955,000;1,000;MESURE
2025-10-11 07:00:00+02:00;3435,000;1,000;MESURE
2025-10-11 08:00:00+02:00;570,000;1,000;MESURE
2025-10-11 09:00:00+02:00;565,000;1,000;MESURE
2025-10-11 10:00:00+02:00;564,000;1,000;MESURE
2025-10-11 11:00:00+02:00;567,000;1,000;MESURE
2025-10-11 12:00:00+02:00;561,000;1,000;MESURE
2025-10-11 13:00:00+02:00;564,000;1,000;MESURE
2025-10-11 14:00:00+02:00;564,000;1,000;MESURE
2025-10-11 15:00:00+02:00;568,000;1,000;MESURE
2025-10-11 16:00:00+02:00;566,000;1,000;MESURE
2025-10-11 17:00:00+02:00;573,000;1,000;MESURE
2025-10-11 18:00:00+02:00;580,000;1,000;MESURE
2025-10-11 19:00:00+02:00;4895,000;1,000;MESURE
2025-10-11 20:00:00+02:00;5992,000;1,000;MESURE
2025-10-11 21:00:00+02:00;5973,000;1,000;MESURE
2025-10-11 22:00:00+02:00;4088,000;1,000;MESURE
2025-10-11 23:00:00+02:00;3620,000;1,000;MESURE
2025-10-12 00:00:00+02:00;3450,000;1,000;MESURE
2025-10-12 01:00:00+02:00;3431,000;1,000;MESURE
2025-10-12 02:00:00+02:00;3478,000;1,000;MESURE
2025-10-12 03:00:00+02:00;3456,000;1,000;MESURE
2025-10-12 04:00:00+02:00;3465,000;1,000;MESURE
2025-10-12 05:00:00+02:00;5768,000;1,000;MESURE
2025-10-12 06:00:00+02:00;5951,000;1,000;MESURE
2025-10-12 07:00:00+02:00;3648,000;1,000;MESURE
2025-10-12 08:00:00+02:00;569,000;1,000;MESURE
2025-10-12 09:00:00+02:00;571,000;1,000;MESURE
2025-10-12 10:00:00+02:00;567,000;1,000;MESURE
2025-10-12 11:00:00+02:00;566,000;1,000;MESURE
2025-10-12 12:00:00+02:00;565,000;1,000;MESURE
2025-10-12 13:00:00+02:00;574,000;1,000;MESURE
2025-10-12 14:00:00+02:00;570,000;1,000;MESURE
2025-10-12 15:00:00+02:00;567,000;1,000;MESURE
2025-10-12 16:00:00+02:00;564,000;1,000;MESURE
2025-10-12 17:00:00+02:00;580,000;1,000;MESURE
2025-10-12 18:00:00+02:00;571,000;1,000;MESURE
2025-10-12 19:00:00+02:00;5069,000;1,000;MESURE
2025-10-12 20:00:00+02:00;5977,000;1,000;MESURE
2025-10-12 21:00:00+02:00;5968,000;1,000;MESURE
2025-10-12 22:00:00+02:00;4076,000;1,000;MESURE
2025-10-12 23:00:00+02:00;3611,000;1,000;MESURE
2025-10-13 00:00:00+02:00;3450,000;1,000;MESURE
2025-10-13 01:00:00+02:00;3461,000;1,000;MESURE
2025-10-13 02:00:00+02:00;3461,000;1,000;MESURE
2025-10-13 03:00:00+02:00;3461,000;1,000;MESURE
2025-10-13 04:00:00+02:00;3451,000;1,000;MESURE
2025-10-13 05:00:00+02:00;5757,000;1,000;MESURE
2025-10-13 06:00:00+02:00;5957,000;1,000;MESURE
2025-10-13 07:00:00+02:00;3742,000;1,000;MESURE
2025-10-13 08:00:00+02:00;571,000;1,000;MESURE
2025-10-13 09:00:00+02:00;569,000;1,000;MESURE
2025-10-13 10:00:00+02:00;569,000;1,000;MESURE
2025-10-13 11:00:00+02:00;570,000;1,000;MESURE
2025-10-13 12:00:00+02:00;571,000;1,000;MESURE
2025-10-13 13:00:00+02:00;573,000;1,000;MESURE
2025-10-13 14:00:00+02:00;572,000;1,000;MESURE
2025-10-13 15:00:00+02:00;574,000;1,000;MESURE
2025-10-13 16:00:00+02:00;575,000;1,000;MESURE
2025-10-13 17:00:00+02:00;573,000;1,000;MESURE
2025-10-13 18:00:00+02:00;571,000;1,000;MESURE
2025-10-13 19:00:00+02:00;5248,000;1,000;MESURE
2025-10-13 20:00:00+02:00;5989,000;1,000;MESURE
2025-10-13 21:00:00+02:00;5971,000;1,000;MESURE
2025-10-13 22:00:00+02:00;4083,000;1,000;MESURE
2025-10-13 23:00:00+02:00;3617,000;1,000;MESURE
2025-10-14 00:00:00+02:00;3444,000;1,000;MESURE
2025-10-14 01:00:00+02:00;3452,000;1,000;MESURE
2025-10-14 02:00:00+02:00;3459,000;1,000;MESURE
2025-10-14 03:00:00+02:00;3463,000;1,000;MESURE
2025-10-14 04:00:00+02:00;3467,000;1,000;MESURE
2025-10-14 05:00:00+02:00;5750,000;1,000;MESURE
2025-10-14 06:00:00+02:00;5947,000;1,000;MESURE
2025-10-14 07:00:00+02:00;3829,000;1,000;MESURE
2025-10-14 08:00:00+02:00;573,000;1,000;MESURE
2025-10-14 09:00:00+02:00;574,000;1,000;MESURE
2025-10-14 10:00:00+02:00;572,000;1,000;MESURE
2025-10-14 11:00:00+02:00;571,000;1,000;MESURE
2025-10-14 12:00:00+02:00;573,000;1,000;MESURE
2025-10-14 13:00:00+02:00;573,000;1,000;MESURE
2025-10-14 14:00:00+02:00;574,000;1,000;MESURE
2025-10-14 15:00:00+02:00;575,000;1,000;MESURE
2025-10-14 16:00:00+02:00;578,000;1,000;MESURE
2025-10-14 17:00:00+02:00;574,000;1,000;MESURE
2025-10-14 18:00:00+02:00;571,000;1,000;MESURE
2025-10-14 19:00:00+02:00;5343,000;1,000;MESURE
2025-10-14 20:00:00+02:00;5987,000;1,000;MESURE
2025-10-14 21:00:00+02:00;5976,000;1,000;MESURE
2025-10-14 22:00:00+02:00;4099,000;1,000;MESURE
2025-10-14 23:00:00+02:00;3629,000;1,000;MESURE
2025-10-15 00:00:00+02:00;3457,000;1,000;MESURE
2025-10-15 01:00:00+02:00;3473,000;1,000;MESURE
2025-10-15 02:00:00+02:00;3477,000;1,000;MESURE
2025-10-15 03:00:00+02:00;3472,000;1,000;MESURE
2025-10-15 04:00:00+02:00;3473,000;1,000;MESURE
2025-10-15 05:00:00+02:00;5771,000;1,000;MESURE
2025-10-15 06:00:00+02:00;5973,000;1,000;MESURE
2025-10-15 07:00:00+02:00;4019,000;1,000;MESURE
2025-10-15 08:00:00+02:00;582,000;1,000;MESURE
2025-10-15 09:00:00+02:00;583,000;1,000;MESURE
2025-10-15 10:00:00+02:00;586,000;1,000;MESURE
2025-10-15 11:00:00+02:00;584,000;1,000;MESURE
2025-10-15 12:00:00+02:00;588,000;1,000;MESURE
2025-10-15 13:00:00+02:00;584,000;1,000;MESURE
2025-10-15 14:00:00+02:00;587,000;1,000;MESURE
2025-10-15 15:00:00+02:00;588,000;1,000;MESURE
2025-10-15 16:00:00+02:00;589,000;1,000;MESURE
2025-10-15 17:00:00+02:00;590,000;1,000;MESURE
2025-10-15 18:00:00+02:00;587,000;1,000;MESURE
2025-10-15 19:00:00+02:00;5560,000;1,000;MESURE
2025-10-15 20:00:00+02:00;6002,000;1,000;MESURE
2025-10-15 21:00:00+02:00;5981,000;1,000;MESURE
2025-10-15 22:00:00+02:00;4107,000;1,000;MESURE
2025-10-15 23:00:00+02:00;3641,000;1,000;MESURE
2025-10-16 00:00:00+02:00;3471,000;1,000;MESURE
2025-10-16 01:00:00+02:00;3473,000;1,000;MESURE
2025-10-16 02:00:00+02:00;3471,000;1,000;MESURE
2025-10-16 03:00:00+02:00;3481,000;1,000;MESURE
2025-10-16 04:00:00+02:00;3482,000;1,000;MESURE
2025-10-16 05:00:00+02:00;5775,000;1,000;MESURE
2025-10-16 06:00:00+02:00;5968,000;1,000;MESURE
2025-10-16 07:00:00+02:00;4121,000;1,000;MESURE
2025-10-16 08:00:00+02:00;589,000;1,000;MESURE
2025-10-16 09:00:00+02:00;589,000;1,000;MESURE
2025-10-16 10:00:00+02:00;588,000;1,000;MESURE
2025-10-16 11:00:00+02:00;591,000;1,000;MESURE
2025-10-16 12:00:00+02:00;595,000;1,000;MESURE
2025-10-16 13:00:00+02:00;595,000;1,000;MESURE
2025-10-16 14:00:00+02:00;597,000;1,000;MESURE
2025-10-16 15:00:00+02:00;594,000;1,000;MESURE
2025-10-16 16:00:00+02:00;588,000;1,000;MESURE
2025-10-16 17:00:00+02:00;591,000;1,000;MESURE
2025-10-16 18:00:00+02:00;592,000;1,000;MESURE
2025-10-16 19:00:00+02:00;5748,000;1,000;MESURE
2025-10-16 20:00:00+02:00;6022,000;1,000;MESURE
2025-10-16 21:00:00+02:00;6011,000;1,000;MESURE
2025-10-16 22:00:00+02:00;4115,000;1,000;MESURE
2025-10-16 23:00:00+02:00;3653,000;1,000;MESURE
2025-10-17 00:00:00+02:00;3462,000;1,000;MESURE
2025-10-17 01:00:00+02:00;3452,000;1,000;MESURE
2025-10-17 02:00:00+02:00;3451,000;1,000;MESURE
2025-10-17 03:00:00+02:00;3462,000;1,000;MESURE
2025-10-17 04:00:00+02:00;3459,000;1,000;MESURE
2025-10-17 05:00:00+02:00;5767,000;1,000;MESURE
2025-10-17 06:00:00+02:00;6006,000;1,000;MESURE
2025-10-17 07:00:00+02:00;4230,000;1,000;MESURE
2025-10-17 08:00:00+02:00;598,000;1,000;MESURE
2025-10-17 09:00:00+02:00;597,000;1,000;MESURE
2025-10-17 10:00:00+02:00;599,000;1,000;MESURE
2025-10-17 11:00:00+02:00;598,000;1,000;MESURE
2025-10-17 12:00:00+02:00;597,000;1,000;MESURE
2025-10-17 13:00:00+02:00;598,000;1,000;MESURE
2025-10-17 14:00:00+02:00;601,000;1,000;MESURE
2025-10-17 15:00:00+02:00;594,000;1,000;MESURE
2025-10-17 16:00:00+02:00;592,000;1,000;MESURE
2025-10-17 17:00:00+02:00;603,000;1,000;MESURE
2025-10-17 18:00:00+02:00;612,000;1,000;MESURE
2025-10-17 19:00:00+02:00;5972,000;1,000;MESURE
2025-10-17 20:00:00+02:00;6031,000;1,000;MESURE
2025-10-17 21:00:00+02:00;5954,000;1,000;MESURE
2025-10-17 22:00:00+02:00;4132,000;1,000;MESURE
2025-10-17 23:00:00+02:00;3664,000;1,000;MESURE
2025-10-18 00:00:00+02:00;3452,000;1,000;MESURE
2025-10-18 01:00:00+02:00;3443,000;1,000;MESURE
2025-10-18 02:00:00+02:00;3460,000;1,000;MESURE
2025-10-18 03:00:00+02:00;3474,000;1,000;MESURE
2025-10-18 04:00:00+02:00;3483,000;1,000;MESURE
2025-10-18 05:00:00+02:00;5774,000;1,000;MESURE
2025-10-18 06:00:00+02:00;6017,000;1,000;MESURE
2025-10-18 07:00:00+02:00;4388,000;1,000;MESURE
2025-10-18 08:00:00+02:00;590,000;1,000;MESURE
2025-10-18 09:00:00+02:00;589,000;1,000;MESURE
2025-10-18 10:00:00+02:00;589,000;1,000;MESURE
2025-10-18 11:00:00+02:00;589,000;1,000;MESURE
2025-10-18 12:00:00+02:00;588,000;1,000;MESURE
2025-10-18 13:00:00+02:00;589,000;1,000;MESURE
2025-10-18 14:00:00+02:00;580,000;1,000;MESURE
2025-10-18 15:00:00+02:00;578,000;1,000;MESURE
2025-10-18 16:00:00+02:00;579,000;1,000;MESURE
2025-10-18 17:00:00+02:00;586,000;1,000;MESURE
2025-10-18 18:00:00+02:00;586,000;1,000;MESURE
2025-10-18 19:00:00+02:00;6013,000;1,000;MESURE
2025-10-18 20:00:00+02:00;6019,000;1,000;MESURE
2025-10-18 21:00:00+02:00;6004,000;1,000;MESURE
2025-10-18 22:00:00+02:00;4118,000;1,000;MESURE
2025-10-18 23:00:00+02:00;3653,000;1,000;MESURE
2025-10-19 00:00:00+02:00;3477,000;1,000;MESURE
2025-10-19 01:00:00+02:00;3456,000;1,000;MESURE
2025-10-19 02:00:00+02:00;3484,000;1,000;MESURE
2025-10-19 03:00:00+02:00;3477,000;1,000;MESURE
2025-10-19 04:00:00+02:00;3493,000;1,000;MESURE
2025-10-19 05:00:00+02:00;5809,000;1,000;MESURE
2025-10-19 06:00:00+02:00;6037,000;1,000;MESURE
2025-10-19 07:00:00+02:00;4515,000;1,000;MESURE
2025-10-19 08:00:00+02:00;590,000;1,000;MESURE
2025-10-19 09:00:00+02:00;583,000;1,000;MESURE
2025-10-19 10:00:00+02:00;588,000;1,000;MESURE
2025-10-19 11:00:00+02:00;583,000;1,000;MESURE
2025-10-19 12:00:00+02:00;581,000;1,000;MESURE
2025-10-19 13:00:00+02:00;582,000;1,000;MESURE
2025-10-19 14:00:00+02:00;582,000;1,000;MESURE
2025-10-19 15:00:00+02:00;587,000;1,000;MESURE
2025-10-19 16:00:00+02:00;592,000;1,000;MESURE
2025-10-19 17:00:00+02:00;588,000;1,000;MESURE
2025-10-19 18:00:00+02:00;657,000;1,000;MESURE
2025-10-19 19:00:00+02:00;6131,000;1,000;MESURE
2025-10-19 20:00:00+02:00;6000,000;1,000;MESURE
2025-10-19 21:00:00+02:00;5985,000;1,000;MESURE
2025-10-19 22:00:00+02:00;4104,000;1,000;MESURE
2025-10-19 23:00:00+02:00;3638,000;1,000;MESURE
2025-10-20 00:00:00+02:00;3461,000;1,000;MESURE
2025-10-20 01:00:00+02:00;3471,000;1,000;MESURE
2025-10-20 02:00:00+02:00;3472,000;1,000;MESURE
2025-10-20 03:00:00+02:00;3453,000;1,000;MESURE
2025-10-20 04:00:00+02:00;3447,000;1,000;MESURE
2025-10-20 05:00:00+02:00;5767,000;1,000;MESURE
2025-10-20 06:00:00+02:00;6017,000;1,000;MESURE
2025-10-20 07:00:00+02:00;4586,000;1,000;MESURE
2025-10-20 08:00:00+02:00;594,000;1,000;MESURE
2025-10-20 09:00:00+02:00;588,000;1,000;MESURE
2025-10-20 10:00:00+02:00;587,000;1,000;MESURE
2025-10-20 11:00:00+02:00;582,000;1,000;MESURE
2025-10-20 12:00:00+02:00;581,000;1,000;MESURE
2025-10-20 13:00:00+02:00;584,000;1,000;MESURE
2025-10-20 14:00:00+02:00;583,000;1,000;MESURE
2025-10-20 15:00:00+02:00;586,000;1,000;MESURE
2025-10-20 16:00:00+02:00;589,000;1,000;MESURE
2025-10-20 17:00:00+02:00;586,000;1,000;MESURE
2025-10-20 18:00:00+02:00;827,000;1,000;MESURE
2025-10-20 19:00:00+02:00;6152,000;1,000;MESURE
2025-10-20 20:00:00+02:00;6022,000;1,000;MESURE
2025-10-20 21:00:00+02:00;5994,000;1,000;MESURE
2025-10-20 22:00:00+02:00;4113,000;1,000;MESURE
2025-10-20 23:00:00+02:00;3639,000;1,000;MESURE
2025-10-21 00:00:00+02:00;3469,000;1,000;MESURE
2025-10-21 01:00:00+02:00;3477,000;1,000;MESURE
2025-10-21 02:00:00+02:00;3474,000;1,000;MESURE
2025-10-21 03:00:00+02:00;3485,000;1,000;MESURE
2025-10-21 04:00:00+02:00;3488,000;1,000;MESURE
2025-10-21 05:00:00+02:00;5790,000;1,000;MESURE
2025-10-21 06:00:00+02:00;5980,000;1,000;MESURE
2025-10-21 07:00:00+02:00;4789,000;1,000;MESURE
2025-10-21 08:00:00+02:00;590,000;1,000;MESURE
2025-10-21 09:00:00+02:00;589,000;1,000;MESURE
2025-10-21 10:00:00+02:00;589,000;1,000;MESURE
2025-10-21 11:00:00+02:00;590,000;1,000;MESURE
2025-10-21 12:00:00+02:00;590,000;1,000;MESURE
2025-10-21 13:00:00+02:00;590,000;1,000;MESURE
2025-10-21 14:00:00+02:00;591,000;1,000;MESURE
2025-10-21 15:00:00+02:00;587,000;1,000;MESURE
2025-10-21 16:00:00+02:00;583,000;1,000;MESURE
2025-10-21 17:00:00+02:00;580,000;1,000;MESURE
2025-10-21 18:00:00+02:00;1023,000;1,000;MESURE
2025-10-21 19:00:00+02:00;6152,000;1,000;MESURE
2025-10-21 20:00:00+02:00;6014,000;1,000;MESURE
2025-10-21 21:00:00+02:00;5997,000;1,000;MESURE
2025-10-21 22:00:00+02:00;4106,000;1,000;MESURE
2025-10-21 23:00:00+02:00;3647,000;1,000;MESURE
2025-10-22 00:00:00+02:00;3469,000;1,000;MESURE
2025-10-22 01:00:00+02:00;3442,000;1,000;MESURE
2025-10-22 02:00:00+02:00;3455,000;1,000;MESURE
2025-10-22 03:00:00+02:00;3457,000;1,000;MESURE
2025-10-22 04:00:00+02:00;3460,000;1,000;MESURE
2025-10-22 05:00:00+02:00;5788,000;1,000;MESURE
2025-10-22 06:00:00+02:00;5992,000;1,000;MESURE
2025-10-22 07:00:00+02:00;4878,000;1,000;MESURE
2025-10-22 08:00:00+02:00;594,000;1,000;MESURE
2025-10-22 09:00:00+02:00;588,000;1,000;MESURE
2025-10-22 10:00:00+02:00;588,000;1,000;MESURE
2025-10-22 11:00:00+02:00;587,000;1,000;MESURE
2025-10-22 12:00:00+02:00;587,000;1,000;MESURE
2025-10-22 13:00:00+02:00;588,000;1,000;MESURE
2025-10-22 14:00:00+02:00;591,000;1,000;MESURE
2025-10-22 15:00:00+02:00;591,000;1,000;MESURE
2025-10-22 16:00:00+02:00;594,000;1,000;MESURE
2025-10-22 17:00:00+02:00;587,000;1,000;MESURE
2025-10-22 18:00:00+02:00;1120,000;1,000;MESURE
2025-10-22 19:00:00+02:00;6120,000;1,000;MESURE
2025-10-22 20:00:00+02:00;6005,000;1,000;MESURE
2025-10-22 21:00:00+02:00;5989,000;1,000;MESURE
2025-10-22 22:00:00+02:00;4101,000;1,000;MESURE
2025-10-22 23:00:00+02:00;3640,000;1,000;MESURE
2025-10-23 00:00:00+02:00;3467,000;1,000;MESURE
2025-10-23 01:00:00+02:00;3467,000;1,000;MESURE
2025-10-23 02:00:00+02:00;3468,000;1,000;MESURE
2025-10-23 03:00:00+02:00;3475,000;1,000;MESURE
2025-10-23 04:00:00+02:00;3480,000;1,000;MESURE
2025-10-23 05:00:00+02:00;5776,000;1,000;MESURE
2025-10-23 06:00:00+02:00;5980,000;1,000;MESURE
2025-10-23 07:00:00+02:00;5057,000;1,000;MESURE
2025-10-23 08:00:00+02:00;596,000;1,000;MESURE
2025-10-23 09:00:00+02:00;587,000;1,000;MESURE
2025-10-23 10:00:00+02:00;587,000;1,000;MESURE
2025-10-23 11:00:00+02:00;587,000;1,000;MESURE
2025-10-23 12:00:00+02:00;585,000;1,000;MESURE
2025-10-23 13:00:00+02:00;589,000;1,000;MESURE
2025-10-23 14:00:00+02:00;590,000;1,000;MESURE
2025-10-23 15:00:00+02:00;591,000;1,000;MESURE
2025-10-23 16:00:00+02:00;594,000;1,000;MESURE
2025-10-23 17:00:00+02:00;594,000;1,000;MESURE
2025-10-23 18:00:00+02:00;1316,000;1,000;MESURE
2025-10-23 19:00:00+02:00;6176,000;1,000;MESURE
2025-10-23 20:00:00+02:00;6021,000;1,000;MESURE
2025-10-23 21:00:00+02:00;5999,000;1,000;MESURE
2025-10-23 22:00:00+02:00;4129,000;1,000;MESURE
2025-10-23 23:00:00+02:00;3646,000;1,000;MESURE
2025-10-24 00:00:00+02:00;3469,000;1,000;MESURE
2025-10-24 01:00:00+02:00;3485,000;1,000;MESURE
2025-10-24 02:00:00+02:00;3481,000;1,000;MESURE
2025-10-24 03:00:00+02:00;3487,000;1,000;MESURE
2025-10-24 04:00:00+02:00;3490,000;1,000;MESURE
2025-10-24 05:00:00+02:00;5800,000;1,000;MESURE
2025-10-24 06:00:00+02:00;6028,000;1,000;MESURE
2025-10-24 07:00:00+02:00;5168,000;1,000;MESURE
2025-10-24 08:00:00+02:00;590,000;1,000;MESURE
2025-10-24 09:00:00+02:00;588,000;1,000;MESURE
2025-10-24 10:00:00+02:00;586,000;1,000;MESURE
2025-10-24 11:00:00+02:00;592,000;1,000;MESURE
2025-10-24 12:00:00+02:00;591,000;1,000;MESURE
2025-10-24 13:00:00+02:00;591,000;1,000;MESURE
2025-10-24 14:00:00+02:00;589,000;1,000;MESURE
2025-10-24 15:00:00+02:00;591,000;1,000;MESURE
2025-10-24 16:00:00+02:00;591,000;1,000;MESURE
2025-10-24 17:00:00+02:00;590,000;1,000;MESURE
2025-10-24 18:00:00+02:00;1399,000;1,000;MESURE
2025-10-24 19:00:00+02:00;6157,000;1,000;MESURE
2025-10-24 20:00:00+02:00;6023,000;1,000;MESURE
2025-10-24 21:00:00+02:00;6012,000;1,000;MESURE
2025-10-24 22:00:00+02:00;4126,000;1,000;MESURE
2025-10-24 23:00:00+02:00;3653,000;1,000;MESURE
2025-10-25 00:00:00+02:00;3483,000;1,000;MESURE
2025-10-25 01:00:00+02:00;3481,000;1,000;MESURE
2025-10-25 02:00:00+02:00;3484,000;1,000;MESURE
2025-10-25 03:00:00+02:00;3485,000;1,000;MESURE
2025-10-25 04:00:00+02:00;3487,000;1,000;MESURE
2025-10-25 05:00:00+02:00;5796,000;1,000;MESURE
2025-10-25 06:00:00+02:00;6006,000;1,000;MESURE
2025-10-25 07:00:00+02:00;5269,000;1,000;MESURE
2025-10-25 08:00:00+02:00;590,000;1,000;MESURE
2025-10-25 09:00:00+02:00;586,000;1,000;MESURE
2025-10-25 10:00:00+02:00;589,000;1,000;MESURE
2025-10-25 11:00:00+02:00;588,000;1,000;MESURE
2025-10-25 12:00:00+02:00;588,000;1,000;MESURE
2025-10-25 13:00:00+02:00;589,000;1,000;MESURE
2025-10-25 14:00:00+02:00;593,000;1,000;MESURE
2025-10-25 15:00:00+02:00;587,000;1,000;MESURE
2025-10-25 16:00:00+02:00;589,000;1,000;MESURE
2025-10-25 17:00:00+02:00;591,000;1,000;MESURE
2025-10-25 18:00:00+02:00;1579,000;1,000;MESURE
2025-10-25 19:00:00+02:00;6148,000;1,000;MESURE
2025-10-25 20:00:00+02:00;6015,000;1,000;MESURE
2025-10-25 21:00:00+02:00;5998,000;1,000;MESURE
2025-10-25 22:00:00+02:00;4119,000;1,000;MESURE
2025-10-25 23:00:00+02:00;3646,000;1,000;MESURE
2025-10-26 00:00:00+02:00;3475,000;1,000;MESURE
2025-10-26 01:00:00+02:00;3482,000;1,000;MESURE
2025-10-26 02:00:00+02:00;3483,000;1,000;MESURE
2025-10-26 02:00:00+01:00;3490,000;1,000;MESURE
2025-10-26 03:00:00+01:00;3482,000;1,000;MESURE
2025-10-26 04:00:00+01:00;3502,000;1,000;MESURE
2025-10-26 05:00:00+01:00;5814,000;1,000;MESURE
2025-10-26 06:00:00+01:00;5288,000;1,000;MESURE
2025-10-26 07:00:00+01:00;595,000;1,000;MESURE
2025-10-26 08:00:00+01:00;593,000;1,000;MESURE
2025-10-26 09:00:00+01:00;593,000;1,000;MESURE
2025-10-26 10:00:00+01:00;594,000;1,000;MESURE
2025-10-26 11:00:00+01:00;592,000;1,000;MESURE
2025-10-26 12:00:00+01:00;592,000;1,000;MESURE
2025-10-26 13:00:00+01:00;592,000;1,000;MESURE
2025-10-26 14:00:00+01:00;592,000;1,000;MESURE
2025-10-26 15:00:00+01:00;589,000;1,000;MESURE
2025-10-26 16:00:00+01:00;592,000;1,000;MESURE
2025-10-26 17:00:00+01:00;1773,000;1,000;MESURE
2025-10-26 18:00:00+01:00;6157,000;1,000;MESURE
2025-10-26 19:00:00+01:00;6133,000;1,000;MESURE
2025-10-26 20:00:00+01:00;6021,000;1,000;MESURE
2025-10-26 21:00:00+01:00;6008,000;1,000;MESURE
2025-10-26 22:00:00+01:00;4132,000;1,000;MESURE
2025-10-26 23:00:00+01:00;3636,000;1,000;MESURE
2025-10-27 00:00:00+01:00;3464,000;1,000;MESURE
2025-10-27 01:00:00+01:00;3475,000;1,000;MESURE
2025-10-27 02:00:00+01:00;3466,000;1,000;MESURE
2025-10-27 03:00:00+01:00;3472,000;1,000;MESURE
2025-10-27 04:00:00+01:00;3472,000;1,000;MESURE
2025-10-27 05:00:00+01:00;5780,000;1,000;MESURE
2025-10-27 06:00:00+01:00;5385,000;1,000;MESURE
2025-10-27 07:00:00+01:00;589,000;1,000;MESURE
2025-10-27 08:00:00+01:00;582,000;1,000;MESURE
2025-10-27 09:00:00+01:00;588,000;1,000;MESURE
2025-10-27 10:00:00+01:00;591,000;1,000;MESURE
2025-10-27 11:00:00+01:00;592,000;1,000;MESURE
2025-10-27 12:00:00+01:00;587,000;1,000;MESURE
2025-10-27 13:00:00+01:00;583,000;1,000;MESURE
2025-10-27 14:00:00+01:00;581,000;1,000;MESURE
2025-10-27 15:00:00+01:00;580,000;1,000;MESURE
2025-10-27 16:00:00+01:00;584,000;1,000;MESURE
2025-10-27 17:00:00+01:00;1862,000;1,000;MESURE
2025-10-27 18:00:00+01:00;6197,000;1,000;MESURE
2025-10-27 19:00:00+01:00;6170,000;1,000;MESURE
2025-10-27 20:00:00+01:00;6022,000;1,000;MESURE
2025-10-27 21:00:00+01:00;6004,000;1,000;MESURE
2025-10-27 22:00:00+01:00;4100,000;1,000;MESURE
2025-10-27 23:00:00+01:00;3651,000;1,000;MESURE
2025-10-28 00:00:00+01:00;3476,000;1,000;MESURE
2025-10-28 01:00:00+01:00;3487,000;1,000;MESURE
2025-10-28 02:00:00+01:00;3480,000;1,000;MESURE
2025-10-28 03:00:00+01:00;3487,000;1,000;MESURE
2025-10-28 04:00:00+01:00;3485,000;1,000;MESURE
2025-10-28 05:00:00+01:00;5767,000;1,000;MESURE
2025-10-28 06:00:00+01:00;5432,000;1,000;MESURE
2025-10-28 07:00:00+01:00;584,000;1,000;MESURE
2025-10-28 08:00:00+01:00;580,000;1,000;MESURE
2025-10-28 09:00:00+01:00;583,000;1,000;MESURE
2025-10-28 10:00:00+01:00;583,000;1,000;MESURE
2025-10-28 11:00:00+01:00;582,000;1,000;MESURE
2025-10-28 12:00:00+01:00;579,000;1,000;MESURE
2025-10-28 13:00:00+01:00;582,000;1,000;MESURE
2025-10-28 14:00:00+01:00;581,000;1,000;MESURE
2025-10-28 15:00:00+01:00;582,000;1,000;MESURE
2025-10-28 16:00:00+01:00;583,000;1,000;MESURE
2025-10-28 17:00:00+01:00;2043,000;1,000;MESURE
2025-10-28 18:00:00+01:00;6139,000;1,000;MESURE
2025-10-28 19:00:00+01:00;6126,000;1,000;MESURE
2025-10-28 20:00:00+01:00;6019,000;1,000;MESURE
2025-10-28 21:00:00+01:00;5966,000;1,000;MESURE
2025-10-28 22:00:00+01:00;4119,000;1,000;MESURE
2025-10-28 23:00:00+01:00;3651,000;1,000;MESURE
2025-10-29 00:00:00+01:00;3468,000;1,000;MESURE
2025-10-29 01:00:00+01:00;3473,000;1,000;MESURE
2025-10-29 02:00:00+01:00;3471,000;1,000;MESURE
2025-10-29 03:00:00+01:00;3474,000;1,000;MESURE
2025-10-29 04:00:00+01:00;3483,000;1,000;MESURE
2025-10-29 05:00:00+01:00;5794,000;1,000;MESURE
2025-10-29 06:00:00+01:00;5656,000;1,000;MESURE
2025-10-29 07:00:00+01:00;578,000;1,000;MESURE
2025-10-29 08:00:00+01:00;579,000;1,000;MESURE
2025-10-29 09:00:00+01:00;582,000;1,000;MESURE
2025-10-29 10:00:00+01:00;583,000;1,000;MESURE
2025-10-29 11:00:00+01:00;574,000;1,000;MESURE
2025-10-29 12:00:00+01:00;581,000;1,000;MESURE
2025-10-29 13:00:00+01:00;583,000;1,000;MESURE
2025-10-29 14:00:00+01:00;580,000;1,000;MESURE
2025-10-29 15:00:00+01:00;583,000;1,000;MESURE
2025-10-29 16:00:00+01:00;582,000;1,000;MESURE
2025-10-29 17:00:00+01:00;2132,000;1,000;MESURE
2025-10-29 18:00:00+01:00;6147,000;1,000;MESURE
2025-10-29 19:00:00+01:00;6117,000;1,000;MESURE
2025-10-29 20:00:00+01:00;6012,000;1,000;MESURE
2025-10-29 21:00:00+01:00;5985,000;1,000;MESURE
2025-10-29 22:00:00+01:00;4084,000;1,000;MESURE
2025-10-29 23:00:00+01:00;3648,000;1,000;MESURE
2025-10-30 00:00:00+01:00;3473,000;1,000;MESURE
2025-10-30 01:00:00+01:00;3442,000;1,000;MESURE
2025-10-30 02:00:00+01:00;3472,000;1,000;MESURE
2025-10-30 03:00:00+01:00;3457,000;1,000;MESURE
2025-10-30 04:00:00+01:00;3441,000;1,000;MESURE
2025-10-30 05:00:00+01:00;5787,000;1,000;MESURE
2025-10-30 06:00:00+01:00;5735,000;1,000;MESURE
2025-10-30 07:00:00+01:00;587,000;1,000;MESURE
2025-10-30 08:00:00+01:00;582,000;1,000;MESURE
2025-10-30 09:00:00+01:00;580,000;1,000;MESURE
2025-10-30 10:00:00+01:00;580,000;1,000;MESURE
2025-10-30 11:00:00+01:00;584,000;1,000;MESURE
2025-10-30 12:00:00+01:00;574,000;1,000;MESURE
2025-10-30 13:00:00+01:00;584,000;1,000;MESURE
2025-10-30 14:00:00+01:00;582,000;1,000;MESURE
2025-10-30 15:00:00+01:00;581,000;1,000;MESURE
2025-10-30 16:00:00+01:00;577,000;1,000;MESURE
2025-10-30 17:00:00+01:00;2322,000;1,000;MESURE
2025-10-30 18:00:00+01:00;6139,000;1,000;MESURE
2025-10-30 19:00:00+01:00;6113,000;1,000;MESURE
2025-10-30 20:00:00+01:00;5995,000;1,000;MESURE
2025-10-30 21:00:00+01:00;5933,000;1,000;MESURE
2025-10-30 22:00:00+01:00;4066,000;1,000;MESURE
2025-10-30 23:00:00+01:00;3631,000;1,000;MESURE
2025-10-31 00:00:00+01:00;3432,000;1,000;MESURE
2025-10-31 01:00:00+01:00;3427,000;1,000;MESURE
2025-10-31 02:00:00+01:00;3449,000;1,000;MESURE
2025-10-31 03:00:00+01:00;3453,000;1,000;MESURE
2025-10-31 04:00:00+01:00;3436,000;1,000;MESURE
2025-10-31 05:00:00+01:00;5728,000;1,000;MESURE
2025-10-31 06:00:00+01:00;5911,000;1,000;MESURE
2025-10-31 07:00:00+01:00;581,000;1,000;MESURE
2025-10-31 08:00:00+01:00;582,000;1,000;MESURE
2025-10-31 09:00:00+01:00;581,000;1,000;MESURE
2025-10-31 10:00:00+01:00;578,000;1,000;MESURE
2025-10-31 11:00:00+01:00;583,000;1,000;MESURE
2025-10-31 12:00:00+01:00;581,000;1,000;MESURE
2025-10-31 13:00:00+01:00;583,000;1,000;MESURE
2025-10-31 14:00:00+01:00;580,000;1,000;MESURE
2025-10-31 15:00:00+01:00;569,000;1,000;MESURE
2025-10-31 16:00:00+01:00;581,000;1,000;MESURE
2025-10-31 17:00:00+01:00;2413,000;1,000;MESURE
2025-10-31 18:00:00+01:00;6142,000;1,000;MESURE
2025-10-31 19:00:00+01:00;6112,000;1,000;MESURE
2025-10-31 20:00:00+01:00;5980,000;1,000;MESURE
2025-10-31 21:00:00+01:00;5955,000;1,000;MESURE
2025-10-31 22:00:00+01:00;4077,000;1,000;MESURE
2025-10-31 23:00:00+01:00;3612,000;1,000;MESURE
2025-11-01 00:00:00+01:00;3443,000;1,000;MESURE
2025-11-01 01:00:00+01:00;3454,000;1,000;MESURE
2025-11-01 02:00:00+01:00;3445,000;1,000;MESURE
2025-11-01 03:00:00+01:00;3459,000;1,000;MESURE
2025-11-01 04:00:00+01:00;3458,000;1,000;MESURE
2025-11-01 05:00:00+01:00;5751,000;1,000;MESURE
2025-11-01 06:00:00+01:00;5976,000;1,000;MESURE
2025-11-01 07:00:00+01:00;582,000;1,000;MESURE
2025-11-01 08:00:00+01:00;563,000;1,000;MESURE
2025-11-01 09:00:00+01:00;562,000;1,000;MESURE
2025-11-01 10:00:00+01:00;563,000;1,000;MESURE
2025-11-01 11:00:00+01:00;560,000;1,000;MESURE
2025-11-01 12:00:00+01:00;558,000;1,000;MESURE
2025-11-01 13:00:00+01:00;559,000;1,000;MESURE
2025-11-01 14:00:00+01:00;561,000;1,000;MESURE
2025-11-01 15:00:00+01:00;566,000;1,000;MESURE
2025-11-01 16:00:00+01:00;564,000;1,000;MESURE
2025-11-01 17:00:00+01:00;2581,000;1,000;MESURE
2025-11-01 18:00:00+01:00;6112,000;1,000;MESURE
2025-11-01 19:00:00+01:00;6117,000;1,000;MESURE
2025-11-01 20:00:00+01:00;5966,000;1,000;MESURE
2025-11-01 21:00:00+01:00;5953,000;1,000;MESURE
2025-11-01 22:00:00+01:00;4069,000;1,000;MESURE
2025-11-01 23:00:00+01:00;3595,000;1,000;MESURE
2025-11-02 00:00:00+01:00;3437,000;1,000;MESURE
2025-11-02 01:00:00+01:00;3447,000;1,000;MESURE
2025-11-02 02:00:00+01:00;3449,000;1,000;MESURE
2025-11-02 03:00:00+01:00;3452,000;1,000;MESURE
2025-11-02 04:00:00+01:00;3457,000;1,000;MESURE
2025-11-02 05:00:00+01:00;5764,000;1,000;MESURE
2025-11-02 06:00:00+01:00;5968,000;1,000;MESURE
2025-11-02 07:00:00+01:00;684,000;1,000;MESURE
2025-11-02 08:00:00+01:00;573,000;1,000;MESURE
2025-11-02 09:00:00+01:00;565,000;1,000;MESURE
2025-11-02 10:00:00+01:00;562,000;1,000;MESURE
2025-11-02 11:00:00+01:00;559,000;1,000;MESURE
2025-11-02 12:00:00+01:00;559,000;1,000;MESURE
2025-11-02 13:00:00+01:00;565,000;1,000;MESURE
2025-11-02 14:00:00+01:00;566,000;1,000;MESURE
2025-11-02 15:00:00+01:00;557,000;1,000;MESURE
2025-11-02 16:00:00+01:00;555,000;1,000;MESURE
2025-11-02 17:00:00+01:00;2683,000;1,000;MESURE
2025-11-02 18:00:00+01:00;6152,000;1,000;MESURE
2025-11-02 19:00:00+01:00;6126,000;1,000;MESURE
2025-11-02 20:00:00+01:00;6011,000;1,000;MESURE
2025-11-02 21:00:00+01:00;5946,000;1,000;MESURE
2025-11-02 22:00:00+01:00;4098,000;1,000;MESURE
2025-11-02 23:00:00+01:00;3637,000;1,000;MESURE
2025-11-03 00:00:00+01:00;3451,000;1,000;MESURE
2025-11-03 01:00:00+01:00;3466,000;1,000;MESURE
2025-11-03 02:00:00+01:00;3462,000;1,000;MESURE
2025-11-03 03:00:00+01:00;3464,000;1,000;MESURE
2025-11-03 04:00:00+01:00;3472,000;1,000;MESURE
2025-11-03 05:00:00+01:00;5773,000;1,000;MESURE
2025-11-03 06:00:00+01:00;5988,000;1,000;MESURE
2025-11-03 07:00:00+01:00;863,000;1,000;MESURE
2025-11-03 08:00:00+01:00;565,000;1,000;MESURE
2025-11-03 09:00:00+01:00;567,000;1,000;MESURE
2025-11-03 10:00:00+01:00;563,000;1,000;MESURE
2025-11-03 11:00:00+01:00;556,000;1,000;MESURE
2025-11-03 12:00:00+01:00;552,000;1,000;MESURE
2025-11-03 13:00:00+01:00;557,000;1,000;MESURE
2025-11-03 14:00:00+01:00;562,000;1,000;MESURE
2025-11-03 15:00:00+01:00;561,000;1,000;MESURE
2025-11-03 16:00:00+01:00;565,000;1,000;MESURE
2025-11-03 17:00:00+01:00;2771,000;1,000;MESURE
2025-11-03 18:00:00+01:00;6120,000;1,000;MESURE
2025-11-03 19:00:00+01:00;6115,000;1,000;MESURE
2025-11-03 20:00:00+01:00;6005,000;1,000;MESURE
2025-11-03 21:00:00+01:00;5967,000;1,000;MESURE
2025-11-03 22:00:00+01:00;4081,000;1,000;MESURE
2025-11-03 23:00:00+01:00;3632,000;1,000;MESURE
2025-11-04 00:00:00+01:00;3447,000;1,000;MESURE
2025-11-04 01:00:00+01:00;3457,000;1,000;MESURE
2025-11-04 02:00:00+01:00;3450,000;1,000;MESURE
2025-11-04 03:00:00+01:00;3458,000;1,000;MESURE
2025-11-04 04:00:00+01:00;3461,000;1,000;MESURE
2025-11-04 05:00:00+01:00;5772,000;1,000;MESURE
2025-11-04 06:00:00+01:00;6001,000;1,000;MESURE
2025-11-04 07:00:00+01:00;962,000;1,000;MESURE
2025-11-04 08:00:00+01:00;559,000;1,000;MESURE
2025-11-04 09:00:00+01:00;564,000;1,000;MESURE
2025-11-04 10:00:00+01:00;565,000;1,000;MESURE
2025-11-04 11:00:00+01:00;563,000;1,000;MESURE
2025-11-04 12:00:00+01:00;563,000;1,000;MESURE
2025-11-04 13:00:00+01:00;563,000;1,000;MESURE
2025-11-04 14:00:00+01:00;558,000;1,000;MESURE
2025-11-04 15:00:00+01:00;558,000;1,000;MESURE
2025-11-04 16:00:00+01:00;555,000;1,000;MESURE
2025-11-04 17:00:00+01:00;2941,000;1,000;MESURE
2025-11-04 18:00:00+01:00;6127,000;1,000;MESURE
2025-11-04 19:00:00+01:00;6114,000;1,000;MESURE
2025-11-04 20:00:00+01:00;5975,000;1,000;MESURE
2025-11-04 21:00:00+01:00;5953,000;1,000;MESURE
2025-11-04 22:00:00+01:00;4096,000;1,000;MESURE
2025-11-04 23:00:00+01:00;3621,000;1,000;MESURE
2025-11-05 00:00:00+01:00;3451,000;1,000;MESURE
2025-11-05 01:00:00+01:00;3462,000;1,000;MESURE
2025-11-05 02:00:00+01:00;3459,000;1,000;MESURE
2025-11-05 03:00:00+01:00;3469,000;1,000;MESURE
2025-11-05 04:00:00+01:00;3465,000;1,000;MESURE
2025-11-05 05:00:00+01:00;5779,000;1,000;MESURE
2025-11-05 06:00:00+01:00;6002,000;1,000;MESURE
2025-11-05 07:00:00+01:00;1147,000;1,000;MESURE
2025-11-05 08:00:00+01:00;561,000;1,000;MESURE
2025-11-05 09:00:00+01:00;556,000;1,000;MESURE
2025-11-05 10:00:00+01:00;553,000;1,000;MESURE
2025-11-05 11:00:00+01:00;554,000;1,000;MESURE
2025-11-05 12:00:00+01:00;556,000;1,000;MESURE
2025-11-05 13:00:00+01:00;555,000;1,000;MESURE
2025-11-05 14:00:00+01:00;555,000;1,000;MESURE
2025-11-05 15:00:00+01:00;555,000;1,000;MESURE
2025-11-05 16:00:00+01:00;556,000;1,000;MESURE
2025-11-05 17:00:00+01:00;3025,000;1,000;MESURE
2025-11-05 18:00:00+01:00;6132,000;1,000;MESURE
2025-11-05 19:00:00+01:00;6108,000;1,000;MESURE
2025-11-05 20:00:00+01:00;5997,000;1,000;MESURE
2025-11-05 21:00:00+01:00;5978,000;1,000;MESURE
2025-11-05 22:00:00+01:00;4102,000;1,000;MESURE
2025-11-05 23:00:00+01:00;3630,000;1,000;MESURE
2025-11-06 00:00:00+01:00;3453,000;1,000;MESURE
2025-11-06 01:00:00+01:00;3426,000;1,000;MESURE
2025-11-06 02:00:00+01:00;3441,000;1,000;MESURE
2025-11-06 03:00:00+01:00;3446,000;1,000;MESURE
2025-11-06 04:00:00+01:00;3442,000;1,000;MESURE
2025-11-06 05:00:00+01:00;5746,000;1,000;MESURE
2025-11-06 06:00:00+01:00;5967,000;1,000;MESURE
2025-11-06 07:00:00+01:00;1220,000;1,000;MESURE
2025-11-06 08:00:00+01:00;552,000;1,000;MESURE
2025-11-06 09:00:00+01:00;554,000;1,000;MESURE
2025-11-06 10:00:00+01:00;556,000;1,000;MESURE
2025-11-06 11:00:00+01:00;556,000;1,000;MESURE
2025-11-06 12:00:00+01:00;557,000;1,000;MESURE
2025-11-06 13:00:00+01:00;556,000;1,000;MESURE
2025-11-06 14:00:00+01:00;557,000;1,000;MESURE
2025-11-06 15:00:00+01:00;309,000;1,000;MESURE
2025-11-06 16:00:00+01:00;125,000;1,000;MESURE
2025-11-06 17:00:00+01:00;2708,000;1,000;MESURE
2025-11-06 18:00:00+01:00;5722,000;1,000;MESURE
2025-11-06 19:00:00+01:00;5695,000;1,000;MESURE
2025-11-06 20:00:00+01:00;5555,000;1,000;MESURE
2025-11-06 21:00:00+01:00;5528,000;1,000;MESURE
2025-11-06 22:00:00+01:00;3660,000;1,000;MESURE
2025-11-06 23:00:00+01:00;3192,000;1,000;MESURE
2025-11-07 00:00:00+01:00;2999,000;1,000;MESURE
2025-11-07 01:00:00+01:00;3008,000;1,000;MESURE
2025-11-07 02:00:00+01:00;3003,000;1,000;MESURE
2025-11-07 03:00:00+01:00;3003,000;1,000;MESURE
2025-11-07 04:00:00+01:00;2999,000;1,000;MESURE
2025-11-07 05:00:00+01:00;5313,000;1,000;MESURE
2025-11-07 06:00:00+01:00;5570,000;1,000;MESURE
2025-11-07 07:00:00+01:00;896,000;1,000;MESURE
2025-11-07 08:00:00+01:00;126,000;1,000;MESURE
2025-11-07 09:00:00+01:00;125,000;1,000;MESURE
2025-11-07 10:00:00+01:00;125,000;1,000;MESURE
2025-11-07 11:00:00+01:00;125,000;1,000;MESURE
2025-11-07 12:00:00+01:00;125,000;1,000;MESURE
2025-11-07 13:00:00+01:00;125,000;1,000;MESURE
2025-11-07 14:00:00+01:00;126,000;1,000;MESURE
2025-11-07 15:00:00+01:00;125,000;1,000;MESURE
2025-11-07 16:00:00+01:00;126,000;1,000;MESURE
2025-11-07 17:00:00+01:00;2892,000;1,000;MESURE
2025-11-07 18:00:00+01:00;5704,000;1,000;MESURE
2025-11-07 19:00:00+01:00;5689,000;1,000;MESURE
2025-11-07 20:00:00+01:00;5565,000;1,000;MESURE
2025-11-07 21:00:00+01:00;5527,000;1,000;MESURE
2025-11-07 22:00:00+01:00;3666,000;1,000;MESURE
2025-11-07 23:00:00+01:00;3190,000;1,000;MESURE
2025-11-08 00:00:00+01:00;3009,000;1,000;MESURE
2025-11-08 01:00:00+01:00;3016,000;1,000;MESURE
2025-11-08 02:00:00+01:00;3008,000;1,000;MESURE
2025-11-08 03:00:00+01:00;3016,000;1,000;MESURE
2025-11-08 04:00:00+01:00;3016,000;1,000;MESURE
2025-11-08 05:00:00+01:00;5314,000;1,000;MESURE
2025-11-08 06:00:00+01:00;5531,000;1,000;MESURE
2025-11-08 07:00:00+01:00;1076,000;1,000;MESURE
2025-11-08 08:00:00+01:00;125,000;1,000;MESURE
2025-11-08 09:00:00+01:00;125,000;1,000;MESURE
2025-11-08 10:00:00+01:00;125,000;1,000;MESURE
2025-11-08 11:00:00+01:00;125,000;1,000;MESURE
2025-11-08 12:00:00+01:00;125,000;1,000;MESURE
2025-11-08 13:00:00+01:00;125,000;1,000;MESURE
2025-11-08 14:00:00+01:00;126,000;1,000;MESURE
2025-11-08 15:00:00+01:00;125,000;1,000;MESURE
2025-11-08 16:00:00+01:00;125,000;1,000;MESURE
2025-11-08 17:00:00+01:00;3006,000;1,000;MESURE
2025-11-08 18:00:00+01:00;5737,000;1,000;MESURE
2025-11-08 19:00:00+01:00;5685,000;1,000;MESURE
2025-11-08 20:00:00+01:00;5552,000;1,000;MESURE
2025-11-08 21:00:00+01:00;5520,000;1,000;MESURE
2025-11-08 22:00:00+01:00;3639,000;1,000;MESURE
2025-11-08 23:00:00+01:00;3187,000;1,000;MESURE
2025-11-09 00:00:00+01:00;2993,000;1,000;MESURE
2025-11-09 01:00:00+01:00;3001,000;1,000;MESURE
2025-11-09 02:00:00+01:00;3001,000;1,000;MESURE
2025-11-09 03:00:00+01:00;3006,000;1,000;MESURE
2025-11-09 04:00:00+01:00;3001,000;1,000;MESURE
2025-11-09 05:00:00+01:00;5306,000;1,000;MESURE
2025-11-09 06:00:00+01:00;5532,000;1,000;MESURE
2025-11-09 07:00:00+01:00;1168,000;1,000;MESURE
2025-11-09 08:00:00+01:00;125,000;1,000;MESURE
2025-11-09 09:00:00+01:00;125,000;1,000;MESURE
2025-11-09 10:00:00+01:00;126,000;1,000;MESURE
2025-11-09 11:00:00+01:00;125,000;1,000;MESURE
2025-11-09 12:00:00+01:00;125,000;1,000;MESURE
2025-11-09 13:00:00+01:00;125,000;1,000;MESURE
2025-11-09 14:00:00+01:00;125,000;1,000;MESURE
2025-11-09 15:00:00+01:00;126,000;1,000;MESURE
2025-11-09 16:00:00+01:00;125,000;1,000;MESURE
2025-11-09 17:00:00+01:00;3077,000;1,000;MESURE
2025-11-09 18:00:00+01:00;5700,000;1,000;MESURE
2025-11-09 19:00:00+01:00;5706,000;1,000;MESURE
2025-11-09 20:00:00+01:00;5538,000;1,000;MESURE
2025-11-09 21:00:00+01:00;5508,000;1,000;MESURE
2025-11-09 22:00:00+01:00;3632,000;1,000;MESURE
2025-11-09 23:00:00+01:00;3179,000;1,000;MESURE
2025-11-10 00:00:00+01:00;2984,000;1,000;MESURE
2025-11-10 01:00:00+01:00;3000,000;1,000;MESURE
2025-11-10 02:00:00+01:00;3000,000;1,000;MESURE
2025-11-10 03:00:00+01:00;3005,000;1,000;MESURE
2025-11-10 04:00:00+01:00;3009,000;1,000;MESURE
2025-11-10 05:00:00+01:00;5319,000;1,000;MESURE
2025-11-10 06:00:00+01:00;5548,000;1,000;MESURE
2025-11-10 07:00:00+01:00;1351,000;1,000;MESURE
2025-11-10 08:00:00+01:00;126,000;1,000;MESURE
2025-11-10 09:00:00+01:00;126,000;1,000;MESURE
2025-11-10 10:00:00+01:00;126,000;1,000;MESURE
2025-11-10 11:00:00+01:00;125,000;1,000;MESURE
2025-11-10 12:00:00+01:00;125,000;1,000;MESURE
2025-11-10 13:00:00+01:00;124,000;1,000;MESURE
2025-11-10 14:00:00+01:00;125,000;1,000;MESURE
2025-11-10 15:00:00+01:00;126,000;1,000;MESURE
2025-11-10 16:00:00+01:00;125,000;1,000;MESURE
2025-11-10 17:00:00+01:00;3165,000;1,000;MESURE
2025-11-10 18:00:00+01:00;5740,000;1,000;MESURE
2025-11-10 19:00:00+01:00;5717,000;1,000;MESURE
2025-11-10 20:00:00+01:00;5575,000;1,000;MESURE
2025-11-10 21:00:00+01:00;5493,000;1,000;MESURE
2025-11-10 22:00:00+01:00;3645,000;1,000;MESURE
2025-11-10 23:00:00+01:00;3198,000;1,000;MESURE
2025-11-11 00:00:00+01:00;2998,000;1,000;MESURE
2025-11-11 01:00:00+01:00;2997,000;1,000;MESURE
2025-11-11 02:00:00+01:00;2998,000;1,000;MESURE
2025-11-11 03:00:00+01:00;3005,000;1,000;MESURE
2025-11-11 04:00:00+01:00;3004,000;1,000;MESURE
2025-11-11 05:00:00+01:00;5321,000;1,000;MESURE
2025-11-11 06:00:00+01:00;5558,000;1,000;MESURE
2025-11-11 07:00:00+01:00;1456,000;1,000;MESURE
2025-11-11 08:00:00+01:00;125,000;1,000;MESURE
2025-11-11 09:00:00+01:00;126,000;1,000;MESURE
2025-11-11 10:00:00+01:00;125,000;1,000;MESURE
2025-11-11 11:00:00+01:00;126,000;1,000;MESURE
2025-11-11 12:00:00+01:00;125,000;1,000;MESURE
2025-11-11 13:00:00+01:00;125,000;1,000;MESURE
2025-11-11 14:00:00+01:00;125,000;1,000;MESURE
2025-11-11 15:00:00+01:00;125,000;1,000;MESURE
2025-11-11 16:00:00+01:00;125,000;1,000;MESURE
2025-11-11 17:00:00+01:00;3356,000;1,000;MESURE
2025-11-11 18:00:00+01:00;5738,000;1,000;MESURE
2025-11-11 19:00:00+01:00;5713,000;1,000;MESURE
2025-11-11 20:00:00+01:00;5567,000;1,000;MESURE
2025-11-11 21:00:00+01:00;5552,000;1,000;MESURE
2025-11-11 22:00:00+01:00;3658,000;1,000;MESURE
2025-11-11 23:00:00+01:00;3194,000;1,000;MESURE
2025-11-12 00:00:00+01:00;3017,000;1,000;MESURE
2025-11-12 01:00:00+01:00;3028,000;1,000;MESURE
2025-11-12 02:00:00+01:00;3026,000;1,000;MESURE
2025-11-12 03:00:00+01:00;3031,000;1,000;MESURE
2025-11-12 04:00:00+01:00;3034,000;1,000;MESURE
2025-11-12 05:00:00+01:00;5351,000;1,000;MESURE
2025-11-12 06:00:00+01:00;5571,000;1,000;MESURE
2025-11-12 07:00:00+01:00;1554,000;1,000;MESURE
2025-11-12 08:00:00+01:00;126,000;1,000;MESURE
2025-11-12 09:00:00+01:00;126,000;1,000;MESURE
2025-11-12 10:00:00+01:00;125,000;1,000;MESURE
2025-11-12 11:00:00+01:00;124,000;1,000;MESURE
2025-11-12 12:00:00+01:00;126,000;1,000;MESURE
2025-11-12 13:00:00+01:00;125,000;1,000;MESURE
2025-11-12 14:00:00+01:00;125,000;1,000;MESURE
2025-11-12 15:00:00+01:00;126,000;1,000;MESURE
2025-11-12 16:00:00+01:00;125,000;1,000;MESURE
2025-11-12 17:00:00+01:00;3438,000;1,000;MESURE
2025-11-12 18:00:00+01:00;5701,000;1,000;MESURE
2025-11-12 19:00:00+01:00;5682,000;1,000;MESURE
2025-11-12 20:00:00+01:00;5533,000;1,000;MESURE
2025-11-12 21:00:00+01:00;5526,000;1,000;MESURE
2025-11-12 22:00:00+01:00;3667,000;1,000;MESURE
2025-11-12 23:00:00+01:00;3184,000;1,000;MESURE
2025-11-13 00:00:00+01:00;2991,000;1,000;MESURE
2025-11-13 01:00:00+01:00;2995,000;1,000;MESURE
2025-11-13 02:00:00+01:00;2999,000;1,000;MESURE
2025-11-13 03:00:00+01:00;3006,000;1,000;MESURE
2025-11-13 04:00:00+01:00;3007,000;1,000;MESURE
2025-11-13 05:00:00+01:00;5322,000;1,000;MESURE
2025-11-13 06:00:00+01:00;5538,000;1,000;MESURE
2025-11-13 07:00:00+01:00;1730,000;1,000;MESURE
2025-11-13 08:00:00+01:00;125,000;1,000;MESURE
2025-11-13 09:00:00+01:00;125,000;1,000;MESURE
2025-11-13 10:00:00+01:00;125,000;1,000;MESURE
2025-11-13 11:00:00+01:00;125,000;1,000;MESURE
2025-11-13 12:00:00+01:00;125,000;1,000;MESURE
2025-11-13 13:00:00+01:00;125,000;1,000;MESURE
2025-11-13 14:00:00+01:00;125,000;1,000;MESURE
2025-11-13 15:00:00+01:00;125,000;1,000;MESURE
2025-11-13 16:00:00+01:00;125,000;1,000;MESURE
2025-11-13 17:00:00+01:00;3544,000;1,000;MESURE
2025-11-13 18:00:00+01:00;5685,000;1,000;MESURE
2025-11-13 19:00:00+01:00;5679,000;1,000;MESURE
2025-11-13 20:00:00+01:00;5540,000;1,000;MESURE
2025-11-13 21:00:00+01:00;5522,000;1,000;MESURE
2025-11-13 22:00:00+01:00;3656,000;1,000;MESURE
2025-11-13 23:00:00+01:00;3177,000;1,000;MESURE
2025-11-14 00:00:00+01:00;3003,000;1,000;MESURE
2025-11-14 01:00:00+01:00;3008,000;1,000;MESURE
2025-11-14 02:00:00+01:00;3007,000;1,000;MESURE
2025-11-14 03:00:00+01:00;3009,000;1,000;MESURE
2025-11-14 04:00:00+01:00;3007,000;1,000;MESURE
2025-11-14 05:00:00+01:00;5343,000;1,000;MESURE
2025-11-14 06:00:00+01:00;5545,000;1,000;MESURE
2025-11-14 07:00:00+01:00;1840,000;1,000;MESURE
2025-11-14 08:00:00+01:00;126,000;1,000;MESURE
2025-11-14 09:00:00+01:00;126,000;1,000;MESURE
2025-11-14 10:00:00+01:00;125,000;1,000;MESURE
2025-11-14 11:00:00+01:00;126,000;1,000;MESURE
2025-11-14 12:00:00+01:00;124,000;1,000;MESURE
2025-11-14 13:00:00+01:00;126,000;1,000;MESURE
2025-11-14 14:00:00+01:00;125,000;1,000;MESURE
2025-11-14 15:00:00+01:00;125,000;1,000;MESURE
2025-11-14 16:00:00+01:00;125,000;1,000;MESURE
2025-11-14 17:00:00+01:00;3637,000;1,000;MESURE
2025-11-14 18:00:00+01:00;5716,000;1,000;MESURE
2025-11-14 19:00:00+01:00;5700,000;1,000;MESURE
2025-11-14 20:00:00+01:00;5537,000;1,000;MESURE
2025-11-14 21:00:00+01:00;5463,000;1,000;MESURE
2025-11-14 22:00:00+01:00;3645,000;1,000;MESURE
2025-11-14 23:00:00+01:00;3172,000;1,000;MESURE
2025-11-15 00:00:00+01:00;2980,000;1,000;MESURE
2025-11-15 01:00:00+01:00;2994,000;1,000;MESURE
2025-11-15 02:00:00+01:00;2993,000;1,000;MESURE
2025-11-15 03:00:00+01:00;3001,000;1,000;MESURE
2025-11-15 04:00:00+01:00;3003,000;1,000;MESURE
2025-11-15 05:00:00+01:00;5306,000;1,000;MESURE
2025-11-15 06:00:00+01:00;5528,000;1,000;MESURE
2025-11-15 07:00:00+01:00;1904,000;1,000;MESURE
2025-11-15 08:00:00+01:00;125,000;1,000;MESURE
2025-11-15 09:00:00+01:00;125,000;1,000;MESURE
2025-11-15 10:00:00+01:00;125,000;1,000;MESURE
2025-11-15 11:00:00+01:00;125,000;1,000;MESURE
2025-11-15 12:00:00+01:00;125,000;1,000;MESURE
2025-11-15 13:00:00+01:00;127,000;1,000;MESURE
2025-11-15 14:00:00+01:00;126,000;1,000;MESURE
2025-11-15 15:00:00+01:00;127,000;1,000;MESURE
2025-11-15 16:00:00+01:00;131,000;1,000;MESURE
2025-11-15 17:00:00+01:00;3742,000;1,000;MESURE
2025-11-15 18:00:00+01:00;5741,000;1,000;MESURE
2025-11-15 19:00:00+01:00;5711,000;1,000;MESURE
2025-11-15 20:00:00+01:00;5544,000;1,000;MESURE
2025-11-15 21:00:00+01:00;5525,000;1,000;MESURE
2025-11-15 22:00:00+01:00;3669,000;1,000;MESURE
2025-11-15 23:00:00+01:00;3199,000;1,000;MESURE
2025-11-16 00:00:00+01:00;2994,000;1,000;MESURE
2025-11-16 01:00:00+01:00;3010,000;1,000;MESURE
2025-11-16 02:00:00+01:00;3002,000;1,000;MESURE
2025-11-16 03:00:00+01:00;3001,000;1,000;MESURE
2025-11-16 04:00:00+01:00;3006,000;1,000;MESURE
2025-11-16 05:00:00+01:00;5316,000;1,000;MESURE
2025-11-16 06:00:00+01:00;5544,000;1,000;MESURE
2025-11-16 07:00:00+01:00;2098,000;1,000;MESURE
2025-11-16 08:00:00+01:00;129,000;1,000;MESURE
2025-11-16 09:00:00+01:00;128,000;1,000;MESURE
2025-11-16 10:00:00+01:00;128,000;1,000;MESURE
2025-11-16 11:00:00+01:00;125,000;1,000;MESURE
2025-11-16 12:00:00+01:00;126,000;1,000;MESURE
2025-11-16 13:00:00+01:00;125,000;1,000;MESURE
2025-11-16 14:00:00+01:00;125,000;1,000;MESURE
2025-11-16 15:00:00+01:00;125,000;1,000;MESURE
2025-11-16 16:00:00+01:00;126,000;1,000;MESURE
2025-11-16 17:00:00+01:00;3830,000;1,000;MESURE
2025-11-16 18:00:00+01:00;5721,000;1,000;MESURE
2025-11-16 19:00:00+01:00;5700,000;1,000;MESURE
2025-11-16 20:00:00+01:00;5503,000;1,000;MESURE
2025-11-16 21:00:00+01:00;5494,000;1,000;MESURE
2025-11-16 22:00:00+01:00;3667,000;1,000;MESURE
2025-11-16 23:00:00+01:00;3195,000;1,000;MESURE
2025-11-17 00:00:00+01:00;2991,000;1,000;MESURE
2025-11-17 01:00:00+01:00;2994,000;1,000;MESURE
2025-11-17 02:00:00+01:00;3002,000;1,000;MESURE
2025-11-17 03:00:00+01:00;3004,000;1,000;MESURE
2025-11-17 04:00:00+01:00;3008,000;1,000;MESURE
2025-11-17 05:00:00+01:00;5315,000;1,000;MESURE
2025-11-17 06:00:00+01:00;5552,000;1,000;MESURE
2025-11-17 07:00:00+01:00;2211,000;1,000;MESURE
2025-11-17 08:00:00+01:00;127,000;1,000;MESURE
2025-11-17 09:00:00+01:00;126,000;1,000;MESURE
2025-11-17 10:00:00+01:00;124,000;1,000;MESURE
2025-11-17 11:00:00+01:00;126,000;1,000;MESURE
2025-11-17 12:00:00+01:00;125,000;1,000;MESURE
2025-11-17 13:00:00+01:00;126,000;1,000;MESURE
2025-11-17 14:00:00+01:00;125,000;1,000;MESURE
2025-11-17 15:00:00+01:00;126,000;1,000;MESURE
2025-11-17 16:00:00+01:00;124,000;1,000;MESURE
2025-11-17 17:00:00+01:00;3923,000;1,000;MESURE
2025-11-17 18:00:00+01:00;5751,000;1,000;MESURE
2025-11-17 19:00:00+01:00;5730,000;1,000;MESURE
2025-11-17 20:00:00+01:00;5531,000;1,000;MESURE
2025-11-17 21:00:00+01:00;5510,000;1,000;MESURE
2025-11-17 22:00:00+01:00;3675,000;1,000;MESURE
2025-11-17 23:00:00+01:00;3194,000;1,000;MESURE
2025-11-18 00:00:00+01:00;3004,000;1,000;MESURE
2025-11-18 01:00:00+01:00;3003,000;1,000;MESURE
2025-11-18 02:00:00+01:00;3016,000;1,000;MESURE
2025-11-18 03:00:00+01:00;3001,000;1,000;MESURE
2025-11-18 04:00:00+01:00;3001,000;1,000;MESURE
2025-11-18 05:00:00+01:00;5349,000;1,000;MESURE
2025-11-18 06:00:00+01:00;5574,000;1,000;MESURE
2025-11-18 07:00:00+01:00;2307,000;1,000;MESURE
2025-11-18 08:00:00+01:00;129,000;1,000;MESURE
2025-11-18 09:00:00+01:00;128,000;1,000;MESURE
2025-11-18 10:00:00+01:00;129,000;1,000;MESURE
2025-11-18 11:00:00+01:00;128,000;1,000;MESURE
2025-11-18 12:00:00+01:00;126,000;1,000;MESURE
2025-11-18 13:00:00+01:00;125,000;1,000;MESURE
2025-11-18 14:00:00+01:00;125,000;1,000;MESURE
2025-11-18 15:00:00+01:00;125,000;1,000;MESURE
2025-11-18 16:00:00+01:00;125,000;1,000;MESURE
2025-11-18 17:00:00+01:00;4019,000;1,000;MESURE
2025-11-18 18:00:00+01:00;5734,000;1,000;MESURE
2025-11-18 19:00:00+01:00;5741,000;1,000;MESURE
2025-11-18 20:00:00+01:00;5592,000;1,000;MESURE
2025-11-18 21:00:00+01:00;5543,000;1,000;MESURE
2025-11-18 22:00:00+01:00;3682,000;1,000;MESURE
2025-11-18 23:00:00+01:00;3212,000;1,000;MESURE
2025-11-19 00:00:00+01:00;3012,000;1,000;MESURE
2025-11-19 01:00:00+01:00;3020,000;1,000;MESURE
2025-11-19 02:00:00+01:00;3015,000;1,000;MESURE
2025-11-19 03:00:00+01:00;3015,000;1,000;MESURE
2025-11-19 04:00:00+01:00;3026,000;1,000;MESURE
2025-11-19 05:00:00+01:00;5350,000;1,000;MESURE
2025-11-19 06:00:00+01:00;5588,000;1,000;MESURE
2025-11-19 07:00:00+01:00;2481,000;1,000;MESURE
2025-11-19 08:00:00+01:00;129,000;1,000;MESURE
2025-11-19 09:00:00+01:00;128,000;1,000;MESURE
2025-11-19 10:00:00+01:00;129,000;1,000;MESURE
2025-11-19 11:00:00+01:00;129,000;1,000;MESURE
2025-11-19 12:00:00+01:00;127,000;1,000;MESURE
2025-11-19 13:00:00+01:00;126,000;1,000;MESURE
2025-11-19 14:00:00+01:00;126,000;1,000;MESURE
2025-11-19 15:00:00+01:00;127,000;1,000;MESURE
2025-11-19 16:00:00+01:00;126,000;1,000;MESURE
2025-11-19 17:00:00+01:00;4125,000;1,000;MESURE
2025-11-19 18:00:00+01:00;5754,000;1,000;MESURE
2025-11-19 19:00:00+01:00;5714,000;1,000;MESURE
2025-11-19 20:00:00+01:00;5575,000;1,000;MESURE
2025-11-19 21:00:00+01:00;5561,000;1,000;MESURE
2025-11-19 22:00:00+01:00;3670,000;1,000;MESURE
2025-11-19 23:00:00+01:00;3195,000;1,000;MESURE
2025-11-20 00:00:00+01:00;3007,000;1,000;MESURE
2025-11-20 01:00:00+01:00;3015,000;1,000;MESURE
2025-11-20 02:00:00+01:00;3015,000;1,000;MESURE
2025-11-20 03:00:00+01:00;3025,000;1,000;MESURE
2025-11-20 04:00:00+01:00;3027,000;1,000;MESURE
2025-11-20 05:00:00+01:00;5338,000;1,000;MESURE
2025-11-20 06:00:00+01:00;5560,000;1,000;MESURE
2025-11-20 07:00:00+01:00;2592,000;1,000;MESURE
2025-11-20 08:00:00+01:00;128,000;1,000;MESURE
2025-11-20 09:00:00+01:00;128,000;1,000;MESURE
2025-11-20 10:00:00+01:00;126,000;1,000;MESURE
2025-11-20 11:00:00+01:00;125,000;1,000;MESURE
2025-11-20 12:00:00+01:00;125,000;1,000;MESURE
2025-11-20 13:00:00+01:00;125,000;1,000;MESURE
2025-11-20 14:00:00+01:00;125,000;1,000;MESURE
2025-11-20 15:00:00+01:00;126,000;1,000;MESURE
2025-11-20 16:00:00+01:00;126,000;1,000;MESURE
2025-11-20 17:00:00+01:00;4122,000;1,000;MESURE
2025-11-20 18:00:00+01:00;5715,000;1,000;MESURE
2025-11-20 19:00:00+01:00;5706,000;1,000;MESURE
2025-11-20 20:00:00+01:00;5591,000;1,000;MESURE
2025-11-20 21:00:00+01:00;5557,000;1,000;MESURE
2025-11-20 22:00:00+01:00;3679,000;1,000;MESURE
2025-11-20 23:00:00+01:00;3209,000;1,000;MESURE
2025-11-21 00:00:00+01:00;3018,000;1,000;MESURE
2025-11-21 01:00:00+01:00;3011,000;1,000;MESURE
2025-11-21 02:00:00+01:00;3010,000;1,000;MESURE
2025-11-21 03:00:00+01:00;3008,000;1,000;MESURE
2025-11-21 04:00:00+01:00;3009,000;1,000;MESURE
2025-11-21 05:00:00+01:00;5322,000;1,000;MESURE
2025-11-21 06:00:00+01:00;5575,000;1,000;MESURE
2025-11-21 07:00:00+01:00;2674,000;1,000;MESURE
2025-11-21 08:00:00+01:00;128,000;1,000;MESURE
2025-11-21 09:00:00+01:00;130,000;1,000;MESURE
2025-11-21 10:00:00+01:00;129,000;1,000;MESURE
2025-11-21 11:00:00+01:00;129,000;1,000;MESURE
2025-11-21 12:00:00+01:00;129,000;1,000;MESURE
2025-11-21 13:00:00+01:00;128,000;1,000;MESURE
2025-11-21 14:00:00+01:00;129,000;1,000;MESURE
2025-11-21 15:00:00+01:00;128,000;1,000;MESURE
2025-11-21 16:00:00+01:00;129,000;1,000;MESURE
2025-11-21 17:00:00+01:00;4257,000;1,000;MESURE
2025-11-21 18:00:00+01:00;5766,000;1,000;MESURE
2025-11-21 19:00:00+01:00;5750,000;1,000;MESURE
2025-11-21 20:00:00+01:00;5591,000;1,000;MESURE
2025-11-21 21:00:00+01:00;5554,000;1,000;MESURE
2025-11-21 22:00:00+01:00;3680,000;1,000;MESURE
2025-11-21 23:00:00+01:00;3199,000;1,000;MESURE
2025-11-22 00:00:00+01:00;3014,000;1,000;MESURE
2025-11-22 01:00:00+01:00;3022,000;1,000;MESURE
2025-11-22 02:00:00+01:00;3013,000;1,000;MESURE
2025-11-22 03:00:00+01:00;3021,000;1,000;MESURE
2025-11-22 04:00:00+01:00;3028,000;1,000;MESURE
2025-11-22 05:00:00+01:00;5351,000;1,000;MESURE
2025-11-22 06:00:00+01:00;5588,000;1,000;MESURE
2025-11-22 07:00:00+01:00;2877,000;1,000;MESURE
2025-11-22 08:00:00+01:00;128,000;1,000;MESURE
2025-11-22 09:00:00+01:00;128,000;1,000;MESURE
2025-11-22 10:00:00+01:00;128,000;1,000;MESURE
2025-11-22 11:00:00+01:00;128,000;1,000;MESURE
2025-11-22 12:00:00+01:00;128,000;1,000;MESURE
2025-11-22 13:00:00+01:00;129,000;1,000;MESURE
2025-11-22 14:00:00+01:00;129,000;1,000;MESURE
2025-11-22 15:00:00+01:00;129,000;1,000;MESURE
2025-11-22 16:00:00+01:00;128,000;1,000;MESURE
2025-11-22 17:00:00+01:00;4326,000;1,000;MESURE
2025-11-22 18:00:00+01:00;5734,000;1,000;MESURE
2025-11-22 19:00:00+01:00;5713,000;1,000;MESURE
2025-11-22 20:00:00+01:00;5602,000;1,000;MESURE
2025-11-22 21:00:00+01:00;5568,000;1,000;MESURE
2025-11-22 22:00:00+01:00;3669,000;1,000;MESURE
2025-11-22 23:00:00+01:00;3216,000;1,000;MESURE
2025-11-23 00:00:00+01:00;3005,000;1,000;MESURE
2025-11-23 01:00:00+01:00;3031,000;1,000;MESURE
2025-11-23 02:00:00+01:00;3039,000;1,000;MESURE
2025-11-23 03:00:00+01:00;3041,000;1,000;MESURE
2025-11-23 04:00:00+01:00;3050,000;1,000;MESURE
2025-11-23 05:00:00+01:00;5372,000;1,000;MESURE
2025-11-23 06:00:00+01:00;5590,000;1,000;MESURE
2025-11-23 07:00:00+01:00;2967,000;1,000;MESURE
2025-11-23 08:00:00+01:00;130,000;1,000;MESURE
2025-11-23 09:00:00+01:00;128,000;1,000;MESURE
2025-11-23 10:00:00+01:00;128,000;1,000;MESURE
2025-11-23 11:00:00+01:00;128,000;1,000;MESURE
2025-11-23 12:00:00+01:00;129,000;1,000;MESURE
2025-11-23 13:00:00+01:00;129,000;1,000;MESURE
2025-11-23 14:00:00+01:00;128,000;1,000;MESURE
2025-11-23 15:00:00+01:00;128,000;1,000;MESURE
2025-11-23 16:00:00+01:00;129,000;1,000;MESURE
2025-11-23 17:00:00+01:00;4399,000;1,000;MESURE
2025-11-23 18:00:00+01:00;5758,000;1,000;MESURE
2025-11-23 19:00:00+01:00;5725,000;1,000;MESURE
2025-11-23 20:00:00+01:00;5605,000;1,000;MESURE
2025-11-23 21:00:00+01:00;5562,000;1,000;MESURE
2025-11-23 22:00:00+01:00;3698,000;1,000;MESURE
2025-11-23 23:00:00+01:00;3219,000;1,000;MESURE
2025-11-24 00:00:00+01:00;3038,000;1,000;MESURE
2025-11-24 01:00:00+01:00;3044,000;1,000;MESURE
2025-11-24 02:00:00+01:00;3041,000;1,000;MESURE
2025-11-24 03:00:00+01:00;3046,000;1,000;MESURE
2025-11-24 04:00:00+01:00;3019,000;1,000;MESURE
2025-11-24 05:00:00+01:00;5333,000;1,000;MESURE
2025-11-24 06:00:00+01:00;5563,000;1,000;MESURE
2025-11-24 07:00:00+01:00;3050,000;1,000;MESURE
2025-11-24 08:00:00+01:00;131,000;1,000;MESURE
2025-11-24 09:00:00+01:00;129,000;1,000;MESURE
2025-11-24 10:00:00+01:00;128,000;1,000;MESURE
2025-11-24 11:00:00+01:00;125,000;1,000;MESURE
2025-11-24 12:00:00+01:00;125,000;1,000;MESURE
2025-11-24 13:00:00+01:00;124,000;1,000;MESURE
2025-11-24 14:00:00+01:00;125,000;1,000;MESURE
2025-11-24 15:00:00+01:00;125,000;1,000;MESURE
2025-11-24 16:00:00+01:00;128,000;1,000;MESURE
2025-11-24 17:00:00+01:00;4281,000;1,000;MESURE
2025-11-24 18:00:00+01:00;5718,000;1,000;MESURE
2025-11-24 19:00:00+01:00;5701,000;1,000;MESURE
2025-11-24 20:00:00+01:00;5553,000;1,000;MESURE
2025-11-24 21:00:00+01:00;5532,000;1,000;MESURE
2025-11-24 22:00:00+01:00;3671,000;1,000;MESURE
2025-11-24 23:00:00+01:00;3186,000;1,000;MESURE
2025-11-25 00:00:00+01:00;3006,000;1,000;MESURE
2025-11-25 01:00:00+01:00;3014,000;1,000;MESURE
2025-11-25 02:00:00+01:00;3013,000;1,000;MESURE
2025-11-25 03:00:00+01:00;3017,000;1,000;MESURE
2025-11-25 04:00:00+01:00;3019,000;1,000;MESURE
2025-11-25 05:00:00+01:00;5336,000;1,000;MESURE
2025-11-25 06:00:00+01:00;5564,000;1,000;MESURE
2025-11-25 07:00:00+01:00;3132,000;1,000;MESURE
2025-11-25 08:00:00+01:00;126,000;1,000;MESURE
2025-11-25 09:00:00+01:00;125,000;1,000;MESURE
2025-11-25 10:00:00+01:00;125,000;1,000;MESURE
2025-11-25 11:00:00+01:00;125,000;1,000;MESURE
2025-11-25 12:00:00+01:00;125,000;1,000;MESURE
2025-11-25 13:00:00+01:00;125,000;1,000;MESURE
2025-11-25 14:00:00+01:00;126,000;1,000;MESURE
2025-11-25 15:00:00+01:00;125,000;1,000;MESURE
2025-11-25 16:00:00+01:00;127,000;1,000;MESURE
2025-11-25 17:00:00+01:00;4489,000;1,000;MESURE
2025-11-25 18:00:00+01:00;5716,000;1,000;MESURE
2025-11-25 19:00:00+01:00;5697,000;1,000;MESURE
2025-11-25 20:00:00+01:00;5559,000;1,000;MESURE
2025-11-25 21:00:00+01:00;5537,000;1,000;MESURE
2025-11-25 22:00:00+01:00;3667,000;1,000;MESURE
2025-11-25 23:00:00+01:00;3203,000;1,000;MESURE
2025-11-26 00:00:00+01:00;3028,000;1,000;MESURE
2025-11-26 01:00:00+01:00;3032,000;1,000;MESURE
2025-11-26 02:00:00+01:00;3036,000;1,000;MESURE
2025-11-26 03:00:00+01:00;3017,000;1,000;MESURE
2025-11-26 04:00:00+01:00;3013,000;1,000;MESURE
2025-11-26 05:00:00+01:00;5327,000;1,000;MESURE
2025-11-26 06:00:00+01:00;5549,000;1,000;MESURE
2025-11-26 07:00:00+01:00;3330,000;1,000;MESURE
2025-11-26 08:00:00+01:00;126,000;1,000;MESURE
2025-11-26 09:00:00+01:00;125,000;1,000;MESURE
2025-11-26 10:00:00+01:00;126,000;1,000;MESURE
2025-11-26 11:00:00+01:00;125,000;1,000;MESURE
2025-11-26 12:00:00+01:00;126,000;1,000;MESURE
2025-11-26 13:00:00+01:00;125,000;1,000;MESURE
2025-11-26 14:00:00+01:00;126,000;1,000;MESURE
2025-11-26 15:00:00+01:00;126,000;1,000;MESURE
2025-11-26 16:00:00+01:00;126,000;1,000;MESURE
2025-11-26 17:00:00+01:00;4585,000;1,000;MESURE
2025-11-26 18:00:00+01:00;5718,000;1,000;MESURE
2025-11-26 19:00:00+01:00;5738,000;1,000;MESURE
2025-11-26 20:00:00+01:00;5560,000;1,000;MESURE
2025-11-26 21:00:00+01:00;5543,000;1,000;MESURE
2025-11-26 22:00:00+01:00;3653,000;1,000;MESURE
2025-11-26 23:00:00+01:00;3190,000;1,000;MESURE
2025-11-27 00:00:00+01:00;3011,000;1,000;MESURE
2025-11-27 01:00:00+01:00;3011,000;1,000;MESURE
2025-11-27 02:00:00+01:00;3016,000;1,000;MESURE
2025-11-27 03:00:00+01:00;3017,000;1,000;MESURE
2025-11-27 04:00:00+01:00;3017,000;1,000;MESURE
2025-11-27 05:00:00+01:00;5342,000;1,000;MESURE
2025-11-27 06:00:00+01:00;5587,000;1,000;MESURE
2025-11-27 07:00:00+01:00;3423,000;1,000;MESURE
2025-11-27 08:00:00+01:00;128,000;1,000;MESURE
2025-11-27 09:00:00+01:00;128,000;1,000;MESURE
2025-11-27 10:00:00+01:00;128,000;1,000;MESURE
2025-11-27 11:00:00+01:00;129,000;1,000;MESURE
2025-11-27 12:00:00+01:00;128,000;1,000;MESURE
2025-11-27 13:00:00+01:00;129,000;1,000;MESURE
2025-11-27 14:00:00+01:00;129,000;1,000;MESURE
2025-11-27 15:00:00+01:00;128,000;1,000;MESURE
2025-11-27 16:00:00+01:00;128,000;1,000;MESURE
2025-11-27 17:00:00+01:00;4606,000;1,000;MESURE
2025-11-27 18:00:00+01:00;5765,000;1,000;MESURE
2025-11-27 19:00:00+01:00;5750,000;1,000;MESURE
2025-11-27 20:00:00+01:00;5602,000;1,000;MESURE
2025-11-27 21:00:00+01:00;5536,000;1,000;MESURE
2025-11-27 22:00:00+01:00;3664,000;1,000;MESURE
2025-11-27 23:00:00+01:00;3214,000;1,000;MESURE
2025-11-28 00:00:00+01:00;3013,000;1,000;MESURE
2025-11-28 01:00:00+01:00;3022,000;1,000;MESURE
2025-11-28 02:00:00+01:00;3036,000;1,000;MESURE
2025-11-28 03:00:00+01:00;3043,000;1,000;MESURE
2025-11-28 04:00:00+01:00;3037,000;1,000;MESURE
2025-11-28 05:00:00+01:00;5357,000;1,000;MESURE
2025-11-28 06:00:00+01:00;5567,000;1,000;MESURE
2025-11-28 07:00:00+01:00;3535,000;1,000;MESURE
2025-11-28 08:00:00+01:00;128,000;1,000;MESURE
2025-11-28 09:00:00+01:00;128,000;1,000;MESURE
2025-11-28 10:00:00+01:00;125,000;1,000;MESURE
2025-11-28 11:00:00+01:00;125,000;1,000;MESURE
2025-11-28 12:00:00+01:00;125,000;1,000;MESURE
2025-11-28 13:00:00+01:00;125,000;1,000;MESURE
2025-11-28 14:00:00+01:00;126,000;1,000;MESURE
2025-11-28 15:00:00+01:00;126,000;1,000;MESURE
2025-11-28 16:00:00+01:00;125,000;1,000;MESURE
2025-11-28 17:00:00+01:00;4652,000;1,000;MESURE
2025-11-28 18:00:00+01:00;5712,000;1,000;MESURE
2025-11-28 19:00:00+01:00;5703,000;1,000;MESURE
2025-11-28 20:00:00+01:00;5574,000;1,000;MESURE
2025-11-28 21:00:00+01:00;5535,000;1,000;MESURE
2025-11-28 22:00:00+01:00;3676,000;1,000;MESURE
2025-11-28 23:00:00+01:00;3207,000;1,000;MESURE
2025-11-29 00:00:00+01:00;3032,000;1,000;MESURE
2025-11-29 01:00:00+01:00;3035,000;1,000;MESURE
2025-11-29 02:00:00+01:00;3034,000;1,000;MESURE
2025-11-29 03:00:00+01:00;3038,000;1,000;MESURE
2025-11-29 04:00:00+01:00;3038,000;1,000;MESURE
2025-11-29 05:00:00+01:00;5365,000;1,000;MESURE
2025-11-29 06:00:00+01:00;5552,000;1,000;MESURE
2025-11-29 07:00:00+01:00;3582,000;1,000;MESURE
2025-11-29 08:00:00+01:00;125,000;1,000;MESURE
2025-11-29 09:00:00+01:00;126,000;1,000;MESURE
2025-11-29 10:00:00+01:00;125,000;1,000;MESURE
2025-11-29 11:00:00+01:00;125,000;1,000;MESURE
2025-11-29 12:00:00+01:00;125,000;1,000;MESURE
2025-11-29 13:00:00+01:00;125,000;1,000;MESURE
2025-11-29 14:00:00+01:00;126,000;1,000;MESURE
2025-11-29 15:00:00+01:00;125,000;1,000;MESURE
2025-11-29 16:00:00+01:00;124,000;1,000;MESURE
2025-11-29 17:00:00+01:00;4668,000;1,000;MESURE
2025-11-29 18:00:00+01:00;5714,000;1,000;MESURE
2025-11-29 19:00:00+01:00;5696,000;1,000;MESURE
2025-11-29 20:00:00+01:00;5587,000;1,000;MESURE
2025-11-29 21:00:00+01:00;5549,000;1,000;MESURE
2025-11-29 22:00:00+01:00;3676,000;1,000;MESURE
2025-11-29 23:00:00+01:00;3206,000;1,000;MESURE
2025-11-30 00:00:00+01:00;3009,000;1,000;MESURE
2025-11-30 01:00:00+01:00;3023,000;1,000;MESURE
2025-11-30 02:00:00+01:00;3008,000;1,000;MESURE
2025-11-30 03:00:00+01:00;3001,000;1,000;MESURE
2025-11-30 04:00:00+01:00;3000,000;1,000;MESURE
2025-11-30 05:00:00+01:00;5312,000;1,000;MESURE
2025-11-30 06:00:00+01:00;5546,000;1,000;MESURE
2025-11-30 07:00:00+01:00;3674,000;1,000;MESURE
2025-11-30 08:00:00+01:00;125,000;1,000;MESURE
2025-11-30 09:00:00+01:00;127,000;1,000;MESURE
2025-11-30 10:00:00+01:00;125,000;1,000;MESURE
2025-11-30 11:00:00+01:00;125,000;1,000;MESURE
2025-11-30 12:00:00+01:00;125,000;1,000;MESURE
2025-11-30 13:00:00+01:00;124,000;1,000;MESURE
2025-11-30 14:00:00+01:00;125,000;1,000;MESURE
2025-11-30 15:00:00+01:00;125,000;1,000;MESURE
2025-11-30 16:00:00+01:00;127,000;1,000;MESURE
2025-11-30 17:00:00+01:00;4791,000;1,000;MESURE
2025-11-30 18:00:00+01:00;5755,000;1,000;MESURE
2025-11-30 19:00:00+01:00;5733,000;1,000;MESURE
2025-11-30 20:00:00+01:00;5557,000;1,000;MESURE
2025-11-30 21:00:00+01:00;5527,000;1,000;MESURE
2025-11-30 22:00:00+01:00;3670,000;1,000;MESURE
2025-11-30 23:00:00+01:00;3192,000;1,000;MESURE
2025-12-01 00:00:00+01:00;2996,000;1,000;MESURE
2025-12-01 01:00:00+01:00;3001,000;1,000;MESURE
2025-12-01 02:00:00+01:00;3012,000;1,000;MESURE
2025-12-01 03:00:00+01:00;3006,000;1,000;MESURE
2025-12-01 04:00:00+01:00;3001,000;1,000;MESURE
2025-12-01 05:00:00+01:00;5318,000;1,000;MESURE
2025-12-01 06:00:00+01:00;5540,000;1,000;MESURE
2025-12-01 07:00:00+01:00;3878,000;1,000;MESURE
2025-12-01 08:00:00+01:00;127,000;1,000;MESURE
2025-12-01 09:00:00+01:00;126,000;1,000;MESURE
2025-12-01 10:00:00+01:00;124,000;1,000;MESURE
2025-12-01 11:00:00+01:00;125,000;1,000;MESURE
2025-12-01 12:00:00+01:00;125,000;1,000;MESURE
2025-12-01 13:00:00+01:00;124,000;1,000;MESURE
2025-12-01 14:00:00+01:00;125,000;1,000;MESURE
2025-12-01 15:00:00+01:00;125,000;1,000;MESURE
2025-12-01 16:00:00+01:00;126,000;1,000;MESURE
2025-12-01 17:00:00+01:00;4775,000;1,000;MESURE
2025-12-01 18:00:00+01:00;5713,000;1,000;MESURE
2025-12-01 19:00:00+01:00;5701,000;1,000;MESURE
2025-12-01 20:00:00+01:00;5578,000;1,000;MESURE
2025-12-01 21:00:00+01:00;5537,000;1,000;MESURE
2025-12-01 22:00:00+01:00;3676,000;1,000;MESURE
2025-12-01 23:00:00+01:00;3198,000;1,000;MESURE
2025-12-02 00:00:00+01:00;3011,000;1,000;MESURE
2025-12-02 01:00:00+01:00;3029,000;1,000;MESURE
2025-12-02 02:00:00+01:00;3032,000;1,000;MESURE
2025-12-02 03:00:00+01:00;3015,000;1,000;MESURE
2025-12-02 04:00:00+01:00;3016,000;1,000;MESURE
2025-12-02 05:00:00+01:00;5331,000;1,000;MESURE
2025-12-02 06:00:00+01:00;5578,000;1,000;MESURE
2025-12-02 07:00:00+01:00;3977,000;1,000;MESURE
2025-12-02 08:00:00+01:00;129,000;1,000;MESURE
2025-12-02 09:00:00+01:00;125,000;1,000;MESURE
2025-12-02 10:00:00+01:00;124,000;1,000;MESURE
2025-12-02 11:00:00+01:00;125,000;1,000;MESURE
2025-12-02 12:00:00+01:00;124,000;1,000;MESURE
2025-12-02 13:00:00+01:00;124,000;1,000;MESURE
2025-12-02 14:00:00+01:00;125,000;1,000;MESURE
2025-12-02 15:00:00+01:00;124,000;1,000;MESURE
2025-12-02 16:00:00+01:00;126,000;1,000;MESURE
2025-12-02 17:00:00+01:00;4757,000;1,000;MESURE
2025-12-02 18:00:00+01:00;5752,000;1,000;MESURE
2025-12-02 19:00:00+01:00;5729,000;1,000;MESURE
2025-12-02 20:00:00+01:00;5553,000;1,000;MESURE
2025-12-02 21:00:00+01:00;5531,000;1,000;MESURE
2025-12-02 22:00:00+01:00;3670,000;1,000;MESURE
2025-12-02 23:00:00+01:00;3203,000;1,000;MESURE
2025-12-03 00:00:00+01:00;3023,000;1,000;MESURE
2025-12-03 01:00:00+01:00;3009,000;1,000;MESURE
2025-12-03 02:00:00+01:00;3018,000;1,000;MESURE
2025-12-03 03:00:00+01:00;3008,000;1,000;MESURE
2025-12-03 04:00:00+01:00;3007,000;1,000;MESURE
2025-12-03 05:00:00+01:00;5317,000;1,000;MESURE
2025-12-03 06:00:00+01:00;5544,000;1,000;MESURE
2025-12-03 07:00:00+01:00;4083,000;1,000;MESURE
2025-12-03 08:00:00+01:00;129,000;1,000;MESURE
2025-12-03 09:00:00+01:00;127,000;1,000;MESURE
2025-12-03 10:00:00+01:00;127,000;1,000;MESURE
2025-12-03 11:00:00+01:00;126,000;1,000;MESURE
2025-12-03 12:00:00+01:00;127,000;1,000;MESURE
2025-12-03 13:00:00+01:00;127,000;1,000;MESURE
2025-12-03 14:00:00+01:00;126,000;1,000;MESURE
2025-12-03 15:00:00+01:00;125,000;1,000;MESURE
2025-12-03 16:00:00+01:00;126,000;1,000;MESURE
2025-12-03 17:00:00+01:00;4892,000;1,000;MESURE
2025-12-03 18:00:00+01:00;5743,000;1,000;MESURE
2025-12-03 19:00:00+01:00;5726,000;1,000;MESURE
2025-12-03 20:00:00+01:00;5551,000;1,000;MESURE
2025-12-03 21:00:00+01:00;5526,000;1,000;MESURE
2025-12-03 22:00:00+01:00;3675,000;1,000;MESURE
2025-12-03 23:00:00+01:00;3204,000;1,000;MESURE
2025-12-04 00:00:00+01:00;3001,000;1,000;MESURE
2025-12-04 01:00:00+01:00;3000,000;1,000;MESURE
2025-12-04 02:00:00+01:00;3003,000;1,000;MESURE
2025-12-04 03:00:00+01:00;3001,000;1,000;MESURE
2025-12-04 04:00:00+01:00;3004,000;1,000;MESURE
2025-12-04 05:00:00+01:00;5312,000;1,000;MESURE
2025-12-04 06:00:00+01:00;5537,000;1,000;MESURE
2025-12-04 07:00:00+01:00;4131,000;1,000;MESURE
2025-12-04 08:00:00+01:00;127,000;1,000;MESURE
2025-12-04 09:00:00+01:00;125,000;1,000;MESURE
2025-12-04 10:00:00+01:00;125,000;1,000;MESURE
2025-12-04 11:00:00+01:00;124,000;1,000;MESURE
2025-12-04 12:00:00+01:00;125,000;1,000;MESURE
2025-12-04 13:00:00+01:00;124,000;1,000;MESURE
2025-12-04 14:00:00+01:00;125,000;1,000;MESURE
2025-12-04 15:00:00+01:00;125,000;1,000;MESURE
2025-12-04 16:00:00+01:00;126,000;1,000;MESURE
2025-12-04 17:00:00+01:00;4849,000;1,000;MESURE
2025-12-04 18:00:00+01:00;5722,000;1,000;MESURE
2025-12-04 19:00:00+01:00;5726,000;1,000;MESURE
2025-12-04 20:00:00+01:00;5552,000;1,000;MESURE
2025-12-04 21:00:00+01:00;5522,000;1,000;MESURE
2025-12-04 22:00:00+01:00;3663,000;1,000;MESURE
2025-12-04 23:00:00+01:00;3200,000;1,000;MESURE
2025-12-05 00:00:00+01:00;2995,000;1,000;MESURE
2025-12-05 01:00:00+01:00;2996,000;1,000;MESURE
2025-12-05 02:00:00+01:00;3012,000;1,000;MESURE
2025-12-05 03:00:00+01:00;3001,000;1,000;MESURE
2025-12-05 04:00:00+01:00;3011,000;1,000;MESURE
2025-12-05 05:00:00+01:00;5331,000;1,000;MESURE
2025-12-05 06:00:00+01:00;5577,000;1,000;MESURE
2025-12-05 07:00:00+01:00;4289,000;1,000;MESURE
2025-12-05 08:00:00+01:00;128,000;1,000;MESURE
2025-12-05 09:00:00+01:00;127,000;1,000;MESURE
2025-12-05 10:00:00+01:00;125,000;1,000;MESURE
2025-12-05 11:00:00+01:00;125,000;1,000;MESURE
2025-12-05 12:00:00+01:00;125,000;1,000;MESURE
2025-12-05 13:00:00+01:00;125,000;1,000;MESURE
2025-12-05 14:00:00+01:00;125,000;1,000;MESURE
2025-12-05 15:00:00+01:00;125,000;1,000;MESURE
2025-12-05 16:00:00+01:00;127,000;1,000;MESURE
2025-12-05 17:00:00+01:00;4829,000;1,000;MESURE
2025-12-05 18:00:00+01:00;5708,000;1,000;MESURE
2025-12-05 19:00:00+01:00;5708,000;1,000;MESURE
2025-12-05 20:00:00+01:00;5580,000;1,000;MESURE
2025-12-05 21:00:00+01:00;5545,000;1,000;MESURE
2025-12-05 22:00:00+01:00;3649,000;1,000;MESURE
2025-12-05 23:00:00+01:00;3200,000;1,000;MESURE
2025-12-06 00:00:00+01:00;3014,000;1,000;MESURE
2025-12-06 01:00:00+01:00;3022,000;1,000;MESURE
2025-12-06 02:00:00+01:00;3020,000;1,000;MESURE
2025-12-06 03:00:00+01:00;3003,000;1,000;MESURE
2025-12-06 04:00:00+01:00;2994,000;1,000;MESURE
2025-12-06 05:00:00+01:00;5301,000;1,000;MESURE
2025-12-06 06:00:00+01:00;5548,000;1,000;MESURE
2025-12-06 07:00:00+01:00;4333,000;1,000;MESURE
2025-12-06 08:00:00+01:00;126,000;1,000;MESURE
2025-12-06 09:00:00+01:00;125,000;1,000;MESURE
2025-12-06 10:00:00+01:00;126,000;1,000;MESURE
2025-12-06 11:00:00+01:00;126,000;1,000;MESURE
2025-12-06 12:00:00+01:00;126,000;1,000;MESURE
2025-12-06 13:00:00+01:00;126,000;1,000;MESURE
2025-12-06 14:00:00+01:00;125,000;1,000;MESURE
2025-12-06 15:00:00+01:00;125,000;1,000;MESURE
2025-12-06 16:00:00+01:00;126,000;1,000;MESURE
2025-12-06 17:00:00+01:00;4875,000;1,000;MESURE
2025-12-06 18:00:00+01:00;5745,000;1,000;MESURE
2025-12-06 19:00:00+01:00;5722,000;1,000;MESURE
2025-12-06 20:00:00+01:00;5555,000;1,000;MESURE
2025-12-06 21:00:00+01:00;5529,000;1,000;MESURE
2025-12-06 22:00:00+01:00;3643,000;1,000;MESURE
2025-12-06 23:00:00+01:00;3195,000;1,000;MESURE
2025-12-07 00:00:00+01:00;2999,000;1,000;MESURE
2025-12-07 01:00:00+01:00;2996,000;1,000;MESURE
2025-12-07 02:00:00+01:00;3004,000;1,000;MESURE
2025-12-07 03:00:00+01:00;2999,000;1,000;MESURE
2025-12-07 04:00:00+01:00;3002,000;1,000;MESURE
2025-12-07 05:00:00+01:00;5315,000;1,000;MESURE
2025-12-07 06:00:00+01:00;5547,000;1,000;MESURE
2025-12-07 07:00:00+01:00;4413,000;1,000;MESURE
2025-12-07 08:00:00+01:00;127,000;1,000;MESURE
2025-12-07 09:00:00+01:00;125,000;1,000;MESURE
2025-12-07 10:00:00+01:00;124,000;1,000;MESURE
2025-12-07 11:00:00+01:00;125,000;1,000;MESURE
2025-12-07 12:00:00+01:00;127,000;1,000;MESURE
2025-12-07 13:00:00+01:00;127,000;1,000;MESURE
2025-12-07 14:00:00+01:00;125,000;1,000;MESURE
2025-12-07 15:00:00+01:00;124,000;1,000;MESURE
2025-12-07 16:00:00+01:00;126,000;1,000;MESURE
2025-12-07 17:00:00+01:00;4786,000;1,000;MESURE
2025-12-07 18:00:00+01:00;5675,000;1,000;MESURE
2025-12-07 19:00:00+01:00;5655,000;1,000;MESURE
2025-12-07 20:00:00+01:00;5484,000;1,000;MESURE
2025-12-07 21:00:00+01:00;5420,000;1,000;MESURE
2025-12-07 22:00:00+01:00;3612,000;1,000;MESURE
2025-12-07 23:00:00+01:00;3163,000;1,000;MESURE
2025-12-08 00:00:00+01:00;2963,000;1,000;MESURE
2025-12-08 01:00:00+01:00;2968,000;1,000;MESURE
2025-12-08 02:00:00+01:00;2970,000;1,000;MESURE
2025-12-08 03:00:00+01:00;2975,000;1,000;MESURE
2025-12-08 04:00:00+01:00;2977,000;1,000;MESURE
2025-12-08 05:00:00+01:00;5245,000;1,000;MESURE
2025-12-08 06:00:00+01:00;5463,000;1,000;MESURE
2025-12-08 07:00:00+01:00;4442,000;1,000;MESURE
2025-12-08 08:00:00+01:00;126,000;1,000;MESURE
2025-12-08 09:00:00+01:00;124,000;1,000;MESURE
2025-12-08 10:00:00+01:00;124,000;1,000;MESURE
2025-12-08 11:00:00+01:00;125,000;1,000;MESURE
2025-12-08 12:00:00+01:00;124,000;1,000;MESURE
2025-12-08 13:00:00+01:00;124,000;1,000;MESURE
2025-12-08 14:00:00+01:00;125,000;1,000;MESURE
2025-12-08 15:00:00+01:00;125,000;1,000;MESURE
2025-12-08 16:00:00+01:00;125,000;1,000;MESURE
2025-12-08 17:00:00+01:00;4866,000;1,000;MESURE
2025-12-08 18:00:00+01:00;5607,000;1,000;MESURE
2025-12-08 19:00:00+01:00;5601,000;1,000;MESURE
2025-12-08 20:00:00+01:00;5485,000;1,000;MESURE
2025-12-08 21:00:00+01:00;5473,000;1,000;MESURE
2025-12-08 22:00:00+01:00;3625,000;1,000;MESURE
2025-12-08 23:00:00+01:00;3160,000;1,000;MESURE
2025-12-09 00:00:00+01:00;2984,000;1,000;MESURE
2025-12-09 01:00:00+01:00;2981,000;1,000;MESURE
2025-12-09 02:00:00+01:00;2982,000;1,000;MESURE
2025-12-09 03:00:00+01:00;2993,000;1,000;MESURE
2025-12-09 04:00:00+01:00;2991,000;1,000;MESURE
2025-12-09 05:00:00+01:00;5265,000;1,000;MESURE
2025-12-09 06:00:00+01:00;5489,000;1,000;MESURE
2025-12-09 07:00:00+01:00;4560,000;1,000;MESURE
2025-12-09 08:00:00+01:00;126,000;1,000;MESURE
2025-12-09 09:00:00+01:00;124,000;1,000;MESURE
2025-12-09 10:00:00+01:00;124,000;1,000;MESURE
2025-12-09 11:00:00+01:00;125,000;1,000;MESURE
2025-12-09 12:00:00+01:00;124,000;1,000;MESURE
2025-12-09 13:00:00+01:00;125,000;1,000;MESURE
2025-12-09 14:00:00+01:00;126,000;1,000;MESURE
2025-12-09 15:00:00+01:00;125,000;1,000;MESURE
2025-12-09 16:00:00+01:00;125,000;1,000;MESURE
2025-12-09 17:00:00+01:00;4909,000;1,000;MESURE
2025-12-09 18:00:00+01:00;5655,000;1,000;MESURE
2025-12-09 19:00:00+01:00;5640,000;1,000;MESURE
2025-12-09 20:00:00+01:00;5497,000;1,000;MESURE
2025-12-09 21:00:00+01:00;5477,000;1,000;MESURE
2025-12-09 22:00:00+01:00;3621,000;1,000;MESURE
2025-12-09 23:00:00+01:00;3176,000;1,000;MESURE
2025-12-10 00:00:00+01:00;2986,000;1,000;MESURE
2025-12-10 01:00:00+01:00;2982,000;1,000;MESURE
2025-12-10 02:00:00+01:00;2984,000;1,000;MESURE
2025-12-10 03:00:00+01:00;2978,000;1,000;MESURE
2025-12-10 04:00:00+01:00;2973,000;1,000;MESURE
2025-12-10 05:00:00+01:00;5252,000;1,000;MESURE
2025-12-10 06:00:00+01:00;5478,000;1,000;MESURE
2025-12-10 07:00:00+01:00;4651,000;1,000;MESURE
2025-12-10 08:00:00+01:00;126,000;1,000;MESURE
2025-12-10 09:00:00+01:00;124,000;1,000;MESURE
2025-12-10 10:00:00+01:00;124,000;1,000;MESURE
2025-12-10 11:00:00+01:00;124,000;1,000;MESURE
2025-12-10 12:00:00+01:00;124,000;1,000;MESURE
2025-12-10 13:00:00+01:00;124,000;1,000;MESURE
2025-12-10 14:00:00+01:00;125,000;1,000;MESURE
2025-12-10 15:00:00+01:00;125,000;1,000;MESURE
2025-12-10 16:00:00+01:00;126,000;1,000;MESURE
2025-12-10 17:00:00+01:00;4875,000;1,000;MESURE
2025-12-10 18:00:00+01:00;5653,000;1,000;MESURE
2025-12-10 19:00:00+01:00;5621,000;1,000;MESURE
2025-12-10 20:00:00+01:00;5507,000;1,000;MESURE
2025-12-10 21:00:00+01:00;5458,000;1,000;MESURE
2025-12-10 22:00:00+01:00;3634,000;1,000;MESURE
2025-12-10 23:00:00+01:00;3149,000;1,000;MESURE
2025-12-11 00:00:00+01:00;2971,000;1,000;MESURE
2025-12-11 01:00:00+01:00;2978,000;1,000;MESURE
2025-12-11 02:00:00+01:00;2975,000;1,000;MESURE
2025-12-11 03:00:00+01:00;2977,000;1,000;MESURE
2025-12-11 04:00:00+01:00;2988,000;1,000;MESURE
2025-12-11 05:00:00+01:00;5260,000;1,000;MESURE
2025-12-11 06:00:00+01:00;5477,000;1,000;MESURE
2025-12-11 07:00:00+01:00;4755,000;1,000;MESURE
2025-12-11 08:00:00+01:00;128,000;1,000;MESURE
2025-12-11 09:00:00+01:00;125,000;1,000;MESURE
2025-12-11 10:00:00+01:00;146,000;1,000;MESURE
2025-12-11 11:00:00+01:00;125,000;1,000;MESURE
2025-12-11 12:00:00+01:00;124,000;1,000;MESURE
2025-12-11 13:00:00+01:00;125,000;1,000;MESURE
2025-12-11 14:00:00+01:00;126,000;1,000;MESURE
2025-12-11 15:00:00+01:00;125,000;1,000;MESURE
2025-12-11 16:00:00+01:00;127,000;1,000;MESURE
2025-12-11 17:00:00+01:00;4898,000;1,000;MESURE
2025-12-11 18:00:00+01:00;5640,000;1,000;MESURE
2025-12-11 19:00:00+01:00;5628,000;1,000;MESURE
2025-12-11 20:00:00+01:00;5487,000;1,000;MESURE
2025-12-11 21:00:00+01:00;5467,000;1,000;MESURE
2025-12-11 22:00:00+01:00;3632,000;1,000;MESURE
2025-12-11 23:00:00+01:00;3153,000;1,000;MESURE
2025-12-12 00:00:00+01:00;2982,000;1,000;MESURE
2025-12-12 01:00:00+01:00;2986,000;1,000;MESURE
2025-12-12 02:00:00+01:00;2985,000;1,000;MESURE
2025-12-12 03:00:00+01:00;2987,000;1,000;MESURE
2025-12-12 04:00:00+01:00;2982,000;1,000;MESURE
2025-12-12 05:00:00+01:00;5253,000;1,000;MESURE
2025-12-12 06:00:00+01:00;5466,000;1,000;MESURE
2025-12-12 07:00:00+01:00;4738,000;1,000;MESURE
2025-12-12 08:00:00+01:00;128,000;1,000;MESURE
2025-12-12 09:00:00+01:00;126,000;1,000;MESURE
2025-12-12 10:00:00+01:00;124,000;1,000;MESURE
2025-12-12 11:00:00+01:00;125,000;1,000;MESURE
2025-12-12 12:00:00+01:00;124,000;1,000;MESURE
2025-12-12 13:00:00+01:00;124,000;1,000;MESURE
2025-12-12 14:00:00+01:00;125,000;1,000;MESURE
2025-12-12 15:00:00+01:00;126,000;1,000;MESURE
2025-12-12 16:00:00+01:00;126,000;1,000;MESURE
2025-12-12 17:00:00+01:00;4812,000;1,000;MESURE
2025-12-12 18:00:00+01:00;5637,000;1,000;MESURE
2025-12-12 19:00:00+01:00;5623,000;1,000;MESURE
2025-12-12 20:00:00+01:00;5483,000;1,000;MESURE
2025-12-12 21:00:00+01:00;5466,000;1,000;MESURE
2025-12-12 22:00:00+01:00;3634,000;1,000;MESURE
2025-12-12 23:00:00+01:00;3142,000;1,000;MESURE
2025-12-13 00:00:00+01:00;2970,000;1,000;MESURE
2025-12-13 01:00:00+01:00;2982,000;1,000;MESURE
2025-12-13 02:00:00+01:00;2981,000;1,000;MESURE
2025-12-13 03:00:00+01:00;2983,000;1,000;MESURE
2025-12-13 04:00:00+01:00;2985,000;1,000;MESURE
2025-12-13 05:00:00+01:00;5266,000;1,000;MESURE
2025-12-13 06:00:00+01:00;5464,000;1,000;MESURE
2025-12-13 07:00:00+01:00;4834,000;1,000;MESURE
2025-12-13 08:00:00+01:00;127,000;1,000;MESURE
2025-12-13 09:00:00+01:00;125,000;1,000;MESURE
2025-12-13 10:00:00+01:00;125,000;1,000;MESURE
2025-12-13 11:00:00+01:00;124,000;1,000;MESURE
2025-12-13 12:00:00+01:00;125,000;1,000;MESURE
2025-12-13 13:00:00+01:00;124,000;1,000;MESURE
2025-12-13 14:00:00+01:00;125,000;1,000;MESURE
2025-12-13 15:00:00+01:00;125,000;1,000;MESURE
2025-12-13 16:00:00+01:00;127,000;1,000;MESURE
2025-12-13 17:00:00+01:00;4785,000;1,000;MESURE
2025-12-13 18:00:00+01:00;5643,000;1,000;MESURE
2025-12-13 19:00:00+01:00;5629,000;1,000;MESURE
2025-12-13 20:00:00+01:00;5490,000;1,000;MESURE
2025-12-13 21:00:00+01:00;5477,000;1,000;MESURE
2025-12-13 22:00:00+01:00;3631,000;1,000;MESURE
2025-12-13 23:00:00+01:00;3152,000;1,000;MESURE
2025-12-14 00:00:00+01:00;2974,000;1,000;MESURE
2025-12-14 01:00:00+01:00;2977,000;1,000;MESURE
2025-12-14 02:00:00+01:00;2978,000;1,000;MESURE
2025-12-14 03:00:00+01:00;2986,000;1,000;MESURE
2025-12-14 04:00:00+01:00;2982,000;1,000;MESURE
2025-12-14 05:00:00+01:00;5257,000;1,000;MESURE
2025-12-14 06:00:00+01:00;5465,000;1,000;MESURE
2025-12-14 07:00:00+01:00;4929,000;1,000;MESURE
2025-12-14 08:00:00+01:00;128,000;1,000;MESURE
2025-12-14 09:00:00+01:00;125,000;1,000;MESURE
2025-12-14 10:00:00+01:00;125,000;1,000;MESURE
2025-12-14 11:00:00+01:00;124,000;1,000;MESURE
2025-12-14 12:00:00+01:00;124,000;1,000;MESURE
2025-12-14 13:00:00+01:00;124,000;1,000;MESURE
2025-12-14 14:00:00+01:00;125,000;1,000;MESURE
2025-12-14 15:00:00+01:00;124,000;1,000;MESURE
2025-12-14 16:00:00+01:00;126,000;1,000;MESURE
2025-12-14 17:00:00+01:00;4793,000;1,000;MESURE
2025-12-14 18:00:00+01:00;5642,000;1,000;MESURE
2025-12-14 19:00:00+01:00;5632,000;1,000;MESURE
2025-12-14 20:00:00+01:00;5495,000;1,000;MESURE
2025-12-14 21:00:00+01:00;5471,000;1,000;MESURE
2025-12-14 22:00:00+01:00;3622,000;1,000;MESURE
2025-12-14 23:00:00+01:00;3149,000;1,000;MESURE
2025-12-15 00:00:00+01:00;2969,000;1,000;MESURE
2025-12-15 01:00:00+01:00;2976,000;1,000;MESURE
2025-12-15 02:00:00+01:00;2970,000;1,000;MESURE
2025-12-15 03:00:00+01:00;2973,000;1,000;MESURE
2025-12-15 04:00:00+01:00;2973,000;1,000;MESURE
2025-12-15 05:00:00+01:00;5254,000;1,000;MESURE
2025-12-15 06:00:00+01:00;5482,000;1,000;MESURE
2025-12-15 07:00:00+01:00;5057,000;1,000;MESURE
2025-12-15 08:00:00+01:00;130,000;1,000;MESURE
2025-12-15 09:00:00+01:00;127,000;1,000;MESURE
2025-12-15 10:00:00+01:00;125,000;1,000;MESURE
2025-12-15 11:00:00+01:00;124,000;1,000;MESURE
2025-12-15 12:00:00+01:00;125,000;1,000;MESURE
2025-12-15 13:00:00+01:00;124,000;1,000;MESURE
2025-12-15 14:00:00+01:00;125,000;1,000;MESURE
2025-12-15 15:00:00+01:00;124,000;1,000;MESURE
2025-12-15 16:00:00+01:00;126,000;1,000;MESURE
2025-12-15 17:00:00+01:00;4810,000;1,000;MESURE
2025-12-15 18:00:00+01:00;5678,000;1,000;MESURE
2025-12-15 19:00:00+01:00;5657,000;1,000;MESURE
2025-12-15 20:00:00+01:00;5495,000;1,000;MESURE
2025-12-15 21:00:00+01:00;5463,000;1,000;MESURE
2025-12-15 22:00:00+01:00;3637,000;1,000;MESURE
2025-12-15 23:00:00+01:00;3165,000;1,000;MESURE
2025-12-16 00:00:00+01:00;2965,000;1,000;MESURE
2025-12-16 01:00:00+01:00;2972,000;1,000;MESURE
2025-12-16 02:00:00+01:00;2971,000;1,000;MESURE
2025-12-16 03:00:00+01:00;2974,000;1,000;MESURE
2025-12-16 04:00:00+01:00;2973,000;1,000;MESURE
2025-12-16 05:00:00+01:00;5262,000;1,000;MESURE
2025-12-16 06:00:00+01:00;5482,000;1,000;MESURE
2025-12-16 07:00:00+01:00;5009,000;1,000;MESURE
2025-12-16 08:00:00+01:00;127,000;1,000;MESURE
2025-12-16 09:00:00+01:00;125,000;1,000;MESURE
2025-12-16 10:00:00+01:00;124,000;1,000;MESURE
2025-12-16 11:00:00+01:00;124,000;1,000;MESURE
2025-12-16 12:00:00+01:00;124,000;1,000;MESURE
2025-12-16 13:00:00+01:00;124,000;1,000;MESURE
2025-12-16 14:00:00+01:00;125,000;1,000;MESURE
2025-12-16 15:00:00+01:00;125,000;1,000;MESURE
2025-12-16 16:00:00+01:00;125,000;1,000;MESURE
2025-12-16 17:00:00+01:00;4812,000;1,000;MESURE
2025-12-16 18:00:00+01:00;5636,000;1,000;MESURE
2025-12-16 19:00:00+01:00;5647,000;1,000;MESURE
2025-12-16 20:00:00+01:00;5489,000;1,000;MESURE
2025-12-16 21:00:00+01:00;5470,000;1,000;MESURE
2025-12-16 22:00:00+01:00;3642,000;1,000;MESURE
2025-12-16 23:00:00+01:00;3175,000;1,000;MESURE
2025-12-17 00:00:00+01:00;2995,000;1,000;MESURE
2025-12-17 01:00:00+01:00;2982,000;1,000;MESURE
2025-12-17 02:00:00+01:00;2985,000;1,000;MESURE
2025-12-17 03:00:00+01:00;2989,000;1,000;MESURE
2025-12-17 04:00:00+01:00;2990,000;1,000;MESURE
2025-12-17 05:00:00+01:00;5264,000;1,000;MESURE
2025-12-17 06:00:00+01:00;5488,000;1,000;MESURE
2025-12-17 07:00:00+01:00;5117,000;1,000;MESURE
2025-12-17 08:00:00+01:00;127,000;1,000;MESURE
2025-12-17 09:00:00+01:00;126,000;1,000;MESURE
2025-12-17 10:00:00+01:00;125,000;1,000;MESURE
2025-12-17 11:00:00+01:00;124,000;1,000;MESURE
2025-12-17 12:00:00+01:00;125,000;1,000;MESURE
2025-12-17 13:00:00+01:00;124,000;1,000;MESURE
2025-12-17 14:00:00+01:00;125,000;1,000;MESURE
2025-12-17 15:00:00+01:00;124,000;1,000;MESURE
2025-12-17 16:00:00+01:00;125,000;1,000;MESURE
2025-12-17 17:00:00+01:00;4688,000;1,000;MESURE
2025-12-17 18:00:00+01:00;5650,000;1,000;MESURE
2025-12-17 19:00:00+01:00;5640,000;1,000;MESURE
2025-12-17 20:00:00+01:00;5498,000;1,000;MESURE
2025-12-17 21:00:00+01:00;5481,000;1,000;MESURE
2025-12-17 22:00:00+01:00;3647,000;1,000;MESURE
2025-12-17 23:00:00+01:00;3163,000;1,000;MESURE
2025-12-18 00:00:00+01:00;2989,000;1,000;MESURE
2025-12-18 01:00:00+01:00;2988,000;1,000;MESURE
2025-12-18 02:00:00+01:00;2978,000;1,000;MESURE
2025-12-18 03:00:00+01:00;2983,000;1,000;MESURE
2025-12-18 04:00:00+01:00;3000,000;1,000;MESURE
2025-12-18 05:00:00+01:00;5290,000;1,000;MESURE
2025-12-18 06:00:00+01:00;5496,000;1,000;MESURE
2025-12-18 07:00:00+01:00;5233,000;1,000;MESURE
2025-12-18 08:00:00+01:00;125,000;1,000;MESURE
2025-12-18 09:00:00+01:00;125,000;1,000;MESURE
2025-12-18 10:00:00+01:00;125,000;1,000;MESURE
2025-12-18 11:00:00+01:00;126,000;1,000;MESURE
2025-12-18 12:00:00+01:00;126,000;1,000;MESURE
2025-12-18 13:00:00+01:00;125,000;1,000;MESURE
2025-12-18 14:00:00+01:00;125,000;1,000;MESURE
2025-12-18 15:00:00+01:00;124,000;1,000;MESURE
2025-12-18 16:00:00+01:00;125,000;1,000;MESURE
2025-12-18 17:00:00+01:00;4715,000;1,000;MESURE
2025-12-18 18:00:00+01:00;5645,000;1,000;MESURE
2025-12-18 19:00:00+01:00;5654,000;1,000;MESURE
2025-12-18 20:00:00+01:00;5515,000;1,000;MESURE
2025-12-18 21:00:00+01:00;5467,000;1,000;MESURE
2025-12-18 22:00:00+01:00;3643,000;1,000;MESURE
2025-12-18 23:00:00+01:00;3151,000;1,000;MESURE
2025-12-19 00:00:00+01:00;2977,000;1,000;MESURE
2025-12-19 01:00:00+01:00;2977,000;1,000;MESURE
2025-12-19 02:00:00+01:00;2985,000;1,000;MESURE
2025-12-19 03:00:00+01:00;2987,000;1,000;MESURE
2025-12-19 04:00:00+01:00;2992,000;1,000;MESURE
2025-12-19 05:00:00+01:00;5272,000;1,000;MESURE
2025-12-19 06:00:00+01:00;5483,000;1,000;MESURE
2025-12-19 07:00:00+01:00;5182,000;1,000;MESURE
2025-12-19 08:00:00+01:00;127,000;1,000;MESURE
2025-12-19 09:00:00+01:00;125,000;1,000;MESURE
2025-12-19 10:00:00+01:00;125,000;1,000;MESURE
2025-12-19 11:00:00+01:00;124,000;1,000;MESURE
2025-12-19 12:00:00+01:00;124,000;1,000;MESURE
2025-12-19 13:00:00+01:00;124,000;1,000;MESURE
2025-12-19 14:00:00+01:00;125,000;1,000;MESURE
2025-12-19 15:00:00+01:00;124,000;1,000;MESURE
2025-12-19 16:00:00+01:00;127,000;1,000;MESURE
2025-12-19 17:00:00+01:00;4698,000;1,000;MESURE
2025-12-19 18:00:00+01:00;5643,000;1,000;MESURE
2025-12-19 19:00:00+01:00;5636,000;1,000;MESURE
2025-12-19 20:00:00+01:00;5493,000;1,000;MESURE
2025-12-19 21:00:00+01:00;5469,000;1,000;MESURE
2025-12-19 22:00:00+01:00;3628,000;1,000;MESURE
2025-12-19 23:00:00+01:00;3148,000;1,000;MESURE
2025-12-20 00:00:00+01:00;2975,000;1,000;MESURE
2025-12-20 01:00:00+01:00;2982,000;1,000;MESURE
2025-12-20 02:00:00+01:00;2980,000;1,000;MESURE
2025-12-20 03:00:00+01:00;2989,000;1,000;MESURE
2025-12-20 04:00:00+01:00;2990,000;1,000;MESURE
2025-12-20 05:00:00+01:00;5267,000;1,000;MESURE
2025-12-20 06:00:00+01:00;5475,000;1,000;MESURE
2025-12-20 07:00:00+01:00;5291,000;1,000;MESURE
2025-12-20 08:00:00+01:00;128,000;1,000;MESURE
2025-12-20 09:00:00+01:00;125,000;1,000;MESURE
2025-12-20 10:00:00+01:00;125,000;1,000;MESURE
2025-12-20 11:00:00+01:00;125,000;1,000;MESURE
2025-12-20 12:00:00+01:00;124,000;1,000;MESURE
2025-12-20 13:00:00+01:00;124,000;1,000;MESURE
2025-12-20 14:00:00+01:00;125,000;1,000;MESURE
2025-12-20 15:00:00+01:00;126,000;1,000;MESURE
2025-12-20 16:00:00+01:00;126,000;1,000;MESURE
2025-12-20 17:00:00+01:00;4601,000;1,000;MESURE
2025-12-20 18:00:00+01:00;5610,000;1,000;MESURE
2025-12-20 19:00:00+01:00;5598,000;1,000;MESURE
2025-12-20 20:00:00+01:00;5490,000;1,000;MESURE
2025-12-20 21:00:00+01:00;5474,000;1,000;MESURE
2025-12-20 22:00:00+01:00;3631,000;1,000;MESURE
2025-12-20 23:00:00+01:00;3154,000;1,000;MESURE
2025-12-21 00:00:00+01:00;2971,000;1,000;MESURE
2025-12-21 01:00:00+01:00;2976,000;1,000;MESURE
2025-12-21 02:00:00+01:00;2972,000;1,000;MESURE
2025-12-21 03:00:00+01:00;2976,000;1,000;MESURE
2025-12-21 04:00:00+01:00;2978,000;1,000;MESURE
2025-12-21 05:00:00+01:00;5250,000;1,000;MESURE
2025-12-21 06:00:00+01:00;5482,000;1,000;MESURE
2025-12-21 07:00:00+01:00;5291,000;1,000;MESURE
2025-12-21 08:00:00+01:00;129,000;1,000;MESURE
2025-12-21 09:00:00+01:00;125,000;1,000;MESURE
2025-12-21 10:00:00+01:00;125,000;1,000;MESURE
2025-12-21 11:00:00+01:00;124,000;1,000;MESURE
2025-12-21 12:00:00+01:00;124,000;1,000;MESURE
2025-12-21 13:00:00+01:00;124,000;1,000;MESURE
2025-12-21 14:00:00+01:00;125,000;1,000;MESURE
2025-12-21 15:00:00+01:00;124,000;1,000;MESURE
2025-12-21 16:00:00+01:00;126,000;1,000;MESURE
2025-12-21 17:00:00+01:00;4599,000;1,000;MESURE
2025-12-21 18:00:00+01:00;5629,000;1,000;MESURE
2025-12-21 19:00:00+01:00;5622,000;1,000;MESURE
2025-12-21 20:00:00+01:00;5448,000;1,000;MESURE
2025-12-21 21:00:00+01:00;5436,000;1,000;MESURE
2025-12-21 22:00:00+01:00;3626,000;1,000;MESURE
2025-12-21 23:00:00+01:00;3150,000;1,000;MESURE
2025-12-22 00:00:00+01:00;2973,000;1,000;MESURE
2025-12-22 01:00:00+01:00;2976,000;1,000;MESURE
2025-12-22 02:00:00+01:00;2974,000;1,000;MESURE
2025-12-22 03:00:00+01:00;2977,000;1,000;MESURE
2025-12-22 04:00:00+01:00;2983,000;1,000;MESURE
2025-12-22 05:00:00+01:00;5255,000;1,000;MESURE
2025-12-22 06:00:00+01:00;5480,000;1,000;MESURE
2025-12-22 07:00:00+01:00;5370,000;1,000;MESURE
2025-12-22 08:00:00+01:00;128,000;1,000;MESURE
2025-12-22 09:00:00+01:00;125,000;1,000;MESURE
2025-12-22 10:00:00+01:00;125,000;1,000;MESURE
2025-12-22 11:00:00+01:00;126,000;1,000;MESURE
2025-12-22 12:00:00+01:00;124,000;1,000;MESURE
2025-12-22 13:00:00+01:00;126,000;1,000;MESURE
2025-12-22 14:00:00+01:00;124,000;1,000;MESURE
2025-12-22 15:00:00+01:00;124,000;1,000;MESURE
2025-12-22 16:00:00+01:00;126,000;1,000;MESURE
2025-12-22 17:00:00+01:00;4535,000;1,000;MESURE
2025-12-22 18:00:00+01:00;5683,000;1,000;MESURE
2025-12-22 19:00:00+01:00;5636,000;1,000;MESURE
2025-12-22 20:00:00+01:00;5453,000;1,000;MESURE
2025-12-22 21:00:00+01:00;5437,000;1,000;MESURE
2025-12-22 22:00:00+01:00;3630,000;1,000;MESURE
2025-12-22 23:00:00+01:00;3152,000;1,000;MESURE
2025-12-23 00:00:00+01:00;2974,000;1,000;MESURE
2025-12-23 01:00:00+01:00;2981,000;1,000;MESURE
2025-12-23 02:00:00+01:00;2981,000;1,000;MESURE
2025-12-23 03:00:00+01:00;2978,000;1,000;MESURE
2025-12-23 04:00:00+01:00;2985,000;1,000;MESURE
2025-12-23 05:00:00+01:00;5263,000;1,000;MESURE
2025-12-23 06:00:00+01:00;5487,000;1,000;MESURE
2025-12-23 07:00:00+01:00;5374,000;1,000;MESURE
2025-12-23 08:00:00+01:00;128,000;1,000;MESURE
2025-12-23 09:00:00+01:00;125,000;1,000;MESURE
2025-12-23 10:00:00+01:00;125,000;1,000;MESURE
2025-12-23 11:00:00+01:00;124,000;1,000;MESURE
2025-12-23 12:00:00+01:00;125,000;1,000;MESURE
2025-12-23 13:00:00+01:00;126,000;1,000;MESURE
2025-12-23 14:00:00+01:00;125,000;1,000;MESURE
2025-12-23 15:00:00+01:00;125,000;1,000;MESURE
2025-12-23 16:00:00+01:00;126,000;1,000;MESURE
2025-12-23 17:00:00+01:00;4522,000;1,000;MESURE
2025-12-23 18:00:00+01:00;5663,000;1,000;MESURE
2025-12-23 19:00:00+01:00;5654,000;1,000;MESURE
2025-12-23 20:00:00+01:00;5511,000;1,000;MESURE
2025-12-23 21:00:00+01:00;5493,000;1,000;MESURE
2025-12-23 22:00:00+01:00;3638,000;1,000;MESURE
2025-12-23 23:00:00+01:00;3158,000;1,000;MESURE
2025-12-24 00:00:00+01:00;2976,000;1,000;MESURE
2025-12-24 01:00:00+01:00;2980,000;1,000;MESURE
2025-12-24 02:00:00+01:00;3003,000;1,000;MESURE
2025-12-24 03:00:00+01:00;2981,000;1,000;MESURE
2025-12-24 04:00:00+01:00;2983,000;1,000;MESURE
2025-12-24 05:00:00+01:00;5304,000;1,000;MESURE
2025-12-24 06:00:00+01:00;5503,000;1,000;MESURE
2025-12-24 07:00:00+01:00;5492,000;1,000;MESURE
2025-12-24 08:00:00+01:00;132,000;1,000;MESURE
2025-12-24 09:00:00+01:00;130,000;1,000;MESURE
2025-12-24 10:00:00+01:00;128,000;1,000;MESURE
2025-12-24 11:00:00+01:00;128,000;1,000;MESURE
2025-12-24 12:00:00+01:00;129,000;1,000;MESURE
2025-12-24 13:00:00+01:00;128,000;1,000;MESURE
2025-12-24 14:00:00+01:00;129,000;1,000;MESURE
2025-12-24 15:00:00+01:00;128,000;1,000;MESURE
2025-12-24 16:00:00+01:00;131,000;1,000;MESURE
2025-12-24 17:00:00+01:00;4427,000;1,000;MESURE
2025-12-24 18:00:00+01:00;5670,000;1,000;MESURE
2025-12-24 19:00:00+01:00;5670,000;1,000;MESURE
2025-12-24 20:00:00+01:00;5534,000;1,000;MESURE
2025-12-24 21:00:00+01:00;5512,000;1,000;MESURE
2025-12-24 22:00:00+01:00;3647,000;1,000;MESURE
2025-12-24 23:00:00+01:00;3166,000;1,000;MESURE
2025-12-25 00:00:00+01:00;2991,000;1,000;MESURE
2025-12-25 01:00:00+01:00;2992,000;1,000;MESURE
2025-12-25 02:00:00+01:00;2985,000;1,000;MESURE
2025-12-25 03:00:00+01:00;2988,000;1,000;MESURE
2025-12-25 04:00:00+01:00;2986,000;1,000;MESURE
2025-12-25 05:00:00+01:00;5272,000;1,000;MESURE
2025-12-25 06:00:00+01:00;5500,000;1,000;MESURE
2025-12-25 07:00:00+01:00;5503,000;1,000;MESURE
2025-12-25 08:00:00+01:00;131,000;1,000;MESURE
2025-12-25 09:00:00+01:00;129,000;1,000;MESURE
2025-12-25 10:00:00+01:00;128,000;1,000;MESURE
2025-12-25 11:00:00+01:00;127,000;1,000;MESURE
2025-12-25 12:00:00+01:00;128,000;1,000;MESURE
2025-12-25 13:00:00+01:00;127,000;1,000;MESURE
2025-12-25 14:00:00+01:00;128,000;1,000;MESURE
2025-12-25 15:00:00+01:00;128,000;1,000;MESURE
2025-12-25 16:00:00+01:00;130,000;1,000;MESURE
2025-12-25 17:00:00+01:00;4341,000;1,000;MESURE
2025-12-25 18:00:00+01:00;5670,000;1,000;MESURE
2025-12-25 19:00:00+01:00;5655,000;1,000;MESURE
2025-12-25 20:00:00+01:00;5534,000;1,000;MESURE
2025-12-25 21:00:00+01:00;5485,000;1,000;MESURE
2025-12-25 22:00:00+01:00;3648,000;1,000;MESURE
2025-12-25 23:00:00+01:00;3172,000;1,000;MESURE
2025-12-26 00:00:00+01:00;2985,000;1,000;MESURE
2025-12-26 01:00:00+01:00;2990,000;1,000;MESURE
2025-12-26 02:00:00+01:00;2984,000;1,000;MESURE
2025-12-26 03:00:00+01:00;2992,000;1,000;MESURE
2025-12-26 04:00:00+01:00;2993,000;1,000;MESURE
2025-12-26 05:00:00+01:00;5270,000;1,000;MESURE
2025-12-26 06:00:00+01:00;5498,000;1,000;MESURE
2025-12-26 07:00:00+01:00;5486,000;1,000;MESURE
2025-12-26 08:00:00+01:00;131,000;1,000;MESURE
2025-12-26 09:00:00+01:00;128,000;1,000;MESURE
2025-12-26 10:00:00+01:00;128,000;1,000;MESURE
2025-12-26 11:00:00+01:00;128,000;1,000;MESURE
2025-12-26 12:00:00+01:00;129,000;1,000;MESURE
2025-12-26 13:00:00+01:00;128,000;1,000;MESURE
2025-12-26 14:00:00+01:00;128,000;1,000;MESURE
2025-12-26 15:00:00+01:00;128,000;1,000;MESURE
2025-12-26 16:00:00+01:00;129,000;1,000;MESURE
2025-12-26 17:00:00+01:00;4358,000;1,000;MESURE
2025-12-26 18:00:00+01:00;5663,000;1,000;MESURE
2025-12-26 19:00:00+01:00;5652,000;1,000;MESURE
2025-12-26 20:00:00+01:00;5474,000;1,000;MESURE
2025-12-26 21:00:00+01:00;5465,000;1,000;MESURE
2025-12-26 22:00:00+01:00;3661,000;1,000;MESURE
2025-12-26 23:00:00+01:00;3189,000;1,000;MESURE
2025-12-27 00:00:00+01:00;2995,000;1,000;MESURE
2025-12-27 01:00:00+01:00;2990,000;1,000;MESURE
2025-12-27 02:00:00+01:00;2985,000;1,000;MESURE
2025-12-27 03:00:00+01:00;2989,000;1,000;MESURE
2025-12-27 04:00:00+01:00;2985,000;1,000;MESURE
2025-12-27 05:00:00+01:00;5275,000;1,000;MESURE
2025-12-27 06:00:00+01:00;5504,000;1,000;MESURE
2025-12-27 07:00:00+01:00;5582,000;1,000;MESURE
2025-12-27 08:00:00+01:00;131,000;1,000;MESURE
2025-12-27 09:00:00+01:00;128,000;1,000;MESURE
2025-12-27 10:00:00+01:00;128,000;1,000;MESURE
2025-12-27 11:00:00+01:00;128,000;1,000;MESURE
2025-12-27 12:00:00+01:00;128,000;1,000;MESURE
2025-12-27 13:00:00+01:00;129,000;1,000;MESURE
2025-12-27 14:00:00+01:00;128,000;1,000;MESURE
2025-12-27 15:00:00+01:00;128,000;1,000;MESURE
2025-12-27 16:00:00+01:00;128,000;1,000;MESURE
2025-12-27 17:00:00+01:00;4268,000;1,000;MESURE
2025-12-27 18:00:00+01:00;5667,000;1,000;MESURE
2025-12-27 19:00:00+01:00;5653,000;1,000;MESURE
2025-12-27 20:00:00+01:00;5504,000;1,000;MESURE
2025-12-27 21:00:00+01:00;5498,000;1,000;MESURE
2025-12-27 22:00:00+01:00;3651,000;1,000;MESURE
2025-12-27 23:00:00+01:00;3167,000;1,000;MESURE
2025-12-28 00:00:00+01:00;2992,000;1,000;MESURE
2025-12-28 01:00:00+01:00;2995,000;1,000;MESURE
2025-12-28 02:00:00+01:00;2980,000;1,000;MESURE
2025-12-28 03:00:00+01:00;2984,000;1,000;MESURE
2025-12-28 04:00:00+01:00;2990,000;1,000;MESURE
2025-12-28 05:00:00+01:00;5274,000;1,000;MESURE
2025-12-28 06:00:00+01:00;5509,000;1,000;MESURE
2025-12-28 07:00:00+01:00;5590,000;1,000;MESURE
2025-12-28 08:00:00+01:00;133,000;1,000;MESURE
2025-12-28 09:00:00+01:00;130,000;1,000;MESURE
2025-12-28 10:00:00+01:00;128,000;1,000;MESURE
2025-12-28 11:00:00+01:00;128,000;1,000;MESURE
2025-12-28 12:00:00+01:00;128,000;1,000;MESURE
2025-12-28 13:00:00+01:00;128,000;1,000;MESURE
2025-12-28 14:00:00+01:00;128,000;1,000;MESURE
2025-12-28 15:00:00+01:00;129,000;1,000;MESURE
2025-12-28 16:00:00+01:00;130,000;1,000;MESURE
2025-12-28 17:00:00+01:00;4194,000;1,000;MESURE
2025-12-28 18:00:00+01:00;5665,000;1,000;MESURE
2025-12-28 19:00:00+01:00;5649,000;1,000;MESURE
2025-12-28 20:00:00+01:00;5507,000;1,000;MESURE
2025-12-28 21:00:00+01:00;5499,000;1,000;MESURE
2025-12-28 22:00:00+01:00;3643,000;1,000;MESURE
2025-12-28 23:00:00+01:00;3174,000;1,000;MESURE
2025-12-29 00:00:00+01:00;2996,000;1,000;MESURE
2025-12-29 01:00:00+01:00;2998,000;1,000;MESURE
2025-12-29 02:00:00+01:00;2995,000;1,000;MESURE
2025-12-29 03:00:00+01:00;2999,000;1,000;MESURE
2025-12-29 04:00:00+01:00;2996,000;1,000;MESURE
2025-12-29 05:00:00+01:00;5278,000;1,000;MESURE
2025-12-29 06:00:00+01:00;5490,000;1,000;MESURE
2025-12-29 07:00:00+01:00;5603,000;1,000;MESURE
2025-12-29 08:00:00+01:00;130,000;1,000;MESURE
2025-12-29 09:00:00+01:00;128,000;1,000;MESURE
2025-12-29 10:00:00+01:00;128,000;1,000;MESURE
2025-12-29 11:00:00+01:00;127,000;1,000;MESURE
2025-12-29 12:00:00+01:00;127,000;1,000;MESURE
2025-12-29 13:00:00+01:00;127,000;1,000;MESURE
2025-12-29 14:00:00+01:00;128,000;1,000;MESURE
2025-12-29 15:00:00+01:00;127,000;1,000;MESURE
2025-12-29 16:00:00+01:00;128,000;1,000;MESURE
2025-12-29 17:00:00+01:00;4078,000;1,000;MESURE
2025-12-29 18:00:00+01:00;5669,000;1,000;MESURE
2025-12-29 19:00:00+01:00;5666,000;1,000;MESURE
2025-12-29 20:00:00+01:00;5523,000;1,000;MESURE
2025-12-29 21:00:00+01:00;5477,000;1,000;MESURE
2025-12-29 22:00:00+01:00;3628,000;1,000;MESURE
2025-12-29 23:00:00+01:00;3158,000;1,000;MESURE
2025-12-30 00:00:00+01:00;2987,000;1,000;MESURE
2025-12-30 01:00:00+01:00;2987,000;1,000;MESURE
2025-12-30 02:00:00+01:00;2980,000;1,000;MESURE
2025-12-30 03:00:00+01:00;2976,000;1,000;MESURE
2025-12-30 04:00:00+01:00;2987,000;1,000;MESURE
2025-12-30 05:00:00+01:00;5269,000;1,000;MESURE
2025-12-30 06:00:00+01:00;5500,000;1,000;MESURE
2025-12-30 07:00:00+01:00;5607,000;1,000;MESURE
2025-12-30 08:00:00+01:00;131,000;1,000;MESURE
2025-12-30 09:00:00+01:00;128,000;1,000;MESURE
2025-12-30 10:00:00+01:00;128,000;1,000;MESURE
2025-12-30 11:00:00+01:00;128,000;1,000;MESURE
2025-12-30 12:00:00+01:00;129,000;1,000;MESURE
2025-12-30 13:00:00+01:00;129,000;1,000;MESURE
2025-12-30 14:00:00+01:00;128,000;1,000;MESURE
2025-12-30 15:00:00+01:00;128,000;1,000;MESURE
2025-12-30 16:00:00+01:00;128,000;1,000;MESURE
2025-12-30 17:00:00+01:00;4115,000;1,000;MESURE
2025-12-30 18:00:00+01:00;5712,000;1,000;MESURE
2025-12-30 19:00:00+01:00;5697,000;1,000;MESURE
2025-12-30 20:00:00+01:00;5547,000;1,000;MESURE
2025-12-30 21:00:00+01:00;5508,000;1,000;MESURE
2025-12-30 22:00:00+01:00;3638,000;1,000;MESURE
2025-12-30 23:00:00+01:00;3178,000;1,000;MESURE
2025-12-31 00:00:00+01:00;2996,000;1,000;MESURE
2025-12-31 01:00:00+01:00;3003,000;1,000;MESURE
2025-12-31 02:00:00+01:00;2999,000;1,000;MESURE
2025-12-31 03:00:00+01:00;3003,000;1,000;MESURE
2025-12-31 04:00:00+01:00;3001,000;1,000;MESURE
2025-12-31 05:00:00+01:00;5296,000;1,000;MESURE
2025-12-31 06:00:00+01:00;5521,000;1,000;MESURE
2025-12-31 07:00:00+01:00;5595,000;1,000;MESURE
2025-12-31 08:00:00+01:00;129,000;1,000;MESURE
2025-12-31 09:00:00+01:00;128,000;1,000;MESURE
2025-12-31 10:00:00+01:00;127,000;1,000;MESURE
2025-12-31 11:00:00+01:00;127,000;1,000;MESURE
2025-12-31 12:00:00+01:00;128,000;1,000;MESURE
2025-12-31 13:00:00+01:00;127,000;1,000;MESURE
2025-12-31 14:00:00+01:00;128,000;1,000;MESURE
2025-12-31 15:00:00+01:00;128,000;1,000;MESURE
2025-12-31 16:00:00+01:00;128,000;1,000;MESURE
2025-12-31 17:00:00+01:00;4011,000;1,000;MESURE
2025-12-31 18:00:00+01:00;5670,000;1,000;MESURE
2025-12-31 19:00:00+01:00;5661,000;1,000;MESURE
2025-12-31 20:00:00+01:00;5530,000;1,000;MESURE
2025-12-31 21:00:00+01:00;5511,000;1,000;MESURE
2025-12-31 22:00:00+01:00;3647,000;1,000;MESURE
2025-12-31 23:00:00+01:00;3169,000;1,000;MESURE
